MatchDate;LeagueId;Home;Away;Score;Band;Round;PredictionDate;HomeSourceLeagueId;AwaySourceLeagueId;CompetitionGroup;Reason;RankingGapScore;HomeAttackScore;AwayAttackScore;HomeDefenseWeaknessScore;AwayDefenseWeaknessScore;HomeLast10OverScore;AwayLast10OverScore;HomeVenueOverScore;AwayVenueOverScore;BTTSProfileScore;AlgorithmVersion
2026-10-03;CzechRepublic_4Liga_GroupB;Hvezda Cheb;Steti;101.84;ALTA;10;2026-10-03;CzechRepublic_4Liga_GroupB;CzechRepublic_4Liga_GroupB;CzechRepublic_4Liga;PRO: attacco casa positivo | attacco trasferta positivo | difesa trasferta vulnerabile | difesa casa vulnerabile | trend over recente casa | trend over recente trasferta | profilo over interno positivo | profilo over esterno positivo | alta tendenza BTTS || CONTRO: v22 monitora possibile sopravvalutazione weak_ga;6.0;10.34;13.0;8.0;10.0;12.0;12.0;10.0;10.0;10.5;2.6.def1
2026-10-03;Norway_3rdDivision_Group1;Frigg;Gamle Oslo;94.76;ALTA;27;2026-10-03;Norway_3rdDivision_Group1;Norway_3rdDivision_Group1;;PRO: attacco casa positivo | attacco trasferta positivo | difesa trasferta vulnerabile | difesa casa vulnerabile | trend over recente casa | trend over recente trasferta | profilo over interno positivo | profilo over esterno positivo | alta tendenza BTTS || CONTRO: v22 monitora possibile sopravvalutazione weak_ga;1.85;13.0;13.0;8.0;8.88;9.6;12.0;8.18;9.09;11.15;2.6.def1
2026-10-03;CzechRepublic_4Liga_GroupC;Kosmonosy;Slavia HK;93.3;ALTA;10;2026-10-03;CzechRepublic_4Liga_GroupC;CzechRepublic_4Liga_GroupC;CzechRepublic_4Liga;PRO: attacco casa positivo | attacco trasferta positivo | difesa trasferta vulnerabile | difesa casa vulnerabile | trend over recente casa | trend over recente trasferta | profilo over interno positivo | profilo over esterno positivo | alta tendenza BTTS || CONTRO: v22 monitora possibile sopravvalutazione weak_ga;6.0;13.0;10.34;5.45;10.0;10.5;9.0;10.0;10.0;9.0;2.6.def1
2026-10-03;Poland_IIILiga_Group1;Warta Sieradz;Mazovia Minsk Mazowiecki;92.11;ALTA;11;2026-10-03;Poland_IIILiga_Group1;Poland_IIILiga_Group1;;PRO: attacco casa positivo | attacco trasferta positivo | difesa trasferta vulnerabile | difesa casa vulnerabile | trend over recente casa | trend over recente trasferta | profilo over interno positivo | profilo over esterno positivo | alta tendenza BTTS || CONTRO: v22 monitora possibile sopravvalutazione weak_ga;3.23;11.16;13.0;6.06;7.73;10.67;10.8;10.0;10.0;9.47;2.6.def1
2026-10-03;Norway_3rdDivision_Group5;Floeya;Bossekop;92.09;ALTA;25;2026-10-03;Norway_3rdDivision_Group5;Norway_3rdDivision_Group5;;PRO: attacco casa positivo | attacco trasferta positivo | difesa trasferta vulnerabile | difesa casa vulnerabile | trend over recente casa | trend over recente trasferta | profilo over interno positivo | profilo over esterno positivo | alta tendenza BTTS || CONTRO: v22 monitora possibile sopravvalutazione weak_ga;4.62;13.0;9.57;6.12;10.0;12.0;9.6;9.0;9.0;9.19;2.6.def1
2026-10-03;Austria_Karnten;Launsdorf;Seeboden;92.06;ALTA;12;2026-10-03;Austria_Karnten;Austria_Karnten;;PRO: attacco casa positivo | attacco trasferta positivo | difesa trasferta vulnerabile | difesa casa vulnerabile | trend over recente casa | trend over recente trasferta | profilo over interno positivo | profilo over esterno positivo | alta tendenza BTTS || CONTRO: v22 monitora possibile sopravvalutazione weak_ga;1.38;12.56;13.0;5.45;10.0;10.5;10.67;8.0;10.0;10.5;2.6.def1
2026-10-03;CzechRepublic_4Liga_GroupA;Sobeslav;Doubravka;92.06;ALTA;9;2026-10-03;CzechRepublic_4Liga_GroupA;CzechRepublic_4Liga_GroupA;CzechRepublic_4Liga;PRO: attacco casa positivo | attacco trasferta positivo | difesa trasferta vulnerabile | difesa casa vulnerabile | trend over recente casa | trend over recente trasferta | profilo over interno positivo | profilo over esterno positivo | alta tendenza BTTS || CONTRO: v22 monitora possibile sopravvalutazione weak_ga;6.0;13.0;9.6;8.0;7.95;12.0;9.0;10.0;7.5;9.0;2.6.def1
2026-10-03;CzechRepublic_4Liga_GroupF;Valasske Mezirici;Opava B;91.75;ALTA;9;2026-10-03;CzechRepublic_4Liga_GroupF;CzechRepublic_4Liga_GroupF;CzechRepublic_4Liga;PRO: attacco casa positivo | attacco trasferta positivo | difesa trasferta vulnerabile | difesa casa vulnerabile | trend over recente casa | trend over recente trasferta | profilo over interno positivo | profilo over esterno positivo | alta tendenza BTTS || CONTRO: v22 monitora possibile sopravvalutazione weak_ga;6.0;13.0;13.0;7.73;8.52;9.0;10.5;7.5;7.5;9.0;2.6.def1
2026-10-03;Finland_Kolmonen_Western_Group2;FC Haka j.;FC LeKi;91.57;PROX-ALTA;25;2026-10-03;Finland_Kolmonen_Western_Group2;Finland_Kolmonen_Western_Group2;;PRO: attacco casa positivo | attacco trasferta positivo | difesa trasferta vulnerabile | difesa casa vulnerabile | trend over recente casa | trend over recente trasferta | profilo over interno positivo | profilo over esterno positivo | alta tendenza BTTS || CONTRO: v22 monitora possibile sopravvalutazione weak_ga;1.09;12.66;13.0;8.0;9.32;12.0;8.4;10.0;8.0;9.1;2.6.def1
2026-10-03;Estonia_EsiliigaB;Tulevik;Tallinna Kalev U21;90.91;ALTA;32;2026-10-03;Estonia_EsiliigaB;Estonia_EsiliigaB;;PRO: attacco casa positivo | attacco trasferta positivo | difesa trasferta vulnerabile | difesa casa vulnerabile | trend over recente casa | trend over recente trasferta | profilo over interno positivo | profilo over esterno positivo | alta tendenza BTTS || CONTRO: v22 monitora possibile sopravvalutazione weak_ga;1.33;13.0;12.23;7.4;10.0;10.8;9.6;8.0;8.67;9.88;2.6.def1
2026-10-03;Germany_Oberliga_SchleswigHolstein;Eckernforder SV;Kilia Kiel;90.38;ALTA;12;2026-10-03;Germany_Oberliga_SchleswigHolstein;Germany_Oberliga_SchleswigHolstein;;PRO: attacco casa positivo | attacco trasferta positivo | difesa trasferta vulnerabile | difesa casa vulnerabile | trend over recente casa | trend over recente trasferta | profilo over interno positivo | profilo over esterno positivo | alta tendenza BTTS || CONTRO: v22 monitora possibile sopravvalutazione weak_ga;3.6;10.64;13.0;8.0;7.27;12.0;9.6;10.0;6.67;9.6;2.6.def1
2026-10-03;Germany_Oberliga_RheinlandPfalzSaar;Worms;Mechtersheim;89.82;ALTA;14;2026-10-03;Germany_Oberliga_RheinlandPfalzSaar;Germany_Oberliga_RheinlandPfalzSaar;;PRO: attacco casa positivo | attacco trasferta positivo | difesa trasferta vulnerabile | difesa casa vulnerabile | trend over recente casa | trend over recente trasferta | profilo over interno positivo | profilo over esterno positivo | alta tendenza BTTS || CONTRO: v22 monitora possibile sopravvalutazione weak_ga;2.82;13.0;13.0;7.27;7.73;10.8;9.6;10.0;6.0;9.6;2.6.def1
2026-10-03;Norway_3rdDivision_Group1;Nordstrand;Vaalerenga IF 2;89.8;ALTA;27;2026-10-03;Norway_3rdDivision_Group1;Norway_3rdDivision_Group1;;PRO: attacco casa positivo | attacco trasferta positivo | difesa trasferta vulnerabile | difesa casa vulnerabile | trend over recente casa | trend over recente trasferta | profilo over interno positivo | profilo over esterno positivo | alta tendenza BTTS || CONTRO: v22 monitora possibile sopravvalutazione weak_ga;2.31;10.74;13.0;8.0;10.0;8.4;10.8;8.18;9.09;9.27;2.6.def1
2026-10-03;Norway_3rdDivision_Group1;K. Oslo 2;Ullern;89.13;PROX-ALTA;27;2026-10-03;Norway_3rdDivision_Group1;Norway_3rdDivision_Group1;;PRO: attacco casa positivo | attacco trasferta positivo | difesa trasferta vulnerabile | difesa casa vulnerabile | trend over recente casa | trend over recente trasferta | profilo over interno positivo | profilo over esterno positivo | alta tendenza BTTS || CONTRO: v22 monitora possibile sopravvalutazione weak_ga;0.92;11.26;11.28;8.0;10.0;8.4;12.0;9.0;9.09;9.18;2.6.def1
2026-10-03;Germany_Oberliga_SchleswigHolstein;Kiel 2;Hohenwestedt;89.09;ALTA;12;2026-10-03;Germany_Oberliga_SchleswigHolstein;Germany_Oberliga_SchleswigHolstein;;PRO: attacco casa positivo | attacco trasferta positivo | difesa trasferta vulnerabile | difesa casa vulnerabile | trend over recente casa | trend over recente trasferta | profilo over interno positivo | alta tendenza BTTS || CONTRO: v22 monitora possibile sopravvalutazione weak_ga | profilo over esterno debole;5.6;13.0;10.64;5.45;10.0;10.8;8.4;10.0;5.0;10.2;2.6.def1
2026-10-03;Finland_Kolmonen_Eastern_Group3;PeKa;KoPa;89.04;ALTA;26;2026-10-03;Finland_Kolmonen_Eastern_Group3;Finland_Kolmonen_Eastern_Group3;;PRO: attacco casa positivo | attacco trasferta positivo | difesa trasferta vulnerabile | difesa casa vulnerabile | trend over recente casa | trend over recente trasferta | profilo over interno positivo | profilo over esterno positivo | alta tendenza BTTS || CONTRO: v22 monitora possibile sopravvalutazione weak_ga;3.82;13.0;8.71;6.18;10.0;10.8;10.8;10.0;7.78;7.96;2.6.def1
2026-10-03;Germany_Oberliga_SchleswigHolstein;Kaltenkirchen;VfR Neumunster;88.76;ALTA;12;2026-10-03;Germany_Oberliga_SchleswigHolstein;Germany_Oberliga_SchleswigHolstein;;PRO: attacco casa positivo | attacco trasferta positivo | difesa casa vulnerabile | trend over recente casa | trend over recente trasferta | profilo over interno positivo | profilo over esterno positivo | alta tendenza BTTS || CONTRO: nessun contro rilevante;4.8;8.86;13.0;8.0;6.36;9.6;10.8;8.33;10.0;9.0;2.6.def1
2026-10-03;Finland_Kolmonen_Eastern_Group3;MiPK;Kultsu;88.55;PROX-ALTA;26;2026-10-03;Finland_Kolmonen_Eastern_Group3;Finland_Kolmonen_Eastern_Group3;;PRO: attacco casa positivo | attacco trasferta positivo | difesa trasferta vulnerabile | difesa casa vulnerabile | trend over recente casa | trend over recente trasferta | profilo over interno positivo | profilo over esterno positivo | alta tendenza BTTS || CONTRO: v22 monitora possibile sopravvalutazione weak_ga;1.64;13.0;13.0;5.27;6.93;10.8;12.0;9.0;9.0;7.91;2.6.def1
2026-10-03;Norway_3rdDivision_Group3;Brann 2;Varegg;88.42;ALTA;24;2026-10-03;Norway_3rdDivision_Group3;Norway_3rdDivision_Group3;;PRO: attacco casa positivo | attacco trasferta positivo | difesa trasferta vulnerabile | difesa casa vulnerabile | trend over recente casa | trend over recente trasferta | profilo over interno positivo | profilo over esterno positivo | alta tendenza BTTS || CONTRO: v22 monitora possibile sopravvalutazione weak_ga;3.23;13.0;9.29;6.93;9.09;10.8;10.8;8.0;9.0;8.29;2.6.def1
2026-10-03;Norway_3rdDivision_Group6;Drobak-Frogn;Sarpsborg 08 2;88.31;PROX-ALTA;23;2026-10-03;Norway_3rdDivision_Group6;Norway_3rdDivision_Group6;;PRO: attacco casa positivo | attacco trasferta positivo | difesa trasferta vulnerabile | trend over recente casa | trend over recente trasferta | profilo over interno positivo | profilo over esterno positivo | alta tendenza BTTS || CONTRO: v22 monitora possibile sopravvalutazione weak_ga;2.31;12.94;13.0;5.19;10.0;9.6;10.8;8.0;8.18;8.29;2.6.def1
2026-10-03;Germany_Regionalliga_Nord;Emden;Todesfelde;88.15;ALTA;13;2026-10-03;Germany_Regionalliga_Nord;Germany_Regionalliga_Nord;;PRO: attacco casa positivo | attacco trasferta positivo | difesa trasferta vulnerabile | difesa casa vulnerabile | trend over recente casa | trend over recente trasferta | profilo over interno positivo | profilo over esterno positivo | alta tendenza BTTS || CONTRO: v22 monitora possibile sopravvalutazione weak_ga;3.88;13.0;10.21;8.0;10.0;9.6;8.4;8.0;8.33;8.73;2.6.def1
2026-10-03;Norway_3rdDivision_Group3;Stord;V. Haugesund;88.14;ALTA;24;2026-10-03;Norway_3rdDivision_Group3;Norway_3rdDivision_Group3;;PRO: attacco casa positivo | attacco trasferta positivo | difesa trasferta vulnerabile | difesa casa vulnerabile | trend over recente casa | trend over recente trasferta | profilo over interno positivo | profilo over esterno positivo | alta tendenza BTTS || CONTRO: v22 monitora possibile sopravvalutazione weak_ga;2.31;11.01;13.0;8.0;8.68;9.6;12.0;8.0;6.0;9.55;2.6.def1
2026-10-03;CzechRepublic_4Liga_GroupF;Rymarov;Bohumin;88.14;ALTA;9;2026-10-03;CzechRepublic_4Liga_GroupF;CzechRepublic_4Liga_GroupF;CzechRepublic_4Liga;PRO: attacco casa positivo | attacco trasferta positivo | difesa casa vulnerabile | trend over recente casa | trend over recente trasferta | profilo over interno positivo | profilo over esterno positivo | alta tendenza BTTS || CONTRO: nessun contro rilevante;6.0;13.0;13.0;5.45;5.68;10.5;10.5;7.5;7.5;9.0;2.6.def1
2026-10-03;Wales_CymruPremier;Caernarfon;Barry;88.06;PROX-ALTA;13;2026-10-03;Wales_CymruPremier;Wales_CymruPremier;;PRO: attacco casa positivo | attacco trasferta positivo | difesa trasferta vulnerabile | difesa casa vulnerabile | trend over recente casa | trend over recente trasferta | profilo over interno positivo | profilo over esterno positivo | alta tendenza BTTS || CONTRO: v22 monitora possibile sopravvalutazione weak_ga;0.92;13.0;13.0;6.94;8.26;9.6;9.6;10.0;8.0;8.73;2.6.def1
2026-10-03;Norway_3rdDivision_Group1;Grei;Asker;88.06;ALTA;27;2026-10-03;Norway_3rdDivision_Group1;Norway_3rdDivision_Group1;;PRO: attacco casa positivo | attacco trasferta positivo | difesa casa vulnerabile | trend over recente casa | trend over recente trasferta | profilo over interno positivo | profilo over esterno positivo | alta tendenza BTTS || CONTRO: nessun contro rilevante;6.0;9.94;13.0;8.0;5.68;9.6;9.6;9.0;9.0;8.24;2.6.def1
2026-10-03;Germany_Oberliga_RheinlandPfalzSaar;Auersmacher;Cosmos Koblenz;87.71;ALTA;14;2026-10-03;Germany_Oberliga_RheinlandPfalzSaar;Germany_Oberliga_RheinlandPfalzSaar;;PRO: attacco casa positivo | attacco trasferta positivo | difesa trasferta vulnerabile | difesa casa vulnerabile | trend over recente casa | trend over recente trasferta | profilo over interno positivo | profilo over esterno positivo | alta tendenza BTTS || CONTRO: v22 monitora possibile sopravvalutazione weak_ga;1.41;11.82;10.05;7.64;10.0;9.6;10.8;8.0;10.0;8.4;2.6.def1
2026-10-03;Finland_Kolmonen_Western_Group2;TP-T;ACE;87.51;ALTA;25;2026-10-03;Finland_Kolmonen_Western_Group2;Finland_Kolmonen_Western_Group2;;PRO: attacco casa positivo | attacco trasferta positivo | difesa trasferta vulnerabile | difesa casa vulnerabile | trend over recente casa | trend over recente trasferta | profilo over interno positivo | profilo over esterno positivo | alta tendenza BTTS || CONTRO: v22 monitora possibile sopravvalutazione weak_ga;2.73;13.0;12.1;6.91;10.0;8.4;9.6;8.0;8.0;8.77;2.6.def1
2026-10-03;Austria_Wien;Post Wien;Lac Inter;87.36;ALTA;8;2026-10-03;Austria_Wien;Austria_Wien;;PRO: attacco casa positivo | attacco trasferta positivo | difesa trasferta vulnerabile | trend over recente casa | trend over recente trasferta | profilo over interno positivo | profilo over esterno positivo | alta tendenza BTTS || CONTRO: v22 monitora possibile sopravvalutazione weak_ga;2.0;13.0;13.0;5.09;10.0;7.2;12.0;6.67;10.0;8.4;2.6.def1
2026-10-03;Norway_3rdDivision_Group3;Gneist;Djerv 1919;86.95;ALTA;24;2026-10-03;Norway_3rdDivision_Group3;Norway_3rdDivision_Group3;;PRO: attacco casa positivo | attacco trasferta positivo | difesa casa vulnerabile | trend over recente casa | trend over recente trasferta | profilo over interno positivo | profilo over esterno positivo | alta tendenza BTTS || CONTRO: nessun contro rilevante;4.62;9.4;13.0;8.0;6.49;8.4;12.0;9.09;7.0;8.95;2.6.def1
2026-10-03;Germany_Oberliga_RheinlandPfalzSaar;RW Wittlich;Emmelshausen-Karbach;86.89;ALTA;14;2026-10-03;Germany_Oberliga_RheinlandPfalzSaar;Germany_Oberliga_RheinlandPfalzSaar;;PRO: attacco casa positivo | attacco trasferta positivo | difesa trasferta vulnerabile | difesa casa vulnerabile | trend over recente casa | trend over recente trasferta | profilo over interno positivo | profilo over esterno positivo | alta tendenza BTTS || CONTRO: v22 monitora possibile sopravvalutazione weak_ga;1.41;13.0;10.64;7.68;10.0;10.67;8.4;7.5;10.0;7.6;2.6.def1
2026-10-03;Finland_Kolmonen_North;Haukiputaan Pallo;Hercules-j;85.43;ALTA;23;2026-10-03;Finland_Kolmonen_North;Finland_Kolmonen_North;;PRO: attacco casa positivo | attacco trasferta positivo | difesa trasferta vulnerabile | difesa casa vulnerabile | trend over recente casa | trend over recente trasferta | profilo over interno positivo | profilo over esterno positivo | alta tendenza BTTS || CONTRO: v22 monitora possibile sopravvalutazione weak_ga;2.0;13.0;8.69;5.56;10.0;10.8;9.6;7.5;8.75;9.53;2.6.def1
2026-10-03;Sweden_Division2_Norrland;Umea FF;Friska Viljor;85.36;PROX-ALTA;28;2026-10-03;Sweden_Division2_Norrland;Sweden_Division2_Norrland;;PRO: attacco casa positivo | attacco trasferta positivo | difesa trasferta vulnerabile | difesa casa vulnerabile | trend over recente casa | trend over recente trasferta | profilo over interno positivo | profilo over esterno positivo | alta tendenza BTTS || CONTRO: v22 monitora possibile sopravvalutazione weak_ga;2.0;11.82;11.82;7.64;8.44;9.6;9.6;7.78;7.0;9.67;2.6.def1
2026-10-03;Finland_Kolmonen_Western_Group2;Ylöjärvi Utd.;Fish United;84.94;ALTA;25;2026-10-03;Finland_Kolmonen_Western_Group2;Finland_Kolmonen_Western_Group2;;PRO: attacco casa positivo | difesa trasferta vulnerabile | difesa casa vulnerabile | trend over recente casa | trend over recente trasferta | profilo over interno positivo | profilo over esterno positivo | alta tendenza BTTS || CONTRO: ospite poco prolifico: rischio 1-0 / 2-0 | v22 monitora possibile sopravvalutazione weak_ga;1.09;12.36;8.44;8.0;10.0;9.6;12.0;8.18;8.0;7.27;2.6.def1
2026-10-03;Switzerland_PromotionLeague;Schaffhausen;Young Boys 2;84.29;ALTA;12;2026-10-03;Switzerland_PromotionLeague;Switzerland_PromotionLeague;;PRO: attacco casa positivo | attacco trasferta positivo | difesa trasferta vulnerabile | trend over recente casa | trend over recente trasferta | profilo over interno positivo | profilo over esterno positivo | alta tendenza BTTS || CONTRO: v22 monitora possibile sopravvalutazione weak_ga;5.08;9.85;11.16;4.04;10.0;8.0;10.67;7.5;10.0;8.0;2.6.def1
2026-10-03;Netherlands_EersteDivisie;Waalwijk;FC Emmen;84.22;ALTA;11;2026-10-03;Netherlands_EersteDivisie;Netherlands_EersteDivisie;;PRO: attacco casa positivo | attacco trasferta positivo | difesa trasferta vulnerabile | trend over recente trasferta | profilo over interno positivo | profilo over esterno positivo | alta tendenza BTTS || CONTRO: v22 monitora possibile sopravvalutazione weak_ga | trend over casa non forte;0.32;13.0;13.0;5.0;9.66;6.0;9.0;10.0;10.0;8.25;2.6.def1
2026-10-03;Indonesia_Championship;PSBS Biak Numfor;RANS Nusantara;83.84;IMM-ALTA-6;4;2026-10-03;Indonesia_Championship;Indonesia_Championship;;PRO: attacco trasferta positivo | difesa trasferta vulnerabile | difesa casa vulnerabile | trend over recente casa | trend over recente trasferta | profilo over interno positivo | profilo over esterno positivo || CONTRO: attacco casa non dominante | v22 monitora possibile sopravvalutazione weak_ga | BTTS basso: possibile partita a senso unico;2.84;0.0;13.0;8.0;10.0;12.0;12.0;10.0;10.0;6.0;2.6.def1
2026-10-03;Poland_IIILiga_Group1;T. Mazowiecki;Lidzbark Warminski;83.84;ALTA;11;2026-10-03;Poland_IIILiga_Group1;Poland_IIILiga_Group1;;PRO: attacco casa positivo | difesa trasferta vulnerabile | difesa casa vulnerabile | trend over recente casa | trend over recente trasferta | profilo over interno positivo | profilo over esterno positivo | alta tendenza BTTS || CONTRO: ospite poco prolifico: rischio 1-0 / 2-0 | v22 monitora possibile sopravvalutazione weak_ga;2.77;11.82;8.27;7.64;9.55;9.6;8.4;7.5;7.5;10.8;2.6.def1
2026-10-03;Poland_IIILiga_Group4;Jaroslaw;Naprzod Jedrzejow;83.51;ALTA;11;2026-10-03;Poland_IIILiga_Group4;Poland_IIILiga_Group4;;PRO: attacco casa positivo | attacco trasferta positivo | difesa trasferta vulnerabile | difesa casa vulnerabile | trend over recente casa | trend over recente trasferta | profilo over interno positivo | profilo over esterno positivo | alta tendenza BTTS || CONTRO: v22 monitora possibile sopravvalutazione weak_ga;1.06;13.0;12.47;6.06;8.08;10.67;8.0;8.0;7.5;8.67;2.6.def1
2026-10-03;Germany_Oberliga_SchleswigHolstein;Lubeck 2;PSV Neumunster;83.5;ALTA;12;2026-10-03;Germany_Oberliga_SchleswigHolstein;Germany_Oberliga_SchleswigHolstein;;PRO: attacco trasferta positivo | difesa trasferta vulnerabile | difesa casa vulnerabile | trend over recente casa | trend over recente trasferta | profilo over interno positivo | profilo over esterno positivo | alta tendenza BTTS || CONTRO: attacco casa non dominante | v22 monitora possibile sopravvalutazione weak_ga;2.4;7.68;11.82;8.0;10.0;9.6;9.6;10.0;6.0;8.4;2.6.def1
2026-10-03;Norway_2ndDivision_Group2;Ull/Kisa;Kjelsaas;83.37;ALTA;27;2026-10-03;Norway_2ndDivision_Group2;Norway_2ndDivision_Group2;;PRO: attacco trasferta positivo | difesa casa vulnerabile | trend over recente casa | trend over recente trasferta | profilo over interno positivo | profilo over esterno positivo | alta tendenza BTTS || CONTRO: attacco casa non dominante;5.08;7.03;13.0;8.0;6.4;10.8;8.4;9.0;7.27;8.38;2.6.def1
2026-10-03;Austria_Burgenland;Kohfidisch;Edelserpentin;83.15;ALTA;10;2026-10-03;Austria_Burgenland;Austria_Burgenland;;PRO: attacco casa positivo | attacco trasferta positivo | difesa trasferta vulnerabile | difesa casa vulnerabile | trend over recente casa | trend over recente trasferta | profilo over interno positivo | profilo over esterno positivo | alta tendenza BTTS || CONTRO: v22 monitora possibile sopravvalutazione weak_ga;0.4;8.86;8.86;7.27;10.0;10.5;9.0;10.0;10.0;8.25;2.6.def1
2026-10-03;Austria_Regionalliga_West;Wolfurt;Rothis;83.11;ALTA;11;2026-10-03;Austria_Regionalliga_West;Austria_Regionalliga_West;;PRO: attacco trasferta positivo | difesa trasferta vulnerabile | difesa casa vulnerabile | trend over recente casa | trend over recente trasferta | profilo over interno positivo | profilo over esterno positivo | alta tendenza BTTS || CONTRO: attacco casa non dominante | v22 monitora possibile sopravvalutazione weak_ga;2.8;7.88;10.51;8.0;9.09;10.67;9.33;7.5;8.0;9.33;2.6.def1
2026-10-03;Norway_3rdDivision_Group6;Fram;Sandefjord 2;83.03;ALTA;23;2026-10-03;Norway_3rdDivision_Group6;Norway_3rdDivision_Group6;;PRO: attacco casa positivo | attacco trasferta positivo | difesa trasferta vulnerabile | difesa casa vulnerabile | trend over recente casa | trend over recente trasferta | profilo over esterno positivo | alta tendenza BTTS || CONTRO: v22 monitora possibile sopravvalutazione weak_ga | profilo over interno debole;2.31;10.69;13.0;8.0;9.74;8.4;9.6;5.0;8.0;8.29;2.6.def1
2026-10-03;Wales_CymruNorth;Porthmadog;Bangor 1876;82.87;ALTA;10;2026-10-03;Wales_CymruNorth;Wales_CymruNorth;Wales_CymruTier2;PRO: attacco casa positivo | attacco trasferta positivo | difesa trasferta vulnerabile | trend over recente casa | trend over recente trasferta | profilo over interno positivo | profilo over esterno positivo | alta tendenza BTTS || CONTRO: v22 monitora possibile sopravvalutazione weak_ga;1.2;9.6;13.0;4.55;8.52;7.5;12.0;7.5;10.0;9.0;2.6.def1
2026-10-03;Norway_3rdDivision_Group2;Aalesund 2;Ntnui;82.82;PROX-ALTA;25;2026-10-03;Norway_3rdDivision_Group2;Norway_3rdDivision_Group2;;PRO: attacco casa positivo | attacco trasferta positivo | difesa trasferta vulnerabile | difesa casa vulnerabile | trend over recente casa | trend over recente trasferta | profilo over interno positivo | profilo over esterno positivo | alta tendenza BTTS || CONTRO: v22 monitora possibile sopravvalutazione weak_ga;0.92;10.97;8.72;8.0;10.0;10.8;8.4;10.0;7.0;8.0;2.6.def1
2026-10-03;Norway_3rdDivision_Group6;Elverum;Bjorkelangen;82.13;ALTA;23;2026-10-03;Norway_3rdDivision_Group6;Norway_3rdDivision_Group6;;PRO: attacco casa positivo | difesa trasferta vulnerabile | difesa casa vulnerabile | trend over recente casa | trend over recente trasferta | profilo over interno positivo | profilo over esterno positivo || CONTRO: ospite poco prolifico: rischio 1-0 / 2-0 | v22 monitora possibile sopravvalutazione weak_ga | BTTS basso: possibile partita a senso unico;5.54;13.0;4.5;5.95;10.0;9.6;8.4;8.18;10.0;6.96;2.6.def1
2026-10-03;Germany_Regionalliga_West;Bocholt;FC Gutersloh;82.03;ALTA;12;2026-10-03;Germany_Regionalliga_West;Germany_Regionalliga_West;;PRO: attacco casa positivo | attacco trasferta positivo | difesa casa vulnerabile | trend over recente casa | trend over recente trasferta | profilo over interno positivo | alta tendenza BTTS || CONTRO: profilo over esterno debole;2.47;12.41;13.0;8.0;4.55;9.6;8.4;10.0;4.0;9.6;2.6.def1
2026-10-03;Finland_Kolmonen_Western_Group2;FC Lasten;NoPS;81.88;ALTA;25;2026-10-03;Finland_Kolmonen_Western_Group2;Finland_Kolmonen_Western_Group2;;PRO: attacco casa positivo | attacco trasferta positivo | trend over recente casa | trend over recente trasferta | profilo over interno positivo | profilo over esterno positivo | alta tendenza BTTS || CONTRO: nessun contro rilevante;1.64;13.0;13.0;3.98;6.06;9.6;9.6;10.0;7.0;8.0;2.6.def1
2026-10-03;Norway_3rdDivision_Group5;Tromsø 2;Finnsnes;81.49;ALTA;25;2026-10-03;Norway_3rdDivision_Group5;Norway_3rdDivision_Group5;;PRO: attacco casa positivo | attacco trasferta positivo | difesa trasferta vulnerabile | difesa casa vulnerabile | trend over recente casa | trend over recente trasferta | profilo over interno positivo | profilo over esterno positivo | alta tendenza BTTS || CONTRO: v22 monitora possibile sopravvalutazione weak_ga;3.23;11.54;10.97;7.1;7.36;9.6;8.4;7.0;8.0;8.29;2.6.def1
2026-10-03;Wales_CymruSouth;Trethomas Bluebirds;Pontardawe;81.39;ALTA;9;2026-10-03;Wales_CymruSouth;Wales_CymruSouth;Wales_CymruTier2;PRO: attacco casa positivo | difesa trasferta vulnerabile | difesa casa vulnerabile | trend over recente casa | trend over recente trasferta | profilo over interno positivo | alta tendenza BTTS || CONTRO: ospite poco prolifico: rischio 1-0 / 2-0 | v22 monitora possibile sopravvalutazione weak_ga | profilo over esterno debole;4.0;12.66;7.88;7.27;10.0;8.57;8.0;10.0;5.0;8.0;2.6.def1
2026-10-03;CzechRepublic_4Liga_GroupB;Slany;Usti n. L. B;81.14;ALTA;10;2026-10-03;CzechRepublic_4Liga_GroupB;CzechRepublic_4Liga_GroupB;CzechRepublic_4Liga;PRO: attacco casa positivo | difesa trasferta vulnerabile | difesa casa vulnerabile | trend over recente casa | trend over recente trasferta | profilo over interno positivo | profilo over esterno positivo | alta tendenza BTTS || CONTRO: ospite poco prolifico: rischio 1-0 / 2-0 | v22 monitora possibile sopravvalutazione weak_ga;6.0;11.82;5.91;5.91;10.0;7.5;9.0;7.5;10.0;7.5;2.6.def1
2026-10-03;Poland_IIILiga_Group2;Lipno Steszew;Chemik Bydgoszcz;81.04;PROX-ALTA;11;2026-10-03;Poland_IIILiga_Group2;Poland_IIILiga_Group2;;PRO: attacco trasferta positivo | difesa trasferta vulnerabile | difesa casa vulnerabile | trend over recente casa | trend over recente trasferta | profilo over interno positivo | profilo over esterno positivo | alta tendenza BTTS || CONTRO: attacco casa non dominante | v22 monitora possibile sopravvalutazione weak_ga;1.38;6.5;9.45;8.0;10.0;8.4;8.4;10.0;7.5;11.4;2.6.def1
2026-10-03;CzechRepublic_4Liga_GroupB;Karlovy Vary;Meteor Prague;80.96;ALTA;10;2026-10-03;CzechRepublic_4Liga_GroupB;CzechRepublic_4Liga_GroupB;CzechRepublic_4Liga;PRO: attacco casa positivo | attacco trasferta positivo | difesa trasferta vulnerabile | difesa casa vulnerabile | trend over recente casa | trend over recente trasferta | profilo over interno positivo | profilo over esterno positivo || CONTRO: v22 monitora possibile sopravvalutazione weak_ga | BTTS basso: possibile partita a senso unico;5.6;13.0;9.6;6.82;8.52;9.0;7.5;7.5;6.67;6.75;2.6.def1
2026-10-03;Sweden_Division2_SodraGotaland;Torns;Oskarshamn;80.91;ALTA;29;2026-10-03;Sweden_Division2_SodraGotaland;Sweden_Division2_SodraGotaland;;PRO: attacco trasferta positivo | difesa casa vulnerabile | trend over recente casa | trend over recente trasferta | profilo over interno positivo | alta tendenza BTTS || CONTRO: attacco casa non dominante | profilo over esterno debole;4.15;7.96;13.0;8.0;5.93;10.8;9.6;8.18;5.45;7.83;2.6.def1
2026-10-03;Germany_Regionalliga_Bayern;Norinberga 2;Augsburg 2;80.76;ALTA;14;2026-10-03;Germany_Regionalliga_Bayern;Germany_Regionalliga_Bayern;;PRO: attacco casa positivo | attacco trasferta positivo | difesa trasferta vulnerabile | difesa casa vulnerabile | trend over recente casa | trend over recente trasferta | profilo over interno positivo | profilo over esterno positivo | alta tendenza BTTS || CONTRO: v22 monitora possibile sopravvalutazione weak_ga;1.76;10.64;9.67;6.18;9.5;8.4;10.8;8.0;8.33;7.47;2.6.def1
2026-10-03;Germany_Oberliga_SchleswigHolstein;Rapid Lubeck;Flensburg;80.63;PROX-ALTA;12;2026-10-03;Germany_Oberliga_SchleswigHolstein;Germany_Oberliga_SchleswigHolstein;;PRO: attacco casa positivo | attacco trasferta positivo | difesa trasferta vulnerabile | difesa casa vulnerabile | trend over recente casa | trend over recente trasferta | profilo over interno positivo | profilo over esterno positivo | alta tendenza BTTS || CONTRO: v22 monitora possibile sopravvalutazione weak_ga;0.8;13.0;13.0;6.55;6.82;9.6;8.4;8.0;6.67;7.8;2.6.def1
2026-10-03;Netherlands_EersteDivisie;Den Bosch;Dordrecht;80.59;ALTA;11;2026-10-03;Netherlands_EersteDivisie;Netherlands_EersteDivisie;;PRO: attacco casa positivo | attacco trasferta positivo | difesa trasferta vulnerabile | difesa casa vulnerabile | trend over recente casa | trend over recente trasferta | profilo over interno positivo | profilo over esterno positivo | alta tendenza BTTS || CONTRO: v22 monitora possibile sopravvalutazione weak_ga;0.63;8.86;8.86;7.73;10.0;7.5;10.5;7.5;10.0;9.0;2.6.def1
2026-10-03;Germany_Oberliga_BadenWurttemberg;Reutlingen;Young Boys Reutlingen;80.49;ALTA;12;2026-10-03;Germany_Oberliga_BadenWurttemberg;Germany_Oberliga_BadenWurttemberg;;PRO: attacco casa positivo | attacco trasferta positivo | difesa trasferta vulnerabile | trend over recente casa | trend over recente trasferta | profilo over esterno positivo | alta tendenza BTTS || CONTRO: v22 monitora possibile sopravvalutazione weak_ga | profilo over interno debole;1.41;11.16;13.0;4.85;6.82;9.33;9.0;5.0;10.0;9.92;2.6.def1
2026-10-03;Netherlands_EersteDivisie;Eindhoven;De Graafschap;80.37;ALTA;11;2026-10-03;Netherlands_EersteDivisie;Netherlands_EersteDivisie;;PRO: attacco casa positivo | difesa trasferta vulnerabile | difesa casa vulnerabile | trend over recente casa | trend over recente trasferta | profilo over interno positivo | profilo over esterno positivo | alta tendenza BTTS || CONTRO: ospite poco prolifico: rischio 1-0 / 2-0 | v22 monitora possibile sopravvalutazione weak_ga;1.89;9.6;6.65;7.73;10.0;9.0;9.0;10.0;7.5;9.0;2.6.def1
2026-10-03;Indonesia_Championship;PSMS Medan;Persikad Depok;80.1;IMM-ALTA-6;4;2026-10-03;Indonesia_Championship;Indonesia_Championship;;PRO: attacco casa positivo | attacco trasferta positivo | trend over recente casa | trend over recente trasferta | profilo over interno positivo | profilo over esterno positivo | alta tendenza BTTS || CONTRO: nessun contro rilevante;0.32;13.0;11.82;2.42;4.55;8.0;12.0;10.0;10.0;8.0;2.6.def1
2026-10-03;Sweden_Division1_Norra;Stocksund;Jarfalla;79.9;PROX-ALTA;27;2026-10-03;Sweden_Division1_Norra;Sweden_Division1_Norra;;PRO: attacco casa positivo | difesa trasferta vulnerabile | difesa casa vulnerabile | trend over recente casa | trend over recente trasferta | profilo over interno positivo | profilo over esterno positivo | alta tendenza BTTS || CONTRO: ospite poco prolifico: rischio 1-0 / 2-0 | v22 monitora possibile sopravvalutazione weak_ga;0.4;10.83;7.88;8.0;10.0;9.6;9.6;9.17;6.67;7.75;2.6.def1
2026-10-03;Norway_3rdDivision_Group6;Lillehammer;Oppsal;79.88;ALTA;23;2026-10-03;Norway_3rdDivision_Group6;Norway_3rdDivision_Group6;;PRO: attacco casa positivo | attacco trasferta positivo | difesa trasferta vulnerabile | difesa casa vulnerabile | trend over recente casa | trend over recente trasferta | profilo over interno positivo | alta tendenza BTTS || CONTRO: v22 monitora possibile sopravvalutazione weak_ga | profilo over esterno debole;1.85;13.0;10.48;5.45;6.82;10.8;8.4;10.0;5.45;7.64;2.6.def1
2026-10-03;Norway_OBOSLigaen;Hodd;Odd;79.87;PROX-ALTA;24;2026-10-03;Norway_OBOSLigaen;Norway_OBOSLigaen;;PRO: attacco casa positivo | attacco trasferta positivo | difesa trasferta vulnerabile | difesa casa vulnerabile | trend over recente casa | trend over recente trasferta | profilo over interno positivo | profilo over esterno positivo | alta tendenza BTTS || CONTRO: v22 monitora possibile sopravvalutazione weak_ga;0.8;9.76;12.08;7.11;7.11;10.8;8.4;7.27;8.18;8.35;2.6.def1
2026-10-03;Austria_Steiermark;Grossklein;Leoben;79.81;ALTA;7;2026-10-03;Austria_Steiermark;Austria_Steiermark;16 clubs, double round robin.;PRO: difesa trasferta vulnerabile | difesa casa vulnerabile | trend over recente casa | trend over recente trasferta | profilo over interno positivo | profilo over esterno positivo | alta tendenza BTTS || CONTRO: attacco casa non dominante | ospite poco prolifico: rischio 1-0 / 2-0 | v22 monitora possibile sopravvalutazione weak_ga;1.6;7.88;4.73;8.0;10.0;8.0;12.0;10.0;10.0;7.6;2.6.def1
2026-10-03;CzechRepublic_4Liga_GroupE;Slavicin;Batov;79.58;ALTA;9;2026-10-03;CzechRepublic_4Liga_GroupE;CzechRepublic_4Liga_GroupE;CzechRepublic_4Liga;PRO: attacco casa positivo | difesa trasferta vulnerabile | difesa casa vulnerabile | trend over recente casa | trend over recente trasferta | profilo over interno positivo | profilo over esterno positivo | alta tendenza BTTS || CONTRO: ospite poco prolifico: rischio 1-0 / 2-0 | v22 monitora possibile sopravvalutazione weak_ga;6.0;10.34;5.17;6.82;10.0;9.0;9.0;7.5;7.5;8.25;2.6.def1
2026-10-03;CzechRepublic_4Liga_GroupA;Horovice;SK Strakonice 1908;79.41;ALTA;9;2026-10-03;CzechRepublic_4Liga_GroupA;CzechRepublic_4Liga_GroupA;CzechRepublic_4Liga;"PRO: attacco casa positivo | attacco trasferta positivo | difesa trasferta vulnerabile | difesa casa vulnerabile | trend over recente casa | trend over recente trasferta | profilo over interno positivo | profilo over esterno positivo | alta tendenza BTTS || CONTRO: v22 monitora possibile sopravvalutazione weak_ga || V26DEF_STRONG_DEFENSE[Rule=AT_LEAST_ONE_STRONG;Threshold=1.20;Penalty=-14.00;HomeGALast5=0.60;AwayGALast5=3.00;BaseScore=93.41;FinalScore=79.41]";6.0;9.6;13.0;7.27;10.0;7.5;12.0;10.0;10.0;8.04;2.6.def1
2026-10-03;Norway_3rdDivision_Group3;Sogndal 2;Austevoll;79.32;PROX-ALTA;24;2026-10-03;Norway_3rdDivision_Group3;Norway_3rdDivision_Group3;;PRO: attacco casa positivo | attacco trasferta positivo | difesa trasferta vulnerabile | difesa casa vulnerabile | trend over recente casa | profilo over interno positivo | profilo over esterno positivo | alta tendenza BTTS || CONTRO: v22 monitora possibile sopravvalutazione weak_ga | trend over trasferta non forte;0.92;13.0;10.74;7.45;9.71;9.6;6.0;8.0;6.36;7.53;2.6.def1
2026-10-03;Denmark_3rdDivision;Holbaek;ASA Aarhus;78.98;ALTA;10;2026-10-03;Denmark_3rdDivision;Denmark_3rdDivision;;PRO: attacco casa positivo | attacco trasferta positivo | difesa casa vulnerabile | trend over recente casa | profilo over interno positivo | alta tendenza BTTS || CONTRO: trend over trasferta non forte | profilo over esterno debole;2.18;13.0;8.54;6.87;6.06;12.0;6.67;10.0;5.0;8.67;2.6.def1
2026-10-03;Germany_Oberliga_Hessen;Alzenau;Unter-Flockenbach;78.69;ALTA;13;2026-10-03;Germany_Oberliga_Hessen;Germany_Oberliga_Hessen;;PRO: attacco trasferta positivo | difesa trasferta vulnerabile | difesa casa vulnerabile | trend over recente casa | trend over recente trasferta | profilo over esterno positivo | alta tendenza BTTS || CONTRO: attacco casa non dominante | v22 monitora possibile sopravvalutazione weak_ga | profilo over interno debole;4.24;6.98;13.0;6.28;8.26;7.2;12.0;2.0;10.0;8.73;2.6.def1
2026-10-03;Denmark_ALigaWomen;KoldingQ D;Aarhus D;78.59;ALTA;10;2026-10-03;Denmark_ALigaWomen;Denmark_ALigaWomen;;PRO: attacco casa positivo | difesa trasferta vulnerabile | difesa casa vulnerabile | trend over recente casa | trend over recente trasferta | profilo over interno positivo | profilo over esterno positivo || CONTRO: ospite poco prolifico: rischio 1-0 / 2-0 | v22 monitora possibile sopravvalutazione weak_ga | BTTS basso: possibile partita a senso unico;1.33;11.82;3.94;8.0;10.0;12.0;8.0;10.0;7.5;6.0;2.6.def1
2026-10-03;Austria_Wien;Kagran;First Vienna (Am);78.28;IMM-ALTA-10;8;2026-10-03;Austria_Wien;Austria_Wien;;PRO: attacco trasferta positivo | difesa trasferta vulnerabile | difesa casa vulnerabile | trend over recente casa | trend over recente trasferta | profilo over esterno positivo || CONTRO: attacco casa non dominante | v22 monitora possibile sopravvalutazione weak_ga | profilo over interno debole | BTTS basso: possibile partita a senso unico;1.6;6.89;11.82;7.88;9.09;8.0;12.0;5.0;10.0;6.0;2.6.def1
2026-10-03;Finland_Kakkonen_GroupC;SJK Akatemia 2;Hercules;78.02;PROX-ALTA;22;2026-10-03;Finland_Kakkonen_GroupC;Finland_Kakkonen_GroupC;;PRO: attacco casa positivo | attacco trasferta positivo | difesa trasferta vulnerabile | difesa casa vulnerabile | trend over recente casa | trend over recente trasferta | profilo over interno positivo | profilo over esterno positivo || CONTRO: v22 monitora possibile sopravvalutazione weak_ga | BTTS basso: possibile partita a senso unico;0.67;8.86;10.18;8.0;10.0;9.6;9.6;6.67;7.78;6.67;2.6.def1
2026-10-03;Austria_Tirol;FC Natters;Ebbs;78.0;ALTA;12;2026-10-03;Austria_Tirol;Austria_Tirol;;PRO: attacco casa positivo | attacco trasferta positivo | difesa trasferta vulnerabile | difesa casa vulnerabile | trend over recente trasferta | profilo over interno positivo | profilo over esterno positivo || CONTRO: v22 monitora possibile sopravvalutazione weak_ga | trend over casa non forte | BTTS basso: possibile partita a senso unico;1.38;8.54;13.0;8.0;8.08;6.67;10.67;7.5;7.5;6.67;2.6.def1
2026-10-03;Netherlands_EersteDivisie;Oss;Maastricht;77.82;ALTA;11;2026-10-03;Netherlands_EersteDivisie;Netherlands_EersteDivisie;;PRO: attacco trasferta positivo | difesa trasferta vulnerabile | difesa casa vulnerabile | trend over recente casa | trend over recente trasferta | profilo over interno positivo | profilo over esterno positivo || CONTRO: attacco casa non dominante | v22 monitora possibile sopravvalutazione weak_ga | BTTS basso: possibile partita a senso unico;5.37;5.91;8.86;5.91;8.52;9.0;7.5;10.0;10.0;6.75;2.6.def1
2026-10-03;CzechRepublic_4Liga_GroupA;Taborsko akademie;Milevsko;77.42;ALTA;9;2026-10-03;CzechRepublic_4Liga_GroupA;CzechRepublic_4Liga_GroupA;CzechRepublic_4Liga;PRO: attacco casa positivo | difesa trasferta vulnerabile | trend over recente casa | trend over recente trasferta | profilo over interno positivo | profilo over esterno positivo | alta tendenza BTTS || CONTRO: ospite poco prolifico: rischio 1-0 / 2-0 | v22 monitora possibile sopravvalutazione weak_ga;6.0;13.0;3.69;4.68;8.52;8.57;9.0;6.67;10.0;7.29;2.6.def1
2026-10-03;Austria_Regionalliga_North;Kuchl;Leonfelden;77.37;ALTA;12;2026-10-03;Austria_Regionalliga_North;Austria_Regionalliga_North;;PRO: attacco casa positivo | attacco trasferta positivo | difesa trasferta vulnerabile | difesa casa vulnerabile | trend over recente casa | trend over recente trasferta | profilo over interno positivo | alta tendenza BTTS || CONTRO: v22 monitora possibile sopravvalutazione weak_ga | profilo over esterno debole;2.31;11.82;9.85;6.06;10.0;9.33;8.0;8.0;3.33;8.67;2.6.def1
2026-10-03;Germany_Oberliga_BadenWurttemberg;Teningen;Ravensburg;77.31;ALTA;12;2026-10-03;Germany_Oberliga_BadenWurttemberg;Germany_Oberliga_BadenWurttemberg;;PRO: attacco casa positivo | attacco trasferta positivo | difesa casa vulnerabile | trend over recente casa | trend over recente trasferta | profilo over interno positivo | alta tendenza BTTS || CONTRO: profilo over esterno debole;0.71;10.51;8.54;7.68;5.56;12.0;8.0;10.0;5.0;9.33;2.6.def1
2026-10-03;Switzerland_PromotionLeague;Basilea 2;Luzerna 2;77.22;ALTA;12;2026-10-03;Switzerland_PromotionLeague;Switzerland_PromotionLeague;;PRO: attacco casa positivo | attacco trasferta positivo | difesa trasferta vulnerabile | difesa casa vulnerabile | trend over recente casa | profilo over interno positivo | profilo over esterno positivo || CONTRO: v22 monitora possibile sopravvalutazione weak_ga | trend over trasferta non forte | BTTS basso: possibile partita a senso unico;3.23;10.51;8.54;6.87;8.08;10.67;6.67;10.0;6.0;6.67;2.6.def1
2026-10-03;Estonia_EsiliigaB;Legion;Levadia U19;76.93;ALTA;32;2026-10-03;Estonia_EsiliigaB;Estonia_EsiliigaB;;PRO: attacco trasferta positivo | difesa trasferta vulnerabile | difesa casa vulnerabile | trend over recente casa | trend over recente trasferta | profilo over interno positivo | profilo over esterno positivo || CONTRO: attacco casa non dominante | v22 monitora possibile sopravvalutazione weak_ga | BTTS basso: possibile partita a senso unico;5.33;5.7;13.0;8.0;8.15;8.4;7.2;7.69;6.92;6.53;2.6.def1
2026-10-03;NorthernIreland_NIFLChampionship;Loughgall;Newry City;76.88;ALTA;10;2026-10-03;NorthernIreland_NIFLChampionship;NorthernIreland_NIFLChampionship;;PRO: attacco trasferta positivo | difesa trasferta vulnerabile | difesa casa vulnerabile | trend over recente casa | trend over recente trasferta | profilo over interno positivo | profilo over esterno positivo | alta tendenza BTTS || CONTRO: attacco casa non dominante | v22 monitora possibile sopravvalutazione weak_ga;2.8;7.88;9.85;7.27;8.08;8.0;9.33;7.5;7.5;8.67;2.6.def1
2026-10-03;Finland_Kolmonen_Western_Group1;MaPS;KaaPo;76.35;ALTA;24;2026-10-03;Finland_Kolmonen_Western_Group1;Finland_Kolmonen_Western_Group1;;PRO: attacco casa positivo | attacco trasferta positivo | difesa trasferta vulnerabile | difesa casa vulnerabile | trend over recente casa | trend over recente trasferta | profilo over interno positivo | profilo over esterno positivo | alta tendenza BTTS || CONTRO: v22 monitora possibile sopravvalutazione weak_ga;1.64;10.41;9.29;6.06;9.52;8.4;9.6;8.0;6.0;7.43;2.6.def1
2026-10-03;Germany_Regionalliga_West;Wattenscheid;Wiedenbruck;76.33;PROX-ALTA;12;2026-10-03;Germany_Regionalliga_West;Germany_Regionalliga_West;;PRO: difesa trasferta vulnerabile | difesa casa vulnerabile | trend over recente casa | trend over recente trasferta | profilo over interno positivo | profilo over esterno positivo | alta tendenza BTTS || CONTRO: attacco casa non dominante | ospite poco prolifico: rischio 1-0 / 2-0 | v22 monitora possibile sopravvalutazione weak_ga;1.06;7.68;7.68;6.91;10.0;7.2;9.6;6.0;10.0;10.2;2.6.def1
2026-10-03;CzechRepublic_4Liga_GroupE;Bzenec-Vracov;Kromeriz B;76.17;ALTA;9;2026-10-03;CzechRepublic_4Liga_GroupE;CzechRepublic_4Liga_GroupE;CzechRepublic_4Liga;PRO: attacco casa positivo | difesa trasferta vulnerabile | difesa casa vulnerabile | trend over recente casa | trend over recente trasferta | profilo over interno positivo | profilo over esterno positivo || CONTRO: ospite poco prolifico: rischio 1-0 / 2-0 | v22 monitora possibile sopravvalutazione weak_ga | BTTS basso: possibile partita a senso unico;2.8;8.86;5.17;8.0;9.09;10.5;7.5;10.0;7.5;6.75;2.6.def1
2026-10-03;Austria_Karnten;TSV Grafenstein;Dellach/Gail;75.84;ALTA;12;2026-10-03;Austria_Karnten;Austria_Karnten;;PRO: attacco casa positivo | difesa trasferta vulnerabile | trend over recente casa | trend over recente trasferta | profilo over interno positivo | alta tendenza BTTS || CONTRO: ospite poco prolifico: rischio 1-0 / 2-0 | v22 monitora possibile sopravvalutazione weak_ga | profilo over esterno debole;4.62;13.0;7.88;4.85;10.0;8.0;8.0;7.5;4.0;8.0;2.6.def1
2026-10-03;Germany_Oberliga_Bayern_Sud;Pipinsried;Ismaning;75.74;ALTA;14;2026-10-03;Germany_Oberliga_Bayern_Sud;Germany_Oberliga_Bayern_Sud;;PRO: attacco casa positivo | attacco trasferta positivo | trend over recente casa | trend over recente trasferta | profilo over interno positivo || CONTRO: profilo over esterno debole | BTTS basso: possibile partita a senso unico;2.47;13.0;12.31;4.85;6.44;9.6;8.4;8.33;3.33;7.0;2.6.def1
2026-10-03;Poland_IIILiga_Group2;Grom Nowy Staw;Koszalin;75.58;PROX-ALTA;11;2026-10-03;Poland_IIILiga_Group2;Poland_IIILiga_Group2;;PRO: attacco casa positivo | difesa casa vulnerabile | trend over recente casa | profilo over interno positivo | alta tendenza BTTS || CONTRO: ospite poco prolifico: rischio 1-0 / 2-0 | trend over trasferta non forte | profilo over esterno debole;0.92;13.0;7.09;8.0;6.36;10.8;6.0;10.0;5.0;8.4;2.6.def1
2026-10-03;Denmark_3rdDivision;Næsby;Holstebro;75.47;ALTA;10;2026-10-03;Denmark_3rdDivision;Denmark_3rdDivision;;PRO: attacco casa positivo | attacco trasferta positivo | difesa trasferta vulnerabile | difesa casa vulnerabile | trend over recente casa | trend over recente trasferta | profilo over esterno positivo | alta tendenza BTTS || CONTRO: v22 monitora possibile sopravvalutazione weak_ga | profilo over interno debole;0.55;10.51;10.51;5.66;9.09;8.0;10.67;5.0;7.5;8.0;2.6.def1
2026-10-03;England_IsthmianLeaguePremierDivision;Burgess Hill;Maldon & Tiptree;75.33;ALTA;21;2026-10-03;England_IsthmianLeaguePremierDivision;England_IsthmianLeaguePremierDivision;;PRO: attacco casa positivo | attacco trasferta positivo | difesa trasferta vulnerabile | trend over recente trasferta | profilo over interno positivo | profilo over esterno positivo | alta tendenza BTTS || CONTRO: v22 monitora possibile sopravvalutazione weak_ga | trend over casa non forte;0.86;9.29;8.54;4.68;10.0;6.86;9.33;10.0;7.5;8.29;2.6.def1
2026-10-03;Norway_2ndDivision_Group2;Follo;Stjordals Blink;75.31;ALTA;27;2026-10-03;Norway_2ndDivision_Group2;Norway_2ndDivision_Group2;;PRO: attacco trasferta positivo | difesa trasferta vulnerabile | difesa casa vulnerabile | trend over recente casa | trend over recente trasferta | profilo over esterno positivo | alta tendenza BTTS || CONTRO: attacco casa non dominante | v22 monitora possibile sopravvalutazione weak_ga | profilo over interno debole;2.31;7.03;10.41;7.79;8.23;8.4;8.4;5.45;9.0;8.29;2.6.def1
2026-10-03;Poland_IIILiga_Group2;Gedania Gdansk;Wrzesnia;74.91;MEDIA;11;2026-10-03;Poland_IIILiga_Group2;Poland_IIILiga_Group2;;PRO: attacco casa positivo | difesa trasferta vulnerabile | difesa casa vulnerabile | trend over recente casa | profilo over interno positivo | alta tendenza BTTS || CONTRO: ospite poco prolifico: rischio 1-0 / 2-0 | v22 monitora possibile sopravvalutazione weak_ga | trend over trasferta non forte | profilo over esterno debole;2.31;13.0;6.5;8.0;10.0;9.6;6.0;8.0;2.5;9.0;2.6.def1
2026-10-03;Germany_Oberliga_Bayern_Sud;Schwabmunchen;Gundelfingen;74.65;MEDIA;14;2026-10-03;Germany_Oberliga_Bayern_Sud;Germany_Oberliga_Bayern_Sud;;PRO: attacco casa positivo | difesa trasferta vulnerabile | difesa casa vulnerabile | trend over recente casa | profilo over interno positivo | alta tendenza BTTS || CONTRO: ospite poco prolifico: rischio 1-0 / 2-0 | v22 monitora possibile sopravvalutazione weak_ga | trend over trasferta non forte | profilo over esterno debole;1.76;11.33;7.88;7.88;7.2;9.6;6.0;10.0;5.0;8.0;2.6.def1
2026-10-03;Slovenia_2SNL;Dravinja;Slovan Ljubljana;74.56;MEDIA;10;2026-10-03;Slovenia_2SNL;Slovenia_2SNL;;PRO: difesa trasferta vulnerabile | difesa casa vulnerabile | trend over recente casa | trend over recente trasferta | profilo over interno positivo | profilo over esterno positivo || CONTRO: attacco casa non dominante | ospite poco prolifico: rischio 1-0 / 2-0 | v22 monitora possibile sopravvalutazione weak_ga | BTTS basso: possibile partita a senso unico;2.8;5.91;6.65;8.0;7.95;7.5;9.0;10.0;10.0;6.75;2.6.def1
2026-10-03;Germany_Oberliga_Bayern_Nord;Ammerthal;Neudrossenfeld;74.38;PROX-MEDIA;17;2026-10-03;Germany_Oberliga_Bayern_Nord;Germany_Oberliga_Bayern_Nord;;PRO: difesa trasferta vulnerabile | difesa casa vulnerabile | trend over recente casa | trend over recente trasferta | profilo over interno positivo | profilo over esterno positivo | alta tendenza BTTS || CONTRO: attacco casa non dominante | ospite poco prolifico: rischio 1-0 / 2-0 | v22 monitora possibile sopravvalutazione weak_ga;0.71;7.52;6.89;7.6;7.95;9.6;8.4;10.0;8.33;7.36;2.6.def1
2026-10-03;Austria_Regionalliga_West;Lochau;FC Lustenau;74.33;MEDIA;11;2026-10-03;Austria_Regionalliga_West;Austria_Regionalliga_West;;PRO: difesa trasferta vulnerabile | difesa casa vulnerabile | trend over recente casa | profilo over interno positivo | profilo over esterno positivo | alta tendenza BTTS || CONTRO: attacco casa non dominante | ospite poco prolifico: rischio 1-0 / 2-0 | v22 monitora possibile sopravvalutazione weak_ga | trend over trasferta non forte;1.2;7.88;5.25;8.0;10.0;10.67;6.67;10.0;6.0;8.67;2.6.def1
2026-10-03;Germany_Regionalliga_Sudwest;Mainz 2;Freiburg 2;74.26;MEDIA;12;2026-10-03;Germany_Regionalliga_Sudwest;Germany_Regionalliga_Sudwest;;PRO: attacco trasferta positivo | difesa casa vulnerabile | trend over recente casa | trend over recente trasferta | profilo over interno positivo | alta tendenza BTTS || CONTRO: attacco casa non dominante | profilo over esterno debole;2.12;6.57;11.82;7.68;6.25;10.67;7.5;7.5;5.0;9.17;2.6.def1
2026-10-03;CzechRepublic_3CFL_GroupA;Ceske Budejovice;Benesov;74.21;MEDIA;11;2026-10-03;CzechRepublic_3CFL_GroupA;CzechRepublic_3CFL_GroupA;CzechRepublic_3rdTier;PRO: attacco casa positivo | difesa trasferta vulnerabile | difesa casa vulnerabile | trend over recente casa | profilo over interno positivo || CONTRO: ospite poco prolifico: rischio 1-0 / 2-0 | v22 monitora possibile sopravvalutazione weak_ga | trend over trasferta non forte | profilo over esterno debole | BTTS basso: possibile partita a senso unico;6.0;13.0;6.75;5.91;7.14;10.5;5.14;10.0;3.33;6.43;2.6.def1
2026-10-03;Finland_Kolmonen_North;RoPo;Ponkilan Pantterit;74.1;MEDIA;23;2026-10-03;Finland_Kolmonen_North;Finland_Kolmonen_North;;PRO: attacco casa positivo | difesa trasferta vulnerabile | difesa casa vulnerabile | trend over recente casa | trend over recente trasferta | profilo over interno positivo || CONTRO: ospite poco prolifico: rischio 1-0 / 2-0 | v22 monitora possibile sopravvalutazione weak_ga | profilo over esterno debole | BTTS basso: possibile partita a senso unico;2.67;10.71;4.06;8.0;10.0;8.4;9.6;8.57;5.71;6.38;2.6.def1
2026-10-03;Sweden_Division2_NorraSvealand;Lidingo IFK;Bollstanas;74.06;MEDIA;25;2026-10-03;Sweden_Division2_NorraSvealand;Sweden_Division2_NorraSvealand;;PRO: attacco trasferta positivo | difesa trasferta vulnerabile | difesa casa vulnerabile | trend over recente casa | trend over recente trasferta | profilo over interno positivo | profilo over esterno positivo | alta tendenza BTTS || CONTRO: attacco casa non dominante | v22 monitora possibile sopravvalutazione weak_ga;0.46;6.68;10.02;7.11;8.89;8.4;9.6;6.36;8.18;8.35;2.6.def1
2026-10-03;Bosnia_PrvaLiga_FBiH;Capljina;Tomislav;73.85;MEDIA;9;2026-10-03;Bosnia_PrvaLiga_FBiH;Bosnia_PrvaLiga_FBiH;double round robin inferred from league size.;PRO: difesa trasferta vulnerabile | difesa casa vulnerabile | trend over recente casa | trend over recente trasferta | profilo over interno positivo | profilo over esterno positivo || CONTRO: attacco casa non dominante | ospite poco prolifico: rischio 1-0 / 2-0 | v22 monitora possibile sopravvalutazione weak_ga | BTTS basso: possibile partita a senso unico;0.8;4.22;6.75;8.0;10.0;8.57;12.0;7.5;10.0;6.0;2.6.def1
2026-10-03;Norway_3rdDivision_Group6;Brumunddal;Orn;73.78;MEDIA;23;2026-10-03;Norway_3rdDivision_Group6;Norway_3rdDivision_Group6;;PRO: attacco trasferta positivo | difesa trasferta vulnerabile | difesa casa vulnerabile | trend over recente casa | profilo over interno positivo | alta tendenza BTTS || CONTRO: attacco casa non dominante | v22 monitora possibile sopravvalutazione weak_ga | trend over trasferta non forte | profilo over esterno debole;2.31;7.03;11.26;8.0;7.58;10.8;6.0;9.09;4.0;7.71;2.6.def1
2026-10-03;Norway_3rdDivision_Group4;Vag;Varhaug;73.6;MEDIA;25;2026-10-03;Norway_3rdDivision_Group4;Norway_3rdDivision_Group4;;PRO: attacco casa positivo | attacco trasferta positivo | difesa casa vulnerabile | trend over recente casa | trend over recente trasferta | profilo over interno positivo | profilo over esterno positivo || CONTRO: BTTS basso: possibile partita a senso unico;2.31;8.72;11.26;6.41;6.49;9.6;8.4;7.27;6.0;7.14;2.6.def1
2026-10-03;Germany_Regionalliga_Sudwest;Freiberg;Steinbach Haiger;73.58;MEDIA;12;2026-10-03;Germany_Regionalliga_Sudwest;Germany_Regionalliga_Sudwest;;PRO: attacco casa positivo | attacco trasferta positivo | difesa trasferta vulnerabile | trend over recente casa | profilo over interno positivo | profilo over esterno positivo || CONTRO: v22 monitora possibile sopravvalutazione weak_ga | trend over trasferta non forte | BTTS basso: possibile partita a senso unico;3.18;13.0;8.54;3.64;6.57;9.33;6.67;10.0;6.0;6.67;2.6.def1
2026-10-03;Wales_CymruNorth;Buckley;Ruthin;73.55;MEDIA;10;2026-10-03;Wales_CymruNorth;Wales_CymruNorth;Wales_CymruTier2;PRO: attacco casa positivo | difesa trasferta vulnerabile | difesa casa vulnerabile | trend over recente casa | trend over recente trasferta | profilo over interno positivo | profilo over esterno positivo || CONTRO: ospite poco prolifico: rischio 1-0 / 2-0 | v22 monitora possibile sopravvalutazione weak_ga | BTTS basso: possibile partita a senso unico;3.6;13.0;5.17;5.45;9.66;7.5;9.0;6.67;7.5;6.0;2.6.def1
2026-10-03;England_LeagueTwo;Salford;Fleetwood;73.47;MEDIA;3;2026-10-03;England_LeagueTwo;England_LeagueTwo;;PRO: attacco casa positivo | difesa trasferta vulnerabile | trend over recente trasferta | profilo over esterno positivo | alta tendenza BTTS || CONTRO: ospite poco prolifico: rischio 1-0 / 2-0 | v22 monitora possibile sopravvalutazione weak_ga | trend over casa non forte | profilo over interno debole;5.74;13.0;5.91;1.82;10.0;6.0;12.0;0.0;10.0;9.0;2.6.def1
2026-10-03;Norway_3rdDivision_Group2;Volda TI;Orkla;73.34;MEDIA-ALTA;25;2026-10-03;Norway_3rdDivision_Group2;Norway_3rdDivision_Group2;;"PRO: attacco casa positivo | attacco trasferta positivo | difesa trasferta vulnerabile | trend over recente casa | trend over recente trasferta | profilo over interno positivo | profilo over esterno positivo | alta tendenza BTTS || CONTRO: v22 monitora possibile sopravvalutazione weak_ga || V26DEF_STRONG_DEFENSE[Rule=AT_LEAST_ONE_STRONG;Threshold=1.20;Penalty=-14.00;HomeGALast5=1.00;AwayGALast5=2.20;BaseScore=87.34;FinalScore=73.34]";6.0;13.0;10.97;3.98;10.0;7.2;12.0;8.18;8.0;8.0;2.6.def1
2026-10-03;Paraguay_DivisionIntermedia;Paraguari AC;3 de Noviembre;73.29;MEDIA;12;2026-10-03;Paraguay_DivisionIntermedia;Paraguay_DivisionIntermedia;;PRO: attacco casa positivo | attacco trasferta positivo | trend over recente casa | trend over recente trasferta | profilo over esterno positivo | alta tendenza BTTS || CONTRO: profilo over interno debole;0.4;11.82;13.0;4.85;5.56;8.0;8.0;5.0;8.0;8.67;2.6.def1
2026-10-03;Poland_IIILiga_Group1;Mlawa;Swit;72.97;MEDIA;11;2026-10-03;Poland_IIILiga_Group1;Poland_IIILiga_Group1;;PRO: attacco casa positivo | attacco trasferta positivo | difesa casa vulnerabile | trend over recente casa | trend over recente trasferta | profilo over esterno positivo | alta tendenza BTTS || CONTRO: profilo over interno debole;4.15;11.82;9.45;8.0;4.55;8.4;8.4;5.0;6.0;7.2;2.6.def1
2026-10-03;Germany_Oberliga_Hessen;Hunfelder;Darmstadt U21;72.87;MEDIA;13;2026-10-03;Germany_Oberliga_Hessen;Germany_Oberliga_Hessen;;PRO: attacco casa positivo | attacco trasferta positivo | difesa trasferta vulnerabile | difesa casa vulnerabile | trend over recente casa | trend over recente trasferta | profilo over esterno positivo | alta tendenza BTTS || CONTRO: v22 monitora possibile sopravvalutazione weak_ga | profilo over interno debole;1.06;11.28;12.89;5.29;7.02;7.2;8.4;5.0;6.0;8.73;2.6.def1
2026-10-03;England_LeagueOne;Leyton Orient;Plymouth;72.22;MEDIA;9;2026-10-03;England_LeagueOne;England_LeagueOne;;PRO: attacco casa positivo | attacco trasferta positivo | difesa casa vulnerabile | trend over recente casa | profilo over interno positivo | profilo over esterno positivo || CONTRO: trend over trasferta non forte | BTTS basso: possibile partita a senso unico;2.87;10.83;10.97;5.45;6.49;8.0;6.86;7.5;6.67;6.57;2.6.def1
2026-10-03;Germany_Regionalliga_Nord;Norderstedt;Bremer;72.17;MEDIA;13;2026-10-03;Germany_Regionalliga_Nord;Germany_Regionalliga_Nord;;PRO: attacco casa positivo | difesa trasferta vulnerabile | difesa casa vulnerabile | trend over recente casa | trend over recente trasferta | profilo over interno positivo || CONTRO: ospite poco prolifico: rischio 1-0 / 2-0 | v22 monitora possibile sopravvalutazione weak_ga | profilo over esterno debole | BTTS basso: possibile partita a senso unico;2.82;12.36;4.83;8.0;8.68;8.4;7.2;8.33;5.0;6.55;2.6.def1
2026-10-03;Norway_3rdDivision_Group5;Ulfstind;Alta;72.14;MEDIA-ALTA;25;2026-10-03;Norway_3rdDivision_Group5;Norway_3rdDivision_Group5;;"PRO: attacco casa positivo | attacco trasferta positivo | difesa trasferta vulnerabile | difesa casa vulnerabile | trend over recente casa | trend over recente trasferta | profilo over interno positivo | profilo over esterno positivo | alta tendenza BTTS || CONTRO: v22 monitora possibile sopravvalutazione weak_ga || V26DEF_STRONG_DEFENSE[Rule=AT_LEAST_ONE_STRONG;Threshold=1.20;Penalty=-14.00;HomeGALast5=5.00;AwayGALast5=1.00;BaseScore=86.14;FinalScore=72.14]";4.62;10.13;13.0;8.0;6.71;10.8;9.6;9.0;6.0;8.29;2.6.def1
2026-10-03;Norway_3rdDivision_Group3;Forde;Fyllingsdalen;72.11;MEDIA;24;2026-10-03;Norway_3rdDivision_Group3;Norway_3rdDivision_Group3;;PRO: attacco casa positivo | difesa trasferta vulnerabile | difesa casa vulnerabile | trend over recente casa | trend over recente trasferta | profilo over interno positivo | profilo over esterno positivo || CONTRO: ospite poco prolifico: rischio 1-0 / 2-0 | v22 monitora possibile sopravvalutazione weak_ga | BTTS basso: possibile partita a senso unico;2.77;9.94;4.57;7.77;10.0;8.4;8.4;7.27;7.0;6.0;2.6.def1
2026-10-03;Norway_3rdDivision_Group4;Akra;Mandalskameratene;71.96;MEDIA-ALTA;25;2026-10-03;Norway_3rdDivision_Group4;Norway_3rdDivision_Group4;;"PRO: attacco trasferta positivo | difesa trasferta vulnerabile | difesa casa vulnerabile | trend over recente casa | trend over recente trasferta | profilo over interno positivo | profilo over esterno positivo | alta tendenza BTTS || CONTRO: attacco casa non dominante | v22 monitora possibile sopravvalutazione weak_ga || V26DEF_STRONG_DEFENSE[Rule=AT_LEAST_ONE_STRONG;Threshold=1.20;Penalty=-14.00;HomeGALast5=3.40;AwayGALast5=0.60;BaseScore=85.96;FinalScore=71.96]";5.54;7.6;13.0;8.0;7.14;12.0;8.4;8.0;8.0;8.29;2.6.def1
2026-10-03;Finland_Kakkonen_GroupB;NJS;EBK;71.95;MEDIA;20;2026-10-03;Finland_Kakkonen_GroupB;Finland_Kakkonen_GroupB;;PRO: attacco trasferta positivo | difesa trasferta vulnerabile | difesa casa vulnerabile | trend over recente casa | trend over recente trasferta | profilo over interno positivo | profilo over esterno positivo || CONTRO: attacco casa non dominante | v22 monitora possibile sopravvalutazione weak_ga | BTTS basso: possibile partita a senso unico;1.33;3.28;9.04;8.0;10.0;9.6;8.4;6.67;8.75;6.88;2.6.def1
2026-10-03;CzechRepublic_4Liga_GroupE;Nove Sady;Brumov;71.91;MEDIA;9;2026-10-03;CzechRepublic_4Liga_GroupE;CzechRepublic_4Liga_GroupE;CzechRepublic_4Liga;PRO: difesa trasferta vulnerabile | difesa casa vulnerabile | trend over recente casa | trend over recente trasferta | profilo over esterno positivo | alta tendenza BTTS || CONTRO: attacco casa non dominante | ospite poco prolifico: rischio 1-0 / 2-0 | v22 monitora possibile sopravvalutazione weak_ga | profilo over interno debole;0.4;7.39;8.12;8.0;10.0;9.0;9.0;5.0;7.5;7.5;2.6.def1
2026-10-03;Germany_Regionalliga_Sudwest;Kassel;Ulm;71.63;MEDIA;12;2026-10-03;Germany_Regionalliga_Sudwest;Germany_Regionalliga_Sudwest;;PRO: attacco casa positivo | difesa trasferta vulnerabile | difesa casa vulnerabile | trend over recente casa | profilo over interno positivo | alta tendenza BTTS || CONTRO: ospite poco prolifico: rischio 1-0 / 2-0 | v22 monitora possibile sopravvalutazione weak_ga | trend over trasferta non forte | profilo over esterno debole;1.76;9.85;7.22;6.87;9.6;9.33;6.67;8.0;5.0;7.33;2.6.def1
2026-10-03;Slovakia_3Liga_West;Sala;Raca;71.41;MEDIA;9;2026-10-03;Slovakia_3Liga_West;Slovakia_3Liga_West;;PRO: attacco trasferta positivo | difesa trasferta vulnerabile | difesa casa vulnerabile | trend over recente casa | trend over recente trasferta | profilo over interno positivo | alta tendenza BTTS || CONTRO: attacco casa non dominante | v22 monitora possibile sopravvalutazione weak_ga | profilo over esterno debole;2.4;5.91;9.6;7.73;8.52;7.5;7.5;10.0;4.0;8.25;2.6.def1
2026-10-03;Finland_Kakkonen_GroupA;MyPa;PuiU;71.39;PROX-MEDIA;21;2026-10-03;Finland_Kakkonen_GroupA;Finland_Kakkonen_GroupA;;PRO: attacco trasferta positivo | difesa trasferta vulnerabile | difesa casa vulnerabile | trend over recente casa | trend over recente trasferta | profilo over esterno positivo | alta tendenza BTTS || CONTRO: attacco casa non dominante | v22 monitora possibile sopravvalutazione weak_ga | profilo over interno debole;0.67;6.95;8.69;7.49;9.63;8.4;8.4;5.56;7.5;8.12;2.6.def1
2026-10-03;Austria_Regionalliga_West;Reichenau;Schwaz;71.35;MEDIA;11;2026-10-03;Austria_Regionalliga_West;Austria_Regionalliga_West;;PRO: attacco trasferta positivo | difesa trasferta vulnerabile | difesa casa vulnerabile | trend over recente casa | trend over recente trasferta | profilo over esterno positivo | alta tendenza BTTS || CONTRO: attacco casa non dominante | v22 monitora possibile sopravvalutazione weak_ga | profilo over interno debole;2.4;5.91;13.0;6.46;7.58;8.0;10.67;0.0;10.0;7.33;2.6.def1
2026-10-03;NorthernIreland_NIFLPremiership;C. Rangers;Crusaders;71.28;MEDIA;12;2026-10-03;NorthernIreland_NIFLPremiership;NorthernIreland_NIFLPremiership;;PRO: attacco trasferta positivo | difesa trasferta vulnerabile | difesa casa vulnerabile | trend over recente trasferta | profilo over esterno positivo | alta tendenza BTTS || CONTRO: attacco casa non dominante | v22 monitora possibile sopravvalutazione weak_ga | trend over casa non forte | profilo over interno debole;2.18;7.88;9.85;6.46;7.07;6.67;10.67;5.0;7.5;8.0;2.6.def1
2026-10-03;Poland_IIILiga_Group1;Weszlo;Zambrow;70.9;MEDIA-ALTA;11;2026-10-03;Poland_IIILiga_Group1;Poland_IIILiga_Group1;;"PRO: attacco casa positivo | attacco trasferta positivo | difesa trasferta vulnerabile | trend over recente trasferta | profilo over interno positivo | profilo over esterno positivo | alta tendenza BTTS || CONTRO: v22 monitora possibile sopravvalutazione weak_ga | trend over casa non forte || V26DEF_STRONG_DEFENSE[Rule=AT_LEAST_ONE_STRONG;Threshold=1.20;Penalty=-14.00;HomeGALast5=1.00;AwayGALast5=3.00;BaseScore=84.90;FinalScore=70.90]";5.54;13.0;11.82;2.55;10.0;6.0;10.8;8.0;10.0;7.2;2.6.def1
2026-10-03;Austria_Tirol;Munster;SV Oberperfuss;70.85;MEDIA;12;2026-10-03;Austria_Tirol;Austria_Tirol;;PRO: attacco trasferta positivo | difesa trasferta vulnerabile | difesa casa vulnerabile | trend over recente casa | trend over recente trasferta | profilo over esterno positivo || CONTRO: attacco casa non dominante | v22 monitora possibile sopravvalutazione weak_ga | profilo over interno debole | BTTS basso: possibile partita a senso unico;0.46;4.6;9.19;8.0;9.6;8.0;9.33;5.0;10.0;6.67;2.6.def1
2026-10-03;Norway_3rdDivision_Group2;Nardo;Strindheim;70.7;MEDIA-ALTA;25;2026-10-03;Norway_3rdDivision_Group2;Norway_3rdDivision_Group2;;"PRO: attacco casa positivo | attacco trasferta positivo | difesa casa vulnerabile | trend over recente casa | profilo over interno positivo | profilo over esterno positivo | alta tendenza BTTS || CONTRO: trend over trasferta non forte || V26DEF_STRONG_DEFENSE[Rule=AT_LEAST_ONE_STRONG;Threshold=1.20;Penalty=-14.00;HomeGALast5=1.80;AwayGALast5=0.60;BaseScore=84.70;FinalScore=70.70]";3.23;13.0;13.0;8.0;6.4;10.8;6.0;7.0;8.33;8.94;2.6.def1
2026-10-03;Germany_Oberliga_Westfalen;Lippstadt;SpVgg Herne Horsthausen;70.55;MEDIA;9;2026-10-03;Germany_Oberliga_Westfalen;Germany_Oberliga_Westfalen;;PRO: attacco casa positivo | attacco trasferta positivo | difesa trasferta vulnerabile | difesa casa vulnerabile | trend over recente trasferta | profilo over interno positivo || CONTRO: v22 monitora possibile sopravvalutazione weak_ga | trend over casa non forte | profilo over esterno debole | BTTS basso: possibile partita a senso unico;2.47;8.86;10.34;5.45;10.0;6.0;9.0;6.67;5.0;6.75;2.6.def1
2026-10-03;Poland_IIILiga_Group2;Elana Torun;Luzino;70.26;MEDIA-ALTA;11;2026-10-03;Poland_IIILiga_Group2;Poland_IIILiga_Group2;;"PRO: attacco trasferta positivo | difesa casa vulnerabile | trend over recente casa | trend over recente trasferta | profilo over interno positivo | profilo over esterno positivo | alta tendenza BTTS || CONTRO: attacco casa non dominante || V26DEF_STRONG_DEFENSE[Rule=AT_LEAST_ONE_STRONG;Threshold=1.20;Penalty=-14.00;HomeGALast5=2.20;AwayGALast5=0.60;BaseScore=84.26;FinalScore=70.26]";6.0;7.68;13.0;7.64;4.55;9.6;9.6;6.0;10.0;10.2;2.6.def1
2026-10-03;Austria_Regionalliga_North;Grodig;Dietach;69.98;MEDIA;12;2026-10-03;Austria_Regionalliga_North;Austria_Regionalliga_North;;PRO: difesa trasferta vulnerabile | difesa casa vulnerabile | trend over recente casa | trend over recente trasferta | profilo over interno positivo | profilo over esterno positivo || CONTRO: attacco casa non dominante | ospite poco prolifico: rischio 1-0 / 2-0 | v22 monitora possibile sopravvalutazione weak_ga | BTTS basso: possibile partita a senso unico;1.85;7.88;7.22;5.25;10.0;8.0;9.33;6.0;7.78;6.67;2.6.def1
2026-10-03;NorthernIreland_NIFLChampionship;H&W Welders;Rathfriland;69.92;MEDIA;10;2026-10-03;NorthernIreland_NIFLChampionship;NorthernIreland_NIFLChampionship;;PRO: attacco casa positivo | difesa trasferta vulnerabile | difesa casa vulnerabile | trend over recente casa | profilo over esterno positivo || CONTRO: ospite poco prolifico: rischio 1-0 / 2-0 | v22 monitora possibile sopravvalutazione weak_ga | trend over trasferta non forte | profilo over interno debole | BTTS basso: possibile partita a senso unico;4.4;11.16;3.94;5.25;10.0;9.33;6.67;5.0;7.5;6.67;2.6.def1
2026-10-03;CzechRepublic_4Liga_GroupB;Ostrov;Chomutov;69.85;MEDIA-ALTA;10;2026-10-03;CzechRepublic_4Liga_GroupB;CzechRepublic_4Liga_GroupB;CzechRepublic_4Liga;"PRO: attacco casa positivo | attacco trasferta positivo | difesa casa vulnerabile | trend over recente casa | trend over recente trasferta | profilo over interno positivo | profilo over esterno positivo | alta tendenza BTTS || CONTRO: nessun contro rilevante || V26DEF_STRONG_DEFENSE[Rule=AT_LEAST_ONE_STRONG;Threshold=1.20;Penalty=-14.00;HomeGALast5=2.00;AwayGALast5=0.80;BaseScore=83.85;FinalScore=69.85]";6.0;10.34;13.0;8.0;2.84;12.0;7.5;10.0;6.67;7.5;2.6.def1
2026-10-03;Germany_Oberliga_Bayern_Sud;Pfaffenhofen;Deisenhofen;69.81;MEDIA;14;2026-10-03;Germany_Oberliga_Bayern_Sud;Germany_Oberliga_Bayern_Sud;;PRO: attacco casa positivo | difesa trasferta vulnerabile | difesa casa vulnerabile | trend over recente casa | profilo over interno positivo || CONTRO: ospite poco prolifico: rischio 1-0 / 2-0 | v22 monitora possibile sopravvalutazione weak_ga | trend over trasferta non forte | profilo over esterno debole | BTTS basso: possibile partita a senso unico;3.18;9.85;8.37;6.06;9.09;9.6;6.0;6.67;5.0;6.0;2.6.def1
2026-10-03;Mexico_LigaExpansionMX_Apertura;Correcaminos;Cruz Azul Hidalgo;69.71;MEDIA;12;2026-10-03;Mexico_LigaExpansionMX_Apertura;Mexico_LigaExpansionMX_Apertura;;PRO: attacco casa positivo | difesa trasferta vulnerabile | difesa casa vulnerabile | trend over recente casa | profilo over interno positivo | alta tendenza BTTS || CONTRO: ospite poco prolifico: rischio 1-0 / 2-0 | v22 monitora possibile sopravvalutazione weak_ga | trend over trasferta non forte | profilo over esterno debole;3.86;11.23;6.5;6.55;8.18;9.6;6.0;6.0;4.0;7.8;2.6.def1
2026-10-03;Poland_IIILiga_Group1;LKS Lomza;Elblag;69.62;MEDIA;11;2026-10-03;Poland_IIILiga_Group1;Poland_IIILiga_Group1;;PRO: difesa trasferta vulnerabile | difesa casa vulnerabile | trend over recente trasferta | profilo over esterno positivo | alta tendenza BTTS || CONTRO: attacco casa non dominante | ospite poco prolifico: rischio 1-0 / 2-0 | v22 monitora possibile sopravvalutazione weak_ga | trend over casa non forte | profilo over interno debole;1.85;5.91;8.27;8.0;9.09;6.0;9.6;2.5;10.0;8.4;2.6.def1
2026-10-03;Poland_IIILiga_Group3;Brzeg;Carina Gubin;69.5;MEDIA;11;2026-10-03;Poland_IIILiga_Group3;Poland_IIILiga_Group3;;PRO: attacco casa positivo | difesa trasferta vulnerabile | difesa casa vulnerabile | trend over recente trasferta | profilo over esterno positivo | alta tendenza BTTS || CONTRO: ospite poco prolifico: rischio 1-0 / 2-0 | v22 monitora possibile sopravvalutazione weak_ga | trend over casa non forte | profilo over interno debole;2.31;10.64;4.14;5.82;10.0;6.0;8.4;5.0;10.0;7.2;2.6.def1
2026-10-03;Germany_Oberliga_Bayern_Nord;Fortuna Regensburg;Regensburg 2;69.36;MEDIA-ALTA;17;2026-10-03;Germany_Oberliga_Bayern_Nord;Germany_Oberliga_Bayern_Nord;;"PRO: attacco casa positivo | attacco trasferta positivo | difesa trasferta vulnerabile | difesa casa vulnerabile | trend over recente casa | trend over recente trasferta | profilo over interno positivo | profilo over esterno positivo | alta tendenza BTTS || CONTRO: v22 monitora possibile sopravvalutazione weak_ga || V26DEF_STRONG_DEFENSE[Rule=AT_LEAST_ONE_STRONG;Threshold=1.20;Penalty=-14.00;HomeGALast5=1.60;AwayGALast5=1.00;BaseScore=83.36;FinalScore=69.36]";0.35;13.0;12.8;5.76;7.58;9.6;9.6;8.33;8.33;8.0;2.6.def1
2026-10-03;Austria_Oberosterreich;St. Martin im Muhlreis;Ostermiething;69.25;MEDIA;13;2026-10-03;Austria_Oberosterreich;Austria_Oberosterreich;;PRO: difesa trasferta vulnerabile | difesa casa vulnerabile | trend over recente casa | trend over recente trasferta | profilo over esterno positivo | alta tendenza BTTS || CONTRO: attacco casa non dominante | ospite poco prolifico: rischio 1-0 / 2-0 | v22 monitora possibile sopravvalutazione weak_ga | profilo over interno debole;2.0;3.94;8.12;8.0;8.52;9.33;9.0;5.0;7.5;7.83;2.6.def1
2026-10-03;NorthernIreland_NIFLChampionship;Institute;Newington;69.16;MEDIA;10;2026-10-03;NorthernIreland_NIFLChampionship;NorthernIreland_NIFLChampionship;;PRO: attacco casa positivo | attacco trasferta positivo | difesa casa vulnerabile | trend over recente trasferta || CONTRO: trend over casa non forte | profilo over interno debole | profilo over esterno debole | BTTS basso: possibile partita a senso unico;3.2;8.54;13.0;6.87;5.56;6.67;9.33;5.0;5.0;6.0;2.6.def1
2026-10-03;Wales_CymruPremier;Ammanford;Holywell;69.1;PROX-MEDIA;13;2026-10-03;Wales_CymruPremier;Wales_CymruPremier;;PRO: difesa trasferta vulnerabile | difesa casa vulnerabile | trend over recente casa | trend over recente trasferta | profilo over interno positivo | profilo over esterno positivo | alta tendenza BTTS || CONTRO: attacco casa non dominante | ospite poco prolifico: rischio 1-0 / 2-0 | v22 monitora possibile sopravvalutazione weak_ga;0.46;3.76;6.45;8.0;10.0;8.4;8.4;8.0;8.0;7.64;2.6.def1
2026-10-03;Sweden_Division2_Norrland;Gottne;Boden;68.99;PROX-MEDIA;28;2026-10-03;Sweden_Division2_Norrland;Sweden_Division2_Norrland;;PRO: attacco casa positivo | difesa trasferta vulnerabile | difesa casa vulnerabile | trend over recente casa | trend over recente trasferta | profilo over interno positivo | alta tendenza BTTS || CONTRO: ospite poco prolifico: rischio 1-0 / 2-0 | v22 monitora possibile sopravvalutazione weak_ga | profilo over esterno debole;0.5;11.33;7.63;7.73;7.01;9.6;7.2;7.27;2.73;8.0;2.6.def1
2026-10-03;Norway_3rdDivision_Group6;SK Gjovik-Lyn;Raelingen;68.97;PROX-MEDIA;23;2026-10-03;Norway_3rdDivision_Group6;Norway_3rdDivision_Group6;;PRO: attacco casa positivo | attacco trasferta positivo | difesa trasferta vulnerabile | trend over recente casa | trend over recente trasferta | profilo over esterno positivo || CONTRO: v22 monitora possibile sopravvalutazione weak_ga | profilo over interno debole | BTTS basso: possibile partita a senso unico;2.31;8.72;11.01;3.46;10.0;7.2;7.2;4.0;9.0;6.06;2.6.def1
2026-10-03;Sweden_Division2_Norrland;Lucksta;IFK Ostersund;68.97;MEDIA-ALTA;28;2026-10-03;Sweden_Division2_Norrland;Sweden_Division2_Norrland;;"PRO: attacco casa positivo | attacco trasferta positivo | difesa trasferta vulnerabile | difesa casa vulnerabile | trend over recente casa | trend over recente trasferta | profilo over interno positivo | profilo over esterno positivo | alta tendenza BTTS || CONTRO: v22 monitora possibile sopravvalutazione weak_ga || V26DEF_STRONG_DEFENSE[Rule=AT_LEAST_ONE_STRONG;Threshold=1.20;Penalty=-14.00;HomeGALast5=2.40;AwayGALast5=0.80;BaseScore=82.97;FinalScore=68.97]";2.5;10.09;12.8;8.0;7.39;8.4;9.6;8.18;7.5;8.5;2.6.def1
2026-10-03;CzechRepublic_4Liga_GroupA;Domazlice B;Nyrsko;68.44;MEDIA;9;2026-10-03;CzechRepublic_4Liga_GroupA;CzechRepublic_4Liga_GroupA;CzechRepublic_4Liga;PRO: difesa trasferta vulnerabile | difesa casa vulnerabile | trend over recente casa | trend over recente trasferta | profilo over interno positivo | profilo over esterno positivo || CONTRO: attacco casa non dominante | ospite poco prolifico: rischio 1-0 / 2-0 | v22 monitora possibile sopravvalutazione weak_ga | BTTS basso: possibile partita a senso unico;2.4;4.92;5.06;6.67;10.0;8.0;10.29;10.0;6.67;4.43;2.6.def1
2026-10-03;England_NPLPremierDivision;Bamber Bridge;Quorn;68.41;MEDIA;11;2026-10-03;England_NPLPremierDivision;England_NPLPremierDivision;;PRO: difesa trasferta vulnerabile | difesa casa vulnerabile | trend over recente casa | trend over recente trasferta | profilo over esterno positivo | alta tendenza BTTS || CONTRO: attacco casa non dominante | ospite poco prolifico: rischio 1-0 / 2-0 | v22 monitora possibile sopravvalutazione weak_ga | profilo over interno debole;0.86;8.27;7.88;8.0;10.0;7.2;8.0;4.0;6.0;8.2;2.6.def1
2026-10-03;CzechRepublic_4Liga_GroupC;Trutnov;Vykan;68.26;MEDIA-ALTA;10;2026-10-03;CzechRepublic_4Liga_GroupC;CzechRepublic_4Liga_GroupC;CzechRepublic_4Liga;"PRO: attacco casa positivo | attacco trasferta positivo | difesa trasferta vulnerabile | trend over recente casa | trend over recente trasferta | profilo over interno positivo | profilo over esterno positivo | alta tendenza BTTS || CONTRO: v22 monitora possibile sopravvalutazione weak_ga || V26DEF_STRONG_DEFENSE[Rule=AT_LEAST_ONE_STRONG;Threshold=1.20;Penalty=-14.00;HomeGALast5=1.00;AwayGALast5=1.80;BaseScore=82.26;FinalScore=68.26]";6.0;11.08;12.56;5.0;7.95;9.0;9.0;7.5;6.67;7.5;2.6.def1
2026-10-03;Finland_Kolmonen_Eastern_Group3;STPS;KJP;68.26;MEDIA;26;2026-10-03;Finland_Kolmonen_Eastern_Group3;Finland_Kolmonen_Eastern_Group3;;PRO: attacco casa positivo | attacco trasferta positivo | difesa casa vulnerabile | trend over recente casa | profilo over interno positivo || CONTRO: trend over trasferta non forte | profilo over esterno debole | BTTS basso: possibile partita a senso unico;3.27;8.6;11.3;8.0;5.73;8.4;6.0;6.0;4.55;6.42;2.6.def1
2026-10-03;Austria_Regionalliga_North;Wallern/St Marienkirchen;UFC Hallein;68.25;MEDIA-ALTA;12;2026-10-03;Austria_Regionalliga_North;Austria_Regionalliga_North;;"PRO: attacco casa positivo | difesa trasferta vulnerabile | trend over recente casa | trend over recente trasferta | profilo over interno positivo | profilo over esterno positivo || CONTRO: ospite poco prolifico: rischio 1-0 / 2-0 | v22 monitora possibile sopravvalutazione weak_ga | BTTS basso: possibile partita a senso unico || V26DEF_STRONG_DEFENSE[Rule=AT_LEAST_ONE_STRONG;Threshold=1.20;Penalty=-14.00;HomeGALast5=1.00;AwayGALast5=2.20;BaseScore=82.25;FinalScore=68.25]";5.54;13.0;5.91;3.64;10.0;10.67;9.33;7.5;10.0;6.67;2.6.def1
2026-10-03;Poland_IIILiga_Group3;Goczalkowice Zdroj;ROW Rybnik;68.12;PROX-MEDIA;11;2026-10-03;Poland_IIILiga_Group3;Poland_IIILiga_Group3;;PRO: attacco trasferta positivo | difesa trasferta vulnerabile | difesa casa vulnerabile | trend over recente trasferta || CONTRO: attacco casa non dominante | v22 monitora possibile sopravvalutazione weak_ga | trend over casa non forte | profilo over interno debole | profilo over esterno debole | BTTS basso: possibile partita a senso unico;2.77;6.5;13.0;5.45;10.0;4.8;9.6;5.0;5.0;6.0;2.6.def1
2026-10-03;Finland_Kolmonen_North;Ajax Sarkkiranta;KaPa;68.03;MEDIA-ALTA;23;2026-10-03;Finland_Kolmonen_North;Finland_Kolmonen_North;;"PRO: attacco casa positivo | attacco trasferta positivo | difesa casa vulnerabile | trend over recente casa | trend over recente trasferta | profilo over esterno positivo || CONTRO: profilo over interno debole | BTTS basso: possibile partita a senso unico || V26DEF_STRONG_DEFENSE[Rule=AT_LEAST_ONE_STRONG;Threshold=1.20;Penalty=-14.00;HomeGALast5=4.00;AwayGALast5=1.00;BaseScore=82.03;FinalScore=68.03]";2.0;11.82;13.0;8.0;5.4;10.8;9.6;5.71;8.75;6.95;2.6.def1
2026-10-03;Denmark_ALigaWomen;ASA Aarhus D;Midtjylland D;67.97;MEDIA;10;2026-10-03;Denmark_ALigaWomen;Denmark_ALigaWomen;;PRO: attacco trasferta positivo | difesa casa vulnerabile | trend over recente casa | profilo over interno positivo | alta tendenza BTTS || CONTRO: attacco casa non dominante | trend over trasferta non forte | profilo over esterno debole;1.33;7.22;9.85;7.68;6.06;9.33;6.67;7.5;5.0;7.33;2.6.def1
2026-10-03;Austria_Vorarlberg;A. Lustenau (Am);Schlins;67.86;MEDIA;8;2026-10-03;Austria_Vorarlberg;Austria_Vorarlberg;fourth tier;PRO: attacco casa positivo | difesa trasferta vulnerabile | difesa casa vulnerabile | trend over recente casa | alta tendenza BTTS || CONTRO: ospite poco prolifico: rischio 1-0 / 2-0 | v22 monitora possibile sopravvalutazione weak_ga | trend over trasferta non forte | profilo over interno debole | profilo over esterno debole;1.85;8.86;7.09;7.27;8.18;10.0;4.8;5.0;5.0;9.8;2.6.def1
2026-10-03;Austria_Karnten;SC Landskron;SC St. Veit;67.81;MEDIA-ALTA;12;2026-10-03;Austria_Karnten;Austria_Karnten;;"PRO: attacco casa positivo | attacco trasferta positivo | difesa casa vulnerabile | trend over recente casa | trend over recente trasferta | profilo over esterno positivo | alta tendenza BTTS || CONTRO: profilo over interno debole || V26DEF_STRONG_DEFENSE[Rule=AT_LEAST_ONE_STRONG;Threshold=1.20;Penalty=-14.00;HomeGALast5=1.80;AwayGALast5=0.80;BaseScore=81.81;FinalScore=67.81]";1.38;13.0;13.0;6.87;5.56;8.0;12.0;4.0;10.0;8.0;2.6.def1
2026-10-03;Austria_Regionalliga_West;Altach U21;Hohenems;67.77;MEDIA-ALTA;11;2026-10-03;Austria_Regionalliga_West;Austria_Regionalliga_West;;"PRO: attacco casa positivo | attacco trasferta positivo | difesa casa vulnerabile | trend over recente casa | trend over recente trasferta | profilo over interno positivo | profilo over esterno positivo | alta tendenza BTTS || CONTRO: nessun contro rilevante || V26DEF_STRONG_DEFENSE[Rule=AT_LEAST_ONE_STRONG;Threshold=1.20;Penalty=-14.00;HomeGALast5=3.20;AwayGALast5=0.80;BaseScore=81.77;FinalScore=67.77]";5.2;9.19;13.0;8.0;4.04;9.33;9.33;7.5;7.5;8.67;2.6.def1
2026-10-03;Norway_2ndDivision_Group2;Skeid;Honefoss;67.63;MEDIA-ALTA;27;2026-10-03;Norway_2ndDivision_Group2;Norway_2ndDivision_Group2;;"PRO: attacco trasferta positivo | difesa casa vulnerabile | trend over recente casa | trend over recente trasferta | profilo over interno positivo | profilo over esterno positivo | alta tendenza BTTS || CONTRO: attacco casa non dominante || V26DEF_STRONG_DEFENSE[Rule=AT_LEAST_ONE_STRONG;Threshold=1.20;Penalty=-14.00;HomeGALast5=2.60;AwayGALast5=1.00;BaseScore=81.63;FinalScore=67.63]";3.23;8.06;13.0;7.93;6.28;8.4;9.6;8.0;9.0;8.13;2.6.def1
2026-10-03;Netherlands_EersteDivisie;Vitesse;Breda;67.63;MEDIA-ALTA;11;2026-10-03;Netherlands_EersteDivisie;Netherlands_EersteDivisie;;"PRO: attacco casa positivo | attacco trasferta positivo | difesa trasferta vulnerabile | trend over recente casa | trend over recente trasferta | profilo over interno positivo | profilo over esterno positivo | alta tendenza BTTS || CONTRO: v22 monitora possibile sopravvalutazione weak_ga || V26DEF_STRONG_DEFENSE[Rule=AT_LEAST_ONE_STRONG;Threshold=1.20;Penalty=-14.00;HomeGALast5=1.20;AwayGALast5=2.40;BaseScore=81.63;FinalScore=67.63]";0.32;9.6;12.56;5.0;9.66;7.5;10.5;7.5;10.0;9.0;2.6.def1
2026-10-03;Germany_Oberliga_Bayern_Sud;Schalding;TSV 1880 Wasserburg;67.6;MEDIA-ALTA;14;2026-10-03;Germany_Oberliga_Bayern_Sud;Germany_Oberliga_Bayern_Sud;;"PRO: attacco trasferta positivo | difesa trasferta vulnerabile | difesa casa vulnerabile | trend over recente casa | trend over recente trasferta | profilo over interno positivo | profilo over esterno positivo | alta tendenza BTTS || CONTRO: attacco casa non dominante | v22 monitora possibile sopravvalutazione weak_ga || V26DEF_STRONG_DEFENSE[Rule=AT_LEAST_ONE_STRONG;Threshold=1.20;Penalty=-14.00;HomeGALast5=2.20;AwayGALast5=0.80;BaseScore=81.60;FinalScore=67.60]";4.59;7.39;13.0;8.0;7.2;7.2;8.4;10.0;8.33;7.5;2.6.def1
2026-10-03;Sweden_Division1_Sodra;Skövde;Utsikten;67.49;MEDIA;27;2026-10-03;Sweden_Division1_Sodra;Sweden_Division1_Sodra;;PRO: difesa trasferta vulnerabile | difesa casa vulnerabile | trend over recente casa | trend over recente trasferta | profilo over esterno positivo || CONTRO: attacco casa non dominante | ospite poco prolifico: rischio 1-0 / 2-0 | v22 monitora possibile sopravvalutazione weak_ga | profilo over interno debole | BTTS basso: possibile partita a senso unico;2.0;6.89;5.17;5.45;10.0;9.6;7.2;5.0;9.17;7.0;2.6.def1
2026-10-03;CzechRepublic_4Liga_GroupF;Stonava;Frydlant n. O.;67.3;MEDIA-ALTA;9;2026-10-03;CzechRepublic_4Liga_GroupF;CzechRepublic_4Liga_GroupF;CzechRepublic_4Liga;"PRO: attacco casa positivo | difesa trasferta vulnerabile | trend over recente casa | trend over recente trasferta | profilo over interno positivo | profilo over esterno positivo | alta tendenza BTTS || CONTRO: ospite poco prolifico: rischio 1-0 / 2-0 | v22 monitora possibile sopravvalutazione weak_ga || V26DEF_STRONG_DEFENSE[Rule=AT_LEAST_ONE_STRONG;Threshold=1.20;Penalty=-14.00;HomeGALast5=1.20;AwayGALast5=4.60;BaseScore=81.30;FinalScore=67.30]";6.0;11.08;5.17;4.55;10.0;9.0;10.5;7.5;10.0;7.5;2.6.def1
2026-10-03;Poland_IIILiga_Group2;Unia Swarzedz;Kotwica Kornik;67.29;PROX-MEDIA;11;2026-10-03;Poland_IIILiga_Group2;Poland_IIILiga_Group2;;PRO: attacco trasferta positivo | difesa trasferta vulnerabile | difesa casa vulnerabile | trend over recente trasferta | alta tendenza BTTS || CONTRO: attacco casa non dominante | v22 monitora possibile sopravvalutazione weak_ga | trend over casa non forte | profilo over interno debole | profilo over esterno debole;0.46;7.68;10.64;6.91;10.0;6.0;8.4;5.0;5.0;7.2;2.6.def1
2026-10-03;Finland_Kakkonen_GroupB;MuSa;GrIFK;67.22;MEDIA;20;2026-10-03;Finland_Kakkonen_GroupB;Finland_Kakkonen_GroupB;;PRO: difesa trasferta vulnerabile | difesa casa vulnerabile | trend over recente casa | trend over recente trasferta | profilo over interno positivo || CONTRO: attacco casa non dominante | ospite poco prolifico: rischio 1-0 / 2-0 | v22 monitora possibile sopravvalutazione weak_ga | profilo over esterno debole | BTTS basso: possibile partita a senso unico;1.33;6.24;7.55;8.0;8.08;9.6;7.2;6.67;5.56;7.0;2.6.def1
2026-10-03;Germany_Oberliga_Bayern_Sud;Geretsried;Kirchanschoring;67.13;PROX-MEDIA;14;2026-10-03;Germany_Oberliga_Bayern_Sud;Germany_Oberliga_Bayern_Sud;;PRO: difesa trasferta vulnerabile | difesa casa vulnerabile | trend over recente trasferta | profilo over interno positivo | profilo over esterno positivo || CONTRO: attacco casa non dominante | ospite poco prolifico: rischio 1-0 / 2-0 | v22 monitora possibile sopravvalutazione weak_ga | trend over casa non forte | BTTS basso: possibile partita a senso unico;0.35;5.42;7.39;7.58;10.0;6.0;8.4;6.67;8.33;7.0;2.6.def1
2026-10-03;Poland_IIILiga_Group1;Suwalki;Plock 2;66.92;PROX-MEDIA;11;2026-10-03;Poland_IIILiga_Group1;Poland_IIILiga_Group1;;PRO: attacco casa positivo | attacco trasferta positivo | difesa trasferta vulnerabile | trend over recente trasferta | profilo over esterno positivo | alta tendenza BTTS || CONTRO: v22 monitora possibile sopravvalutazione weak_ga | trend over casa non forte | profilo over interno debole;0.92;10.64;13.0;3.64;7.73;3.6;8.4;4.0;6.0;9.0;2.6.def1
2026-10-03;Norway_3rdDivision_Group1;Konnerud;Heming;66.86;MEDIA-ALTA;27;2026-10-03;Norway_3rdDivision_Group1;Norway_3rdDivision_Group1;;"PRO: attacco trasferta positivo | difesa trasferta vulnerabile | difesa casa vulnerabile | trend over recente casa | trend over recente trasferta | profilo over esterno positivo | alta tendenza BTTS || CONTRO: attacco casa non dominante | v22 monitora possibile sopravvalutazione weak_ga | profilo over interno debole || V26DEF_STRONG_DEFENSE[Rule=AT_LEAST_ONE_STRONG;Threshold=1.20;Penalty=-14.00;HomeGALast5=1.60;AwayGALast5=1.20;BaseScore=80.86;FinalScore=66.86]";5.08;8.06;13.0;8.0;6.82;7.2;10.8;5.45;8.0;8.45;2.6.def1
2026-10-03;Italy_SerieC_GironeC;Giugliano;Barletta;66.81;MEDIA;8;2026-10-03;Italy_SerieC_GironeC;Italy_SerieC_GironeC;;PRO: attacco casa positivo | difesa trasferta vulnerabile | difesa casa vulnerabile | trend over recente casa | trend over recente trasferta | profilo over esterno positivo || CONTRO: ospite poco prolifico: rischio 1-0 / 2-0 | v22 monitora possibile sopravvalutazione weak_ga | profilo over interno debole | BTTS basso: possibile partita a senso unico;0.63;9.45;7.88;8.0;7.58;7.2;8.0;5.0;6.67;6.4;2.6.def1
2026-10-03;Germany_Oberliga_Hessen;Fernwald;RW Walldorf;66.75;PROX-MEDIA;13;2026-10-03;Germany_Oberliga_Hessen;Germany_Oberliga_Hessen;;PRO: attacco casa positivo | attacco trasferta positivo | difesa trasferta vulnerabile | difesa casa vulnerabile | trend over recente trasferta | profilo over esterno positivo | alta tendenza BTTS || CONTRO: v22 monitora possibile sopravvalutazione weak_ga | trend over casa non forte | profilo over interno debole;0.71;9.67;9.13;5.29;9.92;6.0;8.4;4.0;6.0;7.64;2.6.def1
2026-10-03;Germany_Regionalliga_Nord;SC Weiche-08;VfB Oldenburg;66.71;MEDIA-ALTA;13;2026-10-03;Germany_Regionalliga_Nord;Germany_Regionalliga_Nord;;"PRO: attacco casa positivo | attacco trasferta positivo | trend over recente casa | trend over recente trasferta | profilo over interno positivo | profilo over esterno positivo | alta tendenza BTTS || CONTRO: nessun contro rilevante || V26DEF_STRONG_DEFENSE[Rule=AT_LEAST_ONE_STRONG;Threshold=1.20;Penalty=-14.00;HomeGALast5=1.00;AwayGALast5=2.00;BaseScore=80.71;FinalScore=66.71]";1.41;13.0;13.0;3.97;6.36;10.8;9.6;8.0;6.0;8.56;2.6.def1
2026-10-03;Finland_Kolmonen_North;Santa Claus;KajHa;66.69;MEDIA-ALTA;23;2026-10-03;Finland_Kolmonen_North;Finland_Kolmonen_North;;"PRO: attacco trasferta positivo | difesa casa vulnerabile | trend over recente casa | trend over recente trasferta | profilo over interno positivo | profilo over esterno positivo || CONTRO: attacco casa non dominante | BTTS basso: possibile partita a senso unico || V26DEF_STRONG_DEFENSE[Rule=AT_LEAST_ONE_STRONG;Threshold=1.20;Penalty=-14.00;HomeGALast5=3.20;AwayGALast5=1.00;BaseScore=80.69;FinalScore=66.69]";4.67;7.76;13.0;8.0;5.11;10.8;9.6;7.5;7.5;6.75;2.6.def1
2026-10-03;Norway_OBOSLigaen;Strömsgodset;Åsane;66.64;MEDIA-ALTA;24;2026-10-03;Norway_OBOSLigaen;Norway_OBOSLigaen;;"PRO: attacco casa positivo | attacco trasferta positivo | difesa trasferta vulnerabile | trend over recente trasferta | profilo over interno positivo | profilo over esterno positivo | alta tendenza BTTS || CONTRO: v22 monitora possibile sopravvalutazione weak_ga | trend over casa non forte || V26DEF_STRONG_DEFENSE[Rule=AT_LEAST_ONE_STRONG;Threshold=1.20;Penalty=-14.00;HomeGALast5=1.00;AwayGALast5=2.40;BaseScore=80.64;FinalScore=66.64]";4.8;13.0;8.74;4.9;10.0;6.0;12.0;7.27;6.36;7.57;2.6.def1
2026-10-03;Germany_Oberliga_SchleswigHolstein;Phonix Lubeck B;Eichede;66.57;MEDIA-ALTA;12;2026-10-03;Germany_Oberliga_SchleswigHolstein;Germany_Oberliga_SchleswigHolstein;;"PRO: attacco casa positivo | attacco trasferta positivo | difesa casa vulnerabile | trend over recente casa | profilo over interno positivo | profilo over esterno positivo | alta tendenza BTTS || CONTRO: trend over trasferta non forte || V26DEF_STRONG_DEFENSE[Rule=AT_LEAST_ONE_STRONG;Threshold=1.20;Penalty=-14.00;HomeGALast5=2.60;AwayGALast5=1.00;BaseScore=80.57;FinalScore=66.57]";1.2;13.0;8.86;8.0;5.91;12.0;6.0;10.0;6.0;9.6;2.6.def1
2026-10-03;Norway_3rdDivision_Group2;FK Kvik;Byåsen;66.53;MEDIA-ALTA;25;2026-10-03;Norway_3rdDivision_Group2;Norway_3rdDivision_Group2;;"PRO: attacco casa positivo | attacco trasferta positivo | difesa trasferta vulnerabile | difesa casa vulnerabile | trend over recente trasferta | profilo over interno positivo | profilo over esterno positivo | alta tendenza BTTS || CONTRO: v22 monitora possibile sopravvalutazione weak_ga | trend over casa non forte || V26DEF_STRONG_DEFENSE[Rule=AT_LEAST_ONE_STRONG;Threshold=1.20;Penalty=-14.00;HomeGALast5=3.20;AwayGALast5=1.00;BaseScore=80.53;FinalScore=66.53]";3.69;8.72;13.0;8.0;8.44;6.0;9.6;6.36;9.0;7.71;2.6.def1
2026-10-03;Belarus_PershayaLiga;Orsha;Niva Dolbizno;66.49;MEDIA-ALTA;29;2026-10-03;Belarus_PershayaLiga;Belarus_PershayaLiga;;"PRO: attacco trasferta positivo | difesa casa vulnerabile | trend over recente casa | trend over recente trasferta | profilo over interno positivo | profilo over esterno positivo | alta tendenza BTTS || CONTRO: attacco casa non dominante || V26DEF_STRONG_DEFENSE[Rule=AT_LEAST_ONE_STRONG;Threshold=1.20;Penalty=-14.00;HomeGALast5=2.40;AwayGALast5=1.00;BaseScore=80.49;FinalScore=66.49]";4.94;6.36;13.0;7.13;5.42;9.6;10.8;7.69;7.69;7.85;2.6.def1
2026-10-03;Sweden_Division2_SodraSvealand;Forward;Sleipner;66.26;MEDIA-ALTA;24;2026-10-03;Sweden_Division2_SodraSvealand;Sweden_Division2_SodraSvealand;;"PRO: attacco casa positivo | attacco trasferta positivo | difesa trasferta vulnerabile | difesa casa vulnerabile | trend over recente casa | trend over recente trasferta | profilo over interno positivo | profilo over esterno positivo | alta tendenza BTTS || CONTRO: v22 monitora possibile sopravvalutazione weak_ga || V26DEF_STRONG_DEFENSE[Rule=AT_LEAST_ONE_STRONG;Threshold=1.20;Penalty=-14.00;HomeGALast5=1.60;AwayGALast5=1.00;BaseScore=80.26;FinalScore=66.26]";0.92;13.0;12.33;6.48;6.92;8.4;8.4;6.36;9.09;8.35;2.6.def1
2026-10-03;Sweden_Division2_Norrland;Taftea IK;Kubikenborgs IF;66.12;MEDIA-ALTA;28;2026-10-03;Sweden_Division2_Norrland;Sweden_Division2_Norrland;;"PRO: attacco casa positivo | attacco trasferta positivo | difesa casa vulnerabile | trend over recente casa | trend over recente trasferta | profilo over interno positivo | profilo over esterno positivo | alta tendenza BTTS || CONTRO: nessun contro rilevante || V26DEF_STRONG_DEFENSE[Rule=AT_LEAST_ONE_STRONG;Threshold=1.20;Penalty=-14.00;HomeGALast5=1.40;AwayGALast5=1.20;BaseScore=80.12;FinalScore=66.12]";0.5;13.0;13.0;5.53;5.73;10.8;8.4;7.27;7.27;8.61;2.6.def1
2026-10-03;Norway_OBOSLigaen;Haugesund;Stabaek;66.06;MEDIA-ALTA;24;2026-10-03;Norway_OBOSLigaen;Norway_OBOSLigaen;;"PRO: attacco casa positivo | attacco trasferta positivo | difesa casa vulnerabile | trend over recente casa | trend over recente trasferta | profilo over interno positivo | profilo over esterno positivo | alta tendenza BTTS || CONTRO: nessun contro rilevante || V26DEF_STRONG_DEFENSE[Rule=AT_LEAST_ONE_STRONG;Threshold=1.20;Penalty=-14.00;HomeGALast5=0.60;AwayGALast5=2.00;BaseScore=80.06;FinalScore=66.06]";1.2;13.0;13.0;6.17;5.73;9.6;9.6;7.27;6.67;7.83;2.6.def1
2026-10-03;Mexico_LigaExpansionMX_Apertura;Atletico La Paz;Venados;65.98;MEDIA-ALTA;12;2026-10-03;Mexico_LigaExpansionMX_Apertura;Mexico_LigaExpansionMX_Apertura;;"PRO: attacco casa positivo | attacco trasferta positivo | difesa trasferta vulnerabile | trend over recente casa | trend over recente trasferta | profilo over esterno positivo | alta tendenza BTTS || CONTRO: v22 monitora possibile sopravvalutazione weak_ga | profilo over interno debole || V26DEF_STRONG_DEFENSE[Rule=AT_LEAST_ONE_STRONG;Threshold=1.20;Penalty=-14.00;HomeGALast5=1.00;AwayGALast5=2.00;BaseScore=79.98;FinalScore=65.98]";1.29;13.0;13.0;4.0;9.09;8.4;10.8;4.0;8.0;8.4;2.6.def1
2026-10-03;Germany_Oberliga_Hamburg;HT 16;Teutonia Ottensen;65.95;MEDIA-ALTA;11;2026-10-03;Germany_Oberliga_Hamburg;Germany_Oberliga_Hamburg;;"PRO: attacco casa positivo | attacco trasferta positivo | difesa trasferta vulnerabile | difesa casa vulnerabile | trend over recente trasferta | profilo over interno positivo | profilo over esterno positivo | alta tendenza BTTS || CONTRO: v22 monitora possibile sopravvalutazione weak_ga | trend over casa non forte || V26DEF_STRONG_DEFENSE[Rule=AT_LEAST_ONE_STRONG;Threshold=1.20;Penalty=-14.00;HomeGALast5=1.20;AwayGALast5=2.00;BaseScore=79.95;FinalScore=65.95]";1.41;12.47;11.82;5.66;9.09;6.67;8.0;7.5;10.0;7.33;2.6.def1
2026-10-03;CzechRepublic_4Liga_GroupB;Tempo Prague;Sokolov;65.84;MEDIA-ALTA;10;2026-10-03;CzechRepublic_4Liga_GroupB;CzechRepublic_4Liga_GroupB;CzechRepublic_4Liga;"PRO: attacco casa positivo | attacco trasferta positivo | difesa casa vulnerabile | trend over recente casa | trend over recente trasferta | profilo over interno positivo | alta tendenza BTTS || CONTRO: profilo over esterno debole || V26DEF_STRONG_DEFENSE[Rule=AT_LEAST_ONE_STRONG;Threshold=1.20;Penalty=-14.00;HomeGALast5=1.80;AwayGALast5=1.20;BaseScore=79.84;FinalScore=65.84]";6.0;9.6;13.0;6.36;4.55;10.5;7.5;10.0;3.33;9.0;2.6.def1
2026-10-03;Austria_Niederosterreich;Ortmann;St. Peter in der Au;65.83;MEDIA;10;2026-10-03;Austria_Niederosterreich;Austria_Niederosterreich;;PRO: attacco trasferta positivo | difesa trasferta vulnerabile | difesa casa vulnerabile | trend over recente trasferta | profilo over esterno positivo || CONTRO: attacco casa non dominante | v22 monitora possibile sopravvalutazione weak_ga | trend over casa non forte | profilo over interno debole | BTTS basso: possibile partita a senso unico;0.8;5.17;8.86;5.91;10.0;4.5;10.5;3.33;10.0;6.75;2.6.def1
2026-10-03;Norway_OBOSLigaen;Strømmen;Sandnes;65.71;PROX-MEDIA;24;2026-10-03;Norway_OBOSLigaen;Norway_OBOSLigaen;;PRO: attacco casa positivo | difesa trasferta vulnerabile | difesa casa vulnerabile | trend over recente casa | profilo over interno positivo || CONTRO: ospite poco prolifico: rischio 1-0 / 2-0 | v22 monitora possibile sopravvalutazione weak_ga | trend over trasferta non forte | profilo over esterno debole | BTTS basso: possibile partita a senso unico;0.4;8.99;8.22;8.0;8.3;7.2;6.0;7.27;4.55;6.78;2.6.def1
2026-10-03;Denmark_3rdDivision;Bronshoj;BK Frem;65.42;MEDIA-ALTA;10;2026-10-03;Denmark_3rdDivision;Denmark_3rdDivision;;"PRO: attacco casa positivo | attacco trasferta positivo | difesa trasferta vulnerabile | trend over recente trasferta | profilo over interno positivo | profilo over esterno positivo | alta tendenza BTTS || CONTRO: v22 monitora possibile sopravvalutazione weak_ga | trend over casa non forte || V26DEF_STRONG_DEFENSE[Rule=AT_LEAST_ONE_STRONG;Threshold=1.20;Penalty=-14.00;HomeGALast5=0.80;AwayGALast5=2.60;BaseScore=79.42;FinalScore=65.42]";4.36;11.16;10.51;3.64;9.09;6.67;9.33;8.0;8.0;8.67;2.6.def1
2026-10-03;Germany_Oberliga_SchleswigHolstein;Nordmark Satrup;Rotenhof;65.33;MEDIA-ALTA;12;2026-10-03;Germany_Oberliga_SchleswigHolstein;Germany_Oberliga_SchleswigHolstein;;"PRO: attacco trasferta positivo | difesa trasferta vulnerabile | difesa casa vulnerabile | trend over recente casa | trend over recente trasferta | profilo over esterno positivo | alta tendenza BTTS || CONTRO: attacco casa non dominante | v22 monitora possibile sopravvalutazione weak_ga | profilo over interno debole || V26DEF_STRONG_DEFENSE[Rule=AT_LEAST_ONE_STRONG;Threshold=1.20;Penalty=-14.00;HomeGALast5=2.40;AwayGALast5=1.20;BaseScore=79.33;FinalScore=65.33]";2.0;7.68;12.41;8.0;8.64;8.4;9.6;5.0;8.0;9.6;2.6.def1
2026-10-03;Germany_Oberliga_BadenWurttemberg;Nottingen;Neckarsulm;65.23;MEDIA;12;2026-10-03;Germany_Oberliga_BadenWurttemberg;Germany_Oberliga_BadenWurttemberg;;PRO: difesa trasferta vulnerabile | difesa casa vulnerabile | trend over recente casa | trend over recente trasferta | profilo over esterno positivo | alta tendenza BTTS || CONTRO: attacco casa non dominante | ospite poco prolifico: rischio 1-0 / 2-0 | v22 monitora possibile sopravvalutazione weak_ga | profilo over interno debole;0.35;7.22;6.57;7.68;8.08;8.0;9.33;2.5;7.5;8.0;2.6.def1
2026-10-03;France_National;Versailles;Valenciennes;65.22;MEDIA;10;2026-10-03;France_National;France_National;;PRO: attacco casa positivo | difesa trasferta vulnerabile | difesa casa vulnerabile | trend over recente casa | trend over recente trasferta | profilo over esterno positivo || CONTRO: ospite poco prolifico: rischio 1-0 / 2-0 | v22 monitora possibile sopravvalutazione weak_ga | profilo over interno debole | BTTS basso: possibile partita a senso unico;3.53;8.86;6.65;5.45;7.39;9.0;7.5;3.33;7.5;6.0;2.6.def1
2026-10-03;Austria_Oberosterreich;Pregarten;Union Unis Gschwandt;64.96;MEDIA;13;2026-10-03;Austria_Oberosterreich;Austria_Oberosterreich;;PRO: difesa trasferta vulnerabile | difesa casa vulnerabile | trend over recente casa | trend over recente trasferta | profilo over esterno positivo || CONTRO: attacco casa non dominante | ospite poco prolifico: rischio 1-0 / 2-0 | v22 monitora possibile sopravvalutazione weak_ga | profilo over interno debole | BTTS basso: possibile partita a senso unico;0.8;6.57;7.39;8.0;7.95;8.0;7.5;5.0;6.67;7.08;2.6.def1
2026-10-03;Poland_IIILiga_Group2;Wda Swiecie;Sroda;64.88;MEDIA-ALTA;11;2026-10-03;Poland_IIILiga_Group2;Poland_IIILiga_Group2;;"PRO: attacco casa positivo | attacco trasferta positivo | difesa trasferta vulnerabile | trend over recente trasferta | profilo over interno positivo | profilo over esterno positivo | alta tendenza BTTS || CONTRO: v22 monitora possibile sopravvalutazione weak_ga | trend over casa non forte || V26DEF_STRONG_DEFENSE[Rule=AT_LEAST_ONE_STRONG;Threshold=1.20;Penalty=-14.00;HomeGALast5=1.00;AwayGALast5=2.40;BaseScore=78.88;FinalScore=64.88]";0.92;9.85;13.0;4.04;7.27;6.67;9.6;10.0;8.0;9.53;2.6.def1
2026-10-03;England_SouthernLeaguePremierCentral;Leighton Town;Peterborough Sports;64.84;MEDIA;10;2026-10-03;England_SouthernLeaguePremierCentral;England_SouthernLeaguePremierCentral;;PRO: attacco trasferta positivo | difesa trasferta vulnerabile | difesa casa vulnerabile | profilo over interno positivo | alta tendenza BTTS || CONTRO: attacco casa non dominante | v22 monitora possibile sopravvalutazione weak_ga | trend over casa non forte | trend over trasferta non forte | profilo over esterno debole;3.43;7.39;9.85;7.27;6.57;6.0;6.67;6.67;2.5;8.5;2.6.def1
2026-10-03;Bhutan_PremierLeague;Paro;BFF Academy U19;64.83;MEDIA-ALTA;20;2026-10-03;Bhutan_PremierLeague;Bhutan_PremierLeague;;"PRO: attacco casa positivo | attacco trasferta positivo | difesa trasferta vulnerabile | trend over recente casa | trend over recente trasferta | profilo over interno positivo | profilo over esterno positivo || CONTRO: v22 monitora possibile sopravvalutazione weak_ga | BTTS basso: possibile partita a senso unico || V26DEF_STRONG_DEFENSE[Rule=AT_LEAST_ONE_STRONG;Threshold=1.20;Penalty=-14.00;HomeGALast5=0.60;AwayGALast5=3.00;BaseScore=78.83;FinalScore=64.83]";4.0;13.0;10.08;2.91;10.0;9.6;8.4;7.14;6.67;7.04;2.6.def1
2026-10-03;Austria_Regionalliga_North;Wals-Grunau;Ried (Am);64.6;MEDIA-ALTA;12;2026-10-03;Austria_Regionalliga_North;Austria_Regionalliga_North;;"PRO: attacco casa positivo | difesa trasferta vulnerabile | trend over recente casa | trend over recente trasferta | profilo over interno positivo | profilo over esterno positivo | alta tendenza BTTS || CONTRO: ospite poco prolifico: rischio 1-0 / 2-0 | v22 monitora possibile sopravvalutazione weak_ga || V26DEF_STRONG_DEFENSE[Rule=AT_LEAST_ONE_STRONG;Threshold=1.20;Penalty=-14.00;HomeGALast5=0.60;AwayGALast5=3.40;BaseScore=78.60;FinalScore=64.60]";5.08;12.41;5.91;4.0;10.0;9.6;8.4;10.0;6.0;7.2;2.6.def1
2026-10-03;Wales_CymruSouth;Pontypridd;Aberystwyth;64.6;MEDIA-ALTA;9;2026-10-03;Wales_CymruSouth;Wales_CymruSouth;Wales_CymruTier2;"PRO: attacco casa positivo | attacco trasferta positivo | difesa casa vulnerabile | trend over recente casa | trend over recente trasferta | profilo over interno positivo | profilo over esterno positivo | alta tendenza BTTS || CONTRO: nessun contro rilevante || V26DEF_STRONG_DEFENSE[Rule=AT_LEAST_ONE_STRONG;Threshold=1.20;Penalty=-14.00;HomeGALast5=1.60;AwayGALast5=0.80;BaseScore=78.60;FinalScore=64.60]";4.0;13.0;10.64;6.06;3.64;10.0;7.2;6.67;10.0;7.4;2.6.def1
2026-10-03;Poland_Division2;Swit Szczecin;Kleczew;64.49;MEDIA;10;2026-10-03;Poland_Division2;Poland_Division2;;PRO: difesa trasferta vulnerabile | difesa casa vulnerabile | trend over recente casa | profilo over esterno positivo | alta tendenza BTTS || CONTRO: attacco casa non dominante | ospite poco prolifico: rischio 1-0 / 2-0 | v22 monitora possibile sopravvalutazione weak_ga | trend over trasferta non forte | profilo over interno debole;0.35;5.91;6.57;8.0;10.0;8.0;6.67;5.0;6.67;7.33;2.6.def1
2026-10-03;Norway_3rdDivision_Group1;Union Carl Berner;Lokomotiv Oslo;64.43;MEDIA-ALTA;27;2026-10-03;Norway_3rdDivision_Group1;Norway_3rdDivision_Group1;;"PRO: attacco casa positivo | attacco trasferta positivo | difesa trasferta vulnerabile | difesa casa vulnerabile | trend over recente casa | trend over recente trasferta | profilo over esterno positivo | alta tendenza BTTS || CONTRO: v22 monitora possibile sopravvalutazione weak_ga | profilo over interno debole || V26DEF_STRONG_DEFENSE[Rule=AT_LEAST_ONE_STRONG;Threshold=1.20;Penalty=-14.00;HomeGALast5=1.00;AwayGALast5=2.20;BaseScore=78.43;FinalScore=64.43]";1.38;10.13;11.01;5.37;10.0;8.4;9.6;5.0;10.0;7.53;2.6.def1
2026-10-03;Slovenia_2SNL;Brezice;Primorje;64.27;MEDIA;10;2026-10-03;Slovenia_2SNL;Slovenia_2SNL;;PRO: difesa trasferta vulnerabile | difesa casa vulnerabile | trend over recente casa | trend over recente trasferta | profilo over interno positivo | profilo over esterno positivo | alta tendenza BTTS || CONTRO: attacco casa non dominante | ospite poco prolifico: rischio 1-0 / 2-0 | v22 monitora possibile sopravvalutazione weak_ga;1.6;5.17;6.65;7.73;7.95;7.5;7.5;6.67;6.0;7.5;2.6.def1
2026-10-03;Germany_Regionalliga_Nord;Drochtersen/Assel;Jeddeloh;64.17;MEDIA-ALTA;13;2026-10-03;Germany_Regionalliga_Nord;Germany_Regionalliga_Nord;;"PRO: attacco casa positivo | attacco trasferta positivo | difesa trasferta vulnerabile | difesa casa vulnerabile | trend over recente casa | trend over recente trasferta | profilo over interno positivo | profilo over esterno positivo || CONTRO: v22 monitora possibile sopravvalutazione weak_ga | BTTS basso: possibile partita a senso unico || V26DEF_STRONG_DEFENSE[Rule=AT_LEAST_ONE_STRONG;Threshold=1.20;Penalty=-14.00;HomeGALast5=1.20;AwayGALast5=2.40;BaseScore=78.17;FinalScore=64.17]";3.53;13.0;8.6;5.29;10.0;9.6;8.4;6.67;6.0;7.09;2.6.def1
2026-10-03;Austria_Burgenland;Lackenbach;Halbturn;64.02;MEDIA;10;2026-10-03;Austria_Burgenland;Austria_Burgenland;;PRO: difesa trasferta vulnerabile | difesa casa vulnerabile | trend over recente trasferta | profilo over esterno positivo || CONTRO: attacco casa non dominante | ospite poco prolifico: rischio 1-0 / 2-0 | v22 monitora possibile sopravvalutazione weak_ga | trend over casa non forte | profilo over interno debole | BTTS basso: possibile partita a senso unico;2.8;3.69;5.91;7.27;9.09;4.5;10.5;5.0;10.0;5.25;2.6.def1
2026-10-03;NorthernIreland_NIFLPremiership;Cliftonville;Ballymena;63.66;MEDIA;12;2026-10-03;NorthernIreland_NIFLPremiership;NorthernIreland_NIFLPremiership;;PRO: attacco trasferta positivo | profilo over interno positivo | profilo over esterno positivo || CONTRO: attacco casa non dominante | trend over casa non forte | trend over trasferta non forte | BTTS basso: possibile partita a senso unico;1.64;7.88;8.86;4.44;6.25;6.67;6.0;7.5;8.0;6.42;2.6.def1
2026-10-03;Sweden_Division2_VastraGotaland;Boljan;Jonsereds;63.54;PROX-MEDIA;26;2026-10-03;Sweden_Division2_VastraGotaland;Sweden_Division2_VastraGotaland;;PRO: attacco casa positivo | attacco trasferta positivo | difesa trasferta vulnerabile | profilo over interno positivo | alta tendenza BTTS || CONTRO: v22 monitora possibile sopravvalutazione weak_ga | trend over casa non forte | trend over trasferta non forte | profilo over esterno debole;1.85;9.25;10.02;4.9;7.31;6.0;6.0;7.27;3.64;7.3;2.6.def1
2026-10-03;Poland_IIILiga_Group2;Notec Czarnkow;Swinoujscie;63.53;PROX-MEDIA;11;2026-10-03;Poland_IIILiga_Group2;Poland_IIILiga_Group2;;PRO: attacco casa positivo | attacco trasferta positivo | difesa trasferta vulnerabile | difesa casa vulnerabile | trend over recente casa | profilo over esterno positivo || CONTRO: v22 monitora possibile sopravvalutazione weak_ga | trend over trasferta non forte | profilo over interno debole | BTTS basso: possibile partita a senso unico;0.92;8.86;8.86;5.45;7.73;7.2;6.0;5.0;7.5;6.0;2.6.def1
2026-10-03;England_SouthernLeaguePremierSouth;Yate Town;Frome;63.45;MEDIA;15;2026-10-03;England_SouthernLeaguePremierSouth;England_SouthernLeaguePremierSouth;;PRO: attacco trasferta positivo | difesa casa vulnerabile | trend over recente casa | profilo over interno positivo || CONTRO: attacco casa non dominante | trend over trasferta non forte | profilo over esterno debole | BTTS basso: possibile partita a senso unico;2.0;7.39;9.19;6.82;5.05;7.5;6.67;6.67;5.0;7.17;2.6.def1
2026-10-03;Austria_Regionalliga_West;Dornbirn;Kitzbuhel;63.33;MEDIA-ALTA;11;2026-10-03;Austria_Regionalliga_West;Austria_Regionalliga_West;;"PRO: attacco casa positivo | attacco trasferta positivo | trend over recente casa | trend over recente trasferta | profilo over interno positivo | profilo over esterno positivo || CONTRO: BTTS basso: possibile partita a senso unico || V26DEF_STRONG_DEFENSE[Rule=AT_LEAST_ONE_STRONG;Threshold=1.20;Penalty=-14.00;HomeGALast5=1.20;AwayGALast5=1.60;BaseScore=77.33;FinalScore=63.33]";1.2;13.0;13.0;3.23;6.06;8.0;9.33;7.5;10.0;6.0;2.6.def1
2026-10-03;Austria_Niederosterreich;Ardagger;Amstetten (Am);63.3;MEDIA-ALTA;10;2026-10-03;Austria_Niederosterreich;Austria_Niederosterreich;;"PRO: attacco casa positivo | difesa trasferta vulnerabile | trend over recente casa | trend over recente trasferta | profilo over interno positivo | alta tendenza BTTS || CONTRO: ospite poco prolifico: rischio 1-0 / 2-0 | v22 monitora possibile sopravvalutazione weak_ga | profilo over esterno debole || V26DEF_STRONG_DEFENSE[Rule=AT_LEAST_ONE_STRONG;Threshold=1.20;Penalty=-14.00;HomeGALast5=1.00;AwayGALast5=2.00;BaseScore=77.30;FinalScore=63.30]";3.6;12.56;6.65;5.0;10.0;9.0;9.0;7.5;5.0;9.0;2.6.def1
2026-10-03;Sweden_Division1_Sodra;Angelholm;Rosengard;63.18;MEDIA;27;2026-10-03;Sweden_Division1_Sodra;Sweden_Division1_Sodra;;PRO: attacco trasferta positivo | difesa casa vulnerabile | trend over recente casa | alta tendenza BTTS || CONTRO: attacco casa non dominante | trend over trasferta non forte | profilo over interno debole | profilo over esterno debole;3.6;6.89;10.09;7.12;6.44;7.2;6.0;5.0;3.33;7.5;2.6.def1
2026-10-03;Switzerland_PromotionLeague;Paradiso;Lugano 2;62.95;MEDIA-ALTA;12;2026-10-03;Switzerland_PromotionLeague;Switzerland_PromotionLeague;;"PRO: attacco casa positivo | attacco trasferta positivo | difesa trasferta vulnerabile | trend over recente trasferta | profilo over interno positivo | profilo over esterno positivo | alta tendenza BTTS || CONTRO: v22 monitora possibile sopravvalutazione weak_ga | trend over casa non forte || V26DEF_STRONG_DEFENSE[Rule=AT_LEAST_ONE_STRONG;Threshold=1.20;Penalty=-14.00;HomeGALast5=0.80;AwayGALast5=1.20;BaseScore=76.95;FinalScore=62.95]";4.15;12.47;9.85;3.64;10.0;6.67;9.33;6.0;7.5;7.33;2.6.def1
2026-10-03;Austria_Regionalliga_South;Bleiburg;Donau Klagenfurt;62.65;MEDIA;11;2026-10-03;Austria_Regionalliga_South;Austria_Regionalliga_South;;PRO: difesa trasferta vulnerabile | difesa casa vulnerabile | profilo over interno positivo | profilo over esterno positivo || CONTRO: attacco casa non dominante | ospite poco prolifico: rischio 1-0 / 2-0 | v22 monitora possibile sopravvalutazione weak_ga | trend over casa non forte | trend over trasferta non forte | BTTS basso: possibile partita a senso unico;1.38;7.88;4.6;6.87;8.59;6.67;6.67;8.0;6.0;6.0;2.6.def1
2026-10-03;Italy_SerieC_GironeC;Cavese;Casertana;62.53;MEDIA-ALTA;8;2026-10-03;Italy_SerieC_GironeC;Italy_SerieC_GironeC;;"PRO: attacco casa positivo | attacco trasferta positivo | difesa casa vulnerabile | trend over recente casa | trend over recente trasferta | profilo over interno positivo | profilo over esterno positivo | alta tendenza BTTS || CONTRO: nessun contro rilevante || V26DEF_STRONG_DEFENSE[Rule=AT_LEAST_ONE_STRONG;Threshold=1.20;Penalty=-14.00;HomeGALast5=2.00;AwayGALast5=1.20;BaseScore=76.53;FinalScore=62.53]";2.21;11.82;8.86;6.67;5.3;8.0;8.0;10.0;6.67;9.0;2.6.def1
2026-10-03;Germany_Regionalliga_Bayern;Bayreuth;Landsberg;62.43;MEDIA;14;2026-10-03;Germany_Regionalliga_Bayern;Germany_Regionalliga_Bayern;;PRO: attacco casa positivo | difesa trasferta vulnerabile | difesa casa vulnerabile | trend over recente casa | profilo over interno positivo | alta tendenza BTTS || CONTRO: ospite poco prolifico: rischio 1-0 / 2-0 | v22 monitora possibile sopravvalutazione weak_ga | trend over trasferta non forte | profilo over esterno debole;2.82;9.13;5.91;5.95;7.27;7.2;6.0;6.67;4.0;7.47;2.6.def1
2026-10-03;Austria_Oberosterreich;Andorf;Micheldorf;62.42;MEDIA-ALTA;13;2026-10-03;Austria_Oberosterreich;Austria_Oberosterreich;;"PRO: attacco casa positivo | attacco trasferta positivo | difesa trasferta vulnerabile | trend over recente casa | trend over recente trasferta | profilo over interno positivo | profilo over esterno positivo | alta tendenza BTTS || CONTRO: v22 monitora possibile sopravvalutazione weak_ga || V26DEF_STRONG_DEFENSE[Rule=AT_LEAST_ONE_STRONG;Threshold=1.20;Penalty=-14.00;HomeGALast5=1.00;AwayGALast5=2.00;BaseScore=76.42;FinalScore=62.42]";1.2;13.0;9.85;3.64;7.07;8.0;9.33;7.5;7.5;9.33;2.6.def1
2026-10-03;Sweden_Division2_SodraSvealand;Eker Orebro;Ragsved;62.37;MEDIA-ALTA;24;2026-10-03;Sweden_Division2_SodraSvealand;Sweden_Division2_SodraSvealand;;"PRO: attacco trasferta positivo | difesa trasferta vulnerabile | difesa casa vulnerabile | trend over recente casa | trend over recente trasferta | profilo over interno positivo | alta tendenza BTTS || CONTRO: attacco casa non dominante | v22 monitora possibile sopravvalutazione weak_ga | profilo over esterno debole || V26DEF_STRONG_DEFENSE[Rule=AT_LEAST_ONE_STRONG;Threshold=1.20;Penalty=-14.00;HomeGALast5=4.20;AwayGALast5=1.20;BaseScore=76.37;FinalScore=62.37]";3.69;8.22;10.79;8.0;7.11;9.6;8.4;7.27;5.45;7.83;2.6.def1
2026-10-03;Denmark_ALigaWomen;FC Copenhagen D;Brondby D;62.09;MEDIA-ALTA;10;2026-10-03;Denmark_ALigaWomen;Denmark_ALigaWomen;;"PRO: attacco trasferta positivo | difesa casa vulnerabile | trend over recente casa | trend over recente trasferta | profilo over interno positivo | profilo over esterno positivo || CONTRO: attacco casa non dominante | BTTS basso: possibile partita a senso unico || V26DEF_STRONG_DEFENSE[Rule=AT_LEAST_ONE_STRONG;Threshold=1.20;Penalty=-14.00;HomeGALast5=2.60;AwayGALast5=0.60;BaseScore=76.09;FinalScore=62.09]";4.0;7.22;13.0;8.0;3.54;9.33;9.33;7.5;7.5;6.67;2.6.def1
2026-10-03;CzechRepublic_4Liga_GroupD;FS Trebic;Bohunice;62.0;MEDIA-ALTA;9;2026-10-03;CzechRepublic_4Liga_GroupD;CzechRepublic_4Liga_GroupD;CzechRepublic_4Liga;"PRO: attacco trasferta positivo | difesa casa vulnerabile | trend over recente trasferta | profilo over esterno positivo || CONTRO: attacco casa non dominante | trend over casa non forte | profilo over interno debole | BTTS basso: possibile partita a senso unico || V26DEF_STRONG_DEFENSE[Rule=AT_LEAST_ONE_STRONG;Threshold=1.20;Penalty=-14.00;HomeGALast5=1.60;AwayGALast5=1.20;BaseScore=76.00;FinalScore=62.00]";6.0;7.39;13.0;6.82;4.55;6.0;10.5;5.0;10.0;6.75;2.6.def1
2026-10-03;Wales_CymruNorth;Rhyl;Brickfield;61.96;MEDIA-ALTA;10;2026-10-03;Wales_CymruNorth;Wales_CymruNorth;Wales_CymruTier2;"PRO: attacco casa positivo | attacco trasferta positivo | difesa casa vulnerabile | trend over recente casa | profilo over interno positivo | profilo over esterno positivo || CONTRO: trend over trasferta non forte | BTTS basso: possibile partita a senso unico || V26DEF_STRONG_DEFENSE[Rule=AT_LEAST_ONE_STRONG;Threshold=1.20;Penalty=-14.00;HomeGALast5=2.40;AwayGALast5=0.40;BaseScore=75.96;FinalScore=61.96]";6.0;10.34;13.0;6.82;1.95;9.0;5.14;10.0;7.5;6.21;2.6.def1
2026-10-03;CzechRepublic_3CFL_GroupA;Pribram B;Aritma Prague;61.74;MEDIA;11;2026-10-03;CzechRepublic_3CFL_GroupA;CzechRepublic_3CFL_GroupA;CzechRepublic_3rdTier;PRO: difesa trasferta vulnerabile | difesa casa vulnerabile | trend over recente trasferta | profilo over esterno positivo || CONTRO: attacco casa non dominante | ospite poco prolifico: rischio 1-0 / 2-0 | v22 monitora possibile sopravvalutazione weak_ga | trend over casa non forte | profilo over interno debole | BTTS basso: possibile partita a senso unico;0.4;7.39;6.65;7.73;10.0;6.0;7.5;3.33;7.5;5.25;2.6.def1
2026-10-03;Norway_3rdDivision_Group4;Vindbjart;Flekkeroy;61.4;MEDIA-ALTA;25;2026-10-03;Norway_3rdDivision_Group4;Norway_3rdDivision_Group4;;"PRO: attacco casa positivo | attacco trasferta positivo | difesa trasferta vulnerabile | trend over recente casa | trend over recente trasferta | profilo over interno positivo | profilo over esterno positivo || CONTRO: v22 monitora possibile sopravvalutazione weak_ga | BTTS basso: possibile partita a senso unico || V26DEF_STRONG_DEFENSE[Rule=AT_LEAST_ONE_STRONG;Threshold=1.20;Penalty=-14.00;HomeGALast5=0.80;AwayGALast5=1.60;BaseScore=75.40;FinalScore=61.40]";0.92;13.0;12.1;4.16;7.58;8.4;8.4;7.0;7.27;6.57;2.6.def1
2026-10-03;England_NPLPremierDivision;Lancaster;Ilkeston;61.28;MEDIA;11;2026-10-03;England_NPLPremierDivision;England_NPLPremierDivision;;PRO: difesa trasferta vulnerabile | difesa casa vulnerabile | trend over recente casa | profilo over interno positivo | profilo over esterno positivo || CONTRO: attacco casa non dominante | ospite poco prolifico: rischio 1-0 / 2-0 | v22 monitora possibile sopravvalutazione weak_ga | trend over trasferta non forte | BTTS basso: possibile partita a senso unico;2.29;6.5;3.55;6.55;10.0;8.4;6.0;6.0;6.0;6.0;2.6.def1
2026-10-03;Sweden_Division2_NorraGotaland;Husqvarna;Vanersborgs IF;61.23;MEDIA-ALTA;26;2026-10-03;Sweden_Division2_NorraGotaland;Sweden_Division2_NorraGotaland;;"PRO: attacco casa positivo | difesa trasferta vulnerabile | trend over recente trasferta | profilo over interno positivo | profilo over esterno positivo || CONTRO: ospite poco prolifico: rischio 1-0 / 2-0 | v22 monitora possibile sopravvalutazione weak_ga | trend over casa non forte | BTTS basso: possibile partita a senso unico || V26DEF_STRONG_DEFENSE[Rule=AT_LEAST_ONE_STRONG;Threshold=1.20;Penalty=-14.00;HomeGALast5=1.20;AwayGALast5=3.00;BaseScore=75.23;FinalScore=61.23]";6.0;13.0;6.17;3.16;10.0;6.0;8.4;6.36;9.09;7.04;2.6.def1
2026-10-03;Netherlands_EersteDivisie;Almere City;FC Volendam;61.2;MEDIA-ALTA;11;2026-10-03;Netherlands_EersteDivisie;Netherlands_EersteDivisie;;"PRO: attacco casa positivo | attacco trasferta positivo | difesa trasferta vulnerabile | trend over recente casa | trend over recente trasferta | profilo over esterno positivo || CONTRO: v22 monitora possibile sopravvalutazione weak_ga | profilo over interno debole | BTTS basso: possibile partita a senso unico || V26DEF_STRONG_DEFENSE[Rule=AT_LEAST_ONE_STRONG;Threshold=1.20;Penalty=-14.00;HomeGALast5=1.00;AwayGALast5=2.40;BaseScore=75.20;FinalScore=61.20]";2.84;13.0;13.0;3.18;9.09;7.5;9.0;3.33;7.5;6.75;2.6.def1
2026-10-03;Wales_CymruSouth;Pure Swansea;Caerphilly;61.18;MEDIA-ALTA;9;2026-10-03;Wales_CymruSouth;Wales_CymruSouth;Wales_CymruTier2;"PRO: attacco casa positivo | difesa trasferta vulnerabile | trend over recente casa | trend over recente trasferta | profilo over interno positivo | profilo over esterno positivo || CONTRO: ospite poco prolifico: rischio 1-0 / 2-0 | v22 monitora possibile sopravvalutazione weak_ga | BTTS basso: possibile partita a senso unico || V26DEF_STRONG_DEFENSE[Rule=AT_LEAST_ONE_STRONG;Threshold=1.20;Penalty=-14.00;HomeGALast5=1.00;AwayGALast5=2.00;BaseScore=75.18;FinalScore=61.18]";6.0;13.0;5.91;3.03;7.58;10.0;8.0;10.0;6.67;5.0;2.6.def1
2026-10-03;Germany_Regionalliga_West;Rodinghausen;Lotte;61.18;PROX-MEDIA;12;2026-10-03;Germany_Regionalliga_West;Germany_Regionalliga_West;;PRO: difesa trasferta vulnerabile | difesa casa vulnerabile | trend over recente casa | profilo over interno positivo | profilo over esterno positivo | alta tendenza BTTS || CONTRO: attacco casa non dominante | ospite poco prolifico: rischio 1-0 / 2-0 | v22 monitora possibile sopravvalutazione weak_ga | trend over trasferta non forte;0.35;7.68;3.55;6.91;9.09;8.4;6.0;6.0;6.0;7.2;2.6.def1
2026-10-03;Denmark_3rdDivision;Ishoj;Ringsted;61.07;MEDIA;10;2026-10-03;Denmark_3rdDivision;Denmark_3rdDivision;;PRO: difesa trasferta vulnerabile | difesa casa vulnerabile | trend over recente trasferta | profilo over interno positivo || CONTRO: attacco casa non dominante | ospite poco prolifico: rischio 1-0 / 2-0 | v22 monitora possibile sopravvalutazione weak_ga | trend over casa non forte | profilo over esterno debole | BTTS basso: possibile partita a senso unico;0.55;4.6;7.22;6.87;10.0;5.33;8.0;7.5;5.0;6.0;2.6.def1
2026-10-03;Belarus_PershayaLiga;Gomel 2;SKA-1938;61.05;MEDIA-ALTA;29;2026-10-03;Belarus_PershayaLiga;Belarus_PershayaLiga;;"PRO: attacco trasferta positivo | difesa casa vulnerabile | trend over recente casa | trend over recente trasferta | profilo over interno positivo || CONTRO: attacco casa non dominante | profilo over esterno debole | BTTS basso: possibile partita a senso unico || V26DEF_STRONG_DEFENSE[Rule=AT_LEAST_ONE_STRONG;Threshold=1.20;Penalty=-14.00;HomeGALast5=3.00;AwayGALast5=1.20;BaseScore=75.05;FinalScore=61.05]";4.24;8.18;12.05;7.27;5.42;10.8;8.4;6.15;5.38;7.15;2.6.def1
2026-10-03;CzechRepublic_4Liga_GroupE;SK Krumvir;Hluk;61.03;MEDIA-ALTA;9;2026-10-03;CzechRepublic_4Liga_GroupE;CzechRepublic_4Liga_GroupE;CzechRepublic_4Liga;"PRO: attacco casa positivo | attacco trasferta positivo | difesa casa vulnerabile | trend over recente casa | trend over recente trasferta || CONTRO: profilo over interno debole | profilo over esterno debole | BTTS basso: possibile partita a senso unico || V26DEF_STRONG_DEFENSE[Rule=AT_LEAST_ONE_STRONG;Threshold=1.20;Penalty=-14.00;HomeGALast5=1.60;AwayGALast5=1.20;BaseScore=75.03;FinalScore=61.03]";6.0;11.08;13.0;5.45;6.25;7.5;9.0;5.0;5.0;6.75;2.6.def1
2026-10-03;CzechRepublic_4Liga_GroupC;Vysoke Myto;Dvur Kralove;60.93;MEDIA-ALTA;10;2026-10-03;CzechRepublic_4Liga_GroupC;CzechRepublic_4Liga_GroupC;CzechRepublic_4Liga;"PRO: attacco casa positivo | difesa casa vulnerabile | trend over recente casa | profilo over interno positivo | profilo over esterno positivo | alta tendenza BTTS || CONTRO: ospite poco prolifico: rischio 1-0 / 2-0 | trend over trasferta non forte || V26DEF_STRONG_DEFENSE[Rule=AT_LEAST_ONE_STRONG;Threshold=1.20;Penalty=-14.00;HomeGALast5=2.00;AwayGALast5=1.00;BaseScore=74.93;FinalScore=60.93]";6.0;13.0;6.65;6.36;6.25;9.0;6.0;7.5;6.67;7.5;2.6.def1
2026-10-03;Germany_Regionalliga_Bayern;Schwaben Augsburg;Vilzing;60.84;MEDIA;14;2026-10-03;Germany_Regionalliga_Bayern;Germany_Regionalliga_Bayern;;PRO: attacco trasferta positivo | difesa trasferta vulnerabile | difesa casa vulnerabile | trend over recente casa | alta tendenza BTTS || CONTRO: attacco casa non dominante | v22 monitora possibile sopravvalutazione weak_ga | trend over trasferta non forte | profilo over interno debole | profilo over esterno debole;3.18;5.91;10.05;7.27;6.82;7.2;6.0;2.0;5.0;7.42;2.6.def1
2026-10-03;Wales_CymruNorth;Guilsfield;Llanuwchllyn;60.76;MEDIA-ALTA;10;2026-10-03;Wales_CymruNorth;Wales_CymruNorth;Wales_CymruTier2;"PRO: attacco casa positivo | attacco trasferta positivo | difesa trasferta vulnerabile | trend over recente trasferta | profilo over interno positivo | profilo over esterno positivo || CONTRO: v22 monitora possibile sopravvalutazione weak_ga | trend over casa non forte | BTTS basso: possibile partita a senso unico || V26DEF_STRONG_DEFENSE[Rule=AT_LEAST_ONE_STRONG;Threshold=1.20;Penalty=-14.00;HomeGALast5=1.20;AwayGALast5=2.20;BaseScore=74.76;FinalScore=60.76]";2.4;10.34;8.86;5.0;9.66;6.0;9.0;7.5;10.0;6.0;2.6.def1
2026-10-03;Germany_Oberliga_Bayern_Nord;Stadeln;Gebenbach;60.68;MEDIA;17;2026-10-03;Germany_Oberliga_Bayern_Nord;Germany_Oberliga_Bayern_Nord;;PRO: attacco trasferta positivo | difesa casa vulnerabile | trend over recente trasferta || CONTRO: attacco casa non dominante | trend over casa non forte | profilo over interno debole | profilo over esterno debole | BTTS basso: possibile partita a senso unico;2.82;7.88;10.83;6.06;4.55;6.0;7.2;5.0;3.33;7.0;2.6.def1
2026-10-03;Austria_Karnten;Matrei;KAC 1909;60.58;MEDIA-ALTA;12;2026-10-03;Austria_Karnten;Austria_Karnten;;"PRO: attacco casa positivo | attacco trasferta positivo | difesa casa vulnerabile | trend over recente casa | trend over recente trasferta | profilo over interno positivo | alta tendenza BTTS || CONTRO: profilo over esterno debole || V26DEF_STRONG_DEFENSE[Rule=AT_LEAST_ONE_STRONG;Threshold=1.20;Penalty=-14.00;HomeGALast5=1.80;AwayGALast5=1.20;BaseScore=74.58;FinalScore=60.58]";3.23;11.82;13.0;5.66;4.55;8.0;8.0;8.0;5.0;7.33;2.6.def1
2026-10-03;England_NPLPremierDivision;Hyde;Stockton;60.52;MEDIA;11;2026-10-03;England_NPLPremierDivision;England_NPLPremierDivision;;PRO: difesa trasferta vulnerabile | difesa casa vulnerabile | trend over recente casa | profilo over esterno positivo || CONTRO: attacco casa non dominante | ospite poco prolifico: rischio 1-0 / 2-0 | v22 monitora possibile sopravvalutazione weak_ga | trend over trasferta non forte | profilo over interno debole | BTTS basso: possibile partita a senso unico;1.14;6.5;7.68;6.91;9.09;8.4;4.8;4.0;6.0;6.0;2.6.def1
2026-10-03;Germany_Oberliga_BadenWurttemberg;Normannia Gmund;Singen;60.5;MEDIA;12;2026-10-03;Germany_Oberliga_BadenWurttemberg;Germany_Oberliga_BadenWurttemberg;;PRO: difesa trasferta vulnerabile | difesa casa vulnerabile | trend over recente casa | profilo over interno positivo || CONTRO: attacco casa non dominante | ospite poco prolifico: rischio 1-0 / 2-0 | v22 monitora possibile sopravvalutazione weak_ga | trend over trasferta non forte | profilo over esterno debole | BTTS basso: possibile partita a senso unico;1.41;3.28;7.22;8.0;8.08;8.0;6.67;7.5;5.0;5.33;2.6.def1
2026-10-03;Germany_Oberliga_Westfalen;Munster 2;Clarholz;60.38;MEDIA-ALTA;9;2026-10-03;Germany_Oberliga_Westfalen;Germany_Oberliga_Westfalen;;"PRO: attacco trasferta positivo | difesa trasferta vulnerabile | trend over recente trasferta | profilo over esterno positivo | alta tendenza BTTS || CONTRO: attacco casa non dominante | v22 monitora possibile sopravvalutazione weak_ga | trend over casa non forte | profilo over interno debole || V26DEF_STRONG_DEFENSE[Rule=AT_LEAST_ONE_STRONG;Threshold=1.20;Penalty=-14.00;HomeGALast5=1.20;AwayGALast5=2.20;BaseScore=74.38;FinalScore=60.38]";0.71;8.12;13.0;4.55;10.0;6.0;10.5;2.5;10.0;9.0;2.6.def1
2026-10-03;Wales_CymruPremier;TNS;Cambrian United;60.37;MEDIA-ALTA;13;2026-10-03;Wales_CymruPremier;Wales_CymruPremier;;"PRO: attacco casa positivo | attacco trasferta positivo | difesa trasferta vulnerabile | trend over recente casa | trend over recente trasferta | profilo over esterno positivo || CONTRO: v22 monitora possibile sopravvalutazione weak_ga | profilo over interno debole | BTTS basso: possibile partita a senso unico || V26DEF_STRONG_DEFENSE[Rule=AT_LEAST_ONE_STRONG;Threshold=1.20;Penalty=-14.00;HomeGALast5=0.40;AwayGALast5=1.60;BaseScore=74.37;FinalScore=60.37]";2.31;13.0;13.0;1.65;6.61;7.2;9.6;5.0;10.0;6.0;2.6.def1
2026-10-03;Slovakia_2Liga;Zvolen;S. Bratislava B;60.33;MEDIA;11;2026-10-03;Slovakia_2Liga;Slovakia_2Liga;;PRO: difesa trasferta vulnerabile | difesa casa vulnerabile | trend over recente trasferta | profilo over esterno positivo | alta tendenza BTTS || CONTRO: attacco casa non dominante | ospite poco prolifico: rischio 1-0 / 2-0 | v22 monitora possibile sopravvalutazione weak_ga | trend over casa non forte | profilo over interno debole;1.2;4.14;8.27;6.55;7.27;6.0;7.2;5.0;7.5;7.2;2.6.def1
2026-10-03;England_IsthmianLeaguePremierDivision;Ramsgate;Carshalton;60.3;MEDIA-ALTA;21;2026-10-03;England_IsthmianLeaguePremierDivision;England_IsthmianLeaguePremierDivision;;"PRO: attacco casa positivo | attacco trasferta positivo | difesa trasferta vulnerabile | trend over recente casa | trend over recente trasferta | profilo over interno positivo | profilo over esterno positivo || CONTRO: v22 monitora possibile sopravvalutazione weak_ga | BTTS basso: possibile partita a senso unico || V26DEF_STRONG_DEFENSE[Rule=AT_LEAST_ONE_STRONG;Threshold=1.20;Penalty=-14.00;HomeGALast5=0.80;AwayGALast5=2.20;BaseScore=74.30;FinalScore=60.30]";1.43;13.0;9.85;4.55;6.57;9.0;8.0;7.5;8.0;6.42;2.6.def1
2026-10-03;Germany_Regionalliga_Sudwest;Homburg;Fulda-Lehnerz;60.29;MEDIA-ALTA;12;2026-10-03;Germany_Regionalliga_Sudwest;Germany_Regionalliga_Sudwest;;"PRO: attacco trasferta positivo | difesa trasferta vulnerabile | trend over recente casa | trend over recente trasferta | profilo over interno positivo | profilo over esterno positivo | alta tendenza BTTS || CONTRO: attacco casa non dominante | v22 monitora possibile sopravvalutazione weak_ga || V26DEF_STRONG_DEFENSE[Rule=AT_LEAST_ONE_STRONG;Threshold=1.20;Penalty=-14.00;HomeGALast5=1.20;AwayGALast5=2.60;BaseScore=74.29;FinalScore=60.29]";3.53;7.88;8.54;4.85;10.0;8.0;9.33;7.5;6.0;8.67;2.6.def1
2026-10-03;Belarus_PershayaLiga;FC Slonim;Soligorsk;60.17;MEDIA-ALTA;29;2026-10-03;Belarus_PershayaLiga;Belarus_PershayaLiga;;"PRO: attacco casa positivo | attacco trasferta positivo | difesa trasferta vulnerabile | trend over recente casa | trend over recente trasferta | profilo over interno positivo | profilo over esterno positivo || CONTRO: v22 monitora possibile sopravvalutazione weak_ga | BTTS basso: possibile partita a senso unico || V26DEF_STRONG_DEFENSE[Rule=AT_LEAST_ONE_STRONG;Threshold=1.20;Penalty=-14.00;HomeGALast5=1.00;AwayGALast5=1.00;BaseScore=74.17;FinalScore=60.17]";0.71;10.91;11.59;4.34;7.52;7.2;9.6;6.92;8.46;6.92;2.6.def1
2026-10-03;Germany_Oberliga_Bayern_Nord;Neumarkt;Ingolstadt 2;60.12;PROX-MEDIA;17;2026-10-03;Germany_Oberliga_Bayern_Nord;Germany_Oberliga_Bayern_Nord;;PRO: attacco trasferta positivo | difesa trasferta vulnerabile | difesa casa vulnerabile | trend over recente trasferta | profilo over esterno positivo || CONTRO: attacco casa non dominante | v22 monitora possibile sopravvalutazione weak_ga | trend over casa non forte | profilo over interno debole | BTTS basso: possibile partita a senso unico;1.41;4.83;8.86;6.61;9.47;6.0;7.2;3.33;6.67;5.73;2.6.def1
2026-10-03;Slovakia_2Liga;Presov;Lehota p. V.;60.12;PROX-MEDIA;11;2026-10-03;Slovakia_2Liga;Slovakia_2Liga;;PRO: attacco trasferta positivo | difesa trasferta vulnerabile | trend over recente trasferta | profilo over esterno positivo | alta tendenza BTTS || CONTRO: attacco casa non dominante | v22 monitora possibile sopravvalutazione weak_ga | trend over casa non forte | profilo over interno debole;0.8;7.09;8.86;5.09;7.27;6.0;7.2;2.5;7.5;7.8;2.6.def1
2026-10-03;Poland_Division2;R. Rzeszow;Avia Swidnik;60.1;MEDIA;10;2026-10-03;Poland_Division2;Poland_Division2;;PRO: difesa trasferta vulnerabile | difesa casa vulnerabile | trend over recente trasferta | profilo over interno positivo || CONTRO: attacco casa non dominante | ospite poco prolifico: rischio 1-0 / 2-0 | v22 monitora possibile sopravvalutazione weak_ga | trend over casa non forte | profilo over esterno debole | BTTS basso: possibile partita a senso unico;1.76;3.94;7.88;7.27;8.08;5.33;8.0;7.5;5.0;5.33;2.6.def1
2026-10-03;Norway_2ndDivision_Group1;Pors;Vidar;60.05;MEDIA;23;2026-10-03;Norway_2ndDivision_Group1;Norway_2ndDivision_Group1;;PRO: difesa trasferta vulnerabile | trend over recente trasferta | profilo over esterno positivo || CONTRO: attacco casa non dominante | ospite poco prolifico: rischio 1-0 / 2-0 | v22 monitora possibile sopravvalutazione weak_ga | trend over casa non forte | profilo over interno debole | BTTS basso: possibile partita a senso unico;1.38;6.45;5.35;5.12;10.0;3.6;10.8;3.64;7.0;6.71;2.6.def1
2026-10-03;Sweden_Division2_NorraSvealand;Gute;Skiljebo;59.96;MEDIA;25;2026-10-03;Sweden_Division2_NorraSvealand;Sweden_Division2_NorraSvealand;;"PRO: attacco casa positivo | attacco trasferta positivo | difesa casa vulnerabile | trend over recente casa | trend over recente trasferta | profilo over interno positivo | profilo over esterno positivo | alta tendenza BTTS || CONTRO: nessun contro rilevante || V26DEF_STRONG_DEFENSE[Rule=AT_LEAST_ONE_STRONG;Threshold=1.20;Penalty=-14.00;HomeGALast5=1.00;AwayGALast5=0.80;BaseScore=73.96;FinalScore=59.96]";2.77;8.74;13.0;5.22;4.74;8.4;10.8;6.36;6.36;7.57;2.6.def1
2026-10-03;Italy_SerieC_GironeA;Pro Vercelli;Carpi;59.95;BASSA;8;2026-10-03;Italy_SerieC_GironeA;Italy_SerieC_GironeA;;PRO: attacco trasferta positivo | difesa trasferta vulnerabile | difesa casa vulnerabile | trend over recente trasferta | alta tendenza BTTS || CONTRO: attacco casa non dominante | v22 monitora possibile sopravvalutazione weak_ga | trend over casa non forte | profilo over interno debole | profilo over esterno debole;0.32;5.06;8.86;5.71;9.09;5.14;10.0;3.33;5.0;7.43;2.6.def1
2026-10-03;Denmark_3rdDivision;Horsholm-Usserod;Helsingor;59.92;MEDIA;10;2026-10-03;Denmark_3rdDivision;Denmark_3rdDivision;;"PRO: attacco casa positivo | attacco trasferta positivo | difesa casa vulnerabile | trend over recente trasferta | profilo over esterno positivo | alta tendenza BTTS || CONTRO: trend over casa non forte | profilo over interno debole || V26DEF_STRONG_DEFENSE[Rule=AT_LEAST_ONE_STRONG;Threshold=1.20;Penalty=-14.00;HomeGALast5=2.00;AwayGALast5=1.00;BaseScore=73.92;FinalScore=59.92]";3.27;11.16;11.16;7.27;5.56;6.67;8.0;4.0;7.5;9.33;2.6.def1
2026-10-03;Paraguay_DivisionIntermedia;Atl. Tembetary;Tacuary;59.88;BASSA;12;2026-10-03;Paraguay_DivisionIntermedia;Paraguay_DivisionIntermedia;;PRO: difesa trasferta vulnerabile | difesa casa vulnerabile | trend over recente casa | profilo over interno positivo | alta tendenza BTTS || CONTRO: attacco casa non dominante | ospite poco prolifico: rischio 1-0 / 2-0 | v22 monitora possibile sopravvalutazione weak_ga | trend over trasferta non forte | profilo over esterno debole;0.4;7.88;4.6;7.27;6.57;9.33;5.33;8.0;2.5;8.0;2.6.def1
2026-10-03;Italy_SerieC_GironeB;Gubbio;Perugia;59.67;BASSA;8;2026-10-03;Italy_SerieC_GironeB;Italy_SerieC_GironeB;;PRO: attacco casa positivo | difesa trasferta vulnerabile | difesa casa vulnerabile | profilo over interno positivo | profilo over esterno positivo || CONTRO: ospite poco prolifico: rischio 1-0 / 2-0 | v22 monitora possibile sopravvalutazione weak_ga | trend over casa non forte | trend over trasferta non forte | BTTS basso: possibile partita a senso unico;0.63;8.86;5.06;6.06;7.14;6.0;6.86;6.67;6.67;5.71;2.6.def1
2026-10-03;Germany_Oberliga_Niedersachsen;Verden;Heeslinger;59.63;MEDIA;10;2026-10-03;Germany_Oberliga_Niedersachsen;Germany_Oberliga_Niedersachsen;;"PRO: attacco trasferta positivo | difesa casa vulnerabile | trend over recente trasferta | profilo over interno positivo | profilo over esterno positivo | alta tendenza BTTS || CONTRO: attacco casa non dominante | trend over casa non forte || V26DEF_STRONG_DEFENSE[Rule=AT_LEAST_ONE_STRONG;Threshold=1.20;Penalty=-14.00;HomeGALast5=1.80;AwayGALast5=0.80;BaseScore=73.63;FinalScore=59.63]";3.53;6.65;13.0;5.91;4.55;6.0;9.0;7.5;10.0;7.5;2.6.def1
2026-10-03;Slovakia_3Liga_West;Castkovce;Puchov;59.39;MEDIA;9;2026-10-03;Slovakia_3Liga_West;Slovakia_3Liga_West;;"PRO: attacco casa positivo | attacco trasferta positivo | difesa casa vulnerabile | trend over recente casa | profilo over interno positivo | profilo over esterno positivo || CONTRO: trend over trasferta non forte | BTTS basso: possibile partita a senso unico || V26DEF_STRONG_DEFENSE[Rule=AT_LEAST_ONE_STRONG;Threshold=1.20;Penalty=-14.00;HomeGALast5=1.60;AwayGALast5=0.40;BaseScore=73.39;FinalScore=59.39]";4.4;11.82;11.82;8.0;2.27;9.0;6.0;6.67;6.67;6.75;2.6.def1
2026-10-03;Germany_Oberliga_BadenWurttemberg;Villingen;Essingen;59.14;MEDIA;12;2026-10-03;Germany_Oberliga_BadenWurttemberg;Germany_Oberliga_BadenWurttemberg;;"PRO: attacco casa positivo | difesa trasferta vulnerabile | trend over recente casa | trend over recente trasferta | profilo over interno positivo | alta tendenza BTTS || CONTRO: ospite poco prolifico: rischio 1-0 / 2-0 | v22 monitora possibile sopravvalutazione weak_ga | profilo over esterno debole || V26DEF_STRONG_DEFENSE[Rule=AT_LEAST_ONE_STRONG;Threshold=1.20;Penalty=-14.00;HomeGALast5=0.80;AwayGALast5=1.80;BaseScore=73.14;FinalScore=59.14]";3.88;13.0;6.57;4.44;8.08;8.0;9.33;7.5;5.0;7.33;2.6.def1
2026-10-03;CzechRepublic_4Liga_GroupD;Bystrc;Pelhrimov;59.09;MEDIA;9;2026-10-03;CzechRepublic_4Liga_GroupD;CzechRepublic_4Liga_GroupD;CzechRepublic_4Liga;"PRO: attacco trasferta positivo | difesa casa vulnerabile | trend over recente trasferta | profilo over esterno positivo | alta tendenza BTTS || CONTRO: attacco casa non dominante | trend over casa non forte | profilo over interno debole || V26DEF_STRONG_DEFENSE[Rule=AT_LEAST_ONE_STRONG;Threshold=1.20;Penalty=-14.00;HomeGALast5=1.20;AwayGALast5=1.40;BaseScore=73.09;FinalScore=59.09]";6.0;7.39;13.0;5.45;6.25;6.0;9.0;5.0;7.5;7.5;2.6.def1
2026-10-03;NorthernIreland_NIFLChampionship;Warrenpoint;Annagh;59.05;MEDIA;10;2026-10-03;NorthernIreland_NIFLChampionship;NorthernIreland_NIFLChampionship;;"PRO: attacco casa positivo | attacco trasferta positivo | difesa casa vulnerabile | trend over recente trasferta | profilo over esterno positivo || CONTRO: trend over casa non forte | profilo over interno debole | BTTS basso: possibile partita a senso unico || V26DEF_STRONG_DEFENSE[Rule=AT_LEAST_ONE_STRONG;Threshold=1.20;Penalty=-14.00;HomeGALast5=1.60;AwayGALast5=0.80;BaseScore=73.05;FinalScore=59.05]";2.0;11.16;13.0;5.66;6.06;6.67;9.33;5.0;7.5;6.67;2.6.def1
2026-10-03;Denmark_2ndDivision;Middelfart;FA 2000;58.92;MEDIA;10;2026-10-03;Denmark_2ndDivision;Denmark_2ndDivision;;"PRO: attacco casa positivo | difesa trasferta vulnerabile | trend over recente trasferta | profilo over interno positivo | profilo over esterno positivo | alta tendenza BTTS || CONTRO: ospite poco prolifico: rischio 1-0 / 2-0 | v22 monitora possibile sopravvalutazione weak_ga | trend over casa non forte || V26DEF_STRONG_DEFENSE[Rule=AT_LEAST_ONE_STRONG;Threshold=1.20;Penalty=-14.00;HomeGALast5=1.00;AwayGALast5=2.40;BaseScore=72.92;FinalScore=58.92]";3.82;11.16;6.57;4.04;10.0;6.67;9.33;6.0;6.0;9.33;2.6.def1
2026-10-03;Sweden_Division2_SodraGotaland;Vaxjo Norra;IFK Karlshamn;58.92;MEDIA;29;2026-10-03;Sweden_Division2_SodraGotaland;Sweden_Division2_SodraGotaland;;"PRO: difesa trasferta vulnerabile | trend over recente casa | trend over recente trasferta | profilo over esterno positivo | alta tendenza BTTS || CONTRO: attacco casa non dominante | ospite poco prolifico: rischio 1-0 / 2-0 | v22 monitora possibile sopravvalutazione weak_ga | profilo over interno debole || V26DEF_STRONG_DEFENSE[Rule=AT_LEAST_ONE_STRONG;Threshold=1.20;Penalty=-14.00;HomeGALast5=0.60;AwayGALast5=3.40;BaseScore=72.92;FinalScore=58.92]";3.23;7.96;6.17;4.9;10.0;7.2;12.0;3.64;10.0;7.83;2.6.def1
2026-10-03;Bosnia_PrvaLiga_RS;Slavija;Famos Vojkovici;58.69;BASSA;10;2026-10-03;Bosnia_PrvaLiga_RS;Bosnia_PrvaLiga_RS;;PRO: difesa trasferta vulnerabile | difesa casa vulnerabile | trend over recente casa | profilo over interno positivo | profilo over esterno positivo || CONTRO: attacco casa non dominante | ospite poco prolifico: rischio 1-0 / 2-0 | v22 monitora possibile sopravvalutazione weak_ga | trend over trasferta non forte | BTTS basso: possibile partita a senso unico;0.46;5.91;6.75;6.23;7.14;8.57;5.14;6.67;6.67;5.14;2.6.def1
2026-10-03;Sweden_Division1_Sodra;Atvidaberg;Trollhättan;58.62;MEDIA;27;2026-10-03;Sweden_Division1_Sodra;Sweden_Division1_Sodra;;"PRO: attacco casa positivo | attacco trasferta positivo | difesa trasferta vulnerabile | trend over recente casa | trend over recente trasferta | profilo over interno positivo | alta tendenza BTTS || CONTRO: v22 monitora possibile sopravvalutazione weak_ga | profilo over esterno debole || V26DEF_STRONG_DEFENSE[Rule=AT_LEAST_ONE_STRONG;Threshold=1.20;Penalty=-14.00;HomeGALast5=1.20;AwayGALast5=1.00;BaseScore=72.62;FinalScore=58.62]";1.6;11.82;10.09;5.15;6.82;8.4;7.2;8.33;5.45;7.75;2.6.def1
2026-10-03;Switzerland_PromotionLeague;Breitenrain;Bavois;58.53;BASSA;12;2026-10-03;Switzerland_PromotionLeague;Switzerland_PromotionLeague;;PRO: difesa casa vulnerabile | trend over recente casa | profilo over interno positivo || CONTRO: attacco casa non dominante | ospite poco prolifico: rischio 1-0 / 2-0 | trend over trasferta non forte | profilo over esterno debole | BTTS basso: possibile partita a senso unico;2.31;7.88;6.57;6.06;5.56;8.0;5.33;7.5;4.0;5.33;2.6.def1
2026-10-03;Austria_Regionalliga_North;LASK (Am);Vorwarts Steyr;58.48;MEDIA;12;2026-10-03;Austria_Regionalliga_North;Austria_Regionalliga_North;;"PRO: attacco casa positivo | attacco trasferta positivo | trend over recente casa | profilo over interno positivo | profilo over esterno positivo || CONTRO: trend over trasferta non forte | BTTS basso: possibile partita a senso unico || V26DEF_STRONG_DEFENSE[Rule=AT_LEAST_ONE_STRONG;Threshold=1.20;Penalty=-14.00;HomeGALast5=0.60;AwayGALast5=0.60;BaseScore=72.48;FinalScore=58.48]";1.85;13.0;8.54;4.04;5.56;9.33;6.67;10.0;7.5;6.0;2.6.def1
2026-10-03;England_IsthmianLeaguePremierDivision;Welling;Whyteleafe;58.4;MEDIA;21;2026-10-03;England_IsthmianLeaguePremierDivision;England_IsthmianLeaguePremierDivision;;"PRO: attacco casa positivo | difesa trasferta vulnerabile | trend over recente casa | trend over recente trasferta | profilo over esterno positivo || CONTRO: ospite poco prolifico: rischio 1-0 / 2-0 | v22 monitora possibile sopravvalutazione weak_ga | profilo over interno debole | BTTS basso: possibile partita a senso unico || V26DEF_STRONG_DEFENSE[Rule=AT_LEAST_ONE_STRONG;Threshold=1.20;Penalty=-14.00;HomeGALast5=1.00;AwayGALast5=1.80;BaseScore=72.40;FinalScore=58.40]";4.57;13.0;7.22;4.09;9.6;7.5;9.33;4.0;7.5;5.58;2.6.def1
2026-10-03;Austria_Regionalliga_West;SK St. Johann;Fugen;58.28;MEDIA;11;2026-10-03;Austria_Regionalliga_West;Austria_Regionalliga_West;;"PRO: attacco casa positivo | attacco trasferta positivo | difesa trasferta vulnerabile | trend over recente trasferta | profilo over interno positivo | profilo over esterno positivo || CONTRO: v22 monitora possibile sopravvalutazione weak_ga | trend over casa non forte | BTTS basso: possibile partita a senso unico || V26DEF_STRONG_DEFENSE[Rule=AT_LEAST_ONE_STRONG;Threshold=1.20;Penalty=-14.00;HomeGALast5=0.60;AwayGALast5=3.00;BaseScore=72.28;FinalScore=58.28]";0.4;8.54;12.47;4.04;10.0;5.33;9.33;8.0;7.5;6.67;2.6.def1
2026-10-03;Switzerland_PromotionLeague;Grand-Saconnex;YF Juventus;58.22;MEDIA;12;2026-10-03;Switzerland_PromotionLeague;Switzerland_PromotionLeague;;"PRO: attacco casa positivo | attacco trasferta positivo | difesa trasferta vulnerabile | difesa casa vulnerabile | trend over recente casa | profilo over interno positivo | profilo over esterno positivo || CONTRO: v22 monitora possibile sopravvalutazione weak_ga | trend over trasferta non forte | BTTS basso: possibile partita a senso unico || V26DEF_STRONG_DEFENSE[Rule=AT_LEAST_ONE_STRONG;Threshold=1.20;Penalty=-14.00;HomeGALast5=1.20;AwayGALast5=0.80;BaseScore=72.22;FinalScore=58.22]";1.38;12.47;8.54;5.25;7.07;9.33;6.67;8.0;7.5;6.0;2.6.def1
2026-10-03;Finland_Kakkonen_GroupA;Lahden Reipas;Union Plaani;58.04;MEDIA;21;2026-10-03;Finland_Kakkonen_GroupA;Finland_Kakkonen_GroupA;;"PRO: attacco casa positivo | difesa trasferta vulnerabile | difesa casa vulnerabile | trend over recente casa | profilo over interno positivo | alta tendenza BTTS || CONTRO: ospite poco prolifico: rischio 1-0 / 2-0 | v22 monitora possibile sopravvalutazione weak_ga | trend over trasferta non forte | profilo over esterno debole || V26DEF_STRONG_DEFENSE[Rule=AT_LEAST_ONE_STRONG;Threshold=1.20;Penalty=-14.00;HomeGALast5=2.00;AwayGALast5=0.60;BaseScore=72.04;FinalScore=58.04]";2.67;11.47;5.91;6.84;10.0;9.6;4.8;7.78;5.56;7.41;2.6.def1
2026-10-03;Bosnia_PrvaLiga_FBiH;Bratstvo Gracanica;TOSK Tesanj;57.98;BASSA;9;2026-10-03;Bosnia_PrvaLiga_FBiH;Bosnia_PrvaLiga_FBiH;double round robin inferred from league size.;PRO: attacco casa positivo | difesa casa vulnerabile | trend over recente casa | profilo over interno positivo || CONTRO: ospite poco prolifico: rischio 1-0 / 2-0 | trend over trasferta non forte | profilo over esterno debole | BTTS basso: possibile partita a senso unico;0.8;8.86;6.89;5.45;5.3;8.0;4.0;6.67;5.0;7.0;2.6.def1
2026-10-03;England_SouthernLeaguePremierCentral;Stourbridge;Racing Club Warwick;57.94;BASSA;10;2026-10-03;England_SouthernLeaguePremierCentral;England_SouthernLeaguePremierCentral;;PRO: difesa trasferta vulnerabile | profilo over esterno positivo | alta tendenza BTTS || CONTRO: attacco casa non dominante | ospite poco prolifico: rischio 1-0 / 2-0 | v22 monitora possibile sopravvalutazione weak_ga | trend over casa non forte | trend over trasferta non forte | profilo over interno debole;0.57;6.65;6.57;5.0;7.07;4.5;6.67;5.0;7.5;8.42;2.6.def1
2026-10-03;England_NPLPremierDivision;Workington;Cleethorpes;57.91;MEDIA;11;2026-10-03;England_NPLPremierDivision;England_NPLPremierDivision;;"PRO: attacco casa positivo | attacco trasferta positivo | difesa casa vulnerabile | trend over recente casa | trend over recente trasferta | profilo over interno positivo | profilo over esterno positivo || CONTRO: BTTS basso: possibile partita a senso unico || V26DEF_STRONG_DEFENSE[Rule=AT_LEAST_ONE_STRONG;Threshold=1.20;Penalty=-14.00;HomeGALast5=1.20;AwayGALast5=0.80;BaseScore=71.91;FinalScore=57.91]";1.14;11.82;13.0;5.82;2.73;9.6;7.2;8.0;6.0;6.6;2.6.def1
2026-10-03;Austria_Burgenland;Neudorf/Parndorf;Bad Sauerbrunn;57.83;MEDIA;10;2026-10-03;Austria_Burgenland;Austria_Burgenland;;"PRO: attacco trasferta positivo | difesa casa vulnerabile | trend over recente casa | trend over recente trasferta | profilo over interno positivo | profilo over esterno positivo || CONTRO: attacco casa non dominante | BTTS basso: possibile partita a senso unico || V26DEF_STRONG_DEFENSE[Rule=AT_LEAST_ONE_STRONG;Threshold=1.20;Penalty=-14.00;HomeGALast5=2.00;AwayGALast5=0.80;BaseScore=71.83;FinalScore=57.83]";4.8;6.65;13.0;6.82;3.98;7.5;10.5;6.67;6.67;5.25;2.6.def1
2026-10-03;England_SouthernLeaguePremierCentral;Rushall;Needham Market;57.78;MEDIA;10;2026-10-03;England_SouthernLeaguePremierCentral;England_SouthernLeaguePremierCentral;;"PRO: attacco casa positivo | attacco trasferta positivo | difesa casa vulnerabile | trend over recente casa | trend over recente trasferta | profilo over interno positivo | profilo over esterno positivo || CONTRO: BTTS basso: possibile partita a senso unico || V26DEF_STRONG_DEFENSE[Rule=AT_LEAST_ONE_STRONG;Threshold=1.20;Penalty=-14.00;HomeGALast5=1.60;AwayGALast5=1.00;BaseScore=71.78;FinalScore=57.78]";0.29;10.51;11.08;5.66;6.25;9.33;7.5;7.5;6.67;7.0;2.6.def1
2026-10-03;Switzerland_PromotionLeague;Cham;Bulle;57.63;MEDIA;12;2026-10-03;Switzerland_PromotionLeague;Switzerland_PromotionLeague;;"PRO: attacco casa positivo | attacco trasferta positivo | trend over recente trasferta | profilo over interno positivo | profilo over esterno positivo | alta tendenza BTTS || CONTRO: trend over casa non forte || V26DEF_STRONG_DEFENSE[Rule=AT_LEAST_ONE_STRONG;Threshold=1.20;Penalty=-14.00;HomeGALast5=0.80;AwayGALast5=1.40;BaseScore=71.63;FinalScore=57.63]";0.92;9.19;11.82;3.64;6.06;6.67;9.33;6.67;10.0;7.33;2.6.def1
2026-10-03;Germany_Oberliga_Bayern_Nord;Bayern Hof;Wurzburger FV;57.43;PROX-MEDIA;17;2026-10-03;Germany_Oberliga_Bayern_Nord;Germany_Oberliga_Bayern_Nord;;"PRO: attacco casa positivo | attacco trasferta positivo | difesa casa vulnerabile | trend over recente casa | trend over recente trasferta | profilo over interno positivo | alta tendenza BTTS || CONTRO: profilo over esterno debole || V26DEF_STRONG_DEFENSE[Rule=AT_LEAST_ONE_STRONG;Threshold=1.20;Penalty=-14.00;HomeGALast5=1.60;AwayGALast5=0.80;BaseScore=71.43;FinalScore=57.43]";1.06;12.31;11.33;5.76;5.68;9.6;7.2;6.67;3.33;8.5;2.6.def1
2026-10-03;France_National;Le Puy-en-Velay;Thionville;57.35;BASSA;10;2026-10-03;France_National;France_National;;PRO: attacco trasferta positivo | difesa trasferta vulnerabile | trend over recente trasferta || CONTRO: attacco casa non dominante | v22 monitora possibile sopravvalutazione weak_ga | trend over casa non forte | profilo over interno debole | profilo over esterno debole | BTTS basso: possibile partita a senso unico;1.06;7.39;10.34;4.09;7.39;4.5;7.5;3.33;5.0;6.75;2.6.def1
2026-10-03;NorthernIreland_NIFLChampionship;Dundela;Queens Univ.;57.34;MEDIA;10;2026-10-03;NorthernIreland_NIFLChampionship;NorthernIreland_NIFLChampionship;;"PRO: attacco casa positivo | attacco trasferta positivo | difesa casa vulnerabile | trend over recente casa | profilo over interno positivo | alta tendenza BTTS || CONTRO: trend over trasferta non forte | profilo over esterno debole || V26DEF_STRONG_DEFENSE[Rule=AT_LEAST_ONE_STRONG;Threshold=1.20;Penalty=-14.00;HomeGALast5=2.00;AwayGALast5=0.40;BaseScore=71.34;FinalScore=57.34]";2.4;11.82;11.82;7.27;3.54;8.0;6.67;7.5;5.0;7.33;2.6.def1
2026-10-03;Finland_Kolmonen_North;KePS;Villan Pojat;57.1;PROX-MEDIA;23;2026-10-03;Finland_Kolmonen_North;Finland_Kolmonen_North;;"PRO: attacco casa positivo | attacco trasferta positivo | trend over recente casa | trend over recente trasferta | profilo over esterno positivo || CONTRO: profilo over interno debole | BTTS basso: possibile partita a senso unico || V26DEF_STRONG_DEFENSE[Rule=AT_LEAST_ONE_STRONG;Threshold=1.20;Penalty=-14.00;HomeGALast5=0.80;AwayGALast5=1.20;BaseScore=71.10;FinalScore=57.10]";1.33;13.0;13.0;4.32;5.61;8.4;8.4;5.0;6.25;5.78;2.6.def1
2026-10-03;Austria_Tirol;Kematen;SC Mils 05;56.97;MEDIA;12;2026-10-03;Austria_Tirol;Austria_Tirol;;"PRO: attacco casa positivo | attacco trasferta positivo | difesa trasferta vulnerabile | difesa casa vulnerabile | trend over recente casa | profilo over interno positivo | alta tendenza BTTS || CONTRO: v22 monitora possibile sopravvalutazione weak_ga | trend over trasferta non forte | profilo over esterno debole || V26DEF_STRONG_DEFENSE[Rule=AT_LEAST_ONE_STRONG;Threshold=1.20;Penalty=-14.00;HomeGALast5=0.60;AwayGALast5=1.00;BaseScore=70.97;FinalScore=56.97]";1.38;13.0;9.19;5.66;6.57;8.0;6.67;7.5;5.0;8.0;2.6.def1
2026-10-03;Germany_Regionalliga_Nord;Hannover 2;Phonix Lubeck;56.83;MEDIA;13;2026-10-03;Germany_Regionalliga_Nord;Germany_Regionalliga_Nord;;"PRO: attacco casa positivo | attacco trasferta positivo | trend over recente casa | trend over recente trasferta | profilo over interno positivo | profilo over esterno positivo || CONTRO: BTTS basso: possibile partita a senso unico || V26DEF_STRONG_DEFENSE[Rule=AT_LEAST_ONE_STRONG;Threshold=1.20;Penalty=-14.00;HomeGALast5=2.00;AwayGALast5=0.40;BaseScore=70.83;FinalScore=56.83]";1.06;12.41;13.0;5.09;2.73;8.4;8.4;6.0;7.14;6.6;2.6.def1
2026-10-03;NorthernIreland_NIFLChampionship;Moyola;Glenavon;56.77;MEDIA;10;2026-10-03;NorthernIreland_NIFLChampionship;NorthernIreland_NIFLChampionship;;"PRO: attacco trasferta positivo | difesa trasferta vulnerabile | difesa casa vulnerabile | trend over recente trasferta | profilo over esterno positivo | alta tendenza BTTS || CONTRO: attacco casa non dominante | v22 monitora possibile sopravvalutazione weak_ga | trend over casa non forte | profilo over interno debole || V26DEF_STRONG_DEFENSE[Rule=AT_LEAST_ONE_STRONG;Threshold=1.20;Penalty=-14.00;HomeGALast5=2.00;AwayGALast5=1.20;BaseScore=70.77;FinalScore=56.77]";3.6;6.57;13.0;6.87;6.57;5.33;9.33;4.0;7.5;8.0;2.6.def1
2026-10-03;Austria_Vorarlberg;Admira Dornbirn;Dornbirner SV;56.71;MEDIA;8;2026-10-03;Austria_Vorarlberg;Austria_Vorarlberg;fourth tier;"PRO: attacco casa positivo | difesa casa vulnerabile | trend over recente casa | profilo over interno positivo | alta tendenza BTTS || CONTRO: ospite poco prolifico: rischio 1-0 / 2-0 | trend over trasferta non forte | profilo over esterno debole || V26DEF_STRONG_DEFENSE[Rule=AT_LEAST_ONE_STRONG;Threshold=1.20;Penalty=-14.00;HomeGALast5=1.80;AwayGALast5=1.00;BaseScore=70.71;FinalScore=56.71]";0.46;13.0;7.6;6.06;4.55;12.0;3.43;10.0;3.33;10.29;2.6.def1
2026-10-03;Wales_CymruPremier;Airbus;Trefelin;56.47;BASSA;13;2026-10-03;Wales_CymruPremier;Wales_CymruPremier;;PRO: attacco casa positivo | difesa trasferta vulnerabile | difesa casa vulnerabile | trend over recente trasferta || CONTRO: ospite poco prolifico: rischio 1-0 / 2-0 | v22 monitora possibile sopravvalutazione weak_ga | trend over casa non forte | profilo over interno debole | profilo over esterno debole | BTTS basso: possibile partita a senso unico;1.85;9.67;3.22;5.62;10.0;6.0;7.2;4.0;4.0;4.91;2.6.def1
2026-10-03;England_IsthmianLeaguePremierDivision;Lewes;Whitehawk;56.37;MEDIA;21;2026-10-03;England_IsthmianLeaguePremierDivision;England_IsthmianLeaguePremierDivision;;"PRO: attacco casa positivo | difesa trasferta vulnerabile | trend over recente trasferta | profilo over interno positivo | profilo over esterno positivo || CONTRO: ospite poco prolifico: rischio 1-0 / 2-0 | v22 monitora possibile sopravvalutazione weak_ga | trend over casa non forte | BTTS basso: possibile partita a senso unico || V26DEF_STRONG_DEFENSE[Rule=AT_LEAST_ONE_STRONG;Threshold=1.20;Penalty=-14.00;HomeGALast5=1.20;AwayGALast5=2.60;BaseScore=70.37;FinalScore=56.37]";4.0;9.19;6.57;4.44;10.0;6.67;8.0;7.5;8.0;6.0;2.6.def1
2026-10-03;Austria_Vorarlberg;Feldkirch;Ludesch;56.22;BASSA;8;2026-10-03;Austria_Vorarlberg;Austria_Vorarlberg;fourth tier;PRO: difesa trasferta vulnerabile | difesa casa vulnerabile | trend over recente trasferta | profilo over esterno positivo || CONTRO: attacco casa non dominante | ospite poco prolifico: rischio 1-0 / 2-0 | v22 monitora possibile sopravvalutazione weak_ga | trend over casa non forte | profilo over interno debole | BTTS basso: possibile partita a senso unico;1.38;4.92;8.44;6.06;9.74;4.0;8.57;0.0;6.67;6.43;2.6.def1
2026-10-03;Slovakia_2Liga;Galanta;Povazska Bystrica;56.22;PROX-MEDIA;11;2026-10-03;Slovakia_2Liga;Slovakia_2Liga;;"PRO: attacco trasferta positivo | difesa trasferta vulnerabile | trend over recente trasferta | profilo over esterno positivo | alta tendenza BTTS || CONTRO: attacco casa non dominante | v22 monitora possibile sopravvalutazione weak_ga | trend over casa non forte | profilo over interno debole || V26DEF_STRONG_DEFENSE[Rule=AT_LEAST_ONE_STRONG;Threshold=1.20;Penalty=-14.00;HomeGALast5=1.00;AwayGALast5=1.60;BaseScore=70.22;FinalScore=56.22]";1.2;7.68;11.82;5.09;7.73;6.0;10.8;4.0;7.5;8.4;2.6.def1
2026-10-03;Poland_IIILiga_Group1;Pelikan;Widzew Lodz 2;55.97;MEDIA;11;2026-10-03;Poland_IIILiga_Group1;Poland_IIILiga_Group1;;"PRO: attacco casa positivo | attacco trasferta positivo | difesa trasferta vulnerabile | trend over recente casa | profilo over interno positivo || CONTRO: v22 monitora possibile sopravvalutazione weak_ga | trend over trasferta non forte | profilo over esterno debole | BTTS basso: possibile partita a senso unico || V26DEF_STRONG_DEFENSE[Rule=AT_LEAST_ONE_STRONG;Threshold=1.20;Penalty=-14.00;HomeGALast5=1.00;AwayGALast5=3.00;BaseScore=69.97;FinalScore=55.97]";2.77;9.45;13.0;4.36;8.59;7.2;6.67;6.0;5.0;6.93;2.6.def1
2026-10-03;Poland_Division2;Podhale Nowy Targ;Bielsko-Biala;55.84;MEDIA;10;2026-10-03;Poland_Division2;Poland_Division2;;"PRO: attacco casa positivo | attacco trasferta positivo | difesa casa vulnerabile | trend over recente casa | trend over recente trasferta | profilo over interno positivo || CONTRO: profilo over esterno debole | BTTS basso: possibile partita a senso unico || V26DEF_STRONG_DEFENSE[Rule=AT_LEAST_ONE_STRONG;Threshold=1.20;Penalty=-14.00;HomeGALast5=1.20;AwayGALast5=0.80;BaseScore=69.84;FinalScore=55.84]";1.41;11.82;9.19;6.87;4.55;9.33;8.0;8.0;4.0;6.67;2.6.def1
2026-10-03;Belarus_PershayaLiga;Molodechno;Slutsk;55.59;PROX-MEDIA;29;2026-10-03;Belarus_PershayaLiga;Belarus_PershayaLiga;;"PRO: attacco casa positivo | attacco trasferta positivo | difesa casa vulnerabile | trend over recente casa | trend over recente trasferta | profilo over interno positivo | profilo over esterno positivo || CONTRO: BTTS basso: possibile partita a senso unico || V26DEF_STRONG_DEFENSE[Rule=AT_LEAST_ONE_STRONG;Threshold=1.20;Penalty=-14.00;HomeGALast5=0.60;AwayGALast5=1.00;BaseScore=69.59;FinalScore=55.59]";1.41;10.4;11.82;5.24;4.72;8.4;7.2;6.92;6.92;6.55;2.6.def1
2026-10-03;Sweden_Division1_Norra;Stockholm Internazionale;Assyriska FF;55.59;MEDIA;27;2026-10-03;Sweden_Division1_Norra;Sweden_Division1_Norra;;"PRO: attacco casa positivo | attacco trasferta positivo | difesa trasferta vulnerabile | trend over recente casa | trend over recente trasferta || CONTRO: v22 monitora possibile sopravvalutazione weak_ga | profilo over interno debole | profilo over esterno debole | BTTS basso: possibile partita a senso unico || V26DEF_STRONG_DEFENSE[Rule=AT_LEAST_ONE_STRONG;Threshold=1.20;Penalty=-14.00;HomeGALast5=0.60;AwayGALast5=2.20;BaseScore=69.59;FinalScore=55.59]";2.8;13.0;10.59;3.03;7.95;8.4;8.4;5.83;3.33;6.25;2.6.def1
2026-10-03;Sweden_Division2_Norrland;IFK Lulea;Skelleftea;55.39;PROX-MEDIA;28;2026-10-03;Sweden_Division2_Norrland;Sweden_Division2_Norrland;;"PRO: attacco casa positivo | attacco trasferta positivo | trend over recente casa | trend over recente trasferta | profilo over interno positivo || CONTRO: profilo over esterno debole | BTTS basso: possibile partita a senso unico || V26DEF_STRONG_DEFENSE[Rule=AT_LEAST_ONE_STRONG;Threshold=1.20;Penalty=-14.00;HomeGALast5=0.80;AwayGALast5=2.40;BaseScore=69.39;FinalScore=55.39]";0.5;12.8;11.82;4.39;5.11;7.2;9.6;6.67;4.55;6.75;2.6.def1
2026-10-03;Austria_Regionalliga_East;Wiener Viktoria;SV Donau;55.29;MEDIA;11;2026-10-03;Austria_Regionalliga_East;Austria_Regionalliga_East;;"PRO: attacco casa positivo | attacco trasferta positivo | difesa trasferta vulnerabile | profilo over interno positivo | alta tendenza BTTS || CONTRO: v22 monitora possibile sopravvalutazione weak_ga | trend over casa non forte | trend over trasferta non forte | profilo over esterno debole || V26DEF_STRONG_DEFENSE[Rule=AT_LEAST_ONE_STRONG;Threshold=1.20;Penalty=-14.00;HomeGALast5=0.40;AwayGALast5=1.20;BaseScore=69.29;FinalScore=55.29]";3.2;9.85;9.85;3.64;9.09;6.67;6.67;8.0;5.0;7.33;2.6.def1
2026-10-03;Slovenia_2SNL;Vrhnika;Krsko Posavje;55.26;BASSA;10;2026-10-03;Slovenia_2SNL;Slovenia_2SNL;;PRO: difesa trasferta vulnerabile | difesa casa vulnerabile || CONTRO: attacco casa non dominante | ospite poco prolifico: rischio 1-0 / 2-0 | v22 monitora possibile sopravvalutazione weak_ga | trend over casa non forte | trend over trasferta non forte | profilo over interno debole | profilo over esterno debole | BTTS basso: possibile partita a senso unico;2.4;7.39;5.91;5.45;8.52;6.0;6.0;5.0;3.33;5.25;2.6.def1
2026-10-03;Finland_Kolmonen_Western_Group1;LTU U20;IFK 2;55.26;MEDIA;24;2026-10-03;Finland_Kolmonen_Western_Group1;Finland_Kolmonen_Western_Group1;;"PRO: attacco trasferta positivo | trend over recente casa | trend over recente trasferta | profilo over interno positivo | profilo over esterno positivo | alta tendenza BTTS || CONTRO: attacco casa non dominante || V26DEF_STRONG_DEFENSE[Rule=AT_LEAST_ONE_STRONG;Threshold=1.20;Penalty=-14.00;HomeGALast5=1.00;AwayGALast5=2.00;BaseScore=69.26;FinalScore=55.26]";1.64;7.88;13.0;4.5;5.41;7.2;7.2;7.0;8.0;7.43;2.6.def1
2026-10-03;England_LeagueTwo;Gillingham FC;Newport;55.07;BASSA;3;2026-10-03;England_LeagueTwo;England_LeagueTwo;;PRO: attacco casa positivo | difesa casa vulnerabile | trend over recente casa | profilo over interno positivo || CONTRO: ospite poco prolifico: rischio 1-0 / 2-0 | trend over trasferta non forte | profilo over esterno debole | BTTS basso: possibile partita a senso unico;1.57;8.86;5.91;5.45;2.27;12.0;6.0;10.0;0.0;3.0;2.6.def1
2026-10-03;Serbia_PrvaLiga;Teleoptik;Bor 1919;55.02;BASSA;12;2026-10-03;Serbia_PrvaLiga;Serbia_PrvaLiga;;PRO: difesa trasferta vulnerabile | difesa casa vulnerabile | profilo over esterno positivo || CONTRO: attacco casa non dominante | ospite poco prolifico: rischio 1-0 / 2-0 | v22 monitora possibile sopravvalutazione weak_ga | trend over casa non forte | trend over trasferta non forte | profilo over interno debole | BTTS basso: possibile partita a senso unico;0.8;6.45;3.76;7.6;7.85;4.8;6.0;4.0;6.67;7.09;2.6.def1
2026-10-03;Germany_Regionalliga_Nord;Delmenhorst;St. Pauli 2;54.91;MEDIA;13;2026-10-03;Germany_Regionalliga_Nord;Germany_Regionalliga_Nord;;"PRO: attacco casa positivo | attacco trasferta positivo | difesa trasferta vulnerabile | difesa casa vulnerabile | trend over recente casa | trend over recente trasferta | profilo over interno positivo | profilo over esterno positivo || CONTRO: v22 monitora possibile sopravvalutazione weak_ga | BTTS basso: possibile partita a senso unico || V26DEF_STRONG_DEFENSE[Rule=AT_LEAST_ONE_STRONG;Threshold=1.20;Penalty=-14.00;HomeGALast5=2.20;AwayGALast5=1.20;BaseScore=68.91;FinalScore=54.91]";1.76;9.13;10.74;6.61;8.68;7.2;7.2;6.0;6.67;4.91;2.6.def1
2026-10-03;Austria_Regionalliga_East;Mattersburg SV 2020;Parndorf;54.89;BASSA;11;2026-10-03;Austria_Regionalliga_East;Austria_Regionalliga_East;;PRO: attacco trasferta positivo | difesa trasferta vulnerabile | difesa casa vulnerabile || CONTRO: attacco casa non dominante | v22 monitora possibile sopravvalutazione weak_ga | trend over casa non forte | trend over trasferta non forte | profilo over interno debole | profilo over esterno debole | BTTS basso: possibile partita a senso unico;2.0;7.22;9.85;5.25;6.57;6.67;5.33;4.0;2.0;6.0;2.6.def1
2026-10-03;Wales_CymruNorth;Caersws;Bala Town;54.83;MEDIA;10;2026-10-03;Wales_CymruNorth;Wales_CymruNorth;Wales_CymruTier2;"PRO: attacco casa positivo | attacco trasferta positivo | difesa trasferta vulnerabile | trend over recente trasferta | profilo over esterno positivo || CONTRO: v22 monitora possibile sopravvalutazione weak_ga | trend over casa non forte | profilo over interno debole | BTTS basso: possibile partita a senso unico || V26DEF_STRONG_DEFENSE[Rule=AT_LEAST_ONE_STRONG;Threshold=1.20;Penalty=-14.00;HomeGALast5=1.00;AwayGALast5=2.20;BaseScore=68.83;FinalScore=54.83]";2.8;13.0;10.13;4.68;8.44;6.86;8.57;0.0;7.5;6.86;2.6.def1
2026-10-03;Sweden_Division2_SodraSvealand;Syrianska;Lindo FF;54.76;PROX-MEDIA;24;2026-10-03;Sweden_Division2_SodraSvealand;Sweden_Division2_SodraSvealand;;"PRO: attacco casa positivo | difesa trasferta vulnerabile | difesa casa vulnerabile | trend over recente casa | trend over recente trasferta | profilo over interno positivo || CONTRO: ospite poco prolifico: rischio 1-0 / 2-0 | v22 monitora possibile sopravvalutazione weak_ga | profilo over esterno debole | BTTS basso: possibile partita a senso unico || V26DEF_STRONG_DEFENSE[Rule=AT_LEAST_ONE_STRONG;Threshold=1.20;Penalty=-14.00;HomeGALast5=1.00;AwayGALast5=3.00;BaseScore=68.76;FinalScore=54.76]";0.92;8.48;7.71;7.91;8.89;8.4;7.2;8.18;4.55;6.52;2.6.def1
2026-10-03;Mexico_LigaExpansionMX_Apertura;Tepatitlan de Morelos;Jaiba Brava;54.74;BASSA;12;2026-10-03;Mexico_LigaExpansionMX_Apertura;Mexico_LigaExpansionMX_Apertura;;PRO: difesa trasferta vulnerabile | difesa casa vulnerabile | trend over recente casa | profilo over interno positivo || CONTRO: attacco casa non dominante | ospite poco prolifico: rischio 1-0 / 2-0 | v22 monitora possibile sopravvalutazione weak_ga | trend over trasferta non forte | profilo over esterno debole | BTTS basso: possibile partita a senso unico;1.29;3.28;6.5;8.0;7.27;8.0;6.0;6.0;4.0;4.4;2.6.def1
2026-10-03;England_LeagueOne;Burton;Huddersfield;54.7;MEDIA;9;2026-10-03;England_LeagueOne;England_LeagueOne;;"PRO: attacco casa positivo | attacco trasferta positivo | difesa casa vulnerabile | trend over recente casa | trend over recente trasferta | profilo over interno positivo | profilo over esterno positivo | alta tendenza BTTS || CONTRO: nessun contro rilevante || V26DEF_STRONG_DEFENSE[Rule=AT_LEAST_ONE_STRONG;Threshold=1.20;Penalty=-14.00;HomeGALast5=1.60;AwayGALast5=1.00;BaseScore=68.70;FinalScore=54.70]";1.04;9.29;9.85;5.71;3.79;8.57;8.0;7.5;6.67;8.29;2.6.def1
2026-10-03;Germany_Regionalliga_Bayern;Eichstatt;Burghausen;54.63;PROX-MEDIA;14;2026-10-03;Germany_Regionalliga_Bayern;Germany_Regionalliga_Bayern;;"PRO: attacco trasferta positivo | difesa trasferta vulnerabile | trend over recente trasferta | profilo over interno positivo | profilo over esterno positivo || CONTRO: attacco casa non dominante | v22 monitora possibile sopravvalutazione weak_ga | trend over casa non forte | BTTS basso: possibile partita a senso unico || V26DEF_STRONG_DEFENSE[Rule=AT_LEAST_ONE_STRONG;Threshold=1.20;Penalty=-14.00;HomeGALast5=1.20;AwayGALast5=1.40;BaseScore=68.63;FinalScore=54.63]";0.35;7.52;13.0;4.96;7.85;4.8;9.6;6.0;8.0;6.55;2.6.def1
2026-10-03;Germany_Regionalliga_West;Hilden;Bergisch Gladbach;54.43;MEDIA;12;2026-10-03;Germany_Regionalliga_West;Germany_Regionalliga_West;;"PRO: attacco trasferta positivo | difesa trasferta vulnerabile | difesa casa vulnerabile | trend over recente trasferta | profilo over esterno positivo || CONTRO: attacco casa non dominante | v22 monitora possibile sopravvalutazione weak_ga | trend over casa non forte | profilo over interno debole | BTTS basso: possibile partita a senso unico || V26DEF_STRONG_DEFENSE[Rule=AT_LEAST_ONE_STRONG;Threshold=1.20;Penalty=-14.00;HomeGALast5=3.40;AwayGALast5=1.20;BaseScore=68.43;FinalScore=54.43]";2.47;7.09;10.05;7.64;8.18;6.0;8.4;4.0;8.0;6.6;2.6.def1
2026-10-03;Indonesia_Championship;PSIS Semarang;Bekasi City;54.39;BASSA;4;2026-10-03;Indonesia_Championship;Indonesia_Championship;;PRO: attacco casa positivo | profilo over interno positivo | alta tendenza BTTS || CONTRO: ospite poco prolifico: rischio 1-0 / 2-0 | trend over casa non forte | trend over trasferta non forte | profilo over esterno debole;1.89;8.86;3.94;3.64;6.06;6.0;4.0;10.0;0.0;10.0;2.6.def1
2026-10-03;Germany_Oberliga_BadenWurttemberg;Backnang;Bahlinger;53.97;MEDIA;12;2026-10-03;Germany_Oberliga_BadenWurttemberg;Germany_Oberliga_BadenWurttemberg;;"PRO: attacco casa positivo | attacco trasferta positivo | difesa trasferta vulnerabile | trend over recente casa | profilo over interno positivo | alta tendenza BTTS || CONTRO: v22 monitora possibile sopravvalutazione weak_ga | trend over trasferta non forte | profilo over esterno debole || V26DEF_STRONG_DEFENSE[Rule=AT_LEAST_ONE_STRONG;Threshold=1.20;Penalty=-14.00;HomeGALast5=1.40;AwayGALast5=1.00;BaseScore=67.97;FinalScore=53.97]";1.76;13.0;9.19;4.44;6.57;8.0;5.33;6.0;5.0;8.67;2.6.def1
2026-10-03;Finland_Kolmonen_Western_Group1;PiPS;VG-62;53.76;PROX-MEDIA;24;2026-10-03;Finland_Kolmonen_Western_Group1;Finland_Kolmonen_Western_Group1;;"PRO: difesa trasferta vulnerabile | difesa casa vulnerabile | trend over recente casa | trend over recente trasferta | profilo over interno positivo | profilo over esterno positivo || CONTRO: attacco casa non dominante | ospite poco prolifico: rischio 1-0 / 2-0 | v22 monitora possibile sopravvalutazione weak_ga | BTTS basso: possibile partita a senso unico || V26DEF_STRONG_DEFENSE[Rule=AT_LEAST_ONE_STRONG;Threshold=1.20;Penalty=-14.00;HomeGALast5=0.40;AwayGALast5=2.40;BaseScore=67.76;FinalScore=53.76]";1.09;6.75;8.27;6.93;7.27;9.6;8.4;6.0;7.0;6.44;2.6.def1
2026-10-03;Germany_Regionalliga_Bayern;Monaco 1860;Ansbach;53.58;MEDIA;14;2026-10-03;Germany_Regionalliga_Bayern;Germany_Regionalliga_Bayern;;"PRO: attacco casa positivo | difesa trasferta vulnerabile | trend over recente casa | trend over recente trasferta | alta tendenza BTTS || CONTRO: ospite poco prolifico: rischio 1-0 / 2-0 | v22 monitora possibile sopravvalutazione weak_ga | profilo over interno debole | profilo over esterno debole || V26DEF_STRONG_DEFENSE[Rule=AT_LEAST_ONE_STRONG;Threshold=1.20;Penalty=-14.00;HomeGALast5=1.20;AwayGALast5=1.20;BaseScore=67.58;FinalScore=53.58]";3.18;11.82;5.91;4.73;9.55;8.4;7.2;5.0;4.0;7.8;2.6.def1
2026-10-03;Bosnia_PrvaLiga_FBiH;Igman K.;Banovici;53.51;MEDIA;9;2026-10-03;Bosnia_PrvaLiga_FBiH;Bosnia_PrvaLiga_FBiH;double round robin inferred from league size.;"PRO: attacco casa positivo | difesa trasferta vulnerabile | trend over recente trasferta | profilo over esterno positivo || CONTRO: ospite poco prolifico: rischio 1-0 / 2-0 | v22 monitora possibile sopravvalutazione weak_ga | trend over casa non forte | profilo over interno debole | BTTS basso: possibile partita a senso unico || V26DEF_STRONG_DEFENSE[Rule=AT_LEAST_ONE_STRONG;Threshold=1.20;Penalty=-14.00;HomeGALast5=0.60;AwayGALast5=2.40;BaseScore=67.51;FinalScore=53.51]";2.4;8.86;6.75;3.64;10.0;6.0;8.57;5.0;10.0;6.29;2.6.def1
2026-10-03;Finland_Kolmonen_Western_Group1;Peimari United;ÅCF;53.51;MEDIA;24;2026-10-03;Finland_Kolmonen_Western_Group1;Finland_Kolmonen_Western_Group1;;"PRO: attacco casa positivo | difesa trasferta vulnerabile | trend over recente casa | trend over recente trasferta | profilo over esterno positivo || CONTRO: ospite poco prolifico: rischio 1-0 / 2-0 | v22 monitora possibile sopravvalutazione weak_ga | profilo over interno debole | BTTS basso: possibile partita a senso unico || V26DEF_STRONG_DEFENSE[Rule=AT_LEAST_ONE_STRONG;Threshold=1.20;Penalty=-14.00;HomeGALast5=0.80;AwayGALast5=2.20;BaseScore=67.51;FinalScore=53.51]";4.36;10.05;5.06;4.0;9.52;7.2;8.4;4.44;8.0;6.47;2.6.def1
2026-10-03;Sweden_Division2_NorraGotaland;Skara;Kumla;53.48;MEDIA;26;2026-10-03;Sweden_Division2_NorraGotaland;Sweden_Division2_NorraGotaland;;"PRO: attacco casa positivo | difesa trasferta vulnerabile | trend over recente trasferta | profilo over interno positivo | profilo over esterno positivo | alta tendenza BTTS || CONTRO: ospite poco prolifico: rischio 1-0 / 2-0 | v22 monitora possibile sopravvalutazione weak_ga | trend over casa non forte || V26DEF_STRONG_DEFENSE[Rule=AT_LEAST_ONE_STRONG;Threshold=1.20;Penalty=-14.00;HomeGALast5=1.00;AwayGALast5=1.80;BaseScore=67.48;FinalScore=53.48]";3.69;12.33;5.65;3.95;7.71;6.0;7.2;6.36;7.27;7.3;2.6.def1
2026-10-03;Bosnia_PrvaLiga_RS;Romanija Pale;Laktasi;53.44;MEDIA;10;2026-10-03;Bosnia_PrvaLiga_RS;Bosnia_PrvaLiga_RS;;"PRO: attacco trasferta positivo | difesa casa vulnerabile | trend over recente casa | trend over recente trasferta || CONTRO: attacco casa non dominante | profilo over interno debole | profilo over esterno debole | BTTS basso: possibile partita a senso unico || V26DEF_STRONG_DEFENSE[Rule=AT_LEAST_ONE_STRONG;Threshold=1.20;Penalty=-14.00;HomeGALast5=2.40;AwayGALast5=0.40;BaseScore=67.44;FinalScore=53.44]";5.08;6.75;13.0;8.0;2.27;8.57;9.0;3.33;5.0;6.43;2.6.def1
2026-10-03;USA_USLLeagueOne;Boise;Greenville;53.33;MEDIA;42;2026-10-03;USA_USLLeagueOne;USA_USLLeagueOne;;"PRO: attacco casa positivo | difesa trasferta vulnerabile | trend over recente casa | trend over recente trasferta || CONTRO: ospite poco prolifico: rischio 1-0 / 2-0 | v22 monitora possibile sopravvalutazione weak_ga | profilo over interno debole | profilo over esterno debole | BTTS basso: possibile partita a senso unico || V26DEF_STRONG_DEFENSE[Rule=AT_LEAST_ONE_STRONG;Threshold=1.20;Penalty=-14.00;HomeGALast5=1.20;AwayGALast5=3.20;BaseScore=67.33;FinalScore=53.33]";4.5;9.58;6.57;5.14;8.59;8.4;7.2;5.71;4.62;7.03;2.6.def1
2026-10-03;Germany_Oberliga_RheinlandPfalzSaar;Elversberg 2;RW Koblenz;53.08;MEDIA;14;2026-10-03;Germany_Oberliga_RheinlandPfalzSaar;Germany_Oberliga_RheinlandPfalzSaar;;"PRO: attacco trasferta positivo | difesa casa vulnerabile | trend over recente trasferta | profilo over esterno positivo | alta tendenza BTTS || CONTRO: attacco casa non dominante | trend over casa non forte | profilo over interno debole || V26DEF_STRONG_DEFENSE[Rule=AT_LEAST_ONE_STRONG;Threshold=1.20;Penalty=-14.00;HomeGALast5=1.40;AwayGALast5=1.20;BaseScore=67.08;FinalScore=53.08]";1.06;7.68;11.23;6.55;6.36;6.0;7.2;4.0;8.0;9.0;2.6.def1
2026-10-03;Wales_CymruNorth;Penrhyncoch;Gresford;53.01;BASSA;10;2026-10-03;Wales_CymruNorth;Wales_CymruNorth;Wales_CymruTier2;PRO: difesa trasferta vulnerabile | difesa casa vulnerabile | trend over recente casa | profilo over interno positivo || CONTRO: attacco casa non dominante | ospite poco prolifico: rischio 1-0 / 2-0 | v22 monitora possibile sopravvalutazione weak_ga | trend over trasferta non forte | profilo over esterno debole | BTTS basso: possibile partita a senso unico;1.6;2.53;4.92;8.0;10.0;8.57;6.0;6.67;0.0;4.71;2.6.def1
2026-10-03;Poland_IIILiga_Group4;Siarka Tarnobrzeg;Korona 2;52.55;MEDIA;11;2026-10-03;Poland_IIILiga_Group4;Poland_IIILiga_Group4;;"PRO: attacco trasferta positivo | difesa trasferta vulnerabile | trend over recente trasferta | profilo over esterno positivo | alta tendenza BTTS || CONTRO: attacco casa non dominante | v22 monitora possibile sopravvalutazione weak_ga | trend over casa non forte | profilo over interno debole || V26DEF_STRONG_DEFENSE[Rule=AT_LEAST_ONE_STRONG;Threshold=1.20;Penalty=-14.00;HomeGALast5=1.00;AwayGALast5=2.00;BaseScore=66.55;FinalScore=52.55]";2.82;7.88;11.16;4.85;10.0;4.0;9.33;2.5;6.67;7.33;2.6.def1
2026-10-03;Bosnia_PrvaLiga_FBiH;Jedinstvo Bihac;Hadzici;52.51;BASSA;9;2026-10-03;Bosnia_PrvaLiga_FBiH;Bosnia_PrvaLiga_FBiH;double round robin inferred from league size.;PRO: attacco casa positivo | difesa trasferta vulnerabile | difesa casa vulnerabile | trend over recente casa || CONTRO: ospite poco prolifico: rischio 1-0 / 2-0 | v22 monitora possibile sopravvalutazione weak_ga | trend over trasferta non forte | profilo over interno debole | profilo over esterno debole | BTTS basso: possibile partita a senso unico;2.4;9.85;0.98;5.45;6.82;8.0;4.0;5.0;5.0;5.0;2.6.def1
2026-10-03;Germany_Oberliga_Bayern_Nord;Grossbardorf;Cham;52.27;MEDIA;17;2026-10-03;Germany_Oberliga_Bayern_Nord;Germany_Oberliga_Bayern_Nord;;"PRO: attacco trasferta positivo | difesa casa vulnerabile | trend over recente casa | trend over recente trasferta | profilo over interno positivo || CONTRO: attacco casa non dominante | profilo over esterno debole | BTTS basso: possibile partita a senso unico || V26DEF_STRONG_DEFENSE[Rule=AT_LEAST_ONE_STRONG;Threshold=1.20;Penalty=-14.00;HomeGALast5=2.40;AwayGALast5=1.00;BaseScore=66.27;FinalScore=52.27]";5.29;5.91;13.0;7.27;3.03;7.2;8.4;6.67;5.0;4.5;2.6.def1
2026-10-03;NorthernIreland_NIFLChampionship;Ballinamallard;Ards;52.23;MEDIA;10;2026-10-03;NorthernIreland_NIFLChampionship;NorthernIreland_NIFLChampionship;;"PRO: attacco casa positivo | difesa casa vulnerabile | trend over recente casa | trend over recente trasferta | profilo over esterno positivo | alta tendenza BTTS || CONTRO: ospite poco prolifico: rischio 1-0 / 2-0 | profilo over interno debole || V26DEF_STRONG_DEFENSE[Rule=AT_LEAST_ONE_STRONG;Threshold=1.20;Penalty=-14.00;HomeGALast5=2.00;AwayGALast5=1.20;BaseScore=66.23;FinalScore=52.23]";1.2;9.85;7.22;6.06;6.06;8.0;8.0;5.0;7.5;7.33;2.6.def1
2026-10-03;Germany_Oberliga_BadenWurttemberg;Oberachern;FC Holzhausen;52.07;MEDIA;12;2026-10-03;Germany_Oberliga_BadenWurttemberg;Germany_Oberliga_BadenWurttemberg;;"PRO: attacco casa positivo | attacco trasferta positivo | difesa trasferta vulnerabile | profilo over interno positivo | alta tendenza BTTS || CONTRO: v22 monitora possibile sopravvalutazione weak_ga | trend over casa non forte | trend over trasferta non forte | profilo over esterno debole || V26DEF_STRONG_DEFENSE[Rule=AT_LEAST_ONE_STRONG;Threshold=1.20;Penalty=-14.00;HomeGALast5=0.80;AwayGALast5=0.80;BaseScore=66.07;FinalScore=52.07]";2.12;12.47;9.85;3.23;6.57;5.33;6.67;7.5;5.0;7.33;2.6.def1
2026-10-03;Sweden_Division1_Norra;FBK Karlstad;AFC Eskilstuna;51.98;PROX-MEDIA;27;2026-10-03;Sweden_Division1_Norra;Sweden_Division1_Norra;;"PRO: attacco casa positivo | attacco trasferta positivo | trend over recente trasferta | profilo over esterno positivo || CONTRO: trend over casa non forte | profilo over interno debole | BTTS basso: possibile partita a senso unico || V26DEF_STRONG_DEFENSE[Rule=AT_LEAST_ONE_STRONG;Threshold=1.20;Penalty=-14.00;HomeGALast5=0.40;AwayGALast5=1.20;BaseScore=65.98;FinalScore=51.98]";1.2;9.6;11.08;5.0;6.06;6.0;7.2;4.17;9.17;6.5;2.6.def1
2026-10-03;England_SouthernLeaguePremierSouth;Poole;Evesham;51.7;MEDIA;15;2026-10-03;England_SouthernLeaguePremierSouth;England_SouthernLeaguePremierSouth;;"PRO: attacco trasferta positivo | difesa trasferta vulnerabile | trend over recente trasferta | profilo over esterno positivo || CONTRO: attacco casa non dominante | v22 monitora possibile sopravvalutazione weak_ga | trend over casa non forte | profilo over interno debole | BTTS basso: possibile partita a senso unico || V26DEF_STRONG_DEFENSE[Rule=AT_LEAST_ONE_STRONG;Threshold=1.20;Penalty=-14.00;HomeGALast5=1.20;AwayGALast5=1.60;BaseScore=65.70;FinalScore=51.70]";1.14;8.12;9.6;4.55;7.95;6.0;9.0;3.33;10.0;6.0;2.6.def1
2026-10-03;Switzerland_PromotionLeague;Amical Saint-Prex;Biel;51.64;MEDIA;12;2026-10-03;Switzerland_PromotionLeague;Switzerland_PromotionLeague;;"PRO: attacco casa positivo | attacco trasferta positivo | difesa casa vulnerabile | trend over recente casa || CONTRO: trend over trasferta non forte | profilo over interno debole | profilo over esterno debole | BTTS basso: possibile partita a senso unico || V26DEF_STRONG_DEFENSE[Rule=AT_LEAST_ONE_STRONG;Threshold=1.20;Penalty=-14.00;HomeGALast5=2.20;AwayGALast5=1.00;BaseScore=65.64;FinalScore=51.64]";3.23;8.54;13.0;8.0;4.55;9.33;5.33;5.0;2.0;6.67;2.6.def1
2026-10-03;Austria_Oberosterreich;Bad Ischl;Mondsee;51.49;MEDIA;13;2026-10-03;Austria_Oberosterreich;Austria_Oberosterreich;;"PRO: attacco casa positivo | attacco trasferta positivo | difesa casa vulnerabile | trend over recente casa | trend over recente trasferta || CONTRO: profilo over interno debole | profilo over esterno debole | BTTS basso: possibile partita a senso unico || V26DEF_STRONG_DEFENSE[Rule=AT_LEAST_ONE_STRONG;Threshold=1.20;Penalty=-14.00;HomeGALast5=2.00;AwayGALast5=0.40;BaseScore=65.49;FinalScore=51.49]";4.4;8.54;13.0;6.87;2.02;8.0;8.0;5.0;5.0;4.67;2.6.def1
2026-10-03;Poland_IIILiga_Group2;Blekitni Stargard;KKS Kalisz;51.37;PROX-MEDIA;11;2026-10-03;Poland_IIILiga_Group2;Poland_IIILiga_Group2;;"PRO: attacco casa positivo | attacco trasferta positivo | difesa casa vulnerabile | trend over recente casa | profilo over interno positivo | alta tendenza BTTS || CONTRO: trend over trasferta non forte | profilo over esterno debole || V26DEF_STRONG_DEFENSE[Rule=AT_LEAST_ONE_STRONG;Threshold=1.20;Penalty=-14.00;HomeGALast5=1.80;AwayGALast5=1.20;BaseScore=65.37;FinalScore=51.37]";0.46;13.0;9.45;6.91;4.55;8.4;3.6;6.0;4.0;9.0;2.6.def1
2026-10-03;Sweden_Division1_Sodra;Tvaaker;Hassleholms IF;51.24;MEDIA;27;2026-10-03;Sweden_Division1_Sodra;Sweden_Division1_Sodra;;"PRO: attacco trasferta positivo | difesa casa vulnerabile | trend over recente casa | profilo over esterno positivo || CONTRO: attacco casa non dominante | trend over trasferta non forte | profilo over interno debole | BTTS basso: possibile partita a senso unico || V26DEF_STRONG_DEFENSE[Rule=AT_LEAST_ONE_STRONG;Threshold=1.20;Penalty=-14.00;HomeGALast5=1.80;AwayGALast5=1.20;BaseScore=65.24;FinalScore=51.24]";2.8;7.88;11.35;5.61;5.64;7.2;6.0;5.0;6.67;7.11;2.6.def1
2026-10-03;Poland_Division2;Sandecja;Z. Gora;51.23;MEDIA;10;2026-10-03;Poland_Division2;Poland_Division2;;"PRO: attacco casa positivo | attacco trasferta positivo | difesa trasferta vulnerabile | trend over recente trasferta | profilo over esterno positivo | alta tendenza BTTS || CONTRO: v22 monitora possibile sopravvalutazione weak_ga | trend over casa non forte | profilo over interno debole || V26DEF_STRONG_DEFENSE[Rule=AT_LEAST_ONE_STRONG;Threshold=1.20;Penalty=-14.00;HomeGALast5=1.00;AwayGALast5=1.80;BaseScore=65.23;FinalScore=51.23]";1.06;8.54;11.16;3.23;7.58;6.67;8.0;5.0;6.67;7.33;2.6.def1
2026-10-03;Sweden_Division2_NorraSvealand;Taby;Viggbyholms;51.16;MEDIA;25;2026-10-03;Sweden_Division2_NorraSvealand;Sweden_Division2_NorraSvealand;;"PRO: attacco casa positivo | difesa trasferta vulnerabile | trend over recente casa | trend over recente trasferta | profilo over interno positivo || CONTRO: ospite poco prolifico: rischio 1-0 / 2-0 | v22 monitora possibile sopravvalutazione weak_ga | profilo over esterno debole | BTTS basso: possibile partita a senso unico || V26DEF_STRONG_DEFENSE[Rule=AT_LEAST_ONE_STRONG;Threshold=1.20;Penalty=-14.00;HomeGALast5=1.20;AwayGALast5=2.60;BaseScore=65.16;FinalScore=51.16]";2.77;10.02;5.91;3.95;9.09;8.4;7.2;7.27;4.55;6.0;2.6.def1
2026-10-03;Poland_IIILiga_Group3;Stilon Gorzow;Sulow;51.1;MEDIA;11;2026-10-03;Poland_IIILiga_Group3;Poland_IIILiga_Group3;;"PRO: attacco casa positivo | attacco trasferta positivo | trend over recente casa | trend over recente trasferta | alta tendenza BTTS || CONTRO: profilo over interno debole | profilo over esterno debole || V26DEF_STRONG_DEFENSE[Rule=AT_LEAST_ONE_STRONG;Threshold=1.20;Penalty=-14.00;HomeGALast5=1.60;AwayGALast5=1.00;BaseScore=65.10;FinalScore=51.10]";2.31;10.05;13.0;5.09;5.45;7.2;7.2;2.0;5.0;7.8;2.6.def1
2026-10-03;Finland_Kolmonen_Western_Group1;EuPa;PIF;51.1;MEDIA;24;2026-10-03;Finland_Kolmonen_Western_Group1;Finland_Kolmonen_Western_Group1;;"PRO: attacco casa positivo | attacco trasferta positivo | trend over recente trasferta || CONTRO: trend over casa non forte | profilo over interno debole | profilo over esterno debole | BTTS basso: possibile partita a senso unico || V26DEF_STRONG_DEFENSE[Rule=AT_LEAST_ONE_STRONG;Threshold=1.20;Penalty=-14.00;HomeGALast5=1.00;AwayGALast5=2.00;BaseScore=65.10;FinalScore=51.10]";1.09;12.94;11.82;2.77;5.68;6.0;7.2;5.0;5.56;7.04;2.6.def1
2026-10-03;Austria_Tirol;Absam;FC Volders;51.08;MEDIA;12;2026-10-03;Austria_Tirol;Austria_Tirol;;"PRO: attacco casa positivo | difesa casa vulnerabile | trend over recente casa | profilo over interno positivo | alta tendenza BTTS || CONTRO: ospite poco prolifico: rischio 1-0 / 2-0 | trend over trasferta non forte | profilo over esterno debole || V26DEF_STRONG_DEFENSE[Rule=AT_LEAST_ONE_STRONG;Threshold=1.20;Penalty=-14.00;HomeGALast5=1.60;AwayGALast5=1.20;BaseScore=65.08;FinalScore=51.08]";1.85;13.0;5.91;7.27;5.05;10.67;4.0;7.5;2.5;7.33;2.6.def1
2026-10-03;Austria_Wien;Floridsdorfer AC (Am);A XIII-Auhof Center;50.79;MEDIA;8;2026-10-03;Austria_Wien;Austria_Wien;;"PRO: attacco casa positivo | trend over recente casa | profilo over interno positivo | profilo over esterno positivo | alta tendenza BTTS || CONTRO: ospite poco prolifico: rischio 1-0 / 2-0 | trend over trasferta non forte || V26DEF_STRONG_DEFENSE[Rule=AT_LEAST_ONE_STRONG;Threshold=1.20;Penalty=-14.00;HomeGALast5=1.20;AwayGALast5=1.00;BaseScore=64.79;FinalScore=50.79]";2.0;9.85;7.09;4.24;4.55;8.0;4.8;6.67;10.0;7.6;2.6.def1
2026-10-03;Spain_LaLiga2;Sabadell;Andorra;50.79;MEDIA;8;2026-10-03;Spain_LaLiga2;Spain_LaLiga2;;"PRO: attacco trasferta positivo | difesa trasferta vulnerabile | trend over recente trasferta | profilo over interno positivo | profilo over esterno positivo || CONTRO: attacco casa non dominante | v22 monitora possibile sopravvalutazione weak_ga | trend over casa non forte | BTTS basso: possibile partita a senso unico || V26DEF_STRONG_DEFENSE[Rule=AT_LEAST_ONE_STRONG;Threshold=1.20;Penalty=-14.00;HomeGALast5=1.20;AwayGALast5=2.00;BaseScore=64.79;FinalScore=50.79]";2.86;6.75;10.13;3.12;9.74;3.43;8.57;6.67;6.67;6.86;2.6.def1
2026-10-03;Denmark_3rdDivision;Sundby;Vanløse;50.66;MEDIA;10;2026-10-03;Denmark_3rdDivision;Denmark_3rdDivision;;"PRO: attacco casa positivo | attacco trasferta positivo | difesa casa vulnerabile | trend over recente casa | profilo over esterno positivo | alta tendenza BTTS || CONTRO: trend over trasferta non forte | profilo over interno debole || V26DEF_STRONG_DEFENSE[Rule=AT_LEAST_ONE_STRONG;Threshold=1.20;Penalty=-14.00;HomeGALast5=0.80;AwayGALast5=1.00;BaseScore=64.66;FinalScore=50.66]";2.18;9.19;9.85;6.06;4.55;8.0;6.67;3.33;7.5;7.33;2.6.def1
2026-10-03;CzechRepublic_3MSFL;Vsetin;Slovacko B;50.59;MEDIA;11;2026-10-03;CzechRepublic_3MSFL;CzechRepublic_3MSFL;;"PRO: attacco trasferta positivo | difesa casa vulnerabile | trend over recente casa | profilo over interno positivo || CONTRO: attacco casa non dominante | trend over trasferta non forte | profilo over esterno debole | BTTS basso: possibile partita a senso unico || V26DEF_STRONG_DEFENSE[Rule=AT_LEAST_ONE_STRONG;Threshold=1.20;Penalty=-14.00;HomeGALast5=1.80;AwayGALast5=1.00;BaseScore=64.59;FinalScore=50.59]";3.23;5.91;9.45;8.0;5.0;8.4;6.0;8.0;4.0;6.6;2.6.def1
2026-10-03;Poland_IIILiga_Group3;Sleza Wroclaw;Jelenia Gora;50.51;MEDIA;11;2026-10-03;Poland_IIILiga_Group3;Poland_IIILiga_Group3;;"PRO: attacco casa positivo | difesa casa vulnerabile | trend over recente casa | profilo over interno positivo || CONTRO: ospite poco prolifico: rischio 1-0 / 2-0 | trend over trasferta non forte | profilo over esterno debole | BTTS basso: possibile partita a senso unico || V26DEF_STRONG_DEFENSE[Rule=AT_LEAST_ONE_STRONG;Threshold=1.20;Penalty=-14.00;HomeGALast5=2.40;AwayGALast5=0.80;BaseScore=64.51;FinalScore=50.51]";5.08;8.86;7.09;8.0;3.18;9.6;3.6;10.0;2.5;6.6;2.6.def1
2026-10-03;England_LeagueTwo;Grimsby;Shrewsbury;50.49;BASSA;3;2026-10-03;England_LeagueTwo;England_LeagueTwo;;PRO: attacco casa positivo | attacco trasferta positivo | difesa trasferta vulnerabile | alta tendenza BTTS || CONTRO: v22 monitora possibile sopravvalutazione weak_ga | trend over casa non forte | trend over trasferta non forte | profilo over interno debole | profilo over esterno debole;1.3;8.86;8.86;3.64;6.82;6.0;6.0;0.0;0.0;9.0;2.6.def1
2026-10-03;Austria_Regionalliga_East;Donaufeld Wien;Wienerberger;50.4;MEDIA;11;2026-10-03;Austria_Regionalliga_East;Austria_Regionalliga_East;;"PRO: difesa trasferta vulnerabile | trend over recente trasferta | profilo over interno positivo | profilo over esterno positivo || CONTRO: attacco casa non dominante | ospite poco prolifico: rischio 1-0 / 2-0 | v22 monitora possibile sopravvalutazione weak_ga | trend over casa non forte | BTTS basso: possibile partita a senso unico || V26DEF_STRONG_DEFENSE[Rule=AT_LEAST_ONE_STRONG;Threshold=1.20;Penalty=-14.00;HomeGALast5=1.00;AwayGALast5=3.40;BaseScore=64.40;FinalScore=50.40]";3.2;7.22;3.94;4.04;10.0;5.33;10.67;6.0;10.0;4.0;2.6.def1
2026-10-03;Austria_Tirol;Innsbrucker AC;SV Worgl;50.3;MEDIA;12;2026-10-03;Austria_Tirol;Austria_Tirol;;"PRO: attacco casa positivo | difesa trasferta vulnerabile | profilo over esterno positivo || CONTRO: ospite poco prolifico: rischio 1-0 / 2-0 | v22 monitora possibile sopravvalutazione weak_ga | trend over casa non forte | trend over trasferta non forte | profilo over interno debole | BTTS basso: possibile partita a senso unico || V26DEF_STRONG_DEFENSE[Rule=AT_LEAST_ONE_STRONG;Threshold=1.20;Penalty=-14.00;HomeGALast5=1.00;AwayGALast5=1.40;BaseScore=64.30;FinalScore=50.30]";5.08;9.85;7.22;3.23;9.09;4.0;6.67;5.0;7.5;6.67;2.6.def1
2026-10-03;Wales_CymruPremier;Connah's Q.;Penybont;50.2;PROX-MEDIA;13;2026-10-03;Wales_CymruPremier;Wales_CymruPremier;;"PRO: attacco casa positivo | attacco trasferta positivo | trend over recente casa | trend over recente trasferta | profilo over interno positivo | profilo over esterno positivo || CONTRO: BTTS basso: possibile partita a senso unico || CONTRO V25: v25: sfida equilibrata di alta classifica (gap punti 2.0, gap PPG 0.18) con difesa trasferta sotto 1 gol subito a partita || V26DEF_STRONG_DEFENSE[Rule=AT_LEAST_ONE_STRONG;Threshold=1.20;Penalty=-14.00;HomeGALast5=0.80;AwayGALast5=0.80;BaseScore=64.20;FinalScore=50.20]";0.46;13.0;11.82;2.64;3.72;8.4;8.4;6.67;8.0;7.09;2.6.def1
2026-10-03;Sweden_Division1_Norra;Enkoping SK;Gefle;50.1;MEDIA;27;2026-10-03;Sweden_Division1_Norra;Sweden_Division1_Norra;;"PRO: attacco casa positivo | difesa trasferta vulnerabile | difesa casa vulnerabile | trend over recente casa | profilo over interno positivo || CONTRO: ospite poco prolifico: rischio 1-0 / 2-0 | v22 monitora possibile sopravvalutazione weak_ga | trend over trasferta non forte | profilo over esterno debole | BTTS basso: possibile partita a senso unico || V26DEF_STRONG_DEFENSE[Rule=AT_LEAST_ONE_STRONG;Threshold=1.20;Penalty=-14.00;HomeGALast5=1.80;AwayGALast5=1.00;BaseScore=64.10;FinalScore=50.10]";0.8;9.11;7.14;6.06;7.95;8.4;4.8;7.5;5.83;6.5;2.6.def1
2026-10-03;Italy_SerieC_GironeB;Livorno;Pescara;50.04;MEDIA;8;2026-10-03;Italy_SerieC_GironeB;Italy_SerieC_GironeB;;"PRO: difesa trasferta vulnerabile | profilo over interno positivo | profilo over esterno positivo | alta tendenza BTTS || CONTRO: attacco casa non dominante | ospite poco prolifico: rischio 1-0 / 2-0 | v22 monitora possibile sopravvalutazione weak_ga | trend over casa non forte | trend over trasferta non forte || V26DEF_STRONG_DEFENSE[Rule=AT_LEAST_ONE_STRONG;Threshold=1.20;Penalty=-14.00;HomeGALast5=1.40;AwayGALast5=1.00;BaseScore=64.04;FinalScore=50.04]";3.47;8.44;6.89;4.16;8.33;5.14;6.0;7.5;6.67;7.43;2.6.def1
2026-10-03;Wales_CymruPremier;Briton Ferry;Colwyn Bay;49.74;MEDIA;13;2026-10-03;Wales_CymruPremier;Wales_CymruPremier;;"PRO: attacco trasferta positivo | difesa casa vulnerabile | trend over recente trasferta | profilo over esterno positivo || CONTRO: attacco casa non dominante | trend over casa non forte | profilo over interno debole | BTTS basso: possibile partita a senso unico || V26DEF_STRONG_DEFENSE[Rule=AT_LEAST_ONE_STRONG;Threshold=1.20;Penalty=-14.00;HomeGALast5=2.00;AwayGALast5=0.80;BaseScore=63.74;FinalScore=49.74]";3.69;5.37;11.28;6.61;5.79;4.8;7.2;5.0;8.0;6.0;2.6.def1
2026-10-03;Germany_Regionalliga_Sudwest;Aalen;FSV Francoforte;49.28;MEDIA;12;2026-10-03;Germany_Regionalliga_Sudwest;Germany_Regionalliga_Sudwest;;"PRO: attacco casa positivo | attacco trasferta positivo | trend over recente trasferta | profilo over esterno positivo || CONTRO: trend over casa non forte | profilo over interno debole | BTTS basso: possibile partita a senso unico || V26DEF_STRONG_DEFENSE[Rule=AT_LEAST_ONE_STRONG;Threshold=1.20;Penalty=-14.00;HomeGALast5=0.80;AwayGALast5=1.00;BaseScore=63.28;FinalScore=49.28]";1.41;9.19;9.6;4.04;5.11;5.33;7.5;4.0;10.0;7.08;2.6.def1
2026-10-03;Italy_SerieC_GironeA;Ospitaletto;Renate;48.95;MEDIA;8;2026-10-03;Italy_SerieC_GironeA;Italy_SerieC_GironeA;;"PRO: attacco casa positivo | profilo over interno positivo | profilo over esterno positivo || CONTRO: ospite poco prolifico: rischio 1-0 / 2-0 | trend over casa non forte | trend over trasferta non forte | BTTS basso: possibile partita a senso unico || V26DEF_STRONG_DEFENSE[Rule=AT_LEAST_ONE_STRONG;Threshold=1.20;Penalty=-14.00;HomeGALast5=0.80;AwayGALast5=1.40;BaseScore=62.95;FinalScore=48.95]";4.42;10.83;3.94;3.03;6.06;6.0;6.0;6.67;10.0;6.0;2.6.def1
2026-10-03;Wales_CymruSouth;Cardiff Draconians;Newport City;48.87;MEDIA;9;2026-10-03;Wales_CymruSouth;Wales_CymruSouth;Wales_CymruTier2;"PRO: attacco casa positivo | difesa casa vulnerabile | trend over recente casa | profilo over interno positivo || CONTRO: ospite poco prolifico: rischio 1-0 / 2-0 | trend over trasferta non forte | profilo over esterno debole | BTTS basso: possibile partita a senso unico || V26DEF_STRONG_DEFENSE[Rule=AT_LEAST_ONE_STRONG;Threshold=1.20;Penalty=-14.00;HomeGALast5=2.00;AwayGALast5=0.80;BaseScore=62.87;FinalScore=48.87]";1.2;9.45;5.91;7.27;3.64;9.6;4.8;10.0;5.0;6.0;2.6.def1
2026-10-03;Sweden_Division2_VastraGotaland;Astorps;Dalstorps IF;48.81;MEDIA;26;2026-10-03;Sweden_Division2_VastraGotaland;Sweden_Division2_VastraGotaland;;"PRO: attacco trasferta positivo | difesa casa vulnerabile | trend over recente trasferta | alta tendenza BTTS || CONTRO: attacco casa non dominante | trend over casa non forte | profilo over interno debole | profilo over esterno debole || V26DEF_STRONG_DEFENSE[Rule=AT_LEAST_ONE_STRONG;Threshold=1.20;Penalty=-14.00;HomeGALast5=1.40;AwayGALast5=0.80;BaseScore=62.81;FinalScore=48.81]";4.15;7.19;11.3;6.01;4.94;4.8;8.4;2.73;5.45;7.83;2.6.def1
2026-10-03;Slovakia_2Liga;MFK Bytca;Zilina B;48.41;MEDIA;11;2026-10-03;Slovakia_2Liga;Slovakia_2Liga;;"PRO: difesa casa vulnerabile | trend over recente casa | profilo over interno positivo || CONTRO: attacco casa non dominante | ospite poco prolifico: rischio 1-0 / 2-0 | trend over trasferta non forte | profilo over esterno debole | BTTS basso: possibile partita a senso unico || V26DEF_STRONG_DEFENSE[Rule=AT_LEAST_ONE_STRONG;Threshold=1.20;Penalty=-14.00;HomeGALast5=2.40;AwayGALast5=1.00;BaseScore=62.41;FinalScore=48.41]";4.4;4.73;7.09;8.0;4.09;10.8;4.8;10.0;2.5;6.0;2.6.def1
2026-10-03;Sweden_Division1_Norra;Pitea;Karlstad;48.18;MEDIA;27;2026-10-03;Sweden_Division1_Norra;Sweden_Division1_Norra;;"PRO: attacco trasferta positivo | difesa casa vulnerabile | trend over recente trasferta || CONTRO: attacco casa non dominante | trend over casa non forte | profilo over interno debole | profilo over esterno debole | BTTS basso: possibile partita a senso unico || V26DEF_STRONG_DEFENSE[Rule=AT_LEAST_ONE_STRONG;Threshold=1.20;Penalty=-14.00;HomeGALast5=1.00;AwayGALast5=1.40;BaseScore=62.18;FinalScore=48.18]";3.2;7.14;8.86;6.82;4.55;4.8;8.4;5.83;5.83;6.75;2.6.def1
2026-10-03;Italy_SerieC_GironeC;Catania;Crotone;48.09;MEDIA;8;2026-10-03;Italy_SerieC_GironeC;Italy_SerieC_GironeC;;"PRO: attacco casa positivo | trend over recente casa | profilo over interno positivo || CONTRO: ospite poco prolifico: rischio 1-0 / 2-0 | trend over trasferta non forte | profilo over esterno debole | BTTS basso: possibile partita a senso unico || V26DEF_STRONG_DEFENSE[Rule=AT_LEAST_ONE_STRONG;Threshold=1.20;Penalty=-14.00;HomeGALast5=1.00;AwayGALast5=1.60;BaseScore=62.09;FinalScore=48.09]";3.47;10.13;5.91;4.68;6.49;8.57;5.14;7.5;3.33;6.86;2.6.def1
2026-10-03;Slovenia_2SNL;Tabor Sezana;NK Krka;48.04;MEDIA;10;2026-10-03;Slovenia_2SNL;Slovenia_2SNL;;"PRO: attacco casa positivo | difesa trasferta vulnerabile | trend over recente trasferta | profilo over esterno positivo || CONTRO: ospite poco prolifico: rischio 1-0 / 2-0 | v22 monitora possibile sopravvalutazione weak_ga | trend over casa non forte | profilo over interno debole | BTTS basso: possibile partita a senso unico || V26DEF_STRONG_DEFENSE[Rule=AT_LEAST_ONE_STRONG;Threshold=1.20;Penalty=-14.00;HomeGALast5=1.20;AwayGALast5=1.60;BaseScore=62.04;FinalScore=48.04]";5.2;13.0;5.91;2.73;7.95;6.0;7.5;2.5;7.5;3.75;2.6.def1
2026-10-03;Sweden_Division2_NorraGotaland;Lidkoping;Vanersborgs FK;48.02;PROX-MEDIA;26;2026-10-03;Sweden_Division2_NorraGotaland;Sweden_Division2_NorraGotaland;;"PRO: difesa trasferta vulnerabile | difesa casa vulnerabile | profilo over interno positivo | alta tendenza BTTS || CONTRO: attacco casa non dominante | ospite poco prolifico: rischio 1-0 / 2-0 | v22 monitora possibile sopravvalutazione weak_ga | trend over casa non forte | trend over trasferta non forte | profilo over esterno debole || V26DEF_STRONG_DEFENSE[Rule=AT_LEAST_ONE_STRONG;Threshold=1.20;Penalty=-14.00;HomeGALast5=1.00;AwayGALast5=1.20;BaseScore=62.02;FinalScore=48.02]";1.38;7.19;7.71;6.64;7.71;6.0;6.0;8.18;3.64;7.57;2.6.def1
2026-10-03;Indonesia_Championship;Persis Solo;Tornado Pekanbaru;47.89;BASSA;4;2026-10-03;Indonesia_Championship;Indonesia_Championship;;PRO: attacco casa positivo | profilo over interno positivo || CONTRO: ospite poco prolifico: rischio 1-0 / 2-0 | trend over casa non forte | trend over trasferta non forte | profilo over esterno debole | BTTS basso: possibile partita a senso unico;0.32;13.0;5.91;3.64;3.03;4.0;4.0;10.0;0.0;4.0;2.6.def1
2026-10-03;Poland_IIILiga_Group3;BKS Sparta Katowice;Warta Gorzow;47.89;MEDIA;11;2026-10-03;Poland_IIILiga_Group3;Poland_IIILiga_Group3;;"PRO: attacco casa positivo | difesa trasferta vulnerabile | profilo over interno positivo | profilo over esterno positivo || CONTRO: ospite poco prolifico: rischio 1-0 / 2-0 | v22 monitora possibile sopravvalutazione weak_ga | trend over casa non forte | trend over trasferta non forte | BTTS basso: possibile partita a senso unico || V26DEF_STRONG_DEFENSE[Rule=AT_LEAST_ONE_STRONG;Threshold=1.20;Penalty=-14.00;HomeGALast5=0.40;AwayGALast5=1.60;BaseScore=61.89;FinalScore=47.89]";4.15;10.64;5.91;2.18;7.27;6.0;4.8;8.33;6.0;6.6;2.6.def1
2026-10-03;Sweden_Division1_Sodra;Jonkoping;Eskilsminne;47.55;PROX-MEDIA;27;2026-10-03;Sweden_Division1_Sodra;Sweden_Division1_Sodra;;"PRO: attacco trasferta positivo | difesa trasferta vulnerabile | trend over recente trasferta | profilo over esterno positivo || CONTRO: attacco casa non dominante | v22 monitora possibile sopravvalutazione weak_ga | trend over casa non forte | profilo over interno debole | BTTS basso: possibile partita a senso unico || V26DEF_STRONG_DEFENSE[Rule=AT_LEAST_ONE_STRONG;Threshold=1.20;Penalty=-14.00;HomeGALast5=1.20;AwayGALast5=2.20;BaseScore=61.55;FinalScore=47.55]";1.6;7.14;9.6;3.79;8.33;3.6;8.4;5.0;8.33;5.75;2.6.def1
2026-10-03;Denmark_2ndDivision;Skive;Hellerup;47.45;MEDIA;10;2026-10-03;Denmark_2ndDivision;Denmark_2ndDivision;;"PRO: difesa trasferta vulnerabile | trend over recente trasferta | profilo over interno positivo | profilo over esterno positivo | alta tendenza BTTS || CONTRO: attacco casa non dominante | ospite poco prolifico: rischio 1-0 / 2-0 | v22 monitora possibile sopravvalutazione weak_ga | trend over casa non forte || V26DEF_STRONG_DEFENSE[Rule=AT_LEAST_ONE_STRONG;Threshold=1.20;Penalty=-14.00;HomeGALast5=1.20;AwayGALast5=1.80;BaseScore=61.45;FinalScore=47.45]";0.55;7.22;5.25;4.85;8.08;6.67;8.0;6.0;7.5;7.33;2.6.def1
2026-10-03;Spain_LaLiga2;Albacete;Eibar;47.1;MEDIA;8;2026-10-03;Spain_LaLiga2;Spain_LaLiga2;;"PRO: attacco trasferta positivo | difesa casa vulnerabile | trend over recente trasferta | profilo over esterno positivo || CONTRO: attacco casa non dominante | trend over casa non forte | profilo over interno debole | BTTS basso: possibile partita a senso unico || V26DEF_STRONG_DEFENSE[Rule=AT_LEAST_ONE_STRONG;Threshold=1.20;Penalty=-14.00;HomeGALast5=1.60;AwayGALast5=0.60;BaseScore=61.10;FinalScore=47.10]";5.71;2.95;12.66;6.06;3.9;4.0;8.57;5.0;6.67;5.57;2.6.def1
2026-10-03;Bosnia_PrvaLiga_RS;Leotar;Majevica;46.83;MEDIA;10;2026-10-03;Bosnia_PrvaLiga_RS;Bosnia_PrvaLiga_RS;;"PRO: attacco casa positivo | attacco trasferta positivo | trend over recente casa | profilo over interno positivo || CONTRO: trend over trasferta non forte | profilo over esterno debole | BTTS basso: possibile partita a senso unico || V26DEF_STRONG_DEFENSE[Rule=AT_LEAST_ONE_STRONG;Threshold=1.20;Penalty=-14.00;HomeGALast5=0.40;AwayGALast5=1.00;BaseScore=60.83;FinalScore=46.83]";0.46;13.0;12.56;1.82;3.41;7.5;6.0;7.5;3.33;5.25;2.6.def1
2026-10-03;Sweden_Division2_NorraSvealand;Enskede;Falu;46.76;PROX-MEDIA;25;2026-10-03;Sweden_Division2_NorraSvealand;Sweden_Division2_NorraSvealand;;"PRO: attacco casa positivo | attacco trasferta positivo | trend over recente trasferta || CONTRO: trend over casa non forte | profilo over interno debole | profilo over esterno debole | BTTS basso: possibile partita a senso unico || V26DEF_STRONG_DEFENSE[Rule=AT_LEAST_ONE_STRONG;Threshold=1.20;Penalty=-14.00;HomeGALast5=0.40;AwayGALast5=1.80;BaseScore=60.76;FinalScore=46.76]";0.46;10.02;9.51;3.79;5.53;4.8;9.6;4.55;5.45;7.04;2.6.def1
2026-10-03;Italy_SerieC_GironeB;Grosseto;Sambenedettese;46.56;MEDIA;8;2026-10-03;Italy_SerieC_GironeB;Italy_SerieC_GironeB;;"PRO: attacco casa positivo | difesa trasferta vulnerabile | trend over recente trasferta | alta tendenza BTTS || CONTRO: ospite poco prolifico: rischio 1-0 / 2-0 | v22 monitora possibile sopravvalutazione weak_ga | trend over casa non forte | profilo over interno debole | profilo over esterno debole || V26DEF_STRONG_DEFENSE[Rule=AT_LEAST_ONE_STRONG;Threshold=1.20;Penalty=-14.00;HomeGALast5=0.40;AwayGALast5=2.00;BaseScore=60.56;FinalScore=46.56]";5.05;10.97;6.75;2.08;8.44;5.14;8.57;2.5;3.33;7.71;2.6.def1
2026-10-03;England_NPLPremierDivision;Warrington Rylands;Emley;46.31;MEDIA;11;2026-10-03;England_NPLPremierDivision;England_NPLPremierDivision;;"PRO: difesa trasferta vulnerabile | trend over recente trasferta | profilo over interno positivo | profilo over esterno positivo || CONTRO: attacco casa non dominante | ospite poco prolifico: rischio 1-0 / 2-0 | v22 monitora possibile sopravvalutazione weak_ga | trend over casa non forte | BTTS basso: possibile partita a senso unico || V26DEF_STRONG_DEFENSE[Rule=AT_LEAST_ONE_STRONG;Threshold=1.20;Penalty=-14.00;HomeGALast5=1.20;AwayGALast5=2.60;BaseScore=60.31;FinalScore=46.31]";2.0;7.68;5.32;4.73;8.18;6.0;8.4;6.0;6.0;6.0;2.6.def1
2026-10-03;Wales_CymruPremier;Llandudno;Cardiff Metropolitan;46.08;PROX-MEDIA;13;2026-10-03;Wales_CymruPremier;Wales_CymruPremier;;"PRO: attacco casa positivo | attacco trasferta positivo | difesa casa vulnerabile | trend over recente casa || CONTRO: trend over trasferta non forte | profilo over interno debole | profilo over esterno debole | BTTS basso: possibile partita a senso unico || V26DEF_STRONG_DEFENSE[Rule=AT_LEAST_ONE_STRONG;Threshold=1.20;Penalty=-14.00;HomeGALast5=2.20;AwayGALast5=1.20;BaseScore=60.08;FinalScore=46.08]";0.46;11.28;11.82;5.95;5.37;7.2;6.0;4.0;2.0;6.0;2.6.def1
2026-10-03;Finland_Kolmonen_Eastern_Group3;Haminan Pallo-Kissat;Mikkelin Palloilijat 2;45.85;BASSA;26;2026-10-03;Finland_Kolmonen_Eastern_Group3;Finland_Kolmonen_Eastern_Group3;;PRO: attacco trasferta positivo | difesa trasferta vulnerabile | trend over recente trasferta | profilo over esterno positivo || CONTRO: attacco casa non dominante | v22 monitora possibile sopravvalutazione weak_ga | trend over casa non forte | profilo over interno debole | BTTS basso: possibile partita a senso unico;0.0;0.0;13.0;0.0;9.55;0.0;10.8;0.0;8.0;4.5;2.6.def1
2026-10-03;Wales_CymruSouth;Treowen;Ynyshir Albions;45.72;MEDIA;9;2026-10-03;Wales_CymruSouth;Wales_CymruSouth;Wales_CymruTier2;"PRO: attacco casa positivo | difesa casa vulnerabile | trend over recente casa | alta tendenza BTTS || CONTRO: ospite poco prolifico: rischio 1-0 / 2-0 | trend over trasferta non forte | profilo over interno debole | profilo over esterno debole || V26DEF_STRONG_DEFENSE[Rule=AT_LEAST_ONE_STRONG;Threshold=1.20;Penalty=-14.00;HomeGALast5=2.40;AwayGALast5=0.80;BaseScore=59.72;FinalScore=45.72]";4.4;12.66;5.91;6.75;3.64;8.57;2.4;5.0;2.5;7.89;2.6.def1
2026-10-03;Ukraine_PershaLiga;Lokomotyv Kyiv;Zhytomyr 2;45.52;MEDIA;10;2026-10-03;Ukraine_PershaLiga;Ukraine_PershaLiga;;"PRO: difesa trasferta vulnerabile | trend over recente trasferta | profilo over esterno positivo | alta tendenza BTTS || CONTRO: attacco casa non dominante | ospite poco prolifico: rischio 1-0 / 2-0 | v22 monitora possibile sopravvalutazione weak_ga | trend over casa non forte | profilo over interno debole || V26DEF_STRONG_DEFENSE[Rule=AT_LEAST_ONE_STRONG;Threshold=1.20;Penalty=-14.00;HomeGALast5=1.00;AwayGALast5=2.00;BaseScore=59.52;FinalScore=45.52]";2.0;5.91;7.22;3.64;8.59;4.0;9.33;4.0;7.5;7.33;2.6.def1
2026-10-03;Austria_Regionalliga_West;Kufstein;SC Imst;45.36;MEDIA;11;2026-10-03;Austria_Regionalliga_West;Austria_Regionalliga_West;;"PRO: attacco trasferta positivo | difesa casa vulnerabile | trend over recente casa | profilo over interno positivo || CONTRO: attacco casa non dominante | trend over trasferta non forte | profilo over esterno debole | BTTS basso: possibile partita a senso unico || V26DEF_STRONG_DEFENSE[Rule=AT_LEAST_ONE_STRONG;Threshold=1.20;Penalty=-14.00;HomeGALast5=1.80;AwayGALast5=1.20;BaseScore=59.36;FinalScore=45.36]";3.2;7.22;9.85;6.06;3.03;8.0;5.33;7.5;2.5;6.67;2.6.def1
2026-10-03;CzechRepublic_3MSFL;Hlubina;Hodonin;45.12;MEDIA;11;2026-10-03;CzechRepublic_3MSFL;CzechRepublic_3MSFL;;"PRO: attacco casa positivo | difesa casa vulnerabile | trend over recente casa | profilo over interno positivo || CONTRO: ospite poco prolifico: rischio 1-0 / 2-0 | trend over trasferta non forte | profilo over esterno debole | BTTS basso: possibile partita a senso unico || V26DEF_STRONG_DEFENSE[Rule=AT_LEAST_ONE_STRONG;Threshold=1.20;Penalty=-14.00;HomeGALast5=1.20;AwayGALast5=0.40;BaseScore=59.12;FinalScore=45.12]";2.31;13.0;5.91;6.55;5.45;8.4;2.4;6.0;2.5;6.6;2.6.def1
2026-10-03;CzechRepublic_3CFL_GroupB;Banik Most-Sous;Jablonec B;45.0;MEDIA;10;2026-10-03;CzechRepublic_3CFL_GroupB;CzechRepublic_3CFL_GroupB;CzechRepublic_3rdTier;"PRO: attacco casa positivo | attacco trasferta positivo | trend over recente casa | profilo over interno positivo || CONTRO: trend over trasferta non forte | profilo over esterno debole | BTTS basso: possibile partita a senso unico || V26DEF_STRONG_DEFENSE[Rule=AT_LEAST_ONE_STRONG;Threshold=1.20;Penalty=-14.00;HomeGALast5=1.00;AwayGALast5=1.00;BaseScore=59.00;FinalScore=45.00]";2.8;12.66;12.56;3.12;3.41;8.57;4.5;6.67;0.0;4.71;2.6.def1
2026-10-03;Norway_2ndDivision_Group1;Notodden;Eik-Tonsberg;44.84;BASSA;23;2026-10-03;Norway_2ndDivision_Group1;Norway_2ndDivision_Group1;;"PRO: difesa trasferta vulnerabile | trend over recente trasferta | profilo over esterno positivo || CONTRO: attacco casa non dominante | ospite poco prolifico: rischio 1-0 / 2-0 | v22 monitora possibile sopravvalutazione weak_ga | trend over casa non forte | profilo over interno debole | BTTS basso: possibile partita a senso unico || V26DEF_STRONG_DEFENSE[Rule=AT_LEAST_ONE_STRONG;Threshold=1.20;Penalty=-14.00;HomeGALast5=0.60;AwayGALast5=2.00;BaseScore=58.84;FinalScore=44.84]";3.69;8.44;5.91;2.94;10.0;4.8;7.2;5.0;6.0;4.86;2.6.def1
2026-10-03;Germany_Regionalliga_Sudwest;Trier;Walldorf;44.77;BASSA;12;2026-10-03;Germany_Regionalliga_Sudwest;Germany_Regionalliga_Sudwest;;"PRO: difesa trasferta vulnerabile | trend over recente trasferta | profilo over esterno positivo || CONTRO: attacco casa non dominante | ospite poco prolifico: rischio 1-0 / 2-0 | v22 monitora possibile sopravvalutazione weak_ga | trend over casa non forte | profilo over interno debole | BTTS basso: possibile partita a senso unico || V26DEF_STRONG_DEFENSE[Rule=AT_LEAST_ONE_STRONG;Threshold=1.20;Penalty=-14.00;HomeGALast5=1.00;AwayGALast5=1.80;BaseScore=58.77;FinalScore=44.77]";4.24;6.57;7.22;2.83;8.59;4.0;9.33;2.5;7.5;6.0;2.6.def1
2026-10-03;Germany_Regionalliga_Bayern;Aubstadt;Memmingen;44.01;BASSA;14;2026-10-03;Germany_Regionalliga_Bayern;Germany_Regionalliga_Bayern;;"PRO: difesa casa vulnerabile | trend over recente casa | profilo over interno positivo || CONTRO: attacco casa non dominante | ospite poco prolifico: rischio 1-0 / 2-0 | trend over trasferta non forte | profilo over esterno debole | BTTS basso: possibile partita a senso unico || V26DEF_STRONG_DEFENSE[Rule=AT_LEAST_ONE_STRONG;Threshold=1.20;Penalty=-14.00;HomeGALast5=1.80;AwayGALast5=0.20;BaseScore=58.01;FinalScore=44.01]";5.65;8.27;6.98;6.91;2.89;7.2;4.8;6.67;4.0;4.64;2.6.def1
2026-10-03;Slovakia_3Liga_West;Banik Prievidza;D. Luzna;43.99;BASSA;9;2026-10-03;Slovakia_3Liga_West;Slovakia_3Liga_West;;"PRO: attacco casa positivo | difesa casa vulnerabile | trend over recente casa | profilo over interno positivo || CONTRO: ospite poco prolifico: rischio 1-0 / 2-0 | trend over trasferta non forte | profilo over esterno debole | BTTS basso: possibile partita a senso unico || V26DEF_STRONG_DEFENSE[Rule=AT_LEAST_ONE_STRONG;Threshold=1.20;Penalty=-14.00;HomeGALast5=1.40;AwayGALast5=0.80;BaseScore=57.99;FinalScore=43.99]";0.8;10.34;6.65;5.91;4.55;7.5;3.0;7.5;5.0;6.75;2.6.def1
2026-10-03;Italy_SerieC_GironeA;Cittadella;AlbinoLeffe;43.44;BASSA;8;2026-10-03;Italy_SerieC_GironeA;Italy_SerieC_GironeA;;"PRO: attacco casa positivo | profilo over interno positivo || CONTRO: ospite poco prolifico: rischio 1-0 / 2-0 | trend over casa non forte | trend over trasferta non forte | profilo over esterno debole | BTTS basso: possibile partita a senso unico || V26DEF_STRONG_DEFENSE[Rule=AT_LEAST_ONE_STRONG;Threshold=1.20;Penalty=-14.00;HomeGALast5=0.40;AwayGALast5=1.40;BaseScore=57.44;FinalScore=43.44]";3.79;10.83;7.88;1.21;6.06;6.0;4.0;6.67;5.0;6.0;2.6.def1
2026-10-03;Austria_Wien;Sportunion Mauer;Slovan HAC;43.38;BASSA;8;2026-10-03;Austria_Wien;Austria_Wien;;"PRO: attacco casa positivo | attacco trasferta positivo | trend over recente casa | profilo over interno positivo || CONTRO: trend over trasferta non forte | profilo over esterno debole | BTTS basso: possibile partita a senso unico || V26DEF_STRONG_DEFENSE[Rule=AT_LEAST_ONE_STRONG;Threshold=1.20;Penalty=-14.00;HomeGALast5=0.00;AwayGALast5=1.00;BaseScore=57.38;FinalScore=43.38]";2.4;13.0;10.64;0.0;4.55;7.2;4.8;10.0;0.0;4.8;2.6.def1
2026-10-03;Belarus_PershayaLiga;Uni X Labs;Din. Minsk 2;43.29;BASSA;29;2026-10-03;Belarus_PershayaLiga;Belarus_PershayaLiga;;"PRO: attacco trasferta positivo | difesa trasferta vulnerabile | trend over recente trasferta | profilo over esterno positivo || CONTRO: attacco casa non dominante | v22 monitora possibile sopravvalutazione weak_ga | trend over casa non forte | profilo over interno debole | BTTS basso: possibile partita a senso unico || V26DEF_STRONG_DEFENSE[Rule=AT_LEAST_ONE_STRONG;Threshold=1.20;Penalty=-14.00;HomeGALast5=1.60;AwayGALast5=1.00;BaseScore=57.29;FinalScore=43.29]";1.76;5.68;9.93;4.9;6.73;3.6;9.6;1.54;6.92;6.63;2.6.def1
2026-10-03;England_NPLPremierDivision;Redcar Athletic;Alfreton;43.17;BASSA;11;2026-10-03;England_NPLPremierDivision;England_NPLPremierDivision;;"PRO: attacco casa positivo | attacco trasferta positivo | trend over recente trasferta | profilo over interno positivo || CONTRO: trend over casa non forte | profilo over esterno debole | BTTS basso: possibile partita a senso unico || V26DEF_STRONG_DEFENSE[Rule=AT_LEAST_ONE_STRONG;Threshold=1.20;Penalty=-14.00;HomeGALast5=1.00;AwayGALast5=0.80;BaseScore=57.17;FinalScore=43.17]";2.0;11.23;9.45;2.55;4.55;4.8;7.2;6.0;4.0;5.4;2.6.def1
2026-10-03;CzechRepublic_3MSFL;Uhersky Brod;Havirov;42.91;BASSA;11;2026-10-03;CzechRepublic_3MSFL;CzechRepublic_3MSFL;;"PRO: attacco casa positivo | difesa trasferta vulnerabile | difesa casa vulnerabile | trend over recente casa | profilo over interno positivo || CONTRO: ospite poco prolifico: rischio 1-0 / 2-0 | v22 monitora possibile sopravvalutazione weak_ga | trend over trasferta non forte | profilo over esterno debole | BTTS basso: possibile partita a senso unico || V26DEF_STRONG_DEFENSE[Rule=AT_LEAST_ONE_STRONG;Threshold=1.20;Penalty=-14.00;HomeGALast5=2.00;AwayGALast5=1.00;BaseScore=56.91;FinalScore=42.91]";3.69;9.45;2.36;5.82;8.18;7.2;3.6;8.0;2.0;6.6;2.6.def1
2026-10-03;Germany_Oberliga_Hessen;VfB Marburg;CSC 03 Kassel;42.57;BASSA;13;2026-10-03;Germany_Oberliga_Hessen;Germany_Oberliga_Hessen;;"PRO: difesa trasferta vulnerabile | profilo over interno positivo || CONTRO: attacco casa non dominante | ospite poco prolifico: rischio 1-0 / 2-0 | v22 monitora possibile sopravvalutazione weak_ga | trend over casa non forte | trend over trasferta non forte | profilo over esterno debole | BTTS basso: possibile partita a senso unico || V26DEF_STRONG_DEFENSE[Rule=AT_LEAST_ONE_STRONG;Threshold=1.20;Penalty=-14.00;HomeGALast5=1.80;AwayGALast5=0.60;BaseScore=56.57;FinalScore=42.57]";1.41;8.06;6.45;4.63;8.68;4.8;6.0;6.0;4.0;6.55;2.6.def1
2026-10-03;Ukraine_PershaLiga;Viktoria;Inhulets;42.36;BASSA;10;2026-10-03;Ukraine_PershaLiga;Ukraine_PershaLiga;;"PRO: trend over recente trasferta | profilo over esterno positivo || CONTRO: attacco casa non dominante | ospite poco prolifico: rischio 1-0 / 2-0 | trend over casa non forte | profilo over interno debole | BTTS basso: possibile partita a senso unico || V26DEF_STRONG_DEFENSE[Rule=AT_LEAST_ONE_STRONG;Threshold=1.20;Penalty=-14.00;HomeGALast5=1.00;AwayGALast5=0.80;BaseScore=56.36;FinalScore=42.36]";2.4;7.22;7.39;2.42;5.68;4.0;9.0;5.0;7.5;5.75;2.6.def1
2026-10-03;England_LeagueTwo;Crewe;Bristol Rovers;42.1;BASSA;3;2026-10-03;England_LeagueTwo;England_LeagueTwo;;PRO: difesa trasferta vulnerabile | profilo over esterno positivo || CONTRO: attacco casa non dominante | ospite poco prolifico: rischio 1-0 / 2-0 | v22 monitora possibile sopravvalutazione weak_ga | trend over casa non forte | trend over trasferta non forte | profilo over interno debole | BTTS basso: possibile partita a senso unico;0.78;5.91;2.95;3.64;6.82;0.0;6.0;0.0;10.0;6.0;2.6.def1
2026-10-03;Norway_2ndDivision_Group1;Halden;Bjarg;42.08;BASSA;23;2026-10-03;Norway_2ndDivision_Group1;Norway_2ndDivision_Group1;;"PRO: attacco casa positivo | attacco trasferta positivo || CONTRO: trend over casa non forte | trend over trasferta non forte | profilo over interno debole | profilo over esterno debole | BTTS basso: possibile partita a senso unico || V26DEF_STRONG_DEFENSE[Rule=AT_LEAST_ONE_STRONG;Threshold=1.20;Penalty=-14.00;HomeGALast5=1.00;AwayGALast5=0.40;BaseScore=56.08;FinalScore=42.08]";2.31;9.0;12.09;4.16;5.37;3.6;6.0;3.0;5.0;5.56;2.6.def1
2026-10-03;Wales_CymruPremier;Haverfordwest;Flint;42.04;BASSA;13;2026-10-03;Wales_CymruPremier;Wales_CymruPremier;;"PRO: difesa trasferta vulnerabile | difesa casa vulnerabile | trend over recente trasferta | profilo over interno positivo | profilo over esterno positivo || CONTRO: attacco casa non dominante | ospite poco prolifico: rischio 1-0 / 2-0 | v22 monitora possibile sopravvalutazione weak_ga | trend over casa non forte | BTTS basso: possibile partita a senso unico || V26DEF_STRONG_DEFENSE[Rule=AT_LEAST_ONE_STRONG;Threshold=1.20;Penalty=-14.00;HomeGALast5=0.80;AwayGALast5=2.60;BaseScore=56.04;FinalScore=42.04]";0.92;3.76;5.91;5.29;9.92;4.8;7.2;6.67;6.67;4.91;2.6.def1
2026-10-03;Slovakia_2Liga;FK Humenne;Pohronie;41.35;BASSA;11;2026-10-03;Slovakia_2Liga;Slovakia_2Liga;;"PRO: attacco trasferta positivo | difesa trasferta vulnerabile | trend over recente trasferta | profilo over esterno positivo || CONTRO: attacco casa non dominante | v22 monitora possibile sopravvalutazione weak_ga | trend over casa non forte | profilo over interno debole | BTTS basso: possibile partita a senso unico || V26DEF_STRONG_DEFENSE[Rule=AT_LEAST_ONE_STRONG;Threshold=1.20;Penalty=-14.00;HomeGALast5=1.00;AwayGALast5=1.20;BaseScore=55.35;FinalScore=41.35]";3.6;3.55;9.45;4.73;6.82;4.8;8.4;2.0;6.0;6.0;2.6.def1
2026-10-03;Ukraine_PershaLiga;Prykarpattya;Metalist Kharkiv;41.23;BASSA;10;2026-10-03;Ukraine_PershaLiga;Ukraine_PershaLiga;;"PRO: trend over recente casa || CONTRO: attacco casa non dominante | ospite poco prolifico: rischio 1-0 / 2-0 | trend over trasferta non forte | profilo over interno debole | profilo over esterno debole | BTTS basso: possibile partita a senso unico || V26DEF_STRONG_DEFENSE[Rule=AT_LEAST_ONE_STRONG;Threshold=1.20;Penalty=-14.00;HomeGALast5=0.80;AwayGALast5=1.20;BaseScore=55.23;FinalScore=41.23]";1.6;7.88;7.22;3.64;5.56;8.0;5.33;5.0;5.0;6.0;2.6.def1
2026-10-03;Sweden_Division2_NorraGotaland;Stenungsunds;IFK Skovde;41.2;BASSA;26;2026-10-03;Sweden_Division2_NorraGotaland;Sweden_Division2_NorraGotaland;;"PRO: attacco casa positivo | attacco trasferta positivo || CONTRO: trend over casa non forte | trend over trasferta non forte | profilo over interno debole | profilo over esterno debole | BTTS basso: possibile partita a senso unico || V26DEF_STRONG_DEFENSE[Rule=AT_LEAST_ONE_STRONG;Threshold=1.20;Penalty=-14.00;HomeGALast5=1.00;AwayGALast5=0.60;BaseScore=55.20;FinalScore=41.20]";1.38;11.3;10.02;4.58;4.94;4.8;3.6;4.55;4.55;5.48;2.6.def1
2026-10-03;Belarus_PershayaLiga;Smorgon;Osipovichi;40.85;BASSA;29;2026-10-03;Belarus_PershayaLiga;Belarus_PershayaLiga;;"PRO: difesa trasferta vulnerabile || CONTRO: attacco casa non dominante | ospite poco prolifico: rischio 1-0 / 2-0 | v22 monitora possibile sopravvalutazione weak_ga | trend over casa non forte | trend over trasferta non forte | profilo over interno debole | profilo over esterno debole | BTTS basso: possibile partita a senso unico || V26DEF_STRONG_DEFENSE[Rule=AT_LEAST_ONE_STRONG;Threshold=1.20;Penalty=-14.00;HomeGALast5=1.20;AwayGALast5=2.80;BaseScore=54.85;FinalScore=40.85]";2.12;7.05;6.59;5.03;10.0;3.6;6.0;3.08;5.38;6.0;2.6.def1
2026-10-03;Slovakia_3Liga_West;Gabcikovo;Velke Ludince;40.66;BASSA;9;2026-10-03;Slovakia_3Liga_West;Slovakia_3Liga_West;;"PRO: difesa trasferta vulnerabile | trend over recente trasferta || CONTRO: attacco casa non dominante | ospite poco prolifico: rischio 1-0 / 2-0 | v22 monitora possibile sopravvalutazione weak_ga | trend over casa non forte | profilo over interno debole | profilo over esterno debole | BTTS basso: possibile partita a senso unico || V26DEF_STRONG_DEFENSE[Rule=AT_LEAST_ONE_STRONG;Threshold=1.20;Penalty=-14.00;HomeGALast5=1.20;AwayGALast5=2.80;BaseScore=54.66;FinalScore=40.66]";2.8;7.39;7.39;5.0;10.0;3.0;9.0;0.0;3.33;6.75;2.6.def1
2026-10-03;Austria_Burgenland;Pinkafeld;SV Eberau;40.45;BASSA;10;2026-10-03;Austria_Burgenland;Austria_Burgenland;;"PRO: attacco casa positivo | attacco trasferta positivo | difesa casa vulnerabile | alta tendenza BTTS || CONTRO: trend over casa non forte | trend over trasferta non forte | profilo over interno debole | profilo over esterno debole || V26DEF_STRONG_DEFENSE[Rule=AT_LEAST_ONE_STRONG;Threshold=1.20;Penalty=-14.00;HomeGALast5=1.60;AwayGALast5=1.20;BaseScore=54.45;FinalScore=40.45]";1.2;11.08;9.6;5.45;5.11;6.0;6.0;2.5;0.0;7.5;2.6.def1
2026-10-03;Slovakia_2Liga;Inter Bratislava;Z. Moravce-Vrable;40.42;BASSA;11;2026-10-03;Slovakia_2Liga;Slovakia_2Liga;;"PRO: attacco casa positivo | trend over recente casa || CONTRO: ospite poco prolifico: rischio 1-0 / 2-0 | trend over trasferta non forte | profilo over interno debole | profilo over esterno debole | BTTS basso: possibile partita a senso unico || V26DEF_STRONG_DEFENSE[Rule=AT_LEAST_ONE_STRONG;Threshold=1.20;Penalty=-14.00;HomeGALast5=1.00;AwayGALast5=0.60;BaseScore=54.42;FinalScore=40.42]";1.6;11.82;5.91;4.0;4.09;8.4;4.8;5.0;4.0;4.8;2.6.def1
2026-10-03;Norway_2ndDivision_Group2;Grorud;Lørenskog;39.77;BASSA;27;2026-10-03;Norway_2ndDivision_Group2;Norway_2ndDivision_Group2;;"PRO: attacco casa positivo | attacco trasferta positivo | difesa trasferta vulnerabile | profilo over interno positivo || CONTRO: v22 monitora possibile sopravvalutazione weak_ga | trend over casa non forte | trend over trasferta non forte | profilo over esterno debole | BTTS basso: possibile partita a senso unico || V26DEF_STRONG_DEFENSE[Rule=AT_LEAST_ONE_STRONG;Threshold=1.20;Penalty=-14.00;HomeGALast5=1.00;AwayGALast5=1.80;BaseScore=53.77;FinalScore=39.77]";0.46;9.67;9.29;3.31;7.14;3.6;4.8;6.0;3.64;5.87;2.6.def1
2026-10-03;Germany_Oberliga_Bayern_Sud;Heimstetten;Erlbach;39.5;BASSA;14;2026-10-03;Germany_Oberliga_Bayern_Sud;Germany_Oberliga_Bayern_Sud;;"PRO: attacco casa positivo | difesa casa vulnerabile | trend over recente casa | profilo over interno positivo || CONTRO: ospite poco prolifico: rischio 1-0 / 2-0 | trend over trasferta non forte | profilo over esterno debole | BTTS basso: possibile partita a senso unico || V26DEF_STRONG_DEFENSE[Rule=AT_LEAST_ONE_STRONG;Threshold=1.20;Penalty=-14.00;HomeGALast5=2.40;AwayGALast5=0.40;BaseScore=53.50;FinalScore=39.50]";0.71;11.33;6.45;7.27;2.48;8.4;2.4;6.67;1.67;6.14;2.6.def1
2026-10-03;Bosnia_PrvaLiga_FBiH;Stupcanica;Gradacac;39.36;BASSA;9;2026-10-03;Bosnia_PrvaLiga_FBiH;Bosnia_PrvaLiga_FBiH;double round robin inferred from league size.;"PRO: attacco casa positivo | trend over recente casa | profilo over interno positivo || CONTRO: ospite poco prolifico: rischio 1-0 / 2-0 | trend over trasferta non forte | profilo over esterno debole | BTTS basso: possibile partita a senso unico || V26DEF_STRONG_DEFENSE[Rule=AT_LEAST_ONE_STRONG;Threshold=1.20;Penalty=-14.00;HomeGALast5=1.20;AwayGALast5=0.80;BaseScore=53.36;FinalScore=39.36]";2.4;13.0;5.91;3.12;3.79;8.57;2.0;10.0;0.0;4.57;2.6.def1
2026-10-03;Austria_Niederosterreich;ASK Ybbs;Wieselburg;39.16;BASSA;10;2026-10-03;Austria_Niederosterreich;Austria_Niederosterreich;;"PRO: attacco casa positivo | attacco trasferta positivo | difesa trasferta vulnerabile | trend over recente trasferta | profilo over esterno positivo || CONTRO: v22 monitora possibile sopravvalutazione weak_ga | trend over casa non forte | profilo over interno debole | BTTS basso: possibile partita a senso unico || V26DEF_STRONG_DEFENSE[Rule=AT_LEAST_ONE_STRONG;Threshold=1.20;Penalty=-14.00;HomeGALast5=0.80;AwayGALast5=1.80;BaseScore=53.16;FinalScore=39.16]";2.8;9.6;8.86;2.27;7.95;3.0;7.5;0.0;6.67;4.5;2.6.def1
2026-10-03;Austria_Vorarlberg;Brauerei Egg;Bizau;39.09;BASSA;8;2026-10-03;Austria_Vorarlberg;Austria_Vorarlberg;fourth tier;"PRO: attacco casa positivo | trend over recente casa | profilo over interno positivo || CONTRO: ospite poco prolifico: rischio 1-0 / 2-0 | trend over trasferta non forte | profilo over esterno debole | BTTS basso: possibile partita a senso unico || V26DEF_STRONG_DEFENSE[Rule=AT_LEAST_ONE_STRONG;Threshold=1.20;Penalty=-14.00;HomeGALast5=1.00;AwayGALast5=0.80;BaseScore=53.09;FinalScore=39.09]";1.85;13.0;5.91;3.64;3.03;8.0;4.0;6.67;0.0;7.0;2.6.def1
2026-10-03;England_LeagueOne;Reading;Bradford City;38.86;BASSA;9;2026-10-03;England_LeagueOne;England_LeagueOne;;"PRO: attacco casa positivo | difesa casa vulnerabile | trend over recente casa | profilo over interno positivo || CONTRO: ospite poco prolifico: rischio 1-0 / 2-0 | trend over trasferta non forte | profilo over esterno debole | BTTS basso: possibile partita a senso unico || V26DEF_STRONG_DEFENSE[Rule=AT_LEAST_ONE_STRONG;Threshold=1.20;Penalty=-14.00;HomeGALast5=1.00;AwayGALast5=0.80;BaseScore=52.86;FinalScore=38.86]";1.83;13.0;5.91;5.45;2.6;10.0;1.71;7.5;0.0;4.86;2.6.def1
2026-10-03;Poland_IIILiga_Group4;Kolbuszowa Dolna;Moravia Morawica;38.42;BASSA;11;2026-10-03;Poland_IIILiga_Group4;Poland_IIILiga_Group4;;"PRO: difesa trasferta vulnerabile | trend over recente trasferta || CONTRO: attacco casa non dominante | ospite poco prolifico: rischio 1-0 / 2-0 | v22 monitora possibile sopravvalutazione weak_ga | trend over casa non forte | profilo over interno debole | profilo over esterno debole | BTTS basso: possibile partita a senso unico || V26DEF_STRONG_DEFENSE[Rule=AT_LEAST_ONE_STRONG;Threshold=1.20;Penalty=-14.00;HomeGALast5=0.60;AwayGALast5=2.40;BaseScore=52.42;FinalScore=38.42]";2.12;5.25;7.22;3.23;9.09;2.67;9.33;2.5;5.0;6.0;2.6.def1
2026-10-03;Poland_IIILiga_Group4;Wieczysta Krakow 2;Wislanie Skawina;38.27;BASSA;11;2026-10-03;Poland_IIILiga_Group4;Poland_IIILiga_Group4;;"PRO: attacco trasferta positivo || CONTRO: attacco casa non dominante | trend over casa non forte | trend over trasferta non forte | profilo over interno debole | profilo over esterno debole | BTTS basso: possibile partita a senso unico || V26DEF_STRONG_DEFENSE[Rule=AT_LEAST_ONE_STRONG;Threshold=1.20;Penalty=-14.00;HomeGALast5=1.20;AwayGALast5=1.40;BaseScore=52.27;FinalScore=38.27]";2.82;5.25;8.54;4.44;5.05;5.33;6.67;2.5;5.0;6.67;2.6.def1
2026-10-03;Wales_CymruNorth;Mold Alexandra;Newtown;38.2;BASSA;10;2026-10-03;Wales_CymruNorth;Wales_CymruNorth;Wales_CymruTier2;"PRO: attacco casa positivo | attacco trasferta positivo | trend over recente casa || CONTRO: trend over trasferta non forte | profilo over interno debole | profilo over esterno debole | BTTS basso: possibile partita a senso unico || V26DEF_STRONG_DEFENSE[Rule=AT_LEAST_ONE_STRONG;Threshold=1.20;Penalty=-14.00;HomeGALast5=1.20;AwayGALast5=0.20;BaseScore=52.20;FinalScore=38.20]";0.8;13.0;10.97;4.09;1.3;9.0;3.43;5.0;0.0;4.61;2.6.def1
2026-10-03;Poland_Division2;Hutnik Krakow;Tychy;37.92;BASSA;10;2026-10-03;Poland_Division2;Poland_Division2;;"PRO: attacco casa positivo || CONTRO: ospite poco prolifico: rischio 1-0 / 2-0 | trend over casa non forte | trend over trasferta non forte | profilo over interno debole | profilo over esterno debole | BTTS basso: possibile partita a senso unico || V26DEF_STRONG_DEFENSE[Rule=AT_LEAST_ONE_STRONG;Threshold=1.20;Penalty=-14.00;HomeGALast5=1.80;AwayGALast5=0.40;BaseScore=51.92;FinalScore=37.92]";1.06;10.51;7.88;4.44;3.03;5.33;4.0;5.0;4.0;6.67;2.6.def1
2026-10-03;CzechRepublic_3MSFL;FK Frydek-Mistek;Nove Mesto na Morave;37.58;BASSA;11;2026-10-03;CzechRepublic_3MSFL;CzechRepublic_3MSFL;;"PRO: attacco casa positivo | difesa trasferta vulnerabile | trend over recente trasferta | profilo over esterno positivo || CONTRO: ospite poco prolifico: rischio 1-0 / 2-0 | v22 monitora possibile sopravvalutazione weak_ga | trend over casa non forte | profilo over interno debole | BTTS basso: possibile partita a senso unico || V26DEF_STRONG_DEFENSE[Rule=AT_LEAST_ONE_STRONG;Threshold=1.20;Penalty=-14.00;HomeGALast5=0.60;AwayGALast5=2.20;BaseScore=51.58;FinalScore=37.58]";3.23;8.86;6.5;2.91;7.27;4.8;7.2;0.0;6.0;4.8;2.6.def1
2026-10-03;Poland_IIILiga_Group4;Czarni Polaniec;Ostrowiec;37.43;BASSA;11;2026-10-03;Poland_IIILiga_Group4;Poland_IIILiga_Group4;;"PRO: attacco casa positivo | attacco trasferta positivo | difesa casa vulnerabile | profilo over interno positivo || CONTRO: trend over casa non forte | trend over trasferta non forte | profilo over esterno debole | BTTS basso: possibile partita a senso unico || CONTRO V25: v25: sfida equilibrata di alta classifica (gap punti 0.0, gap PPG 0.00) con difesa trasferta sotto 1 gol subito a partita || V26DEF_STRONG_DEFENSE[Rule=AT_LEAST_ONE_STRONG;Threshold=1.20;Penalty=-14.00;HomeGALast5=1.40;AwayGALast5=0.80;BaseScore=51.43;FinalScore=37.43]";0.35;9.19;9.19;5.66;4.04;5.33;6.67;6.67;5.0;5.33;2.6.def1
2026-10-03;England_LeagueTwo;Rochdale;Swindon;37.31;BASSA;3;2026-10-03;England_LeagueTwo;England_LeagueTwo;;PRO: attacco casa positivo || CONTRO: ospite poco prolifico: rischio 1-0 / 2-0 | trend over casa non forte | trend over trasferta non forte | profilo over interno debole | profilo over esterno debole | BTTS basso: possibile partita a senso unico;4.17;11.82;2.95;1.82;4.55;6.0;0.0;0.0;0.0;6.0;2.6.def1
2026-10-03;France_National;Amiens;Villefranche;37.0;BASSA;10;2026-10-03;France_National;France_National;;"PRO: difesa trasferta vulnerabile | profilo over esterno positivo || CONTRO: attacco casa non dominante | ospite poco prolifico: rischio 1-0 / 2-0 | v22 monitora possibile sopravvalutazione weak_ga | trend over casa non forte | trend over trasferta non forte | profilo over interno debole | BTTS basso: possibile partita a senso unico || V26DEF_STRONG_DEFENSE[Rule=AT_LEAST_ONE_STRONG;Threshold=1.20;Penalty=-14.00;HomeGALast5=0.20;AwayGALast5=2.80;BaseScore=51.00;FinalScore=37.00]";4.24;6.65;5.17;1.36;10.0;3.0;6.0;3.33;7.5;3.75;2.6.def1
2026-10-03;Ukraine_PremierLeague;Veres-Rivne;Kudrivka;36.88;BASSA;8;2026-10-03;Ukraine_PremierLeague;Ukraine_PremierLeague;;"PRO: difesa trasferta vulnerabile | trend over recente trasferta | profilo over esterno positivo || CONTRO: attacco casa non dominante | ospite poco prolifico: rischio 1-0 / 2-0 | v22 monitora possibile sopravvalutazione weak_ga | trend over casa non forte | profilo over interno debole | BTTS basso: possibile partita a senso unico || V26DEF_STRONG_DEFENSE[Rule=AT_LEAST_ONE_STRONG;Threshold=1.20;Penalty=-14.00;HomeGALast5=0.80;AwayGALast5=2.20;BaseScore=50.88;FinalScore=36.88]";2.31;3.94;3.94;3.03;10.0;2.0;8.0;5.0;6.67;6.0;2.6.def1
2026-10-03;England_LeagueTwo;Accrington;Cheltenham;36.31;BASSA;3;2026-10-03;England_LeagueTwo;England_LeagueTwo;;PRO: attacco trasferta positivo | alta tendenza BTTS || CONTRO: attacco casa non dominante | trend over casa non forte | trend over trasferta non forte | profilo over interno debole | profilo over esterno debole;3.13;2.95;8.86;1.82;4.55;0.0;6.0;0.0;0.0;9.0;2.6.def1
2026-10-03;Austria_Burgenland;Neusiedl;Klingenbach;36.11;BASSA;10;2026-10-03;Austria_Burgenland;Austria_Burgenland;;"PRO: attacco casa positivo | attacco trasferta positivo | profilo over interno positivo | alta tendenza BTTS || CONTRO: trend over casa non forte | trend over trasferta non forte | profilo over esterno debole || CONTRO V25: v25: sfida equilibrata di alta classifica (gap punti 0.0, gap PPG 0.00) con difesa casa sotto 1 gol subito a partita || V26DEF_STRONG_DEFENSE[Rule=AT_LEAST_ONE_STRONG;Threshold=1.20;Penalty=-14.00;HomeGALast5=1.00;AwayGALast5=1.60;BaseScore=50.11;FinalScore=36.11]";0.4;9.6;11.08;3.18;5.68;6.0;6.0;6.67;0.0;7.5;2.6.def1
2026-10-03;Bosnia_PrvaLiga_RS;Prijedor;Omarska;35.28;BASSA;10;2026-10-03;Bosnia_PrvaLiga_RS;Bosnia_PrvaLiga_RS;;"PRO: difesa casa vulnerabile | trend over recente casa | profilo over esterno positivo || CONTRO: attacco casa non dominante | ospite poco prolifico: rischio 1-0 / 2-0 | trend over trasferta non forte | profilo over interno debole | BTTS basso: possibile partita a senso unico || V26DEF_STRONG_DEFENSE[Rule=AT_LEAST_ONE_STRONG;Threshold=1.20;Penalty=-14.00;HomeGALast5=1.80;AwayGALast5=1.00;BaseScore=49.28;FinalScore=35.28]";1.85;5.91;4.22;6.36;5.19;7.5;3.43;3.33;6.67;4.82;2.6.def1
2026-10-03;Bosnia_PrvaLiga_RS;Nevesinje;Potkozarje;35.14;BASSA;10;2026-10-03;Bosnia_PrvaLiga_RS;Bosnia_PrvaLiga_RS;;"PRO: difesa casa vulnerabile | profilo over interno positivo || CONTRO: attacco casa non dominante | ospite poco prolifico: rischio 1-0 / 2-0 | trend over casa non forte | trend over trasferta non forte | profilo over esterno debole | BTTS basso: possibile partita a senso unico || V26DEF_STRONG_DEFENSE[Rule=AT_LEAST_ONE_STRONG;Threshold=1.20;Penalty=-14.00;HomeGALast5=1.20;AwayGALast5=1.00;BaseScore=49.14;FinalScore=35.14]";2.31;4.22;5.91;7.79;5.19;5.14;3.43;10.0;0.0;5.14;2.6.def1
2026-10-03;Italy_SerieC_GironeB;Vado;Forlì;34.5;BASSA;8;2026-10-03;Italy_SerieC_GironeB;Italy_SerieC_GironeB;;"PRO: attacco trasferta positivo | difesa trasferta vulnerabile || CONTRO: attacco casa non dominante | v22 monitora possibile sopravvalutazione weak_ga | trend over casa non forte | trend over trasferta non forte | profilo over interno debole | profilo over esterno debole | BTTS basso: possibile partita a senso unico || V26DEF_STRONG_DEFENSE[Rule=AT_LEAST_ONE_STRONG;Threshold=1.20;Penalty=-14.00;HomeGALast5=1.60;AwayGALast5=1.20;BaseScore=48.50;FinalScore=34.50]";3.79;2.95;10.97;4.85;7.14;4.0;5.14;0.0;2.5;7.14;2.6.def1
2026-10-03;Bosnia_PrvaLiga_RS;Sutjeska Foca;Zvijezda 09;34.43;BASSA;10;2026-10-03;Bosnia_PrvaLiga_RS;Bosnia_PrvaLiga_RS;;"PRO: difesa trasferta vulnerabile | trend over recente trasferta | profilo over esterno positivo || CONTRO: attacco casa non dominante | ospite poco prolifico: rischio 1-0 / 2-0 | v22 monitora possibile sopravvalutazione weak_ga | trend over casa non forte | profilo over interno debole | BTTS basso: possibile partita a senso unico || V26DEF_STRONG_DEFENSE[Rule=AT_LEAST_ONE_STRONG;Threshold=1.20;Penalty=-14.00;HomeGALast5=0.80;AwayGALast5=2.80;BaseScore=48.43;FinalScore=34.43]";1.85;2.95;5.17;4.55;10.0;3.0;9.0;0.0;6.67;5.25;2.6.def1
2026-10-03;France_National;La Roche;Aubagne;33.9;BASSA;10;2026-10-03;France_National;France_National;;"PRO: attacco casa positivo || CONTRO: ospite poco prolifico: rischio 1-0 / 2-0 | trend over casa non forte | trend over trasferta non forte | profilo over interno debole | profilo over esterno debole | BTTS basso: possibile partita a senso unico || V26DEF_STRONG_DEFENSE[Rule=AT_LEAST_ONE_STRONG;Threshold=1.20;Penalty=-14.00;HomeGALast5=0.80;AwayGALast5=0.80;BaseScore=47.90;FinalScore=33.90]";5.29;8.86;3.69;3.18;5.11;4.5;4.5;5.0;2.5;5.25;2.6.def1
2026-10-03;NorthernIreland_NIFLPremiership;Glentoran;Dungannon;33.08;BASSA;12;2026-10-03;NorthernIreland_NIFLPremiership;NorthernIreland_NIFLPremiership;;"PRO: attacco casa positivo || CONTRO: ospite poco prolifico: rischio 1-0 / 2-0 | trend over casa non forte | trend over trasferta non forte | profilo over interno debole | profilo over esterno debole | BTTS basso: possibile partita a senso unico || V26DEF_STRONG_DEFENSE[Rule=AT_LEAST_ONE_STRONG;Threshold=1.20;Penalty=-14.00;HomeGALast5=1.20;AwayGALast5=1.00;BaseScore=47.08;FinalScore=33.08]";1.09;8.54;5.91;4.04;5.19;6.67;3.43;4.0;2.5;5.71;2.6.def1
2026-10-03;Bosnia_PrvaLiga_FBiH;Posusje;Sloboda;32.8;BASSA;9;2026-10-03;Bosnia_PrvaLiga_FBiH;Bosnia_PrvaLiga_FBiH;double round robin inferred from league size.;"PRO: attacco trasferta positivo || CONTRO: attacco casa non dominante | trend over casa non forte | trend over trasferta non forte | profilo over interno debole | profilo over esterno debole | BTTS basso: possibile partita a senso unico || CONTRO V25: v25: sfida equilibrata di alta classifica (gap punti 2.0, gap PPG 0.00) con difesa trasferta sotto 1 gol subito a partita || V26DEF_STRONG_DEFENSE[Rule=AT_LEAST_ONE_STRONG;Threshold=1.20;Penalty=-14.00;HomeGALast5=0.60;AwayGALast5=1.20;BaseScore=46.80;FinalScore=32.80]";0.4;7.88;12.66;3.03;3.9;4.0;6.86;5.0;2.5;6.57;2.6.def1
2026-10-03;Italy_SerieC_GironeA;Folgore Caratese;Desenzano;32.79;BASSA;8;2026-10-03;Italy_SerieC_GironeA;Italy_SerieC_GironeA;;"PRO: profilo over interno positivo || CONTRO: attacco casa non dominante | ospite poco prolifico: rischio 1-0 / 2-0 | trend over casa non forte | trend over trasferta non forte | profilo over esterno debole | BTTS basso: possibile partita a senso unico || V26DEF_STRONG_DEFENSE[Rule=AT_LEAST_ONE_STRONG;Threshold=1.20;Penalty=-14.00;HomeGALast5=1.20;AwayGALast5=1.00;BaseScore=46.79;FinalScore=32.79]";1.26;6.75;3.38;5.19;3.9;6.86;3.43;6.67;2.5;6.86;2.6.def1
2026-10-03;Italy_SerieC_GironeC;Sorrento;Casarano;32.5;BASSA;8;2026-10-03;Italy_SerieC_GironeC;Italy_SerieC_GironeC;;"PRO: attacco trasferta positivo || CONTRO: attacco casa non dominante | trend over casa non forte | trend over trasferta non forte | profilo over interno debole | profilo over esterno debole | BTTS basso: possibile partita a senso unico || V26DEF_STRONG_DEFENSE[Rule=AT_LEAST_ONE_STRONG;Threshold=1.20;Penalty=-14.00;HomeGALast5=1.20;AwayGALast5=0.80;BaseScore=46.50;FinalScore=32.50]";2.21;8.44;8.86;3.64;5.3;5.14;4.0;3.33;0.0;5.57;2.6.def1
2026-10-03;Poland_IIILiga_Group3;Bytom Odrzanski;Sosnowiec;32.32;BASSA;11;2026-10-03;Poland_IIILiga_Group3;Poland_IIILiga_Group3;;"PRO: attacco trasferta positivo || CONTRO: attacco casa non dominante | trend over casa non forte | trend over trasferta non forte | profilo over interno debole | profilo over esterno debole | BTTS basso: possibile partita a senso unico || V26DEF_STRONG_DEFENSE[Rule=AT_LEAST_ONE_STRONG;Threshold=1.20;Penalty=-14.00;HomeGALast5=0.60;AwayGALast5=0.80;BaseScore=46.32;FinalScore=32.32]";1.38;7.09;9.19;1.45;4.55;2.4;6.67;4.0;5.71;3.87;2.6.def1
2026-10-03;England_LeagueTwo;Chesterfield;Tranmere;32.08;BASSA;3;2026-10-03;England_LeagueTwo;England_LeagueTwo;;PRO: attacco casa positivo || CONTRO: ospite poco prolifico: rischio 1-0 / 2-0 | trend over casa non forte | trend over trasferta non forte | profilo over interno debole | profilo over esterno debole | BTTS basso: possibile partita a senso unico;2.35;8.86;2.95;3.64;2.27;6.0;0.0;0.0;0.0;6.0;2.6.def1
2026-10-03;Germany_Regionalliga_Bayern;Furth 2;Bayern 2;31.8;BASSA;14;2026-10-03;Germany_Regionalliga_Bayern;Germany_Regionalliga_Bayern;;"PRO: difesa casa vulnerabile || CONTRO: attacco casa non dominante | ospite poco prolifico: rischio 1-0 / 2-0 | trend over casa non forte | trend over trasferta non forte | profilo over interno debole | profilo over esterno debole | BTTS basso: possibile partita a senso unico || V26DEF_STRONG_DEFENSE[Rule=AT_LEAST_ONE_STRONG;Threshold=1.20;Penalty=-14.00;HomeGALast5=2.00;AwayGALast5=1.00;BaseScore=45.80;FinalScore=31.80]";1.76;8.27;7.68;6.18;5.0;6.0;3.6;2.5;0.0;4.8;2.6.def1
2026-10-03;Italy_SerieC_GironeC;Monopoli;Savoia;31.37;BASSA;8;2026-10-03;Italy_SerieC_GironeC;Italy_SerieC_GironeC;;"PRO: difesa trasferta vulnerabile || CONTRO: attacco casa non dominante | ospite poco prolifico: rischio 1-0 / 2-0 | v22 monitora possibile sopravvalutazione weak_ga | trend over casa non forte | trend over trasferta non forte | profilo over interno debole | profilo over esterno debole | BTTS basso: possibile partita a senso unico || V26DEF_STRONG_DEFENSE[Rule=AT_LEAST_ONE_STRONG;Threshold=1.20;Penalty=-14.00;HomeGALast5=0.60;AwayGALast5=1.20;BaseScore=45.37;FinalScore=31.37]";3.16;5.06;7.6;2.08;7.14;1.71;5.14;3.33;5.0;5.14;2.6.def1
2026-10-03;Austria_Vorarlberg;Alberschwende;Riefensberg;30.92;BASSA;8;2026-10-03;Austria_Vorarlberg;Austria_Vorarlberg;fourth tier;"PRO: difesa trasferta vulnerabile || CONTRO: attacco casa non dominante | ospite poco prolifico: rischio 1-0 / 2-0 | v22 monitora possibile sopravvalutazione weak_ga | trend over casa non forte | trend over trasferta non forte | profilo over interno debole | profilo over esterno debole | BTTS basso: possibile partita a senso unico || V26DEF_STRONG_DEFENSE[Rule=AT_LEAST_ONE_STRONG;Threshold=1.20;Penalty=-14.00;HomeGALast5=0.80;AwayGALast5=1.60;BaseScore=44.92;FinalScore=30.92]";0.92;3.94;7.88;3.03;6.82;2.0;6.0;3.33;5.0;6.0;2.6.def1
2026-10-03;France_National;Rouen;Bourg en Bresse;30.23;BASSA;10;2026-10-03;France_National;France_National;;"PRO: attacco casa positivo | difesa trasferta vulnerabile || CONTRO: ospite poco prolifico: rischio 1-0 / 2-0 | v22 monitora possibile sopravvalutazione weak_ga | trend over casa non forte | trend over trasferta non forte | profilo over interno debole | profilo over esterno debole | BTTS basso: possibile partita a senso unico || V26DEF_STRONG_DEFENSE[Rule=AT_LEAST_ONE_STRONG;Threshold=1.20;Penalty=-14.00;HomeGALast5=0.80;AwayGALast5=1.40;BaseScore=44.23;FinalScore=30.23]";5.29;11.08;3.69;2.27;7.39;6.0;1.5;2.5;0.0;4.5;2.6.def1
2026-10-03;NorthernIreland_NIFLPremiership;Portadown;Limavady;30.05;BASSA;12;2026-10-03;NorthernIreland_NIFLPremiership;NorthernIreland_NIFLPremiership;;"PRO: difesa casa vulnerabile || CONTRO: attacco casa non dominante | ospite poco prolifico: rischio 1-0 / 2-0 | trend over casa non forte | trend over trasferta non forte | profilo over interno debole | profilo over esterno debole | BTTS basso: possibile partita a senso unico || V26DEF_STRONG_DEFENSE[Rule=AT_LEAST_ONE_STRONG;Threshold=1.20;Penalty=-14.00;HomeGALast5=2.20;AwayGALast5=1.00;BaseScore=44.05;FinalScore=30.05]";1.09;3.28;5.17;7.68;6.25;5.33;4.5;2.5;3.33;4.92;2.6.def1
2026-10-03;Bosnia_PrvaLiga_FBiH;Travnik;GOSK Gabela;28.19;BASSA;9;2026-10-03;Bosnia_PrvaLiga_FBiH;Bosnia_PrvaLiga_FBiH;double round robin inferred from league size.;"PRO: attacco casa positivo || CONTRO: ospite poco prolifico: rischio 1-0 / 2-0 | trend over casa non forte | trend over trasferta non forte | profilo over interno debole | profilo over esterno debole | BTTS basso: possibile partita a senso unico || V26DEF_STRONG_DEFENSE[Rule=AT_LEAST_ONE_STRONG;Threshold=1.20;Penalty=-14.00;HomeGALast5=0.60;AwayGALast5=0.60;BaseScore=42.19;FinalScore=28.19]";0.8;11.82;8.44;1.56;2.6;5.14;3.43;3.33;2.5;2.57;2.6.def1
2026-10-03;Spain_LaLiga2;Almeria;Burgos CF;27.05;BASSA;8;2026-10-03;Spain_LaLiga2;Spain_LaLiga2;;"PRO: attacco casa positivo | attacco trasferta positivo | profilo over interno positivo || CONTRO: trend over casa non forte | trend over trasferta non forte | profilo over esterno debole | BTTS basso: possibile partita a senso unico || CONTRO V25: v25: sfida equilibrata di alta classifica (gap punti 1.0, gap PPG 0.14) con difesa casa sotto 1 gol subito a partita | v25 extra: difesa stagionale molto solida (0.57 GA per partita) || V26DEF_STRONG_DEFENSE[Rule=AT_LEAST_ONE_STRONG;Threshold=1.20;Penalty=-14.00;HomeGALast5=0.60;AwayGALast5=0.80;BaseScore=41.05;FinalScore=27.05]";0.29;9.29;9.29;2.08;4.55;3.43;6.86;6.67;3.33;4.29;2.6.def1
2026-10-03;England_SouthernLeaguePremierCentral;Leamington;Hitchin;26.92;BASSA;10;2026-10-03;England_SouthernLeaguePremierCentral;England_SouthernLeaguePremierCentral;;"PRO: difesa casa vulnerabile | alta tendenza BTTS || CONTRO: attacco casa non dominante | ospite poco prolifico: rischio 1-0 / 2-0 | trend over casa non forte | trend over trasferta non forte | profilo over interno debole | profilo over esterno debole || V26DEF_STRONG_DEFENSE[Rule=AT_LEAST_ONE_STRONG;Threshold=1.20;Penalty=-14.00;HomeGALast5=1.60;AwayGALast5=1.00;BaseScore=40.92;FinalScore=26.92]";0.57;5.91;4.6;6.36;6.06;4.5;2.67;0.0;2.5;7.75;2.6.def1
2026-10-03;Norway_3rdDivision_Group3;OS;Askoy;24.86;BASSA;24;2026-10-03;Norway_3rdDivision_Group3;Norway_3rdDivision_Group3;;PRO: attacco trasferta positivo | trend over recente trasferta | profilo over esterno positivo || CONTRO: attacco casa non dominante | trend over casa non forte | profilo over interno debole | BTTS basso: possibile partita a senso unico || CONTRO V25: v25: sfida equilibrata di alta classifica (gap punti 45.0, gap PPG 0.00) con difesa casa sotto 1 gol subito a partita | v25 extra: difesa stagionale molto solida (0.00 GA per partita);0.0;0.0;11.01;0.0;5.37;0.0;7.2;0.0;7.0;3.27;2.6.def1
2026-10-03;Bosnia_PrvaLiga_RS;Drina Zvornik;Kozara;24.44;BASSA;10;2026-10-03;Bosnia_PrvaLiga_RS;Bosnia_PrvaLiga_RS;;"PRO: attacco casa positivo | profilo over interno positivo || CONTRO: ospite poco prolifico: rischio 1-0 / 2-0 | trend over casa non forte | trend over trasferta non forte | profilo over esterno debole | BTTS basso: possibile partita a senso unico || CONTRO V25: v25: sfida equilibrata di alta classifica (gap punti 0.0, gap PPG 0.00) con difesa casa sotto 1 gol subito a partita | v25 extra: difesa stagionale molto solida (0.71 GA per partita) || V26DEF_STRONG_DEFENSE[Rule=AT_LEAST_ONE_STRONG;Threshold=1.20;Penalty=-14.00;HomeGALast5=0.60;AwayGALast5=0.60;BaseScore=38.44;FinalScore=24.44]";0.46;13.0;5.06;2.6;2.6;6.86;3.43;6.67;3.33;3.43;2.6.def1
2026-10-03;Italy_SerieC_GironeA;Arzignano;Pergolettese;24.08;BASSA;8;2026-10-03;Italy_SerieC_GironeA;Italy_SerieC_GironeA;;"PRO: attacco casa positivo | trend over recente casa | profilo over interno positivo || CONTRO: ospite poco prolifico: rischio 1-0 / 2-0 | trend over trasferta non forte | profilo over esterno debole | BTTS basso: possibile partita a senso unico || V26DEF_STRONG_DEFENSE[Rule=AT_LEAST_ONE_STRONG;Threshold=1.20;Penalty=-14.00;HomeGALast5=1.40;AwayGALast5=0.00;BaseScore=38.08;FinalScore=24.08]";1.58;9.85;0.98;4.24;0.76;10.0;0.0;6.67;0.0;4.0;2.6.def1
2026-10-03;Spain_LaLiga2;Cadice;Leganes;22.21;BASSA;8;2026-10-03;Spain_LaLiga2;Spain_LaLiga2;;"PRO: nessun indicatore over forte || CONTRO: attacco casa non dominante | ospite poco prolifico: rischio 1-0 / 2-0 | trend over casa non forte | trend over trasferta non forte | profilo over interno debole | profilo over esterno debole | BTTS basso: possibile partita a senso unico || V26DEF_STRONG_DEFENSE[Rule=AT_LEAST_ONE_STRONG;Threshold=1.20;Penalty=-14.00;HomeGALast5=1.60;AwayGALast5=1.20;BaseScore=36.21;FinalScore=22.21]";1.71;4.92;4.92;4.85;5.3;4.0;2.0;2.5;0.0;6.0;2.6.def1
2026-10-03;France_National;Cannes;Quevilly Rouen;19.82;BASSA;10;2026-10-03;France_National;France_National;;"PRO: nessun indicatore over forte || CONTRO: attacco casa non dominante | ospite poco prolifico: rischio 1-0 / 2-0 | trend over casa non forte | trend over trasferta non forte | profilo over interno debole | profilo over esterno debole | BTTS basso: possibile partita a senso unico || V26DEF_STRONG_DEFENSE[Rule=AT_LEAST_ONE_STRONG;Threshold=1.20;Penalty=-14.00;HomeGALast5=0.20;AwayGALast5=0.80;BaseScore=33.82;FinalScore=19.82]";1.76;5.91;5.17;1.36;5.11;1.5;4.5;0.0;2.5;6.0;2.6.def1
2026-10-03;France_National;Concarneau;Paris 13 Atl.;18.99;BASSA;10;2026-10-03;France_National;France_National;;"PRO: nessun indicatore over forte || CONTRO: attacco casa non dominante | ospite poco prolifico: rischio 1-0 / 2-0 | trend over casa non forte | trend over trasferta non forte | profilo over interno debole | profilo over esterno debole | BTTS basso: possibile partita a senso unico || V26DEF_STRONG_DEFENSE[Rule=AT_LEAST_ONE_STRONG;Threshold=1.20;Penalty=-14.00;HomeGALast5=0.80;AwayGALast5=0.80;BaseScore=32.99;FinalScore=18.99]";1.76;7.39;4.43;3.18;3.98;3.0;1.5;2.5;0.0;5.25;2.6.def1
2026-10-03;Bosnia_PrvaLiga_FBiH;Kakanj;NK Vitez;17.8;BASSA;9;2026-10-03;Bosnia_PrvaLiga_FBiH;Bosnia_PrvaLiga_FBiH;double round robin inferred from league size.;"PRO: nessun indicatore over forte || CONTRO: attacco casa non dominante | ospite poco prolifico: rischio 1-0 / 2-0 | trend over casa non forte | trend over trasferta non forte | profilo over interno debole | profilo over esterno debole | BTTS basso: possibile partita a senso unico || V26DEF_STRONG_DEFENSE[Rule=AT_LEAST_ONE_STRONG;Threshold=1.20;Penalty=-14.00;HomeGALast5=1.20;AwayGALast5=1.40;BaseScore=31.80;FinalScore=17.80]";1.2;2.95;4.22;4.24;5.84;2.0;3.43;0.0;3.33;4.57;2.6.def1
2026-10-03;England_LeagueTwo;Exeter;Rotherham;16.39;BASSA;3;2026-10-03;England_LeagueTwo;England_LeagueTwo;;PRO: nessun indicatore over forte || CONTRO: attacco casa non dominante | ospite poco prolifico: rischio 1-0 / 2-0 | trend over casa non forte | trend over trasferta non forte | profilo over interno debole | profilo over esterno debole | BTTS basso: possibile partita a senso unico;3.39;0.0;5.91;1.82;2.27;0.0;0.0;0.0;0.0;3.0;2.6.def1
2026-10-03;France_National;Fleury 91;Caen;2.53;BASSA;10;2026-10-03;France_National;France_National;;"PRO: attacco trasferta positivo || CONTRO: attacco casa non dominante | trend over casa non forte | trend over trasferta non forte | profilo over interno debole | profilo over esterno debole | BTTS basso: possibile partita a senso unico || CONTRO V25: v25: sfida equilibrata di alta classifica (gap punti 15.0, gap PPG 0.00) con difesa casa sotto 1 gol subito a partita | v25 extra: difesa stagionale molto solida (0.00 GA per partita) || V26DEF_STRONG_DEFENSE[Rule=AT_LEAST_ONE_STRONG;Threshold=1.20;Penalty=-14.00;HomeGALast5=NA;AwayGALast5=1.00;BaseScore=16.53;FinalScore=2.53]";0.0;0.0;11.08;0.0;5.11;0.0;4.5;0.0;3.33;1.5;2.6.def1
