MatchDate;LeagueId;Home;Away;Score;Band;Round;PredictionDate;HomeSourceLeagueId;AwaySourceLeagueId;CompetitionGroup;Reason;RankingGapScore;HomeAttackScore;AwayAttackScore;HomeDefenseWeaknessScore;AwayDefenseWeaknessScore;HomeLast10OverScore;AwayLast10OverScore;HomeVenueOverScore;AwayVenueOverScore;BTTSProfileScore;AlgorithmVersion
2026-08-22;Germany_Oberliga_Bremen;BTS Neustadt;Vatan Bremen;103.2;IMM-ALTA-4;3;2026-08-21;Germany_Oberliga_Bremen;Germany_Oberliga_Bremen;;PRO: attacco casa positivo | attacco trasferta positivo | difesa trasferta vulnerabile | difesa casa vulnerabile | trend over recente casa | trend over recente trasferta | profilo over interno positivo | profilo over esterno positivo | alta tendenza BTTS || CONTRO: v22 monitora possibile sopravvalutazione weak_ga;3.2;13.0;13.0;8.0;10.0;12.0;12.0;10.0;10.0;12.0;2.5.0
2026-08-22;CzechRepublic_4Liga_GroupC;Vykan;Slavia HK;101.36;IMM-ALTA-4;3;2026-08-21;CzechRepublic_4Liga_GroupC;CzechRepublic_4Liga_GroupC;CzechRepublic_4Liga;PRO: attacco casa positivo | attacco trasferta positivo | difesa trasferta vulnerabile | difesa casa vulnerabile | trend over recente casa | trend over recente trasferta | profilo over interno positivo | profilo over esterno positivo | alta tendenza BTTS || CONTRO: v22 monitora possibile sopravvalutazione weak_ga;6.0;13.0;11.82;5.45;9.09;12.0;12.0;10.0;10.0;12.0;2.5.0
2026-08-22;Germany_Oberliga_Bremen;Bremen III;Blumenthaler;100.84;IMM-ALTA-4;3;2026-08-21;Germany_Oberliga_Bremen;Germany_Oberliga_Bremen;;PRO: attacco casa positivo | attacco trasferta positivo | difesa trasferta vulnerabile | difesa casa vulnerabile | trend over recente casa | trend over recente trasferta | profilo over interno positivo | profilo over esterno positivo | alta tendenza BTTS || CONTRO: v22 monitora possibile sopravvalutazione weak_ga;5.2;11.82;13.0;8.0;6.82;12.0;12.0;10.0;10.0;12.0;2.5.0
2026-08-22;CzechRepublic_4Liga_GroupB;Karlovy Vary;Ujezd Prague;97.55;IMM-ALTA-4;3;2026-08-21;CzechRepublic_4Liga_GroupB;CzechRepublic_4Liga_GroupB;CzechRepublic_4Liga;PRO: attacco casa positivo | attacco trasferta positivo | difesa casa vulnerabile | trend over recente casa | trend over recente trasferta | profilo over interno positivo | profilo over esterno positivo | alta tendenza BTTS || CONTRO: nessun contro rilevante;6.0;13.0;13.0;8.0;4.55;12.0;12.0;10.0;10.0;9.0;2.5.0
2026-08-22;NorthernIreland_NIFLChampionship;Newington;Rathfriland;97.33;IMM-ALTA-6;4;2026-08-21;NorthernIreland_NIFLChampionship;NorthernIreland_NIFLChampionship;;PRO: attacco casa positivo | difesa trasferta vulnerabile | trend over recente casa | trend over recente trasferta | profilo over interno positivo | profilo over esterno positivo | alta tendenza BTTS || CONTRO: ospite poco prolifico: rischio 1-0 / 2-0 | v22 monitora possibile sopravvalutazione weak_ga;5.6;13.0;7.88;4.85;10.0;12.0;12.0;10.0;10.0;12.0;2.5.0
2026-08-22;Finland_Kolmonen_Southern_Group2;VJS/2;HPS/2;97.25;ALTA;17;2026-08-21;Finland_Kolmonen_Southern_Group2;Finland_Kolmonen_Southern_Group2;;PRO: attacco casa positivo | attacco trasferta positivo | difesa trasferta vulnerabile | difesa casa vulnerabile | trend over recente casa | trend over recente trasferta | profilo over interno positivo | profilo over esterno positivo | alta tendenza BTTS || CONTRO: v22 monitora possibile sopravvalutazione weak_ga;2.18;13.0;13.0;6.75;10.0;9.6;12.0;10.0;10.0;10.71;2.5.0
2026-08-22;CzechRepublic_4Liga_GroupB;Ostrov;Brandys n. Labem;95.91;IMM-ALTA-4;3;2026-08-21;CzechRepublic_4Liga_GroupB;CzechRepublic_4Liga_GroupB;CzechRepublic_4Liga;PRO: attacco trasferta positivo | difesa trasferta vulnerabile | difesa casa vulnerabile | trend over recente casa | trend over recente trasferta | profilo over interno positivo | profilo over esterno positivo | alta tendenza BTTS || CONTRO: attacco casa non dominante | v22 monitora possibile sopravvalutazione weak_ga;6.0;5.91;13.0;8.0;10.0;12.0;12.0;10.0;10.0;9.0;2.5.0
2026-08-22;Australia_TasmaniaSouthernChampionship;Hobart Utd.;South Hobart U21;94.53;ALTA;20;2026-08-21;Australia_TasmaniaSouthernChampionship;Australia_TasmaniaSouthernChampionship;;PRO: attacco casa positivo | attacco trasferta positivo | difesa trasferta vulnerabile | difesa casa vulnerabile | trend over recente casa | trend over recente trasferta | profilo over interno positivo | profilo over esterno positivo | alta tendenza BTTS || CONTRO: v22 monitora possibile sopravvalutazione weak_ga;4.0;12.19;13.0;8.0;8.24;10.8;10.8;10.0;10.0;7.5;2.5.0
2026-08-22;Germany_Oberliga_RheinlandPfalzSaar;Emmelshausen-Karbach;Engers;94.34;IMM-ALTA-6;5;2026-08-21;Germany_Oberliga_RheinlandPfalzSaar;Germany_Oberliga_RheinlandPfalzSaar;;PRO: attacco casa positivo | attacco trasferta positivo | difesa trasferta vulnerabile | difesa casa vulnerabile | trend over recente casa | trend over recente trasferta | profilo over interno positivo | profilo over esterno positivo | alta tendenza BTTS || CONTRO: v22 monitora possibile sopravvalutazione weak_ga;0.71;13.0;13.0;6.06;7.58;12.0;12.0;10.0;10.0;10.0;2.5.0
2026-08-22;Germany_Regionalliga_Sudwest;FSV Francoforte;Walldorf;94.31;IMM-ALTA-4;3;2026-08-21;Germany_Regionalliga_Sudwest;Germany_Regionalliga_Sudwest;;PRO: attacco casa positivo | attacco trasferta positivo | difesa trasferta vulnerabile | difesa casa vulnerabile | trend over recente casa | trend over recente trasferta | profilo over interno positivo | profilo over esterno positivo | alta tendenza BTTS || CONTRO: v22 monitora possibile sopravvalutazione weak_ga;0.35;8.86;11.82;7.27;10.0;12.0;12.0;10.0;10.0;12.0;2.5.0
2026-08-22;Germany_Oberliga_SchleswigHolstein;Heider SV;Hohenwestedt;94.06;IMM-ALTA-8;5;2026-08-21;Germany_Oberliga_SchleswigHolstein;Germany_Oberliga_SchleswigHolstein;;PRO: attacco casa positivo | attacco trasferta positivo | difesa trasferta vulnerabile | difesa casa vulnerabile | trend over recente casa | trend over recente trasferta | profilo over interno positivo | profilo over esterno positivo | alta tendenza BTTS || CONTRO: v22 monitora possibile sopravvalutazione weak_ga;1.2;8.86;13.0;8.0;10.0;12.0;9.0;10.0;10.0;12.0;2.5.0
2026-08-22;Poland_IIILiga_Group1;Mazovia Minsk Mazowiecki;Elblag;93.77;IMM-ALTA-8;5;2026-08-21;Poland_IIILiga_Group1;Poland_IIILiga_Group1;;PRO: attacco casa positivo | attacco trasferta positivo | difesa trasferta vulnerabile | difesa casa vulnerabile | trend over recente casa | trend over recente trasferta | profilo over interno positivo | profilo over esterno positivo | alta tendenza BTTS || CONTRO: v22 monitora possibile sopravvalutazione weak_ga;4.62;13.0;10.34;6.36;7.95;12.0;9.0;10.0;10.0;10.5;2.5.0
2026-08-22;Finland_Kakkonen_GroupC;Huima / Urho;Narpes Kraft;93.5;ALTA;19;2026-08-21;Finland_Kakkonen_GroupC;Finland_Kakkonen_GroupC;;PRO: attacco casa positivo | attacco trasferta positivo | difesa trasferta vulnerabile | difesa casa vulnerabile | trend over recente casa | trend over recente trasferta | profilo over interno positivo | profilo over esterno positivo | alta tendenza BTTS || CONTRO: v22 monitora possibile sopravvalutazione weak_ga;3.33;13.0;13.0;5.35;10.0;9.6;12.0;8.75;10.0;8.47;2.5.0
2026-08-22;Germany_Oberliga_SchleswigHolstein;Nordmark Satrup;Rapid Lubeck;92.85;IMM-ALTA-8;5;2026-08-21;Germany_Oberliga_SchleswigHolstein;Germany_Oberliga_SchleswigHolstein;;PRO: attacco casa positivo | attacco trasferta positivo | difesa casa vulnerabile | trend over recente casa | trend over recente trasferta | profilo over interno positivo | profilo over esterno positivo | alta tendenza BTTS || CONTRO: nessun contro rilevante;2.8;13.0;13.0;8.0;4.55;12.0;9.0;10.0;10.0;10.5;2.5.0
2026-08-22;CzechRepublic_4Liga_GroupF;Rymarov;Frydek-Mistek B;92.23;IMM-ALTA-4;3;2026-08-21;CzechRepublic_4Liga_GroupF;CzechRepublic_4Liga_GroupF;CzechRepublic_4Liga;PRO: attacco casa positivo | difesa trasferta vulnerabile | difesa casa vulnerabile | trend over recente casa | trend over recente trasferta | profilo over interno positivo | profilo over esterno positivo | alta tendenza BTTS || CONTRO: ospite poco prolifico: rischio 1-0 / 2-0 | v22 monitora possibile sopravvalutazione weak_ga;6.0;8.86;5.91;5.45;10.0;12.0;12.0;10.0;10.0;12.0;2.5.0
2026-08-22;Finland_Kolmonen_Southern_Group2;Laajasalon Palloseura;MPS;92.19;ALTA;17;2026-08-21;Finland_Kolmonen_Southern_Group2;Finland_Kolmonen_Southern_Group2;;PRO: attacco casa positivo | attacco trasferta positivo | difesa trasferta vulnerabile | difesa casa vulnerabile | trend over recente casa | trend over recente trasferta | profilo over interno positivo | profilo over esterno positivo | alta tendenza BTTS || CONTRO: v22 monitora possibile sopravvalutazione weak_ga;1.64;13.0;13.0;8.0;6.97;10.8;10.8;10.0;8.57;9.42;2.5.0
2026-08-22;CzechRepublic_4Liga_GroupC;Usti nad Orlici;Letohrad;91.55;IMM-ALTA-4;3;2026-08-21;CzechRepublic_4Liga_GroupC;CzechRepublic_4Liga_GroupC;CzechRepublic_4Liga;PRO: attacco casa positivo | difesa trasferta vulnerabile | trend over recente casa | trend over recente trasferta | profilo over interno positivo | profilo over esterno positivo | alta tendenza BTTS || CONTRO: ospite poco prolifico: rischio 1-0 / 2-0 | v22 monitora possibile sopravvalutazione weak_ga;6.0;13.0;5.91;3.64;10.0;12.0;12.0;10.0;10.0;9.0;2.5.0
2026-08-22;Austria_Niederosterreich;Wieselburg;SCU Kilb;90.82;IMM-ALTA-4;3;2026-08-21;Austria_Niederosterreich;Austria_Niederosterreich;;PRO: attacco casa positivo | attacco trasferta positivo | difesa trasferta vulnerabile | difesa casa vulnerabile | trend over recente casa | trend over recente trasferta | profilo over interno positivo | alta tendenza BTTS || CONTRO: v22 monitora possibile sopravvalutazione weak_ga | profilo over esterno debole;4.0;13.0;13.0;8.0;6.82;12.0;12.0;10.0;0.0;12.0;2.5.0
2026-08-22;Germany_Regionalliga_Sudwest;Sandhausen;Homburg;90.76;IMM-ALTA-4;3;2026-08-21;Germany_Regionalliga_Sudwest;Germany_Regionalliga_Sudwest;;PRO: attacco casa positivo | difesa trasferta vulnerabile | difesa casa vulnerabile | trend over recente casa | trend over recente trasferta | profilo over interno positivo | profilo over esterno positivo | alta tendenza BTTS || CONTRO: ospite poco prolifico: rischio 1-0 / 2-0 | v22 monitora possibile sopravvalutazione weak_ga;1.76;13.0;5.91;8.0;9.09;12.0;12.0;10.0;10.0;9.0;2.5.0
2026-08-22;Slovakia_3Liga_West;Trencin B;Komarno B;90.54;IMM-ALTA-4;3;2026-08-21;Slovakia_3Liga_West;Slovakia_3Liga_West;;PRO: attacco casa positivo | attacco trasferta positivo | difesa trasferta vulnerabile | difesa casa vulnerabile | trend over recente casa | profilo over interno positivo | profilo over esterno positivo | alta tendenza BTTS || CONTRO: v22 monitora possibile sopravvalutazione weak_ga | trend over trasferta non forte;4.4;13.0;8.86;7.27;10.0;12.0;6.0;10.0;10.0;9.0;2.5.0
2026-08-22;Belgium_JupilerProLeague;Anversa;Genk;90.49;IMM-ALTA-4;3;2026-08-21;Belgium_JupilerProLeague;Belgium_JupilerProLeague;;PRO: attacco casa positivo | attacco trasferta positivo | difesa trasferta vulnerabile | trend over recente casa | trend over recente trasferta | profilo over interno positivo | profilo over esterno positivo | alta tendenza BTTS || CONTRO: v22 monitora possibile sopravvalutazione weak_ga;1.76;13.0;11.82;1.82;9.09;12.0;12.0;10.0;10.0;9.0;2.5.0
2026-08-22;Germany_Oberliga_SchleswigHolstein;Kilia Kiel;Rotenhof;89.97;IMM-ALTA-8;5;2026-08-21;Germany_Oberliga_SchleswigHolstein;Germany_Oberliga_SchleswigHolstein;;PRO: attacco casa positivo | attacco trasferta positivo | difesa trasferta vulnerabile | difesa casa vulnerabile | trend over recente trasferta | profilo over interno positivo | profilo over esterno positivo | alta tendenza BTTS || CONTRO: v22 monitora possibile sopravvalutazione weak_ga | trend over casa non forte;1.2;11.82;13.0;5.45;10.0;6.0;12.0;10.0;10.0;10.5;2.5.0
2026-08-22;Germany_Oberliga_Bremen;Union 60 Bremen;Woltmershausen;89.72;IMM-ALTA-4;3;2026-08-21;Germany_Oberliga_Bremen;Germany_Oberliga_Bremen;;PRO: attacco casa positivo | attacco trasferta positivo | difesa trasferta vulnerabile | difesa casa vulnerabile | trend over recente casa | trend over recente trasferta | profilo over interno positivo | profilo over esterno positivo || CONTRO: v22 monitora possibile sopravvalutazione weak_ga | BTTS basso: possibile partita a senso unico;2.4;13.0;8.86;5.45;10.0;12.0;12.0;10.0;10.0;6.0;2.5.0
2026-08-22;NorthernIreland_NIFLChampionship;Annagh;Moyola;89.62;IMM-ALTA-6;4;2026-08-21;NorthernIreland_NIFLChampionship;NorthernIreland_NIFLChampionship;;PRO: attacco casa positivo | attacco trasferta positivo | difesa trasferta vulnerabile | difesa casa vulnerabile | trend over recente casa | trend over recente trasferta | profilo over interno positivo | profilo over esterno positivo | alta tendenza BTTS || CONTRO: v22 monitora possibile sopravvalutazione weak_ga;1.2;13.0;9.85;8.0;7.58;12.0;8.0;10.0;10.0;10.0;2.5.0
2026-08-22;CzechRepublic_3CFL_GroupA;Kraluv Dvur;Pisek;89.4;IMM-ALTA-4;3;2026-08-21;CzechRepublic_3CFL_GroupA;CzechRepublic_3CFL_GroupA;CzechRepublic_3rdTier;PRO: attacco casa positivo | attacco trasferta positivo | difesa casa vulnerabile | trend over recente casa | trend over recente trasferta | profilo over interno positivo | profilo over esterno positivo | alta tendenza BTTS || CONTRO: nessun contro rilevante;0.4;13.0;13.0;5.45;4.55;12.0;12.0;10.0;10.0;9.0;2.5.0
2026-08-22;CzechRepublic_4Liga_GroupB;Steti;Psary;89.27;IMM-ALTA-4;3;2026-08-21;CzechRepublic_4Liga_GroupB;CzechRepublic_4Liga_GroupB;CzechRepublic_4Liga;PRO: attacco trasferta positivo | difesa casa vulnerabile | trend over recente casa | trend over recente trasferta | profilo over interno positivo | profilo over esterno positivo | alta tendenza BTTS || CONTRO: attacco casa non dominante;6.0;5.91;11.82;8.0;4.55;12.0;12.0;10.0;10.0;9.0;2.5.0
2026-08-22;Australia_NPLWesternAustralia;Bayswater City;Perth Glory U23;89.19;ALTA;25;2026-08-21;Australia_NPLWesternAustralia;Australia_NPLWesternAustralia;;PRO: attacco casa positivo | attacco trasferta positivo | difesa trasferta vulnerabile | trend over recente casa | trend over recente trasferta | profilo over interno positivo | profilo over esterno positivo | alta tendenza BTTS || CONTRO: v22 monitora possibile sopravvalutazione weak_ga;5.45;13.0;11.54;4.74;9.31;7.2;10.8;9.09;9.0;9.06;2.5.0
2026-08-22;Finland_Kakkonen_GroupA;Atlantis;PPJ;89.08;ALTA;18;2026-08-21;Finland_Kakkonen_GroupA;Finland_Kakkonen_GroupA;;PRO: attacco casa positivo | attacco trasferta positivo | difesa trasferta vulnerabile | difesa casa vulnerabile | trend over recente casa | trend over recente trasferta | profilo over interno positivo | profilo over esterno positivo | alta tendenza BTTS || CONTRO: v22 monitora possibile sopravvalutazione weak_ga;1.33;13.0;10.43;8.0;6.68;10.8;10.8;8.57;10.0;9.46;2.5.0
2026-08-22;Austria_Oberosterreich;Bad Ischl;Andorf;88.54;IMM-ALTA-6;4;2026-08-21;Austria_Oberosterreich;Austria_Oberosterreich;;PRO: attacco casa positivo | attacco trasferta positivo | difesa casa vulnerabile | trend over recente casa | trend over recente trasferta | profilo over interno positivo | profilo over esterno positivo | alta tendenza BTTS || CONTRO: nessun contro rilevante;1.6;11.82;13.0;6.06;6.06;12.0;8.0;10.0;10.0;10.0;2.5.0
2026-08-22;CzechRepublic_4Liga_GroupF;Vratimov;Valasske Mezirici;88.27;IMM-ALTA-4;3;2026-08-21;CzechRepublic_4Liga_GroupF;CzechRepublic_4Liga_GroupF;CzechRepublic_4Liga;PRO: attacco casa positivo | difesa trasferta vulnerabile | difesa casa vulnerabile | trend over recente casa | profilo over interno positivo | profilo over esterno positivo | alta tendenza BTTS || CONTRO: ospite poco prolifico: rischio 1-0 / 2-0 | v22 monitora possibile sopravvalutazione weak_ga | trend over trasferta non forte;6.0;11.82;5.91;5.45;9.09;12.0;6.0;10.0;10.0;12.0;2.5.0
2026-08-22;Finland_Kakkonen_GroupC;Hercules;Jaro 2;87.9;ALTA;19;2026-08-21;Finland_Kakkonen_GroupC;Finland_Kakkonen_GroupC;;PRO: attacco casa positivo | attacco trasferta positivo | difesa trasferta vulnerabile | difesa casa vulnerabile | trend over recente casa | trend over recente trasferta | profilo over interno positivo | profilo over esterno positivo | alta tendenza BTTS || CONTRO: v22 monitora possibile sopravvalutazione weak_ga;3.33;9.73;11.12;8.0;10.0;9.6;9.6;10.0;8.75;7.76;2.5.0
2026-08-22;Turkey_1Lig;Antalyaspor;Pendikspor;87.89;IMM-ALTA-4;3;2026-08-21;Turkey_1Lig;Turkey_1Lig;;PRO: attacco casa positivo | attacco trasferta positivo | difesa trasferta vulnerabile | difesa casa vulnerabile | trend over recente trasferta | profilo over interno positivo | profilo over esterno positivo | alta tendenza BTTS || CONTRO: v22 monitora possibile sopravvalutazione weak_ga | trend over casa non forte;2.21;11.82;8.86;8.0;10.0;6.0;12.0;10.0;10.0;9.0;2.5.0
2026-08-22;Slovakia_NikeLiga;Kosice;Slovan Bratislava;86.73;IMM-ALTA-6;5;2026-08-21;Slovakia_NikeLiga;Slovakia_NikeLiga;;PRO: attacco casa positivo | attacco trasferta positivo | difesa casa vulnerabile | trend over recente casa | trend over recente trasferta | profilo over interno positivo | profilo over esterno positivo || CONTRO: BTTS basso: possibile partita a senso unico;2.73;13.0;13.0;8.0;0.0;12.0;12.0;10.0;10.0;6.0;2.5.0
2026-08-22;Germany_Oberliga_Hamburg;HT 16;Vorwarts-Wacker;86.58;IMM-ALTA-6;4;2026-08-21;Germany_Oberliga_Hamburg;Germany_Oberliga_Hamburg;;PRO: attacco trasferta positivo | difesa trasferta vulnerabile | difesa casa vulnerabile | trend over recente casa | trend over recente trasferta | profilo over interno positivo | profilo over esterno positivo | alta tendenza BTTS || CONTRO: attacco casa non dominante | v22 monitora possibile sopravvalutazione weak_ga;1.76;7.88;9.85;8.0;9.09;8.0;12.0;10.0;10.0;10.0;2.5.0
2026-08-22;Australia_WAStateLeague;Mandurah City;Murdoch Melville;86.44;ALTA;22;2026-08-21;Australia_WAStateLeague;Australia_WAStateLeague;;PRO: attacco casa positivo | attacco trasferta positivo | difesa trasferta vulnerabile | difesa casa vulnerabile | trend over recente casa | trend over recente trasferta | profilo over interno positivo | profilo over esterno positivo | alta tendenza BTTS || CONTRO: v22 monitora possibile sopravvalutazione weak_ga;3.27;12.38;10.41;6.58;9.31;9.6;9.6;7.0;8.0;10.29;2.5.0
2026-08-22;FaroeIslands_1Deild;Streymur 2;TB Tvoroyri;85.97;ALTA;20;2026-08-21;FaroeIslands_1Deild;FaroeIslands_1Deild;;PRO: attacco trasferta positivo | difesa trasferta vulnerabile | difesa casa vulnerabile | trend over recente casa | trend over recente trasferta | profilo over interno positivo | profilo over esterno positivo | alta tendenza BTTS || CONTRO: attacco casa non dominante | v22 monitora possibile sopravvalutazione weak_ga;4.0;8.02;10.26;8.0;9.81;9.6;12.0;7.14;8.0;9.14;2.5.0
2026-08-22;Poland_IIILiga_Group4;Wisloka Debica;Wieczysta Krakow 2;85.89;IMM-ALTA-6;4;2026-08-21;Poland_IIILiga_Group4;Poland_IIILiga_Group4;;PRO: attacco casa positivo | difesa trasferta vulnerabile | trend over recente casa | trend over recente trasferta | profilo over interno positivo | profilo over esterno positivo | alta tendenza BTTS || CONTRO: ospite poco prolifico: rischio 1-0 / 2-0 | v22 monitora possibile sopravvalutazione weak_ga;1.76;11.82;7.88;4.85;7.58;12.0;8.0;10.0;10.0;12.0;2.5.0
2026-08-22;Wales_CymruNorth;Guilsfield;Ruthin;85.75;IMM-ALTA-4;3;2026-08-21;Wales_CymruNorth;Wales_CymruNorth;Wales_CymruTier2;PRO: attacco casa positivo | attacco trasferta positivo | difesa trasferta vulnerabile | difesa casa vulnerabile | trend over recente trasferta | profilo over interno positivo | profilo over esterno positivo | alta tendenza BTTS || CONTRO: v22 monitora possibile sopravvalutazione weak_ga | trend over casa non forte;2.8;11.82;8.86;5.45;6.82;6.0;12.0;10.0;10.0;12.0;2.5.0
2026-08-22;Australia_TasmaniaNorthernChampionship;Northern Rangers;Launceston United U21;85.47;ALTA;20;2026-08-21;Australia_TasmaniaNorthernChampionship;Australia_TasmaniaNorthernChampionship;;PRO: attacco casa positivo | difesa trasferta vulnerabile | trend over recente casa | trend over recente trasferta | profilo over interno positivo | profilo over esterno positivo || CONTRO: ospite poco prolifico: rischio 1-0 / 2-0 | v22 monitora possibile sopravvalutazione weak_ga | BTTS basso: possibile partita a senso unico;6.0;13.0;5.25;4.28;10.0;12.0;10.8;10.0;9.0;5.14;2.5.0
2026-08-22;Austria_Karnten;Dellach/Gail;SC St. Veit;85.32;IMM-ALTA-6;5;2026-08-21;Austria_Karnten;Austria_Karnten;;PRO: attacco trasferta positivo | difesa casa vulnerabile | trend over recente casa | trend over recente trasferta | profilo over interno positivo | profilo over esterno positivo | alta tendenza BTTS || CONTRO: attacco casa non dominante;5.08;5.91;13.0;7.27;6.06;8.0;12.0;10.0;10.0;8.0;2.5.0
2026-08-22;Wales_CymruSouth;Carmarthen;Treowen;85.31;IMM-ALTA-4;3;2026-08-21;Wales_CymruSouth;Wales_CymruSouth;Wales_CymruTier2;PRO: attacco casa positivo | attacco trasferta positivo | trend over recente casa | trend over recente trasferta | profilo over interno positivo | profilo over esterno positivo | alta tendenza BTTS || CONTRO: nessun contro rilevante;0.4;13.0;13.0;3.64;2.27;12.0;12.0;10.0;10.0;9.0;2.5.0
2026-08-22;Germany_Oberliga_RheinlandPfalzSaar;Eisbachtal;RW Koblenz;84.85;IMM-ALTA-6;5;2026-08-21;Germany_Oberliga_RheinlandPfalzSaar;Germany_Oberliga_RheinlandPfalzSaar;;PRO: attacco trasferta positivo | difesa trasferta vulnerabile | difesa casa vulnerabile | trend over recente casa | trend over recente trasferta | profilo over interno positivo | profilo over esterno positivo | alta tendenza BTTS || CONTRO: attacco casa non dominante | v22 monitora possibile sopravvalutazione weak_ga;3.88;1.97;13.0;8.0;10.0;8.0;12.0;10.0;10.0;8.0;2.5.0
2026-08-22;Denmark_3rdDivision;Holstebro;Helsingor;84.27;IMM-ALTA-6;4;2026-08-21;Denmark_3rdDivision;Denmark_3rdDivision;;PRO: attacco casa positivo | attacco trasferta positivo | trend over recente casa | trend over recente trasferta | profilo over interno positivo | profilo over esterno positivo | alta tendenza BTTS || CONTRO: nessun contro rilevante;0.55;13.0;11.82;4.85;6.06;12.0;8.0;10.0;10.0;8.0;2.5.0
2026-08-22;Australia_NPL_NSW_U20;Sutherland U20;St. George City U20;84.23;ALTA;30;2026-08-21;Australia_NPL_NSW_U20;Australia_NPL_NSW_U20;;PRO: attacco casa positivo | attacco trasferta positivo | difesa trasferta vulnerabile | difesa casa vulnerabile | trend over recente casa | trend over recente trasferta | profilo over interno positivo | profilo over esterno positivo | alta tendenza BTTS || CONTRO: v22 monitora possibile sopravvalutazione weak_ga;1.6;12.87;12.03;6.75;10.0;10.8;7.2;6.92;7.69;8.36;2.5.0
2026-08-22;CzechRepublic_4Liga_GroupD;Sparta Brno;Chotebor;84.23;IMM-ALTA-4;3;2026-08-21;CzechRepublic_4Liga_GroupD;CzechRepublic_4Liga_GroupD;CzechRepublic_4Liga;PRO: attacco trasferta positivo | difesa trasferta vulnerabile | difesa casa vulnerabile | trend over recente trasferta | profilo over interno positivo | profilo over esterno positivo | alta tendenza BTTS || CONTRO: attacco casa non dominante | v22 monitora possibile sopravvalutazione weak_ga | trend over casa non forte;4.0;5.91;8.86;5.45;10.0;6.0;12.0;10.0;10.0;12.0;2.5.0
2026-08-22;Germany_Regionalliga_Sudwest;VfR Mannheim;Freiberg;84.08;IMM-ALTA-4;3;2026-08-21;Germany_Regionalliga_Sudwest;Germany_Regionalliga_Sudwest;;PRO: attacco casa positivo | attacco trasferta positivo | difesa casa vulnerabile | trend over recente casa | trend over recente trasferta | profilo over interno positivo | profilo over esterno positivo || CONTRO: BTTS basso: possibile partita a senso unico;4.94;8.86;13.0;7.27;0.0;12.0;12.0;10.0;10.0;6.0;2.5.0
2026-08-22;Germany_Oberliga_SchleswigHolstein;Eckernforder SV;Kaltenkirchen;84.08;IMM-ALTA-8;5;2026-08-21;Germany_Oberliga_SchleswigHolstein;Germany_Oberliga_SchleswigHolstein;;PRO: attacco casa positivo | difesa trasferta vulnerabile | difesa casa vulnerabile | trend over recente casa | trend over recente trasferta | profilo over interno positivo | profilo over esterno positivo | alta tendenza BTTS || CONTRO: ospite poco prolifico: rischio 1-0 / 2-0 | v22 monitora possibile sopravvalutazione weak_ga;0.4;10.34;7.39;8.0;7.95;12.0;9.0;10.0;10.0;9.0;2.5.0
2026-08-22;CzechRepublic_4Liga_GroupC;Vysoke Myto;Police nad Metuji;83.73;IMM-ALTA-4;3;2026-08-21;CzechRepublic_4Liga_GroupC;CzechRepublic_4Liga_GroupC;CzechRepublic_4Liga;PRO: attacco casa positivo | difesa casa vulnerabile | trend over recente casa | profilo over interno positivo | profilo over esterno positivo | alta tendenza BTTS || CONTRO: ospite poco prolifico: rischio 1-0 / 2-0 | trend over trasferta non forte;6.0;13.0;5.91;7.27;4.55;12.0;6.0;10.0;10.0;9.0;2.5.0
2026-08-22;CzechRepublic_4Liga_GroupC;Prepere;Turnov;83.68;IMM-ALTA-4;3;2026-08-21;CzechRepublic_4Liga_GroupC;CzechRepublic_4Liga_GroupC;CzechRepublic_4Liga;PRO: attacco casa positivo | attacco trasferta positivo | difesa casa vulnerabile | trend over recente trasferta | profilo over interno positivo | profilo over esterno positivo || CONTRO: trend over casa non forte | BTTS basso: possibile partita a senso unico;6.0;8.86;13.0;7.27;4.55;6.0;12.0;10.0;10.0;6.0;2.5.0
2026-08-22;Switzerland_PromotionLeague;Basilea 2;Zurigo 2;83.63;IMM-ALTA-6;5;2026-08-21;Switzerland_PromotionLeague;Switzerland_PromotionLeague;;PRO: attacco casa positivo | difesa casa vulnerabile | trend over recente casa | trend over recente trasferta | profilo over interno positivo | profilo over esterno positivo | alta tendenza BTTS || CONTRO: ospite poco prolifico: rischio 1-0 / 2-0;1.85;9.85;7.88;8.0;6.06;12.0;8.0;10.0;10.0;10.0;2.5.0
2026-08-22;Sweden_Division2_VastraGotaland;Dalstorps IF;Hestrafors;83.03;ALTA;20;2026-08-21;Sweden_Division2_VastraGotaland;Sweden_Division2_VastraGotaland;;PRO: attacco casa positivo | attacco trasferta positivo | difesa trasferta vulnerabile | trend over recente casa | trend over recente trasferta | profilo over interno positivo | profilo over esterno positivo | alta tendenza BTTS || CONTRO: v22 monitora possibile sopravvalutazione weak_ga;0.92;11.51;12.51;4.4;8.02;9.6;12.0;7.27;7.78;9.01;2.5.0
2026-08-22;Australia_NPL_NSW_U20;St George Saints U20;Blacktown City U20;82.86;ALTA;30;2026-08-21;Australia_NPL_NSW_U20;Australia_NPL_NSW_U20;;PRO: attacco casa positivo | attacco trasferta positivo | difesa trasferta vulnerabile | difesa casa vulnerabile | trend over recente casa | trend over recente trasferta | profilo over interno positivo | profilo over esterno positivo | alta tendenza BTTS || CONTRO: v22 monitora possibile sopravvalutazione weak_ga;2.0;8.65;10.55;8.0;10.0;9.6;7.2;10.0;7.86;9.0;2.5.0
2026-08-22;Finland_Kakkonen_GroupC;GBK Kokkola;VPS 2;82.6;ALTA;19;2026-08-21;Finland_Kakkonen_GroupC;Finland_Kakkonen_GroupC;;PRO: attacco casa positivo | attacco trasferta positivo | difesa trasferta vulnerabile | difesa casa vulnerabile | trend over recente casa | trend over recente trasferta | profilo over esterno positivo | alta tendenza BTTS || CONTRO: v22 monitora possibile sopravvalutazione weak_ga | profilo over interno debole;1.33;13.0;13.0;6.84;8.56;7.2;10.8;5.0;8.75;8.12;2.5.0
2026-08-22;Iceland_1DeildWomen;Tindastoll;HK Kopavogur;82.53;ALTA;18;2026-08-21;Iceland_1DeildWomen;Iceland_1DeildWomen;;PRO: attacco trasferta positivo | difesa trasferta vulnerabile | difesa casa vulnerabile | trend over recente casa | trend over recente trasferta | profilo over interno positivo | profilo over esterno positivo || CONTRO: attacco casa non dominante | v22 monitora possibile sopravvalutazione weak_ga | BTTS basso: possibile partita a senso unico;3.33;4.09;13.0;8.0;8.77;12.0;9.6;10.0;7.14;6.59;2.5.0
2026-08-22;Germany_Oberliga_BadenWurttemberg;Normannia Gmund;Villingen;82.37;IMM-ALTA-4;4;2026-08-21;Germany_Oberliga_BadenWurttemberg;Germany_Oberliga_BadenWurttemberg;;PRO: attacco trasferta positivo | difesa trasferta vulnerabile | difesa casa vulnerabile | trend over recente trasferta | profilo over interno positivo | profilo over esterno positivo | alta tendenza BTTS || CONTRO: attacco casa non dominante | v22 monitora possibile sopravvalutazione weak_ga | trend over casa non forte;2.82;5.91;11.82;8.0;6.82;6.0;12.0;10.0;10.0;9.0;2.5.0
2026-08-22;Finland_Kolmonen_Eastern_Group3;Kumu;Edustus IPS;82.3;ALTA;18;2026-08-21;Finland_Kolmonen_Eastern_Group3;Finland_Kolmonen_Eastern_Group3;;PRO: attacco trasferta positivo | difesa casa vulnerabile | trend over recente casa | trend over recente trasferta | profilo over interno positivo | alta tendenza BTTS || CONTRO: attacco casa non dominante | profilo over esterno debole;4.36;7.48;13.0;8.0;6.36;9.6;10.8;8.57;5.71;8.4;2.5.0
2026-08-22;Australia_NPLWesternAustralia;Armadale;Perth RedStar;82.27;ALTA;25;2026-08-21;Australia_NPLWesternAustralia;Australia_NPLWesternAustralia;;PRO: attacco casa positivo | difesa trasferta vulnerabile | difesa casa vulnerabile | trend over recente casa | trend over recente trasferta | profilo over interno positivo | profilo over esterno positivo | alta tendenza BTTS || CONTRO: ospite poco prolifico: rischio 1-0 / 2-0 | v22 monitora possibile sopravvalutazione weak_ga;3.82;11.82;8.44;8.0;6.71;10.8;8.4;9.0;7.0;8.29;2.5.0
2026-08-22;Australia_TasmaniaNorthernChampionship;Somerset;Devonport U21;82.21;ALTA;20;2026-08-21;Australia_TasmaniaNorthernChampionship;Australia_TasmaniaNorthernChampionship;;PRO: attacco casa positivo | attacco trasferta positivo | difesa casa vulnerabile | trend over recente casa | trend over recente trasferta | profilo over interno positivo | profilo over esterno positivo | alta tendenza BTTS || CONTRO: nessun contro rilevante;2.57;13.0;13.0;8.0;5.81;8.4;9.6;7.0;7.5;7.33;2.5.0
2026-08-22;Germany_Oberliga_Hessen;Unter-Flockenbach;Baunatal;82.0;IMM-ALTA-8;5;2026-08-21;Germany_Oberliga_Hessen;Germany_Oberliga_Hessen;;PRO: attacco casa positivo | difesa trasferta vulnerabile | difesa casa vulnerabile | trend over recente casa | profilo over interno positivo | profilo over esterno positivo | alta tendenza BTTS || CONTRO: ospite poco prolifico: rischio 1-0 / 2-0 | v22 monitora possibile sopravvalutazione weak_ga | trend over trasferta non forte;5.29;13.0;4.43;5.45;6.82;12.0;6.0;10.0;10.0;9.0;2.5.0
2026-08-22;Wales_CymruPremier;Ammanford;Connah's Q.;81.96;IMM-ALTA-6;4;2026-08-21;Wales_CymruPremier;Wales_CymruPremier;;PRO: attacco trasferta positivo | difesa casa vulnerabile | trend over recente casa | trend over recente trasferta | profilo over interno positivo | profilo over esterno positivo | alta tendenza BTTS || CONTRO: attacco casa non dominante;3.23;5.91;13.0;7.27;4.55;8.0;12.0;10.0;10.0;8.0;2.5.0
2026-08-22;Netherlands_Eredivisie;Sittard;Alkmaar;81.79;IMM-ALTA-4;3;2026-08-21;Netherlands_Eredivisie;Netherlands_Eredivisie;;PRO: attacco casa positivo | attacco trasferta positivo | difesa casa vulnerabile | trend over recente casa | profilo over interno positivo | profilo over esterno positivo | alta tendenza BTTS || CONTRO: trend over trasferta non forte;1.06;13.0;13.0;5.45;2.27;12.0;6.0;10.0;10.0;9.0;2.5.0
2026-08-22;FaroeIslands_1Deild;Sandur;Vikingur 2;81.69;ALTA;20;2026-08-21;FaroeIslands_1Deild;FaroeIslands_1Deild;;PRO: attacco casa positivo | attacco trasferta positivo | trend over recente casa | trend over recente trasferta | profilo over interno positivo | profilo over esterno positivo | alta tendenza BTTS || CONTRO: nessun contro rilevante;0.67;13.0;13.0;2.91;6.46;10.8;10.8;8.57;7.78;7.71;2.5.0
2026-08-22;Australia_NPL_NSW_U20;UNSW U20;Manly Utd U20;81.64;ALTA;30;2026-08-21;Australia_NPL_NSW_U20;Australia_NPL_NSW_U20;;PRO: attacco casa positivo | attacco trasferta positivo | difesa casa vulnerabile | trend over recente casa | trend over recente trasferta | profilo over interno positivo | profilo over esterno positivo || CONTRO: BTTS basso: possibile partita a senso unico;3.2;11.19;12.45;8.0;5.68;10.8;7.2;8.57;7.69;6.86;2.5.0
2026-08-22;Austria_Regionalliga_North;Grodig;Union Gurten;81.59;IMM-ALTA-8;5;2026-08-21;Austria_Regionalliga_North;Austria_Regionalliga_North;;PRO: attacco casa positivo | attacco trasferta positivo | difesa trasferta vulnerabile | trend over recente casa | trend over recente trasferta | profilo over interno positivo | profilo over esterno positivo | alta tendenza BTTS || CONTRO: v22 monitora possibile sopravvalutazione weak_ga;1.38;10.34;13.0;4.55;6.82;9.0;9.0;10.0;10.0;7.5;2.5.0
2026-08-22;Sweden_Division2_SodraGotaland;Nosaby;Torns;81.56;ALTA;22;2026-08-21;Sweden_Division2_SodraGotaland;Sweden_Division2_SodraGotaland;;PRO: attacco casa positivo | attacco trasferta positivo | difesa trasferta vulnerabile | difesa casa vulnerabile | trend over recente casa | trend over recente trasferta | profilo over interno positivo | profilo over esterno positivo | alta tendenza BTTS || CONTRO: v22 monitora possibile sopravvalutazione weak_ga;2.31;10.43;8.69;6.42;10.0;10.8;9.6;6.67;8.89;7.76;2.5.0
2026-08-22;Australia_NPLACT;Tuggeranong Utd;Canberra Juventus;81.42;ALTA;25;2026-08-21;Australia_NPLACT;Australia_NPLACT;;PRO: attacco casa positivo | attacco trasferta positivo | difesa trasferta vulnerabile | difesa casa vulnerabile | trend over recente casa | trend over recente trasferta | profilo over interno positivo | profilo over esterno positivo | alta tendenza BTTS || CONTRO: v22 monitora possibile sopravvalutazione weak_ga;0.67;13.0;11.54;7.46;8.44;10.8;7.2;7.78;6.36;8.17;2.5.0
2026-08-22;Germany_Regionalliga_Sudwest;Kaiserslautern 2;Steinbach Haiger;81.31;IMM-ALTA-4;3;2026-08-21;Germany_Regionalliga_Sudwest;Germany_Regionalliga_Sudwest;;PRO: attacco casa positivo | attacco trasferta positivo | difesa trasferta vulnerabile | difesa casa vulnerabile | trend over recente casa | profilo over interno positivo | profilo over esterno positivo | alta tendenza BTTS || CONTRO: v22 monitora possibile sopravvalutazione weak_ga | trend over trasferta non forte;1.76;8.86;8.86;8.0;6.82;12.0;6.0;10.0;10.0;9.0;2.5.0
2026-08-22;Germany_Oberliga_RheinlandPfalzSaar;Worms;Auersmacher;81.22;IMM-ALTA-6;5;2026-08-21;Germany_Oberliga_RheinlandPfalzSaar;Germany_Oberliga_RheinlandPfalzSaar;;PRO: attacco casa positivo | difesa trasferta vulnerabile | trend over recente casa | trend over recente trasferta | profilo over interno positivo | profilo over esterno positivo || CONTRO: ospite poco prolifico: rischio 1-0 / 2-0 | v22 monitora possibile sopravvalutazione weak_ga | BTTS basso: possibile partita a senso unico;3.88;13.0;5.91;2.42;10.0;8.0;12.0;10.0;10.0;6.0;2.5.0
2026-08-22;FaroeIslands_1Deild;Fuglafjordur;B36 Torshavn 2;80.86;ALTA;20;2026-08-21;FaroeIslands_1Deild;FaroeIslands_1Deild;;PRO: attacco casa positivo | difesa trasferta vulnerabile | difesa casa vulnerabile | trend over recente casa | trend over recente trasferta | profilo over interno positivo | profilo over esterno positivo | alta tendenza BTTS || CONTRO: ospite poco prolifico: rischio 1-0 / 2-0 | v22 monitora possibile sopravvalutazione weak_ga;2.0;12.66;8.27;6.23;10.0;9.6;10.8;6.67;7.14;7.49;2.5.0
2026-08-22;Australia_WAStateLeague;Subiaco;Cockburn City;80.85;ALTA;22;2026-08-21;Australia_WAStateLeague;Australia_WAStateLeague;;PRO: attacco casa positivo | attacco trasferta positivo | difesa trasferta vulnerabile | difesa casa vulnerabile | trend over recente casa | trend over recente trasferta | profilo over interno positivo | profilo over esterno positivo | alta tendenza BTTS || CONTRO: v22 monitora possibile sopravvalutazione weak_ga;1.09;9.57;9.57;7.97;10.0;8.4;8.4;7.0;10.0;8.86;2.5.0
2026-08-22;Finland_Kolmonen_Eastern_Group2;NiemU;KuPS/Akatemia 2;80.83;ALTA;18;2026-08-21;Finland_Kolmonen_Eastern_Group2;Finland_Kolmonen_Eastern_Group2;;PRO: attacco casa positivo | attacco trasferta positivo | difesa trasferta vulnerabile | trend over recente casa | trend over recente trasferta | profilo over interno positivo | profilo over esterno positivo || CONTRO: v22 monitora possibile sopravvalutazione weak_ga | BTTS basso: possibile partita a senso unico;2.57;13.0;12.56;2.95;10.0;9.6;8.4;7.5;7.5;6.75;2.5.0
2026-08-22;CzechRepublic_4Liga_GroupE;Breclav;Prostejov B;80.7;IMM-ALTA-4;3;2026-08-21;CzechRepublic_4Liga_GroupE;CzechRepublic_4Liga_GroupE;CzechRepublic_4Liga;PRO: attacco casa positivo | attacco trasferta positivo | difesa trasferta vulnerabile | trend over recente trasferta | profilo over interno positivo | profilo over esterno positivo | alta tendenza BTTS || CONTRO: v22 monitora possibile sopravvalutazione weak_ga | trend over casa non forte;3.2;8.86;13.0;1.82;6.82;6.0;12.0;10.0;10.0;9.0;2.5.0
2026-08-22;Australia_VictoriaPremierLeague;North Geelong;Western Utd. U21;80.63;ALTA;27;2026-08-21;Australia_VictoriaPremierLeague;Australia_VictoriaPremierLeague;;PRO: attacco trasferta positivo | difesa trasferta vulnerabile | difesa casa vulnerabile | trend over recente casa | trend over recente trasferta | profilo over interno positivo | profilo over esterno positivo | alta tendenza BTTS || CONTRO: attacco casa non dominante | v22 monitora possibile sopravvalutazione weak_ga;0.92;8.12;11.33;7.73;10.0;8.4;10.8;6.67;9.17;7.5;2.5.0
2026-08-22;Sweden_Division2_Norrland;Taftea IK;Lucksta;80.51;ALTA;21;2026-08-21;Sweden_Division2_Norrland;Sweden_Division2_Norrland;;PRO: attacco casa positivo | attacco trasferta positivo | difesa trasferta vulnerabile | trend over recente casa | trend over recente trasferta | profilo over interno positivo | profilo over esterno positivo | alta tendenza BTTS || CONTRO: v22 monitora possibile sopravvalutazione weak_ga;1.5;13.0;10.78;4.77;9.63;8.4;10.8;6.25;7.78;7.61;2.5.0
2026-08-22;Australia_VictoriaPremierLeague2;Malvern;Kingston City;80.49;ALTA;26;2026-08-21;Australia_VictoriaPremierLeague2;Australia_VictoriaPremierLeague2;;PRO: attacco casa positivo | difesa trasferta vulnerabile | trend over recente casa | trend over recente trasferta | profilo over interno positivo | profilo over esterno positivo || CONTRO: ospite poco prolifico: rischio 1-0 / 2-0 | v22 monitora possibile sopravvalutazione weak_ga | BTTS basso: possibile partita a senso unico;4.15;13.0;7.88;4.24;9.85;8.4;9.6;9.09;7.27;7.0;2.5.0
2026-08-22;Poland_IIILiga_Group3;Zaglebie 2;Legnica 2;80.38;IMM-ALTA-8;5;2026-08-21;Poland_IIILiga_Group3;Poland_IIILiga_Group3;;PRO: attacco casa positivo | difesa trasferta vulnerabile | trend over recente casa | trend over recente trasferta | profilo over esterno positivo | alta tendenza BTTS || CONTRO: ospite poco prolifico: rischio 1-0 / 2-0 | v22 monitora possibile sopravvalutazione weak_ga | profilo over interno debole;5.54;11.82;7.39;4.55;9.09;9.0;9.0;5.0;10.0;9.0;2.5.0
2026-08-22;Australia_NPL_NSW_U20;NWS Spirit U20;SD Raiders U20;80.18;ALTA;30;2026-08-21;Australia_NPL_NSW_U20;Australia_NPL_NSW_U20;;PRO: attacco casa positivo | attacco trasferta positivo | difesa trasferta vulnerabile | difesa casa vulnerabile | trend over recente casa | trend over recente trasferta | profilo over interno positivo | profilo over esterno positivo | alta tendenza BTTS || CONTRO: v22 monitora possibile sopravvalutazione weak_ga;1.2;13.0;9.92;6.75;7.79;10.8;7.2;8.57;6.15;8.79;2.5.0
2026-08-22;Austria_Burgenland;Rust;Edelserpentin;80.17;IMM-ALTA-4;3;2026-08-21;Austria_Burgenland;Austria_Burgenland;;PRO: attacco casa positivo | difesa trasferta vulnerabile | difesa casa vulnerabile | trend over recente casa | profilo over interno positivo | profilo over esterno positivo | alta tendenza BTTS || CONTRO: ospite poco prolifico: rischio 1-0 / 2-0 | v22 monitora possibile sopravvalutazione weak_ga | trend over trasferta non forte;0.4;8.86;5.91;8.0;10.0;12.0;6.0;10.0;10.0;9.0;2.5.0
2026-08-22;Poland_IIILiga_Group2;Chemik Bydgoszcz;Swinoujscie;80.17;IMM-ALTA-8;5;2026-08-21;Poland_IIILiga_Group2;Poland_IIILiga_Group2;;PRO: attacco casa positivo | attacco trasferta positivo | difesa casa vulnerabile | trend over recente casa | profilo over interno positivo | profilo over esterno positivo | alta tendenza BTTS || CONTRO: trend over trasferta non forte;5.54;8.86;13.0;8.0;2.27;9.0;6.0;10.0;10.0;7.5;2.5.0
2026-08-22;CzechRepublic_4Liga_GroupD;Kurim;Humpolec;80.14;IMM-ALTA-4;3;2026-08-21;CzechRepublic_4Liga_GroupD;CzechRepublic_4Liga_GroupD;CzechRepublic_4Liga;PRO: attacco casa positivo | attacco trasferta positivo | difesa trasferta vulnerabile | difesa casa vulnerabile | trend over recente casa | profilo over interno positivo | alta tendenza BTTS || CONTRO: v22 monitora possibile sopravvalutazione weak_ga | trend over trasferta non forte | profilo over esterno debole;6.0;13.0;8.86;5.45;6.82;12.0;6.0;10.0;0.0;12.0;2.5.0
2026-08-22;Finland_Kakkonen_GroupB;EBK;Honka;79.87;ALTA;19;2026-08-21;Finland_Kakkonen_GroupB;Finland_Kakkonen_GroupB;;PRO: attacco casa positivo | attacco trasferta positivo | difesa casa vulnerabile | trend over recente casa | trend over recente trasferta | profilo over interno positivo | profilo over esterno positivo | alta tendenza BTTS || CONTRO: nessun contro rilevante;4.67;9.6;13.0;8.0;4.55;9.6;9.6;6.25;6.25;8.36;2.5.0
2026-08-22;Mexico_LigaMX_Apertura;Tigres;Atlante;79.84;IMM-ALTA-8;5;2026-08-21;Mexico_LigaMX_Apertura;Mexico_LigaMX_Apertura;;PRO: attacco casa positivo | difesa casa vulnerabile | trend over recente casa | profilo over interno positivo | profilo over esterno positivo | alta tendenza BTTS || CONTRO: ospite poco prolifico: rischio 1-0 / 2-0 | trend over trasferta non forte;1.41;8.86;7.39;8.0;5.68;12.0;6.0;10.0;10.0;10.5;2.5.0
2026-08-22;SriLanka_SuperLeague;UP Country Lions;New Young's SC;79.78;ALTA;6;2026-08-21;SriLanka_SuperLeague;SriLanka_SuperLeague;;PRO: attacco casa positivo | difesa trasferta vulnerabile | trend over recente casa | trend over recente trasferta | profilo over interno positivo | profilo over esterno positivo || CONTRO: ospite poco prolifico: rischio 1-0 / 2-0 | v22 monitora possibile sopravvalutazione weak_ga | BTTS basso: possibile partita a senso unico;4.67;13.0;4.73;2.18;10.0;9.6;9.6;10.0;10.0;6.0;2.5.0
2026-08-22;Sweden_Division2_SodraGotaland;IFK Berga;Staffanstorp United;79.58;ALTA;22;2026-08-21;Sweden_Division2_SodraGotaland;Sweden_Division2_SodraGotaland;;PRO: attacco casa positivo | attacco trasferta positivo | difesa trasferta vulnerabile | trend over recente casa | profilo over interno positivo | alta tendenza BTTS || CONTRO: v22 monitora possibile sopravvalutazione weak_ga | trend over trasferta non forte | profilo over esterno debole;3.69;13.0;9.39;4.73;8.29;10.8;6.0;9.09;5.56;9.04;2.5.0
2026-08-22;Slovakia_3Liga_West;Banik Prievidza;Castkovce;79.45;IMM-ALTA-4;3;2026-08-21;Slovakia_3Liga_West;Slovakia_3Liga_West;;PRO: attacco trasferta positivo | difesa trasferta vulnerabile | difesa casa vulnerabile | trend over recente trasferta | profilo over interno positivo | profilo over esterno positivo | alta tendenza BTTS || CONTRO: attacco casa non dominante | v22 monitora possibile sopravvalutazione weak_ga | trend over casa non forte;0.4;2.95;11.82;7.27;10.0;6.0;12.0;10.0;10.0;9.0;2.5.0
2026-08-22;USA_MLSNextPro_EasternConference_NortheastDivision;New York City 2;New England Revolution 2;79.42;ALTA;27;2026-08-21;USA_MLSNextPro_EasternConference_NortheastDivision;USA_MLSNextPro_EasternConference_NortheastDivision;;PRO: attacco casa positivo | attacco trasferta positivo | difesa casa vulnerabile | trend over recente casa | trend over recente trasferta | profilo over interno positivo | profilo over esterno positivo | alta tendenza BTTS || CONTRO: nessun contro rilevante;4.29;10.74;10.02;5.62;6.32;9.6;12.0;6.36;7.0;7.46;2.5.0
2026-08-22;NorthernIreland_NIFLChampionship;Ards;Loughgall;79.24;IMM-ALTA-6;4;2026-08-21;NorthernIreland_NIFLChampionship;NorthernIreland_NIFLChampionship;;PRO: attacco casa positivo | attacco trasferta positivo | trend over recente casa | trend over recente trasferta | profilo over interno positivo | alta tendenza BTTS || CONTRO: profilo over esterno debole;2.0;13.0;9.85;4.85;4.55;12.0;8.0;10.0;5.0;10.0;2.5.0
2026-08-22;Australia_NPLACT;Canberra White Eagles;Monaro Panthers;79.08;ALTA;25;2026-08-21;Australia_NPLACT;Australia_NPLACT;;PRO: attacco trasferta positivo | difesa casa vulnerabile | trend over recente casa | trend over recente trasferta | profilo over esterno positivo | alta tendenza BTTS || CONTRO: attacco casa non dominante | profilo over interno debole;5.33;5.02;13.0;8.0;5.63;9.6;9.6;5.0;10.0;7.9;2.5.0
2026-08-22;Switzerland_PromotionLeague;Paradiso;Kreuzlingen;79.08;IMM-ALTA-6;5;2026-08-21;Switzerland_PromotionLeague;Switzerland_PromotionLeague;;PRO: difesa trasferta vulnerabile | trend over recente casa | trend over recente trasferta | profilo over interno positivo | profilo over esterno positivo | alta tendenza BTTS || CONTRO: attacco casa non dominante | ospite poco prolifico: rischio 1-0 / 2-0 | v22 monitora possibile sopravvalutazione weak_ga;1.38;7.88;7.88;4.85;9.09;8.0;12.0;10.0;10.0;8.0;2.5.0
2026-08-22;Australia_NSWLeagueOne;Bulls Academy;Canterbury Bankstown;79.07;ALTA;31;2026-08-21;Australia_NSWLeagueOne;Australia_NSWLeagueOne;;PRO: attacco casa positivo | attacco trasferta positivo | difesa trasferta vulnerabile | difesa casa vulnerabile | trend over recente casa | trend over recente trasferta | profilo over esterno positivo | alta tendenza BTTS || CONTRO: v22 monitora possibile sopravvalutazione weak_ga | profilo over interno debole;1.6;10.55;13.0;5.84;8.28;7.2;12.0;5.38;6.43;8.79;2.5.0
2026-08-22;Australia_NPLACT;Canberra Croatia;Belconnen Utd.;78.98;ALTA;25;2026-08-21;Australia_NPLACT;Australia_NPLACT;;PRO: attacco casa positivo | difesa trasferta vulnerabile | trend over recente casa | profilo over interno positivo | profilo over esterno positivo | alta tendenza BTTS || CONTRO: ospite poco prolifico: rischio 1-0 / 2-0 | v22 monitora possibile sopravvalutazione weak_ga | trend over trasferta non forte;6.0;13.0;7.03;4.36;10.0;9.6;4.8;9.0;7.0;8.19;2.5.0
2026-08-22;Finland_Kakkonen_GroupC;SJK Akatemia 2;JBK;78.91;ALTA;19;2026-08-21;Finland_Kakkonen_GroupC;Finland_Kakkonen_GroupC;;PRO: attacco casa positivo | attacco trasferta positivo | difesa casa vulnerabile | trend over recente casa | trend over recente trasferta | profilo over interno positivo | profilo over esterno positivo || CONTRO: BTTS basso: possibile partita a senso unico;4.0;9.39;12.51;8.0;6.42;10.8;8.4;7.5;6.25;5.65;2.5.0
2026-08-22;Finland_Kolmonen_Southern_Group3;IF Sibbo Vargarna;Futura;78.91;ALTA;17;2026-08-21;Finland_Kolmonen_Southern_Group3;Finland_Kolmonen_Southern_Group3;;PRO: attacco casa positivo | attacco trasferta positivo | difesa casa vulnerabile | trend over recente casa | trend over recente trasferta | profilo over interno positivo | alta tendenza BTTS || CONTRO: profilo over esterno debole;0.6;13.0;13.0;6.36;3.64;10.8;7.2;10.0;5.71;8.6;2.5.0
2026-08-22;CzechRepublic_4Liga_GroupC;Trutnov;Chrudim B;78.86;IMM-ALTA-4;3;2026-08-21;CzechRepublic_4Liga_GroupC;CzechRepublic_4Liga_GroupC;CzechRepublic_4Liga;PRO: difesa trasferta vulnerabile | difesa casa vulnerabile | trend over recente casa | trend over recente trasferta | profilo over interno positivo | profilo over esterno positivo || CONTRO: attacco casa non dominante | ospite poco prolifico: rischio 1-0 / 2-0 | v22 monitora possibile sopravvalutazione weak_ga | BTTS basso: possibile partita a senso unico;2.0;2.95;5.91;8.0;10.0;12.0;12.0;10.0;10.0;6.0;2.5.0
2026-08-22;CzechRepublic_4Liga_GroupA;Rokycany;Krimice;78.68;IMM-ALTA-4;3;2026-08-21;CzechRepublic_4Liga_GroupA;CzechRepublic_4Liga_GroupA;CzechRepublic_4Liga;PRO: attacco trasferta positivo | difesa trasferta vulnerabile | trend over recente trasferta | profilo over interno positivo | profilo over esterno positivo | alta tendenza BTTS || CONTRO: attacco casa non dominante | v22 monitora possibile sopravvalutazione weak_ga | trend over casa non forte;6.0;5.91;8.86;1.82;9.09;6.0;12.0;10.0;10.0;9.0;2.5.0
2026-08-22;Slovakia_2Liga;Povazska Bystrica;Samorin;78.65;IMM-ALTA-8;5;2026-08-21;Slovakia_2Liga;Slovakia_2Liga;;PRO: attacco casa positivo | attacco trasferta positivo | trend over recente casa | profilo over interno positivo | profilo over esterno positivo | alta tendenza BTTS || CONTRO: trend over trasferta non forte;0.4;11.82;10.34;4.55;4.55;12.0;6.0;10.0;10.0;9.0;2.5.0
2026-08-22;Sweden_Division2_VastraGotaland;Qviding;Torslanda;78.65;ALTA;20;2026-08-21;Sweden_Division2_VastraGotaland;Sweden_Division2_VastraGotaland;;PRO: attacco casa positivo | attacco trasferta positivo | difesa casa vulnerabile | trend over recente casa | trend over recente trasferta | profilo over interno positivo | profilo over esterno positivo | alta tendenza BTTS || CONTRO: nessun contro rilevante;0.46;11.82;9.39;7.06;6.15;10.8;7.2;10.0;6.25;9.53;2.5.0
2026-08-22;Germany_Oberliga_SchleswigHolstein;Lubeck 2;Kiel 2;78.63;IMM-ALTA-8;5;2026-08-21;Germany_Oberliga_SchleswigHolstein;Germany_Oberliga_SchleswigHolstein;;PRO: attacco trasferta positivo | difesa trasferta vulnerabile | difesa casa vulnerabile | trend over recente casa | trend over recente trasferta | profilo over interno positivo | alta tendenza BTTS || CONTRO: attacco casa non dominante | v22 monitora possibile sopravvalutazione weak_ga | profilo over esterno debole;4.4;5.91;13.0;8.0;6.82;9.0;9.0;10.0;5.0;7.5;2.5.0
2026-08-22;Switzerland_ChallengeLeague;Wil;Kriens;78.61;IMM-ALTA-6;4;2026-08-21;Switzerland_ChallengeLeague;Switzerland_ChallengeLeague;;PRO: attacco casa positivo | difesa trasferta vulnerabile | difesa casa vulnerabile | trend over recente casa | profilo over interno positivo | profilo over esterno positivo || CONTRO: ospite poco prolifico: rischio 1-0 / 2-0 | v22 monitora possibile sopravvalutazione weak_ga | trend over trasferta non forte | BTTS basso: possibile partita a senso unico;1.33;11.82;7.88;8.0;7.58;12.0;4.0;10.0;10.0;6.0;2.5.0
2026-08-22;Sweden_Division2_Norrland;Umea FC Akademi;Fransta;78.53;ALTA;21;2026-08-21;Sweden_Division2_Norrland;Sweden_Division2_Norrland;;PRO: attacco trasferta positivo | difesa trasferta vulnerabile | difesa casa vulnerabile | trend over recente casa | trend over recente trasferta | profilo over esterno positivo | alta tendenza BTTS || CONTRO: attacco casa non dominante | v22 monitora possibile sopravvalutazione weak_ga | profilo over interno debole;0.5;7.6;9.29;8.0;10.0;7.2;10.8;5.71;10.0;9.43;2.5.0
2026-08-22;Germany_Regionalliga_Sudwest;Kickers Stoccarda;Freiburg 2;78.52;IMM-ALTA-4;3;2026-08-21;Germany_Regionalliga_Sudwest;Germany_Regionalliga_Sudwest;;PRO: attacco casa positivo | attacco trasferta positivo | difesa casa vulnerabile | trend over recente casa | profilo over interno positivo | alta tendenza BTTS || CONTRO: trend over trasferta non forte | profilo over esterno debole;0.71;13.0;13.0;7.27;4.55;12.0;6.0;10.0;0.0;12.0;2.5.0
2026-08-22;Slovakia_3Liga_West;Gabcikovo;Sala;78.48;IMM-ALTA-4;3;2026-08-21;Slovakia_3Liga_West;Slovakia_3Liga_West;;PRO: attacco casa positivo | attacco trasferta positivo | difesa trasferta vulnerabile | difesa casa vulnerabile | trend over recente trasferta | profilo over esterno positivo | alta tendenza BTTS || CONTRO: v22 monitora possibile sopravvalutazione weak_ga | trend over casa non forte | profilo over interno debole;2.8;11.82;8.86;8.0;10.0;6.0;12.0;0.0;10.0;9.0;2.5.0
2026-08-22;Austria_Tirol;Haiming;Vols;78.34;IMM-ALTA-5;4;2026-08-21;Austria_Tirol;Austria_Tirol;;PRO: attacco casa positivo | difesa casa vulnerabile | trend over recente casa | trend over recente trasferta | profilo over interno positivo | profilo over esterno positivo || CONTRO: ospite poco prolifico: rischio 1-0 / 2-0 | BTTS basso: possibile partita a senso unico;0.46;13.0;7.88;5.45;4.55;12.0;8.0;10.0;10.0;7.0;2.5.0
2026-08-22;CzechRepublic_3MSFL;Hlubina;FK Frydek-Mistek;78.34;IMM-ALTA-6;4;2026-08-21;CzechRepublic_3MSFL;CzechRepublic_3MSFL;;PRO: attacco casa positivo | attacco trasferta positivo | difesa casa vulnerabile | trend over recente casa | profilo over interno positivo | profilo over esterno positivo | alta tendenza BTTS || CONTRO: trend over trasferta non forte;0.46;13.0;9.85;8.0;3.03;12.0;4.0;10.0;10.0;8.0;2.5.0
2026-08-22;Switzerland_PromotionLeague;Luzerna 2;Bulle;78.29;IMM-ALTA-5;5;2026-08-21;Switzerland_PromotionLeague;Switzerland_PromotionLeague;;PRO: attacco casa positivo | attacco trasferta positivo | difesa trasferta vulnerabile | difesa casa vulnerabile | trend over recente casa | trend over recente trasferta | profilo over esterno positivo | alta tendenza BTTS || CONTRO: v22 monitora possibile sopravvalutazione weak_ga | profilo over interno debole;1.38;11.82;13.0;7.27;6.82;8.0;12.0;0.0;10.0;8.0;2.5.0
2026-08-22;Australia_NPLWesternAustralia;Olympic Kingsway;Fremantle City;78.18;ALTA;25;2026-08-21;Australia_NPLWesternAustralia;Australia_NPLWesternAustralia;;PRO: attacco casa positivo | attacco trasferta positivo | difesa trasferta vulnerabile | trend over recente casa | trend over recente trasferta | profilo over interno positivo | profilo over esterno positivo | alta tendenza BTTS || CONTRO: v22 monitora possibile sopravvalutazione weak_ga;1.64;12.38;12.1;4.85;7.36;9.6;8.4;7.0;6.0;8.86;2.5.0
2026-08-22;Austria_Karnten;Nussdorf;Lendorf;78.13;IMM-ALTA-6;5;2026-08-21;Austria_Karnten;Austria_Karnten;;PRO: difesa trasferta vulnerabile | difesa casa vulnerabile | trend over recente casa | trend over recente trasferta | profilo over interno positivo | profilo over esterno positivo || CONTRO: attacco casa non dominante | ospite poco prolifico: rischio 1-0 / 2-0 | v22 monitora possibile sopravvalutazione weak_ga | BTTS basso: possibile partita a senso unico;2.77;5.91;7.88;8.0;7.58;12.0;8.0;10.0;10.0;6.0;2.5.0
2026-08-22;CzechRepublic_4Liga_GroupB;Tempo Prague;Hostoun;78.09;IMM-ALTA-4;3;2026-08-21;CzechRepublic_4Liga_GroupB;CzechRepublic_4Liga_GroupB;CzechRepublic_4Liga;PRO: attacco casa positivo | attacco trasferta positivo | difesa trasferta vulnerabile | difesa casa vulnerabile | trend over recente trasferta | profilo over esterno positivo | alta tendenza BTTS || CONTRO: v22 monitora possibile sopravvalutazione weak_ga | trend over casa non forte | profilo over interno debole;4.0;11.82;13.0;5.45;6.82;6.0;12.0;0.0;10.0;9.0;2.5.0
2026-08-22;Latvia_NakotnesLiga;RFS 2;Alberts JDFS;78.08;ALTA;18;2026-08-21;Latvia_NakotnesLiga;Latvia_NakotnesLiga;;PRO: attacco trasferta positivo | difesa trasferta vulnerabile | difesa casa vulnerabile | trend over recente casa | trend over recente trasferta | profilo over interno positivo | profilo over esterno positivo | alta tendenza BTTS || CONTRO: attacco casa non dominante | v22 monitora possibile sopravvalutazione weak_ga;2.31;8.12;11.82;8.0;6.53;9.6;7.2;8.75;7.5;8.25;2.5.0
2026-08-22;Austria_2Liga;Bregenz;Sturm Graz 2;78.02;IMM-ALTA-6;4;2026-08-21;Austria_2Liga;Austria_2Liga;;PRO: attacco trasferta positivo | difesa trasferta vulnerabile | difesa casa vulnerabile | trend over recente casa | trend over recente trasferta | profilo over interno positivo | profilo over esterno positivo || CONTRO: attacco casa non dominante | v22 monitora possibile sopravvalutazione weak_ga | BTTS basso: possibile partita a senso unico;3.2;5.91;11.82;8.0;9.09;8.0;8.0;10.0;10.0;4.0;2.5.0
2026-08-22;Belarus_PershayaLiga;FC Slonim;Volna Pinsk;77.94;ALTA;22;2026-08-21;Belarus_PershayaLiga;Belarus_PershayaLiga;;PRO: attacco casa positivo | attacco trasferta positivo | difesa trasferta vulnerabile | trend over recente casa | trend over recente trasferta | profilo over interno positivo | profilo over esterno positivo | alta tendenza BTTS || CONTRO: v22 monitora possibile sopravvalutazione weak_ga;1.06;10.64;10.93;4.73;7.73;8.4;10.8;6.67;8.89;8.1;2.5.0
2026-08-22;CzechRepublic_3CFL_GroupB;Mlada Boleslav B;Neratovice;77.77;IMM-ALTA-4;3;2026-08-21;CzechRepublic_3CFL_GroupB;CzechRepublic_3CFL_GroupB;CzechRepublic_3rdTier;PRO: attacco casa positivo | difesa trasferta vulnerabile | trend over recente casa | profilo over interno positivo | profilo over esterno positivo || CONTRO: ospite poco prolifico: rischio 1-0 / 2-0 | v22 monitora possibile sopravvalutazione weak_ga | trend over trasferta non forte | BTTS basso: possibile partita a senso unico;6.0;13.0;2.95;1.82;10.0;12.0;6.0;10.0;10.0;6.0;2.5.0
2026-08-22;Sweden_Division2_SodraSvealand;Ragsved;Sleipner;77.75;ALTA;18;2026-08-21;Sweden_Division2_SodraSvealand;Sweden_Division2_SodraSvealand;;PRO: attacco casa positivo | attacco trasferta positivo | difesa trasferta vulnerabile | difesa casa vulnerabile | trend over recente casa | trend over recente trasferta | profilo over interno positivo | profilo over esterno positivo | alta tendenza BTTS || CONTRO: v22 monitora possibile sopravvalutazione weak_ga;1.38;11.47;11.12;5.56;8.02;8.4;7.2;6.67;8.75;9.18;2.5.0
2026-08-22;Germany_Regionalliga_Sudwest;Offenbach;Mainz 2;77.73;IMM-ALTA-4;3;2026-08-21;Germany_Regionalliga_Sudwest;Germany_Regionalliga_Sudwest;;PRO: attacco casa positivo | attacco trasferta positivo | difesa trasferta vulnerabile | trend over recente trasferta | profilo over interno positivo | profilo over esterno positivo | alta tendenza BTTS || CONTRO: v22 monitora possibile sopravvalutazione weak_ga | trend over casa non forte;1.41;11.82;8.86;1.82;6.82;6.0;12.0;10.0;10.0;9.0;2.5.0
2026-08-22;Australia_WAStateLeague;Joondalup;Nedlands;77.72;ALTA;22;2026-08-21;Australia_WAStateLeague;Australia_WAStateLeague;;PRO: attacco casa positivo | attacco trasferta positivo | difesa casa vulnerabile | trend over recente casa | trend over recente trasferta | profilo over interno positivo | profilo over esterno positivo | alta tendenza BTTS || CONTRO: nessun contro rilevante;0.55;9.85;13.0;5.71;5.41;9.6;9.6;7.0;9.0;8.0;2.5.0
2026-08-22;Germany_Oberliga_SchleswigHolstein;Phonix Lubeck B;VfR Neumunster;77.71;IMM-ALTA-8;5;2026-08-21;Germany_Oberliga_SchleswigHolstein;Germany_Oberliga_SchleswigHolstein;;PRO: attacco casa positivo | attacco trasferta positivo | difesa casa vulnerabile | trend over recente casa | trend over recente trasferta | profilo over interno positivo | profilo over esterno positivo | alta tendenza BTTS || CONTRO: nessun contro rilevante || CONTRO V25: v25: sfida equilibrata di alta classifica (gap punti 1.0, gap PPG 0.25) con difesa trasferta sotto 1 gol subito a partita | v25 extra: difesa stagionale molto solida (0.75 GA per partita) | v25 extra: riduzione score molto alto per rischio gara tattica;0.8;13.0;13.0;8.0;3.41;12.0;9.0;10.0;10.0;10.5;2.5.0
2026-08-22;Australia_TasmaniaNorthernChampionship;Burnie Utd.;Launceston U21;77.68;ALTA;20;2026-08-21;Australia_TasmaniaNorthernChampionship;Australia_TasmaniaNorthernChampionship;;PRO: attacco casa positivo | attacco trasferta positivo | difesa trasferta vulnerabile | difesa casa vulnerabile | trend over recente casa | trend over recente trasferta | profilo over interno positivo || CONTRO: v22 monitora possibile sopravvalutazione weak_ga | profilo over esterno debole | BTTS basso: possibile partita a senso unico;1.71;13.0;9.85;8.0;9.09;8.4;8.4;8.0;5.56;5.67;2.5.0
2026-08-22;Austria_2Liga;SK Rapid 2;Floridsdorfer AC;77.67;IMM-ALTA-6;4;2026-08-21;Austria_2Liga;Austria_2Liga;;PRO: attacco trasferta positivo | difesa trasferta vulnerabile | trend over recente casa | trend over recente trasferta | profilo over interno positivo | profilo over esterno positivo | alta tendenza BTTS || CONTRO: attacco casa non dominante | v22 monitora possibile sopravvalutazione weak_ga;2.0;7.88;9.85;4.85;9.09;8.0;8.0;10.0;10.0;8.0;2.5.0
2026-08-22;Australia_NSWLeagueOne;Hakoah Sydney;Newcastle Jets U23;77.66;ALTA;31;2026-08-21;Australia_NSWLeagueOne;Australia_NSWLeagueOne;;PRO: attacco casa positivo | attacco trasferta positivo | difesa trasferta vulnerabile | difesa casa vulnerabile | trend over recente trasferta | profilo over interno positivo | alta tendenza BTTS || CONTRO: v22 monitora possibile sopravvalutazione weak_ga | trend over casa non forte | profilo over esterno debole;2.8;12.03;10.55;5.97;9.9;6.0;8.4;6.43;5.71;9.86;2.5.0
2026-08-22;Sweden_Division2_Norrland;Friska Viljor;Storfors;77.53;ALTA;21;2026-08-21;Sweden_Division2_Norrland;Sweden_Division2_Norrland;;PRO: attacco casa positivo | difesa trasferta vulnerabile | difesa casa vulnerabile | trend over recente casa | trend over recente trasferta | profilo over interno positivo | profilo over esterno positivo | alta tendenza BTTS || CONTRO: ospite poco prolifico: rischio 1-0 / 2-0 | v22 monitora possibile sopravvalutazione weak_ga;1.0;11.82;8.44;6.23;10.0;7.2;9.6;6.67;7.14;9.43;2.5.0
2026-08-22;Germany_Oberliga_Bayern_Nord;Bayern Hof;Weiden;77.47;ALTA;8;2026-08-21;Germany_Oberliga_Bayern_Nord;Germany_Oberliga_Bayern_Nord;;PRO: attacco casa positivo | attacco trasferta positivo | difesa trasferta vulnerabile | trend over recente trasferta | profilo over esterno positivo | alta tendenza BTTS || CONTRO: v22 monitora possibile sopravvalutazione weak_ga | trend over casa non forte | profilo over interno debole;4.59;10.83;8.86;4.85;10.0;6.0;10.0;3.33;10.0;9.0;2.5.0
2026-08-22;Austria_Tirol;Munster;Absam;77.37;IMM-ALTA-6;4;2026-08-21;Austria_Tirol;Austria_Tirol;;PRO: attacco trasferta positivo | difesa trasferta vulnerabile | difesa casa vulnerabile | trend over recente casa | trend over recente trasferta | profilo over esterno positivo | alta tendenza BTTS || CONTRO: attacco casa non dominante | v22 monitora possibile sopravvalutazione weak_ga | profilo over interno debole;0.46;5.91;13.0;8.0;10.0;8.0;12.0;0.0;10.0;10.0;2.5.0
2026-08-22;Australia_NPLACT;Canberra Olympic;Brindabella;77.35;ALTA;25;2026-08-21;Australia_NPLACT;Australia_NPLACT;;PRO: attacco casa positivo | difesa trasferta vulnerabile | difesa casa vulnerabile | trend over recente casa | trend over recente trasferta | profilo over interno positivo | profilo over esterno positivo || CONTRO: ospite poco prolifico: rischio 1-0 / 2-0 | v22 monitora possibile sopravvalutazione weak_ga | BTTS basso: possibile partita a senso unico;0.67;11.26;3.84;8.0;10.0;10.8;8.4;10.0;8.0;6.39;2.5.0
2026-08-22;Australia_NPLWesternAustralia;Balcatta;Dianella White Eagle;77.34;ALTA;25;2026-08-21;Australia_NPLWesternAustralia;Australia_NPLWesternAustralia;;PRO: attacco casa positivo | attacco trasferta positivo | difesa trasferta vulnerabile | difesa casa vulnerabile | trend over recente casa | trend over recente trasferta | profilo over interno positivo | profilo over esterno positivo | alta tendenza BTTS || CONTRO: v22 monitora possibile sopravvalutazione weak_ga;2.18;8.6;9.57;8.0;9.09;7.2;9.6;7.0;8.0;8.1;2.5.0
2026-08-22;Iceland_Division_2;KFG Gardabaer;Kormakur/Hvot;77.32;ALTA;33;2026-08-21;Iceland_Division_2;Iceland_Division_2;;PRO: attacco casa positivo | attacco trasferta positivo | difesa trasferta vulnerabile | difesa casa vulnerabile | trend over recente casa | trend over recente trasferta | profilo over interno positivo | alta tendenza BTTS || CONTRO: v22 monitora possibile sopravvalutazione weak_ga | profilo over esterno debole;3.27;9.52;11.49;8.0;6.57;9.6;7.2;8.89;4.44;8.33;2.5.0
2026-08-22;Germany_Regionalliga_West;FC Gutersloh;Bergisch Gladbach;77.28;IMM-ALTA-6;4;2026-08-21;Germany_Regionalliga_West;Germany_Regionalliga_West;;PRO: attacco casa positivo | attacco trasferta positivo | difesa trasferta vulnerabile | trend over recente casa | trend over recente trasferta | profilo over interno positivo | profilo over esterno positivo | alta tendenza BTTS || CONTRO: v22 monitora possibile sopravvalutazione weak_ga;2.82;11.82;9.85;1.21;7.58;8.0;8.0;10.0;10.0;8.0;2.5.0
2026-08-22;Poland_IIILiga_Group4;Hetman Zamosc;Wislanie Skawina;77.23;IMM-ALTA-6;4;2026-08-21;Poland_IIILiga_Group4;Poland_IIILiga_Group4;;PRO: attacco casa positivo | attacco trasferta positivo | trend over recente casa | trend over recente trasferta | profilo over interno positivo | profilo over esterno positivo | alta tendenza BTTS || CONTRO: nessun contro rilevante;1.41;11.82;11.82;3.64;4.55;8.0;8.0;10.0;10.0;8.0;2.5.0
2026-08-22;Switzerland_PromotionLeague;Cham;Grand-Saconnex;77.23;IMM-ALTA-6;5;2026-08-21;Switzerland_PromotionLeague;Switzerland_PromotionLeague;;PRO: attacco trasferta positivo | difesa trasferta vulnerabile | trend over recente casa | trend over recente trasferta | profilo over esterno positivo | alta tendenza BTTS || CONTRO: attacco casa non dominante | v22 monitora possibile sopravvalutazione weak_ga | profilo over interno debole;0.92;7.88;13.0;4.85;7.58;8.0;12.0;5.0;10.0;8.0;2.5.0
2026-08-22;Germany_Oberliga_BadenWurttemberg;FC Holzhausen;1. FC Muhlhausen;77.18;IMM-ALTA-4;4;2026-08-21;Germany_Oberliga_BadenWurttemberg;Germany_Oberliga_BadenWurttemberg;;PRO: attacco casa positivo | attacco trasferta positivo | difesa trasferta vulnerabile | difesa casa vulnerabile | trend over recente trasferta | alta tendenza BTTS || CONTRO: v22 monitora possibile sopravvalutazione weak_ga | trend over casa non forte | profilo over interno debole | profilo over esterno debole;3.18;13.0;13.0;8.0;10.0;6.0;12.0;0.0;0.0;12.0;2.5.0
2026-08-22;Australia_NPLTasmania;Kingborough Lions;Launceston;76.97;ALTA;23;2026-08-21;Australia_NPLTasmania;Australia_NPLTasmania;;PRO: attacco casa positivo | attacco trasferta positivo | difesa trasferta vulnerabile | trend over recente casa | trend over recente trasferta | profilo over esterno positivo | alta tendenza BTTS || CONTRO: v22 monitora possibile sopravvalutazione weak_ga | profilo over interno debole;0.67;13.0;12.75;3.81;8.85;7.2;8.4;5.56;8.89;7.85;2.5.0
2026-08-22;Poland_IIILiga_Group1;Warta Sieradz;Zabki;76.62;IMM-ALTA-8;5;2026-08-21;Poland_IIILiga_Group1;Poland_IIILiga_Group1;;PRO: attacco casa positivo | difesa trasferta vulnerabile | trend over recente casa | profilo over interno positivo | profilo over esterno positivo | alta tendenza BTTS || CONTRO: ospite poco prolifico: rischio 1-0 / 2-0 | v22 monitora possibile sopravvalutazione weak_ga | trend over trasferta non forte;1.85;11.82;5.91;4.55;10.0;9.0;6.0;10.0;10.0;7.5;2.5.0
2026-08-22;FaroeIslands_1Deild;FC Suduroy;Runavik 2;76.58;ALTA;20;2026-08-21;FaroeIslands_1Deild;FaroeIslands_1Deild;;PRO: attacco casa positivo | difesa trasferta vulnerabile | difesa casa vulnerabile | trend over recente casa | trend over recente trasferta | profilo over interno positivo | alta tendenza BTTS || CONTRO: ospite poco prolifico: rischio 1-0 / 2-0 | v22 monitora possibile sopravvalutazione weak_ga | profilo over esterno debole;2.0;13.0;8.12;5.45;8.81;7.2;8.4;10.0;5.71;7.88;2.5.0
2026-08-22;Finland_Kakkonen_GroupA;Kiffen;HPS;76.43;ALTA;18;2026-08-21;Finland_Kakkonen_GroupA;Finland_Kakkonen_GroupA;;PRO: attacco casa positivo | attacco trasferta positivo | difesa trasferta vulnerabile | trend over recente trasferta | alta tendenza BTTS || CONTRO: v22 monitora possibile sopravvalutazione weak_ga | trend over casa non forte | profilo over interno debole | profilo over esterno debole;4.0;12.51;12.93;4.92;9.66;6.0;8.4;5.0;5.0;8.01;2.5.0
2026-08-22;Germany_Oberliga_Bayern_Sud;Pipinsried;Landshut;76.38;ALTA;7;2026-08-21;Germany_Oberliga_Bayern_Sud;Germany_Oberliga_Bayern_Sud;;PRO: attacco casa positivo | attacco trasferta positivo | trend over recente casa | profilo over interno positivo | profilo over esterno positivo || CONTRO: trend over trasferta non forte | BTTS basso: possibile partita a senso unico;0.35;13.0;11.82;4.24;5.3;12.0;6.0;10.0;6.67;7.0;2.5.0
2026-08-22;Iceland_Division_1;Kopavogur;Throttur;76.34;ALTA;30;2026-08-21;Iceland_Division_1;Iceland_Division_1;;PRO: attacco casa positivo | attacco trasferta positivo | difesa casa vulnerabile | trend over recente casa | profilo over interno positivo | profilo over esterno positivo | alta tendenza BTTS || CONTRO: trend over trasferta non forte;0.55;13.0;13.0;6.36;4.78;9.6;6.0;7.78;6.67;8.61;2.5.0
2026-08-22;Finland_Kolmonen_North;Ponkilan Pantterit;RoPo;76.09;ALTA;13;2026-08-21;Finland_Kolmonen_North;Finland_Kolmonen_North;;PRO: attacco trasferta positivo | difesa trasferta vulnerabile | difesa casa vulnerabile | trend over recente casa | trend over recente trasferta | profilo over interno positivo | profilo over esterno positivo || CONTRO: attacco casa non dominante | v22 monitora possibile sopravvalutazione weak_ga | BTTS basso: possibile partita a senso unico;2.67;3.76;12.41;8.0;7.73;9.6;9.6;10.0;6.0;6.33;2.5.0
2026-08-22;Austria_Regionalliga_North;LASK (Am);Ried (Am);76.0;IMM-ALTA-8;5;2026-08-21;Austria_Regionalliga_North;Austria_Regionalliga_North;;PRO: attacco casa positivo | attacco trasferta positivo | difesa casa vulnerabile | trend over recente casa | profilo over interno positivo | alta tendenza BTTS || CONTRO: trend over trasferta non forte | profilo over esterno debole;2.77;13.0;11.82;6.36;4.55;9.0;6.0;10.0;5.0;7.5;2.5.0
2026-08-22;Sweden_Division2_Norrland;Gottne;Skelleftea;75.8;ALTA;21;2026-08-21;Sweden_Division2_Norrland;Sweden_Division2_Norrland;;PRO: attacco casa positivo | attacco trasferta positivo | difesa casa vulnerabile | trend over recente casa | trend over recente trasferta | profilo over interno positivo | alta tendenza BTTS || CONTRO: profilo over esterno debole;2.5;12.86;13.0;7.49;2.94;9.6;8.4;7.5;3.75;7.76;2.5.0
2026-08-22;CzechRepublic_4Liga_GroupF;Kravare;Frydlant n. O.;75.73;IMM-ALTA-4;3;2026-08-21;CzechRepublic_4Liga_GroupF;CzechRepublic_4Liga_GroupF;CzechRepublic_4Liga;PRO: attacco casa positivo | difesa trasferta vulnerabile | trend over recente casa | profilo over interno positivo | profilo over esterno positivo || CONTRO: ospite poco prolifico: rischio 1-0 / 2-0 | v22 monitora possibile sopravvalutazione weak_ga | trend over trasferta non forte | BTTS basso: possibile partita a senso unico;6.0;13.0;0.0;3.64;9.09;12.0;6.0;10.0;10.0;6.0;2.5.0
2026-08-22;Georgia_ErovnuliLiga;Spaeri;Samgurali;75.61;IMM-ALTA-4;3;2026-08-21;Georgia_ErovnuliLiga;Georgia_ErovnuliLiga;;PRO: difesa trasferta vulnerabile | difesa casa vulnerabile | trend over recente trasferta | profilo over interno positivo | profilo over esterno positivo | alta tendenza BTTS || CONTRO: attacco casa non dominante | ospite poco prolifico: rischio 1-0 / 2-0 | v22 monitora possibile sopravvalutazione weak_ga | trend over casa non forte;1.33;5.91;5.91;5.45;10.0;6.0;12.0;10.0;10.0;9.0;2.5.0
2026-08-22;Finland_Kakkonen_GroupA;Union Plaani;Lahden Reipas;75.56;ALTA;18;2026-08-21;Finland_Kakkonen_GroupA;Finland_Kakkonen_GroupA;;PRO: attacco trasferta positivo | difesa trasferta vulnerabile | difesa casa vulnerabile | trend over recente trasferta | profilo over esterno positivo | alta tendenza BTTS || CONTRO: attacco casa non dominante | v22 monitora possibile sopravvalutazione weak_ga | trend over casa non forte | profilo over interno debole;2.67;5.91;12.19;8.0;8.81;4.8;9.6;5.71;10.0;7.88;2.5.0
2026-08-22;Austria_Tirol;SC Mils 05;SV Oberperfuss;75.54;IMM-ALTA-6;4;2026-08-21;Austria_Tirol;Austria_Tirol;;PRO: attacco trasferta positivo | difesa trasferta vulnerabile | difesa casa vulnerabile | trend over recente casa | trend over recente trasferta | profilo over interno positivo | profilo over esterno positivo | alta tendenza BTTS || CONTRO: attacco casa non dominante | v22 monitora possibile sopravvalutazione weak_ga;1.38;3.94;9.85;7.27;9.09;8.0;8.0;10.0;10.0;8.0;2.5.0
2026-08-22;Australia_WAStateLeague;Gwelup Croatia;Floreat Athena;75.52;ALTA;22;2026-08-21;Australia_WAStateLeague;Australia_WAStateLeague;;PRO: attacco casa positivo | attacco trasferta positivo | difesa casa vulnerabile | trend over recente casa | trend over recente trasferta | profilo over interno positivo | profilo over esterno positivo | alta tendenza BTTS || CONTRO: nessun contro rilevante;3.82;8.86;13.0;7.09;4.33;7.2;9.6;7.0;7.0;7.61;2.5.0
2026-08-22;Poland_IIILiga_Group2;Lipno Steszew;Sroda;75.48;IMM-ALTA-8;5;2026-08-21;Poland_IIILiga_Group2;Poland_IIILiga_Group2;;PRO: attacco trasferta positivo | difesa casa vulnerabile | trend over recente trasferta | profilo over interno positivo | profilo over esterno positivo | alta tendenza BTTS || CONTRO: attacco casa non dominante | trend over casa non forte;6.0;4.43;13.0;7.27;2.27;6.0;9.0;10.0;10.0;7.5;2.5.0
2026-08-22;Austria_Karnten;Saint Michael Lavanttal;KAC 1909;75.45;IMM-ALTA-6;5;2026-08-21;Austria_Karnten;Austria_Karnten;;PRO: attacco trasferta positivo | difesa casa vulnerabile | trend over recente casa | trend over recente trasferta | profilo over interno positivo | alta tendenza BTTS || CONTRO: attacco casa non dominante | profilo over esterno debole;5.54;7.88;13.0;8.0;3.03;12.0;8.0;10.0;0.0;8.0;2.5.0
2026-08-22;Finland_Kakkonen_GroupC;TP-47;Vaajakoski;75.2;ALTA;19;2026-08-21;Finland_Kakkonen_GroupC;Finland_Kakkonen_GroupC;;PRO: attacco trasferta positivo | difesa trasferta vulnerabile | difesa casa vulnerabile | trend over recente casa | trend over recente trasferta | profilo over interno positivo | profilo over esterno positivo | alta tendenza BTTS || CONTRO: attacco casa non dominante | v22 monitora possibile sopravvalutazione weak_ga;0.67;8.34;11.12;7.06;10.0;7.2;8.4;7.5;7.5;7.41;2.5.0
2026-08-22;Slovakia_2Liga;Galanta;Pohronie;74.93;MEDIA;5;2026-08-21;Slovakia_2Liga;Slovakia_2Liga;;PRO: attacco trasferta positivo | difesa trasferta vulnerabile | difesa casa vulnerabile | trend over recente trasferta | profilo over esterno positivo | alta tendenza BTTS || CONTRO: attacco casa non dominante | v22 monitora possibile sopravvalutazione weak_ga | trend over casa non forte | profilo over interno debole;4.0;1.48;13.0;8.0;7.95;6.0;12.0;5.0;10.0;7.5;2.5.0
2026-08-22;Sweden_Division2_SodraSvealand;Forward;Nacka FC;74.91;MEDIA;18;2026-08-21;Sweden_Division2_SodraSvealand;Sweden_Division2_SodraSvealand;;PRO: attacco casa positivo | difesa trasferta vulnerabile | trend over recente casa | trend over recente trasferta | profilo over interno positivo | profilo over esterno positivo || CONTRO: ospite poco prolifico: rischio 1-0 / 2-0 | v22 monitora possibile sopravvalutazione weak_ga | BTTS basso: possibile partita a senso unico;5.54;11.47;6.57;4.92;9.6;8.4;7.2;6.25;7.78;7.2;2.5.0
2026-08-22;Hungary_NBI;MTK Budapest;Nyiregyhaza;74.82;MEDIA;5;2026-08-21;Hungary_NBI;Hungary_NBI;;PRO: attacco casa positivo | difesa trasferta vulnerabile | difesa casa vulnerabile | trend over recente casa | trend over recente trasferta | profilo over interno positivo | alta tendenza BTTS || CONTRO: ospite poco prolifico: rischio 1-0 / 2-0 | v22 monitora possibile sopravvalutazione weak_ga | profilo over esterno debole;1.09;13.0;5.91;6.36;7.95;9.0;9.0;10.0;5.0;7.5;2.5.0
2026-08-22;Sweden_Division1_Sodra;Olympic;Tvaaker;74.77;MEDIA;20;2026-08-21;Sweden_Division1_Sodra;Sweden_Division1_Sodra;;PRO: attacco casa positivo | difesa trasferta vulnerabile | difesa casa vulnerabile | trend over recente casa | trend over recente trasferta | profilo over interno positivo | alta tendenza BTTS || CONTRO: ospite poco prolifico: rischio 1-0 / 2-0 | v22 monitora possibile sopravvalutazione weak_ga | profilo over esterno debole;0.8;9.39;7.88;6.2;7.07;9.6;10.8;8.89;5.56;8.59;2.5.0
2026-08-22;USA_MLSNextPro_EasternConference_SoutheastDivision;Atlanta United 2;Orlando City B;74.77;MEDIA;27;2026-08-21;USA_MLSNextPro_EasternConference_SoutheastDivision;USA_MLSNextPro_EasternConference_SoutheastDivision;;PRO: attacco casa positivo | attacco trasferta positivo | difesa trasferta vulnerabile | difesa casa vulnerabile | trend over recente casa | profilo over interno positivo | alta tendenza BTTS || CONTRO: v22 monitora possibile sopravvalutazione weak_ga | trend over trasferta non forte | profilo over esterno debole;1.71;12.08;10.34;5.85;8.52;8.4;6.0;8.33;5.38;8.15;2.5.0
2026-08-22;Portugal_LigaPortugal;Sporting;Alverca;74.74;MEDIA;3;2026-08-21;Portugal_LigaPortugal;Portugal_LigaPortugal;;PRO: attacco casa positivo | difesa trasferta vulnerabile | difesa casa vulnerabile | trend over recente casa | profilo over interno positivo | alta tendenza BTTS || CONTRO: ospite poco prolifico: rischio 1-0 / 2-0 | v22 monitora possibile sopravvalutazione weak_ga | trend over trasferta non forte | profilo over esterno debole;2.47;13.0;5.91;7.27;9.09;12.0;6.0;10.0;0.0;9.0;2.5.0
2026-08-22;Australia_TasmaniaNorthernChampionship;Ulverstone U21;Riverside Olympic U21;74.63;MEDIA;20;2026-08-21;Australia_TasmaniaNorthernChampionship;Australia_TasmaniaNorthernChampionship;;PRO: attacco casa positivo | difesa trasferta vulnerabile | difesa casa vulnerabile | trend over recente casa | trend over recente trasferta | profilo over interno positivo | profilo over esterno positivo || CONTRO: ospite poco prolifico: rischio 1-0 / 2-0 | v22 monitora possibile sopravvalutazione weak_ga | BTTS basso: possibile partita a senso unico;3.43;13.0;6.65;5.78;10.0;7.2;7.2;7.78;7.78;5.82;2.5.0
2026-08-22;Latvia_NakotnesLiga;Valmiera;Marupe;74.6;MEDIA;18;2026-08-21;Latvia_NakotnesLiga;Latvia_NakotnesLiga;;PRO: attacco casa positivo | attacco trasferta positivo | difesa trasferta vulnerabile | trend over recente casa | trend over recente trasferta | profilo over interno positivo | profilo over esterno positivo | alta tendenza BTTS || CONTRO: v22 monitora possibile sopravvalutazione weak_ga;1.85;13.0;9.73;3.18;6.95;8.4;9.6;8.33;6.25;7.3;2.5.0
2026-08-22;Iceland_1DeildWomen;KR Reykjavik;Fjardab/Hottur/Leiknir;74.57;MEDIA;18;2026-08-21;Iceland_1DeildWomen;Iceland_1DeildWomen;;PRO: attacco casa positivo | attacco trasferta positivo | difesa trasferta vulnerabile | trend over recente casa | trend over recente trasferta | profilo over interno positivo | alta tendenza BTTS || CONTRO: v22 monitora possibile sopravvalutazione weak_ga | profilo over esterno debole;3.33;13.0;9.71;4.68;7.14;9.6;8.4;7.14;4.29;7.29;2.5.0
2026-08-22;Iceland_1DeildWomen;UMF Selfoss;ÍA Akranes;74.51;MEDIA;18;2026-08-21;Iceland_1DeildWomen;Iceland_1DeildWomen;;PRO: attacco casa positivo | attacco trasferta positivo | difesa trasferta vulnerabile | difesa casa vulnerabile | trend over recente casa | trend over recente trasferta | profilo over esterno positivo | alta tendenza BTTS || CONTRO: v22 monitora possibile sopravvalutazione weak_ga | profilo over interno debole;1.33;11.82;12.21;5.45;7.27;7.2;9.6;4.29;7.5;7.83;2.5.0
2026-08-22;Denmark_2ndDivision;Middelfart;Nykobing;74.03;MEDIA;4;2026-08-21;Denmark_2ndDivision;Denmark_2ndDivision;;PRO: attacco casa positivo | attacco trasferta positivo | trend over recente casa | trend over recente trasferta | profilo over interno positivo | profilo over esterno positivo | alta tendenza BTTS || CONTRO: nessun contro rilevante || CONTRO V25: v25: sfida equilibrata di alta classifica (gap punti 0.0, gap PPG 0.00) con difesa casa sotto 1 gol subito a partita | v25 extra: difesa stagionale molto solida (0.67 GA per partita);0.55;13.0;13.0;2.42;6.06;8.0;12.0;10.0;10.0;8.0;2.5.0
2026-08-22;Finland_Kakkonen_GroupB;EPS;HJS;74.02;MEDIA;19;2026-08-21;Finland_Kakkonen_GroupB;Finland_Kakkonen_GroupB;;PRO: attacco casa positivo | attacco trasferta positivo | difesa casa vulnerabile | trend over recente casa | trend over recente trasferta | profilo over interno positivo | alta tendenza BTTS || CONTRO: profilo over esterno debole;0.67;12.86;10.43;5.56;5.88;9.6;8.4;7.5;5.0;8.12;2.5.0
2026-08-22;Belarus_PershayaLiga;BumProm Gomel;Din. Minsk 2;73.95;MEDIA;22;2026-08-21;Belarus_PershayaLiga;Belarus_PershayaLiga;;PRO: attacco casa positivo | attacco trasferta positivo | difesa trasferta vulnerabile | trend over recente casa | trend over recente trasferta | profilo over interno positivo | profilo over esterno positivo | alta tendenza BTTS || CONTRO: v22 monitora possibile sopravvalutazione weak_ga;1.41;11.23;9.95;5.09;7.18;8.4;8.4;7.0;6.67;8.62;2.5.0
2026-08-22;CzechRepublic_1Liga;Artis Brno;Sparta Praga;73.95;MEDIA;5;2026-08-21;CzechRepublic_1Liga;CzechRepublic_1Liga;;PRO: attacco trasferta positivo | difesa trasferta vulnerabile | difesa casa vulnerabile | trend over recente trasferta | profilo over interno positivo | alta tendenza BTTS || CONTRO: attacco casa non dominante | v22 monitora possibile sopravvalutazione weak_ga | trend over casa non forte | profilo over esterno debole;2.0;5.91;11.82;7.27;7.95;6.0;9.0;10.0;5.0;9.0;2.5.0
2026-08-22;Sweden_Division1_Sodra;Atvidaberg;Angelholm;73.92;MEDIA;20;2026-08-21;Sweden_Division1_Sodra;Sweden_Division1_Sodra;;PRO: attacco casa positivo | difesa trasferta vulnerabile | trend over recente casa | profilo over interno positivo | alta tendenza BTTS || CONTRO: ospite poco prolifico: rischio 1-0 / 2-0 | v22 monitora possibile sopravvalutazione weak_ga | trend over trasferta non forte | profilo over esterno debole;4.0;11.82;8.34;4.71;6.95;10.8;6.0;8.89;5.0;7.41;2.5.0
2026-08-22;Belarus_PershayaLiga;Minsk 2;Slutsk;73.86;MEDIA;22;2026-08-21;Belarus_PershayaLiga;Belarus_PershayaLiga;;PRO: attacco casa positivo | attacco trasferta positivo | difesa casa vulnerabile | trend over recente casa | profilo over interno positivo | profilo over esterno positivo | alta tendenza BTTS || CONTRO: trend over trasferta non forte;2.82;8.57;11.52;6.55;5.0;9.6;6.0;8.0;8.0;7.8;2.5.0
2026-08-22;Sweden_Division2_SodraGotaland;Oskarshamn;Linero IF;73.72;MEDIA;22;2026-08-21;Sweden_Division2_SodraGotaland;Sweden_Division2_SodraGotaland;;PRO: attacco casa positivo | attacco trasferta positivo | difesa trasferta vulnerabile | trend over recente trasferta | profilo over interno positivo | profilo over esterno positivo || CONTRO: v22 monitora possibile sopravvalutazione weak_ga | trend over casa non forte | BTTS basso: possibile partita a senso unico;0.92;13.0;11.47;4.06;6.95;6.0;9.6;6.25;8.75;6.71;2.5.0
2026-08-22;Iceland_1DeildWomen;Volsungur;Haukar;73.71;MEDIA;18;2026-08-21;Iceland_1DeildWomen;Iceland_1DeildWomen;;PRO: attacco casa positivo | attacco trasferta positivo | difesa trasferta vulnerabile | difesa casa vulnerabile | trend over recente casa | profilo over interno positivo | profilo over esterno positivo || CONTRO: v22 monitora possibile sopravvalutazione weak_ga | trend over trasferta non forte | BTTS basso: possibile partita a senso unico;4.0;8.86;10.24;7.01;7.88;8.4;6.0;7.14;7.14;7.03;2.5.0
2026-08-22;Peru_Liga2;Comerciantes;Minas;73.63;MEDIA;4;2026-08-21;Peru_Liga2;Peru_Liga2;;PRO: attacco trasferta positivo | difesa casa vulnerabile | trend over recente casa | trend over recente trasferta | profilo over interno positivo | alta tendenza BTTS || CONTRO: attacco casa non dominante | profilo over esterno debole;2.14;7.88;13.0;6.06;4.55;8.0;12.0;10.0;0.0;10.0;2.5.0
2026-08-22;Poland_IIILiga_Group3;BKS Sparta Katowice;Sleza Wroclaw;73.6;MEDIA;5;2026-08-21;Poland_IIILiga_Group3;Poland_IIILiga_Group3;;PRO: difesa trasferta vulnerabile | trend over recente trasferta | profilo over interno positivo | profilo over esterno positivo | alta tendenza BTTS || CONTRO: attacco casa non dominante | ospite poco prolifico: rischio 1-0 / 2-0 | v22 monitora possibile sopravvalutazione weak_ga | trend over casa non forte;3.69;7.39;7.39;3.64;10.0;6.0;9.0;10.0;7.5;9.0;2.5.0
2026-08-22;Finland_Kolmonen_Eastern_Group2;Ylämyllyn Yllätys;Zulimanit;73.5;MEDIA;18;2026-08-21;Finland_Kolmonen_Eastern_Group2;Finland_Kolmonen_Eastern_Group2;;PRO: attacco casa positivo | difesa trasferta vulnerabile | difesa casa vulnerabile | trend over recente trasferta | profilo over interno positivo | profilo over esterno positivo | alta tendenza BTTS || CONTRO: ospite poco prolifico: rischio 1-0 / 2-0 | v22 monitora possibile sopravvalutazione weak_ga | trend over casa non forte;2.57;11.82;8.12;7.73;8.81;6.0;7.2;6.25;7.5;7.5;2.5.0
2026-08-22;Denmark_3rdDivision;Vanløse;Ringsted;73.3;MEDIA;4;2026-08-21;Denmark_3rdDivision;Denmark_3rdDivision;;PRO: attacco casa positivo | difesa trasferta vulnerabile | trend over recente casa | trend over recente trasferta | profilo over interno positivo | alta tendenza BTTS || CONTRO: ospite poco prolifico: rischio 1-0 / 2-0 | v22 monitora possibile sopravvalutazione weak_ga | profilo over esterno debole;2.73;11.82;5.91;4.85;10.0;12.0;8.0;10.0;0.0;8.0;2.5.0
2026-08-22;Sweden_Division2_Norrland;IFK Lulea;Kubikenborgs IF;73.26;MEDIA;21;2026-08-21;Sweden_Division2_Norrland;Sweden_Division2_Norrland;;PRO: attacco casa positivo | attacco trasferta positivo | trend over recente casa | trend over recente trasferta | profilo over esterno positivo | alta tendenza BTTS || CONTRO: profilo over interno debole;0.5;13.0;11.82;4.71;6.25;7.2;9.6;5.56;6.25;8.38;2.5.0
2026-08-22;Armenia_PremierLeague;Shirak;Urartu;73.15;MEDIA;5;2026-08-21;Armenia_PremierLeague;Armenia_PremierLeague;;PRO: attacco trasferta positivo | trend over recente trasferta | profilo over interno positivo | profilo over esterno positivo || CONTRO: attacco casa non dominante | trend over casa non forte | BTTS basso: possibile partita a senso unico;0.55;7.88;11.82;4.85;6.06;4.0;12.0;10.0;10.0;6.0;2.5.0
2026-08-22;Netherlands_EersteDivisie;Breda;Jong Ajax;72.94;MEDIA;3;2026-08-21;Netherlands_EersteDivisie;Netherlands_EersteDivisie;;PRO: attacco trasferta positivo | difesa trasferta vulnerabile | difesa casa vulnerabile | trend over recente trasferta | profilo over esterno positivo | alta tendenza BTTS || CONTRO: attacco casa non dominante | v22 monitora possibile sopravvalutazione weak_ga | trend over casa non forte | profilo over interno debole;1.58;5.91;13.0;5.45;10.0;6.0;12.0;0.0;10.0;9.0;2.5.0
2026-08-22;Belarus_PershayaLiga;Osipovichi;SKA-1938;72.86;MEDIA;22;2026-08-21;Belarus_PershayaLiga;Belarus_PershayaLiga;;PRO: attacco trasferta positivo | difesa casa vulnerabile | trend over recente casa | trend over recente trasferta | profilo over interno positivo || CONTRO: attacco casa non dominante | profilo over esterno debole | BTTS basso: possibile partita a senso unico;5.29;6.5;12.11;8.0;5.45;7.2;8.4;8.0;5.0;6.9;2.5.0
2026-08-22;Slovakia_2Liga;Lehota p. V.;S. Bratislava B;72.79;MEDIA;5;2026-08-21;Slovakia_2Liga;Slovakia_2Liga;;PRO: attacco casa positivo | attacco trasferta positivo | difesa trasferta vulnerabile | difesa casa vulnerabile | trend over recente trasferta | profilo over esterno positivo | alta tendenza BTTS || CONTRO: v22 monitora possibile sopravvalutazione weak_ga | trend over casa non forte | profilo over interno debole;1.2;11.82;8.86;5.45;7.95;6.0;9.0;5.0;10.0;7.5;2.5.0
2026-08-22;Poland_Division1;Polonia B.;Grodzisk M.;72.74;MEDIA;5;2026-08-21;Poland_Division1;Poland_Division1;;PRO: attacco casa positivo | attacco trasferta positivo | difesa casa vulnerabile | trend over recente casa | profilo over interno positivo | alta tendenza BTTS || CONTRO: trend over trasferta non forte | profilo over esterno debole;4.24;13.0;8.86;8.0;1.14;12.0;3.0;10.0;5.0;7.5;2.5.0
2026-08-22;CzechRepublic_4Liga_GroupE;Holesov;Batov;72.73;MEDIA;3;2026-08-21;CzechRepublic_4Liga_GroupE;CzechRepublic_4Liga_GroupE;CzechRepublic_4Liga;PRO: attacco casa positivo | difesa trasferta vulnerabile | trend over recente casa | profilo over interno positivo | profilo over esterno positivo || CONTRO: ospite poco prolifico: rischio 1-0 / 2-0 | v22 monitora possibile sopravvalutazione weak_ga | trend over trasferta non forte | BTTS basso: possibile partita a senso unico;6.0;13.0;0.0;3.64;9.09;12.0;6.0;10.0;10.0;3.0;2.5.0
2026-08-22;Australia_NSWLeagueOne;Hills United;Rydalmere Lions;72.64;MEDIA;31;2026-08-21;Australia_NSWLeagueOne;Australia_NSWLeagueOne;;PRO: attacco casa positivo | difesa trasferta vulnerabile | difesa casa vulnerabile | trend over recente casa | trend over recente trasferta | profilo over interno positivo | profilo over esterno positivo | alta tendenza BTTS || CONTRO: ospite poco prolifico: rischio 1-0 / 2-0 | v22 monitora possibile sopravvalutazione weak_ga;0.8;10.76;8.23;5.71;6.66;10.8;7.2;7.69;6.43;8.36;2.5.0
2026-08-22;Finland_Kakkonen_GroupA;PEPO;HIFK;72.64;MEDIA;18;2026-08-21;Finland_Kakkonen_GroupA;Finland_Kakkonen_GroupA;;PRO: attacco casa positivo | attacco trasferta positivo | difesa trasferta vulnerabile | trend over recente casa | trend over recente trasferta | profilo over interno positivo | alta tendenza BTTS || CONTRO: v22 monitora possibile sopravvalutazione weak_ga | profilo over esterno debole;1.33;11.08;12.56;3.86;7.95;7.2;8.4;7.5;3.75;9.0;2.5.0
2026-08-22;Australia_NPLWesternAustralia;Perth Azzurri;Sorrento;72.52;MEDIA;25;2026-08-21;Australia_NPLWesternAustralia;Australia_NPLWesternAustralia;;PRO: attacco casa positivo | difesa trasferta vulnerabile | difesa casa vulnerabile | trend over recente casa | profilo over interno positivo | alta tendenza BTTS || CONTRO: ospite poco prolifico: rischio 1-0 / 2-0 | v22 monitora possibile sopravvalutazione weak_ga | trend over trasferta non forte | profilo over esterno debole;2.73;13.0;5.91;7.27;8.44;9.6;6.0;7.0;4.0;8.57;2.5.0
2026-08-22;Moldova_SuperLiga;Balti;Zimbru;72.47;MEDIA;9;2026-08-21;Moldova_SuperLiga;Moldova_SuperLiga;;PRO: attacco trasferta positivo | difesa casa vulnerabile | trend over recente casa | trend over recente trasferta | profilo over interno positivo || CONTRO: attacco casa non dominante | profilo over esterno debole | BTTS basso: possibile partita a senso unico;5.14;5.91;12.56;8.0;5.11;9.0;7.5;7.5;5.0;6.75;2.5.0
2026-08-22;Bulgaria_VtoraLiga;Rilski Sportist;Montana;72.41;MEDIA;3;2026-08-21;Bulgaria_VtoraLiga;Bulgaria_VtoraLiga;;PRO: attacco casa positivo | attacco trasferta positivo | difesa trasferta vulnerabile | difesa casa vulnerabile | profilo over interno positivo | profilo over esterno positivo | alta tendenza BTTS || CONTRO: v22 monitora possibile sopravvalutazione weak_ga | trend over casa non forte | trend over trasferta non forte;1.41;8.86;8.86;5.45;6.82;6.0;6.0;10.0;10.0;9.0;2.5.0
2026-08-22;Germany_Oberliga_Hessen;Alzenau;Hummetroth;72.22;MEDIA;5;2026-08-21;Germany_Oberliga_Hessen;Germany_Oberliga_Hessen;;PRO: difesa trasferta vulnerabile | difesa casa vulnerabile | trend over recente casa | trend over recente trasferta | profilo over esterno positivo | alta tendenza BTTS || CONTRO: attacco casa non dominante | ospite poco prolifico: rischio 1-0 / 2-0 | v22 monitora possibile sopravvalutazione weak_ga | profilo over interno debole;1.06;7.39;5.91;6.36;10.0;9.0;12.0;0.0;10.0;10.5;2.5.0
2026-08-22;CzechRepublic_4Liga_GroupA;Horovice;Taborsko akademie;71.96;MEDIA;3;2026-08-21;CzechRepublic_4Liga_GroupA;CzechRepublic_4Liga_GroupA;CzechRepublic_4Liga;PRO: attacco casa positivo | attacco trasferta positivo | difesa casa vulnerabile | trend over recente casa | profilo over interno positivo | alta tendenza BTTS || CONTRO: trend over trasferta non forte | profilo over esterno debole;3.6;11.82;11.82;5.45;2.27;12.0;6.0;10.0;0.0;9.0;2.5.0
2026-08-22;Finland_Ykkonen;SalPa;OLS Oulu;71.92;MEDIA;23;2026-08-21;Finland_Ykkonen;Finland_Ykkonen;;PRO: attacco casa positivo | attacco trasferta positivo | difesa trasferta vulnerabile | difesa casa vulnerabile | trend over recente casa | trend over recente trasferta | profilo over interno positivo | alta tendenza BTTS || CONTRO: v22 monitora possibile sopravvalutazione weak_ga | profilo over esterno debole;1.64;10.05;11.82;6.0;6.82;7.2;9.6;6.0;5.0;7.8;2.5.0
2026-08-22;Germany_Oberliga_Bayern_Sud;Geretsried;Pfaffenhofen;71.7;MEDIA;7;2026-08-21;Germany_Oberliga_Bayern_Sud;Germany_Oberliga_Bayern_Sud;;PRO: attacco casa positivo | attacco trasferta positivo | difesa trasferta vulnerabile | difesa casa vulnerabile | trend over recente casa | trend over recente trasferta | profilo over interno positivo | profilo over esterno positivo || CONTRO: v22 monitora possibile sopravvalutazione weak_ga | BTTS basso: possibile partita a senso unico;2.12;8.86;10.64;7.88;7.27;8.0;7.2;6.67;6.67;6.4;2.5.0
2026-08-22;Australia_VictoriaPremierLeague;North Sunshine Eagles;Brunswick City;71.48;MEDIA;27;2026-08-21;Australia_VictoriaPremierLeague;Australia_VictoriaPremierLeague;;PRO: attacco trasferta positivo | difesa trasferta vulnerabile | difesa casa vulnerabile | trend over recente trasferta | profilo over esterno positivo | alta tendenza BTTS || CONTRO: attacco casa non dominante | v22 monitora possibile sopravvalutazione weak_ga | trend over casa non forte | profilo over interno debole;2.77;7.39;12.8;6.06;8.52;6.0;9.6;4.17;6.67;7.5;2.5.0
2026-08-22;Austria_Tirol;SC Kundl;Telfs;71.47;MEDIA;4;2026-08-21;Austria_Tirol;Austria_Tirol;;PRO: attacco casa positivo | attacco trasferta positivo | difesa trasferta vulnerabile | trend over recente casa | profilo over interno positivo || CONTRO: v22 monitora possibile sopravvalutazione weak_ga | trend over trasferta non forte | profilo over esterno debole | BTTS basso: possibile partita a senso unico;4.15;13.0;8.86;3.64;6.82;12.0;6.0;10.0;0.0;7.0;2.5.0
2026-08-22;Finland_Ykkonen;Inter Turku 2;TPV;71.3;MEDIA;23;2026-08-21;Finland_Ykkonen;Finland_Ykkonen;;PRO: attacco casa positivo | attacco trasferta positivo | difesa trasferta vulnerabile | difesa casa vulnerabile | trend over recente trasferta | profilo over esterno positivo | alta tendenza BTTS || CONTRO: v22 monitora possibile sopravvalutazione weak_ga | trend over casa non forte | profilo over interno debole;0.55;9.45;8.57;8.0;8.64;6.0;8.4;5.0;8.0;8.7;2.5.0
2026-08-22;Finland_Kakkonen_GroupB;GrIFK;Ilves 2;71.26;MEDIA;19;2026-08-21;Finland_Kakkonen_GroupB;Finland_Kakkonen_GroupB;;PRO: attacco trasferta positivo | difesa trasferta vulnerabile | difesa casa vulnerabile | trend over recente casa | trend over recente trasferta | profilo over esterno positivo | alta tendenza BTTS || CONTRO: attacco casa non dominante | v22 monitora possibile sopravvalutazione weak_ga | profilo over interno debole;1.33;6.95;13.0;6.42;7.1;7.2;9.6;3.75;7.5;8.4;2.5.0
2026-08-22;Australia_NSWLeagueOne;Bankstown City Lions;Prospect United;71.25;MEDIA;31;2026-08-21;Australia_NSWLeagueOne;Australia_NSWLeagueOne;;PRO: attacco casa positivo | difesa trasferta vulnerabile | difesa casa vulnerabile | trend over recente casa | profilo over interno positivo | profilo over esterno positivo | alta tendenza BTTS || CONTRO: ospite poco prolifico: rischio 1-0 / 2-0 | v22 monitora possibile sopravvalutazione weak_ga | trend over trasferta non forte;4.8;10.8;6.12;5.52;7.63;8.4;4.8;7.33;7.86;8.0;2.5.0
2026-08-22;Paraguay_DivisionIntermedia;Independiente F.B.C.;General Caballero JLM;71.25;MEDIA;3;2026-08-21;Paraguay_DivisionIntermedia;Paraguay_DivisionIntermedia;;PRO: attacco casa positivo | attacco trasferta positivo | trend over recente trasferta | profilo over esterno positivo | alta tendenza BTTS || CONTRO: trend over casa non forte | profilo over interno debole;1.2;8.86;13.0;3.64;4.55;6.0;12.0;0.0;10.0;12.0;2.5.0
2026-08-22;Sweden_Division2_SodraSvealand;Syrianska;Smedby;71.23;MEDIA;18;2026-08-21;Sweden_Division2_SodraSvealand;Sweden_Division2_SodraSvealand;;PRO: attacco casa positivo | attacco trasferta positivo | difesa casa vulnerabile | trend over recente casa | profilo over interno positivo || CONTRO: trend over trasferta non forte | profilo over esterno debole | BTTS basso: possibile partita a senso unico;3.23;8.69;11.47;8.0;5.88;10.8;3.6;8.75;3.75;7.06;2.5.0
2026-08-22;CzechRepublic_4Liga_GroupD;Bystrc;Znojmo;71.0;MEDIA;3;2026-08-21;CzechRepublic_4Liga_GroupD;CzechRepublic_4Liga_GroupD;CzechRepublic_4Liga;PRO: attacco casa positivo | difesa casa vulnerabile | trend over recente casa | profilo over interno positivo | alta tendenza BTTS || CONTRO: ospite poco prolifico: rischio 1-0 / 2-0 | trend over trasferta non forte | profilo over esterno debole;6.0;11.82;5.91;8.0;2.27;12.0;6.0;10.0;0.0;9.0;2.5.0
2026-08-22;Japan_J1League;Hiroshima;Kawasaki;70.97;MEDIA;3;2026-08-21;Japan_J1League;Japan_J1League;;PRO: attacco casa positivo | attacco trasferta positivo | difesa trasferta vulnerabile | trend over recente casa | profilo over interno positivo | alta tendenza BTTS || CONTRO: v22 monitora possibile sopravvalutazione weak_ga | trend over trasferta non forte | profilo over esterno debole;3.47;13.0;8.86;1.82;6.82;12.0;6.0;10.0;0.0;9.0;2.5.0
2026-08-22;Hungary_NBI;Vasas;Puskas Academy;70.91;MEDIA;5;2026-08-21;Hungary_NBI;Hungary_NBI;;PRO: attacco casa positivo | attacco trasferta positivo | difesa trasferta vulnerabile | trend over recente casa | profilo over interno positivo || CONTRO: v22 monitora possibile sopravvalutazione weak_ga | trend over trasferta non forte | profilo over esterno debole | BTTS basso: possibile partita a senso unico;0.55;13.0;11.82;2.73;6.82;9.0;6.0;10.0;5.0;6.0;2.5.0
2026-08-22;Austria_Niederosterreich;Hohenau;Wiener Neustadt;70.87;MEDIA;3;2026-08-21;Austria_Niederosterreich;Austria_Niederosterreich;;PRO: attacco casa positivo | attacco trasferta positivo | difesa trasferta vulnerabile | trend over recente trasferta | profilo over esterno positivo | alta tendenza BTTS || CONTRO: v22 monitora possibile sopravvalutazione weak_ga | trend over casa non forte | profilo over interno debole;1.6;11.82;11.82;1.82;6.82;6.0;12.0;0.0;10.0;9.0;2.5.0
2026-08-22;Germany_Oberliga_Bayern_Sud;Schwabmunchen;Schalding;70.71;MEDIA;7;2026-08-21;Germany_Oberliga_Bayern_Sud;Germany_Oberliga_Bayern_Sud;;PRO: attacco trasferta positivo | difesa trasferta vulnerabile | difesa casa vulnerabile | trend over recente casa | trend over recente trasferta | profilo over interno positivo | alta tendenza BTTS || CONTRO: attacco casa non dominante | v22 monitora possibile sopravvalutazione weak_ga | profilo over esterno debole;0.71;4.92;8.86;7.88;10.0;8.0;8.0;10.0;3.33;9.0;2.5.0
2026-08-22;Finland_Kolmonen_Eastern_Group3;LAUTP/2;HaPK;70.49;MEDIA;18;2026-08-21;Finland_Kolmonen_Eastern_Group3;Finland_Kolmonen_Eastern_Group3;;PRO: attacco trasferta positivo | difesa trasferta vulnerabile | difesa casa vulnerabile | trend over recente casa | trend over recente trasferta | profilo over esterno positivo || CONTRO: attacco casa non dominante | v22 monitora possibile sopravvalutazione weak_ga | profilo over interno debole | BTTS basso: possibile partita a senso unico;3.82;2.76;13.0;8.0;8.48;7.2;10.8;3.33;7.5;5.6;2.5.0
2026-08-22;Bolivia_DivisionProfesional;Oriente Petrolero;SA Bulo Bulo;70.33;MEDIA;20;2026-08-21;Bolivia_DivisionProfesional;Bolivia_DivisionProfesional;;PRO: attacco casa positivo | difesa trasferta vulnerabile | trend over recente casa | trend over recente trasferta | profilo over esterno positivo | alta tendenza BTTS || CONTRO: ospite poco prolifico: rischio 1-0 / 2-0 | v22 monitora possibile sopravvalutazione weak_ga | profilo over interno debole;3.2;9.85;7.09;4.85;8.48;9.6;7.2;5.71;7.14;7.2;2.5.0
2026-08-22;Sweden_Division2_NorraSvealand;Bollstanas;Taby;70.26;MEDIA;19;2026-08-21;Sweden_Division2_NorraSvealand;Sweden_Division2_NorraSvealand;;PRO: attacco casa positivo | attacco trasferta positivo | difesa casa vulnerabile | trend over recente casa | trend over recente trasferta | profilo over esterno positivo | alta tendenza BTTS || CONTRO: profilo over interno debole;0.92;12.17;10.78;5.99;4.55;8.4;7.2;5.0;7.5;7.76;2.5.0
2026-08-22;Sweden_Division2_SodraGotaland;Karlskrona;Vaxjo Norra;70.24;MEDIA;22;2026-08-21;Sweden_Division2_SodraGotaland;Sweden_Division2_SodraGotaland;;PRO: attacco casa positivo | trend over recente casa | trend over recente trasferta | profilo over esterno positivo | alta tendenza BTTS || CONTRO: ospite poco prolifico: rischio 1-0 / 2-0 | profilo over interno debole;2.77;13.0;7.99;3.85;6.42;9.6;7.2;5.0;7.0;7.41;2.5.0
2026-08-22;Australia_NPLWesternAustralia;Stirling Macedonia;Western Knights;70.18;MEDIA;25;2026-08-21;Australia_NPLWesternAustralia;Australia_NPLWesternAustralia;;PRO: attacco casa positivo | attacco trasferta positivo | difesa trasferta vulnerabile | difesa casa vulnerabile | trend over recente trasferta | profilo over interno positivo | profilo over esterno positivo | alta tendenza BTTS || CONTRO: v22 monitora possibile sopravvalutazione weak_ga | trend over casa non forte;0.55;10.41;10.41;6.41;8.01;6.0;8.4;6.0;6.0;8.0;2.5.0
2026-08-22;Sweden_Division1_Sodra;Utsikten;Eskilsminne;70.16;MEDIA;20;2026-08-21;Sweden_Division1_Sodra;Sweden_Division1_Sodra;;PRO: attacco trasferta positivo | difesa trasferta vulnerabile | difesa casa vulnerabile | trend over recente casa | trend over recente trasferta | profilo over interno positivo | profilo over esterno positivo || CONTRO: attacco casa non dominante | v22 monitora possibile sopravvalutazione weak_ga | BTTS basso: possibile partita a senso unico;3.2;4.52;9.73;8.0;7.75;7.2;8.4;6.25;8.75;6.35;2.5.0
2026-08-22;Sweden_Division2_NorraGotaland;Grebbestad;Stenungsunds;70.15;MEDIA;20;2026-08-21;Sweden_Division2_NorraGotaland;Sweden_Division2_NorraGotaland;;PRO: attacco casa positivo | attacco trasferta positivo | difesa casa vulnerabile | trend over recente casa | trend over recente trasferta | alta tendenza BTTS || CONTRO: profilo over interno debole | profilo over esterno debole;0.46;10.78;11.16;5.35;6.06;9.6;8.4;5.56;5.56;7.24;2.5.0
2026-08-22;Austria_Karnten;SGA Sirnitz;SC Landskron;70.01;MEDIA;5;2026-08-21;Austria_Karnten;Austria_Karnten;;PRO: attacco trasferta positivo | difesa casa vulnerabile | trend over recente casa | profilo over esterno positivo | alta tendenza BTTS || CONTRO: attacco casa non dominante | trend over trasferta non forte | profilo over interno debole;2.77;5.91;13.0;7.27;6.06;8.0;4.0;5.0;10.0;8.0;2.5.0
2026-08-22;Poland_Ekstraklasa;Piast;Legia;69.91;MEDIA;5;2026-08-21;Poland_Ekstraklasa;Poland_Ekstraklasa;;PRO: attacco casa positivo | attacco trasferta positivo | difesa casa vulnerabile | trend over recente casa | profilo over interno positivo || CONTRO: trend over trasferta non forte | profilo over esterno debole | BTTS basso: possibile partita a senso unico;5.29;10.34;13.0;8.0;2.27;9.0;6.0;10.0;0.0;6.0;2.5.0
2026-08-22;SouthKorea_KLeague2;Suwon FC;Gimhae;69.91;MEDIA;23;2026-08-21;SouthKorea_KLeague2;SouthKorea_KLeague2;;PRO: attacco casa positivo | difesa trasferta vulnerabile | trend over recente casa | profilo over interno positivo | alta tendenza BTTS || CONTRO: ospite poco prolifico: rischio 1-0 / 2-0 | v22 monitora possibile sopravvalutazione weak_ga | trend over trasferta non forte | profilo over esterno debole;4.88;12.11;5.02;4.73;8.64;9.6;4.8;7.5;3.64;9.0;2.5.0
2026-08-22;CzechRepublic_4Liga_GroupE;SK Krumvir;Brumov;69.82;MEDIA;3;2026-08-21;CzechRepublic_4Liga_GroupE;CzechRepublic_4Liga_GroupE;CzechRepublic_4Liga;PRO: attacco casa positivo | difesa trasferta vulnerabile | trend over recente casa | profilo over interno positivo || CONTRO: ospite poco prolifico: rischio 1-0 / 2-0 | v22 monitora possibile sopravvalutazione weak_ga | trend over trasferta non forte | profilo over esterno debole | BTTS basso: possibile partita a senso unico;6.0;13.0;5.91;1.82;9.09;12.0;6.0;10.0;0.0;6.0;2.5.0
2026-08-22;Hungary_NBII;Gyirmot;Kecskemeti;69.63;MEDIA;5;2026-08-21;Hungary_NBII;Hungary_NBII;;PRO: attacco casa positivo | trend over recente casa | profilo over interno positivo | alta tendenza BTTS || CONTRO: ospite poco prolifico: rischio 1-0 / 2-0 | trend over trasferta non forte | profilo over esterno debole;1.2;11.82;7.39;4.55;5.68;9.0;6.0;10.0;5.0;9.0;2.5.0
2026-08-22;Germany_Oberliga_Hessen;Hanauer SC;VfB Marburg;69.47;MEDIA;5;2026-08-21;Germany_Oberliga_Hessen;Germany_Oberliga_Hessen;;PRO: attacco casa positivo | attacco trasferta positivo | difesa casa vulnerabile | trend over recente casa | profilo over interno positivo | alta tendenza BTTS || CONTRO: trend over trasferta non forte | profilo over esterno debole;1.06;13.0;8.86;8.0;4.55;9.0;6.0;10.0;0.0;9.0;2.5.0
2026-08-22;Finland_Kolmonen_Western_Group1;IFK 2;PIF;69.44;MEDIA;17;2026-08-21;Finland_Kolmonen_Western_Group1;Finland_Kolmonen_Western_Group1;;PRO: attacco casa positivo | attacco trasferta positivo | trend over recente casa | trend over recente trasferta | profilo over interno positivo | profilo over esterno positivo || CONTRO: BTTS basso: possibile partita a senso unico;1.09;13.0;11.82;3.39;4.55;7.2;7.2;7.5;6.67;7.03;2.5.0
2026-08-22;Australia_NPLACT;Queanbeyan City;O'Connor Knights;69.31;MEDIA;25;2026-08-21;Australia_NPLACT;Australia_NPLACT;;PRO: attacco casa positivo | difesa trasferta vulnerabile | difesa casa vulnerabile | trend over recente casa | profilo over interno positivo | alta tendenza BTTS || CONTRO: ospite poco prolifico: rischio 1-0 / 2-0 | v22 monitora possibile sopravvalutazione weak_ga | trend over trasferta non forte | profilo over esterno debole;0.67;12.75;7.46;5.36;9.09;10.8;4.8;7.78;3.33;7.26;2.5.0
2026-08-22;Japan_J1League;Kyoto;Mito;69.18;MEDIA;3;2026-08-21;Japan_J1League;Japan_J1League;;PRO: attacco casa positivo | difesa trasferta vulnerabile | difesa casa vulnerabile | trend over recente casa | profilo over esterno positivo | alta tendenza BTTS || CONTRO: ospite poco prolifico: rischio 1-0 / 2-0 | v22 monitora possibile sopravvalutazione weak_ga | trend over trasferta non forte | profilo over interno debole;0.32;8.86;5.91;7.27;6.82;12.0;6.0;0.0;10.0;12.0;2.5.0
2026-08-22;Poland_IIILiga_Group4;Jaroslaw;Biala Podlaska;69.18;MEDIA;4;2026-08-21;Poland_IIILiga_Group4;Poland_IIILiga_Group4;;PRO: attacco casa positivo | attacco trasferta positivo | difesa casa vulnerabile | trend over recente casa | profilo over interno positivo | alta tendenza BTTS || CONTRO: trend over trasferta non forte | profilo over esterno debole;3.18;9.85;9.85;7.27;3.03;12.0;4.0;10.0;0.0;10.0;2.5.0
2026-08-22;Wales_CymruNorth;Llanuwchllyn;Rhyl;68.95;MEDIA;3;2026-08-21;Wales_CymruNorth;Wales_CymruNorth;Wales_CymruTier2;PRO: attacco trasferta positivo | difesa trasferta vulnerabile | difesa casa vulnerabile | trend over recente casa | profilo over interno positivo || CONTRO: attacco casa non dominante | v22 monitora possibile sopravvalutazione weak_ga | trend over trasferta non forte | profilo over esterno debole | BTTS basso: possibile partita a senso unico;2.4;5.91;11.82;8.0;6.82;12.0;6.0;10.0;0.0;6.0;2.5.0
2026-08-22;Australia_VictoriaPremierLeague;Port Melbourne Sharks;Eltham Redbacks;68.92;MEDIA;27;2026-08-21;Australia_VictoriaPremierLeague;Australia_VictoriaPremierLeague;;PRO: attacco trasferta positivo | difesa trasferta vulnerabile | difesa casa vulnerabile | trend over recente trasferta | profilo over esterno positivo || CONTRO: attacco casa non dominante | v22 monitora possibile sopravvalutazione weak_ga | trend over casa non forte | profilo over interno debole | BTTS basso: possibile partita a senso unico;4.15;3.2;13.0;8.0;7.27;4.8;8.4;5.83;7.69;6.57;2.5.0
2026-08-22;Germany_Regionalliga_Bayern;Vilzing;Schweinfurt;68.89;MEDIA;6;2026-08-21;Germany_Regionalliga_Bayern;Germany_Regionalliga_Bayern;;PRO: attacco casa positivo | attacco trasferta positivo | difesa trasferta vulnerabile | trend over recente trasferta | alta tendenza BTTS || CONTRO: v22 monitora possibile sopravvalutazione weak_ga | trend over casa non forte | profilo over interno debole | profilo over esterno debole;3.53;8.86;8.86;3.64;10.0;6.0;9.0;5.0;5.0;9.0;2.5.0
2026-08-22;Poland_Division2;Avia Swidnik;Zawisza;68.87;MEDIA;5;2026-08-21;Poland_Division2;Poland_Division2;;PRO: attacco casa positivo | trend over recente casa | profilo over interno positivo | profilo over esterno positivo || CONTRO: ospite poco prolifico: rischio 1-0 / 2-0 | trend over trasferta non forte | BTTS basso: possibile partita a senso unico;1.41;11.82;5.91;4.55;5.68;9.0;6.0;10.0;10.0;4.5;2.5.0
2026-08-22;Bulgaria_ParvaLiga;Levski;Spartak Varna;68.79;MEDIA;6;2026-08-21;Bulgaria_ParvaLiga;Bulgaria_ParvaLiga;;PRO: attacco casa positivo | attacco trasferta positivo | trend over recente casa | trend over recente trasferta | profilo over interno positivo | profilo over esterno positivo || CONTRO: BTTS basso: possibile partita a senso unico;0.8;13.0;9.45;1.82;5.45;9.0;7.2;6.67;10.0;5.4;2.5.0
2026-08-22;SouthKorea_KLeague2;Daegu;Busan;68.73;MEDIA;23;2026-08-21;SouthKorea_KLeague2;SouthKorea_KLeague2;;PRO: attacco casa positivo | attacco trasferta positivo | trend over recente trasferta | profilo over interno positivo | profilo over esterno positivo | alta tendenza BTTS || CONTRO: trend over casa non forte;0.75;11.54;10.41;5.19;6.28;6.0;7.2;6.36;7.0;8.0;2.5.0
2026-08-22;Sweden_Division2_SodraSvealand;Lindo FF;Karlslund;68.65;MEDIA;18;2026-08-21;Sweden_Division2_SodraSvealand;Sweden_Division2_SodraSvealand;;PRO: attacco casa positivo | difesa trasferta vulnerabile | difesa casa vulnerabile | trend over recente casa | trend over recente trasferta | profilo over interno positivo | profilo over esterno positivo || CONTRO: ospite poco prolifico: rischio 1-0 / 2-0 | v22 monitora possibile sopravvalutazione weak_ga | BTTS basso: possibile partita a senso unico;0.46;8.69;7.3;6.2;7.49;7.2;9.6;7.5;7.5;6.71;2.5.0
2026-08-22;Sweden_Division1_Sodra;AFC Malmo;Lunds;68.62;MEDIA;20;2026-08-21;Sweden_Division1_Sodra;Sweden_Division1_Sodra;;PRO: attacco casa positivo | attacco trasferta positivo | trend over recente casa | trend over recente trasferta | profilo over interno positivo | alta tendenza BTTS || CONTRO: profilo over esterno debole;0.4;11.47;10.08;4.71;5.88;9.6;8.4;6.67;4.0;7.41;2.5.0
2026-08-22;Australia_WAStateLeague;Quinns;Kingsley Westside;68.55;MEDIA;22;2026-08-21;Australia_WAStateLeague;Australia_WAStateLeague;;PRO: attacco casa positivo | attacco trasferta positivo | difesa trasferta vulnerabile | difesa casa vulnerabile | trend over recente casa | trend over recente trasferta | profilo over interno positivo | profilo over esterno positivo || CONTRO: v22 monitora possibile sopravvalutazione weak_ga | BTTS basso: possibile partita a senso unico;1.09;8.72;9.45;6.23;6.82;9.6;7.2;7.0;6.0;6.43;2.5.0
2026-08-22;CzechRepublic_4Liga_GroupA;Cesky Krumlov;Milevsko;68.45;MEDIA;3;2026-08-21;CzechRepublic_4Liga_GroupA;CzechRepublic_4Liga_GroupA;CzechRepublic_4Liga;PRO: difesa casa vulnerabile | trend over recente casa | profilo over interno positivo | profilo over esterno positivo || CONTRO: attacco casa non dominante | ospite poco prolifico: rischio 1-0 / 2-0 | trend over trasferta non forte | BTTS basso: possibile partita a senso unico;6.0;2.95;2.95;8.0;4.55;12.0;6.0;10.0;10.0;6.0;2.5.0
2026-08-22;Poland_IIILiga_Group2;Notec Czarnkow;Elana Torun;68.42;MEDIA;5;2026-08-21;Poland_IIILiga_Group2;Poland_IIILiga_Group2;;PRO: attacco casa positivo | attacco trasferta positivo | difesa trasferta vulnerabile | difesa casa vulnerabile | trend over recente trasferta | profilo over esterno positivo | alta tendenza BTTS || CONTRO: v22 monitora possibile sopravvalutazione weak_ga | trend over casa non forte | profilo over interno debole;0.92;10.34;10.34;6.36;7.95;6.0;9.0;0.0;10.0;7.5;2.5.0
2026-08-22;Austria_Regionalliga_East;Gloggnitz;Parndorf;68.22;MEDIA;4;2026-08-21;Austria_Regionalliga_East;Austria_Regionalliga_East;;PRO: attacco casa positivo | attacco trasferta positivo | difesa casa vulnerabile | trend over recente casa | profilo over interno positivo | alta tendenza BTTS || CONTRO: trend over trasferta non forte | profilo over esterno debole;0.8;11.82;13.0;6.06;4.55;8.0;4.0;10.0;0.0;10.0;2.5.0
2026-08-22;Finland_Kakkonen_GroupA;MyPa;PuiU;67.98;MEDIA;18;2026-08-21;Finland_Kakkonen_GroupA;Finland_Kakkonen_GroupA;;PRO: attacco trasferta positivo | difesa trasferta vulnerabile | difesa casa vulnerabile | trend over recente casa | trend over recente trasferta | profilo over esterno positivo | alta tendenza BTTS || CONTRO: attacco casa non dominante | v22 monitora possibile sopravvalutazione weak_ga | profilo over interno debole;0.67;6.65;8.86;7.73;9.66;7.2;7.2;5.0;7.14;7.88;2.5.0
2026-08-22;Iceland_Division_1;Vestri;Leiknir;67.82;MEDIA;30;2026-08-21;Iceland_Division_1;Iceland_Division_1;;PRO: attacco casa positivo | attacco trasferta positivo | difesa trasferta vulnerabile | difesa casa vulnerabile | trend over recente trasferta | profilo over interno positivo || CONTRO: v22 monitora possibile sopravvalutazione weak_ga | trend over casa non forte | profilo over esterno debole | BTTS basso: possibile partita a senso unico;1.09;8.71;9.45;7.46;6.82;6.0;9.6;6.67;5.56;6.46;2.5.0
2026-08-22;Poland_IIILiga_Group1;LKS Lomza;Mlawa;67.7;MEDIA;5;2026-08-21;Poland_IIILiga_Group1;Poland_IIILiga_Group1;;PRO: difesa trasferta vulnerabile | difesa casa vulnerabile | trend over recente trasferta | profilo over esterno positivo | alta tendenza BTTS || CONTRO: attacco casa non dominante | ospite poco prolifico: rischio 1-0 / 2-0 | v22 monitora possibile sopravvalutazione weak_ga | trend over casa non forte | profilo over interno debole;0.92;7.39;7.39;8.0;10.0;6.0;9.0;0.0;10.0;9.0;2.5.0
2026-08-22;Kyrgyzstan_PremierLiga;Asiagoal Bishkek;Asia Talas;67.59;MEDIA;24;2026-08-21;Kyrgyzstan_PremierLiga;Kyrgyzstan_PremierLiga;;PRO: attacco trasferta positivo | difesa trasferta vulnerabile | difesa casa vulnerabile | trend over recente trasferta | alta tendenza BTTS || CONTRO: attacco casa non dominante | v22 monitora possibile sopravvalutazione weak_ga | trend over casa non forte | profilo over interno debole | profilo over esterno debole;3.6;6.84;12.7;6.12;7.27;6.0;7.2;3.64;5.0;9.21;2.5.0
2026-08-22;Denmark_2ndDivision;FA 2000;Brabrand;67.58;MEDIA;4;2026-08-21;Denmark_2ndDivision;Denmark_2ndDivision;;PRO: difesa trasferta vulnerabile | difesa casa vulnerabile | trend over recente casa | trend over recente trasferta | profilo over interno positivo | profilo over esterno positivo || CONTRO: attacco casa non dominante | ospite poco prolifico: rischio 1-0 / 2-0 | v22 monitora possibile sopravvalutazione weak_ga | BTTS basso: possibile partita a senso unico;1.64;5.91;1.97;6.06;10.0;8.0;8.0;10.0;10.0;6.0;2.5.0
2026-08-22;Finland_Kakkonen_GroupB;P-Iirot Rauma;Abo;67.53;MEDIA;19;2026-08-21;Finland_Kakkonen_GroupB;Finland_Kakkonen_GroupB;;PRO: attacco casa positivo | attacco trasferta positivo | profilo over interno positivo | profilo over esterno positivo || CONTRO: trend over casa non forte | trend over trasferta non forte | BTTS basso: possibile partita a senso unico;2.67;10.08;12.51;4.92;4.55;6.0;6.0;7.5;6.25;7.06;2.5.0
2026-08-22;Australia_NSWLeagueOne;Dulwich Hill;Inter Lions;67.26;MEDIA;31;2026-08-21;Australia_NSWLeagueOne;Australia_NSWLeagueOne;;PRO: difesa trasferta vulnerabile | difesa casa vulnerabile | trend over recente casa | trend over recente trasferta | alta tendenza BTTS || CONTRO: attacco casa non dominante | ospite poco prolifico: rischio 1-0 / 2-0 | v22 monitora possibile sopravvalutazione weak_ga | profilo over interno debole | profilo over esterno debole;0.8;8.02;7.6;6.88;8.44;9.6;7.2;5.71;5.71;7.29;2.5.0
2026-08-22;Iceland_Division_1;Njardvik;Volsungur;67.23;MEDIA;30;2026-08-21;Iceland_Division_1;Iceland_Division_1;;PRO: attacco casa positivo | difesa trasferta vulnerabile | trend over recente casa | trend over recente trasferta || CONTRO: ospite poco prolifico: rischio 1-0 / 2-0 | v22 monitora possibile sopravvalutazione weak_ga | profilo over interno debole | profilo over esterno debole | BTTS basso: possibile partita a senso unico;3.27;9.45;8.4;5.09;9.33;7.2;7.2;5.56;5.56;6.17;2.5.0
2026-08-22;Poland_IIILiga_Group4;Wisla 2;Moravia Morawica;67.18;MEDIA;4;2026-08-21;Poland_IIILiga_Group4;Poland_IIILiga_Group4;;PRO: attacco trasferta positivo | difesa trasferta vulnerabile | trend over recente casa | trend over recente trasferta | profilo over interno positivo | alta tendenza BTTS || CONTRO: attacco casa non dominante | v22 monitora possibile sopravvalutazione weak_ga | profilo over esterno debole;1.06;7.88;11.82;4.85;7.58;8.0;8.0;10.0;0.0;8.0;2.5.0
2026-08-22;Germany_Oberliga_Bayern_Sud;Rosenheim;Gundelfingen;66.95;MEDIA;7;2026-08-21;Germany_Oberliga_Bayern_Sud;Germany_Oberliga_Bayern_Sud;;PRO: attacco casa positivo | difesa trasferta vulnerabile | difesa casa vulnerabile | profilo over interno positivo || CONTRO: ospite poco prolifico: rischio 1-0 / 2-0 | v22 monitora possibile sopravvalutazione weak_ga | trend over casa non forte | trend over trasferta non forte | profilo over esterno debole | BTTS basso: possibile partita a senso unico;2.12;10.83;7.88;5.45;8.33;6.0;6.0;10.0;3.33;7.0;2.5.0
2026-08-22;Bolivia_DivisionProfesional;The Strongest;Universitario de Vinto;66.94;MEDIA;20;2026-08-21;Bolivia_DivisionProfesional;Bolivia_DivisionProfesional;;PRO: attacco casa positivo | difesa trasferta vulnerabile | trend over recente trasferta | profilo over esterno positivo | alta tendenza BTTS || CONTRO: ospite poco prolifico: rischio 1-0 / 2-0 | v22 monitora possibile sopravvalutazione weak_ga | trend over casa non forte | profilo over interno debole;5.2;8.67;6.7;4.12;9.39;4.8;7.2;5.71;7.14;8.0;2.5.0
2026-08-22;Finland_Kolmonen_Western_Group1;Peimari United;JyTy;66.83;MEDIA;17;2026-08-21;Finland_Kolmonen_Western_Group1;Finland_Kolmonen_Western_Group1;;PRO: attacco casa positivo | difesa trasferta vulnerabile | trend over recente casa | alta tendenza BTTS || CONTRO: ospite poco prolifico: rischio 1-0 / 2-0 | v22 monitora possibile sopravvalutazione weak_ga | trend over trasferta non forte | profilo over interno debole | profilo over esterno debole;2.73;10.24;6.7;4.36;10.0;8.4;6.0;4.29;5.71;8.4;2.5.0
2026-08-22;Germany_Oberliga_Bayern_Sud;Ismaning;Kirchanschoring;66.65;MEDIA;7;2026-08-21;Germany_Oberliga_Bayern_Sud;Germany_Oberliga_Bayern_Sud;;PRO: attacco casa positivo | difesa trasferta vulnerabile | trend over recente trasferta | profilo over interno positivo | profilo over esterno positivo || CONTRO: ospite poco prolifico: rischio 1-0 / 2-0 | v22 monitora possibile sopravvalutazione weak_ga | trend over casa non forte | BTTS basso: possibile partita a senso unico;1.41;9.85;7.88;4.85;8.33;6.0;8.0;6.67;6.67;7.0;2.5.0
2026-08-22;Austria_Regionalliga_South;Lafnitz;Tillmitsch;66.57;MEDIA;4;2026-08-21;Austria_Regionalliga_South;Austria_Regionalliga_South;;PRO: attacco casa positivo | difesa casa vulnerabile | trend over recente casa | profilo over interno positivo | alta tendenza BTTS || CONTRO: ospite poco prolifico: rischio 1-0 / 2-0 | trend over trasferta non forte | profilo over esterno debole;1.85;11.82;5.91;5.45;4.55;12.0;6.0;10.0;0.0;9.0;2.5.0
2026-08-22;Poland_Division1;Podbeskidzie;Odra Opole;66.48;MEDIA;5;2026-08-21;Poland_Division1;Poland_Division1;;PRO: attacco casa positivo | difesa casa vulnerabile | profilo over interno positivo | alta tendenza BTTS || CONTRO: ospite poco prolifico: rischio 1-0 / 2-0 | trend over casa non forte | trend over trasferta non forte | profilo over esterno debole;0.71;10.34;7.39;6.36;5.68;6.0;6.0;10.0;5.0;9.0;2.5.0
2026-08-22;Netherlands_Eredivisie;Sparta Rotterdam;Utrecht;66.47;MEDIA;3;2026-08-21;Netherlands_Eredivisie;Netherlands_Eredivisie;;PRO: attacco casa positivo | difesa trasferta vulnerabile | trend over recente trasferta | profilo over esterno positivo | alta tendenza BTTS || CONTRO: ospite poco prolifico: rischio 1-0 / 2-0 | v22 monitora possibile sopravvalutazione weak_ga | trend over casa non forte | profilo over interno debole;1.06;8.86;5.91;3.64;10.0;6.0;12.0;0.0;10.0;9.0;2.5.0
2026-08-22;Switzerland_PromotionLeague;Schaffhausen;Bellinzona;66.45;MEDIA;5;2026-08-21;Switzerland_PromotionLeague;Switzerland_PromotionLeague;;PRO: attacco casa positivo | difesa trasferta vulnerabile | trend over recente casa | profilo over interno positivo || CONTRO: ospite poco prolifico: rischio 1-0 / 2-0 | v22 monitora possibile sopravvalutazione weak_ga | trend over trasferta non forte | profilo over esterno debole | BTTS basso: possibile partita a senso unico;6.0;13.0;3.94;2.42;9.09;12.0;4.0;10.0;0.0;6.0;2.5.0
2026-08-22;FaroeIslands_1Deild;HB Torshavn 2;Hoyvik;66.37;MEDIA;20;2026-08-21;FaroeIslands_1Deild;FaroeIslands_1Deild;;PRO: attacco trasferta positivo | difesa trasferta vulnerabile | difesa casa vulnerabile | trend over recente casa | trend over recente trasferta | profilo over esterno positivo || CONTRO: attacco casa non dominante | v22 monitora possibile sopravvalutazione weak_ga | profilo over interno debole | BTTS basso: possibile partita a senso unico;1.33;6.24;8.86;6.46;10.0;7.2;8.4;3.33;7.5;7.04;2.5.0
2026-08-22;Japan_J1League;Kashima;Avispa Fukuoka;66.36;MEDIA;3;2026-08-21;Japan_J1League;Japan_J1League;;PRO: attacco casa positivo | attacco trasferta positivo | difesa casa vulnerabile | trend over recente casa | profilo over interno positivo || CONTRO: trend over trasferta non forte | profilo over esterno debole | BTTS basso: possibile partita a senso unico;0.95;13.0;8.86;7.27;2.27;12.0;6.0;10.0;0.0;6.0;2.5.0
2026-08-22;Bolivia_DivisionProfesional;Academia del Balompie;GV San Jose;66.33;MEDIA;20;2026-08-21;Bolivia_DivisionProfesional;Bolivia_DivisionProfesional;;PRO: attacco casa positivo | difesa trasferta vulnerabile | difesa casa vulnerabile | trend over recente casa | profilo over interno positivo | alta tendenza BTTS || CONTRO: ospite poco prolifico: rischio 1-0 / 2-0 | v22 monitora possibile sopravvalutazione weak_ga | trend over trasferta non forte | profilo over esterno debole;2.0;10.24;5.52;7.27;6.67;8.4;6.0;7.14;4.29;8.8;2.5.0
2026-08-22;Poland_Division2;Podhale Nowy Targ;R. Rzeszow;66.33;MEDIA;5;2026-08-21;Poland_Division2;Poland_Division2;;PRO: attacco casa positivo | difesa trasferta vulnerabile | difesa casa vulnerabile | trend over recente casa | profilo over interno positivo | alta tendenza BTTS || CONTRO: ospite poco prolifico: rischio 1-0 / 2-0 | v22 monitora possibile sopravvalutazione weak_ga | trend over trasferta non forte | profilo over esterno debole;1.06;10.34;4.43;8.0;10.0;9.0;6.0;10.0;0.0;7.5;2.5.0
2026-08-22;Mexico_LigaMX_Apertura;Leon;Monterrey;65.94;MEDIA;5;2026-08-21;Mexico_LigaMX_Apertura;Mexico_LigaMX_Apertura;;PRO: attacco trasferta positivo | trend over recente trasferta | alta tendenza BTTS || CONTRO: attacco casa non dominante | trend over casa non forte | profilo over interno debole | profilo over esterno debole;2.82;7.39;13.0;4.55;5.68;6.0;9.0;5.0;5.0;7.5;2.5.0
2026-08-22;Lithuania_ILyga;FK Minija;Kauno Zalgiris 2;65.69;MEDIA;22;2026-08-21;Lithuania_ILyga;Lithuania_ILyga;;PRO: attacco casa positivo | difesa trasferta vulnerabile | profilo over interno positivo | profilo over esterno positivo || CONTRO: ospite poco prolifico: rischio 1-0 / 2-0 | v22 monitora possibile sopravvalutazione weak_ga | trend over casa non forte | trend over trasferta non forte | BTTS basso: possibile partita a senso unico;5.2;13.0;4.67;2.0;7.89;6.0;6.0;10.0;6.0;4.93;2.5.0
2026-08-22;CzechRepublic_4Liga_GroupD;FS Trebic;Zdar nad Sazavou;65.18;MEDIA;3;2026-08-21;CzechRepublic_4Liga_GroupD;CzechRepublic_4Liga_GroupD;CzechRepublic_4Liga;PRO: attacco trasferta positivo | difesa trasferta vulnerabile | profilo over esterno positivo | alta tendenza BTTS || CONTRO: attacco casa non dominante | v22 monitora possibile sopravvalutazione weak_ga | trend over casa non forte | trend over trasferta non forte | profilo over interno debole;6.0;5.91;11.82;3.64;6.82;6.0;6.0;0.0;10.0;9.0;2.5.0
2026-08-22;CzechRepublic_1Liga;Slavia Praga;Bohemians;65.08;MEDIA;5;2026-08-21;CzechRepublic_1Liga;CzechRepublic_1Liga;;PRO: attacco casa positivo | trend over recente casa | profilo over interno positivo || CONTRO: ospite poco prolifico: rischio 1-0 / 2-0 | trend over trasferta non forte | profilo over esterno debole | BTTS basso: possibile partita a senso unico;4.4;13.0;5.91;2.73;4.55;9.0;4.0;10.0;5.0;6.5;2.5.0
2026-08-22;Slovenia_2SNL;Bilje;NK Bistrica;65.04;MEDIA;3;2026-08-21;Slovenia_2SNL;Slovenia_2SNL;;PRO: attacco casa positivo | difesa trasferta vulnerabile | trend over recente casa | profilo over interno positivo || CONTRO: ospite poco prolifico: rischio 1-0 / 2-0 | v22 monitora possibile sopravvalutazione weak_ga | trend over trasferta non forte | profilo over esterno debole | BTTS basso: possibile partita a senso unico;4.4;13.0;0.0;3.64;10.0;12.0;6.0;10.0;0.0;6.0;2.5.0
2026-08-22;Sweden_Division2_Norrland;Boden;IFK Ostersund;65.04;MEDIA;21;2026-08-21;Sweden_Division2_Norrland;Sweden_Division2_Norrland;;PRO: attacco trasferta positivo | difesa trasferta vulnerabile | profilo over esterno positivo | alta tendenza BTTS || CONTRO: attacco casa non dominante | v22 monitora possibile sopravvalutazione weak_ga | trend over casa non forte | trend over trasferta non forte | profilo over interno debole;1.5;8.34;10.43;4.49;8.29;6.0;6.0;5.56;6.67;7.76;2.5.0
2026-08-22;Germany_Oberliga_RheinlandPfalzSaar;Koblenz;RW Wittlich;64.96;MEDIA;5;2026-08-21;Germany_Oberliga_RheinlandPfalzSaar;Germany_Oberliga_RheinlandPfalzSaar;;PRO: attacco casa positivo | attacco trasferta positivo | profilo over interno positivo | profilo over esterno positivo || CONTRO: trend over casa non forte | trend over trasferta non forte | BTTS basso: possibile partita a senso unico;1.41;13.0;13.0;0.0;4.55;4.0;6.0;10.0;10.0;3.0;2.5.0
2026-08-22;CzechRepublic_3MSFL;Vsetin;Unicov;64.93;MEDIA;4;2026-08-21;CzechRepublic_3MSFL;CzechRepublic_3MSFL;;PRO: attacco trasferta positivo | difesa casa vulnerabile | trend over recente casa | trend over recente trasferta | profilo over interno positivo || CONTRO: attacco casa non dominante | profilo over esterno debole | BTTS basso: possibile partita a senso unico;5.08;3.94;9.85;8.0;6.06;8.0;8.0;10.0;0.0;6.0;2.5.0
2026-08-22;Australia_VictoriaPremierLeague2;Werribee City;Springvale;64.9;MEDIA;26;2026-08-21;Australia_VictoriaPremierLeague2;Australia_VictoriaPremierLeague2;;PRO: attacco casa positivo | difesa trasferta vulnerabile | difesa casa vulnerabile | trend over recente casa | profilo over interno positivo || CONTRO: ospite poco prolifico: rischio 1-0 / 2-0 | v22 monitora possibile sopravvalutazione weak_ga | trend over trasferta non forte | profilo over esterno debole | BTTS basso: possibile partita a senso unico;1.85;8.62;7.14;6.52;8.33;7.2;6.0;7.5;5.0;6.75;2.5.0
2026-08-22;Estonia_Meistriliiga;Harju JK Laagri;Kalju;64.89;MEDIA;26;2026-08-21;Estonia_Meistriliiga;Estonia_Meistriliiga;;PRO: attacco casa positivo | attacco trasferta positivo | difesa casa vulnerabile | trend over recente casa | profilo over interno positivo || CONTRO: trend over trasferta non forte | profilo over esterno debole | BTTS basso: possibile partita a senso unico;3.33;8.48;11.28;6.32;3.51;9.6;6.0;7.5;2.73;6.13;2.5.0
2026-08-22;Latvia_NakotnesLiga;Tukums 2000 2;JFK Ventspils;64.77;MEDIA;18;2026-08-21;Latvia_NakotnesLiga;Latvia_NakotnesLiga;;PRO: difesa trasferta vulnerabile | difesa casa vulnerabile | trend over recente casa | profilo over esterno positivo | alta tendenza BTTS || CONTRO: attacco casa non dominante | ospite poco prolifico: rischio 1-0 / 2-0 | v22 monitora possibile sopravvalutazione weak_ga | trend over trasferta non forte | profilo over interno debole;0.46;7.76;6.65;8.0;7.95;7.2;6.0;5.0;7.5;8.25;2.5.0
2026-08-22;CzechRepublic_4Liga_GroupB;Slany;Vysehrad;64.73;MEDIA;3;2026-08-21;CzechRepublic_4Liga_GroupB;CzechRepublic_4Liga_GroupB;CzechRepublic_4Liga;PRO: attacco casa positivo | attacco trasferta positivo | difesa casa vulnerabile | profilo over interno positivo | alta tendenza BTTS || CONTRO: trend over casa non forte | trend over trasferta non forte | profilo over esterno debole;6.0;8.86;8.86;5.45;4.55;6.0;6.0;10.0;0.0;9.0;2.5.0
2026-08-22;NorthernIreland_NIFLChampionship;Ballinamallard;Dundela;64.5;MEDIA;4;2026-08-21;NorthernIreland_NIFLChampionship;NorthernIreland_NIFLChampionship;;PRO: attacco trasferta positivo | difesa trasferta vulnerabile | trend over recente trasferta | profilo over esterno positivo | alta tendenza BTTS || CONTRO: attacco casa non dominante | v22 monitora possibile sopravvalutazione weak_ga | trend over casa non forte | profilo over interno debole;0.8;3.94;11.82;4.85;9.09;4.0;12.0;0.0;10.0;8.0;2.5.0
2026-08-22;Poland_Division2;Pruszkow;Swit Szczecin;64.5;MEDIA;5;2026-08-21;Poland_Division2;Poland_Division2;;PRO: attacco casa positivo | difesa trasferta vulnerabile | trend over recente trasferta | profilo over esterno positivo || CONTRO: ospite poco prolifico: rischio 1-0 / 2-0 | v22 monitora possibile sopravvalutazione weak_ga | trend over casa non forte | profilo over interno debole | BTTS basso: possibile partita a senso unico;5.65;10.34;2.95;2.73;10.0;6.0;9.0;3.33;10.0;4.5;2.5.0
2026-08-22;Australia_NPLVictoria;Altona Magic;Avondale FC;64.43;MEDIA;28;2026-08-21;Australia_NPLVictoria;Australia_NPLVictoria;;PRO: attacco trasferta positivo | difesa casa vulnerabile | trend over recente trasferta | profilo over esterno positivo || CONTRO: attacco casa non dominante | trend over casa non forte | profilo over interno debole | BTTS basso: possibile partita a senso unico;2.31;6.36;13.0;5.87;6.44;4.8;8.4;3.85;6.67;6.73;2.5.0
2026-08-22;Belgium_JupilerProLeague;Charleroi;KV Mechelen;64.38;MEDIA;3;2026-08-21;Belgium_JupilerProLeague;Belgium_JupilerProLeague;;PRO: attacco casa positivo | attacco trasferta positivo | difesa trasferta vulnerabile | profilo over interno positivo || CONTRO: v22 monitora possibile sopravvalutazione weak_ga | trend over casa non forte | trend over trasferta non forte | profilo over esterno debole | BTTS basso: possibile partita a senso unico;3.88;11.82;8.86;1.82;10.0;6.0;6.0;10.0;0.0;6.0;2.5.0
2026-08-22;Finland_Kakkonen_GroupB;NJS;MuSa;64.25;MEDIA;19;2026-08-21;Finland_Kakkonen_GroupB;Finland_Kakkonen_GroupB;;PRO: difesa trasferta vulnerabile | difesa casa vulnerabile | trend over recente casa | trend over recente trasferta | profilo over interno positivo | profilo over esterno positivo || CONTRO: attacco casa non dominante | ospite poco prolifico: rischio 1-0 / 2-0 | v22 monitora possibile sopravvalutazione weak_ga | BTTS basso: possibile partita a senso unico;0.67;3.13;5.91;8.0;10.0;8.4;8.4;6.25;7.5;6.0;2.5.0
2026-08-22;Finland_Veikkausliiga;Ilves;VPS;64.23;MEDIA;22;2026-08-21;Finland_Veikkausliiga;Finland_Veikkausliiga;;PRO: attacco casa positivo | attacco trasferta positivo | difesa casa vulnerabile | trend over recente casa | trend over recente trasferta | alta tendenza BTTS || CONTRO: profilo over interno debole | profilo over esterno debole;2.18;9.75;8.57;6.18;5.0;7.2;8.4;4.44;5.0;7.5;2.5.0
2026-08-22;Peru_Liga1_Clausura;Cajamarca;Comerciantes Unidos;64.22;MEDIA;5;2026-08-21;Peru_Liga1_Clausura;Peru_Liga1_Clausura;;PRO: attacco trasferta positivo | difesa trasferta vulnerabile | difesa casa vulnerabile | trend over recente trasferta | profilo over esterno positivo | alta tendenza BTTS || CONTRO: attacco casa non dominante | v22 monitora possibile sopravvalutazione weak_ga | trend over casa non forte | profilo over interno debole;2.82;4.43;10.34;8.0;7.95;6.0;9.0;0.0;6.67;9.0;2.5.0
2026-08-22;Romania_Liga2;Ramnicu Valcea;FC Bacau;64.22;MEDIA;4;2026-08-21;Romania_Liga2;Romania_Liga2;;PRO: attacco trasferta positivo | difesa trasferta vulnerabile | trend over recente trasferta | profilo over esterno positivo || CONTRO: attacco casa non dominante | v22 monitora possibile sopravvalutazione weak_ga | trend over casa non forte | profilo over interno debole | BTTS basso: possibile partita a senso unico;0.86;5.91;13.0;3.64;6.82;6.0;12.0;0.0;10.0;6.0;2.5.0
2026-08-22;Australia_NPLVictoria;Dandenong Thunder;Oakleigh;64.1;MEDIA;28;2026-08-21;Australia_NPLVictoria;Australia_NPLVictoria;;PRO: attacco trasferta positivo | difesa casa vulnerabile | trend over recente casa || CONTRO: attacco casa non dominante | trend over trasferta non forte | profilo over interno debole | profilo over esterno debole | BTTS basso: possibile partita a senso unico;6.0;5.66;12.06;8.0;3.98;9.6;4.8;5.0;2.5;6.5;2.5.0
2026-08-22;Germany_Regionalliga_West;Bocholt;Rodinghausen;64.03;MEDIA;4;2026-08-21;Germany_Regionalliga_West;Germany_Regionalliga_West;;PRO: attacco casa positivo | difesa casa vulnerabile | trend over recente casa | profilo over interno positivo | alta tendenza BTTS || CONTRO: ospite poco prolifico: rischio 1-0 / 2-0 | trend over trasferta non forte | profilo over esterno debole;1.06;13.0;5.91;8.0;6.06;8.0;4.0;10.0;0.0;8.0;2.5.0
2026-08-22;SouthKorea_KLeague2;Cheonan City;Suwon Bluewings;63.87;MEDIA;23;2026-08-21;SouthKorea_KLeague2;SouthKorea_KLeague2;;PRO: attacco trasferta positivo | trend over recente casa | trend over recente trasferta | profilo over esterno positivo || CONTRO: attacco casa non dominante | profilo over interno debole | BTTS basso: possibile partita a senso unico;4.88;7.6;8.72;5.19;4.11;8.4;8.4;3.0;7.0;6.57;2.5.0
2026-08-22;Sweden_Division2_SodraGotaland;Rappe GOIF;Osterlen;63.75;MEDIA;22;2026-08-21;Sweden_Division2_SodraGotaland;Sweden_Division2_SodraGotaland;;PRO: difesa trasferta vulnerabile | difesa casa vulnerabile | trend over recente casa | trend over recente trasferta | alta tendenza BTTS || CONTRO: attacco casa non dominante | ospite poco prolifico: rischio 1-0 / 2-0 | v22 monitora possibile sopravvalutazione weak_ga | profilo over interno debole | profilo over esterno debole;2.31;5.91;8.34;7.49;6.68;7.2;8.4;5.56;3.75;8.12;2.5.0
2026-08-22;Moldova_SuperLiga;Milsami;Petrocub;63.54;MEDIA;9;2026-08-21;Moldova_SuperLiga;Moldova_SuperLiga;;PRO: attacco trasferta positivo | difesa casa vulnerabile | trend over recente trasferta | alta tendenza BTTS || CONTRO: attacco casa non dominante | trend over casa non forte | profilo over interno debole | profilo over esterno debole;2.57;5.17;11.82;6.36;5.11;6.0;9.0;5.0;5.0;7.5;2.5.0
2026-08-22;Poland_IIILiga_Group3;Carina Gubin;Sosnowiec;63.46;MEDIA;5;2026-08-21;Poland_IIILiga_Group3;Poland_IIILiga_Group3;;PRO: attacco trasferta positivo | difesa casa vulnerabile | trend over recente casa | alta tendenza BTTS || CONTRO: attacco casa non dominante | trend over trasferta non forte | profilo over interno debole | profilo over esterno debole;3.23;5.91;8.86;7.27;5.68;9.0;6.0;5.0;5.0;7.5;2.5.0
2026-08-22;Australia_VictoriaPremierLeague2;Bayside Argonauts;Goulburn Valley Suns;63.45;MEDIA;26;2026-08-21;Australia_VictoriaPremierLeague2;Australia_VictoriaPremierLeague2;;PRO: attacco casa positivo | attacco trasferta positivo | trend over recente trasferta | profilo over esterno positivo | alta tendenza BTTS || CONTRO: trend over casa non forte | profilo over interno debole;0.92;10.34;13.0;4.55;5.87;2.4;7.2;4.17;7.5;7.5;2.5.0
2026-08-22;NorthernIreland_NIFLChampionship;Strabane Athletic;H&W Welders;63.23;MEDIA;4;2026-08-21;NorthernIreland_NIFLChampionship;NorthernIreland_NIFLChampionship;;PRO: attacco trasferta positivo | difesa casa vulnerabile | trend over recente casa | trend over recente trasferta | profilo over esterno positivo || CONTRO: attacco casa non dominante | profilo over interno debole | BTTS basso: possibile partita a senso unico;3.2;7.88;9.85;7.27;3.03;8.0;8.0;0.0;10.0;6.0;2.5.0
2026-08-22;Sweden_Division2_VastraGotaland;Astorps;Kongahalla;63.15;MEDIA;20;2026-08-21;Sweden_Division2_VastraGotaland;Sweden_Division2_VastraGotaland;;PRO: difesa trasferta vulnerabile | difesa casa vulnerabile | trend over recente casa | trend over recente trasferta | profilo over esterno positivo | alta tendenza BTTS || CONTRO: attacco casa non dominante | ospite poco prolifico: rischio 1-0 / 2-0 | v22 monitora possibile sopravvalutazione weak_ga | profilo over interno debole;0.46;6.95;6.6;6.63;8.29;7.2;9.6;2.5;7.5;7.41;2.5.0
2026-08-22;Germany_Oberliga_BadenWurttemberg;Essingen;Neckarsulm;63.09;MEDIA;4;2026-08-21;Germany_Oberliga_BadenWurttemberg;Germany_Oberliga_BadenWurttemberg;;PRO: attacco casa positivo | difesa trasferta vulnerabile | profilo over interno positivo | alta tendenza BTTS || CONTRO: ospite poco prolifico: rischio 1-0 / 2-0 | v22 monitora possibile sopravvalutazione weak_ga | trend over casa non forte | trend over trasferta non forte | profilo over esterno debole;4.59;11.82;2.95;3.64;9.09;6.0;6.0;10.0;0.0;9.0;2.5.0
2026-08-22;Poland_IIILiga_Group3;Stilon Gorzow;Kluczbork;63.09;MEDIA;5;2026-08-21;Poland_IIILiga_Group3;Poland_IIILiga_Group3;;PRO: attacco casa positivo | difesa trasferta vulnerabile | trend over recente casa | alta tendenza BTTS || CONTRO: ospite poco prolifico: rischio 1-0 / 2-0 | v22 monitora possibile sopravvalutazione weak_ga | trend over trasferta non forte | profilo over interno debole | profilo over esterno debole;4.15;13.0;4.43;4.55;7.95;9.0;6.0;5.0;0.0;9.0;2.5.0
2026-08-22;Latvia_Virsliga;Ogre United;Jelgava;63.07;MEDIA;28;2026-08-21;Latvia_Virsliga;Latvia_Virsliga;;PRO: difesa trasferta vulnerabile | difesa casa vulnerabile | trend over recente casa | profilo over interno positivo || CONTRO: attacco casa non dominante | ospite poco prolifico: rischio 1-0 / 2-0 | v22 monitora possibile sopravvalutazione weak_ga | trend over trasferta non forte | profilo over esterno debole | BTTS basso: possibile partita a senso unico;2.0;6.45;5.17;8.0;8.33;10.8;4.8;6.0;5.45;6.07;2.5.0
2026-08-22;CzechRepublic_4Liga_GroupF;Novy Jicin;Opava B;63.06;MEDIA;3;2026-08-21;CzechRepublic_4Liga_GroupF;CzechRepublic_4Liga_GroupF;CzechRepublic_4Liga;PRO: attacco casa positivo | attacco trasferta positivo | profilo over interno positivo | alta tendenza BTTS || CONTRO: trend over casa non forte | trend over trasferta non forte | profilo over esterno debole;3.2;8.86;11.82;3.64;4.55;6.0;6.0;10.0;0.0;9.0;2.5.0
2026-08-22;Switzerland_SuperLeague;Luzern;Lausanne;63.06;MEDIA;4;2026-08-21;Switzerland_SuperLeague;Switzerland_SuperLeague;;PRO: difesa casa vulnerabile | trend over recente casa | profilo over interno positivo | alta tendenza BTTS || CONTRO: attacco casa non dominante | ospite poco prolifico: rischio 1-0 / 2-0 | trend over trasferta non forte | profilo over esterno debole;2.73;5.91;7.88;8.0;4.55;12.0;4.0;10.0;0.0;8.0;2.5.0
2026-08-22;Sweden_Division2_NorraGotaland;Skara;Tord;63.05;MEDIA;20;2026-08-21;Sweden_Division2_NorraGotaland;Sweden_Division2_NorraGotaland;;PRO: attacco casa positivo | difesa trasferta vulnerabile | alta tendenza BTTS || CONTRO: ospite poco prolifico: rischio 1-0 / 2-0 | v22 monitora possibile sopravvalutazione weak_ga | trend over casa non forte | trend over trasferta non forte | profilo over interno debole | profilo over esterno debole;5.08;11.82;6.95;3.84;8.02;4.8;4.8;5.56;4.29;7.9;2.5.0
2026-08-22;CzechRepublic_1Liga;Mlada Boleslav;Slovacko;62.78;MEDIA;5;2026-08-21;CzechRepublic_1Liga;CzechRepublic_1Liga;;PRO: attacco casa positivo | difesa trasferta vulnerabile | alta tendenza BTTS || CONTRO: ospite poco prolifico: rischio 1-0 / 2-0 | v22 monitora possibile sopravvalutazione weak_ga | trend over casa non forte | trend over trasferta non forte | profilo over interno debole | profilo over esterno debole;4.8;13.0;4.43;4.55;10.0;6.0;6.0;0.0;5.0;9.0;2.5.0
2026-08-22;Slovakia_2Liga;FK Humenne;L. Mikulas;62.71;MEDIA;5;2026-08-21;Slovakia_2Liga;Slovakia_2Liga;;PRO: attacco trasferta positivo | difesa casa vulnerabile | trend over recente casa || CONTRO: attacco casa non dominante | trend over trasferta non forte | profilo over interno debole | profilo over esterno debole | BTTS basso: possibile partita a senso unico;3.6;4.43;13.0;7.27;3.41;9.0;6.0;5.0;5.0;6.0;2.5.0
2026-08-22;Germany_Oberliga_Niedersachsen;Nordhorn;Lohne;62.56;MEDIA;3;2026-08-21;Germany_Oberliga_Niedersachsen;Germany_Oberliga_Niedersachsen;;PRO: attacco casa positivo | attacco trasferta positivo | difesa trasferta vulnerabile | trend over recente trasferta | profilo over esterno positivo || CONTRO: v22 monitora possibile sopravvalutazione weak_ga | trend over casa non forte | profilo over interno debole | BTTS basso: possibile partita a senso unico;3.88;11.82;8.86;0.0;10.0;0.0;12.0;0.0;10.0;6.0;2.5.0
2026-08-22;Poland_IIILiga_Group3;Sulow;ROW Rybnik;62.5;MEDIA;5;2026-08-21;Poland_IIILiga_Group3;Poland_IIILiga_Group3;;PRO: attacco casa positivo | attacco trasferta positivo | difesa casa vulnerabile | trend over recente casa | trend over recente trasferta || CONTRO: profilo over interno debole | profilo over esterno debole | BTTS basso: possibile partita a senso unico;2.77;8.86;13.0;5.45;3.41;9.0;9.0;5.0;0.0;6.0;2.5.0
2026-08-22;SouthKorea_KLeague1;Anyang;Seoul;62.39;MEDIA;24;2026-08-21;SouthKorea_KLeague1;SouthKorea_KLeague1;;PRO: attacco trasferta positivo | trend over recente casa | alta tendenza BTTS || CONTRO: attacco casa non dominante | trend over trasferta non forte | profilo over interno debole | profilo over esterno debole;3.82;7.71;10.02;4.74;3.75;8.4;6.0;4.55;5.83;7.57;2.5.0
2026-08-22;Australia_NPLNSW;NWS Spirit;SD Raiders;62.25;MEDIA;30;2026-08-21;Australia_NPLNSW;Australia_NPLNSW;;PRO: attacco trasferta positivo | difesa trasferta vulnerabile | trend over recente trasferta | profilo over interno positivo || CONTRO: attacco casa non dominante | v22 monitora possibile sopravvalutazione weak_ga | trend over casa non forte | profilo over esterno debole | BTTS basso: possibile partita a senso unico;0.4;7.34;8.56;4.76;7.52;6.0;8.4;7.14;5.71;6.41;2.5.0
2026-08-22;NorthernIreland_NIFLChampionship;Armagh;Glenavon;62.19;MEDIA;4;2026-08-21;NorthernIreland_NIFLChampionship;NorthernIreland_NIFLChampionship;;PRO: attacco trasferta positivo | difesa trasferta vulnerabile | trend over recente trasferta | profilo over esterno positivo | alta tendenza BTTS || CONTRO: attacco casa non dominante | v22 monitora possibile sopravvalutazione weak_ga | trend over casa non forte | profilo over interno debole;4.8;1.97;13.0;4.85;7.58;0.0;12.0;0.0;10.0;8.0;2.5.0
2026-08-22;Hungary_NBII;Tiszakecske;DVTK;61.99;MEDIA;5;2026-08-21;Hungary_NBII;Hungary_NBII;;PRO: attacco casa positivo | difesa trasferta vulnerabile | trend over recente trasferta | profilo over esterno positivo | alta tendenza BTTS || CONTRO: ospite poco prolifico: rischio 1-0 / 2-0 | v22 monitora possibile sopravvalutazione weak_ga | trend over casa non forte | profilo over interno debole;1.2;8.86;7.88;4.55;10.0;3.0;8.0;0.0;10.0;8.5;2.5.0
2026-08-22;Switzerland_SuperLeague;Zurigo;Basilea;61.94;MEDIA;4;2026-08-21;Switzerland_SuperLeague;Switzerland_SuperLeague;;PRO: attacco trasferta positivo | difesa casa vulnerabile | trend over recente casa | profilo over interno positivo || CONTRO: attacco casa non dominante | trend over trasferta non forte | profilo over esterno debole | BTTS basso: possibile partita a senso unico;1.64;5.91;9.85;8.0;4.55;12.0;4.0;10.0;0.0;6.0;2.5.0
2026-08-22;Poland_IIILiga_Group3;Bytom Odrzanski;Warta Gorzow;61.92;MEDIA;5;2026-08-21;Poland_IIILiga_Group3;Poland_IIILiga_Group3;;PRO: attacco casa positivo | difesa trasferta vulnerabile | trend over recente trasferta | profilo over esterno positivo || CONTRO: ospite poco prolifico: rischio 1-0 / 2-0 | v22 monitora possibile sopravvalutazione weak_ga | trend over casa non forte | profilo over interno debole | BTTS basso: possibile partita a senso unico;5.08;8.86;7.39;0.0;9.09;3.0;9.0;5.0;10.0;4.5;2.5.0
2026-08-22;Sweden_Division2_NorraSvealand;Sunnersta AIF;Angby;61.79;MEDIA;19;2026-08-21;Sweden_Division2_NorraSvealand;Sweden_Division2_NorraSvealand;;PRO: attacco casa positivo | attacco trasferta positivo | trend over recente casa | profilo over esterno positivo || CONTRO: trend over trasferta non forte | profilo over interno debole | BTTS basso: possibile partita a senso unico;0.92;13.0;10.08;2.11;4.81;7.2;4.8;5.0;7.5;6.37;2.5.0
2026-08-22;Sweden_Division2_NorraSvealand;Korsnas;Gute;61.52;MEDIA;19;2026-08-21;Sweden_Division2_NorraSvealand;Sweden_Division2_NorraSvealand;;PRO: difesa trasferta vulnerabile | difesa casa vulnerabile | trend over recente casa | profilo over interno positivo | alta tendenza BTTS || CONTRO: attacco casa non dominante | ospite poco prolifico: rischio 1-0 / 2-0 | v22 monitora possibile sopravvalutazione weak_ga | trend over trasferta non forte | profilo over esterno debole;1.85;5.56;7.99;8.0;7.22;8.4;4.8;6.25;3.33;8.12;2.5.0
2026-08-22;Slovakia_NikeLiga;Ruzomberok;Banska Bystrica;61.41;MEDIA;5;2026-08-21;Slovakia_NikeLiga;Slovakia_NikeLiga;;PRO: difesa trasferta vulnerabile | difesa casa vulnerabile | trend over recente casa | trend over recente trasferta || CONTRO: attacco casa non dominante | ospite poco prolifico: rischio 1-0 / 2-0 | v22 monitora possibile sopravvalutazione weak_ga | profilo over interno debole | profilo over esterno debole | BTTS basso: possibile partita a senso unico;0.55;4.43;4.43;8.0;10.0;9.0;9.0;5.0;5.0;6.0;2.5.0
2026-08-22;Sweden_Division2_NorraSvealand;Viggbyholms;Kungsangen;61.33;MEDIA;19;2026-08-21;Sweden_Division2_NorraSvealand;Sweden_Division2_NorraSvealand;;PRO: difesa trasferta vulnerabile | difesa casa vulnerabile | trend over recente casa | profilo over interno positivo | profilo over esterno positivo || CONTRO: attacco casa non dominante | ospite poco prolifico: rischio 1-0 / 2-0 | v22 monitora possibile sopravvalutazione weak_ga | trend over trasferta non forte | BTTS basso: possibile partita a senso unico;0.92;5.56;5.91;6.84;8.33;7.2;6.0;7.5;6.25;6.8;2.5.0
2026-08-22;Australia_NPLVictoria;Hume City;George Cross;61.18;MEDIA;28;2026-08-21;Australia_NPLVictoria;Australia_NPLVictoria;;PRO: attacco casa positivo | trend over recente casa | alta tendenza BTTS || CONTRO: ospite poco prolifico: rischio 1-0 / 2-0 | trend over trasferta non forte | profilo over interno debole | profilo over esterno debole;1.85;11.82;7.88;4.85;5.87;7.2;4.8;5.0;4.17;7.75;2.5.0
2026-08-22;Australia_NPLNSW;UNSW;Manly Utd;61.14;MEDIA;30;2026-08-21;Australia_NPLNSW;Australia_NPLNSW;;PRO: difesa casa vulnerabile | trend over recente casa | profilo over interno positivo || CONTRO: attacco casa non dominante | ospite poco prolifico: rischio 1-0 / 2-0 | trend over trasferta non forte | profilo over esterno debole | BTTS basso: possibile partita a senso unico;2.8;8.35;6.93;5.89;5.49;8.4;6.0;6.67;4.62;6.0;2.5.0
2026-08-22;Japan_J1League;Yokohama M.;Kobe;61.13;MEDIA;3;2026-08-21;Japan_J1League;Japan_J1League;;PRO: attacco casa positivo | attacco trasferta positivo | difesa casa vulnerabile | profilo over interno positivo || CONTRO: trend over casa non forte | trend over trasferta non forte | profilo over esterno debole | BTTS basso: possibile partita a senso unico;0.63;11.82;8.86;7.27;4.55;6.0;6.0;10.0;0.0;6.0;2.5.0
2026-08-22;Slovakia_2Liga;Presov;Inter Bratislava;61.0;MEDIA;5;2026-08-21;Slovakia_2Liga;Slovakia_2Liga;;PRO: attacco casa positivo | attacco trasferta positivo | difesa casa vulnerabile | trend over recente trasferta | profilo over esterno positivo || CONTRO: trend over casa non forte | profilo over interno debole | BTTS basso: possibile partita a senso unico;0.8;8.86;10.34;5.45;4.55;6.0;9.0;0.0;10.0;6.0;2.5.0
2026-08-22;Australia_VictoriaPremierLeague;Melbourne Srbija;Bulleen;60.97;MEDIA;27;2026-08-21;Australia_VictoriaPremierLeague;Australia_VictoriaPremierLeague;;PRO: attacco trasferta positivo | trend over recente trasferta | profilo over esterno positivo || CONTRO: attacco casa non dominante | trend over casa non forte | profilo over interno debole | BTTS basso: possibile partita a senso unico;1.85;6.89;11.33;3.79;5.87;2.4;9.6;5.0;7.5;6.75;2.5.0
2026-08-22;Sweden_Division2_SodraSvealand;Haninge;Nykopings;60.85;MEDIA;18;2026-08-21;Sweden_Division2_SodraSvealand;Sweden_Division2_SodraSvealand;;PRO: attacco casa positivo | attacco trasferta positivo | difesa casa vulnerabile | trend over recente casa | profilo over interno positivo || CONTRO: trend over trasferta non forte | profilo over esterno debole | BTTS basso: possibile partita a senso unico || CONTRO V25: v25: sfida equilibrata di alta classifica (gap punti 3.0, gap PPG 0.06) con difesa trasferta sotto 1 gol subito a partita;0.92;13.0;10.51;6.63;4.29;9.6;4.8;7.5;3.75;5.84;2.5.0
2026-08-22;Iceland_Division_1;Fylkir;Grindavik;60.8;MEDIA;30;2026-08-21;Iceland_Division_1;Iceland_Division_1;;PRO: attacco casa positivo | difesa casa vulnerabile | trend over recente casa || CONTRO: ospite poco prolifico: rischio 1-0 / 2-0 | trend over trasferta non forte | profilo over interno debole | profilo over esterno debole | BTTS basso: possibile partita a senso unico;2.73;10.48;5.61;6.28;5.68;8.4;4.8;5.83;5.56;5.43;2.5.0
2026-08-22;Wales_CymruSouth;Cardiff Draconians;Llanelli;60.67;MEDIA;3;2026-08-21;Wales_CymruSouth;Wales_CymruSouth;Wales_CymruTier2;PRO: difesa trasferta vulnerabile | difesa casa vulnerabile | profilo over interno positivo | profilo over esterno positivo || CONTRO: attacco casa non dominante | ospite poco prolifico: rischio 1-0 / 2-0 | v22 monitora possibile sopravvalutazione weak_ga | trend over casa non forte | trend over trasferta non forte | BTTS basso: possibile partita a senso unico;0.4;2.95;2.95;7.27;9.09;6.0;6.0;10.0;10.0;6.0;2.5.0
2026-08-22;Serbia_SuperLiga;OFK Belgrado;Zemun;60.6;MEDIA;6;2026-08-21;Serbia_SuperLiga;Serbia_SuperLiga;;PRO: difesa trasferta vulnerabile | difesa casa vulnerabile | trend over recente casa | trend over recente trasferta | profilo over esterno positivo || CONTRO: attacco casa non dominante | ospite poco prolifico: rischio 1-0 / 2-0 | v22 monitora possibile sopravvalutazione weak_ga | profilo over interno debole | BTTS basso: possibile partita a senso unico;1.6;7.09;2.36;6.55;10.0;7.2;7.2;5.0;10.0;3.6;2.5.0
2026-08-22;Poland_IIILiga_Group4;Star Starachowice;Busko-Zdroj;60.48;MEDIA;4;2026-08-21;Poland_IIILiga_Group4;Poland_IIILiga_Group4;;PRO: attacco trasferta positivo | difesa trasferta vulnerabile | trend over recente trasferta | profilo over esterno positivo || CONTRO: attacco casa non dominante | v22 monitora possibile sopravvalutazione weak_ga | trend over casa non forte | profilo over interno debole | BTTS basso: possibile partita a senso unico;1.06;3.94;9.85;3.64;10.0;4.0;12.0;0.0;10.0;6.0;2.5.0
2026-08-22;Austria_Regionalliga_East;Mattersburg SV 2020;Warth;60.32;MEDIA;4;2026-08-21;Austria_Regionalliga_East;Austria_Regionalliga_East;;PRO: attacco trasferta positivo | difesa casa vulnerabile | trend over recente trasferta | profilo over esterno positivo || CONTRO: attacco casa non dominante | trend over casa non forte | profilo over interno debole | BTTS basso: possibile partita a senso unico;5.2;1.97;11.82;7.27;6.06;4.0;8.0;0.0;10.0;6.0;2.5.0
2026-08-22;Sweden_Division1_Sodra;Jonkoping;Rosengard;60.22;MEDIA;20;2026-08-21;Sweden_Division1_Sodra;Sweden_Division1_Sodra;;PRO: attacco trasferta positivo | trend over recente trasferta | profilo over interno positivo || CONTRO: attacco casa non dominante | trend over casa non forte | profilo over esterno debole | BTTS basso: possibile partita a senso unico;1.6;8.34;9.73;4.06;5.88;4.8;8.4;6.25;4.44;6.71;2.5.0
2026-08-22;Sweden_Division1_Sodra;Trollhättan;Trelleborg;60.21;MEDIA;20;2026-08-21;Sweden_Division1_Sodra;Sweden_Division1_Sodra;;PRO: attacco trasferta positivo | difesa casa vulnerabile | trend over recente trasferta | alta tendenza BTTS || CONTRO: attacco casa non dominante | trend over casa non forte | profilo over interno debole | profilo over esterno debole;4.0;6.95;12.47;5.78;4.55;3.6;7.2;2.22;5.56;7.88;2.5.0
2026-08-22;Latvia_Virsliga;Super Nova;BFC Daugavpils;59.95;BASSA;28;2026-08-21;Latvia_Virsliga;Latvia_Virsliga;;PRO: difesa casa vulnerabile | trend over recente casa | profilo over interno positivo | profilo over esterno positivo || CONTRO: attacco casa non dominante | ospite poco prolifico: rischio 1-0 / 2-0 | trend over trasferta non forte | BTTS basso: possibile partita a senso unico;0.67;6.5;8.16;6.18;5.19;8.4;4.8;7.0;6.0;7.04;2.5.0
2026-08-22;Slovakia_2Liga;MFK Bytca;Z. Moravce-Vrable;59.83;BASSA;5;2026-08-21;Slovakia_2Liga;Slovakia_2Liga;;PRO: difesa casa vulnerabile | trend over recente casa | profilo over interno positivo || CONTRO: attacco casa non dominante | ospite poco prolifico: rischio 1-0 / 2-0 | trend over trasferta non forte | profilo over esterno debole | BTTS basso: possibile partita a senso unico;2.4;1.48;5.91;8.0;4.55;12.0;6.0;10.0;5.0;4.5;2.5.0
2026-08-22;Poland_IIILiga_Group2;Wrzesnia;Kotwica Kornik;59.8;BASSA;5;2026-08-21;Poland_IIILiga_Group2;Poland_IIILiga_Group2;;PRO: difesa trasferta vulnerabile | difesa casa vulnerabile | trend over recente casa | profilo over interno positivo || CONTRO: attacco casa non dominante | ospite poco prolifico: rischio 1-0 / 2-0 | v22 monitora possibile sopravvalutazione weak_ga | trend over trasferta non forte | profilo over esterno debole | BTTS basso: possibile partita a senso unico;0.46;4.43;5.91;8.0;10.0;9.0;6.0;10.0;0.0;6.0;2.5.0
2026-08-22;Paraguay_DivisionIntermedia;Atl. Tembetary;Fernando de la Mora;59.68;BASSA;3;2026-08-21;Paraguay_DivisionIntermedia;Paraguay_DivisionIntermedia;;PRO: difesa trasferta vulnerabile | difesa casa vulnerabile | trend over recente casa | profilo over interno positivo || CONTRO: attacco casa non dominante | ospite poco prolifico: rischio 1-0 / 2-0 | v22 monitora possibile sopravvalutazione weak_ga | trend over trasferta non forte | profilo over esterno debole | BTTS basso: possibile partita a senso unico;2.0;2.95;5.91;8.0;6.82;12.0;6.0;10.0;0.0;6.0;2.5.0
2026-08-22;SouthKorea_KLeague2;Ansan Greeners;Seongnam;59.58;BASSA;23;2026-08-21;SouthKorea_KLeague2;SouthKorea_KLeague2;;PRO: difesa casa vulnerabile | trend over recente casa | profilo over interno positivo | alta tendenza BTTS || CONTRO: attacco casa non dominante | ospite poco prolifico: rischio 1-0 / 2-0 | trend over trasferta non forte | profilo over esterno debole;1.5;6.19;6.2;6.93;5.45;8.4;4.8;7.5;5.0;7.6;2.5.0
2026-08-22;Georgia_ErovnuliLiga;Rustavi;Gagra;59.5;BASSA;3;2026-08-21;Georgia_ErovnuliLiga;Georgia_ErovnuliLiga;;PRO: attacco casa positivo | attacco trasferta positivo | difesa trasferta vulnerabile | profilo over esterno positivo || CONTRO: v22 monitora possibile sopravvalutazione weak_ga | trend over casa non forte | trend over trasferta non forte | profilo over interno debole | BTTS basso: possibile partita a senso unico;4.0;11.82;8.86;0.0;6.82;6.0;6.0;0.0;10.0;6.0;2.5.0
2026-08-22;SouthKorea_KLeague1;Jeonbuk;Ulsan HD;59.46;BASSA;24;2026-08-21;SouthKorea_KLeague1;SouthKorea_KLeague1;;PRO: attacco trasferta positivo | difesa trasferta vulnerabile | trend over recente trasferta | profilo over interno positivo || CONTRO: attacco casa non dominante | v22 monitora possibile sopravvalutazione weak_ga | trend over casa non forte | profilo over esterno debole | BTTS basso: possibile partita a senso unico;1.09;7.71;9.51;3.48;6.52;4.8;8.4;6.36;4.55;7.04;2.5.0
2026-08-22;Australia_NPLNSW;Sutherland;St. George City;59.39;BASSA;30;2026-08-21;Australia_NPLNSW;Australia_NPLNSW;;PRO: attacco casa positivo | difesa trasferta vulnerabile | trend over recente casa | profilo over interno positivo || CONTRO: ospite poco prolifico: rischio 1-0 / 2-0 | v22 monitora possibile sopravvalutazione weak_ga | trend over trasferta non forte | profilo over esterno debole | BTTS basso: possibile partita a senso unico;2.4;9.37;6.11;4.64;6.74;8.4;4.8;6.43;4.29;6.21;2.5.0
2026-08-22;Germany_Oberliga_Bayern_Nord;Ammerthal;Gebenbach;59.39;BASSA;8;2026-08-21;Germany_Oberliga_Bayern_Nord;Germany_Oberliga_Bayern_Nord;;PRO: attacco trasferta positivo | trend over recente casa | profilo over interno positivo | alta tendenza BTTS || CONTRO: attacco casa non dominante | trend over trasferta non forte | profilo over esterno debole;3.53;5.91;10.83;5.09;3.03;7.2;6.0;10.0;0.0;7.8;2.5.0
2026-08-22;Australia_VictoriaPremierLeague2;Altona City;Eastern Lions;59.16;BASSA;26;2026-08-21;Australia_VictoriaPremierLeague2;Australia_VictoriaPremierLeague2;;PRO: attacco trasferta positivo | difesa trasferta vulnerabile | difesa casa vulnerabile | trend over recente trasferta | profilo over esterno positivo | alta tendenza BTTS || CONTRO: attacco casa non dominante | v22 monitora possibile sopravvalutazione weak_ga | trend over casa non forte | profilo over interno debole;1.85;5.17;9.11;5.76;7.2;4.8;7.2;2.5;8.33;7.25;2.5.0
2026-08-22;Sweden_Division2_VastraGotaland;Astrio;Boljan;59.14;BASSA;20;2026-08-21;Sweden_Division2_VastraGotaland;Sweden_Division2_VastraGotaland;;PRO: difesa casa vulnerabile | trend over recente casa | profilo over interno positivo || CONTRO: attacco casa non dominante | ospite poco prolifico: rischio 1-0 / 2-0 | trend over trasferta non forte | profilo over esterno debole | BTTS basso: possibile partita a senso unico;3.23;3.82;7.22;8.0;6.06;8.4;6.0;6.25;4.0;6.16;2.5.0
2026-08-22;Slovakia_NikeLiga;Dun. Streda;Podbrezova;59.08;BASSA;5;2026-08-21;Slovakia_NikeLiga;Slovakia_NikeLiga;;PRO: attacco casa positivo | attacco trasferta positivo | trend over recente trasferta | profilo over esterno positivo || CONTRO: trend over casa non forte | profilo over interno debole | BTTS basso: possibile partita a senso unico;0.55;11.82;11.82;1.21;5.68;4.0;9.0;0.0;10.0;5.0;2.5.0
2026-08-22;Finland_Veikkausliiga;Jaro;Oulu;59.0;BASSA;22;2026-08-21;Finland_Veikkausliiga;Finland_Veikkausliiga;;PRO: difesa casa vulnerabile | trend over recente casa | profilo over interno positivo || CONTRO: attacco casa non dominante | ospite poco prolifico: rischio 1-0 / 2-0 | trend over trasferta non forte | profilo over esterno debole | BTTS basso: possibile partita a senso unico;2.73;5.32;7.39;7.45;5.91;8.4;4.8;6.0;5.0;6.0;2.5.0
2026-08-22;Australia_NPLVictoria;Melbourne City U21;Bentleigh;58.95;BASSA;28;2026-08-21;Australia_NPLVictoria;Australia_NPLVictoria;;PRO: attacco casa positivo | difesa trasferta vulnerabile | trend over recente casa | trend over recente trasferta || CONTRO: ospite poco prolifico: rischio 1-0 / 2-0 | v22 monitora possibile sopravvalutazione weak_ga | profilo over interno debole | profilo over esterno debole | BTTS basso: possibile partita a senso unico;1.38;9.6;5.17;5.15;8.9;7.2;7.2;4.55;4.55;5.25;2.5.0
2026-08-22;Australia_NPLNSW;St George Saints;Blacktown City;58.92;BASSA;30;2026-08-21;Australia_NPLNSW;Australia_NPLNSW;;PRO: difesa trasferta vulnerabile | difesa casa vulnerabile | profilo over interno positivo | profilo over esterno positivo || CONTRO: attacco casa non dominante | ospite poco prolifico: rischio 1-0 / 2-0 | v22 monitora possibile sopravvalutazione weak_ga | trend over casa non forte | trend over trasferta non forte | BTTS basso: possibile partita a senso unico;0.4;5.5;8.15;6.39;6.9;6.0;6.0;6.43;7.14;6.0;2.5.0
2026-08-22;Lithuania_ILyga;BFA Vilnius;Neptunas;58.92;BASSA;22;2026-08-21;Lithuania_ILyga;Lithuania_ILyga;;PRO: attacco casa positivo | difesa casa vulnerabile | trend over recente casa | trend over recente trasferta | profilo over interno positivo || CONTRO: ospite poco prolifico: rischio 1-0 / 2-0 | profilo over esterno debole | BTTS basso: possibile partita a senso unico;1.6;8.71;7.98;5.55;5.45;7.2;7.2;6.0;4.0;5.23;2.5.0
2026-08-22;Germany_Oberliga_Niedersachsen;Meppen 2;Heeslinger;58.8;BASSA;3;2026-08-21;Germany_Oberliga_Niedersachsen;Germany_Oberliga_Niedersachsen;;PRO: attacco trasferta positivo | difesa casa vulnerabile | profilo over esterno positivo || CONTRO: attacco casa non dominante | trend over casa non forte | trend over trasferta non forte | profilo over interno debole | BTTS basso: possibile partita a senso unico;3.53;5.91;11.82;7.27;2.27;6.0;6.0;0.0;10.0;6.0;2.5.0
2026-08-22;CzechRepublic_4Liga_GroupE;Nove Sady;Bzenec-Vracov;58.71;BASSA;3;2026-08-21;CzechRepublic_4Liga_GroupE;CzechRepublic_4Liga_GroupE;CzechRepublic_4Liga;PRO: difesa trasferta vulnerabile | difesa casa vulnerabile | trend over recente trasferta | profilo over esterno positivo || CONTRO: attacco casa non dominante | ospite poco prolifico: rischio 1-0 / 2-0 | v22 monitora possibile sopravvalutazione weak_ga | trend over casa non forte | profilo over interno debole | BTTS basso: possibile partita a senso unico;0.8;2.95;2.95;8.0;10.0;6.0;12.0;0.0;10.0;6.0;2.5.0
2026-08-22;CzechRepublic_4Liga_GroupA;Petrin Plzen;Sobeslav;58.59;BASSA;3;2026-08-21;CzechRepublic_4Liga_GroupA;CzechRepublic_4Liga_GroupA;CzechRepublic_4Liga;PRO: attacco trasferta positivo | difesa trasferta vulnerabile | trend over recente trasferta | profilo over esterno positivo || CONTRO: attacco casa non dominante | v22 monitora possibile sopravvalutazione weak_ga | trend over casa non forte | profilo over interno debole | BTTS basso: possibile partita a senso unico;6.0;2.95;13.0;1.82;6.82;0.0;12.0;0.0;10.0;6.0;2.5.0
2026-08-22;Denmark_3rdDivision;Sundby;Horsholm-Usserod;58.55;BASSA;4;2026-08-21;Denmark_3rdDivision;Denmark_3rdDivision;;PRO: attacco trasferta positivo | difesa casa vulnerabile | trend over recente casa | alta tendenza BTTS || CONTRO: attacco casa non dominante | trend over trasferta non forte | profilo over interno debole | profilo over esterno debole;2.73;5.91;9.85;8.0;6.06;12.0;4.0;0.0;0.0;10.0;2.5.0
2026-08-22;Finland_Ykkonen;Tampere Utd;Rovaniemi;58.43;BASSA;23;2026-08-21;Finland_Ykkonen;Finland_Ykkonen;;PRO: attacco casa positivo | attacco trasferta positivo | trend over recente trasferta | profilo over interno positivo || CONTRO: trend over casa non forte | profilo over esterno debole | BTTS basso: possibile partita a senso unico || CONTRO V25: v25: sfida equilibrata di alta classifica (gap punti 4.0, gap PPG 0.20) con difesa casa sotto 1 gol subito a partita;0.55;12.41;13.0;2.91;6.36;6.0;8.4;6.0;4.0;4.8;2.5.0
2026-08-22;Romania_Liga2;CSM Slatina;Metalul Buzau;58.34;BASSA;4;2026-08-21;Romania_Liga2;Romania_Liga2;;PRO: attacco casa positivo | attacco trasferta positivo | profilo over interno positivo || CONTRO: trend over casa non forte | trend over trasferta non forte | profilo over esterno debole | BTTS basso: possibile partita a senso unico;1.43;13.0;11.82;1.82;2.27;6.0;6.0;10.0;0.0;6.0;2.5.0
2026-08-22;Switzerland_PromotionLeague;Amical Saint-Prex;YF Juventus;58.31;BASSA;5;2026-08-21;Switzerland_PromotionLeague;Switzerland_PromotionLeague;;PRO: difesa trasferta vulnerabile | difesa casa vulnerabile | trend over recente casa | trend over recente trasferta | profilo over esterno positivo || CONTRO: attacco casa non dominante | ospite poco prolifico: rischio 1-0 / 2-0 | v22 monitora possibile sopravvalutazione weak_ga | profilo over interno debole | BTTS basso: possibile partita a senso unico;0.46;3.94;5.91;8.0;10.0;8.0;8.0;0.0;10.0;4.0;2.5.0
2026-08-22;Germany_Regionalliga_Sudwest;Aalen;Eint. Frankfurt 2;58.22;BASSA;3;2026-08-21;Germany_Regionalliga_Sudwest;Germany_Regionalliga_Sudwest;;PRO: difesa trasferta vulnerabile | trend over recente trasferta | profilo over esterno positivo | alta tendenza BTTS || CONTRO: attacco casa non dominante | ospite poco prolifico: rischio 1-0 / 2-0 | v22 monitora possibile sopravvalutazione weak_ga | trend over casa non forte | profilo over interno debole;1.76;5.91;5.91;3.64;10.0;0.0;12.0;0.0;10.0;9.0;2.5.0
2026-08-22;Norway_OBOSLigaen;Sandnes;Bryne;58.01;BASSA;19;2026-08-21;Norway_OBOSLigaen;Norway_OBOSLigaen;;PRO: attacco casa positivo | difesa trasferta vulnerabile | difesa casa vulnerabile || CONTRO: ospite poco prolifico: rischio 1-0 / 2-0 | v22 monitora possibile sopravvalutazione weak_ga | trend over casa non forte | trend over trasferta non forte | profilo over interno debole | profilo over esterno debole | BTTS basso: possibile partita a senso unico;1.2;8.54;8.21;6.87;6.82;6.0;3.6;5.56;5.56;5.67;2.5.0
2026-08-22;Australia_NSWLeagueOne;Northern Tigers;Macarthur Rams;57.88;BASSA;31;2026-08-21;Australia_NSWLeagueOne;Australia_NSWLeagueOne;;PRO: attacco casa positivo | trend over recente casa || CONTRO: ospite poco prolifico: rischio 1-0 / 2-0 | trend over trasferta non forte | profilo over interno debole | profilo over esterno debole | BTTS basso: possibile partita a senso unico;0.8;10.39;7.95;3.64;5.02;9.6;6.0;5.0;3.08;6.41;2.5.0
2026-08-22;Portugal_LigaPortugal2;Lusitania FC;Torreense;57.64;BASSA;3;2026-08-21;Portugal_LigaPortugal2;Portugal_LigaPortugal2;;PRO: attacco casa positivo | attacco trasferta positivo | difesa trasferta vulnerabile | trend over recente trasferta | profilo over esterno positivo || CONTRO: v22 monitora possibile sopravvalutazione weak_ga | trend over casa non forte | profilo over interno debole | BTTS basso: possibile partita a senso unico;2.82;8.86;8.86;0.0;9.09;0.0;12.0;0.0;10.0;6.0;2.5.0
2026-08-22;Hungary_NBII;Ajka;Nagykanizsa;57.61;BASSA;5;2026-08-21;Hungary_NBII;Hungary_NBII;;PRO: attacco casa positivo | difesa trasferta vulnerabile | alta tendenza BTTS || CONTRO: ospite poco prolifico: rischio 1-0 / 2-0 | v22 monitora possibile sopravvalutazione weak_ga | trend over casa non forte | trend over trasferta non forte | profilo over interno debole | profilo over esterno debole;2.4;9.85;5.91;3.64;6.82;4.0;6.0;5.0;5.0;9.0;2.5.0
2026-08-22;Poland_Ekstraklasa;Korona;Motor Lublin;57.45;BASSA;5;2026-08-21;Poland_Ekstraklasa;Poland_Ekstraklasa;;PRO: difesa trasferta vulnerabile | trend over recente trasferta | profilo over esterno positivo | alta tendenza BTTS || CONTRO: attacco casa non dominante | ospite poco prolifico: rischio 1-0 / 2-0 | v22 monitora possibile sopravvalutazione weak_ga | trend over casa non forte | profilo over interno debole;1.06;5.91;7.39;3.64;7.95;4.0;9.0;0.0;10.0;8.5;2.5.0
2026-08-22;Austria_Tirol;Kolsass Weer;Stubai;57.44;BASSA;4;2026-08-21;Austria_Tirol;Austria_Tirol;;PRO: attacco trasferta positivo | difesa trasferta vulnerabile | trend over recente trasferta | profilo over esterno positivo || CONTRO: attacco casa non dominante | v22 monitora possibile sopravvalutazione weak_ga | trend over casa non forte | profilo over interno debole | BTTS basso: possibile partita a senso unico;3.23;3.94;9.85;2.42;10.0;0.0;12.0;0.0;10.0;6.0;2.5.0
2026-08-22;Belgium_JupilerProLeague;Waregem;Beveren;57.24;BASSA;3;2026-08-21;Belgium_JupilerProLeague;Belgium_JupilerProLeague;;PRO: profilo over interno positivo | profilo over esterno positivo || CONTRO: attacco casa non dominante | ospite poco prolifico: rischio 1-0 / 2-0 | trend over casa non forte | trend over trasferta non forte | BTTS basso: possibile partita a senso unico;1.06;5.91;5.91;1.82;4.55;6.0;6.0;10.0;10.0;6.0;2.5.0
2026-08-22;Germany_Regionalliga_Sudwest;Ulm;Fulda-Lehnerz;57.05;BASSA;3;2026-08-21;Germany_Regionalliga_Sudwest;Germany_Regionalliga_Sudwest;;PRO: attacco trasferta positivo | difesa trasferta vulnerabile | difesa casa vulnerabile || CONTRO: attacco casa non dominante | v22 monitora possibile sopravvalutazione weak_ga | trend over casa non forte | trend over trasferta non forte | profilo over interno debole | profilo over esterno debole | BTTS basso: possibile partita a senso unico;4.24;5.91;11.82;8.0;9.09;6.0;6.0;0.0;0.0;6.0;2.5.0
2026-08-22;Russia_PremierLeague;Akhmat Grozny;FK Rostov;56.7;BASSA;5;2026-08-21;Russia_PremierLeague;Russia_PremierLeague;;PRO: attacco trasferta positivo | profilo over interno positivo | profilo over esterno positivo | alta tendenza BTTS || CONTRO: attacco casa non dominante | trend over casa non forte | trend over trasferta non forte;2.4;2.95;8.86;3.64;5.68;3.0;6.0;10.0;6.67;7.5;2.5.0
2026-08-22;Sweden_Allsvenskan;Orgryte;Halmstad;56.61;BASSA;23;2026-08-21;Sweden_Allsvenskan;Sweden_Allsvenskan;;PRO: difesa trasferta vulnerabile | difesa casa vulnerabile | trend over recente casa | profilo over interno positivo || CONTRO: attacco casa non dominante | ospite poco prolifico: rischio 1-0 / 2-0 | v22 monitora possibile sopravvalutazione weak_ga | trend over trasferta non forte | profilo over esterno debole | BTTS basso: possibile partita a senso unico;0.4;7.3;3.82;8.0;9.09;8.4;3.6;6.25;3.75;6.0;2.5.0
2026-08-22;Finland_Ykkosliiga;Ekenas;KTP;56.6;BASSA;23;2026-08-21;Finland_Ykkosliiga;Finland_Ykkosliiga;;PRO: attacco trasferta positivo | difesa casa vulnerabile | trend over recente trasferta || CONTRO: attacco casa non dominante | trend over casa non forte | profilo over interno debole | profilo over esterno debole | BTTS basso: possibile partita a senso unico;2.67;8.09;10.26;5.74;4.78;3.6;7.2;5.56;3.33;5.37;2.5.0
2026-08-22;Germany_Regionalliga_West;Wiedenbruck;Hilden;56.48;BASSA;4;2026-08-21;Germany_Regionalliga_West;Germany_Regionalliga_West;;PRO: difesa casa vulnerabile | trend over recente casa | profilo over interno positivo | alta tendenza BTTS || CONTRO: attacco casa non dominante | ospite poco prolifico: rischio 1-0 / 2-0 | trend over trasferta non forte | profilo over esterno debole;3.18;7.88;5.91;8.0;1.52;12.0;0.0;10.0;0.0;8.0;2.5.0
2026-08-22;CzechRepublic_3CFL_GroupB;Brozany;Pardubice B;56.36;BASSA;3;2026-08-21;CzechRepublic_3CFL_GroupB;CzechRepublic_3CFL_GroupB;CzechRepublic_3rdTier;PRO: difesa casa vulnerabile | profilo over esterno positivo || CONTRO: attacco casa non dominante | ospite poco prolifico: rischio 1-0 / 2-0 | trend over casa non forte | trend over trasferta non forte | profilo over interno debole | BTTS basso: possibile partita a senso unico;4.0;5.91;5.91;8.0;4.55;6.0;6.0;0.0;10.0;6.0;2.5.0
2026-08-22;Lithuania_ILyga;Dainava Alytus;Atmosfera;56.18;BASSA;22;2026-08-21;Lithuania_ILyga;Lithuania_ILyga;;PRO: attacco casa positivo | attacco trasferta positivo | profilo over esterno positivo || CONTRO: trend over casa non forte | trend over trasferta non forte | profilo over interno debole | BTTS basso: possibile partita a senso unico;1.6;9.95;9.02;3.44;5.74;4.8;3.6;5.45;6.25;6.32;2.5.0
2026-08-22;Germany_Oberliga_Bayern_Nord;Grossbardorf;Ingolstadt 2;56.15;BASSA;8;2026-08-21;Germany_Oberliga_Bayern_Nord;Germany_Oberliga_Bayern_Nord;;PRO: attacco trasferta positivo | difesa trasferta vulnerabile | difesa casa vulnerabile | trend over recente trasferta | profilo over esterno positivo || CONTRO: attacco casa non dominante | v22 monitora possibile sopravvalutazione weak_ga | trend over casa non forte | profilo over interno debole | BTTS basso: possibile partita a senso unico;0.71;3.55;11.82;5.82;10.0;2.4;10.0;0.0;6.67;5.2;2.5.0
2026-08-22;Germany_Oberliga_Hessen;Stadtallendorf;RW Walldorf;56.12;BASSA;5;2026-08-21;Germany_Oberliga_Hessen;Germany_Oberliga_Hessen;;PRO: attacco casa positivo | difesa trasferta vulnerabile | trend over recente trasferta | alta tendenza BTTS || CONTRO: ospite poco prolifico: rischio 1-0 / 2-0 | v22 monitora possibile sopravvalutazione weak_ga | trend over casa non forte | profilo over interno debole | profilo over esterno debole;2.82;11.82;4.43;4.55;10.0;6.0;9.0;0.0;0.0;7.5;2.5.0
2026-08-22;Netherlands_Eredivisie;Heerenveen;Zwolle;55.93;BASSA;3;2026-08-21;Netherlands_Eredivisie;Netherlands_Eredivisie;;PRO: attacco casa positivo | difesa trasferta vulnerabile | profilo over esterno positivo || CONTRO: ospite poco prolifico: rischio 1-0 / 2-0 | v22 monitora possibile sopravvalutazione weak_ga | trend over casa non forte | trend over trasferta non forte | profilo over interno debole | BTTS basso: possibile partita a senso unico;2.47;8.86;2.95;3.64;10.0;6.0;6.0;0.0;10.0;6.0;2.5.0
2026-08-22;Germany_Oberliga_Hamburg;Altona;Teutonia Ottensen;55.76;BASSA;4;2026-08-21;Germany_Oberliga_Hamburg;Germany_Oberliga_Hamburg;;PRO: attacco trasferta positivo | difesa casa vulnerabile | trend over recente casa | profilo over esterno positivo || CONTRO: attacco casa non dominante | trend over trasferta non forte | profilo over interno debole | BTTS basso: possibile partita a senso unico;1.41;3.94;8.86;8.0;4.55;8.0;6.0;0.0;10.0;5.0;2.5.0
2026-08-22;Germany_Oberliga_Bayern_Nord;Neumarkt;Stadeln;55.75;BASSA;8;2026-08-21;Germany_Oberliga_Bayern_Nord;Germany_Oberliga_Bayern_Nord;;PRO: attacco trasferta positivo | difesa trasferta vulnerabile | difesa casa vulnerabile || CONTRO: attacco casa non dominante | v22 monitora possibile sopravvalutazione weak_ga | trend over casa non forte | trend over trasferta non forte | profilo over interno debole | profilo over esterno debole | BTTS basso: possibile partita a senso unico;2.82;5.91;8.86;7.27;6.82;4.8;6.0;3.33;3.33;6.6;2.5.0
2026-08-22;Estonia_Meistriliiga;Tammeka;Kuressaare;55.61;BASSA;26;2026-08-21;Estonia_Meistriliiga;Estonia_Meistriliiga;;PRO: difesa trasferta vulnerabile | difesa casa vulnerabile || CONTRO: attacco casa non dominante | ospite poco prolifico: rischio 1-0 / 2-0 | v22 monitora possibile sopravvalutazione weak_ga | trend over casa non forte | trend over trasferta non forte | profilo over interno debole | profilo over esterno debole | BTTS basso: possibile partita a senso unico;2.0;6.84;6.16;5.55;7.39;6.0;6.0;4.44;5.38;5.84;2.5.0
2026-08-22;Germany_Oberliga_Hessen;Hunfelder;Eddersheim;55.61;BASSA;5;2026-08-21;Germany_Oberliga_Hessen;Germany_Oberliga_Hessen;;PRO: attacco casa positivo | attacco trasferta positivo | alta tendenza BTTS || CONTRO: trend over casa non forte | trend over trasferta non forte | profilo over interno debole | profilo over esterno debole;0.71;13.0;11.82;4.55;4.55;6.0;6.0;0.0;0.0;9.0;2.5.0
2026-08-22;Japan_J1League;Nagoya;G-Osaka;55.61;BASSA;3;2026-08-21;Japan_J1League;Japan_J1League;;PRO: attacco trasferta positivo | difesa trasferta vulnerabile | difesa casa vulnerabile | alta tendenza BTTS || CONTRO: attacco casa non dominante | v22 monitora possibile sopravvalutazione weak_ga | trend over casa non forte | trend over trasferta non forte | profilo over interno debole | profilo over esterno debole;4.11;2.95;13.0;5.45;9.09;6.0;6.0;0.0;0.0;9.0;2.5.0
2026-08-22;Bolivia_DivisionProfesional;Aurora;Real Potosi;55.41;BASSA;20;2026-08-21;Bolivia_DivisionProfesional;Bolivia_DivisionProfesional;;PRO: attacco casa positivo | difesa casa vulnerabile | profilo over interno positivo | alta tendenza BTTS || CONTRO: ospite poco prolifico: rischio 1-0 / 2-0 | trend over casa non forte | trend over trasferta non forte | profilo over esterno debole;0.8;9.06;8.27;5.33;3.94;6.0;4.8;7.14;2.86;7.2;2.5.0
2026-08-22;Austria_Regionalliga_South;Bleiburg;A. Klagenfurt;55.28;BASSA;4;2026-08-21;Austria_Regionalliga_South;Austria_Regionalliga_South;;PRO: attacco trasferta positivo | trend over recente trasferta | profilo over interno positivo || CONTRO: attacco casa non dominante | trend over casa non forte | profilo over esterno debole | BTTS basso: possibile partita a senso unico;4.15;3.94;13.0;3.64;4.55;4.0;8.0;10.0;0.0;4.0;2.5.0
2026-08-22;Poland_IIILiga_Group3;Goczalkowice Zdroj;Nysa;55.0;BASSA;5;2026-08-21;Poland_IIILiga_Group3;Poland_IIILiga_Group3;;PRO: attacco trasferta positivo | difesa trasferta vulnerabile | difesa casa vulnerabile | trend over recente trasferta | alta tendenza BTTS || CONTRO: attacco casa non dominante | v22 monitora possibile sopravvalutazione weak_ga | trend over casa non forte | profilo over interno debole | profilo over esterno debole;3.23;2.95;8.86;6.36;9.09;3.0;9.0;0.0;5.0;7.5;2.5.0
2026-08-22;Sweden_Division1_Norra;Sollentuna;Karlstad;54.96;BASSA;20;2026-08-21;Sweden_Division1_Norra;Sweden_Division1_Norra;;PRO: attacco trasferta positivo | difesa casa vulnerabile | trend over recente casa || CONTRO: attacco casa non dominante | trend over trasferta non forte | profilo over interno debole | profilo over esterno debole | BTTS basso: possibile partita a senso unico;4.0;5.25;9.73;5.66;3.48;7.2;6.0;4.44;3.75;5.45;2.5.0
2026-08-22;Romania_Liga2;FC ASA Tg. Mures;Gloria Bistrita;54.77;BASSA;4;2026-08-21;Romania_Liga2;Romania_Liga2;;PRO: attacco trasferta positivo | difesa casa vulnerabile | trend over recente trasferta | profilo over esterno positivo || CONTRO: attacco casa non dominante | trend over casa non forte | profilo over interno debole | BTTS basso: possibile partita a senso unico;2.0;2.95;11.82;5.45;4.55;0.0;12.0;0.0;10.0;6.0;2.5.0
2026-08-22;Belarus_VysshayaLiga;Naftan;Neman;54.64;BASSA;21;2026-08-21;Belarus_VysshayaLiga;Belarus_VysshayaLiga;;PRO: difesa casa vulnerabile | trend over recente casa || CONTRO: attacco casa non dominante | ospite poco prolifico: rischio 1-0 / 2-0 | trend over trasferta non forte | profilo over interno debole | profilo over esterno debole | BTTS basso: possibile partita a senso unico;3.2;5.56;6.26;8.0;4.55;9.6;6.0;3.33;2.5;5.65;2.5.0
2026-08-22;Poland_IIILiga_Group4;Korona 2;Czarni Polaniec;54.23;BASSA;4;2026-08-21;Poland_IIILiga_Group4;Poland_IIILiga_Group4;;PRO: attacco casa positivo | difesa casa vulnerabile | trend over recente casa | profilo over interno positivo || CONTRO: ospite poco prolifico: rischio 1-0 / 2-0 | trend over trasferta non forte | profilo over esterno debole | BTTS basso: possibile partita a senso unico;0.35;9.85;1.97;8.0;6.06;12.0;0.0;10.0;0.0;6.0;2.5.0
2026-08-22;Portugal_LigaPortugal;Maritimo;Academico Viseu;54.23;BASSA;3;2026-08-21;Portugal_LigaPortugal;Portugal_LigaPortugal;;PRO: attacco casa positivo | difesa trasferta vulnerabile | profilo over esterno positivo || CONTRO: ospite poco prolifico: rischio 1-0 / 2-0 | v22 monitora possibile sopravvalutazione weak_ga | trend over casa non forte | trend over trasferta non forte | profilo over interno debole | BTTS basso: possibile partita a senso unico;2.82;8.86;5.91;1.82;6.82;6.0;6.0;0.0;10.0;6.0;2.5.0
2026-08-22;Germany_Oberliga_Bayern_Nord;Neudrossenfeld;Nordlingen;53.99;BASSA;8;2026-08-21;Germany_Oberliga_Bayern_Nord;Germany_Oberliga_Bayern_Nord;;PRO: difesa trasferta vulnerabile | trend over recente casa || CONTRO: attacco casa non dominante | ospite poco prolifico: rischio 1-0 / 2-0 | v22 monitora possibile sopravvalutazione weak_ga | trend over trasferta non forte | profilo over interno debole | profilo over esterno debole | BTTS basso: possibile partita a senso unico;0.35;7.88;5.91;4.85;8.33;8.0;6.0;3.33;3.33;6.0;2.5.0
2026-08-22;Belarus_VysshayaLiga;Belshina;Arsenal Dzerzhinsk;53.85;BASSA;21;2026-08-21;Belarus_VysshayaLiga;Belarus_VysshayaLiga;;PRO: difesa trasferta vulnerabile | difesa casa vulnerabile | trend over recente trasferta || CONTRO: attacco casa non dominante | ospite poco prolifico: rischio 1-0 / 2-0 | v22 monitora possibile sopravvalutazione weak_ga | trend over casa non forte | profilo over interno debole | profilo over esterno debole | BTTS basso: possibile partita a senso unico;1.6;5.17;6.57;7.05;7.32;6.0;7.2;2.5;4.44;6.0;2.5.0
2026-08-22;Australia_NPLVictoria;Dandenong City;Preston Lions;53.81;BASSA;28;2026-08-21;Australia_NPLVictoria;Australia_NPLVictoria;;PRO: attacco trasferta positivo || CONTRO: attacco casa non dominante | trend over casa non forte | trend over trasferta non forte | profilo over interno debole | profilo over esterno debole | BTTS basso: possibile partita a senso unico;1.85;7.95;9.85;4.2;3.41;6.0;6.0;5.38;4.17;5.0;2.5.0
2026-08-22;Wales_CymruNorth;Caersws;Newtown;53.41;BASSA;3;2026-08-21;Wales_CymruNorth;Wales_CymruNorth;Wales_CymruTier2;PRO: attacco casa positivo | attacco trasferta positivo | difesa casa vulnerabile || CONTRO: trend over casa non forte | trend over trasferta non forte | profilo over interno debole | profilo over esterno debole | BTTS basso: possibile partita a senso unico;4.0;8.86;13.0;7.27;2.27;6.0;6.0;0.0;0.0;6.0;2.5.0
2026-08-22;CzechRepublic_3MSFL;Vitkovice;Nove Mesto na Morave;53.33;BASSA;4;2026-08-21;CzechRepublic_3MSFL;CzechRepublic_3MSFL;;PRO: difesa trasferta vulnerabile | difesa casa vulnerabile | trend over recente trasferta | profilo over esterno positivo || CONTRO: attacco casa non dominante | ospite poco prolifico: rischio 1-0 / 2-0 | v22 monitora possibile sopravvalutazione weak_ga | trend over casa non forte | profilo over interno debole | BTTS basso: possibile partita a senso unico;1.85;3.94;5.91;6.06;7.58;4.0;8.0;0.0;10.0;6.0;2.5.0
2026-08-22;Australia_WAStateLeague;Curtin Univ;Inglewood;52.84;BASSA;22;2026-08-21;Australia_WAStateLeague;Australia_WAStateLeague;;PRO: difesa casa vulnerabile | trend over recente casa | profilo over interno positivo || CONTRO: attacco casa non dominante | ospite poco prolifico: rischio 1-0 / 2-0 | trend over trasferta non forte | profilo over esterno debole | BTTS basso: possibile partita a senso unico;3.27;5.35;6.19;6.41;5.19;8.4;3.6;6.0;3.0;5.43;2.5.0
2026-08-22;Slovenia_PrvaLiga;Mura;Koper;52.78;BASSA;6;2026-08-21;Slovenia_PrvaLiga;Slovenia_PrvaLiga;;PRO: attacco casa positivo | difesa casa vulnerabile | trend over recente casa | alta tendenza BTTS || CONTRO: ospite poco prolifico: rischio 1-0 / 2-0 | trend over trasferta non forte | profilo over interno debole | profilo over esterno debole;0.67;9.45;5.91;8.0;4.55;9.6;2.4;5.0;0.0;7.2;2.5.0
2026-08-22;Romania_Liga2;Popesti Leordeni;CSM Resita;52.23;BASSA;4;2026-08-21;Romania_Liga2;Romania_Liga2;;PRO: attacco casa positivo | attacco trasferta positivo | difesa casa vulnerabile | profilo over interno positivo || CONTRO: trend over casa non forte | trend over trasferta non forte | profilo over esterno debole | BTTS basso: possibile partita a senso unico;1.14;11.82;11.82;5.45;0.0;6.0;0.0;10.0;0.0;6.0;2.5.0
2026-08-22;Russia_FNL;Ulyanovsk;Yaroslavl;51.66;BASSA;8;2026-08-21;Russia_FNL;Russia_FNL;;PRO: attacco trasferta positivo | difesa casa vulnerabile || CONTRO: attacco casa non dominante | trend over casa non forte | trend over trasferta non forte | profilo over interno debole | profilo over esterno debole | BTTS basso: possibile partita a senso unico;0.71;5.91;8.86;5.45;6.06;6.0;6.0;3.33;3.33;6.0;2.5.0
2026-08-22;Mexico_LigaMX_Apertura;Juarez;Club America;51.41;BASSA;5;2026-08-21;Mexico_LigaMX_Apertura;Mexico_LigaMX_Apertura;;PRO: attacco trasferta positivo | difesa casa vulnerabile || CONTRO: attacco casa non dominante | trend over casa non forte | trend over trasferta non forte | profilo over interno debole | profilo over esterno debole | BTTS basso: possibile partita a senso unico;6.0;2.95;11.82;8.0;1.14;6.0;6.0;5.0;0.0;4.5;2.5.0
2026-08-22;Mexico_LigaExpansionMX_Apertura;Atletico La Paz;Cruz Azul Hidalgo;51.39;BASSA;5;2026-08-21;Mexico_LigaExpansionMX_Apertura;Mexico_LigaExpansionMX_Apertura;;PRO: attacco casa positivo | difesa trasferta vulnerabile || CONTRO: ospite poco prolifico: rischio 1-0 / 2-0 | v22 monitora possibile sopravvalutazione weak_ga | trend over casa non forte | trend over trasferta non forte | profilo over interno debole | profilo over esterno debole | BTTS basso: possibile partita a senso unico;2.57;13.0;2.95;4.55;6.82;6.0;6.0;0.0;5.0;4.5;2.5.0
2026-08-22;Poland_Ekstraklasa;Slask;Widzew Lodz;51.3;BASSA;5;2026-08-21;Poland_Ekstraklasa;Poland_Ekstraklasa;;PRO: trend over recente casa | alta tendenza BTTS || CONTRO: attacco casa non dominante | ospite poco prolifico: rischio 1-0 / 2-0 | trend over trasferta non forte | profilo over interno debole | profilo over esterno debole;1.41;5.91;7.39;4.55;4.55;9.0;6.0;5.0;0.0;7.5;2.5.0
2026-08-22;Switzerland_PromotionLeague;Bavois;Bruhl SG;51.26;BASSA;5;2026-08-21;Switzerland_PromotionLeague;Switzerland_PromotionLeague;;PRO: attacco trasferta positivo | profilo over interno positivo || CONTRO: attacco casa non dominante | trend over casa non forte | trend over trasferta non forte | profilo over esterno debole | BTTS basso: possibile partita a senso unico;1.38;7.88;11.82;3.64;4.55;4.0;4.0;10.0;0.0;4.0;2.5.0
2026-08-22;Romania_Superliga;Din. Bucuresti;U. Cluj;51.09;BASSA;6;2026-08-21;Romania_Superliga;Romania_Superliga;;PRO: attacco casa positivo | attacco trasferta positivo | trend over recente trasferta | profilo over interno positivo || CONTRO: trend over casa non forte | profilo over esterno debole | BTTS basso: possibile partita a senso unico || CONTRO V25: v25: sfida equilibrata di alta classifica (gap punti 1.0, gap PPG 0.25) con difesa casa sotto 1 gol subito a partita | v25 extra: difesa stagionale molto solida (0.60 GA per partita);0.8;13.0;8.86;2.18;4.55;4.8;9.0;10.0;0.0;6.9;2.5.0
2026-08-22;Germany_Regionalliga_West;Oberhausen;Colonia 2;50.96;BASSA;4;2026-08-21;Germany_Regionalliga_West;Germany_Regionalliga_West;;PRO: difesa trasferta vulnerabile | trend over recente casa | trend over recente trasferta | alta tendenza BTTS || CONTRO: attacco casa non dominante | ospite poco prolifico: rischio 1-0 / 2-0 | v22 monitora possibile sopravvalutazione weak_ga | profilo over interno debole | profilo over esterno debole;3.18;7.88;5.91;2.42;7.58;8.0;8.0;0.0;0.0;8.0;2.5.0
2026-08-22;Slovakia_NikeLiga;Michalovce;Skalica;50.93;BASSA;5;2026-08-21;Slovakia_NikeLiga;Slovakia_NikeLiga;;PRO: attacco trasferta positivo | difesa trasferta vulnerabile | difesa casa vulnerabile | trend over recente trasferta | alta tendenza BTTS || CONTRO: attacco casa non dominante | v22 monitora possibile sopravvalutazione weak_ga | trend over casa non forte | profilo over interno debole | profilo over esterno debole;2.73;1.48;11.82;5.45;7.95;0.0;9.0;0.0;5.0;7.5;2.5.0
2026-08-22;Belarus_PershayaLiga;Smorgon;Ostrovets;50.65;BASSA;22;2026-08-21;Belarus_PershayaLiga;Belarus_PershayaLiga;;PRO: difesa trasferta vulnerabile | difesa casa vulnerabile || CONTRO: attacco casa non dominante | ospite poco prolifico: rischio 1-0 / 2-0 | v22 monitora possibile sopravvalutazione weak_ga | trend over casa non forte | trend over trasferta non forte | profilo over interno debole | profilo over esterno debole | BTTS basso: possibile partita a senso unico;0.71;7.09;7.09;5.27;7.05;3.6;4.8;4.0;4.44;6.6;2.5.0
2026-08-22;NorthernIreland_NIFLPremiership;C. Rangers;Coleraine;50.36;BASSA;3;2026-08-21;NorthernIreland_NIFLPremiership;NorthernIreland_NIFLPremiership;;PRO: attacco casa positivo | attacco trasferta positivo | profilo over esterno positivo || CONTRO: trend over casa non forte | trend over trasferta non forte | profilo over interno debole | BTTS basso: possibile partita a senso unico;0.55;8.86;8.86;1.82;2.27;6.0;6.0;0.0;10.0;6.0;2.5.0
2026-08-22;Austria_Bundesliga;Sturm Graz;A. Lustenau;50.12;BASSA;4;2026-08-21;Austria_Bundesliga;Austria_Bundesliga;;PRO: trend over recente trasferta | profilo over esterno positivo | alta tendenza BTTS || CONTRO: attacco casa non dominante | ospite poco prolifico: rischio 1-0 / 2-0 | trend over casa non forte | profilo over interno debole;1.09;7.88;7.88;1.21;6.06;0.0;8.0;0.0;10.0;8.0;2.5.0
2026-08-22;NorthernIreland_NIFLChampionship;Queens Univ.;Institute;50.1;BASSA;4;2026-08-21;NorthernIreland_NIFLChampionship;NorthernIreland_NIFLChampionship;;PRO: trend over recente casa | profilo over interno positivo | alta tendenza BTTS || CONTRO: attacco casa non dominante | ospite poco prolifico: rischio 1-0 / 2-0 | trend over trasferta non forte | profilo over esterno debole;0.4;7.88;3.94;4.85;3.03;8.0;4.0;10.0;0.0;8.0;2.5.0
2026-08-22;Montenegro_PrvaCrnogorskaLiga;Mladost DG;Petrovac;50.03;BASSA;4;2026-08-21;Montenegro_PrvaCrnogorskaLiga;Montenegro_PrvaCrnogorskaLiga;;PRO: difesa casa vulnerabile | trend over recente casa | profilo over interno positivo || CONTRO: attacco casa non dominante | ospite poco prolifico: rischio 1-0 / 2-0 | trend over trasferta non forte | profilo over esterno debole | BTTS basso: possibile partita a senso unico;2.67;7.88;5.91;6.06;1.52;8.0;4.0;10.0;0.0;4.0;2.5.0
2026-08-22;Russia_PremierLeague;F. Voronezh;Orenburg;49.91;BASSA;5;2026-08-21;Russia_PremierLeague;Russia_PremierLeague;;PRO: difesa trasferta vulnerabile | difesa casa vulnerabile | alta tendenza BTTS || CONTRO: attacco casa non dominante | ospite poco prolifico: rischio 1-0 / 2-0 | v22 monitora possibile sopravvalutazione weak_ga | trend over casa non forte | trend over trasferta non forte | profilo over interno debole | profilo over esterno debole;2.8;4.43;5.91;5.45;6.82;6.0;6.0;5.0;0.0;7.5;2.5.0
2026-08-22;CzechRepublic_3CFL_GroupA;Povltavska FA;Domazlice;49.86;BASSA;3;2026-08-21;CzechRepublic_3CFL_GroupA;CzechRepublic_3CFL_GroupA;CzechRepublic_3rdTier;PRO: attacco trasferta positivo | difesa casa vulnerabile | profilo over interno positivo || CONTRO: attacco casa non dominante | trend over casa non forte | trend over trasferta non forte | profilo over esterno debole | BTTS basso: possibile partita a senso unico;6.0;0.0;8.86;5.45;4.55;6.0;6.0;10.0;0.0;3.0;2.5.0
2026-08-22;Germany_Oberliga_RheinlandPfalzSaar;Mechtersheim;Elversberg 2;49.78;BASSA;5;2026-08-21;Germany_Oberliga_RheinlandPfalzSaar;Germany_Oberliga_RheinlandPfalzSaar;;PRO: difesa casa vulnerabile | trend over recente casa | profilo over interno positivo || CONTRO: attacco casa non dominante | ospite poco prolifico: rischio 1-0 / 2-0 | trend over trasferta non forte | profilo over esterno debole | BTTS basso: possibile partita a senso unico;1.41;7.88;3.94;8.0;4.55;8.0;0.0;10.0;0.0;6.0;2.5.0
2026-08-22;Poland_Division1;Termalica B-B.;Polonia W.;49.76;BASSA;5;2026-08-21;Poland_Division1;Poland_Division1;;PRO: attacco casa positivo | trend over recente casa | alta tendenza BTTS || CONTRO: ospite poco prolifico: rischio 1-0 / 2-0 | trend over trasferta non forte | profilo over interno debole | profilo over esterno debole;1.06;8.86;7.39;4.55;3.41;9.0;3.0;5.0;0.0;7.5;2.5.0
2026-08-22;Germany_Oberliga_RheinlandPfalzSaar;Hertha Wiesbach;Gonsenheim;49.61;BASSA;5;2026-08-21;Germany_Oberliga_RheinlandPfalzSaar;Germany_Oberliga_RheinlandPfalzSaar;;PRO: difesa casa vulnerabile | trend over recente casa | alta tendenza BTTS || CONTRO: attacco casa non dominante | ospite poco prolifico: rischio 1-0 / 2-0 | trend over trasferta non forte | profilo over interno debole | profilo over esterno debole;1.76;7.88;5.91;8.0;6.06;8.0;4.0;0.0;0.0;8.0;2.5.0
2026-08-22;Slovakia_3Liga_West;FKM Nove Zamky;D. Luzna;49.56;BASSA;3;2026-08-21;Slovakia_3Liga_West;Slovakia_3Liga_West;;PRO: attacco casa positivo | attacco trasferta positivo | difesa trasferta vulnerabile | profilo over esterno positivo || CONTRO: v22 monitora possibile sopravvalutazione weak_ga | trend over casa non forte | trend over trasferta non forte | profilo over interno debole | BTTS basso: possibile partita a senso unico;1.2;8.86;8.86;1.82;6.82;0.0;6.0;0.0;10.0;6.0;2.5.0
2026-08-22;Belarus_VysshayaLiga;Slavia Mozyr;Gomel;49.48;BASSA;21;2026-08-21;Belarus_VysshayaLiga;Belarus_VysshayaLiga;;PRO: attacco trasferta positivo || CONTRO: attacco casa non dominante | trend over casa non forte | trend over trasferta non forte | profilo over interno debole | profilo over esterno debole | BTTS basso: possibile partita a senso unico;2.0;6.95;8.86;4.92;3.79;6.0;3.6;5.56;1.25;6.55;2.5.0
2026-08-22;Hungary_NBII;Videoton;Mezokovesd;49.28;BASSA;5;2026-08-21;Hungary_NBII;Hungary_NBII;;PRO: attacco casa positivo | difesa casa vulnerabile | trend over recente casa | profilo over interno positivo || CONTRO: ospite poco prolifico: rischio 1-0 / 2-0 | trend over trasferta non forte | profilo over esterno debole | BTTS basso: possibile partita a senso unico;0.4;11.82;1.97;6.06;3.03;12.0;0.0;10.0;0.0;4.0;2.5.0
2026-08-22;NorthernIreland_NIFLPremiership;Crusaders;Portadown;49.05;BASSA;3;2026-08-21;NorthernIreland_NIFLPremiership;NorthernIreland_NIFLPremiership;;PRO: attacco casa positivo | difesa casa vulnerabile | trend over recente casa | profilo over interno positivo || CONTRO: ospite poco prolifico: rischio 1-0 / 2-0 | trend over trasferta non forte | profilo over esterno debole | BTTS basso: possibile partita a senso unico;2.18;8.86;0.0;5.45;4.55;12.0;0.0;10.0;0.0;6.0;2.5.0
2026-08-22;SouthKorea_KLeague1;Jeju SK;Gimcheon Sangmu;48.89;BASSA;24;2026-08-21;SouthKorea_KLeague1;SouthKorea_KLeague1;;PRO: trend over recente casa | alta tendenza BTTS || CONTRO: attacco casa non dominante | ospite poco prolifico: rischio 1-0 / 2-0 | trend over trasferta non forte | profilo over interno debole | profilo over esterno debole;3.27;6.94;5.91;3.79;5.73;7.2;2.4;3.85;2.5;7.3;2.5.0
2026-08-22;Mexico_LigaMX_Apertura;Queretaro;Toluca;48.86;BASSA;5;2026-08-21;Mexico_LigaMX_Apertura;Mexico_LigaMX_Apertura;;PRO: nessun indicatore over forte || CONTRO: attacco casa non dominante | ospite poco prolifico: rischio 1-0 / 2-0 | trend over casa non forte | trend over trasferta non forte | profilo over interno debole | profilo over esterno debole | BTTS basso: possibile partita a senso unico;1.76;7.39;7.39;3.64;5.68;6.0;6.0;5.0;0.0;6.0;2.5.0
2026-08-22;SouthKorea_KLeague1;Bucheon;Pohang;48.53;BASSA;24;2026-08-21;SouthKorea_KLeague1;SouthKorea_KLeague1;;PRO: nessun indicatore over forte || CONTRO: attacco casa non dominante | ospite poco prolifico: rischio 1-0 / 2-0 | trend over casa non forte | trend over trasferta non forte | profilo over interno debole | profilo over esterno debole | BTTS basso: possibile partita a senso unico;1.64;6.17;5.65;4.27;4.94;6.0;6.0;4.17;5.0;4.7;2.5.0
2026-08-22;CzechRepublic_1Liga;Zlin;Liberec;48.03;BASSA;5;2026-08-21;CzechRepublic_1Liga;CzechRepublic_1Liga;;PRO: difesa casa vulnerabile || CONTRO: attacco casa non dominante | ospite poco prolifico: rischio 1-0 / 2-0 | trend over casa non forte | trend over trasferta non forte | profilo over interno debole | profilo over esterno debole | BTTS basso: possibile partita a senso unico;4.8;4.43;7.39;8.0;3.41;6.0;3.0;0.0;5.0;6.0;2.5.0
2026-08-22;Japan_J1League;Okayama;Verdy;47.76;BASSA;3;2026-08-21;Japan_J1League;Japan_J1League;;PRO: difesa trasferta vulnerabile | alta tendenza BTTS || CONTRO: attacco casa non dominante | ospite poco prolifico: rischio 1-0 / 2-0 | v22 monitora possibile sopravvalutazione weak_ga | trend over casa non forte | trend over trasferta non forte | profilo over interno debole | profilo over esterno debole;2.21;5.91;5.91;3.64;9.09;6.0;6.0;0.0;0.0;9.0;2.5.0
2026-08-22;Austria_Regionalliga_West;Kufstein;Fugen;47.34;BASSA;4;2026-08-21;Austria_Regionalliga_West;Austria_Regionalliga_West;;PRO: attacco casa positivo | difesa trasferta vulnerabile | alta tendenza BTTS || CONTRO: ospite poco prolifico: rischio 1-0 / 2-0 | v22 monitora possibile sopravvalutazione weak_ga | trend over casa non forte | trend over trasferta non forte | profilo over interno debole | profilo over esterno debole;2.4;9.85;7.88;3.64;7.58;4.0;4.0;0.0;0.0;8.0;2.5.0
2026-08-22;Russia_FNL;Ural;Tekstilshtik;47.18;BASSA;8;2026-08-21;Russia_FNL;Russia_FNL;;PRO: attacco casa positivo | profilo over interno positivo || CONTRO: ospite poco prolifico: rischio 1-0 / 2-0 | trend over casa non forte | trend over trasferta non forte | profilo over esterno debole | BTTS basso: possibile partita a senso unico;2.82;9.85;4.22;1.21;5.19;6.0;5.14;6.67;2.5;3.57;2.5.0
2026-08-22;Germany_Oberliga_Hessen;Darmstadt U21;Giessen;47.13;BASSA;5;2026-08-21;Germany_Oberliga_Hessen;Germany_Oberliga_Hessen;;PRO: attacco casa positivo | alta tendenza BTTS || CONTRO: ospite poco prolifico: rischio 1-0 / 2-0 | trend over casa non forte | trend over trasferta non forte | profilo over interno debole | profilo over esterno debole;3.88;13.0;4.43;3.64;5.68;6.0;3.0;0.0;0.0;7.5;2.5.0
2026-08-22;Denmark_1stDivision;AB Copenhagen;Hvidovre IF;46.98;BASSA;6;2026-08-21;Denmark_1stDivision;Denmark_1stDivision;;PRO: attacco casa positivo | attacco trasferta positivo || CONTRO: trend over casa non forte | trend over trasferta non forte | profilo over interno debole | profilo over esterno debole | BTTS basso: possibile partita a senso unico;2.73;8.86;10.34;3.64;3.41;6.0;6.0;0.0;0.0;6.0;2.5.0
2026-08-22;Serbia_SuperLiga;Radnicki 1923;IMT Novi Beograd;46.97;BASSA;6;2026-08-21;Serbia_SuperLiga;Serbia_SuperLiga;;PRO: profilo over interno positivo || CONTRO: attacco casa non dominante | ospite poco prolifico: rischio 1-0 / 2-0 | trend over casa non forte | trend over trasferta non forte | profilo over esterno debole | BTTS basso: possibile partita a senso unico;2.0;5.91;8.27;3.64;1.82;6.0;4.8;10.0;3.33;1.2;2.5.0
2026-08-22;CzechRepublic_4Liga_GroupD;Bedrichov;Havlickuv Brod;46.95;BASSA;3;2026-08-21;CzechRepublic_4Liga_GroupD;CzechRepublic_4Liga_GroupD;CzechRepublic_4Liga;PRO: attacco trasferta positivo || CONTRO: attacco casa non dominante | trend over casa non forte | trend over trasferta non forte | profilo over interno debole | profilo over esterno debole | BTTS basso: possibile partita a senso unico;6.0;5.91;8.86;3.64;4.55;6.0;6.0;0.0;0.0;6.0;2.5.0
2026-08-22;CzechRepublic_3CFL_GroupB;Banik Most-Sous;Benatky;45.72;BASSA;3;2026-08-21;CzechRepublic_3CFL_GroupB;CzechRepublic_3CFL_GroupB;CzechRepublic_3rdTier;PRO: attacco casa positivo | profilo over interno positivo || CONTRO: ospite poco prolifico: rischio 1-0 / 2-0 | trend over casa non forte | trend over trasferta non forte | profilo over esterno debole | BTTS basso: possibile partita a senso unico;4.4;13.0;2.95;1.82;4.55;6.0;0.0;10.0;0.0;3.0;2.5.0
2026-08-22;Bulgaria_ParvaLiga;Ludogorets;Slavia Sofia;45.02;BASSA;6;2026-08-21;Bulgaria_ParvaLiga;Bulgaria_ParvaLiga;;PRO: attacco casa positivo || CONTRO: ospite poco prolifico: rischio 1-0 / 2-0 | trend over casa non forte | trend over trasferta non forte | profilo over interno debole | profilo over esterno debole | BTTS basso: possibile partita a senso unico;2.8;11.82;5.91;2.18;2.27;4.8;3.0;3.33;5.0;3.9;2.5.0
2026-08-22;CzechRepublic_4Liga_GroupA;FK Komarov;Doubravka;43.91;BASSA;3;2026-08-21;CzechRepublic_4Liga_GroupA;CzechRepublic_4Liga_GroupA;CzechRepublic_4Liga;PRO: attacco trasferta positivo | profilo over esterno positivo || CONTRO: attacco casa non dominante | trend over casa non forte | trend over trasferta non forte | profilo over interno debole | BTTS basso: possibile partita a senso unico;6.0;2.95;8.86;1.82;2.27;0.0;6.0;0.0;10.0;6.0;2.5.0
2026-08-22;Japan_J1League;C-Osaka;Shimizu;43.72;BASSA;3;2026-08-21;Japan_J1League;Japan_J1League;;PRO: difesa casa vulnerabile | trend over recente casa | profilo over interno positivo || CONTRO: attacco casa non dominante | ospite poco prolifico: rischio 1-0 / 2-0 | trend over trasferta non forte | profilo over esterno debole | BTTS basso: possibile partita a senso unico;0.32;5.91;2.95;7.27;2.27;12.0;0.0;10.0;0.0;3.0;2.5.0
2026-08-22;Romania_Superliga;UTA Arad;Corvinul;43.58;BASSA;6;2026-08-21;Romania_Superliga;Romania_Superliga;;PRO: nessun indicatore over forte || CONTRO: attacco casa non dominante | ospite poco prolifico: rischio 1-0 / 2-0 | trend over casa non forte | trend over trasferta non forte | profilo over interno debole | profilo over esterno debole | BTTS basso: possibile partita a senso unico;3.6;4.43;8.27;4.55;2.73;6.0;4.8;5.0;0.0;4.2;2.5.0
2026-08-22;Portugal_Liga3_SerieA;Ferreira;Varzim;43.55;BASSA;3;2026-08-21;Portugal_Liga3_SerieA;Portugal_Liga3_SerieA;Portugal_Liga3;PRO: attacco trasferta positivo | difesa casa vulnerabile || CONTRO: attacco casa non dominante | trend over casa non forte | trend over trasferta non forte | profilo over interno debole | profilo over esterno debole | BTTS basso: possibile partita a senso unico;6.0;2.95;8.86;5.45;2.27;6.0;6.0;0.0;0.0;6.0;2.5.0
2026-08-22;Slovenia_2SNL;Vrhnika;Dravinja;42.39;BASSA;3;2026-08-21;Slovenia_2SNL;Slovenia_2SNL;;PRO: difesa trasferta vulnerabile || CONTRO: attacco casa non dominante | ospite poco prolifico: rischio 1-0 / 2-0 | v22 monitora possibile sopravvalutazione weak_ga | trend over casa non forte | trend over trasferta non forte | profilo over interno debole | profilo over esterno debole | BTTS basso: possibile partita a senso unico;2.8;5.91;2.95;3.64;9.09;6.0;6.0;0.0;0.0;6.0;2.5.0
2026-08-22;CzechRepublic_3CFL_GroupB;Varnsdorf;Horni Redice;42.36;BASSA;3;2026-08-21;CzechRepublic_3CFL_GroupB;CzechRepublic_3CFL_GroupB;CzechRepublic_3rdTier;PRO: difesa trasferta vulnerabile | difesa casa vulnerabile || CONTRO: attacco casa non dominante | ospite poco prolifico: rischio 1-0 / 2-0 | v22 monitora possibile sopravvalutazione weak_ga | trend over casa non forte | trend over trasferta non forte | profilo over interno debole | profilo over esterno debole | BTTS basso: possibile partita a senso unico;6.0;5.91;0.0;5.45;10.0;6.0;6.0;0.0;0.0;3.0;2.5.0
2026-08-22;Serbia_SuperLiga;Macva;Radnicki Nis;41.88;BASSA;6;2026-08-21;Serbia_SuperLiga;Serbia_SuperLiga;;PRO: difesa casa vulnerabile | trend over recente casa || CONTRO: attacco casa non dominante | ospite poco prolifico: rischio 1-0 / 2-0 | trend over trasferta non forte | profilo over interno debole | profilo over esterno debole | BTTS basso: possibile partita a senso unico;0.4;3.55;2.95;8.0;4.55;7.2;3.0;5.0;3.33;3.9;2.5.0
2026-08-22;Austria_Niederosterreich;St. Polten (Am);Korneuburg;41.66;BASSA;3;2026-08-21;Austria_Niederosterreich;Austria_Niederosterreich;;PRO: difesa casa vulnerabile | profilo over interno positivo || CONTRO: attacco casa non dominante | ospite poco prolifico: rischio 1-0 / 2-0 | trend over casa non forte | trend over trasferta non forte | profilo over esterno debole | BTTS basso: possibile partita a senso unico;0.8;5.91;2.95;5.45;4.55;6.0;0.0;10.0;0.0;6.0;2.5.0
2026-08-22;Peru_Liga1_Clausura;Huancayo;Moquegua;41.07;BASSA;5;2026-08-21;Peru_Liga1_Clausura;Peru_Liga1_Clausura;;PRO: difesa casa vulnerabile | alta tendenza BTTS || CONTRO: attacco casa non dominante | ospite poco prolifico: rischio 1-0 / 2-0 | trend over casa non forte | trend over trasferta non forte | profilo over interno debole | profilo over esterno debole;0.71;7.39;4.43;6.36;5.68;6.0;3.0;0.0;0.0;7.5;2.5.0
2026-08-22;NorthMacedonia_1MFL;Shkendija Haracine;Arsimi;40.95;BASSA;3;2026-08-21;NorthMacedonia_1MFL;NorthMacedonia_1MFL;;PRO: difesa trasferta vulnerabile | profilo over esterno positivo || CONTRO: attacco casa non dominante | ospite poco prolifico: rischio 1-0 / 2-0 | v22 monitora possibile sopravvalutazione weak_ga | trend over casa non forte | trend over trasferta non forte | profilo over interno debole | BTTS basso: possibile partita a senso unico;2.18;5.91;2.95;1.82;9.09;0.0;6.0;0.0;10.0;3.0;2.5.0
2026-08-22;Finland_Ykkosliiga;Klubi 04;Mikkeli;40.91;BASSA;23;2026-08-21;Finland_Ykkosliiga;Finland_Ykkosliiga;;PRO: nessun indicatore over forte || CONTRO: attacco casa non dominante | ospite poco prolifico: rischio 1-0 / 2-0 | trend over casa non forte | trend over trasferta non forte | profilo over interno debole | profilo over esterno debole | BTTS basso: possibile partita a senso unico;1.33;4.67;5.91;4.59;6.06;2.4;6.0;2.22;2.22;5.51;2.5.0
2026-08-22;Russia_PremierLeague;CSKA Mosca;Lok. Mosca;40.5;BASSA;5;2026-08-21;Russia_PremierLeague;Russia_PremierLeague;;PRO: alta tendenza BTTS || CONTRO: attacco casa non dominante | ospite poco prolifico: rischio 1-0 / 2-0 | trend over casa non forte | trend over trasferta non forte | profilo over interno debole | profilo over esterno debole;2.8;5.91;4.43;1.82;4.55;3.0;3.0;2.5;5.0;7.5;2.5.0
2026-08-22;Slovenia_2SNL;Ilirija;Rudar;40.41;BASSA;3;2026-08-21;Slovenia_2SNL;Slovenia_2SNL;;PRO: attacco casa positivo | attacco trasferta positivo || CONTRO: trend over casa non forte | trend over trasferta non forte | profilo over interno debole | profilo over esterno debole | BTTS basso: possibile partita a senso unico;2.0;13.0;8.86;0.0;4.55;6.0;6.0;0.0;0.0;0.0;2.5.0
2026-08-22;Moldova_Liga1_GroupB;Stauceni;Oguzsport;40.05;BASSA;3;2026-08-21;Moldova_Liga1_GroupB;Moldova_Liga1_GroupB;Moldova_Liga1;PRO: attacco casa positivo | difesa casa vulnerabile || CONTRO: ospite poco prolifico: rischio 1-0 / 2-0 | trend over casa non forte | trend over trasferta non forte | profilo over interno debole | profilo over esterno debole | BTTS basso: possibile partita a senso unico;6.0;8.86;5.91;7.27;0.0;6.0;0.0;0.0;0.0;6.0;2.5.0
2026-08-22;CzechRepublic_3CFL_GroupA;Slavia Praga U20;Plzen B;39.92;BASSA;3;2026-08-21;CzechRepublic_3CFL_GroupA;CzechRepublic_3CFL_GroupA;CzechRepublic_3rdTier;PRO: attacco trasferta positivo | profilo over esterno positivo || CONTRO: attacco casa non dominante | trend over casa non forte | trend over trasferta non forte | profilo over interno debole | BTTS basso: possibile partita a senso unico;1.6;5.91;8.86;0.0;4.55;0.0;6.0;0.0;10.0;3.0;2.5.0
2026-08-22;Denmark_3rdDivision;BK Frem;ASA Aarhus;38.42;BASSA;4;2026-08-21;Denmark_3rdDivision;Denmark_3rdDivision;;PRO: alta tendenza BTTS || CONTRO: attacco casa non dominante | ospite poco prolifico: rischio 1-0 / 2-0 | trend over casa non forte | trend over trasferta non forte | profilo over interno debole | profilo over esterno debole;2.73;3.94;7.88;4.85;3.03;4.0;4.0;0.0;0.0;8.0;2.5.0
2026-08-22;Portugal_LigaPortugal2;Vizela;Amarante;37.48;BASSA;3;2026-08-21;Portugal_LigaPortugal2;Portugal_LigaPortugal2;;PRO: difesa trasferta vulnerabile | profilo over esterno positivo || CONTRO: attacco casa non dominante | ospite poco prolifico: rischio 1-0 / 2-0 | v22 monitora possibile sopravvalutazione weak_ga | trend over casa non forte | trend over trasferta non forte | profilo over interno debole | BTTS basso: possibile partita a senso unico;2.12;2.95;2.95;3.64;6.82;0.0;6.0;0.0;10.0;3.0;2.5.0
2026-08-22;Austria_Niederosterreich;ASK Ybbs;Admira (Am);36.85;BASSA;3;2026-08-21;Austria_Niederosterreich;Austria_Niederosterreich;;PRO: attacco casa positivo | difesa trasferta vulnerabile || CONTRO: ospite poco prolifico: rischio 1-0 / 2-0 | v22 monitora possibile sopravvalutazione weak_ga | trend over casa non forte | trend over trasferta non forte | profilo over interno debole | profilo over esterno debole | BTTS basso: possibile partita a senso unico;4.4;8.86;2.95;1.82;6.82;0.0;6.0;0.0;0.0;6.0;2.5.0
2026-08-22;Portugal_Liga3_SerieA;Trofense;S. Joao Ver;36.45;BASSA;3;2026-08-21;Portugal_Liga3_SerieA;Portugal_Liga3_SerieA;Portugal_Liga3;PRO: difesa trasferta vulnerabile | difesa casa vulnerabile || CONTRO: attacco casa non dominante | ospite poco prolifico: rischio 1-0 / 2-0 | v22 monitora possibile sopravvalutazione weak_ga | trend over casa non forte | trend over trasferta non forte | profilo over interno debole | profilo over esterno debole | BTTS basso: possibile partita a senso unico;4.0;0.0;5.91;5.45;9.09;0.0;6.0;0.0;0.0;6.0;2.5.0
2026-08-22;Austria_Bundesliga;Altach;Hartberg;35.85;BASSA;4;2026-08-21;Austria_Bundesliga;Austria_Bundesliga;;PRO: difesa trasferta vulnerabile | profilo over interno positivo || CONTRO: attacco casa non dominante | ospite poco prolifico: rischio 1-0 / 2-0 | v22 monitora possibile sopravvalutazione weak_ga | trend over casa non forte | trend over trasferta non forte | profilo over esterno debole | BTTS basso: possibile partita a senso unico;2.73;5.91;0.0;3.64;7.58;4.0;0.0;10.0;0.0;2.0;2.5.0
2026-08-22;Hungary_NBII;Kozarmisleny;Szeged;35.73;BASSA;5;2026-08-21;Hungary_NBII;Hungary_NBII;;PRO: difesa casa vulnerabile | trend over recente casa || CONTRO: attacco casa non dominante | ospite poco prolifico: rischio 1-0 / 2-0 | trend over trasferta non forte | profilo over interno debole | profilo over esterno debole | BTTS basso: possibile partita a senso unico;0.8;4.43;2.95;8.0;4.55;9.0;0.0;0.0;0.0;6.0;2.5.0
2026-08-22;Denmark_3rdDivision;Ishoj;Næsby;34.73;BASSA;4;2026-08-21;Denmark_3rdDivision;Denmark_3rdDivision;;PRO: trend over recente trasferta | profilo over esterno positivo || CONTRO: attacco casa non dominante | ospite poco prolifico: rischio 1-0 / 2-0 | trend over casa non forte | profilo over interno debole | BTTS basso: possibile partita a senso unico;1.09;0.0;3.94;3.64;6.06;0.0;8.0;0.0;10.0;2.0;2.5.0
2026-08-22;CzechRepublic_3CFL_GroupA;Benesov;Sparta Praga B;34.35;BASSA;3;2026-08-21;CzechRepublic_3CFL_GroupA;CzechRepublic_3CFL_GroupA;CzechRepublic_3rdTier;PRO: difesa trasferta vulnerabile | profilo over esterno positivo || CONTRO: attacco casa non dominante | ospite poco prolifico: rischio 1-0 / 2-0 | v22 monitora possibile sopravvalutazione weak_ga | trend over casa non forte | trend over trasferta non forte | profilo over interno debole | BTTS basso: possibile partita a senso unico;0.8;0.0;5.91;1.82;6.82;0.0;6.0;0.0;10.0;3.0;2.5.0
2026-08-22;Romania_Liga2;Concordia;Politehnica Timisoara;33.49;BASSA;4;2026-08-21;Romania_Liga2;Romania_Liga2;;PRO: attacco casa positivo || CONTRO: ospite poco prolifico: rischio 1-0 / 2-0 | trend over casa non forte | trend over trasferta non forte | profilo over interno debole | profilo over esterno debole | BTTS basso: possibile partita a senso unico;1.43;11.82;5.91;1.82;1.52;6.0;0.0;0.0;0.0;5.0;2.5.0
2026-08-22;Hungary_NBII;BVSC-Zuglo;Karcagi;31.41;BASSA;5;2026-08-21;Hungary_NBII;Hungary_NBII;;PRO: attacco trasferta positivo | difesa trasferta vulnerabile || CONTRO: attacco casa non dominante | v22 monitora possibile sopravvalutazione weak_ga | trend over casa non forte | trend over trasferta non forte | profilo over interno debole | profilo over esterno debole | BTTS basso: possibile partita a senso unico;2.8;0.0;8.86;2.42;6.82;0.0;6.0;0.0;0.0;4.5;2.5.0
2026-08-22;Scotland_Premiership;Dundee Utd;Dundee FC;30.91;BASSA;3;2026-08-21;Scotland_Premiership;Scotland_Premiership;;PRO: difesa casa vulnerabile || CONTRO: attacco casa non dominante | ospite poco prolifico: rischio 1-0 / 2-0 | trend over casa non forte | trend over trasferta non forte | profilo over interno debole | profilo over esterno debole | BTTS basso: possibile partita a senso unico;2.77;2.95;5.91;8.0;2.27;6.0;0.0;0.0;0.0;3.0;2.5.0
2026-08-22;Peru_Liga1_Clausura;Juan Pablo 2;AD Tarma;30.88;BASSA;5;2026-08-21;Peru_Liga1_Clausura;Peru_Liga1_Clausura;;PRO: difesa casa vulnerabile || CONTRO: attacco casa non dominante | ospite poco prolifico: rischio 1-0 / 2-0 | trend over casa non forte | trend over trasferta non forte | profilo over interno debole | profilo over esterno debole | BTTS basso: possibile partita a senso unico;0.35;2.95;4.43;5.45;5.68;3.0;3.0;0.0;0.0;6.0;2.5.0
2026-08-22;Montenegro_PrvaCrnogorskaLiga;Jezero;Sutjeska;28.67;BASSA;4;2026-08-21;Montenegro_PrvaCrnogorskaLiga;Montenegro_PrvaCrnogorskaLiga;;PRO: difesa trasferta vulnerabile || CONTRO: attacco casa non dominante | ospite poco prolifico: rischio 1-0 / 2-0 | v22 monitora possibile sopravvalutazione weak_ga | trend over casa non forte | trend over trasferta non forte | profilo over interno debole | profilo over esterno debole | BTTS basso: possibile partita a senso unico;2.0;1.97;1.97;3.64;9.09;4.0;4.0;0.0;0.0;2.0;2.5.0
2026-08-22;Turkey_1Lig;Bodrumspor;Muglaspor;27.04;BASSA;3;2026-08-21;Turkey_1Lig;Turkey_1Lig;;PRO: difesa casa vulnerabile || CONTRO: attacco casa non dominante | ospite poco prolifico: rischio 1-0 / 2-0 | trend over casa non forte | trend over trasferta non forte | profilo over interno debole | profilo over esterno debole | BTTS basso: possibile partita a senso unico;0.32;5.91;0.0;7.27;4.55;6.0;0.0;0.0;0.0;3.0;2.5.0
2026-08-22;Portugal_LigaPortugal2;Leixoes;Leiria;26.37;BASSA;3;2026-08-21;Portugal_LigaPortugal2;Portugal_LigaPortugal2;;PRO: difesa trasferta vulnerabile || CONTRO: attacco casa non dominante | ospite poco prolifico: rischio 1-0 / 2-0 | v22 monitora possibile sopravvalutazione weak_ga | trend over casa non forte | trend over trasferta non forte | profilo over interno debole | profilo over esterno debole | BTTS basso: possibile partita a senso unico;2.82;2.95;2.95;1.82;6.82;0.0;6.0;0.0;0.0;3.0;2.5.0
2026-08-22;CzechRepublic_3CFL_GroupA;Loko Praha;Aritma Prague;25.5;BASSA;3;2026-08-21;CzechRepublic_3CFL_GroupA;CzechRepublic_3CFL_GroupA;CzechRepublic_3rdTier;PRO: attacco casa positivo || CONTRO: ospite poco prolifico: rischio 1-0 / 2-0 | trend over casa non forte | trend over trasferta non forte | profilo over interno debole | profilo over esterno debole | BTTS basso: possibile partita a senso unico;4.0;8.86;0.0;3.64;0.0;6.0;0.0;0.0;0.0;3.0;2.5.0
2026-08-22;Turkey_1Lig;Umraniyespor;Erokspor;24.13;BASSA;3;2026-08-21;Turkey_1Lig;Turkey_1Lig;;PRO: nessun indicatore over forte || CONTRO: attacco casa non dominante | ospite poco prolifico: rischio 1-0 / 2-0 | trend over casa non forte | trend over trasferta non forte | profilo over interno debole | profilo over esterno debole | BTTS basso: possibile partita a senso unico;0.32;2.95;2.95;3.64;2.27;6.0;0.0;0.0;0.0;6.0;2.5.0
2026-08-22;Romania_Liga2;CSM Satu Mare;Bihor;23.37;BASSA;4;2026-08-21;Romania_Liga2;Romania_Liga2;;PRO: difesa trasferta vulnerabile | difesa casa vulnerabile || CONTRO: attacco casa non dominante | ospite poco prolifico: rischio 1-0 / 2-0 | v22 monitora possibile sopravvalutazione weak_ga | trend over casa non forte | trend over trasferta non forte | profilo over interno debole | profilo over esterno debole | BTTS basso: possibile partita a senso unico;0.57;1.97;2.95;6.06;6.82;0.0;0.0;0.0;0.0;5.0;2.5.0
2026-08-22;Turkey_1Lig;Igdir FK;Kayserispor;21.76;BASSA;3;2026-08-21;Turkey_1Lig;Turkey_1Lig;;PRO: attacco trasferta positivo || CONTRO: attacco casa non dominante | trend over casa non forte | trend over trasferta non forte | profilo over interno debole | profilo over esterno debole | BTTS basso: possibile partita a senso unico;2.21;5.91;11.82;1.82;0.0;0.0;0.0;0.0;0.0;0.0;2.5.0
2026-08-22;Romania_Liga2;Stefanesti;Cetatea Suceava;20.69;BASSA;4;2026-08-21;Romania_Liga2;Romania_Liga2;;PRO: attacco trasferta positivo || CONTRO: attacco casa non dominante | trend over casa non forte | trend over trasferta non forte | profilo over interno debole | profilo over esterno debole | BTTS basso: possibile partita a senso unico;2.29;2.95;11.82;3.64;0.0;0.0;0.0;0.0;0.0;0.0;2.5.0
2026-08-22;Moldova_Liga1_GroupB;National Ialoveni;Falesti;20.36;BASSA;3;2026-08-21;Moldova_Liga1_GroupB;Moldova_Liga1_GroupB;Moldova_Liga1;PRO: difesa casa vulnerabile || CONTRO: attacco casa non dominante | ospite poco prolifico: rischio 1-0 / 2-0 | trend over casa non forte | trend over trasferta non forte | profilo over interno debole | profilo over esterno debole | BTTS basso: possibile partita a senso unico;6.0;2.95;2.95;5.45;0.0;0.0;0.0;0.0;0.0;3.0;2.5.0
2026-08-22;Portugal_LigaPortugal;Estoril;Rio Ave;19.29;BASSA;3;2026-08-21;Portugal_LigaPortugal;Portugal_LigaPortugal;;PRO: difesa trasferta vulnerabile | difesa casa vulnerabile || CONTRO: attacco casa non dominante | ospite poco prolifico: rischio 1-0 / 2-0 | v22 monitora possibile sopravvalutazione weak_ga | trend over casa non forte | trend over trasferta non forte | profilo over interno debole | profilo over esterno debole | BTTS basso: possibile partita a senso unico;1.06;2.95;0.0;5.45;6.82;0.0;0.0;0.0;0.0;3.0;2.5.0
