PredictionDate;MatchDate;LeagueId;Round;Home;Away;Score;Band;MatchStatus;HG;AG;Goals;Outcome;BTTS;Reason;RankingGapScore;HomeAttackScore;AwayAttackScore;HomeDefenseWeaknessScore;AwayDefenseWeaknessScore;HomeLast10OverScore;AwayLast10OverScore;HomeVenueOverScore;AwayVenueOverScore;BTTSProfileScore;AlgorithmVersion
2026-07-06;;Iceland_BestaDeildKarla_2026;19;Keflavik;Fram;74.76;MEDIA;FINAL;1;1;2;KO;OK;PRO: attacco trasferta positivo | difesa trasferta vulnerabile | difesa casa vulnerabile | trend over recente casa | trend over recente trasferta | alta tendenza BTTS || CONTRO: attacco casa non dominante | v22 monitora possibile sopravvalutazione weak_ga | profilo over interno debole | profilo over esterno debole;2.73;8.37;13.0;6.97;9.09;7.2;8.4;5.0;5.0;9.0;2.5.0
2026-07-06;;Latvia_Virsliga_2026;22;Super Nova;Ogre United;65.62;MEDIA;FINAL;1;2;3;OK;OK;PRO: difesa trasferta vulnerabile | difesa casa vulnerabile | trend over recente trasferta | profilo over interno positivo | profilo over esterno positivo | alta tendenza BTTS || CONTRO: attacco casa non dominante | ospite poco prolifico: rischio 1-0 / 2-0 | v22 monitora possibile sopravvalutazione weak_ga | trend over casa non forte;0.67;5.91;5.91;6.59;10.0;6.0;8.4;7.14;7.5;7.5;2.5.0
2026-07-06;;Lithuania_Toplyga_2026;24;Suduva;Transinvest;59.5;BASSA;FINAL;0;0;0;KO;KO;PRO: attacco casa positivo | attacco trasferta positivo | trend over recente casa | trend over recente trasferta | profilo over esterno positivo || CONTRO: profilo over interno debole | BTTS basso: possibile partita a senso unico || CONTRO V25: v25: sfida equilibrata di alta classifica (gap punti 0.0, gap PPG 0.00) con difesa casa sotto 1 gol subito a partita;0.67;8.86;10.51;3.03;5.3;7.2;9.6;4.44;8.89;7.0;2.5.0
2026-07-06;;Sweden_Allsvenskan_2026;17;Brommapojkarna;GAIS;66.62;MEDIA;FINAL;1;1;2;KO;OK;PRO: attacco casa positivo | attacco trasferta positivo | difesa casa vulnerabile | trend over recente casa | trend over recente trasferta | profilo over interno positivo | profilo over esterno positivo || CONTRO: BTTS basso: possibile partita a senso unico;0.4;8.86;8.6;5.82;4.55;9.6;7.2;6.67;8.0;6.93;2.5.0
2026-07-06;;Sweden_Allsvenskan_2026;17;Hacken;Djurgarden;79.82;ALTA;FINAL;2;4;6;OK;OK;PRO: attacco casa positivo | attacco trasferta positivo | difesa trasferta vulnerabile | trend over recente casa | trend over recente trasferta | profilo over interno positivo | profilo over esterno positivo | alta tendenza BTTS || CONTRO: v22 monitora possibile sopravvalutazione weak_ga;3.2;11.82;12.47;5.09;6.57;7.2;8.0;10.0;6.67;8.8;2.5.0
2026-07-06;;USA_MLSNextPro_EasternConference_SoutheastDivision_2026;18;Crown Legacy;Orlando City B;79.79;ALTA;FINAL;1;1;2;KO;OK;PRO: attacco casa positivo | attacco trasferta positivo | difesa trasferta vulnerabile | trend over recente casa | trend over recente trasferta | profilo over esterno positivo | alta tendenza BTTS || CONTRO: v22 monitora possibile sopravvalutazione weak_ga | profilo over interno debole;0.86;13.0;13.0;4.85;8.04;7.2;10.8;5.0;8.0;9.04;2.5.0
2026-07-06;;USA_MLSNextPro_WesternConference_CentralDivision_2026;19;Austin FC II;Colorado Rapids 2;65.6;MEDIA;FINAL;3;2;5;OK;OK;PRO: attacco casa positivo | difesa trasferta vulnerabile | profilo over interno positivo || CONTRO: ospite poco prolifico: rischio 1-0 / 2-0 | v22 monitora possibile sopravvalutazione weak_ga | trend over casa non forte | trend over trasferta non forte | profilo over esterno debole | BTTS basso: possibile partita a senso unico;6.0;13.0;4.43;2.8;9.85;6.0;6.0;6.25;5.0;6.27;2.5.0
2026-07-06;;USA_MLSNextPro_WesternConference_CentralDivision_2026;19;Huntsville;Chicago Fire II;0;BASSA;FINAL;2;2;4;OK;OK;PRO: nessun indicatore over forte || CONTRO: attacco casa non dominante | ospite poco prolifico: rischio 1-0 / 2-0 | trend over casa non forte | trend over trasferta non forte | profilo over interno debole | profilo over esterno debole | BTTS basso: possibile partita a senso unico;0.0;0.0;0.0;0.0;0.0;0.0;0.0;0.0;0.0;0.0;2.5.0
2026-07-06;;USA_MLSNextPro_WesternConference_PacificDivision_2026;20;Los Angeles FC 2;Real Monarchs;77.03;ALTA;FINAL;2;2;4;OK;OK;PRO: attacco casa positivo | attacco trasferta positivo | difesa trasferta vulnerabile | difesa casa vulnerabile | trend over recente casa | trend over recente trasferta | profilo over interno positivo | profilo over esterno positivo | alta tendenza BTTS || CONTRO: v22 monitora possibile sopravvalutazione weak_ga;4.0;10.83;9.09;6.06;8.04;8.4;7.2;6.25;8.0;9.15;2.5.0
2026-07-06;;USA_MLSNextPro_WesternConference_PacificDivision_2026;20;Tacoma Defiance;Portland Timbers 2;47.49;BASSA;FINAL;0;2;2;KO;KO;PRO: difesa trasferta vulnerabile | trend over recente trasferta || CONTRO: attacco casa non dominante | ospite poco prolifico: rischio 1-0 / 2-0 | v22 monitora possibile sopravvalutazione weak_ga | trend over casa non forte | profilo over interno debole | profilo over esterno debole | BTTS basso: possibile partita a senso unico;1.0;7.22;7.52;2.42;6.61;4.0;7.2;4.29;2.5;4.73;2.5.0
2026-07-06;;USA_USLLeagueOne_2026;23;AV Alta;Charlotte Independ.;71.62;MEDIA;FINAL;1;1;2;KO;OK;PRO: attacco casa positivo | attacco trasferta positivo | trend over recente casa | trend over recente trasferta | profilo over esterno positivo | alta tendenza BTTS || CONTRO: profilo over interno debole;0.75;8.67;13.0;4.12;5.94;7.2;9.6;5.56;8.57;8.22;2.5.0
2026-07-06;;USA_USLLeagueTwo_Chesapeake_2026;27;Christos;Loudoun 2;86.39;ALTA;FINAL;3;4;7;OK;OK;PRO: attacco casa positivo | attacco trasferta positivo | difesa trasferta vulnerabile | difesa casa vulnerabile | trend over recente casa | trend over recente trasferta | profilo over interno positivo | profilo over esterno positivo | alta tendenza BTTS || CONTRO: v22 monitora possibile sopravvalutazione weak_ga;0.6;10.97;13.0;8.0;10.0;8.4;10.8;7.14;8.57;8.9;2.5.0
2026-07-06;;USA_USLLeagueTwo_Chesapeake_2026;27;Northern Virginia;Patuxent;67.19;MEDIA;FINAL;8;0;8;OK;KO;PRO: attacco casa positivo | difesa trasferta vulnerabile | difesa casa vulnerabile | trend over recente casa | profilo over interno positivo || CONTRO: ospite poco prolifico: rischio 1-0 / 2-0 | v22 monitora possibile sopravvalutazione weak_ga | trend over trasferta non forte | profilo over esterno debole | BTTS basso: possibile partita a senso unico;1.2;13.0;1.48;7.58;10.0;9.6;6.0;8.33;5.0;5.0;2.5.0
2026-07-06;;USA_USLLeagueTwo_GreatLakes_2026;23;Lansing City;Flint City;81.93;ALTA;FINAL;2;6;8;OK;OK;PRO: attacco trasferta positivo | difesa casa vulnerabile | trend over recente casa | trend over recente trasferta | profilo over interno positivo | profilo over esterno positivo | alta tendenza BTTS || CONTRO: attacco casa non dominante;6.0;5.91;13.0;8.0;4.55;10.8;9.6;8.0;8.0;8.07;2.5.0
2026-07-06;;USA_USLLeagueTwo_Metropolitan_2026;26;Ironbound SC;Staten Island ASC;79.93;ALTA;FINAL;3;0;3;OK;KO;PRO: attacco casa positivo | difesa trasferta vulnerabile | trend over recente casa | trend over recente trasferta | profilo over esterno positivo | alta tendenza BTTS || CONTRO: ospite poco prolifico: rischio 1-0 / 2-0 | v22 monitora possibile sopravvalutazione weak_ga | profilo over interno debole;3.33;13.0;8.27;4.73;10.0;8.4;10.8;5.0;8.0;8.4;2.5.0
2026-07-06;;USA_USLLeagueTwo_MidSouth_2026;19;Little Rock Rangers;Louisiana;69.89;MEDIA;FINAL;2;0;2;KO;KO;PRO: attacco casa positivo | attacco trasferta positivo | difesa trasferta vulnerabile | trend over recente trasferta | profilo over esterno positivo || CONTRO: v22 monitora possibile sopravvalutazione weak_ga | trend over casa non forte | profilo over interno debole | BTTS basso: possibile partita a senso unico;1.0;10.64;13.0;1.45;7.44;6.0;9.6;4.0;10.0;6.76;2.5.0
2026-07-06;;USA_USLLeagueTwo_NorCal_2026;28;Marin;Glens SC;72.16;MEDIA;FINAL;1;1;2;KO;OK;PRO: attacco casa positivo | difesa casa vulnerabile | trend over recente casa | profilo over interno positivo | profilo over esterno positivo | alta tendenza BTTS || CONTRO: ospite poco prolifico: rischio 1-0 / 2-0 | trend over trasferta non forte;3.43;11.33;5.91;8.0;6.06;10.8;4.8;8.33;6.0;7.5;2.5.0
2026-07-06;;USA_USLLeagueTwo_NorCal_2026;28;San Francisco City;Academica SC;81.4;ALTA;FINAL;5;1;6;OK;OK;PRO: attacco casa positivo | attacco trasferta positivo | difesa trasferta vulnerabile | trend over recente casa | trend over recente trasferta | profilo over interno positivo | profilo over esterno positivo | alta tendenza BTTS || CONTRO: v22 monitora possibile sopravvalutazione weak_ga;2.57;13.0;12.31;4.85;10.0;8.4;9.6;6.0;6.67;8.0;2.5.0
2026-07-06;;USA_USLLeagueTwo_Northwest_2026;34;Bigfoot;Portland Bangers;74.27;MEDIA;FINAL;3;0;3;OK;KO;PRO: attacco trasferta positivo | difesa casa vulnerabile | trend over recente casa | trend over recente trasferta | profilo over interno positivo | profilo over esterno positivo || CONTRO: attacco casa non dominante | BTTS basso: possibile partita a senso unico;4.29;6.89;9.85;8.0;6.44;9.6;7.2;8.0;8.0;6.0;2.5.0
2026-07-06;;USA_USLLeagueTwo_SouthAtlantic_2026;37;North Carolina FC U23;Asheville City;67.1;MEDIA;FINAL;1;2;3;OK;OK;PRO: attacco casa positivo | attacco trasferta positivo | difesa casa vulnerabile | trend over recente casa | profilo over esterno positivo || CONTRO: trend over trasferta non forte | profilo over interno debole | BTTS basso: possibile partita a senso unico;1.8;10.34;10.83;7.58;2.65;8.4;6.0;5.0;8.0;6.5;2.5.0
2026-07-06;;USA_USLLeagueTwo_SouthCentral_2026;21;East Atlanta;Birmingham 2;74.65;MEDIA;FINAL;4;1;5;OK;OK;PRO: attacco casa positivo | difesa trasferta vulnerabile | difesa casa vulnerabile | trend over recente casa | trend over recente trasferta | profilo over interno positivo | profilo over esterno positivo | alta tendenza BTTS || CONTRO: ospite poco prolifico: rischio 1-0 / 2-0 | v22 monitora possibile sopravvalutazione weak_ga;1.0;8.86;7.09;8.0;9.09;8.4;7.2;8.0;8.0;9.0;2.5.0
2026-07-07;;Australia_NPLACT_2026;18;Monaro Panthers;Queanbeyan City;89.7;ALTA;FINAL;2;1;3;OK;OK;PRO: attacco casa positivo | attacco trasferta positivo | difesa trasferta vulnerabile | difesa casa vulnerabile | trend over recente casa | trend over recente trasferta | profilo over interno positivo | profilo over esterno positivo | alta tendenza BTTS || CONTRO: v22 monitora possibile sopravvalutazione weak_ga;3.33;13.0;12.73;5.33;6.64;10.8;10.8;8.57;10.0;8.49;2.5.0
2026-07-07;;Australia_NPLNorthernNSW_2026;19;Charlestown Azzurri;Weston Bears;81.97;ALTA;POSTPONED;;;;;;PRO: attacco casa positivo | attacco trasferta positivo | difesa trasferta vulnerabile | difesa casa vulnerabile | trend over recente casa | trend over recente trasferta | profilo over interno positivo | profilo over esterno positivo | alta tendenza BTTS || CONTRO: v22 monitora possibile sopravvalutazione weak_ga;4.36;8.86;11.45;8.0;7.67;10.8;7.2;7.5;7.5;8.62;2.5.0
2026-07-07;;Australia_NPLQueensland_2026;19;Gold Coast Knights;Queensland Lions;83.07;ALTA;FINAL;2;1;3;OK;OK;PRO: attacco casa positivo | attacco trasferta positivo | difesa casa vulnerabile | trend over recente casa | trend over recente trasferta | profilo over interno positivo | profilo over esterno positivo | alta tendenza BTTS || CONTRO: nessun contro rilevante;1.09;13.0;13.0;5.68;5.35;9.6;8.4;8.57;10.0;8.38;2.5.0
2026-07-07;;Australia_SAStateLeague_2026;19;Cove FC;Modbury;54.84;BASSA;FINAL;0;0;0;KO;KO;PRO: attacco trasferta positivo | difesa casa vulnerabile | profilo over interno positivo || CONTRO: attacco casa non dominante | trend over casa non forte | trend over trasferta non forte | profilo over esterno debole | BTTS basso: possibile partita a senso unico;1.64;8.34;11.08;5.56;3.69;4.8;4.8;6.25;2.86;5.82;2.5.0
2026-07-07;;Bhutan_PremierLeague_2026;9;Drukpa;Thimphu FC;55.08;BASSA;FINAL;1;2;3;OK;OK;PRO: attacco casa positivo || CONTRO: ospite poco prolifico: rischio 1-0 / 2-0 | trend over casa non forte | trend over trasferta non forte | profilo over interno debole | profilo over esterno debole | BTTS basso: possibile partita a senso unico;2.67;9.6;6.65;4.55;5.11;6.0;4.5;5.0;5.0;6.0;2.5.0
2026-07-07;;Finland_Kakkonen_GroupC_2026;14;JBK;Narpes Kraft;85.73;ALTA;FINAL;4;2;6;OK;OK;PRO: attacco casa positivo | attacco trasferta positivo | difesa trasferta vulnerabile | difesa casa vulnerabile | trend over recente casa | trend over recente trasferta | profilo over interno positivo | profilo over esterno positivo | alta tendenza BTTS || CONTRO: v22 monitora possibile sopravvalutazione weak_ga;1.33;9.85;13.0;5.45;10.0;9.6;10.8;8.33;10.0;7.36;2.5.0
2026-07-07;;Kyrgyzstan_PremierLiga_2026;16;Asia Talas;Abdysh-Ata;77.93;ALTA;FINAL;4;0;4;OK;KO;PRO: attacco casa positivo | difesa trasferta vulnerabile | difesa casa vulnerabile | trend over recente casa | trend over recente trasferta | profilo over interno positivo | alta tendenza BTTS || CONTRO: ospite poco prolifico: rischio 1-0 / 2-0 | v22 monitora possibile sopravvalutazione weak_ga | profilo over esterno debole;4.4;13.0;4.73;6.3;8.18;10.8;7.2;10.0;5.71;7.6;2.5.0
2026-07-07;;Kyrgyzstan_PremierLiga_2026;16;Kyrgyzaltyn;Talant;53.74;BASSA;FINAL;0;0;0;KO;KO;PRO: difesa casa vulnerabile | trend over recente casa | profilo over interno positivo || CONTRO: attacco casa non dominante | ospite poco prolifico: rischio 1-0 / 2-0 | trend over trasferta non forte | profilo over esterno debole | BTTS basso: possibile partita a senso unico;2.8;4.73;5.91;8.0;4.85;8.4;2.4;7.0;2.86;6.8;2.5.0
2026-07-07;;Kyrgyzstan_PremierLiga_2026;16;Neftchi Kochkor-Ata;Aldier;54.84;BASSA;FINAL;0;2;2;KO;KO;PRO: attacco trasferta positivo | difesa casa vulnerabile | trend over recente trasferta | alta tendenza BTTS || CONTRO: attacco casa non dominante | trend over casa non forte | profilo over interno debole | profilo over esterno debole;2.0;5.91;9.06;6.06;6.36;4.8;7.2;3.75;2.5;7.2;2.5.0
2026-07-07;;USA_USLLeagueTwo_GreatForest_2026;25;Lorain County Leviathan;Erie Sports Center;86.38;ALTA;FINAL;5;0;5;OK;KO;PRO: attacco casa positivo | difesa trasferta vulnerabile | difesa casa vulnerabile | trend over recente casa | trend over recente trasferta | profilo over interno positivo | profilo over esterno positivo || CONTRO: ospite poco prolifico: rischio 1-0 / 2-0 | v22 monitora possibile sopravvalutazione weak_ga | BTTS basso: possibile partita a senso unico;5.0;13.0;3.45;6.28;10.0;12.0;12.0;10.0;8.33;6.32;2.5.0
2026-07-07;;USA_USLLeagueTwo_Heartland_2026;24;Rochester FC;Minneapolis City;76.36;ALTA;FINAL;0;4;4;OK;KO;PRO: attacco trasferta positivo | difesa casa vulnerabile | trend over recente casa | trend over recente trasferta | profilo over interno positivo | profilo over esterno positivo || CONTRO: attacco casa non dominante | BTTS basso: possibile partita a senso unico;5.25;5.25;13.0;8.0;2.73;10.67;10.8;7.5;7.5;5.67;2.5.0
2026-07-07;;USA_USLLeagueTwo_LoneStar_2026;26;Lonestar SC;Hill Country Lobos;84.1;ALTA;FINAL;4;4;8;OK;OK;PRO: attacco casa positivo | attacco trasferta positivo | difesa trasferta vulnerabile | difesa casa vulnerabile | trend over recente casa | trend over recente trasferta | profilo over interno positivo | profilo over esterno positivo | alta tendenza BTTS || CONTRO: v22 monitora possibile sopravvalutazione weak_ga;3.0;12.31;11.33;6.67;10.0;7.2;9.6;6.67;8.33;9.0;2.5.0
2026-07-07;;USA_USLLeagueTwo_Northeast_2026;30;Black Rock;Seacoast Utd Phantoms;83.5;ALTA;FINAL;3;3;6;OK;OK;PRO: attacco casa positivo | attacco trasferta positivo | difesa trasferta vulnerabile | trend over recente casa | trend over recente trasferta | profilo over interno positivo | profilo over esterno positivo | alta tendenza BTTS || CONTRO: v22 monitora possibile sopravvalutazione weak_ga;2.67;9.55;11.33;4.48;10.0;8.4;10.8;6.67;10.0;9.62;2.5.0
2026-07-07;;USA_USLLeagueTwo_Southwest_2026;28;Stars FC;Tucson;52.05;BASSA;FINAL;0;1;1;KO;KO;PRO: attacco casa positivo | attacco trasferta positivo | profilo over interno positivo | alta tendenza BTTS || CONTRO: trend over casa non forte | trend over trasferta non forte | profilo over esterno debole || CONTRO V25: v25: sfida equilibrata di alta classifica (gap punti 3.0, gap PPG 0.27) con difesa trasferta sotto 1 gol subito a partita;1.71;8.6;9.13;4.96;4.13;6.0;6.0;6.0;3.33;8.18;2.5.0
2026-07-07;;USA_USLLeagueTwo_Valley_2026;25;Kings Hammer Columbus;Dayton;64.18;MEDIA;FINAL;2;1;3;OK;OK;PRO: difesa trasferta vulnerabile | trend over recente casa | profilo over interno positivo || CONTRO: attacco casa non dominante | ospite poco prolifico: rischio 1-0 / 2-0 | v22 monitora possibile sopravvalutazione weak_ga | trend over trasferta non forte | profilo over esterno debole | BTTS basso: possibile partita a senso unico;1.2;8.27;7.09;5.09;7.73;7.2;6.0;10.0;5.0;6.6;2.5.0
2026-07-08;;Australia_NPLNorthernNSW_2026;19;Kahibah;Maitland;84.16;ALTA;SCHEDULED;;;;;;PRO: attacco casa positivo | attacco trasferta positivo | difesa trasferta vulnerabile | difesa casa vulnerabile | trend over recente casa | trend over recente trasferta | profilo over interno positivo | profilo over esterno positivo | alta tendenza BTTS || CONTRO: v22 monitora possibile sopravvalutazione weak_ga;3.27;8.86;11.08;8.0;7.67;12.0;8.4;8.75;7.5;8.62;2.5.0
2026-07-08;;Bhutan_PremierLeague_2026;9;Paro;Tensung;63.5;MEDIA;FINAL;4;0;4;OK;KO;PRO: attacco casa positivo | difesa trasferta vulnerabile | trend over recente casa | profilo over interno positivo | profilo over esterno positivo || CONTRO: ospite poco prolifico: rischio 1-0 / 2-0 | v22 monitora possibile sopravvalutazione weak_ga | trend over trasferta non forte | BTTS basso: possibile partita a senso unico;5.33;13.0;2.22;3.18;8.52;9.0;4.5;8.0;6.0;3.75;2.5.0
2026-07-08;;Bolivia_DivisionProfesional_2026;12;Real Oruro;Universitario de Vinto;82.29;ALTA;FINAL;4;1;5;OK;OK;PRO: attacco casa positivo | attacco trasferta positivo | difesa trasferta vulnerabile | difesa casa vulnerabile | trend over recente casa | trend over recente trasferta | profilo over interno positivo | alta tendenza BTTS || CONTRO: v22 monitora possibile sopravvalutazione weak_ga | profilo over esterno debole;0.8;11.82;9.85;7.79;8.08;10.29;8.0;10.0;5.0;10.67;2.5.0
2026-07-08;;Bolivia_DivisionProfesional_2026;12;Real Potosi;Academia del Balompie;75.31;ALTA;FINAL;2;3;5;OK;OK;PRO: attacco trasferta positivo | difesa trasferta vulnerabile | trend over recente trasferta | profilo over interno positivo | profilo over esterno positivo | alta tendenza BTTS || CONTRO: attacco casa non dominante | v22 monitora possibile sopravvalutazione weak_ga | trend over casa non forte;3.2;5.91;11.08;4.16;10.0;5.14;10.5;7.5;10.0;7.82;2.5.0
2026-07-08;;Finland_Kakkonen_GroupC_2026;14;Jaro 2;SJK Akatemia 2;86.59;ALTA;FINAL;2;3;5;OK;OK;PRO: attacco casa positivo | attacco trasferta positivo | difesa trasferta vulnerabile | difesa casa vulnerabile | trend over recente casa | trend over recente trasferta | profilo over interno positivo | profilo over esterno positivo || CONTRO: v22 monitora possibile sopravvalutazione weak_ga | BTTS basso: possibile partita a senso unico;4.0;12.89;10.21;8.0;9.09;9.6;10.8;8.0;8.0;6.0;2.5.0
2026-07-08;;Kyrgyzstan_PremierLiga_2026;16;Alay Osh;Toktogul;46.18;BASSA;FINAL;1;0;1;KO;KO;PRO: difesa trasferta vulnerabile || CONTRO: attacco casa non dominante | ospite poco prolifico: rischio 1-0 / 2-0 | v22 monitora possibile sopravvalutazione weak_ga | trend over casa non forte | trend over trasferta non forte | profilo over interno debole | profilo over esterno debole | BTTS basso: possibile partita a senso unico;3.2;6.7;5.12;3.64;7.27;3.6;4.8;2.86;3.0;6.0;2.5.0
2026-07-08;;Kyrgyzstan_PremierLiga_2026;16;Alga;Dordoi Bishkek;64.28;MEDIA;FINAL;1;1;2;KO;OK;PRO: attacco casa positivo | trend over recente casa | profilo over interno positivo | profilo over esterno positivo | alta tendenza BTTS || CONTRO: ospite poco prolifico: rischio 1-0 / 2-0 | trend over trasferta non forte;2.8;12.21;7.48;3.15;6.36;7.2;4.8;6.67;6.0;7.6;2.5.0
2026-07-08;;USA_MLSNextPro_WesternConference_PacificDivision_2026;20;San Jose Earthquakes II;Sporting Kansas City II;85.42;ALTA;FINAL;6;1;7;OK;OK;PRO: attacco casa positivo | attacco trasferta positivo | trend over recente casa | trend over recente trasferta | profilo over interno positivo | profilo over esterno positivo | alta tendenza BTTS || CONTRO: nessun contro rilevante;6.0;12.89;13.0;3.97;4.55;7.2;12.0;6.0;10.0;9.82;2.5.0
2026-07-08;;USA_MLSNextPro_WesternConference_PacificDivision_2026;20;Vancouver 2;Ventura County;73.3;MEDIA;FINAL;3;2;5;OK;OK;PRO: attacco trasferta positivo | difesa trasferta vulnerabile | difesa casa vulnerabile | trend over recente casa | trend over recente trasferta | profilo over esterno positivo | alta tendenza BTTS || CONTRO: attacco casa non dominante | v22 monitora possibile sopravvalutazione weak_ga | profilo over interno debole;1.0;7.09;10.74;7.27;8.68;7.2;8.4;5.56;7.5;9.85;2.5.0
2026-07-08;;USA_USLLeagueTwo_Chesapeake_2026;27;Christos;Loudoun 2;86.39;ALTA;FINAL;3;4;7;OK;OK;PRO: attacco casa positivo | attacco trasferta positivo | difesa trasferta vulnerabile | difesa casa vulnerabile | trend over recente casa | trend over recente trasferta | profilo over interno positivo | profilo over esterno positivo | alta tendenza BTTS || CONTRO: v22 monitora possibile sopravvalutazione weak_ga;0.6;10.97;13.0;8.0;10.0;8.4;10.8;7.14;8.57;8.9;2.5.0
2026-07-08;;USA_USLLeagueTwo_GreatForest_2026;25;Akron City;Pittsburgh Riverhounds 2;76.88;ALTA;FINAL;4;0;4;OK;KO;PRO: attacco casa positivo | attacco trasferta positivo | difesa trasferta vulnerabile | trend over recente casa | trend over recente trasferta | profilo over interno positivo | profilo over esterno positivo || CONTRO: v22 monitora possibile sopravvalutazione weak_ga | BTTS basso: possibile partita a senso unico;2.0;13.0;11.33;4.96;6.82;9.6;8.4;6.67;8.33;5.77;2.5.0
2026-07-08;;USA_USLLeagueTwo_GreatLakes_2026;23;Union FC Macomb;Ann Arbor;93.89;ALTA;FINAL;2;2;4;OK;OK;PRO: attacco casa positivo | attacco trasferta positivo | difesa trasferta vulnerabile | difesa casa vulnerabile | trend over recente casa | trend over recente trasferta | profilo over interno positivo | profilo over esterno positivo | alta tendenza BTTS || CONTRO: v22 monitora possibile sopravvalutazione weak_ga;2.0;10.64;10.74;8.0;10.0;12.0;10.8;10.0;10.0;9.71;2.5.0
2026-07-08;;USA_USLLeagueTwo_GreatPlains_2026;20;Springfield FC;Menace;72.76;MEDIA;FINAL;2;4;6;OK;OK;PRO: attacco casa positivo | attacco trasferta positivo | difesa casa vulnerabile | trend over recente casa | profilo over interno positivo | alta tendenza BTTS || CONTRO: trend over trasferta non forte | profilo over esterno debole;3.6;9.45;8.86;8.0;5.91;10.8;6.0;8.33;4.0;7.8;2.5.0
2026-07-08;;USA_USLLeagueTwo_GreatPlains_2026;20;Sunflower State;Peoria;75.26;ALTA;FINAL;1;3;4;OK;OK;PRO: attacco trasferta positivo | difesa casa vulnerabile | trend over recente casa | trend over recente trasferta | profilo over interno positivo | profilo over esterno positivo || CONTRO: attacco casa non dominante | BTTS basso: possibile partita a senso unico;4.8;7.88;13.0;8.0;4.55;9.33;7.2;7.5;6.0;7.0;2.5.0
2026-07-08;;USA_USLLeagueTwo_Metropolitan_2026;26;Hudson Valley;Motown 2;81.72;ALTA;FINAL;0;5;5;OK;KO;PRO: attacco casa positivo | attacco trasferta positivo | difesa casa vulnerabile | trend over recente casa | trend over recente trasferta | profilo over interno positivo | profilo over esterno positivo || CONTRO: BTTS basso: possibile partita a senso unico;2.67;13.0;13.0;8.0;2.89;10.8;9.6;8.0;6.67;7.09;2.5.0
2026-07-08;;USA_USLLeagueTwo_MidAtlantic_2026;29;Delaware;Eagle FC;79.07;ALTA;FINAL;4;1;5;OK;OK;PRO: attacco casa positivo | difesa trasferta vulnerabile | difesa casa vulnerabile | trend over recente casa | trend over recente trasferta | profilo over interno positivo | profilo over esterno positivo | alta tendenza BTTS || CONTRO: ospite poco prolifico: rischio 1-0 / 2-0 | v22 monitora possibile sopravvalutazione weak_ga;4.5;12.24;3.45;6.23;10.0;8.4;10.8;8.57;6.67;8.21;2.5.0
2026-07-08;;USA_USLLeagueTwo_Mountain_2026;26;Colorado Storm;Atletico Union;69.11;MEDIA;FINAL;2;0;2;KO;KO;PRO: attacco casa positivo | attacco trasferta positivo | difesa trasferta vulnerabile | trend over recente casa | trend over recente trasferta | profilo over interno positivo | profilo over esterno positivo || CONTRO: v22 monitora possibile sopravvalutazione weak_ga | BTTS basso: possibile partita a senso unico;4.0;13.0;9.13;0.99;8.26;7.2;8.4;6.0;6.67;5.45;2.5.0
2026-07-08;;USA_USLLeagueTwo_Mountain_2026;26;Real Colorado;Albion Colorado;86.06;ALTA;FINAL;2;3;5;OK;OK;PRO: attacco casa positivo | attacco trasferta positivo | difesa casa vulnerabile | trend over recente casa | trend over recente trasferta | profilo over interno positivo | profilo over esterno positivo | alta tendenza BTTS || CONTRO: nessun contro rilevante;1.0;11.82;12.89;8.0;5.79;12.0;7.2;10.0;8.0;9.36;2.5.0
2026-07-08;;USA_USLLeagueTwo_NorCal_2026;28;Glens SC;Almaden;53.93;BASSA;FINAL;0;2;2;KO;KO;PRO: attacco trasferta positivo | trend over recente trasferta || CONTRO: attacco casa non dominante | trend over casa non forte | profilo over interno debole | profilo over esterno debole | BTTS basso: possibile partita a senso unico;0.86;5.91;11.82;4.85;4.2;4.8;7.2;4.29;4.29;5.73;2.5.0
2026-07-08;;USA_USLLeagueTwo_Northeast_2026;30;AC Connecticut;Western Mass Pioneers;68.47;MEDIA;FINAL;0;2;2;KO;KO;PRO: attacco trasferta positivo | difesa casa vulnerabile | trend over recente casa | profilo over interno positivo || CONTRO: attacco casa non dominante | trend over trasferta non forte | profilo over esterno debole | BTTS basso: possibile partita a senso unico;4.0;7.73;11.36;8.0;5.59;7.2;4.8;8.57;4.29;6.92;2.5.0
2026-07-08;;USA_USLLeagueTwo_Northeast_2026;30;NEFC;Boston City;89.16;ALTA;FINAL;4;2;6;OK;OK;PRO: attacco casa positivo | difesa trasferta vulnerabile | difesa casa vulnerabile | trend over recente casa | trend over recente trasferta | profilo over interno positivo | profilo over esterno positivo | alta tendenza BTTS || CONTRO: ospite poco prolifico: rischio 1-0 / 2-0 | v22 monitora possibile sopravvalutazione weak_ga;6.0;13.0;7.73;5.45;10.0;10.8;10.8;8.57;8.33;8.47;2.5.0
2026-07-08;;USA_USLLeagueTwo_Northeast_2026;30;Vermont Green;Connecticut Rush;79.91;ALTA;FINAL;6;2;8;OK;OK;PRO: attacco casa positivo | difesa trasferta vulnerabile | trend over recente casa | trend over recente trasferta | profilo over interno positivo | profilo over esterno positivo | alta tendenza BTTS || CONTRO: ospite poco prolifico: rischio 1-0 / 2-0 | v22 monitora possibile sopravvalutazione weak_ga;3.33;13.0;8.02;2.8;8.44;12.0;7.2;10.0;7.14;7.98;2.5.0
2026-07-08;;USA_USLLeagueTwo_Northwest_2026;34;Tacoma Stars;Midlakes United;82.4;ALTA;FINAL;2;1;3;OK;OK;PRO: attacco casa positivo | attacco trasferta positivo | difesa trasferta vulnerabile | difesa casa vulnerabile | trend over recente casa | trend over recente trasferta | profilo over interno positivo | profilo over esterno positivo | alta tendenza BTTS || CONTRO: v22 monitora possibile sopravvalutazione weak_ga;0.86;10.55;9.09;7.79;8.39;10.8;9.6;8.57;8.33;8.41;2.5.0
2026-07-08;;USA_USLLeagueTwo_Ranger_2026;21;Texoma;Denton Diablos;79.99;ALTA;FINAL;3;2;5;OK;OK;PRO: attacco casa positivo | attacco trasferta positivo | difesa trasferta vulnerabile | trend over recente casa | trend over recente trasferta | profilo over interno positivo | profilo over esterno positivo | alta tendenza BTTS || CONTRO: v22 monitora possibile sopravvalutazione weak_ga;2.4;13.0;13.0;3.64;6.82;9.33;9.6;6.0;8.0;8.2;2.5.0
2026-07-08;;USA_USLLeagueTwo_Southwest_2026;28;Capo;Southern California;81.06;ALTA;FINAL;5;4;9;OK;OK;PRO: attacco casa positivo | difesa trasferta vulnerabile | difesa casa vulnerabile | trend over recente casa | trend over recente trasferta | profilo over interno positivo | profilo over esterno positivo | alta tendenza BTTS || CONTRO: ospite poco prolifico: rischio 1-0 / 2-0 | v22 monitora possibile sopravvalutazione weak_ga;2.57;13.0;8.06;8.0;10.0;7.2;8.4;6.67;8.0;9.16;2.5.0
2026-07-08;;USA_USLLeagueTwo_Valley_2026;25;West Virginia;Louisville City 2;61.74;MEDIA;FINAL;3;1;4;OK;OK;PRO: attacco casa positivo | attacco trasferta positivo | trend over recente casa | profilo over esterno positivo || CONTRO: trend over trasferta non forte | profilo over interno debole | BTTS basso: possibile partita a senso unico;1.2;10.83;10.34;3.64;6.06;7.2;4.8;5.0;6.67;6.0;2.5.0
2026-07-09;;Bhutan_PremierLeague_2026;9;Transport United;BFF Academy U19;75.27;ALTA;FINAL;4;2;6;OK;OK;PRO: attacco casa positivo | attacco trasferta positivo | difesa trasferta vulnerabile | trend over recente casa | trend over recente trasferta | profilo over interno positivo | profilo over esterno positivo | alta tendenza BTTS || CONTRO: v22 monitora possibile sopravvalutazione weak_ga;2.67;8.86;11.08;5.0;9.66;7.5;7.5;8.0;7.5;7.5;2.5.0
2026-07-09;;Bolivia_DivisionProfesional_2026;12;Real Oruro;Universitario de Vinto;82.29;ALTA;FINAL;4;1;5;OK;OK;PRO: attacco casa positivo | attacco trasferta positivo | difesa trasferta vulnerabile | difesa casa vulnerabile | trend over recente casa | trend over recente trasferta | profilo over interno positivo | alta tendenza BTTS || CONTRO: v22 monitora possibile sopravvalutazione weak_ga | profilo over esterno debole;0.8;11.82;9.85;7.79;8.08;10.29;8.0;10.0;5.0;10.67;2.5.0
2026-07-09;;Bolivia_DivisionProfesional_2026;12;Real Potosi;Academia del Balompie;75.31;ALTA;FINAL;2;3;5;OK;OK;PRO: attacco trasferta positivo | difesa trasferta vulnerabile | trend over recente trasferta | profilo over interno positivo | profilo over esterno positivo | alta tendenza BTTS || CONTRO: attacco casa non dominante | v22 monitora possibile sopravvalutazione weak_ga | trend over casa non forte;3.2;5.91;11.08;4.16;10.0;5.14;10.5;7.5;10.0;7.82;2.5.0
2026-07-09;;Estonia_Esiliiga_2026;21;Maardu;Flora U21;84.16;ALTA;FINAL;3;2;5;OK;OK;PRO: attacco casa positivo | attacco trasferta positivo | difesa trasferta vulnerabile | difesa casa vulnerabile | trend over recente casa | trend over recente trasferta | profilo over esterno positivo | alta tendenza BTTS || CONTRO: v22 monitora possibile sopravvalutazione weak_ga | profilo over interno debole;1.33;8.54;13.0;7.68;9.09;8.4;12.0;5.56;10.0;8.57;2.5.0
2026-07-09;;Finland_Kakkonen_GroupB_2026;13;MuSa;GrIFK;64.45;MEDIA;FINAL;3;1;4;OK;OK;PRO: difesa trasferta vulnerabile | difesa casa vulnerabile | trend over recente casa | profilo over interno positivo | profilo over esterno positivo | alta tendenza BTTS || CONTRO: attacco casa non dominante | ospite poco prolifico: rischio 1-0 / 2-0 | v22 monitora possibile sopravvalutazione weak_ga | trend over trasferta non forte;1.33;7.39;7.52;8.0;7.02;7.2;6.0;6.67;6.0;7.32;2.5.0
2026-07-09;;Kazakhstan_FirstLeague_2026;23;Akademiya Ontustik;Arys;72.42;MEDIA;FINAL;1;2;3;OK;OK;PRO: attacco casa positivo | difesa trasferta vulnerabile | trend over recente casa | trend over recente trasferta | profilo over interno positivo | profilo over esterno positivo | alta tendenza BTTS || CONTRO: ospite poco prolifico: rischio 1-0 / 2-0 | v22 monitora possibile sopravvalutazione weak_ga;3.23;8.64;6.82;4.76;9.79;8.4;9.6;7.14;6.67;7.38;2.5.0
2026-07-09;;Kazakhstan_FirstLeague_2026;23;Aktobe 2;Khan Tengri;79.71;ALTA;FINAL;5;2;7;OK;OK;PRO: attacco casa positivo | difesa trasferta vulnerabile | difesa casa vulnerabile | trend over recente casa | trend over recente trasferta | profilo over interno positivo | profilo over esterno positivo | alta tendenza BTTS || CONTRO: ospite poco prolifico: rischio 1-0 / 2-0 | v22 monitora possibile sopravvalutazione weak_ga;1.38;11.82;8.18;8.0;8.74;10.8;8.4;8.33;6.67;7.38;2.5.0
2026-07-09;;Kazakhstan_FirstLeague_2026;23;Jaiyq;Tobol 2;66.54;MEDIA;FINAL;1;0;1;KO;KO;PRO: attacco trasferta positivo | difesa trasferta vulnerabile | trend over recente trasferta | profilo over esterno positivo || CONTRO: attacco casa non dominante | v22 monitora possibile sopravvalutazione weak_ga | trend over casa non forte | profilo over interno debole | BTTS basso: possibile partita a senso unico;3.23;5.0;9.55;4.76;10.0;6.0;10.8;3.33;8.33;5.54;2.5.0
2026-07-09;;Somalia_NationalLeague_2026;19;Jeenyo;Gantaalaha Afgooye;74.74;MEDIA;FINAL;3;2;5;OK;OK;PRO: attacco casa positivo | difesa trasferta vulnerabile | difesa casa vulnerabile | trend over recente trasferta | profilo over interno positivo | profilo over esterno positivo | alta tendenza BTTS || CONTRO: ospite poco prolifico: rischio 1-0 / 2-0 | v22 monitora possibile sopravvalutazione weak_ga | trend over casa non forte;2.73;10.43;5.91;5.99;10.0;4.8;10.8;6.25;10.0;7.84;2.5.0
2026-07-09;;USA_USLChampionship_2026;23;Hartford Athletic;Orange County SC;53.16;BASSA;FINAL;2;2;4;OK;OK;PRO: attacco trasferta positivo | trend over recente trasferta || CONTRO: attacco casa non dominante | trend over casa non forte | profilo over interno debole | profilo over esterno debole | BTTS basso: possibile partita a senso unico;3.39;5.06;9.23;3.38;5.11;3.6;7.2;5.71;5.0;5.46;2.5.0
2026-07-09;;USA_USLChampionship_2026;23;Sacramento Republic;Rhode Island;61.49;MEDIA;FINAL;2;1;3;OK;OK;PRO: attacco trasferta positivo | trend over recente trasferta | profilo over esterno positivo | alta tendenza BTTS || CONTRO: attacco casa non dominante | trend over casa non forte | profilo over interno debole;1.83;6.82;10.45;3.64;6.29;4.8;7.2;4.29;8.33;7.85;2.5.0
2026-07-09;;USA_USLLeagueOne_2026;23;Greenville;Sarasota Paradise;52.6;BASSA;FINAL;0;0;0;KO;KO;PRO: difesa trasferta vulnerabile | difesa casa vulnerabile | profilo over interno positivo || CONTRO: attacco casa non dominante | ospite poco prolifico: rischio 1-0 / 2-0 | v22 monitora possibile sopravvalutazione weak_ga | trend over casa non forte | trend over trasferta non forte | profilo over esterno debole | BTTS basso: possibile partita a senso unico;1.12;6.36;5.58;5.87;7.07;4.8;6.0;7.14;3.33;5.31;2.5.0
2026-07-09;;USA_USLLeagueOne_2026;23;New York Cosmos;FC Naples;65.8;MEDIA;FINAL;1;0;1;KO;KO;PRO: difesa trasferta vulnerabile | difesa casa vulnerabile | trend over recente casa | trend over recente trasferta | profilo over interno positivo || CONTRO: attacco casa non dominante | ospite poco prolifico: rischio 1-0 / 2-0 | v22 monitora possibile sopravvalutazione weak_ga | profilo over esterno debole | BTTS basso: possibile partita a senso unico;1.5;7.18;6.26;8.0;7.22;10.8;7.2;7.14;3.75;6.76;2.5.0
2026-07-09;;USA_USLLeagueTwo_Chesapeake_2026;27;Bethesda SC;Virginia Marauders;82.77;ALTA;FINAL;3;2;5;OK;OK;PRO: attacco casa positivo | difesa trasferta vulnerabile | difesa casa vulnerabile | trend over recente casa | trend over recente trasferta | profilo over interno positivo | profilo over esterno positivo || CONTRO: ospite poco prolifico: rischio 1-0 / 2-0 | v22 monitora possibile sopravvalutazione weak_ga | BTTS basso: possibile partita a senso unico;3.6;13.0;3.18;7.55;10.0;10.8;9.6;8.57;10.0;6.46;2.5.0
2026-07-09;;USA_USLLeagueTwo_Chesapeake_2026;27;Northern Virginia;Lionsbridge;83.98;ALTA;FINAL;2;4;6;OK;OK;PRO: attacco casa positivo | attacco trasferta positivo | difesa casa vulnerabile | trend over recente casa | trend over recente trasferta | profilo over interno positivo | profilo over esterno positivo || CONTRO: BTTS basso: possibile partita a senso unico;4.8;13.0;13.0;7.58;4.2;9.6;9.6;8.33;7.14;6.73;2.5.0
2026-07-09;;USA_USLLeagueTwo_Chesapeake_2026;27;Patuxent;Christos;68.88;MEDIA;FINAL;0;0;0;KO;KO;PRO: attacco trasferta positivo | difesa trasferta vulnerabile | difesa casa vulnerabile | trend over recente trasferta | profilo over interno positivo | profilo over esterno positivo || CONTRO: attacco casa non dominante | v22 monitora possibile sopravvalutazione weak_ga | trend over casa non forte | BTTS basso: possibile partita a senso unico;3.0;1.48;10.97;8.0;10.0;6.0;8.4;6.67;8.57;5.79;2.5.0
2026-07-09;;USA_USLLeagueTwo_Chesapeake_2026;27;Virginia Beach;Annapolis Blues;75.51;ALTA;FINAL;1;1;2;KO;OK;PRO: attacco casa positivo | attacco trasferta positivo | difesa trasferta vulnerabile | trend over recente casa | trend over recente trasferta | profilo over interno positivo || CONTRO: v22 monitora possibile sopravvalutazione weak_ga | profilo over esterno debole | BTTS basso: possibile partita a senso unico;3.0;12.73;13.0;4.76;6.64;7.2;8.4;7.14;5.71;6.92;2.5.0
2026-07-09;;USA_USLLeagueTwo_GreatForest_2026;25;Cleveland Force;Steel City;66.86;MEDIA;FINAL;0;1;1;KO;KO;PRO: attacco casa positivo | attacco trasferta positivo | difesa casa vulnerabile | trend over recente casa | profilo over interno positivo || CONTRO: trend over trasferta non forte | profilo over esterno debole | BTTS basso: possibile partita a senso unico;5.0;10.34;10.21;8.0;1.24;10.8;4.8;8.33;2.0;6.14;2.5.0
2026-07-09;;USA_USLLeagueTwo_GreatLakes_2026;23;Kalamazoo FC;Lansing City;79.39;ALTA;FINAL;3;0;3;OK;KO;PRO: attacco casa positivo | difesa trasferta vulnerabile | difesa casa vulnerabile | trend over recente casa | trend over recente trasferta | profilo over interno positivo | profilo over esterno positivo || CONTRO: ospite poco prolifico: rischio 1-0 / 2-0 | v22 monitora possibile sopravvalutazione weak_ga | BTTS basso: possibile partita a senso unico;4.0;13.0;5.91;6.28;10.0;8.4;10.8;6.67;8.33;6.0;2.5.0
2026-07-09;;USA_USLLeagueTwo_Heartland_2026;24;River Light;Rockford Raptors;75.89;ALTA;FINAL;0;2;2;KO;KO;PRO: attacco casa positivo | attacco trasferta positivo | difesa trasferta vulnerabile | difesa casa vulnerabile | trend over recente casa | trend over recente trasferta | profilo over interno positivo | alta tendenza BTTS || CONTRO: v22 monitora possibile sopravvalutazione weak_ga | profilo over esterno debole;2.25;13.0;10.21;6.87;9.09;9.33;7.2;6.0;4.0;7.94;2.5.0
2026-07-09;;USA_USLLeagueTwo_Heartland_2026;24;RKC SC;Chicago Dutch Lions;73.22;MEDIA;FINAL;4;2;6;OK;OK;PRO: attacco trasferta positivo | difesa trasferta vulnerabile | difesa casa vulnerabile | trend over recente trasferta | profilo over esterno positivo || CONTRO: attacco casa non dominante | v22 monitora possibile sopravvalutazione weak_ga | trend over casa non forte | profilo over interno debole | BTTS basso: possibile partita a senso unico;1.5;7.52;12.36;5.95;9.09;6.0;10.8;4.0;10.0;6.0;2.5.0
2026-07-09;;USA_USLLeagueTwo_Heartland_2026;24;Rochester FC;St. Croix;79.8;ALTA;FINAL;1;3;4;OK;OK;PRO: attacco trasferta positivo | difesa trasferta vulnerabile | difesa casa vulnerabile | trend over recente casa | trend over recente trasferta | profilo over interno positivo | profilo over esterno positivo || CONTRO: attacco casa non dominante | v22 monitora possibile sopravvalutazione weak_ga | BTTS basso: possibile partita a senso unico;1.5;5.25;11.82;8.0;10.0;10.67;10.8;7.5;8.0;6.27;2.5.0
2026-07-09;;USA_USLLeagueTwo_LoneStar_2026;26;Houston FC;Houston Sur;86.27;ALTA;FINAL;3;0;3;OK;KO;PRO: attacco casa positivo | difesa trasferta vulnerabile | difesa casa vulnerabile | trend over recente casa | trend over recente trasferta | profilo over interno positivo | profilo over esterno positivo || CONTRO: ospite poco prolifico: rischio 1-0 / 2-0 | v22 monitora possibile sopravvalutazione weak_ga | BTTS basso: possibile partita a senso unico;5.25;12.89;4.83;7.93;10.0;10.8;10.8;6.67;10.0;7.09;2.5.0
2026-07-09;;USA_USLLeagueTwo_LoneStar_2026;26;Laredo Heat;GFI Woodlands;72.28;MEDIA;FINAL;3;0;3;OK;KO;PRO: attacco casa positivo | attacco trasferta positivo | difesa trasferta vulnerabile | trend over recente casa | trend over recente trasferta | profilo over interno positivo | profilo over esterno positivo || CONTRO: v22 monitora possibile sopravvalutazione weak_ga | BTTS basso: possibile partita a senso unico;0.75;13.0;13.0;1.82;7.58;8.4;8.4;6.67;6.67;6.0;2.5.0
2026-07-09;;USA_USLLeagueTwo_LoneStar_2026;26;San Antonio FC 2;Twin City Toucans;76.05;ALTA;FINAL;0;0;0;KO;KO;PRO: attacco casa positivo | difesa trasferta vulnerabile | difesa casa vulnerabile | trend over recente casa | trend over recente trasferta | profilo over interno positivo | profilo over esterno positivo || CONTRO: ospite poco prolifico: rischio 1-0 / 2-0 | v22 monitora possibile sopravvalutazione weak_ga | BTTS basso: possibile partita a senso unico;1.5;10.74;6.89;8.0;9.09;9.6;8.4;8.33;6.67;6.82;2.5.0
2026-07-09;;USA_USLLeagueTwo_Metropolitan_2026;26;Cedar;Ironbound SC;66.13;MEDIA;FINAL;2;2;4;OK;OK;PRO: attacco casa positivo | attacco trasferta positivo | trend over recente trasferta | profilo over esterno positivo | alta tendenza BTTS || CONTRO: trend over casa non forte | profilo over interno debole;1.33;9.45;13.0;4.36;5.91;4.8;8.4;3.33;8.33;7.2;2.5.0
2026-07-09;;USA_USLLeagueTwo_Metropolitan_2026;26;Manhattan;New Jersey Copa;87.03;ALTA;FINAL;6;0;6;OK;KO;PRO: attacco casa positivo | difesa trasferta vulnerabile | difesa casa vulnerabile | trend over recente casa | trend over recente trasferta | profilo over interno positivo | profilo over esterno positivo | alta tendenza BTTS || CONTRO: ospite poco prolifico: rischio 1-0 / 2-0 | v22 monitora possibile sopravvalutazione weak_ga;1.33;13.0;7.52;7.6;10.0;10.8;10.8;10.0;8.33;7.64;2.5.0
2026-07-09;;USA_USLLeagueTwo_Metropolitan_2026;26;Morris Elite;Westchester Flames;64.81;MEDIA;FINAL;1;1;2;KO;OK;PRO: difesa trasferta vulnerabile | difesa casa vulnerabile | trend over recente casa | trend over recente trasferta | profilo over esterno positivo || CONTRO: attacco casa non dominante | ospite poco prolifico: rischio 1-0 / 2-0 | v22 monitora possibile sopravvalutazione weak_ga | profilo over interno debole | BTTS basso: possibile partita a senso unico;0.67;5.37;7.52;8.0;10.0;8.4;8.4;5.0;6.0;5.45;2.5.0
2026-07-09;;USA_USLLeagueTwo_MidAtlantic_2026;29;Ocean City;LVU Rush;80.66;ALTA;FINAL;2;2;4;OK;OK;PRO: attacco casa positivo | attacco trasferta positivo | trend over recente casa | trend over recente trasferta | profilo over interno positivo | profilo over esterno positivo || CONTRO: BTTS basso: possibile partita a senso unico;0.75;13.0;13.0;1.96;6.29;9.6;10.8;8.33;10.0;6.92;2.5.0
2026-07-09;;USA_USLLeagueTwo_MidAtlantic_2026;29;RC New Jersey;West Chester Utd;69.25;MEDIA;FINAL;0;2;2;KO;KO;PRO: attacco casa positivo | attacco trasferta positivo | difesa trasferta vulnerabile | difesa casa vulnerabile | trend over recente casa | profilo over esterno positivo | alta tendenza BTTS || CONTRO: v22 monitora possibile sopravvalutazione weak_ga | trend over trasferta non forte | profilo over interno debole;1.5;9.09;8.86;6.71;6.82;8.4;6.0;5.71;8.0;8.15;2.5.0
2026-07-09;;USA_USLLeagueTwo_MidAtlantic_2026;29;Reading;Philadelphia Lone Star;75.42;ALTA;FINAL;0;0;0;KO;KO;PRO: attacco casa positivo | attacco trasferta positivo | difesa trasferta vulnerabile | difesa casa vulnerabile | trend over recente casa | trend over recente trasferta | profilo over esterno positivo || CONTRO: v22 monitora possibile sopravvalutazione weak_ga | profilo over interno debole | BTTS basso: possibile partita a senso unico;1.5;10.83;10.45;5.76;10.0;8.4;9.6;5.0;7.14;6.73;2.5.0
2026-07-09;;USA_USLLeagueTwo_MidSouth_2026;19;Jackson Boom;Hattiesburg;78.19;ALTA;FINAL;0;6;6;OK;KO;PRO: attacco trasferta positivo | difesa trasferta vulnerabile | difesa casa vulnerabile | trend over recente casa | trend over recente trasferta | profilo over interno positivo | profilo over esterno positivo || CONTRO: attacco casa non dominante | v22 monitora possibile sopravvalutazione weak_ga | BTTS basso: possibile partita a senso unico;3.0;1.07;13.0;8.0;9.09;7.2;12.0;8.33;10.0;6.49;2.5.0
2026-07-09;;USA_USLLeagueTwo_MidSouth_2026;19;Little Rock Rangers;Memphis FC;61.58;MEDIA;FINAL;1;0;1;KO;KO;PRO: attacco casa positivo | difesa trasferta vulnerabile | trend over recente trasferta || CONTRO: ospite poco prolifico: rischio 1-0 / 2-0 | v22 monitora possibile sopravvalutazione weak_ga | trend over casa non forte | profilo over interno debole | profilo over esterno debole | BTTS basso: possibile partita a senso unico;5.0;10.64;7.52;1.45;9.09;6.0;7.2;4.0;5.0;5.67;2.5.0
2026-07-09;;USA_USLLeagueTwo_MidSouth_2026;19;Mississippi Brilla;Louisiana;86.98;ALTA;FINAL;3;4;7;OK;OK;PRO: attacco casa positivo | attacco trasferta positivo | difesa trasferta vulnerabile | difesa casa vulnerabile | trend over recente casa | trend over recente trasferta | profilo over interno positivo | profilo over esterno positivo | alta tendenza BTTS || CONTRO: v22 monitora possibile sopravvalutazione weak_ga;1.0;13.0;13.0;6.28;7.44;9.6;9.6;8.33;10.0;8.73;2.5.0
2026-07-09;;USA_USLLeagueTwo_NorCal_2026;28;Academica SC;San Juan;85.29;ALTA;FINAL;2;4;6;OK;OK;PRO: attacco casa positivo | difesa trasferta vulnerabile | difesa casa vulnerabile | trend over recente casa | trend over recente trasferta | profilo over interno positivo | profilo over esterno positivo | alta tendenza BTTS || CONTRO: ospite poco prolifico: rischio 1-0 / 2-0 | v22 monitora possibile sopravvalutazione weak_ga;1.71;12.31;7.73;8.0;10.0;9.6;10.8;8.33;8.57;8.23;2.5.0
2026-07-09;;USA_USLLeagueTwo_NorCal_2026;28;Davis Legacy;San Francisco City;84.97;ALTA;FINAL;2;3;5;OK;OK;PRO: attacco casa positivo | attacco trasferta positivo | difesa casa vulnerabile | trend over recente casa | trend over recente trasferta | profilo over interno positivo | profilo over esterno positivo | alta tendenza BTTS || CONTRO: nessun contro rilevante;3.43;9.09;13.0;8.0;6.06;10.8;8.4;10.0;8.57;7.62;2.5.0
2026-07-09;;USA_USLLeagueTwo_NorCal_2026;28;Project 51O;Marin;92.47;ALTA;FINAL;5;1;6;OK;OK;PRO: attacco casa positivo | attacco trasferta positivo | difesa trasferta vulnerabile | trend over recente casa | trend over recente trasferta | profilo over esterno positivo | alta tendenza BTTS || CONTRO: v22 monitora possibile sopravvalutazione weak_ga | profilo over interno debole;6.0;13.0;11.33;4.76;10.0;10.8;10.8;5.71;10.0;10.08;2.5.0
2026-07-09;;USA_USLLeagueTwo_Northeast_2026;30;Black Rock;Boston Bolts;69.13;MEDIA;FINAL;0;0;0;KO;KO;PRO: attacco casa positivo | difesa trasferta vulnerabile | trend over recente casa | trend over recente trasferta | profilo over interno positivo | alta tendenza BTTS || CONTRO: ospite poco prolifico: rischio 1-0 / 2-0 | v22 monitora possibile sopravvalutazione weak_ga | profilo over esterno debole;2.0;9.55;7.73;4.48;9.09;8.4;7.2;6.67;5.71;8.31;2.5.0
2026-07-09;;USA_USLLeagueTwo_Northwest_2026;34;Bigfoot;Ballard;75.84;ALTA;FINAL;0;4;4;OK;KO;PRO: attacco trasferta positivo | difesa casa vulnerabile | trend over recente casa | trend over recente trasferta | profilo over interno positivo || CONTRO: attacco casa non dominante | profilo over esterno debole | BTTS basso: possibile partita a senso unico;6.0;6.89;13.0;8.0;3.5;9.6;8.4;8.0;5.71;6.73;2.5.0
2026-07-09;;USA_USLLeagueTwo_Ranger_2026;21;West Texas;Lubbock Matadors;60.9;MEDIA;FINAL;1;0;1;KO;KO;PRO: attacco casa positivo | difesa casa vulnerabile | trend over recente casa | profilo over interno positivo || CONTRO: ospite poco prolifico: rischio 1-0 / 2-0 | trend over trasferta non forte | profilo over esterno debole | BTTS basso: possibile partita a senso unico;1.2;9.19;6.5;6.46;4.55;8.0;6.0;8.0;4.0;7.0;2.5.0
2026-07-09;;USA_USLLeagueTwo_SouthAtlantic_2026;37;North Carolina FC U23;Charlotte Eagles;67.81;MEDIA;FINAL;3;5;8;OK;OK;PRO: attacco casa positivo | attacco trasferta positivo | difesa trasferta vulnerabile | difesa casa vulnerabile | trend over recente casa | alta tendenza BTTS || CONTRO: v22 monitora possibile sopravvalutazione weak_ga | trend over trasferta non forte | profilo over interno debole | profilo over esterno debole;1.2;10.34;9.29;7.58;7.79;8.4;6.0;5.0;4.29;7.93;2.5.0
2026-07-09;;USA_USLLeagueTwo_SouthAtlantic_2026;37;Salem City;Tobacco Road;85.3;ALTA;FINAL;1;3;4;OK;OK;PRO: attacco casa positivo | attacco trasferta positivo | difesa trasferta vulnerabile | difesa casa vulnerabile | trend over recente casa | trend over recente trasferta | profilo over interno positivo | profilo over esterno positivo | alta tendenza BTTS || CONTRO: v22 monitora possibile sopravvalutazione weak_ga;0.6;10.45;10.91;8.0;10.0;9.6;9.6;8.33;8.57;9.23;2.5.0
2026-07-09;;USA_USLLeagueTwo_SouthAtlantic_2026;37;SC United Bantams;Charlotte Independ. 2;71.18;MEDIA;FINAL;1;4;5;OK;OK;PRO: attacco casa positivo | attacco trasferta positivo | difesa casa vulnerabile | trend over recente casa | profilo over interno positivo || CONTRO: trend over trasferta non forte | profilo over esterno debole | BTTS basso: possibile partita a senso unico;3.0;10.45;12.27;7.27;2.8;9.6;6.0;8.57;4.29;6.92;2.5.0
2026-07-09;;USA_USLLeagueTwo_SouthAtlantic_2026;37;Wake FC;Port City;77.91;ALTA;FINAL;3;1;4;OK;OK;PRO: difesa trasferta vulnerabile | difesa casa vulnerabile | trend over recente casa | trend over recente trasferta | profilo over interno positivo | profilo over esterno positivo | alta tendenza BTTS || CONTRO: attacco casa non dominante | ospite poco prolifico: rischio 1-0 / 2-0 | v22 monitora possibile sopravvalutazione weak_ga;0.6;7.27;5.0;8.0;10.0;10.8;10.8;10.0;6.67;8.77;2.5.0
2026-07-09;;USA_USLLeagueTwo_SouthCentral_2026;21;Apotheos;Dothan United;61.14;MEDIA;FINAL;0;2;2;KO;KO;PRO: attacco trasferta positivo | difesa casa vulnerabile || CONTRO: attacco casa non dominante | trend over casa non forte | trend over trasferta non forte | profilo over interno debole | profilo over esterno debole | BTTS basso: possibile partita a senso unico;3.0;5.91;12.89;6.94;3.31;6.0;6.0;5.0;5.0;7.09;2.5.0
2026-07-09;;USA_USLLeagueTwo_SouthCentral_2026;21;Montgomery United;Columbus United;64.37;MEDIA;FINAL;0;2;2;KO;KO;PRO: attacco casa positivo | difesa trasferta vulnerabile | difesa casa vulnerabile | trend over recente casa | profilo over interno positivo | alta tendenza BTTS || CONTRO: ospite poco prolifico: rischio 1-0 / 2-0 | v22 monitora possibile sopravvalutazione weak_ga | trend over trasferta non forte | profilo over esterno debole;1.0;8.6;8.06;6.94;7.85;8.4;4.8;6.67;3.33;8.73;2.5.0
2026-07-09;;USA_USLLeagueTwo_SouthCentral_2026;21;Swarm FC;East Atlanta;84.44;ALTA;FINAL;5;4;9;OK;OK;PRO: attacco casa positivo | attacco trasferta positivo | difesa trasferta vulnerabile | trend over recente casa | trend over recente trasferta | profilo over interno positivo | profilo over esterno positivo | alta tendenza BTTS || CONTRO: v22 monitora possibile sopravvalutazione weak_ga;6.0;13.0;8.86;4.24;10.0;10.8;8.4;8.33;6.0;8.8;2.5.0
2026-07-09;;USA_USLLeagueTwo_SouthFlorida_2026;19;Fort Lauderdale;Weston;59.49;BASSA;FINAL;1;0;1;KO;KO;PRO: attacco casa positivo | attacco trasferta positivo | difesa trasferta vulnerabile | trend over recente trasferta | profilo over esterno positivo || CONTRO: v22 monitora possibile sopravvalutazione weak_ga | trend over casa non forte | profilo over interno debole | BTTS basso: possibile partita a senso unico;2.4;11.28;10.05;1.32;7.27;6.0;7.2;3.33;6.0;4.64;2.5.0
2026-07-09;;USA_USLLeagueTwo_SouthFlorida_2026;19;Lakeland United;Miami City;72.26;MEDIA;FINAL;1;0;1;KO;KO;PRO: attacco casa positivo | difesa trasferta vulnerabile | trend over recente trasferta | profilo over esterno positivo | alta tendenza BTTS || CONTRO: ospite poco prolifico: rischio 1-0 / 2-0 | v22 monitora possibile sopravvalutazione weak_ga | trend over casa non forte | profilo over interno debole;4.8;11.82;7.68;5.09;10.0;6.0;8.4;4.0;6.67;7.8;2.5.0
2026-07-09;;USA_USLLeagueTwo_Southeast_2026;25;Brave SC;Inter Gainesville;70.86;MEDIA;FINAL;2;1;3;OK;OK;PRO: attacco casa positivo | difesa trasferta vulnerabile | trend over recente casa | trend over recente trasferta | profilo over interno positivo | profilo over esterno positivo || CONTRO: ospite poco prolifico: rischio 1-0 / 2-0 | v22 monitora possibile sopravvalutazione weak_ga | BTTS basso: possibile partita a senso unico;6.0;11.82;5.91;2.91;8.52;7.2;7.5;7.5;7.5;6.0;2.5.0
2026-07-09;;USA_USLLeagueTwo_Southwest_2026;28;City SC;AMSG FC;84.66;ALTA;FINAL;4;0;4;OK;KO;PRO: attacco casa positivo | difesa trasferta vulnerabile | difesa casa vulnerabile | trend over recente casa | trend over recente trasferta | profilo over interno positivo | profilo over esterno positivo | alta tendenza BTTS || CONTRO: ospite poco prolifico: rischio 1-0 / 2-0 | v22 monitora possibile sopravvalutazione weak_ga;1.71;11.33;5.37;8.0;10.0;12.0;9.6;8.33;10.0;8.32;2.5.0
2026-07-09;;USA_USLLeagueTwo_Southwest_2026;28;Ventura;Stars FC;61.83;MEDIA;FINAL;0;0;0;KO;KO;PRO: attacco casa positivo | attacco trasferta positivo | trend over recente casa || CONTRO: trend over trasferta non forte | profilo over interno debole | profilo over esterno debole | BTTS basso: possibile partita a senso unico;3.43;13.0;8.6;1.98;6.2;7.2;6.0;5.0;3.33;7.09;2.5.0
2026-07-09;;USA_USLLeagueTwo_Valley_2026;25;Toledo Villa;Northern Indiana;71.7;MEDIA;FINAL;1;3;4;OK;OK;PRO: attacco trasferta positivo | difesa casa vulnerabile | trend over recente casa | trend over recente trasferta | profilo over interno positivo | profilo over esterno positivo | alta tendenza BTTS || CONTRO: attacco casa non dominante;3.6;6.5;10.64;8.0;6.36;8.4;8.4;6.0;6.0;7.8;2.5.0
2026-07-10;;Australia_NPLQueensland_2026;19;Brisbane Roar U23;Rochedale;82.67;ALTA;FINAL;4;1;5;OK;OK;PRO: attacco casa positivo | attacco trasferta positivo | difesa trasferta vulnerabile | difesa casa vulnerabile | trend over recente casa | trend over recente trasferta | profilo over interno positivo | profilo over esterno positivo | alta tendenza BTTS || CONTRO: v22 monitora possibile sopravvalutazione weak_ga;0.55;8.86;8.86;8.0;10.0;10.8;9.6;8.89;7.78;9.33;2.5.0
2026-07-10;;Australia_NPLQueensland_2026;19;Peninsula;Wynnum Wolves;79.31;ALTA;FINAL;0;0;0;KO;KO;PRO: attacco casa positivo | attacco trasferta positivo | difesa trasferta vulnerabile | trend over recente casa | trend over recente trasferta | profilo over interno positivo | profilo over esterno positivo | alta tendenza BTTS || CONTRO: v22 monitora possibile sopravvalutazione weak_ga;3.27;13.0;9.52;4.04;8.59;8.4;9.6;6.0;8.89;8.0;2.5.0
2026-07-10;;Australia_NPLTasmania_2026;16;Glenorchy Knights;Kingborough Lions;75.45;ALTA;FINAL;0;2;2;KO;KO;PRO: attacco trasferta positivo | difesa casa vulnerabile | trend over recente casa | trend over recente trasferta | profilo over interno positivo | profilo over esterno positivo | alta tendenza BTTS || CONTRO: attacco casa non dominante;4.0;7.09;13.0;7.27;4.24;8.4;9.6;7.14;7.5;7.2;2.5.0
2026-07-10;;Australia_NPLTasmania_2026;16;Launceston United;Riverside Olympic;67.82;MEDIA;FINAL;0;1;1;KO;KO;PRO: attacco trasferta positivo | difesa trasferta vulnerabile | difesa casa vulnerabile | trend over recente casa | trend over recente trasferta | profilo over interno positivo || CONTRO: attacco casa non dominante | v22 monitora possibile sopravvalutazione weak_ga | profilo over esterno debole | BTTS basso: possibile partita a senso unico;2.67;5.91;10.97;8.0;6.82;7.2;7.2;7.5;5.71;5.84;2.5.0
2026-07-10;;Australia_NPLVictoria_2026;21;Dandenong City;South Melbourne;60.3;MEDIA;FINAL;0;2;2;KO;KO;PRO: attacco trasferta positivo | difesa trasferta vulnerabile | trend over recente trasferta | profilo over esterno positivo || CONTRO: attacco casa non dominante | v22 monitora possibile sopravvalutazione weak_ga | trend over casa non forte | profilo over interno debole | BTTS basso: possibile partita a senso unico;0.92;7.68;9.16;4.91;7.27;4.8;8.4;5.45;6.0;5.7;2.5.0
2026-07-10;;Australia_NPLVictoria_2026;21;Green Gully;Altona Magic;61.89;MEDIA;FINAL;1;3;4;OK;OK;PRO: difesa trasferta vulnerabile | difesa casa vulnerabile | trend over recente casa | trend over recente trasferta | profilo over esterno positivo || CONTRO: attacco casa non dominante | ospite poco prolifico: rischio 1-0 / 2-0 | v22 monitora possibile sopravvalutazione weak_ga | profilo over interno debole | BTTS basso: possibile partita a senso unico;1.85;4.14;7.09;7.64;8.18;7.2;7.2;5.0;7.0;6.6;2.5.0
2026-07-10;;Australia_NPLVictoria_2026;21;Oakleigh;Avondale FC;70.3;MEDIA;FINAL;2;0;2;KO;KO;PRO: attacco casa positivo | attacco trasferta positivo | trend over recente trasferta | profilo over interno positivo | profilo over esterno positivo || CONTRO: trend over casa non forte | BTTS basso: possibile partita a senso unico;1.38;12.7;13.0;3.27;6.14;3.6;9.6;8.0;6.0;6.6;2.5.0
2026-07-10;;Australia_NPLVictoria_2026;21;Preston Lions;Hume City;62.04;MEDIA;FINAL;2;1;3;OK;OK;PRO: attacco casa positivo | attacco trasferta positivo | trend over recente trasferta | profilo over esterno positivo || CONTRO: trend over casa non forte | profilo over interno debole | BTTS basso: possibile partita a senso unico;0.46;9.33;11.82;3.06;5.45;3.6;9.6;5.0;7.0;6.71;2.5.0
2026-07-10;;Australia_NSWLeagueOne_2026;24;Macarthur Rams;Bankstown City Lions;59.51;BASSA;FINAL;1;1;2;KO;OK;PRO: attacco trasferta positivo | difesa trasferta vulnerabile | trend over recente trasferta | profilo over esterno positivo || CONTRO: attacco casa non dominante | v22 monitora possibile sopravvalutazione weak_ga | trend over casa non forte | profilo over interno debole | BTTS basso: possibile partita a senso unico;0.4;7.71;10.28;3.79;7.31;3.6;8.4;4.62;6.36;7.04;2.5.0
2026-07-10;;Australia_QueenslandPremierLeague_2026;20;Holland Park Hawks;North Star;69.65;MEDIA;FINAL;0;0;0;KO;KO;PRO: attacco casa positivo | difesa trasferta vulnerabile | difesa casa vulnerabile | trend over recente casa | trend over recente trasferta | profilo over interno positivo | alta tendenza BTTS || CONTRO: ospite poco prolifico: rischio 1-0 / 2-0 | v22 monitora possibile sopravvalutazione weak_ga | profilo over esterno debole;1.09;9.52;5.25;6.87;9.34;8.4;8.4;7.78;5.0;8.0;2.5.0
2026-07-10;;Australia_VictoriaPremierLeague2_2026;21;Eastern Lions;Werribee City;57.01;BASSA;FINAL;2;1;3;OK;OK;PRO: attacco casa positivo | difesa trasferta vulnerabile || CONTRO: ospite poco prolifico: rischio 1-0 / 2-0 | v22 monitora possibile sopravvalutazione weak_ga | trend over casa non forte | trend over trasferta non forte | profilo over interno debole | profilo over esterno debole | BTTS basso: possibile partita a senso unico;1.38;9.33;7.68;4.98;7.73;6.0;4.8;3.33;5.0;6.77;2.5.0
2026-07-10;;Australia_VictoriaPremierLeague2_2026;21;Essendon Royals SC;Box Hill;75.33;ALTA;FINAL;3;2;5;OK;OK;PRO: attacco casa positivo | attacco trasferta positivo | difesa casa vulnerabile | trend over recente casa | trend over recente trasferta | profilo over interno positivo | alta tendenza BTTS || CONTRO: profilo over esterno debole;1.85;13.0;8.71;5.45;5.98;8.4;8.4;10.0;5.56;7.99;2.5.0
2026-07-10;;Australia_VictoriaPremierLeague2_2026;21;Whittlesea United;Kingston City;61.01;MEDIA;FINAL;1;1;2;KO;OK;PRO: attacco casa positivo | difesa trasferta vulnerabile | trend over recente trasferta | profilo over esterno positivo || CONTRO: ospite poco prolifico: rischio 1-0 / 2-0 | v22 monitora possibile sopravvalutazione weak_ga | trend over casa non forte | profilo over interno debole | BTTS basso: possibile partita a senso unico;2.77;9.16;5.91;4.18;9.57;4.8;8.4;4.44;6.25;5.53;2.5.0
2026-07-10;;Australia_VictoriaPremierLeague_2026;21;Brunswick Juventus;Western Utd. U21;84.37;ALTA;FINAL;5;4;9;OK;OK;PRO: attacco casa positivo | attacco trasferta positivo | difesa trasferta vulnerabile | difesa casa vulnerabile | trend over recente trasferta | profilo over interno positivo | profilo over esterno positivo | alta tendenza BTTS || CONTRO: v22 monitora possibile sopravvalutazione weak_ga | trend over casa non forte;3.69;11.82;12.41;5.45;10.0;6.0;10.8;8.0;9.0;7.2;2.5.0
2026-07-10;;Australia_VictoriaPremierLeague_2026;21;Langwarrin;Melbourne Victory U21;91.67;ALTA;FINAL;3;3;6;OK;OK;PRO: attacco casa positivo | attacco trasferta positivo | difesa trasferta vulnerabile | difesa casa vulnerabile | trend over recente casa | trend over recente trasferta | profilo over interno positivo | profilo over esterno positivo | alta tendenza BTTS || CONTRO: v22 monitora possibile sopravvalutazione weak_ga;2.31;10.64;13.0;8.0;8.64;9.6;10.8;10.0;9.09;9.6;2.5.0
2026-07-10;;Australia_VictoriaPremierLeague_2026;21;Northcote City;Melbourne Knights;47.62;BASSA;FINAL;0;1;1;KO;KO;PRO: attacco casa positivo | attacco trasferta positivo || CONTRO: trend over casa non forte | trend over trasferta non forte | profilo over interno debole | profilo over esterno debole | BTTS basso: possibile partita a senso unico || CONTRO V25: v25: sfida equilibrata di alta classifica (gap punti 2.0, gap PPG 0.10) con difesa trasferta sotto 1 gol subito a partita;0.46;10.05;10.34;3.64;3.64;4.8;6.0;5.0;4.0;5.7;2.5.0
2026-07-10;;Belarus_PershayaLiga_2026;16;FC Slonim;Niva Dolbizno;73.46;MEDIA;FINAL;2;2;4;OK;OK;PRO: attacco casa positivo | attacco trasferta positivo | trend over recente casa | trend over recente trasferta | profilo over interno positivo | profilo over esterno positivo | alta tendenza BTTS || CONTRO: nessun contro rilevante;0.35;11.03;13.0;4.12;5.45;8.4;8.4;8.0;7.5;7.2;2.5.0
2026-07-10;;Belarus_PershayaLiga_2026;16;Ostrovets;SKA-1938;62.4;MEDIA;FINAL;1;1;2;KO;OK;PRO: attacco trasferta positivo | alta tendenza BTTS || CONTRO: attacco casa non dominante | trend over casa non forte | trend over trasferta non forte | profilo over interno debole | profilo over esterno debole;3.88;7.09;13.0;5.09;4.85;4.8;6.0;5.0;4.29;8.4;2.5.0
2026-07-10;;Belarus_VysshayaLiga_2026;16;Dnepr Mogilev;FC Minsk;56.32;BASSA;FINAL;1;2;3;OK;OK;PRO: difesa casa vulnerabile | trend over recente trasferta | profilo over esterno positivo || CONTRO: attacco casa non dominante | ospite poco prolifico: rischio 1-0 / 2-0 | trend over casa non forte | profilo over interno debole | BTTS basso: possibile partita a senso unico;2.8;4.73;8.27;5.33;6.06;3.6;9.6;2.86;6.67;6.4;2.5.0
2026-07-10;;Bolivia_DivisionProfesional_2026;12;Nacional Potosi;Aurora;47.7;BASSA;FINAL;2;0;2;KO;KO;PRO: attacco trasferta positivo | alta tendenza BTTS || CONTRO: attacco casa non dominante | trend over casa non forte | trend over trasferta non forte | profilo over interno debole | profilo over esterno debole;2.0;8.12;9.19;4.09;4.55;6.0;4.0;0.0;2.0;7.75;2.5.0
2026-07-10;;Estonia_Meistriliiga_2026;20;Harju JK Laagri;Narva;64.48;MEDIA;FINAL;3;0;3;OK;KO;PRO: difesa trasferta vulnerabile | difesa casa vulnerabile | trend over recente casa | trend over recente trasferta | profilo over interno positivo | profilo over esterno positivo || CONTRO: attacco casa non dominante | ospite poco prolifico: rischio 1-0 / 2-0 | v22 monitora possibile sopravvalutazione weak_ga | BTTS basso: possibile partita a senso unico;2.0;7.78;3.73;6.12;10.0;9.6;7.2;7.0;6.0;5.05;2.5.0
2026-07-10;;Finland_Kakkonen_GroupB_2026;13;Abo;Ilves 2;75.82;ALTA;FINAL;1;1;2;KO;OK;PRO: attacco casa positivo | attacco trasferta positivo | difesa trasferta vulnerabile | trend over recente casa | trend over recente trasferta | profilo over esterno positivo | alta tendenza BTTS || CONTRO: v22 monitora possibile sopravvalutazione weak_ga | profilo over interno debole;1.33;13.0;13.0;3.33;7.27;7.2;8.4;5.71;6.67;9.9;2.5.0
2026-07-10;;Finland_Kakkonen_GroupC_2026;14;GBK Kokkola;JBK;71.8;MEDIA;FINAL;2;0;2;KO;KO;PRO: attacco casa positivo | attacco trasferta positivo | difesa trasferta vulnerabile | difesa casa vulnerabile | trend over recente casa | trend over recente trasferta || CONTRO: v22 monitora possibile sopravvalutazione weak_ga | profilo over interno debole | profilo over esterno debole | BTTS basso: possibile partita a senso unico;3.33;13.0;9.85;6.97;6.82;8.4;9.6;3.33;5.0;5.5;2.5.0
2026-07-10;;Finland_Veikkausliiga_2026;17;VPS;SJK;59.05;BASSA;FINAL;1;0;1;KO;KO;PRO: attacco casa positivo | difesa trasferta vulnerabile | trend over recente trasferta | alta tendenza BTTS || CONTRO: ospite poco prolifico: rischio 1-0 / 2-0 | v22 monitora possibile sopravvalutazione weak_ga | trend over casa non forte | profilo over interno debole | profilo over esterno debole;3.82;9.06;7.09;2.91;6.97;4.8;7.2;5.0;5.0;7.2;2.5.0
2026-07-10;;Finland_Ykkonen_2026;16;Inter Turku 2;Rovaniemi;67.19;MEDIA;FINAL;0;2;2;KO;KO;PRO: attacco casa positivo | attacco trasferta positivo | difesa casa vulnerabile | trend over recente casa | alta tendenza BTTS || CONTRO: trend over trasferta non forte | profilo over interno debole | profilo over esterno debole;3.82;10.55;12.66;8.0;4.87;7.2;4.8;4.29;2.86;8.14;2.5.0
2026-07-10;;Finland_Ykkonen_2026;16;Tampere Utd;SalPa;65.94;MEDIA;FINAL;0;1;1;KO;KO;PRO: attacco casa positivo | attacco trasferta positivo | difesa trasferta vulnerabile | trend over recente trasferta || CONTRO: v22 monitora possibile sopravvalutazione weak_ga | trend over casa non forte | profilo over interno debole | profilo over esterno debole | BTTS basso: possibile partita a senso unico;1.64;11.82;12.24;2.34;7.79;4.8;9.6;5.71;5.71;4.29;2.5.0
2026-07-10;;Finland_Ykkosliiga_2026;15;KTP;JaPS;54.86;BASSA;FINAL;4;1;5;OK;OK;PRO: attacco casa positivo | profilo over esterno positivo || CONTRO: ospite poco prolifico: rischio 1-0 / 2-0 | trend over casa non forte | trend over trasferta non forte | profilo over interno debole | BTTS basso: possibile partita a senso unico;3.33;10.55;5.37;3.64;5.79;6.0;4.8;5.71;6.0;3.66;2.5.0
2026-07-10;;Finland_Ykkosliiga_2026;15;PK-35;KaPa;56.04;BASSA;FINAL;3;1;4;OK;OK;PRO: difesa trasferta vulnerabile | trend over recente trasferta | profilo over esterno positivo || CONTRO: attacco casa non dominante | ospite poco prolifico: rischio 1-0 / 2-0 | v22 monitora possibile sopravvalutazione weak_ga | trend over casa non forte | profilo over interno debole | BTTS basso: possibile partita a senso unico;4.0;8.37;5.91;2.12;7.2;3.6;7.2;5.0;7.14;5.5;2.5.0
2026-07-10;;Iceland_Division_1_2026;20;Aegir;Kopavogur;79.89;ALTA;FINAL;3;4;7;OK;OK;PRO: attacco trasferta positivo | difesa trasferta vulnerabile | difesa casa vulnerabile | trend over recente casa | trend over recente trasferta | profilo over interno positivo | profilo over esterno positivo | alta tendenza BTTS || CONTRO: attacco casa non dominante | v22 monitora possibile sopravvalutazione weak_ga;4.36;7.6;11.36;8.0;8.04;9.6;7.2;8.57;7.14;8.01;2.5.0
2026-07-10;;Iceland_Division_1_2026;20;IR Reykjavik;Throttur;73.79;MEDIA;FINAL;1;1;2;KO;OK;PRO: attacco casa positivo | attacco trasferta positivo | difesa casa vulnerabile | trend over recente casa | profilo over esterno positivo | alta tendenza BTTS || CONTRO: trend over trasferta non forte | profilo over interno debole;3.82;10.91;11.82;8.0;4.9;8.4;4.8;5.71;6.67;8.77;2.5.0
2026-07-10;;Iceland_Division_1_2026;20;Leiknir;Grotta;69.28;MEDIA;FINAL;0;1;1;KO;KO;PRO: attacco trasferta positivo | difesa trasferta vulnerabile | trend over recente trasferta | profilo over esterno positivo | alta tendenza BTTS || CONTRO: attacco casa non dominante | v22 monitora possibile sopravvalutazione weak_ga | trend over casa non forte | profilo over interno debole;0.55;7.73;10.83;4.48;9.47;6.0;9.6;5.71;7.14;7.77;2.5.0
2026-07-10;;Iceland_Division_1_2026;20;Njardvik;Grindavik;53.99;BASSA;FINAL;5;4;9;OK;OK;PRO: attacco casa positivo || CONTRO: ospite poco prolifico: rischio 1-0 / 2-0 | trend over casa non forte | trend over trasferta non forte | profilo over interno debole | profilo over esterno debole | BTTS basso: possibile partita a senso unico;2.18;8.64;6.4;4.2;6.44;6.0;6.0;4.29;5.0;4.85;2.5.0
2026-07-10;;Kazakhstan_FirstLeague_2026;23;FC Batyr;Kairat Almaty 2;65.92;MEDIA;FINAL;2;4;6;OK;OK;PRO: attacco trasferta positivo | difesa casa vulnerabile | trend over recente trasferta | profilo over esterno positivo || CONTRO: attacco casa non dominante | trend over casa non forte | profilo over interno debole | BTTS basso: possibile partita a senso unico;3.23;7.73;13.0;6.71;2.45;6.0;9.6;3.33;8.33;5.54;2.5.0
2026-07-10;;Kazakhstan_FirstLeague_2026;23;Kaspij Aktau 2;Taraz;58.94;BASSA;FINAL;1;0;1;KO;KO;PRO: attacco trasferta positivo | difesa trasferta vulnerabile | difesa casa vulnerabile | trend over recente casa | trend over recente trasferta || CONTRO: attacco casa non dominante | v22 monitora possibile sopravvalutazione weak_ga | profilo over interno debole | profilo over esterno debole | BTTS basso: possibile partita a senso unico;0.92;7.27;8.64;6.15;6.64;7.2;8.4;2.0;5.71;6.0;2.5.0
2026-07-10;;Kazakhstan_FirstLeague_2026;23;Shakhter K.;Turan;58.24;BASSA;FINAL;1;0;1;KO;KO;PRO: attacco casa positivo | attacco trasferta positivo | trend over recente trasferta | profilo over interno positivo | profilo over esterno positivo || CONTRO: trend over casa non forte | BTTS basso: possibile partita a senso unico;0.46;13.0;11.36;1.4;3.85;6.0;7.2;6.67;6.0;2.31;2.5.0
2026-07-10;;Kazakhstan_FirstLeague_2026;23;Yelimay Semey 2;FC Astana 2;72.83;MEDIA;FINAL;2;1;3;OK;OK;PRO: attacco trasferta positivo | difesa trasferta vulnerabile | difesa casa vulnerabile | trend over recente trasferta | profilo over interno positivo | profilo over esterno positivo | alta tendenza BTTS || CONTRO: attacco casa non dominante | v22 monitora possibile sopravvalutazione weak_ga | trend over casa non forte;4.62;4.55;10.91;7.55;7.69;6.0;10.8;6.67;6.67;7.38;2.5.0
2026-07-10;;Kyrgyzstan_PremierLiga_2026;16;Alay Osh;Toktogul;46.18;BASSA;FINAL;1;0;1;KO;KO;PRO: difesa trasferta vulnerabile || CONTRO: attacco casa non dominante | ospite poco prolifico: rischio 1-0 / 2-0 | v22 monitora possibile sopravvalutazione weak_ga | trend over casa non forte | trend over trasferta non forte | profilo over interno debole | profilo over esterno debole | BTTS basso: possibile partita a senso unico;3.2;6.7;5.12;3.64;7.27;3.6;4.8;2.86;3.0;6.0;2.5.0
2026-07-10;;Kyrgyzstan_PremierLiga_2026;16;Asiagoal Bishkek;Bars;71.37;MEDIA;FINAL;3;7;10;OK;OK;PRO: attacco trasferta positivo | difesa casa vulnerabile | trend over recente trasferta | profilo over esterno positivo | alta tendenza BTTS || CONTRO: attacco casa non dominante | trend over casa non forte | profilo over interno debole;2.4;6.7;13.0;6.3;6.29;6.0;9.6;4.0;8.0;9.08;2.5.0
2026-07-10;;Kyrgyzstan_PremierLiga_2026;16;Bishkek City;Muras United;58.35;BASSA;FINAL;1;5;6;OK;OK;PRO: attacco trasferta positivo | difesa casa vulnerabile | profilo over esterno positivo || CONTRO: attacco casa non dominante | trend over casa non forte | trend over trasferta non forte | profilo over interno debole | BTTS basso: possibile partita a senso unico;3.2;5.91;13.0;5.33;3.9;4.8;6.0;3.33;6.25;6.63;2.5.0
2026-07-10;;Kyrgyzstan_PremierLiga_2026;16;Ilbirs;Ozgon;55.91;BASSA;FINAL;0;1;1;KO;KO;PRO: attacco trasferta positivo | difesa casa vulnerabile | profilo over esterno positivo || CONTRO: attacco casa non dominante | trend over casa non forte | trend over trasferta non forte | profilo over interno debole | BTTS basso: possibile partita a senso unico;4.0;5.91;10.64;5.71;4.24;3.6;6.0;2.5;6.25;7.06;2.5.0
2026-07-10;;Somalia_NationalLeague_2026;19;Badbaado;Jazeera;73.97;MEDIA;FINAL;4;1;5;OK;OK;PRO: attacco casa positivo | attacco trasferta positivo | difesa trasferta vulnerabile | difesa casa vulnerabile | trend over recente casa | profilo over interno positivo | profilo over esterno positivo | alta tendenza BTTS || CONTRO: v22 monitora possibile sopravvalutazione weak_ga | trend over trasferta non forte;0.55;10.34;9.6;5.91;9.09;10.8;6.0;6.67;7.14;7.88;2.5.0
2026-07-10;;USA_USLLeagueTwo_GreatLakes_2026;23;Midwest United;Union FC Macomb;82.15;ALTA;SCHEDULED;;;;;;PRO: attacco casa positivo | attacco trasferta positivo | difesa trasferta vulnerabile | trend over recente casa | trend over recente trasferta | profilo over interno positivo | profilo over esterno positivo | alta tendenza BTTS || CONTRO: v22 monitora possibile sopravvalutazione weak_ga;1.0;11.23;10.64;5.09;10.0;8.4;12.0;6.0;10.0;7.8;2.5.0
2026-07-10;;USA_USLLeagueTwo_Mountain_2026;26;Real Colorado;Flatirons;89.91;ALTA;FINAL;2;2;4;OK;OK;PRO: attacco casa positivo | difesa trasferta vulnerabile | difesa casa vulnerabile | trend over recente casa | trend over recente trasferta | profilo over interno positivo | profilo over esterno positivo | alta tendenza BTTS || CONTRO: ospite poco prolifico: rischio 1-0 / 2-0 | v22 monitora possibile sopravvalutazione weak_ga;3.0;11.82;7.09;8.0;10.0;12.0;10.8;10.0;8.0;9.2;2.5.0
2026-07-10;;USA_USLLeagueTwo_Northeast_2026;30;NEFC;Albany Rush;83.65;ALTA;FINAL;1;0;1;KO;KO;PRO: attacco casa positivo | attacco trasferta positivo | difesa trasferta vulnerabile | difesa casa vulnerabile | trend over recente casa | trend over recente trasferta | profilo over interno positivo | profilo over esterno positivo | alta tendenza BTTS || CONTRO: v22 monitora possibile sopravvalutazione weak_ga;2.0;13.0;9.55;5.45;10.0;10.8;8.4;8.57;8.33;7.55;2.5.0
2026-07-10;;USA_USLLeagueTwo_Valley_2026;25;Dayton;West Virginia;61.95;MEDIA;FINAL;1;0;1;KO;KO;PRO: attacco trasferta positivo | difesa casa vulnerabile | trend over recente trasferta || CONTRO: attacco casa non dominante | trend over casa non forte | profilo over interno debole | profilo over esterno debole | BTTS basso: possibile partita a senso unico;3.6;7.09;10.83;6.18;4.55;6.0;7.2;5.0;5.0;6.5;2.5.0
2026-07-11;;Australia_NPLACT_2026;18;Canberra Croatia;Brindabella;80.94;ALTA;FINAL;2;0;2;KO;KO;PRO: attacco casa positivo | difesa trasferta vulnerabile | trend over recente casa | trend over recente trasferta | profilo over interno positivo | profilo over esterno positivo || CONTRO: ospite poco prolifico: rischio 1-0 / 2-0 | v22 monitora possibile sopravvalutazione weak_ga | BTTS basso: possibile partita a senso unico;5.33;13.0;4.09;4.16;10.0;10.8;8.4;10.0;8.57;6.59;2.5.0
2026-07-11;;Australia_NPLACT_2026;18;Canberra Juventus;O'Connor Knights;74.14;MEDIA;FINAL;2;0;2;KO;KO;PRO: attacco casa positivo | difesa trasferta vulnerabile | difesa casa vulnerabile | trend over recente casa | trend over recente trasferta | profilo over interno positivo || CONTRO: ospite poco prolifico: rischio 1-0 / 2-0 | v22 monitora possibile sopravvalutazione weak_ga | profilo over esterno debole | BTTS basso: possibile partita a senso unico;1.33;13.0;6.33;6.43;9.09;9.6;7.2;10.0;4.0;7.15;2.5.0
2026-07-11;;Australia_NPLACT_2026;18;Canberra Olympic;Canberra White Eagles;82.6;ALTA;FINAL;2;1;3;OK;OK;PRO: attacco casa positivo | difesa trasferta vulnerabile | difesa casa vulnerabile | trend over recente casa | trend over recente trasferta | profilo over interno positivo | profilo over esterno positivo | alta tendenza BTTS || CONTRO: ospite poco prolifico: rischio 1-0 / 2-0 | v22 monitora possibile sopravvalutazione weak_ga;2.0;12.66;4.22;8.0;10.0;9.6;8.4;10.0;10.0;7.71;2.5.0
2026-07-11;;Australia_NPLACT_2026;18;Tigers FC;Queanbeyan City;82.78;ALTA;FINAL;2;2;4;OK;OK;PRO: attacco casa positivo | attacco trasferta positivo | difesa trasferta vulnerabile | trend over recente casa | trend over recente trasferta | profilo over interno positivo | profilo over esterno positivo | alta tendenza BTTS || CONTRO: v22 monitora possibile sopravvalutazione weak_ga;2.0;13.0;12.73;4.36;6.64;7.2;10.8;8.75;10.0;7.29;2.5.0
2026-07-11;;Australia_NPLACT_2026;18;Tuggeranong Utd;Belconnen Utd.;94.63;ALTA;FINAL;1;0;1;KO;KO;PRO: attacco casa positivo | attacco trasferta positivo | difesa trasferta vulnerabile | difesa casa vulnerabile | trend over recente casa | trend over recente trasferta | profilo over interno positivo | profilo over esterno positivo | alta tendenza BTTS || CONTRO: v22 monitora possibile sopravvalutazione weak_ga;3.33;13.0;9.71;8.0;10.0;12.0;10.8;8.57;8.57;10.65;2.5.0
2026-07-11;;Australia_NPLNSW_2026;24;APIA Leichhardt;Sydney FC U23;64.76;MEDIA;FINAL;2;1;3;OK;OK;PRO: attacco casa positivo | difesa trasferta vulnerabile | trend over recente casa | profilo over interno positivo | profilo over esterno positivo || CONTRO: ospite poco prolifico: rischio 1-0 / 2-0 | v22 monitora possibile sopravvalutazione weak_ga | trend over trasferta non forte | BTTS basso: possibile partita a senso unico;1.6;12.09;8.33;4.3;6.61;7.2;6.0;6.36;6.0;6.27;2.5.0
2026-07-11;;Australia_NPLNSW_2026;24;Manly Utd;Sutherland;54.48;BASSA;FINAL;2;1;3;OK;OK;PRO: attacco trasferta positivo | trend over recente trasferta | profilo over esterno positivo || CONTRO: attacco casa non dominante | trend over casa non forte | profilo over interno debole | BTTS basso: possibile partita a senso unico;2.0;6.18;9.4;4.63;5.79;3.6;8.4;1.82;6.67;6.0;2.5.0
2026-07-11;;Australia_NPLNSW_2026;24;NWS Spirit;St George Saints;53.12;BASSA;FINAL;3;1;4;OK;OK;PRO: difesa trasferta vulnerabile | trend over recente trasferta | profilo over interno positivo || CONTRO: attacco casa non dominante | ospite poco prolifico: rischio 1-0 / 2-0 | v22 monitora possibile sopravvalutazione weak_ga | trend over casa non forte | profilo over esterno debole | BTTS basso: possibile partita a senso unico;2.4;6.45;5.64;4.3;7.44;4.8;7.2;6.36;4.17;4.36;2.5.0
2026-07-11;;Australia_NPLNSW_2026;24;SD Raiders;Blacktown City;60.75;MEDIA;FINAL;1;3;4;OK;OK;PRO: difesa trasferta vulnerabile | difesa casa vulnerabile | trend over recente trasferta | profilo over esterno positivo | alta tendenza BTTS || CONTRO: attacco casa non dominante | ospite poco prolifico: rischio 1-0 / 2-0 | v22 monitora possibile sopravvalutazione weak_ga | trend over casa non forte | profilo over interno debole;1.2;7.79;7.25;5.95;7.85;3.6;7.2;5.0;7.27;7.64;2.5.0
2026-07-11;;Australia_NPLNSW_2026;24;St. George City;UNSW;53.18;BASSA;FINAL;0;2;2;KO;KO;PRO: difesa trasferta vulnerabile | difesa casa vulnerabile || CONTRO: attacco casa non dominante | ospite poco prolifico: rischio 1-0 / 2-0 | v22 monitora possibile sopravvalutazione weak_ga | trend over casa non forte | trend over trasferta non forte | profilo over interno debole | profilo over esterno debole | BTTS basso: possibile partita a senso unico;0.4;5.91;8.06;5.79;7.23;6.0;4.8;5.0;4.0;6.0;2.5.0
2026-07-11;;Australia_NPLNSW_2026;24;Sydney Olympic;Wollongong Wolves;54.2;BASSA;FINAL;3;2;5;OK;OK;PRO: difesa casa vulnerabile | profilo over interno positivo || CONTRO: attacco casa non dominante | ospite poco prolifico: rischio 1-0 / 2-0 | trend over casa non forte | trend over trasferta non forte | profilo over esterno debole | BTTS basso: possibile partita a senso unico;3.6;5.91;6.45;7.77;5.37;6.0;3.6;7.0;2.5;6.0;2.5.0
2026-07-11;;Australia_NPLNorthernNSW_2026;19;Cooks Hill United;Charlestown Azzurri;84.92;ALTA;FINAL;4;0;4;OK;KO;PRO: attacco casa positivo | attacco trasferta positivo | difesa trasferta vulnerabile | difesa casa vulnerabile | trend over recente casa | trend over recente trasferta | profilo over interno positivo | profilo over esterno positivo | alta tendenza BTTS || CONTRO: v22 monitora possibile sopravvalutazione weak_ga;3.27;11.12;8.86;6.63;10.0;9.6;10.8;8.75;7.5;8.38;2.5.0
2026-07-11;;Australia_NPLNorthernNSW_2026;19;Edgeworth E.;Belmont Swansea Utd.;87.72;ALTA;SCHEDULED;;;;;;PRO: attacco casa positivo | attacco trasferta positivo | difesa trasferta vulnerabile | difesa casa vulnerabile | trend over recente casa | trend over recente trasferta | profilo over interno positivo | profilo over esterno positivo | alta tendenza BTTS || CONTRO: v22 monitora possibile sopravvalutazione weak_ga;0.55;11.82;13.0;6.2;8.02;10.8;9.6;7.5;10.0;10.24;2.5.0
2026-07-11;;Australia_NPLNorthernNSW_2026;19;Maitland;Adamstown Rosebud;75.92;ALTA;FINAL;3;1;4;OK;OK;PRO: attacco casa positivo | difesa trasferta vulnerabile | difesa casa vulnerabile | trend over recente casa | trend over recente trasferta | profilo over interno positivo | profilo over esterno positivo | alta tendenza BTTS || CONTRO: ospite poco prolifico: rischio 1-0 / 2-0 | v22 monitora possibile sopravvalutazione weak_ga;2.18;11.08;8.34;6.14;8.82;8.4;7.2;7.5;7.5;8.76;2.5.0
2026-07-11;;Australia_NPLNorthernNSW_2026;19;Weston Bears;Lambton J.;75.35;ALTA;FINAL;3;2;5;OK;OK;PRO: attacco casa positivo | attacco trasferta positivo | difesa trasferta vulnerabile | difesa casa vulnerabile | trend over recente casa | trend over recente trasferta | profilo over interno positivo | profilo over esterno positivo | alta tendenza BTTS || CONTRO: v22 monitora possibile sopravvalutazione weak_ga;1.64;11.45;11.47;6.14;6.95;7.2;8.4;6.25;7.5;8.36;2.5.0
2026-07-11;;Australia_NPLQueenslandU23_2026;19;Moreton City Excelsior U23;Magic United U23;77.55;ALTA;FINAL;6;1;7;OK;OK;PRO: attacco casa positivo | difesa trasferta vulnerabile | difesa casa vulnerabile | trend over recente casa | trend over recente trasferta | profilo over interno positivo | profilo over esterno positivo || CONTRO: ospite poco prolifico: rischio 1-0 / 2-0 | v22 monitora possibile sopravvalutazione weak_ga | BTTS basso: possibile partita a senso unico;4.36;13.0;4.17;5.23;10.0;10.8;8.4;7.14;7.5;6.95;2.5.0
2026-07-11;;Australia_NPLQueenslandU23_2026;19;Peninsula U23;Wynnum Wolves U23;83.05;ALTA;FINAL;0;1;1;KO;KO;PRO: attacco casa positivo | attacco trasferta positivo | difesa trasferta vulnerabile | difesa casa vulnerabile | trend over recente casa | trend over recente trasferta | profilo over interno positivo | profilo over esterno positivo | alta tendenza BTTS || CONTRO: v22 monitora possibile sopravvalutazione weak_ga;1.64;11.82;8.69;8.0;10.0;7.2;9.6;8.89;8.75;8.47;2.5.0
2026-07-11;;Australia_NPLQueensland_2026;19;Moreton City Excelsior;Magic United;82.22;ALTA;FINAL;4;3;7;OK;OK;PRO: attacco casa positivo | difesa trasferta vulnerabile | difesa casa vulnerabile | trend over recente casa | trend over recente trasferta | profilo over interno positivo | profilo over esterno positivo || CONTRO: ospite poco prolifico: rischio 1-0 / 2-0 | v22 monitora possibile sopravvalutazione weak_ga | BTTS basso: possibile partita a senso unico;4.36;13.0;7.3;5.35;10.0;8.4;9.6;10.0;7.5;6.71;2.5.0
2026-07-11;;Australia_NPLTasmania_2026;16;Clarence Zebras;Launceston;80.35;ALTA;FINAL;1;2;3;OK;OK;PRO: attacco casa positivo | attacco trasferta positivo | difesa trasferta vulnerabile | difesa casa vulnerabile | trend over recente casa | trend over recente trasferta | profilo over interno positivo | profilo over esterno positivo | alta tendenza BTTS || CONTRO: v22 monitora possibile sopravvalutazione weak_ga;1.33;9.71;13.0;5.71;7.95;8.4;9.6;7.14;10.0;7.5;2.5.0
2026-07-11;;Australia_NPLTasmania_2026;16;Devonport;South East Utd.;71.86;MEDIA;FINAL;2;0;2;KO;KO;PRO: attacco casa positivo | difesa trasferta vulnerabile | trend over recente casa | trend over recente trasferta | profilo over esterno positivo || CONTRO: ospite poco prolifico: rischio 1-0 / 2-0 | v22 monitora possibile sopravvalutazione weak_ga | profilo over interno debole | BTTS basso: possibile partita a senso unico;2.67;13.0;6.33;4.2;10.0;9.6;7.2;5.0;7.14;6.73;2.5.0
2026-07-11;;Australia_NPLTasmania_2026;16;South Hobart;Ulverstone;78.37;ALTA;FINAL;2;0;2;KO;KO;PRO: attacco casa positivo | difesa trasferta vulnerabile | trend over recente casa | trend over recente trasferta | profilo over interno positivo | profilo over esterno positivo | alta tendenza BTTS || CONTRO: ospite poco prolifico: rischio 1-0 / 2-0 | v22 monitora possibile sopravvalutazione weak_ga;6.0;13.0;5.06;3.12;10.0;8.4;9.6;8.33;7.14;7.71;2.5.0
2026-07-11;;Australia_NPLVictoria_2026;21;Dandenong Thunder;Bentleigh;60.07;MEDIA;FINAL;2;1;3;OK;OK;PRO: difesa trasferta vulnerabile | difesa casa vulnerabile | trend over recente trasferta || CONTRO: attacco casa non dominante | ospite poco prolifico: rischio 1-0 / 2-0 | v22 monitora possibile sopravvalutazione weak_ga | trend over casa non forte | profilo over interno debole | profilo over esterno debole | BTTS basso: possibile partita a senso unico;0.46;6.22;5.29;8.0;10.0;6.0;9.6;4.44;5.0;5.05;2.5.0
2026-07-11;;Australia_NPLVictoria_2026;21;Melbourne City U21;Heidelberg;62.53;MEDIA;FINAL;2;2;4;OK;OK;PRO: attacco casa positivo | attacco trasferta positivo | trend over recente casa | trend over recente trasferta | profilo over esterno positivo || CONTRO: profilo over interno debole | BTTS basso: possibile partita a senso unico;0.92;11.49;9.64;4.04;5.74;7.2;7.2;2.5;6.67;7.12;2.5.0
2026-07-11;;Australia_NPLWesternAustralia_2026;18;Olympic Kingsway;Perth RedStar;78.43;ALTA;FINAL;1;2;3;OK;OK;PRO: attacco casa positivo | attacco trasferta positivo | difesa casa vulnerabile | trend over recente casa | trend over recente trasferta | profilo over interno positivo | profilo over esterno positivo | alta tendenza BTTS || CONTRO: nessun contro rilevante;1.09;13.0;9.6;5.23;5.97;12.0;7.2;8.57;7.14;8.62;2.5.0
2026-07-11;;Australia_NPLWesternAustralia_2026;18;Sorrento;Fremantle City;70.19;MEDIA;FINAL;0;2;2;KO;KO;PRO: attacco trasferta positivo | difesa trasferta vulnerabile | difesa casa vulnerabile | trend over recente casa | trend over recente trasferta | profilo over interno positivo | alta tendenza BTTS || CONTRO: attacco casa non dominante | v22 monitora possibile sopravvalutazione weak_ga | profilo over esterno debole;2.18;6.26;11.47;6.2;7.22;8.4;7.2;7.78;5.71;7.76;2.5.0
2026-07-11;;Australia_NPL_NSW_U20_2026;24;APIA Leichhardt U20;Sydney FC U20;75.86;ALTA;FINAL;3;2;5;OK;OK;PRO: attacco casa positivo | attacco trasferta positivo | difesa trasferta vulnerabile | trend over recente casa | trend over recente trasferta | profilo over interno positivo | profilo over esterno positivo | alta tendenza BTTS || CONTRO: v22 monitora possibile sopravvalutazione weak_ga;1.6;13.0;12.89;2.81;7.23;7.2;8.4;9.09;6.0;7.64;2.5.0
2026-07-11;;Australia_NPL_NSW_U20_2026;24;Manly Utd U20;Sutherland U20;75.81;ALTA;FINAL;1;2;3;OK;OK;PRO: attacco casa positivo | attacco trasferta positivo | difesa trasferta vulnerabile | trend over recente casa | trend over recente trasferta | profilo over esterno positivo | alta tendenza BTTS || CONTRO: v22 monitora possibile sopravvalutazione weak_ga | profilo over interno debole;3.6;12.62;10.74;4.79;8.68;8.4;8.4;4.55;6.67;7.36;2.5.0
2026-07-11;;Australia_NPL_NSW_U20_2026;24;NWS Spirit U20;St George Saints U20;85.22;ALTA;FINAL;5;1;6;OK;OK;PRO: attacco casa positivo | difesa trasferta vulnerabile | difesa casa vulnerabile | trend over recente casa | trend over recente trasferta | profilo over interno positivo | alta tendenza BTTS || CONTRO: ospite poco prolifico: rischio 1-0 / 2-0 | v22 monitora possibile sopravvalutazione weak_ga | profilo over esterno debole;4.8;13.0;8.06;5.79;10.0;9.6;9.6;8.18;5.83;10.36;2.5.0
2026-07-11;;Australia_NPL_NSW_U20_2026;24;SD Raiders U20;Blacktown City U20;76.94;ALTA;FINAL;1;2;3;OK;OK;PRO: attacco casa positivo | attacco trasferta positivo | difesa trasferta vulnerabile | difesa casa vulnerabile | trend over recente casa | trend over recente trasferta | profilo over interno positivo | profilo over esterno positivo | alta tendenza BTTS || CONTRO: v22 monitora possibile sopravvalutazione weak_ga;1.6;9.94;10.21;7.11;10.0;7.2;8.4;6.67;8.18;7.64;2.5.0
2026-07-11;;Australia_NPL_NSW_U20_2026;24;St. George City U20;UNSW U20;90.78;ALTA;FINAL;2;2;4;OK;OK;PRO: attacco casa positivo | attacco trasferta positivo | difesa trasferta vulnerabile | difesa casa vulnerabile | trend over recente casa | trend over recente trasferta | profilo over interno positivo | profilo over esterno positivo | alta tendenza BTTS || CONTRO: v22 monitora possibile sopravvalutazione weak_ga;1.2;12.09;11.82;8.0;10.0;10.8;10.8;9.17;9.0;7.91;2.5.0
2026-07-11;;Australia_NPL_NSW_U20_2026;24;Sydney Olympic U20;Wollongong Wolves U20;78.35;ALTA;FINAL;0;5;5;OK;KO;PRO: attacco trasferta positivo | difesa trasferta vulnerabile | difesa casa vulnerabile | trend over recente casa | trend over recente trasferta | profilo over interno positivo | profilo over esterno positivo | alta tendenza BTTS || CONTRO: attacco casa non dominante | v22 monitora possibile sopravvalutazione weak_ga;3.6;5.91;11.28;8.0;8.26;9.6;7.2;8.0;7.5;9.0;2.5.0
2026-07-11;;Australia_NSWLeagueOne_2026;24;Canterbury Bankstown;Prospect United;77.89;ALTA;FINAL;2;1;3;OK;OK;PRO: attacco casa positivo | difesa trasferta vulnerabile | difesa casa vulnerabile | trend over recente casa | profilo over interno positivo | profilo over esterno positivo | alta tendenza BTTS || CONTRO: ospite poco prolifico: rischio 1-0 / 2-0 | v22 monitora possibile sopravvalutazione weak_ga | trend over trasferta non forte;4.0;13.0;5.64;5.95;8.06;9.6;6.0;9.0;8.18;8.45;2.5.0
2026-07-11;;Australia_NSWLeagueOne_2026;24;Dulwich Hill;Bulls Academy;63.28;MEDIA;FINAL;3;5;8;OK;OK;PRO: attacco trasferta positivo | difesa casa vulnerabile | trend over recente trasferta | profilo over esterno positivo | alta tendenza BTTS || CONTRO: attacco casa non dominante | trend over casa non forte | profilo over interno debole;2.0;6.18;10.48;6.45;6.4;6.0;7.2;4.55;6.67;7.36;2.5.0
2026-07-11;;Australia_NSWLeagueOne_2026;24;Hakoah Sydney;Hurstville Zagreb;73.91;MEDIA;FINAL;1;1;2;KO;OK;PRO: attacco casa positivo | attacco trasferta positivo | difesa trasferta vulnerabile | difesa casa vulnerabile | trend over recente casa | trend over recente trasferta | profilo over interno positivo | profilo over esterno positivo | alta tendenza BTTS || CONTRO: v22 monitora possibile sopravvalutazione weak_ga;0.8;10.48;8.86;6.12;7.64;8.4;8.4;7.27;6.67;9.27;2.5.0
2026-07-11;;Australia_NSWLeagueOne_2026;24;Inter Lions;Hills United;74.59;MEDIA;FINAL;2;2;4;OK;OK;PRO: attacco trasferta positivo | difesa trasferta vulnerabile | difesa casa vulnerabile | trend over recente casa | trend over recente trasferta | profilo over interno positivo | profilo over esterno positivo | alta tendenza BTTS || CONTRO: attacco casa non dominante | v22 monitora possibile sopravvalutazione weak_ga;2.4;7.25;10.21;6.61;7.44;8.4;9.6;7.0;7.5;8.18;2.5.0
2026-07-11;;Australia_NSWLeagueOne_2026;24;Northern Tigers;Newcastle Jets U23;69.63;MEDIA;FINAL;2;2;4;OK;OK;PRO: attacco casa positivo | attacco trasferta positivo | difesa trasferta vulnerabile | trend over recente trasferta | alta tendenza BTTS || CONTRO: v22 monitora possibile sopravvalutazione weak_ga | trend over casa non forte | profilo over interno debole | profilo over esterno debole;4.8;10.48;11.01;3.14;10.0;6.0;7.2;3.64;5.45;7.91;2.5.0
2026-07-11;;Australia_NSWLeagueOne_2026;24;Rydalmere Lions;Western City Rangers;69.4;MEDIA;FINAL;1;0;1;KO;KO;PRO: attacco casa positivo | difesa trasferta vulnerabile | difesa casa vulnerabile | trend over recente casa | profilo over esterno positivo | alta tendenza BTTS || CONTRO: ospite poco prolifico: rischio 1-0 / 2-0 | v22 monitora possibile sopravvalutazione weak_ga | trend over trasferta non forte | profilo over interno debole;3.6;8.6;6.98;5.62;9.3;8.4;6.0;5.45;7.27;8.18;2.5.0
2026-07-11;;Australia_NorthernNSWStateLeague_2026;14;Cessnock City Hornets;Dudley Redhead United;64.84;MEDIA;FINAL;2;1;3;OK;OK;PRO: attacco casa positivo | attacco trasferta positivo | difesa trasferta vulnerabile | difesa casa vulnerabile | trend over recente casa | profilo over interno positivo | profilo over esterno positivo || CONTRO: v22 monitora possibile sopravvalutazione weak_ga | trend over trasferta non forte | BTTS basso: possibile partita a senso unico;1.33;8.64;9.09;6.71;6.99;7.2;6.0;6.67;6.67;5.54;2.5.0
2026-07-11;;Australia_NorthernNSWStateLeague_2026;14;Newcastle Croatia;Lake Macquarie;87.81;ALTA;FINAL;1;2;3;OK;OK;PRO: attacco casa positivo | attacco trasferta positivo | difesa trasferta vulnerabile | difesa casa vulnerabile | trend over recente casa | trend over recente trasferta | profilo over interno positivo | profilo over esterno positivo | alta tendenza BTTS || CONTRO: v22 monitora possibile sopravvalutazione weak_ga;1.33;13.0;13.0;8.0;6.64;10.8;9.6;8.33;8.33;8.77;2.5.0
2026-07-11;;Australia_NorthernNSWStateLeague_2026;14;Singleton Strikers;South Cardiff;59.29;BASSA;FINAL;1;0;1;KO;KO;PRO: difesa trasferta vulnerabile | difesa casa vulnerabile | trend over recente casa | profilo over interno positivo || CONTRO: attacco casa non dominante | ospite poco prolifico: rischio 1-0 / 2-0 | v22 monitora possibile sopravvalutazione weak_ga | trend over trasferta non forte | profilo over esterno debole | BTTS basso: possibile partita a senso unico;0.67;6.36;5.0;8.0;8.39;7.2;6.0;6.67;5.0;6.0;2.5.0
2026-07-11;;Australia_QueenslandPremierLeague_2026;20;Broadbeach Utd.;Caboolture;79.73;ALTA;FINAL;1;1;2;KO;OK;PRO: attacco casa positivo | attacco trasferta positivo | difesa trasferta vulnerabile | trend over recente casa | trend over recente trasferta | profilo over interno positivo | profilo over esterno positivo | alta tendenza BTTS || CONTRO: v22 monitora possibile sopravvalutazione weak_ga;3.27;13.0;11.12;3.21;8.56;8.4;9.6;6.25;7.14;9.18;2.5.0
2026-07-11;;Australia_QueenslandPremierLeague_2026;20;Logan Lightning;Ipswich;75.42;ALTA;FINAL;3;2;5;OK;OK;PRO: attacco casa positivo | attacco trasferta positivo | difesa casa vulnerabile | trend over recente casa | trend over recente trasferta | profilo over interno positivo | profilo over esterno positivo || CONTRO: BTTS basso: possibile partita a senso unico;2.73;10.43;9.39;7.06;6.42;8.4;8.4;7.5;8.75;6.35;2.5.0
2026-07-11;;Australia_QueenslandPremierLeague_2026;20;Redlands;Capalaba;79.16;ALTA;FINAL;1;1;2;KO;OK;PRO: attacco casa positivo | difesa trasferta vulnerabile | difesa casa vulnerabile | trend over recente casa | trend over recente trasferta | profilo over interno positivo | profilo over esterno positivo | alta tendenza BTTS || CONTRO: ospite poco prolifico: rischio 1-0 / 2-0 | v22 monitora possibile sopravvalutazione weak_ga;3.82;12.51;5.91;6.2;10.0;9.6;9.6;7.5;6.25;7.76;2.5.0
2026-07-11;;Australia_QueenslandPremierLeague_2026;20;St. George Willawong;Robina City;54.32;BASSA;FINAL;0;2;2;KO;KO;PRO: attacco trasferta positivo | difesa casa vulnerabile || CONTRO: attacco casa non dominante | trend over casa non forte | trend over trasferta non forte | profilo over interno debole | profilo over esterno debole | BTTS basso: possibile partita a senso unico;2.73;3.48;9.73;8.0;5.35;6.0;4.8;4.29;5.71;4.24;2.5.0
2026-07-11;;Australia_TasmaniaNorthernChampionship_2026;14;Devonport U21;Ulverstone U21;92.31;ALTA;FINAL;3;1;4;OK;OK;PRO: attacco casa positivo | attacco trasferta positivo | difesa trasferta vulnerabile | trend over recente casa | trend over recente trasferta | profilo over interno positivo | profilo over esterno positivo | alta tendenza BTTS || CONTRO: v22 monitora possibile sopravvalutazione weak_ga;1.71;13.0;13.0;4.85;8.68;10.8;12.0;10.0;10.0;8.27;2.5.0
2026-07-11;;Australia_TasmaniaNorthernChampionship_2026;14;Launceston United U21;Burnie Utd.;79.22;ALTA;FINAL;3;3;6;OK;OK;PRO: attacco trasferta positivo | difesa trasferta vulnerabile | difesa casa vulnerabile | trend over recente casa | trend over recente trasferta | profilo over interno positivo | profilo over esterno positivo || CONTRO: attacco casa non dominante | v22 monitora possibile sopravvalutazione weak_ga | BTTS basso: possibile partita a senso unico;1.71;1.97;12.8;8.0;10.0;9.6;10.8;8.33;10.0;6.0;2.5.0
2026-07-11;;Australia_TasmaniaNorthernChampionship_2026;14;Northern Rangers;Launceston U21;81.72;ALTA;FINAL;5;0;5;OK;KO;PRO: attacco casa positivo | attacco trasferta positivo | difesa trasferta vulnerabile | trend over recente casa | trend over recente trasferta | profilo over interno positivo | profilo over esterno positivo || CONTRO: v22 monitora possibile sopravvalutazione weak_ga | BTTS basso: possibile partita a senso unico;1.71;13.0;11.33;4.3;9.09;12.0;8.4;10.0;6.67;5.23;2.5.0
2026-07-11;;Australia_TasmaniaNorthernChampionship_2026;14;Somerset;Riverside Olympic U21;84.73;ALTA;FINAL;1;0;1;KO;KO;PRO: attacco casa positivo | difesa trasferta vulnerabile | difesa casa vulnerabile | trend over recente casa | trend over recente trasferta | profilo over interno positivo | profilo over esterno positivo | alta tendenza BTTS || CONTRO: ospite poco prolifico: rischio 1-0 / 2-0 | v22 monitora possibile sopravvalutazione weak_ga;1.71;13.0;7.68;8.0;10.0;10.8;9.6;8.33;8.0;7.6;2.5.0
2026-07-11;;Australia_TasmaniaSouthernChampionship_2026;14;Clarence Zebras U21;Taroona;85.29;ALTA;SCHEDULED;;;;;;PRO: attacco casa positivo | attacco trasferta positivo | difesa casa vulnerabile | trend over recente casa | trend over recente trasferta | profilo over interno positivo | profilo over esterno positivo | alta tendenza BTTS || CONTRO: nessun contro rilevante;0.67;13.0;13.0;8.0;6.06;10.8;9.6;8.33;8.33;7.5;2.5.0
2026-07-11;;Australia_TasmaniaSouthernChampionship_2026;14;Glenorchy Knights U21;Olympia Warriors;95.06;ALTA;FINAL;0;3;3;OK;KO;PRO: attacco casa positivo | attacco trasferta positivo | difesa trasferta vulnerabile | difesa casa vulnerabile | trend over recente casa | trend over recente trasferta | profilo over interno positivo | profilo over esterno positivo | alta tendenza BTTS || CONTRO: v22 monitora possibile sopravvalutazione weak_ga;5.33;13.0;13.0;8.0;7.58;12.0;9.6;10.0;7.14;9.41;2.5.0
2026-07-11;;Australia_TasmaniaSouthernChampionship_2026;14;Hobart Utd.;Hobart City;90.07;ALTA;FINAL;1;3;4;OK;OK;PRO: attacco casa positivo | attacco trasferta positivo | difesa trasferta vulnerabile | difesa casa vulnerabile | trend over recente casa | trend over recente trasferta | profilo over interno positivo | profilo over esterno positivo | alta tendenza BTTS || CONTRO: v22 monitora possibile sopravvalutazione weak_ga;2.0;11.36;13.0;8.0;8.33;10.8;10.8;10.0;8.0;7.77;2.5.0
2026-07-11;;Australia_TasmaniaSouthernChampionship_2026;14;New Town;South Hobart U21;79.38;ALTA;FINAL;0;3;3;OK;KO;PRO: attacco casa positivo | attacco trasferta positivo | difesa trasferta vulnerabile | trend over recente trasferta | profilo over esterno positivo | alta tendenza BTTS || CONTRO: v22 monitora possibile sopravvalutazione weak_ga | trend over casa non forte | profilo over interno debole;0.67;13.0;13.0;4.24;8.26;6.0;10.8;4.0;10.0;9.41;2.5.0
2026-07-11;;Australia_VictoriaPremierLeague2_2026;21;Bayside Argonauts;Altona City;62.68;MEDIA;FINAL;1;0;1;KO;KO;PRO: attacco casa positivo | difesa casa vulnerabile | trend over recente casa | profilo over esterno positivo || CONTRO: ospite poco prolifico: rischio 1-0 / 2-0 | trend over trasferta non forte | profilo over interno debole | BTTS basso: possibile partita a senso unico;4.15;12.15;5.29;5.66;6.46;7.2;2.4;5.56;6.67;7.16;2.5.0
2026-07-11;;Australia_VictoriaPremierLeague2_2026;21;Keilor Park;Malvern;62.36;MEDIA;FINAL;1;0;1;KO;KO;PRO: attacco trasferta positivo | difesa casa vulnerabile | trend over recente trasferta | profilo over esterno positivo || CONTRO: attacco casa non dominante | trend over casa non forte | profilo over interno debole | BTTS basso: possibile partita a senso unico;1.85;8.21;13.0;5.25;5.3;3.6;8.4;3.75;6.0;7.0;2.5.0
2026-07-11;;Australia_VictoriaPremierLeague2_2026;21;Moreland City;Springvale;70.85;MEDIA;FINAL;0;1;1;KO;KO;PRO: difesa trasferta vulnerabile | difesa casa vulnerabile | trend over recente casa | trend over recente trasferta | profilo over interno positivo | alta tendenza BTTS || CONTRO: attacco casa non dominante | ospite poco prolifico: rischio 1-0 / 2-0 | v22 monitora possibile sopravvalutazione weak_ga | profilo over esterno debole;2.31;6.95;7.46;8.0;8.37;8.4;7.2;8.57;5.56;8.02;2.5.0
2026-07-11;;Australia_VictoriaPremierLeague2_2026;21;Nunawading City;Goulburn Valley Suns;67.14;MEDIA;FINAL;0;1;1;KO;KO;PRO: attacco trasferta positivo | difesa casa vulnerabile | trend over recente trasferta | profilo over esterno positivo | alta tendenza BTTS || CONTRO: attacco casa non dominante | trend over casa non forte | profilo over interno debole;3.69;5.91;13.0;5.86;6.31;4.8;8.4;4.0;7.5;7.67;2.5.0
2026-07-11;;Australia_VictoriaPremierLeague_2026;21;Eltham Redbacks;North Geelong;85.19;ALTA;FINAL;3;1;4;OK;OK;PRO: attacco casa positivo | attacco trasferta positivo | difesa trasferta vulnerabile | difesa casa vulnerabile | trend over recente casa | trend over recente trasferta | profilo over interno positivo | profilo over esterno positivo | alta tendenza BTTS || CONTRO: v22 monitora possibile sopravvalutazione weak_ga;0.92;13.0;10.51;6.51;8.59;10.8;9.6;7.78;8.75;8.74;2.5.0
2026-07-11;;Australia_VictoriaPremierLeague_2026;21;Melbourne Srbija;Manningham United Blues;74.78;MEDIA;FINAL;0;1;1;KO;KO;PRO: attacco trasferta positivo | difesa trasferta vulnerabile | trend over recente casa | trend over recente trasferta | profilo over interno positivo | profilo over esterno positivo | alta tendenza BTTS || CONTRO: attacco casa non dominante | v22 monitora possibile sopravvalutazione weak_ga;2.31;7.88;10.26;4.24;9.09;7.2;10.8;6.67;8.89;7.44;2.5.0
2026-07-11;;Australia_VictoriaPremierLeague_2026;21;Port Melbourne Sharks;North Sunshine Eagles;58.99;BASSA;FINAL;0;5;5;OK;KO;PRO: difesa trasferta vulnerabile | difesa casa vulnerabile | profilo over esterno positivo || CONTRO: attacco casa non dominante | ospite poco prolifico: rischio 1-0 / 2-0 | v22 monitora possibile sopravvalutazione weak_ga | trend over casa non forte | trend over trasferta non forte | profilo over interno debole | BTTS basso: possibile partita a senso unico;0.46;3.11;7.15;8.0;8.61;6.0;6.0;5.56;7.78;6.32;2.5.0
2026-07-11;;Australia_WAStateLeague_2026;16;Cockburn City;Kingsley Westside;74.2;MEDIA;FINAL;0;2;2;KO;KO;PRO: attacco casa positivo | attacco trasferta positivo | difesa trasferta vulnerabile | difesa casa vulnerabile | trend over recente casa | trend over recente trasferta | profilo over interno positivo | profilo over esterno positivo | alta tendenza BTTS || CONTRO: v22 monitora possibile sopravvalutazione weak_ga;0.55;11.03;9.45;7.52;6.67;9.6;8.4;6.25;7.14;7.6;2.5.0
2026-07-11;;Australia_WAStateLeague_2026;16;Curtin Univ;Floreat Athena;61.6;MEDIA;FINAL;0;4;4;OK;KO;PRO: attacco trasferta positivo | difesa casa vulnerabile | trend over recente trasferta | profilo over esterno positivo || CONTRO: attacco casa non dominante | trend over casa non forte | profilo over interno debole | BTTS basso: possibile partita a senso unico;4.91;4.33;13.0;5.58;4.85;4.8;8.4;4.29;6.25;5.2;2.5.0
2026-07-11;;Australia_WAStateLeague_2026;16;Gwelup Croatia;Inglewood;55.06;BASSA;FINAL;2;1;3;OK;OK;PRO: difesa casa vulnerabile | trend over recente casa | profilo over interno positivo || CONTRO: attacco casa non dominante | ospite poco prolifico: rischio 1-0 / 2-0 | trend over trasferta non forte | profilo over esterno debole | BTTS basso: possibile partita a senso unico;2.73;8.27;5.12;7.27;4.55;8.4;4.8;6.25;1.67;6.0;2.5.0
2026-07-11;;Australia_WAStateLeague_2026;16;Joondalup;Mandurah City;82.92;ALTA;FINAL;1;2;3;OK;OK;PRO: attacco casa positivo | attacco trasferta positivo | difesa trasferta vulnerabile | trend over recente casa | trend over recente trasferta | profilo over interno positivo | profilo over esterno positivo | alta tendenza BTTS || CONTRO: v22 monitora possibile sopravvalutazione weak_ga;0.55;10.64;13.0;5.09;8.18;8.4;10.8;6.67;10.0;9.6;2.5.0
2026-07-11;;Australia_WAStateLeague_2026;16;Quinns;Nedlands;76.77;ALTA;FINAL;2;1;3;OK;OK;PRO: attacco trasferta positivo | difesa casa vulnerabile | trend over recente casa | trend over recente trasferta | profilo over interno positivo | profilo over esterno positivo || CONTRO: attacco casa non dominante | BTTS basso: possibile partita a senso unico;3.82;7.48;13.0;7.27;5.15;8.4;9.6;6.67;8.57;6.8;2.5.0
2026-07-11;;Australia_WAStateLeague_2026;16;Subiaco;Murdoch Melville;82.94;ALTA;FINAL;1;1;2;KO;OK;PRO: attacco casa positivo | attacco trasferta positivo | difesa trasferta vulnerabile | difesa casa vulnerabile | trend over recente casa | trend over recente trasferta | profilo over interno positivo | profilo over esterno positivo | alta tendenza BTTS || CONTRO: v22 monitora possibile sopravvalutazione weak_ga;1.64;9.85;9.85;8.0;9.09;8.4;10.8;7.14;8.57;9.6;2.5.0
2026-07-11;;Belarus_PershayaLiga_2026;16;BATE 2;Lida;78.02;ALTA;FINAL;1;4;5;OK;OK;PRO: attacco trasferta positivo | difesa trasferta vulnerabile | difesa casa vulnerabile | trend over recente casa | trend over recente trasferta | profilo over interno positivo | profilo over esterno positivo | alta tendenza BTTS || CONTRO: attacco casa non dominante | v22 monitora possibile sopravvalutazione weak_ga;3.88;8.02;9.71;8.0;7.14;7.2;8.4;8.33;8.33;9.0;2.5.0
2026-07-11;;Belarus_PershayaLiga_2026;16;Din. Minsk 2;Slutsk;80.64;ALTA;FINAL;0;2;2;KO;KO;PRO: attacco casa positivo | attacco trasferta positivo | trend over recente casa | trend over recente trasferta | profilo over interno positivo | profilo over esterno positivo | alta tendenza BTTS || CONTRO: nessun contro rilevante;1.06;13.0;12.66;5.03;5.19;9.6;7.2;8.33;8.33;10.22;2.5.0
2026-07-11;;Belarus_PershayaLiga_2026;16;Molodechno;Minsk 2;63.98;MEDIA;FINAL;2;3;5;OK;OK;PRO: difesa trasferta vulnerabile | difesa casa vulnerabile | trend over recente casa | trend over recente trasferta | profilo over esterno positivo || CONTRO: attacco casa non dominante | ospite poco prolifico: rischio 1-0 / 2-0 | v22 monitora possibile sopravvalutazione weak_ga | profilo over interno debole | BTTS basso: possibile partita a senso unico;1.76;8.02;6.33;7.27;9.42;7.2;8.4;3.33;6.67;5.57;2.5.0
2026-07-11;;Belarus_PershayaLiga_2026;16;Orsha;Smorgon;60.94;MEDIA;FINAL;1;1;2;KO;OK;PRO: difesa trasferta vulnerabile | difesa casa vulnerabile | trend over recente casa | trend over recente trasferta | profilo over interno positivo || CONTRO: attacco casa non dominante | ospite poco prolifico: rischio 1-0 / 2-0 | v22 monitora possibile sopravvalutazione weak_ga | profilo over esterno debole | BTTS basso: possibile partita a senso unico;0.35;6.36;7.18;6.71;7.47;8.4;7.2;6.0;5.0;6.26;2.5.0
2026-07-11;;Belarus_PershayaLiga_2026;16;Uni X Labs;Osipovichi;63.1;MEDIA;FINAL;1;0;1;KO;KO;PRO: difesa trasferta vulnerabile | difesa casa vulnerabile | trend over recente casa | trend over recente trasferta | profilo over esterno positivo || CONTRO: attacco casa non dominante | ospite poco prolifico: rischio 1-0 / 2-0 | v22 monitora possibile sopravvalutazione weak_ga | profilo over interno debole | BTTS basso: possibile partita a senso unico;0.71;5.06;6.33;6.23;10.0;7.2;10.8;2.0;8.33;6.43;2.5.0
2026-07-11;;Belarus_VysshayaLiga_2026;16;Baranovici;Zhodino;58.68;BASSA;FINAL;1;0;1;KO;KO;PRO: attacco trasferta positivo | difesa casa vulnerabile | trend over recente casa | profilo over interno positivo || CONTRO: attacco casa non dominante | trend over trasferta non forte | profilo over esterno debole | BTTS basso: possibile partita a senso unico;2.8;5.91;9.71;6.99;3.9;7.2;4.8;8.0;4.0;5.37;2.5.0
2026-07-11;;Belarus_VysshayaLiga_2026;16;Dynamo Brest;Slavia Mozyr;53.21;BASSA;FINAL;4;1;5;OK;OK;PRO: trend over recente casa | profilo over interno positivo || CONTRO: attacco casa non dominante | ospite poco prolifico: rischio 1-0 / 2-0 | trend over trasferta non forte | profilo over esterno debole | BTTS basso: possibile partita a senso unico;1.6;8.44;5.45;3.64;5.94;8.4;4.8;6.67;2.0;6.26;2.5.0
2026-07-11;;Belarus_VysshayaLiga_2026;16;Gomel;Neman;48.66;BASSA;FINAL;1;1;2;KO;OK;PRO: attacco casa positivo || CONTRO: ospite poco prolifico: rischio 1-0 / 2-0 | trend over casa non forte | trend over trasferta non forte | profilo over interno debole | profilo over esterno debole | BTTS basso: possibile partita a senso unico;1.6;8.64;6.33;3.08;4.55;4.8;6.0;5.0;3.33;5.34;2.5.0
2026-07-11;;Bhutan_PremierLeague_2026;9;Tsirang;RTC;45.62;BASSA;FINAL;3;3;6;OK;OK;PRO: difesa casa vulnerabile | trend over recente casa | profilo over interno positivo || CONTRO: attacco casa non dominante | ospite poco prolifico: rischio 1-0 / 2-0 | trend over trasferta non forte | profilo over esterno debole | BTTS basso: possibile partita a senso unico;0.67;8.12;5.91;5.45;4.55;7.5;3.0;6.67;0.0;3.75;2.5.0
2026-07-11;;Bolivia_DivisionProfesional_2026;12;Real Oruro;GV San Jose;83.86;ALTA;FINAL;3;1;4;OK;OK;PRO: attacco casa positivo | difesa trasferta vulnerabile | difesa casa vulnerabile | trend over recente casa | trend over recente trasferta | profilo over interno positivo | profilo over esterno positivo | alta tendenza BTTS || CONTRO: ospite poco prolifico: rischio 1-0 / 2-0 | v22 monitora possibile sopravvalutazione weak_ga;0.4;11.82;8.12;7.79;8.52;10.29;9.0;10.0;6.67;11.25;2.5.0
2026-07-11;;Estonia_EsiliigaB_2026;19;Tabasalu;Tulevik;92.9;ALTA;FINAL;2;0;2;KO;KO;PRO: attacco casa positivo | attacco trasferta positivo | difesa trasferta vulnerabile | difesa casa vulnerabile | trend over recente casa | trend over recente trasferta | profilo over interno positivo | profilo over esterno positivo | alta tendenza BTTS || CONTRO: v22 monitora possibile sopravvalutazione weak_ga;2.0;9.97;13.0;8.0;9.37;10.8;12.0;8.75;10.0;9.0;2.5.0
2026-07-11;;Estonia_Esiliiga_2026;21;FC Tallinn;Elva;69.22;MEDIA;FINAL;0;3;3;OK;KO;PRO: attacco trasferta positivo | difesa trasferta vulnerabile | difesa casa vulnerabile | trend over recente trasferta | profilo over esterno positivo | alta tendenza BTTS || CONTRO: attacco casa non dominante | v22 monitora possibile sopravvalutazione weak_ga | trend over casa non forte | profilo over interno debole;1.33;8.21;10.43;8.0;8.56;6.0;7.2;4.44;7.5;7.55;2.5.0
2026-07-11;;Estonia_Esiliiga_2026;21;Levadia U21;Tallinna Kalev;82.36;ALTA;FINAL;3;2;5;OK;OK;PRO: attacco casa positivo | attacco trasferta positivo | difesa trasferta vulnerabile | difesa casa vulnerabile | trend over recente casa | trend over recente trasferta | profilo over interno positivo | profilo over esterno positivo | alta tendenza BTTS || CONTRO: v22 monitora possibile sopravvalutazione weak_ga;0.67;12.19;11.49;6.82;9.09;9.6;9.6;7.78;6.67;8.46;2.5.0
2026-07-11;;Estonia_Esiliiga_2026;21;Viimsi JK;Nomme Kalju U21;71.79;MEDIA;FINAL;2;2;4;OK;OK;PRO: attacco casa positivo | attacco trasferta positivo | difesa trasferta vulnerabile | trend over recente trasferta | profilo over esterno positivo || CONTRO: v22 monitora possibile sopravvalutazione weak_ga | trend over casa non forte | profilo over interno debole | BTTS basso: possibile partita a senso unico;3.33;10.97;10.34;3.12;10.0;3.6;9.6;5.0;8.75;7.07;2.5.0
2026-07-11;;Estonia_Meistriliiga_2026;20;Nomme Utd;Kuressaare;74.87;MEDIA;FINAL;3;2;5;OK;OK;PRO: attacco casa positivo | difesa trasferta vulnerabile | difesa casa vulnerabile | trend over recente casa | profilo over interno positivo | alta tendenza BTTS || CONTRO: ospite poco prolifico: rischio 1-0 / 2-0 | v22 monitora possibile sopravvalutazione weak_ga | trend over trasferta non forte | profilo over esterno debole;0.67;11.16;5.58;8.0;7.58;12.0;6.0;10.0;5.56;8.33;2.5.0
2026-07-11;;Estonia_Meistriliiga_2026;20;Parnu JK Vaprus;Tammeka;56.73;BASSA;FINAL;5;1;6;OK;OK;PRO: difesa casa vulnerabile | trend over recente casa || CONTRO: attacco casa non dominante | ospite poco prolifico: rischio 1-0 / 2-0 | trend over trasferta non forte | profilo over interno debole | profilo over esterno debole | BTTS basso: possibile partita a senso unico;0.67;7.22;7.02;6.87;5.4;8.4;3.6;5.56;5.71;6.29;2.5.0
2026-07-11;;Finland_Kakkonen_GroupB_2026;13;EPS;P-Iirot Rauma;74.76;MEDIA;FINAL;2;0;2;KO;KO;PRO: attacco casa positivo | attacco trasferta positivo | difesa trasferta vulnerabile | difesa casa vulnerabile | trend over recente casa | trend over recente trasferta | profilo over interno positivo | alta tendenza BTTS || CONTRO: v22 monitora possibile sopravvalutazione weak_ga | profilo over esterno debole;1.33;10.74;11.28;6.61;6.61;10.8;7.2;8.0;4.0;8.18;2.5.0
2026-07-11;;Finland_Kakkonen_GroupB_2026;13;NJS;EBK;64.41;MEDIA;FINAL;1;3;4;OK;OK;PRO: difesa trasferta vulnerabile | difesa casa vulnerabile | trend over recente casa | trend over recente trasferta | profilo over interno positivo | profilo over esterno positivo || CONTRO: attacco casa non dominante | ospite poco prolifico: rischio 1-0 / 2-0 | v22 monitora possibile sopravvalutazione weak_ga | BTTS basso: possibile partita a senso unico;0.67;3.22;7.09;8.0;10.0;7.2;8.4;6.0;7.5;6.33;2.5.0
2026-07-11;;Finland_Kakkonen_GroupC_2026;14;Huima / Urho;Hercules;95.93;ALTA;FINAL;0;0;0;KO;KO;PRO: attacco casa positivo | attacco trasferta positivo | difesa trasferta vulnerabile | difesa casa vulnerabile | trend over recente casa | trend over recente trasferta | profilo over interno positivo | profilo over esterno positivo | alta tendenza BTTS || CONTRO: v22 monitora possibile sopravvalutazione weak_ga;4.67;13.0;9.13;7.6;10.0;10.8;12.0;10.0;10.0;8.73;2.5.0
2026-07-11;;Finland_Veikkausliiga_2026;17;Gnistan;Mariehamn;53.66;BASSA;FINAL;4;2;6;OK;OK;PRO: difesa trasferta vulnerabile || CONTRO: attacco casa non dominante | ospite poco prolifico: rischio 1-0 / 2-0 | v22 monitora possibile sopravvalutazione weak_ga | trend over casa non forte | trend over trasferta non forte | profilo over interno debole | profilo over esterno debole | BTTS basso: possibile partita a senso unico;3.27;8.02;2.53;4.68;9.42;3.6;6.0;5.71;5.71;4.71;2.5.0
2026-07-11;;Finland_Veikkausliiga_2026;17;Lahti;HJK;54.19;BASSA;FINAL;2;0;2;KO;KO;PRO: attacco trasferta positivo | trend over recente trasferta || CONTRO: attacco casa non dominante | trend over casa non forte | profilo over interno debole | profilo over esterno debole | BTTS basso: possibile partita a senso unico;1.64;6.75;10.55;3.9;5.52;3.6;7.2;3.75;5.71;5.57;2.5.0
2026-07-11;;Finland_Veikkausliiga_2026;17;TPS Turku;Oulu;53.55;BASSA;FINAL;3;0;3;OK;KO;PRO: attacco trasferta positivo || CONTRO: attacco casa non dominante | trend over casa non forte | trend over trasferta non forte | profilo over interno debole | profilo over esterno debole | BTTS basso: possibile partita a senso unico;1.64;6.75;8.86;4.16;5.19;6.0;4.8;4.29;5.0;6.86;2.5.0
2026-07-11;;Finland_Ykkonen_2026;16;JJK Jyvaskyla;KuPS Akatemia;85.05;ALTA;FINAL;4;4;8;OK;OK;PRO: attacco casa positivo | attacco trasferta positivo | difesa trasferta vulnerabile | difesa casa vulnerabile | trend over recente casa | trend over recente trasferta | profilo over interno positivo | profilo over esterno positivo | alta tendenza BTTS || CONTRO: v22 monitora possibile sopravvalutazione weak_ga;4.36;13.0;9.09;5.71;10.0;8.4;9.6;8.57;8.33;7.98;2.5.0
2026-07-11;;Finland_Ykkonen_2026;16;Keski-Uusimaa;Jazz Pori;61.15;MEDIA;FINAL;2;1;3;OK;OK;PRO: attacco casa positivo | difesa trasferta vulnerabile | trend over recente casa | profilo over interno positivo || CONTRO: ospite poco prolifico: rischio 1-0 / 2-0 | v22 monitora possibile sopravvalutazione weak_ga | trend over trasferta non forte | profilo over esterno debole | BTTS basso: possibile partita a senso unico;1.09;11.82;6.36;5.15;6.99;7.2;4.8;6.0;5.0;6.73;2.5.0
2026-07-11;;Finland_Ykkonen_2026;16;KPV;TPV;68.25;MEDIA;FINAL;1;3;4;OK;OK;PRO: difesa trasferta vulnerabile | difesa casa vulnerabile | trend over recente casa | trend over recente trasferta | profilo over interno positivo | profilo over esterno positivo || CONTRO: attacco casa non dominante | ospite poco prolifico: rischio 1-0 / 2-0 | v22 monitora possibile sopravvalutazione weak_ga | BTTS basso: possibile partita a senso unico;1.09;5.0;5.91;8.0;8.04;10.8;7.2;8.33;8.33;5.54;2.5.0
2026-07-11;;Finland_Ykkonen_2026;16;VJS;OLS Oulu;67.24;MEDIA;FINAL;4;3;7;OK;OK;PRO: attacco casa positivo | attacco trasferta positivo | trend over recente casa | trend over recente trasferta || CONTRO: profilo over interno debole | profilo over esterno debole | BTTS basso: possibile partita a senso unico;1.09;10.34;10.97;4.55;5.84;7.2;9.6;5.0;5.71;6.93;2.5.0
2026-07-11;;Finland_Ykkosliiga_2026;15;Haka;Ekenas;66.31;MEDIA;FINAL;3;1;4;OK;OK;PRO: attacco casa positivo | attacco trasferta positivo | difesa trasferta vulnerabile | trend over recente trasferta | profilo over interno positivo | profilo over esterno positivo || CONTRO: v22 monitora possibile sopravvalutazione weak_ga | trend over casa non forte | BTTS basso: possibile partita a senso unico;2.0;9.67;9.09;3.97;9.09;6.0;7.2;6.67;6.67;5.96;2.5.0
2026-07-11;;Finland_Ykkosliiga_2026;15;Klubi 04;Jippo;47.27;BASSA;FINAL;0;2;2;KO;KO;PRO: profilo over esterno positivo || CONTRO: attacco casa non dominante | ospite poco prolifico: rischio 1-0 / 2-0 | trend over casa non forte | trend over trasferta non forte | profilo over interno debole | BTTS basso: possibile partita a senso unico;4.67;4.3;7.73;4.63;3.5;2.4;4.8;2.0;6.67;6.59;2.5.0
2026-07-11;;Finland_Ykkosliiga_2026;15;SJK Akatemia;Mikkeli;31.41;BASSA;FINAL;1;1;2;KO;OK;PRO: nessun indicatore over forte || CONTRO: attacco casa non dominante | ospite poco prolifico: rischio 1-0 / 2-0 | trend over casa non forte | trend over trasferta non forte | profilo over interno debole | profilo over esterno debole | BTTS basso: possibile partita a senso unico;2.67;2.15;5.42;4.3;4.92;2.4;4.8;0.0;1.67;3.09;2.5.0
2026-07-11;;Iceland_Division_1_2026;20;Volsungur;Afturelding;79.98;ALTA;FINAL;1;6;7;OK;OK;PRO: attacco trasferta positivo | difesa trasferta vulnerabile | difesa casa vulnerabile | trend over recente casa | trend over recente trasferta | profilo over interno positivo | profilo over esterno positivo | alta tendenza BTTS || CONTRO: attacco casa non dominante | v22 monitora possibile sopravvalutazione weak_ga;5.45;7.88;13.0;8.0;6.82;9.6;8.4;6.67;6.67;7.5;2.5.0
2026-07-11;;Iceland_Division_2_2026;23;Selfoss;Hviti;76.35;ALTA;FINAL;2;2;4;OK;OK;PRO: attacco casa positivo | difesa trasferta vulnerabile | difesa casa vulnerabile | trend over recente casa | profilo over interno positivo | alta tendenza BTTS || CONTRO: ospite poco prolifico: rischio 1-0 / 2-0 | v22 monitora possibile sopravvalutazione weak_ga | trend over trasferta non forte | profilo over esterno debole;3.27;12.89;8.06;7.27;7.85;10.8;3.6;10.0;3.33;9.27;2.5.0
2026-07-11;;Kazakhstan_PremierLeague_2026;27;Ertis Pavlodar;Zhenis;47.03;BASSA;FINAL;0;1;1;KO;KO;PRO: nessun indicatore over forte || CONTRO: attacco casa non dominante | ospite poco prolifico: rischio 1-0 / 2-0 | trend over casa non forte | trend over trasferta non forte | profilo over interno debole | profilo over esterno debole | BTTS basso: possibile partita a senso unico;2.0;5.17;4.8;4.77;5.4;3.6;6.0;4.29;5.0;6.0;2.5.0
2026-07-11;;Kazakhstan_PremierLeague_2026;27;Kaspij Aktau;Ordabasy;52.41;BASSA;FINAL;3;2;5;OK;OK;PRO: attacco trasferta positivo || CONTRO: attacco casa non dominante | trend over casa non forte | trend over trasferta non forte | profilo over interno debole | profilo over esterno debole | BTTS basso: possibile partita a senso unico;5.2;4.43;10.34;4.55;2.56;4.8;6.0;5.0;4.29;5.25;2.5.0
2026-07-11;;Kazakhstan_PremierLeague_2026;27;Ulytau;Kaisar;41.2;BASSA;FINAL;1;0;1;KO;KO;PRO: trend over recente trasferta || CONTRO: attacco casa non dominante | ospite poco prolifico: rischio 1-0 / 2-0 | trend over casa non forte | profilo over interno debole | profilo over esterno debole | BTTS basso: possibile partita a senso unico;1.2;4.8;4.52;3.41;5.08;2.4;7.2;2.5;4.29;5.8;2.5.0
2026-07-11;;Kazakhstan_PremierLeague_2026;27;Zhetysu;Altai;47.68;BASSA;FINAL;0;1;1;KO;KO;PRO: difesa casa vulnerabile | trend over recente casa || CONTRO: attacco casa non dominante | ospite poco prolifico: rischio 1-0 / 2-0 | trend over trasferta non forte | profilo over interno debole | profilo over esterno debole | BTTS basso: possibile partita a senso unico;2.4;7.76;4.06;5.45;5.11;7.2;3.6;2.86;2.86;6.38;2.5.0
2026-07-11;;Lithuania_Toplyga_2026;24;Kauno Zalgiris;FK Panevezys;63.91;MEDIA;FINAL;3;0;3;OK;KO;PRO: attacco casa positivo | difesa trasferta vulnerabile | trend over recente trasferta | profilo over esterno positivo || CONTRO: ospite poco prolifico: rischio 1-0 / 2-0 | v22 monitora possibile sopravvalutazione weak_ga | trend over casa non forte | profilo over interno debole | BTTS basso: possibile partita a senso unico;3.33;11.2;6.53;3.06;6.94;4.8;8.4;5.56;7.78;6.32;2.5.0
2026-07-11;;Norway_Eliteserien_2026;19;Aalesund;Molde;66.63;MEDIA;FINAL;2;2;4;OK;OK;PRO: attacco trasferta positivo | difesa casa vulnerabile | trend over recente casa | profilo over interno positivo | alta tendenza BTTS || CONTRO: attacco casa non dominante | trend over trasferta non forte | profilo over esterno debole;3.2;8.06;9.67;6.61;5.37;7.2;6.0;8.33;4.0;8.18;2.5.0
2026-07-11;;Norway_Eliteserien_2026;19;Fredrikstad;Lilleström;60.7;MEDIA;FINAL;0;2;2;KO;KO;PRO: attacco trasferta positivo | difesa casa vulnerabile | trend over recente casa | profilo over interno positivo || CONTRO: attacco casa non dominante | trend over trasferta non forte | profilo over esterno debole | BTTS basso: possibile partita a senso unico;2.4;8.06;9.13;6.61;4.55;8.4;4.8;8.0;1.67;7.09;2.5.0
2026-07-11;;Norway_Eliteserien_2026;19;Tromsø;Vålerenga;47.63;BASSA;FINAL;4;0;4;OK;KO;PRO: difesa trasferta vulnerabile || CONTRO: attacco casa non dominante | ospite poco prolifico: rischio 1-0 / 2-0 | v22 monitora possibile sopravvalutazione weak_ga | trend over casa non forte | trend over trasferta non forte | profilo over interno debole | profilo over esterno debole | BTTS basso: possibile partita a senso unico;2.8;8.18;6.98;3.92;7.02;3.6;4.8;3.75;2.0;4.57;2.5.0
2026-07-11;;Somalia_NationalLeague_2026;19;Elman;Horseed;50.76;BASSA;FINAL;0;0;0;KO;KO;PRO: attacco casa positivo | attacco trasferta positivo | profilo over esterno positivo || CONTRO: trend over casa non forte | trend over trasferta non forte | profilo over interno debole | BTTS basso: possibile partita a senso unico || CONTRO V25: v25: sfida equilibrata di alta classifica (gap punti 0.0, gap PPG 0.00) con difesa trasferta sotto 1 gol subito a partita;0.55;11.08;12.56;2.5;3.98;4.8;4.8;5.0;6.25;5.25;2.5.0
2026-07-11;;Somalia_NationalLeague_2026;19;Raadsan;Heegan;75.73;ALTA;FINAL;0;4;4;OK;KO;PRO: attacco trasferta positivo | difesa casa vulnerabile | trend over recente casa | trend over recente trasferta | profilo over interno positivo | alta tendenza BTTS || CONTRO: attacco casa non dominante | profilo over esterno debole;4.91;8.12;13.0;8.0;4.01;8.4;8.4;8.57;4.29;8.03;2.5.0
2026-07-11;;Sweden_Allsvenskan_2026;17;Mjallby;AIK Stockholm;59.43;BASSA;FINAL;1;2;3;OK;OK;PRO: attacco casa positivo | difesa trasferta vulnerabile | trend over recente trasferta | profilo over esterno positivo || CONTRO: ospite poco prolifico: rischio 1-0 / 2-0 | v22 monitora possibile sopravvalutazione weak_ga | trend over casa non forte | profilo over interno debole | BTTS basso: possibile partita a senso unico;2.0;9.67;7.52;4.96;7.02;4.8;7.2;2.5;6.67;7.09;2.5.0
2026-07-11;;Sweden_Allsvenskan_2026;17;Orgryte;Hacken;67.23;MEDIA;FINAL;4;3;7;OK;OK;PRO: attacco trasferta positivo | difesa casa vulnerabile | trend over recente casa | trend over recente trasferta | profilo over interno positivo | alta tendenza BTTS || CONTRO: attacco casa non dominante | profilo over esterno debole;5.2;5.37;11.82;8.0;6.36;7.2;7.2;6.0;2.0;8.07;2.5.0
2026-07-11;;USA_USLLeagueTwo_GreatForest_2026;25;Buffalo;Akron City;81.13;ALTA;FINAL;2;3;5;OK;OK;PRO: attacco casa positivo | attacco trasferta positivo | trend over recente casa | trend over recente trasferta | profilo over interno positivo | profilo over esterno positivo || CONTRO: BTTS basso: possibile partita a senso unico;3.0;13.0;13.0;3.64;6.2;9.6;9.6;8.0;8.0;7.09;2.5.0
2026-07-11;;USA_USLLeagueTwo_GreatLakes_2026;23;Oakland County;Midwest United;79.51;ALTA;FINAL;2;5;7;OK;OK;PRO: attacco casa positivo | attacco trasferta positivo | trend over recente casa | trend over recente trasferta | profilo over interno positivo | profilo over esterno positivo || CONTRO: BTTS basso: possibile partita a senso unico;3.0;13.0;11.23;4.3;6.36;8.4;8.4;10.0;8.0;6.82;2.5.0
2026-07-11;;USA_USLLeagueTwo_GreatPlains_2026;20;Santafe Wanderers;Sunflower State;73.71;MEDIA;SCHEDULED;;;;;;PRO: attacco casa positivo | difesa trasferta vulnerabile | trend over recente trasferta | profilo over esterno positivo | alta tendenza BTTS || CONTRO: ospite poco prolifico: rischio 1-0 / 2-0 | v22 monitora possibile sopravvalutazione weak_ga | trend over casa non forte | profilo over interno debole;3.6;13.0;7.88;4.63;10.0;6.0;9.33;4.0;8.0;7.27;2.5.0
2026-07-11;;USA_USLLeagueTwo_Heartland_2026;24;Sueno;Chicago Dutch Lions;86.94;ALTA;FINAL;4;1;5;OK;OK;PRO: attacco casa positivo | attacco trasferta positivo | difesa trasferta vulnerabile | trend over recente casa | trend over recente trasferta | profilo over interno positivo | profilo over esterno positivo || CONTRO: v22 monitora possibile sopravvalutazione weak_ga | BTTS basso: possibile partita a senso unico;0.75;13.0;12.36;3.27;9.09;10.8;10.8;10.0;10.0;6.87;2.5.0
2026-07-11;;USA_USLLeagueTwo_Metropolitan_2026;26;Motown 2;Long Island;71.41;MEDIA;FINAL;4;2;6;OK;OK;PRO: attacco casa positivo | attacco trasferta positivo | trend over recente casa | trend over recente trasferta | profilo over interno positivo | profilo over esterno positivo || CONTRO: BTTS basso: possibile partita a senso unico;1.33;13.0;13.0;2.31;3.18;9.6;8.4;10.0;6.0;4.58;2.5.0
2026-07-11;;USA_USLLeagueTwo_Metropolitan_2026;26;New Jersey Copa;Westchester Flames;74.12;MEDIA;FINAL;2;1;3;OK;OK;PRO: difesa trasferta vulnerabile | difesa casa vulnerabile | trend over recente casa | trend over recente trasferta | profilo over interno positivo | profilo over esterno positivo || CONTRO: attacco casa non dominante | ospite poco prolifico: rischio 1-0 / 2-0 | v22 monitora possibile sopravvalutazione weak_ga | BTTS basso: possibile partita a senso unico;1.33;7.52;7.52;8.0;10.0;10.8;8.4;8.0;6.0;6.55;2.5.0
2026-07-11;;USA_USLLeagueTwo_MidAtlantic_2026;29;Philadelphia Lone Star;RC New Jersey;78.74;ALTA;FINAL;0;1;1;KO;KO;PRO: attacco casa positivo | attacco trasferta positivo | difesa trasferta vulnerabile | difesa casa vulnerabile | trend over recente casa | trend over recente trasferta | profilo over interno positivo | profilo over esterno positivo | alta tendenza BTTS || CONTRO: v22 monitora possibile sopravvalutazione weak_ga;0.75;10.45;9.09;8.0;8.39;9.6;8.4;10.0;6.67;7.38;2.5.0
2026-07-11;;USA_USLLeagueTwo_MidSouth_2026;19;Hattiesburg;Little Rock Rangers;78.53;ALTA;FINAL;2;2;4;OK;OK;PRO: attacco casa positivo | attacco trasferta positivo | difesa casa vulnerabile | trend over recente casa | profilo over interno positivo | profilo over esterno positivo | alta tendenza BTTS || CONTRO: trend over trasferta non forte;4.0;13.0;10.64;7.27;1.82;12.0;6.0;10.0;6.0;7.8;2.5.0
2026-07-11;;USA_USLLeagueTwo_NorCal_2026;28;San Francisco City;Project 51O;80.93;ALTA;FINAL;1;0;1;KO;KO;PRO: attacco casa positivo | attacco trasferta positivo | trend over recente casa | trend over recente trasferta | profilo over interno positivo | profilo over esterno positivo | alta tendenza BTTS || CONTRO: nessun contro rilevante;0.86;13.0;13.0;4.85;5.94;8.4;10.8;6.0;10.0;8.08;2.5.0
2026-07-11;;USA_USLLeagueTwo_Northeast_2026;30;Seacoast Utd Phantoms;AC Connecticut;75.41;ALTA;FINAL;0;1;1;KO;KO;PRO: attacco casa positivo | difesa trasferta vulnerabile | difesa casa vulnerabile | trend over recente casa | trend over recente trasferta | profilo over interno positivo | alta tendenza BTTS || CONTRO: ospite poco prolifico: rischio 1-0 / 2-0 | v22 monitora possibile sopravvalutazione weak_ga | profilo over esterno debole;0.67;11.33;7.73;8.0;10.0;10.8;7.2;6.0;5.0;8.69;2.5.0
2026-07-11;;USA_USLLeagueTwo_Northeast_2026;30;Western Mass Pioneers;Vermont Green;70.73;MEDIA;FINAL;2;4;6;OK;OK;PRO: attacco casa positivo | attacco trasferta positivo | trend over recente trasferta | profilo over esterno positivo || CONTRO: trend over casa non forte | profilo over interno debole | BTTS basso: possibile partita a senso unico;1.33;11.36;13.0;4.48;3.5;4.8;12.0;5.0;8.33;6.92;2.5.0
2026-07-11;;USA_USLLeagueTwo_Northwest_2026;34;West Seattle Junction;Snohomish United;85.2;ALTA;FINAL;3;5;8;OK;OK;PRO: attacco casa positivo | attacco trasferta positivo | difesa casa vulnerabile | trend over recente casa | trend over recente trasferta | profilo over interno positivo | profilo over esterno positivo | alta tendenza BTTS || CONTRO: nessun contro rilevante;3.43;10.83;13.0;6.97;4.17;12.0;10.8;8.0;8.0;8.0;2.5.0
2026-07-11;;USA_USLLeagueTwo_SouthCentral_2026;21;Birmingham 2;Montgomery United;70.35;MEDIA;FINAL;3;2;5;OK;OK;PRO: attacco trasferta positivo | difesa trasferta vulnerabile | difesa casa vulnerabile | trend over recente casa | trend over recente trasferta | profilo over esterno positivo | alta tendenza BTTS || CONTRO: attacco casa non dominante | v22 monitora possibile sopravvalutazione weak_ga | profilo over interno debole;2.0;7.09;8.6;7.27;8.68;7.2;8.4;4.0;8.0;9.11;2.5.0
2026-07-11;;USA_USLLeagueTwo_SouthFlorida_2026;19;Miami City;Lakeland United;74.36;MEDIA;FINAL;0;2;2;KO;KO;PRO: attacco trasferta positivo | difesa casa vulnerabile | trend over recente casa | profilo over interno positivo | profilo over esterno positivo | alta tendenza BTTS || CONTRO: attacco casa non dominante | trend over trasferta non forte;4.8;7.68;11.82;8.0;6.36;8.4;6.0;7.5;6.0;7.8;2.5.0
2026-07-11;;USA_USLLeagueTwo_Southwest_2026;28;Tucson;Capo;63.11;MEDIA;FINAL;2;1;3;OK;OK;PRO: attacco casa positivo | attacco trasferta positivo | difesa trasferta vulnerabile | trend over recente trasferta | profilo over interno positivo | alta tendenza BTTS || CONTRO: v22 monitora possibile sopravvalutazione weak_ga | trend over casa non forte | profilo over esterno debole || CONTRO V25: v25: sfida equilibrata di alta classifica (gap punti 2.0, gap PPG 0.03) con difesa casa sotto 1 gol subito a partita;0.86;9.13;13.0;3.31;10.0;6.0;7.2;6.0;5.0;8.62;2.5.0
2026-07-12;2026-07-12;Estonia_Esiliiga_2026;21;Nomme Utd U21;Flora U21;98.47;ALTA;FINAL;1;1;2;KO;OK;PRO: attacco casa positivo | attacco trasferta positivo | difesa trasferta vulnerabile | difesa casa vulnerabile | trend over recente casa | trend over recente trasferta | profilo over interno positivo | profilo over esterno positivo | alta tendenza BTTS || CONTRO: v22 monitora possibile sopravvalutazione weak_ga;5.33;12.19;13.0;8.0;9.09;10.8;12.0;8.57;10.0;9.49;2.5.0
2026-07-12;2026-07-12;Estonia_EsiliigaB_2026;19;Johvi Phoenix;Parnu JK Vaprus U21;96.68;ALTA;FINAL;4;2;6;OK;OK;PRO: attacco casa positivo | attacco trasferta positivo | difesa trasferta vulnerabile | difesa casa vulnerabile | trend over recente casa | trend over recente trasferta | profilo over interno positivo | profilo over esterno positivo | alta tendenza BTTS || CONTRO: v22 monitora possibile sopravvalutazione weak_ga;2.67;13.0;13.0;8.0;8.82;9.6;12.0;10.0;9.0;10.59;2.5.0
2026-07-12;2026-07-12;Finland_Kakkonen_GroupC_2026;14;Narpes Kraft;VPS 2;93.96;ALTA;FINAL;3;2;5;OK;OK;PRO: attacco casa positivo | attacco trasferta positivo | difesa trasferta vulnerabile | difesa casa vulnerabile | trend over recente casa | trend over recente trasferta | profilo over interno positivo | profilo over esterno positivo | alta tendenza BTTS || CONTRO: v22 monitora possibile sopravvalutazione weak_ga;0.67;13.0;13.0;8.0;8.68;10.8;12.0;8.0;10.0;9.82;2.5.0
2026-07-12;2026-07-12;USA_USLLeagueTwo_Chesapeake_2026;27;Loudoun 2;Northern Virginia;92.72;ALTA;FINAL;2;1;3;OK;OK;PRO: attacco casa positivo | attacco trasferta positivo | difesa trasferta vulnerabile | difesa casa vulnerabile | trend over recente casa | trend over recente trasferta | profilo over interno positivo | profilo over esterno positivo | alta tendenza BTTS || CONTRO: v22 monitora possibile sopravvalutazione weak_ga;2.4;13.0;13.0;8.0;9.47;10.8;9.6;10.0;8.33;8.12;2.5.0
2026-07-12;2026-07-12;USA_USLLeagueTwo_GreatLakes_2026;23;Flint City;Union FC Macomb;91.47;ALTA;SCHEDULED;;;;;;PRO: attacco casa positivo | attacco trasferta positivo | difesa trasferta vulnerabile | trend over recente casa | trend over recente trasferta | profilo over interno positivo | profilo over esterno positivo | alta tendenza BTTS || CONTRO: v22 monitora possibile sopravvalutazione weak_ga;5.0;13.0;10.64;3.64;10.0;9.6;12.0;8.0;10.0;9.6;2.5.0
2026-07-12;2026-07-12;Finland_Kakkonen_GroupC_2026;14;Vaajakoski;Jaro 2;89.47;ALTA;FINAL;5;2;7;OK;OK;PRO: attacco casa positivo | attacco trasferta positivo | difesa trasferta vulnerabile | difesa casa vulnerabile | trend over recente casa | trend over recente trasferta | profilo over interno positivo | profilo over esterno positivo | alta tendenza BTTS || CONTRO: v22 monitora possibile sopravvalutazione weak_ga;4.67;10.74;12.89;8.0;10.0;9.6;9.6;8.0;8.33;7.64;2.5.0
2026-07-12;2026-07-12;USA_USLLeagueTwo_LoneStar_2026;26;AHFC Royals;Houston FC;88.78;ALTA;SCHEDULED;;;;;;PRO: attacco casa positivo | attacco trasferta positivo | difesa trasferta vulnerabile | trend over recente casa | trend over recente trasferta | profilo over interno positivo | profilo over esterno positivo | alta tendenza BTTS || CONTRO: v22 monitora possibile sopravvalutazione weak_ga;0.75;13.0;12.89;4.3;9.92;8.4;10.8;10.0;10.0;8.73;2.5.0
2026-07-12;2026-07-12;Australia_NPLQueensland_2026;19;Gold Coast Knights;Brisbane City;88.2;ALTA;FINAL;0;0;0;KO;KO;PRO: attacco casa positivo | attacco trasferta positivo | difesa trasferta vulnerabile | difesa casa vulnerabile | trend over recente casa | trend over recente trasferta | profilo over interno positivo | profilo over esterno positivo | alta tendenza BTTS || CONTRO: v22 monitora possibile sopravvalutazione weak_ga;1.09;13.0;13.0;5.68;10.0;9.6;9.6;8.57;8.57;9.09;2.5.0
2026-07-12;2026-07-12;Estonia_EsiliigaB_2026;19;Levadia U19;Tallinna Kalev U21;87.89;ALTA;FINAL;4;1;5;OK;OK;PRO: attacco casa positivo | attacco trasferta positivo | difesa trasferta vulnerabile | difesa casa vulnerabile | trend over recente casa | trend over recente trasferta | profilo over interno positivo | profilo over esterno positivo | alta tendenza BTTS || CONTRO: v22 monitora possibile sopravvalutazione weak_ga;2.0;13.0;12.86;7.06;9.89;8.4;9.6;6.25;10.0;8.82;2.5.0
2026-07-12;2026-07-12;Iceland_BestaDeildKarla_2026;19;KR Reykjavik;Vestmannaeyjar;87.67;ALTA;FINAL;5;2;7;OK;OK;PRO: attacco casa positivo | attacco trasferta positivo | difesa trasferta vulnerabile | difesa casa vulnerabile | trend over recente casa | trend over recente trasferta | profilo over interno positivo | profilo over esterno positivo | alta tendenza BTTS || CONTRO: v22 monitora possibile sopravvalutazione weak_ga;2.73;13.0;10.0;8.0;9.09;10.8;7.2;10.0;6.67;10.19;2.5.0
2026-07-12;2026-07-12;Australia_NPLQueenslandU23_2026;19;Gold Coast Knights U23;Brisbane City U23;87.19;ALTA;FINAL;3;1;4;OK;OK;PRO: attacco casa positivo | attacco trasferta positivo | difesa trasferta vulnerabile | difesa casa vulnerabile | trend over recente casa | trend over recente trasferta | profilo over interno positivo | profilo over esterno positivo | alta tendenza BTTS || CONTRO: v22 monitora possibile sopravvalutazione weak_ga;3.82;13.0;11.82;6.14;10.0;9.6;8.4;8.57;8.57;7.28;2.5.0
2026-07-12;2026-07-12;USA_USLLeagueTwo_Heartland_2026;24;Edgewater Castle;Minneapolis City;85.99;ALTA;FINAL;0;4;4;OK;KO;PRO: attacco trasferta positivo | difesa casa vulnerabile | trend over recente casa | trend over recente trasferta | profilo over interno positivo | profilo over esterno positivo | alta tendenza BTTS || CONTRO: attacco casa non dominante;6.0;8.06;13.0;8.0;2.73;12.0;10.8;10.0;7.5;7.91;2.5.0
2026-07-12;2026-07-12;Australia_NPLQueenslandU23_2026;19;QLD State Team U17;Rochedale U23;85.82;ALTA;FINAL;1;3;4;OK;OK;PRO: attacco casa positivo | attacco trasferta positivo | difesa casa vulnerabile | trend over recente casa | trend over recente trasferta | profilo over interno positivo | profilo over esterno positivo | alta tendenza BTTS || CONTRO: nessun contro rilevante;3.82;12.93;13.0;8.0;6.15;10.8;7.2;10.0;6.25;7.68;2.5.0
2026-07-12;2026-07-12;USA_USLLeagueTwo_MidSouth_2026;19;Red River;Mississippi Brilla;85.76;ALTA;FINAL;1;5;6;OK;OK;PRO: attacco casa positivo | attacco trasferta positivo | difesa trasferta vulnerabile | difesa casa vulnerabile | trend over recente casa | trend over recente trasferta | profilo over interno positivo | profilo over esterno positivo | alta tendenza BTTS || CONTRO: v22 monitora possibile sopravvalutazione weak_ga;1.0;11.82;13.0;5.62;7.85;9.6;9.6;10.0;8.0;9.27;2.5.0
2026-07-12;2026-07-12;Estonia_EsiliigaB_2026;19;Tammeka U21;Narva U21;85.58;ALTA;FINAL;2;1;3;OK;OK;PRO: attacco casa positivo | attacco trasferta positivo | difesa trasferta vulnerabile | difesa casa vulnerabile | trend over recente casa | trend over recente trasferta | profilo over interno positivo | profilo over esterno positivo | alta tendenza BTTS || CONTRO: v22 monitora possibile sopravvalutazione weak_ga;0.67;13.0;13.0;7.06;6.95;10.8;9.6;8.89;7.5;8.12;2.5.0
2026-07-12;2026-07-12;USA_USLLeagueTwo_Chesapeake_2026;27;Annapolis Blues;Bethesda SC;85.34;ALTA;FINAL;4;1;5;OK;OK;PRO: attacco casa positivo | attacco trasferta positivo | difesa trasferta vulnerabile | difesa casa vulnerabile | trend over recente casa | trend over recente trasferta | profilo over interno positivo | profilo over esterno positivo || CONTRO: v22 monitora possibile sopravvalutazione weak_ga | BTTS basso: possibile partita a senso unico;1.8;13.0;13.0;5.31;9.44;8.4;10.8;6.67;10.0;6.92;2.5.0
2026-07-12;2026-07-12;Iceland_Division_2_2026;23;Kari;KFA;83.81;ALTA;FINAL;2;2;4;OK;OK;PRO: attacco casa positivo | attacco trasferta positivo | difesa trasferta vulnerabile | difesa casa vulnerabile | trend over recente casa | trend over recente trasferta | profilo over interno positivo | profilo over esterno positivo | alta tendenza BTTS || CONTRO: v22 monitora possibile sopravvalutazione weak_ga;2.18;13.0;13.0;6.61;9.09;9.6;9.6;6.0;6.0;8.73;2.5.0
2026-07-12;2026-07-12;USA_USLLeagueTwo_SouthAtlantic_2026;37;Salem City;Wake FC;83.69;ALTA;FINAL;1;0;1;KO;KO;PRO: attacco casa positivo | difesa trasferta vulnerabile | difesa casa vulnerabile | trend over recente casa | trend over recente trasferta | profilo over interno positivo | profilo over esterno positivo | alta tendenza BTTS || CONTRO: ospite poco prolifico: rischio 1-0 / 2-0 | v22 monitora possibile sopravvalutazione weak_ga;1.2;10.45;7.27;8.0;10.0;9.6;10.8;8.33;8.33;9.69;2.5.0
2026-07-12;2026-07-12;USA_USLLeagueTwo_GreatLakes_2026;23;Ann Arbor;Kalamazoo FC;83.43;ALTA;SCHEDULED;;;;;;PRO: attacco casa positivo | attacco trasferta positivo | difesa trasferta vulnerabile | difesa casa vulnerabile | trend over recente casa | trend over recente trasferta | profilo over interno positivo | profilo over esterno positivo | alta tendenza BTTS || CONTRO: v22 monitora possibile sopravvalutazione weak_ga;1.0;10.74;13.0;8.0;7.85;10.8;8.4;8.0;8.0;7.64;2.5.0
2026-07-12;2026-07-12;Australia_NPLQueenslandU23_2026;19;Queensland Lions U23;Eastern Suburbs U23;83.39;ALTA;FINAL;1;1;2;KO;OK;PRO: attacco casa positivo | attacco trasferta positivo | trend over recente casa | trend over recente trasferta | profilo over interno positivo | profilo over esterno positivo | alta tendenza BTTS || CONTRO: nessun contro rilevante;2.18;13.0;12.86;3.85;5.88;10.8;10.8;7.5;8.75;7.76;2.5.0
2026-07-12;2026-07-12;USA_USLLeagueTwo_GreatPlains_2026;20;Peoria;Springfield FC;83.29;ALTA;FINAL;5;1;6;OK;OK;PRO: attacco casa positivo | attacco trasferta positivo | difesa trasferta vulnerabile | trend over recente casa | trend over recente trasferta | profilo over interno positivo | profilo over esterno positivo | alta tendenza BTTS || CONTRO: v22 monitora possibile sopravvalutazione weak_ga;6.0;13.0;9.45;3.64;10.0;7.2;10.8;6.0;10.0;7.2;2.5.0
2026-07-12;2026-07-12;USA_USLLeagueTwo_Metropolitan_2026;26;Ironbound SC;Manhattan;83.12;ALTA;FINAL;1;1;2;KO;OK;PRO: attacco casa positivo | attacco trasferta positivo | difesa trasferta vulnerabile | trend over recente casa | trend over recente trasferta | profilo over esterno positivo | alta tendenza BTTS || CONTRO: v22 monitora possibile sopravvalutazione weak_ga | profilo over interno debole;2.67;13.0;13.0;4.73;9.5;8.4;10.8;5.0;8.0;8.02;2.5.0
2026-07-12;2026-07-12;Iceland_BestaDeildKarla_2026;19;Fram;Thor Akureyri;82.7;ALTA;FINAL;6;1;7;OK;OK;PRO: attacco casa positivo | difesa trasferta vulnerabile | difesa casa vulnerabile | trend over recente casa | trend over recente trasferta | profilo over interno positivo | profilo over esterno positivo | alta tendenza BTTS || CONTRO: ospite poco prolifico: rischio 1-0 / 2-0 | v22 monitora possibile sopravvalutazione weak_ga;4.91;13.0;6.36;7.27;10.0;8.4;8.4;10.0;6.67;7.69;2.5.0
2026-07-12;2026-07-12;Australia_NSWLeagueOne_2026;24;Central Coast Mariners U23;Blacktown Spartans;82.64;ALTA;FINAL;0;2;2;KO;KO;PRO: attacco casa positivo | attacco trasferta positivo | difesa casa vulnerabile | trend over recente casa | trend over recente trasferta | profilo over interno positivo | profilo over esterno positivo | alta tendenza BTTS || CONTRO: nessun contro rilevante;3.6;10.48;13.0;7.11;6.2;9.6;8.4;7.78;6.67;9.82;2.5.0
2026-07-12;2026-07-12;Australia_NPLQueenslandU23_2026;19;Gold Coast Blaze U23;Olympic FC U23;82.46;ALTA;FINAL;7;1;8;OK;OK;PRO: attacco casa positivo | attacco trasferta positivo | difesa trasferta vulnerabile | difesa casa vulnerabile | trend over recente casa | trend over recente trasferta | profilo over interno positivo | profilo over esterno positivo | alta tendenza BTTS || CONTRO: v22 monitora possibile sopravvalutazione weak_ga;0.55;12.56;10.43;8.0;8.82;9.6;9.6;7.14;7.78;7.99;2.5.0
2026-07-12;2026-07-12;Estonia_EsiliigaB_2026;19;Tartu Kalev;Legion;82.02;ALTA;FINAL;10;2;12;OK;OK;PRO: attacco casa positivo | difesa trasferta vulnerabile | difesa casa vulnerabile | trend over recente casa | trend over recente trasferta | profilo over interno positivo | profilo over esterno positivo || CONTRO: ospite poco prolifico: rischio 1-0 / 2-0 | v22 monitora possibile sopravvalutazione weak_ga | BTTS basso: possibile partita a senso unico;1.33;12.8;4.8;8.0;10.0;10.8;12.0;7.5;7.78;7.0;2.5.0
2026-07-12;2026-07-12;USA_USLLeagueTwo_LoneStar_2026;26;Houston Sur;San Antonio FC 2;81.02;ALTA;SCHEDULED;;;;;;PRO: attacco trasferta positivo | difesa trasferta vulnerabile | difesa casa vulnerabile | trend over recente casa | trend over recente trasferta | profilo over interno positivo | profilo over esterno positivo || CONTRO: attacco casa non dominante | v22 monitora possibile sopravvalutazione weak_ga | BTTS basso: possibile partita a senso unico;4.5;4.83;10.74;8.0;10.0;10.8;9.6;8.0;8.0;6.55;2.5.0
2026-07-12;2026-07-12;Iceland_Division_2_2026;23;Dalvik/Reynir;Fjolnir;80.69;ALTA;FINAL;1;4;5;OK;OK;PRO: attacco casa positivo | attacco trasferta positivo | difesa trasferta vulnerabile | trend over recente casa | trend over recente trasferta | profilo over esterno positivo | alta tendenza BTTS || CONTRO: v22 monitora possibile sopravvalutazione weak_ga | profilo over interno debole;2.18;11.28;13.0;4.96;9.09;8.4;9.6;4.0;10.0;8.18;2.5.0
2026-07-12;2026-07-12;Iceland_Division_2_2026;23;Magni;Haukar;80.56;ALTA;FINAL;2;5;7;OK;OK;PRO: attacco casa positivo | attacco trasferta positivo | difesa casa vulnerabile | trend over recente casa | trend over recente trasferta | profilo over esterno positivo | alta tendenza BTTS || CONTRO: profilo over interno debole;5.45;8.6;13.0;8.0;5.79;8.4;9.6;5.0;8.0;8.73;2.5.0
2026-07-12;2026-07-12;Finland_Kakkonen_GroupC_2026;14;SJK Akatemia 2;TP-47;80.47;ALTA;FINAL;0;0;0;KO;KO;PRO: attacco casa positivo | attacco trasferta positivo | difesa trasferta vulnerabile | difesa casa vulnerabile | trend over recente casa | trend over recente trasferta | profilo over interno positivo | profilo over esterno positivo || CONTRO: v22 monitora possibile sopravvalutazione weak_ga | BTTS basso: possibile partita a senso unico;0.67;10.21;11.82;7.27;8.68;10.8;9.6;8.33;6.0;7.09;2.5.0
2026-07-12;2026-07-12;USA_USLLeagueTwo_MidAtlantic_2026;29;Reading;LVU Rush;80.45;ALTA;SCHEDULED;;;;;;PRO: attacco casa positivo | attacco trasferta positivo | difesa casa vulnerabile | trend over recente casa | trend over recente trasferta | profilo over esterno positivo | alta tendenza BTTS || CONTRO: profilo over interno debole;2.25;10.83;13.0;5.76;6.29;8.4;10.8;5.0;10.0;8.12;2.5.0
2026-07-12;2026-07-12;Australia_NorthernNSWStateLeague_2026;14;Toronto Awaba Stags;Wallsend Red Devils;80.15;ALTA;FINAL;2;2;4;OK;OK;PRO: attacco trasferta positivo | difesa casa vulnerabile | trend over recente casa | trend over recente trasferta | profilo over interno positivo | profilo over esterno positivo || CONTRO: attacco casa non dominante | BTTS basso: possibile partita a senso unico;6.0;7.27;13.0;8.0;5.94;9.6;9.6;7.14;6.67;6.92;2.5.0
2026-07-12;2026-07-12;Sweden_Allsvenskan_2026;17;Brommapojkarna;Sirius;80.15;ALTA;FINAL;1;2;3;OK;OK;PRO: attacco casa positivo | attacco trasferta positivo | difesa casa vulnerabile | trend over recente casa | trend over recente trasferta | profilo over interno positivo | profilo over esterno positivo | alta tendenza BTTS || CONTRO: nessun contro rilevante;2.8;8.86;13.0;5.82;5.79;9.6;9.6;6.67;10.0;8.02;2.5.0
2026-07-12;2026-07-12;USA_USLLeagueTwo_Northeast_2026;30;Black Rock;Boston City;79.85;ALTA;FINAL;1;1;2;KO;OK;PRO: attacco casa positivo | difesa trasferta vulnerabile | trend over recente casa | trend over recente trasferta | profilo over interno positivo | profilo over esterno positivo | alta tendenza BTTS || CONTRO: ospite poco prolifico: rischio 1-0 / 2-0 | v22 monitora possibile sopravvalutazione weak_ga;4.67;9.55;7.73;4.48;10.0;8.4;10.8;6.67;8.33;9.23;2.5.0
2026-07-12;2026-07-12;Iceland_Division_2_2026;23;Kormakur/Hvot;Olafsvik;79.8;ALTA;FINAL;0;0;0;KO;KO;PRO: attacco casa positivo | attacco trasferta positivo | difesa trasferta vulnerabile | trend over recente casa | trend over recente trasferta | profilo over interno positivo | profilo over esterno positivo | alta tendenza BTTS || CONTRO: v22 monitora possibile sopravvalutazione weak_ga;1.09;13.0;8.6;4.63;9.5;8.4;8.4;10.0;8.0;8.18;2.5.0
2026-07-12;2026-07-12;USA_USLLeagueTwo_Heartland_2026;24;St. Croix;Rockford Raptors;79.49;ALTA;FINAL;3;0;3;OK;KO;PRO: attacco casa positivo | attacco trasferta positivo | difesa trasferta vulnerabile | difesa casa vulnerabile | trend over recente casa | trend over recente trasferta | profilo over interno positivo || CONTRO: v22 monitora possibile sopravvalutazione weak_ga | profilo over esterno debole | BTTS basso: possibile partita a senso unico;1.5;11.82;10.21;8.0;9.09;10.8;7.2;10.0;4.0;6.87;2.5.0
2026-07-12;2026-07-12;USA_USLLeagueTwo_Northwest_2026;34;West Seattle Junction;Portland Bangers;79.36;ALTA;FINAL;0;2;2;KO;KO;PRO: attacco casa positivo | attacco trasferta positivo | difesa casa vulnerabile | trend over recente casa | trend over recente trasferta | profilo over interno positivo | profilo over esterno positivo | alta tendenza BTTS || CONTRO: nessun contro rilevante;2.57;10.83;9.85;6.97;6.44;12.0;7.2;8.0;8.0;7.5;2.5.0
2026-07-12;2026-07-12;USA_USLLeagueTwo_NorCal_2026;28;Almaden;Davis Legacy;79.35;ALTA;FINAL;6;0;6;OK;KO;PRO: attacco casa positivo | attacco trasferta positivo | difesa trasferta vulnerabile | trend over recente casa | trend over recente trasferta | profilo over interno positivo | profilo over esterno positivo | alta tendenza BTTS || CONTRO: v22 monitora possibile sopravvalutazione weak_ga;2.57;11.82;9.09;3.36;10.0;7.2;10.8;10.0;6.67;7.85;2.5.0
2026-07-12;2026-07-12;Australia_NPLNorthernNSW_2026;19;Broadmeadow;Newcastle Olympic;79.12;ALTA;FINAL;2;1;3;OK;OK;PRO: attacco casa positivo | attacco trasferta positivo | difesa trasferta vulnerabile | trend over recente casa | trend over recente trasferta | profilo over interno positivo | alta tendenza BTTS || CONTRO: v22 monitora possibile sopravvalutazione weak_ga | profilo over esterno debole;3.82;13.0;11.12;4.49;8.02;9.6;7.2;8.75;5.0;8.12;2.5.0
2026-07-12;2026-07-12;USA_USLLeagueTwo_Chesapeake_2026;27;Hill City;Virginia Marauders;78.47;ALTA;SCHEDULED;;;;;;PRO: attacco casa positivo | difesa trasferta vulnerabile | difesa casa vulnerabile | trend over recente casa | trend over recente trasferta | profilo over interno positivo | profilo over esterno positivo || CONTRO: ospite poco prolifico: rischio 1-0 / 2-0 | v22 monitora possibile sopravvalutazione weak_ga | BTTS basso: possibile partita a senso unico;1.2;13.0;3.18;7.55;10.0;9.6;9.6;8.33;10.0;6.0;2.5.0
2026-07-12;2026-07-12;USA_MLSNextPro_EasternConference_NortheastDivision_2026;19;Chicago Fire II;New York Red Bulls II;78.26;ALTA;FINAL;3;0;3;OK;KO;PRO: attacco casa positivo | attacco trasferta positivo | difesa casa vulnerabile | trend over recente casa | trend over recente trasferta | profilo over esterno positivo | alta tendenza BTTS || CONTRO: profilo over interno debole;5.14;8.86;13.0;5.45;5.79;12.0;9.6;0.0;7.5;10.91;2.5.0
2026-07-12;2026-07-12;Australia_NPLQueensland_2026;19;Gold Coast;Olympic FC;78.22;ALTA;FINAL;3;0;3;OK;KO;PRO: attacco trasferta positivo | difesa trasferta vulnerabile | difesa casa vulnerabile | trend over recente casa | trend over recente trasferta | profilo over interno positivo | profilo over esterno positivo | alta tendenza BTTS || CONTRO: attacco casa non dominante | v22 monitora possibile sopravvalutazione weak_ga;2.18;6.65;10.78;8.0;9.36;8.4;9.6;7.14;7.78;8.34;2.5.0
2026-07-12;2026-07-12;USA_USLLeagueTwo_Mountain_2026;26;Atletico Union;Flatirons;78.05;ALTA;FINAL;2;1;3;OK;OK;PRO: attacco casa positivo | difesa trasferta vulnerabile | difesa casa vulnerabile | trend over recente casa | trend over recente trasferta | profilo over interno positivo | profilo over esterno positivo | alta tendenza BTTS || CONTRO: ospite poco prolifico: rischio 1-0 / 2-0 | v22 monitora possibile sopravvalutazione weak_ga;2.0;9.13;7.09;6.61;10.0;8.4;10.8;8.0;8.0;8.02;2.5.0
2026-07-12;2026-07-12;Australia_NPL_NSW_U20_2026;24;Sydney Utd U20;Rockdale Ilinden U20;77.75;ALTA;FINAL;6;0;6;OK;KO;PRO: attacco casa positivo | attacco trasferta positivo | difesa trasferta vulnerabile | difesa casa vulnerabile | trend over recente casa | trend over recente trasferta | profilo over interno positivo | profilo over esterno positivo | alta tendenza BTTS || CONTRO: v22 monitora possibile sopravvalutazione weak_ga;3.2;13.0;8.6;5.29;7.85;8.4;9.6;7.27;6.36;8.18;2.5.0
2026-07-12;2026-07-12;Norway_Eliteserien_2026;19;Brann;Start;77.72;ALTA;FINAL;2;1;3;OK;OK;PRO: attacco casa positivo | difesa trasferta vulnerabile | difesa casa vulnerabile | trend over recente casa | trend over recente trasferta | profilo over interno positivo | profilo over esterno positivo | alta tendenza BTTS || CONTRO: ospite poco prolifico: rischio 1-0 / 2-0 | v22 monitora possibile sopravvalutazione weak_ga;2.0;11.82;6.4;6.06;10.0;9.6;7.2;8.0;7.14;9.5;2.5.0
2026-07-12;2026-07-12;Finland_Kakkonen_GroupA_2026;13;Lahden Reipas;HIFK;77.51;ALTA;FINAL;1;1;2;KO;OK;PRO: attacco casa positivo | attacco trasferta positivo | difesa casa vulnerabile | trend over recente casa | trend over recente trasferta | profilo over interno positivo | alta tendenza BTTS || CONTRO: profilo over esterno debole;2.67;13.0;12.41;6.18;5.45;10.8;7.2;8.0;4.0;7.8;2.5.0
2026-07-12;2026-07-12;USA_USLLeagueTwo_SouthAtlantic_2026;37;Tobacco Road;Port City;77.15;ALTA;FINAL;2;3;5;OK;OK;PRO: attacco casa positivo | difesa trasferta vulnerabile | difesa casa vulnerabile | trend over recente casa | trend over recente trasferta | profilo over interno positivo | profilo over esterno positivo | alta tendenza BTTS || CONTRO: ospite poco prolifico: rischio 1-0 / 2-0 | v22 monitora possibile sopravvalutazione weak_ga;1.2;10.91;5.0;8.0;10.0;9.6;10.8;6.67;6.67;8.31;2.5.0
2026-07-12;2026-07-12;Australia_NorthernNSWStateLeague_2026;14;West Wallsend;New Lambton;76.89;ALTA;SCHEDULED;;;;;;PRO: attacco casa positivo | attacco trasferta positivo | difesa trasferta vulnerabile | difesa casa vulnerabile | trend over recente casa | trend over recente trasferta | profilo over interno positivo | profilo over esterno positivo || CONTRO: v22 monitora possibile sopravvalutazione weak_ga | BTTS basso: possibile partita a senso unico;2.0;10.91;13.0;8.0;6.64;8.4;7.2;6.67;7.14;6.92;2.5.0
2026-07-12;2026-07-12;Australia_NPLQueensland_2026;19;Queensland Lions;Eastern Suburbs;76.86;ALTA;FINAL;1;0;1;KO;KO;PRO: attacco casa positivo | attacco trasferta positivo | difesa trasferta vulnerabile | trend over recente casa | trend over recente trasferta | profilo over interno positivo | profilo over esterno positivo | alta tendenza BTTS || CONTRO: v22 monitora possibile sopravvalutazione weak_ga;1.64;13.0;11.12;4.28;6.95;8.4;9.6;6.25;7.5;8.12;2.5.0
2026-07-12;2026-07-12;USA_MLSNextPro_EasternConference_NortheastDivision_2026;19;Philadelphia II;Huntsville;76.61;ALTA;FINAL;0;0;0;KO;KO;PRO: attacco casa positivo | difesa trasferta vulnerabile | trend over recente casa | trend over recente trasferta | profilo over esterno positivo | alta tendenza BTTS || CONTRO: ospite poco prolifico: rischio 1-0 / 2-0 | v22 monitora possibile sopravvalutazione weak_ga | profilo over interno debole;6.0;8.64;5.91;3.64;9.09;7.2;12.0;4.44;10.0;9.69;2.5.0
2026-07-12;2026-07-12;USA_USLLeagueTwo_SouthAtlantic_2026;37;Charlotte Independ. 2;North Carolina FC U23;76.26;ALTA;FINAL;3;1;4;OK;OK;PRO: attacco casa positivo | attacco trasferta positivo | difesa trasferta vulnerabile | trend over recente trasferta | profilo over interno positivo | profilo over esterno positivo | alta tendenza BTTS || CONTRO: v22 monitora possibile sopravvalutazione weak_ga | trend over casa non forte;3.6;12.27;10.34;2.24;9.47;6.0;8.4;6.67;10.0;7.27;2.5.0
2026-07-12;2026-07-12;USA_USLLeagueTwo_Ranger_2026;21;McKinney Chupacabras;Texoma;76.26;ALTA;FINAL;1;2;3;OK;OK;PRO: attacco casa positivo | attacco trasferta positivo | trend over recente casa | trend over recente trasferta | profilo over esterno positivo | alta tendenza BTTS || CONTRO: profilo over interno debole;1.2;12.47;13.0;4.04;4.55;8.0;9.33;5.0;10.0;8.67;2.5.0
2026-07-12;2026-07-12;Sweden_Allsvenskan_2026;17;Malmo FF;Göteborg;76.11;ALTA;FINAL;4;0;4;OK;KO;PRO: attacco casa positivo | difesa trasferta vulnerabile | difesa casa vulnerabile | trend over recente casa | profilo over interno positivo | alta tendenza BTTS || CONTRO: ospite poco prolifico: rischio 1-0 / 2-0 | v22 monitora possibile sopravvalutazione weak_ga | trend over trasferta non forte | profilo over esterno debole;3.2;11.28;7.52;6.61;9.92;8.4;6.0;10.0;5.0;8.18;2.5.0
2026-07-12;2026-07-12;Somalia_NationalLeague_2026;19;Raadsan;Heegan;75.73;ALTA;FINAL;0;4;4;OK;KO;PRO: attacco trasferta positivo | difesa casa vulnerabile | trend over recente casa | trend over recente trasferta | profilo over interno positivo | alta tendenza BTTS || CONTRO: attacco casa non dominante | profilo over esterno debole;4.91;8.12;13.0;8.0;4.01;8.4;8.4;8.57;4.29;8.03;2.5.0
2026-07-12;2026-07-12;USA_USLLeagueTwo_MidAtlantic_2026;29;Ocean City;Eagle FC;75.61;ALTA;SCHEDULED;;;;;;PRO: attacco casa positivo | difesa trasferta vulnerabile | trend over recente casa | trend over recente trasferta | profilo over interno positivo | profilo over esterno positivo || CONTRO: ospite poco prolifico: rischio 1-0 / 2-0 | v22 monitora possibile sopravvalutazione weak_ga | BTTS basso: possibile partita a senso unico;6.0;13.0;3.45;1.96;10.0;9.6;10.8;8.33;6.67;5.81;2.5.0
2026-07-12;2026-07-12;Iceland_Division_2_2026;23;Throttur Vogar;KFG Gardabaer;74.5;MEDIA;FINAL;5;1;6;OK;OK;PRO: attacco trasferta positivo | difesa trasferta vulnerabile | difesa casa vulnerabile | trend over recente casa | trend over recente trasferta | profilo over interno positivo | profilo over esterno positivo | alta tendenza BTTS || CONTRO: attacco casa non dominante | v22 monitora possibile sopravvalutazione weak_ga;1.09;8.06;8.6;7.6;10.0;7.2;9.6;6.67;7.5;8.18;2.5.0
2026-07-12;2026-07-12;USA_USLLeagueTwo_Ranger_2026;21;Denton Diablos;Fort Worth Vaqueros;74.22;MEDIA;FINAL;1;0;1;KO;KO;PRO: attacco casa positivo | difesa trasferta vulnerabile | difesa casa vulnerabile | trend over recente casa | trend over recente trasferta | profilo over interno positivo | profilo over esterno positivo || CONTRO: ospite poco prolifico: rischio 1-0 / 2-0 | v22 monitora possibile sopravvalutazione weak_ga | BTTS basso: possibile partita a senso unico;6.0;13.0;1.97;5.45;10.0;9.6;8.0;8.0;6.0;6.2;2.5.0
2026-07-12;2026-07-12;Belarus_PershayaLiga_2026;16;Volna Pinsk;Soligorsk;73.91;MEDIA;FINAL;2;4;6;OK;OK;PRO: attacco casa positivo | attacco trasferta positivo | difesa casa vulnerabile | trend over recente casa | trend over recente trasferta | profilo over interno positivo | profilo over esterno positivo | alta tendenza BTTS || CONTRO: nessun contro rilevante;0.35;9.71;12.24;5.45;5.84;10.8;8.4;6.25;7.14;7.71;2.5.0
2026-07-12;2026-07-12;Iceland_BestaDeildKarla_2026;19;Hafnarfjordur;Valur;73.57;MEDIA;FINAL;2;0;2;KO;KO;PRO: attacco trasferta positivo | difesa trasferta vulnerabile | difesa casa vulnerabile | trend over recente casa | trend over recente trasferta | alta tendenza BTTS || CONTRO: attacco casa non dominante | v22 monitora possibile sopravvalutazione weak_ga | profilo over interno debole | profilo over esterno debole;3.27;8.18;10.13;8.0;8.77;8.4;7.2;5.0;5.71;8.9;2.5.0
2026-07-12;2026-07-12;USA_USLLeagueTwo_Metropolitan_2026;26;Hudson Valley;Cedar;73.08;MEDIA;FINAL;2;2;4;OK;OK;PRO: attacco casa positivo | attacco trasferta positivo | difesa casa vulnerabile | trend over recente casa | profilo over interno positivo | alta tendenza BTTS || CONTRO: trend over trasferta non forte | profilo over esterno debole;0.67;13.0;9.45;8.0;5.45;10.8;4.8;8.0;5.0;7.91;2.5.0
2026-07-12;2026-07-12;USA_USLLeagueTwo_MidAtlantic_2026;29;PA Classics;West Chester Utd;72.93;MEDIA;SCHEDULED;;;;;;PRO: attacco casa positivo | attacco trasferta positivo | difesa trasferta vulnerabile | difesa casa vulnerabile | trend over recente casa | profilo over interno positivo | profilo over esterno positivo | alta tendenza BTTS || CONTRO: v22 monitora possibile sopravvalutazione weak_ga | trend over trasferta non forte;3.0;9.85;8.86;8.0;6.82;8.4;6.0;6.0;8.0;8.0;2.5.0
2026-07-12;2026-07-12;USA_USLLeagueTwo_Southwest_2026;28;Redlands FC;Ventura;72.55;MEDIA;FINAL;1;1;2;KO;OK;PRO: attacco casa positivo | attacco trasferta positivo | trend over recente casa | trend over recente trasferta | profilo over interno positivo | profilo over esterno positivo || CONTRO: BTTS basso: possibile partita a senso unico;0.86;12.89;13.0;4.63;2.48;8.4;7.2;8.0;8.0;7.09;2.5.0
2026-07-12;2026-07-12;USA_MLSNextPro_EasternConference_SoutheastDivision_2026;18;Atlanta United 2;Inter Miami II;72.51;MEDIA;FINAL;4;1;5;OK;OK;PRO: attacco casa positivo | difesa trasferta vulnerabile | trend over recente casa | trend over recente trasferta | profilo over interno positivo | profilo over esterno positivo || CONTRO: ospite poco prolifico: rischio 1-0 / 2-0 | v22 monitora possibile sopravvalutazione weak_ga | BTTS basso: possibile partita a senso unico;6.0;13.0;4.3;4.85;10.0;7.2;7.2;7.14;6.0;6.82;2.5.0
2026-07-12;2026-07-12;USA_USLLeagueTwo_Southwest_2026;28;AMSG FC;Southern California;72.47;MEDIA;FINAL;1;2;3;OK;OK;PRO: difesa trasferta vulnerabile | difesa casa vulnerabile | trend over recente casa | trend over recente trasferta | profilo over interno positivo | profilo over esterno positivo | alta tendenza BTTS || CONTRO: attacco casa non dominante | ospite poco prolifico: rischio 1-0 / 2-0 | v22 monitora possibile sopravvalutazione weak_ga;0.86;5.37;8.06;8.0;10.0;9.6;8.4;6.0;8.0;8.18;2.5.0
2026-07-12;2026-07-12;USA_USLLeagueTwo_Valley_2026;25;Kings Hammer Columbus;Toledo Villa;72.46;MEDIA;FINAL;4;2;6;OK;OK;PRO: difesa trasferta vulnerabile | trend over recente casa | trend over recente trasferta | profilo over interno positivo | profilo over esterno positivo | alta tendenza BTTS || CONTRO: attacco casa non dominante | ospite poco prolifico: rischio 1-0 / 2-0 | v22 monitora possibile sopravvalutazione weak_ga;1.2;8.27;6.5;5.09;10.0;7.2;8.4;10.0;8.0;7.8;2.5.0
2026-07-12;2026-07-12;Australia_NPLNorthernNSW_2026;19;Valentine;Kahibah;72.18;MEDIA;FINAL;3;2;5;OK;OK;PRO: attacco trasferta positivo | difesa trasferta vulnerabile | difesa casa vulnerabile | trend over recente trasferta | profilo over interno positivo | profilo over esterno positivo | alta tendenza BTTS || CONTRO: attacco casa non dominante | v22 monitora possibile sopravvalutazione weak_ga | trend over casa non forte;0.55;5.21;8.86;7.27;10.0;6.0;12.0;6.25;8.75;7.28;2.5.0
2026-07-12;2026-07-12;USA_USLLeagueTwo_SouthCentral_2026;21;Columbus United;East Atlanta;71.02;MEDIA;SCHEDULED;;;;;;PRO: attacco trasferta positivo | difesa trasferta vulnerabile | difesa casa vulnerabile | trend over recente trasferta | profilo over interno positivo | profilo over esterno positivo | alta tendenza BTTS || CONTRO: attacco casa non dominante | v22 monitora possibile sopravvalutazione weak_ga | trend over casa non forte;4.0;8.06;8.86;6.28;10.0;4.8;8.4;6.0;6.0;8.62;2.5.0
2026-07-12;2026-07-12;Australia_NPL_NSW_U20_2026;24;Marconi S. U20;WS Wanderers U20;70.78;MEDIA;FINAL;3;1;4;OK;OK;PRO: attacco casa positivo | attacco trasferta positivo | difesa trasferta vulnerabile | trend over recente casa | profilo over interno positivo | profilo over esterno positivo || CONTRO: v22 monitora possibile sopravvalutazione weak_ga | trend over trasferta non forte | BTTS basso: possibile partita a senso unico;1.2;10.21;11.55;3.8;10.0;7.2;6.0;7.0;7.0;6.82;2.5.0
2026-07-12;2026-07-12;USA_USLLeagueTwo_Southwest_2026;28;Stars FC;Capo;70.77;MEDIA;FINAL;3;3;6;OK;OK;PRO: attacco casa positivo | attacco trasferta positivo | difesa trasferta vulnerabile | trend over recente trasferta | profilo over interno positivo | alta tendenza BTTS || CONTRO: v22 monitora possibile sopravvalutazione weak_ga | trend over casa non forte | profilo over esterno debole;0.86;8.6;13.0;4.96;10.0;6.0;7.2;6.0;5.0;9.16;2.5.0
2026-07-12;2026-07-12;USA_USLLeagueTwo_SouthAtlantic_2026;37;Hickory;Asheville City;70.34;MEDIA;FINAL;0;0;0;KO;KO;PRO: attacco casa positivo | attacco trasferta positivo | trend over recente casa | profilo over interno positivo | profilo over esterno positivo || CONTRO: trend over trasferta non forte | BTTS basso: possibile partita a senso unico;1.2;12.73;10.83;3.64;2.65;10.8;6.0;8.33;8.0;6.15;2.5.0
2026-07-12;2026-07-12;Iceland_BestaDeildKarla_2026;19;Akureyri;Akranes;70.27;MEDIA;FINAL;3;2;5;OK;OK;PRO: attacco casa positivo | difesa trasferta vulnerabile | difesa casa vulnerabile | trend over recente casa | trend over recente trasferta | profilo over esterno positivo | alta tendenza BTTS || CONTRO: ospite poco prolifico: rischio 1-0 / 2-0 | v22 monitora possibile sopravvalutazione weak_ga | profilo over interno debole;0.55;8.64;7.73;7.83;8.74;8.4;8.4;5.0;7.14;7.85;2.5.0
2026-07-12;2026-07-12;Sweden_Allsvenskan_2026;17;Hammarby;Kalmar;69.73;MEDIA;FINAL;2;0;2;KO;KO;PRO: attacco casa positivo | trend over recente casa | trend over recente trasferta | profilo over interno positivo | profilo over esterno positivo || CONTRO: ospite poco prolifico: rischio 1-0 / 2-0 | BTTS basso: possibile partita a senso unico;4.0;12.8;7.52;4.24;6.2;7.2;7.2;8.33;6.0;6.23;2.5.0
2026-07-12;2026-07-12;USA_MLSNextPro_WesternConference_PacificDivision_2026;20;Real Monarchs;Vancouver 2;69.58;MEDIA;FINAL;2;1;3;OK;OK;PRO: attacco casa positivo | difesa trasferta vulnerabile | difesa casa vulnerabile | trend over recente casa | trend over recente trasferta | profilo over interno positivo | profilo over esterno positivo | alta tendenza BTTS || CONTRO: ospite poco prolifico: rischio 1-0 / 2-0 | v22 monitora possibile sopravvalutazione weak_ga;2.0;9.09;7.09;6.43;9.09;7.2;7.2;6.25;6.67;8.55;2.5.0
2026-07-12;2026-07-12;USA_USLLeagueTwo_Chesapeake_2026;27;Lionsbridge;Charlottesville Blues;69.43;MEDIA;SCHEDULED;;;;;;PRO: attacco casa positivo | attacco trasferta positivo | trend over recente casa | trend over recente trasferta | profilo over interno positivo | profilo over esterno positivo || CONTRO: BTTS basso: possibile partita a senso unico;1.2;13.0;10.45;3.36;4.55;9.6;7.2;8.33;6.67;5.08;2.5.0
2026-07-12;2026-07-12;USA_USLLeagueTwo_Mountain_2026;26;Colorado Storm;Albion Colorado;69.07;MEDIA;FINAL;4;0;4;OK;KO;PRO: attacco casa positivo | attacco trasferta positivo | trend over recente casa | trend over recente trasferta | profilo over interno positivo | profilo over esterno positivo || CONTRO: BTTS basso: possibile partita a senso unico;2.0;13.0;12.89;0.99;5.79;7.2;7.2;6.0;8.0;6.0;2.5.0
2026-07-12;2026-07-12;Belarus_PershayaLiga_2026;16;Gomel 2;BumProm Gomel;68.43;MEDIA;FINAL;1;1;2;KO;OK;PRO: attacco casa positivo | attacco trasferta positivo | trend over recente casa | trend over recente trasferta | alta tendenza BTTS || CONTRO: profilo over interno debole | profilo over esterno debole;1.41;9.29;12.24;5.19;6.49;9.6;7.2;5.71;4.0;7.29;2.5.0
2026-07-12;2026-07-12;Australia_QueenslandPremierLeague_2026;20;Sunshine Coast Wanderers;Brisbane Strikers;68.37;MEDIA;FINAL;0;2;2;KO;KO;PRO: attacco casa positivo | attacco trasferta positivo | trend over recente casa | trend over recente trasferta | profilo over esterno positivo || CONTRO: profilo over interno debole | BTTS basso: possibile partita a senso unico;0.55;12.51;13.0;4.71;3.74;8.4;8.4;3.75;6.25;7.06;2.5.0
2026-07-12;2026-07-12;Sweden_Allsvenskan_2026;17;Västerås SK;Degerfors;68.2;MEDIA;FINAL;2;0;2;KO;KO;PRO: attacco casa positivo | difesa trasferta vulnerabile | difesa casa vulnerabile | trend over recente casa | profilo over interno positivo | alta tendenza BTTS || CONTRO: ospite poco prolifico: rischio 1-0 / 2-0 | v22 monitora possibile sopravvalutazione weak_ga | trend over trasferta non forte | profilo over esterno debole;1.6;10.74;6.45;7.6;7.02;9.6;6.0;6.0;5.0;8.18;2.5.0
2026-07-12;2026-07-12;USA_USLLeagueTwo_GreatForest_2026;25;Lorain County Leviathan;Steel City;67.98;MEDIA;SCHEDULED;;;;;;PRO: attacco casa positivo | attacco trasferta positivo | difesa casa vulnerabile | trend over recente casa | profilo over interno positivo || CONTRO: trend over trasferta non forte | profilo over esterno debole | BTTS basso: possibile partita a senso unico;3.0;13.0;10.21;6.28;1.24;12.0;4.8;10.0;2.0;5.45;2.5.0
2026-07-12;2026-07-12;USA_MLSNextPro_WesternConference_CentralDivision_2026;19;Houston Dynamo 2;St. Louis City 2;67.84;MEDIA;FINAL;2;1;3;OK;OK;PRO: attacco casa positivo | attacco trasferta positivo | difesa trasferta vulnerabile | trend over recente casa | trend over recente trasferta | profilo over interno positivo | profilo over esterno positivo || CONTRO: v22 monitora possibile sopravvalutazione weak_ga | BTTS basso: possibile partita a senso unico;2.0;13.0;10.0;1.82;8.39;7.2;7.2;6.0;6.0;6.23;2.5.0
2026-07-12;2026-07-12;Norway_Eliteserien_2026;19;Sarpsborg 08;Viking;66.44;MEDIA;FINAL;1;0;1;KO;KO;PRO: attacco trasferta positivo | difesa casa vulnerabile | trend over recente casa | trend over recente trasferta | profilo over esterno positivo | alta tendenza BTTS || CONTRO: attacco casa non dominante | profilo over interno debole;2.4;6.98;13.0;5.29;4.55;7.2;9.6;4.0;6.0;7.42;2.5.0
2026-07-12;2026-07-12;USA_USLLeagueTwo_Valley_2026;25;Northern Indiana;Dayton;65.75;MEDIA;FINAL;3;2;5;OK;OK;PRO: attacco casa positivo | difesa trasferta vulnerabile | trend over recente casa | profilo over interno positivo || CONTRO: ospite poco prolifico: rischio 1-0 / 2-0 | v22 monitora possibile sopravvalutazione weak_ga | trend over trasferta non forte | profilo over esterno debole | BTTS basso: possibile partita a senso unico;1.2;10.64;7.09;5.09;7.73;8.4;6.0;8.0;5.0;6.6;2.5.0
2026-07-12;2026-07-12;USA_USLLeagueTwo_Southeast_2026;25;Nona;Inter Gainesville;65.47;MEDIA;FINAL;2;2;4;OK;OK;PRO: attacco casa positivo | difesa trasferta vulnerabile | trend over recente trasferta | profilo over esterno positivo || CONTRO: ospite poco prolifico: rischio 1-0 / 2-0 | v22 monitora possibile sopravvalutazione weak_ga | trend over casa non forte | profilo over interno debole | BTTS basso: possibile partita a senso unico;4.8;11.82;5.91;2.42;8.52;6.67;7.5;4.0;7.5;6.33;2.5.0
2026-07-12;2026-07-12;Bolivia_DivisionProfesional_2026;12;The Strongest;Bolivar;65.36;MEDIA;FINAL;1;1;2;KO;OK;PRO: attacco casa positivo | attacco trasferta positivo | trend over recente trasferta | profilo over interno positivo || CONTRO: trend over casa non forte | profilo over esterno debole | BTTS basso: possibile partita a senso unico;0.8;10.13;13.0;3.12;5.11;6.86;7.5;6.67;5.0;7.18;2.5.0
2026-07-12;2026-07-12;USA_MLSNextPro_WesternConference_PacificDivision_2026;20;Los Angeles FC 2;Portland Timbers 2;65.1;MEDIA;FINAL;0;0;0;KO;KO;PRO: attacco casa positivo | difesa trasferta vulnerabile | difesa casa vulnerabile | trend over recente casa | trend over recente trasferta | profilo over interno positivo | alta tendenza BTTS || CONTRO: ospite poco prolifico: rischio 1-0 / 2-0 | v22 monitora possibile sopravvalutazione weak_ga | profilo over esterno debole;2.0;10.83;7.52;6.06;6.61;8.4;7.2;6.25;2.5;7.73;2.5.0
2026-07-12;2026-07-12;USA_USLLeagueTwo_SouthCentral_2026;21;Dothan United;Apotheos;64.21;MEDIA;SCHEDULED;;;;;;PRO: attacco casa positivo | difesa trasferta vulnerabile | profilo over interno positivo | profilo over esterno positivo || CONTRO: ospite poco prolifico: rischio 1-0 / 2-0 | v22 monitora possibile sopravvalutazione weak_ga | trend over casa non forte | trend over trasferta non forte | BTTS basso: possibile partita a senso unico;3.0;12.89;5.91;2.64;8.68;6.0;6.0;6.0;6.0;7.09;2.5.0
2026-07-12;2026-07-12;USA_USLLeagueTwo_Chesapeake_2026;27;Patuxent;Virginia Beach;64.07;MEDIA;FINAL;0;4;4;OK;KO;PRO: attacco trasferta positivo | difesa casa vulnerabile | trend over recente trasferta | profilo over interno positivo || CONTRO: attacco casa non dominante | trend over casa non forte | profilo over esterno debole | BTTS basso: possibile partita a senso unico;5.4;1.48;12.73;8.0;5.94;6.0;7.2;6.67;5.0;5.65;2.5.0
2026-07-12;2026-07-12;USA_MLSNextPro_EasternConference_SoutheastDivision_2026;18;Carolina Core;Chattanooga;63.99;MEDIA;FINAL;1;1;2;KO;OK;PRO: attacco trasferta positivo | difesa trasferta vulnerabile | trend over recente trasferta | profilo over esterno positivo || CONTRO: attacco casa non dominante | v22 monitora possibile sopravvalutazione weak_ga | trend over casa non forte | profilo over interno debole | BTTS basso: possibile partita a senso unico;2.57;5.91;11.42;4.76;7.88;4.8;7.2;4.29;8.33;6.83;2.5.0
2026-07-12;2026-07-12;Norway_Eliteserien_2026;19;KFUM Oslo;Bodo/Glimt;62.05;MEDIA;FINAL;0;2;2;KO;KO;PRO: attacco trasferta positivo | difesa casa vulnerabile | trend over recente casa | trend over recente trasferta | profilo over esterno positivo || CONTRO: attacco casa non dominante | profilo over interno debole | BTTS basso: possibile partita a senso unico;3.6;6.45;13.0;5.62;4.55;7.2;8.4;1.67;6.67;4.91;2.5.0
2026-07-12;2026-07-12;Somalia_NationalLeague_2026;19;Jubba;Dekedaha;61.82;MEDIA;FINAL;1;7;8;OK;OK;PRO: attacco trasferta positivo | difesa casa vulnerabile | trend over recente casa | profilo over interno positivo || CONTRO: attacco casa non dominante | trend over trasferta non forte | profilo over esterno debole | BTTS basso: possibile partita a senso unico;2.73;3.48;11.82;8.0;4.81;8.4;4.8;7.14;5.0;5.65;2.5.0
2026-07-12;2026-07-12;Australia_NPLNSW_2026;24;Marconi;WS Wanderers U21;61.34;MEDIA;FINAL;3;0;3;OK;KO;PRO: attacco casa positivo | attacco trasferta positivo | trend over recente trasferta | profilo over esterno positivo || CONTRO: trend over casa non forte | profilo over interno debole | BTTS basso: possibile partita a senso unico;2.8;11.28;11.28;2.31;6.4;2.4;8.4;3.0;8.0;5.45;2.5.0
2026-07-12;2026-07-12;USA_USLLeagueTwo_Ranger_2026;21;Lubbock Matadors;West Texas;60.61;MEDIA;FINAL;0;2;2;KO;KO;PRO: attacco trasferta positivo | difesa trasferta vulnerabile | trend over recente trasferta | profilo over interno positivo || CONTRO: attacco casa non dominante | v22 monitora possibile sopravvalutazione weak_ga | trend over casa non forte | profilo over esterno debole | BTTS basso: possibile partita a senso unico;1.2;6.5;9.19;3.64;8.08;6.0;8.0;6.0;5.0;7.0;2.5.0
2026-07-12;2026-07-12;Kazakhstan_PremierLeague_2026;27;Tobol;Okzhetpes;60.01;MEDIA;FINAL;3;1;4;OK;OK;PRO: difesa casa vulnerabile | alta tendenza BTTS || CONTRO: attacco casa non dominante | ospite poco prolifico: rischio 1-0 / 2-0 | trend over casa non forte | trend over trasferta non forte | profilo over interno debole | profilo over esterno debole;4.0;5.91;7.76;5.45;5.97;6.0;6.0;5.71;5.71;7.5;2.5.0
2026-07-12;2026-07-12;USA_USLLeagueTwo_GreatPlains_2026;20;Menace;St. Louis Ambush;59.81;BASSA;FINAL;3;1;4;OK;OK;PRO: attacco casa positivo | attacco trasferta positivo | profilo over interno positivo | alta tendenza BTTS || CONTRO: trend over casa non forte | trend over trasferta non forte | profilo over esterno debole;1.2;8.86;9.45;4.73;6.36;6.0;6.0;6.0;4.0;7.2;2.5.0
2026-07-12;2026-07-12;Bolivia_DivisionProfesional_2026;12;Real Potosi;Nacional Potosi;59.07;BASSA;FINAL;1;1;2;KO;OK;PRO: profilo over interno positivo | profilo over esterno positivo || CONTRO: attacco casa non dominante | ospite poco prolifico: rischio 1-0 / 2-0 | trend over casa non forte | trend over trasferta non forte | BTTS basso: possibile partita a senso unico;2.8;5.91;8.12;4.16;5.11;5.14;6.0;7.5;8.0;6.32;2.5.0
2026-07-12;2026-07-12;Australia_NPLVictoria_2026;21;St Albans;George Cross;57.79;BASSA;FINAL;2;2;4;OK;OK;PRO: difesa casa vulnerabile | trend over recente casa || CONTRO: attacco casa non dominante | ospite poco prolifico: rischio 1-0 / 2-0 | trend over trasferta non forte | profilo over interno debole | profilo over esterno debole | BTTS basso: possibile partita a senso unico;0.92;6.53;7.78;6.51;6.22;7.2;6.0;5.56;4.44;6.63;2.5.0
2026-07-12;2026-07-12;USA_MLSNextPro_WesternConference_CentralDivision_2026;19;Colorado Rapids 2;North Texas;56.89;BASSA;FINAL;1;0;1;KO;KO;PRO: attacco trasferta positivo | difesa casa vulnerabile || CONTRO: attacco casa non dominante | trend over casa non forte | trend over trasferta non forte | profilo over interno debole | profilo over esterno debole | BTTS basso: possibile partita a senso unico;3.0;4.43;11.23;7.88;5.45;6.0;6.0;5.0;2.0;5.9;2.5.0
2026-07-12;2026-07-12;USA_USLLeagueTwo_MidSouth_2026;19;Memphis FC;Jackson Boom;56.63;BASSA;FINAL;4;2;6;OK;OK;PRO: difesa trasferta vulnerabile | difesa casa vulnerabile | trend over recente casa | trend over recente trasferta | profilo over interno positivo || CONTRO: attacco casa non dominante | ospite poco prolifico: rischio 1-0 / 2-0 | v22 monitora possibile sopravvalutazione weak_ga | profilo over esterno debole | BTTS basso: possibile partita a senso unico;2.0;7.52;1.07;7.27;10.0;7.2;7.2;6.0;4.0;4.36;2.5.0
2026-07-12;2026-07-12;Norway_Eliteserien_2026;19;Sandefjord;HamKam;55.41;BASSA;FINAL;2;2;4;OK;OK;PRO: attacco trasferta positivo | difesa trasferta vulnerabile | trend over recente trasferta | profilo over esterno positivo || CONTRO: attacco casa non dominante | v22 monitora possibile sopravvalutazione weak_ga | trend over casa non forte | profilo over interno debole | BTTS basso: possibile partita a senso unico;0.8;5.37;10.05;4.3;7.27;4.8;8.4;0.0;7.5;6.93;2.5.0
2026-07-12;2026-07-12;Sweden_Allsvenskan_2026;17;GAIS;Elfsborg;55.29;BASSA;FINAL;1;0;1;KO;KO;PRO: attacco casa positivo | trend over recente casa | profilo over esterno positivo | alta tendenza BTTS || CONTRO: ospite poco prolifico: rischio 1-0 / 2-0 | trend over trasferta non forte | profilo over interno debole;1.2;8.6;8.37;3.64;4.92;7.2;4.8;3.33;6.0;7.23;2.5.0
2026-07-12;2026-07-12;Lithuania_Toplyga_2026;24;Transinvest;Banga;53.13;BASSA;FINAL;1;3;4;OK;OK;PRO: attacco casa positivo | attacco trasferta positivo | trend over recente casa || CONTRO: trend over trasferta non forte | profilo over interno debole | profilo over esterno debole | BTTS basso: possibile partita a senso unico;0.67;10.51;8.54;4.24;2.78;9.6;4.8;5.56;1.11;5.33;2.5.0
2026-07-12;2026-07-12;Australia_NPLNSW_2026;24;Sydney Utd;Rockdale Ilinden;51.11;BASSA;FINAL;1;0;1;KO;KO;PRO: attacco casa positivo | attacco trasferta positivo || CONTRO: trend over casa non forte | trend over trasferta non forte | profilo over interno debole | profilo over esterno debole | BTTS basso: possibile partita a senso unico;0.4;8.86;9.67;2.81;6.4;3.6;6.0;2.73;5.45;5.18;2.5.0
2026-07-12;2026-07-12;Norway_Eliteserien_2026;19;Rosenborg;Kristiansund;47.92;BASSA;FINAL;3;0;3;OK;KO;PRO: difesa trasferta vulnerabile | difesa casa vulnerabile || CONTRO: attacco casa non dominante | ospite poco prolifico: rischio 1-0 / 2-0 | v22 monitora possibile sopravvalutazione weak_ga | trend over casa non forte | trend over trasferta non forte | profilo over interno debole | profilo over esterno debole | BTTS basso: possibile partita a senso unico;0.4;4.83;5.91;5.95;7.44;4.8;4.8;5.0;3.33;5.45;2.5.0
2026-07-12;2026-07-12;Kazakhstan_PremierLeague_2026;27;Atyrau;Yelimay Semey;47.23;BASSA;SCHEDULED;;;;;;PRO: attacco trasferta positivo | trend over recente trasferta || CONTRO: attacco casa non dominante | trend over casa non forte | profilo over interno debole | profilo over esterno debole | BTTS basso: possibile partita a senso unico;1.6;4.43;8.86;2.95;5.4;3.6;7.2;1.43;5.0;6.75;2.5.0
2026-07-12;2026-07-12;Belarus_VysshayaLiga_2026;16;Arsenal Dzerzhinsk;Vitebsk;46.99;BASSA;FINAL;0;3;3;OK;KO;PRO: nessun indicatore over forte || CONTRO: attacco casa non dominante | ospite poco prolifico: rischio 1-0 / 2-0 | trend over casa non forte | trend over trasferta non forte | profilo over interno debole | profilo over esterno debole | BTTS basso: possibile partita a senso unico;0.4;7.73;5.49;4.76;5.19;6.0;4.8;4.0;2.86;5.77;2.5.0
2026-07-12;2026-07-12;Kazakhstan_PremierLeague_2026;27;FC Astana;Aktobe;43.98;BASSA;FINAL;3;2;5;OK;OK;PRO: nessun indicatore over forte || CONTRO: attacco casa non dominante | ospite poco prolifico: rischio 1-0 / 2-0 | trend over casa non forte | trend over trasferta non forte | profilo over interno debole | profilo over esterno debole | BTTS basso: possibile partita a senso unico;0.4;8.12;7.39;3.86;4.26;4.8;3.6;5.0;1.67;4.88;2.5.0
2026-07-12;2026-07-12;Kazakhstan_PremierLeague_2026;27;Ulytau;Kaisar;41.2;BASSA;FINAL;1;0;1;KO;KO;PRO: trend over recente trasferta || CONTRO: attacco casa non dominante | ospite poco prolifico: rischio 1-0 / 2-0 | trend over casa non forte | profilo over interno debole | profilo over esterno debole | BTTS basso: possibile partita a senso unico;1.2;4.8;4.52;3.41;5.08;2.4;7.2;2.5;4.29;5.8;2.5.0
2026-07-12;2026-07-12;USA_MLSNextPro_EasternConference_SoutheastDivision_2026;18;Crown Legacy;New York City II;39.55;BASSA;FINAL;0;3;3;OK;KO;PRO: attacco casa positivo | trend over recente casa || CONTRO: ospite poco prolifico: rischio 1-0 / 2-0 | trend over trasferta non forte | profilo over interno debole | profilo over esterno debole | BTTS basso: possibile partita a senso unico;6.0;13.0;0.0;4.85;0.0;7.2;0.0;5.0;0.0;3.5;2.5.0
2026-07-12;2026-07-13;USA_USLLeagueTwo_NorCal_2026;29;San Juan;Marin;86.07;ALTA;FINAL;4;1;5;OK;OK;PRO: attacco trasferta positivo | difesa trasferta vulnerabile | difesa casa vulnerabile | trend over recente casa | trend over recente trasferta | profilo over interno positivo | profilo over esterno positivo | alta tendenza BTTS || CONTRO: attacco casa non dominante | v22 monitora possibile sopravvalutazione weak_ga;0.86;7.73;11.33;8.0;10.0;10.8;10.8;8.33;10.0;8.23;2.5.0
2026-07-12;2026-07-13;Iceland_BestaDeildKarla_2026;19;Breidablik;Keflavik;84.74;ALTA;FINAL;2;1;3;OK;OK;PRO: attacco casa positivo | difesa trasferta vulnerabile | difesa casa vulnerabile | trend over recente casa | trend over recente trasferta | profilo over interno positivo | profilo over esterno positivo | alta tendenza BTTS || CONTRO: ospite poco prolifico: rischio 1-0 / 2-0 | v22 monitora possibile sopravvalutazione weak_ga;2.18;13.0;8.37;6.99;8.71;12.0;7.2;8.33;8.33;9.62;2.5.0
2026-07-12;2026-07-13;USA_USLLeagueTwo_SouthAtlantic_2026;37;Appalachian;SC United Bantams;80.49;ALTA;FINAL;1;0;1;KO;KO;PRO: attacco casa positivo | attacco trasferta positivo | difesa trasferta vulnerabile | trend over recente casa | trend over recente trasferta | profilo over interno positivo | profilo over esterno positivo | alta tendenza BTTS || CONTRO: v22 monitora possibile sopravvalutazione weak_ga;1.8;13.0;10.45;3.64;9.09;8.4;9.6;8.33;8.33;7.85;2.5.0
2026-07-12;2026-07-13;USA_USLLeagueTwo_Northwest_2026;34;Bigfoot;Midlakes United;77.67;ALTA;FINAL;1;4;5;OK;OK;PRO: attacco trasferta positivo | difesa trasferta vulnerabile | difesa casa vulnerabile | trend over recente casa | trend over recente trasferta | profilo over interno positivo | profilo over esterno positivo || CONTRO: attacco casa non dominante | v22 monitora possibile sopravvalutazione weak_ga | BTTS basso: possibile partita a senso unico;2.57;6.89;9.09;8.0;8.39;9.6;9.6;8.0;8.33;7.19;2.5.0
2026-07-12;2026-07-13;USA_MLSNextPro_EasternConference_NortheastDivision_2026;19;Connecticut FC;Toronto FC II;75.3;ALTA;FINAL;3;2;5;OK;OK;PRO: attacco casa positivo | attacco trasferta positivo | difesa trasferta vulnerabile | difesa casa vulnerabile | trend over recente casa | trend over recente trasferta | profilo over interno positivo | alta tendenza BTTS || CONTRO: v22 monitora possibile sopravvalutazione weak_ga | profilo over esterno debole;0.86;9.55;9.29;6.15;9.09;9.6;10.8;6.67;5.71;7.58;2.5.0
2026-07-12;2026-07-13;Australia_VictoriaPremierLeague_2026;21;Bulleen;Brunswick City;75.21;ALTA;FINAL;1;1;2;KO;OK;PRO: attacco casa positivo | attacco trasferta positivo | difesa trasferta vulnerabile | trend over recente casa | trend over recente trasferta | profilo over esterno positivo | alta tendenza BTTS || CONTRO: v22 monitora possibile sopravvalutazione weak_ga | profilo over interno debole;2.31;9.95;11.82;4.98;9.33;7.2;8.4;5.56;7.78;7.89;2.5.0
2026-07-12;2026-07-13;USA_USLLeagueTwo_Heartland_2026;25;RKC SC;River Light;73.28;MEDIA;SCHEDULED;;;;;;PRO: attacco trasferta positivo | difesa trasferta vulnerabile | difesa casa vulnerabile | trend over recente trasferta | profilo over esterno positivo | alta tendenza BTTS || CONTRO: attacco casa non dominante | v22 monitora possibile sopravvalutazione weak_ga | trend over casa non forte | profilo over interno debole;1.5;7.52;13.0;5.95;8.59;6.0;9.33;4.0;10.0;7.39;2.5.0
2026-07-12;2026-07-13;Estonia_Esiliiga_2026;21;Maardu;Tartu Welco;71.95;MEDIA;FINAL;1;8;9;OK;OK;PRO: attacco casa positivo | attacco trasferta positivo | difesa casa vulnerabile | trend over recente casa | trend over recente trasferta | alta tendenza BTTS || CONTRO: profilo over interno debole | profilo over esterno debole;3.33;8.54;13.0;7.68;5.81;8.4;7.2;5.56;4.44;8.0;2.5.0
2026-07-12;2026-07-13;USA_MLSNextPro_EasternConference_SoutheastDivision_2026;18;Cincinnati 2;Orlando City B;71.38;MEDIA;SCHEDULED;;;;;;PRO: attacco trasferta positivo | difesa trasferta vulnerabile | difesa casa vulnerabile | trend over recente casa | trend over recente trasferta | profilo over esterno positivo || CONTRO: attacco casa non dominante | v22 monitora possibile sopravvalutazione weak_ga | profilo over interno debole | BTTS basso: possibile partita a senso unico;6.0;0.0;13.0;8.0;8.04;12.0;10.8;0.0;8.0;5.54;2.5.0
2026-07-12;2026-07-13;USA_MLSNextPro_WesternConference_CentralDivision_2026;19;Austin FC II;Minnesota 2;71.06;MEDIA;FINAL;2;3;5;OK;OK;PRO: attacco casa positivo | attacco trasferta positivo | difesa trasferta vulnerabile | trend over recente trasferta | profilo over interno positivo | profilo over esterno positivo || CONTRO: v22 monitora possibile sopravvalutazione weak_ga | trend over casa non forte | BTTS basso: possibile partita a senso unico;2.0;13.0;10.83;2.8;8.71;6.0;7.2;6.25;8.0;6.27;2.5.0
2026-07-12;2026-07-13;USA_USLLeagueTwo_NorCal_2026;29;Academica SC;Glens SC;69.37;MEDIA;FINAL;2;1;3;OK;OK;PRO: attacco casa positivo | difesa casa vulnerabile | trend over recente casa | profilo over interno positivo | profilo over esterno positivo | alta tendenza BTTS || CONTRO: ospite poco prolifico: rischio 1-0 / 2-0 | trend over trasferta non forte;0.86;12.31;5.91;8.0;6.06;9.6;4.8;8.33;6.0;7.5;2.5.0
2026-07-12;2026-07-13;Bhutan_PremierLeague_2026;10;Ugyen Academy;Transport United;68.78;MEDIA;FINAL;0;1;1;KO;KO;PRO: attacco trasferta positivo | difesa casa vulnerabile | trend over recente casa | trend over recente trasferta | profilo over interno positivo || CONTRO: attacco casa non dominante | profilo over esterno debole | BTTS basso: possibile partita a senso unico;4.67;5.17;8.86;8.0;6.25;9.0;7.5;10.0;3.33;6.0;2.5.0
2026-07-12;2026-07-13;Finland_Kakkonen_GroupB_2026;13;Honka;HJS;68.46;MEDIA;FINAL;1;1;2;KO;OK;PRO: attacco casa positivo | attacco trasferta positivo | trend over recente casa | profilo over interno positivo | profilo over esterno positivo || CONTRO: trend over trasferta non forte | BTTS basso: possibile partita a senso unico;1.33;13.0;9.67;2.64;6.2;8.4;6.0;8.0;6.67;6.55;2.5.0
2026-07-12;2026-07-13;USA_USLLeagueTwo_Northwest_2026;34;Ballard;Snohomish United;67.88;MEDIA;FINAL;4;0;4;OK;KO;PRO: attacco casa positivo | attacco trasferta positivo | trend over recente casa | trend over recente trasferta | profilo over interno positivo | profilo over esterno positivo || CONTRO: BTTS basso: possibile partita a senso unico || CONTRO V25: v25: sfida equilibrata di alta classifica (gap punti 0.0, gap PPG 0.00) con difesa casa sotto 1 gol subito a partita | v25 extra: difesa stagionale molto solida (0.77 GA per partita);0.86;13.0;13.0;2.8;4.9;8.4;10.8;8.33;8.33;6.46;2.5.0
2026-07-12;2026-07-13;USA_USLLeagueTwo_Southeast_2026;25;Brave SC;Shark Coast;67.3;MEDIA;FINAL;2;1;3;OK;OK;PRO: attacco casa positivo | difesa trasferta vulnerabile | trend over recente casa | profilo over interno positivo | alta tendenza BTTS || CONTRO: ospite poco prolifico: rischio 1-0 / 2-0 | v22 monitora possibile sopravvalutazione weak_ga | trend over trasferta non forte | profilo over esterno debole;4.8;11.82;7.09;2.91;8.18;7.2;6.0;7.5;4.0;7.8;2.5.0
2026-07-12;2026-07-13;Somalia_NationalLeague_2026;19;Gaadiidka;Jeenyo;66.91;MEDIA;FINAL;2;0;2;KO;KO;PRO: attacco casa positivo | attacco trasferta positivo | difesa trasferta vulnerabile | trend over recente casa | profilo over interno positivo | alta tendenza BTTS || CONTRO: v22 monitora possibile sopravvalutazione weak_ga | trend over trasferta non forte | profilo over esterno debole;2.73;13.0;10.43;3.18;7.49;7.2;4.8;7.14;3.33;7.61;2.5.0
2026-07-12;2026-07-13;Bolivia_DivisionProfesional_2026;13;Tomayapo;Independiente;66.28;MEDIA;FINAL;2;1;3;OK;OK;PRO: attacco trasferta positivo | difesa casa vulnerabile | trend over recente trasferta | profilo over esterno positivo || CONTRO: attacco casa non dominante | trend over casa non forte | profilo over interno debole | BTTS basso: possibile partita a senso unico;4.0;4.6;9.29;8.0;6.49;6.67;10.29;0.0;10.0;6.95;2.5.0
2026-07-12;2026-07-13;Sweden_Allsvenskan_2026;18;Djurgarden;Halmstad;65.89;MEDIA;FINAL;3;0;3;OK;KO;PRO: attacco casa positivo | difesa trasferta vulnerabile | difesa casa vulnerabile | trend over recente casa | profilo over interno positivo | alta tendenza BTTS || CONTRO: ospite poco prolifico: rischio 1-0 / 2-0 | v22 monitora possibile sopravvalutazione weak_ga | trend over trasferta non forte | profilo over esterno debole;2.0;12.47;5.37;5.25;9.5;8.0;4.8;6.67;4.0;7.82;2.5.0
2026-07-12;2026-07-13;Iceland_Division_1_2026;20;Vestri;Fylkir;65.05;MEDIA;FINAL;2;5;7;OK;OK;PRO: attacco casa positivo | attacco trasferta positivo | difesa casa vulnerabile | trend over recente trasferta | profilo over interno positivo || CONTRO: trend over casa non forte | profilo over esterno debole | BTTS basso: possibile partita a senso unico;1.09;10.0;11.33;5.59;6.44;6.0;7.2;6.67;5.0;5.73;2.5.0
2026-07-12;2026-07-13;USA_USLLeagueTwo_SouthFlorida_2026;19;Weston;Miami;61.37;MEDIA;FINAL;4;1;5;OK;OK;PRO: attacco casa positivo | attacco trasferta positivo | difesa trasferta vulnerabile | difesa casa vulnerabile | trend over recente casa | profilo over interno positivo || CONTRO: v22 monitora possibile sopravvalutazione weak_ga | trend over trasferta non forte | profilo over esterno debole | BTTS basso: possibile partita a senso unico;1.2;10.05;8.54;5.82;7.07;7.2;6.67;6.0;2.5;6.33;2.5.0
2026-07-12;2026-07-13;Australia_SAStateLeague_2026;19;Blue Eagles;Modbury;59.64;BASSA;FINAL;3;1;4;OK;OK;PRO: attacco casa positivo | attacco trasferta positivo | difesa casa vulnerabile | trend over recente casa || CONTRO: trend over trasferta non forte | profilo over interno debole | profilo over esterno debole | BTTS basso: possibile partita a senso unico;0.55;10.34;11.08;5.45;3.69;8.4;4.8;5.71;2.86;6.75;2.5.0
2026-07-12;2026-07-13;USA_USLLeagueTwo_SouthFlorida_2026;19;Lakeland United;Fort Lauderdale;56.29;BASSA;FINAL;0;1;1;KO;KO;PRO: attacco casa positivo | attacco trasferta positivo | profilo over esterno positivo || CONTRO: trend over casa non forte | trend over trasferta non forte | profilo over interno debole | BTTS basso: possibile partita a senso unico;1.2;11.82;11.28;4.63;1.65;4.8;6.0;4.0;6.0;4.91;2.5.0
2026-07-12;2026-07-13;USA_MLSNextPro_WesternConference_PacificDivision_2026;20;San Jose Earthquakes II;Tacoma Defiance;52.13;BASSA;FINAL;0;1;1;KO;KO;PRO: attacco casa positivo | trend over recente casa | profilo over interno positivo || CONTRO: ospite poco prolifico: rischio 1-0 / 2-0 | trend over trasferta non forte | profilo over esterno debole | BTTS basso: possibile partita a senso unico;2.0;12.89;7.22;3.97;3.03;7.2;4.0;6.0;0.0;5.82;2.5.0
2026-07-13;2026-07-14;Australia_NPLQueenslandU23_2026;20;Moreton City Excelsior U23;QLD State Team U17;89.34;ALTA;SCHEDULED;;;;;;PRO: attacco casa positivo | attacco trasferta positivo | difesa trasferta vulnerabile | trend over recente casa | trend over recente trasferta | profilo over interno positivo | profilo over esterno positivo | alta tendenza BTTS || CONTRO: v22 monitora possibile sopravvalutazione weak_ga;3.27;13.0;12.51;5.13;10.0;10.8;10.8;7.5;7.5;8.82;2.5.0
2026-07-13;2026-07-14;Iceland_Division_1_2026;21;Kopavogur;IR Reykjavik;82.64;ALTA;SCHEDULED;;;;;;PRO: attacco casa positivo | attacco trasferta positivo | difesa trasferta vulnerabile | difesa casa vulnerabile | trend over recente casa | trend over recente trasferta | profilo over interno positivo | profilo over esterno positivo | alta tendenza BTTS || CONTRO: v22 monitora possibile sopravvalutazione weak_ga;2.73;11.36;10.55;6.43;10.0;7.2;8.4;6.67;10.0;9.3;2.5.0
2026-07-13;2026-07-14;Finland_Kakkonen_GroupB_2026;13;Ilves 2;GrIFK;71.82;MEDIA;SCHEDULED;;;;;;PRO: attacco casa positivo | difesa trasferta vulnerabile | difesa casa vulnerabile | trend over recente casa | profilo over interno positivo | profilo over esterno positivo | alta tendenza BTTS || CONTRO: ospite poco prolifico: rischio 1-0 / 2-0 | v22 monitora possibile sopravvalutazione weak_ga | trend over trasferta non forte;1.33;13.0;7.52;5.82;7.02;8.4;6.0;7.5;6.0;9.22;2.5.0
2026-07-13;2026-07-14;Somalia_NationalLeague_2026;20;Mogadishu City;Badbaado;68.91;MEDIA;SCHEDULED;;;;;;PRO: attacco casa positivo | attacco trasferta positivo | difesa trasferta vulnerabile | trend over recente trasferta | profilo over esterno positivo || CONTRO: v22 monitora possibile sopravvalutazione weak_ga | trend over casa non forte | profilo over interno debole | BTTS basso: possibile partita a senso unico;2.18;11.47;10.34;2.14;7.39;4.8;10.8;5.0;8.57;6.22;2.5.0
2026-07-13;2026-07-14;Iceland_Division_1_2026;21;Grotta;Grindavik;68.52;MEDIA;SCHEDULED;;;;;;PRO: attacco casa positivo | difesa casa vulnerabile | trend over recente casa | profilo over interno positivo | alta tendenza BTTS || CONTRO: ospite poco prolifico: rischio 1-0 / 2-0 | trend over trasferta non forte | profilo over esterno debole;1.09;10.83;5.91;7.58;5.94;9.6;4.8;10.0;5.0;7.77;2.5.0
2026-07-13;2026-07-14;Bhutan_PremierLeague_2026;10;BFF Academy U19;Drukpa;67.26;MEDIA;SCHEDULED;;;;;;PRO: attacco casa positivo | attacco trasferta positivo | difesa casa vulnerabile | trend over recente casa | alta tendenza BTTS || CONTRO: trend over trasferta non forte | profilo over interno debole | profilo over esterno debole;0.67;11.08;9.6;7.73;5.68;7.5;6.0;5.0;5.0;9.0;2.5.0
2026-07-13;2026-07-14;Kyrgyzstan_PremierLiga_2026;17;Muras United;Bars;66.39;MEDIA;SCHEDULED;;;;;;PRO: attacco casa positivo | attacco trasferta positivo | trend over recente trasferta | profilo over esterno positivo | alta tendenza BTTS || CONTRO: trend over casa non forte | profilo over interno debole || CONTRO V25: v25: sfida equilibrata di alta classifica (gap punti 1.0, gap PPG 0.07) con difesa casa sotto 1 gol subito a partita;0.4;13.0;13.0;3.12;6.17;6.0;10.8;3.33;8.0;8.57;2.5.0
2026-07-14;2026-07-14;Australia_NPLNorthernNSW_2026;20;Kahibah;Maitland;85.29;ALTA;SCHEDULED;;;;;;PRO: attacco casa positivo | attacco trasferta positivo | difesa trasferta vulnerabile | difesa casa vulnerabile | trend over recente casa | trend over recente trasferta | profilo over interno positivo | profilo over esterno positivo | alta tendenza BTTS || CONTRO: v22 monitora possibile sopravvalutazione weak_ga;3.82;9.04;11.47;8.0;7.49;12.0;8.4;8.75;7.5;8.82;2.5.0
2026-07-14;2026-07-14;Finland_Kakkonen_GroupC_2026;14;GBK Kokkola;Narpes Kraft;85.04;ALTA;SCHEDULED;;;;;;PRO: attacco casa positivo | attacco trasferta positivo | difesa trasferta vulnerabile | difesa casa vulnerabile | trend over recente casa | trend over recente trasferta | profilo over esterno positivo || CONTRO: v22 monitora possibile sopravvalutazione weak_ga | profilo over interno debole | BTTS basso: possibile partita a senso unico;1.33;13.0;13.0;6.97;10.0;8.4;12.0;3.33;10.0;7.0;2.5.0
2026-07-14;2026-07-14;Australia_NPLNorthernNSW_2026;20;Charlestown Azzurri;Weston Bears;83.49;ALTA;SCHEDULED;;;;;;PRO: attacco trasferta positivo | difesa trasferta vulnerabile | difesa casa vulnerabile | trend over recente casa | trend over recente trasferta | profilo over interno positivo | profilo over esterno positivo | alta tendenza BTTS || CONTRO: attacco casa non dominante | v22 monitora possibile sopravvalutazione weak_ga;4.91;8.34;11.82;8.0;7.75;10.8;8.4;7.5;7.5;8.47;2.5.0
2026-07-14;2026-07-14;Bolivia_DivisionProfesional_2026;13;Real Oruro;Always Ready;76.31;ALTA;SCHEDULED;;;;;;PRO: attacco casa positivo | attacco trasferta positivo | difesa casa vulnerabile | trend over recente casa | profilo over interno positivo | alta tendenza BTTS || CONTRO: trend over trasferta non forte | profilo over esterno debole;2.8;12.56;10.34;7.27;2.84;10.5;6.0;10.0;5.0;9.0;2.5.0
2026-07-14;2026-07-14;Bolivia_DivisionProfesional_2026;13;Blooming;GV San Jose;74.69;MEDIA;SCHEDULED;;;;;;PRO: attacco casa positivo | difesa trasferta vulnerabile | trend over recente casa | trend over recente trasferta | profilo over interno positivo | profilo over esterno positivo | alta tendenza BTTS || CONTRO: ospite poco prolifico: rischio 1-0 / 2-0 | v22 monitora possibile sopravvalutazione weak_ga;4.4;10.34;6.65;4.55;9.09;7.5;9.0;6.67;7.5;9.0;2.5.0
2026-07-14;2026-07-14;Bhutan_PremierLeague_2026;10;Tensung;Thimphu City;53.44;BASSA;SCHEDULED;;;;;;PRO: attacco trasferta positivo | difesa casa vulnerabile | trend over recente trasferta | profilo over esterno positivo || CONTRO: attacco casa non dominante | trend over casa non forte | profilo over interno debole | BTTS basso: possibile partita a senso unico;4.0;2.22;13.0;6.82;3.41;4.5;7.5;0.0;7.5;4.5;2.5.0
2026-07-14;2026-07-14;USA_USLLeagueTwo_MidAtlantic_2026;30;LVU Rush;Appalachian;48.02;BASSA;SCHEDULED;;;;;;PRO: attacco casa positivo | trend over recente casa | profilo over interno positivo || CONTRO: ospite poco prolifico: rischio 1-0 / 2-0 | trend over trasferta non forte | profilo over esterno debole | BTTS basso: possibile partita a senso unico;6.0;13.0;0.0;5.03;0.0;10.8;0.0;8.57;0.0;4.62;2.5.0
2026-07-14;2026-07-14;USA_USLLeagueTwo_Northeast_2026;32;NEFC;Ironbound SC;47.68;BASSA;SCHEDULED;;;;;;PRO: attacco casa positivo | difesa casa vulnerabile | trend over recente casa | profilo over interno positivo || CONTRO: ospite poco prolifico: rischio 1-0 / 2-0 | trend over trasferta non forte | profilo over esterno debole | BTTS basso: possibile partita a senso unico;6.0;13.0;0.0;5.45;0.0;10.8;0.0;8.57;0.0;3.86;2.5.0
2026-07-14;2026-07-14;Finland_Ykkosliiga_2026;16;Jippo;Mikkeli;39.64;BASSA;SCHEDULED;;;;;;PRO: nessun indicatore over forte || CONTRO: attacco casa non dominante | ospite poco prolifico: rischio 1-0 / 2-0 | trend over casa non forte | trend over trasferta non forte | profilo over interno debole | profilo over esterno debole | BTTS basso: possibile partita a senso unico;1.33;8.02;5.45;2.6;4.9;4.8;4.8;1.43;1.43;4.88;2.5.0
2026-07-14;2026-07-14;USA_USLLeagueTwo_SouthAtlantic_2026;38;Asheville City;Virginia Beach;26.58;BASSA;SCHEDULED;;;;;;PRO: attacco casa positivo || CONTRO: ospite poco prolifico: rischio 1-0 / 2-0 | trend over casa non forte | trend over trasferta non forte | profilo over interno debole | profilo over esterno debole | BTTS basso: possibile partita a senso unico;6.0;10.13;0.0;2.08;0.0;4.8;0.0;1.43;0.0;2.14;2.5.0
