MatchDate;LeagueId;Home;Away;Score;Band;Round;PredictionDate;HomeSourceLeagueId;AwaySourceLeagueId;CompetitionGroup;Reason;RankingGapScore;HomeAttackScore;AwayAttackScore;HomeDefenseWeaknessScore;AwayDefenseWeaknessScore;HomeLast10OverScore;AwayLast10OverScore;HomeVenueOverScore;AwayVenueOverScore;BTTSProfileScore;AlgorithmVersion
2026-08-15;Denmark_3rdDivision;Holbaek;Sundby;92.66;IMM-ALTA-4;3;2026-08-14;Denmark_3rdDivision;Denmark_3rdDivision;;Ranking gap: 0.883 | Attacco casa: 2.00/gara | Difesa trasferta subisce: 2.50/gara | Over25 casa ultime10: 1.00 | Over25 trasferta ultime10: 1.00;17.66;20.0;;;25.0;15.0;15.0;;;;2.0.0
2026-08-15;Austria_Karnten;KAC 1909;Nussdorf;92.5;IMM-ALTA-4;3;2026-08-14;Austria_Karnten;Austria_Karnten;;Ranking gap: 1.000 | Attacco casa: 2.50/gara | Difesa trasferta subisce: 4.00/gara | Over25 casa ultime10: 0.50 | Over25 trasferta ultime10: 1.00;20.0;25.0;;;25.0;7.5;15.0;;;;2.0.0
2026-08-15;Poland_IIILiga_Group3;Stilon Gorzow;Nysa;90.34;IMM-ALTA-4;3;2026-08-14;Poland_IIILiga_Group3;Poland_IIILiga_Group3;;Ranking gap: 0.767 | Attacco casa: 2.00/gara | Difesa trasferta subisce: 2.50/gara | Over25 casa ultime10: 1.00 | Over25 trasferta ultime10: 1.00;15.34;20.0;;;25.0;15.0;15.0;;;;2.0.0
2026-08-15;Poland_IIILiga_Group3;Sulow;Warta Gorzow;84.0;IMM-ALTA-4;3;2026-08-14;Poland_IIILiga_Group3;Poland_IIILiga_Group3;;Ranking gap: 0.825 | Attacco casa: 2.00/gara | Difesa trasferta subisce: 3.00/gara | Over25 casa ultime10: 0.50 | Over25 trasferta ultime10: 1.00;16.5;20.0;;;25.0;7.5;15.0;;;;2.0.0
2026-08-15;Australia_TasmaniaNorthernChampionship;Devonport U21;Riverside Olympic U21;83.92;ALTA;19;2026-08-14;Australia_TasmaniaNorthernChampionship;Australia_TasmaniaNorthernChampionship;;Ranking gap: 0.646 | Attacco casa: 4.76/gara | Difesa trasferta subisce: 3.73/gara | Over25 casa ultime10: 0.80 | Over25 trasferta ultime10: 0.60;12.92;25.0;;;25.0;12.0;9.0;;;;2.0.0
2026-08-15;Poland_IIILiga_Group1;Zambrow;Elblag;83.0;IMM-ALTA-4;3;2026-08-14;Poland_IIILiga_Group1;Poland_IIILiga_Group1;;Ranking gap: 0.400 | Attacco casa: 2.50/gara | Difesa trasferta subisce: 2.00/gara | Over25 casa ultime10: 1.00 | Over25 trasferta ultime10: 1.00;8.0;25.0;;;20.0;15.0;15.0;;;;2.0.0
2026-08-15;Austria_Karnten;Lendorf;SAK Klagenfurt;82.84;IMM-ALTA-4;3;2026-08-14;Austria_Karnten;Austria_Karnten;;Ranking gap: 0.767 | Attacco casa: 2.00/gara | Difesa trasferta subisce: 2.50/gara | Over25 casa ultime10: 1.00 | Over25 trasferta ultime10: 0.50;15.34;20.0;;;25.0;15.0;7.5;;;;2.0.0
2026-08-15;Austria_Tirol;Stubai;Munster;82.84;IMM-ALTA-4;3;2026-08-14;Austria_Tirol;Austria_Tirol;;Ranking gap: 0.767 | Attacco casa: 2.00/gara | Difesa trasferta subisce: 3.00/gara | Over25 casa ultime10: 1.00 | Over25 trasferta ultime10: 0.50;15.34;20.0;;;25.0;15.0;7.5;;;;2.0.0
2026-08-15;Australia_WAStateLeague;Nedlands;Subiaco;81.7;ALTA;21;2026-08-14;Australia_WAStateLeague;Australia_WAStateLeague;;Ranking gap: 0.560 | Attacco casa: 2.35/gara | Difesa trasferta subisce: 2.30/gara | Over25 casa ultime10: 0.80 | Over25 trasferta ultime10: 0.80;11.2;23.5;;;23.0;12.0;12.0;;;;2.0.0
2026-08-15;Germany_Oberliga_SchleswigHolstein;Rapid Lubeck;Lubeck II;81.56;IMM-ALTA-6;4;2026-08-14;Germany_Oberliga_SchleswigHolstein;Germany_Oberliga_SchleswigHolstein;;Ranking gap: 0.078 | Attacco casa: 3.00/gara | Difesa trasferta subisce: 4.00/gara | Over25 casa ultime10: 1.00 | Over25 trasferta ultime10: 1.00;1.56;25.0;;;25.0;15.0;15.0;;;;2.0.0
2026-08-15;Australia_TasmaniaSouthernChampionship;New Town;University of Tasmania;81.24;ALTA;19;2026-08-14;Australia_TasmaniaSouthernChampionship;Australia_TasmaniaSouthernChampionship;;Ranking gap: 0.437 | Attacco casa: 3.33/gara | Difesa trasferta subisce: 3.62/gara | Over25 casa ultime10: 0.60 | Over25 trasferta ultime10: 0.90;8.74;25.0;;;25.0;9.0;13.5;;;;2.0.0
2026-08-15;Austria_Salzburg;Burmoos;Neumarkt;80.8;IMM-ALTA-4;3;2026-08-14;Austria_Salzburg;Austria_Salzburg;;Ranking gap: 0.040 | Attacco casa: 4.00/gara | Difesa trasferta subisce: 3.00/gara | Over25 casa ultime10: 1.00 | Over25 trasferta ultime10: 1.00;0.8;25.0;;;25.0;15.0;15.0;;;;2.0.0
2026-08-15;Armenia_PremierLeague;Ararat-Armenia;Van;80.76;IMM-ALTA-4;4;2026-08-14;Armenia_PremierLeague;Armenia_PremierLeague;;Ranking gap: 0.038 | Attacco casa: 3.00/gara | Difesa trasferta subisce: 3.50/gara | Over25 casa ultime10: 1.00 | Over25 trasferta ultime10: 1.00;0.76;25.0;;;25.0;15.0;15.0;;;;2.0.0
2026-08-15;Germany_Regionalliga_Nord;Emden;Eimsbutteler;80.46;IMM-ALTA-5;4;2026-08-14;Germany_Regionalliga_Nord;Germany_Regionalliga_Nord;;Ranking gap: 0.023 | Attacco casa: 3.00/gara | Difesa trasferta subisce: 3.50/gara | Over25 casa ultime10: 1.00 | Over25 trasferta ultime10: 1.00;0.46;25.0;;;25.0;15.0;15.0;;;;2.0.0
2026-08-15;Germany_Oberliga_SchleswigHolstein;Nordmark Satrup;Oldenburger;80.28;IMM-ALTA-6;4;2026-08-14;Germany_Oberliga_SchleswigHolstein;Germany_Oberliga_SchleswigHolstein;;Ranking gap: 0.014 | Attacco casa: 2.67/gara | Difesa trasferta subisce: 3.00/gara | Over25 casa ultime10: 1.00 | Over25 trasferta ultime10: 1.00;0.28;25.0;;;25.0;15.0;15.0;;;;2.0.0
2026-08-15;CzechRepublic_3MSFL;FK Frydek-Mistek;Vsetin;80.16;IMM-ALTA-4;3;2026-08-14;CzechRepublic_3MSFL;CzechRepublic_3MSFL;;Ranking gap: 0.883 | Attacco casa: 1.50/gara | Difesa trasferta subisce: 4.50/gara | Over25 casa ultime10: 0.50 | Over25 trasferta ultime10: 1.00;17.66;15.0;;;25.0;7.5;15.0;;;;2.0.0
2026-08-15;Germany_Oberliga_RheinlandPfalzSaar;Pirmasens;Mechtersheim;80.14;IMM-ALTA-4;4;2026-08-14;Germany_Oberliga_RheinlandPfalzSaar;Germany_Oberliga_RheinlandPfalzSaar;;Ranking gap: 0.007 | Attacco casa: 3.00/gara | Difesa trasferta subisce: 2.50/gara | Over25 casa ultime10: 1.00 | Over25 trasferta ultime10: 1.00;0.14;25.0;;;25.0;15.0;15.0;;;;2.0.0
2026-08-15;Germany_Oberliga_RheinlandPfalzSaar;RW Koblenz;Diefflen;80.02;IMM-ALTA-4;4;2026-08-14;Germany_Oberliga_RheinlandPfalzSaar;Germany_Oberliga_RheinlandPfalzSaar;;Ranking gap: 0.001 | Attacco casa: 2.50/gara | Difesa trasferta subisce: 3.00/gara | Over25 casa ultime10: 1.00 | Over25 trasferta ultime10: 1.00;0.02;25.0;;;25.0;15.0;15.0;;;;2.0.0
2026-08-15;Norway_3rdDivision_Group1;Gamle Oslo;Konnerud;79.96;ALTA;19;2026-08-14;Norway_3rdDivision_Group1;Norway_3rdDivision_Group1;;Ranking gap: 0.298 | Attacco casa: 3.53/gara | Difesa trasferta subisce: 2.60/gara | Over25 casa ultime10: 0.90 | Over25 trasferta ultime10: 0.70;5.96;25.0;;;25.0;13.5;10.5;;;;2.0.0
2026-08-15;Australia_TasmaniaSouthernChampionship;Taroona;Glenorchy Knights U21;79.84;ALTA;19;2026-08-14;Australia_TasmaniaSouthernChampionship;Australia_TasmaniaSouthernChampionship;;Ranking gap: 0.217 | Attacco casa: 3.06/gara | Difesa trasferta subisce: 3.75/gara | Over25 casa ultime10: 0.70 | Over25 trasferta ultime10: 1.00;4.34;25.0;;;25.0;10.5;15.0;;;;2.0.0
2026-08-15;Austria_Tirol;FC Volders;SC Mils 05;79.0;IMM-ALTA-4;3;2026-08-14;Austria_Tirol;Austria_Tirol;;Ranking gap: 0.825 | Attacco casa: 1.50/gara | Difesa trasferta subisce: 2.50/gara | Over25 casa ultime10: 0.50 | Over25 trasferta ultime10: 1.00;16.5;15.0;;;25.0;7.5;15.0;;;;2.0.0
2026-08-15;Finland_Kakkonen_GroupB;Ilves 2;NJS;78.98;ALTA;18;2026-08-14;Finland_Kakkonen_GroupB;Finland_Kakkonen_GroupB;;Ranking gap: 0.399 | Attacco casa: 2.80/gara | Difesa trasferta subisce: 3.00/gara | Over25 casa ultime10: 0.80 | Over25 trasferta ultime10: 0.60;7.98;25.0;;;25.0;12.0;9.0;;;;2.0.0
2026-08-15;Finland_Kakkonen_GroupC;VPS 2;Hercules;78.25;ALTA;18;2026-08-14;Finland_Kakkonen_GroupC;Finland_Kakkonen_GroupC;;Ranking gap: 0.200 | Attacco casa: 2.69/gara | Difesa trasferta subisce: 2.38/gara | Over25 casa ultime10: 0.90 | Over25 trasferta ultime10: 0.80;4.0;25.0;;;23.75;13.5;12.0;;;;2.0.0
2026-08-15;Norway_3rdDivision_Group4;Flekkeroy;Brodd;77.18;ALTA;18;2026-08-14;Norway_3rdDivision_Group4;Norway_3rdDivision_Group4;;Ranking gap: 0.195 | Attacco casa: 2.41/gara | Difesa trasferta subisce: 2.07/gara | Over25 casa ultime10: 0.90 | Over25 trasferta ultime10: 1.00;3.9;24.12;;;20.67;13.5;15.0;;;;2.0.0
2026-08-15;Norway_3rdDivision_Group6;Sandefjord 2;Bjorkelangen;77.11;ALTA;16;2026-08-14;Norway_3rdDivision_Group6;Norway_3rdDivision_Group6;;Ranking gap: 0.172 | Attacco casa: 2.47/gara | Difesa trasferta subisce: 3.47/gara | Over25 casa ultime10: 0.90 | Over25 trasferta ultime10: 0.70;3.44;24.67;;;25.0;13.5;10.5;;;;2.0.0
2026-08-15;Norway_3rdDivision_Group1;Frigg;Lokomotiv Oslo;76.61;ALTA;19;2026-08-14;Norway_3rdDivision_Group1;Norway_3rdDivision_Group1;;Ranking gap: 0.147 | Attacco casa: 2.47/gara | Difesa trasferta subisce: 3.20/gara | Over25 casa ultime10: 0.90 | Over25 trasferta ultime10: 0.70;2.94;24.67;;;25.0;13.5;10.5;;;;2.0.0
2026-08-15;Estonia_EsiliigaB;Tartu Kalev;Parnu JK Vaprus U21;76.0;ALTA;23;2026-08-14;Estonia_EsiliigaB;Estonia_EsiliigaB;;Ranking gap: 0.030 | Attacco casa: 2.77/gara | Difesa trasferta subisce: 2.19/gara | Over25 casa ultime10: 0.90 | Over25 trasferta ultime10: 1.00;0.6;25.0;;;21.9;13.5;15.0;;;;2.0.0
2026-08-15;Norway_3rdDivision_Group4;Vindbjart;Akra;75.49;ALTA;18;2026-08-14;Norway_3rdDivision_Group4;Norway_3rdDivision_Group4;;Ranking gap: 0.266 | Attacco casa: 2.27/gara | Difesa trasferta subisce: 2.62/gara | Over25 casa ultime10: 0.70 | Over25 trasferta ultime10: 0.80;5.32;22.67;;;25.0;10.5;12.0;;;;2.0.0
2026-08-15;Hungary_NBI;Ujpest;MTK Budapest;75.42;IMM-ALTA-6;4;2026-08-14;Hungary_NBI;Hungary_NBI;;Ranking gap: 0.021 | Attacco casa: 3.00/gara | Difesa trasferta subisce: 2.00/gara | Over25 casa ultime10: 1.00 | Over25 trasferta ultime10: 1.00;0.42;25.0;;;20.0;15.0;15.0;;;;2.0.0
2026-08-15;FaroeIslands_1Deild;FC Suduroy;Streymur 2;75.28;ALTA;19;2026-08-14;FaroeIslands_1Deild;FaroeIslands_1Deild;;Ranking gap: 0.264 | Attacco casa: 2.40/gara | Difesa trasferta subisce: 2.69/gara | Over25 casa ultime10: 0.60 | Over25 trasferta ultime10: 0.80;5.28;24.0;;;25.0;9.0;12.0;;;;2.0.0
2026-08-15;NorthernIreland_NIFLChampionship;Dundela;Annagh;75.16;IMM-ALTA-4;3;2026-08-14;NorthernIreland_NIFLChampionship;NorthernIreland_NIFLChampionship;;Ranking gap: 0.008 | Attacco casa: 2.00/gara | Difesa trasferta subisce: 3.00/gara | Over25 casa ultime10: 1.00 | Over25 trasferta ultime10: 1.00;0.16;20.0;;;25.0;15.0;15.0;;;;2.0.0
2026-08-15;Poland_IIILiga_Group1;Lidzbark Warminski;Plock II;75.0;IMM-ALTA-4;3;2026-08-14;Poland_IIILiga_Group1;Poland_IIILiga_Group1;;Ranking gap: 1.000 | Attacco casa: 1.50/gara | Difesa trasferta subisce: 1.00/gara | Over25 casa ultime10: 1.00 | Over25 trasferta ultime10: 1.00;20.0;15.0;;;10.0;15.0;15.0;;;;2.0.0
2026-08-15;Slovakia_NikeLiga;Slovan Bratislava;Ruzomberok;74.29;MEDIA-ALTA;4;2026-08-14;Slovakia_NikeLiga;Slovakia_NikeLiga;;Ranking gap: 0.048 | Attacco casa: 3.50/gara | Difesa trasferta subisce: 2.33/gara | Over25 casa ultime10: 1.00 | Over25 trasferta ultime10: 0.67;0.96;25.0;;;23.33;15.0;10.0;;;;2.0.0
2026-08-15;Denmark_3rdDivision;Ringsted;Holstebro;74.0;MEDIA-ALTA;3;2026-08-14;Denmark_3rdDivision;Denmark_3rdDivision;;Ranking gap: 0.825 | Attacco casa: 1.50/gara | Difesa trasferta subisce: 2.00/gara | Over25 casa ultime10: 0.50 | Over25 trasferta ultime10: 1.00;16.5;15.0;;;20.0;7.5;15.0;;;;2.0.0
2026-08-15;Norway_3rdDivision_Group3;Djerv 1919;Fyllingsdalen;73.61;MEDIA-ALTA;16;2026-08-14;Norway_3rdDivision_Group3;Norway_3rdDivision_Group3;;Ranking gap: 0.322 | Attacco casa: 2.27/gara | Difesa trasferta subisce: 2.73/gara | Over25 casa ultime10: 0.70 | Over25 trasferta ultime10: 0.60;6.44;22.67;;;25.0;10.5;9.0;;;;2.0.0
2026-08-15;Estonia_EsiliigaB;Narva U21;Johvi Phoenix;72.93;MEDIA-ALTA;23;2026-08-14;Estonia_EsiliigaB;Estonia_EsiliigaB;;Ranking gap: 0.105 | Attacco casa: 2.67/gara | Difesa trasferta subisce: 2.33/gara | Over25 casa ultime10: 0.90 | Over25 trasferta ultime10: 0.60;2.1;25.0;;;23.33;13.5;9.0;;;;2.0.0
2026-08-15;Switzerland_PromotionLeague;Paradiso;Breitenrain;72.84;MEDIA-ALTA;3;2026-08-14;Switzerland_PromotionLeague;Switzerland_PromotionLeague;;Ranking gap: 0.767 | Attacco casa: 1.50/gara | Difesa trasferta subisce: 2.00/gara | Over25 casa ultime10: 0.50 | Over25 trasferta ultime10: 1.00;15.34;15.0;;;20.0;7.5;15.0;;;;2.0.0
2026-08-15;Austria_Regionalliga_North;Wals-Grunau;LASK (Am);72.79;MEDIA-ALTA;4;2026-08-14;Austria_Regionalliga_North;Austria_Regionalliga_North;;Ranking gap: 0.806 | Attacco casa: 2.33/gara | Difesa trasferta subisce: 1.33/gara | Over25 casa ultime10: 0.67 | Over25 trasferta ultime10: 0.67;16.12;23.33;;;13.33;10.0;10.0;;;;2.0.0
2026-08-15;Australia_TasmaniaSouthernChampionship;Olympia Warriors;Hobart City;72.41;MEDIA-ALTA;19;2026-08-14;Australia_TasmaniaSouthernChampionship;Australia_TasmaniaSouthernChampionship;;Ranking gap: 0.154 | Attacco casa: 3.12/gara | Difesa trasferta subisce: 1.73/gara | Over25 casa ultime10: 0.80 | Over25 trasferta ultime10: 1.00;3.08;25.0;;;17.33;12.0;15.0;;;;2.0.0
2026-08-15;Belarus_PershayaLiga;Slutsk;Osipovichi;71.47;MEDIA-ALTA;21;2026-08-14;Belarus_PershayaLiga;Belarus_PershayaLiga;;Ranking gap: 0.322 | Attacco casa: 2.05/gara | Difesa trasferta subisce: 2.68/gara | Over25 casa ultime10: 0.60 | Over25 trasferta ultime10: 0.70;6.44;20.53;;;25.0;9.0;10.5;;;;2.0.0
2026-08-15;Australia_TasmaniaNorthernChampionship;Burnie Utd.;Ulverstone U21;71.08;MEDIA-ALTA;19;2026-08-14;Australia_TasmaniaNorthernChampionship;Australia_TasmaniaNorthernChampionship;;Ranking gap: 0.350 | Attacco casa: 2.47/gara | Difesa trasferta subisce: 1.69/gara | Over25 casa ultime10: 0.80 | Over25 trasferta ultime10: 0.70;7.0;24.71;;;16.88;12.0;10.5;;;;2.0.0
2026-08-15;Australia_TasmaniaNorthernChampionship;Somerset;Northern Rangers;70.99;MEDIA-ALTA;19;2026-08-14;Australia_TasmaniaNorthernChampionship;Australia_TasmaniaNorthernChampionship;;Ranking gap: 0.473 | Attacco casa: 2.35/gara | Difesa trasferta subisce: 1.25/gara | Over25 casa ultime10: 0.70 | Over25 trasferta ultime10: 1.00;9.46;23.53;;;12.5;10.5;15.0;;;;2.0.0
2026-08-15;Australia_WAStateLeague;Floreat Athena;Mandurah City;70.94;MEDIA-ALTA;21;2026-08-14;Australia_WAStateLeague;Australia_WAStateLeague;;Ranking gap: 0.197 | Attacco casa: 2.55/gara | Difesa trasferta subisce: 1.80/gara | Over25 casa ultime10: 0.80 | Over25 trasferta ultime10: 0.80;3.94;25.0;;;18.0;12.0;12.0;;;;2.0.0
2026-08-15;Poland_Division2;Slask II;Chojniczanka;70.9;MEDIA-ALTA;4;2026-08-14;Poland_Division2;Poland_Division2;;Ranking gap: 0.045 | Attacco casa: 2.67/gara | Difesa trasferta subisce: 2.67/gara | Over25 casa ultime10: 0.67 | Over25 trasferta ultime10: 0.67;0.9;25.0;;;25.0;10.0;10.0;;;;2.0.0
2026-08-15;Australia_TasmaniaNorthernChampionship;Launceston U21;Launceston United U21;70.73;MEDIA-ALTA;19;2026-08-14;Australia_TasmaniaNorthernChampionship;Australia_TasmaniaNorthernChampionship;;Ranking gap: 0.351 | Attacco casa: 1.47/gara | Difesa trasferta subisce: 5.18/gara | Over25 casa ultime10: 0.70 | Over25 trasferta ultime10: 0.90;7.02;14.71;;;25.0;10.5;13.5;;;;2.0.0
2026-08-15;Australia_NPLWesternAustralia;Olympic Kingsway;Sorrento;70.6;MEDIA-ALTA;24;2026-08-14;Australia_NPLWesternAustralia;Australia_NPLWesternAustralia;;Ranking gap: 0.380 | Attacco casa: 2.15/gara | Difesa trasferta subisce: 1.90/gara | Over25 casa ultime10: 0.90 | Over25 trasferta ultime10: 0.60;7.6;21.5;;;19.0;13.5;9.0;;;;2.0.0
2026-08-15;Slovakia_NikeLiga;Skalica;Kosice;70.54;MEDIA-ALTA;4;2026-08-14;Slovakia_NikeLiga;Slovakia_NikeLiga;;Ranking gap: 0.027 | Attacco casa: 2.00/gara | Difesa trasferta subisce: 3.50/gara | Over25 casa ultime10: 0.67 | Over25 trasferta ultime10: 1.00;0.54;20.0;;;25.0;10.0;15.0;;;;2.0.0
2026-08-15;Norway_3rdDivision_Group2;Strindheim;Ntnui;70.39;MEDIA-ALTA;18;2026-08-14;Norway_3rdDivision_Group2;Norway_3rdDivision_Group2;;Ranking gap: 0.236 | Attacco casa: 2.47/gara | Difesa trasferta subisce: 2.00/gara | Over25 casa ultime10: 0.80 | Over25 trasferta ultime10: 0.60;4.72;24.67;;;20.0;12.0;9.0;;;;2.0.0
2026-08-15;Norway_2ndDivision_Group1;Mjondalen;Eik-Tonsberg;70.3;MEDIA-ALTA;16;2026-08-14;Norway_2ndDivision_Group1;Norway_2ndDivision_Group1;;Ranking gap: 0.390 | Attacco casa: 2.13/gara | Difesa trasferta subisce: 2.47/gara | Over25 casa ultime10: 0.50 | Over25 trasferta ultime10: 0.60;7.8;21.33;;;24.67;7.5;9.0;;;;2.0.0
2026-08-15;Austria_Salzburg;USV 1960 Berndorf;Eugendorf;70.26;MEDIA-ALTA;3;2026-08-14;Austria_Salzburg;Austria_Salzburg;;Ranking gap: 0.013 | Attacco casa: 1.50/gara | Difesa trasferta subisce: 3.00/gara | Over25 casa ultime10: 1.00 | Over25 trasferta ultime10: 1.00;0.26;15.0;;;25.0;15.0;15.0;;;;2.0.0
2026-08-15;Australia_NPL_NSW_U20;APIA Leichhardt U20;SD Raiders U20;70.16;MEDIA-ALTA;29;2026-08-14;Australia_NPL_NSW_U20;Australia_NPL_NSW_U20;;Ranking gap: 0.347 | Attacco casa: 2.44/gara | Difesa trasferta subisce: 1.78/gara | Over25 casa ultime10: 0.70 | Over25 trasferta ultime10: 0.70;6.94;24.44;;;17.78;10.5;10.5;;;;2.0.0
2026-08-15;Australia_NPL_NSW_U20;WS Wanderers U20;St George Saints U20;69.25;MEDIA-ALTA;29;2026-08-14;Australia_NPL_NSW_U20;Australia_NPL_NSW_U20;;Ranking gap: 0.181 | Attacco casa: 1.96/gara | Difesa trasferta subisce: 2.85/gara | Over25 casa ultime10: 0.60 | Over25 trasferta ultime10: 0.80;3.62;19.63;;;25.0;9.0;12.0;;;;2.0.0
2026-08-15;Norway_3rdDivision_Group3;Sogndal 2;Fana;69.25;MEDIA-ALTA;16;2026-08-14;Norway_3rdDivision_Group3;Norway_3rdDivision_Group3;;Ranking gap: 0.021 | Attacco casa: 2.64/gara | Difesa trasferta subisce: 2.13/gara | Over25 casa ultime10: 0.60 | Over25 trasferta ultime10: 0.90;0.42;25.0;;;21.33;9.0;13.5;;;;2.0.0
2026-08-15;Finland_Ykkosliiga;KTP;KaPa;69.09;MEDIA-ALTA;21;2026-08-14;Finland_Ykkosliiga;Finland_Ykkosliiga;;Ranking gap: 0.710 | Attacco casa: 1.72/gara | Difesa trasferta subisce: 1.67/gara | Over25 casa ultime10: 0.60 | Over25 trasferta ultime10: 0.80;14.2;17.22;;;16.67;9.0;12.0;;;;2.0.0
2026-08-15;Australia_NorthernNSWStateLeague;New Lambton;Cessnock City Hornets;69.08;MEDIA-ALTA;19;2026-08-14;Australia_NorthernNSWStateLeague;Australia_NorthernNSWStateLeague;;Ranking gap: 0.182 | Attacco casa: 2.18/gara | Difesa trasferta subisce: 2.12/gara | Over25 casa ultime10: 0.70 | Over25 trasferta ultime10: 0.80;3.64;21.76;;;21.18;10.5;12.0;;;;2.0.0
2026-08-15;Australia_NorthernNSWStateLeague;Newcastle Croatia;Wallsend Red Devils;69.08;MEDIA-ALTA;19;2026-08-14;Australia_NorthernNSWStateLeague;Australia_NorthernNSWStateLeague;;Ranking gap: 0.192 | Attacco casa: 2.47/gara | Difesa trasferta subisce: 1.35/gara | Over25 casa ultime10: 0.90 | Over25 trasferta ultime10: 0.90;3.84;24.71;;;13.53;13.5;13.5;;;;2.0.0
2026-08-15;Poland_IIILiga_Group1;Widzew Lodz II;Swit;69.0;MEDIA-ALTA;3;2026-08-14;Poland_IIILiga_Group1;Poland_IIILiga_Group1;;Ranking gap: 0.825 | Attacco casa: 2.50/gara | Difesa trasferta subisce: 0.50/gara | Over25 casa ultime10: 0.50 | Over25 trasferta ultime10: 1.00;16.5;25.0;;;5.0;7.5;15.0;;;;2.0.0
2026-08-15;Poland_IIILiga_Group2;Lipno Steszew;Kluczevia Stargard;69.0;MEDIA-ALTA;3;2026-08-14;Poland_IIILiga_Group2;Poland_IIILiga_Group2;;Ranking gap: 0.825 | Attacco casa: 1.00/gara | Difesa trasferta subisce: 2.00/gara | Over25 casa ultime10: 0.50 | Over25 trasferta ultime10: 1.00;16.5;10.0;;;20.0;7.5;15.0;;;;2.0.0
2026-08-15;Finland_Kakkonen_GroupA;HIFK;Atlantis;68.77;MEDIA-ALTA;18;2026-08-14;Finland_Kakkonen_GroupA;Finland_Kakkonen_GroupA;;Ranking gap: 0.047 | Attacco casa: 2.07/gara | Difesa trasferta subisce: 2.47/gara | Over25 casa ultime10: 0.60 | Over25 trasferta ultime10: 0.90;0.94;20.67;;;24.67;9.0;13.5;;;;2.0.0
2026-08-15;Norway_3rdDivision_Group2;Herd;Ranheim 2;68.73;MEDIA-ALTA;18;2026-08-14;Norway_3rdDivision_Group2;Norway_3rdDivision_Group2;;Ranking gap: 0.103 | Attacco casa: 2.07/gara | Difesa trasferta subisce: 3.07/gara | Over25 casa ultime10: 0.60 | Over25 trasferta ultime10: 0.80;2.06;20.67;;;25.0;9.0;12.0;;;;2.0.0
2026-08-15;Serbia_PrvaLiga;Smederevo;Bor 1919;68.46;MEDIA-ALTA;3;2026-08-14;Serbia_PrvaLiga;Serbia_PrvaLiga;;Ranking gap: 0.048 | Attacco casa: 2.50/gara | Difesa trasferta subisce: 2.00/gara | Over25 casa ultime10: 1.00 | Over25 trasferta ultime10: 0.50;0.96;25.0;;;20.0;15.0;7.5;;;;2.0.0
2026-08-15;Iceland_Division_2;Selfoss;Fjolnir;68.45;MEDIA-ALTA;31;2026-08-14;Iceland_Division_2;Iceland_Division_2;;Ranking gap: 0.108 | Attacco casa: 2.12/gara | Difesa trasferta subisce: 2.11/gara | Over25 casa ultime10: 0.80 | Over25 trasferta ultime10: 0.80;2.16;21.18;;;21.11;12.0;12.0;;;;2.0.0
2026-08-15;Germany_Oberliga_RheinlandPfalzSaar;Cosmos Koblenz;Eisbachtal;68.43;MEDIA-ALTA;4;2026-08-14;Germany_Oberliga_RheinlandPfalzSaar;Germany_Oberliga_RheinlandPfalzSaar;;Ranking gap: 0.005 | Attacco casa: 1.33/gara | Difesa trasferta subisce: 4.00/gara | Over25 casa ultime10: 1.00 | Over25 trasferta ultime10: 1.00;0.1;13.33;;;25.0;15.0;15.0;;;;2.0.0
2026-08-15;Germany_Oberliga_SchleswigHolstein;Rotenhof;PSV Neumunster;68.39;MEDIA-ALTA;4;2026-08-14;Germany_Oberliga_SchleswigHolstein;Germany_Oberliga_SchleswigHolstein;;Ranking gap: 0.003 | Attacco casa: 2.33/gara | Difesa trasferta subisce: 2.00/gara | Over25 casa ultime10: 1.00 | Over25 trasferta ultime10: 0.67;0.06;23.33;;;20.0;15.0;10.0;;;;2.0.0
2026-08-15;Australia_NPLWesternAustralia;Western Knights;Balcatta;68.2;MEDIA-ALTA;24;2026-08-14;Australia_NPLWesternAustralia;Australia_NPLWesternAustralia;;Ranking gap: 0.185 | Attacco casa: 1.85/gara | Difesa trasferta subisce: 2.52/gara | Over25 casa ultime10: 0.70 | Over25 trasferta ultime10: 0.70;3.7;18.5;;;25.0;10.5;10.5;;;;2.0.0
2026-08-15;Estonia_Esiliiga;Tartu Welco;Flora U21;68.01;MEDIA-ALTA;26;2026-08-14;Estonia_Esiliiga;Estonia_Esiliiga;;Ranking gap: 0.064 | Attacco casa: 2.91/gara | Difesa trasferta subisce: 1.77/gara | Over25 casa ultime10: 0.80 | Over25 trasferta ultime10: 0.80;1.28;25.0;;;17.73;12.0;12.0;;;;2.0.0
2026-08-15;CzechRepublic_3MSFL;Hlubina;Sigma Olomouc B;68.0;MEDIA-ALTA;3;2026-08-14;CzechRepublic_3MSFL;CzechRepublic_3MSFL;;Ranking gap: 0.400 | Attacco casa: 6.00/gara | Difesa trasferta subisce: 0.50/gara | Over25 casa ultime10: 1.00 | Over25 trasferta ultime10: 1.00;8.0;25.0;;;5.0;15.0;15.0;;;;2.0.0
2026-08-15;Austria_2Liga;Voitsberg;Bregenz;67.94;MEDIA-ALTA;3;2026-08-14;Austria_2Liga;Austria_2Liga;;Ranking gap: 0.022 | Attacco casa: 2.00/gara | Difesa trasferta subisce: 3.50/gara | Over25 casa ultime10: 0.50 | Over25 trasferta ultime10: 1.00;0.44;20.0;;;25.0;7.5;15.0;;;;2.0.0
2026-08-15;Australia_NPLSouthAustralia;NE Metrostars;Croydon;67.9;MEDIA-ALTA;25;2026-08-14;Australia_NPLSouthAustralia;Australia_NPLSouthAustralia;;Ranking gap: 0.202 | Attacco casa: 2.43/gara | Difesa trasferta subisce: 1.86/gara | Over25 casa ultime10: 0.60 | Over25 trasferta ultime10: 0.80;4.04;24.29;;;18.57;9.0;12.0;;;;2.0.0
2026-08-15;Australia_VictoriaPremierLeague2;Goulburn Valley Suns;Werribee City;67.73;MEDIA-ALTA;25;2026-08-14;Australia_VictoriaPremierLeague2;Australia_VictoriaPremierLeague2;;Ranking gap: 0.443 | Attacco casa: 2.30/gara | Difesa trasferta subisce: 1.78/gara | Over25 casa ultime10: 0.60 | Over25 trasferta ultime10: 0.60;8.86;23.04;;;17.83;9.0;9.0;;;;2.0.0
2026-08-15;Austria_Salzburg;Seekirchen U21;Union Henndorf;67.72;MEDIA-ALTA;3;2026-08-14;Austria_Salzburg;Austria_Salzburg;;Ranking gap: 0.011 | Attacco casa: 2.50/gara | Difesa trasferta subisce: 2.00/gara | Over25 casa ultime10: 0.50 | Over25 trasferta ultime10: 1.00;0.22;25.0;;;20.0;7.5;15.0;;;;2.0.0
2026-08-15;Finland_Kakkonen_GroupC;Vaajakoski;GBK Kokkola;67.69;MEDIA-ALTA;18;2026-08-14;Finland_Kakkonen_GroupC;Finland_Kakkonen_GroupC;;Ranking gap: 0.322 | Attacco casa: 1.94/gara | Difesa trasferta subisce: 1.94/gara | Over25 casa ultime10: 0.80 | Over25 trasferta ultime10: 0.70;6.44;19.38;;;19.38;12.0;10.5;;;;2.0.0
2026-08-15;Finland_Kakkonen_GroupA;HPS;Union Plaani;67.57;MEDIA-ALTA;18;2026-08-14;Finland_Kakkonen_GroupA;Finland_Kakkonen_GroupA;;Ranking gap: 0.287 | Attacco casa: 2.33/gara | Difesa trasferta subisce: 2.73/gara | Over25 casa ultime10: 0.60 | Over25 trasferta ultime10: 0.30;5.74;23.33;;;25.0;9.0;4.5;;;;2.0.0
2026-08-15;Finland_Ykkonen;Tampere Utd;TPV;67.51;MEDIA-ALTA;22;2026-08-14;Finland_Ykkonen;Finland_Ykkonen;;Ranking gap: 0.423 | Attacco casa: 2.16/gara | Difesa trasferta subisce: 1.95/gara | Over25 casa ultime10: 0.50 | Over25 trasferta ultime10: 0.70;8.46;21.58;;;19.47;7.5;10.5;;;;2.0.0
2026-08-15;SriLanka_SuperLeague;Renown;Red Star;67.37;MEDIA-ALTA;5;2026-08-14;SriLanka_SuperLeague;SriLanka_SuperLeague;;Ranking gap: 0.181 | Attacco casa: 4.00/gara | Difesa trasferta subisce: 2.00/gara | Over25 casa ultime10: 0.75 | Over25 trasferta ultime10: 0.50;3.62;25.0;;;20.0;11.25;7.5;;;;2.0.0
2026-08-15;Australia_NPLWesternAustralia;Armadale;Dianella White Eagle;66.7;MEDIA-ALTA;24;2026-08-14;Australia_NPLWesternAustralia;Australia_NPLWesternAustralia;;Ranking gap: 0.110 | Attacco casa: 1.95/gara | Difesa trasferta subisce: 1.95/gara | Over25 casa ultime10: 0.90 | Over25 trasferta ultime10: 0.80;2.2;19.5;;;19.5;13.5;12.0;;;;2.0.0
2026-08-15;Poland_IIILiga_Group3;Bytom Odrzanski;Kluczbork;66.5;MEDIA-ALTA;3;2026-08-14;Poland_IIILiga_Group3;Poland_IIILiga_Group3;;Ranking gap: 0.825 | Attacco casa: 2.00/gara | Difesa trasferta subisce: 1.50/gara | Over25 casa ultime10: 0.50 | Over25 trasferta ultime10: 0.50;16.5;20.0;;;15.0;7.5;7.5;;;;2.0.0
2026-08-15;Australia_WAStateLeague;Joondalup;Curtin Univ;66.12;MEDIA-ALTA;21;2026-08-14;Australia_WAStateLeague;Australia_WAStateLeague;;Ranking gap: 0.431 | Attacco casa: 1.70/gara | Difesa trasferta subisce: 1.80/gara | Over25 casa ultime10: 0.80 | Over25 trasferta ultime10: 0.70;8.62;17.0;;;18.0;12.0;10.5;;;;2.0.0
2026-08-15;Norway_3rdDivision_Group1;Grei;Baerum Sportsklubb;66.01;MEDIA-ALTA;19;2026-08-14;Norway_3rdDivision_Group1;Norway_3rdDivision_Group1;;Ranking gap: 0.292 | Attacco casa: 1.60/gara | Difesa trasferta subisce: 1.87/gara | Over25 casa ultime10: 0.90 | Over25 trasferta ultime10: 0.80;5.84;16.0;;;18.67;13.5;12.0;;;;2.0.0
2026-08-15;FaroeIslands_1Deild;Vikingur 2;Fuglafjordur;65.98;MEDIA-ALTA;19;2026-08-14;FaroeIslands_1Deild;FaroeIslands_1Deild;;Ranking gap: 0.155 | Attacco casa: 2.67/gara | Difesa trasferta subisce: 1.54/gara | Over25 casa ultime10: 0.80 | Over25 trasferta ultime10: 0.70;3.1;25.0;;;15.38;12.0;10.5;;;;2.0.0
2026-08-15;Denmark_2ndDivision;VSK Aarhus;Thisted;65.86;MEDIA-ALTA;3;2026-08-14;Denmark_2ndDivision;Denmark_2ndDivision;;Ranking gap: 0.043 | Attacco casa: 2.50/gara | Difesa trasferta subisce: 2.50/gara | Over25 casa ultime10: 0.50 | Over25 trasferta ultime10: 0.50;0.86;25.0;;;25.0;7.5;7.5;;;;2.0.0
2026-08-15;Germany_Regionalliga_West;Monchengladbach II;Bocholt;65.66;MEDIA-ALTA;3;2026-08-14;Germany_Regionalliga_West;Germany_Regionalliga_West;;Ranking gap: 0.033 | Attacco casa: 2.50/gara | Difesa trasferta subisce: 2.50/gara | Over25 casa ultime10: 0.50 | Over25 trasferta ultime10: 0.50;0.66;25.0;;;25.0;7.5;7.5;;;;2.0.0
2026-08-15;Poland_IIILiga_Group2;Gedania Gdansk;Wda Swiecie;65.5;MEDIA-ALTA;3;2026-08-14;Poland_IIILiga_Group2;Poland_IIILiga_Group2;;Ranking gap: 0.400 | Attacco casa: 3.50/gara | Difesa trasferta subisce: 1.00/gara | Over25 casa ultime10: 1.00 | Over25 trasferta ultime10: 0.50;8.0;25.0;;;10.0;15.0;7.5;;;;2.0.0
2026-08-15;USA_MLSNextPro_EasternConference_SoutheastDivision;Chicago Fire II;Orlando City B;65.36;MEDIA-ALTA;25;2026-08-14;USA_MLSNextPro_EasternConference_SoutheastDivision;USA_MLSNextPro_EasternConference_SoutheastDivision;;Ranking gap: 0.104 | Attacco casa: 2.06/gara | Difesa trasferta subisce: 1.72/gara | Over25 casa ultime10: 1.00 | Over25 trasferta ultime10: 0.70;2.08;20.56;;;17.22;15.0;10.5;;;;2.0.0
2026-08-15;FaroeIslands_1Deild;B36 Torshavn 2;TB Tvoroyri;65.17;MEDIA-ALTA;19;2026-08-14;FaroeIslands_1Deild;FaroeIslands_1Deild;;Ranking gap: 0.135 | Attacco casa: 1.29/gara | Difesa trasferta subisce: 2.11/gara | Over25 casa ultime10: 0.90 | Over25 trasferta ultime10: 1.00;2.7;12.86;;;21.11;13.5;15.0;;;;2.0.0
2026-08-15;Germany_Oberliga_RheinlandPfalzSaar;Engers;Schott Mainz;65.16;MEDIA-ALTA;4;2026-08-14;Germany_Oberliga_RheinlandPfalzSaar;Germany_Oberliga_RheinlandPfalzSaar;;Ranking gap: 0.008 | Attacco casa: 4.50/gara | Difesa trasferta subisce: 1.00/gara | Over25 casa ultime10: 1.00 | Over25 trasferta ultime10: 1.00;0.16;25.0;;;10.0;15.0;15.0;;;;2.0.0
2026-08-15;Sweden_Division2_SodraSvealand;Smedby;Eker Orebro;64.68;MEDIA-ALTA;18;2026-08-14;Sweden_Division2_SodraSvealand;Sweden_Division2_SodraSvealand;;Ranking gap: 0.159 | Attacco casa: 2.00/gara | Difesa trasferta subisce: 2.56/gara | Over25 casa ultime10: 0.30 | Over25 trasferta ultime10: 0.80;3.18;20.0;;;25.0;4.5;12.0;;;;2.0.0
2026-08-15;Norway_3rdDivision_Group5;Skjervoy;Floya;64.67;MEDIA-ALTA;17;2026-08-14;Norway_3rdDivision_Group5;Norway_3rdDivision_Group5;;Ranking gap: 0.217 | Attacco casa: 1.73/gara | Difesa trasferta subisce: 1.60/gara | Over25 casa ultime10: 0.80 | Over25 trasferta ultime10: 1.00;4.34;17.33;;;16.0;12.0;15.0;;;;2.0.0
2026-08-15;Australia_NPLNSW;WS Wanderers U21;St George Saints;64.47;MEDIA-ALTA;29;2026-08-14;Australia_NPLNSW;Australia_NPLNSW;;Ranking gap: 0.334 | Attacco casa: 1.89/gara | Difesa trasferta subisce: 1.79/gara | Over25 casa ultime10: 0.90 | Over25 trasferta ultime10: 0.50;6.68;18.93;;;17.86;13.5;7.5;;;;2.0.0
2026-08-15;Norway_OBOSLigaen;Ranheim;Strömsgodset;64.41;MEDIA-ALTA;18;2026-08-14;Norway_OBOSLigaen;Norway_OBOSLigaen;;Ranking gap: 0.110 | Attacco casa: 2.53/gara | Difesa trasferta subisce: 1.47/gara | Over25 casa ultime10: 1.00 | Over25 trasferta ultime10: 0.50;2.2;25.0;;;14.71;15.0;7.5;;;;2.0.0
2026-08-15;USA_MLSNextPro_WesternConference_CentralDivision;Houston Dynamo 2;Ventura County;64.31;MEDIA-ALTA;24;2026-08-14;USA_MLSNextPro_WesternConference_CentralDivision;USA_MLSNextPro_WesternConference_CentralDivision;;Ranking gap: 0.199 | Attacco casa: 2.53/gara | Difesa trasferta subisce: 1.33/gara | Over25 casa ultime10: 0.80 | Over25 trasferta ultime10: 0.67;3.98;25.0;;;13.33;12.0;10.0;;;;2.0.0
2026-08-15;Australia_NPLTasmania;Launceston;Clarence Zebras;64.28;MEDIA-ALTA;22;2026-08-14;Australia_NPLTasmania;Australia_NPLTasmania;;Ranking gap: 0.087 | Attacco casa: 2.22/gara | Difesa trasferta subisce: 1.63/gara | Over25 casa ultime10: 0.80 | Over25 trasferta ultime10: 0.80;1.74;22.22;;;16.32;12.0;12.0;;;;2.0.0
2026-08-15;Slovakia_2Liga;Samorin;Lehota p. V.;64.25;MEDIA-ALTA;4;2026-08-14;Slovakia_2Liga;Slovakia_2Liga;;Ranking gap: 0.046 | Attacco casa: 2.33/gara | Difesa trasferta subisce: 2.00/gara | Over25 casa ultime10: 0.67 | Over25 trasferta ultime10: 0.67;0.92;23.33;;;20.0;10.0;10.0;;;;2.0.0
2026-08-15;Australia_NPLWesternAustralia;Perth Glory U23;Fremantle City;64.24;MEDIA-ALTA;24;2026-08-14;Australia_NPLWesternAustralia;Australia_NPLWesternAustralia;;Ranking gap: 0.387 | Attacco casa: 1.80/gara | Difesa trasferta subisce: 1.45/gara | Over25 casa ultime10: 0.90 | Over25 trasferta ultime10: 0.70;7.74;18.0;;;14.5;13.5;10.5;;;;2.0.0
2026-08-15;Norway_3rdDivision_Group6;Brumunddal;Raelingen;64.23;MEDIA-ALTA;16;2026-08-14;Norway_3rdDivision_Group6;Norway_3rdDivision_Group6;;Ranking gap: 0.153 | Attacco casa: 1.07/gara | Difesa trasferta subisce: 2.53/gara | Over25 casa ultime10: 1.00 | Over25 trasferta ultime10: 0.70;3.06;10.67;;;25.0;15.0;10.5;;;;2.0.0
2026-08-15;Poland_IIILiga_Group2;Grom Nowy Staw;Elana Torun;64.16;MEDIA-ALTA;3;2026-08-14;Poland_IIILiga_Group2;Poland_IIILiga_Group2;;Ranking gap: 0.708 | Attacco casa: 2.00/gara | Difesa trasferta subisce: 1.50/gara | Over25 casa ultime10: 0.50 | Over25 trasferta ultime10: 0.50;14.16;20.0;;;15.0;7.5;7.5;;;;2.0.0
2026-08-15;Germany_Oberliga_SchleswigHolstein;Kaltenkirchen;Phonix Lubeck B;63.95;MEDIA-ALTA;4;2026-08-14;Germany_Oberliga_SchleswigHolstein;Germany_Oberliga_SchleswigHolstein;;Ranking gap: 0.031 | Attacco casa: 1.33/gara | Difesa trasferta subisce: 2.67/gara | Over25 casa ultime10: 0.67 | Over25 trasferta ultime10: 1.00;0.62;13.33;;;25.0;10.0;15.0;;;;2.0.0
2026-08-15;Poland_Division1;Chrobry Glogow;Podbeskidzie;63.89;MEDIA-ALTA;4;2026-08-14;Poland_Division1;Poland_Division1;;Ranking gap: 0.028 | Attacco casa: 2.33/gara | Difesa trasferta subisce: 2.00/gara | Over25 casa ultime10: 0.67 | Over25 trasferta ultime10: 0.67;0.56;23.33;;;20.0;10.0;10.0;;;;2.0.0
2026-08-15;Australia_NPLNSW;APIA Leichhardt;SD Raiders;63.82;MEDIA-ALTA;29;2026-08-14;Australia_NPLNSW;Australia_NPLNSW;;Ranking gap: 0.323 | Attacco casa: 2.18/gara | Difesa trasferta subisce: 1.61/gara | Over25 casa ultime10: 0.70 | Over25 trasferta ultime10: 0.60;6.46;21.79;;;16.07;10.5;9.0;;;;2.0.0
2026-08-15;Ukraine_PershaLiga;SC Poltava;UCSA;63.77;MEDIA-ALTA;4;2026-08-14;Ukraine_PershaLiga;Ukraine_PershaLiga;;Ranking gap: 0.022 | Attacco casa: 2.33/gara | Difesa trasferta subisce: 2.00/gara | Over25 casa ultime10: 0.67 | Over25 trasferta ultime10: 0.67;0.44;23.33;;;20.0;10.0;10.0;;;;2.0.0
2026-08-15;Norway_3rdDivision_Group5;Ulfstind;Skjetten;63.7;MEDIA-ALTA;17;2026-08-14;Norway_3rdDivision_Group5;Norway_3rdDivision_Group5;;Ranking gap: 0.256 | Attacco casa: 1.73/gara | Difesa trasferta subisce: 1.88/gara | Over25 casa ultime10: 0.80 | Over25 trasferta ultime10: 0.70;5.12;17.33;;;18.75;12.0;10.5;;;;2.0.0
2026-08-15;Australia_VictoriaPremierLeague;Brunswick City;North Geelong;63.58;MEDIA-ALTA;26;2026-08-14;Australia_VictoriaPremierLeague;Australia_VictoriaPremierLeague;;Ranking gap: 0.064 | Attacco casa: 2.09/gara | Difesa trasferta subisce: 2.04/gara | Over25 casa ultime10: 0.70 | Over25 trasferta ultime10: 0.70;1.28;20.87;;;20.43;10.5;10.5;;;;2.0.0
2026-08-15;Finland_Kakkonen_GroupB;HJS;GrIFK;63.34;MEDIA-ALTA;18;2026-08-14;Finland_Kakkonen_GroupB;Finland_Kakkonen_GroupB;;Ranking gap: 0.317 | Attacco casa: 1.88/gara | Difesa trasferta subisce: 1.88/gara | Over25 casa ultime10: 0.70 | Over25 trasferta ultime10: 0.60;6.34;18.75;;;18.75;10.5;9.0;;;;2.0.0
2026-08-15;Estonia_Esiliiga;Tallinna Kalev;Elva;62.99;MEDIA-ALTA;26;2026-08-14;Estonia_Esiliiga;Estonia_Esiliiga;;Ranking gap: 0.040 | Attacco casa: 1.95/gara | Difesa trasferta subisce: 1.71/gara | Over25 casa ultime10: 0.90 | Over25 trasferta ultime10: 0.80;0.8;19.55;;;17.14;13.5;12.0;;;;2.0.0
2026-08-15;Norway_3rdDivision_Group2;Orkla;Spjelkavik;62.95;MEDIA-ALTA;18;2026-08-14;Norway_3rdDivision_Group2;Norway_3rdDivision_Group2;;Ranking gap: 0.156 | Attacco casa: 1.80/gara | Difesa trasferta subisce: 1.93/gara | Over25 casa ultime10: 0.70 | Over25 trasferta ultime10: 0.80;3.12;18.0;;;19.33;10.5;12.0;;;;2.0.0
2026-08-15;Germany_Regionalliga_Nordost;Erfurt;Magdeburg II;62.94;MEDIA-ALTA;6;2026-08-14;Germany_Regionalliga_Nordost;Germany_Regionalliga_Nordost;;Ranking gap: 0.022 | Attacco casa: 3.25/gara | Difesa trasferta subisce: 1.50/gara | Over25 casa ultime10: 0.75 | Over25 trasferta ultime10: 0.75;0.44;25.0;;;15.0;11.25;11.25;;;;2.0.0
2026-08-15;Australia_NPL_NSW_U20;Manly Utd U20;NWS Spirit U20;62.73;MEDIA-ALTA;29;2026-08-14;Australia_NPL_NSW_U20;Australia_NPL_NSW_U20;;Ranking gap: 0.067 | Attacco casa: 2.07/gara | Difesa trasferta subisce: 1.81/gara | Over25 casa ultime10: 0.60 | Over25 trasferta ultime10: 0.90;1.34;20.74;;;18.15;9.0;13.5;;;;2.0.0
2026-08-15;Hungary_NBII;Kazincbarcika;Kozarmisleny;62.65;MEDIA-ALTA;4;2026-08-14;Hungary_NBII;Hungary_NBII;;Ranking gap: 0.049 | Attacco casa: 1.67/gara | Difesa trasferta subisce: 2.67/gara | Over25 casa ultime10: 0.67 | Over25 trasferta ultime10: 0.67;0.98;16.67;;;25.0;10.0;10.0;;;;2.0.0
2026-08-15;Norway_3rdDivision_Group3;Gneist;Forde;62.57;MEDIA-ALTA;16;2026-08-14;Norway_3rdDivision_Group3;Norway_3rdDivision_Group3;;Ranking gap: 0.170 | Attacco casa: 1.80/gara | Difesa trasferta subisce: 1.87/gara | Over25 casa ultime10: 0.80 | Over25 trasferta ultime10: 0.70;3.4;18.0;;;18.67;12.0;10.5;;;;2.0.0
2026-08-15;Germany_Regionalliga_Nordost;Chemnitzer;Aue;62.56;MEDIA-ALTA;6;2026-08-14;Germany_Regionalliga_Nordost;Germany_Regionalliga_Nordost;;Ranking gap: 0.003 | Attacco casa: 2.50/gara | Difesa trasferta subisce: 1.50/gara | Over25 casa ultime10: 0.75 | Over25 trasferta ultime10: 0.75;0.06;25.0;;;15.0;11.25;11.25;;;;2.0.0
2026-08-15;Poland_IIILiga_Group1;Pelikan;LKS Lodz II;62.5;MEDIA-ALTA;3;2026-08-14;Poland_IIILiga_Group1;Poland_IIILiga_Group1;;Ranking gap: 1.000 | Attacco casa: 2.00/gara | Difesa trasferta subisce: 1.50/gara | Over25 casa ultime10: 0.50 | Over25 trasferta ultime10: 0.00;20.0;20.0;;;15.0;7.5;0.0;;;;2.0.0
2026-08-15;Sweden_Division1_Norra;Karlbergs;Stocksund;62.28;MEDIA-ALTA;19;2026-08-14;Sweden_Division1_Norra;Sweden_Division1_Norra;;Ranking gap: 0.139 | Attacco casa: 1.62/gara | Difesa trasferta subisce: 2.38/gara | Over25 casa ultime10: 0.60 | Over25 trasferta ultime10: 0.70;2.78;16.25;;;23.75;9.0;10.5;;;;2.0.0
2026-08-15;Russia_PremierLeague;Rodina Moscow;Akron Togliatti;62.11;MEDIA-ALTA;4;2026-08-14;Russia_PremierLeague;Russia_PremierLeague;;Ranking gap: 0.022 | Attacco casa: 1.33/gara | Difesa trasferta subisce: 2.33/gara | Over25 casa ultime10: 1.00 | Over25 trasferta ultime10: 0.67;0.44;13.33;;;23.33;15.0;10.0;;;;2.0.0
2026-08-15;Norway_3rdDivision_Group3;Austevoll;V. Haugesund;62.07;MEDIA-ALTA;16;2026-08-14;Norway_3rdDivision_Group3;Norway_3rdDivision_Group3;;Ranking gap: 0.120 | Attacco casa: 2.00/gara | Difesa trasferta subisce: 1.87/gara | Over25 casa ultime10: 0.70 | Over25 trasferta ultime10: 0.70;2.4;20.0;;;18.67;10.5;10.5;;;;2.0.0
2026-08-15;Australia_WAStateLeague;Kingsley Westside;Murdoch Melville;61.94;MEDIA-ALTA;21;2026-08-14;Australia_WAStateLeague;Australia_WAStateLeague;;Ranking gap: 0.181 | Attacco casa: 1.63/gara | Difesa trasferta subisce: 2.10/gara | Over25 casa ultime10: 0.60 | Over25 trasferta ultime10: 0.80;3.62;16.32;;;21.0;9.0;12.0;;;;2.0.0
2026-08-15;Norway_3rdDivision_Group6;Rade;Drobak-Frogn;61.8;MEDIA-ALTA;16;2026-08-14;Norway_3rdDivision_Group6;Norway_3rdDivision_Group6;;Ranking gap: 0.115 | Attacco casa: 3.80/gara | Difesa trasferta subisce: 1.20/gara | Over25 casa ultime10: 0.80 | Over25 trasferta ultime10: 0.70;2.3;25.0;;;12.0;12.0;10.5;;;;2.0.0
2026-08-15;Australia_NorthernNSWStateLeague;Toronto Awaba Stags;Lake Macquarie;61.77;MEDIA-ALTA;19;2026-08-14;Australia_NorthernNSWStateLeague;Australia_NorthernNSWStateLeague;;Ranking gap: 0.565 | Attacco casa: 1.29/gara | Difesa trasferta subisce: 1.35/gara | Over25 casa ultime10: 0.60 | Over25 trasferta ultime10: 1.00;11.3;12.94;;;13.53;9.0;15.0;;;;2.0.0
2026-08-15;Australia_NPLACT;Monaro Panthers;Canberra Croatia;61.76;MEDIA-ALTA;24;2026-08-14;Australia_NPLACT;Australia_NPLACT;;Ranking gap: 0.059 | Attacco casa: 4.10/gara | Difesa trasferta subisce: 1.16/gara | Over25 casa ultime10: 0.80 | Over25 trasferta ultime10: 0.80;1.18;25.0;;;11.58;12.0;12.0;;;;2.0.0
2026-08-15;Wales_CymruPremier;Caernarfon;Colwyn Bay;61.66;MEDIA-ALTA;3;2026-08-14;Wales_CymruPremier;Wales_CymruPremier;;Ranking gap: 0.708 | Attacco casa: 1.50/gara | Difesa trasferta subisce: 1.00/gara | Over25 casa ultime10: 1.00 | Over25 trasferta ultime10: 0.50;14.16;15.0;;;10.0;15.0;7.5;;;;2.0.0
2026-08-15;Kazakhstan_PremierLeague;Ordabasy;Altai;61.63;MEDIA-ALTA;32;2026-08-14;Kazakhstan_PremierLeague;Kazakhstan_PremierLeague;;Ranking gap: 0.467 | Attacco casa: 1.90/gara | Difesa trasferta subisce: 1.52/gara | Over25 casa ultime10: 0.60 | Over25 trasferta ultime10: 0.60;9.34;19.05;;;15.24;9.0;9.0;;;;2.0.0
2026-08-15;CzechRepublic_3MSFL;Hodonin;Artis Brno B;61.34;MEDIA-ALTA;3;2026-08-14;CzechRepublic_3MSFL;CzechRepublic_3MSFL;;Ranking gap: 0.942 | Attacco casa: 2.00/gara | Difesa trasferta subisce: 0.00/gara | Over25 casa ultime10: 1.00 | Over25 trasferta ultime10: 0.50;18.84;20.0;;;0.0;15.0;7.5;;;;2.0.0
2026-08-15;Bolivia_DivisionProfesional;Bolivar;SA Bulo Bulo;61.28;MEDIA-ALTA;19;2026-08-14;Bolivia_DivisionProfesional;Bolivia_DivisionProfesional;;Ranking gap: 0.164 | Attacco casa: 2.29/gara | Difesa trasferta subisce: 1.71/gara | Over25 casa ultime10: 0.60 | Over25 trasferta ultime10: 0.60;3.28;22.86;;;17.14;9.0;9.0;;;;2.0.0
2026-08-15;Australia_NPL_NSW_U20;Sydney Olympic U20;Sydney Utd U20;61.2;MEDIA-ALTA;29;2026-08-14;Australia_NPL_NSW_U20;Australia_NPL_NSW_U20;;Ranking gap: 0.675 | Attacco casa: 0.89/gara | Difesa trasferta subisce: 1.48/gara | Over25 casa ultime10: 0.80 | Over25 trasferta ultime10: 0.80;13.5;8.89;;;14.81;12.0;12.0;;;;2.0.0
2026-08-15;Sweden_Division2_Norrland;Umea FF;Umea FC Akademi;61.05;MEDIA-ALTA;18;2026-08-14;Sweden_Division2_Norrland;Sweden_Division2_Norrland;;Ranking gap: 0.039 | Attacco casa: 1.77/gara | Difesa trasferta subisce: 2.31/gara | Over25 casa ultime10: 0.60 | Over25 trasferta ultime10: 0.70;0.78;17.69;;;23.08;9.0;10.5;;;;2.0.0
2026-08-15;Mexico_LigaExpansionMX_Apertura;Zacatecas Mineros;Venados;60.92;MEDIA-ALTA;4;2026-08-14;Mexico_LigaExpansionMX_Apertura;Mexico_LigaExpansionMX_Apertura;;Ranking gap: 0.046 | Attacco casa: 2.67/gara | Difesa trasferta subisce: 1.00/gara | Over25 casa ultime10: 1.00 | Over25 trasferta ultime10: 0.67;0.92;25.0;;;10.0;15.0;10.0;;;;2.0.0
2026-08-15;Sweden_Division2_Norrland;IFK Umea;Storfors;60.91;MEDIA-ALTA;18;2026-08-14;Sweden_Division2_Norrland;Sweden_Division2_Norrland;;Ranking gap: 0.059 | Attacco casa: 0.92/gara | Difesa trasferta subisce: 2.54/gara | Over25 casa ultime10: 0.90 | Over25 trasferta ultime10: 0.80;1.18;9.23;;;25.0;13.5;12.0;;;;2.0.0
2026-08-15;Norway_3rdDivision_Group1;Ullern;Union Carl Berner;60.72;MEDIA-ALTA;19;2026-08-14;Norway_3rdDivision_Group1;Norway_3rdDivision_Group1;;Ranking gap: 0.150 | Attacco casa: 1.67/gara | Difesa trasferta subisce: 1.56/gara | Over25 casa ultime10: 0.90 | Over25 trasferta ultime10: 0.80;3.0;16.67;;;15.56;13.5;12.0;;;;2.0.0
2026-08-15;Estonia_Esiliiga;Maardu;FC Tallinn;60.64;MEDIA-ALTA;26;2026-08-14;Estonia_Esiliiga;Estonia_Esiliiga;;Ranking gap: 0.050 | Attacco casa: 1.59/gara | Difesa trasferta subisce: 2.27/gara | Over25 casa ultime10: 0.80 | Over25 trasferta ultime10: 0.60;1.0;15.91;;;22.73;12.0;9.0;;;;2.0.0
2026-08-15;Finland_Kakkonen_GroupC;Jaro 2;Huima / Urho;60.56;MEDIA-ALTA;18;2026-08-14;Finland_Kakkonen_GroupC;Finland_Kakkonen_GroupC;;Ranking gap: 0.172 | Attacco casa: 1.88/gara | Difesa trasferta subisce: 1.44/gara | Over25 casa ultime10: 0.80 | Over25 trasferta ultime10: 0.80;3.44;18.75;;;14.37;12.0;12.0;;;;2.0.0
2026-08-15;Australia_NPLSouthAustralia;West Torrens;Adelaide United U23;60.53;MEDIA-ALTA;25;2026-08-14;Australia_NPLSouthAustralia;Australia_NPLSouthAustralia;;Ranking gap: 0.324 | Attacco casa: 2.48/gara | Difesa trasferta subisce: 1.43/gara | Over25 casa ultime10: 0.60 | Over25 trasferta ultime10: 0.40;6.48;24.76;;;14.29;9.0;6.0;;;;2.0.0
2026-08-15;Wales_CymruPremier;Barry;Cardiff Metropolitan;60.5;MEDIA-ALTA;3;2026-08-14;Wales_CymruPremier;Wales_CymruPremier;;Ranking gap: 0.400 | Attacco casa: 2.50/gara | Difesa trasferta subisce: 0.50/gara | Over25 casa ultime10: 1.00 | Over25 trasferta ultime10: 0.50;8.0;25.0;;;5.0;15.0;7.5;;;;2.0.0
2026-08-15;Australia_NSWLeagueOne;Canterbury Bankstown;Hakoah Sydney;60.49;MEDIA-ALTA;30;2026-08-14;Australia_NSWLeagueOne;Australia_NSWLeagueOne;;Ranking gap: 0.067 | Attacco casa: 2.26/gara | Difesa trasferta subisce: 1.56/gara | Over25 casa ultime10: 0.90 | Over25 trasferta ultime10: 0.50;1.34;22.59;;;15.56;13.5;7.5;;;;2.0.0
2026-08-15;Austria_Salzburg;Puch;TSU Bramberg;60.24;MEDIA-ALTA;3;2026-08-14;Austria_Salzburg;Austria_Salzburg;;Ranking gap: 0.012 | Attacco casa: 3.00/gara | Difesa trasferta subisce: 0.50/gara | Over25 casa ultime10: 1.00 | Over25 trasferta ultime10: 1.00;0.24;25.0;;;5.0;15.0;15.0;;;;2.0.0
2026-08-15;Finland_Kakkonen_GroupB;Abo;EPS;60.23;MEDIA-ALTA;18;2026-08-14;Finland_Kakkonen_GroupB;Finland_Kakkonen_GroupB;;Ranking gap: 0.224 | Attacco casa: 2.12/gara | Difesa trasferta subisce: 1.50/gara | Over25 casa ultime10: 0.50 | Over25 trasferta ultime10: 0.80;4.48;21.25;;;15.0;7.5;12.0;;;;2.0.0
2026-08-15;Germany_Regionalliga_Nord;VfB Oldenburg;Norderstedt;60.22;MEDIA-ALTA;4;2026-08-14;Germany_Regionalliga_Nord;Germany_Regionalliga_Nord;;Ranking gap: 0.011 | Attacco casa: 2.33/gara | Difesa trasferta subisce: 1.67/gara | Over25 casa ultime10: 0.67 | Over25 trasferta ultime10: 0.67;0.22;23.33;;;16.67;10.0;10.0;;;;2.0.0
2026-08-15;Austria_Salzburg;UFC Siezenheim;Thalgau;60.16;MEDIA-ALTA;3;2026-08-14;Austria_Salzburg;Austria_Salzburg;;Ranking gap: 0.008 | Attacco casa: 2.50/gara | Difesa trasferta subisce: 2.00/gara | Over25 casa ultime10: 0.50 | Over25 trasferta ultime10: 0.50;0.16;25.0;;;20.0;7.5;7.5;;;;2.0.0
2026-08-15;Austria_Salzburg;Schwarzach;Golling;60.04;MEDIA-ALTA;3;2026-08-14;Austria_Salzburg;Austria_Salzburg;;Ranking gap: 0.002 | Attacco casa: 0.50/gara | Difesa trasferta subisce: 3.00/gara | Over25 casa ultime10: 1.00 | Over25 trasferta ultime10: 1.00;0.04;5.0;;;25.0;15.0;15.0;;;;2.0.0
2026-08-15;Peru_Liga1_Clausura;Cusco;Juan Pablo II;59.87;MEDIA;4;2026-08-14;Peru_Liga1_Clausura;Peru_Liga1_Clausura;;Ranking gap: 0.077 | Attacco casa: 3.00/gara | Difesa trasferta subisce: 1.33/gara | Over25 casa ultime10: 1.00 | Over25 trasferta ultime10: 0.33;1.54;25.0;;;13.33;15.0;5.0;;;;2.0.0
2026-08-15;Australia_NSWLeagueOne;Newcastle Jets U23;Dulwich Hill;59.49;MEDIA;30;2026-08-14;Australia_NSWLeagueOne;Australia_NSWLeagueOne;;Ranking gap: 0.054 | Attacco casa: 1.81/gara | Difesa trasferta subisce: 1.93/gara | Over25 casa ultime10: 0.70 | Over25 trasferta ultime10: 0.70;1.08;18.15;;;19.26;10.5;10.5;;;;2.0.0
2026-08-15;Australia_WAStateLeague;Quinns;Gwelup Croatia;59.29;MEDIA;21;2026-08-14;Australia_WAStateLeague;Australia_WAStateLeague;;Ranking gap: 0.141 | Attacco casa: 1.45/gara | Difesa trasferta subisce: 1.95/gara | Over25 casa ultime10: 0.90 | Over25 trasferta ultime10: 0.60;2.82;14.5;;;19.47;13.5;9.0;;;;2.0.0
2026-08-15;Estonia_Esiliiga;Viimsi JK;Levadia U21;59.28;MEDIA;26;2026-08-14;Estonia_Esiliiga;Estonia_Esiliiga;;Ranking gap: 0.043 | Attacco casa: 1.84/gara | Difesa trasferta subisce: 1.75/gara | Over25 casa ultime10: 0.70 | Over25 trasferta ultime10: 0.80;0.86;18.42;;;17.5;10.5;12.0;;;;2.0.0
2026-08-15;Denmark_1stDivision;Hillerod;Aarhus Fremad;59.27;MEDIA;4;2026-08-14;Denmark_1stDivision;Denmark_1stDivision;;Ranking gap: 0.047 | Attacco casa: 2.00/gara | Difesa trasferta subisce: 1.33/gara | Over25 casa ultime10: 0.67 | Over25 trasferta ultime10: 1.00;0.94;20.0;;;13.33;10.0;15.0;;;;2.0.0
2026-08-15;Poland_IIILiga_Group3;Goczalkowice Zdroj;Sleza Wroclaw;59.16;MEDIA;3;2026-08-14;Poland_IIILiga_Group3;Poland_IIILiga_Group3;;Ranking gap: 0.708 | Attacco casa: 0.50/gara | Difesa trasferta subisce: 4.00/gara | Over25 casa ultime10: 0.00 | Over25 trasferta ultime10: 1.00;14.16;5.0;;;25.0;0.0;15.0;;;;2.0.0
2026-08-15;Moldova_SuperLiga;Politehnica UTM;Balti;59.0;MEDIA;8;2026-08-14;Moldova_SuperLiga;Moldova_SuperLiga;;Ranking gap: 0.200 | Attacco casa: 1.29/gara | Difesa trasferta subisce: 2.29/gara | Over25 casa ultime10: 0.57 | Over25 trasferta ultime10: 0.71;4.0;12.86;;;22.86;8.57;10.71;;;;2.0.0
2026-08-15;Switzerland_PromotionLeague;Lugano II;Luzerna II;59.0;MEDIA;3;2026-08-14;Switzerland_PromotionLeague;Switzerland_PromotionLeague;;Ranking gap: 0.825 | Attacco casa: 1.00/gara | Difesa trasferta subisce: 1.00/gara | Over25 casa ultime10: 1.00 | Over25 trasferta ultime10: 0.50;16.5;10.0;;;10.0;15.0;7.5;;;;2.0.0
2026-08-15;Australia_NPLACT;O'Connor Knights;Canberra White Eagles;58.99;MEDIA;24;2026-08-14;Australia_NPLACT;Australia_NPLACT;;Ranking gap: 0.291 | Attacco casa: 1.17/gara | Difesa trasferta subisce: 2.84/gara | Over25 casa ultime10: 0.30 | Over25 trasferta ultime10: 0.80;5.82;11.67;;;25.0;4.5;12.0;;;;2.0.0
2026-08-15;Austria_Regionalliga_North;Ried (Am);Grodig;58.78;MEDIA;4;2026-08-14;Austria_Regionalliga_North;Austria_Regionalliga_North;;Ranking gap: 0.689 | Attacco casa: 2.00/gara | Difesa trasferta subisce: 1.00/gara | Over25 casa ultime10: 0.33 | Over25 trasferta ultime10: 0.67;13.78;20.0;;;10.0;5.0;10.0;;;;2.0.0
2026-08-15;Estonia_EsiliigaB;Legion;Tammeka U21;58.75;MEDIA;23;2026-08-14;Estonia_EsiliigaB;Estonia_EsiliigaB;;Ranking gap: 0.335 | Attacco casa: 0.90/gara | Difesa trasferta subisce: 1.90/gara | Over25 casa ultime10: 0.80 | Over25 trasferta ultime10: 0.80;6.7;9.0;;;19.05;12.0;12.0;;;;2.0.0
2026-08-15;CzechRepublic_1Liga;Plzen;Zlin;58.71;MEDIA;4;2026-08-14;CzechRepublic_1Liga;CzechRepublic_1Liga;;Ranking gap: 0.019 | Attacco casa: 2.33/gara | Difesa trasferta subisce: 2.00/gara | Over25 casa ultime10: 0.67 | Over25 trasferta ultime10: 0.33;0.38;23.33;;;20.0;10.0;5.0;;;;2.0.0
2026-08-15;Poland_Ekstraklasa;Piast;Wieczysta Krakow;58.69;MEDIA;4;2026-08-14;Poland_Ekstraklasa;Poland_Ekstraklasa;;Ranking gap: 0.018 | Attacco casa: 1.33/gara | Difesa trasferta subisce: 2.00/gara | Over25 casa ultime10: 0.67 | Over25 trasferta ultime10: 1.00;0.36;13.33;;;20.0;10.0;15.0;;;;2.0.0
2026-08-15;Finland_Kakkonen_GroupB;Honka;P-Iirot Rauma;58.48;MEDIA;18;2026-08-14;Finland_Kakkonen_GroupB;Finland_Kakkonen_GroupB;;Ranking gap: 0.224 | Attacco casa: 3.19/gara | Difesa trasferta subisce: 1.25/gara | Over25 casa ultime10: 0.70 | Over25 trasferta ultime10: 0.40;4.48;25.0;;;12.5;10.5;6.0;;;;2.0.0
2026-08-15;Norway_3rdDivision_Group1;Heming;Asker;58.48;MEDIA;19;2026-08-14;Norway_3rdDivision_Group1;Norway_3rdDivision_Group1;;Ranking gap: 0.099 | Attacco casa: 2.20/gara | Difesa trasferta subisce: 1.20/gara | Over25 casa ultime10: 0.60 | Over25 trasferta ultime10: 0.90;1.98;22.0;;;12.0;9.0;13.5;;;;2.0.0
2026-08-15;Iceland_Division_2;Kari;Olafsvik;58.34;MEDIA;31;2026-08-14;Iceland_Division_2;Iceland_Division_2;;Ranking gap: 0.061 | Attacco casa: 2.56/gara | Difesa trasferta subisce: 1.56/gara | Over25 casa ultime10: 0.70 | Over25 trasferta ultime10: 0.40;1.22;25.0;;;15.62;10.5;6.0;;;;2.0.0
2026-08-15;Finland_Kakkonen_GroupB;MuSa;EBK;58.33;MEDIA;18;2026-08-14;Finland_Kakkonen_GroupB;Finland_Kakkonen_GroupB;;Ranking gap: 0.085 | Attacco casa: 1.06/gara | Difesa trasferta subisce: 2.53/gara | Over25 casa ultime10: 0.70 | Over25 trasferta ultime10: 0.70;1.7;10.62;;;25.0;10.5;10.5;;;;2.0.0
2026-08-15;Russia_FNL;Yenisey;Kamaz;58.3;MEDIA;6;2026-08-14;Russia_FNL;Russia_FNL;;Ranking gap: 0.065 | Attacco casa: 1.60/gara | Difesa trasferta subisce: 2.00/gara | Over25 casa ultime10: 0.80 | Over25 trasferta ultime10: 0.60;1.3;16.0;;;20.0;12.0;9.0;;;;2.0.0
2026-08-15;Australia_NPLTasmania;Devonport;Kingborough Lions;58.15;MEDIA;22;2026-08-14;Australia_NPLTasmania;Australia_NPLTasmania;;Ranking gap: 0.059 | Attacco casa: 3.11/gara | Difesa trasferta subisce: 0.95/gara | Over25 casa ultime10: 0.80 | Over25 trasferta ultime10: 0.70;1.18;25.0;;;9.47;12.0;10.5;;;;2.0.0
2026-08-15;Germany_Oberliga_Bayern_Nord;Ingolstadt II;Wurzburger FV;58.1;MEDIA;6;2026-08-14;Germany_Oberliga_Bayern_Nord;Germany_Oberliga_Bayern_Nord;;Ranking gap: 0.009 | Attacco casa: 2.00/gara | Difesa trasferta subisce: 1.67/gara | Over25 casa ultime10: 0.75 | Over25 trasferta ultime10: 0.67;0.18;20.0;;;16.67;11.25;10.0;;;;2.0.0
2026-08-15;Sweden_Division2_NorraSvealand;Angby;Kungsangen;58.08;MEDIA;18;2026-08-14;Sweden_Division2_NorraSvealand;Sweden_Division2_NorraSvealand;;Ranking gap: 0.338 | Attacco casa: 1.75/gara | Difesa trasferta subisce: 1.88/gara | Over25 casa ultime10: 0.40 | Over25 trasferta ultime10: 0.60;6.76;17.5;;;18.82;6.0;9.0;;;;2.0.0
2026-08-15;Germany_Oberliga_Bayern_Sud;Geretsried;Schwabmunchen;58.02;MEDIA;5;2026-08-14;Germany_Oberliga_Bayern_Sud;Germany_Oberliga_Bayern_Sud;;Ranking gap: 0.026 | Attacco casa: 1.00/gara | Difesa trasferta subisce: 2.75/gara | Over25 casa ultime10: 0.75 | Over25 trasferta ultime10: 0.75;0.52;10.0;;;25.0;11.25;11.25;;;;2.0.0
2026-08-15;Bolivia_DivisionProfesional;Real Oruro;Oriente Petrolero;58.01;MEDIA;19;2026-08-14;Bolivia_DivisionProfesional;Bolivia_DivisionProfesional;;Ranking gap: 0.090 | Attacco casa: 1.79/gara | Difesa trasferta subisce: 1.29/gara | Over25 casa ultime10: 0.90 | Over25 trasferta ultime10: 0.80;1.8;17.86;;;12.86;13.5;12.0;;;;2.0.0
2026-08-15;Slovakia_NikeLiga;Podbrezova;Trencin;57.92;MEDIA;4;2026-08-14;Slovakia_NikeLiga;Slovakia_NikeLiga;;Ranking gap: 0.021 | Attacco casa: 2.00/gara | Difesa trasferta subisce: 2.00/gara | Over25 casa ultime10: 0.67 | Over25 trasferta ultime10: 0.50;0.42;20.0;;;20.0;10.0;7.5;;;;2.0.0
2026-08-15;Austria_2Liga;Sturm Graz II;Admira;57.86;MEDIA;3;2026-08-14;Austria_2Liga;Austria_2Liga;;Ranking gap: 0.018 | Attacco casa: 2.00/gara | Difesa trasferta subisce: 1.50/gara | Over25 casa ultime10: 1.00 | Over25 trasferta ultime10: 0.50;0.36;20.0;;;15.0;15.0;7.5;;;;2.0.0
2026-08-15;NorthernIreland_NIFLChampionship;Rathfriland;Newry City;57.82;MEDIA;3;2026-08-14;NorthernIreland_NIFLChampionship;NorthernIreland_NIFLChampionship;;Ranking gap: 0.016 | Attacco casa: 1.50/gara | Difesa trasferta subisce: 2.00/gara | Over25 casa ultime10: 1.00 | Over25 trasferta ultime10: 0.50;0.32;15.0;;;20.0;15.0;7.5;;;;2.0.0
2026-08-15;Sweden_Division2_SodraSvealand;Karlslund;Haninge;57.75;MEDIA;18;2026-08-14;Sweden_Division2_SodraSvealand;Sweden_Division2_SodraSvealand;;Ranking gap: 0.325 | Attacco casa: 1.12/gara | Difesa trasferta subisce: 1.75/gara | Over25 casa ultime10: 0.70 | Over25 trasferta ultime10: 0.80;6.5;11.25;;;17.5;10.5;12.0;;;;2.0.0
2026-08-15;Ukraine_PremierLeague;Karpaty Lviv;Bukovyna;57.66;MEDIA;3;2026-08-14;Ukraine_PremierLeague;Ukraine_PremierLeague;;Ranking gap: 0.883 | Attacco casa: 3.50/gara | Difesa trasferta subisce: 0.00/gara | Over25 casa ultime10: 1.00 | Over25 trasferta ultime10: 0.00;17.66;25.0;;;0.0;15.0;0.0;;;;2.0.0
2026-08-15;NorthernIreland_NIFLChampionship;Newington;Queens Univ.;57.58;MEDIA;3;2026-08-14;NorthernIreland_NIFLChampionship;NorthernIreland_NIFLChampionship;;Ranking gap: 0.004 | Attacco casa: 3.00/gara | Difesa trasferta subisce: 1.00/gara | Over25 casa ultime10: 1.00 | Over25 trasferta ultime10: 0.50;0.08;25.0;;;10.0;15.0;7.5;;;;2.0.0
2026-08-15;Germany_Regionalliga_West;Rodinghausen;Paderborn II;57.52;MEDIA;3;2026-08-14;Germany_Regionalliga_West;Germany_Regionalliga_West;;Ranking gap: 0.001 | Attacco casa: 1.00/gara | Difesa trasferta subisce: 2.50/gara | Over25 casa ultime10: 0.50 | Over25 trasferta ultime10: 1.00;0.02;10.0;;;25.0;7.5;15.0;;;;2.0.0
2026-08-15;NorthernIreland_NIFLChampionship;Glenavon;Strabane Athletic;57.52;MEDIA;3;2026-08-14;NorthernIreland_NIFLChampionship;NorthernIreland_NIFLChampionship;;Ranking gap: 0.001 | Attacco casa: 2.50/gara | Difesa trasferta subisce: 1.00/gara | Over25 casa ultime10: 1.00 | Over25 trasferta ultime10: 0.50;0.02;25.0;;;10.0;15.0;7.5;;;;2.0.0
2026-08-15;Kyrgyzstan_PremierLiga;Kyrgyzaltyn;Bars;57.44;MEDIA;22;2026-08-14;Kyrgyzstan_PremierLiga;Kyrgyzstan_PremierLiga;;Ranking gap: 0.375 | Attacco casa: 0.94/gara | Difesa trasferta subisce: 1.50/gara | Over25 casa ultime10: 0.80 | Over25 trasferta ultime10: 0.90;7.5;9.44;;;15.0;12.0;13.5;;;;2.0.0
2026-08-15;Russia_FNL;Sochi;Ulyanovsk;57.42;MEDIA;6;2026-08-14;Russia_FNL;Russia_FNL;;Ranking gap: 0.021 | Attacco casa: 2.00/gara | Difesa trasferta subisce: 1.60/gara | Over25 casa ultime10: 0.80 | Over25 trasferta ultime10: 0.60;0.42;20.0;;;16.0;12.0;9.0;;;;2.0.0
2026-08-15;Iceland_Division_2;KFG Gardabaer;KFA;57.33;MEDIA;31;2026-08-14;Iceland_Division_2;Iceland_Division_2;;Ranking gap: 0.085 | Attacco casa: 1.31/gara | Difesa trasferta subisce: 2.00/gara | Over25 casa ultime10: 0.70 | Over25 trasferta ultime10: 0.80;1.7;13.12;;;20.0;10.5;12.0;;;;2.0.0
2026-08-15;Sweden_Division2_VastraGotaland;Jonsereds;Onsala;57.25;MEDIA;19;2026-08-14;Sweden_Division2_VastraGotaland;Sweden_Division2_VastraGotaland;;Ranking gap: 0.189 | Attacco casa: 1.75/gara | Difesa trasferta subisce: 1.65/gara | Over25 casa ultime10: 0.60 | Over25 trasferta ultime10: 0.70;3.78;17.5;;;16.47;9.0;10.5;;;;2.0.0
2026-08-15;Australia_NPLWesternAustralia;Perth Azzurri;Perth RedStar;57.2;MEDIA;24;2026-08-14;Australia_NPLWesternAustralia;Australia_NPLWesternAustralia;;Ranking gap: 0.110 | Attacco casa: 2.25/gara | Difesa trasferta subisce: 1.30/gara | Over25 casa ultime10: 0.70 | Over25 trasferta ultime10: 0.60;2.2;22.5;;;13.0;10.5;9.0;;;;2.0.0
2026-08-15;Sweden_Superettan;Falkenberg;Norrby;57.13;MEDIA;21;2026-08-14;Sweden_Superettan;Sweden_Superettan;;Ranking gap: 0.215 | Attacco casa: 2.00/gara | Difesa trasferta subisce: 1.33/gara | Over25 casa ultime10: 0.80 | Over25 trasferta ultime10: 0.50;4.3;20.0;;;13.33;12.0;7.5;;;;2.0.0
2026-08-15;Sweden_Division2_SodraGotaland;Torns;IFK Berga;57.08;MEDIA;20;2026-08-14;Sweden_Division2_SodraGotaland;Sweden_Division2_SodraGotaland;;Ranking gap: 0.286 | Attacco casa: 1.38/gara | Difesa trasferta subisce: 1.21/gara | Over25 casa ultime10: 0.80 | Over25 trasferta ultime10: 0.90;5.72;13.75;;;12.11;12.0;13.5;;;;2.0.0
2026-08-15;Australia_SAStateLeague;South Adelaide;Adelaide Atletico;56.95;MEDIA;25;2026-08-14;Australia_SAStateLeague;Australia_SAStateLeague;;Ranking gap: 0.346 | Attacco casa: 1.18/gara | Difesa trasferta subisce: 1.57/gara | Over25 casa ultime10: 0.80 | Over25 trasferta ultime10: 0.70;6.92;11.82;;;15.71;12.0;10.5;;;;2.0.0
2026-08-15;Sweden_Division2_NorraGotaland;IFK Skovde;Herrestads AIF;56.93;MEDIA;19;2026-08-14;Sweden_Division2_NorraGotaland;Sweden_Division2_NorraGotaland;;Ranking gap: 0.136 | Attacco casa: 1.88/gara | Difesa trasferta subisce: 1.89/gara | Over25 casa ultime10: 0.60 | Over25 trasferta ultime10: 0.50;2.72;18.82;;;18.89;9.0;7.5;;;;2.0.0
2026-08-15;Germany_Oberliga_Bayern_Nord;Bamberg;Regensburg II;56.89;MEDIA;6;2026-08-14;Germany_Oberliga_Bayern_Nord;Germany_Oberliga_Bayern_Nord;;Ranking gap: 0.032 | Attacco casa: 1.75/gara | Difesa trasferta subisce: 2.00/gara | Over25 casa ultime10: 0.50 | Over25 trasferta ultime10: 0.75;0.64;17.5;;;20.0;7.5;11.25;;;;2.0.0
2026-08-15;Norway_3rdDivision_Group2;Byåsen;Volda TI;56.83;MEDIA;18;2026-08-14;Norway_3rdDivision_Group2;Norway_3rdDivision_Group2;;Ranking gap: 0.158 | Attacco casa: 2.07/gara | Difesa trasferta subisce: 1.20/gara | Over25 casa ultime10: 0.80 | Over25 trasferta ultime10: 0.60;3.16;20.67;;;12.0;12.0;9.0;;;;2.0.0
2026-08-15;Iceland_Division_2;Throttur Vogar;Dalvik/Reynir;56.81;MEDIA;31;2026-08-14;Iceland_Division_2;Iceland_Division_2;;Ranking gap: 0.050 | Attacco casa: 1.71/gara | Difesa trasferta subisce: 1.62/gara | Over25 casa ultime10: 0.90 | Over25 trasferta ultime10: 0.60;1.0;17.06;;;16.25;13.5;9.0;;;;2.0.0
2026-08-15;Australia_NSWLeagueOne;Inter Lions;Bankstown City Lions;56.71;MEDIA;30;2026-08-14;Australia_NSWLeagueOne;Australia_NSWLeagueOne;;Ranking gap: 0.331 | Attacco casa: 1.26/gara | Difesa trasferta subisce: 1.50/gara | Over25 casa ultime10: 0.70 | Over25 trasferta ultime10: 0.80;6.62;12.59;;;15.0;10.5;12.0;;;;2.0.0
2026-08-15;Belarus_PershayaLiga;SKA-1938;Lida;56.62;MEDIA;21;2026-08-14;Belarus_PershayaLiga;Belarus_PershayaLiga;;Ranking gap: 0.018 | Attacco casa: 2.00/gara | Difesa trasferta subisce: 1.53/gara | Over25 casa ultime10: 0.60 | Over25 trasferta ultime10: 0.80;0.36;20.0;;;15.26;9.0;12.0;;;;2.0.0
2026-08-15;Mexico_LigaExpansionMX_Apertura;Correcaminos;Tapatio;56.56;MEDIA;4;2026-08-14;Mexico_LigaExpansionMX_Apertura;Mexico_LigaExpansionMX_Apertura;;Ranking gap: 0.078 | Attacco casa: 3.00/gara | Difesa trasferta subisce: 1.00/gara | Over25 casa ultime10: 1.00 | Over25 trasferta ultime10: 0.33;1.56;25.0;;;10.0;15.0;5.0;;;;2.0.0
2026-08-15;Belarus_PershayaLiga;Molodechno;Gomel 2;56.52;MEDIA;21;2026-08-14;Belarus_PershayaLiga;Belarus_PershayaLiga;;Ranking gap: 0.122 | Attacco casa: 1.58/gara | Difesa trasferta subisce: 1.58/gara | Over25 casa ultime10: 0.80 | Over25 trasferta ultime10: 0.70;2.44;15.79;;;15.79;12.0;10.5;;;;2.0.0
2026-08-15;Poland_IIILiga_Group2;Blekitni Stargard;Lech II;56.5;MEDIA;3;2026-08-14;Poland_IIILiga_Group2;Poland_IIILiga_Group2;;Ranking gap: 0.825 | Attacco casa: 1.00/gara | Difesa trasferta subisce: 1.50/gara | Over25 casa ultime10: 0.50 | Over25 trasferta ultime10: 0.50;16.5;10.0;;;15.0;7.5;7.5;;;;2.0.0
2026-08-15;Australia_NSWLeagueOne;Bulls Academy;Northern Tigers;56.39;MEDIA;30;2026-08-14;Australia_NSWLeagueOne;Australia_NSWLeagueOne;;Ranking gap: 0.287 | Attacco casa: 1.81/gara | Difesa trasferta subisce: 1.00/gara | Over25 casa ultime10: 0.70 | Over25 trasferta ultime10: 0.80;5.74;18.15;;;10.0;10.5;12.0;;;;2.0.0
2026-08-15;CzechRepublic_3MSFL;Nove Mesto na Morave;Zlin B;56.34;MEDIA;3;2026-08-14;CzechRepublic_3MSFL;CzechRepublic_3MSFL;;Ranking gap: 0.942 | Attacco casa: 1.00/gara | Difesa trasferta subisce: 0.50/gara | Over25 casa ultime10: 1.00 | Over25 trasferta ultime10: 0.50;18.84;10.0;;;5.0;15.0;7.5;;;;2.0.0
2026-08-15;Russia_PremierLeague;Krasnodar;Akhmat Grozny;56.16;MEDIA;4;2026-08-14;Russia_PremierLeague;Russia_PremierLeague;;Ranking gap: 0.058 | Attacco casa: 2.67/gara | Difesa trasferta subisce: 1.00/gara | Over25 casa ultime10: 1.00 | Over25 trasferta ultime10: 0.33;1.16;25.0;;;10.0;15.0;5.0;;;;2.0.0
2026-08-15;Belarus_PershayaLiga;Soligorsk;Niva Dolbizno;56.09;MEDIA;21;2026-08-14;Belarus_PershayaLiga;Belarus_PershayaLiga;;Ranking gap: 0.127 | Attacco casa: 2.00/gara | Difesa trasferta subisce: 1.11/gara | Over25 casa ultime10: 0.70 | Over25 trasferta ultime10: 0.80;2.54;20.0;;;11.05;10.5;12.0;;;;2.0.0
2026-08-15;Australia_SAStateLeague;Blue Eagles;Eastern United;56.0;MEDIA;25;2026-08-14;Australia_SAStateLeague;Australia_SAStateLeague;;Ranking gap: 0.212 | Attacco casa: 1.57/gara | Difesa trasferta subisce: 1.95/gara | Over25 casa ultime10: 0.60 | Over25 trasferta ultime10: 0.50;4.24;15.71;;;19.55;9.0;7.5;;;;2.0.0
2026-08-15;Norway_3rdDivision_Group6;Oppsal;Elverum;55.97;MEDIA;16;2026-08-14;Norway_3rdDivision_Group6;Norway_3rdDivision_Group6;;Ranking gap: 0.115 | Attacco casa: 1.73/gara | Difesa trasferta subisce: 1.53/gara | Over25 casa ultime10: 0.60 | Over25 trasferta ultime10: 0.80;2.3;17.33;;;15.33;9.0;12.0;;;;2.0.0
2026-08-15;Norway_3rdDivision_Group2;Nardo;Melhus;55.8;MEDIA;18;2026-08-14;Norway_3rdDivision_Group2;Norway_3rdDivision_Group2;;Ranking gap: 0.290 | Attacco casa: 1.87/gara | Difesa trasferta subisce: 1.33/gara | Over25 casa ultime10: 0.70 | Over25 trasferta ultime10: 0.50;5.8;18.67;;;13.33;10.5;7.5;;;;2.0.0
2026-08-15;Norway_3rdDivision_Group4;Vag;Mandalskameratene;55.79;MEDIA;18;2026-08-14;Norway_3rdDivision_Group4;Norway_3rdDivision_Group4;;Ranking gap: 0.181 | Attacco casa: 1.33/gara | Difesa trasferta subisce: 1.93/gara | Over25 casa ultime10: 0.50 | Over25 trasferta ultime10: 0.80;3.62;13.33;;;19.33;7.5;12.0;;;;2.0.0
2026-08-15;Norway_OBOSLigaen;Bryne;Moss;55.63;MEDIA;18;2026-08-14;Norway_OBOSLigaen;Norway_OBOSLigaen;;Ranking gap: 0.058 | Attacco casa: 1.35/gara | Difesa trasferta subisce: 2.29/gara | Over25 casa ultime10: 0.30 | Over25 trasferta ultime10: 0.90;1.16;13.53;;;22.94;4.5;13.5;;;;2.0.0
2026-08-15;Sweden_Division1_Norra;Karlstad;Assyriska FF;55.62;MEDIA;19;2026-08-14;Sweden_Division1_Norra;Sweden_Division1_Norra;;Ranking gap: 0.145 | Attacco casa: 1.75/gara | Difesa trasferta subisce: 1.72/gara | Over25 casa ultime10: 0.50 | Over25 trasferta ultime10: 0.70;2.9;17.5;;;17.22;7.5;10.5;;;;2.0.0
2026-08-15;Austria_2Liga;Kapfenberg;Innsbruck;55.6;MEDIA;3;2026-08-14;Austria_2Liga;Austria_2Liga;;Ranking gap: 0.030 | Attacco casa: 1.00/gara | Difesa trasferta subisce: 1.50/gara | Over25 casa ultime10: 1.00 | Over25 trasferta ultime10: 1.00;0.6;10.0;;;15.0;15.0;15.0;;;;2.0.0
2026-08-15;Austria_Oberosterreich;Andorf;Pregarten;55.46;MEDIA;3;2026-08-14;Austria_Oberosterreich;Austria_Oberosterreich;;Ranking gap: 0.023 | Attacco casa: 2.00/gara | Difesa trasferta subisce: 2.00/gara | Over25 casa ultime10: 0.50 | Over25 trasferta ultime10: 0.50;0.46;20.0;;;20.0;7.5;7.5;;;;2.0.0
2026-08-15;Australia_NSWLeagueOne;Western City Rangers;Hills United;55.4;MEDIA;30;2026-08-14;Australia_NSWLeagueOne;Australia_NSWLeagueOne;;Ranking gap: 0.368 | Attacco casa: 1.11/gara | Difesa trasferta subisce: 1.59/gara | Over25 casa ultime10: 0.50 | Over25 trasferta ultime10: 0.90;7.36;11.11;;;15.93;7.5;13.5;;;;2.0.0
2026-08-15;Australia_NorthernNSWStateLeague;West Wallsend;South Cardiff;55.35;MEDIA;19;2026-08-14;Australia_NorthernNSWStateLeague;Australia_NorthernNSWStateLeague;;Ranking gap: 0.191 | Attacco casa: 1.53/gara | Difesa trasferta subisce: 1.82/gara | Over25 casa ultime10: 0.70 | Over25 trasferta ultime10: 0.50;3.82;15.29;;;18.24;10.5;7.5;;;;2.0.0
2026-08-15;Denmark_2ndDivision;Roskilde;Middelfart;55.28;MEDIA;3;2026-08-14;Denmark_2ndDivision;Denmark_2ndDivision;;Ranking gap: 0.014 | Attacco casa: 2.00/gara | Difesa trasferta subisce: 0.50/gara | Over25 casa ultime10: 1.00 | Over25 trasferta ultime10: 1.00;0.28;20.0;;;5.0;15.0;15.0;;;;2.0.0
2026-08-15;Sweden_Division2_Norrland;Kubikenborgs IF;Taftea IK;54.47;MEDIA;18;2026-08-14;Sweden_Division2_Norrland;Sweden_Division2_Norrland;;Ranking gap: 0.032 | Attacco casa: 1.93/gara | Difesa trasferta subisce: 1.20/gara | Over25 casa ultime10: 0.80 | Over25 trasferta ultime10: 0.70;0.64;19.33;;;12.0;12.0;10.5;;;;2.0.0
2026-08-15;Poland_IIILiga_Group1;Warta Sieradz;Jagiellonia II;54.16;MEDIA;3;2026-08-14;Poland_IIILiga_Group1;Poland_IIILiga_Group1;;Ranking gap: 0.708 | Attacco casa: 1.00/gara | Difesa trasferta subisce: 1.50/gara | Over25 casa ultime10: 0.50 | Over25 trasferta ultime10: 0.50;14.16;10.0;;;15.0;7.5;7.5;;;;2.0.0
2026-08-15;Serbia_SuperLiga;Cukaricki;OFK Belgrado;54.07;MEDIA;5;2026-08-14;Serbia_SuperLiga;Serbia_SuperLiga;;Ranking gap: 0.016 | Attacco casa: 1.75/gara | Difesa trasferta subisce: 1.75/gara | Over25 casa ultime10: 0.50 | Over25 trasferta ultime10: 0.75;0.32;17.5;;;17.5;7.5;11.25;;;;2.0.0
2026-08-15;CzechRepublic_3MSFL;Uhersky Brod;SK Hranice;54.0;MEDIA;3;2026-08-14;CzechRepublic_3MSFL;CzechRepublic_3MSFL;;Ranking gap: 0.825 | Attacco casa: 2.00/gara | Difesa trasferta subisce: 1.00/gara | Over25 casa ultime10: 0.50 | Over25 trasferta ultime10: 0.00;16.5;20.0;;;10.0;7.5;0.0;;;;2.0.0
2026-08-15;CzechRepublic_1Liga;Sparta Praga;Teplice;53.99;MEDIA;4;2026-08-14;CzechRepublic_1Liga;CzechRepublic_1Liga;;Ranking gap: 0.033 | Attacco casa: 1.33/gara | Difesa trasferta subisce: 2.00/gara | Over25 casa ultime10: 0.67 | Over25 trasferta ultime10: 0.67;0.66;13.33;;;20.0;10.0;10.0;;;;2.0.0
2026-08-15;Norway_OBOSLigaen;Lyn;Odd;53.87;MEDIA;18;2026-08-14;Norway_OBOSLigaen;Norway_OBOSLigaen;;Ranking gap: 0.186 | Attacco casa: 1.41/gara | Difesa trasferta subisce: 1.35/gara | Over25 casa ultime10: 0.70 | Over25 trasferta ultime10: 0.80;3.72;14.12;;;13.53;10.5;12.0;;;;2.0.0
2026-08-15;Finland_Ykkonen;OLS Oulu;Rovaniemi;53.79;MEDIA;22;2026-08-14;Finland_Ykkonen;Finland_Ykkonen;;Ranking gap: 0.083 | Attacco casa: 1.95/gara | Difesa trasferta subisce: 1.32/gara | Over25 casa ultime10: 0.70 | Over25 trasferta ultime10: 0.60;1.66;19.47;;;13.16;10.5;9.0;;;;2.0.0
2026-08-15;Ukraine_PershaLiga;Metalist Kharkiv;Oleksandriya;53.53;MEDIA;4;2026-08-14;Ukraine_PershaLiga;Ukraine_PershaLiga;;Ranking gap: 0.010 | Attacco casa: 1.67/gara | Difesa trasferta subisce: 1.67/gara | Over25 casa ultime10: 0.67 | Over25 trasferta ultime10: 0.67;0.2;16.67;;;16.67;10.0;10.0;;;;2.0.0
2026-08-15;Lithuania_ILyga;Dainava Alytus;BFA Vilnius;53.51;MEDIA;21;2026-08-14;Lithuania_ILyga;Lithuania_ILyga;;Ranking gap: 0.081 | Attacco casa: 1.78/gara | Difesa trasferta subisce: 1.61/gara | Over25 casa ultime10: 0.50 | Over25 trasferta ultime10: 0.70;1.62;17.78;;;16.11;7.5;10.5;;;;2.0.0
2026-08-15;Russia_PremierLeague;FK Rostov;Kazan;53.43;MEDIA;4;2026-08-14;Russia_PremierLeague;Russia_PremierLeague;;Ranking gap: 0.005 | Attacco casa: 1.67/gara | Difesa trasferta subisce: 1.67/gara | Over25 casa ultime10: 0.67 | Over25 trasferta ultime10: 0.67;0.1;16.67;;;16.67;10.0;10.0;;;;2.0.0
2026-08-15;Finland_Ykkonen;SalPa;Jazz Pori;53.21;MEDIA;22;2026-08-14;Finland_Ykkonen;Finland_Ykkonen;;Ranking gap: 0.129 | Attacco casa: 1.79/gara | Difesa trasferta subisce: 1.47/gara | Over25 casa ultime10: 0.70 | Over25 trasferta ultime10: 0.50;2.58;17.89;;;14.74;10.5;7.5;;;;2.0.0
2026-08-15;Belarus_VysshayaLiga;Gomel;Naftan;53.18;MEDIA;20;2026-08-14;Belarus_VysshayaLiga;Belarus_VysshayaLiga;;Ranking gap: 0.229 | Attacco casa: 1.24/gara | Difesa trasferta subisce: 2.12/gara | Over25 casa ultime10: 0.30 | Over25 trasferta ultime10: 0.70;4.58;12.35;;;21.25;4.5;10.5;;;;2.0.0
2026-08-15;FaroeIslands_1Deild;Hoyvik;Sandur;53.15;MEDIA;19;2026-08-14;FaroeIslands_1Deild;FaroeIslands_1Deild;;Ranking gap: 0.229 | Attacco casa: 1.60/gara | Difesa trasferta subisce: 0.86/gara | Over25 casa ultime10: 0.70 | Over25 trasferta ultime10: 0.90;4.58;16.0;;;8.57;10.5;13.5;;;;2.0.0
2026-08-15;Sweden_Division2_Norrland;Skelleftea;IFK Lulea;53.02;MEDIA;18;2026-08-14;Sweden_Division2_Norrland;Sweden_Division2_Norrland;;Ranking gap: 0.051 | Attacco casa: 2.20/gara | Difesa trasferta subisce: 1.20/gara | Over25 casa ultime10: 0.60 | Over25 trasferta ultime10: 0.60;1.02;22.0;;;12.0;9.0;9.0;;;;2.0.0
2026-08-15;Austria_Regionalliga_West;Fugen;Hohenems;52.92;MEDIA;3;2026-08-14;Austria_Regionalliga_West;Austria_Regionalliga_West;;Ranking gap: 0.021 | Attacco casa: 2.00/gara | Difesa trasferta subisce: 1.00/gara | Over25 casa ultime10: 0.50 | Over25 trasferta ultime10: 1.00;0.42;20.0;;;10.0;7.5;15.0;;;;2.0.0
2026-08-15;Finland_Kakkonen_GroupA;PuiU;Kiffen;52.8;MEDIA;18;2026-08-14;Finland_Kakkonen_GroupA;Finland_Kakkonen_GroupA;;Ranking gap: 0.436 | Attacco casa: 1.53/gara | Difesa trasferta subisce: 1.38/gara | Over25 casa ultime10: 0.60 | Over25 trasferta ultime10: 0.40;8.72;15.33;;;13.75;9.0;6.0;;;;2.0.0
2026-08-15;Sweden_Division2_VastraGotaland;Torslanda;Dalstorps IF;52.79;MEDIA;19;2026-08-14;Sweden_Division2_VastraGotaland;Sweden_Division2_VastraGotaland;;Ranking gap: 0.166 | Attacco casa: 1.62/gara | Difesa trasferta subisce: 1.22/gara | Over25 casa ultime10: 0.60 | Over25 trasferta ultime10: 0.80;3.32;16.25;;;12.22;9.0;12.0;;;;2.0.0
2026-08-15;Australia_SAStateLeague;Adelaide Olympic;Adelaide Croatia Raiders;52.76;MEDIA;25;2026-08-14;Australia_SAStateLeague;Australia_SAStateLeague;;Ranking gap: 0.044 | Attacco casa: 2.00/gara | Difesa trasferta subisce: 1.24/gara | Over25 casa ultime10: 0.50 | Over25 trasferta ultime10: 0.80;0.88;20.0;;;12.38;7.5;12.0;;;;2.0.0
2026-08-15;Austria_Oberosterreich;Perg;Garsten;52.66;MEDIA;3;2026-08-14;Austria_Oberosterreich;Austria_Oberosterreich;;Ranking gap: 0.008 | Attacco casa: 2.00/gara | Difesa trasferta subisce: 1.00/gara | Over25 casa ultime10: 0.50 | Over25 trasferta ultime10: 1.00;0.16;20.0;;;10.0;7.5;15.0;;;;2.0.0
2026-08-15;Sweden_Division2_Norrland;Fransta;Friska Viljor;52.59;MEDIA;18;2026-08-14;Sweden_Division2_Norrland;Sweden_Division2_Norrland;;Ranking gap: 0.039 | Attacco casa: 1.54/gara | Difesa trasferta subisce: 1.69/gara | Over25 casa ultime10: 0.80 | Over25 trasferta ultime10: 0.50;0.78;15.38;;;16.92;12.0;7.5;;;;2.0.0
2026-08-15;Iceland_BestaDeildKarla;Thor Akureyri;Keflavik;52.55;MEDIA;24;2026-08-14;Iceland_BestaDeildKarla;Iceland_BestaDeildKarla;;Ranking gap: 0.208 | Attacco casa: 1.00/gara | Difesa trasferta subisce: 1.89/gara | Over25 casa ultime10: 0.60 | Over25 trasferta ultime10: 0.70;4.16;10.0;;;18.89;9.0;10.5;;;;2.0.0
2026-08-15;Finland_Ykkosliiga;Jippo;SJK Akatemia;51.98;MEDIA;21;2026-08-14;Finland_Ykkosliiga;Finland_Ykkosliiga;;Ranking gap: 0.656 | Attacco casa: 1.33/gara | Difesa trasferta subisce: 1.35/gara | Over25 casa ultime10: 0.50 | Over25 trasferta ultime10: 0.30;13.12;13.33;;;13.53;7.5;4.5;;;;2.0.0
2026-08-15;Australia_NPLSouthAustralia;West Adelaide;Playford Patriots;51.97;MEDIA;25;2026-08-14;Australia_NPLSouthAustralia;Australia_NPLSouthAustralia;;Ranking gap: 0.248 | Attacco casa: 1.77/gara | Difesa trasferta subisce: 1.43/gara | Over25 casa ultime10: 0.60 | Over25 trasferta ultime10: 0.40;4.96;17.73;;;14.29;9.0;6.0;;;;2.0.0
2026-08-15;Australia_SAStateLeague;Adelaide Cobras;Salisbury Utd.;51.9;MEDIA;25;2026-08-14;Australia_SAStateLeague;Australia_SAStateLeague;;Ranking gap: 0.076 | Attacco casa: 1.00/gara | Difesa trasferta subisce: 2.24/gara | Over25 casa ultime10: 0.40 | Over25 trasferta ultime10: 0.80;1.52;10.0;;;22.38;6.0;12.0;;;;2.0.0
2026-08-15;Denmark_3rdDivision;Næsby;Bronshoj;51.66;MEDIA;3;2026-08-14;Denmark_3rdDivision;Denmark_3rdDivision;;Ranking gap: 0.708 | Attacco casa: 1.00/gara | Difesa trasferta subisce: 0.50/gara | Over25 casa ultime10: 1.00 | Over25 trasferta ultime10: 0.50;14.16;10.0;;;5.0;15.0;7.5;;;;2.0.0
2026-08-15;Sweden_Division1_Norra;Sollentuna;Jarfalla;51.59;MEDIA;19;2026-08-14;Sweden_Division1_Norra;Sweden_Division1_Norra;;Ranking gap: 0.024 | Attacco casa: 0.82/gara | Difesa trasferta subisce: 2.19/gara | Over25 casa ultime10: 0.50 | Over25 trasferta ultime10: 0.90;0.48;8.24;;;21.88;7.5;13.5;;;;2.0.0
2026-08-15;Australia_NSWLeagueOne;Rydalmere Lions;Prospect United;51.01;MEDIA;30;2026-08-14;Australia_NSWLeagueOne;Australia_NSWLeagueOne;;Ranking gap: 0.283 | Attacco casa: 1.44/gara | Difesa trasferta subisce: 1.74/gara | Over25 casa ultime10: 0.50 | Over25 trasferta ultime10: 0.40;5.66;14.44;;;17.41;7.5;6.0;;;;2.0.0
2026-08-15;Bulgaria_ParvaLiga;Ludogorets;Botev Plovdiv;50.98;MEDIA;5;2026-08-14;Bulgaria_ParvaLiga;Bulgaria_ParvaLiga;;Ranking gap: 0.049 | Attacco casa: 2.00/gara | Difesa trasferta subisce: 1.50/gara | Over25 casa ultime10: 0.50 | Over25 trasferta ultime10: 0.50;0.98;20.0;;;15.0;7.5;7.5;;;;2.0.0
2026-08-15;Moldova_SuperLiga;Dacia Buiucani;Petrocub;50.85;MEDIA;8;2026-08-14;Moldova_SuperLiga;Moldova_SuperLiga;;Ranking gap: 0.257 | Attacco casa: 1.43/gara | Difesa trasferta subisce: 1.00/gara | Over25 casa ultime10: 0.71 | Over25 trasferta ultime10: 0.71;5.14;14.29;;;10.0;10.71;10.71;;;;2.0.0
2026-08-15;Sweden_Division1_Sodra;Olympic;AFC Malmo;50.62;MEDIA;19;2026-08-14;Sweden_Division1_Sodra;Sweden_Division1_Sodra;;Ranking gap: 0.075 | Attacco casa: 1.56/gara | Difesa trasferta subisce: 1.25/gara | Over25 casa ultime10: 0.70 | Over25 trasferta ultime10: 0.70;1.5;15.62;;;12.5;10.5;10.5;;;;2.0.0
2026-08-15;Australia_NSWLeagueOne;Macarthur Rams;Blacktown Spartans;50.58;MEDIA;30;2026-08-14;Australia_NSWLeagueOne;Australia_NSWLeagueOne;;Ranking gap: 0.179 | Attacco casa: 1.39/gara | Difesa trasferta subisce: 1.21/gara | Over25 casa ultime10: 0.60 | Over25 trasferta ultime10: 0.80;3.58;13.93;;;12.07;9.0;12.0;;;;2.0.0
2026-08-15;Iceland_Division_2;Magni;Kormakur/Hvot;50.56;MEDIA;31;2026-08-14;Iceland_Division_2;Iceland_Division_2;;Ranking gap: 0.128 | Attacco casa: 1.69/gara | Difesa trasferta subisce: 1.31/gara | Over25 casa ultime10: 0.60 | Over25 trasferta ultime10: 0.60;2.56;16.88;;;13.12;9.0;9.0;;;;2.0.0
2026-08-15;Sweden_Allsvenskan;Mjallby;Sirius;50.53;MEDIA;22;2026-08-14;Sweden_Allsvenskan;Sweden_Allsvenskan;;Ranking gap: 0.291 | Attacco casa: 1.33/gara | Difesa trasferta subisce: 1.19/gara | Over25 casa ultime10: 0.50 | Over25 trasferta ultime10: 0.80;5.82;13.33;;;11.88;7.5;12.0;;;;2.0.0
2026-08-15;Austria_Oberosterreich;St. Martin im Muhlreis;Weisskirchen;50.52;MEDIA;3;2026-08-14;Austria_Oberosterreich;Austria_Oberosterreich;;Ranking gap: 0.026 | Attacco casa: 0.00/gara | Difesa trasferta subisce: 2.00/gara | Over25 casa ultime10: 1.00 | Over25 trasferta ultime10: 1.00;0.52;0.0;;;20.0;15.0;15.0;;;;2.0.0
2026-08-15;Australia_VictoriaPremierLeague2;Moreland City;Box Hill;50.45;MEDIA;25;2026-08-14;Australia_VictoriaPremierLeague2;Australia_VictoriaPremierLeague2;;Ranking gap: 0.363 | Attacco casa: 1.23/gara | Difesa trasferta subisce: 1.29/gara | Over25 casa ultime10: 0.60 | Over25 trasferta ultime10: 0.60;7.26;12.27;;;12.92;9.0;9.0;;;;2.0.0
2026-08-15;NorthernIreland_NIFLChampionship;H&W Welders;Armagh;50.42;MEDIA;3;2026-08-14;NorthernIreland_NIFLChampionship;NorthernIreland_NIFLChampionship;;Ranking gap: 0.021 | Attacco casa: 2.00/gara | Difesa trasferta subisce: 1.50/gara | Over25 casa ultime10: 1.00 | Over25 trasferta ultime10: 0.00;0.42;20.0;;;15.0;15.0;0.0;;;;2.0.0
2026-08-15;Germany_Oberliga_RheinlandPfalzSaar;RW Wittlich;TSV 1881 Gau-Odernheim;50.32;MEDIA;4;2026-08-14;Germany_Oberliga_RheinlandPfalzSaar;Germany_Oberliga_RheinlandPfalzSaar;;Ranking gap: 0.016 | Attacco casa: 2.50/gara | Difesa trasferta subisce: 1.00/gara | Over25 casa ultime10: 0.50 | Over25 trasferta ultime10: 0.50;0.32;25.0;;;10.0;7.5;7.5;;;;2.0.0
2026-08-15;Germany_Oberliga_Hessen;Hummetroth;Stadtallendorf;50.28;MEDIA;4;2026-08-14;Germany_Oberliga_Hessen;Germany_Oberliga_Hessen;;Ranking gap: 0.014 | Attacco casa: 1.33/gara | Difesa trasferta subisce: 1.67/gara | Over25 casa ultime10: 1.00 | Over25 trasferta ultime10: 0.33;0.28;13.33;;;16.67;15.0;5.0;;;;2.0.0
2026-08-15;USA_MLSNextPro_EasternConference_NortheastDivision;Toronto FC II;Chattanooga;50.2;MEDIA;25;2026-08-14;USA_MLSNextPro_EasternConference_NortheastDivision;USA_MLSNextPro_EasternConference_NortheastDivision;;Ranking gap: 0.116 | Attacco casa: 1.69/gara | Difesa trasferta subisce: 1.00/gara | Over25 casa ultime10: 0.90 | Over25 trasferta ultime10: 0.50;2.32;16.88;;;10.0;13.5;7.5;;;;2.0.0
2026-08-15;Austria_Regionalliga_West;Lochau;Altach U21;50.1;MEDIA;3;2026-08-14;Austria_Regionalliga_West;Austria_Regionalliga_West;;Ranking gap: 0.005 | Attacco casa: 1.50/gara | Difesa trasferta subisce: 2.00/gara | Over25 casa ultime10: 0.50 | Over25 trasferta ultime10: 0.50;0.1;15.0;;;20.0;7.5;7.5;;;;2.0.0
2026-08-15;Austria_Tirol;SV Oberperfuss;Kolsass Weer;50.0;MEDIA;3;2026-08-14;Austria_Tirol;Austria_Tirol;;Ranking gap: 1.000 | Attacco casa: 1.50/gara | Difesa trasferta subisce: 0.00/gara | Over25 casa ultime10: 1.00 | Over25 trasferta ultime10: 0.00;20.0;15.0;;;0.0;15.0;0.0;;;;2.0.0
2026-08-15;Germany_Regionalliga_Nordost;BFC Preussen;Greifswald;49.81;MEDIA;6;2026-08-14;Germany_Regionalliga_Nordost;Germany_Regionalliga_Nordost;;Ranking gap: 0.053 | Attacco casa: 0.75/gara | Difesa trasferta subisce: 1.50/gara | Over25 casa ultime10: 0.75 | Over25 trasferta ultime10: 1.00;1.06;7.5;;;15.0;11.25;15.0;;;;2.0.0
2026-08-15;Sweden_Superettan;Ljungskile;Öster;49.8;MEDIA;21;2026-08-14;Sweden_Superettan;Sweden_Superettan;;Ranking gap: 0.069 | Attacco casa: 1.39/gara | Difesa trasferta subisce: 1.35/gara | Over25 casa ultime10: 0.70 | Over25 trasferta ultime10: 0.70;1.38;13.89;;;13.53;10.5;10.5;;;;2.0.0
2026-08-15;Latvia_NakotnesLiga;Marupe;Super Nova 2;49.5;MEDIA;17;2026-08-14;Latvia_NakotnesLiga;Latvia_NakotnesLiga;;Ranking gap: 0.044 | Attacco casa: 1.62/gara | Difesa trasferta subisce: 1.44/gara | Over25 casa ultime10: 0.80 | Over25 trasferta ultime10: 0.40;0.88;16.25;;;14.37;12.0;6.0;;;;2.0.0
2026-08-15;SouthKorea_KLeague2;Busan;Hwaseong;49.48;MEDIA;22;2026-08-14;SouthKorea_KLeague2;SouthKorea_KLeague2;;Ranking gap: 0.024 | Attacco casa: 1.85/gara | Difesa trasferta subisce: 1.10/gara | Over25 casa ultime10: 0.60 | Over25 trasferta ultime10: 0.70;0.48;18.5;;;11.0;9.0;10.5;;;;2.0.0
2026-08-15;Finland_Ykkosliiga;PK-35;Klubi 04;49.45;MEDIA;21;2026-08-14;Finland_Ykkosliiga;Finland_Ykkosliiga;;Ranking gap: 0.665 | Attacco casa: 1.44/gara | Difesa trasferta subisce: 1.28/gara | Over25 casa ultime10: 0.40 | Over25 trasferta ultime10: 0.20;13.3;14.37;;;12.78;6.0;3.0;;;;2.0.0
2026-08-15;Sweden_Division2_Norrland;Boden;Gottne;49.43;MEDIA;18;2026-08-14;Sweden_Division2_Norrland;Sweden_Division2_Norrland;;Ranking gap: 0.038 | Attacco casa: 1.20/gara | Difesa trasferta subisce: 1.87/gara | Over25 casa ultime10: 0.40 | Over25 trasferta ultime10: 0.80;0.76;12.0;;;18.67;6.0;12.0;;;;2.0.0
2026-08-15;Peru_Liga1_Clausura;Los Chankas;Melgar;49.37;MEDIA;4;2026-08-14;Peru_Liga1_Clausura;Peru_Liga1_Clausura;;Ranking gap: 0.052 | Attacco casa: 1.67/gara | Difesa trasferta subisce: 1.67/gara | Over25 casa ultime10: 0.33 | Over25 trasferta ultime10: 0.67;1.04;16.67;;;16.67;5.0;10.0;;;;2.0.0
2026-08-15;Sweden_Division2_NorraSvealand;Falu;IK Franke;49.3;MEDIA;18;2026-08-14;Sweden_Division2_NorraSvealand;Sweden_Division2_NorraSvealand;;Ranking gap: 0.096 | Attacco casa: 1.44/gara | Difesa trasferta subisce: 1.50/gara | Over25 casa ultime10: 0.50 | Over25 trasferta ultime10: 0.70;1.92;14.37;;;15.0;7.5;10.5;;;;2.0.0
2026-08-15;Austria_Regionalliga_South;Donau Klagenfurt;Bleiburg;49.16;MEDIA;3;2026-08-14;Austria_Regionalliga_South;Austria_Regionalliga_South;;Ranking gap: 0.708 | Attacco casa: 0.50/gara | Difesa trasferta subisce: 1.50/gara | Over25 casa ultime10: 0.50 | Over25 trasferta ultime10: 0.50;14.16;5.0;;;15.0;7.5;7.5;;;;2.0.0
2026-08-15;Australia_NPLSouthAustralia;Para;Adelaide Comets;48.77;MEDIA;25;2026-08-14;Australia_NPLSouthAustralia;Australia_NPLSouthAustralia;;Ranking gap: 0.273 | Attacco casa: 0.67/gara | Difesa trasferta subisce: 1.71/gara | Over25 casa ultime10: 0.90 | Over25 trasferta ultime10: 0.40;5.46;6.67;;;17.14;13.5;6.0;;;;2.0.0
2026-08-15;Slovakia_2Liga;Inter Bratislava;Galanta;48.65;MEDIA;4;2026-08-14;Slovakia_2Liga;Slovakia_2Liga;;Ranking gap: 0.016 | Attacco casa: 1.33/gara | Difesa trasferta subisce: 2.00/gara | Over25 casa ultime10: 0.67 | Over25 trasferta ultime10: 0.33;0.32;13.33;;;20.0;10.0;5.0;;;;2.0.0
2026-08-15;Australia_NPLVictoria;Melbourne City U21;South Melbourne;48.5;MEDIA;26;2026-08-14;Australia_NPLVictoria;Australia_NPLVictoria;;Ranking gap: 0.176 | Attacco casa: 1.77/gara | Difesa trasferta subisce: 1.38/gara | Over25 casa ultime10: 0.50 | Over25 trasferta ultime10: 0.40;3.52;17.73;;;13.75;7.5;6.0;;;;2.0.0
2026-08-15;Sweden_Superettan;Sundsvall;Helsingborg;48.45;MEDIA;21;2026-08-14;Sweden_Superettan;Sweden_Superettan;;Ranking gap: 0.132 | Attacco casa: 0.72/gara | Difesa trasferta subisce: 2.06/gara | Over25 casa ultime10: 0.60 | Over25 trasferta ultime10: 0.60;2.64;7.22;;;20.59;9.0;9.0;;;;2.0.0
2026-08-15;Austria_Regionalliga_West;Lauterach;Schwaz;48.42;MEDIA;3;2026-08-14;Austria_Regionalliga_West;Austria_Regionalliga_West;;Ranking gap: 0.046 | Attacco casa: 1.00/gara | Difesa trasferta subisce: 1.50/gara | Over25 casa ultime10: 0.50 | Over25 trasferta ultime10: 1.00;0.92;10.0;;;15.0;7.5;15.0;;;;2.0.0
2026-08-15;Kazakhstan_PremierLeague;Kairat Almaty;Ulytau;48.42;MEDIA;32;2026-08-14;Kazakhstan_PremierLeague;Kazakhstan_PremierLeague;;Ranking gap: 0.196 | Attacco casa: 1.95/gara | Difesa trasferta subisce: 1.00/gara | Over25 casa ultime10: 0.80 | Over25 trasferta ultime10: 0.20;3.92;19.5;;;10.0;12.0;3.0;;;;2.0.0
2026-08-15;Norway_2ndDivision_Group2;Lørenskog;Eidsvold;48.4;MEDIA;18;2026-08-14;Norway_2ndDivision_Group2;Norway_2ndDivision_Group2;;Ranking gap: 0.141 | Attacco casa: 1.73/gara | Difesa trasferta subisce: 0.88/gara | Over25 casa ultime10: 0.40 | Over25 trasferta ultime10: 0.90;2.82;17.33;;;8.75;6.0;13.5;;;;2.0.0
2026-08-15;Norway_2ndDivision_Group1;Lysekloster;Halden;48.31;MEDIA;16;2026-08-14;Norway_2ndDivision_Group1;Norway_2ndDivision_Group1;;Ranking gap: 0.207 | Attacco casa: 1.20/gara | Difesa trasferta subisce: 1.27/gara | Over25 casa ultime10: 0.70 | Over25 trasferta ultime10: 0.60;4.14;12.0;;;12.67;10.5;9.0;;;;2.0.0
2026-08-15;Hungary_NBII;DVTK;Ajka;47.84;MEDIA;4;2026-08-14;Hungary_NBII;Hungary_NBII;;Ranking gap: 0.017 | Attacco casa: 1.50/gara | Difesa trasferta subisce: 1.00/gara | Over25 casa ultime10: 1.00 | Over25 trasferta ultime10: 0.50;0.34;15.0;;;10.0;15.0;7.5;;;;2.0.0
2026-08-15;NorthernIreland_NIFLChampionship;Warrenpoint;Ards;47.82;MEDIA;3;2026-08-14;NorthernIreland_NIFLChampionship;NorthernIreland_NIFLChampionship;;Ranking gap: 0.016 | Attacco casa: 1.00/gara | Difesa trasferta subisce: 1.50/gara | Over25 casa ultime10: 0.50 | Over25 trasferta ultime10: 1.00;0.32;10.0;;;15.0;7.5;15.0;;;;2.0.0
2026-08-15;NorthernIreland_NIFLChampionship;Moyola;Ballinamallard;47.8;MEDIA;3;2026-08-14;NorthernIreland_NIFLChampionship;NorthernIreland_NIFLChampionship;;Ranking gap: 0.015 | Attacco casa: 1.50/gara | Difesa trasferta subisce: 1.00/gara | Over25 casa ultime10: 1.00 | Over25 trasferta ultime10: 0.50;0.3;15.0;;;10.0;15.0;7.5;;;;2.0.0
2026-08-15;NorthernIreland_NIFLChampionship;Institute;Loughgall;47.74;MEDIA;3;2026-08-14;NorthernIreland_NIFLChampionship;NorthernIreland_NIFLChampionship;;Ranking gap: 0.012 | Attacco casa: 1.00/gara | Difesa trasferta subisce: 1.50/gara | Over25 casa ultime10: 0.50 | Over25 trasferta ultime10: 1.00;0.24;10.0;;;15.0;7.5;15.0;;;;2.0.0
2026-08-15;Australia_WAStateLeague;Cockburn City;Inglewood;47.7;MEDIA;21;2026-08-14;Australia_WAStateLeague;Australia_WAStateLeague;;Ranking gap: 0.160 | Attacco casa: 1.65/gara | Difesa trasferta subisce: 1.15/gara | Over25 casa ultime10: 0.80 | Over25 trasferta ultime10: 0.30;3.2;16.5;;;11.5;12.0;4.5;;;;2.0.0
2026-08-15;SouthKorea_KLeague2;Suwon Bluewings;Suwon FC;47.63;MEDIA;22;2026-08-14;SouthKorea_KLeague2;SouthKorea_KLeague2;;Ranking gap: 0.050 | Attacco casa: 1.45/gara | Difesa trasferta subisce: 1.26/gara | Over25 casa ultime10: 0.60 | Over25 trasferta ultime10: 0.70;1.0;14.5;;;12.63;9.0;10.5;;;;2.0.0
2026-08-15;Armenia_PremierLeague;BKMA;Ararat;47.62;MEDIA;4;2026-08-14;Armenia_PremierLeague;Armenia_PremierLeague;;Ranking gap: 0.006 | Attacco casa: 0.00/gara | Difesa trasferta subisce: 2.50/gara | Over25 casa ultime10: 0.50 | Over25 trasferta ultime10: 1.00;0.12;0.0;;;25.0;7.5;15.0;;;;2.0.0
2026-08-15;SouthKorea_KLeague1;Seoul;Daejeon;47.58;MEDIA;23;2026-08-14;SouthKorea_KLeague1;SouthKorea_KLeague1;;Ranking gap: 0.288 | Attacco casa: 1.59/gara | Difesa trasferta subisce: 1.09/gara | Over25 casa ultime10: 0.50 | Over25 trasferta ultime10: 0.50;5.76;15.91;;;10.91;7.5;7.5;;;;2.0.0
2026-08-15;Australia_SAStateLeague;Cumberland Utd.;Modbury;47.31;MEDIA;25;2026-08-14;Australia_SAStateLeague;Australia_SAStateLeague;;Ranking gap: 0.132 | Attacco casa: 1.71/gara | Difesa trasferta subisce: 0.95/gara | Over25 casa ultime10: 0.60 | Over25 trasferta ultime10: 0.60;2.64;17.14;;;9.52;9.0;9.0;;;;2.0.0
2026-08-15;Australia_VictoriaPremierLeague2;Altona City;Kingston City;47.29;MEDIA;25;2026-08-14;Australia_VictoriaPremierLeague2;Australia_VictoriaPremierLeague2;;Ranking gap: 0.071 | Attacco casa: 0.87/gara | Difesa trasferta subisce: 2.22/gara | Over25 casa ultime10: 0.30 | Over25 trasferta ultime10: 0.70;1.42;8.7;;;22.17;4.5;10.5;;;;2.0.0
2026-08-15;FaroeIslands_1Deild;Runavik 2;HB Torshavn 2;47.27;MEDIA;19;2026-08-14;FaroeIslands_1Deild;FaroeIslands_1Deild;;Ranking gap: 0.040 | Attacco casa: 1.20/gara | Difesa trasferta subisce: 1.65/gara | Over25 casa ultime10: 0.70 | Over25 trasferta ultime10: 0.50;0.8;12.0;;;16.47;10.5;7.5;;;;2.0.0
2026-08-15;SouthKorea_KLeague2;Cheongju Jikji;Jeonnam;47.21;MEDIA;22;2026-08-14;SouthKorea_KLeague2;SouthKorea_KLeague2;;Ranking gap: 0.066 | Attacco casa: 1.15/gara | Difesa trasferta subisce: 1.79/gara | Over25 casa ultime10: 0.60 | Over25 trasferta ultime10: 0.50;1.32;11.5;;;17.89;9.0;7.5;;;;2.0.0
2026-08-15;Australia_SAStateLeague;Cove FC;Fulham Utd.;47.18;MEDIA;25;2026-08-14;Australia_SAStateLeague;Australia_SAStateLeague;;Ranking gap: 0.228 | Attacco casa: 1.33/gara | Difesa trasferta subisce: 1.43/gara | Over25 casa ultime10: 0.40 | Over25 trasferta ultime10: 0.60;4.56;13.33;;;14.29;6.0;9.0;;;;2.0.0
2026-08-15;Denmark_1stDivision;Esbjerg;Hobro;46.97;MEDIA;4;2026-08-14;Denmark_1stDivision;Denmark_1stDivision;;Ranking gap: 0.015 | Attacco casa: 1.67/gara | Difesa trasferta subisce: 1.00/gara | Over25 casa ultime10: 0.67 | Over25 trasferta ultime10: 0.67;0.3;16.67;;;10.0;10.0;10.0;;;;2.0.0
2026-08-15;Australia_NPLSouthAustralia;Sturt Lions;Campbelltown City;46.92;MEDIA;25;2026-08-14;Australia_NPLSouthAustralia;Australia_NPLSouthAustralia;;Ranking gap: 0.093 | Attacco casa: 1.57/gara | Difesa trasferta subisce: 1.59/gara | Over25 casa ultime10: 0.40 | Over25 trasferta ultime10: 0.50;1.86;15.65;;;15.91;6.0;7.5;;;;2.0.0
2026-08-15;Australia_VictoriaPremierLeague;Brunswick Juventus;Melbourne Srbija;46.85;MEDIA;26;2026-08-14;Australia_VictoriaPremierLeague;Australia_VictoriaPremierLeague;;Ranking gap: 0.189 | Attacco casa: 1.91/gara | Difesa trasferta subisce: 1.04/gara | Over25 casa ultime10: 0.60 | Over25 trasferta ultime10: 0.30;3.78;19.13;;;10.43;9.0;4.5;;;;2.0.0
2026-08-15;Norway_2ndDivision_Group1;Vidar;Arendal;46.63;MEDIA;16;2026-08-14;Norway_2ndDivision_Group1;Norway_2ndDivision_Group1;;Ranking gap: 0.123 | Attacco casa: 0.87/gara | Difesa trasferta subisce: 1.60/gara | Over25 casa ultime10: 0.70 | Over25 trasferta ultime10: 0.60;2.46;8.67;;;16.0;10.5;9.0;;;;2.0.0
2026-08-15;Australia_NPLACT;Brindabella;Tigers FC;46.53;MEDIA;24;2026-08-14;Australia_NPLACT;Australia_NPLACT;;Ranking gap: 0.638 | Attacco casa: 0.63/gara | Difesa trasferta subisce: 1.10/gara | Over25 casa ultime10: 0.70 | Over25 trasferta ultime10: 0.40;12.76;6.32;;;10.95;10.5;6.0;;;;2.0.0
2026-08-15;Bolivia_DivisionProfesional;Guabira;The Strongest;46.39;MEDIA;19;2026-08-14;Bolivia_DivisionProfesional;Bolivia_DivisionProfesional;;Ranking gap: 0.134 | Attacco casa: 1.57/gara | Difesa trasferta subisce: 1.00/gara | Over25 casa ultime10: 0.80 | Over25 trasferta ultime10: 0.40;2.68;15.71;;;10.0;12.0;6.0;;;;2.0.0
2026-08-15;Sweden_Division1_Sodra;Angelholm;Trollhättan;46.34;MEDIA;19;2026-08-14;Sweden_Division1_Sodra;Sweden_Division1_Sodra;;Ranking gap: 0.048 | Attacco casa: 1.50/gara | Difesa trasferta subisce: 1.69/gara | Over25 casa ultime10: 0.60 | Over25 trasferta ultime10: 0.30;0.96;15.0;;;16.88;9.0;4.5;;;;2.0.0
2026-08-15;Norway_3rdDivision_Group3;Varegg;Askoy;46.28;MEDIA;16;2026-08-14;Norway_3rdDivision_Group3;Norway_3rdDivision_Group3;;Ranking gap: 0.308 | Attacco casa: 1.43/gara | Difesa trasferta subisce: 0.93/gara | Over25 casa ultime10: 0.60 | Over25 trasferta ultime10: 0.50;6.16;14.29;;;9.33;9.0;7.5;;;;2.0.0
2026-08-15;Germany_Regionalliga_Nord;SC Weiche-08;Jeddeloh;46.25;MEDIA;4;2026-08-14;Germany_Regionalliga_Nord;Germany_Regionalliga_Nord;;Ranking gap: 0.021 | Attacco casa: 3.00/gara | Difesa trasferta subisce: 1.33/gara | Over25 casa ultime10: 0.50 | Over25 trasferta ultime10: 0.00;0.42;25.0;;;13.33;7.5;0.0;;;;2.0.0
2026-08-15;Belarus_PershayaLiga;Uni X Labs;Orsha;46.22;MEDIA;21;2026-08-14;Belarus_PershayaLiga;Belarus_PershayaLiga;;Ranking gap: 0.047 | Attacco casa: 0.89/gara | Difesa trasferta subisce: 1.83/gara | Over25 casa ultime10: 0.40 | Over25 trasferta ultime10: 0.80;0.94;8.95;;;18.33;6.0;12.0;;;;2.0.0
2026-08-15;CzechRepublic_ChNL;Pribram;Prostejov;46.14;MEDIA;4;2026-08-14;CzechRepublic_ChNL;CzechRepublic_ChNL;;Ranking gap: 0.057 | Attacco casa: 1.67/gara | Difesa trasferta subisce: 1.33/gara | Over25 casa ultime10: 0.67 | Over25 trasferta ultime10: 0.33;1.14;16.67;;;13.33;10.0;5.0;;;;2.0.0
2026-08-15;Sweden_Division2_NorraSvealand;Lidingo IFK;Viggbyholms;46.02;MEDIA;18;2026-08-14;Sweden_Division2_NorraSvealand;Sweden_Division2_NorraSvealand;;Ranking gap: 0.032 | Attacco casa: 1.19/gara | Difesa trasferta subisce: 2.00/gara | Over25 casa ultime10: 0.40 | Over25 trasferta ultime10: 0.50;0.64;11.88;;;20.0;6.0;7.5;;;;2.0.0
2026-08-15;Moldova_Liga1_GroupA;FCM Ungheni;Univer Comrat;45.98;MEDIA;2;2026-08-14;Moldova_Liga1_GroupA;Moldova_Liga1_GroupA;Moldova_Liga1;Ranking gap: 0.049 | Attacco casa: 1.00/gara | Difesa trasferta subisce: 2.00/gara | Over25 casa ultime10: 0.50 | Over25 trasferta ultime10: 0.50;0.98;10.0;;;20.0;7.5;7.5;;;;2.0.0
2026-08-15;SouthKorea_KLeague1;Jeju SK;Anyang;45.67;MEDIA;23;2026-08-14;SouthKorea_KLeague1;SouthKorea_KLeague1;;Ranking gap: 0.029 | Attacco casa: 1.14/gara | Difesa trasferta subisce: 1.27/gara | Over25 casa ultime10: 0.70 | Over25 trasferta ultime10: 0.70;0.58;11.36;;;12.73;10.5;10.5;;;;2.0.0
2026-08-15;Sweden_Division1_Sodra;Laholms;Jonkoping;45.59;MEDIA;19;2026-08-14;Sweden_Division1_Sodra;Sweden_Division1_Sodra;;Ranking gap: 0.098 | Attacco casa: 1.38/gara | Difesa trasferta subisce: 1.19/gara | Over25 casa ultime10: 0.80 | Over25 trasferta ultime10: 0.40;1.96;13.75;;;11.88;12.0;6.0;;;;2.0.0
2026-08-15;Peru_Liga1_Clausura;AD Tarma;Alianza Atl.;45.56;MEDIA;4;2026-08-14;Peru_Liga1_Clausura;Peru_Liga1_Clausura;;Ranking gap: 0.028 | Attacco casa: 0.67/gara | Difesa trasferta subisce: 2.33/gara | Over25 casa ultime10: 0.33 | Over25 trasferta ultime10: 0.67;0.56;6.67;;;23.33;5.0;10.0;;;;2.0.0
2026-08-15;Australia_NPLVictoria;Heidelberg;Hume City;45.46;MEDIA;26;2026-08-14;Australia_NPLVictoria;Australia_NPLVictoria;;Ranking gap: 0.175 | Attacco casa: 1.48/gara | Difesa trasferta subisce: 1.22/gara | Over25 casa ultime10: 0.40 | Over25 trasferta ultime10: 0.60;3.5;14.78;;;12.17;6.0;9.0;;;;2.0.0
2026-08-15;Sweden_Division2_NorraSvealand;Gute;Bollstanas;45.39;MEDIA;18;2026-08-14;Sweden_Division2_NorraSvealand;Sweden_Division2_NorraSvealand;;Ranking gap: 0.051 | Attacco casa: 1.31/gara | Difesa trasferta subisce: 1.62/gara | Over25 casa ultime10: 0.40 | Over25 trasferta ultime10: 0.60;1.02;13.12;;;16.25;6.0;9.0;;;;2.0.0
2026-08-15;Australia_NorthernNSWStateLeague;Singleton Strikers;Dudley Redhead United;45.25;MEDIA;19;2026-08-14;Australia_NorthernNSWStateLeague;Australia_NorthernNSWStateLeague;;Ranking gap: 0.202 | Attacco casa: 1.06/gara | Difesa trasferta subisce: 1.41/gara | Over25 casa ultime10: 0.70 | Over25 trasferta ultime10: 0.40;4.04;10.59;;;14.12;10.5;6.0;;;;2.0.0
2026-08-15;Sweden_Division2_NorraGotaland;Stenungsunds;Kumla;45.25;MEDIA;19;2026-08-14;Sweden_Division2_NorraGotaland;Sweden_Division2_NorraGotaland;;Ranking gap: 0.066 | Attacco casa: 1.71/gara | Difesa trasferta subisce: 1.19/gara | Over25 casa ultime10: 0.60 | Over25 trasferta ultime10: 0.40;1.32;17.06;;;11.88;9.0;6.0;;;;2.0.0
2026-08-15;Sweden_Division1_Sodra;Kristianstad;Tvaaker;45.22;MEDIA;19;2026-08-14;Sweden_Division1_Sodra;Sweden_Division1_Sodra;;Ranking gap: 0.067 | Attacco casa: 1.00/gara | Difesa trasferta subisce: 1.59/gara | Over25 casa ultime10: 0.40 | Over25 trasferta ultime10: 0.80;1.34;10.0;;;15.88;6.0;12.0;;;;2.0.0
2026-08-15;Slovenia_PrvaLiga;Nafta;Celje;45.16;MEDIA;5;2026-08-14;Slovenia_PrvaLiga;Slovenia_PrvaLiga;;Ranking gap: 0.008 | Attacco casa: 2.25/gara | Difesa trasferta subisce: 0.75/gara | Over25 casa ultime10: 0.50 | Over25 trasferta ultime10: 0.50;0.16;22.5;;;7.5;7.5;7.5;;;;2.0.0
2026-08-15;Sweden_Division2_SodraGotaland;Lilla Torg;Karlskrona;45.09;MEDIA;20;2026-08-14;Sweden_Division2_SodraGotaland;Sweden_Division2_SodraGotaland;;Ranking gap: 0.261 | Attacco casa: 1.12/gara | Difesa trasferta subisce: 1.06/gara | Over25 casa ultime10: 0.40 | Over25 trasferta ultime10: 0.80;5.22;11.25;;;10.62;6.0;12.0;;;;2.0.0
2026-08-15;Hungary_NBII;Kecskemeti;Videoton;45.08;MEDIA;4;2026-08-14;Hungary_NBII;Hungary_NBII;;Ranking gap: 0.004 | Attacco casa: 1.00/gara | Difesa trasferta subisce: 1.50/gara | Over25 casa ultime10: 0.33 | Over25 trasferta ultime10: 1.00;0.08;10.0;;;15.0;5.0;15.0;;;;2.0.0
2026-08-15;Sweden_Division2_SodraGotaland;IFK Karlshamn;IFK Trelleborg;44.91;BASSA;20;2026-08-14;Sweden_Division2_SodraGotaland;Sweden_Division2_SodraGotaland;;Ranking gap: 0.304 | Attacco casa: 1.00/gara | Difesa trasferta subisce: 0.93/gara | Over25 casa ultime10: 0.80 | Over25 trasferta ultime10: 0.50;6.08;10.0;;;9.33;12.0;7.5;;;;2.0.0
2026-08-15;Sweden_Division1_Norra;Gefle;Umeå;44.77;BASSA;19;2026-08-14;Sweden_Division1_Norra;Sweden_Division1_Norra;;Ranking gap: 0.020 | Attacco casa: 1.19/gara | Difesa trasferta subisce: 1.75/gara | Over25 casa ultime10: 0.50 | Over25 trasferta ultime10: 0.50;0.4;11.88;;;17.5;7.5;7.5;;;;2.0.0
2026-08-15;Australia_NPLVictoria;George Cross;Avondale FC;44.59;BASSA;26;2026-08-14;Australia_NPLVictoria;Australia_NPLVictoria;;Ranking gap: 0.175 | Attacco casa: 1.26/gara | Difesa trasferta subisce: 1.35/gara | Over25 casa ultime10: 0.30 | Over25 trasferta ultime10: 0.70;3.5;12.61;;;13.48;4.5;10.5;;;;2.0.0
2026-08-15;Serbia_SuperLiga;Radnik;Macva;44.27;BASSA;5;2026-08-14;Serbia_SuperLiga;Serbia_SuperLiga;;Ranking gap: 0.005 | Attacco casa: 0.67/gara | Difesa trasferta subisce: 2.50/gara | Over25 casa ultime10: 0.33 | Over25 trasferta ultime10: 0.50;0.1;6.67;;;25.0;5.0;7.5;;;;2.0.0
2026-08-15;Slovakia_NikeLiga;Banska Bystrica;Zilina;44.05;BASSA;4;2026-08-14;Slovakia_NikeLiga;Slovakia_NikeLiga;;Ranking gap: 0.036 | Attacco casa: 0.00/gara | Difesa trasferta subisce: 2.33/gara | Over25 casa ultime10: 0.67 | Over25 trasferta ultime10: 0.67;0.72;0.0;;;23.33;10.0;10.0;;;;2.0.0
2026-08-15;Poland_Division1;Odra Opole;Warta Poznan;43.97;BASSA;4;2026-08-14;Poland_Division1;Poland_Division1;;Ranking gap: 0.032 | Attacco casa: 0.67/gara | Difesa trasferta subisce: 1.67/gara | Over25 casa ultime10: 0.33 | Over25 trasferta ultime10: 1.00;0.64;6.67;;;16.67;5.0;15.0;;;;2.0.0
2026-08-15;CzechRepublic_1Liga;Slovacko;Sigma Olomouc;43.91;BASSA;4;2026-08-14;CzechRepublic_1Liga;CzechRepublic_1Liga;;Ranking gap: 0.029 | Attacco casa: 0.67/gara | Difesa trasferta subisce: 1.67/gara | Over25 casa ultime10: 0.33 | Over25 trasferta ultime10: 1.00;0.58;6.67;;;16.67;5.0;15.0;;;;2.0.0
2026-08-15;Australia_NPLNSW;Sydney Olympic;Sydney Utd;43.72;BASSA;29;2026-08-14;Australia_NPLNSW;Australia_NPLNSW;;Ranking gap: 0.545 | Attacco casa: 1.10/gara | Difesa trasferta subisce: 0.68/gara | Over25 casa ultime10: 0.90 | Over25 trasferta ultime10: 0.10;10.9;11.03;;;6.79;13.5;1.5;;;;2.0.0
2026-08-15;Kazakhstan_PremierLeague;Zhenis;Zhetysu;43.27;BASSA;32;2026-08-14;Kazakhstan_PremierLeague;Kazakhstan_PremierLeague;;Ranking gap: 0.154 | Attacco casa: 0.90/gara | Difesa trasferta subisce: 1.62/gara | Over25 casa ultime10: 0.40 | Over25 trasferta ultime10: 0.60;3.08;9.0;;;16.19;6.0;9.0;;;;2.0.0
2026-08-15;Norway_Eliteserien;KFUM Oslo;Lilleström;43.27;BASSA;25;2026-08-14;Norway_Eliteserien;Norway_Eliteserien;;Ranking gap: 0.151 | Attacco casa: 1.12/gara | Difesa trasferta subisce: 1.25/gara | Over25 casa ultime10: 0.50 | Over25 trasferta ultime10: 0.60;3.02;11.25;;;12.5;7.5;9.0;;;;2.0.0
2026-08-15;Denmark_3rdDivision;ASA Aarhus;Vanløse;43.0;BASSA;3;2026-08-14;Denmark_3rdDivision;Denmark_3rdDivision;;Ranking gap: 0.400 | Attacco casa: 1.00/gara | Difesa trasferta subisce: 1.00/gara | Over25 casa ultime10: 0.00 | Over25 trasferta ultime10: 1.00;8.0;10.0;;;10.0;0.0;15.0;;;;2.0.0
2026-08-15;Lithuania_ILyga;Garliava;Tauras;43.0;BASSA;21;2026-08-14;Lithuania_ILyga;Lithuania_ILyga;;Ranking gap: 0.182 | Attacco casa: 1.28/gara | Difesa trasferta subisce: 1.16/gara | Over25 casa ultime10: 0.40 | Over25 trasferta ultime10: 0.60;3.64;12.78;;;11.58;6.0;9.0;;;;2.0.0
2026-08-15;Ukraine_PremierLeague;Kudrivka;Obolon;43.0;BASSA;3;2026-08-14;Ukraine_PremierLeague;Ukraine_PremierLeague;;Ranking gap: 0.400 | Attacco casa: 0.50/gara | Difesa trasferta subisce: 1.50/gara | Over25 casa ultime10: 0.50 | Over25 trasferta ultime10: 0.50;8.0;5.0;;;15.0;7.5;7.5;;;;2.0.0
2026-08-15;Finland_Veikkausliiga;Mariehamn;SJK;42.98;BASSA;21;2026-08-14;Finland_Veikkausliiga;Finland_Veikkausliiga;;Ranking gap: 0.174 | Attacco casa: 0.47/gara | Difesa trasferta subisce: 1.53/gara | Over25 casa ultime10: 0.60 | Over25 trasferta ultime10: 0.70;3.48;4.74;;;15.26;9.0;10.5;;;;2.0.0
2026-08-15;Sweden_Superettan;Nordic United;Varberg;42.96;BASSA;21;2026-08-14;Sweden_Superettan;Sweden_Superettan;;Ranking gap: 0.076 | Attacco casa: 1.61/gara | Difesa trasferta subisce: 1.33/gara | Over25 casa ultime10: 0.20 | Over25 trasferta ultime10: 0.60;1.52;16.11;;;13.33;3.0;9.0;;;;2.0.0
2026-08-15;Austria_Regionalliga_East;Wienerberger;Traiskirchen;42.76;BASSA;3;2026-08-14;Austria_Regionalliga_East;Austria_Regionalliga_East;;Ranking gap: 0.013 | Attacco casa: 0.00/gara | Difesa trasferta subisce: 2.00/gara | Over25 casa ultime10: 1.00 | Over25 trasferta ultime10: 0.50;0.26;0.0;;;20.0;15.0;7.5;;;;2.0.0
2026-08-15;Poland_Ekstraklasa;Zaglebie;Slask;42.6;BASSA;4;2026-08-14;Poland_Ekstraklasa;Poland_Ekstraklasa;;Ranking gap: 0.005 | Attacco casa: 1.50/gara | Difesa trasferta subisce: 1.00/gara | Over25 casa ultime10: 0.50 | Over25 trasferta ultime10: 0.67;0.1;15.0;;;10.0;7.5;10.0;;;;2.0.0
2026-08-15;Russia_FNL;Leningradets;Arsenal Tula;42.58;BASSA;6;2026-08-14;Russia_FNL;Russia_FNL;;Ranking gap: 0.029 | Attacco casa: 0.60/gara | Difesa trasferta subisce: 1.80/gara | Over25 casa ultime10: 0.60 | Over25 trasferta ultime10: 0.60;0.58;6.0;;;18.0;9.0;9.0;;;;2.0.0
2026-08-15;Russia_PremierLeague;CSKA Mosca;F. Voronezh;42.49;BASSA;4;2026-08-14;Russia_PremierLeague;Russia_PremierLeague;;Ranking gap: 0.041 | Attacco casa: 1.00/gara | Difesa trasferta subisce: 1.67/gara | Over25 casa ultime10: 0.33 | Over25 trasferta ultime10: 0.67;0.82;10.0;;;16.67;5.0;10.0;;;;2.0.0
2026-08-15;Poland_Division2;Swit Szczecin;Sandecja;42.37;BASSA;4;2026-08-14;Poland_Division2;Poland_Division2;;Ranking gap: 0.035 | Attacco casa: 0.67/gara | Difesa trasferta subisce: 1.00/gara | Over25 casa ultime10: 1.00 | Over25 trasferta ultime10: 0.67;0.7;6.67;;;10.0;15.0;10.0;;;;2.0.0
2026-08-15;Kyrgyzstan_PremierLiga;Ilbirs;Dordoi Bishkek;42.19;BASSA;22;2026-08-14;Kyrgyzstan_PremierLiga;Kyrgyzstan_PremierLiga;;Ranking gap: 0.060 | Attacco casa: 1.21/gara | Difesa trasferta subisce: 1.39/gara | Over25 casa ultime10: 0.40 | Over25 trasferta ultime10: 0.60;1.2;12.11;;;13.89;6.0;9.0;;;;2.0.0
2026-08-15;Hungary_NBII;Szeged;Gyirmot;42.17;BASSA;4;2026-08-14;Hungary_NBII;Hungary_NBII;;Ranking gap: 0.025 | Attacco casa: 1.00/gara | Difesa trasferta subisce: 1.67/gara | Over25 casa ultime10: 0.00 | Over25 trasferta ultime10: 1.00;0.5;10.0;;;16.67;0.0;15.0;;;;2.0.0
2026-08-15;Australia_NPLNSW;Manly Utd;NWS Spirit;41.97;BASSA;29;2026-08-14;Australia_NPLNSW;Australia_NPLNSW;;Ranking gap: 0.138 | Attacco casa: 1.21/gara | Difesa trasferta subisce: 1.36/gara | Over25 casa ultime10: 0.40 | Over25 trasferta ultime10: 0.50;2.76;12.14;;;13.57;6.0;7.5;;;;2.0.0
2026-08-15;Norway_3rdDivision_Group6;Orn;SK Gjovik-Lyn;41.97;BASSA;16;2026-08-14;Norway_3rdDivision_Group6;Norway_3rdDivision_Group6;;Ranking gap: 0.115 | Attacco casa: 1.73/gara | Difesa trasferta subisce: 0.73/gara | Over25 casa ultime10: 0.50 | Over25 trasferta ultime10: 0.50;2.3;17.33;;;7.33;7.5;7.5;;;;2.0.0
2026-08-15;Sweden_Superettan;Sandviken;Norrkoping;41.46;BASSA;21;2026-08-14;Sweden_Superettan;Sweden_Superettan;;Ranking gap: 0.184 | Attacco casa: 1.72/gara | Difesa trasferta subisce: 0.56/gara | Over25 casa ultime10: 0.70 | Over25 trasferta ultime10: 0.30;3.68;17.22;;;5.56;10.5;4.5;;;;2.0.0
2026-08-15;CzechRepublic_1Liga;Pardubice;Mlada Boleslav;41.22;BASSA;4;2026-08-14;CzechRepublic_1Liga;CzechRepublic_1Liga;;Ranking gap: 0.061 | Attacco casa: 0.67/gara | Difesa trasferta subisce: 1.33/gara | Over25 casa ultime10: 0.67 | Over25 trasferta ultime10: 0.67;1.22;6.67;;;13.33;10.0;10.0;;;;2.0.0
2026-08-15;Hungary_NBII;Nagykanizsa;Soroksar;40.86;BASSA;4;2026-08-14;Hungary_NBII;Hungary_NBII;;Ranking gap: 0.043 | Attacco casa: 1.33/gara | Difesa trasferta subisce: 0.67/gara | Over25 casa ultime10: 0.67 | Over25 trasferta ultime10: 0.67;0.86;13.33;;;6.67;10.0;10.0;;;;2.0.0
2026-08-15;Belarus_VysshayaLiga;Neman;FC Minsk;40.67;BASSA;20;2026-08-14;Belarus_VysshayaLiga;Belarus_VysshayaLiga;;Ranking gap: 0.091 | Attacco casa: 1.00/gara | Difesa trasferta subisce: 1.24/gara | Over25 casa ultime10: 0.40 | Over25 trasferta ultime10: 0.70;1.82;10.0;;;12.35;6.0;10.5;;;;2.0.0
2026-08-15;Germany_Oberliga_Hessen;VfB Marburg;Kassel 2;40.58;BASSA;4;2026-08-14;Germany_Oberliga_Hessen;Germany_Oberliga_Hessen;;Ranking gap: 0.029 | Attacco casa: 1.67/gara | Difesa trasferta subisce: 1.33/gara | Over25 casa ultime10: 0.67 | Over25 trasferta ultime10: 0.00;0.58;16.67;;;13.33;10.0;0.0;;;;2.0.0
2026-08-15;Austria_Karnten;SC Landskron;Atus Ferlach;40.5;BASSA;3;2026-08-14;Austria_Karnten;Austria_Karnten;;Ranking gap: 0.400 | Attacco casa: 3.00/gara | Difesa trasferta subisce: 0.00/gara | Over25 casa ultime10: 0.50 | Over25 trasferta ultime10: 0.00;8.0;25.0;;;0.0;7.5;0.0;;;;2.0.0
2026-08-15;Austria_Karnten;Matrei;SGA Sirnitz;40.5;BASSA;3;2026-08-14;Austria_Karnten;Austria_Karnten;;Ranking gap: 0.400 | Attacco casa: 1.00/gara | Difesa trasferta subisce: 1.50/gara | Over25 casa ultime10: 0.00 | Over25 trasferta ultime10: 0.50;8.0;10.0;;;15.0;0.0;7.5;;;;2.0.0
2026-08-15;Austria_2Liga;Floridsdorfer AC;Amstetten;40.22;BASSA;3;2026-08-14;Austria_2Liga;Austria_2Liga;;Ranking gap: 0.011 | Attacco casa: 1.50/gara | Difesa trasferta subisce: 1.00/gara | Over25 casa ultime10: 0.50 | Over25 trasferta ultime10: 0.50;0.22;15.0;;;10.0;7.5;7.5;;;;2.0.0
2026-08-15;Austria_Regionalliga_West;SK St. Johann;Dornbirn;40.22;BASSA;3;2026-08-14;Austria_Regionalliga_West;Austria_Regionalliga_West;;Ranking gap: 0.011 | Attacco casa: 1.50/gara | Difesa trasferta subisce: 1.00/gara | Over25 casa ultime10: 0.50 | Over25 trasferta ultime10: 0.50;0.22;15.0;;;10.0;7.5;7.5;;;;2.0.0
2026-08-15;SouthKorea_KLeague2;Gimhae;Gyeongnam;40.22;BASSA;22;2026-08-14;SouthKorea_KLeague2;SouthKorea_KLeague2;;Ranking gap: 0.215 | Attacco casa: 0.84/gara | Difesa trasferta subisce: 1.40/gara | Over25 casa ultime10: 0.50 | Over25 trasferta ultime10: 0.40;4.3;8.42;;;14.0;7.5;6.0;;;;2.0.0
2026-08-15;Mexico_LigaExpansionMX_Apertura;Atletico La Paz;Piratas;39.95;BASSA;4;2026-08-14;Mexico_LigaExpansionMX_Apertura;Mexico_LigaExpansionMX_Apertura;;Ranking gap: 0.081 | Attacco casa: 2.33/gara | Difesa trasferta subisce: 0.00/gara | Over25 casa ultime10: 0.67 | Over25 trasferta ultime10: 0.33;1.62;23.33;;;0.0;10.0;5.0;;;;2.0.0
2026-08-15;Sweden_Division2_NorraGotaland;Tord;Motala;39.54;BASSA;19;2026-08-14;Sweden_Division2_NorraGotaland;Sweden_Division2_NorraGotaland;;Ranking gap: 0.127 | Attacco casa: 1.19/gara | Difesa trasferta subisce: 1.31/gara | Over25 casa ultime10: 0.50 | Over25 trasferta ultime10: 0.30;2.54;11.88;;;13.12;7.5;4.5;;;;2.0.0
2026-08-15;Australia_VictoriaPremierLeague;Port Melbourne Sharks;Melbourne Knights;39.48;BASSA;26;2026-08-14;Australia_VictoriaPremierLeague;Australia_VictoriaPremierLeague;;Ranking gap: 0.625 | Attacco casa: 0.52/gara | Difesa trasferta subisce: 0.83/gara | Over25 casa ultime10: 0.40 | Over25 trasferta ultime10: 0.50;12.5;5.22;;;8.26;6.0;7.5;;;;2.0.0
2026-08-15;Russia_FNL;Chelyabinsk;Torpedo Moscow;39.22;BASSA;6;2026-08-14;Russia_FNL;Russia_FNL;;Ranking gap: 0.011 | Attacco casa: 1.40/gara | Difesa trasferta subisce: 1.00/gara | Over25 casa ultime10: 0.60 | Over25 trasferta ultime10: 0.40;0.22;14.0;;;10.0;9.0;6.0;;;;2.0.0
2026-08-15;Russia_FNL;Tekstilshtik;Pari NN;38.94;BASSA;6;2026-08-14;Russia_FNL;Russia_FNL;;Ranking gap: 0.097 | Attacco casa: 0.60/gara | Difesa trasferta subisce: 1.00/gara | Over25 casa ultime10: 0.40 | Over25 trasferta ultime10: 1.00;1.94;6.0;;;10.0;6.0;15.0;;;;2.0.0
2026-08-15;Hungary_NBI;Nyiregyhaza;Kisvarda;38.67;BASSA;4;2026-08-14;Hungary_NBI;Hungary_NBI;;Ranking gap: 0.017 | Attacco casa: 0.67/gara | Difesa trasferta subisce: 1.67/gara | Over25 casa ultime10: 0.67 | Over25 trasferta ultime10: 0.33;0.34;6.67;;;16.67;10.0;5.0;;;;2.0.0
2026-08-15;Slovakia_2Liga;Z. Moravce-Vrable;Zilina B;38.65;BASSA;4;2026-08-14;Slovakia_2Liga;Slovakia_2Liga;;Ranking gap: 0.016 | Attacco casa: 1.33/gara | Difesa trasferta subisce: 1.00/gara | Over25 casa ultime10: 0.67 | Over25 trasferta ultime10: 0.33;0.32;13.33;;;10.0;10.0;5.0;;;;2.0.0
2026-08-15;Australia_NPLSouthAustralia;FK Beograd;Adelaide City;38.5;BASSA;25;2026-08-14;Australia_NPLSouthAustralia;Australia_NPLSouthAustralia;;Ranking gap: 0.218 | Attacco casa: 1.64/gara | Difesa trasferta subisce: 0.73/gara | Over25 casa ultime10: 0.30 | Over25 trasferta ultime10: 0.40;4.36;16.36;;;7.27;4.5;6.0;;;;2.0.0
2026-08-15;Austria_Regionalliga_West;SC Imst;Tirol (Am);38.26;BASSA;3;2026-08-14;Austria_Regionalliga_West;Austria_Regionalliga_West;;Ranking gap: 0.038 | Attacco casa: 2.00/gara | Difesa trasferta subisce: 1.00/gara | Over25 casa ultime10: 0.50 | Over25 trasferta ultime10: 0.00;0.76;20.0;;;10.0;7.5;0.0;;;;2.0.0
2026-08-15;Kazakhstan_PremierLeague;Kaisar;Aktobe;38.11;BASSA;32;2026-08-14;Kazakhstan_PremierLeague;Kazakhstan_PremierLeague;;Ranking gap: 0.209 | Attacco casa: 0.75/gara | Difesa trasferta subisce: 1.14/gara | Over25 casa ultime10: 0.40 | Over25 trasferta ultime10: 0.60;4.18;7.5;;;11.43;6.0;9.0;;;;2.0.0
2026-08-15;Serbia_PrvaLiga;Javor;Vrsac;37.76;BASSA;3;2026-08-14;Serbia_PrvaLiga;Serbia_PrvaLiga;;Ranking gap: 0.013 | Attacco casa: 3.00/gara | Difesa trasferta subisce: 0.50/gara | Over25 casa ultime10: 0.50 | Over25 trasferta ultime10: 0.00;0.26;25.0;;;5.0;7.5;0.0;;;;2.0.0
2026-08-15;Poland_IIILiga_Group2;Kotwica Kornik;KKS Kalisz;37.5;BASSA;3;2026-08-14;Poland_IIILiga_Group2;Poland_IIILiga_Group2;;Ranking gap: 1.000 | Attacco casa: 1.00/gara | Difesa trasferta subisce: 0.00/gara | Over25 casa ultime10: 0.50 | Over25 trasferta ultime10: 0.00;20.0;10.0;;;0.0;7.5;0.0;;;;2.0.0
2026-08-15;Germany_Oberliga_Hessen;Hadamar;Unter-Flockenbach;37.25;BASSA;4;2026-08-14;Germany_Oberliga_Hessen;Germany_Oberliga_Hessen;;Ranking gap: 0.029 | Attacco casa: 1.00/gara | Difesa trasferta subisce: 0.67/gara | Over25 casa ultime10: 0.33 | Over25 trasferta ultime10: 1.00;0.58;10.0;;;6.67;5.0;15.0;;;;2.0.0
2026-08-15;Ukraine_PershaLiga;FC Chernihiv;Zhytomyr 2;37.15;BASSA;4;2026-08-14;Ukraine_PershaLiga;Ukraine_PershaLiga;;Ranking gap: 0.024 | Attacco casa: 1.00/gara | Difesa trasferta subisce: 1.67/gara | Over25 casa ultime10: 0.00 | Over25 trasferta ultime10: 0.67;0.48;10.0;;;16.67;0.0;10.0;;;;2.0.0
2026-08-15;Germany_Oberliga_Bayern_Nord;Neumarkt;Weiden;37.14;BASSA;6;2026-08-14;Germany_Oberliga_Bayern_Nord;Germany_Oberliga_Bayern_Nord;;Ranking gap: 0.003 | Attacco casa: 0.33/gara | Difesa trasferta subisce: 2.25/gara | Over25 casa ultime10: 0.00 | Over25 trasferta ultime10: 0.75;0.06;3.33;;;22.5;0.0;11.25;;;;2.0.0
2026-08-15;Bhutan_PremierLeague;Thimphu FC;Transport United;37.0;BASSA;13;2026-08-14;Bhutan_PremierLeague;Bhutan_PremierLeague;;Ranking gap: 0.175 | Attacco casa: 1.00/gara | Difesa trasferta subisce: 1.00/gara | Over25 casa ultime10: 0.40 | Over25 trasferta ultime10: 0.50;3.5;10.0;;;10.0;6.0;7.5;;;;2.0.0
2026-08-15;Norway_2ndDivision_Group1;Notodden;Brattvag;36.43;BASSA;16;2026-08-14;Norway_2ndDivision_Group1;Norway_2ndDivision_Group1;;Ranking gap: 0.030 | Attacco casa: 1.47/gara | Difesa trasferta subisce: 1.07/gara | Over25 casa ultime10: 0.30 | Over25 trasferta ultime10: 0.40;0.6;14.67;;;10.67;4.5;6.0;;;;2.0.0
2026-08-15;Russia_FNL;SKA Khabarovsk;Veles Moscow;36.02;BASSA;6;2026-08-14;Russia_FNL;Russia_FNL;;Ranking gap: 0.101 | Attacco casa: 0.40/gara | Difesa trasferta subisce: 1.20/gara | Over25 casa ultime10: 0.60 | Over25 trasferta ultime10: 0.60;2.02;4.0;;;12.0;9.0;9.0;;;;2.0.0
2026-08-15;Poland_Division1;Pogon Siedlce;Polonia W.;35.9;BASSA;4;2026-08-14;Poland_Division1;Poland_Division1;;Ranking gap: 0.045 | Attacco casa: 1.33/gara | Difesa trasferta subisce: 0.67/gara | Over25 casa ultime10: 0.67 | Over25 trasferta ultime10: 0.33;0.9;13.33;;;6.67;10.0;5.0;;;;2.0.0
2026-08-15;Denmark_3rdDivision;Horsholm-Usserod;Ishoj;35.5;BASSA;3;2026-08-14;Denmark_3rdDivision;Denmark_3rdDivision;;Ranking gap: 0.400 | Attacco casa: 1.50/gara | Difesa trasferta subisce: 0.50/gara | Over25 casa ultime10: 0.50 | Over25 trasferta ultime10: 0.00;8.0;15.0;;;5.0;7.5;0.0;;;;2.0.0
2026-08-15;Denmark_1stDivision;Koge;Hvidovre IF;34.55;BASSA;4;2026-08-14;Denmark_1stDivision;Denmark_1stDivision;;Ranking gap: 0.061 | Attacco casa: 0.33/gara | Difesa trasferta subisce: 1.00/gara | Over25 casa ultime10: 0.67 | Over25 trasferta ultime10: 0.67;1.22;3.33;;;10.0;10.0;10.0;;;;2.0.0
2026-08-15;CzechRepublic_ChNL;Ceska Lipa;Karvina;34.15;BASSA;4;2026-08-14;CzechRepublic_ChNL;CzechRepublic_ChNL;;Ranking gap: 0.041 | Attacco casa: 1.33/gara | Difesa trasferta subisce: 1.00/gara | Over25 casa ultime10: 0.33 | Over25 trasferta ultime10: 0.33;0.82;13.33;;;10.0;5.0;5.0;;;;2.0.0
2026-08-15;Belarus_VysshayaLiga;BATE;Vitebsk;34.07;BASSA;20;2026-08-14;Belarus_VysshayaLiga;Belarus_VysshayaLiga;;Ranking gap: 0.191 | Attacco casa: 0.73/gara | Difesa trasferta subisce: 0.94/gara | Over25 casa ultime10: 0.40 | Over25 trasferta ultime10: 0.50;3.82;7.33;;;9.41;6.0;7.5;;;;2.0.0
2026-08-15;Ukraine_PershaLiga;Viktoria;Kulikiv;33.61;BASSA;4;2026-08-14;Ukraine_PershaLiga;Ukraine_PershaLiga;;Ranking gap: 0.014 | Attacco casa: 1.33/gara | Difesa trasferta subisce: 1.00/gara | Over25 casa ultime10: 0.00 | Over25 trasferta ultime10: 0.67;0.28;13.33;;;10.0;0.0;10.0;;;;2.0.0
2026-08-15;Mexico_LigaExpansionMX_Apertura;Cruz Azul Hidalgo;Atl. Morelia;33.41;BASSA;4;2026-08-14;Mexico_LigaExpansionMX_Apertura;Mexico_LigaExpansionMX_Apertura;;Ranking gap: 0.087 | Attacco casa: 0.33/gara | Difesa trasferta subisce: 1.33/gara | Over25 casa ultime10: 0.33 | Over25 trasferta ultime10: 0.67;1.74;3.33;;;13.33;5.0;10.0;;;;2.0.0
2026-08-15;Poland_IIILiga_Group2;Koszalin;Swinoujscie;32.84;BASSA;3;2026-08-14;Poland_IIILiga_Group2;Poland_IIILiga_Group2;;Ranking gap: 0.767 | Attacco casa: 0.50/gara | Difesa trasferta subisce: 0.50/gara | Over25 casa ultime10: 0.50 | Over25 trasferta ultime10: 0.00;15.34;5.0;;;5.0;7.5;0.0;;;;2.0.0
2026-08-15;Austria_Bundesliga;Sturm Graz;Altach;32.66;BASSA;3;2026-08-14;Austria_Bundesliga;Austria_Bundesliga;;Ranking gap: 0.008 | Attacco casa: 1.50/gara | Difesa trasferta subisce: 1.00/gara | Over25 casa ultime10: 0.00 | Over25 trasferta ultime10: 0.50;0.16;15.0;;;10.0;0.0;7.5;;;;2.0.0
2026-08-15;Germany_Oberliga_Hessen;Fernwald;Hunfelder;31.83;BASSA;4;2026-08-14;Germany_Oberliga_Hessen;Germany_Oberliga_Hessen;;Ranking gap: 0.008 | Attacco casa: 1.33/gara | Difesa trasferta subisce: 1.33/gara | Over25 casa ultime10: 0.00 | Over25 trasferta ultime10: 0.33;0.16;13.33;;;13.33;0.0;5.0;;;;2.0.0
2026-08-15;Romania_Superliga;Rapid Bucarest;Din. Bucuresti;31.41;BASSA;5;2026-08-14;Romania_Superliga;Romania_Superliga;;Ranking gap: 0.008 | Attacco casa: 1.25/gara | Difesa trasferta subisce: 0.75/gara | Over25 casa ultime10: 0.25 | Over25 trasferta ultime10: 0.50;0.16;12.5;;;7.5;3.75;7.5;;;;2.0.0
2026-08-15;Germany_Oberliga_Bayern_Nord;Grossbardorf;Nordlingen;30.99;BASSA;6;2026-08-14;Germany_Oberliga_Bayern_Nord;Germany_Oberliga_Bayern_Nord;;Ranking gap: 0.008 | Attacco casa: 0.33/gara | Difesa trasferta subisce: 2.00/gara | Over25 casa ultime10: 0.00 | Over25 trasferta ultime10: 0.50;0.16;3.33;;;20.0;0.0;7.5;;;;2.0.0
2026-08-15;Austria_Bundesliga;A. Lustenau;Wolfsberger;30.46;BASSA;3;2026-08-14;Austria_Bundesliga;Austria_Bundesliga;;Ranking gap: 0.023 | Attacco casa: 1.00/gara | Difesa trasferta subisce: 0.50/gara | Over25 casa ultime10: 0.50 | Over25 trasferta ultime10: 0.50;0.46;10.0;;;5.0;7.5;7.5;;;;2.0.0
2026-08-15;Germany_Regionalliga_West;Bochum II;Oberhausen;30.44;BASSA;3;2026-08-14;Germany_Regionalliga_West;Germany_Regionalliga_West;;Ranking gap: 0.022 | Attacco casa: 1.00/gara | Difesa trasferta subisce: 0.50/gara | Over25 casa ultime10: 0.50 | Over25 trasferta ultime10: 0.50;0.44;10.0;;;5.0;7.5;7.5;;;;2.0.0
2026-08-15;Germany_Oberliga_Hessen;Giessen;Hanauer SC;30.4;BASSA;4;2026-08-14;Germany_Oberliga_Hessen;Germany_Oberliga_Hessen;;Ranking gap: 0.020 | Attacco casa: 0.00/gara | Difesa trasferta subisce: 2.00/gara | Over25 casa ultime10: 0.00 | Over25 trasferta ultime10: 0.67;0.4;0.0;;;20.0;0.0;10.0;;;;2.0.0
2026-08-15;Austria_Regionalliga_East;SV Donau;Marchfeld;30.38;BASSA;3;2026-08-14;Austria_Regionalliga_East;Austria_Regionalliga_East;;Ranking gap: 0.019 | Attacco casa: 1.00/gara | Difesa trasferta subisce: 0.50/gara | Over25 casa ultime10: 0.50 | Over25 trasferta ultime10: 0.50;0.38;10.0;;;5.0;7.5;7.5;;;;2.0.0
2026-08-15;Germany_Oberliga_RheinlandPfalzSaar;Gonsenheim;Koblenz;30.32;BASSA;4;2026-08-14;Germany_Oberliga_RheinlandPfalzSaar;Germany_Oberliga_RheinlandPfalzSaar;;Ranking gap: 0.016 | Attacco casa: 1.50/gara | Difesa trasferta subisce: 0.00/gara | Over25 casa ultime10: 0.50 | Over25 trasferta ultime10: 0.50;0.32;15.0;;;0.0;7.5;7.5;;;;2.0.0
2026-08-15;CzechRepublic_ChNL;Taborsko;Opava;30.2;BASSA;4;2026-08-14;CzechRepublic_ChNL;CzechRepublic_ChNL;;Ranking gap: 0.010 | Attacco casa: 1.33/gara | Difesa trasferta subisce: 0.67/gara | Over25 casa ultime10: 0.67 | Over25 trasferta ultime10: 0.00;0.2;13.33;;;6.67;10.0;0.0;;;;2.0.0
2026-08-15;SouthKorea_KLeague1;Gwangju;Pohang;30.13;BASSA;23;2026-08-14;SouthKorea_KLeague1;SouthKorea_KLeague1;;Ranking gap: 0.186 | Attacco casa: 0.50/gara | Difesa trasferta subisce: 1.09/gara | Over25 casa ultime10: 0.30 | Over25 trasferta ultime10: 0.40;3.72;5.0;;;10.91;4.5;6.0;;;;2.0.0
2026-08-15;Lithuania_ILyga;Neptunas;Babrungas;29.33;BASSA;21;2026-08-14;Lithuania_ILyga;Lithuania_ILyga;;Ranking gap: 0.073 | Attacco casa: 1.42/gara | Difesa trasferta subisce: 0.32/gara | Over25 casa ultime10: 0.60 | Over25 trasferta ultime10: 0.10;1.46;14.21;;;3.16;9.0;1.5;;;;2.0.0
2026-08-15;Poland_Division2;Kleczew;Bielsko-Biala;29.15;BASSA;4;2026-08-14;Poland_Division2;Poland_Division2;;Ranking gap: 0.041 | Attacco casa: 0.67/gara | Difesa trasferta subisce: 0.67/gara | Over25 casa ultime10: 0.33 | Over25 trasferta ultime10: 0.67;0.82;6.67;;;6.67;5.0;10.0;;;;2.0.0
2026-08-15;Poland_Ekstraklasa;Widzew Lodz;Korona;28.83;BASSA;4;2026-08-14;Poland_Ekstraklasa;Poland_Ekstraklasa;;Ranking gap: 0.025 | Attacco casa: 1.33/gara | Difesa trasferta subisce: 1.00/gara | Over25 casa ultime10: 0.33 | Over25 trasferta ultime10: 0.00;0.5;13.33;;;10.0;5.0;0.0;;;;2.0.0
2026-08-15;Germany_Regionalliga_Nord;Phonix Lubeck;VfB Lubeck;28.73;BASSA;4;2026-08-14;Germany_Regionalliga_Nord;Germany_Regionalliga_Nord;;Ranking gap: 0.020 | Attacco casa: 1.00/gara | Difesa trasferta subisce: 1.33/gara | Over25 casa ultime10: 0.33 | Over25 trasferta ultime10: 0.00;0.4;10.0;;;13.33;5.0;0.0;;;;2.0.0
2026-08-15;Germany_Regionalliga_West;Hilden;Wattenscheid;27.68;BASSA;3;2026-08-14;Germany_Regionalliga_West;Germany_Regionalliga_West;;Ranking gap: 0.009 | Attacco casa: 0.50/gara | Difesa trasferta subisce: 1.50/gara | Over25 casa ultime10: 0.00 | Over25 trasferta ultime10: 0.50;0.18;5.0;;;15.0;0.0;7.5;;;;2.0.0
2026-08-15;Austria_Regionalliga_East;Wiener Viktoria;Mattersburg SV 2020;27.54;BASSA;3;2026-08-14;Austria_Regionalliga_East;Austria_Regionalliga_East;;Ranking gap: 0.002 | Attacco casa: 0.50/gara | Difesa trasferta subisce: 1.50/gara | Over25 casa ultime10: 0.50 | Over25 trasferta ultime10: 0.00;0.04;5.0;;;15.0;7.5;0.0;;;;2.0.0
2026-08-15;Austria_Regionalliga_West;FC Lustenau;Kufstein;25.72;BASSA;3;2026-08-14;Austria_Regionalliga_West;Austria_Regionalliga_West;;Ranking gap: 0.036 | Attacco casa: 0.00/gara | Difesa trasferta subisce: 1.00/gara | Over25 casa ultime10: 0.50 | Over25 trasferta ultime10: 0.50;0.72;0.0;;;10.0;7.5;7.5;;;;2.0.0
2026-08-15;Austria_2Liga;Austria (Am);A. Salzburg;25.6;BASSA;3;2026-08-14;Austria_2Liga;Austria_2Liga;;Ranking gap: 0.030 | Attacco casa: 0.50/gara | Difesa trasferta subisce: 0.50/gara | Over25 casa ultime10: 0.50 | Over25 trasferta ultime10: 0.50;0.6;5.0;;;5.0;7.5;7.5;;;;2.0.0
2026-08-15;Poland_Division2;R. Rzeszow;Tychy;20.96;BASSA;4;2026-08-14;Poland_Division2;Poland_Division2;;Ranking gap: 0.048 | Attacco casa: 0.33/gara | Difesa trasferta subisce: 0.67/gara | Over25 casa ultime10: 0.33 | Over25 trasferta ultime10: 0.33;0.96;3.33;;;6.67;5.0;5.0;;;;2.0.0
2026-08-15;Romania_Superliga;Csikszereda M. Ciuc;Sepsi Sf. Gheorghe;18.42;BASSA;5;2026-08-14;Romania_Superliga;Romania_Superliga;;Ranking gap: 0.046 | Attacco casa: 0.50/gara | Difesa trasferta subisce: 0.50/gara | Over25 casa ultime10: 0.50 | Over25 trasferta ultime10: 0.00;0.92;5.0;;;5.0;7.5;0.0;;;;2.0.0
2026-08-15;Montenegro_PrvaCrnogorskaLiga;Sutjeska;Otrant;17.66;BASSA;3;2026-08-14;Montenegro_PrvaCrnogorskaLiga;Montenegro_PrvaCrnogorskaLiga;;Ranking gap: 0.008 | Attacco casa: 0.00/gara | Difesa trasferta subisce: 1.00/gara | Over25 casa ultime10: 0.00 | Over25 trasferta ultime10: 0.50;0.16;0.0;;;10.0;0.0;7.5;;;;2.0.0
2026-08-15;Serbia_PrvaLiga;Jedinstvo U.;TSC;15.16;BASSA;3;2026-08-14;Serbia_PrvaLiga;Serbia_PrvaLiga;;Ranking gap: 0.008 | Attacco casa: 1.00/gara | Difesa trasferta subisce: 0.50/gara | Over25 casa ultime10: 0.00 | Over25 trasferta ultime10: 0.00;0.16;10.0;;;5.0;0.0;0.0;;;;2.0.0
2026-08-15;CzechRepublic_ChNL;Kromeriz;Jihlava;12.25;BASSA;4;2026-08-14;CzechRepublic_ChNL;CzechRepublic_ChNL;;Ranking gap: 0.029 | Attacco casa: 0.00/gara | Difesa trasferta subisce: 0.67/gara | Over25 casa ultime10: 0.00 | Over25 trasferta ultime10: 0.33;0.58;0.0;;;6.67;0.0;5.0;;;;2.0.0
2026-08-15;Slovenia_PrvaLiga;O. Ljubljana;Maribor;9.89;BASSA;5;2026-08-14;Slovenia_PrvaLiga;Slovenia_PrvaLiga;;Ranking gap: 0.057 | Attacco casa: 0.25/gara | Difesa trasferta subisce: 0.25/gara | Over25 casa ultime10: 0.00 | Over25 trasferta ultime10: 0.25;1.14;2.5;;;2.5;0.0;3.75;;;;2.0.0
2026-08-15;Hungary_NBII;Mezokovesd;BVSC-Zuglo;5.16;BASSA;4;2026-08-14;Hungary_NBII;Hungary_NBII;;Ranking gap: 0.008 | Attacco casa: 0.00/gara | Difesa trasferta subisce: 0.50/gara | Over25 casa ultime10: 0.00 | Over25 trasferta ultime10: 0.00;0.16;0.0;;;5.0;0.0;0.0;;;;2.0.0
2026-08-15;Serbia_PrvaLiga;Proleter 023;Dubocica;0.46;BASSA;3;2026-08-14;Serbia_PrvaLiga;Serbia_PrvaLiga;;Ranking gap: 0.023 | Attacco casa: 0.00/gara | Difesa trasferta subisce: 0.00/gara | Over25 casa ultime10: 0.00 | Over25 trasferta ultime10: 0.00;0.46;0.0;;;0.0;0.0;0.0;;;;2.0.0
