MatchDate;LeagueId;Home;Away;Score;Band;Round;PredictionDate;HomeSourceLeagueId;AwaySourceLeagueId;CompetitionGroup;Reason;RankingGapScore;HomeAttackScore;AwayAttackScore;HomeDefenseWeaknessScore;AwayDefenseWeaknessScore;HomeLast10OverScore;AwayLast10OverScore;HomeVenueOverScore;AwayVenueOverScore;BTTSProfileScore;AlgorithmVersion
2026-08-23;CzechRepublic_3MSFL;Sigma Olomouc B;Blansko;98.44;IMM-ALTA-6;4;2026-08-21;CzechRepublic_3MSFL;CzechRepublic_3MSFL;;Ranking gap: 0.922 | Attacco casa: 3.33/gara | Difesa trasferta subisce: 3.00/gara | Over25 casa ultime10: 1.00 | Over25 trasferta ultime10: 1.00;18.44;25.0;;;25.0;15.0;15.0;;;;2.0.defplus2
2026-08-23;Switzerland_PromotionLeague;Biel;Lugano 2;82.66;IMM-ALTA-6;5;2026-08-21;Switzerland_PromotionLeague;Switzerland_PromotionLeague;;Ranking gap: 0.883 | Attacco casa: 2.00/gara | Difesa trasferta subisce: 3.33/gara | Over25 casa ultime10: 0.33 | Over25 trasferta ultime10: 1.00;17.66;20.0;;;25.0;5.0;15.0;;;;2.0.defplus2
2026-08-23;Poland_IIILiga_Group3;Brzeg;Rakow 2;81.59;IMM-ALTA-8;5;2026-08-21;Poland_IIILiga_Group3;Poland_IIILiga_Group3;;Ranking gap: 0.767 | Attacco casa: 2.25/gara | Difesa trasferta subisce: 3.00/gara | Over25 casa ultime10: 0.50 | Over25 trasferta ultime10: 0.75;15.34;22.5;;;25.0;7.5;11.25;;;;2.0.defplus2
2026-08-23;Switzerland_SuperLeague;Young Boys;Vaduz;81.02;IMM-ALTA-6;4;2026-08-21;Switzerland_SuperLeague;Switzerland_SuperLeague;;Ranking gap: 0.051 | Attacco casa: 4.00/gara | Difesa trasferta subisce: 2.67/gara | Over25 casa ultime10: 1.00 | Over25 trasferta ultime10: 1.00;1.02;25.0;;;25.0;15.0;15.0;;;;2.0.defplus2
2026-08-23;Japan_J1League;Machida;Urawa;80.78;IMM-ALTA-4;3;2026-08-21;Japan_J1League;Japan_J1League;;Ranking gap: 0.039 | Attacco casa: 4.50/gara | Difesa trasferta subisce: 4.00/gara | Over25 casa ultime10: 1.00 | Over25 trasferta ultime10: 1.00;0.78;25.0;;;25.0;15.0;15.0;;;;2.0.defplus2
2026-08-23;Poland_IIILiga_Group1;Pelikan;Troszyn;80.74;IMM-ALTA-8;5;2026-08-21;Poland_IIILiga_Group1;Poland_IIILiga_Group1;;Ranking gap: 0.912 | Attacco casa: 1.50/gara | Difesa trasferta subisce: 3.50/gara | Over25 casa ultime10: 0.75 | Over25 trasferta ultime10: 0.75;18.24;15.0;;;25.0;11.25;11.25;;;;2.0.defplus2
2026-08-23;Belgium_JupilerProLeague;Club Brugge;Cercle Brugge;80.54;IMM-ALTA-4;3;2026-08-21;Belgium_JupilerProLeague;Belgium_JupilerProLeague;;Ranking gap: 0.027 | Attacco casa: 3.00/gara | Difesa trasferta subisce: 2.50/gara | Over25 casa ultime10: 1.00 | Over25 trasferta ultime10: 1.00;0.54;25.0;;;25.0;15.0;15.0;;;;2.0.defplus2
2026-08-23;Poland_IIILiga_Group1;T. Mazowiecki;LKS Lodz 2;77.75;IMM-ALTA-8;5;2026-08-21;Poland_IIILiga_Group1;Poland_IIILiga_Group1;;Ranking gap: 0.825 | Attacco casa: 2.50/gara | Difesa trasferta subisce: 1.75/gara | Over25 casa ultime10: 1.00 | Over25 trasferta ultime10: 0.25;16.5;25.0;;;17.5;15.0;3.75;;;;2.0.defplus2
2026-08-23;Poland_IIILiga_Group2;Grom Nowy Staw;Kluczevia Stargard;77.17;IMM-ALTA-8;5;2026-08-21;Poland_IIILiga_Group2;Poland_IIILiga_Group2;;Ranking gap: 0.796 | Attacco casa: 1.75/gara | Difesa trasferta subisce: 1.75/gara | Over25 casa ultime10: 0.75 | Over25 trasferta ultime10: 1.00;15.92;17.5;;;17.5;11.25;15.0;;;;2.0.defplus2
2026-08-23;Austria_Karnten;Kottmannsdorf;Seeboden;76.77;IMM-ALTA-6;5;2026-08-21;Austria_Karnten;Austria_Karnten;;Ranking gap: 0.922 | Attacco casa: 1.33/gara | Difesa trasferta subisce: 2.00/gara | Over25 casa ultime10: 0.67 | Over25 trasferta ultime10: 1.00;18.44;13.33;;;20.0;10.0;15.0;;;;2.0.defplus2
2026-08-23;Iceland_BestaDeildKarla;Vikingur Reykjavik;Valur;76.61;ALTA;25;2026-08-21;Iceland_BestaDeildKarla;Iceland_BestaDeildKarla;;Ranking gap: 0.403 | Attacco casa: 3.26/gara | Difesa trasferta subisce: 2.11/gara | Over25 casa ultime10: 0.90 | Over25 trasferta ultime10: 0.60;8.06;25.0;;;21.05;13.5;9.0;;;;2.0.defplus2
2026-08-23;Austria_Regionalliga_West;Hohenems;Rothis;76.24;IMM-ALTA-6;4;2026-08-21;Austria_Regionalliga_West;Austria_Regionalliga_West;;Ranking gap: 0.062 | Attacco casa: 3.67/gara | Difesa trasferta subisce: 2.67/gara | Over25 casa ultime10: 0.67 | Over25 trasferta ultime10: 1.00;1.24;25.0;;;25.0;10.0;15.0;;;;2.0.defplus2
2026-08-23;Germany_Oberliga_Hamburg;Niendorfer TSV;Victoria Hamburg;75.5;IMM-ALTA-6;4;2026-08-21;Germany_Oberliga_Hamburg;Germany_Oberliga_Hamburg;;Ranking gap: 0.025 | Attacco casa: 3.00/gara | Difesa trasferta subisce: 2.67/gara | Over25 casa ultime10: 1.00 | Over25 trasferta ultime10: 0.67;0.5;25.0;;;25.0;15.0;10.0;;;;2.0.defplus2
2026-08-23;Germany_Oberliga_Westfalen;SpVgg Herne Horsthausen;ASC 09 Dortmund;75.44;IMM-ALTA-4;3;2026-08-21;Germany_Oberliga_Westfalen;Germany_Oberliga_Westfalen;;Ranking gap: 0.022 | Attacco casa: 2.00/gara | Difesa trasferta subisce: 4.00/gara | Over25 casa ultime10: 1.00 | Over25 trasferta ultime10: 1.00;0.44;20.0;;;25.0;15.0;15.0;;;;2.0.defplus2
2026-08-23;Poland_IIILiga_Group2;Gedania Gdansk;Lech 2;74.83;IMM-ALTA-8;5;2026-08-21;Poland_IIILiga_Group2;Poland_IIILiga_Group2;;"Ranking gap: 0.679 | Attacco casa: 2.50/gara | Difesa trasferta subisce: 1.75/gara | Over25 casa ultime10: 0.75 | Over25 trasferta ultime10: 0.50 || V20DEFPLUS_V2_PROMOTED[V20DEFScore=74.83;V22DEFScore=82.65;V25DEFScore=82.65;Thresholds=70/80/80]";13.58;25.0;;;17.5;11.25;7.5;;;;2.0.defplus2
2026-08-23;Poland_IIILiga_Group1;Widzew Lodz 2;Lidzbark Warminski;74.0;MEDIA-ALTA;5;2026-08-21;Poland_IIILiga_Group1;Poland_IIILiga_Group1;;Ranking gap: 0.825 | Attacco casa: 1.75/gara | Difesa trasferta subisce: 2.50/gara | Over25 casa ultime10: 0.25 | Over25 trasferta ultime10: 0.75;16.5;17.5;;;25.0;3.75;11.25;;;;2.0.defplus2
2026-08-23;Netherlands_Eredivisie;G.A. Eagles;Den Haag;73.14;MEDIA-ALTA;3;2026-08-21;Netherlands_Eredivisie;Netherlands_Eredivisie;;Ranking gap: 0.032 | Attacco casa: 3.00/gara | Difesa trasferta subisce: 3.00/gara | Over25 casa ultime10: 1.00 | Over25 trasferta ultime10: 0.50;0.64;25.0;;;25.0;15.0;7.5;;;;2.0.defplus2
2026-08-23;Germany_Oberliga_SchleswigHolstein;Oldenburger;PSV Neumunster;71.63;IMM-ALTA-8;5;2026-08-21;Germany_Oberliga_SchleswigHolstein;Germany_Oberliga_SchleswigHolstein;;"Ranking gap: 0.019 | Attacco casa: 2.50/gara | Difesa trasferta subisce: 2.00/gara | Over25 casa ultime10: 1.00 | Over25 trasferta ultime10: 0.75 || V20DEFPLUS_V2_PROMOTED[V20DEFScore=71.63;V22DEFScore=85.15;V25DEFScore=85.15;Thresholds=70/80/80]";0.38;25.0;;;20.0;15.0;11.25;;;;2.0.defplus2
2026-08-23;Poland_IIILiga_Group1;Weszlo;Jagiellonia 2;71.59;MEDIA-ALTA;5;2026-08-21;Poland_IIILiga_Group1;Poland_IIILiga_Group1;;Ranking gap: 0.767 | Attacco casa: 2.50/gara | Difesa trasferta subisce: 1.25/gara | Over25 casa ultime10: 0.50 | Over25 trasferta ultime10: 0.75;15.34;25.0;;;12.5;7.5;11.25;;;;2.0.defplus2
2026-08-23;Iceland_Division_2;Kari;Fjolnir;71.42;ALTA;33;2026-08-21;Iceland_Division_2;Iceland_Division_2;;"Ranking gap: 0.121 | Attacco casa: 2.61/gara | Difesa trasferta subisce: 2.30/gara | Over25 casa ultime10: 0.70 | Over25 trasferta ultime10: 0.90 || V20DEF_STRONG_DEFENSE[Rule=AT_LEAST_ONE_STRONG;Threshold=1.60;Penalty=-3.00;HomeGALast5=1.20;AwayGALast5=2.40;BaseScore=74.42;FinalScore=71.42] || V20DEFPLUS_V2_PROMOTED[V20DEFScore=71.42;V22DEFScore=89.73;V25DEFScore=89.73;Thresholds=70/80/80]";2.42;25.0;;;23.0;10.5;13.5;;;;2.0.defplus2
2026-08-23;Hungary_NBI;Győr;Zalaegerszeg;70.36;IMM-ALTA-7;5;2026-08-21;Hungary_NBI;Hungary_NBI;;"Ranking gap: 0.039 | Attacco casa: 2.33/gara | Difesa trasferta subisce: 2.75/gara | Over25 casa ultime10: 0.67 | Over25 trasferta ultime10: 0.75 || V20DEFPLUS_V2_PROMOTED[V20DEFScore=70.36;V22DEFScore=80.34;V25DEFScore=80.34;Thresholds=70/80/80]";0.78;23.33;;;25.0;10.0;11.25;;;;2.0.defplus2
2026-08-23;Kyrgyzstan_PremierLiga;Muras United;Kyrgyzaltyn;69.96;MEDIA-ALTA;24;2026-08-21;Kyrgyzstan_PremierLiga;Kyrgyzstan_PremierLiga;;"Ranking gap: 0.423 | Attacco casa: 2.00/gara | Difesa trasferta subisce: 2.63/gara | Over25 casa ultime10: 0.50 | Over25 trasferta ultime10: 0.80 || V20DEF_STRONG_DEFENSE[Rule=AT_LEAST_ONE_STRONG;Threshold=1.60;Penalty=-3.00;HomeGALast5=1.00;AwayGALast5=3.20;BaseScore=72.96;FinalScore=69.96]";8.46;20.0;;;25.0;7.5;12.0;;;;2.0.defplus2
2026-08-23;Kyrgyzstan_PremierLiga;Bars;Neftchi Kochkor-Ata;69.3;MEDIA-ALTA;24;2026-08-21;Kyrgyzstan_PremierLiga;Kyrgyzstan_PremierLiga;;Ranking gap: 0.248 | Attacco casa: 2.74/gara | Difesa trasferta subisce: 1.68/gara | Over25 casa ultime10: 1.00 | Over25 trasferta ultime10: 0.50;4.96;25.0;;;16.84;15.0;7.5;;;;2.0.defplus2
2026-08-23;Poland_IIILiga_Group1;Zambrow;Plock 2;69.16;MEDIA-ALTA;5;2026-08-21;Poland_IIILiga_Group1;Poland_IIILiga_Group1;;Ranking gap: 0.708 | Attacco casa: 2.25/gara | Difesa trasferta subisce: 1.00/gara | Over25 casa ultime10: 1.00 | Over25 trasferta ultime10: 0.50;14.16;22.5;;;10.0;15.0;7.5;;;;2.0.defplus2
2026-08-23;Poland_IIILiga_Group2;Blekitni Stargard;Luzino;69.0;MEDIA-ALTA;5;2026-08-21;Poland_IIILiga_Group2;Poland_IIILiga_Group2;;Ranking gap: 0.825 | Attacco casa: 1.75/gara | Difesa trasferta subisce: 1.25/gara | Over25 casa ultime10: 0.75 | Over25 trasferta ultime10: 0.75;16.5;17.5;;;12.5;11.25;11.25;;;;2.0.defplus2
2026-08-23;Iceland_Division_2;KFA;Hviti;68.84;MEDIA-ALTA;33;2026-08-21;Iceland_Division_2;Iceland_Division_2;;Ranking gap: 0.178 | Attacco casa: 2.22/gara | Difesa trasferta subisce: 2.06/gara | Over25 casa ultime10: 0.80 | Over25 trasferta ultime10: 0.70;3.56;22.22;;;20.56;12.0;10.5;;;;2.0.defplus2
2026-08-23;Germany_Oberliga_Hamburg;Paloma;Pinneberg;68.71;MEDIA-ALTA;4;2026-08-21;Germany_Oberliga_Hamburg;Germany_Oberliga_Hamburg;;Ranking gap: 0.019 | Attacco casa: 3.00/gara | Difesa trasferta subisce: 1.33/gara | Over25 casa ultime10: 1.00 | Over25 trasferta ultime10: 1.00;0.38;25.0;;;13.33;15.0;15.0;;;;2.0.defplus2
2026-08-23;CzechRepublic_3MSFL;Artis Brno B;Slovacko B;68.67;MEDIA-ALTA;4;2026-08-21;CzechRepublic_3MSFL;CzechRepublic_3MSFL;;Ranking gap: 0.767 | Attacco casa: 1.67/gara | Difesa trasferta subisce: 1.67/gara | Over25 casa ultime10: 0.33 | Over25 trasferta ultime10: 1.00;15.34;16.67;;;16.67;5.0;15.0;;;;2.0.defplus2
2026-08-23;CzechRepublic_4Liga_GroupE;FK Kozlovice;Sternberk;68.28;MEDIA-ALTA;3;2026-08-21;CzechRepublic_4Liga_GroupE;CzechRepublic_4Liga_GroupE;CzechRepublic_4Liga;Ranking gap: 0.039 | Attacco casa: 3.50/gara | Difesa trasferta subisce: 2.00/gara | Over25 casa ultime10: 1.00 | Over25 trasferta ultime10: 0.50;0.78;25.0;;;20.0;15.0;7.5;;;;2.0.defplus2
2026-08-23;Slovakia_3Liga_West;Belusa;Raca;68.22;MEDIA-ALTA;3;2026-08-21;Slovakia_3Liga_West;Slovakia_3Liga_West;;Ranking gap: 0.036 | Attacco casa: 3.00/gara | Difesa trasferta subisce: 2.00/gara | Over25 casa ultime10: 1.00 | Over25 trasferta ultime10: 0.50;0.72;25.0;;;20.0;15.0;7.5;;;;2.0.defplus2
2026-08-23;Estonia_EsiliigaB;Tammeka U21;Johvi Phoenix;68.15;MEDIA-ALTA;25;2026-08-21;Estonia_EsiliigaB;Estonia_EsiliigaB;;"Ranking gap: 0.052 | Attacco casa: 2.64/gara | Difesa trasferta subisce: 2.26/gara | Over25 casa ultime10: 0.90 | Over25 trasferta ultime10: 0.60 || V20DEF_STRONG_DEFENSE[Rule=AT_LEAST_ONE_STRONG;Threshold=1.60;Penalty=-3.00;HomeGALast5=1.80;AwayGALast5=1.20;BaseScore=71.15;FinalScore=68.15]";1.04;25.0;;;22.61;13.5;9.0;;;;2.0.defplus2
2026-08-23;Iceland_Division_2;Haukar;Dalvik/Reynir;67.75;MEDIA-ALTA;33;2026-08-21;Iceland_Division_2;Iceland_Division_2;;"Ranking gap: 0.382 | Attacco casa: 2.45/gara | Difesa trasferta subisce: 1.61/gara | Over25 casa ultime10: 1.00 | Over25 trasferta ultime10: 0.50 || V20DEF_STRONG_DEFENSE[Rule=AT_LEAST_ONE_STRONG;Threshold=1.60;Penalty=-3.00;HomeGALast5=1.20;AwayGALast5=1.40;BaseScore=70.75;FinalScore=67.75]";7.64;24.5;;;16.11;15.0;7.5;;;;2.0.defplus2
2026-08-23;Iceland_BestaDeildKarla;Akureyri;KR Reykjavik;67.6;MEDIA-ALTA;25;2026-08-21;Iceland_BestaDeildKarla;Iceland_BestaDeildKarla;;"Ranking gap: 0.488 | Attacco casa: 1.47/gara | Difesa trasferta subisce: 2.21/gara | Over25 casa ultime10: 0.80 | Over25 trasferta ultime10: 0.80 || V20DEF_STRONG_DEFENSE[Rule=AT_LEAST_ONE_STRONG;Threshold=1.60;Penalty=-3.00;HomeGALast5=2.00;AwayGALast5=1.60;BaseScore=70.60;FinalScore=67.60]";9.76;14.74;;;22.11;12.0;12.0;;;;2.0.defplus2
2026-08-23;Austria_Tirol;Innsbrucker AC;Ebbs;67.11;MEDIA-ALTA;4;2026-08-21;Austria_Tirol;Austria_Tirol;;Ranking gap: 0.689 | Attacco casa: 2.00/gara | Difesa trasferta subisce: 1.33/gara | Over25 casa ultime10: 0.33 | Over25 trasferta ultime10: 1.00;13.78;20.0;;;13.33;5.0;15.0;;;;2.0.defplus2
2026-08-23;USA_MLSNextPro_WesternConference_CentralDivision;Chicago Fire 2;Inter Miami 2;66.75;MEDIA-ALTA;28;2026-08-21;USA_MLSNextPro_EasternConference_SoutheastDivision;USA_MLSNextPro_EasternConference_SoutheastDivision;;"Ranking gap: 0.383 | Attacco casa: 2.00/gara | Difesa trasferta subisce: 2.41/gara | Over25 casa ultime10: 0.80 | Over25 trasferta ultime10: 0.40 || V20DEF_STRONG_DEFENSE[Rule=AT_LEAST_ONE_STRONG;Threshold=1.60;Penalty=-3.00;HomeGALast5=1.60;AwayGALast5=1.60;BaseScore=69.75;FinalScore=66.75]";7.66;20.0;;;24.09;12.0;6.0;;;;2.0.defplus2
2026-08-23;Australia_VictoriaPremierLeague;Melbourne Knights;Langwarrin;66.07;MEDIA-ALTA;27;2026-08-21;Australia_VictoriaPremierLeague;Australia_VictoriaPremierLeague;;"Ranking gap: 0.470 | Attacco casa: 1.96/gara | Difesa trasferta subisce: 2.21/gara | Over25 casa ultime10: 0.40 | Over25 trasferta ultime10: 0.80 || V20DEF_STRONG_DEFENSE[Rule=AT_LEAST_ONE_STRONG;Threshold=1.60;Penalty=-3.00;HomeGALast5=0.80;AwayGALast5=2.20;BaseScore=69.07;FinalScore=66.07]";9.4;19.58;;;22.08;6.0;12.0;;;;2.0.defplus2
2026-08-23;Iceland_Division_2;Throttur Vogar;Selfoss;65.72;MEDIA-ALTA;33;2026-08-21;Iceland_Division_2;Iceland_Division_2;;Ranking gap: 0.323 | Attacco casa: 1.68/gara | Difesa trasferta subisce: 1.84/gara | Over25 casa ultime10: 0.80 | Over25 trasferta ultime10: 0.80;6.46;16.84;;;18.42;12.0;12.0;;;;2.0.defplus2
2026-08-23;Germany_Oberliga_Hessen;Pohlheim;CSC 03 Kassel;65.5;MEDIA-ALTA;5;2026-08-21;Germany_Oberliga_Hessen;Germany_Oberliga_Hessen;;Ranking gap: 0.025 | Attacco casa: 1.75/gara | Difesa trasferta subisce: 3.25/gara | Over25 casa ultime10: 0.75 | Over25 trasferta ultime10: 0.75;0.5;17.5;;;25.0;11.25;11.25;;;;2.0.defplus2
2026-08-23;Germany_Oberliga_Hamburg;TSV Buchholz 08;Wandsbeker Concordia;65.48;MEDIA-ALTA;4;2026-08-21;Germany_Oberliga_Hamburg;Germany_Oberliga_Hamburg;;Ranking gap: 0.024 | Attacco casa: 2.00/gara | Difesa trasferta subisce: 2.67/gara | Over25 casa ultime10: 1.00 | Over25 trasferta ultime10: 0.33;0.48;20.0;;;25.0;15.0;5.0;;;;2.0.defplus2
2026-08-23;Netherlands_EersteDivisie;Venlo;De Graafschap;65.3;MEDIA-ALTA;3;2026-08-21;Netherlands_EersteDivisie;Netherlands_EersteDivisie;;Ranking gap: 0.015 | Attacco casa: 2.50/gara | Difesa trasferta subisce: 3.00/gara | Over25 casa ultime10: 0.50 | Over25 trasferta ultime10: 0.50;0.3;25.0;;;25.0;7.5;7.5;;;;2.0.defplus2
2026-08-23;Sweden_Division1_Norra;Hammarby TFF;Pitea;65.23;MEDIA-ALTA;20;2026-08-21;Sweden_Division1_Norra;Sweden_Division1_Norra;;"Ranking gap: 0.382 | Attacco casa: 2.83/gara | Difesa trasferta subisce: 2.06/gara | Over25 casa ultime10: 0.50 | Over25 trasferta ultime10: 0.50 || V20DEF_STRONG_DEFENSE[Rule=AT_LEAST_ONE_STRONG;Threshold=1.60;Penalty=-3.00;HomeGALast5=0.60;AwayGALast5=1.60;BaseScore=68.23;FinalScore=65.23]";7.64;25.0;;;20.59;7.5;7.5;;;;2.0.defplus2
2026-08-23;Germany_Oberliga_Bremen;Schwachhausen;Geestemunde;65.22;MEDIA-ALTA;3;2026-08-21;Germany_Oberliga_Bremen;Germany_Oberliga_Bremen;;Ranking gap: 0.011 | Attacco casa: 1.00/gara | Difesa trasferta subisce: 5.00/gara | Over25 casa ultime10: 1.00 | Over25 trasferta ultime10: 1.00;0.22;10.0;;;25.0;15.0;15.0;;;;2.0.defplus2
2026-08-23;CzechRepublic_3MSFL;Zlin B;Hodonin;65.21;MEDIA-ALTA;4;2026-08-21;CzechRepublic_3MSFL;CzechRepublic_3MSFL;;Ranking gap: 0.844 | Attacco casa: 1.00/gara | Difesa trasferta subisce: 2.33/gara | Over25 casa ultime10: 0.33 | Over25 trasferta ultime10: 0.67;16.88;10.0;;;23.33;5.0;10.0;;;;2.0.defplus2
2026-08-23;Germany_Oberliga_Westfalen;Eintracht Rheine;Verl 2;65.02;MEDIA-ALTA;3;2026-08-21;Germany_Oberliga_Westfalen;Germany_Oberliga_Westfalen;;Ranking gap: 0.001 | Attacco casa: 3.00/gara | Difesa trasferta subisce: 1.00/gara | Over25 casa ultime10: 1.00 | Over25 trasferta ultime10: 1.00;0.02;25.0;;;10.0;15.0;15.0;;;;2.0.defplus2
2026-08-23;CzechRepublic_3MSFL;Brno B;Uhersky Brod;64.56;MEDIA-ALTA;4;2026-08-21;CzechRepublic_3MSFL;CzechRepublic_3MSFL;;Ranking gap: 0.728 | Attacco casa: 2.00/gara | Difesa trasferta subisce: 1.00/gara | Over25 casa ultime10: 1.00 | Over25 trasferta ultime10: 0.33;14.56;20.0;;;10.0;15.0;5.0;;;;2.0.defplus2
2026-08-23;Finland_Kolmonen_Eastern_Group2;PK-37;Kings SC;64.16;MEDIA-ALTA;18;2026-08-21;Finland_Kolmonen_Eastern_Group2;Finland_Kolmonen_Eastern_Group2;;"Ranking gap: 0.564 | Attacco casa: 1.69/gara | Difesa trasferta subisce: 1.50/gara | Over25 casa ultime10: 0.70 | Over25 trasferta ultime10: 0.90 || V20DEF_STRONG_DEFENSE[Rule=AT_LEAST_ONE_STRONG;Threshold=1.60;Penalty=-3.00;HomeGALast5=1.60;AwayGALast5=2.20;BaseScore=67.16;FinalScore=64.16]";11.28;16.88;;;15.0;10.5;13.5;;;;2.0.defplus2
2026-08-23;Latvia_NakotnesLiga;Leevon PPK;FK Smiltene;64.13;MEDIA-ALTA;18;2026-08-21;Latvia_NakotnesLiga;Latvia_NakotnesLiga;;"Ranking gap: 0.319 | Attacco casa: 1.62/gara | Difesa trasferta subisce: 2.69/gara | Over25 casa ultime10: 0.80 | Over25 trasferta ultime10: 0.50 || V20DEF_STRONG_DEFENSE[Rule=AT_LEAST_ONE_STRONG;Threshold=1.60;Penalty=-3.00;HomeGALast5=1.40;AwayGALast5=2.40;BaseScore=67.13;FinalScore=64.13]";6.38;16.25;;;25.0;12.0;7.5;;;;2.0.defplus2
2026-08-23;USA_MLS;Inter Miami;Toronto FC;64.02;MEDIA-ALTA;23;2026-08-21;USA_MLS;USA_MLS;;"Ranking gap: 0.176 | Attacco casa: 2.40/gara | Difesa trasferta subisce: 1.85/gara | Over25 casa ultime10: 0.80 | Over25 trasferta ultime10: 0.60 || V20DEF_STRONG_DEFENSE[Rule=AT_LEAST_ONE_STRONG;Threshold=1.60;Penalty=-3.00;HomeGALast5=2.00;AwayGALast5=1.40;BaseScore=67.02;FinalScore=64.02]";3.52;24.0;;;18.5;12.0;9.0;;;;2.0.defplus2
2026-08-23;Australia_NPL_NSW_U20;Wollongong Wolves U20;WS Wanderers U20;63.97;MEDIA-ALTA;30;2026-08-21;Australia_NPL_NSW_U20;Australia_NPL_NSW_U20;;Ranking gap: 0.138 | Attacco casa: 2.07/gara | Difesa trasferta subisce: 2.25/gara | Over25 casa ultime10: 0.60 | Over25 trasferta ultime10: 0.60;2.76;20.71;;;22.5;9.0;9.0;;;;2.0.defplus2
2026-08-23;Finland_Veikkausliiga;KuPS;Mariehamn;63.9;MEDIA-ALTA;22;2026-08-21;Finland_Veikkausliiga;Finland_Veikkausliiga;;"Ranking gap: 0.670 | Attacco casa: 1.80/gara | Difesa trasferta subisce: 2.05/gara | Over25 casa ultime10: 0.50 | Over25 trasferta ultime10: 0.50 || V20DEF_STRONG_DEFENSE[Rule=AT_LEAST_ONE_STRONG;Threshold=1.60;Penalty=-3.00;HomeGALast5=0.60;AwayGALast5=1.60;BaseScore=66.90;FinalScore=63.90]";13.4;18.0;;;20.5;7.5;7.5;;;;2.0.defplus2
2026-08-23;USA_USLLeagueOne;Union Omaha;Sarasota Paradise;63.8;MEDIA-ALTA;32;2026-08-21;USA_USLLeagueOne;USA_USLLeagueOne;;"Ranking gap: 0.678 | Attacco casa: 1.86/gara | Difesa trasferta subisce: 1.67/gara | Over25 casa ultime10: 0.60 | Over25 trasferta ultime10: 0.60 || V20DEF_STRONG_DEFENSE[Rule=AT_LEAST_ONE_STRONG;Threshold=1.60;Penalty=-3.00;HomeGALast5=1.00;AwayGALast5=1.40;BaseScore=66.80;FinalScore=63.80]";13.56;18.57;;;16.67;9.0;9.0;;;;2.0.defplus2
2026-08-23;Iceland_BestaDeildKarla;Stjarnan;Thor Akureyri;63.65;MEDIA-ALTA;25;2026-08-21;Iceland_BestaDeildKarla;Iceland_BestaDeildKarla;;"Ranking gap: 0.177 | Attacco casa: 1.79/gara | Difesa trasferta subisce: 2.42/gara | Over25 casa ultime10: 0.90 | Over25 trasferta ultime10: 0.50 || V20DEF_STRONG_DEFENSE[Rule=AT_LEAST_ONE_STRONG;Threshold=1.60;Penalty=-3.00;HomeGALast5=3.00;AwayGALast5=1.00;BaseScore=66.65;FinalScore=63.65]";3.54;17.89;;;24.21;13.5;7.5;;;;2.0.defplus2
2026-08-23;USA_USLLeagueOne;Chattanooga Red Wolves;New York Cosmos;63.24;MEDIA-ALTA;32;2026-08-21;USA_USLLeagueOne;USA_USLLeagueOne;;"Ranking gap: 0.566 | Attacco casa: 1.84/gara | Difesa trasferta subisce: 2.00/gara | Over25 casa ultime10: 0.60 | Over25 trasferta ultime10: 0.50 || V20DEF_STRONG_DEFENSE[Rule=AT_LEAST_ONE_STRONG;Threshold=1.60;Penalty=-3.00;HomeGALast5=2.40;AwayGALast5=1.40;BaseScore=66.24;FinalScore=63.24]";11.32;18.42;;;20.0;9.0;7.5;;;;2.0.defplus2
2026-08-23;CzechRepublic_3CFL_GroupB;Hradec Kralove B;Chrudim;62.9;MEDIA-ALTA;3;2026-08-21;CzechRepublic_3CFL_GroupB;CzechRepublic_3CFL_GroupB;CzechRepublic_3rdTier;Ranking gap: 0.020 | Attacco casa: 1.50/gara | Difesa trasferta subisce: 3.50/gara | Over25 casa ultime10: 0.50 | Over25 trasferta ultime10: 1.00;0.4;15.0;;;25.0;7.5;15.0;;;;2.0.defplus2
2026-08-23;Germany_Oberliga_Westfalen;Sprockhovel;Hiltrup;62.68;MEDIA-ALTA;3;2026-08-21;Germany_Oberliga_Westfalen;Germany_Oberliga_Westfalen;;Ranking gap: 0.009 | Attacco casa: 1.50/gara | Difesa trasferta subisce: 2.50/gara | Over25 casa ultime10: 1.00 | Over25 trasferta ultime10: 0.50;0.18;15.0;;;25.0;15.0;7.5;;;;2.0.defplus2
2026-08-23;Turkey_1Lig;Bandirmaspor;Keciorengucu;62.66;MEDIA-ALTA;3;2026-08-21;Turkey_1Lig;Turkey_1Lig;;Ranking gap: 0.008 | Attacco casa: 1.50/gara | Difesa trasferta subisce: 2.50/gara | Over25 casa ultime10: 0.50 | Over25 trasferta ultime10: 1.00;0.16;15.0;;;25.0;7.5;15.0;;;;2.0.defplus2
2026-08-23;Germany_Regionalliga_West;Paderborn 2;Bonner;62.05;MEDIA-ALTA;4;2026-08-21;Germany_Regionalliga_West;Germany_Regionalliga_West;;Ranking gap: 0.019 | Attacco casa: 1.67/gara | Difesa trasferta subisce: 2.00/gara | Over25 casa ultime10: 0.67 | Over25 trasferta ultime10: 1.00;0.38;16.67;;;20.0;10.0;15.0;;;;2.0.defplus2
2026-08-23;Slovakia_NikeLiga;Zilina;Komarno;61.91;MEDIA-ALTA;5;2026-08-21;Slovakia_NikeLiga;Slovakia_NikeLiga;;Ranking gap: 0.033 | Attacco casa: 2.50/gara | Difesa trasferta subisce: 1.75/gara | Over25 casa ultime10: 0.75 | Over25 trasferta ultime10: 0.50;0.66;25.0;;;17.5;11.25;7.5;;;;2.0.defplus2
2026-08-23;CzechRepublic_ChNL;Ostrava B;Ceska Lipa;61.77;MEDIA-ALTA;5;2026-08-21;CzechRepublic_ChNL;CzechRepublic_ChNL;;Ranking gap: 0.026 | Attacco casa: 1.75/gara | Difesa trasferta subisce: 2.75/gara | Over25 casa ultime10: 0.75 | Over25 trasferta ultime10: 0.50;0.52;17.5;;;25.0;11.25;7.5;;;;2.0.defplus2
2026-08-23;Australia_NSWLeagueOne;Central Coast Mariners U23;Western City Rangers;61.49;MEDIA-ALTA;31;2026-08-21;Australia_NSWLeagueOne;Australia_NSWLeagueOne;;Ranking gap: 0.171 | Attacco casa: 1.57/gara | Difesa trasferta subisce: 2.29/gara | Over25 casa ultime10: 0.70 | Over25 trasferta ultime10: 0.60;3.42;15.71;;;22.86;10.5;9.0;;;;2.0.defplus2
2026-08-23;Russia_PremierLeague;Din. Mosca;Rodina Moscow;61.33;MEDIA-ALTA;5;2026-08-21;Russia_PremierLeague;Russia_PremierLeague;;Ranking gap: 0.004 | Attacco casa: 1.00/gara | Difesa trasferta subisce: 2.75/gara | Over25 casa ultime10: 0.75 | Over25 trasferta ultime10: 1.00;0.08;10.0;;;25.0;11.25;15.0;;;;2.0.defplus2
2026-08-23;USA_MLSNextPro_EasternConference_SoutheastDivision;Carolina Core;Cincinnati 2;61.02;MEDIA-ALTA;27;2026-08-21;USA_MLSNextPro_EasternConference_SoutheastDivision;USA_MLSNextPro_EasternConference_NortheastDivision;;Ranking gap: 0.153 | Attacco casa: 1.39/gara | Difesa trasferta subisce: 2.30/gara | Over25 casa ultime10: 0.50 | Over25 trasferta ultime10: 0.90;3.06;13.91;;;23.04;7.5;13.5;;;;2.0.defplus2
2026-08-23;Estonia_Esiliiga;Nomme Kalju U21;Tartu Welco;60.99;MEDIA-ALTA;28;2026-08-21;Estonia_Esiliiga;Estonia_Esiliiga;;Ranking gap: 0.413 | Attacco casa: 1.35/gara | Difesa trasferta subisce: 1.38/gara | Over25 casa ultime10: 0.80 | Over25 trasferta ultime10: 0.90;8.26;13.48;;;13.75;12.0;13.5;;;;2.0.defplus2
2026-08-23;Poland_IIILiga_Group2;Unia Swarzedz;Wda Swiecie;60.41;MEDIA-ALTA;5;2026-08-21;Poland_IIILiga_Group2;Poland_IIILiga_Group2;;Ranking gap: 0.708 | Attacco casa: 1.50/gara | Difesa trasferta subisce: 1.25/gara | Over25 casa ultime10: 0.75 | Over25 trasferta ultime10: 0.50;14.16;15.0;;;12.5;11.25;7.5;;;;2.0.defplus2
2026-08-23;CzechRepublic_3MSFL;Karvina B;Polanka nad Odrou;60.34;MEDIA-ALTA;4;2026-08-21;CzechRepublic_3MSFL;CzechRepublic_3MSFL;;Ranking gap: 0.767 | Attacco casa: 2.00/gara | Difesa trasferta subisce: 1.00/gara | Over25 casa ultime10: 0.67 | Over25 trasferta ultime10: 0.33;15.34;20.0;;;10.0;10.0;5.0;;;;2.0.defplus2
2026-08-23;FaroeIslands_PremierLeague;HB Torshavn;07 Vestur Sorvagur;60.3;MEDIA-ALTA;24;2026-08-21;FaroeIslands_PremierLeague;FaroeIslands_PremierLeague;;"Ranking gap: 0.298 | Attacco casa: 1.89/gara | Difesa trasferta subisce: 1.89/gara | Over25 casa ultime10: 0.60 | Over25 trasferta ultime10: 0.70 || V20DEF_STRONG_DEFENSE[Rule=AT_LEAST_ONE_STRONG;Threshold=1.60;Penalty=-3.00;HomeGALast5=0.60;AwayGALast5=2.00;BaseScore=63.30;FinalScore=60.30]";5.96;18.89;;;18.95;9.0;10.5;;;;2.0.defplus2
2026-08-23;Netherlands_Eredivisie;PSV;Groningen;60.26;MEDIA-ALTA;3;2026-08-21;Netherlands_Eredivisie;Netherlands_Eredivisie;;Ranking gap: 0.013 | Attacco casa: 2.00/gara | Difesa trasferta subisce: 1.00/gara | Over25 casa ultime10: 1.00 | Over25 trasferta ultime10: 1.00;0.26;20.0;;;10.0;15.0;15.0;;;;2.0.defplus2
2026-08-23;Armenia_PremierLeague;Ararat-Armenia;Sardarapat;60.12;MEDIA-ALTA;5;2026-08-21;Armenia_PremierLeague;Armenia_PremierLeague;;Ranking gap: 0.006 | Attacco casa: 2.67/gara | Difesa trasferta subisce: 1.00/gara | Over25 casa ultime10: 0.67 | Over25 trasferta ultime10: 1.00;0.12;25.0;;;10.0;10.0;15.0;;;;2.0.defplus2
2026-08-23;USA_MLS;Cincinnati;Seattle Sounders;59.94;MEDIA;23;2026-08-21;USA_MLS;USA_MLS;;Ranking gap: 0.063 | Attacco casa: 2.40/gara | Difesa trasferta subisce: 1.37/gara | Over25 casa ultime10: 0.90 | Over25 trasferta ultime10: 0.50;1.26;24.0;;;13.68;13.5;7.5;;;;2.0.defplus2
2026-08-23;Finland_Kolmonen_Southern_Group3;ToTe/Tapio;Gnistan/Ogeli;59.73;MEDIA;17;2026-08-21;Finland_Kolmonen_Southern_Group3;Finland_Kolmonen_Southern_Group3;;Ranking gap: 0.136 | Attacco casa: 1.14/gara | Difesa trasferta subisce: 2.31/gara | Over25 casa ultime10: 0.80 | Over25 trasferta ultime10: 0.70;2.72;11.43;;;23.08;12.0;10.5;;;;2.0.defplus2
2026-08-23;Estonia_EsiliigaB;Tulevik;Narva U21;59.69;MEDIA;25;2026-08-21;Estonia_EsiliigaB;Estonia_EsiliigaB;;"Ranking gap: 0.222 | Attacco casa: 2.23/gara | Difesa trasferta subisce: 1.35/gara | Over25 casa ultime10: 0.70 | Over25 trasferta ultime10: 0.80 || V20DEF_STRONG_DEFENSE[Rule=AT_LEAST_ONE_STRONG;Threshold=1.60;Penalty=-3.00;HomeGALast5=2.00;AwayGALast5=0.60;BaseScore=62.69;FinalScore=59.69]";4.44;22.27;;;13.48;10.5;12.0;;;;2.0.defplus2
2026-08-23;Romania_Superliga;Univ. Craiova;FC Voluntari;59.64;MEDIA;6;2026-08-21;Romania_Superliga;Romania_Superliga;;Ranking gap: 0.007 | Attacco casa: 1.50/gara | Difesa trasferta subisce: 2.60/gara | Over25 casa ultime10: 0.50 | Over25 trasferta ultime10: 0.80;0.14;15.0;;;25.0;7.5;12.0;;;;2.0.defplus2
2026-08-23;Estonia_Esiliiga;Levadia U21;FC Tallinn;59.47;MEDIA;28;2026-08-21;Estonia_Esiliiga;Estonia_Esiliiga;;"Ranking gap: 0.065 | Attacco casa: 2.00/gara | Difesa trasferta subisce: 2.17/gara | Over25 casa ultime10: 0.80 | Over25 trasferta ultime10: 0.50 || V20DEF_STRONG_DEFENSE[Rule=AT_LEAST_ONE_STRONG;Threshold=1.60;Penalty=-3.00;HomeGALast5=2.40;AwayGALast5=0.60;BaseScore=62.47;FinalScore=59.47]";1.3;20.0;;;21.67;12.0;7.5;;;;2.0.defplus2
2026-08-23;Austria_Regionalliga_West;Kitzbuhel;Lauterach;59.33;MEDIA;4;2026-08-21;Austria_Regionalliga_West;Austria_Regionalliga_West;;Ranking gap: 0.050 | Attacco casa: 2.00/gara | Difesa trasferta subisce: 2.33/gara | Over25 casa ultime10: 0.33 | Over25 trasferta ultime10: 0.67;1.0;20.0;;;23.33;5.0;10.0;;;;2.0.defplus2
2026-08-23;Russia_PremierLeague;Dynamo Makhachkala;Krasnodar;59.21;MEDIA;5;2026-08-21;Russia_PremierLeague;Russia_PremierLeague;;Ranking gap: 0.023 | Attacco casa: 2.25/gara | Difesa trasferta subisce: 1.00/gara | Over25 casa ultime10: 1.00 | Over25 trasferta ultime10: 0.75;0.46;22.5;;;10.0;15.0;11.25;;;;2.0.defplus2
2026-08-23;CzechRepublic_ChNL;Slavia Praga B;Kromeriz;59.02;MEDIA;5;2026-08-21;CzechRepublic_ChNL;CzechRepublic_ChNL;;Ranking gap: 0.076 | Attacco casa: 2.25/gara | Difesa trasferta subisce: 2.00/gara | Over25 casa ultime10: 0.75 | Over25 trasferta ultime10: 0.25;1.52;22.5;;;20.0;11.25;3.75;;;;2.0.defplus2
2026-08-23;Estonia_Meistriliiga;Paide;Nomme Utd;58.97;MEDIA;26;2026-08-21;Estonia_Meistriliiga;Estonia_Meistriliiga;;"Ranking gap: 0.164 | Attacco casa: 1.57/gara | Difesa trasferta subisce: 2.35/gara | Over25 casa ultime10: 0.40 | Over25 trasferta ultime10: 0.90 || V20DEF_STRONG_DEFENSE[Rule=AT_LEAST_ONE_STRONG;Threshold=1.60;Penalty=-3.00;HomeGALast5=1.60;AwayGALast5=2.20;BaseScore=61.97;FinalScore=58.97]";3.28;15.71;;;23.48;6.0;13.5;;;;2.0.defplus2
2026-08-23;CzechRepublic_1Liga;Sigma Olomouc;Pardubice;58.58;MEDIA;5;2026-08-21;CzechRepublic_1Liga;CzechRepublic_1Liga;;Ranking gap: 0.054 | Attacco casa: 1.75/gara | Difesa trasferta subisce: 1.75/gara | Over25 casa ultime10: 1.00 | Over25 trasferta ultime10: 0.50;1.08;17.5;;;17.5;15.0;7.5;;;;2.0.defplus2
2026-08-23;USA_MLS;Nashville SC;Columbus Crew;58.37;MEDIA;23;2026-08-21;USA_MLS;USA_MLS;;"Ranking gap: 0.167 | Attacco casa: 2.05/gara | Difesa trasferta subisce: 1.65/gara | Over25 casa ultime10: 0.60 | Over25 trasferta ultime10: 0.80 || V20DEF_STRONG_DEFENSE[Rule=AT_LEAST_ONE_STRONG;Threshold=1.60;Penalty=-3.00;HomeGALast5=0.80;AwayGALast5=2.00;BaseScore=61.37;FinalScore=58.37]";3.34;20.53;;;16.5;9.0;12.0;;;;2.0.defplus2
2026-08-23;CzechRepublic_4Liga_GroupC;Chlumec nad Cidlinou;Kosmonosy;58.28;MEDIA;3;2026-08-21;CzechRepublic_4Liga_GroupC;CzechRepublic_4Liga_GroupC;CzechRepublic_4Liga;Ranking gap: 0.039 | Attacco casa: 1.50/gara | Difesa trasferta subisce: 2.00/gara | Over25 casa ultime10: 0.50 | Over25 trasferta ultime10: 1.00;0.78;15.0;;;20.0;7.5;15.0;;;;2.0.defplus2
2026-08-23;CzechRepublic_4Liga_GroupF;Sumperk;Stonava;58.28;MEDIA;3;2026-08-21;CzechRepublic_4Liga_GroupF;CzechRepublic_4Liga_GroupF;CzechRepublic_4Liga;Ranking gap: 0.039 | Attacco casa: 1.50/gara | Difesa trasferta subisce: 2.00/gara | Over25 casa ultime10: 0.50 | Over25 trasferta ultime10: 1.00;0.78;15.0;;;20.0;7.5;15.0;;;;2.0.defplus2
2026-08-23;CzechRepublic_4Liga_GroupC;Svitavy;Hlinsko;58.12;MEDIA;3;2026-08-21;CzechRepublic_4Liga_GroupC;CzechRepublic_4Liga_GroupC;CzechRepublic_4Liga;Ranking gap: 0.031 | Attacco casa: 2.00/gara | Difesa trasferta subisce: 1.50/gara | Over25 casa ultime10: 1.00 | Over25 trasferta ultime10: 0.50;0.62;20.0;;;15.0;15.0;7.5;;;;2.0.defplus2
2026-08-23;Australia_NPLNSW;Wollongong Wolves;WS Wanderers U21;57.85;MEDIA;30;2026-08-21;Australia_NPLNSW;Australia_NPLNSW;;Ranking gap: 0.116 | Attacco casa: 1.27/gara | Difesa trasferta subisce: 1.59/gara | Over25 casa ultime10: 0.80 | Over25 trasferta ultime10: 1.00;2.32;12.67;;;15.86;12.0;15.0;;;;2.0.defplus2
2026-08-23;Romania_Liga2;Selimbar;Afumati;57.84;MEDIA;4;2026-08-21;Romania_Liga2;Romania_Liga2;;Ranking gap: 0.017 | Attacco casa: 1.00/gara | Difesa trasferta subisce: 3.00/gara | Over25 casa ultime10: 0.50 | Over25 trasferta ultime10: 1.00;0.34;10.0;;;25.0;7.5;15.0;;;;2.0.defplus2
2026-08-23;Slovakia_3Liga_West;Myjava;Nitra;57.58;MEDIA;3;2026-08-21;Slovakia_3Liga_West;Slovakia_3Liga_West;;Ranking gap: 0.004 | Attacco casa: 2.50/gara | Difesa trasferta subisce: 1.00/gara | Over25 casa ultime10: 1.00 | Over25 trasferta ultime10: 0.50;0.08;25.0;;;10.0;15.0;7.5;;;;2.0.defplus2
2026-08-23;Moldova_SuperLiga;S. Tiraspol;Politehnica UTM;57.16;MEDIA;9;2026-08-21;Moldova_SuperLiga;Moldova_SuperLiga;;"Ranking gap: 0.414 | Attacco casa: 2.12/gara | Difesa trasferta subisce: 1.38/gara | Over25 casa ultime10: 0.50 | Over25 trasferta ultime10: 0.62 || V20DEF_STRONG_DEFENSE[Rule=AT_LEAST_ONE_STRONG;Threshold=1.60;Penalty=-3.00;HomeGALast5=0.80;AwayGALast5=1.40;BaseScore=60.16;FinalScore=57.16]";8.28;21.25;;;13.75;7.5;9.38;;;;2.0.defplus2
2026-08-23;Iceland_BestaDeildKarla;Keflavik;Vestmannaeyjar;57.13;MEDIA;25;2026-08-21;Iceland_BestaDeildKarla;Iceland_BestaDeildKarla;;"Ranking gap: 0.163 | Attacco casa: 1.58/gara | Difesa trasferta subisce: 2.16/gara | Over25 casa ultime10: 0.60 | Over25 trasferta ultime10: 0.70 || V20DEF_STRONG_DEFENSE[Rule=AT_LEAST_ONE_STRONG;Threshold=1.60;Penalty=-3.00;HomeGALast5=1.60;AwayGALast5=2.00;BaseScore=60.13;FinalScore=57.13]";3.26;15.79;;;21.58;9.0;10.5;;;;2.0.defplus2
2026-08-23;Poland_Ekstraklasa;Pogon Szczecin;Wisla;56.89;MEDIA;5;2026-08-21;Poland_Ekstraklasa;Poland_Ekstraklasa;;Ranking gap: 0.011 | Attacco casa: 1.67/gara | Difesa trasferta subisce: 2.00/gara | Over25 casa ultime10: 0.33 | Over25 trasferta ultime10: 1.00;0.22;16.67;;;20.0;5.0;15.0;;;;2.0.defplus2
2026-08-23;Sweden_Division1_Norra;Vasalund;Stocksund;56.4;MEDIA;20;2026-08-21;Sweden_Division1_Norra;Sweden_Division1_Norra;;"Ranking gap: 0.124 | Attacco casa: 1.39/gara | Difesa trasferta subisce: 2.35/gara | Over25 casa ultime10: 0.60 | Over25 trasferta ultime10: 0.70 || V20DEF_STRONG_DEFENSE[Rule=AT_LEAST_ONE_STRONG;Threshold=1.60;Penalty=-3.00;HomeGALast5=1.60;AwayGALast5=1.40;BaseScore=59.40;FinalScore=56.40]";2.48;13.89;;;23.53;9.0;10.5;;;;2.0.defplus2
2026-08-23;USA_USLLeagueOne;Forward Madison;Charlotte Independ.;56.36;MEDIA;32;2026-08-21;USA_USLLeagueOne;USA_USLLeagueOne;;"Ranking gap: 0.293 | Attacco casa: 2.00/gara | Difesa trasferta subisce: 1.40/gara | Over25 casa ultime10: 0.60 | Over25 trasferta ultime10: 0.70 || V20DEF_STRONG_DEFENSE[Rule=AT_LEAST_ONE_STRONG;Threshold=1.60;Penalty=-3.00;HomeGALast5=1.20;AwayGALast5=1.20;BaseScore=59.36;FinalScore=56.36]";5.86;20.0;;;14.0;9.0;10.5;;;;2.0.defplus2
2026-08-23;USA_USLLeagueOne;Spokane Velocity;Greenville;56.31;MEDIA;32;2026-08-21;USA_USLLeagueOne;USA_USLLeagueOne;;"Ranking gap: 0.530 | Attacco casa: 1.42/gara | Difesa trasferta subisce: 1.65/gara | Over25 casa ultime10: 0.70 | Over25 trasferta ultime10: 0.50 || V20DEF_STRONG_DEFENSE[Rule=AT_LEAST_ONE_STRONG;Threshold=1.60;Penalty=-3.00;HomeGALast5=1.40;AwayGALast5=1.60;BaseScore=59.31;FinalScore=56.31]";10.6;14.21;;;16.5;10.5;7.5;;;;2.0.defplus2
2026-08-23;Mexico_LigaMX_Apertura;Cruz Azul;Atlas;56.04;MEDIA;5;2026-08-21;Mexico_LigaMX_Apertura;Mexico_LigaMX_Apertura;;Ranking gap: 0.052 | Attacco casa: 2.00/gara | Difesa trasferta subisce: 1.25/gara | Over25 casa ultime10: 1.00 | Over25 trasferta ultime10: 0.50;1.04;20.0;;;12.5;15.0;7.5;;;;2.0.defplus2
2026-08-23;CzechRepublic_3CFL_GroupA;Ceske Budejovice;Bohemians 1905 B;55.94;MEDIA;3;2026-08-21;CzechRepublic_3CFL_GroupA;CzechRepublic_3CFL_GroupA;CzechRepublic_3rdTier;Ranking gap: 0.047 | Attacco casa: 3.50/gara | Difesa trasferta subisce: 1.50/gara | Over25 casa ultime10: 0.50 | Over25 trasferta ultime10: 0.50;0.94;25.0;;;15.0;7.5;7.5;;;;2.0.defplus2
2026-08-23;Austria_Salzburg;Neumarkt;USK Anif;55.9;MEDIA;4;2026-08-21;Austria_Salzburg;Austria_Salzburg;;Ranking gap: 0.045 | Attacco casa: 1.67/gara | Difesa trasferta subisce: 1.33/gara | Over25 casa ultime10: 0.67 | Over25 trasferta ultime10: 1.00;0.9;16.67;;;13.33;10.0;15.0;;;;2.0.defplus2
2026-08-23;USA_USLLeagueOne;AV Alta;FC Naples;55.83;MEDIA;32;2026-08-21;USA_USLLeagueOne;USA_USLLeagueOne;;"Ranking gap: 0.496 | Attacco casa: 1.39/gara | Difesa trasferta subisce: 1.70/gara | Over25 casa ultime10: 0.50 | Over25 trasferta ultime10: 0.70 || V20DEF_STRONG_DEFENSE[Rule=AT_LEAST_ONE_STRONG;Threshold=1.60;Penalty=-3.00;HomeGALast5=1.20;AwayGALast5=2.20;BaseScore=58.83;FinalScore=55.83]";9.92;13.91;;;17.0;7.5;10.5;;;;2.0.defplus2
2026-08-23;Finland_Kolmonen_Western_Group3;Sp. Kristina;Larsmo Bollklubb;55.65;MEDIA;11;2026-08-21;Finland_Kolmonen_Western_Group3;Finland_Kolmonen_Western_Group3;;"Ranking gap: 0.034 | Attacco casa: 1.23/gara | Difesa trasferta subisce: 2.47/gara | Over25 casa ultime10: 0.50 | Over25 trasferta ultime10: 0.90 || V20DEF_STRONG_DEFENSE[Rule=AT_LEAST_ONE_STRONG;Threshold=1.60;Penalty=-3.00;HomeGALast5=1.40;AwayGALast5=1.60;BaseScore=58.65;FinalScore=55.65]";0.68;12.31;;;24.67;7.5;13.5;;;;2.0.defplus2
2026-08-23;Poland_Division1;LKS Lodz;Stal Mielec;55.3;MEDIA;5;2026-08-21;Poland_Division1;Poland_Division1;;Ranking gap: 0.015 | Attacco casa: 1.50/gara | Difesa trasferta subisce: 1.75/gara | Over25 casa ultime10: 0.75 | Over25 trasferta ultime10: 0.75;0.3;15.0;;;17.5;11.25;11.25;;;;2.0.defplus2
2026-08-23;Switzerland_SuperLeague;Thun;Servette;55.12;MEDIA;4;2026-08-21;Switzerland_SuperLeague;Switzerland_SuperLeague;;Ranking gap: 0.006 | Attacco casa: 1.67/gara | Difesa trasferta subisce: 1.33/gara | Over25 casa ultime10: 1.00 | Over25 trasferta ultime10: 0.67;0.12;16.67;;;13.33;15.0;10.0;;;;2.0.defplus2
2026-08-23;Russia_PremierLeague;Sp. Mosca;Zenit;55.08;MEDIA;5;2026-08-21;Russia_PremierLeague;Russia_PremierLeague;;Ranking gap: 0.004 | Attacco casa: 2.00/gara | Difesa trasferta subisce: 0.50/gara | Over25 casa ultime10: 1.00 | Over25 trasferta ultime10: 1.00;0.08;20.0;;;5.0;15.0;15.0;;;;2.0.defplus2
2026-08-23;Sweden_Division2_SodraSvealand;Eker Orebro;Fittja;54.98;MEDIA;18;2026-08-21;Sweden_Division2_SodraSvealand;Sweden_Division2_SodraSvealand;;Ranking gap: 0.140 | Attacco casa: 1.29/gara | Difesa trasferta subisce: 1.82/gara | Over25 casa ultime10: 0.80 | Over25 trasferta ultime10: 0.60;2.8;12.94;;;18.24;12.0;9.0;;;;2.0.defplus2
2026-08-23;Poland_IIILiga_Group3;Polkowice;Jelenia Gora;54.76;MEDIA;5;2026-08-21;Poland_IIILiga_Group3;Poland_IIILiga_Group3;;Ranking gap: 0.738 | Attacco casa: 2.25/gara | Difesa trasferta subisce: 0.25/gara | Over25 casa ultime10: 0.75 | Over25 trasferta ultime10: 0.25;14.76;22.5;;;2.5;11.25;3.75;;;;2.0.defplus2
2026-08-23;USA_USLLeagueOne;One Knoxville;Boise;54.42;MEDIA;32;2026-08-21;USA_USLLeagueOne;USA_USLLeagueOne;;"Ranking gap: 0.297 | Attacco casa: 1.67/gara | Difesa trasferta subisce: 1.38/gara | Over25 casa ultime10: 0.70 | Over25 trasferta ultime10: 0.70 || V20DEF_STRONG_DEFENSE[Rule=AT_LEAST_ONE_STRONG;Threshold=1.60;Penalty=-3.00;HomeGALast5=1.40;AwayGALast5=1.20;BaseScore=57.42;FinalScore=54.42]";5.94;16.67;;;13.81;10.5;10.5;;;;2.0.defplus2
2026-08-23;Poland_Division2;Bielsko-Biala;Ol. Grudziadz;54.35;MEDIA;5;2026-08-21;Poland_Division2;Poland_Division2;;Ranking gap: 0.030 | Attacco casa: 1.75/gara | Difesa trasferta subisce: 1.75/gara | Over25 casa ultime10: 0.75 | Over25 trasferta ultime10: 0.50;0.6;17.5;;;17.5;11.25;7.5;;;;2.0.defplus2
2026-08-23;Sweden_Division1_Norra;Assyriska FF;Gefle;54.3;MEDIA;20;2026-08-21;Sweden_Division1_Norra;Sweden_Division1_Norra;;"Ranking gap: 0.119 | Attacco casa: 1.84/gara | Difesa trasferta subisce: 2.00/gara | Over25 casa ultime10: 0.60 | Over25 trasferta ultime10: 0.50 || V20DEF_STRONG_DEFENSE[Rule=AT_LEAST_ONE_STRONG;Threshold=1.60;Penalty=-3.00;HomeGALast5=0.40;AwayGALast5=1.60;BaseScore=57.30;FinalScore=54.30]";2.38;18.42;;;20.0;9.0;7.5;;;;2.0.defplus2
2026-08-23;USA_MLS;Los Angeles FC;Portland Timbers;54.28;MEDIA;23;2026-08-21;USA_MLS;USA_MLS;;"Ranking gap: 0.039 | Attacco casa: 1.60/gara | Difesa trasferta subisce: 1.80/gara | Over25 casa ultime10: 0.60 | Over25 trasferta ultime10: 0.90 || V20DEF_STRONG_DEFENSE[Rule=AT_LEAST_ONE_STRONG;Threshold=1.60;Penalty=-3.00;HomeGALast5=0.80;AwayGALast5=1.40;BaseScore=57.28;FinalScore=54.28]";0.78;16.0;;;18.0;9.0;13.5;;;;2.0.defplus2
2026-08-23;USA_MLSNextPro_EasternConference_NortheastDivision;Philadelphia 2;Connecticut FC;54.25;MEDIA;27;2026-08-21;USA_MLSNextPro_EasternConference_NortheastDivision;USA_MLSNextPro_EasternConference_NortheastDivision;;"Ranking gap: 0.281 | Attacco casa: 1.22/gara | Difesa trasferta subisce: 1.70/gara | Over25 casa ultime10: 0.60 | Over25 trasferta ultime10: 0.90 || V20DEF_STRONG_DEFENSE[Rule=AT_LEAST_ONE_STRONG;Threshold=1.60;Penalty=-3.00;HomeGALast5=2.20;AwayGALast5=1.40;BaseScore=57.25;FinalScore=54.25]";5.62;12.17;;;16.96;9.0;13.5;;;;2.0.defplus2
2026-08-23;Serbia_PrvaLiga;Loznica;Bor 1919;54.21;MEDIA;5;2026-08-21;Serbia_PrvaLiga;Serbia_PrvaLiga;;Ranking gap: 0.023 | Attacco casa: 1.00/gara | Difesa trasferta subisce: 2.50/gara | Over25 casa ultime10: 0.50 | Over25 trasferta ultime10: 0.75;0.46;10.0;;;25.0;7.5;11.25;;;;2.0.defplus2
2026-08-23;Belarus_PershayaLiga;Lida;Niva Dolbizno;53.92;MEDIA;22;2026-08-21;Belarus_PershayaLiga;Belarus_PershayaLiga;;"Ranking gap: 0.071 | Attacco casa: 1.85/gara | Difesa trasferta subisce: 1.15/gara | Over25 casa ultime10: 0.80 | Over25 trasferta ultime10: 0.90 || V20DEF_STRONG_DEFENSE[Rule=AT_LEAST_ONE_STRONG;Threshold=1.60;Penalty=-3.00;HomeGALast5=1.80;AwayGALast5=1.00;BaseScore=56.92;FinalScore=53.92]";1.42;18.5;;;11.5;12.0;13.5;;;;2.0.defplus2
2026-08-23;USA_USLLeagueOne;Richmond Kickers;Portland Hearts of Pine;53.48;MEDIA;32;2026-08-21;USA_USLLeagueOne;USA_USLLeagueOne;;Ranking gap: 0.367 | Attacco casa: 0.95/gara | Difesa trasferta subisce: 1.71/gara | Over25 casa ultime10: 0.50 | Over25 trasferta ultime10: 0.80;7.34;9.5;;;17.14;7.5;12.0;;;;2.0.defplus2
2026-08-23;Lithuania_Toplyga;Suduva;FK Panevezys;53.46;MEDIA;31;2026-08-21;Lithuania_Toplyga;Lithuania_Toplyga;;"Ranking gap: 0.250 | Attacco casa: 1.70/gara | Difesa trasferta subisce: 1.50/gara | Over25 casa ultime10: 0.70 | Over25 trasferta ultime10: 0.60 || V20DEF_STRONG_DEFENSE[Rule=AT_LEAST_ONE_STRONG;Threshold=1.60;Penalty=-3.00;HomeGALast5=0.40;AwayGALast5=1.20;BaseScore=56.46;FinalScore=53.46]";5.0;16.96;;;15.0;10.5;9.0;;;;2.0.defplus2
2026-08-23;Australia_VictoriaPremierLeague;Manningham United Blues;Melbourne Victory U21;53.37;MEDIA;27;2026-08-21;Australia_VictoriaPremierLeague;Australia_VictoriaPremierLeague;;"Ranking gap: 0.116 | Attacco casa: 1.68/gara | Difesa trasferta subisce: 1.62/gara | Over25 casa ultime10: 0.80 | Over25 trasferta ultime10: 0.60 || V20DEF_STRONG_DEFENSE[Rule=AT_LEAST_ONE_STRONG;Threshold=1.60;Penalty=-3.00;HomeGALast5=2.60;AwayGALast5=0.80;BaseScore=56.37;FinalScore=53.37]";2.32;16.8;;;16.25;12.0;9.0;;;;2.0.defplus2
2026-08-23;Latvia_NakotnesLiga;Super Nova 2;Skanste;53.3;MEDIA;18;2026-08-21;Latvia_NakotnesLiga;Latvia_NakotnesLiga;;"Ranking gap: 0.059 | Attacco casa: 1.41/gara | Difesa trasferta subisce: 2.00/gara | Over25 casa ultime10: 0.50 | Over25 trasferta ultime10: 0.90 || V20DEF_STRONG_DEFENSE[Rule=AT_LEAST_ONE_STRONG;Threshold=1.60;Penalty=-3.00;HomeGALast5=1.60;AwayGALast5=2.20;BaseScore=56.30;FinalScore=53.30]";1.18;14.12;;;20.0;7.5;13.5;;;;2.0.defplus2
2026-08-23;CzechRepublic_4Liga_GroupE;Lanzhot;Strani;53.12;MEDIA;3;2026-08-21;CzechRepublic_4Liga_GroupE;CzechRepublic_4Liga_GroupE;CzechRepublic_4Liga;Ranking gap: 0.031 | Attacco casa: 1.50/gara | Difesa trasferta subisce: 1.50/gara | Over25 casa ultime10: 0.50 | Over25 trasferta ultime10: 1.00;0.62;15.0;;;15.0;7.5;15.0;;;;2.0.defplus2
2026-08-23;Australia_NPLTasmania;South Hobart;Devonport;53.02;MEDIA;23;2026-08-21;Australia_NPLTasmania;Australia_NPLTasmania;;"Ranking gap: 0.076 | Attacco casa: 3.35/gara | Difesa trasferta subisce: 1.00/gara | Over25 casa ultime10: 0.50 | Over25 trasferta ultime10: 0.80 || V20DEF_STRONG_DEFENSE[Rule=AT_LEAST_ONE_STRONG;Threshold=1.60;Penalty=-3.00;HomeGALast5=0.80;AwayGALast5=0.40;BaseScore=56.02;FinalScore=53.02]";1.52;25.0;;;10.0;7.5;12.0;;;;2.0.defplus2
2026-08-23;Germany_Oberliga_RheinlandPfalzSaar;TSV 1881 Gau-Odernheim;Ahrweiler;53.02;MEDIA;5;2026-08-21;Germany_Oberliga_RheinlandPfalzSaar;Germany_Oberliga_RheinlandPfalzSaar;;Ranking gap: 0.026 | Attacco casa: 1.00/gara | Difesa trasferta subisce: 2.67/gara | Over25 casa ultime10: 0.50 | Over25 trasferta ultime10: 0.67;0.52;10.0;;;25.0;7.5;10.0;;;;2.0.defplus2
2026-08-23;Sweden_Division2_NorraSvealand;IK Franke;Skiljebo;52.98;MEDIA;19;2026-08-21;Sweden_Division2_NorraSvealand;Sweden_Division2_NorraSvealand;;"Ranking gap: 0.236 | Attacco casa: 1.76/gara | Difesa trasferta subisce: 1.11/gara | Over25 casa ultime10: 0.70 | Over25 trasferta ultime10: 0.80 || V20DEF_STRONG_DEFENSE[Rule=AT_LEAST_ONE_STRONG;Threshold=1.60;Penalty=-3.00;HomeGALast5=1.60;AwayGALast5=1.00;BaseScore=55.98;FinalScore=52.98]";4.72;17.65;;;11.11;10.5;12.0;;;;2.0.defplus2
2026-08-23;Germany_Oberliga_Westfalen;Maaslingen;Vreden;52.96;MEDIA;3;2026-08-21;Germany_Oberliga_Westfalen;Germany_Oberliga_Westfalen;;Ranking gap: 0.023 | Attacco casa: 2.00/gara | Difesa trasferta subisce: 1.00/gara | Over25 casa ultime10: 1.00 | Over25 trasferta ultime10: 0.50;0.46;20.0;;;10.0;15.0;7.5;;;;2.0.defplus2
2026-08-23;Australia_NPL_NSW_U20;Sydney Utd U20;APIA Leichhardt U20;52.87;MEDIA;30;2026-08-21;Australia_NPL_NSW_U20;Australia_NPL_NSW_U20;;"Ranking gap: 0.083 | Attacco casa: 3.25/gara | Difesa trasferta subisce: 0.82/gara | Over25 casa ultime10: 0.80 | Over25 trasferta ultime10: 0.60 || V20DEF_STRONG_DEFENSE[Rule=AT_LEAST_ONE_STRONG;Threshold=1.60;Penalty=-3.00;HomeGALast5=1.80;AwayGALast5=0.80;BaseScore=55.87;FinalScore=52.87]";1.66;25.0;;;8.21;12.0;9.0;;;;2.0.defplus2
2026-08-23;Australia_NPL_NSW_U20;Sydney Olympic U20;Marconi S. U20;52.85;MEDIA;30;2026-08-21;Australia_NPL_NSW_U20;Australia_NPL_NSW_U20;;"Ranking gap: 0.628 | Attacco casa: 0.89/gara | Difesa trasferta subisce: 1.04/gara | Over25 casa ultime10: 0.90 | Over25 trasferta ultime10: 0.70 || V20DEF_STRONG_DEFENSE[Rule=AT_LEAST_ONE_STRONG;Threshold=1.60;Penalty=-3.00;HomeGALast5=4.60;AwayGALast5=1.00;BaseScore=55.85;FinalScore=52.85]";12.56;8.93;;;10.36;13.5;10.5;;;;2.0.defplus2
2026-08-23;Iceland_BestaDeildKarla;Akranes;Hafnarfjordur;52.84;MEDIA;25;2026-08-21;Iceland_BestaDeildKarla;Iceland_BestaDeildKarla;;"Ranking gap: 0.226 | Attacco casa: 1.74/gara | Difesa trasferta subisce: 1.89/gara | Over25 casa ultime10: 0.70 | Over25 trasferta ultime10: 0.30 || V20DEF_STRONG_DEFENSE[Rule=AT_LEAST_ONE_STRONG;Threshold=1.60;Penalty=-3.00;HomeGALast5=1.80;AwayGALast5=1.00;BaseScore=55.84;FinalScore=52.84]";4.52;17.37;;;18.95;10.5;4.5;;;;2.0.defplus2
2026-08-23;Germany_Oberliga_Niedersachsen;Spelle-Venhaus;BSV Rehden;52.76;MEDIA;3;2026-08-21;Germany_Oberliga_Niedersachsen;Germany_Oberliga_Niedersachsen;;Ranking gap: 0.013 | Attacco casa: 4.00/gara | Difesa trasferta subisce: 0.50/gara | Over25 casa ultime10: 1.00 | Over25 trasferta ultime10: 0.50;0.26;25.0;;;5.0;15.0;7.5;;;;2.0.defplus2
2026-08-23;USA_USLChampionship;Charleston;Miami FC;52.63;MEDIA;30;2026-08-21;USA_USLChampionship;USA_USLChampionship;;"Ranking gap: 0.172 | Attacco casa: 1.95/gara | Difesa trasferta subisce: 1.62/gara | Over25 casa ultime10: 0.70 | Over25 trasferta ultime10: 0.40 || V20DEF_STRONG_DEFENSE[Rule=AT_LEAST_ONE_STRONG;Threshold=1.60;Penalty=-3.00;HomeGALast5=1.20;AwayGALast5=2.00;BaseScore=55.63;FinalScore=52.63]";3.44;19.5;;;16.19;10.5;6.0;;;;2.0.defplus2
2026-08-23;Turkey_1Lig;Vanspor FK;Istanbulspor;52.6;MEDIA;3;2026-08-21;Turkey_1Lig;Turkey_1Lig;;Ranking gap: 0.005 | Attacco casa: 0.50/gara | Difesa trasferta subisce: 2.50/gara | Over25 casa ultime10: 0.50 | Over25 trasferta ultime10: 1.00;0.1;5.0;;;25.0;7.5;15.0;;;;2.0.defplus2
2026-08-23;USA_MLS;New York Red Bulls;Chicago Fire;52.52;MEDIA;23;2026-08-21;USA_MLS;USA_MLS;;Ranking gap: 0.093 | Attacco casa: 1.50/gara | Difesa trasferta subisce: 1.32/gara | Over25 casa ultime10: 0.60 | Over25 trasferta ultime10: 0.90;1.86;15.0;;;13.16;9.0;13.5;;;;2.0.defplus2
2026-08-23;Sweden_Division2_SodraGotaland;IFK Trelleborg;Lilla Torg;52.51;MEDIA;22;2026-08-21;Sweden_Division2_SodraGotaland;Sweden_Division2_SodraGotaland;;"Ranking gap: 0.186 | Attacco casa: 1.88/gara | Difesa trasferta subisce: 1.65/gara | Over25 casa ultime10: 0.60 | Over25 trasferta ultime10: 0.50 || V20DEF_STRONG_DEFENSE[Rule=AT_LEAST_ONE_STRONG;Threshold=1.60;Penalty=-3.00;HomeGALast5=1.00;AwayGALast5=2.20;BaseScore=55.51;FinalScore=52.51]";3.72;18.82;;;16.47;9.0;7.5;;;;2.0.defplus2
2026-08-23;Bolivia_DivisionProfesional;Real Oruro;Bolivar;52.47;MEDIA;20;2026-08-21;Bolivia_DivisionProfesional;Bolivia_DivisionProfesional;;"Ranking gap: 0.215 | Attacco casa: 1.80/gara | Difesa trasferta subisce: 1.07/gara | Over25 casa ultime10: 0.90 | Over25 trasferta ultime10: 0.60 || V20DEF_STRONG_DEFENSE[Rule=AT_LEAST_ONE_STRONG;Threshold=1.60;Penalty=-3.00;HomeGALast5=3.00;AwayGALast5=1.20;BaseScore=55.47;FinalScore=52.47]";4.3;18.0;;;10.67;13.5;9.0;;;;2.0.defplus2
2026-08-23;Mexico_LigaMX_Apertura;Puebla;Santos Laguna;52.22;MEDIA;5;2026-08-21;Mexico_LigaMX_Apertura;Mexico_LigaMX_Apertura;;Ranking gap: 0.111 | Attacco casa: 1.50/gara | Difesa trasferta subisce: 2.00/gara | Over25 casa ultime10: 0.50 | Over25 trasferta ultime10: 0.50;2.22;15.0;;;20.0;7.5;7.5;;;;2.0.defplus2
2026-08-23;USA_USLChampionship;Birmingham;Sporting Jax;52.21;MEDIA;30;2026-08-21;USA_USLChampionship;USA_USLChampionship;;"Ranking gap: 0.055 | Attacco casa: 1.11/gara | Difesa trasferta subisce: 2.60/gara | Over25 casa ultime10: 0.40 | Over25 trasferta ultime10: 0.80 || V20DEF_STRONG_DEFENSE[Rule=AT_LEAST_ONE_STRONG;Threshold=1.60;Penalty=-3.00;HomeGALast5=1.60;AwayGALast5=2.20;BaseScore=55.21;FinalScore=52.21]";1.1;11.11;;;25.0;6.0;12.0;;;;2.0.defplus2
2026-08-23;Belarus_VysshayaLiga;ML Vitebsk;BATE;52.09;MEDIA;21;2026-08-21;Belarus_VysshayaLiga;Belarus_VysshayaLiga;;"Ranking gap: 0.269 | Attacco casa: 2.13/gara | Difesa trasferta subisce: 1.19/gara | Over25 casa ultime10: 0.80 | Over25 trasferta ultime10: 0.30 || V20DEF_STRONG_DEFENSE[Rule=AT_LEAST_ONE_STRONG;Threshold=1.60;Penalty=-3.00;HomeGALast5=1.40;AwayGALast5=1.80;BaseScore=55.09;FinalScore=52.09]";5.38;21.33;;;11.88;12.0;4.5;;;;2.0.defplus2
2026-08-23;CzechRepublic_1Liga;Teplice;Brno;51.63;MEDIA;5;2026-08-21;CzechRepublic_1Liga;CzechRepublic_1Liga;;Ranking gap: 0.019 | Attacco casa: 2.50/gara | Difesa trasferta subisce: 1.00/gara | Over25 casa ultime10: 0.75 | Over25 trasferta ultime10: 0.33;0.38;25.0;;;10.0;11.25;5.0;;;;2.0.defplus2
2026-08-23;Sweden_Allsvenskan;Västerås SK;Kalmar;51.46;MEDIA;23;2026-08-21;Sweden_Allsvenskan;Sweden_Allsvenskan;;Ranking gap: 0.114 | Attacco casa: 1.47/gara | Difesa trasferta subisce: 1.65/gara | Over25 casa ultime10: 0.50 | Over25 trasferta ultime10: 0.70;2.28;14.71;;;16.47;7.5;10.5;;;;2.0.defplus2
2026-08-23;FaroeIslands_PremierLeague;Streymur;Argir;51.35;MEDIA;24;2026-08-21;FaroeIslands_PremierLeague;FaroeIslands_PremierLeague;;Ranking gap: 0.070 | Attacco casa: 1.21/gara | Difesa trasferta subisce: 1.68/gara | Over25 casa ultime10: 0.70 | Over25 trasferta ultime10: 0.70;1.4;12.11;;;16.84;10.5;10.5;;;;2.0.defplus2
2026-08-23;Sweden_Division2_VastraGotaland;Onsala;Lindome;51.2;MEDIA;20;2026-08-21;Sweden_Division2_VastraGotaland;Sweden_Division2_VastraGotaland;;"Ranking gap: 0.160 | Attacco casa: 1.50/gara | Difesa trasferta subisce: 1.50/gara | Over25 casa ultime10: 0.70 | Over25 trasferta ultime10: 0.70 || V20DEF_STRONG_DEFENSE[Rule=AT_LEAST_ONE_STRONG;Threshold=1.60;Penalty=-3.00;HomeGALast5=2.00;AwayGALast5=1.40;BaseScore=54.20;FinalScore=51.20]";3.2;15.0;;;15.0;10.5;10.5;;;;2.0.defplus2
2026-08-23;USA_MLS;Austin FC;Philadelphia Union;50.7;MEDIA;23;2026-08-21;USA_MLS;USA_MLS;;"Ranking gap: 0.010 | Attacco casa: 1.25/gara | Difesa trasferta subisce: 1.85/gara | Over25 casa ultime10: 0.80 | Over25 trasferta ultime10: 0.70 || V20DEF_STRONG_DEFENSE[Rule=AT_LEAST_ONE_STRONG;Threshold=1.60;Penalty=-3.00;HomeGALast5=1.60;AwayGALast5=1.40;BaseScore=53.70;FinalScore=50.70]";0.2;12.5;;;18.5;12.0;10.5;;;;2.0.defplus2
2026-08-23;Iceland_Division_2;Magni;Olafsvik;50.47;MEDIA;33;2026-08-21;Iceland_Division_2;Iceland_Division_2;;"Ranking gap: 0.229 | Attacco casa: 1.72/gara | Difesa trasferta subisce: 1.67/gara | Over25 casa ultime10: 0.60 | Over25 trasferta ultime10: 0.40 || V20DEF_STRONG_DEFENSE[Rule=AT_LEAST_ONE_STRONG;Threshold=1.60;Penalty=-3.00;HomeGALast5=0.60;AwayGALast5=1.40;BaseScore=53.47;FinalScore=50.47]";4.58;17.22;;;16.67;9.0;6.0;;;;2.0.defplus2
2026-08-23;Germany_Oberliga_Niedersachsen;Vorsfelde;Hildesheim;50.44;MEDIA;3;2026-08-21;Germany_Oberliga_Niedersachsen;Germany_Oberliga_Niedersachsen;;Ranking gap: 0.022 | Attacco casa: 1.00/gara | Difesa trasferta subisce: 3.50/gara | Over25 casa ultime10: 0.50 | Over25 trasferta ultime10: 0.50;0.44;10.0;;;25.0;7.5;7.5;;;;2.0.defplus2
2026-08-23;Bulgaria_VtoraLiga;Hebar;Chernomorets 1919;50.34;MEDIA;3;2026-08-21;Bulgaria_VtoraLiga;Bulgaria_VtoraLiga;;Ranking gap: 0.017 | Attacco casa: 3.00/gara | Difesa trasferta subisce: 1.00/gara | Over25 casa ultime10: 1.00 | Over25 trasferta ultime10: 0.00;0.34;25.0;;;10.0;15.0;0.0;;;;2.0.defplus2
2026-08-23;Austria_Regionalliga_West;Altach U21;FC Lustenau;50.1;MEDIA;4;2026-08-21;Austria_Regionalliga_West;Austria_Regionalliga_West;;Ranking gap: 0.005 | Attacco casa: 1.00/gara | Difesa trasferta subisce: 3.00/gara | Over25 casa ultime10: 0.67 | Over25 trasferta ultime10: 0.33;0.1;10.0;;;25.0;10.0;5.0;;;;2.0.defplus2
2026-08-23;USA_MLS;Charlotte;DC United;50.1;MEDIA;23;2026-08-21;USA_MLS;USA_MLS;;"Ranking gap: 0.055 | Attacco casa: 1.75/gara | Difesa trasferta subisce: 1.65/gara | Over25 casa ultime10: 0.60 | Over25 trasferta ultime10: 0.60 || V20DEF_STRONG_DEFENSE[Rule=AT_LEAST_ONE_STRONG;Threshold=1.60;Penalty=-3.00;HomeGALast5=1.60;AwayGALast5=1.60;BaseScore=53.10;FinalScore=50.10]";1.1;17.5;;;16.5;9.0;9.0;;;;2.0.defplus2
2026-08-23;Germany_Oberliga_Hamburg;Tesla Hamburg;Suderelbe;50.04;MEDIA;4;2026-08-21;Germany_Oberliga_Hamburg;Germany_Oberliga_Hamburg;;Ranking gap: 0.002 | Attacco casa: 1.67/gara | Difesa trasferta subisce: 1.33/gara | Over25 casa ultime10: 0.67 | Over25 trasferta ultime10: 0.67;0.04;16.67;;;13.33;10.0;10.0;;;;2.0.defplus2
2026-08-23;SouthKorea_KLeague2;Seoul E-Land;Paju Frontier;50.01;MEDIA;23;2026-08-21;SouthKorea_KLeague2;SouthKorea_KLeague2;;"Ranking gap: 0.203 | Attacco casa: 1.86/gara | Difesa trasferta subisce: 1.24/gara | Over25 casa ultime10: 0.80 | Over25 trasferta ultime10: 0.40 || V20DEF_STRONG_DEFENSE[Rule=AT_LEAST_ONE_STRONG;Threshold=1.60;Penalty=-3.00;HomeGALast5=1.40;AwayGALast5=0.80;BaseScore=53.01;FinalScore=50.01]";4.06;18.57;;;12.38;12.0;6.0;;;;2.0.defplus2
2026-08-23;Sweden_Division1_Norra;Karlbergs;AFC Eskilstuna;49.96;MEDIA;20;2026-08-21;Sweden_Division1_Norra;Sweden_Division1_Norra;;"Ranking gap: 0.139 | Attacco casa: 1.65/gara | Difesa trasferta subisce: 1.42/gara | Over25 casa ultime10: 0.60 | Over25 trasferta ultime10: 0.70 || V20DEF_STRONG_DEFENSE[Rule=AT_LEAST_ONE_STRONG;Threshold=1.60;Penalty=-3.00;HomeGALast5=0.60;AwayGALast5=0.60;BaseScore=52.96;FinalScore=49.96]";2.78;16.47;;;14.21;9.0;10.5;;;;2.0.defplus2
2026-08-23;USA_MLSNextPro_WesternConference_CentralDivision;North Texas;Minnesota 2;49.95;MEDIA;28;2026-08-21;USA_MLSNextPro_WesternConference_CentralDivision;USA_MLSNextPro_WesternConference_CentralDivision;;Ranking gap: 0.052 | Attacco casa: 1.50/gara | Difesa trasferta subisce: 1.59/gara | Over25 casa ultime10: 0.50 | Over25 trasferta ultime10: 0.70;1.04;15.0;;;15.91;7.5;10.5;;;;2.0.defplus2
2026-08-23;Poland_Division2;Z. Gora;Hutnik Krakow;49.67;MEDIA;5;2026-08-21;Poland_Division2;Poland_Division2;;Ranking gap: 0.046 | Attacco casa: 2.50/gara | Difesa trasferta subisce: 0.50/gara | Over25 casa ultime10: 0.75 | Over25 trasferta ultime10: 0.50;0.92;25.0;;;5.0;11.25;7.5;;;;2.0.defplus2
2026-08-23;Denmark_Superliga;Midtjylland;Randers;49.51;MEDIA;5;2026-08-21;Denmark_Superliga;Denmark_Superliga;;Ranking gap: 0.038 | Attacco casa: 2.00/gara | Difesa trasferta subisce: 1.50/gara | Over25 casa ultime10: 0.67 | Over25 trasferta ultime10: 0.25;0.76;20.0;;;15.0;10.0;3.75;;;;2.0.defplus2
2026-08-23;Poland_Ekstraklasa;Radomiak Radom;Zaglebie;49.23;MEDIA;5;2026-08-21;Poland_Ekstraklasa;Poland_Ekstraklasa;;Ranking gap: 0.045 | Attacco casa: 1.00/gara | Difesa trasferta subisce: 1.33/gara | Over25 casa ultime10: 1.00 | Over25 trasferta ultime10: 0.67;0.9;10.0;;;13.33;15.0;10.0;;;;2.0.defplus2
2026-08-23;Poland_Division2;Tychy;Slask 2;49.13;MEDIA;5;2026-08-21;Poland_Division2;Poland_Division2;;Ranking gap: 0.019 | Attacco casa: 1.50/gara | Difesa trasferta subisce: 1.50/gara | Over25 casa ultime10: 0.50 | Over25 trasferta ultime10: 0.75;0.38;15.0;;;15.0;7.5;11.25;;;;2.0.defplus2
2026-08-23;Sweden_Division2_VastraGotaland;Galtabacks BK;Jonsereds;49.09;MEDIA;20;2026-08-21;Sweden_Division2_VastraGotaland;Sweden_Division2_VastraGotaland;;"Ranking gap: 0.345 | Attacco casa: 1.22/gara | Difesa trasferta subisce: 1.65/gara | Over25 casa ultime10: 0.40 | Over25 trasferta ultime10: 0.70 || V20DEF_STRONG_DEFENSE[Rule=AT_LEAST_ONE_STRONG;Threshold=1.60;Penalty=-3.00;HomeGALast5=1.00;AwayGALast5=1.20;BaseScore=52.09;FinalScore=49.09]";6.9;12.22;;;16.47;6.0;10.5;;;;2.0.defplus2
2026-08-23;Poland_IIILiga_Group4;Ostrowiec;Lubaczow;49.07;MEDIA;4;2026-08-21;Poland_IIILiga_Group4;Poland_IIILiga_Group4;;Ranking gap: 0.037 | Attacco casa: 1.67/gara | Difesa trasferta subisce: 1.67/gara | Over25 casa ultime10: 0.67 | Over25 trasferta ultime10: 0.33;0.74;16.67;;;16.67;10.0;5.0;;;;2.0.defplus2
2026-08-23;Finland_Ykkonen;VJS;Jazz Pori;49.0;MEDIA;23;2026-08-21;Finland_Ykkonen;Finland_Ykkonen;;"Ranking gap: 0.075 | Attacco casa: 1.85/gara | Difesa trasferta subisce: 1.40/gara | Over25 casa ultime10: 0.70 | Over25 trasferta ultime10: 0.50 || V20DEF_STRONG_DEFENSE[Rule=AT_LEAST_ONE_STRONG;Threshold=1.60;Penalty=-3.00;HomeGALast5=1.60;AwayGALast5=1.00;BaseScore=52.00;FinalScore=49.00]";1.5;18.5;;;14.0;10.5;7.5;;;;2.0.defplus2
2026-08-23;Latvia_Virsliga;RFS;Riga FC;48.92;MEDIA;28;2026-08-21;Latvia_Virsliga;Latvia_Virsliga;;"Ranking gap: 0.033 | Attacco casa: 2.61/gara | Difesa trasferta subisce: 0.83/gara | Over25 casa ultime10: 0.50 | Over25 trasferta ultime10: 0.70 || V20DEF_STRONG_DEFENSE[Rule=AT_LEAST_ONE_STRONG;Threshold=1.60;Penalty=-3.00;HomeGALast5=0.60;AwayGALast5=0.40;BaseScore=51.92;FinalScore=48.92]";0.66;25.0;;;8.26;7.5;10.5;;;;2.0.defplus2
2026-08-23;Switzerland_ChallengeLeague;Yverdon;Aarau;48.63;MEDIA;4;2026-08-21;Switzerland_ChallengeLeague;Switzerland_ChallengeLeague;;Ranking gap: 0.015 | Attacco casa: 1.67/gara | Difesa trasferta subisce: 1.67/gara | Over25 casa ultime10: 0.33 | Over25 trasferta ultime10: 0.67;0.3;16.67;;;16.67;5.0;10.0;;;;2.0.defplus2
2026-08-23;Hungary_NBII;Csakvari;Kazincbarcika;48.56;MEDIA;5;2026-08-21;Hungary_NBII;Hungary_NBII;;Ranking gap: 0.053 | Attacco casa: 1.50/gara | Difesa trasferta subisce: 1.00/gara | Over25 casa ultime10: 0.75 | Over25 trasferta ultime10: 0.75;1.06;15.0;;;10.0;11.25;11.25;;;;2.0.defplus2
2026-08-23;CzechRepublic_4Liga_GroupF;Pusta Polom;Zabreh;48.28;MEDIA;3;2026-08-21;CzechRepublic_4Liga_GroupF;CzechRepublic_4Liga_GroupF;CzechRepublic_4Liga;Ranking gap: 0.039 | Attacco casa: 2.00/gara | Difesa trasferta subisce: 0.50/gara | Over25 casa ultime10: 1.00 | Over25 trasferta ultime10: 0.50;0.78;20.0;;;5.0;15.0;7.5;;;;2.0.defplus2
2026-08-23;USA_MLS;New England Revolution;New York City;48.12;MEDIA;23;2026-08-21;USA_MLS;USA_MLS;;"Ranking gap: 0.056 | Attacco casa: 1.60/gara | Difesa trasferta subisce: 1.45/gara | Over25 casa ultime10: 0.70 | Over25 trasferta ultime10: 0.60 || V20DEF_STRONG_DEFENSE[Rule=AT_LEAST_ONE_STRONG;Threshold=1.60;Penalty=-3.00;HomeGALast5=1.40;AwayGALast5=1.60;BaseScore=51.12;FinalScore=48.12]";1.12;16.0;;;14.5;10.5;9.0;;;;2.0.defplus2
2026-08-23;USA_MLS;Vancouver Whitecaps;FC Dallas;48.11;MEDIA;23;2026-08-21;USA_MLS;USA_MLS;;"Ranking gap: 0.028 | Attacco casa: 2.11/gara | Difesa trasferta subisce: 1.45/gara | Over25 casa ultime10: 0.30 | Over25 trasferta ultime10: 0.70 || V20DEF_STRONG_DEFENSE[Rule=AT_LEAST_ONE_STRONG;Threshold=1.60;Penalty=-3.00;HomeGALast5=1.20;AwayGALast5=1.40;BaseScore=51.11;FinalScore=48.11]";0.56;21.05;;;14.5;4.5;10.5;;;;2.0.defplus2
2026-08-23;FaroeIslands_PremierLeague;Klaksvik;Runavik;48.05;MEDIA;24;2026-08-21;FaroeIslands_PremierLeague;FaroeIslands_PremierLeague;;"Ranking gap: 0.051 | Attacco casa: 1.95/gara | Difesa trasferta subisce: 1.11/gara | Over25 casa ultime10: 0.60 | Over25 trasferta ultime10: 0.70 || V20DEF_STRONG_DEFENSE[Rule=AT_LEAST_ONE_STRONG;Threshold=1.60;Penalty=-3.00;HomeGALast5=1.20;AwayGALast5=1.60;BaseScore=51.05;FinalScore=48.05]";1.02;19.47;;;11.05;9.0;10.5;;;;2.0.defplus2
2026-08-23;USA_MLS;San Jose Earthquakes;Minnesota;48.04;MEDIA;23;2026-08-21;USA_MLS;USA_MLS;;"Ranking gap: 0.077 | Attacco casa: 1.90/gara | Difesa trasferta subisce: 1.40/gara | Over25 casa ultime10: 0.60 | Over25 trasferta ultime10: 0.50 || V20DEF_STRONG_DEFENSE[Rule=AT_LEAST_ONE_STRONG;Threshold=1.60;Penalty=-3.00;HomeGALast5=2.60;AwayGALast5=1.20;BaseScore=51.04;FinalScore=48.04]";1.54;19.0;;;14.0;9.0;7.5;;;;2.0.defplus2
2026-08-23;USA_MLS;Orlando City;Real Salt Lake;48.03;MEDIA;23;2026-08-21;USA_MLS;USA_MLS;;"Ranking gap: 0.062 | Attacco casa: 1.60/gara | Difesa trasferta subisce: 1.58/gara | Over25 casa ultime10: 0.60 | Over25 trasferta ultime10: 0.60 || V20DEF_STRONG_DEFENSE[Rule=AT_LEAST_ONE_STRONG;Threshold=1.60;Penalty=-3.00;HomeGALast5=1.20;AwayGALast5=2.20;BaseScore=51.03;FinalScore=48.03]";1.24;16.0;;;15.79;9.0;9.0;;;;2.0.defplus2
2026-08-23;Austria_Karnten;TSV Grafenstein;SAK Klagenfurt;48.0;MEDIA;5;2026-08-21;Austria_Karnten;Austria_Karnten;;Ranking gap: 0.400 | Attacco casa: 1.33/gara | Difesa trasferta subisce: 1.67/gara | Over25 casa ultime10: 0.33 | Over25 trasferta ultime10: 0.33;8.0;13.33;;;16.67;5.0;5.0;;;;2.0.defplus2
2026-08-23;Paraguay_DivisionIntermedia;Benjamin Aceval;Deportivo Santani;48.0;MEDIA;3;2026-08-21;Paraguay_DivisionIntermedia;Paraguay_DivisionIntermedia;;Ranking gap: 0.025 | Attacco casa: 1.50/gara | Difesa trasferta subisce: 1.00/gara | Over25 casa ultime10: 1.00 | Over25 trasferta ultime10: 0.50;0.5;15.0;;;10.0;15.0;7.5;;;;2.0.defplus2
2026-08-23;Germany_Oberliga_Niedersachsen;Hemmingen;Braunschweig U23;47.96;MEDIA;3;2026-08-21;Germany_Oberliga_Niedersachsen;Germany_Oberliga_Niedersachsen;;Ranking gap: 0.023 | Attacco casa: 1.00/gara | Difesa trasferta subisce: 1.50/gara | Over25 casa ultime10: 1.00 | Over25 trasferta ultime10: 0.50;0.46;10.0;;;15.0;15.0;7.5;;;;2.0.defplus2
2026-08-23;Sweden_Superettan;Oddevold;Helsingborg;47.95;MEDIA;22;2026-08-21;Sweden_Superettan;Sweden_Superettan;;"Ranking gap: 0.083 | Attacco casa: 1.58/gara | Difesa trasferta subisce: 2.00/gara | Over25 casa ultime10: 0.40 | Over25 trasferta ultime10: 0.50 || V20DEF_STRONG_DEFENSE[Rule=AT_LEAST_ONE_STRONG;Threshold=1.60;Penalty=-3.00;HomeGALast5=1.00;AwayGALast5=1.60;BaseScore=50.95;FinalScore=47.95]";1.66;15.79;;;20.0;6.0;7.5;;;;2.0.defplus2
2026-08-23;Moldova_SuperLiga;Real Sireti;Dacia Buiucani;47.89;MEDIA;9;2026-08-21;Moldova_SuperLiga;Moldova_SuperLiga;;"Ranking gap: 0.357 | Attacco casa: 0.75/gara | Difesa trasferta subisce: 1.75/gara | Over25 casa ultime10: 0.50 | Over25 trasferta ultime10: 0.75 || V20DEF_STRONG_DEFENSE[Rule=AT_LEAST_ONE_STRONG;Threshold=1.60;Penalty=-3.00;HomeGALast5=1.00;AwayGALast5=2.40;BaseScore=50.89;FinalScore=47.89]";7.14;7.5;;;17.5;7.5;11.25;;;;2.0.defplus2
2026-08-23;Poland_Division2;Legia 2;Kleczew;47.82;MEDIA;5;2026-08-21;Poland_Division2;Poland_Division2;;Ranking gap: 0.016 | Attacco casa: 1.50/gara | Difesa trasferta subisce: 1.75/gara | Over25 casa ultime10: 0.50 | Over25 trasferta ultime10: 0.50;0.32;15.0;;;17.5;7.5;7.5;;;;2.0.defplus2
2026-08-23;Sweden_Superettan;Brage;Nordic United;47.78;MEDIA;22;2026-08-21;Sweden_Superettan;Sweden_Superettan;;"Ranking gap: 0.155 | Attacco casa: 1.75/gara | Difesa trasferta subisce: 1.37/gara | Over25 casa ultime10: 0.90 | Over25 trasferta ultime10: 0.20 || V20DEF_STRONG_DEFENSE[Rule=AT_LEAST_ONE_STRONG;Threshold=1.60;Penalty=-3.00;HomeGALast5=2.00;AwayGALast5=0.80;BaseScore=50.78;FinalScore=47.78]";3.1;17.5;;;13.68;13.5;3.0;;;;2.0.defplus2
2026-08-23;Latvia_NakotnesLiga;Rezekne;Metta;47.45;MEDIA;18;2026-08-21;Latvia_NakotnesLiga;Latvia_NakotnesLiga;;"Ranking gap: 0.479 | Attacco casa: 0.81/gara | Difesa trasferta subisce: 0.88/gara | Over25 casa ultime10: 0.70 | Over25 trasferta ultime10: 0.90 || V20DEF_STRONG_DEFENSE[Rule=AT_LEAST_ONE_STRONG;Threshold=1.60;Penalty=-3.00;HomeGALast5=2.20;AwayGALast5=0.80;BaseScore=50.45;FinalScore=47.45]";9.58;8.12;;;8.75;10.5;13.5;;;;2.0.defplus2
2026-08-23;Sweden_Allsvenskan;Brommapojkarna;Degerfors;47.35;MEDIA;23;2026-08-21;Sweden_Allsvenskan;Sweden_Allsvenskan;;"Ranking gap: 0.088 | Attacco casa: 1.47/gara | Difesa trasferta subisce: 1.59/gara | Over25 casa ultime10: 0.70 | Over25 trasferta ultime10: 0.50 || V20DEF_STRONG_DEFENSE[Rule=AT_LEAST_ONE_STRONG;Threshold=1.60;Penalty=-3.00;HomeGALast5=1.60;AwayGALast5=1.60;BaseScore=50.35;FinalScore=47.35]";1.76;14.71;;;15.88;10.5;7.5;;;;2.0.defplus2
2026-08-23;Romania_Superliga;CFR Cluj;FCSB;47.22;MEDIA;6;2026-08-21;Romania_Superliga;Romania_Superliga;;"Ranking gap: 0.061 | Attacco casa: 2.00/gara | Difesa trasferta subisce: 0.80/gara | Over25 casa ultime10: 1.00 | Over25 trasferta ultime10: 0.40 || V20DEF_STRONG_DEFENSE[Rule=AT_LEAST_ONE_STRONG;Threshold=1.60;Penalty=-3.00;HomeGALast5=NA;AwayGALast5=0.80;BaseScore=50.22;FinalScore=47.22]";1.22;20.0;;;8.0;15.0;6.0;;;;2.0.defplus2
2026-08-23;Sweden_Division2_VastraGotaland;Frölunda;Landvetter;46.98;MEDIA;20;2026-08-21;Sweden_Division2_VastraGotaland;Sweden_Division2_VastraGotaland;;"Ranking gap: 0.207 | Attacco casa: 2.12/gara | Difesa trasferta subisce: 0.67/gara | Over25 casa ultime10: 0.70 | Over25 trasferta ultime10: 0.50 || V20DEF_STRONG_DEFENSE[Rule=AT_LEAST_ONE_STRONG;Threshold=1.60;Penalty=-3.00;HomeGALast5=2.00;AwayGALast5=1.20;BaseScore=49.98;FinalScore=46.98]";4.14;21.18;;;6.67;10.5;7.5;;;;2.0.defplus2
2026-08-23;Peru_Liga1_Clausura;Melgar;A. Lima;46.95;MEDIA;5;2026-08-21;Peru_Liga1_Clausura;Peru_Liga1_Clausura;;Ranking gap: 0.035 | Attacco casa: 2.00/gara | Difesa trasferta subisce: 0.75/gara | Over25 casa ultime10: 0.75 | Over25 trasferta ultime10: 0.50;0.7;20.0;;;7.5;11.25;7.5;;;;2.0.defplus2
2026-08-23;Serbia_PrvaLiga;Dubocica;Borac 1926;46.77;MEDIA;5;2026-08-21;Serbia_PrvaLiga;Serbia_PrvaLiga;;Ranking gap: 0.026 | Attacco casa: 1.25/gara | Difesa trasferta subisce: 1.50/gara | Over25 casa ultime10: 0.50 | Over25 trasferta ultime10: 0.75;0.52;12.5;;;15.0;7.5;11.25;;;;2.0.defplus2
2026-08-23;Sweden_Allsvenskan;Hammarby;GAIS;46.64;MEDIA;23;2026-08-21;Sweden_Allsvenskan;Sweden_Allsvenskan;;"Ranking gap: 0.160 | Attacco casa: 2.35/gara | Difesa trasferta subisce: 0.94/gara | Over25 casa ultime10: 0.70 | Over25 trasferta ultime10: 0.20 || V20DEF_STRONG_DEFENSE[Rule=AT_LEAST_ONE_STRONG;Threshold=1.60;Penalty=-3.00;HomeGALast5=0.20;AwayGALast5=0.80;BaseScore=49.64;FinalScore=46.64]";3.2;23.53;;;9.41;10.5;3.0;;;;2.0.defplus2
2026-08-23;Poland_Division1;Puszcza;Skierniewice;46.31;MEDIA;5;2026-08-21;Poland_Division1;Poland_Division1;;Ranking gap: 0.003 | Attacco casa: 0.75/gara | Difesa trasferta subisce: 2.00/gara | Over25 casa ultime10: 0.50 | Over25 trasferta ultime10: 0.75;0.06;7.5;;;20.0;7.5;11.25;;;;2.0.defplus2
2026-08-23;Australia_NPLNSW;Sydney Olympic;Marconi;45.86;MEDIA;30;2026-08-21;Australia_NPLNSW;Australia_NPLNSW;;"Ranking gap: 0.631 | Attacco casa: 1.10/gara | Difesa trasferta subisce: 0.72/gara | Over25 casa ultime10: 0.90 | Over25 trasferta ultime10: 0.30 || V20DEF_STRONG_DEFENSE[Rule=AT_LEAST_ONE_STRONG;Threshold=1.60;Penalty=-3.00;HomeGALast5=2.20;AwayGALast5=1.40;BaseScore=48.86;FinalScore=45.86]";12.62;11.0;;;7.24;13.5;4.5;;;;2.0.defplus2
2026-08-23;Austria_2Liga;BW Linz;Voitsberg;45.66;MEDIA;4;2026-08-21;Austria_2Liga;Austria_2Liga;;Ranking gap: 0.033 | Attacco casa: 2.33/gara | Difesa trasferta subisce: 0.67/gara | Over25 casa ultime10: 0.67 | Over25 trasferta ultime10: 0.33;0.66;23.33;;;6.67;10.0;5.0;;;;2.0.defplus2
2026-08-23;Denmark_Superliga;Horsens;Lyngby;45.62;MEDIA;5;2026-08-21;Denmark_Superliga;Denmark_Superliga;;Ranking gap: 0.031 | Attacco casa: 1.00/gara | Difesa trasferta subisce: 2.00/gara | Over25 casa ultime10: 0.50 | Over25 trasferta ultime10: 0.50;0.62;10.0;;;20.0;7.5;7.5;;;;2.0.defplus2
2026-08-23;CzechRepublic_4Liga_GroupC;Dvur Kralove;Kolin;45.62;MEDIA;3;2026-08-21;CzechRepublic_4Liga_GroupC;CzechRepublic_4Liga_GroupC;CzechRepublic_4Liga;Ranking gap: 0.031 | Attacco casa: 2.00/gara | Difesa trasferta subisce: 1.00/gara | Over25 casa ultime10: 1.00 | Over25 trasferta ultime10: 0.00;0.62;20.0;;;10.0;15.0;0.0;;;;2.0.defplus2
2026-08-23;Russia_FNL;Ufa;Yenisey;45.49;MEDIA;8;2026-08-21;Russia_FNL;Russia_FNL;;"Ranking gap: 0.008 | Attacco casa: 1.33/gara | Difesa trasferta subisce: 1.50/gara | Over25 casa ultime10: 0.50 | Over25 trasferta ultime10: 0.83 || V20DEF_STRONG_DEFENSE[Rule=AT_LEAST_ONE_STRONG;Threshold=1.60;Penalty=-3.00;HomeGALast5=1.40;AwayGALast5=1.60;BaseScore=48.49;FinalScore=45.49]";0.16;13.33;;;15.0;7.5;12.5;;;;2.0.defplus2
2026-08-23;Bolivia_DivisionProfesional;Nacional Potosi;Independiente;45.43;MEDIA;20;2026-08-21;Bolivia_DivisionProfesional;Bolivia_DivisionProfesional;;"Ranking gap: 0.088 | Attacco casa: 1.47/gara | Difesa trasferta subisce: 1.40/gara | Over25 casa ultime10: 0.50 | Over25 trasferta ultime10: 0.70 || V20DEF_STRONG_DEFENSE[Rule=AT_LEAST_ONE_STRONG;Threshold=1.60;Penalty=-3.00;HomeGALast5=1.40;AwayGALast5=0.80;BaseScore=48.43;FinalScore=45.43]";1.76;14.67;;;14.0;7.5;10.5;;;;2.0.defplus2
2026-08-23;Portugal_LigaPortugal;Santa Clara;Famalicao;45.36;MEDIA;3;2026-08-21;Portugal_LigaPortugal;Portugal_LigaPortugal;;Ranking gap: 0.018 | Attacco casa: 1.50/gara | Difesa trasferta subisce: 1.50/gara | Over25 casa ultime10: 0.50 | Over25 trasferta ultime10: 0.50;0.36;15.0;;;15.0;7.5;7.5;;;;2.0.defplus2
2026-08-23;Germany_Oberliga_SchleswigHolstein;Eichede;Flensburg;45.29;MEDIA;5;2026-08-21;Germany_Oberliga_SchleswigHolstein;Germany_Oberliga_SchleswigHolstein;;Ranking gap: 0.077 | Attacco casa: 1.25/gara | Difesa trasferta subisce: 1.25/gara | Over25 casa ultime10: 0.50 | Over25 trasferta ultime10: 0.75;1.54;12.5;;;12.5;7.5;11.25;;;;2.0.defplus2
2026-08-23;Austria_Regionalliga_West;Schwaz;SC Imst;45.28;MEDIA;4;2026-08-21;Austria_Regionalliga_West;Austria_Regionalliga_West;;Ranking gap: 0.014 | Attacco casa: 2.67/gara | Difesa trasferta subisce: 0.00/gara | Over25 casa ultime10: 1.00 | Over25 trasferta ultime10: 0.33;0.28;25.0;;;0.0;15.0;5.0;;;;2.0.defplus2
2026-08-23;Belgium_JupilerProLeague;Lommel SK;Westerlo;45.16;MEDIA;3;2026-08-21;Belgium_JupilerProLeague;Belgium_JupilerProLeague;;Ranking gap: 0.008 | Attacco casa: 0.50/gara | Difesa trasferta subisce: 4.00/gara | Over25 casa ultime10: 0.00 | Over25 trasferta ultime10: 1.00;0.16;5.0;;;25.0;0.0;15.0;;;;2.0.defplus2
2026-08-23;Australia_NPLVictoria;South Melbourne;Heidelberg;45.03;MEDIA;28;2026-08-21;Australia_NPLVictoria;Australia_NPLVictoria;;"Ranking gap: 0.184 | Attacco casa: 1.56/gara | Difesa trasferta subisce: 1.38/gara | Over25 casa ultime10: 0.50 | Over25 trasferta ultime10: 0.50 || V20DEF_STRONG_DEFENSE[Rule=AT_LEAST_ONE_STRONG;Threshold=1.60;Penalty=-3.00;HomeGALast5=0.20;AwayGALast5=1.80;BaseScore=48.03;FinalScore=45.03]";3.68;15.6;;;13.75;7.5;7.5;;;;2.0.defplus2
2026-08-23;Poland_IIILiga_Group1;Suwalki;Swit;44.83;BASSA;5;2026-08-21;Poland_IIILiga_Group1;Poland_IIILiga_Group1;;Ranking gap: 0.679 | Attacco casa: 1.25/gara | Difesa trasferta subisce: 0.75/gara | Over25 casa ultime10: 0.00 | Over25 trasferta ultime10: 0.75;13.58;12.5;;;7.5;0.0;11.25;;;;2.0.defplus2
2026-08-23;USA_USLLeagueOne;Corpus Christi FC;Westchester SC;44.82;BASSA;32;2026-08-21;USA_USLLeagueOne;USA_USLLeagueOne;;"Ranking gap: 0.325 | Attacco casa: 1.18/gara | Difesa trasferta subisce: 1.45/gara | Over25 casa ultime10: 0.40 | Over25 trasferta ultime10: 0.60 || V20DEF_STRONG_DEFENSE[Rule=AT_LEAST_ONE_STRONG;Threshold=1.60;Penalty=-3.00;HomeGALast5=0.80;AwayGALast5=1.20;BaseScore=47.82;FinalScore=44.82]";6.5;11.82;;;14.5;6.0;9.0;;;;2.0.defplus2
2026-08-23;Sweden_Division1_Norra;Arlanda;FBK Karlstad;44.65;BASSA;20;2026-08-21;Sweden_Division1_Norra;Sweden_Division1_Norra;;Ranking gap: 0.064 | Attacco casa: 1.47/gara | Difesa trasferta subisce: 1.67/gara | Over25 casa ultime10: 0.40 | Over25 trasferta ultime10: 0.40;1.28;14.71;;;16.67;6.0;6.0;;;;2.0.defplus2
2026-08-23;Serbia_SuperLiga;Stella Rossa;Cukaricki;44.46;BASSA;6;2026-08-21;Serbia_SuperLiga;Serbia_SuperLiga;;"Ranking gap: 0.023 | Attacco casa: 3.33/gara | Difesa trasferta subisce: 0.60/gara | Over25 casa ultime10: 0.67 | Over25 trasferta ultime10: 0.40 || V20DEF_STRONG_DEFENSE[Rule=AT_LEAST_ONE_STRONG;Threshold=1.60;Penalty=-3.00;HomeGALast5=NA;AwayGALast5=0.60;BaseScore=47.46;FinalScore=44.46]";0.46;25.0;;;6.0;10.0;6.0;;;;2.0.defplus2
2026-08-23;Serbia_SuperLiga;Vojvodina;Zeleznicar Pancevo;44.36;BASSA;6;2026-08-21;Serbia_SuperLiga;Serbia_SuperLiga;;"Ranking gap: 0.018 | Attacco casa: 1.80/gara | Difesa trasferta subisce: 1.00/gara | Over25 casa ultime10: 0.60 | Over25 trasferta ultime10: 0.67 || V20DEF_STRONG_DEFENSE[Rule=AT_LEAST_ONE_STRONG;Threshold=1.60;Penalty=-3.00;HomeGALast5=1.20;AwayGALast5=NA;BaseScore=47.36;FinalScore=44.36]";0.36;18.0;;;10.0;9.0;10.0;;;;2.0.defplus2
2026-08-23;Portugal_Liga3_SerieA;Paredes;Leca;44.08;BASSA;3;2026-08-21;Portugal_Liga3_SerieA;Portugal_Liga3_SerieA;Portugal_Liga3;Ranking gap: 0.079 | Attacco casa: 2.00/gara | Difesa trasferta subisce: 1.50/gara | Over25 casa ultime10: 0.50 | Over25 trasferta ultime10: 0.00;1.58;20.0;;;15.0;7.5;0.0;;;;2.0.defplus2
2026-08-23;Hungary_NBI;Kisvarda;Debrecen;44.01;BASSA;5;2026-08-21;Hungary_NBI;Hungary_NBI;;Ranking gap: 0.013 | Attacco casa: 1.50/gara | Difesa trasferta subisce: 1.75/gara | Over25 casa ultime10: 0.50 | Over25 trasferta ultime10: 0.25;0.26;15.0;;;17.5;7.5;3.75;;;;2.0.defplus2
2026-08-23;Sweden_Superettan;Norrby;Sandviken;43.91;BASSA;22;2026-08-21;Sweden_Superettan;Sweden_Superettan;;"Ranking gap: 0.051 | Attacco casa: 1.26/gara | Difesa trasferta subisce: 1.53/gara | Over25 casa ultime10: 0.40 | Over25 trasferta ultime10: 0.80 || V20DEF_STRONG_DEFENSE[Rule=AT_LEAST_ONE_STRONG;Threshold=1.60;Penalty=-3.00;HomeGALast5=1.20;AwayGALast5=1.80;BaseScore=46.91;FinalScore=43.91]";1.02;12.63;;;15.26;6.0;12.0;;;;2.0.defplus2
2026-08-23;USA_USLChampionship;Rhode Island;Monterey Bay;43.56;BASSA;30;2026-08-21;USA_USLChampionship;USA_USLChampionship;;"Ranking gap: 0.097 | Attacco casa: 1.50/gara | Difesa trasferta subisce: 1.76/gara | Over25 casa ultime10: 0.30 | Over25 trasferta ultime10: 0.50 || V20DEF_STRONG_DEFENSE[Rule=AT_LEAST_ONE_STRONG;Threshold=1.60;Penalty=-3.00;HomeGALast5=0.60;AwayGALast5=2.40;BaseScore=46.56;FinalScore=43.56]";1.94;15.0;;;17.62;4.5;7.5;;;;2.0.defplus2
2026-08-23;Poland_Ekstraklasa;Katowice;Plock;43.53;BASSA;5;2026-08-21;Poland_Ekstraklasa;Poland_Ekstraklasa;;Ranking gap: 0.010 | Attacco casa: 1.33/gara | Difesa trasferta subisce: 1.00/gara | Over25 casa ultime10: 0.67 | Over25 trasferta ultime10: 0.67;0.2;13.33;;;10.0;10.0;10.0;;;;2.0.defplus2
2026-08-23;Finland_Veikkausliiga;HJK;Gnistan;43.52;BASSA;22;2026-08-21;Finland_Veikkausliiga;Finland_Veikkausliiga;;"Ranking gap: 0.051 | Attacco casa: 1.60/gara | Difesa trasferta subisce: 1.30/gara | Over25 casa ultime10: 0.70 | Over25 trasferta ultime10: 0.40 || V20DEF_STRONG_DEFENSE[Rule=AT_LEAST_ONE_STRONG;Threshold=1.60;Penalty=-3.00;HomeGALast5=0.80;AwayGALast5=1.20;BaseScore=46.52;FinalScore=43.52]";1.02;16.0;;;13.0;10.5;6.0;;;;2.0.defplus2
2026-08-23;CzechRepublic_3CFL_GroupB;Jablonec B;Velke Hamry;43.36;BASSA;3;2026-08-21;CzechRepublic_3CFL_GroupB;CzechRepublic_3CFL_GroupB;CzechRepublic_3rdTier;Ranking gap: 0.043 | Attacco casa: 1.50/gara | Difesa trasferta subisce: 2.00/gara | Over25 casa ultime10: 0.00 | Over25 trasferta ultime10: 0.50;0.86;15.0;;;20.0;0.0;7.5;;;;2.0.defplus2
2026-08-23;Bulgaria_VtoraLiga;Nesebar;Pirin Blagoevgrad;43.28;BASSA;3;2026-08-21;Bulgaria_VtoraLiga;Bulgaria_VtoraLiga;;Ranking gap: 0.039 | Attacco casa: 1.50/gara | Difesa trasferta subisce: 2.00/gara | Over25 casa ultime10: 0.00 | Over25 trasferta ultime10: 0.50;0.78;15.0;;;20.0;0.0;7.5;;;;2.0.defplus2
2026-08-23;SouthKorea_KLeague2;Jeonnam;Hwaseong;43.18;BASSA;23;2026-08-21;SouthKorea_KLeague2;SouthKorea_KLeague2;;"Ranking gap: 0.260 | Attacco casa: 1.10/gara | Difesa trasferta subisce: 1.05/gara | Over25 casa ultime10: 0.60 | Over25 trasferta ultime10: 0.70 || V20DEF_STRONG_DEFENSE[Rule=AT_LEAST_ONE_STRONG;Threshold=1.60;Penalty=-3.00;HomeGALast5=2.00;AwayGALast5=0.60;BaseScore=46.18;FinalScore=43.18]";5.2;11.0;;;10.48;9.0;10.5;;;;2.0.defplus2
2026-08-23;Estonia_Meistriliiga;Parnu JK Vaprus;Flora;43.11;BASSA;26;2026-08-21;Estonia_Meistriliiga;Estonia_Meistriliiga;;"Ranking gap: 0.089 | Attacco casa: 1.33/gara | Difesa trasferta subisce: 1.15/gara | Over25 casa ultime10: 0.50 | Over25 trasferta ultime10: 0.80 || V20DEF_STRONG_DEFENSE[Rule=AT_LEAST_ONE_STRONG;Threshold=1.60;Penalty=-3.00;HomeGALast5=2.20;AwayGALast5=1.40;BaseScore=46.11;FinalScore=43.11]";1.78;13.33;;;11.5;7.5;12.0;;;;2.0.defplus2
2026-08-23;Sweden_Division2_NorraSvealand;Helges;Falu;43.11;BASSA;19;2026-08-21;Sweden_Division2_NorraSvealand;Sweden_Division2_NorraSvealand;;"Ranking gap: 0.365 | Attacco casa: 0.72/gara | Difesa trasferta subisce: 1.06/gara | Over25 casa ultime10: 0.90 | Over25 trasferta ultime10: 0.50 || V20DEF_STRONG_DEFENSE[Rule=AT_LEAST_ONE_STRONG;Threshold=1.60;Penalty=-3.00;HomeGALast5=3.00;AwayGALast5=1.40;BaseScore=46.11;FinalScore=43.11]";7.3;7.22;;;10.59;13.5;7.5;;;;2.0.defplus2
2026-08-23;FaroeIslands_PremierLeague;Toftir;Skala Itrottarfelag;43.09;BASSA;24;2026-08-21;FaroeIslands_PremierLeague;FaroeIslands_PremierLeague;;"Ranking gap: 0.090 | Attacco casa: 0.94/gara | Difesa trasferta subisce: 1.68/gara | Over25 casa ultime10: 0.40 | Over25 trasferta ultime10: 0.80 || V20DEF_STRONG_DEFENSE[Rule=AT_LEAST_ONE_STRONG;Threshold=1.60;Penalty=-3.00;HomeGALast5=1.40;AwayGALast5=2.40;BaseScore=46.09;FinalScore=43.09]";1.8;9.44;;;16.84;6.0;12.0;;;;2.0.defplus2
2026-08-23;Sweden_Allsvenskan;Göteborg;Elfsborg;43.01;BASSA;23;2026-08-21;Sweden_Allsvenskan;Sweden_Allsvenskan;;"Ranking gap: 0.149 | Attacco casa: 1.29/gara | Difesa trasferta subisce: 1.06/gara | Over25 casa ultime10: 0.80 | Over25 trasferta ultime10: 0.50 || V20DEF_STRONG_DEFENSE[Rule=AT_LEAST_ONE_STRONG;Threshold=1.60;Penalty=-3.00;HomeGALast5=2.00;AwayGALast5=1.00;BaseScore=46.01;FinalScore=43.01]";2.98;12.94;;;10.59;12.0;7.5;;;;2.0.defplus2
2026-08-23;Paraguay_DivisionIntermedia;Tacuary;3 de Noviembre;42.68;BASSA;3;2026-08-21;Paraguay_DivisionIntermedia;Paraguay_DivisionIntermedia;;Ranking gap: 0.009 | Attacco casa: 1.00/gara | Difesa trasferta subisce: 1.00/gara | Over25 casa ultime10: 0.50 | Over25 trasferta ultime10: 1.00;0.18;10.0;;;10.0;7.5;15.0;;;;2.0.defplus2
2026-08-23;Russia_PremierLeague;Akron Togliatti;Samara;42.58;BASSA;5;2026-08-21;Russia_PremierLeague;Russia_PremierLeague;;Ranking gap: 0.004 | Attacco casa: 1.00/gara | Difesa trasferta subisce: 1.75/gara | Over25 casa ultime10: 0.75 | Over25 trasferta ultime10: 0.25;0.08;10.0;;;17.5;11.25;3.75;;;;2.0.defplus2
2026-08-23;Belarus_VysshayaLiga;Baranovici;Dynamo Brest;42.56;BASSA;21;2026-08-21;Belarus_VysshayaLiga;Belarus_VysshayaLiga;;"Ranking gap: 0.197 | Attacco casa: 1.12/gara | Difesa trasferta subisce: 0.94/gara | Over25 casa ultime10: 0.60 | Over25 trasferta ultime10: 0.80 || V20DEF_STRONG_DEFENSE[Rule=AT_LEAST_ONE_STRONG;Threshold=1.60;Penalty=-3.00;HomeGALast5=1.80;AwayGALast5=1.00;BaseScore=45.56;FinalScore=42.56]";3.94;11.18;;;9.44;9.0;12.0;;;;2.0.defplus2
2026-08-23;Sweden_Division2_NorraGotaland;Motala;Karlstad 2;41.69;BASSA;20;2026-08-21;Sweden_Division2_NorraGotaland;Sweden_Division2_NorraGotaland;;"Ranking gap: 0.180 | Attacco casa: 1.29/gara | Difesa trasferta subisce: 1.76/gara | Over25 casa ultime10: 0.20 | Over25 trasferta ultime10: 0.50 || V20DEF_STRONG_DEFENSE[Rule=AT_LEAST_ONE_STRONG;Threshold=1.60;Penalty=-3.00;HomeGALast5=1.40;AwayGALast5=2.00;BaseScore=44.69;FinalScore=41.69]";3.6;12.94;;;17.65;3.0;7.5;;;;2.0.defplus2
2026-08-23;Kyrgyzstan_PremierLiga;Dordoi Bishkek;Alay Osh;41.4;BASSA;24;2026-08-21;Kyrgyzstan_PremierLiga;Kyrgyzstan_PremierLiga;;"Ranking gap: 0.079 | Attacco casa: 1.58/gara | Difesa trasferta subisce: 1.05/gara | Over25 casa ultime10: 0.60 | Over25 trasferta ultime10: 0.50 || V20DEF_STRONG_DEFENSE[Rule=AT_LEAST_ONE_STRONG;Threshold=1.60;Penalty=-3.00;HomeGALast5=1.60;AwayGALast5=1.00;BaseScore=44.40;FinalScore=41.40]";1.58;15.79;;;10.53;9.0;7.5;;;;2.0.defplus2
2026-08-23;Belarus_PershayaLiga;Gomel 2;Uni X Labs;41.38;BASSA;22;2026-08-21;Belarus_PershayaLiga;Belarus_PershayaLiga;;"Ranking gap: 0.019 | Attacco casa: 1.40/gara | Difesa trasferta subisce: 1.35/gara | Over25 casa ultime10: 0.80 | Over25 trasferta ultime10: 0.30 || V20DEF_STRONG_DEFENSE[Rule=AT_LEAST_ONE_STRONG;Threshold=1.60;Penalty=-3.00;HomeGALast5=2.40;AwayGALast5=0.60;BaseScore=44.38;FinalScore=41.38]";0.38;14.0;;;13.5;12.0;4.5;;;;2.0.defplus2
2026-08-23;Germany_Oberliga_Hessen;Friedberg;Hadamar;41.31;BASSA;5;2026-08-21;Germany_Oberliga_Hessen;Germany_Oberliga_Hessen;;Ranking gap: 0.003 | Attacco casa: 1.75/gara | Difesa trasferta subisce: 1.25/gara | Over25 casa ultime10: 0.25 | Over25 trasferta ultime10: 0.50;0.06;17.5;;;12.5;3.75;7.5;;;;2.0.defplus2
2026-08-23;Poland_IIILiga_Group2;Koszalin;KKS Kalisz;41.01;BASSA;5;2026-08-21;Poland_IIILiga_Group2;Poland_IIILiga_Group2;;Ranking gap: 0.738 | Attacco casa: 0.75/gara | Difesa trasferta subisce: 0.75/gara | Over25 casa ultime10: 0.50 | Over25 trasferta ultime10: 0.25;14.76;7.5;;;7.5;7.5;3.75;;;;2.0.defplus2
2026-08-23;Sweden_Division1_Norra;Umeå;Enkoping SK;40.94;BASSA;20;2026-08-21;Sweden_Division1_Norra;Sweden_Division1_Norra;;"Ranking gap: 0.156 | Attacco casa: 1.24/gara | Difesa trasferta subisce: 1.65/gara | Over25 casa ultime10: 0.40 | Over25 trasferta ultime10: 0.40 || V20DEF_STRONG_DEFENSE[Rule=AT_LEAST_ONE_STRONG;Threshold=1.60;Penalty=-3.00;HomeGALast5=2.40;AwayGALast5=1.60;BaseScore=43.94;FinalScore=40.94]";3.12;12.35;;;16.47;6.0;6.0;;;;2.0.defplus2
2026-08-23;USA_USLChampionship;Lexington;Las Vegas Lights;40.92;BASSA;30;2026-08-21;USA_USLChampionship;USA_USLChampionship;;"Ranking gap: 0.009 | Attacco casa: 1.47/gara | Difesa trasferta subisce: 1.40/gara | Over25 casa ultime10: 0.50 | Over25 trasferta ultime10: 0.50 || V20DEF_STRONG_DEFENSE[Rule=AT_LEAST_ONE_STRONG;Threshold=1.60;Penalty=-3.00;HomeGALast5=0.60;AwayGALast5=0.40;BaseScore=43.92;FinalScore=40.92]";0.18;14.74;;;14.0;7.5;7.5;;;;2.0.defplus2
2026-08-23;Sweden_Division2_NorraSvealand;Lidingo IFK;Enskede;40.89;BASSA;19;2026-08-21;Sweden_Division2_NorraSvealand;Sweden_Division2_NorraSvealand;;"Ranking gap: 0.193 | Attacco casa: 1.12/gara | Difesa trasferta subisce: 1.24/gara | Over25 casa ultime10: 0.50 | Over25 trasferta ultime10: 0.60 || V20DEF_STRONG_DEFENSE[Rule=AT_LEAST_ONE_STRONG;Threshold=1.60;Penalty=-3.00;HomeGALast5=1.80;AwayGALast5=1.00;BaseScore=43.89;FinalScore=40.89]";3.86;11.18;;;12.35;7.5;9.0;;;;2.0.defplus2
2026-08-23;SouthKorea_KLeague2;Cheongju Jikji;Gyeongnam;40.85;BASSA;23;2026-08-21;SouthKorea_KLeague2;SouthKorea_KLeague2;;"Ranking gap: 0.082 | Attacco casa: 1.19/gara | Difesa trasferta subisce: 1.38/gara | Over25 casa ultime10: 0.70 | Over25 trasferta ultime10: 0.40 || V20DEF_STRONG_DEFENSE[Rule=AT_LEAST_ONE_STRONG;Threshold=1.60;Penalty=-3.00;HomeGALast5=1.40;AwayGALast5=0.80;BaseScore=43.85;FinalScore=40.85]";1.64;11.9;;;13.81;10.5;6.0;;;;2.0.defplus2
2026-08-23;CzechRepublic_4Liga_GroupD;Velka Bites;Zdirec n. D.;40.7;BASSA;3;2026-08-21;CzechRepublic_4Liga_GroupD;CzechRepublic_4Liga_GroupD;CzechRepublic_4Liga;Ranking gap: 0.035 | Attacco casa: 0.50/gara | Difesa trasferta subisce: 2.00/gara | Over25 casa ultime10: 0.50 | Over25 trasferta ultime10: 0.50;0.7;5.0;;;20.0;7.5;7.5;;;;2.0.defplus2
2026-08-23;USA_USLChampionship;San Antonio;Oakland Roots;40.47;BASSA;30;2026-08-21;USA_USLChampionship;USA_USLChampionship;;"Ranking gap: 0.134 | Attacco casa: 1.30/gara | Difesa trasferta subisce: 1.43/gara | Over25 casa ultime10: 0.60 | Over25 trasferta ultime10: 0.30 || V20DEF_STRONG_DEFENSE[Rule=AT_LEAST_ONE_STRONG;Threshold=1.60;Penalty=-3.00;HomeGALast5=1.40;AwayGALast5=1.20;BaseScore=43.47;FinalScore=40.47]";2.68;13.0;;;14.29;9.0;4.5;;;;2.0.defplus2
2026-08-23;Mexico_LigaExpansionMX_Apertura;Piratas;Cancun;40.33;BASSA;5;2026-08-21;Mexico_LigaExpansionMX_Apertura;Mexico_LigaExpansionMX_Apertura;;Ranking gap: 0.079 | Attacco casa: 1.00/gara | Difesa trasferta subisce: 2.00/gara | Over25 casa ultime10: 0.25 | Over25 trasferta ultime10: 0.33;1.58;10.0;;;20.0;3.75;5.0;;;;2.0.defplus2
2026-08-23;Bulgaria_ParvaLiga;Septemvri Sofia;CSKA 1948 Sofia;40.32;BASSA;6;2026-08-21;Bulgaria_ParvaLiga;Bulgaria_ParvaLiga;;"Ranking gap: 0.066 | Attacco casa: 0.60/gara | Difesa trasferta subisce: 1.20/gara | Over25 casa ultime10: 0.60 | Over25 trasferta ultime10: 1.00 || V20DEF_STRONG_DEFENSE[Rule=AT_LEAST_ONE_STRONG;Threshold=1.60;Penalty=-3.00;HomeGALast5=1.80;AwayGALast5=1.20;BaseScore=43.32;FinalScore=40.32]";1.32;6.0;;;12.0;9.0;15.0;;;;2.0.defplus2
2026-08-23;Germany_Oberliga_Westfalen;Lippstadt;Clarholz;40.3;BASSA;3;2026-08-21;Germany_Oberliga_Westfalen;Germany_Oberliga_Westfalen;;Ranking gap: 0.015 | Attacco casa: 0.00/gara | Difesa trasferta subisce: 2.50/gara | Over25 casa ultime10: 0.00 | Over25 trasferta ultime10: 1.00;0.3;0.0;;;25.0;0.0;15.0;;;;2.0.defplus2
2026-08-23;Slovakia_NikeLiga;Trencin;Trnava;40.25;BASSA;5;2026-08-21;Slovakia_NikeLiga;Slovakia_NikeLiga;;Ranking gap: 0.054 | Attacco casa: 1.67/gara | Difesa trasferta subisce: 0.50/gara | Over25 casa ultime10: 0.67 | Over25 trasferta ultime10: 0.50;1.08;16.67;;;5.0;10.0;7.5;;;;2.0.defplus2
2026-08-23;Germany_Oberliga_Niedersachsen;Verden;Drochtersen/Assel 2;40.22;BASSA;3;2026-08-21;Germany_Oberliga_Niedersachsen;Germany_Oberliga_Niedersachsen;;Ranking gap: 0.011 | Attacco casa: 1.00/gara | Difesa trasferta subisce: 1.50/gara | Over25 casa ultime10: 0.50 | Over25 trasferta ultime10: 0.50;0.22;10.0;;;15.0;7.5;7.5;;;;2.0.defplus2
2026-08-23;Slovakia_3Liga_West;Velke Ludince;Puchov;40.18;BASSA;3;2026-08-21;Slovakia_3Liga_West;Slovakia_3Liga_West;;Ranking gap: 0.009 | Attacco casa: 1.50/gara | Difesa trasferta subisce: 1.00/gara | Over25 casa ultime10: 0.50 | Over25 trasferta ultime10: 0.50;0.18;15.0;;;10.0;7.5;7.5;;;;2.0.defplus2
2026-08-23;Slovenia_2SNL;Beltinci;Primorje;40.04;BASSA;3;2026-08-21;Slovenia_2SNL;Slovenia_2SNL;;Ranking gap: 0.002 | Attacco casa: 1.50/gara | Difesa trasferta subisce: 1.00/gara | Over25 casa ultime10: 0.50 | Over25 trasferta ultime10: 0.50;0.04;15.0;;;10.0;7.5;7.5;;;;2.0.defplus2
2026-08-23;USA_MLS;San Diego FC;Colorado Rapids;40.02;BASSA;23;2026-08-21;USA_MLS;USA_MLS;;"Ranking gap: 0.051 | Attacco casa: 1.70/gara | Difesa trasferta subisce: 1.30/gara | Over25 casa ultime10: 0.50 | Over25 trasferta ultime10: 0.30 || V20DEF_STRONG_DEFENSE[Rule=AT_LEAST_ONE_STRONG;Threshold=1.60;Penalty=-3.00;HomeGALast5=1.00;AwayGALast5=0.60;BaseScore=43.02;FinalScore=40.02]";1.02;17.0;;;13.0;7.5;4.5;;;;2.0.defplus2
2026-08-23;Australia_NPLNSW;Sydney Utd;APIA Leichhardt;39.97;BASSA;30;2026-08-21;Australia_NPLNSW;Australia_NPLNSW;;"Ranking gap: 0.071 | Attacco casa: 1.41/gara | Difesa trasferta subisce: 1.24/gara | Over25 casa ultime10: 0.20 | Over25 trasferta ultime10: 0.80 || V20DEF_STRONG_DEFENSE[Rule=AT_LEAST_ONE_STRONG;Threshold=1.60;Penalty=-3.00;HomeGALast5=0.60;AwayGALast5=1.20;BaseScore=42.97;FinalScore=39.97]";1.42;14.14;;;12.41;3.0;12.0;;;;2.0.defplus2
2026-08-23;USA_USLChampionship;Colorado Springs;El Paso;39.76;BASSA;30;2026-08-21;USA_USLChampionship;USA_USLChampionship;;"Ranking gap: 0.063 | Attacco casa: 1.60/gara | Difesa trasferta subisce: 1.35/gara | Over25 casa ultime10: 0.60 | Over25 trasferta ultime10: 0.20 || V20DEF_STRONG_DEFENSE[Rule=AT_LEAST_ONE_STRONG;Threshold=1.60;Penalty=-3.00;HomeGALast5=1.80;AwayGALast5=0.40;BaseScore=42.76;FinalScore=39.76]";1.26;16.0;;;13.5;9.0;3.0;;;;2.0.defplus2
2026-08-23;Russia_FNL;Leningradets;Chelyabinsk;39.74;BASSA;8;2026-08-21;Russia_FNL;Russia_FNL;;"Ranking gap: 0.012 | Attacco casa: 0.50/gara | Difesa trasferta subisce: 2.00/gara | Over25 casa ultime10: 0.50 | Over25 trasferta ultime10: 0.67 || V20DEF_STRONG_DEFENSE[Rule=AT_LEAST_ONE_STRONG;Threshold=1.60;Penalty=-3.00;HomeGALast5=1.00;AwayGALast5=2.20;BaseScore=42.74;FinalScore=39.74]";0.24;5.0;;;20.0;7.5;10.0;;;;2.0.defplus2
2026-08-23;Bolivia_DivisionProfesional;Guabira;Blooming;39.59;BASSA;20;2026-08-21;Bolivia_DivisionProfesional;Bolivia_DivisionProfesional;;"Ranking gap: 0.013 | Attacco casa: 1.67/gara | Difesa trasferta subisce: 1.07/gara | Over25 casa ultime10: 0.80 | Over25 trasferta ultime10: 0.20 || V20DEF_STRONG_DEFENSE[Rule=AT_LEAST_ONE_STRONG;Threshold=1.60;Penalty=-3.00;HomeGALast5=1.20;AwayGALast5=1.00;BaseScore=42.59;FinalScore=39.59]";0.26;16.67;;;10.67;12.0;3.0;;;;2.0.defplus2
2026-08-23;Lithuania_Toplyga;Zalgiris;Dziugas Telsiai;39.56;BASSA;31;2026-08-21;Lithuania_Toplyga;Lithuania_Toplyga;;"Ranking gap: 0.055 | Attacco casa: 1.41/gara | Difesa trasferta subisce: 1.09/gara | Over25 casa ultime10: 0.80 | Over25 trasferta ultime10: 0.30 || V20DEF_STRONG_DEFENSE[Rule=AT_LEAST_ONE_STRONG;Threshold=1.60;Penalty=-3.00;HomeGALast5=1.20;AwayGALast5=1.40;BaseScore=42.56;FinalScore=39.56]";1.1;14.09;;;10.87;12.0;4.5;;;;2.0.defplus2
2026-08-23;Hungary_NBII;Soroksar;Szentlorinc;39.43;BASSA;5;2026-08-21;Hungary_NBII;Hungary_NBII;;Ranking gap: 0.013 | Attacco casa: 2.00/gara | Difesa trasferta subisce: 0.67/gara | Over25 casa ultime10: 0.50 | Over25 trasferta ultime10: 0.33;0.26;20.0;;;6.67;7.5;5.0;;;;2.0.defplus2
2026-08-23;Austria_Regionalliga_West;Tirol (Am);Wolfurt;39.11;BASSA;4;2026-08-21;Austria_Regionalliga_West;Austria_Regionalliga_West;;Ranking gap: 0.039 | Attacco casa: 0.33/gara | Difesa trasferta subisce: 2.00/gara | Over25 casa ultime10: 0.00 | Over25 trasferta ultime10: 1.00;0.78;3.33;;;20.0;0.0;15.0;;;;2.0.defplus2
2026-08-23;Poland_IIILiga_Group4;Kolbuszowa Dolna;Siarka Tarnobrzeg;38.73;BASSA;4;2026-08-21;Poland_IIILiga_Group4;Poland_IIILiga_Group4;;Ranking gap: 0.020 | Attacco casa: 0.67/gara | Difesa trasferta subisce: 1.67/gara | Over25 casa ultime10: 0.33 | Over25 trasferta ultime10: 0.67;0.4;6.67;;;16.67;5.0;10.0;;;;2.0.defplus2
2026-08-23;Sweden_Division1_Sodra;Skövde;Kristianstad;38.64;BASSA;20;2026-08-21;Sweden_Division1_Sodra;Sweden_Division1_Sodra;;"Ranking gap: 0.048 | Attacco casa: 0.82/gara | Difesa trasferta subisce: 1.44/gara | Over25 casa ultime10: 0.70 | Over25 trasferta ultime10: 0.50 || V20DEF_STRONG_DEFENSE[Rule=AT_LEAST_ONE_STRONG;Threshold=1.60;Penalty=-3.00;HomeGALast5=2.00;AwayGALast5=1.00;BaseScore=41.64;FinalScore=38.64]";0.96;8.24;;;14.44;10.5;7.5;;;;2.0.defplus2
2026-08-23;Germany_Regionalliga_West;Lotte;Bochum 2;38.49;BASSA;4;2026-08-21;Germany_Regionalliga_West;Germany_Regionalliga_West;;Ranking gap: 0.008 | Attacco casa: 0.67/gara | Difesa trasferta subisce: 1.67/gara | Over25 casa ultime10: 0.33 | Over25 trasferta ultime10: 0.67;0.16;6.67;;;16.67;5.0;10.0;;;;2.0.defplus2
2026-08-23;Finland_Veikkausliiga;TPS Turku;Inter Turku;38.38;BASSA;22;2026-08-21;Finland_Veikkausliiga;Finland_Veikkausliiga;;"Ranking gap: 0.244 | Attacco casa: 1.35/gara | Difesa trasferta subisce: 0.80/gara | Over25 casa ultime10: 0.70 | Over25 trasferta ultime10: 0.30 || V20DEF_STRONG_DEFENSE[Rule=AT_LEAST_ONE_STRONG;Threshold=1.60;Penalty=-3.00;HomeGALast5=1.20;AwayGALast5=0.80;BaseScore=41.38;FinalScore=38.38]";4.88;13.5;;;8.0;10.5;4.5;;;;2.0.defplus2
2026-08-23;Netherlands_Eredivisie;Cambuur;Feyenoord;38.1;BASSA;3;2026-08-21;Netherlands_Eredivisie;Netherlands_Eredivisie;;Ranking gap: 0.030 | Attacco casa: 0.50/gara | Difesa trasferta subisce: 1.00/gara | Over25 casa ultime10: 1.00 | Over25 trasferta ultime10: 0.50;0.6;5.0;;;10.0;15.0;7.5;;;;2.0.defplus2
2026-08-23;SouthKorea_KLeague1;Daejeon;Gangwon;37.77;BASSA;24;2026-08-21;SouthKorea_KLeague1;SouthKorea_KLeague1;;"Ranking gap: 0.226 | Attacco casa: 1.26/gara | Difesa trasferta subisce: 0.86/gara | Over25 casa ultime10: 0.60 | Over25 trasferta ultime10: 0.40 || V20DEF_STRONG_DEFENSE[Rule=AT_LEAST_ONE_STRONG;Threshold=1.60;Penalty=-3.00;HomeGALast5=1.60;AwayGALast5=1.60;BaseScore=40.77;FinalScore=37.77]";4.52;12.61;;;8.64;9.0;6.0;;;;2.0.defplus2
2026-08-23;USA_USLChampionship;Indy Eleven;Louisville City;37.71;BASSA;30;2026-08-21;USA_USLChampionship;USA_USLChampionship;;"Ranking gap: 0.077 | Attacco casa: 1.17/gara | Difesa trasferta subisce: 1.70/gara | Over25 casa ultime10: 0.20 | Over25 trasferta ultime10: 0.50 || V20DEF_STRONG_DEFENSE[Rule=AT_LEAST_ONE_STRONG;Threshold=1.60;Penalty=-3.00;HomeGALast5=1.40;AwayGALast5=2.40;BaseScore=40.71;FinalScore=37.71]";1.54;11.67;;;17.0;3.0;7.5;;;;2.0.defplus2
2026-08-23;Poland_IIILiga_Group4;Naprzod Jedrzejow;Chelmianka Chelm;37.65;BASSA;4;2026-08-21;Poland_IIILiga_Group4;Poland_IIILiga_Group4;;Ranking gap: 0.049 | Attacco casa: 1.33/gara | Difesa trasferta subisce: 0.33/gara | Over25 casa ultime10: 0.67 | Over25 trasferta ultime10: 0.67;0.98;13.33;;;3.33;10.0;10.0;;;;2.0.defplus2
2026-08-23;SouthKorea_KLeague2;Asan;Yongin;37.53;BASSA;23;2026-08-21;SouthKorea_KLeague2;SouthKorea_KLeague2;;"Ranking gap: 0.086 | Attacco casa: 1.38/gara | Difesa trasferta subisce: 1.45/gara | Over25 casa ultime10: 0.30 | Over25 trasferta ultime10: 0.40 || V20DEF_STRONG_DEFENSE[Rule=AT_LEAST_ONE_STRONG;Threshold=1.60;Penalty=-3.00;HomeGALast5=1.40;AwayGALast5=1.40;BaseScore=40.53;FinalScore=37.53]";1.72;13.81;;;14.5;4.5;6.0;;;;2.0.defplus2
2026-08-23;Denmark_Superliga;Aarhus;Odense;37.18;BASSA;5;2026-08-21;Denmark_Superliga;Denmark_Superliga;;Ranking gap: 0.005 | Attacco casa: 1.33/gara | Difesa trasferta subisce: 1.00/gara | Over25 casa ultime10: 0.67 | Over25 trasferta ultime10: 0.25;0.1;13.33;;;10.0;10.0;3.75;;;;2.0.defplus2
2026-08-23;USA_USLChampionship;Orange County SC;FC Tulsa;37.05;BASSA;30;2026-08-21;USA_USLChampionship;USA_USLChampionship;;"Ranking gap: 0.079 | Attacco casa: 1.55/gara | Difesa trasferta subisce: 0.95/gara | Over25 casa ultime10: 0.70 | Over25 trasferta ultime10: 0.20 || V20DEF_STRONG_DEFENSE[Rule=AT_LEAST_ONE_STRONG;Threshold=1.60;Penalty=-3.00;HomeGALast5=1.80;AwayGALast5=0.40;BaseScore=40.05;FinalScore=37.05]";1.58;15.5;;;9.47;10.5;3.0;;;;2.0.defplus2
2026-08-23;Denmark_Superliga;Viborg;FC Copenhagen;36.81;BASSA;5;2026-08-21;Denmark_Superliga;Denmark_Superliga;;Ranking gap: 0.028 | Attacco casa: 0.75/gara | Difesa trasferta subisce: 1.00/gara | Over25 casa ultime10: 0.25 | Over25 trasferta ultime10: 1.00;0.56;7.5;;;10.0;3.75;15.0;;;;2.0.defplus2
2026-08-23;Slovakia_2Liga;Zilina B;Malzenice;36.79;BASSA;5;2026-08-21;Slovakia_2Liga;Slovakia_2Liga;;Ranking gap: 0.027 | Attacco casa: 0.75/gara | Difesa trasferta subisce: 1.75/gara | Over25 casa ultime10: 0.25 | Over25 trasferta ultime10: 0.50;0.54;7.5;;;17.5;3.75;7.5;;;;2.0.defplus2
2026-08-23;Serbia_PrvaLiga;Napredak;TSC;36.63;BASSA;5;2026-08-21;Serbia_PrvaLiga;Serbia_PrvaLiga;;Ranking gap: 0.019 | Attacco casa: 1.25/gara | Difesa trasferta subisce: 1.25/gara | Over25 casa ultime10: 0.25 | Over25 trasferta ultime10: 0.50;0.38;12.5;;;12.5;3.75;7.5;;;;2.0.defplus2
2026-08-23;USA_MLS;St. Louis City;Houston Dynamo;36.16;BASSA;23;2026-08-21;USA_MLS;USA_MLS;;"Ranking gap: 0.058 | Attacco casa: 1.40/gara | Difesa trasferta subisce: 1.20/gara | Over25 casa ultime10: 0.50 | Over25 trasferta ultime10: 0.30 || V20DEF_STRONG_DEFENSE[Rule=AT_LEAST_ONE_STRONG;Threshold=1.60;Penalty=-3.00;HomeGALast5=0.80;AwayGALast5=0.00;BaseScore=39.16;FinalScore=36.16]";1.16;14.0;;;12.0;7.5;4.5;;;;2.0.defplus2
2026-08-23;CzechRepublic_4Liga_GroupF;Bilovec;Bohumin;35.94;BASSA;3;2026-08-21;CzechRepublic_4Liga_GroupF;CzechRepublic_4Liga_GroupF;CzechRepublic_4Liga;Ranking gap: 0.047 | Attacco casa: 1.00/gara | Difesa trasferta subisce: 1.00/gara | Over25 casa ultime10: 0.50 | Over25 trasferta ultime10: 0.50;0.94;10.0;;;10.0;7.5;7.5;;;;2.0.defplus2
2026-08-23;Bulgaria_ParvaLiga;Lok. Sofia;CSKA Sofia;35.84;BASSA;6;2026-08-21;Bulgaria_ParvaLiga;Bulgaria_ParvaLiga;;"Ranking gap: 0.092 | Attacco casa: 1.00/gara | Difesa trasferta subisce: 0.60/gara | Over25 casa ultime10: 0.60 | Over25 trasferta ultime10: 0.80 || V20DEF_STRONG_DEFENSE[Rule=AT_LEAST_ONE_STRONG;Threshold=1.60;Penalty=-3.00;HomeGALast5=2.00;AwayGALast5=0.60;BaseScore=38.84;FinalScore=35.84]";1.84;10.0;;;6.0;9.0;12.0;;;;2.0.defplus2
2026-08-23;Portugal_LigaPortugal;Guimaraes;Nacional;35.6;BASSA;3;2026-08-21;Portugal_LigaPortugal;Portugal_LigaPortugal;;Ranking gap: 0.030 | Attacco casa: 1.00/gara | Difesa trasferta subisce: 1.00/gara | Over25 casa ultime10: 0.50 | Over25 trasferta ultime10: 0.50;0.6;10.0;;;10.0;7.5;7.5;;;;2.0.defplus2
2026-08-23;USA_MLS;CF Montreal;Los Angeles Galaxy;35.6;BASSA;23;2026-08-21;USA_MLS;USA_MLS;;"Ranking gap: 0.055 | Attacco casa: 1.35/gara | Difesa trasferta subisce: 1.35/gara | Over25 casa ultime10: 0.40 | Over25 trasferta ultime10: 0.30 || V20DEF_STRONG_DEFENSE[Rule=AT_LEAST_ONE_STRONG;Threshold=1.60;Penalty=-3.00;HomeGALast5=1.20;AwayGALast5=1.00;BaseScore=38.60;FinalScore=35.60]";1.1;13.5;;;13.5;6.0;4.5;;;;2.0.defplus2
2026-08-23;USA_USLChampionship;Sacramento Republic;Phoenix Rising;35.6;BASSA;30;2026-08-21;USA_USLChampionship;USA_USLChampionship;;"Ranking gap: 0.072 | Attacco casa: 1.32/gara | Difesa trasferta subisce: 1.35/gara | Over25 casa ultime10: 0.30 | Over25 trasferta ultime10: 0.40 || V20DEF_STRONG_DEFENSE[Rule=AT_LEAST_ONE_STRONG;Threshold=1.60;Penalty=-3.00;HomeGALast5=0.40;AwayGALast5=1.00;BaseScore=38.60;FinalScore=35.60]";1.44;13.16;;;13.5;4.5;6.0;;;;2.0.defplus2
2026-08-23;Sweden_Division2_SodraSvealand;Orebro Syr.;Farsta;35.58;BASSA;18;2026-08-21;Sweden_Division2_SodraSvealand;Sweden_Division2_SodraSvealand;;"Ranking gap: 0.166 | Attacco casa: 1.00/gara | Difesa trasferta subisce: 1.18/gara | Over25 casa ultime10: 0.30 | Over25 trasferta ultime10: 0.60 || V20DEF_STRONG_DEFENSE[Rule=AT_LEAST_ONE_STRONG;Threshold=1.60;Penalty=-3.00;HomeGALast5=1.20;AwayGALast5=1.00;BaseScore=38.58;FinalScore=35.58]";3.32;10.0;;;11.76;4.5;9.0;;;;2.0.defplus2
2026-08-23;CzechRepublic_4Liga_GroupD;Pelhrimov;Bohunice;35.54;BASSA;3;2026-08-21;CzechRepublic_4Liga_GroupD;CzechRepublic_4Liga_GroupD;CzechRepublic_4Liga;Ranking gap: 0.027 | Attacco casa: 1.50/gara | Difesa trasferta subisce: 0.50/gara | Over25 casa ultime10: 0.50 | Over25 trasferta ultime10: 0.50;0.54;15.0;;;5.0;7.5;7.5;;;;2.0.defplus2
2026-08-23;Serbia_SuperLiga;Mladost;Partizan;34.89;BASSA;6;2026-08-21;Serbia_SuperLiga;Serbia_SuperLiga;;"Ranking gap: 0.032 | Attacco casa: 0.80/gara | Difesa trasferta subisce: 1.50/gara | Over25 casa ultime10: 0.20 | Over25 trasferta ultime10: 0.75 || V20DEF_STRONG_DEFENSE[Rule=AT_LEAST_ONE_STRONG;Threshold=1.60;Penalty=-3.00;HomeGALast5=0.60;AwayGALast5=NA;BaseScore=37.89;FinalScore=34.89]";0.64;8.0;;;15.0;3.0;11.25;;;;2.0.defplus2
2026-08-23;Armenia_PremierLeague;BKMA;Noah;34.53;BASSA;5;2026-08-21;Armenia_PremierLeague;Armenia_PremierLeague;;Ranking gap: 0.060 | Attacco casa: 0.33/gara | Difesa trasferta subisce: 1.00/gara | Over25 casa ultime10: 0.67 | Over25 trasferta ultime10: 0.67;1.2;3.33;;;10.0;10.0;10.0;;;;2.0.defplus2
2026-08-23;Mexico_LigaExpansionMX_Apertura;Alacranes;Leones Negros;34.42;BASSA;5;2026-08-21;Mexico_LigaExpansionMX_Apertura;Mexico_LigaExpansionMX_Apertura;;Ranking gap: 0.096 | Attacco casa: 0.50/gara | Difesa trasferta subisce: 1.25/gara | Over25 casa ultime10: 0.25 | Over25 trasferta ultime10: 0.75;1.92;5.0;;;12.5;3.75;11.25;;;;2.0.defplus2
2026-08-23;USA_USLChampionship;Brooklyn;Pittsburgh;34.02;BASSA;30;2026-08-21;USA_USLChampionship;USA_USLChampionship;;"Ranking gap: 0.151 | Attacco casa: 1.00/gara | Difesa trasferta subisce: 1.05/gara | Over25 casa ultime10: 0.60 | Over25 trasferta ultime10: 0.30 || V20DEF_STRONG_DEFENSE[Rule=AT_LEAST_ONE_STRONG;Threshold=1.60;Penalty=-3.00;HomeGALast5=2.00;AwayGALast5=0.60;BaseScore=37.02;FinalScore=34.02]";3.02;10.0;;;10.5;9.0;4.5;;;;2.0.defplus2
2026-08-23;Serbia_PrvaLiga;Jedinstvo U.;Vrsac;33.66;BASSA;5;2026-08-21;Serbia_PrvaLiga;Serbia_PrvaLiga;;Ranking gap: 0.058 | Attacco casa: 1.00/gara | Difesa trasferta subisce: 0.75/gara | Over25 casa ultime10: 0.50 | Over25 trasferta ultime10: 0.50;1.16;10.0;;;7.5;7.5;7.5;;;;2.0.defplus2
2026-08-23;USA_USLChampionship;Detroit;Tampa Bay;33.46;BASSA;30;2026-08-21;USA_USLChampionship;USA_USLChampionship;;"Ranking gap: 0.064 | Attacco casa: 1.37/gara | Difesa trasferta subisce: 0.95/gara | Over25 casa ultime10: 0.30 | Over25 trasferta ultime10: 0.50 || V20DEF_STRONG_DEFENSE[Rule=AT_LEAST_ONE_STRONG;Threshold=1.60;Penalty=-3.00;HomeGALast5=0.60;AwayGALast5=1.40;BaseScore=36.46;FinalScore=33.46]";1.28;13.68;;;9.5;4.5;7.5;;;;2.0.defplus2
2026-08-23;CzechRepublic_3CFL_GroupA;Admira Prague;Pribram B;33.18;BASSA;3;2026-08-21;CzechRepublic_3CFL_GroupA;CzechRepublic_3CFL_GroupA;CzechRepublic_3rdTier;Ranking gap: 0.034 | Attacco casa: 0.50/gara | Difesa trasferta subisce: 2.00/gara | Over25 casa ultime10: 0.50 | Over25 trasferta ultime10: 0.00;0.68;5.0;;;20.0;7.5;0.0;;;;2.0.defplus2
2026-08-23;Lithuania_Toplyga;Hegelmann;Banga;33.04;BASSA;31;2026-08-21;Lithuania_Toplyga;Lithuania_Toplyga;;"Ranking gap: 0.191 | Attacco casa: 1.05/gara | Difesa trasferta subisce: 0.83/gara | Over25 casa ultime10: 0.40 | Over25 trasferta ultime10: 0.50 || V20DEF_STRONG_DEFENSE[Rule=AT_LEAST_ONE_STRONG;Threshold=1.60;Penalty=-3.00;HomeGALast5=2.40;AwayGALast5=1.60;BaseScore=36.04;FinalScore=33.04]";3.82;10.45;;;8.26;6.0;7.5;;;;2.0.defplus2
2026-08-23;SriLanka_SuperLeague;Blue Star;Colombo;32.94;BASSA;6;2026-08-21;SriLanka_SuperLeague;SriLanka_SuperLeague;;"Ranking gap: 0.147 | Attacco casa: 1.80/gara | Difesa trasferta subisce: 0.00/gara | Over25 casa ultime10: 0.60 | Over25 trasferta ultime10: 0.40 || V20DEF_STRONG_DEFENSE[Rule=AT_LEAST_ONE_STRONG;Threshold=1.60;Penalty=-3.00;HomeGALast5=2.40;AwayGALast5=0.00;BaseScore=35.94;FinalScore=32.94]";2.94;18.0;;;0.0;9.0;6.0;;;;2.0.defplus2
2026-08-23;Bulgaria_VtoraLiga;Yantra Gabrovo;Svoge;32.88;BASSA;3;2026-08-21;Bulgaria_VtoraLiga;Bulgaria_VtoraLiga;;Ranking gap: 0.019 | Attacco casa: 2.00/gara | Difesa trasferta subisce: 0.50/gara | Over25 casa ultime10: 0.50 | Over25 trasferta ultime10: 0.00;0.38;20.0;;;5.0;7.5;0.0;;;;2.0.defplus2
2026-08-23;Germany_Oberliga_BadenWurttemberg;Singen;Pforzheim;32.78;BASSA;4;2026-08-21;Germany_Oberliga_BadenWurttemberg;Germany_Oberliga_BadenWurttemberg;;Ranking gap: 0.014 | Attacco casa: 1.00/gara | Difesa trasferta subisce: 1.50/gara | Over25 casa ultime10: 0.00 | Over25 trasferta ultime10: 0.50;0.28;10.0;;;15.0;0.0;7.5;;;;2.0.defplus2
2026-08-23;Germany_Oberliga_Westfalen;Gievenbeck;Erkenschwick;32.52;BASSA;3;2026-08-21;Germany_Oberliga_Westfalen;Germany_Oberliga_Westfalen;;Ranking gap: 0.001 | Attacco casa: 2.00/gara | Difesa trasferta subisce: 0.50/gara | Over25 casa ultime10: 0.50 | Over25 trasferta ultime10: 0.00;0.02;20.0;;;5.0;7.5;0.0;;;;2.0.defplus2
2026-08-23;Turkey_1Lig;Sariyer;Batman Petrolspor;32.52;BASSA;3;2026-08-21;Turkey_1Lig;Turkey_1Lig;;Ranking gap: 0.001 | Attacco casa: 1.50/gara | Difesa trasferta subisce: 1.00/gara | Over25 casa ultime10: 0.00 | Over25 trasferta ultime10: 0.50;0.02;15.0;;;10.0;0.0;7.5;;;;2.0.defplus2
2026-08-23;Denmark_2ndDivision;Naestved;VSK Aarhus;32.25;BASSA;4;2026-08-21;Denmark_2ndDivision;Denmark_2ndDivision;;Ranking gap: 0.029 | Attacco casa: 1.33/gara | Difesa trasferta subisce: 0.33/gara | Over25 casa ultime10: 0.33 | Over25 trasferta ultime10: 0.67;0.58;13.33;;;3.33;5.0;10.0;;;;2.0.defplus2
2026-08-23;Mexico_LigaExpansionMX_Apertura;Jaiba Brava;Alebrijes Oaxaca;32.07;BASSA;5;2026-08-21;Mexico_LigaExpansionMX_Apertura;Mexico_LigaExpansionMX_Apertura;;Ranking gap: 0.041 | Attacco casa: 0.75/gara | Difesa trasferta subisce: 1.25/gara | Over25 casa ultime10: 0.50 | Over25 trasferta ultime10: 0.25;0.82;7.5;;;12.5;7.5;3.75;;;;2.0.defplus2
2026-08-23;USA_USLChampionship;Loudoun;New Mexico;31.93;BASSA;30;2026-08-21;USA_USLChampionship;USA_USLChampionship;;"Ranking gap: 0.169 | Attacco casa: 1.11/gara | Difesa trasferta subisce: 1.00/gara | Over25 casa ultime10: 0.40 | Over25 trasferta ultime10: 0.30 || V20DEF_STRONG_DEFENSE[Rule=AT_LEAST_ONE_STRONG;Threshold=1.60;Penalty=-3.00;HomeGALast5=0.40;AwayGALast5=0.80;BaseScore=34.93;FinalScore=31.93]";3.38;11.05;;;10.0;6.0;4.5;;;;2.0.defplus2
2026-08-23;Peru_Liga1_Clausura;Deportivo Garcilaso;Cusco;31.91;BASSA;5;2026-08-21;Peru_Liga1_Clausura;Peru_Liga1_Clausura;;Ranking gap: 0.033 | Attacco casa: 0.75/gara | Difesa trasferta subisce: 1.25/gara | Over25 casa ultime10: 0.00 | Over25 trasferta ultime10: 0.75;0.66;7.5;;;12.5;0.0;11.25;;;;2.0.defplus2
2026-08-23;Serbia_PrvaLiga;Vozdovac;Metalac;31.87;BASSA;5;2026-08-21;Serbia_PrvaLiga;Serbia_PrvaLiga;;Ranking gap: 0.031 | Attacco casa: 0.50/gara | Difesa trasferta subisce: 1.50/gara | Over25 casa ultime10: 0.25 | Over25 trasferta ultime10: 0.50;0.62;5.0;;;15.0;3.75;7.5;;;;2.0.defplus2
2026-08-23;Poland_Division1;Legnica;Arka;31.57;BASSA;5;2026-08-21;Poland_Division1;Poland_Division1;;Ranking gap: 0.016 | Attacco casa: 1.50/gara | Difesa trasferta subisce: 0.50/gara | Over25 casa ultime10: 0.25 | Over25 trasferta ultime10: 0.50;0.32;15.0;;;5.0;3.75;7.5;;;;2.0.defplus2
2026-08-23;CzechRepublic_4Liga_GroupE;Slavicin;Vsechovice;30.78;BASSA;3;2026-08-21;CzechRepublic_4Liga_GroupE;CzechRepublic_4Liga_GroupE;CzechRepublic_4Liga;Ranking gap: 0.039 | Attacco casa: 1.00/gara | Difesa trasferta subisce: 0.50/gara | Over25 casa ultime10: 0.50 | Over25 trasferta ultime10: 0.50;0.78;10.0;;;5.0;7.5;7.5;;;;2.0.defplus2
2026-08-23;Portugal_Liga3_SerieA;AD Marco 09;SC Vianense;30.64;BASSA;3;2026-08-21;Portugal_Liga3_SerieA;Portugal_Liga3_SerieA;Portugal_Liga3;Ranking gap: 0.032 | Attacco casa: 1.50/gara | Difesa trasferta subisce: 0.00/gara | Over25 casa ultime10: 1.00 | Over25 trasferta ultime10: 0.00;0.64;15.0;;;0.0;15.0;0.0;;;;2.0.defplus2
2026-08-23;Germany_Oberliga_Niedersachsen;Egestorf-Langreder;Wilhelmshaven;30.6;BASSA;3;2026-08-21;Germany_Oberliga_Niedersachsen;Germany_Oberliga_Niedersachsen;;Ranking gap: 0.030 | Attacco casa: 1.50/gara | Difesa trasferta subisce: 0.00/gara | Over25 casa ultime10: 1.00 | Over25 trasferta ultime10: 0.00;0.6;15.0;;;0.0;15.0;0.0;;;;2.0.defplus2
2026-08-23;Austria_Burgenland;Pama;Margarethen;30.56;BASSA;3;2026-08-21;Austria_Burgenland;Austria_Burgenland;;Ranking gap: 0.028 | Attacco casa: 1.00/gara | Difesa trasferta subisce: 0.50/gara | Over25 casa ultime10: 0.50 | Over25 trasferta ultime10: 0.50;0.56;10.0;;;5.0;7.5;7.5;;;;2.0.defplus2
2026-08-23;Romania_Liga2;Steaua Bucuresti;CSC Dumbravita;30.44;BASSA;4;2026-08-21;Romania_Liga2;Romania_Liga2;;Ranking gap: 0.022 | Attacco casa: 0.50/gara | Difesa trasferta subisce: 1.00/gara | Over25 casa ultime10: 1.00 | Over25 trasferta ultime10: 0.00;0.44;5.0;;;10.0;15.0;0.0;;;;2.0.defplus2
2026-08-23;Slovenia_2SNL;Krsko Posavje;Tabor Sezana;30.24;BASSA;3;2026-08-21;Slovenia_2SNL;Slovenia_2SNL;;Ranking gap: 0.012 | Attacco casa: 1.50/gara | Difesa trasferta subisce: 0.00/gara | Over25 casa ultime10: 0.50 | Over25 trasferta ultime10: 0.50;0.24;15.0;;;0.0;7.5;7.5;;;;2.0.defplus2
2026-08-23;Slovenia_PrvaLiga;Maribor;Bravo;30.2;BASSA;6;2026-08-21;Slovenia_PrvaLiga;Slovenia_PrvaLiga;;"Ranking gap: 0.010 | Attacco casa: 1.40/gara | Difesa trasferta subisce: 1.00/gara | Over25 casa ultime10: 0.20 | Over25 trasferta ultime10: 0.40 || V20DEF_STRONG_DEFENSE[Rule=AT_LEAST_ONE_STRONG;Threshold=1.60;Penalty=-3.00;HomeGALast5=0.40;AwayGALast5=1.00;BaseScore=33.20;FinalScore=30.20]";0.2;14.0;;;10.0;3.0;6.0;;;;2.0.defplus2
2026-08-23;SouthKorea_KLeague1;Gwangju;Incheon;30.12;BASSA;24;2026-08-21;SouthKorea_KLeague1;SouthKorea_KLeague1;;"Ranking gap: 0.227 | Attacco casa: 0.52/gara | Difesa trasferta subisce: 1.14/gara | Over25 casa ultime10: 0.40 | Over25 trasferta ultime10: 0.40 || V20DEF_STRONG_DEFENSE[Rule=AT_LEAST_ONE_STRONG;Threshold=1.60;Penalty=-3.00;HomeGALast5=1.40;AwayGALast5=1.20;BaseScore=33.12;FinalScore=30.12]";4.54;5.22;;;11.36;6.0;6.0;;;;2.0.defplus2
2026-08-23;Serbia_SuperLiga;Radnik;Novi Pazar;29.8;BASSA;6;2026-08-21;Serbia_SuperLiga;Serbia_SuperLiga;;"Ranking gap: 0.015 | Attacco casa: 1.00/gara | Difesa trasferta subisce: 1.20/gara | Over25 casa ultime10: 0.50 | Over25 trasferta ultime10: 0.20 || V20DEF_STRONG_DEFENSE[Rule=AT_LEAST_ONE_STRONG;Threshold=1.60;Penalty=-3.00;HomeGALast5=NA;AwayGALast5=1.20;BaseScore=32.80;FinalScore=29.80]";0.3;10.0;;;12.0;7.5;3.0;;;;2.0.defplus2
2026-08-23;Denmark_1stDivision;Koge;Kolding;29.09;BASSA;6;2026-08-21;Denmark_1stDivision;Denmark_1stDivision;;Ranking gap: 0.017 | Attacco casa: 0.25/gara | Difesa trasferta subisce: 1.50/gara | Over25 casa ultime10: 0.50 | Over25 trasferta ultime10: 0.25;0.34;2.5;;;15.0;7.5;3.75;;;;2.0.defplus2
2026-08-23;Portugal_LigaPortugal;FC Porto;Arouca;27.52;BASSA;3;2026-08-21;Portugal_LigaPortugal;Portugal_LigaPortugal;;Ranking gap: 0.001 | Attacco casa: 2.00/gara | Difesa trasferta subisce: 0.00/gara | Over25 casa ultime10: 0.00 | Over25 trasferta ultime10: 0.50;0.02;20.0;;;0.0;0.0;7.5;;;;2.0.defplus2
2026-08-23;Montenegro_PrvaCrnogorskaLiga;Otrant;Decic;27.09;BASSA;4;2026-08-21;Montenegro_PrvaCrnogorskaLiga;Montenegro_PrvaCrnogorskaLiga;;Ranking gap: 0.021 | Attacco casa: 1.67/gara | Difesa trasferta subisce: 0.00/gara | Over25 casa ultime10: 0.67 | Over25 trasferta ultime10: 0.00;0.42;16.67;;;0.0;10.0;0.0;;;;2.0.defplus2
2026-08-23;CzechRepublic_4Liga_GroupB;Meteor Prague;Sokolov;25.54;BASSA;3;2026-08-21;CzechRepublic_4Liga_GroupB;CzechRepublic_4Liga_GroupB;CzechRepublic_4Liga;Ranking gap: 0.027 | Attacco casa: 0.50/gara | Difesa trasferta subisce: 0.50/gara | Over25 casa ultime10: 0.50 | Over25 trasferta ultime10: 0.50;0.54;5.0;;;5.0;7.5;7.5;;;;2.0.defplus2
2026-08-23;Paraguay_DivisionIntermedia;Sp. Carapegua;Encarnacion FC;25.38;BASSA;3;2026-08-21;Paraguay_DivisionIntermedia;Paraguay_DivisionIntermedia;;Ranking gap: 0.019 | Attacco casa: 1.00/gara | Difesa trasferta subisce: 1.50/gara | Over25 casa ultime10: 0.00 | Over25 trasferta ultime10: 0.00;0.38;10.0;;;15.0;0.0;0.0;;;;2.0.defplus2
2026-08-23;Romania_Superliga;Sepsi Sf. Gheorghe;Farul Constanta;24.36;BASSA;6;2026-08-21;Romania_Superliga;Romania_Superliga;;"Ranking gap: 0.018 | Attacco casa: 0.40/gara | Difesa trasferta subisce: 1.40/gara | Over25 casa ultime10: 0.00 | Over25 trasferta ultime10: 0.60 || V20DEF_STRONG_DEFENSE[Rule=AT_LEAST_ONE_STRONG;Threshold=1.60;Penalty=-3.00;HomeGALast5=0.40;AwayGALast5=1.40;BaseScore=27.36;FinalScore=24.36]";0.36;4.0;;;14.0;0.0;9.0;;;;2.0.defplus2
2026-08-23;Germany_Oberliga_Hessen;Kassel 2;Fernwald;23.87;BASSA;5;2026-08-21;Germany_Oberliga_Hessen;Germany_Oberliga_Hessen;;Ranking gap: 0.006 | Attacco casa: 0.75/gara | Difesa trasferta subisce: 1.25/gara | Over25 casa ultime10: 0.00 | Over25 trasferta ultime10: 0.25;0.12;7.5;;;12.5;0.0;3.75;;;;2.0.defplus2
2026-08-23;Portugal_LigaPortugal2;Chaves;AFS;22.68;BASSA;3;2026-08-21;Portugal_LigaPortugal2;Portugal_LigaPortugal2;;Ranking gap: 0.009 | Attacco casa: 0.50/gara | Difesa trasferta subisce: 1.00/gara | Over25 casa ultime10: 0.50 | Over25 trasferta ultime10: 0.00;0.18;5.0;;;10.0;7.5;0.0;;;;2.0.defplus2
2026-08-23;Denmark_Superliga;Sonderjyske;Nordsjaelland;22.03;BASSA;5;2026-08-21;Denmark_Superliga;Denmark_Superliga;;Ranking gap: 0.060 | Attacco casa: 1.00/gara | Difesa trasferta subisce: 0.33/gara | Over25 casa ultime10: 0.50 | Over25 trasferta ultime10: 0.00;1.2;10.0;;;3.33;7.5;0.0;;;;2.0.defplus2
2026-08-23;Peru_Liga1_Clausura;Sport Boys;Cienciano;21.75;BASSA;5;2026-08-21;Peru_Liga1_Clausura;Peru_Liga1_Clausura;;Ranking gap: 0.025 | Attacco casa: 0.75/gara | Difesa trasferta subisce: 1.00/gara | Over25 casa ultime10: 0.00 | Over25 trasferta ultime10: 0.25;0.5;7.5;;;10.0;0.0;3.75;;;;2.0.defplus2
2026-08-23;Mexico_LigaMX_Apertura;Guadalajara;Tijuana;21.26;BASSA;5;2026-08-21;Mexico_LigaMX_Apertura;Mexico_LigaMX_Apertura;;Ranking gap: 0.063 | Attacco casa: 0.75/gara | Difesa trasferta subisce: 0.50/gara | Over25 casa ultime10: 0.00 | Over25 trasferta ultime10: 0.50;1.26;7.5;;;5.0;0.0;7.5;;;;2.0.defplus2
2026-08-23;Portugal_LigaPortugal2;Penafiel;Sporting B;18.02;BASSA;3;2026-08-21;Portugal_LigaPortugal2;Portugal_LigaPortugal2;;Ranking gap: 0.026 | Attacco casa: 1.00/gara | Difesa trasferta subisce: 0.00/gara | Over25 casa ultime10: 0.50 | Over25 trasferta ultime10: 0.00;0.52;10.0;;;0.0;7.5;0.0;;;;2.0.defplus2
2026-08-23;Peru_Liga2;Cesar Vallejo;Llacuabamba;17.62;BASSA;4;2026-08-21;Peru_Liga2;Peru_Liga2;;Ranking gap: 0.006 | Attacco casa: 1.00/gara | Difesa trasferta subisce: 0.00/gara | Over25 casa ultime10: 0.00 | Over25 trasferta ultime10: 0.50;0.12;10.0;;;0.0;0.0;7.5;;;;2.0.defplus2
2026-08-23;Bulgaria_VtoraLiga;Marek;Dobrudzha;15.02;BASSA;3;2026-08-21;Bulgaria_VtoraLiga;Bulgaria_VtoraLiga;;Ranking gap: 0.001 | Attacco casa: 0.00/gara | Difesa trasferta subisce: 1.50/gara | Over25 casa ultime10: 0.00 | Over25 trasferta ultime10: 0.00;0.02;0.0;;;15.0;0.0;0.0;;;;2.0.defplus2
2026-08-23;Turkey_1Lig;Boluspor;Mardin 1969;13.02;BASSA;3;2026-08-21;Turkey_1Lig;Turkey_1Lig;;Ranking gap: 0.026 | Attacco casa: 0.50/gara | Difesa trasferta subisce: 0.00/gara | Over25 casa ultime10: 0.50 | Over25 trasferta ultime10: 0.00;0.52;5.0;;;0.0;7.5;0.0;;;;2.0.defplus2
2026-08-23;Germany_Oberliga_Westfalen;TuS Hordel;Munster 2;12.94;BASSA;3;2026-08-21;Germany_Oberliga_Westfalen;Germany_Oberliga_Westfalen;;Ranking gap: 0.022 | Attacco casa: 0.50/gara | Difesa trasferta subisce: 0.00/gara | Over25 casa ultime10: 0.00 | Over25 trasferta ultime10: 0.50;0.44;5.0;;;0.0;0.0;7.5;;;;2.0.defplus2
2026-08-23;Montenegro_PrvaCrnogorskaLiga;Bokelj;Arsenal Tivat;7.33;BASSA;4;2026-08-21;Montenegro_PrvaCrnogorskaLiga;Montenegro_PrvaCrnogorskaLiga;;Ranking gap: 0.033 | Attacco casa: 0.67/gara | Difesa trasferta subisce: 0.00/gara | Over25 casa ultime10: 0.00 | Over25 trasferta ultime10: 0.00;0.66;6.67;;;0.0;0.0;0.0;;;;2.0.defplus2
2026-08-23;Germany_Oberliga_Westfalen;Ennepetal;Westfalia Kinderhaus;5.58;BASSA;3;2026-08-21;Germany_Oberliga_Westfalen;Germany_Oberliga_Westfalen;;Ranking gap: 0.029 | Attacco casa: 0.50/gara | Difesa trasferta subisce: 0.00/gara | Over25 casa ultime10: 0.00 | Over25 trasferta ultime10: 0.00;0.58;5.0;;;0.0;0.0;0.0;;;;2.0.defplus2
