PredictionDate;MatchDate;LeagueId;Round;Home;Away;Score;Band;MatchStatus;HG;AG;Goals;Over25;BTTS;Reason;RankingGapScore;HomeAttackScore;AwayAttackScore;HomeDefenseWeaknessScore;AwayDefenseWeaknessScore;HomeLast10OverScore;AwayLast10OverScore;HomeVenueOverScore;AwayVenueOverScore;BTTSProfileScore;AlgorithmVersion;2026-08-12;Australia_NPLACT;23;Brindabella;Tuggeranong Utd;0.0;BASSA;FINAL;0;6;OK;KO;"V201DEV_NOT_CANDIDATE || OriginalV20Score=61.67;OriginalV20Band=MEDIA-ALTA";9.34;6.67;;21.67;10.5;13.5;2.0.1.dev1;HomeSourceLeagueId;AwaySourceLeagueId;CompetitionGroup
;;;;;;;;;;;;;;;;;;;;;;;;;;2026-09-05;Finland_Kolmonen_North;19;Haukiputaan Pallo;Kemin Palloseura;0.0;BASSA;SCHEDULED;;;;;"V20SELECT_NOT_CANDIDATE || OriginalV20Score=37.00;OriginalV20Band=BASSA";0.0;25.0;;0.0;12.0;0.0;2.0.select1;;;
2026-09-06;2026-09-06;Poland_IIILiga_Group1;7;Widzew Lodz 2;Plock 2;74.61;ALTA;FINAL;0;2;2;KO;KO;"V20SELECT_CANDIDATE || V20PLUS_CANDIDATE[V20Score=74.61;V20Band=MEDIA-ALTA;V22Score=76.15;V22Band=ALTA;V25Score=76.15;V25Band=ALTA;MinV20Score=71.00]";13.78;25.0;;;18.33;7.5;10.0;;;;2.0.select1;;;;;;;;;;;;;;;;;;;;;Poland_IIILiga_Group1;Poland_IIILiga_Group1;
2026-09-06;2026-09-06;Switzerland_SuperLeague;7;Sion;Thun;74.42;ALTA;FINAL;3;2;5;OK;OK;"V20SELECT_CANDIDATE || V20PLUS_CANDIDATE[V20Score=74.42;V20Band=MEDIA-ALTA;V22Score=91.82;V22Band=ALTA;V25Score=91.82;V25Band=ALTA;MinV20Score=71.00]";0.42;22.0;;;25.0;15.0;12.0;;;;2.0.select1;;;;;;;;;;;;;;;;;;;;;Switzerland_SuperLeague;Switzerland_SuperLeague;
2026-09-06;2026-09-06;Poland_Ekstraklasa;8;Lech;Rakow;74.16;ALTA;FINAL;1;0;1;KO;KO;"V20SELECT_CANDIDATE || V20PLUS_CANDIDATE[V20Score=74.16;V20Band=MEDIA-ALTA;V22Score=85.68;V22Band=ALTA;V25Score=85.68;V25Band=ALTA;MinV20Score=71.00]";2.16;20.0;;;25.0;12.0;15.0;;;;2.0.select1;;;;;;;;;;;;;;;;;;;;;Poland_Ekstraklasa;Poland_Ekstraklasa;
2026-09-06;2026-09-06;CzechRepublic_3MSFL;7;Brno B;Polanka nad Odrou;73.95;ALTA;FINAL;3;1;4;OK;OK;"V20SELECT_CANDIDATE || V20PLUS_CANDIDATE[V20Score=73.95;V20Band=MEDIA-ALTA;V22Score=75.80;V22Band=ALTA;V25Score=75.80;V25Band=ALTA;MinV20Score=71.00]";17.28;25.0;;;11.67;15.0;5.0;;;;2.0.select1;;;;;;;;;;;;;;;;;;;;;CzechRepublic_3MSFL;CzechRepublic_3MSFL;
2026-09-06;2026-09-06;Germany_2Bundesliga;4;Furth;Heidenheim;73.61;IMM-ALTA-6;FINAL;0;1;1;KO;KO;"V20SELECT_CANDIDATE || V20PLUS_CANDIDATE[V20Score=73.61;V20Band=MEDIA-ALTA;V22Score=97.06;V22Band=ALTA;V25Score=97.06;V25Band=ALTA;MinV20Score=71.00]";0.28;23.33;;;25.0;10.0;15.0;;;;2.0.select1;;;;;;;;;;;;;;;;;;;;;Germany_2Bundesliga;Germany_2Bundesliga;
2026-09-06;2026-09-06;Germany_Oberliga_Westfalen;5;Eintracht Rheine;ASC 09 Dortmund;72.41;IMM-ALTA-8;FINAL;0;2;2;KO;KO;"V20SELECT_CANDIDATE || V20PLUS_CANDIDATE[V20Score=72.41;V20Band=MEDIA-ALTA;V22Score=95.18;V22Band=ALTA;V25Score=95.18;V25Band=ALTA;MinV20Score=71.00]";1.16;20.0;;;25.0;11.25;15.0;;;;2.0.select1;;;;;;;;;;;;;;;;;;;;;Germany_Oberliga_Westfalen;Germany_Oberliga_Westfalen;
2026-09-06;2026-09-06;Austria_Salzburg;6;TSU Bramberg;UFC Siezenheim;72.06;ALTA;FINAL;2;2;4;OK;OK;"V20SELECT_CANDIDATE || V20PLUS_CANDIDATE[V20Score=72.06;V20Band=MEDIA-ALTA;V22Score=85.36;V22Band=ALTA;V25Score=85.36;V25Band=ALTA;MinV20Score=71.00]";1.06;25.0;;;22.0;15.0;9.0;;;;2.0.select1;;;;;;;;;;;;;;;;;;;;;Austria_Salzburg;Austria_Salzburg;
2026-09-06;2026-09-06;Norway_3rdDivision_Group4;21;Odd 2;Haugesund 2;71.05;ALTA;FINAL;7;0;7;OK;KO;"V20SELECT_CANDIDATE || V20PLUS_CANDIDATE[V20Score=71.05;V20Band=MEDIA-ALTA;V22Score=91.72;V22Band=ALTA;V25Score=91.72;V25Band=ALTA;MinV20Score=71.00]";2.26;15.29;;;25.0;13.5;15.0;;;;2.0.select1;;;;;;;;;;;;;;;;;;;;;Norway_3rdDivision_Group4;Norway_3rdDivision_Group4;
2026-09-06;2026-09-06;Germany_Oberliga_Niederrhein;4;FC Monheim;Holzheim;71.02;IMM-ALTA-6;FINAL;5;0;5;OK;KO;"V20SELECT_CANDIDATE || V20PLUS_CANDIDATE[V20Score=71.02;V20Band=MEDIA-ALTA;V22Score=81.40;V22Band=ALTA;V25Score=81.40;V25Band=ALTA;MinV20Score=71.00]";1.02;20.0;;;25.0;10.0;15.0;;;;2.0.select1;;;;;;;;;;;;;;;;;;;;;Germany_Oberliga_Niederrhein;Germany_Oberliga_Niederrhein;
2026-09-06;2026-09-06;Armenia_PremierLeague;8;BKMA;Urartu;0.0;BASSA;FINAL;2;1;3;OK;OK;"V20SELECT_NOT_CANDIDATE || OriginalV20Score=36.54;OriginalV20Band=BASSA";0.54;8.0;;;10.0;9.0;9.0;;;;2.0.select1;;;;;;;;;;;;;;;;;;;;;Armenia_PremierLeague;Armenia_PremierLeague;
2026-09-06;2026-09-06;Armenia_PremierLeague;8;Shirak;Sardarapat;0.0;BASSA;FINAL;2;0;2;KO;KO;"V20SELECT_NOT_CANDIDATE || OriginalV20Score=44.01;OriginalV20Band=BASSA";0.76;16.0;;;10.0;6.0;11.25;;;;2.0.select1;;;;;;;;;;;;;;;;;;;;;Armenia_PremierLeague;Armenia_PremierLeague;
2026-09-06;2026-09-06;Austria_Regionalliga_West;6;Altach U21;Rothis;0.0;BASSA;FINAL;3;3;6;OK;OK;"V20SELECT_NOT_CANDIDATE || OriginalV20Score=58.52;OriginalV20Band=MEDIA";0.52;16.0;;;18.0;12.0;12.0;;;;2.0.select1;;;;;;;;;;;;;;;;;;;;;Austria_Regionalliga_West;Austria_Regionalliga_West;
2026-09-06;2026-09-06;Austria_Regionalliga_West;6;Wolfurt;SK St. Johann;0.0;BASSA;FINAL;0;1;1;KO;KO;"V20SELECT_NOT_CANDIDATE || OriginalV20Score=54.80;OriginalV20Band=MEDIA";0.8;14.0;;;16.0;15.0;9.0;;;;2.0.select1;;;;;;;;;;;;;;;;;;;;;Austria_Regionalliga_West;Austria_Regionalliga_West;
2026-09-06;2026-09-06;Austria_Burgenland;5;Pama;Edelserpentin;0.0;BASSA;FINAL;4;0;4;OK;KO;"V20SELECT_NOT_CANDIDATE || OriginalV20Score=47.96;OriginalV20Band=MEDIA";0.46;15.0;;;17.5;7.5;7.5;;;;2.0.select1;;;;;;;;;;;;;;;;;;;;;Austria_Burgenland;Austria_Burgenland;
2026-09-06;2026-09-06;Austria_Burgenland;5;Lackenbach;Bad Sauerbrunn;0.0;BASSA;FINAL;2;3;5;OK;OK;"V20SELECT_NOT_CANDIDATE || OriginalV20Score=35.19;OriginalV20Band=BASSA";1.44;2.5;;;12.5;3.75;15.0;;;;2.0.select1;;;;;;;;;;;;;;;;;;;;;Austria_Burgenland;Austria_Burgenland;
2026-09-06;2026-09-06;Austria_Burgenland;5;SV Eberau;Halbturn;0.0;BASSA;FINAL;1;2;3;OK;OK;"V20SELECT_NOT_CANDIDATE || OriginalV20Score=44.21;OriginalV20Band=BASSA";0.46;7.5;;;17.5;3.75;15.0;;;;2.0.select1;;;;;;;;;;;;;;;;;;;;;Austria_Burgenland;Austria_Burgenland;
2026-09-06;2026-09-06;Austria_Karnten;8;Kottmannsdorf;KAC 1909;0.0;BASSA;FINAL;1;3;4;OK;OK;"V20SELECT_NOT_CANDIDATE || OriginalV20Score=57.60;OriginalV20Band=MEDIA";18.6;12.0;;;6.0;12.0;9.0;;;;2.0.select1;;;;;;;;;;;;;;;;;;;;;Austria_Karnten;Austria_Karnten;
2026-09-06;2026-09-06;Austria_Niederosterreich;5;Wieselburg;Amstetten (Am);0.0;BASSA;FINAL;3;1;4;OK;OK;"V20SELECT_NOT_CANDIDATE || OriginalV20Score=62.15;OriginalV20Band=MEDIA-ALTA";0.9;17.5;;;25.0;7.5;11.25;;;;2.0.select1;;;;;;;;;;;;;;;;;;;;;Austria_Niederosterreich;Austria_Niederosterreich;
2026-09-06;2026-09-06;Azerbaijan_PremierLeague;4;Turan;Sumqayit;0.0;BASSA;FINAL;2;1;3;OK;OK;"V20SELECT_NOT_CANDIDATE || OriginalV20Score=31.63;OriginalV20Band=BASSA";0.8;3.33;;;20.0;0.0;7.5;;;;2.0.select1;;;;;;;;;;;;;;;;;;;;;Azerbaijan_PremierLeague;Azerbaijan_PremierLeague;
2026-09-06;2026-09-06;Azerbaijan_PremierLeague;4;Qarabag;Araz;0.0;BASSA;FINAL;3;2;5;OK;OK;"V20SELECT_NOT_CANDIDATE || OriginalV20Score=53.92;OriginalV20Band=MEDIA";1.42;20.0;;;20.0;7.5;5.0;;;;2.0.select1;;;;;;;;;;;;;;;;;;;;;Azerbaijan_PremierLeague;Azerbaijan_PremierLeague;
2026-09-06;2026-09-06;Belgium_JupilerProLeague;8;Cercle Brugge;Gent;0.0;BASSA;FINAL;0;3;3;OK;KO;"V20SELECT_NOT_CANDIDATE || OriginalV20Score=33.86;OriginalV20Band=BASSA";1.36;12.5;;;5.0;7.5;7.5;;;;2.0.select1;;;;;;;;;;;;;;;;;;;;;Belgium_JupilerProLeague;Belgium_JupilerProLeague;
2026-09-06;2026-09-06;Belgium_JupilerProLeague;8;Kortrijk;Waregem;0.0;BASSA;FINAL;0;2;2;KO;KO;"V20SELECT_NOT_CANDIDATE || OriginalV20Score=33.82;OriginalV20Band=BASSA";1.32;2.5;;;7.5;11.25;11.25;;;;2.0.select1;;;;;;;;;;;;;;;;;;;;;Belgium_JupilerProLeague;Belgium_JupilerProLeague;
2026-09-06;2026-09-06;Belgium_JupilerProLeague;8;Anderlecht;Genk;0.0;BASSA;FINAL;0;0;0;KO;KO;"V20SELECT_NOT_CANDIDATE || OriginalV20Score=50.24;OriginalV20Band=MEDIA";0.24;7.5;;;20.0;7.5;15.0;;;;2.0.select1;;;;;;;;;;;;;;;;;;;;;Belgium_JupilerProLeague;Belgium_JupilerProLeague;
2026-09-06;2026-09-06;Belgium_JupilerProLeague;8;Beveren;Leuven;0.0;BASSA;FINAL;3;0;3;OK;KO;"V20SELECT_NOT_CANDIDATE || OriginalV20Score=50.50;OriginalV20Band=MEDIA";0.5;5.0;;;22.5;11.25;11.25;;;;2.0.select1;;;;;;;;;;;;;;;;;;;;;Belgium_JupilerProLeague;Belgium_JupilerProLeague;
2026-09-06;2026-09-06;Belgium_ChallengerProLeague;4;K. Lierse S.K.;RFC Liege;0.0;BASSA;FINAL;0;0;0;KO;KO;"V20SELECT_NOT_CANDIDATE || OriginalV20Score=47.70;OriginalV20Band=MEDIA";0.2;5.0;;;20.0;7.5;15.0;;;;2.0.select1;;;;;;;;;;;;;;;;;;;;;Belgium_ChallengerProLeague;Belgium_ChallengerProLeague;
2026-09-06;2026-09-06;Belgium_ChallengerProLeague;4;Francs Borains;Sporting Lokeren;0.0;BASSA;FINAL;3;0;3;OK;KO;"V20SELECT_NOT_CANDIDATE || OriginalV20Score=15.28;OriginalV20Band=BASSA";0.28;10.0;;;0.0;5.0;0.0;;;;2.0.select1;;;;;;;;;;;;;;;;;;;;;Belgium_ChallengerProLeague;Belgium_ChallengerProLeague;
2026-09-06;2026-09-06;Belarus_VysshayaLiga;24;Naftan;FC Minsk;0.0;BASSA;FINAL;0;3;3;OK;KO;"V20SELECT_NOT_CANDIDATE || OriginalV20Score=47.75;OriginalV20Band=MEDIA";4.92;8.5;;;13.33;10.5;10.5;;;;2.0.select1;;;;;;;;;;;;;;;;;;;;;Belarus_VysshayaLiga;Belarus_VysshayaLiga;
2026-09-06;2026-09-06;Belarus_VysshayaLiga;24;Belshina;Neman;0.0;BASSA;FINAL;2;2;4;OK;OK;"V20SELECT_NOT_CANDIDATE || OriginalV20Score=32.33;OriginalV20Band=BASSA";3.94;8.95;;;8.95;4.5;6.0;;;;2.0.select1;;;;;;;;;;;;;;;;;;;;;Belarus_VysshayaLiga;Belarus_VysshayaLiga;
2026-09-06;2026-09-06;Belarus_VysshayaLiga;24;Baranovici;Dnepr Mogilev;0.0;BASSA;FINAL;2;1;3;OK;OK;"V20SELECT_NOT_CANDIDATE || OriginalV20Score=37.73;OriginalV20Band=BASSA";1.68;11.05;;;14.5;6.0;4.5;;;;2.0.select1;;;;;;;;;;;;;;;;;;;;;Belarus_VysshayaLiga;Belarus_VysshayaLiga;
2026-09-06;2026-09-06;Belarus_VysshayaLiga;24;ML Vitebsk;Din. Minsk;0.0;BASSA;FINAL;0;0;0;KO;KO;"V20SELECT_NOT_CANDIDATE || OriginalV20Score=46.65;OriginalV20Band=MEDIA";0.32;20.0;;;8.33;9.0;9.0;;;;2.0.select1;;;;;;;;;;;;;;;;;;;;;Belarus_VysshayaLiga;Belarus_VysshayaLiga;
2026-09-06;2026-09-06;Belarus_PershayaLiga;25;Gomel 2;FC Slonim;0.0;BASSA;FINAL;2;5;7;OK;OK;"V20SELECT_NOT_CANDIDATE || OriginalV20Score=54.92;OriginalV20Band=MEDIA";4.56;13.64;;;12.73;12.0;12.0;;;;2.0.select1;;;;;;;;;;;;;;;;;;;;;Belarus_PershayaLiga;Belarus_PershayaLiga;
2026-09-06;2026-09-06;Belarus_PershayaLiga;25;Orsha;Ostrovets;0.0;BASSA;FINAL;2;3;5;OK;OK;"V20SELECT_NOT_CANDIDATE || OriginalV20Score=42.45;OriginalV20Band=BASSA";0.5;11.36;;;14.09;12.0;4.5;;;;2.0.select1;;;;;;;;;;;;;;;;;;;;;Belarus_PershayaLiga;Belarus_PershayaLiga;
2026-09-06;2026-09-06;Belarus_PershayaLiga;25;Smorgon;Slutsk;0.0;BASSA;FINAL;1;1;2;KO;OK;"V20SELECT_NOT_CANDIDATE || OriginalV20Score=41.83;OriginalV20Band=BASSA";6.06;11.82;;;10.45;4.5;9.0;;;;2.0.select1;;;;;;;;;;;;;;;;;;;;;Belarus_PershayaLiga;Belarus_PershayaLiga;
2026-09-06;2026-09-06;Bolivia_DivisionProfesional;22;Oriente Petrolero;Always Ready;0.0;BASSA;FINAL;1;2;3;OK;OK;"V20SELECT_NOT_CANDIDATE || OriginalV20Score=48.46;OriginalV20Band=MEDIA";1.58;18.82;;;7.06;12.0;9.0;;;;2.0.select1;;;;;;;;;;;;;;;;;;;;;Bolivia_DivisionProfesional;Bolivia_DivisionProfesional;
2026-09-06;2026-09-06;Bolivia_DivisionProfesional;22;Independiente;Bolivar;0.0;BASSA;FINAL;0;4;4;OK;KO;"V20SELECT_NOT_CANDIDATE || OriginalV20Score=52.30;OriginalV20Band=MEDIA";2.42;14.71;;;11.18;12.0;12.0;;;;2.0.select1;;;;;;;;;;;;;;;;;;;;;Bolivia_DivisionProfesional;Bolivia_DivisionProfesional;
2026-09-06;2026-09-06;Bulgaria_ParvaLiga;8;Lok. Plovdiv;Cherno More;0.0;BASSA;FINAL;1;0;1;KO;KO;"V20SELECT_NOT_CANDIDATE || OriginalV20Score=42.86;OriginalV20Band=BASSA";0.72;4.29;;;22.86;4.29;10.71;;;;2.0.select1;;;;;;;;;;;;;;;;;;;;;Bulgaria_ParvaLiga;Bulgaria_ParvaLiga;
2026-09-06;2026-09-06;Bulgaria_ParvaLiga;8;Lok. Sofia;Ludogorets;0.0;BASSA;FINAL;1;2;3;OK;OK;"V20SELECT_NOT_CANDIDATE || OriginalV20Score=35.64;OriginalV20Band=BASSA";2.54;11.67;;;7.14;10.0;4.29;;;;2.0.select1;;;;;;;;;;;;;;;;;;;;;Bulgaria_ParvaLiga;Bulgaria_ParvaLiga;
2026-09-06;2026-09-06;Bulgaria_VtoraLiga;7;Nesebar;Rilski Sportist;0.0;BASSA;FINAL;2;1;3;OK;OK;"V20SELECT_NOT_CANDIDATE || OriginalV20Score=44.22;OriginalV20Band=BASSA";0.22;22.0;;;10.0;3.0;9.0;;;;2.0.select1;;;;;;;;;;;;;;;;;;;;;Bulgaria_VtoraLiga;Bulgaria_VtoraLiga;
2026-09-06;2026-09-06;Bulgaria_VtoraLiga;7;Dobrudzha;Beroe;0.0;BASSA;FINAL;2;2;4;OK;OK;"V20SELECT_NOT_CANDIDATE || OriginalV20Score=22.08;OriginalV20Band=BASSA";1.08;4.0;;;8.0;3.0;6.0;;;;2.0.select1;;;;;;;;;;;;;;;;;;;;;Bulgaria_VtoraLiga;Bulgaria_VtoraLiga;
2026-09-06;2026-09-06;Bulgaria_VtoraLiga;7;Etar;CSKA Sofia 2;0.0;BASSA;FINAL;1;0;1;KO;KO;"V20SELECT_NOT_CANDIDATE || OriginalV20Score=39.94;OriginalV20Band=BASSA";0.94;12.0;;;12.0;9.0;6.0;;;;2.0.select1;;;;;;;;;;;;;;;;;;;;;Bulgaria_VtoraLiga;Bulgaria_VtoraLiga;
2026-09-06;2026-09-06;Bulgaria_VtoraLiga;7;Yantra Gabrovo;Marek;0.0;BASSA;FINAL;3;0;3;OK;KO;"V20SELECT_NOT_CANDIDATE || OriginalV20Score=31.22;OriginalV20Band=BASSA";1.22;16.0;;;8.0;3.0;3.0;;;;2.0.select1;;;;;;;;;;;;;;;;;;;;;Bulgaria_VtoraLiga;Bulgaria_VtoraLiga;
2026-09-06;2026-09-06;Denmark_Superliga;8;Sonderjyske;Horsens;0.0;BASSA;FINAL;2;5;7;OK;OK;"V20SELECT_NOT_CANDIDATE || OriginalV20Score=46.32;OriginalV20Band=MEDIA";1.32;8.33;;;16.67;10.0;10.0;;;;2.0.select1;;;;;;;;;;;;;;;;;;;;;Denmark_Superliga;Denmark_Superliga;
2026-09-06;2026-09-06;Denmark_Superliga;8;Odense;FC Copenhagen;0.0;BASSA;FINAL;0;5;5;OK;KO;"V20SELECT_NOT_CANDIDATE || OriginalV20Score=40.95;OriginalV20Band=BASSA";1.78;8.33;;;13.33;5.0;12.5;;;;2.0.select1;;;;;;;;;;;;;;;;;;;;;Denmark_Superliga;Denmark_Superliga;
2026-09-06;2026-09-06;Denmark_Superliga;8;Brondby;Randers;0.0;BASSA;FINAL;0;3;3;OK;KO;"V20SELECT_NOT_CANDIDATE || OriginalV20Score=44.93;OriginalV20Band=BASSA";0.76;18.33;;;13.33;7.5;5.0;;;;2.0.select1;;;;;;;;;;;;;;;;;;;;;Denmark_Superliga;Denmark_Superliga;
2026-09-06;2026-09-06;Denmark_1stDivision;8;Aarhus Fremad;Kolding;0.0;BASSA;FINAL;2;1;3;OK;OK;"V20SELECT_NOT_CANDIDATE || OriginalV20Score=42.47;OriginalV20Band=BASSA";0.8;11.67;;;15.0;7.5;7.5;;;;2.0.select1;;;;;;;;;;;;;;;;;;;;;Denmark_1stDivision;Denmark_1stDivision;
2026-09-06;2026-09-06;Denmark_2ndDivision;6;Thisted;Nykobing;0.0;BASSA;FINAL;0;3;3;OK;KO;"V20SELECT_NOT_CANDIDATE || OriginalV20Score=49.94;OriginalV20Band=MEDIA";1.94;8.0;;;16.0;9.0;15.0;;;;2.0.select1;;;;;;;;;;;;;;;;;;;;;Denmark_2ndDivision;Denmark_2ndDivision;
2026-09-06;2026-09-06;Estonia_Meistriliiga;29;Paide;Levadia;0.0;BASSA;FINAL;0;2;2;KO;KO;"V20SELECT_NOT_CANDIDATE || OriginalV20Score=45.90;OriginalV20Band=MEDIA";3.22;16.96;;;7.73;7.5;10.5;;;;2.0.select1;;;;;;;;;;;;;;;;;;;;;Estonia_Meistriliiga;Estonia_Meistriliiga;
2026-09-06;2026-09-06;Estonia_Meistriliiga;29;Harju JK Laagri;Tammeka;0.0;BASSA;FINAL;0;2;2;KO;KO;"V20SELECT_NOT_CANDIDATE || OriginalV20Score=50.29;OriginalV20Band=MEDIA";2.04;14.4;;;14.35;10.5;9.0;;;;2.0.select1;;;;;;;;;;;;;;;;;;;;;Estonia_Meistriliiga;Estonia_Meistriliiga;
2026-09-06;2026-09-06;Estonia_Esiliiga;31;Maardu;Nomme Utd U21;0.0;BASSA;FINAL;2;1;3;OK;OK;"V20SELECT_NOT_CANDIDATE || OriginalV20Score=64.14;OriginalV20Band=MEDIA-ALTA";3.8;16.54;;;22.8;12.0;9.0;;;;2.0.select1;;;;;;;;;;;;;;;;;;;;;Estonia_Esiliiga;Estonia_Esiliiga;
2026-09-06;2026-09-06;Estonia_Esiliiga;31;Elva;Nomme Kalju U21;0.0;BASSA;FINAL;1;0;1;KO;KO;"V20SELECT_NOT_CANDIDATE || OriginalV20Score=66.66;OriginalV20Band=MEDIA-ALTA";5.36;16.8;;;25.0;9.0;10.5;;;;2.0.select1;;;;;;;;;;;;;;;;;;;;;Estonia_Esiliiga;Estonia_Esiliiga;
2026-09-06;2026-09-06;Estonia_EsiliigaB;27;Levadia U19;Johvi Phoenix;0.0;BASSA;FINAL;6;2;8;OK;OK;"V20SELECT_NOT_CANDIDATE || OriginalV20Score=66.20;OriginalV20Band=MEDIA-ALTA";1.1;24.0;;;21.6;10.5;9.0;;;;2.0.select1;;;;;;;;;;;;;;;;;;;;;Estonia_EsiliigaB;Estonia_EsiliigaB;
2026-09-06;2026-09-06;Estonia_EsiliigaB;27;Parnu JK Vaprus U21;Tallinna Kalev U21;0.0;BASSA;FINAL;7;0;7;OK;KO;"V20SELECT_NOT_CANDIDATE || OriginalV20Score=77.82;OriginalV20Band=ALTA";4.12;25.0;;;23.2;13.5;12.0;;;;2.0.select1;;;;;;;;;;;;;;;;;;;;;Estonia_EsiliigaB;Estonia_EsiliigaB;
2026-09-06;2026-09-06;Estonia_EsiliigaB;27;Tartu Kalev;Narva U21;0.0;BASSA;FINAL;0;1;1;KO;KO;"V20SELECT_NOT_CANDIDATE || OriginalV20Score=65.28;OriginalV20Band=MEDIA-ALTA";2.68;25.0;;;13.6;12.0;12.0;;;;2.0.select1;;;;;;;;;;;;;;;;;;;;;Estonia_EsiliigaB;Estonia_EsiliigaB;
2026-09-06;2026-09-06;Finland_Ykkosliiga;25;SJK Akatemia;JaPS;0.0;BASSA;FINAL;2;3;5;OK;OK;"V20SELECT_NOT_CANDIDATE || OriginalV20Score=39.95;OriginalV20Band=BASSA";10.34;5.5;;;12.11;6.0;6.0;;;;2.0.select1;;;;;;;;;;;;;;;;;;;;;Finland_Ykkosliiga;Finland_Ykkosliiga;
2026-09-06;2026-09-06;Finland_Ykkosliiga;25;Haka;Mikkeli;0.0;BASSA;FINAL;0;2;2;KO;KO;"V20SELECT_NOT_CANDIDATE || OriginalV20Score=68.64;OriginalV20Band=MEDIA-ALTA";10.64;20.0;;;15.5;12.0;10.5;;;;2.0.select1;;;;;;;;;;;;;;;;;;;;;Finland_Ykkosliiga;Finland_Ykkosliiga;
2026-09-06;2026-09-06;Finland_Kakkonen_GroupC;21;Huima / Urho;Narpes Kraft;0.0;BASSA;SCHEDULED;;;;;;"V20SELECT_NOT_CANDIDATE || OriginalV20Score=81.03;OriginalV20Band=ALTA";6.32;25.0;;;24.21;10.5;15.0;;;;2.0.select1;;;;;;;;;;;;;;;;;;;;;Finland_Kakkonen_GroupC;Finland_Kakkonen_GroupC;
2026-09-06;2026-09-06;Finland_Kakkonen_GroupC;21;GBK Kokkola;JBK;0.0;BASSA;SCHEDULED;;;;;;"V20SELECT_NOT_CANDIDATE || OriginalV20Score=58.27;OriginalV20Band=MEDIA";0.88;24.74;;;13.16;10.5;9.0;;;;2.0.select1;;;;;;;;;;;;;;;;;;;;;Finland_Kakkonen_GroupC;Finland_Kakkonen_GroupC;
2026-09-06;2026-09-06;Finland_Kakkonen_GroupC;21;Jaro 2;VPS 2;0.0;BASSA;SCHEDULED;;;;;;"V20SELECT_NOT_CANDIDATE || OriginalV20Score=68.15;OriginalV20Band=MEDIA-ALTA";2.26;17.89;;;22.5;12.0;13.5;;;;2.0.select1;;;;;;;;;;;;;;;;;;;;;Finland_Kakkonen_GroupC;Finland_Kakkonen_GroupC;
2026-09-06;2026-09-06;France_Ligue1;4;Angers;Rennes;0.0;BASSA;FINAL;1;2;3;OK;OK;"V20SELECT_NOT_CANDIDATE || OriginalV20Score=57.68;OriginalV20Band=MEDIA";0.18;15.0;;;20.0;7.5;15.0;;;;2.0.select1;;;;;;;;;;;;;;;;;;;;;France_Ligue1;France_Ligue1;
2026-09-06;2026-09-06;Wales_CymruNorth;6;Gresford;Mold Alexandra;0.0;BASSA;FINAL;1;5;6;OK;OK;"V20SELECT_NOT_CANDIDATE || OriginalV20Score=23.90;OriginalV20Band=BASSA";1.9;0.0;;;8.0;5.0;9.0;;;;2.0.select1;;;;;;;;;;;;;;;;;;;;;Wales_CymruNorth;Wales_CymruNorth;Wales_CymruTier2
2026-09-06;2026-09-06;Georgia_ErovnuliLiga;5;Torpedo Kutaisi;Din. Tbilisi;0.0;BASSA;FINAL;1;1;2;KO;OK;"V20SELECT_NOT_CANDIDATE || OriginalV20Score=50.50;OriginalV20Band=MEDIA";0.5;13.33;;;16.67;5.0;15.0;;;;2.0.select1;;;;;;;;;;;;;;;;;;;;;Georgia_ErovnuliLiga;Georgia_ErovnuliLiga;
2026-09-06;2026-09-06;Germany_2Bundesliga;4;Hertha;Magdeburg;0.0;BASSA;FINAL;2;1;3;OK;OK;"V20SELECT_NOT_CANDIDATE || OriginalV20Score=65.34;OriginalV20Band=MEDIA-ALTA";0.34;25.0;;;20.0;10.0;10.0;;;;2.0.select1;;;;;;;;;;;;;;;;;;;;;Germany_2Bundesliga;Germany_2Bundesliga;
2026-09-06;2026-09-06;Germany_2Bundesliga;4;Osnabruck;Braunschweig;0.0;BASSA;FINAL;3;1;4;OK;OK;"V20SELECT_NOT_CANDIDATE || OriginalV20Score=56.87;OriginalV20Band=MEDIA";0.2;13.33;;;23.33;10.0;10.0;;;;2.0.select1;;;;;;;;;;;;;;;;;;;;;Germany_2Bundesliga;Germany_2Bundesliga;
2026-09-06;2026-09-06;Germany_3Liga;4;Wurzburger Kickers;Stoccarda 2;0.0;BASSA;FINAL;1;2;3;OK;OK;"V20SELECT_NOT_CANDIDATE || OriginalV20Score=65.34;OriginalV20Band=MEDIA-ALTA";0.34;20.0;;;20.0;15.0;10.0;;;;2.0.select1;;;;;;;;;;;;;;;;;;;;;Germany_3Liga;Germany_3Liga;
2026-09-06;2026-09-06;Germany_3Liga;4;Grossaspach;Hoffenheim 2;0.0;BASSA;FINAL;1;0;1;KO;KO;"V20SELECT_NOT_CANDIDATE || OriginalV20Score=27.37;OriginalV20Band=BASSA";0.7;3.33;;;13.33;0.0;10.0;;;;2.0.select1;;;;;;;;;;;;;;;;;;;;;Germany_3Liga;Germany_3Liga;
2026-09-06;2026-09-06;Germany_3Liga;4;Fortuna Colonia;Dusseldorf;0.0;BASSA;FINAL;0;0;0;KO;KO;"V20SELECT_NOT_CANDIDATE || OriginalV20Score=33.59;OriginalV20Band=BASSA";0.26;10.0;;;13.33;5.0;5.0;;;;2.0.select1;;;;;;;;;;;;;;;;;;;;;Germany_3Liga;Germany_3Liga;
2026-09-06;2026-09-06;Germany_Regionalliga_Nord;8;Brema 2;Phonix Lubeck;0.0;BASSA;FINAL;0;2;2;KO;KO;"V20SELECT_NOT_CANDIDATE || OriginalV20Score=39.55;OriginalV20Band=BASSA";1.22;11.67;;;6.67;10.0;10.0;;;;2.0.select1;;;;;;;;;;;;;;;;;;;;;Germany_Regionalliga_Nord;Germany_Regionalliga_Nord;
2026-09-06;2026-09-06;Germany_Regionalliga_Nord;8;Delmenhorst;Todesfelde;0.0;BASSA;FINAL;5;2;7;OK;OK;"V20SELECT_NOT_CANDIDATE || OriginalV20Score=55.99;OriginalV20Band=MEDIA";0.16;13.33;;;25.0;7.5;10.0;;;;2.0.select1;;;;;;;;;;;;;;;;;;;;;Germany_Regionalliga_Nord;Germany_Regionalliga_Nord;
2026-09-06;2026-09-06;Germany_Regionalliga_Nord;8;Norderstedt;VfB Lubeck;0.0;BASSA;FINAL;1;1;2;KO;OK;"V20SELECT_NOT_CANDIDATE || OriginalV20Score=63.80;OriginalV20Band=MEDIA-ALTA";1.3;21.67;;;23.33;10.0;7.5;;;;2.0.select1;;;;;;;;;;;;;;;;;;;;;Germany_Regionalliga_Nord;Germany_Regionalliga_Nord;
2026-09-06;2026-09-06;Germany_Regionalliga_Nord;8;Schoningen;VfB Oldenburg;0.0;BASSA;FINAL;1;0;1;KO;KO;"V20SELECT_NOT_CANDIDATE || OriginalV20Score=51.99;OriginalV20Band=MEDIA";0.32;20.0;;;11.67;7.5;12.5;;;;2.0.select1;;;;;;;;;;;;;;;;;;;;;Germany_Regionalliga_Nord;Germany_Regionalliga_Nord;
2026-09-06;2026-09-06;Germany_Regionalliga_Nord;8;Bremer;Emden;0.0;BASSA;FINAL;2;3;5;OK;OK;"V20SELECT_NOT_CANDIDATE || OriginalV20Score=51.91;OriginalV20Band=MEDIA";0.24;6.67;;;25.0;7.5;12.5;;;;2.0.select1;;;;;;;;;;;;;;;;;;;;;Germany_Regionalliga_Nord;Germany_Regionalliga_Nord;
2026-09-06;2026-09-06;Germany_Regionalliga_Nord;8;Hannoverscher SC;SC Weiche-08;0.0;BASSA;FINAL;1;6;7;OK;OK;"V20SELECT_NOT_CANDIDATE || OriginalV20Score=45.45;OriginalV20Band=MEDIA";1.28;15.0;;;11.67;7.5;10.0;;;;2.0.select1;;;;;;;;;;;;;;;;;;;;;Germany_Regionalliga_Nord;Germany_Regionalliga_Nord;
2026-09-06;2026-09-06;Germany_Regionalliga_West;7;Bergisch Gladbach;Bochum 2;0.0;BASSA;FINAL;1;0;1;KO;KO;"V20SELECT_NOT_CANDIDATE || OriginalV20Score=53.89;OriginalV20Band=MEDIA";0.56;13.33;;;20.0;10.0;10.0;;;;2.0.select1;;;;;;;;;;;;;;;;;;;;;Germany_Regionalliga_West;Germany_Regionalliga_West;
2026-09-06;2026-09-06;Germany_Regionalliga_West;7;Paderborn 2;Wattenscheid;0.0;BASSA;FINAL;5;2;7;OK;OK;"V20SELECT_NOT_CANDIDATE || OriginalV20Score=53.65;OriginalV20Band=MEDIA";0.32;16.67;;;16.67;10.0;10.0;;;;2.0.select1;;;;;;;;;;;;;;;;;;;;;Germany_Regionalliga_West;Germany_Regionalliga_West;
2026-09-06;2026-09-06;Germany_Regionalliga_West;7;Schalke 2;FC Gutersloh;0.0;BASSA;FINAL;1;3;4;OK;OK;"V20SELECT_NOT_CANDIDATE || OriginalV20Score=51.87;OriginalV20Band=MEDIA";1.04;23.33;;;5.0;12.5;10.0;;;;2.0.select1;;;;;;;;;;;;;;;;;;;;;Germany_Regionalliga_West;Germany_Regionalliga_West;
2026-09-06;2026-09-06;Germany_Regionalliga_West;7;Hilden;Oberhausen;0.0;BASSA;FINAL;0;3;3;OK;KO;"V20SELECT_NOT_CANDIDATE || OriginalV20Score=31.38;OriginalV20Band=BASSA";1.38;6.67;;;8.33;2.5;12.5;;;;2.0.select1;;;;;;;;;;;;;;;;;;;;;Germany_Regionalliga_West;Germany_Regionalliga_West;
2026-09-06;2026-09-06;Germany_Regionalliga_Sudwest;6;Kaiserslautern 2;Fulda-Lehnerz;0.0;BASSA;FINAL;1;0;1;KO;KO;"V20SELECT_NOT_CANDIDATE || OriginalV20Score=50.72;OriginalV20Band=MEDIA";0.72;7.5;;;20.0;11.25;11.25;;;;2.0.select1;;;;;;;;;;;;;;;;;;;;;Germany_Regionalliga_Sudwest;Germany_Regionalliga_Sudwest;
2026-09-06;2026-09-06;Germany_Regionalliga_Sudwest;6;VfR Mannheim;Homburg;0.0;BASSA;FINAL;1;1;2;KO;OK;"V20SELECT_NOT_CANDIDATE || OriginalV20Score=41.75;OriginalV20Band=BASSA";0.5;7.5;;;15.0;7.5;11.25;;;;2.0.select1;;;;;;;;;;;;;;;;;;;;;Germany_Regionalliga_Sudwest;Germany_Regionalliga_Sudwest;
2026-09-06;2026-09-06;Germany_Oberliga_SchleswigHolstein;7;Eichede;PSV Neumunster;0.0;BASSA;FINAL;0;0;0;KO;KO;"V20SELECT_NOT_CANDIDATE || OriginalV20Score=51.63;OriginalV20Band=MEDIA";0.8;11.67;;;21.67;5.0;12.5;;;;2.0.select1;;;;;;;;;;;;;;;;;;;;;Germany_Oberliga_SchleswigHolstein;Germany_Oberliga_SchleswigHolstein;
2026-09-06;2026-09-06;Germany_Oberliga_Hamburg;6;Paloma;Sasel;0.0;BASSA;FINAL;3;2;5;OK;OK;"V20SELECT_NOT_CANDIDATE || OriginalV20Score=66.22;OriginalV20Band=MEDIA-ALTA";0.22;25.0;;;14.0;15.0;12.0;;;;2.0.select1;;;;;;;;;;;;;;;;;;;;;Germany_Oberliga_Hamburg;Germany_Oberliga_Hamburg;
2026-09-06;2026-09-06;Germany_Oberliga_Hamburg;6;HT 16;Pinneberg;0.0;BASSA;FINAL;5;1;6;OK;OK;"V20SELECT_NOT_CANDIDATE || OriginalV20Score=55.22;OriginalV20Band=MEDIA";1.22;18.0;;;12.0;9.0;15.0;;;;2.0.select1;;;;;;;;;;;;;;;;;;;;;Germany_Oberliga_Hamburg;Germany_Oberliga_Hamburg;
2026-09-06;2026-09-06;Germany_Oberliga_Hamburg;6;Niendorfer TSV;Suderelbe;0.0;BASSA;FINAL;1;0;1;KO;KO;"V20SELECT_NOT_CANDIDATE || OriginalV20Score=63.20;OriginalV20Band=MEDIA-ALTA";0.2;18.0;;;18.0;15.0;12.0;;;;2.0.select1;;;;;;;;;;;;;;;;;;;;;Germany_Oberliga_Hamburg;Germany_Oberliga_Hamburg;
2026-09-06;2026-09-06;Germany_Oberliga_Hamburg;6;TSV Buchholz 08;HEBC Hamburg;0.0;BASSA;FINAL;3;2;5;OK;OK;"V20SELECT_NOT_CANDIDATE || OriginalV20Score=54.31;OriginalV20Band=MEDIA";0.56;22.5;;;14.0;11.25;6.0;;;;2.0.select1;;;;;;;;;;;;;;;;;;;;;Germany_Oberliga_Hamburg;Germany_Oberliga_Hamburg;
2026-09-06;2026-09-06;Germany_Oberliga_Hamburg;6;Tesla Hamburg;Dassendorf;0.0;BASSA;FINAL;0;1;1;KO;KO;"V20SELECT_NOT_CANDIDATE || OriginalV20Score=45.58;OriginalV20Band=MEDIA";1.58;14.0;;;6.0;12.0;12.0;;;;2.0.select1;;;;;;;;;;;;;;;;;;;;;Germany_Oberliga_Hamburg;Germany_Oberliga_Hamburg;
2026-09-06;2026-09-06;Germany_Oberliga_Bremen;5;Schwachhausen;Bremen I2;0.0;BASSA;SCHEDULED;;;;;;"V20SELECT_NOT_CANDIDATE || OriginalV20Score=28.75;OriginalV20Band=BASSA";0.0;17.5;;;0.0;11.25;0.0;;;;2.0.select1;;;;;;;;;;;;;;;;;;;;;Germany_Oberliga_Bremen;Germany_Oberliga_Bremen;
2026-09-06;2026-09-06;Germany_Oberliga_Bremen;5;Grohn;Blumenthaler;0.0;BASSA;FINAL;2;5;7;OK;OK;"V20SELECT_NOT_CANDIDATE || OriginalV20Score=42.03;OriginalV20Band=BASSA";0.78;12.5;;;10.0;7.5;11.25;;;;2.0.select1;;;;;;;;;;;;;;;;;;;;;Germany_Oberliga_Bremen;Germany_Oberliga_Bremen;
2026-09-06;2026-09-06;Germany_Oberliga_Niedersachsen;5;Drochtersen/Assel 2;Hildesheim;0.0;BASSA;FINAL;0;2;2;KO;KO;"V20SELECT_NOT_CANDIDATE || OriginalV20Score=51.69;OriginalV20Band=MEDIA";0.44;12.5;;;20.0;11.25;7.5;;;;2.0.select1;;;;;;;;;;;;;;;;;;;;;Germany_Oberliga_Niedersachsen;Germany_Oberliga_Niedersachsen;
2026-09-06;2026-09-06;Germany_Oberliga_Niedersachsen;5;Egestorf-Langreder;Heeslinger;0.0;BASSA;FINAL;0;3;3;OK;KO;"V20SELECT_NOT_CANDIDATE || OriginalV20Score=46.38;OriginalV20Band=MEDIA";1.38;12.5;;;10.0;11.25;11.25;;;;2.0.select1;;;;;;;;;;;;;;;;;;;;;Germany_Oberliga_Niedersachsen;Germany_Oberliga_Niedersachsen;
2026-09-06;2026-09-06;Germany_Oberliga_Niedersachsen;5;Hemmingen;Meppen 2;0.0;BASSA;FINAL;3;2;5;OK;OK;"V20SELECT_NOT_CANDIDATE || OriginalV20Score=66.31;OriginalV20Band=MEDIA-ALTA";0.06;15.0;;;25.0;15.0;11.25;;;;2.0.select1;;;;;;;;;;;;;;;;;;;;;Germany_Oberliga_Niedersachsen;Germany_Oberliga_Niedersachsen;
2026-09-06;2026-09-06;Germany_Oberliga_Niedersachsen;5;Spelle-Venhaus;Luneburger Hansa;0.0;BASSA;FINAL;2;2;4;OK;OK;"V20SELECT_NOT_CANDIDATE || OriginalV20Score=75.64;OriginalV20Band=ALTA";1.06;25.0;;;23.33;11.25;15.0;;;;2.0.select1;;;;;;;;;;;;;;;;;;;;;Germany_Oberliga_Niedersachsen;Germany_Oberliga_Niedersachsen;
2026-09-06;2026-09-06;Germany_Oberliga_Niedersachsen;5;Verden;Lohne;0.0;BASSA;FINAL;2;2;4;OK;OK;"V20SELECT_NOT_CANDIDATE || OriginalV20Score=54.13;OriginalV20Band=MEDIA";0.38;12.5;;;15.0;11.25;15.0;;;;2.0.select1;;;;;;;;;;;;;;;;;;;;;Germany_Oberliga_Niedersachsen;Germany_Oberliga_Niedersachsen;
2026-09-06;2026-09-06;Germany_Oberliga_Niedersachsen;5;Vorsfelde;BSV Rehden;0.0;BASSA;FINAL;0;3;3;OK;KO;"V20SELECT_NOT_CANDIDATE || OriginalV20Score=37.13;OriginalV20Band=BASSA";0.88;7.5;;;10.0;7.5;11.25;;;;2.0.select1;;;;;;;;;;;;;;;;;;;;;Germany_Oberliga_Niedersachsen;Germany_Oberliga_Niedersachsen;
2026-09-06;2026-09-06;Germany_Oberliga_Westfalen;5;Erkenschwick;Westfalia Kinderhaus;0.0;BASSA;FINAL;2;1;3;OK;OK;"V20SELECT_NOT_CANDIDATE || OriginalV20Score=32.86;OriginalV20Band=BASSA";0.36;10.0;;;15.0;0.0;7.5;;;;2.0.select1;;;;;;;;;;;;;;;;;;;;;Germany_Oberliga_Westfalen;Germany_Oberliga_Westfalen;
2026-09-06;2026-09-06;Germany_Oberliga_Westfalen;5;Maaslingen;SpVgg Herne Horsthausen;0.0;BASSA;FINAL;2;0;2;KO;KO;"V20SELECT_NOT_CANDIDATE || OriginalV20Score=68.24;OriginalV20Band=MEDIA-ALTA";0.74;25.0;;;20.0;11.25;11.25;;;;2.0.select1;;;;;;;;;;;;;;;;;;;;;Germany_Oberliga_Westfalen;Germany_Oberliga_Westfalen;
2026-09-06;2026-09-06;Germany_Oberliga_Westfalen;5;Schermbeck 2020;Hiltrup;0.0;BASSA;FINAL;1;1;2;KO;OK;"V20SELECT_NOT_CANDIDATE || OriginalV20Score=49.03;OriginalV20Band=MEDIA";0.28;5.0;;;25.0;11.25;7.5;;;;2.0.select1;;;;;;;;;;;;;;;;;;;;;Germany_Oberliga_Westfalen;Germany_Oberliga_Westfalen;
2026-09-06;2026-09-06;Germany_Oberliga_Westfalen;5;Ennepetal;Clarholz;0.0;BASSA;FINAL;1;6;7;OK;OK;"V20SELECT_NOT_CANDIDATE || OriginalV20Score=53.87;OriginalV20Band=MEDIA";0.12;12.5;;;22.5;7.5;11.25;;;;2.0.select1;;;;;;;;;;;;;;;;;;;;;Germany_Oberliga_Westfalen;Germany_Oberliga_Westfalen;
2026-09-06;2026-09-06;Germany_Oberliga_Westfalen;5;TuS Hordel;Bielefeld 2;0.0;BASSA;FINAL;1;3;4;OK;OK;"V20SELECT_NOT_CANDIDATE || OriginalV20Score=45.12;OriginalV20Band=MEDIA";0.12;15.0;;;15.0;3.75;11.25;;;;2.0.select1;;;;;;;;;;;;;;;;;;;;;Germany_Oberliga_Westfalen;Germany_Oberliga_Westfalen;
2026-09-06;2026-09-06;Germany_Oberliga_Hessen;7;Pohlheim;Baunatal;0.0;BASSA;FINAL;2;3;5;OK;OK;"V20SELECT_NOT_CANDIDATE || OriginalV20Score=60.25;OriginalV20Band=MEDIA-ALTA";1.92;18.33;;;20.0;10.0;10.0;;;;2.0.select1;;;;;;;;;;;;;;;;;;;;;Germany_Oberliga_Hessen;Germany_Oberliga_Hessen;
2026-09-06;2026-09-06;Germany_Oberliga_Hessen;7;Kassel 2;Hummetroth;0.0;BASSA;FINAL;1;1;2;KO;OK;"V20SELECT_NOT_CANDIDATE || OriginalV20Score=53.24;OriginalV20Band=MEDIA";0.74;10.0;;;25.0;5.0;12.5;;;;2.0.select1;;;;;;;;;;;;;;;;;;;;;Germany_Oberliga_Hessen;Germany_Oberliga_Hessen;
2026-09-06;2026-09-06;Germany_Oberliga_Bayern_Nord;10;Neumarkt;Regensburg 2;0.0;BASSA;FINAL;0;2;2;KO;KO;"V20SELECT_NOT_CANDIDATE || OriginalV20Score=51.24;OriginalV20Band=MEDIA";1.6;8.57;;;21.25;8.57;11.25;;;;2.0.select1;;;;;;;;;;;;;;;;;;;;;Germany_Oberliga_Bayern_Nord;Germany_Oberliga_Bayern_Nord;
2026-09-06;2026-09-06;Germany_Oberliga_BadenWurttemberg;6;Neckarsulm;Ravensburg;0.0;BASSA;FINAL;1;0;1;KO;KO;"V20SELECT_NOT_CANDIDATE || OriginalV20Score=36.85;OriginalV20Band=BASSA";0.6;7.5;;;10.0;11.25;7.5;;;;2.0.select1;;;;;;;;;;;;;;;;;;;;;Germany_Oberliga_BadenWurttemberg;Germany_Oberliga_BadenWurttemberg;
2026-09-06;2026-09-06;Germany_Oberliga_BadenWurttemberg;6;Singen;1. FC Muhlhausen;0.0;BASSA;FINAL;1;4;5;OK;OK;"V20SELECT_NOT_CANDIDATE || OriginalV20Score=45.40;OriginalV20Band=MEDIA";0.4;5.0;;;25.0;0.0;15.0;;;;2.0.select1;;;;;;;;;;;;;;;;;;;;;Germany_Oberliga_BadenWurttemberg;Germany_Oberliga_BadenWurttemberg;
2026-09-06;2026-09-06;Germany_Oberliga_Niederrhein;4;Schonnebeck;Buderich;0.0;BASSA;FINAL;7;1;8;OK;OK;"V20SELECT_NOT_CANDIDATE || OriginalV20Score=57.56;OriginalV20Band=MEDIA";0.06;25.0;;;10.0;15.0;7.5;;;;2.0.select1;;;;;;;;;;;;;;;;;;;;;Germany_Oberliga_Niederrhein;Germany_Oberliga_Niederrhein;
2026-09-06;2026-09-06;Germany_Oberliga_Niederrhein;4;Sonsbeck;SSVg Velbert;0.0;BASSA;FINAL;4;2;6;OK;OK;"V20SELECT_NOT_CANDIDATE || OriginalV20Score=42.62;OriginalV20Band=BASSA";0.12;10.0;;;25.0;0.0;7.5;;;;2.0.select1;;;;;;;;;;;;;;;;;;;;;Germany_Oberliga_Niederrhein;Germany_Oberliga_Niederrhein;
2026-09-06;2026-09-06;Germany_Oberliga_Niederrhein;4;Solingen-Wald;Baumberg;0.0;BASSA;FINAL;1;4;5;OK;OK;"V20SELECT_NOT_CANDIDATE || OriginalV20Score=47.37;OriginalV20Band=MEDIA";0.7;13.33;;;13.33;10.0;10.0;;;;2.0.select1;;;;;;;;;;;;;;;;;;;;;Germany_Oberliga_Niederrhein;Germany_Oberliga_Niederrhein;
2026-09-06;2026-09-06;England_Championship;5;Birmingham;Wolves;0.0;BASSA;SCHEDULED;;;;;;"V20SELECT_NOT_CANDIDATE || OriginalV20Score=53.45;OriginalV20Band=MEDIA";0.12;10.0;;;23.33;5.0;15.0;;;;2.0.select1;;;;;;;;;;;;;;;;;;;;;England_Championship;England_Championship;
2026-09-06;2026-09-06;Iceland_BestaDeildKarla;27;Akranes;KR Reykjavik;0.0;BASSA;FINAL;3;1;4;OK;OK;"V20SELECT_NOT_CANDIDATE || OriginalV20Score=67.35;OriginalV20Band=MEDIA-ALTA";5.8;17.14;;;21.9;10.5;12.0;;;;2.0.select1;;;;;;;;;;;;;;;;;;;;;Iceland_BestaDeildKarla;Iceland_BestaDeildKarla;
2026-09-06;2026-09-06;Iceland_BestaDeildKarla;27;Akureyri;Breidablik;0.0;BASSA;FINAL;2;1;3;OK;OK;"V20SELECT_NOT_CANDIDATE || OriginalV20Score=63.17;OriginalV20Band=MEDIA-ALTA";7.88;15.71;;;18.57;12.0;9.0;;;;2.0.select1;;;;;;;;;;;;;;;;;;;;;Iceland_BestaDeildKarla;Iceland_BestaDeildKarla;
2026-09-06;2026-09-06;Iceland_BestaDeildKarla;27;Stjarnan;Vestmannaeyjar;0.0;BASSA;FINAL;2;2;4;OK;OK;"V20SELECT_NOT_CANDIDATE || OriginalV20Score=63.58;OriginalV20Band=MEDIA-ALTA";4.56;19.05;;;20.48;12.0;7.5;;;;2.0.select1;;;;;;;;;;;;;;;;;;;;;Iceland_BestaDeildKarla;Iceland_BestaDeildKarla;
2026-09-06;2026-09-06;Iceland_BestaDeildKarla;27;Thor Akureyri;Hafnarfjordur;0.0;BASSA;FINAL;1;0;1;KO;KO;"V20SELECT_NOT_CANDIDATE || OriginalV20Score=41.32;OriginalV20Band=BASSA";1.22;10.0;;;18.1;7.5;4.5;;;;2.0.select1;;;;;;;;;;;;;;;;;;;;;Iceland_BestaDeildKarla;Iceland_BestaDeildKarla;
2026-09-06;2026-09-06;Iceland_BestaDeildKarla;27;Vikingur Reykjavik;Fram;0.0;BASSA;FINAL;2;2;4;OK;OK;"V20SELECT_NOT_CANDIDATE || OriginalV20Score=69.37;OriginalV20Band=MEDIA-ALTA";2.82;25.0;;;19.05;12.0;10.5;;;;2.0.select1;;;;;;;;;;;;;;;;;;;;;Iceland_BestaDeildKarla;Iceland_BestaDeildKarla;
2026-09-06;2026-09-06;Iceland_BestaDeildKvenna;19;Hafnarfjordur D;Thor/KA D;0.0;BASSA;SCHEDULED;;;;;;"V20SELECT_NOT_CANDIDATE || OriginalV20Score=64.25;OriginalV20Band=MEDIA-ALTA";7.46;25.0;;;15.29;12.0;4.5;;;;2.0.select1;;;;;;;;;;;;;;;;;;;;;Iceland_BestaDeildKvenna;Iceland_BestaDeildKvenna;
2026-09-06;2026-09-06;Iceland_BestaDeildKvenna;19;Grindavik/Njardvik D;Valur D;0.0;BASSA;SCHEDULED;;;;;;"V20SELECT_NOT_CANDIDATE || OriginalV20Score=51.20;OriginalV20Band=MEDIA";4.44;14.12;;;17.65;7.5;7.5;;;;2.0.select1;;;;;;;;;;;;;;;;;;;;;Iceland_BestaDeildKvenna;Iceland_BestaDeildKvenna;
2026-09-06;2026-09-06;FaroeIslands_1Deild;22;Runavik 2;Streymur 2;0.0;BASSA;FINAL;4;1;5;OK;OK;"V20SELECT_NOT_CANDIDATE || OriginalV20Score=65.14;OriginalV20Band=MEDIA-ALTA";3.36;12.78;;;25.0;12.0;12.0;;;;2.0.select1;;;;;;;;;;;;;;;;;;;;;FaroeIslands_1Deild;FaroeIslands_1Deild;
2026-09-06;2026-09-06;FaroeIslands_1Deild;22;HB Torshavn 2;Sandur;0.0;BASSA;FINAL;0;2;2;KO;KO;"V20SELECT_NOT_CANDIDATE || OriginalV20Score=53.56;OriginalV20Band=MEDIA";7.24;12.0;;;8.82;10.5;15.0;;;;2.0.select1;;;;;;;;;;;;;;;;;;;;;FaroeIslands_1Deild;FaroeIslands_1Deild;
2026-09-06;2026-09-06;FaroeIslands_1Deild;22;B36 Torshavn 2;FC Suduroy;0.0;BASSA;FINAL;2;4;6;OK;OK;"V20SELECT_NOT_CANDIDATE || OriginalV20Score=59.22;OriginalV20Band=MEDIA";6.0;15.88;;;13.33;13.5;10.5;;;;2.0.select1;;;;;;;;;;;;;;;;;;;;;FaroeIslands_1Deild;FaroeIslands_1Deild;
2026-09-06;2026-09-06;Italy_SerieA;3;Frosinone;Venezia;0.0;BASSA;FINAL;3;2;5;OK;OK;"V20SELECT_NOT_CANDIDATE || OriginalV20Score=42.98;OriginalV20Band=BASSA";0.48;15.0;;;20.0;7.5;0.0;;;;2.0.select1;;;;;;;;;;;;;;;;;;;;;Italy_SerieA;Italy_SerieA;
2026-09-06;2026-09-06;Italy_SerieA;3;Bologna;Sassuolo;0.0;BASSA;FINAL;2;2;4;OK;OK;"V20SELECT_NOT_CANDIDATE || OriginalV20Score=30.34;OriginalV20Band=BASSA";0.34;0.0;;;15.0;0.0;15.0;;;;2.0.select1;;;;;;;;;;;;;;;;;;;;;Italy_SerieA;Italy_SerieA;
2026-09-06;2026-09-06;Italy_SerieA;3;Juventus;Milan;0.0;BASSA;FINAL;1;1;2;KO;OK;"V20SELECT_NOT_CANDIDATE || OriginalV20Score=27.52;OriginalV20Band=BASSA";0.02;15.0;;;5.0;0.0;7.5;;;;2.0.select1;;;;;;;;;;;;;;;;;;;;;Italy_SerieA;Italy_SerieA;
2026-09-06;2026-09-06;Italy_SerieB;3;Juve Stabia;Pisa;0.0;BASSA;FINAL;0;3;3;OK;KO;"V20SELECT_NOT_CANDIDATE || OriginalV20Score=35.02;OriginalV20Band=BASSA";0.02;10.0;;;10.0;7.5;7.5;;;;2.0.select1;;;;;;;;;;;;;;;;;;;;;Italy_SerieB;Italy_SerieB;
2026-09-06;2026-09-06;Italy_SerieC_GironeB;3;Grosseto;Torres;0.0;BASSA;FINAL;2;0;2;KO;KO;"V20SELECT_NOT_CANDIDATE || OriginalV20Score=40.22;OriginalV20Band=BASSA";0.22;15.0;;;10.0;7.5;7.5;;;;2.0.select1;;;;;;;;;;;;;;;;;;;;;Italy_SerieC_GironeB;Italy_SerieC_GironeB;
2026-09-06;2026-09-06;Italy_SerieC_GironeB;3;Sambenedettese;Spezia;0.0;BASSA;FINAL;1;2;3;OK;OK;"V20SELECT_NOT_CANDIDATE || OriginalV20Score=22.84;OriginalV20Band=BASSA";0.34;10.0;;;5.0;7.5;0.0;;;;2.0.select1;;;;;;;;;;;;;;;;;;;;;Italy_SerieC_GironeB;Italy_SerieC_GironeB;
2026-09-06;2026-09-06;Italy_SerieC_GironeB;3;Perugia;Pineto;0.0;BASSA;FINAL;2;1;3;OK;OK;"V20SELECT_NOT_CANDIDATE || OriginalV20Score=22.78;OriginalV20Band=BASSA";0.28;15.0;;;0.0;7.5;0.0;;;;2.0.select1;;;;;;;;;;;;;;;;;;;;;Italy_SerieC_GironeB;Italy_SerieC_GironeB;
2026-09-06;2026-09-06;Italy_SerieC_GironeC;3;Altamura;Savoia;0.0;BASSA;FINAL;0;2;2;KO;KO;"V20SELECT_NOT_CANDIDATE || OriginalV20Score=50.50;OriginalV20Band=MEDIA";0.5;10.0;;;25.0;0.0;15.0;;;;2.0.select1;;;;;;;;;;;;;;;;;;;;;Italy_SerieC_GironeC;Italy_SerieC_GironeC;
2026-09-06;2026-09-06;Kazakhstan_PremierLeague;35;Altai;Kaisar;0.0;BASSA;FINAL;2;0;2;KO;KO;"V20SELECT_NOT_CANDIDATE || OriginalV20Score=40.48;OriginalV20Band=BASSA";1.18;8.26;;;13.04;10.5;7.5;;;;2.0.select1;;;;;;;;;;;;;;;;;;;;;Kazakhstan_PremierLeague;Kazakhstan_PremierLeague;
2026-09-06;2026-09-06;Kazakhstan_PremierLeague;35;FC Astana;Yelimay Semey;0.0;BASSA;FINAL;4;0;4;OK;KO;"V20SELECT_NOT_CANDIDATE || OriginalV20Score=47.69;OriginalV20Band=MEDIA";3.14;16.82;;;12.73;7.5;7.5;;;;2.0.select1;;;;;;;;;;;;;;;;;;;;;Kazakhstan_PremierLeague;Kazakhstan_PremierLeague;
2026-09-06;2026-09-06;Kazakhstan_PremierLeague;35;Tobol;Ulytau;0.0;BASSA;FINAL;3;1;4;OK;OK;"V20SELECT_NOT_CANDIDATE || OriginalV20Score=34.76;OriginalV20Band=BASSA";1.46;11.3;;;10.0;6.0;6.0;;;;2.0.select1;;;;;;;;;;;;;;;;;;;;;Kazakhstan_PremierLeague;Kazakhstan_PremierLeague;
2026-09-06;2026-09-06;Latvia_Virsliga;30;Auda;Grobina;0.0;BASSA;FINAL;1;0;1;KO;KO;"V20SELECT_NOT_CANDIDATE || OriginalV20Score=51.43;OriginalV20Band=MEDIA";5.36;16.0;;;19.57;3.0;7.5;;;;2.0.select1;;;;;;;;;;;;;;;;;;;;;Latvia_Virsliga;Latvia_Virsliga;
2026-09-06;2026-09-06;Lithuania_Toplyga;34;Transinvest;Suduva;0.0;BASSA;FINAL;1;2;3;OK;OK;"V20SELECT_NOT_CANDIDATE || OriginalV20Score=42.88;OriginalV20Band=BASSA";1.38;16.3;;;7.2;9.0;9.0;;;;2.0.select1;;;;;;;;;;;;;;;;;;;;;Lithuania_Toplyga;Lithuania_Toplyga;
2026-09-06;2026-09-06;Lithuania_Toplyga;34;Kauno Zalgiris;Dziugas Telsiai;0.0;BASSA;FINAL;5;0;5;OK;KO;"V20SELECT_NOT_CANDIDATE || OriginalV20Score=41.29;OriginalV20Band=BASSA";1.52;19.17;;;11.6;4.5;4.5;;;;2.0.select1;;;;;;;;;;;;;;;;;;;;;Lithuania_Toplyga;Lithuania_Toplyga;
2026-09-06;2026-09-06;Lithuania_Toplyga;34;Zalgiris;FA Siauliai;0.0;BASSA;FINAL;1;0;1;KO;KO;"V20SELECT_NOT_CANDIDATE || OriginalV20Score=61.37;OriginalV20Band=MEDIA-ALTA";3.52;13.75;;;21.6;10.5;12.0;;;;2.0.select1;;;;;;;;;;;;;;;;;;;;;Lithuania_Toplyga;Lithuania_Toplyga;
2026-09-06;2026-09-06;Mexico_LigaMX_Apertura;7;Atl. San Luis;Guadalajara;0.0;BASSA;FINAL;0;3;3;OK;KO;"V20SELECT_NOT_CANDIDATE || OriginalV20Score=38.19;OriginalV20Band=BASSA";2.36;13.33;;;10.0;10.0;2.5;;;;2.0.select1;;;;;;;;;;;;;;;;;;;;;Mexico_LigaMX_Apertura;Mexico_LigaMX_Apertura;
2026-09-06;2026-09-06;Mexico_LigaMX_Apertura;7;Tigres;Necaxa;0.0;BASSA;FINAL;1;1;2;KO;OK;"V20SELECT_NOT_CANDIDATE || OriginalV20Score=54.68;OriginalV20Band=MEDIA";2.18;13.33;;;16.67;10.0;12.5;;;;2.0.select1;;;;;;;;;;;;;;;;;;;;;Mexico_LigaMX_Apertura;Mexico_LigaMX_Apertura;
2026-09-06;2026-09-06;Mexico_LigaMX_Apertura;7;Atlas;Atlante;0.0;BASSA;FINAL;1;1;2;KO;OK;"V20SELECT_NOT_CANDIDATE || OriginalV20Score=43.69;OriginalV20Band=BASSA";2.86;15.0;;;13.33;7.5;5.0;;;;2.0.select1;;;;;;;;;;;;;;;;;;;;;Mexico_LigaMX_Apertura;Mexico_LigaMX_Apertura;
2026-09-06;2026-09-06;Mexico_LigaExpansionMX_Apertura;7;Atl. Morelia;Alebrijes Oaxaca;0.0;BASSA;SCHEDULED;;;;;;"V20SELECT_NOT_CANDIDATE || OriginalV20Score=50.93;OriginalV20Band=MEDIA";2.6;20.0;;;13.33;10.0;5.0;;;;2.0.select1;;;;;;;;;;;;;;;;;;;;;Mexico_LigaExpansionMX_Apertura;Mexico_LigaExpansionMX_Apertura;
2026-09-06;2026-09-06;Mexico_LigaExpansionMX_Apertura;7;Cancun;Cruz Azul Hidalgo;0.0;BASSA;SCHEDULED;;;;;;"V20SELECT_NOT_CANDIDATE || OriginalV20Score=35.55;OriginalV20Band=BASSA";0.38;10.0;;;11.67;6.0;7.5;;;;2.0.select1;;;;;;;;;;;;;;;;;;;;;Mexico_LigaExpansionMX_Apertura;Mexico_LigaExpansionMX_Apertura;
2026-09-06;2026-09-06;Mexico_LigaExpansionMX_Apertura;7;Jaiba Brava;Venados;0.0;BASSA;SCHEDULED;;;;;;"V20SELECT_NOT_CANDIDATE || OriginalV20Score=51.28;OriginalV20Band=MEDIA";1.28;8.33;;;21.67;7.5;12.5;;;;2.0.select1;;;;;;;;;;;;;;;;;;;;;Mexico_LigaExpansionMX_Apertura;Mexico_LigaExpansionMX_Apertura;
2026-09-06;2026-09-06;Mexico_LigaExpansionMX_Apertura;7;Piratas;Correcaminos;0.0;BASSA;SCHEDULED;;;;;;"V20SELECT_NOT_CANDIDATE || OriginalV20Score=39.85;OriginalV20Band=BASSA";1.52;8.33;;;15.0;2.5;12.5;;;;2.0.select1;;;;;;;;;;;;;;;;;;;;;Mexico_LigaExpansionMX_Apertura;Mexico_LigaExpansionMX_Apertura;
2026-09-06;2026-09-06;Moldova_SuperLiga;11;Real Sireti;Zimbru;0.0;BASSA;FINAL;0;2;2;KO;KO;"V20SELECT_NOT_CANDIDATE || OriginalV20Score=44.34;OriginalV20Band=BASSA";11.84;6.0;;;10.0;6.0;10.5;;;;2.0.select1;;;;;;;;;;;;;;;;;;;;;Moldova_SuperLiga;Moldova_SuperLiga;
2026-09-06;2026-09-06;Moldova_SuperLiga;11;Balti;Milsami;0.0;BASSA;FINAL;1;3;4;OK;OK;"V20SELECT_NOT_CANDIDATE || OriginalV20Score=45.12;OriginalV20Band=MEDIA";5.12;8.0;;;14.0;12.0;6.0;;;;2.0.select1;;;;;;;;;;;;;;;;;;;;;Moldova_SuperLiga;Moldova_SuperLiga;
2026-09-06;2026-09-06;Norway_Eliteserien;27;Molde;KFUM Oslo;0.0;BASSA;FINAL;2;0;2;KO;KO;"V20SELECT_NOT_CANDIDATE || OriginalV20Score=62.32;OriginalV20Band=MEDIA-ALTA";4.1;20.0;;;17.22;13.5;7.5;;;;2.0.select1;;;;;;;;;;;;;;;;;;;;;Norway_Eliteserien;Norway_Eliteserien;
2026-09-06;2026-09-06;Norway_Eliteserien;27;Sarpsborg 08;Vålerenga;0.0;BASSA;FINAL;2;2;4;OK;OK;"V20SELECT_NOT_CANDIDATE || OriginalV20Score=55.58;OriginalV20Band=MEDIA";0.86;11.11;;;21.11;9.0;13.5;;;;2.0.select1;;;;;;;;;;;;;;;;;;;;;Norway_Eliteserien;Norway_Eliteserien;
2026-09-06;2026-09-06;Norway_Eliteserien;27;Kristiansund;Tromsø;0.0;BASSA;FINAL;2;0;2;KO;KO;"V20SELECT_NOT_CANDIDATE || OriginalV20Score=45.70;OriginalV20Band=MEDIA";5.64;9.44;;;11.11;12.0;7.5;;;;2.0.select1;;;;;;;;;;;;;;;;;;;;;Norway_Eliteserien;Norway_Eliteserien;
2026-09-06;2026-09-06;Norway_OBOSLigaen;21;Lyn;Egersund;0.0;BASSA;FINAL;1;1;2;KO;OK;"V20SELECT_NOT_CANDIDATE || OriginalV20Score=62.20;OriginalV20Band=MEDIA-ALTA";0.7;17.5;;;18.5;13.5;12.0;;;;2.0.select1;;;;;;;;;;;;;;;;;;;;;Norway_OBOSLigaen;Norway_OBOSLigaen;
2026-09-06;2026-09-06;Norway_2ndDivision_Group1;19;Pors;Traeff;0.0;BASSA;FINAL;2;3;5;OK;OK;"V20SELECT_NOT_CANDIDATE || OriginalV20Score=43.07;OriginalV20Band=BASSA";1.6;10.59;;;15.88;4.5;10.5;;;;2.0.select1;;;;;;;;;;;;;;;;;;;;;Norway_2ndDivision_Group1;Norway_2ndDivision_Group1;
2026-09-06;2026-09-06;Norway_2ndDivision_Group1;19;Notodden;Lysekloster;0.0;BASSA;FINAL;3;0;3;OK;KO;"V20SELECT_NOT_CANDIDATE || OriginalV20Score=50.70;OriginalV20Band=MEDIA";4.26;12.94;;;20.0;4.5;9.0;;;;2.0.select1;;;;;;;;;;;;;;;;;;;;;Norway_2ndDivision_Group1;Norway_2ndDivision_Group1;
2026-09-06;2026-09-06;Norway_2ndDivision_Group1;19;Bjarg;Arendal;0.0;BASSA;FINAL;4;0;4;OK;KO;"V20SELECT_NOT_CANDIDATE || OriginalV20Score=51.03;OriginalV20Band=MEDIA";3.12;16.11;;;15.29;6.0;10.5;;;;2.0.select1;;;;;;;;;;;;;;;;;;;;;Norway_2ndDivision_Group1;Norway_2ndDivision_Group1;
2026-09-06;2026-09-06;Norway_2ndDivision_Group2;22;Grorud;Rana FK;0.0;BASSA;FINAL;4;2;6;OK;OK;"V20SELECT_NOT_CANDIDATE || OriginalV20Score=55.68;OriginalV20Band=MEDIA";1.74;14.12;;;18.82;7.5;13.5;;;;2.0.select1;;;;;;;;;;;;;;;;;;;;;Norway_2ndDivision_Group2;Norway_2ndDivision_Group2;
2026-09-06;2026-09-06;Norway_2ndDivision_Group2;22;Ull/Kisa;Levanger;0.0;BASSA;FINAL;0;5;5;OK;KO;"V20SELECT_NOT_CANDIDATE || OriginalV20Score=57.06;OriginalV20Band=MEDIA";7.44;12.94;;;11.18;13.5;12.0;;;;2.0.select1;;;;;;;;;;;;;;;;;;;;;Norway_2ndDivision_Group2;Norway_2ndDivision_Group2;
2026-09-06;2026-09-06;Norway_2ndDivision_Group2;22;Trygg/Lade;Honefoss;0.0;BASSA;FINAL;2;3;5;OK;OK;"V20SELECT_NOT_CANDIDATE || OriginalV20Score=58.09;OriginalV20Band=MEDIA";7.72;11.67;;;14.71;10.5;13.5;;;;2.0.select1;;;;;;;;;;;;;;;;;;;;;Norway_2ndDivision_Group2;Norway_2ndDivision_Group2;
2026-09-06;2026-09-06;Norway_2ndDivision_Group2;22;Lørenskog;Junkeren;0.0;BASSA;FINAL;1;1;2;KO;OK;"V20SELECT_NOT_CANDIDATE || OriginalV20Score=53.79;OriginalV20Band=MEDIA";2.26;15.88;;;17.65;7.5;10.5;;;;2.0.select1;;;;;;;;;;;;;;;;;;;;;Norway_2ndDivision_Group2;Norway_2ndDivision_Group2;
2026-09-06;2026-09-06;Norway_3rdDivision_Group2;21;Volda TI;Rosenborg 2;0.0;BASSA;FINAL;2;1;3;OK;OK;"V20SELECT_NOT_CANDIDATE || OriginalV20Score=64.03;OriginalV20Band=MEDIA-ALTA";3.06;25.0;;;16.47;9.0;10.5;;;;2.0.select1;;;;;;;;;;;;;;;;;;;;;Norway_3rdDivision_Group2;Norway_3rdDivision_Group2;
2026-09-06;2026-09-06;Norway_3rdDivision_Group3;20;Brann 2;V. Haugesund;0.0;BASSA;FINAL;4;4;8;OK;OK;"V20SELECT_NOT_CANDIDATE || OriginalV20Score=66.04;OriginalV20Band=MEDIA-ALTA";0.54;21.18;;;18.82;13.5;12.0;;;;2.0.select1;;;;;;;;;;;;;;;;;;;;;Norway_3rdDivision_Group3;Norway_3rdDivision_Group3;
2026-09-06;2026-09-06;Norway_3rdDivision_Group4;21;Viking 2;Stabaek 2;0.0;BASSA;FINAL;3;1;4;OK;OK;"V20SELECT_NOT_CANDIDATE || OriginalV20Score=69.90;OriginalV20Band=MEDIA-ALTA";0.66;24.12;;;24.12;10.5;10.5;;;;2.0.select1;;;;;;;;;;;;;;;;;;;;;Norway_3rdDivision_Group4;Norway_3rdDivision_Group4;
2026-09-06;2026-09-06;Norway_3rdDivision_Group5;20;Alta;Skedsmo;0.0;BASSA;FINAL;0;0;0;KO;KO;"V20SELECT_NOT_CANDIDATE || OriginalV20Score=60.66;OriginalV20Band=MEDIA-ALTA";2.92;24.71;;;13.53;12.0;7.5;;;;2.0.select1;;;;;;;;;;;;;;;;;;;;;Norway_3rdDivision_Group5;Norway_3rdDivision_Group5;
2026-09-06;2026-09-06;Norway_3rdDivision_Group5;20;Skjervoy;Kongsvinger 2;0.0;BASSA;FINAL;3;1;4;OK;OK;"V20SELECT_NOT_CANDIDATE || OriginalV20Score=67.31;OriginalV20Band=MEDIA-ALTA";1.44;16.88;;;25.0;12.0;12.0;;;;2.0.select1;;;;;;;;;;;;;;;;;;;;;Norway_3rdDivision_Group5;Norway_3rdDivision_Group5;
2026-09-06;2026-09-06;Norway_3rdDivision_Group5;20;Lillestrom 2;Bossekop;0.0;BASSA;FINAL;11;0;11;OK;KO;"V20SELECT_NOT_CANDIDATE || OriginalV20Score=79.10;OriginalV20Band=ALTA";3.6;25.0;;;25.0;13.5;12.0;;;;2.0.select1;;;;;;;;;;;;;;;;;;;;;Norway_3rdDivision_Group5;Norway_3rdDivision_Group5;
2026-09-06;2026-09-06;Norway_3rdDivision_Group5;20;Tromsø 2;Harstad;0.0;BASSA;FINAL;0;1;1;KO;KO;"V20SELECT_NOT_CANDIDATE || OriginalV20Score=68.83;OriginalV20Band=MEDIA-ALTA";6.96;17.65;;;17.22;13.5;13.5;;;;2.0.select1;;;;;;;;;;;;;;;;;;;;;Norway_3rdDivision_Group5;Norway_3rdDivision_Group5;
2026-09-06;2026-09-06;Norway_3rdDivision_Group5;20;Strømsgodset 2;Finnsnes;0.0;BASSA;FINAL;5;1;6;OK;OK;"V20SELECT_NOT_CANDIDATE || OriginalV20Score=57.35;OriginalV20Band=MEDIA";4.0;18.24;;;14.12;12.0;9.0;;;;2.0.select1;;;;;;;;;;;;;;;;;;;;;Norway_3rdDivision_Group5;Norway_3rdDivision_Group5;
2026-09-06;2026-09-06;Netherlands_Eredivisie;5;Groningen;Twente;0.0;BASSA;FINAL;2;2;4;OK;OK;"V20SELECT_NOT_CANDIDATE || OriginalV20Score=57.66;OriginalV20Band=MEDIA";0.16;22.5;;;10.0;15.0;10.0;;;;2.0.select1;;;;;;;;;;;;;;;;;;;;;Netherlands_Eredivisie;Netherlands_Eredivisie;
2026-09-06;2026-09-06;Netherlands_Eredivisie;5;Heerenveen;Alkmaar;0.0;BASSA;FINAL;2;3;5;OK;OK;"V20SELECT_NOT_CANDIDATE || OriginalV20Score=36.08;OriginalV20Band=BASSA";1.08;12.5;;;7.5;7.5;7.5;;;;2.0.select1;;;;;;;;;;;;;;;;;;;;;Netherlands_Eredivisie;Netherlands_Eredivisie;
2026-09-06;2026-09-06;Netherlands_Eredivisie;5;Telstar;Cambuur;0.0;BASSA;FINAL;2;2;4;OK;OK;"V20SELECT_NOT_CANDIDATE || OriginalV20Score=65.44;OriginalV20Band=MEDIA-ALTA";0.44;10.0;;;25.0;15.0;15.0;;;;2.0.select1;;;;;;;;;;;;;;;;;;;;;Netherlands_Eredivisie;Netherlands_Eredivisie;
2026-09-06;2026-09-06;Netherlands_Eredivisie;5;Den Haag;Sittard;0.0;BASSA;FINAL;2;3;5;OK;OK;"V20SELECT_NOT_CANDIDATE || OriginalV20Score=51.00;OriginalV20Band=MEDIA";1.0;10.0;;;17.5;11.25;11.25;;;;2.0.select1;;;;;;;;;;;;;;;;;;;;;Netherlands_Eredivisie;Netherlands_Eredivisie;
2026-09-06;2026-09-06;Netherlands_EersteDivisie;6;Maastricht;Roda;0.0;BASSA;FINAL;1;1;2;KO;OK;"V20SELECT_NOT_CANDIDATE || OriginalV20Score=49.35;OriginalV20Band=MEDIA";0.6;20.0;;;10.0;11.25;7.5;;;;2.0.select1;;;;;;;;;;;;;;;;;;;;;Netherlands_EersteDivisie;Netherlands_EersteDivisie;
2026-09-06;2026-09-06;Paraguay_DivisionIntermedia;6;Benjamin Aceval;12 de Junio;0.0;BASSA;FINAL;1;1;2;KO;OK;"V20SELECT_NOT_CANDIDATE || OriginalV20Score=60.08;OriginalV20Band=MEDIA-ALTA";0.08;20.0;;;17.5;15.0;7.5;;;;2.0.select1;;;;;;;;;;;;;;;;;;;;;Paraguay_DivisionIntermedia;Paraguay_DivisionIntermedia;
2026-09-06;2026-09-06;Peru_Liga1_Clausura;8;Cusco;Moquegua;0.0;BASSA;FINAL;2;0;2;KO;KO;"V20SELECT_NOT_CANDIDATE || OriginalV20Score=61.38;OriginalV20Band=MEDIA-ALTA";3.88;25.0;;;15.0;12.5;5.0;;;;2.0.select1;;;;;;;;;;;;;;;;;;;;;Peru_Liga1_Clausura;Peru_Liga1_Clausura;
2026-09-06;2026-09-06;Peru_Liga1_Clausura;8;U. de Deportes;Comerciantes Unidos;0.0;BASSA;FINAL;2;2;4;OK;OK;"V20SELECT_NOT_CANDIDATE || OriginalV20Score=65.02;OriginalV20Band=MEDIA-ALTA";2.52;21.67;;;18.33;10.0;12.5;;;;2.0.select1;;;;;;;;;;;;;;;;;;;;;Peru_Liga1_Clausura;Peru_Liga1_Clausura;
2026-09-06;2026-09-06;Peru_Liga1_Clausura;8;Sporting Cristal;Los Chankas;0.0;BASSA;FINAL;5;0;5;OK;KO;"V20SELECT_NOT_CANDIDATE || OriginalV20Score=53.51;OriginalV20Band=MEDIA";1.84;15.0;;;21.67;5.0;10.0;;;;2.0.select1;;;;;;;;;;;;;;;;;;;;;Peru_Liga1_Clausura;Peru_Liga1_Clausura;
2026-09-06;2026-09-06;Peru_Liga1_Clausura;8;Deportivo Garcilaso;Grau;0.0;BASSA;FINAL;4;2;6;OK;OK;"V20SELECT_NOT_CANDIDATE || OriginalV20Score=23.84;OriginalV20Band=BASSA";1.34;10.0;;;5.0;2.5;5.0;;;;2.0.select1;;;;;;;;;;;;;;;;;;;;;Peru_Liga1_Clausura;Peru_Liga1_Clausura;
2026-09-06;2026-09-06;Peru_Liga1_Clausura;8;Juan Pablo 2;A. Lima;0.0;BASSA;FINAL;1;1;2;KO;OK;"V20SELECT_NOT_CANDIDATE || OriginalV20Score=40.51;OriginalV20Band=BASSA";1.34;18.33;;;8.33;7.5;5.0;;;;2.0.select1;;;;;;;;;;;;;;;;;;;;;Peru_Liga1_Clausura;Peru_Liga1_Clausura;
2026-09-06;2026-09-06;Peru_Liga2;6;Alianza Huanuco;Minas;0.0;BASSA;FINAL;1;1;2;KO;OK;"V20SELECT_NOT_CANDIDATE || OriginalV20Score=52.37;OriginalV20Band=MEDIA";0.7;13.33;;;13.33;10.0;15.0;;;;2.0.select1;;;;;;;;;;;;;;;;;;;;;Peru_Liga2;Peru_Liga2;
2026-09-06;2026-09-06;Peru_Liga2;6;Union Comercio;U. San Martin;0.0;BASSA;FINAL;1;0;1;KO;KO;"V20SELECT_NOT_CANDIDATE || OriginalV20Score=38.59;OriginalV20Band=BASSA";0.26;10.0;;;13.33;5.0;10.0;;;;2.0.select1;;;;;;;;;;;;;;;;;;;;;Peru_Liga2;Peru_Liga2;
2026-09-06;2026-09-06;Poland_Ekstraklasa;8;Cracovia;Gornik Zabrze;0.0;BASSA;FINAL;0;1;1;KO;KO;"V20SELECT_NOT_CANDIDATE || OriginalV20Score=47.46;OriginalV20Band=MEDIA";0.96;10.0;;;14.0;7.5;15.0;;;;2.0.select1;;;;;;;;;;;;;;;;;;;;;Poland_Ekstraklasa;Poland_Ekstraklasa;
2026-09-06;2026-09-06;Poland_Ekstraklasa;8;Jagiellonia;Slask;0.0;BASSA;FINAL;2;1;3;OK;OK;"V20SELECT_NOT_CANDIDATE || OriginalV20Score=52.94;OriginalV20Band=MEDIA";0.94;18.0;;;15.0;9.0;10.0;;;;2.0.select1;;;;;;;;;;;;;;;;;;;;;Poland_Ekstraklasa;Poland_Ekstraklasa;
2026-09-06;2026-09-06;Poland_Division1;7;Arka;LKS Lodz;0.0;BASSA;FINAL;1;1;2;KO;OK;"V20SELECT_NOT_CANDIDATE || OriginalV20Score=38.57;OriginalV20Band=BASSA";0.24;15.0;;;8.33;5.0;10.0;;;;2.0.select1;;;;;;;;;;;;;;;;;;;;;Poland_Division1;Poland_Division1;
2026-09-06;2026-09-06;Poland_Division1;7;Polonia B.;Podbeskidzie;0.0;BASSA;FINAL;0;0;0;KO;KO;"V20SELECT_NOT_CANDIDATE || OriginalV20Score=54.41;OriginalV20Band=MEDIA";0.24;20.0;;;16.67;12.5;5.0;;;;2.0.select1;;;;;;;;;;;;;;;;;;;;;Poland_Division1;Poland_Division1;
2026-09-06;2026-09-06;Poland_Division1;7;Pogon Siedlce;Puszcza;0.0;BASSA;POSTPONED;;;;;;"V20SELECT_NOT_CANDIDATE || OriginalV20Score=33.99;OriginalV20Band=BASSA";0.66;11.67;;;11.67;5.0;5.0;;;;2.0.select1;;;;;;;;;;;;;;;;;;;;;Poland_Division1;Poland_Division1;
2026-09-06;2026-09-06;Poland_Division2;7;Legia 2;Bielsko-Biala;0.0;BASSA;FINAL;1;2;3;OK;OK;"V20SELECT_NOT_CANDIDATE || OriginalV20Score=55.24;OriginalV20Band=MEDIA";0.24;21.67;;;13.33;10.0;10.0;;;;2.0.select1;;;;;;;;;;;;;;;;;;;;;Poland_Division2;Poland_Division2;
2026-09-06;2026-09-06;Poland_Division2;7;Slask 2;Ol. Grudziadz;0.0;BASSA;FINAL;0;1;1;KO;KO;"V20SELECT_NOT_CANDIDATE || OriginalV20Score=59.73;OriginalV20Band=MEDIA";0.56;18.33;;;18.33;12.5;10.0;;;;2.0.select1;;;;;;;;;;;;;;;;;;;;;Poland_Division2;Poland_Division2;
2026-09-06;2026-09-06;Poland_Division2;7;Pruszkow;Hutnik Krakow;0.0;BASSA;FINAL;4;2;6;OK;OK;"V20SELECT_NOT_CANDIDATE || OriginalV20Score=40.24;OriginalV20Band=BASSA";0.24;18.33;;;6.67;7.5;7.5;;;;2.0.select1;;;;;;;;;;;;;;;;;;;;;Poland_Division2;Poland_Division2;
2026-09-06;2026-09-06;Poland_Division2;7;Tychy;Avia Swidnik;0.0;BASSA;FINAL;1;0;1;KO;KO;"V20SELECT_NOT_CANDIDATE || OriginalV20Score=57.23;OriginalV20Band=MEDIA";0.56;16.67;;;20.0;7.5;12.5;;;;2.0.select1;;;;;;;;;;;;;;;;;;;;;Poland_Division2;Poland_Division2;
2026-09-06;2026-09-06;Poland_IIILiga_Group1;7;Mlawa;LKS Lodz 2;0.0;BASSA;FINAL;0;2;2;KO;KO;"V20SELECT_NOT_CANDIDATE || OriginalV20Score=67.55;OriginalV20Band=MEDIA-ALTA";13.38;13.33;;;23.33;10.0;7.5;;;;2.0.select1;;;;;;;;;;;;;;;;;;;;;Poland_IIILiga_Group1;Poland_IIILiga_Group1;
2026-09-06;2026-09-06;Poland_IIILiga_Group1;7;Suwalki;Lidzbark Warminski;0.0;BASSA;FINAL;1;3;4;OK;OK;"V20SELECT_NOT_CANDIDATE || OriginalV20Score=70.21;OriginalV20Band=MEDIA-ALTA";16.88;13.33;;;25.0;2.5;12.5;;;;2.0.select1;;;;;;;;;;;;;;;;;;;;;Poland_IIILiga_Group1;Poland_IIILiga_Group1;
2026-09-06;2026-09-06;Poland_IIILiga_Group3;7;Polkowice;Carina Gubin;0.0;BASSA;FINAL;2;1;3;OK;OK;"V20SELECT_NOT_CANDIDATE || OriginalV20Score=83.22;OriginalV20Band=ALTA";15.72;23.33;;;21.67;12.5;10.0;;;;2.0.select1;;;;;;;;;;;;;;;;;;;;;Poland_IIILiga_Group3;Poland_IIILiga_Group3;
2026-09-06;2026-09-06;Poland_IIILiga_Group4;6;Busko-Zdroj;Wislanie Skawina;0.0;BASSA;FINAL;2;1;3;OK;OK;"V20SELECT_NOT_CANDIDATE || OriginalV20Score=41.42;OriginalV20Band=BASSA";1.42;14.0;;;8.0;12.0;6.0;;;;2.0.select1;;;;;;;;;;;;;;;;;;;;;Poland_IIILiga_Group4;Poland_IIILiga_Group4;
2026-09-06;2026-09-06;Poland_IIILiga_Group4;6;Wisloka Debica;Biala Podlaska;0.0;BASSA;FINAL;1;0;1;KO;KO;"V20SELECT_NOT_CANDIDATE || OriginalV20Score=35.42;OriginalV20Band=BASSA";0.42;12.0;;;8.0;12.0;3.0;;;;2.0.select1;;;;;;;;;;;;;;;;;;;;;Poland_IIILiga_Group4;Poland_IIILiga_Group4;
2026-09-06;2026-09-06;Portugal_LigaPortugal;5;Santa Clara;Rio Ave;0.0;BASSA;FINAL;4;0;4;OK;KO;"V20SELECT_NOT_CANDIDATE || OriginalV20Score=38.38;OriginalV20Band=BASSA";0.88;12.5;;;17.5;3.75;3.75;;;;2.0.select1;;;;;;;;;;;;;;;;;;;;;Portugal_LigaPortugal;Portugal_LigaPortugal;
2026-09-06;2026-09-06;Portugal_LigaPortugal;5;Guimaraes;Casa Pia;0.0;BASSA;FINAL;0;0;0;KO;KO;"V20SELECT_NOT_CANDIDATE || OriginalV20Score=40.56;OriginalV20Band=BASSA";0.56;7.5;;;25.0;3.75;3.75;;;;2.0.select1;;;;;;;;;;;;;;;;;;;;;Portugal_LigaPortugal;Portugal_LigaPortugal;
2026-09-06;2026-09-06;Portugal_LigaPortugal;5;Gil Vicente;Academico Viseu;0.0;BASSA;FINAL;0;1;1;KO;KO;"V20SELECT_NOT_CANDIDATE || OriginalV20Score=42.15;OriginalV20Band=BASSA";0.9;10.0;;;20.0;0.0;11.25;;;;2.0.select1;;;;;;;;;;;;;;;;;;;;;Portugal_LigaPortugal;Portugal_LigaPortugal;
2026-09-06;2026-09-06;Portugal_LigaPortugal2;5;Vizela;Felgueiras;0.0;BASSA;FINAL;1;0;1;KO;KO;"V20SELECT_NOT_CANDIDATE || OriginalV20Score=25.30;OriginalV20Band=BASSA";0.3;10.0;;;7.5;3.75;3.75;;;;2.0.select1;;;;;;;;;;;;;;;;;;;;;Portugal_LigaPortugal2;Portugal_LigaPortugal2;
2026-09-06;2026-09-06;Portugal_LigaPortugal2;5;Leixoes;Amarante;0.0;BASSA;FINAL;3;1;4;OK;OK;"V20SELECT_NOT_CANDIDATE || OriginalV20Score=27.76;OriginalV20Band=BASSA";0.26;12.5;;;7.5;3.75;3.75;;;;2.0.select1;;;;;;;;;;;;;;;;;;;;;Portugal_LigaPortugal2;Portugal_LigaPortugal2;
2026-09-06;2026-09-06;Portugal_LigaPortugal2;5;Leiria;Portimonense;0.0;BASSA;FINAL;1;0;1;KO;KO;"V20SELECT_NOT_CANDIDATE || OriginalV20Score=32.62;OriginalV20Band=BASSA";0.12;17.5;;;7.5;7.5;0.0;;;;2.0.select1;;;;;;;;;;;;;;;;;;;;;Portugal_LigaPortugal2;Portugal_LigaPortugal2;
2026-09-06;2026-09-06;Portugal_Liga3_SerieA;4;Leca;Fafe;0.0;BASSA;FINAL;0;3;3;OK;KO;"V20SELECT_NOT_CANDIDATE || OriginalV20Score=27.25;OriginalV20Band=BASSA";0.58;10.0;;;6.67;5.0;5.0;;;;2.0.select1;;;;;;;;;;;;;;;;;;;;;Portugal_Liga3_SerieA;Portugal_Liga3_SerieA;Portugal_Liga3
2026-09-06;2026-09-06;Portugal_Liga3_SerieA;4;S. Joao Ver;AD Marco 09;0.0;BASSA;FINAL;0;0;0;KO;KO;"V20SELECT_NOT_CANDIDATE || OriginalV20Score=33.73;OriginalV20Band=BASSA";2.06;6.67;;;10.0;5.0;10.0;;;;2.0.select1;;;;;;;;;;;;;;;;;;;;;Portugal_Liga3_SerieA;Portugal_Liga3_SerieA;Portugal_Liga3
2026-09-06;2026-09-06;CzechRepublic_1Liga;8;Mlada Boleslav;Ostrava;0.0;BASSA;FINAL;4;0;4;OK;KO;"V20SELECT_NOT_CANDIDATE || OriginalV20Score=49.62;OriginalV20Band=MEDIA";0.62;22.0;;;12.0;9.0;6.0;;;;2.0.select1;;;;;;;;;;;;;;;;;;;;;CzechRepublic_1Liga;CzechRepublic_1Liga;
2026-09-06;2026-09-06;CzechRepublic_1Liga;8;Jablonec;Liberec;0.0;BASSA;FINAL;1;2;3;OK;OK;"V20SELECT_NOT_CANDIDATE || OriginalV20Score=22.90;OriginalV20Band=BASSA";0.4;12.0;;;5.0;3.0;2.5;;;;2.0.select1;;;;;;;;;;;;;;;;;;;;;CzechRepublic_1Liga;CzechRepublic_1Liga;
2026-09-06;2026-09-06;CzechRepublic_1Liga;8;Zlin;Teplice;0.0;BASSA;FINAL;1;3;4;OK;OK;"V20SELECT_NOT_CANDIDATE || OriginalV20Score=45.17;OriginalV20Band=MEDIA";1.84;8.33;;;20.0;7.5;7.5;;;;2.0.select1;;;;;;;;;;;;;;;;;;;;;CzechRepublic_1Liga;CzechRepublic_1Liga;
2026-09-06;2026-09-06;CzechRepublic_1Liga;8;Hradec Kralove;Sparta Praga;0.0;BASSA;FINAL;2;1;3;OK;OK;"V20SELECT_NOT_CANDIDATE || OriginalV20Score=43.43;OriginalV20Band=BASSA";0.26;8.0;;;16.67;6.0;12.5;;;;2.0.select1;;;;;;;;;;;;;;;;;;;;;CzechRepublic_1Liga;CzechRepublic_1Liga;
2026-09-06;2026-09-06;CzechRepublic_ChNL;7;Zizkov;Pribram;0.0;BASSA;FINAL;1;1;2;KO;OK;"V20SELECT_NOT_CANDIDATE || OriginalV20Score=42.91;OriginalV20Band=BASSA";2.08;5.0;;;13.33;10.0;12.5;;;;2.0.select1;;;;;;;;;;;;;;;;;;;;;CzechRepublic_ChNL;CzechRepublic_ChNL;
2026-09-06;2026-09-06;CzechRepublic_ChNL;7;Ostrava B;Kromeriz;0.0;BASSA;FINAL;1;1;2;KO;OK;"V20SELECT_NOT_CANDIDATE || OriginalV20Score=58.40;OriginalV20Band=MEDIA";0.9;18.33;;;21.67;10.0;7.5;;;;2.0.select1;;;;;;;;;;;;;;;;;;;;;CzechRepublic_ChNL;CzechRepublic_ChNL;
2026-09-06;2026-09-06;CzechRepublic_3CFL_GroupA;5;Admira Prague;Plzen B;0.0;BASSA;FINAL;0;1;1;KO;KO;"V20SELECT_NOT_CANDIDATE || OriginalV20Score=52.94;OriginalV20Band=MEDIA";0.44;12.5;;;17.5;11.25;11.25;;;;2.0.select1;;;;;;;;;;;;;;;;;;;;;CzechRepublic_3CFL_GroupA;CzechRepublic_3CFL_GroupA;CzechRepublic_3rdTier
2026-09-06;2026-09-06;CzechRepublic_3CFL_GroupA;5;Povltavska FA;Sparta Praga B;0.0;BASSA;FINAL;0;0;0;KO;KO;"V20SELECT_NOT_CANDIDATE || OriginalV20Score=34.33;OriginalV20Band=BASSA";1.0;3.33;;;10.0;10.0;10.0;;;;2.0.select1;;;;;;;;;;;;;;;;;;;;;CzechRepublic_3CFL_GroupA;CzechRepublic_3CFL_GroupA;CzechRepublic_3rdTier
2026-09-06;2026-09-06;CzechRepublic_3CFL_GroupB;5;Hradec Kralove B;Neratovice;0.0;BASSA;FINAL;0;0;0;KO;KO;"V20SELECT_NOT_CANDIDATE || OriginalV20Score=47.80;OriginalV20Band=MEDIA";0.3;7.5;;;25.0;3.75;11.25;;;;2.0.select1;;;;;;;;;;;;;;;;;;;;;CzechRepublic_3CFL_GroupB;CzechRepublic_3CFL_GroupB;CzechRepublic_3rdTier
2026-09-06;2026-09-06;CzechRepublic_3CFL_GroupB;5;Jablonec B;Liberec B;0.0;BASSA;FINAL;2;0;2;KO;KO;"V20SELECT_NOT_CANDIDATE || OriginalV20Score=69.69;OriginalV20Band=MEDIA-ALTA";0.94;25.0;;;25.0;3.75;15.0;;;;2.0.select1;;;;;;;;;;;;;;;;;;;;;CzechRepublic_3CFL_GroupB;CzechRepublic_3CFL_GroupB;CzechRepublic_3rdTier
2026-09-06;2026-09-06;CzechRepublic_3CFL_GroupB;5;Teplice B;Pardubice B;0.0;BASSA;FINAL;1;1;2;KO;OK;"V20SELECT_NOT_CANDIDATE || OriginalV20Score=53.26;OriginalV20Band=MEDIA";0.34;25.0;;;6.67;11.25;10.0;;;;2.0.select1;;;;;;;;;;;;;;;;;;;;;CzechRepublic_3CFL_GroupB;CzechRepublic_3CFL_GroupB;CzechRepublic_3rdTier
2026-09-06;2026-09-06;CzechRepublic_3CFL_GroupB;5;Brozany;Chrudim;0.0;BASSA;FINAL;1;1;2;KO;OK;"V20SELECT_NOT_CANDIDATE || OriginalV20Score=45.90;OriginalV20Band=MEDIA";0.48;6.67;;;22.5;5.0;11.25;;;;2.0.select1;;;;;;;;;;;;;;;;;;;;;CzechRepublic_3CFL_GroupB;CzechRepublic_3CFL_GroupB;CzechRepublic_3rdTier
2026-09-06;2026-09-06;CzechRepublic_3CFL_GroupB;5;Caslav;Benatky;0.0;BASSA;FINAL;0;2;2;KO;KO;"V20SELECT_NOT_CANDIDATE || OriginalV20Score=11.97;OriginalV20Band=BASSA";0.3;0.0;;;6.67;5.0;0.0;;;;2.0.select1;;;;;;;;;;;;;;;;;;;;;CzechRepublic_3CFL_GroupB;CzechRepublic_3CFL_GroupB;CzechRepublic_3rdTier
2026-09-06;2026-09-06;CzechRepublic_3CFL_GroupB;5;Varnsdorf;Velke Hamry;0.0;BASSA;FINAL;3;1;4;OK;OK;"V20SELECT_NOT_CANDIDATE || OriginalV20Score=61.10;OriginalV20Band=MEDIA-ALTA";1.52;13.33;;;25.0;10.0;11.25;;;;2.0.select1;;;;;;;;;;;;;;;;;;;;;CzechRepublic_3CFL_GroupB;CzechRepublic_3CFL_GroupB;CzechRepublic_3rdTier
2026-09-06;2026-09-06;CzechRepublic_3MSFL;7;Karvina B;Hodonin;0.0;BASSA;FINAL;1;0;1;KO;KO;"V20SELECT_NOT_CANDIDATE || OriginalV20Score=58.78;OriginalV20Band=MEDIA";13.78;13.33;;;16.67;10.0;5.0;;;;2.0.select1;;;;;;;;;;;;;;;;;;;;;CzechRepublic_3MSFL;CzechRepublic_3MSFL;
2026-09-06;2026-09-06;CzechRepublic_3MSFL;7;Sigma Olomouc B;Artis Brno B;0.0;BASSA;FINAL;0;2;2;KO;KO;"V20SELECT_NOT_CANDIDATE || OriginalV20Score=51.23;OriginalV20Band=MEDIA";14.56;21.67;;;0.0;10.0;5.0;;;;2.0.select1;;;;;;;;;;;;;;;;;;;;;CzechRepublic_3MSFL;CzechRepublic_3MSFL;
2026-09-06;2026-09-06;CzechRepublic_3MSFL;7;Zlin B;Blansko;0.0;BASSA;FINAL;4;1;5;OK;OK;"V20SELECT_NOT_CANDIDATE || OriginalV20Score=65.34;OriginalV20Band=MEDIA-ALTA";15.34;10.0;;;25.0;2.5;12.5;;;;2.0.select1;;;;;;;;;;;;;;;;;;;;;CzechRepublic_3MSFL;CzechRepublic_3MSFL;
2026-09-06;2026-09-06;CzechRepublic_4Liga_GroupA;5;Domazlice B;Taborsko akademie;0.0;BASSA;FINAL;0;3;3;OK;KO;"V20SELECT_NOT_CANDIDATE || OriginalV20Score=33.82;OriginalV20Band=BASSA";1.32;10.0;;;7.5;7.5;7.5;;;;2.0.select1;;;;;;;;;;;;;;;;;;;;;CzechRepublic_4Liga_GroupA;CzechRepublic_4Liga_GroupA;CzechRepublic_4Liga
2026-09-06;2026-09-06;CzechRepublic_4Liga_GroupB;5;Meteor Prague;Usti n. L. B;0.0;BASSA;FINAL;1;3;4;OK;OK;"V20SELECT_NOT_CANDIDATE || OriginalV20Score=50.60;OriginalV20Band=MEDIA";1.02;3.33;;;25.0;10.0;11.25;;;;2.0.select1;;;;;;;;;;;;;;;;;;;;;CzechRepublic_4Liga_GroupB;CzechRepublic_4Liga_GroupB;CzechRepublic_4Liga
2026-09-06;2026-09-06;CzechRepublic_4Liga_GroupB;5;Ostrov;Velvary;0.0;BASSA;FINAL;3;1;4;OK;OK;"V20SELECT_NOT_CANDIDATE || OriginalV20Score=56.26;OriginalV20Band=MEDIA";1.68;13.33;;;15.0;15.0;11.25;;;;2.0.select1;;;;;;;;;;;;;;;;;;;;;CzechRepublic_4Liga_GroupB;CzechRepublic_4Liga_GroupB;CzechRepublic_4Liga
2026-09-06;2026-09-06;CzechRepublic_4Liga_GroupB;5;Hostoun;Brandys n. Labem;0.0;BASSA;FINAL;4;2;6;OK;OK;"V20SELECT_NOT_CANDIDATE || OriginalV20Score=81.32;OriginalV20Band=ALTA";1.32;25.0;;;25.0;15.0;15.0;;;;2.0.select1;;;;;;;;;;;;;;;;;;;;;CzechRepublic_4Liga_GroupB;CzechRepublic_4Liga_GroupB;CzechRepublic_4Liga
2026-09-06;2026-09-06;CzechRepublic_4Liga_GroupC;5;Chlumec nad Cidlinou;Turnov;0.0;BASSA;FINAL;1;0;1;KO;KO;"V20SELECT_NOT_CANDIDATE || OriginalV20Score=52.57;OriginalV20Band=MEDIA";1.32;10.0;;;22.5;7.5;11.25;;;;2.0.select1;;;;;;;;;;;;;;;;;;;;;CzechRepublic_4Liga_GroupC;CzechRepublic_4Liga_GroupC;CzechRepublic_4Liga
2026-09-06;2026-09-06;CzechRepublic_4Liga_GroupC;5;Svitavy;Kolin;0.0;BASSA;FINAL;1;3;4;OK;OK;"V20SELECT_NOT_CANDIDATE || OriginalV20Score=49.17;OriginalV20Band=MEDIA";0.42;10.0;;;20.0;11.25;7.5;;;;2.0.select1;;;;;;;;;;;;;;;;;;;;;CzechRepublic_4Liga_GroupC;CzechRepublic_4Liga_GroupC;CzechRepublic_4Liga
2026-09-06;2026-09-06;CzechRepublic_4Liga_GroupD;5;Velke Mezirici;Zdirec n. D.;0.0;BASSA;FINAL;3;2;5;OK;OK;"V20SELECT_NOT_CANDIDATE || OriginalV20Score=45.80;OriginalV20Band=MEDIA";0.8;12.5;;;17.5;7.5;7.5;;;;2.0.select1;;;;;;;;;;;;;;;;;;;;;CzechRepublic_4Liga_GroupD;CzechRepublic_4Liga_GroupD;CzechRepublic_4Liga
2026-09-06;2026-09-06;CzechRepublic_4Liga_GroupD;5;Bystrc;Havlickuv Brod;0.0;BASSA;FINAL;0;0;0;KO;KO;"V20SELECT_NOT_CANDIDATE || OriginalV20Score=52.19;OriginalV20Band=MEDIA";0.94;17.5;;;15.0;7.5;11.25;;;;2.0.select1;;;;;;;;;;;;;;;;;;;;;CzechRepublic_4Liga_GroupD;CzechRepublic_4Liga_GroupD;CzechRepublic_4Liga
2026-09-06;2026-09-06;CzechRepublic_4Liga_GroupD;5;Zdar nad Sazavou;Chotebor;0.0;BASSA;FINAL;0;2;2;KO;KO;"V20SELECT_NOT_CANDIDATE || OriginalV20Score=70.41;OriginalV20Band=MEDIA-ALTA";1.66;25.0;;;25.0;11.25;7.5;;;;2.0.select1;;;;;;;;;;;;;;;;;;;;;CzechRepublic_4Liga_GroupD;CzechRepublic_4Liga_GroupD;CzechRepublic_4Liga
2026-09-06;2026-09-06;CzechRepublic_4Liga_GroupE;5;Breclav;Brumov;0.0;BASSA;FINAL;5;2;7;OK;OK;"V20SELECT_NOT_CANDIDATE || OriginalV20Score=63.82;OriginalV20Band=MEDIA-ALTA";1.32;15.0;;;25.0;11.25;11.25;;;;2.0.select1;;;;;;;;;;;;;;;;;;;;;CzechRepublic_4Liga_GroupE;CzechRepublic_4Liga_GroupE;CzechRepublic_4Liga
2026-09-06;2026-09-06;CzechRepublic_4Liga_GroupE;5;FK Kozlovice;Prostejov B;0.0;BASSA;FINAL;4;1;5;OK;OK;"V20SELECT_NOT_CANDIDATE || OriginalV20Score=63.66;OriginalV20Band=MEDIA-ALTA";1.16;22.5;;;17.5;7.5;15.0;;;;2.0.select1;;;;;;;;;;;;;;;;;;;;;CzechRepublic_4Liga_GroupE;CzechRepublic_4Liga_GroupE;CzechRepublic_4Liga
2026-09-06;2026-09-06;CzechRepublic_4Liga_GroupE;5;Lanzhot;Kromeriz B;0.0;BASSA;FINAL;3;2;5;OK;OK;"V20SELECT_NOT_CANDIDATE || OriginalV20Score=52.49;OriginalV20Band=MEDIA";1.24;12.5;;;20.0;11.25;7.5;;;;2.0.select1;;;;;;;;;;;;;;;;;;;;;CzechRepublic_4Liga_GroupE;CzechRepublic_4Liga_GroupE;CzechRepublic_4Liga
2026-09-06;2026-09-06;CzechRepublic_4Liga_GroupF;5;Frydek-Mistek B;Valasske Mezirici;0.0;BASSA;FINAL;2;4;6;OK;OK;"V20SELECT_NOT_CANDIDATE || OriginalV20Score=51.10;OriginalV20Band=MEDIA";1.1;7.5;;;20.0;15.0;7.5;;;;2.0.select1;;;;;;;;;;;;;;;;;;;;;CzechRepublic_4Liga_GroupF;CzechRepublic_4Liga_GroupF;CzechRepublic_4Liga
2026-09-06;2026-09-06;CzechRepublic_4Liga_GroupF;5;Kravare;Zabreh;0.0;BASSA;FINAL;1;0;1;KO;KO;"V20SELECT_NOT_CANDIDATE || OriginalV20Score=59.00;OriginalV20Band=MEDIA";1.5;25.0;;;10.0;15.0;7.5;;;;2.0.select1;;;;;;;;;;;;;;;;;;;;;CzechRepublic_4Liga_GroupF;CzechRepublic_4Liga_GroupF;CzechRepublic_4Liga
2026-09-06;2026-09-06;CzechRepublic_4Liga_GroupF;5;Pusta Polom;Bridlicna;0.0;BASSA;FINAL;1;0;1;KO;KO;"V20SELECT_NOT_CANDIDATE || OriginalV20Score=69.55;OriginalV20Band=MEDIA-ALTA";0.8;17.5;;;25.0;15.0;11.25;;;;2.0.select1;;;;;;;;;;;;;;;;;;;;;CzechRepublic_4Liga_GroupF;CzechRepublic_4Liga_GroupF;CzechRepublic_4Liga
2026-09-06;2026-09-06;Romania_Superliga;8;Petrolul;Corvinul;0.0;BASSA;FINAL;2;0;2;KO;KO;"V20SELECT_NOT_CANDIDATE || OriginalV20Score=26.87;OriginalV20Band=BASSA";0.44;10.0;;;5.71;6.43;4.29;;;;2.0.select1;;;;;;;;;;;;;;;;;;;;;Romania_Superliga;Romania_Superliga;
2026-09-06;2026-09-06;Romania_Superliga;8;Otelul;Rapid Bucarest;0.0;BASSA;FINAL;0;1;1;KO;KO;"V20SELECT_NOT_CANDIDATE || OriginalV20Score=26.02;OriginalV20Band=BASSA";1.5;11.67;;;5.71;5.0;2.14;;;;2.0.select1;;;;;;;;;;;;;;;;;;;;;Romania_Superliga;Romania_Superliga;
2026-09-06;2026-09-06;Romania_Liga2;6;FC Bacau;CSC Dumbravita;0.0;BASSA;FINAL;6;1;7;OK;OK;"V20SELECT_NOT_CANDIDATE || OriginalV20Score=44.51;OriginalV20Band=BASSA";0.76;17.5;;;12.0;11.25;3.0;;;;2.0.select1;;;;;;;;;;;;;;;;;;;;;Romania_Liga2;Romania_Liga2;
2026-09-06;2026-09-06;Romania_Liga2;6;CSM Satu Mare;Politehnica Timisoara;0.0;BASSA;FINAL;1;1;2;KO;OK;"V20SELECT_NOT_CANDIDATE || OriginalV20Score=15.16;OriginalV20Band=BASSA";3.16;2.0;;;4.0;0.0;6.0;;;;2.0.select1;;;;;;;;;;;;;;;;;;;;;Romania_Liga2;Romania_Liga2;
2026-09-06;2026-09-06;Russia_PremierLeague;7;Orenburg;Akron Togliatti;0.0;BASSA;FINAL;2;2;4;OK;OK;"V20SELECT_NOT_CANDIDATE || OriginalV20Score=51.83;OriginalV20Band=MEDIA";1.0;8.33;;;25.0;5.0;12.5;;;;2.0.select1;;;;;;;;;;;;;;;;;;;;;Russia_PremierLeague;Russia_PremierLeague;
2026-09-06;2026-09-06;Russia_PremierLeague;7;Dynamo Makhachkala;Rodina Moscow;0.0;BASSA;FINAL;2;0;2;KO;KO;"V20SELECT_NOT_CANDIDATE || OriginalV20Score=70.15;OriginalV20Band=MEDIA-ALTA";0.98;16.67;;;25.0;12.5;15.0;;;;2.0.select1;;;;;;;;;;;;;;;;;;;;;Russia_PremierLeague;Russia_PremierLeague;
2026-09-06;2026-09-06;Russia_PremierLeague;7;Din. Mosca;Sp. Mosca;0.0;BASSA;FINAL;2;1;3;OK;OK;"V20SELECT_NOT_CANDIDATE || OriginalV20Score=42.37;OriginalV20Band=BASSA";0.7;13.33;;;8.33;10.0;10.0;;;;2.0.select1;;;;;;;;;;;;;;;;;;;;;Russia_PremierLeague;Russia_PremierLeague;
2026-09-06;2026-09-06;Russia_PremierLeague;7;Baltika;Lok. Mosca;0.0;BASSA;FINAL;0;1;1;KO;KO;"V20SELECT_NOT_CANDIDATE || OriginalV20Score=46.58;OriginalV20Band=MEDIA";1.58;16.67;;;13.33;10.0;5.0;;;;2.0.select1;;;;;;;;;;;;;;;;;;;;;Russia_PremierLeague;Russia_PremierLeague;
2026-09-06;2026-09-06;Russia_FNL;10;Ural;Kamaz;0.0;BASSA;FINAL;2;0;2;KO;KO;"V20SELECT_NOT_CANDIDATE || OriginalV20Score=53.41;OriginalV20Band=MEDIA";2.3;17.5;;;17.78;7.5;8.33;;;;2.0.select1;;;;;;;;;;;;;;;;;;;;;Russia_FNL;Russia_FNL;
2026-09-06;2026-09-06;Scotland_Premiership;6;Hearts;Dundee FC;0.0;BASSA;FINAL;2;1;3;OK;OK;"V20SELECT_NOT_CANDIDATE || OriginalV20Score=65.98;OriginalV20Band=MEDIA-ALTA";14.98;25.0;;;8.0;15.0;3.0;;;;2.0.select1;;;;;;;;;;;;;;;;;;;;;Scotland_Premiership;Scotland_Premiership;
2026-09-06;2026-09-06;Scotland_Premiership;6;St. Johnstone;Hibernian;0.0;BASSA;FINAL;2;1;3;OK;OK;"V20SELECT_NOT_CANDIDATE || OriginalV20Score=69.16;OriginalV20Band=MEDIA-ALTA";14.16;15.0;;;17.5;7.5;15.0;;;;2.0.select1;;;;;;;;;;;;;;;;;;;;;Scotland_Premiership;Scotland_Premiership;
2026-09-06;2026-09-06;Serbia_SuperLiga;8;Stella Rossa;Partizan;0.0;BASSA;FINAL;2;1;3;OK;OK;"V20SELECT_NOT_CANDIDATE || OriginalV20Score=65.01;OriginalV20Band=MEDIA-ALTA";1.84;25.0;;;16.67;9.0;12.5;;;;2.0.select1;;;;;;;;;;;;;;;;;;;;;Serbia_SuperLiga;Serbia_SuperLiga;
2026-09-06;2026-09-06;Serbia_SuperLiga;8;Vojvodina;Zemun;0.0;BASSA;FINAL;2;1;3;OK;OK;"V20SELECT_NOT_CANDIDATE || OriginalV20Score=59.19;OriginalV20Band=MEDIA";2.76;21.43;;;20.0;8.57;6.43;;;;2.0.select1;;;;;;;;;;;;;;;;;;;;;Serbia_SuperLiga;Serbia_SuperLiga;
2026-09-06;2026-09-06;Serbia_PrvaLiga;7;Dubocica;Bor 1919;0.0;BASSA;FINAL;1;2;3;OK;OK;"V20SELECT_NOT_CANDIDATE || OriginalV20Score=51.91;OriginalV20Band=MEDIA";1.08;15.0;;;18.33;7.5;10.0;;;;2.0.select1;;;;;;;;;;;;;;;;;;;;;Serbia_PrvaLiga;Serbia_PrvaLiga;
2026-09-06;2026-09-06;Serbia_PrvaLiga;7;Loznica;Teleoptik;0.0;BASSA;FINAL;1;1;2;KO;OK;"V20SELECT_NOT_CANDIDATE || OriginalV20Score=50.40;OriginalV20Band=MEDIA";0.4;13.33;;;21.67;7.5;7.5;;;;2.0.select1;;;;;;;;;;;;;;;;;;;;;Serbia_PrvaLiga;Serbia_PrvaLiga;
2026-09-06;2026-09-06;Slovakia_NikeLiga;7;Kosice;Banska Bystrica;0.0;BASSA;FINAL;3;0;3;OK;KO;"V20SELECT_NOT_CANDIDATE || OriginalV20Score=75.48;OriginalV20Band=ALTA";0.48;25.0;;;25.0;15.0;10.0;;;;2.0.select1;;;;;;;;;;;;;;;;;;;;;Slovakia_NikeLiga;Slovakia_NikeLiga;
2026-09-06;2026-09-06;Slovakia_NikeLiga;7;Ruzomberok;Trnava;0.0;BASSA;FINAL;1;1;2;KO;OK;"V20SELECT_NOT_CANDIDATE || OriginalV20Score=37.36;OriginalV20Band=BASSA";2.36;6.67;;;8.33;10.0;10.0;;;;2.0.select1;;;;;;;;;;;;;;;;;;;;;Slovakia_NikeLiga;Slovakia_NikeLiga;
2026-09-06;2026-09-06;Slovakia_3Liga_West;5;Trencin B;Puchov;0.0;BASSA;FINAL;0;3;3;OK;KO;"V20SELECT_NOT_CANDIDATE || OriginalV20Score=42.96;OriginalV20Band=BASSA";0.46;20.0;;;7.5;7.5;7.5;;;;2.0.select1;;;;;;;;;;;;;;;;;;;;;Slovakia_3Liga_West;Slovakia_3Liga_West;
2026-09-06;2026-09-06;Slovakia_3Liga_West;5;Belusa;D. Luzna;0.0;BASSA;FINAL;2;2;4;OK;OK;"V20SELECT_NOT_CANDIDATE || OriginalV20Score=54.53;OriginalV20Band=MEDIA";0.78;25.0;;;10.0;15.0;3.75;;;;2.0.select1;;;;;;;;;;;;;;;;;;;;;Slovakia_3Liga_West;Slovakia_3Liga_West;
2026-09-06;2026-09-06;Slovakia_3Liga_West;5;Velke Ludince;Nitra;0.0;BASSA;FINAL;0;5;5;OK;KO;"V20SELECT_NOT_CANDIDATE || OriginalV20Score=34.04;OriginalV20Band=BASSA";1.54;10.0;;;7.5;7.5;7.5;;;;2.0.select1;;;;;;;;;;;;;;;;;;;;;Slovakia_3Liga_West;Slovakia_3Liga_West;
2026-09-06;2026-09-06;Slovenia_PrvaLiga;9;Maribor;Mura;0.0;BASSA;FINAL;1;1;2;KO;OK;"V20SELECT_NOT_CANDIDATE || OriginalV20Score=55.55;OriginalV20Band=MEDIA";1.98;18.57;;;20.0;6.43;8.57;;;;2.0.select1;;;;;;;;;;;;;;;;;;;;;Slovenia_PrvaLiga;Slovenia_PrvaLiga;
2026-09-06;2026-09-06;Slovenia_PrvaLiga;9;Celje;Koper;0.0;BASSA;FINAL;0;1;1;KO;KO;"V20SELECT_NOT_CANDIDATE || OriginalV20Score=35.53;OriginalV20Band=BASSA";0.26;18.57;;;6.25;8.57;1.88;;;;2.0.select1;;;;;;;;;;;;;;;;;;;;;Slovenia_PrvaLiga;Slovenia_PrvaLiga;
2026-09-06;2026-09-06;Spain_LaLiga;6;Valencia;Barcellona;0.0;BASSA;FINAL;0;5;5;OK;KO;"V20SELECT_NOT_CANDIDATE || OriginalV20Score=30.19;OriginalV20Band=BASSA";1.02;5.0;;;6.67;7.5;10.0;;;;2.0.select1;;;;;;;;;;;;;;;;;;;;;Spain_LaLiga;Spain_LaLiga;
2026-09-06;2026-09-06;Spain_LaLiga;6;Alaves;Osasuna;0.0;BASSA;FINAL;5;2;7;OK;OK;"V20SELECT_NOT_CANDIDATE || OriginalV20Score=30.04;OriginalV20Band=BASSA";0.04;16.67;;;3.33;5.0;5.0;;;;2.0.select1;;;;;;;;;;;;;;;;;;;;;Spain_LaLiga;Spain_LaLiga;
2026-09-06;2026-09-06;Spain_LaLiga;6;Malaga;Levante;0.0;BASSA;FINAL;0;0;0;KO;KO;"V20SELECT_NOT_CANDIDATE || OriginalV20Score=35.60;OriginalV20Band=BASSA";0.6;3.33;;;16.67;5.0;10.0;;;;2.0.select1;;;;;;;;;;;;;;;;;;;;;Spain_LaLiga;Spain_LaLiga;
2026-09-06;2026-09-06;Spain_LaLiga;6;Espanyol;Siviglia;0.0;BASSA;FINAL;1;1;2;KO;OK;"V20SELECT_NOT_CANDIDATE || OriginalV20Score=70.04;OriginalV20Band=MEDIA-ALTA";0.04;20.0;;;20.0;15.0;15.0;;;;2.0.select1;;;;;;;;;;;;;;;;;;;;;Spain_LaLiga;Spain_LaLiga;
2026-09-06;2026-09-06;Spain_LaLiga2;4;Eibar;Granada;0.0;BASSA;SCHEDULED;;;;;;"V20SELECT_NOT_CANDIDATE || OriginalV20Score=23.49;OriginalV20Band=BASSA";0.16;10.0;;;3.33;5.0;5.0;;;;2.0.select1;;;;;;;;;;;;;;;;;;;;;Spain_LaLiga2;Spain_LaLiga2;
2026-09-06;2026-09-06;Spain_LaLiga2;4;Oviedo;Burgos CF;0.0;BASSA;SCHEDULED;;;;;;"V20SELECT_NOT_CANDIDATE || OriginalV20Score=31.79;OriginalV20Band=BASSA";0.12;5.0;;;16.67;0.0;10.0;;;;2.0.select1;;;;;;;;;;;;;;;;;;;;;Spain_LaLiga2;Spain_LaLiga2;
2026-09-06;2026-09-06;Spain_LaLiga2;4;Castellon;Albacete;0.0;BASSA;SCHEDULED;;;;;;"V20SELECT_NOT_CANDIDATE || OriginalV20Score=40.42;OriginalV20Band=BASSA";0.42;10.0;;;15.0;7.5;7.5;;;;2.0.select1;;;;;;;;;;;;;;;;;;;;;Spain_LaLiga2;Spain_LaLiga2;
2026-09-06;2026-09-06;Spain_LaLiga2;4;Almeria;Cadice;0.0;BASSA;SCHEDULED;;;;;;"V20SELECT_NOT_CANDIDATE || OriginalV20Score=20.04;OriginalV20Band=BASSA";0.04;10.0;;;5.0;5.0;0.0;;;;2.0.select1;;;;;;;;;;;;;;;;;;;;;Spain_LaLiga2;Spain_LaLiga2;
2026-09-06;2026-09-06;SriLanka_SuperLeague;8;Ratnam;Red Star;0.0;BASSA;SCHEDULED;;;;;;"V20SELECT_NOT_CANDIDATE || OriginalV20Score=45.76;OriginalV20Band=MEDIA";7.9;5.71;;;12.86;12.86;6.43;;;;2.0.select1;;;;;;;;;;;;;;;;;;;;;SriLanka_SuperLeague;SriLanka_SuperLeague;
2026-09-06;2026-09-06;SouthKorea_KLeague1;27;Anyang;Gangwon;0.0;BASSA;FINAL;0;3;3;OK;KO;"V20SELECT_NOT_CANDIDATE || OriginalV20Score=42.97;OriginalV20Band=BASSA";2.68;12.69;;;9.6;9.0;9.0;;;;2.0.select1;;;;;;;;;;;;;;;;;;;;;SouthKorea_KLeague1;SouthKorea_KLeague1;
2026-09-06;2026-09-06;SouthKorea_KLeague1;27;Gimcheon Sangmu;Gwangju;0.0;BASSA;FINAL;2;2;4;OK;OK;"V20SELECT_NOT_CANDIDATE || OriginalV20Score=43.89;OriginalV20Band=BASSA";2.24;9.23;;;21.92;3.0;7.5;;;;2.0.select1;;;;;;;;;;;;;;;;;;;;;SouthKorea_KLeague1;SouthKorea_KLeague1;
2026-09-06;2026-09-06;SouthKorea_KLeague2;25;Gimpo FC;Seongnam;0.0;BASSA;SCHEDULED;;;;;;"V20SELECT_NOT_CANDIDATE || OriginalV20Score=37.13;OriginalV20Band=BASSA";1.04;12.27;;;11.82;6.0;6.0;;;;2.0.select1;;;;;;;;;;;;;;;;;;;;;SouthKorea_KLeague2;SouthKorea_KLeague2;
2026-09-06;2026-09-06;SouthKorea_KLeague2;25;Suwon Bluewings;Asan;0.0;BASSA;SCHEDULED;;;;;;"V20SELECT_NOT_CANDIDATE || OriginalV20Score=46.40;OriginalV20Band=MEDIA";3.48;15.65;;;12.27;9.0;6.0;;;;2.0.select1;;;;;;;;;;;;;;;;;;;;;SouthKorea_KLeague2;SouthKorea_KLeague2;
2026-09-06;2026-09-06;Sweden_Allsvenskan;26;Orgryte;Hammarby;0.0;BASSA;FINAL;1;1;2;KO;OK;"V20SELECT_NOT_CANDIDATE || OriginalV20Score=47.43;OriginalV20Band=MEDIA";6.88;11.58;;;9.47;9.0;10.5;;;;2.0.select1;;;;;;;;;;;;;;;;;;;;;Sweden_Allsvenskan;Sweden_Allsvenskan;
2026-09-06;2026-09-06;Sweden_Allsvenskan;26;Brommapojkarna;Elfsborg;0.0;BASSA;FINAL;2;1;3;OK;OK;"V20SELECT_NOT_CANDIDATE || OriginalV20Score=45.03;OriginalV20Band=MEDIA";2.82;14.21;;;10.0;10.5;7.5;;;;2.0.select1;;;;;;;;;;;;;;;;;;;;;Sweden_Allsvenskan;Sweden_Allsvenskan;
2026-09-06;2026-09-06;Sweden_Division1_Norra;22;Vasalund;Enkoping SK;0.0;BASSA;FINAL;2;3;5;OK;OK;"V20SELECT_NOT_CANDIDATE || OriginalV20Score=50.31;OriginalV20Band=MEDIA";1.7;15.79;;;16.32;9.0;7.5;;;;2.0.select1;;;;;;;;;;;;;;;;;;;;;Sweden_Division1_Norra;Sweden_Division1_Norra;
2026-09-06;2026-09-06;Sweden_Division1_Norra;22;Arlanda;Umeå;0.0;BASSA;FINAL;1;2;3;OK;OK;"V20SELECT_NOT_CANDIDATE || OriginalV20Score=54.89;OriginalV20Band=MEDIA";4.18;17.37;;;16.84;9.0;7.5;;;;2.0.select1;;;;;;;;;;;;;;;;;;;;;Sweden_Division1_Norra;Sweden_Division1_Norra;
2026-09-06;2026-09-06;Sweden_Division1_Norra;22;Pitea;Karlbergs;0.0;BASSA;FINAL;3;0;3;OK;KO;"V20SELECT_NOT_CANDIDATE || OriginalV20Score=42.79;OriginalV20Band=BASSA";3.5;11.05;;;14.74;6.0;7.5;;;;2.0.select1;;;;;;;;;;;;;;;;;;;;;Sweden_Division1_Norra;Sweden_Division1_Norra;
2026-09-06;2026-09-06;Sweden_Division1_Sodra;22;Skövde;Trelleborg;0.0;BASSA;FINAL;2;1;3;OK;OK;"V20SELECT_NOT_CANDIDATE || OriginalV20Score=48.77;OriginalV20Band=MEDIA";5.74;9.47;;;11.05;10.5;12.0;;;;2.0.select1;;;;;;;;;;;;;;;;;;;;;Sweden_Division1_Sodra;Sweden_Division1_Sodra;
2026-09-06;2026-09-06;Sweden_Division1_Sodra;22;Jonkoping;Tvaaker;0.0;BASSA;FINAL;0;1;1;KO;KO;"V20SELECT_NOT_CANDIDATE || OriginalV20Score=46.57;OriginalV20Band=MEDIA";0.68;13.16;;;14.74;4.5;13.5;;;;2.0.select1;;;;;;;;;;;;;;;;;;;;;Sweden_Division1_Sodra;Sweden_Division1_Sodra;
2026-09-06;2026-09-06;Sweden_Division2_NorraGotaland;22;Grebbestad;Lidkoping;0.0;BASSA;FINAL;0;1;1;KO;KO;"V20SELECT_NOT_CANDIDATE || OriginalV20Score=62.93;OriginalV20Band=MEDIA-ALTA";4.54;17.89;;;19.5;12.0;9.0;;;;2.0.select1;;;;;;;;;;;;;;;;;;;;;Sweden_Division2_NorraGotaland;Sweden_Division2_NorraGotaland;
2026-09-06;2026-09-06;Sweden_Division2_NorraGotaland;22;Skara;Vanersborgs IF;0.0;BASSA;FINAL;5;0;5;OK;KO;"V20SELECT_NOT_CANDIDATE || OriginalV20Score=69.13;OriginalV20Band=MEDIA-ALTA";9.66;19.47;;;25.0;6.0;9.0;;;;2.0.select1;;;;;;;;;;;;;;;;;;;;;Sweden_Division2_NorraGotaland;Sweden_Division2_NorraGotaland;
2026-09-06;2026-09-06;Sweden_Division2_NorraSvealand;21;Bollstanas;Angby;0.0;BASSA;FINAL;0;5;5;OK;KO;"V20SELECT_NOT_CANDIDATE || OriginalV20Score=52.88;OriginalV20Band=MEDIA";3.3;20.0;;;11.58;10.5;7.5;;;;2.0.select1;;;;;;;;;;;;;;;;;;;;;Sweden_Division2_NorraSvealand;Sweden_Division2_NorraSvealand;
2026-09-06;2026-09-06;Sweden_Division2_NorraSvealand;21;Sunnersta AIF;Enskede;0.0;BASSA;FINAL;0;1;1;KO;KO;"V20SELECT_NOT_CANDIDATE || OriginalV20Score=60.96;OriginalV20Band=MEDIA-ALTA";3.38;25.0;;;11.58;12.0;9.0;;;;2.0.select1;;;;;;;;;;;;;;;;;;;;;Sweden_Division2_NorraSvealand;Sweden_Division2_NorraSvealand;
2026-09-06;2026-09-06;Sweden_Division2_NorraSvealand;21;Viggbyholms;Falu;0.0;BASSA;FINAL;0;2;2;KO;KO;"V20SELECT_NOT_CANDIDATE || OriginalV20Score=40.03;OriginalV20Band=BASSA";5.56;8.95;;;10.53;6.0;9.0;;;;2.0.select1;;;;;;;;;;;;;;;;;;;;;Sweden_Division2_NorraSvealand;Sweden_Division2_NorraSvealand;
2026-09-06;2026-09-06;Sweden_Division2_SodraGotaland;25;Staffanstorp United;Karlskrona;0.0;BASSA;FINAL;0;2;2;KO;KO;"V20SELECT_NOT_CANDIDATE || OriginalV20Score=54.30;OriginalV20Band=MEDIA";8.04;15.26;;;10.0;7.5;13.5;;;;2.0.select1;;;;;;;;;;;;;;;;;;;;;Sweden_Division2_SodraGotaland;Sweden_Division2_SodraGotaland;
2026-09-06;2026-09-06;Sweden_Division2_SodraGotaland;25;IFK Berga;Lilla Torg;0.0;BASSA;FINAL;1;3;4;OK;OK;"V20SELECT_NOT_CANDIDATE || OriginalV20Score=63.40;OriginalV20Band=MEDIA-ALTA";4.66;21.43;;;16.32;13.5;7.5;;;;2.0.select1;;;;;;;;;;;;;;;;;;;;;Sweden_Division2_SodraGotaland;Sweden_Division2_SodraGotaland;
2026-09-06;2026-09-06;Sweden_Division2_SodraGotaland;25;IFK Trelleborg;Linero IF;0.0;BASSA;FINAL;1;2;3;OK;OK;"V20SELECT_NOT_CANDIDATE || OriginalV20Score=57.68;OriginalV20Band=MEDIA";1.86;18.95;;;17.37;9.0;10.5;;;;2.0.select1;;;;;;;;;;;;;;;;;;;;;Sweden_Division2_SodraGotaland;Sweden_Division2_SodraGotaland;
2026-09-06;2026-09-06;Sweden_Division2_SodraSvealand;20;Forward;Farsta;0.0;BASSA;FINAL;1;2;3;OK;OK;"V20SELECT_NOT_CANDIDATE || OriginalV20Score=56.45;OriginalV20Band=MEDIA";0.9;25.0;;;11.05;10.5;9.0;;;;2.0.select1;;;;;;;;;;;;;;;;;;;;;Sweden_Division2_SodraSvealand;Sweden_Division2_SodraSvealand;
2026-09-06;2026-09-06;Sweden_Division2_SodraSvealand;20;Syrianska;Fittja;0.0;BASSA;FINAL;0;0;0;KO;KO;"V20SELECT_NOT_CANDIDATE || OriginalV20Score=56.60;OriginalV20Band=MEDIA";4.02;14.74;;;16.84;13.5;7.5;;;;2.0.select1;;;;;;;;;;;;;;;;;;;;;Sweden_Division2_SodraSvealand;Sweden_Division2_SodraSvealand;
2026-09-06;2026-09-06;Sweden_Division2_VastraGotaland;22;Qviding;Jonsereds;0.0;BASSA;FINAL;1;0;1;KO;KO;"V20SELECT_NOT_CANDIDATE || OriginalV20Score=67.44;OriginalV20Band=MEDIA-ALTA";3.62;25.0;;;16.32;13.5;9.0;;;;2.0.select1;;;;;;;;;;;;;;;;;;;;;Sweden_Division2_VastraGotaland;Sweden_Division2_VastraGotaland;
2026-09-06;2026-09-06;Sweden_Division2_VastraGotaland;22;Astrio;Astorps;0.0;BASSA;FINAL;1;2;3;OK;OK;"V20SELECT_NOT_CANDIDATE || OriginalV20Score=45.47;OriginalV20Band=MEDIA";3.26;6.84;;;17.37;10.5;7.5;;;;2.0.select1;;;;;;;;;;;;;;;;;;;;;Sweden_Division2_VastraGotaland;Sweden_Division2_VastraGotaland;
2026-09-06;2026-09-06;Sweden_Division2_VastraGotaland;22;Hestrafors;Lindome;0.0;BASSA;FINAL;2;0;2;KO;KO;"V20SELECT_NOT_CANDIDATE || OriginalV20Score=61.73;OriginalV20Band=MEDIA-ALTA";0.44;21.58;;;14.21;15.0;10.5;;;;2.0.select1;;;;;;;;;;;;;;;;;;;;;Sweden_Division2_VastraGotaland;Sweden_Division2_VastraGotaland;
2026-09-06;2026-09-06;Switzerland_SuperLeague;7;Servette;St. Gallen;0.0;BASSA;FINAL;0;2;2;KO;KO;"V20SELECT_NOT_CANDIDATE || OriginalV20Score=48.58;OriginalV20Band=MEDIA";0.58;8.0;;;22.0;6.0;12.0;;;;2.0.select1;;;;;;;;;;;;;;;;;;;;;Switzerland_SuperLeague;Switzerland_SuperLeague;
2026-09-06;2026-09-06;Switzerland_SuperLeague;7;Basilea;Lugano;0.0;BASSA;FINAL;1;3;4;OK;OK;"V20SELECT_NOT_CANDIDATE || OriginalV20Score=47.03;OriginalV20Band=MEDIA";0.7;18.33;;;6.0;10.0;12.0;;;;2.0.select1;;;;;;;;;;;;;;;;;;;;;Switzerland_SuperLeague;Switzerland_SuperLeague;
2026-09-06;2026-09-06;Switzerland_ChallengeLeague;7;Yverdon;Nyonnais;0.0;BASSA;FINAL;4;1;5;OK;OK;"V20SELECT_NOT_CANDIDATE || OriginalV20Score=54.42;OriginalV20Band=MEDIA";1.92;16.67;;;18.33;7.5;10.0;;;;2.0.select1;;;;;;;;;;;;;;;;;;;;;Switzerland_ChallengeLeague;Switzerland_ChallengeLeague;
2026-09-06;2026-09-06;Switzerland_PromotionLeague;8;Biel;Young Boys 2;0.0;BASSA;FINAL;2;4;6;OK;OK;"V20SELECT_NOT_CANDIDATE || OriginalV20Score=87.20;OriginalV20Band=ALTA";17.2;24.0;;;25.0;6.0;15.0;;;;2.0.select1;;;;;;;;;;;;;;;;;;;;;Switzerland_PromotionLeague;Switzerland_PromotionLeague;
2026-09-06;2026-09-06;Turkey_SuperLig;4;Corum;Eyupspor;0.0;BASSA;FINAL;3;0;3;OK;KO;"V20SELECT_NOT_CANDIDATE || OriginalV20Score=50.26;OriginalV20Band=MEDIA";0.26;20.0;;;10.0;15.0;5.0;;;;2.0.select1;;;;;;;;;;;;;;;;;;;;;Turkey_SuperLig;Turkey_SuperLig;
2026-09-06;2026-09-06;Turkey_SuperLig;4;Kasimpasa;Amedspor;0.0;BASSA;FINAL;2;2;4;OK;OK;"V20SELECT_NOT_CANDIDATE || OriginalV20Score=30.54;OriginalV20Band=BASSA";0.54;10.0;;;10.0;0.0;10.0;;;;2.0.select1;;;;;;;;;;;;;;;;;;;;;Turkey_SuperLig;Turkey_SuperLig;
2026-09-06;2026-09-06;Turkey_SuperLig;4;Kocaelispor;Samsunspor;0.0;BASSA;FINAL;1;0;1;KO;KO;"V20SELECT_NOT_CANDIDATE || OriginalV20Score=51.45;OriginalV20Band=MEDIA";0.62;13.33;;;25.0;5.0;7.5;;;;2.0.select1;;;;;;;;;;;;;;;;;;;;;Turkey_SuperLig;Turkey_SuperLig;
2026-09-06;2026-09-06;Turkey_SuperLig;4;Trabzonspor;Genclerbirligi;0.0;BASSA;FINAL;5;0;5;OK;KO;"V20SELECT_NOT_CANDIDATE || OriginalV20Score=35.50;OriginalV20Band=BASSA";0.5;13.33;;;6.67;10.0;5.0;;;;2.0.select1;;;;;;;;;;;;;;;;;;;;;Turkey_SuperLig;Turkey_SuperLig;
2026-09-06;2026-09-06;Turkey_1Lig;6;Antalyaspor;Sivasspor;0.0;BASSA;FINAL;1;2;3;OK;OK;"V20SELECT_NOT_CANDIDATE || OriginalV20Score=50.54;OriginalV20Band=MEDIA";0.54;16.0;;;16.0;9.0;9.0;;;;2.0.select1;;;;;;;;;;;;;;;;;;;;;Turkey_1Lig;Turkey_1Lig;
2026-09-06;2026-09-06;Turkey_1Lig;6;Batman Petrolspor;Karagumruk;0.0;BASSA;FINAL;4;3;7;OK;OK;"V20SELECT_NOT_CANDIDATE || OriginalV20Score=47.84;OriginalV20Band=MEDIA";0.84;20.0;;;12.0;9.0;6.0;;;;2.0.select1;;;;;;;;;;;;;;;;;;;;;Turkey_1Lig;Turkey_1Lig;
2026-09-06;2026-09-06;Turkey_1Lig;6;Muglaspor;Vanspor FK;0.0;BASSA;FINAL;2;2;4;OK;OK;"V20SELECT_NOT_CANDIDATE || OriginalV20Score=34.66;OriginalV20Band=BASSA";0.66;6.0;;;22.0;0.0;6.0;;;;2.0.select1;;;;;;;;;;;;;;;;;;;;;Turkey_1Lig;Turkey_1Lig;
2026-09-06;2026-09-06;Ukraine_PremierLeague;5;Dyn. Kyiv;LNZ Cherkasy;0.0;BASSA;FINAL;0;0;0;KO;KO;"V20SELECT_NOT_CANDIDATE || OriginalV20Score=57.42;OriginalV20Band=MEDIA";15.34;13.33;;;10.0;15.0;3.75;;;;2.0.select1;;;;;;;;;;;;;;;;;;;;;Ukraine_PremierLeague;Ukraine_PremierLeague;
2026-09-06;2026-09-06;Ukraine_PremierLeague;5;Veres-Rivne;Zorya;0.0;BASSA;FINAL;1;1;2;KO;OK;"V20SELECT_NOT_CANDIDATE || OriginalV20Score=51.66;OriginalV20Band=MEDIA";14.16;5.0;;;17.5;3.75;11.25;;;;2.0.select1;;;;;;;;;;;;;;;;;;;;;Ukraine_PremierLeague;Ukraine_PremierLeague;
2026-09-06;2026-09-06;Ukraine_PremierLeague;5;Epitsentr;Bukovyna;0.0;BASSA;FINAL;0;0;0;KO;KO;"V20SELECT_NOT_CANDIDATE || OriginalV20Score=51.66;OriginalV20Band=MEDIA";14.16;15.0;;;7.5;7.5;7.5;;;;2.0.select1;;;;;;;;;;;;;;;;;;;;;Ukraine_PremierLeague;Ukraine_PremierLeague;
2026-09-06;2026-09-06;Hungary_NBI;8;Zalaegerszeg;Puskas Academy;0.0;BASSA;FINAL;1;0;1;KO;KO;"V20SELECT_NOT_CANDIDATE || OriginalV20Score=38.93;OriginalV20Band=BASSA";2.38;7.14;;;13.33;8.57;7.5;;;;2.0.select1;;;;;;;;;;;;;;;;;;;;;Hungary_NBI;Hungary_NBI;
2026-09-06;2026-09-06;Hungary_NBI;8;Ferencvaros;Ujpest;0.0;BASSA;FINAL;2;2;4;OK;OK;"V20SELECT_NOT_CANDIDATE || OriginalV20Score=51.79;OriginalV20Band=MEDIA";0.36;16.0;;;15.71;9.0;10.71;;;;2.0.select1;;;;;;;;;;;;;;;;;;;;;Hungary_NBI;Hungary_NBI;
2026-09-06;2026-09-06;Hungary_NBI;8;Győr;Honved;0.0;BASSA;FINAL;3;2;5;OK;OK;"V20SELECT_NOT_CANDIDATE || OriginalV20Score=54.07;OriginalV20Band=MEDIA";0.74;18.33;;;16.0;10.0;9.0;;;;2.0.select1;;;;;;;;;;;;;;;;;;;;;Hungary_NBI;Hungary_NBI;
2026-09-06;2026-09-06;Hungary_NBII;7;Csakvari;Szeged;0.0;BASSA;FINAL;2;2;4;OK;OK;"V20SELECT_NOT_CANDIDATE || OriginalV20Score=34.51;OriginalV20Band=BASSA";0.76;10.0;;;10.0;10.0;3.75;;;;2.0.select1;;;;;;;;;;;;;;;;;;;;;Hungary_NBII;Hungary_NBII;
2026-09-06;2026-09-06;USA_MLS;26;Charlotte;Houston Dynamo;0.0;BASSA;FINAL;0;0;0;KO;KO;"V20SELECT_NOT_CANDIDATE || OriginalV20Score=42.42;OriginalV20Band=BASSA";0.34;18.26;;;11.82;9.0;3.0;;;;2.0.select1;;;;;;;;;;;;;;;;;;;;;USA_MLS;USA_MLS;
2026-09-06;2026-09-06;USA_MLS;26;Cincinnati;DC United;0.0;BASSA;POSTPONED;;;;;;"V20SELECT_NOT_CANDIDATE || OriginalV20Score=60.88;OriginalV20Band=MEDIA-ALTA";1.24;22.27;;;16.36;12.0;9.0;;;;2.0.select1;;;;;;;;;;;;;;;;;;;;;USA_MLS;USA_MLS;
2026-09-06;2026-09-06;USA_MLS;26;Columbus Crew;Colorado Rapids;0.0;BASSA;FINAL;3;0;3;OK;KO;"V20SELECT_NOT_CANDIDATE || OriginalV20Score=47.67;OriginalV20Band=MEDIA";2.4;14.09;;;13.18;12.0;6.0;;;;2.0.select1;;;;;;;;;;;;;;;;;;;;;USA_MLS;USA_MLS;
2026-09-06;2026-09-06;USA_MLS;26;Inter Miami;Atlanta Utd;0.0;BASSA;FINAL;2;2;4;OK;OK;"V20SELECT_NOT_CANDIDATE || OriginalV20Score=68.58;OriginalV20Band=MEDIA-ALTA";3.46;25.0;;;17.62;12.0;10.5;;;;2.0.select1;;;;;;;;;;;;;;;;;;;;;USA_MLS;USA_MLS;
2026-09-06;2026-09-06;USA_MLS;26;Orlando City;San Diego FC;0.0;BASSA;FINAL;1;0;1;KO;KO;"V20SELECT_NOT_CANDIDATE || OriginalV20Score=52.52;OriginalV20Band=MEDIA";1.2;16.82;;;15.0;10.5;9.0;;;;2.0.select1;;;;;;;;;;;;;;;;;;;;;USA_MLS;USA_MLS;
2026-09-06;2026-09-06;USA_MLS;26;Philadelphia Union;CF Montreal;0.0;BASSA;FINAL;2;0;2;KO;KO;"V20SELECT_NOT_CANDIDATE || OriginalV20Score=54.94;OriginalV20Band=MEDIA";0.58;15.45;;;20.91;10.5;7.5;;;;2.0.select1;;;;;;;;;;;;;;;;;;;;;USA_MLS;USA_MLS;
2026-09-06;2026-09-06;USA_MLS;26;Toronto FC;Chicago Fire;0.0;BASSA;FINAL;4;4;8;OK;OK;"V20SELECT_NOT_CANDIDATE || OriginalV20Score=50.13;OriginalV20Band=MEDIA";3.08;13.91;;;13.64;7.5;12.0;;;;2.0.select1;;;;;;;;;;;;;;;;;;;;;USA_MLS;USA_MLS;
2026-09-06;2026-09-06;USA_MLS;26;Austin FC;San Jose Earthquakes;0.0;BASSA;FINAL;1;1;2;KO;OK;"V20SELECT_NOT_CANDIDATE || OriginalV20Score=52.53;OriginalV20Band=MEDIA";2.3;12.73;;;15.0;12.0;10.5;;;;2.0.select1;;;;;;;;;;;;;;;;;;;;;USA_MLS;USA_MLS;
2026-09-06;2026-09-06;USA_MLS;26;FC Dallas;Sporting Kansas City;0.0;BASSA;FINAL;4;3;7;OK;OK;"V20SELECT_NOT_CANDIDATE || OriginalV20Score=70.30;OriginalV20Band=MEDIA-ALTA";3.12;18.64;;;24.55;12.0;12.0;;;;2.0.select1;;;;;;;;;;;;;;;;;;;;;USA_MLS;USA_MLS;
2026-09-06;2026-09-06;USA_MLS;26;Seattle Sounders;New York Red Bulls;0.0;BASSA;FINAL;0;0;0;KO;KO;"V20SELECT_NOT_CANDIDATE || OriginalV20Score=49.00;OriginalV20Band=MEDIA";0.16;11.43;;;20.91;7.5;9.0;;;;2.0.select1;;;;;;;;;;;;;;;;;;;;;USA_MLS;USA_MLS;
2026-09-06;2026-09-06;USA_MLS;26;Los Angeles Galaxy;New England Revolution;0.0;BASSA;FINAL;2;1;3;OK;OK;"V20SELECT_NOT_CANDIDATE || OriginalV20Score=41.82;OriginalV20Band=BASSA";1.82;12.73;;;12.27;6.0;9.0;;;;2.0.select1;;;;;;;;;;;;;;;;;;;;;USA_MLS;USA_MLS;
2026-09-06;2026-09-06;USA_MLS;26;Real Salt Lake;Los Angeles FC;0.0;BASSA;FINAL;2;2;4;OK;OK;"V20SELECT_NOT_CANDIDATE || OriginalV20Score=42.01;OriginalV20Band=BASSA";0.82;16.19;;;10.0;9.0;6.0;;;;2.0.select1;;;;;;;;;;;;;;;;;;;;;USA_MLS;USA_MLS;
2026-09-06;2026-09-06;USA_MLS;26;Portland Timbers;Minnesota;0.0;BASSA;FINAL;5;4;9;OK;OK;"V20SELECT_NOT_CANDIDATE || OriginalV20Score=52.13;OriginalV20Band=MEDIA";0.36;17.73;;;14.55;12.0;7.5;;;;2.0.select1;;;;;;;;;;;;;;;;;;;;;USA_MLS;USA_MLS;
2026-09-06;2026-09-06;USA_MLS;26;Vancouver Whitecaps;St. Louis City;0.0;BASSA;FINAL;1;3;4;OK;OK;"V20SELECT_NOT_CANDIDATE || OriginalV20Score=54.33;OriginalV20Band=MEDIA";1.34;22.86;;;13.64;7.5;9.0;;;;2.0.select1;;;;;;;;;;;;;;;;;;;;;USA_MLS;USA_MLS;
2026-09-06;2026-09-06;USA_USLChampionship;33;Detroit;Hartford Athletic;0.0;BASSA;FINAL;1;1;2;KO;OK;"V20SELECT_NOT_CANDIDATE || OriginalV20Score=35.20;OriginalV20Band=BASSA";1.84;12.86;;;10.0;4.5;6.0;;;;2.0.select1;;;;;;;;;;;;;;;;;;;;;USA_USLChampionship;USA_USLChampionship;
2026-09-06;2026-09-06;USA_USLChampionship;33;Indy Eleven;Birmingham Legion;0.0;BASSA;FINAL;2;2;4;OK;OK;"V20SELECT_NOT_CANDIDATE || OriginalV20Score=41.84;OriginalV20Band=BASSA";1.34;12.0;;;15.0;4.5;9.0;;;;2.0.select1;;;;;;;;;;;;;;;;;;;;;USA_USLChampionship;USA_USLChampionship;
2026-09-06;2026-09-06;USA_USLChampionship;33;Sporting Jax;Lexington;0.0;BASSA;FINAL;3;2;5;OK;OK;"V20SELECT_NOT_CANDIDATE || OriginalV20Score=45.61;OriginalV20Band=MEDIA";3.52;12.27;;;11.82;12.0;6.0;;;;2.0.select1;;;;;;;;;;;;;;;;;;;;;USA_USLChampionship;USA_USLChampionship;
2026-09-06;2026-09-06;USA_USLChampionship;33;Rhode Island;Louisville City;0.0;BASSA;FINAL;1;1;2;KO;OK;"V20SELECT_NOT_CANDIDATE || OriginalV20Score=45.94;OriginalV20Band=MEDIA";1.08;15.0;;;16.36;4.5;9.0;;;;2.0.select1;;;;;;;;;;;;;;;;;;;;;USA_USLChampionship;USA_USLChampionship;
2026-09-06;2026-09-06;USA_USLChampionship;33;Tampa Bay;Brooklyn;0.0;BASSA;FINAL;2;0;2;KO;KO;"V20SELECT_NOT_CANDIDATE || OriginalV20Score=55.73;OriginalV20Band=MEDIA";5.46;17.27;;;18.0;6.0;9.0;;;;2.0.select1;;;;;;;;;;;;;;;;;;;;;USA_USLChampionship;USA_USLChampionship;
2026-09-06;2026-09-06;USA_USLChampionship;33;San Antonio;FC Tulsa;0.0;BASSA;FINAL;0;0;0;KO;KO;"V20SELECT_NOT_CANDIDATE || OriginalV20Score=32.67;OriginalV20Band=BASSA";0.4;12.73;;;9.05;7.5;3.0;;;;2.0.select1;;;;;;;;;;;;;;;;;;;;;USA_USLChampionship;USA_USLChampionship;
2026-09-06;2026-09-06;USA_USLChampionship;33;Orange County SC;Sacramento Republic;0.0;BASSA;FINAL;1;1;2;KO;OK;"V20SELECT_NOT_CANDIDATE || OriginalV20Score=41.17;OriginalV20Band=BASSA";0.62;15.0;;;9.05;10.5;6.0;;;;2.0.select1;;;;;;;;;;;;;;;;;;;;;USA_USLChampionship;USA_USLChampionship;
2026-09-06;2026-09-06;USA_USLChampionship;33;Monterey Bay;Phoenix Rising;0.0;BASSA;FINAL;1;1;2;KO;OK;"V20SELECT_NOT_CANDIDATE || OriginalV20Score=42.81;OriginalV20Band=BASSA";2.24;10.43;;;13.64;7.5;9.0;;;;2.0.select1;;;;;;;;;;;;;;;;;;;;;USA_USLChampionship;USA_USLChampionship;
2026-09-06;2026-09-06;USA_USLChampionship;33;Las Vegas Lights;New Mexico;0.0;BASSA;FINAL;1;2;3;OK;OK;"V20SELECT_NOT_CANDIDATE || OriginalV20Score=38.83;OriginalV20Band=BASSA";2.6;12.73;;;10.0;6.0;7.5;;;;2.0.select1;;;;;;;;;;;;;;;;;;;;;USA_USLChampionship;USA_USLChampionship;
2026-09-06;2026-09-06;USA_USLChampionship;33;Miami FC;Pittsburgh;0.0;BASSA;FINAL;2;2;4;OK;OK;"V20SELECT_NOT_CANDIDATE || OriginalV20Score=37.48;OriginalV20Band=BASSA";2.62;11.36;;;10.0;7.5;6.0;;;;2.0.select1;;;;;;;;;;;;;;;;;;;;;USA_USLChampionship;USA_USLChampionship;
2026-09-06;2026-09-06;USA_MLSNextPro_WesternConference_CentralDivision;30;Minnesota 2;Colorado Rapids 2;0.0;BASSA;FINAL;2;0;2;KO;KO;"V20SELECT_NOT_CANDIDATE || OriginalV20Score=61.17;OriginalV20Band=MEDIA-ALTA";8.3;13.75;;;19.62;7.5;12.0;;;;2.0.select1;;;;;;;;;;;;;;;;;;;;;USA_MLSNextPro_WesternConference_CentralDivision;USA_MLSNextPro_WesternConference_PacificDivision;
2026-09-06;2026-09-06;USA_MLSNextPro_WesternConference_CentralDivision;30;Sporting Kansas City 2;St. Louis City 2;0.0;BASSA;FINAL;1;2;3;OK;OK;"V20SELECT_NOT_CANDIDATE || OriginalV20Score=52.20;OriginalV20Band=MEDIA";5.9;12.4;;;14.4;12.0;7.5;;;;2.0.select1;;;;;;;;;;;;;;;;;;;;;USA_MLSNextPro_WesternConference_CentralDivision;USA_MLSNextPro_WesternConference_CentralDivision;
2026-09-06;2026-09-06;USA_MLSNextPro_WesternConference_PacificDivision;28;Los Angeles FC 2;Ventura County;0.0;BASSA;FINAL;1;1;2;KO;OK;"V20SELECT_NOT_CANDIDATE || OriginalV20Score=53.54;OriginalV20Band=MEDIA";2.14;16.8;;;13.6;10.5;10.5;;;;2.0.select1;;;;;;;;;;;;;;;;;;;;;USA_MLSNextPro_WesternConference_PacificDivision;USA_MLSNextPro_WesternConference_PacificDivision;
2026-09-06;2026-09-06;USA_MLSNextPro_WesternConference_PacificDivision;28;San Jose Earthquakes 2;Tacoma Defiance;0.0;BASSA;FINAL;1;2;3;OK;OK;"V20SELECT_NOT_CANDIDATE || OriginalV20Score=51.26;OriginalV20Band=MEDIA";1.24;17.92;;;15.6;4.5;12.0;;;;2.0.select1;;;;;;;;;;;;;;;;;;;;;USA_MLSNextPro_WesternConference_PacificDivision;USA_MLSNextPro_WesternConference_PacificDivision;
2026-09-06;2026-09-06;USA_USLLeagueOne;36;Chattanooga Red Wolves;Greenville;0.0;BASSA;FINAL;3;1;4;OK;OK;"V20SELECT_NOT_CANDIDATE || OriginalV20Score=62.33;OriginalV20Band=MEDIA-ALTA";9.78;18.64;;;15.91;10.5;7.5;;;;2.0.select1;;;;;;;;;;;;;;;;;;;;;USA_USLLeagueOne;USA_USLLeagueOne;
2026-09-06;2026-09-06;USA_USLLeagueOne;36;FC Naples;Boise;0.0;BASSA;FINAL;0;2;2;KO;KO;"V20SELECT_NOT_CANDIDATE || OriginalV20Score=58.66;OriginalV20Band=MEDIA";9.84;11.74;;;14.58;10.5;12.0;;;;2.0.select1;;;;;;;;;;;;;;;;;;;;;USA_USLLeagueOne;USA_USLLeagueOne;
2026-09-06;2026-09-06;USA_USLLeagueOne;36;Fort Wayne;New York Cosmos;0.0;BASSA;FINAL;2;4;6;OK;OK;"V20SELECT_NOT_CANDIDATE || OriginalV20Score=61.63;OriginalV20Band=MEDIA-ALTA";10.58;14.55;;;20.0;10.5;6.0;;;;2.0.select1;;;;;;;;;;;;;;;;;;;;;USA_USLLeagueOne;USA_USLLeagueOne;
2026-09-06;2026-09-06;USA_USLLeagueOne;36;Sarasota Paradise;Spokane Velocity;0.0;BASSA;FINAL;1;1;2;KO;OK;"V20SELECT_NOT_CANDIDATE || OriginalV20Score=54.41;OriginalV20Band=MEDIA";9.68;10.87;;;12.86;9.0;12.0;;;;2.0.select1;;;;;;;;;;;;;;;;;;;;;USA_USLLeagueOne;USA_USLLeagueOne;
2026-09-06;2026-09-06;USA_USLLeagueOne;36;Union Omaha;Charlotte Independ.;0.0;BASSA;FINAL;2;0;2;KO;KO;"V20SELECT_NOT_CANDIDATE || OriginalV20Score=54.56;OriginalV20Band=MEDIA";6.0;17.08;;;13.48;7.5;10.5;;;;2.0.select1;;;;;;;;;;;;;;;;;;;;;USA_USLLeagueOne;USA_USLLeagueOne;
2026-09-06;2026-09-06;USA_USLLeagueOne;36;Corpus Christi FC;Forward Madison;0.0;BASSA;FINAL;0;2;2;KO;KO;"V20SELECT_NOT_CANDIDATE || OriginalV20Score=47.53;OriginalV20Band=MEDIA";9.92;12.17;;;10.43;6.0;9.0;;;;2.0.select1;;;;;;;;;;;;;;;;;;;;;USA_USLLeagueOne;USA_USLLeagueOne;
2026-09-06;2026-09-06;USA_USLLeagueOne;36;AV Alta;One Knoxville;0.0;BASSA;FINAL;1;2;3;OK;OK;"V20SELECT_NOT_CANDIDATE || OriginalV20Score=50.58;OriginalV20Band=MEDIA";8.08;13.2;;;11.3;9.0;9.0;;;;2.0.select1;;;;;;;;;;;;;;;;;;;;;USA_USLLeagueOne;USA_USLLeagueOne;
2026-09-06;2026-09-06;Iceland_1DeildWomen;20;UMF Selfoss;HK Kopavogur;0.0;BASSA;FINAL;3;3;6;OK;OK;"V20SELECT_NOT_CANDIDATE || OriginalV20Score=56.52;OriginalV20Band=MEDIA";1.84;18.12;;;17.06;9.0;10.5;;;;2.0.select1;;;;;;;;;;;;;;;;;;;;;Iceland_1DeildWomen;Iceland_1DeildWomen;
2026-09-06;2026-09-06;Iceland_1DeildWomen;20;Keflavik Women;Fjardab/Hottur/Leiknir;0.0;BASSA;FINAL;3;3;6;OK;OK;"V20SELECT_NOT_CANDIDATE || OriginalV20Score=37.03;OriginalV20Band=BASSA";3.66;10.0;;;14.37;0.0;9.0;;;;2.0.select1;;;;;;;;;;;;;;;;;;;;;Iceland_1DeildWomen;Iceland_1DeildWomen;
2026-09-07;2026-09-07;Norway_3rdDivision_Group1;23;K. Oslo 2;Lokomotiv Oslo;71.51;ALTA;FINAL;0;3;3;OK;KO;"V20SELECT_CANDIDATE || V20PLUS_CANDIDATE[V20Score=71.51;V20Band=MEDIA-ALTA;V22Score=86.82;V22Band=ALTA;V25Score=86.82;V25Band=ALTA;MinV20Score=71.00]";1.26;21.25;;;25.0;13.5;10.5;;;;2.0.select1;;;;;;;;;;;;;;;;;;;;;Norway_3rdDivision_Group1;Norway_3rdDivision_Group1;
2026-09-07;2026-09-07;SaudiArabia_ProfessionalLeague;5;Al Khaleej;Al Riyadh;0.0;BASSA;FINAL;0;0;0;KO;KO;"V20SELECT_NOT_CANDIDATE || OriginalV20Score=48.51;OriginalV20Band=MEDIA";0.18;3.33;;;25.0;5.0;15.0;;;;2.0.select1;;;;;;;;;;;;;;;;;;;;;SaudiArabia_ProfessionalLeague;SaudiArabia_ProfessionalLeague;18 clubs, double round robin, 34 rounds (306 matches).
2026-09-07;2026-09-07;SaudiArabia_ProfessionalLeague;5;Al-Hilal;Neom SC;0.0;BASSA;FINAL;0;2;2;KO;KO;"V20SELECT_NOT_CANDIDATE || OriginalV20Score=60.38;OriginalV20Band=MEDIA-ALTA";0.38;25.0;;;10.0;15.0;10.0;;;;2.0.select1;;;;;;;;;;;;;;;;;;;;;SaudiArabia_ProfessionalLeague;SaudiArabia_ProfessionalLeague;18 clubs, double round robin, 34 rounds (306 matches).
2026-09-07;2026-09-07;Armenia_FirstLeague;6;Andranik;Pyunik 2;0.0;BASSA;FINAL;3;1;4;OK;OK;"V20SELECT_NOT_CANDIDATE || OriginalV20Score=57.03;OriginalV20Band=MEDIA";0.28;22.5;;;14.0;11.25;9.0;;;;2.0.select1;;;;;;;;;;;;;;;;;;;;;Armenia_FirstLeague;Armenia_FirstLeague;seconda divisione armena
2026-09-07;2026-09-07;Armenia_FirstLeague;6;Araks Ararat;Noah 2;0.0;BASSA;FINAL;1;1;2;KO;OK;"V20SELECT_NOT_CANDIDATE || OriginalV20Score=63.85;OriginalV20Band=MEDIA-ALTA";0.18;16.67;;;25.0;10.0;12.0;;;;2.0.select1;;;;;;;;;;;;;;;;;;;;;Armenia_FirstLeague;Armenia_FirstLeague;seconda divisione armena
2026-09-07;2026-09-07;Armenia_FirstLeague;6;Ararat 2;Olympia Yerevan;0.0;BASSA;FINAL;0;1;1;KO;KO;"V20SELECT_NOT_CANDIDATE || OriginalV20Score=45.49;OriginalV20Band=MEDIA";1.82;6.67;;;10.0;15.0;12.0;;;;2.0.select1;;;;;;;;;;;;;;;;;;;;;Armenia_FirstLeague;Armenia_FirstLeague;seconda divisione armena
2026-09-07;2026-09-07;Belarus_VysshayaLiga;24;Isloch;Arsenal Dzerzhinsk;0.0;BASSA;FINAL;1;1;2;KO;OK;"V20SELECT_NOT_CANDIDATE || OriginalV20Score=58.54;OriginalV20Band=MEDIA";6.1;17.37;;;18.57;6.0;10.5;;;;2.0.select1;;;;;;;;;;;;;;;;;;;;;Belarus_VysshayaLiga;Belarus_VysshayaLiga;
2026-09-07;2026-09-07;Belarus_VysshayaLiga;24;Dynamo Brest;BATE;0.0;BASSA;FINAL;1;0;1;KO;KO;"V20SELECT_NOT_CANDIDATE || OriginalV20Score=48.00;OriginalV20Band=MEDIA";3.92;16.0;;;11.58;10.5;6.0;;;;2.0.select1;;;;;;;;;;;;;;;;;;;;;Belarus_VysshayaLiga;Belarus_VysshayaLiga;
2026-09-07;2026-09-07;Bolivia_DivisionProfesional;23;The Strongest;Tomayapo;0.0;BASSA;FINAL;3;1;4;OK;OK;"V20SELECT_NOT_CANDIDATE || OriginalV20Score=56.03;OriginalV20Band=MEDIA";4.24;17.06;;;18.24;9.0;7.5;;;;2.0.select1;;;;;;;;;;;;;;;;;;;;;Bolivia_DivisionProfesional;Bolivia_DivisionProfesional;
2026-09-07;2026-09-07;Bolivia_DivisionProfesional;23;Nacional Potosi;Blooming;0.0;BASSA;FINAL;2;1;3;OK;OK;"V20SELECT_NOT_CANDIDATE || OriginalV20Score=35.11;OriginalV20Band=BASSA";0.82;14.71;;;10.59;7.5;1.5;;;;2.0.select1;;;;;;;;;;;;;;;;;;;;;Bolivia_DivisionProfesional;Bolivia_DivisionProfesional;
2026-09-07;2026-09-07;Bulgaria_ParvaLiga;9;Dunav Ruse;Slavia Sofia;0.0;BASSA;FINAL;0;1;1;KO;KO;"V20SELECT_NOT_CANDIDATE || OriginalV20Score=35.88;OriginalV20Band=BASSA";0.52;11.25;;;8.57;11.25;4.29;;;;2.0.select1;;;;;;;;;;;;;;;;;;;;;Bulgaria_ParvaLiga;Bulgaria_ParvaLiga;
2026-09-07;2026-09-07;Bulgaria_VtoraLiga;7;Svoge;Lok. Gorna;0.0;BASSA;FINAL;0;0;0;KO;KO;"V20SELECT_NOT_CANDIDATE || OriginalV20Score=25.86;OriginalV20Band=BASSA";0.86;4.0;;;12.0;3.0;6.0;;;;2.0.select1;;;;;;;;;;;;;;;;;;;;;Bulgaria_VtoraLiga;Bulgaria_VtoraLiga;
2026-09-07;2026-09-07;Bulgaria_VtoraLiga;7;Fratria;Chernomorets 1919;0.0;BASSA;FINAL;2;2;4;OK;OK;"V20SELECT_NOT_CANDIDATE || OriginalV20Score=28.86;OriginalV20Band=BASSA";0.86;16.0;;;6.0;3.0;3.0;;;;2.0.select1;;;;;;;;;;;;;;;;;;;;;Bulgaria_VtoraLiga;Bulgaria_VtoraLiga;
2026-09-07;2026-09-07;Bulgaria_VtoraLiga;7;Pirin Blagoevgrad;Ludogorets 2;0.0;BASSA;FINAL;0;3;3;OK;KO;"V20SELECT_NOT_CANDIDATE || OriginalV20Score=27.36;OriginalV20Band=BASSA";0.36;4.0;;;14.0;9.0;0.0;;;;2.0.select1;;;;;;;;;;;;;;;;;;;;;Bulgaria_VtoraLiga;Bulgaria_VtoraLiga;
2026-09-07;2026-09-07;Bulgaria_VtoraLiga;7;Spartak Pleven;Hebar;0.0;BASSA;FINAL;3;2;5;OK;OK;"V20SELECT_NOT_CANDIDATE || OriginalV20Score=38.08;OriginalV20Band=BASSA";1.08;6.0;;;16.0;9.0;6.0;;;;2.0.select1;;;;;;;;;;;;;;;;;;;;;Bulgaria_VtoraLiga;Bulgaria_VtoraLiga;
2026-09-07;2026-09-07;Denmark_Superliga;9;Midtjylland;Nordsjaelland;0.0;BASSA;FINAL;2;2;4;OK;OK;"V20SELECT_NOT_CANDIDATE || OriginalV20Score=33.69;OriginalV20Band=BASSA";0.36;16.67;;;6.67;5.0;5.0;;;;2.0.select1;;;;;;;;;;;;;;;;;;;;;Denmark_Superliga;Denmark_Superliga;
2026-09-07;2026-09-07;Finland_Ykkosliiga;25;Klubi 04;KaPa;0.0;BASSA;FINAL;2;2;4;OK;OK;"V20SELECT_NOT_CANDIDATE || OriginalV20Score=49.69;OriginalV20Band=MEDIA";6.12;11.9;;;16.67;4.5;10.5;;;;2.0.select1;;;;;;;;;;;;;;;;;;;;;Finland_Ykkosliiga;Finland_Ykkosliiga;
2026-09-07;2026-09-07;France_Ligue2;6;Nantes;Nancy;0.0;BASSA;FINAL;1;0;1;KO;KO;"V20SELECT_NOT_CANDIDATE || OriginalV20Score=26.83;OriginalV20Band=BASSA";1.0;13.33;;;2.5;10.0;0.0;;;;2.0.select1;;;;;;;;;;;;;;;;;;;;;France_Ligue2;France_Ligue2;
2026-09-07;2026-09-07;England_LeagueOne;6;Bromley;Wimbledon;0.0;BASSA;FINAL;0;2;2;KO;KO;"V20SELECT_NOT_CANDIDATE || OriginalV20Score=53.35;OriginalV20Band=MEDIA";0.02;10.0;;;23.33;10.0;10.0;;;;2.0.select1;;;;;;;;;;;;;;;;;;;;;England_LeagueOne;England_LeagueOne;
2026-09-07;2026-09-07;Iceland_BestaDeildKvenna;20;Stjarnan D;Vikingur Reykjavik D;0.0;BASSA;SCHEDULED;;;;;;"V20SELECT_NOT_CANDIDATE || OriginalV20Score=63.57;OriginalV20Band=MEDIA-ALTA";6.16;17.65;;;21.76;9.0;9.0;;;;2.0.select1;;;;;;;;;;;;;;;;;;;;;Iceland_BestaDeildKvenna;Iceland_BestaDeildKvenna;
2026-09-07;2026-09-07;Iceland_BestaDeildKvenna;20;Throttur D;Breidablik D;0.0;BASSA;SCHEDULED;;;;;;"V20SELECT_NOT_CANDIDATE || OriginalV20Score=48.19;OriginalV20Band=MEDIA";6.4;13.53;;;11.76;6.0;10.5;;;;2.0.select1;;;;;;;;;;;;;;;;;;;;;Iceland_BestaDeildKvenna;Iceland_BestaDeildKvenna;
2026-09-07;2026-09-07;FaroeIslands_1Deild;22;TB Tvoroyri;Vikingur 2;0.0;BASSA;SCHEDULED;;;;;;"V20SELECT_NOT_CANDIDATE || OriginalV20Score=64.95;OriginalV20Band=MEDIA-ALTA";4.62;19.05;;;14.29;15.0;12.0;;;;2.0.select1;;;;;;;;;;;;;;;;;;;;;FaroeIslands_1Deild;FaroeIslands_1Deild;
2026-09-07;2026-09-07;Italy_SerieB;4;Palermo;Sampdoria;0.0;BASSA;FINAL;3;1;4;OK;OK;"V20SELECT_NOT_CANDIDATE || OriginalV20Score=50.54;OriginalV20Band=MEDIA";0.54;20.0;;;15.0;7.5;7.5;;;;2.0.select1;;;;;;;;;;;;;;;;;;;;;Italy_SerieB;Italy_SerieB;
2026-09-07;2026-09-07;Italy_SerieC_GironeA;3;Pro Vercelli;Folgore Caratese;0.0;BASSA;FINAL;1;0;1;KO;KO;"V20SELECT_NOT_CANDIDATE || OriginalV20Score=40.02;OriginalV20Band=BASSA";0.02;5.0;;;20.0;0.0;15.0;;;;2.0.select1;;;;;;;;;;;;;;;;;;;;;Italy_SerieC_GironeA;Italy_SerieC_GironeA;
2026-09-07;2026-09-07;Italy_SerieC_GironeC;4;Picerno;Inter U23;0.0;BASSA;FINAL;4;1;5;OK;OK;"V20SELECT_NOT_CANDIDATE || OriginalV20Score=50.20;OriginalV20Band=MEDIA";0.2;25.0;;;10.0;7.5;7.5;;;;2.0.select1;;;;;;;;;;;;;;;;;;;;;Italy_SerieC_GironeC;Italy_SerieC_GironeC;
2026-09-07;2026-09-07;Kyrgyzstan_PremierLiga;27;Asia Talas;Alga;0.0;BASSA;FINAL;1;2;3;OK;OK;"V20SELECT_NOT_CANDIDATE || OriginalV20Score=51.46;OriginalV20Band=MEDIA";0.6;22.38;;;10.48;9.0;9.0;;;;2.0.select1;;;;;;;;;;;;;;;;;;;;;Kyrgyzstan_PremierLiga;Kyrgyzstan_PremierLiga;
2026-09-07;2026-09-07;Kyrgyzstan_PremierLiga;27;Asiagoal Bishkek;Kyrgyzaltyn;0.0;BASSA;FINAL;2;0;2;KO;KO;"V20SELECT_NOT_CANDIDATE || OriginalV20Score=56.35;OriginalV20Band=MEDIA";1.92;11.43;;;25.0;6.0;12.0;;;;2.0.select1;;;;;;;;;;;;;;;;;;;;;Kyrgyzstan_PremierLiga;Kyrgyzstan_PremierLiga;
2026-09-07;2026-09-07;Kyrgyzstan_PremierLiga;27;Dordoi Bishkek;Aldier;0.0;BASSA;FINAL;2;2;4;OK;OK;"V20SELECT_NOT_CANDIDATE || OriginalV20Score=55.40;OriginalV20Band=MEDIA";0.48;16.19;;;17.73;10.5;10.5;;;;2.0.select1;;;;;;;;;;;;;;;;;;;;;Kyrgyzstan_PremierLiga;Kyrgyzstan_PremierLiga;
2026-09-07;2026-09-07;Latvia_Virsliga;31;RFS;FK Liepaja;0.0;BASSA;FINAL;0;0;0;KO;KO;"V20SELECT_NOT_CANDIDATE || OriginalV20Score=62.26;OriginalV20Band=MEDIA-ALTA";4.26;25.0;;;15.0;7.5;10.5;;;;2.0.select1;;;;;;;;;;;;;;;;;;;;;Latvia_Virsliga;Latvia_Virsliga;
2026-09-07;2026-09-07;Latvia_Virsliga;31;Riga FC;BFC Daugavpils;0.0;BASSA;FINAL;1;1;2;KO;OK;"V20SELECT_NOT_CANDIDATE || OriginalV20Score=58.07;OriginalV20Band=MEDIA";4.2;25.0;;;10.87;12.0;6.0;;;;2.0.select1;;;;;;;;;;;;;;;;;;;;;Latvia_Virsliga;Latvia_Virsliga;
2026-09-07;2026-09-07;Latvia_NakotnesLiga;21;Riga FC 2;Skanste;0.0;BASSA;FINAL;3;2;5;OK;OK;"V20SELECT_NOT_CANDIDATE || OriginalV20Score=55.45;OriginalV20Band=MEDIA";0.56;14.44;;;19.44;9.0;12.0;;;;2.0.select1;;;;;;;;;;;;;;;;;;;;;Latvia_NakotnesLiga;Latvia_NakotnesLiga;
2026-09-07;2026-09-07;Lithuania_Toplyga;34;Hegelmann;FK Panevezys;0.0;BASSA;FINAL;1;3;4;OK;OK;"V20SELECT_NOT_CANDIDATE || OriginalV20Score=38.49;OriginalV20Band=BASSA";1.58;10.83;;;14.07;6.0;6.0;;;;2.0.select1;;;;;;;;;;;;;;;;;;;;;Lithuania_Toplyga;Lithuania_Toplyga;
2026-09-07;2026-09-07;Lithuania_ILyga;25;Zalgiris 2;Neptunas;0.0;BASSA;FINAL;1;0;1;KO;KO;"V20SELECT_NOT_CANDIDATE || OriginalV20Score=47.90;OriginalV20Band=MEDIA";1.26;16.36;;;12.27;9.0;9.0;;;;2.0.select1;;;;;;;;;;;;;;;;;;;;;Lithuania_ILyga;Lithuania_ILyga;
2026-09-07;2026-09-07;NorthMacedonia_1MFL;6;Struga;Sileks;0.0;BASSA;FINAL;1;0;1;KO;KO;"V20SELECT_NOT_CANDIDATE || OriginalV20Score=50.76;OriginalV20Band=MEDIA";0.76;17.5;;;17.5;7.5;7.5;;;;2.0.select1;;;;;;;;;;;;;;;;;;;;;NorthMacedonia_1MFL;NorthMacedonia_1MFL;
2026-09-07;2026-09-07;NorthMacedonia_1MFL;6;Vardar;Arsimi;0.0;BASSA;FINAL;2;0;2;KO;KO;"V20SELECT_NOT_CANDIDATE || OriginalV20Score=30.50;OriginalV20Band=BASSA";0.5;12.5;;;10.0;3.75;3.75;;;;2.0.select1;;;;;;;;;;;;;;;;;;;;;NorthMacedonia_1MFL;NorthMacedonia_1MFL;
2026-09-07;2026-09-07;Mexico_LigaMX_Apertura;8;Cruz Azul;Santos Laguna;0.0;BASSA;FINAL;1;0;1;KO;KO;"V20SELECT_NOT_CANDIDATE || OriginalV20Score=59.05;OriginalV20Band=MEDIA";2.38;18.33;;;18.33;12.5;7.5;;;;2.0.select1;;;;;;;;;;;;;;;;;;;;;Mexico_LigaMX_Apertura;Mexico_LigaMX_Apertura;
2026-09-07;2026-09-07;Mexico_LigaExpansionMX_Apertura;8;Tapatio;Leones Negros;0.0;BASSA;FINAL;1;3;4;OK;OK;"V20SELECT_NOT_CANDIDATE || OriginalV20Score=48.82;OriginalV20Band=MEDIA";1.32;18.33;;;11.67;7.5;10.0;;;;2.0.select1;;;;;;;;;;;;;;;;;;;;;Mexico_LigaExpansionMX_Apertura;Mexico_LigaExpansionMX_Apertura;
2026-09-07;2026-09-07;Norway_3rdDivision_Group2;22;Molde 2;Aalesund 2;0.0;BASSA;FINAL;3;2;5;OK;OK;"V20SELECT_NOT_CANDIDATE || OriginalV20Score=78.58;OriginalV20Band=ALTA";3.08;25.0;;;25.0;15.0;10.5;;;;2.0.select1;;;;;;;;;;;;;;;;;;;;;Norway_3rdDivision_Group2;Norway_3rdDivision_Group2;
2026-09-07;2026-09-07;Norway_3rdDivision_Group2;22;FK Kvik;Ranheim 2;0.0;BASSA;FINAL;0;7;7;OK;KO;"V20SELECT_NOT_CANDIDATE || OriginalV20Score=63.28;OriginalV20Band=MEDIA-ALTA";0.54;18.24;;;25.0;7.5;12.0;;;;2.0.select1;;;;;;;;;;;;;;;;;;;;;Norway_3rdDivision_Group2;Norway_3rdDivision_Group2;
2026-09-07;2026-09-07;Norway_3rdDivision_Group3;21;Gneist;Åsane 2;0.0;BASSA;FINAL;3;3;6;OK;OK;"V20SELECT_NOT_CANDIDATE || OriginalV20Score=61.68;OriginalV20Band=MEDIA-ALTA";1.86;15.56;;;21.76;9.0;13.5;;;;2.0.select1;;;;;;;;;;;;;;;;;;;;;Norway_3rdDivision_Group3;Norway_3rdDivision_Group3;
2026-09-07;2026-09-07;Norway_3rdDivision_Group6;20;Drobak-Frogn;Lyn 2;0.0;BASSA;FINAL;4;1;5;OK;OK;"V20SELECT_NOT_CANDIDATE || OriginalV20Score=66.03;OriginalV20Band=MEDIA-ALTA";2.94;18.24;;;22.35;10.5;12.0;;;;2.0.select1;;;;;;;;;;;;;;;;;;;;;Norway_3rdDivision_Group6;Norway_3rdDivision_Group6;
2026-09-07;2026-09-07;Norway_3rdDivision_Group6;20;Orn;Sarpsborg 08 2;0.0;BASSA;FINAL;3;4;7;OK;OK;"V20SELECT_NOT_CANDIDATE || OriginalV20Score=66.18;OriginalV20Band=MEDIA-ALTA";3.74;18.82;;;24.12;7.5;12.0;;;;2.0.select1;;;;;;;;;;;;;;;;;;;;;Norway_3rdDivision_Group6;Norway_3rdDivision_Group6;
2026-09-07;2026-09-07;Netherlands_EersteDivisie;7;Jong PSV;Den Bosch;0.0;BASSA;FINAL;3;1;4;OK;OK;"V20SELECT_NOT_CANDIDATE || OriginalV20Score=61.73;OriginalV20Band=MEDIA-ALTA";0.48;16.0;;;25.0;9.0;11.25;;;;2.0.select1;;;;;;;;;;;;;;;;;;;;;Netherlands_EersteDivisie;Netherlands_EersteDivisie;
2026-09-07;2026-09-07;Netherlands_EersteDivisie;7;Jong Utrecht;Eindhoven;0.0;BASSA;FINAL;0;0;0;KO;KO;"V20SELECT_NOT_CANDIDATE || OriginalV20Score=61.63;OriginalV20Band=MEDIA-ALTA";0.38;10.0;;;25.0;15.0;11.25;;;;2.0.select1;;;;;;;;;;;;;;;;;;;;;Netherlands_EersteDivisie;Netherlands_EersteDivisie;
2026-09-07;2026-09-07;Peru_Liga1_Clausura;8;Melgar;AD Tarma;0.0;BASSA;FINAL;3;0;3;OK;KO;"V20SELECT_NOT_CANDIDATE || OriginalV20Score=53.87;OriginalV20Band=MEDIA";2.2;15.0;;;21.67;7.5;7.5;;;;2.0.select1;;;;;;;;;;;;;;;;;;;;;Peru_Liga1_Clausura;Peru_Liga1_Clausura;
2026-09-07;2026-09-07;Peru_Liga2;7;Pirata;Carlos Mannucci;0.0;BASSA;FINAL;2;4;6;OK;OK;"V20SELECT_NOT_CANDIDATE || OriginalV20Score=18.70;OriginalV20Band=BASSA";1.2;10.0;;;2.5;5.0;0.0;;;;2.0.select1;;;;;;;;;;;;;;;;;;;;;Peru_Liga2;Peru_Liga2;
2026-09-07;2026-09-07;Poland_Ekstraklasa;8;Wieczysta Krakow;Zaglebie;0.0;BASSA;FINAL;1;1;2;KO;OK;"V20SELECT_NOT_CANDIDATE || OriginalV20Score=42.94;OriginalV20Band=BASSA";0.94;16.0;;;8.0;12.0;6.0;;;;2.0.select1;;;;;;;;;;;;;;;;;;;;;Poland_Ekstraklasa;Poland_Ekstraklasa;
2026-09-07;2026-09-07;Poland_Ekstraklasa;8;Pogon Szczecin;Plock;0.0;BASSA;FINAL;1;1;2;KO;OK;"V20SELECT_NOT_CANDIDATE || OriginalV20Score=49.86;OriginalV20Band=MEDIA";0.86;14.0;;;20.0;6.0;9.0;;;;2.0.select1;;;;;;;;;;;;;;;;;;;;;Poland_Ekstraklasa;Poland_Ekstraklasa;
2026-09-07;2026-09-07;Poland_Division1;8;Ruch;Skierniewice;0.0;BASSA;FINAL;3;1;4;OK;OK;"V20SELECT_NOT_CANDIDATE || OriginalV20Score=27.82;OriginalV20Band=BASSA";0.32;5.0;;;15.0;0.0;7.5;;;;2.0.select1;;;;;;;;;;;;;;;;;;;;;Poland_Division1;Poland_Division1;
2026-09-07;2026-09-07;Portugal_LigaPortugal;6;Estoril;Arouca;0.0;BASSA;FINAL;0;0;0;KO;KO;"V20SELECT_NOT_CANDIDATE || OriginalV20Score=25.07;OriginalV20Band=BASSA";1.32;5.0;;;7.5;3.75;7.5;;;;2.0.select1;;;;;;;;;;;;;;;;;;;;;Portugal_LigaPortugal;Portugal_LigaPortugal;
2026-09-07;2026-09-07;Portugal_LigaPortugal2;6;Lusitania FC;AFS;0.0;BASSA;FINAL;2;1;3;OK;OK;"V20SELECT_NOT_CANDIDATE || OriginalV20Score=35.98;OriginalV20Band=BASSA";0.98;17.5;;;10.0;3.75;3.75;;;;2.0.select1;;;;;;;;;;;;;;;;;;;;;Portugal_LigaPortugal2;Portugal_LigaPortugal2;
2026-09-07;2026-09-07;Romania_Superliga;9;FC Voluntari;FC Arges;0.0;BASSA;FINAL;1;0;1;KO;KO;"V20SELECT_NOT_CANDIDATE || OriginalV20Score=31.32;OriginalV20Band=BASSA";1.32;10.0;;;7.14;12.86;0.0;;;;2.0.select1;;;;;;;;;;;;;;;;;;;;;Romania_Superliga;Romania_Superliga;
2026-09-07;2026-09-07;Romania_Superliga;9;Univ. Craiova;U. Cluj;0.0;BASSA;FINAL;4;0;4;OK;KO;"V20SELECT_NOT_CANDIDATE || OriginalV20Score=51.87;OriginalV20Band=MEDIA";0.2;16.67;;;15.0;7.5;12.5;;;;2.0.select1;;;;;;;;;;;;;;;;;;;;;Romania_Superliga;Romania_Superliga;
2026-09-07;2026-09-07;Russia_PremierLeague;8;Kazan;Akhmat Grozny;0.0;BASSA;FINAL;1;1;2;KO;OK;"V20SELECT_NOT_CANDIDATE || OriginalV20Score=44.13;OriginalV20Band=BASSA";0.8;15.0;;;13.33;7.5;7.5;;;;2.0.select1;;;;;;;;;;;;;;;;;;;;;Russia_PremierLeague;Russia_PremierLeague;
2026-09-07;2026-09-07;Serbia_SuperLiga;9;OFK Belgrado;IMT Novi Beograd;0.0;BASSA;FINAL;1;1;2;KO;OK;"V20SELECT_NOT_CANDIDATE || OriginalV20Score=33.46;OriginalV20Band=BASSA";1.32;11.43;;;5.71;8.57;6.43;;;;2.0.select1;;;;;;;;;;;;;;;;;;;;;Serbia_SuperLiga;Serbia_SuperLiga;
2026-09-07;2026-09-07;Serbia_PrvaLiga;8;Vozdovac;TSC;0.0;BASSA;FINAL;2;3;5;OK;OK;"V20SELECT_NOT_CANDIDATE || OriginalV20Score=33.38;OriginalV20Band=BASSA";0.88;8.33;;;11.67;5.0;7.5;;;;2.0.select1;;;;;;;;;;;;;;;;;;;;;Serbia_PrvaLiga;Serbia_PrvaLiga;
2026-09-07;2026-09-07;Slovakia_2Liga;8;Zilina B;S. Bratislava B;0.0;BASSA;FINAL;2;0;2;KO;KO;"V20SELECT_NOT_CANDIDATE || OriginalV20Score=45.47;OriginalV20Band=MEDIA";1.3;10.0;;;16.67;7.5;10.0;;;;2.0.select1;;;;;;;;;;;;;;;;;;;;;Slovakia_2Liga;Slovakia_2Liga;
2026-09-07;2026-09-07;Spain_LaLiga;6;Getafe;Celta Vigo;0.0;BASSA;FINAL;1;1;2;KO;OK;"V20SELECT_NOT_CANDIDATE || OriginalV20Score=26.87;OriginalV20Band=BASSA";0.2;3.33;;;13.33;5.0;5.0;;;;2.0.select1;;;;;;;;;;;;;;;;;;;;;Spain_LaLiga;Spain_LaLiga;
2026-09-07;2026-09-07;Spain_LaLiga;6;Elche;Real Sociedad;0.0;BASSA;FINAL;2;3;5;OK;OK;"V20SELECT_NOT_CANDIDATE || OriginalV20Score=47.13;OriginalV20Band=MEDIA";0.46;10.0;;;16.67;10.0;10.0;;;;2.0.select1;;;;;;;;;;;;;;;;;;;;;Spain_LaLiga;Spain_LaLiga;
2026-09-07;2026-09-07;Spain_LaLiga2;5;Sabadell;Cordoba;0.0;BASSA;FINAL;3;2;5;OK;OK;"V20SELECT_NOT_CANDIDATE || OriginalV20Score=43.87;OriginalV20Band=BASSA";0.54;3.33;;;25.0;0.0;15.0;;;;2.0.select1;;;;;;;;;;;;;;;;;;;;;Spain_LaLiga2;Spain_LaLiga2;
2026-09-07;2026-09-07;SriLanka_SuperLeague;9;New Young's SC;Sea Hawks;0.0;BASSA;FINAL;0;2;2;KO;KO;"V20SELECT_NOT_CANDIDATE || OriginalV20Score=38.44;OriginalV20Band=BASSA";5.58;10.0;;;5.71;12.86;4.29;;;;2.0.select1;;;;;;;;;;;;;;;;;;;;;SriLanka_SuperLeague;SriLanka_SuperLeague;
2026-09-07;2026-09-07;Sweden_Allsvenskan;26;Kalmar;Djurgarden;0.0;BASSA;FINAL;0;1;1;KO;KO;"V20SELECT_NOT_CANDIDATE || OriginalV20Score=44.23;OriginalV20Band=BASSA";5.18;11.05;;;10.0;9.0;9.0;;;;2.0.select1;;;;;;;;;;;;;;;;;;;;;Sweden_Allsvenskan;Sweden_Allsvenskan;
2026-09-07;2026-09-07;Sweden_Allsvenskan;26;Malmo FF;AIK Stockholm;0.0;BASSA;FINAL;0;0;0;KO;KO;"V20SELECT_NOT_CANDIDATE || OriginalV20Score=55.55;OriginalV20Band=MEDIA";0.68;17.37;;;15.0;10.5;12.0;;;;2.0.select1;;;;;;;;;;;;;;;;;;;;;Sweden_Allsvenskan;Sweden_Allsvenskan;
2026-09-07;2026-09-07;Sweden_Allsvenskan;26;Mjallby;Göteborg;0.0;BASSA;FINAL;1;4;5;OK;OK;"V20SELECT_NOT_CANDIDATE || OriginalV20Score=52.44;OriginalV20Band=MEDIA";0.58;13.33;;;20.53;7.5;10.5;;;;2.0.select1;;;;;;;;;;;;;;;;;;;;;Sweden_Allsvenskan;Sweden_Allsvenskan;
2026-09-07;2026-09-07;Sweden_Superettan;25;Örebro;Östersund;0.0;BASSA;FINAL;0;1;1;KO;KO;"V20SELECT_NOT_CANDIDATE || OriginalV20Score=35.81;OriginalV20Band=BASSA";5.86;10.0;;;10.95;7.5;1.5;;;;2.0.select1;;;;;;;;;;;;;;;;;;;;;Sweden_Superettan;Sweden_Superettan;
2026-09-07;2026-09-07;Turkey_SuperLig;5;Goztepe;Gaziantep;0.0;BASSA;FINAL;2;4;6;OK;OK;"V20SELECT_NOT_CANDIDATE || OriginalV20Score=42.09;OriginalV20Band=BASSA";0.42;16.67;;;10.0;10.0;5.0;;;;2.0.select1;;;;;;;;;;;;;;;;;;;;;Turkey_SuperLig;Turkey_SuperLig;
2026-09-07;2026-09-07;Turkey_SuperLig;5;Rizespor;Alanyaspor;0.0;BASSA;FINAL;0;1;1;KO;KO;"V20SELECT_NOT_CANDIDATE || OriginalV20Score=37.96;OriginalV20Band=BASSA";0.46;15.0;;;10.0;7.5;5.0;;;;2.0.select1;;;;;;;;;;;;;;;;;;;;;Turkey_SuperLig;Turkey_SuperLig;
2026-09-07;2026-09-07;Turkey_1Lig;7;Erokspor;Kayserispor;0.0;BASSA;FINAL;0;3;3;OK;KO;"V20SELECT_NOT_CANDIDATE || OriginalV20Score=13.96;OriginalV20Band=BASSA";0.96;4.0;;;6.0;0.0;3.0;;;;2.0.select1;;;;;;;;;;;;;;;;;;;;;Turkey_1Lig;Turkey_1Lig;
2026-09-07;2026-09-07;Turkey_1Lig;7;Istanbulspor;Igdir FK;0.0;BASSA;FINAL;1;2;3;OK;OK;"V20SELECT_NOT_CANDIDATE || OriginalV20Score=34.08;OriginalV20Band=BASSA";1.08;10.0;;;8.0;12.0;3.0;;;;2.0.select1;;;;;;;;;;;;;;;;;;;;;Turkey_1Lig;Turkey_1Lig;
2026-09-07;2026-09-07;Turkey_1Lig;7;Manisa FK;Bursaspor;0.0;BASSA;FINAL;1;2;3;OK;OK;"V20SELECT_NOT_CANDIDATE || OriginalV20Score=47.66;OriginalV20Band=MEDIA";0.66;20.0;;;6.0;12.0;9.0;;;;2.0.select1;;;;;;;;;;;;;;;;;;;;;Turkey_1Lig;Turkey_1Lig;
2026-09-07;2026-09-07;Turkey_1Lig;7;Mardin 1969;Bodrumspor;0.0;BASSA;FINAL;1;0;1;KO;KO;"V20SELECT_NOT_CANDIDATE || OriginalV20Score=33.78;OriginalV20Band=BASSA";0.78;16.0;;;8.0;6.0;3.0;;;;2.0.select1;;;;;;;;;;;;;;;;;;;;;Turkey_1Lig;Turkey_1Lig;
2026-09-07;2026-09-07;Hungary_NBII;8;Videoton;DVTK;0.0;BASSA;FINAL;2;1;3;OK;OK;"V20SELECT_NOT_CANDIDATE || OriginalV20Score=65.26;OriginalV20Band=MEDIA-ALTA";0.26;16.0;;;25.0;15.0;9.0;;;;2.0.select1;;;;;;;;;;;;;;;;;;;;;Hungary_NBII;Hungary_NBII;
2026-09-07;2026-09-07;USA_MLSNextPro_EasternConference_NortheastDivision;30;Portland Timbers 2;Vancouver 2;0.0;BASSA;SCHEDULED;;;;;;"V20SELECT_NOT_CANDIDATE || OriginalV20Score=69.89;OriginalV20Band=MEDIA-ALTA";11.58;14.62;;;22.69;9.0;12.0;;;;2.0.select1;;;;;;;;;;;;;;;;;;;;;USA_MLSNextPro_WesternConference_PacificDivision;USA_MLSNextPro_WesternConference_PacificDivision;
2026-09-07;2026-09-07;USA_USLLeagueOne;36;Portland Hearts of Pine;Westchester SC;0.0;BASSA;FINAL;2;1;3;OK;OK;"V20SELECT_NOT_CANDIDATE || OriginalV20Score=48.80;OriginalV20Band=MEDIA";1.18;14.4;;;15.22;10.5;7.5;;;;2.0.select1;;;;;;;;;;;;;;;;;;;;;USA_USLLeagueOne;USA_USLLeagueOne;
2026-09-07;2026-09-07;Finland_Kolmonen_Southern_Group2;20;VJS 2;ToTe;0.0;BASSA;FINAL;3;3;6;OK;OK;"V20SELECT_NOT_CANDIDATE || OriginalV20Score=0.00;OriginalV20Band=BASSA";0.0;0.0;;;0.0;0.0;0.0;;;;2.0.select1;;;;;;;;;;;;;;;;;;;;;Finland_Kolmonen_Southern_Group2;Finland_Kolmonen_Southern_Group2;
2026-09-08;2026-09-08;SaudiArabia_ProfessionalLeague;6;Al-Ettifaq;Al-Faysaly;0.0;BASSA;SCHEDULED;;;;;;"V20SELECT_NOT_CANDIDATE || OriginalV20Score=62.92;OriginalV20Band=MEDIA-ALTA";0.42;20.0;;;20.0;15.0;7.5;;;;2.0.select1;;;;;;;;;;;;;;;;;;;;;SaudiArabia_ProfessionalLeague;SaudiArabia_ProfessionalLeague;18 clubs, double round robin, 34 rounds (306 matches).
2026-09-08;2026-09-08;SaudiArabia_ProfessionalLeague;6;Al Hazem;Al-Taawon;0.0;BASSA;SCHEDULED;;;;;;"V20SELECT_NOT_CANDIDATE || OriginalV20Score=20.16;OriginalV20Band=BASSA";0.16;12.5;;;0.0;7.5;0.0;;;;2.0.select1;;;;;;;;;;;;;;;;;;;;;SaudiArabia_ProfessionalLeague;SaudiArabia_ProfessionalLeague;18 clubs, double round robin, 34 rounds (306 matches).
2026-09-08;2026-09-08;SaudiArabia_ProfessionalLeague;6;Al Qadsiah;Al Ahli SC;0.0;BASSA;SCHEDULED;;;;;;"V20SELECT_NOT_CANDIDATE || OriginalV20Score=63.60;OriginalV20Band=MEDIA-ALTA";1.1;25.0;;;20.0;7.5;10.0;;;;2.0.select1;;;;;;;;;;;;;;;;;;;;;SaudiArabia_ProfessionalLeague;SaudiArabia_ProfessionalLeague;18 clubs, double round robin, 34 rounds (306 matches).
2026-09-08;2026-09-08;SaudiArabia_ProfessionalLeague;6;Al-Ittihad FC;Al Fayha;0.0;BASSA;SCHEDULED;;;;;;"V20SELECT_NOT_CANDIDATE || OriginalV20Score=52.41;OriginalV20Band=MEDIA";1.16;15.0;;;17.5;7.5;11.25;;;;2.0.select1;;;;;;;;;;;;;;;;;;;;;SaudiArabia_ProfessionalLeague;SaudiArabia_ProfessionalLeague;18 clubs, double round robin, 34 rounds (306 matches).
2026-09-08;2026-09-08;Armenia_FirstLeague;7;Bentonit;Lernayin Artsakh;0.0;BASSA;SCHEDULED;;;;;;"V20SELECT_NOT_CANDIDATE || OriginalV20Score=65.22;OriginalV20Band=MEDIA-ALTA";0.22;25.0;;;17.5;11.25;11.25;;;;2.0.select1;;;;;;;;;;;;;;;;;;;;;Armenia_FirstLeague;Armenia_FirstLeague;seconda divisione armena
2026-09-08;2026-09-08;Armenia_FirstLeague;7;Sardarapat 2;BKMA 2;0.0;BASSA;SCHEDULED;;;;;;"V20SELECT_NOT_CANDIDATE || OriginalV20Score=30.96;OriginalV20Band=BASSA";1.46;5.0;;;8.0;7.5;9.0;;;;2.0.select1;;;;;;;;;;;;;;;;;;;;;Armenia_FirstLeague;Armenia_FirstLeague;seconda divisione armena
2026-09-08;2026-09-08;Armenia_FirstLeague;7;Urartu 2;Ararat-Armenia 2;0.0;BASSA;SCHEDULED;;;;;;"V20SELECT_NOT_CANDIDATE || OriginalV20Score=39.04;OriginalV20Band=BASSA";0.54;14.0;;;12.5;12.0;0.0;;;;2.0.select1;;;;;;;;;;;;;;;;;;;;;Armenia_FirstLeague;Armenia_FirstLeague;seconda divisione armena
2026-09-08;2026-09-08;Austria_Regionalliga_South;7;Atus Velden;A. Klagenfurt;0.0;BASSA;SCHEDULED;;;;;;"V20SELECT_NOT_CANDIDATE || OriginalV20Score=58.46;OriginalV20Band=MEDIA";13.46;18.0;;;12.0;6.0;9.0;;;;2.0.select1;;;;;;;;;;;;;;;;;;;;;Austria_Regionalliga_South;Austria_Regionalliga_South;
2026-09-08;2026-09-08;Austria_Regionalliga_North;7;Wallern/St Marienkirchen;Wals-Grunau;0.0;BASSA;SCHEDULED;;;;;;"V20SELECT_NOT_CANDIDATE || OriginalV20Score=80.88;OriginalV20Band=ALTA";13.38;25.0;;;15.0;15.0;12.5;;;;2.0.select1;;;;;;;;;;;;;;;;;;;;;Austria_Regionalliga_North;Austria_Regionalliga_North;
2026-09-08;2026-09-08;Austria_Burgenland;6;Rust;Leithaprodersdorf;0.0;BASSA;SCHEDULED;;;;;;"V20SELECT_NOT_CANDIDATE || OriginalV20Score=56.87;OriginalV20Band=MEDIA";0.62;15.0;;;15.0;15.0;11.25;;;;2.0.select1;;;;;;;;;;;;;;;;;;;;;Austria_Burgenland;Austria_Burgenland;
2026-09-08;2026-09-08;Austria_Salzburg;7;Strasswalchen;Thalgau;0.0;BASSA;SCHEDULED;;;;;;"V20SELECT_NOT_CANDIDATE || OriginalV20Score=57.41;OriginalV20Band=MEDIA";1.74;25.0;;;16.67;9.0;5.0;;;;2.0.select1;;;;;;;;;;;;;;;;;;;;;Austria_Salzburg;Austria_Salzburg;
2026-09-08;2026-09-08;Bhutan_PremierLeague;15;Ugyen Academy;Paro;0.0;BASSA;SCHEDULED;;;;;;"V20SELECT_NOT_CANDIDATE || OriginalV20Score=44.30;OriginalV20Band=BASSA";11.68;6.92;;;7.69;6.0;12.0;;;;2.0.select1;;;;;;;;;;;;;;;;;;;;;Bhutan_PremierLeague;Bhutan_PremierLeague;
2026-09-08;2026-09-08;Bulgaria_VtoraLiga;8;Montana;Vihren;0.0;BASSA;SCHEDULED;;;;;;"V20SELECT_NOT_CANDIDATE || OriginalV20Score=37.86;OriginalV20Band=BASSA";0.86;14.0;;;8.0;9.0;6.0;;;;2.0.select1;;;;;;;;;;;;;;;;;;;;;Bulgaria_VtoraLiga;Bulgaria_VtoraLiga;
2026-09-08;2026-09-08;Estonia_Meistriliiga;30;Narva;Flora;0.0;BASSA;SCHEDULED;;;;;;"V20SELECT_NOT_CANDIDATE || OriginalV20Score=50.45;OriginalV20Band=MEDIA";7.84;7.31;;;12.8;9.0;13.5;;;;2.0.select1;;;;;;;;;;;;;;;;;;;;;Estonia_Meistriliiga;Estonia_Meistriliiga;
2026-09-08;2026-09-08;Estonia_Meistriliiga;30;Kalju;Nomme Utd;0.0;BASSA;SCHEDULED;;;;;;"V20SELECT_NOT_CANDIDATE || OriginalV20Score=68.08;OriginalV20Band=MEDIA-ALTA";5.62;18.0;;;23.46;9.0;12.0;;;;2.0.select1;;;;;;;;;;;;;;;;;;;;;Estonia_Meistriliiga;Estonia_Meistriliiga;
2026-09-08;2026-09-08;Germany_Regionalliga_Sudwest;7;Aalen;Ulm;0.0;BASSA;SCHEDULED;;;;;;"V20SELECT_NOT_CANDIDATE || OriginalV20Score=48.56;OriginalV20Band=MEDIA";1.06;14.0;;;20.0;6.0;7.5;;;;2.0.select1;;;;;;;;;;;;;;;;;;;;;Germany_Regionalliga_Sudwest;Germany_Regionalliga_Sudwest;
2026-09-08;2026-09-08;Germany_Regionalliga_Sudwest;7;FSV Francoforte;Kassel;0.0;BASSA;SCHEDULED;;;;;;"V20SELECT_NOT_CANDIDATE || OriginalV20Score=62.06;OriginalV20Band=MEDIA-ALTA";0.06;18.0;;;20.0;12.0;12.0;;;;2.0.select1;;;;;;;;;;;;;;;;;;;;;Germany_Regionalliga_Sudwest;Germany_Regionalliga_Sudwest;
2026-09-08;2026-09-08;Germany_Regionalliga_Sudwest;7;Offenbach;Steinbach Haiger;0.0;BASSA;SCHEDULED;;;;;;"V20SELECT_NOT_CANDIDATE || OriginalV20Score=59.16;OriginalV20Band=MEDIA";1.16;24.0;;;16.0;9.0;9.0;;;;2.0.select1;;;;;;;;;;;;;;;;;;;;;Germany_Regionalliga_Sudwest;Germany_Regionalliga_Sudwest;
2026-09-08;2026-09-08;Germany_Regionalliga_Sudwest;7;Sandhausen;Freiberg;0.0;BASSA;SCHEDULED;;;;;;"V20SELECT_NOT_CANDIDATE || OriginalV20Score=45.13;OriginalV20Band=MEDIA";1.38;18.0;;;2.5;12.0;11.25;;;;2.0.select1;;;;;;;;;;;;;;;;;;;;;Germany_Regionalliga_Sudwest;Germany_Regionalliga_Sudwest;
2026-09-08;2026-09-08;Germany_Regionalliga_Sudwest;7;Trier;Freiburg 2;0.0;BASSA;SCHEDULED;;;;;;"V20SELECT_NOT_CANDIDATE || OriginalV20Score=36.06;OriginalV20Band=BASSA";0.06;10.0;;;14.0;3.0;9.0;;;;2.0.select1;;;;;;;;;;;;;;;;;;;;;Germany_Regionalliga_Sudwest;Germany_Regionalliga_Sudwest;
2026-09-08;2026-09-08;Germany_Regionalliga_Sudwest;7;Walldorf;Kickers Stoccarda;0.0;BASSA;SCHEDULED;;;;;;"V20SELECT_NOT_CANDIDATE || OriginalV20Score=50.69;OriginalV20Band=MEDIA";1.44;10.0;;;16.0;11.25;12.0;;;;2.0.select1;;;;;;;;;;;;;;;;;;;;;Germany_Regionalliga_Sudwest;Germany_Regionalliga_Sudwest;
2026-09-08;2026-09-08;Germany_Oberliga_Hessen;8;Friedberg;Eddersheim;0.0;BASSA;SCHEDULED;;;;;;"V20SELECT_NOT_CANDIDATE || OriginalV20Score=52.84;OriginalV20Band=MEDIA";0.46;17.14;;;16.67;8.57;10.0;;;;2.0.select1;;;;;;;;;;;;;;;;;;;;;Germany_Oberliga_Hessen;Germany_Oberliga_Hessen;
2026-09-08;2026-09-08;Germany_Oberliga_RheinlandPfalzSaar;8;RW Koblenz;Engers;0.0;BASSA;SCHEDULED;;;;;;"V20SELECT_NOT_CANDIDATE || OriginalV20Score=57.47;OriginalV20Band=MEDIA";0.14;23.33;;;12.0;10.0;12.0;;;;2.0.select1;;;;;;;;;;;;;;;;;;;;;Germany_Oberliga_RheinlandPfalzSaar;Germany_Oberliga_RheinlandPfalzSaar;
2026-09-08;2026-09-08;Germany_Oberliga_RheinlandPfalzSaar;8;Gonsenheim;Diefflen;0.0;BASSA;SCHEDULED;;;;;;"V20SELECT_NOT_CANDIDATE || OriginalV20Score=70.40;OriginalV20Band=MEDIA-ALTA";0.4;20.0;;;25.0;10.0;15.0;;;;2.0.select1;;;;;;;;;;;;;;;;;;;;;Germany_Oberliga_RheinlandPfalzSaar;Germany_Oberliga_RheinlandPfalzSaar;
2026-09-08;2026-09-08;England_Championship;6;Blackburn;Sheffield Utd;0.0;BASSA;SCHEDULED;;;;;;"V20SELECT_NOT_CANDIDATE || OriginalV20Score=50.38;OriginalV20Band=MEDIA";0.38;10.0;;;17.5;11.25;11.25;;;;2.0.select1;;;;;;;;;;;;;;;;;;;;;England_Championship;England_Championship;
2026-09-08;2026-09-08;England_Championship;6;Cardiff;Stoke;0.0;BASSA;SCHEDULED;;;;;;"V20SELECT_NOT_CANDIDATE || OriginalV20Score=44.39;OriginalV20Band=BASSA";0.64;10.0;;;15.0;7.5;11.25;;;;2.0.select1;;;;;;;;;;;;;;;;;;;;;England_Championship;England_Championship;
2026-09-08;2026-09-08;England_Championship;6;Southampton;Swansea;0.0;BASSA;SCHEDULED;;;;;;"V20SELECT_NOT_CANDIDATE || OriginalV20Score=38.08;OriginalV20Band=BASSA";0.58;20.0;;;2.5;7.5;7.5;;;;2.0.select1;;;;;;;;;;;;;;;;;;;;;England_Championship;England_Championship;
2026-09-08;2026-09-08;England_Championship;6;Watford;Preston;0.0;BASSA;SCHEDULED;;;;;;"V20SELECT_NOT_CANDIDATE || OriginalV20Score=40.12;OriginalV20Band=BASSA";0.12;7.5;;;17.5;3.75;11.25;;;;2.0.select1;;;;;;;;;;;;;;;;;;;;;England_Championship;England_Championship;
2026-09-08;2026-09-08;England_Championship;6;Wrexham;Burnley;0.0;BASSA;SCHEDULED;;;;;;"V20SELECT_NOT_CANDIDATE || OriginalV20Score=56.62;OriginalV20Band=MEDIA";0.62;12.5;;;24.0;7.5;12.0;;;;2.0.select1;;;;;;;;;;;;;;;;;;;;;England_Championship;England_Championship;
2026-09-08;2026-09-08;England_Championship;6;Bolton;West Ham;0.0;BASSA;SCHEDULED;;;;;;"V20SELECT_NOT_CANDIDATE || OriginalV20Score=45.70;OriginalV20Band=MEDIA";0.7;10.0;;;12.5;11.25;11.25;;;;2.0.select1;;;;;;;;;;;;;;;;;;;;;England_Championship;England_Championship;
2026-09-08;2026-09-08;NorthernIreland_NIFLPremiership;6;Larne;Bangor FC;0.0;BASSA;SCHEDULED;;;;;;"V20SELECT_NOT_CANDIDATE || OriginalV20Score=40.12;OriginalV20Band=BASSA";0.12;0.0;;;25.0;0.0;15.0;;;;2.0.select1;;;;;;;;;;;;;;;;;;;;;NorthernIreland_NIFLPremiership;NorthernIreland_NIFLPremiership;
2026-09-08;2026-09-08;Montenegro_PrvaCrnogorskaLiga;7;Sutjeska;Mornar;0.0;BASSA;SCHEDULED;;;;;;"V20SELECT_NOT_CANDIDATE || OriginalV20Score=31.11;OriginalV20Band=BASSA";1.44;12.0;;;6.67;6.0;5.0;;;;2.0.select1;;;;;;;;;;;;;;;;;;;;;Montenegro_PrvaCrnogorskaLiga;Montenegro_PrvaCrnogorskaLiga;
2026-09-08;2026-09-08;Netherlands_Eredivisie;6;Utrecht;G.A. Eagles;0.0;BASSA;SCHEDULED;;;;;;"V20SELECT_NOT_CANDIDATE || OriginalV20Score=68.38;OriginalV20Band=MEDIA-ALTA";0.88;15.0;;;22.5;15.0;15.0;;;;2.0.select1;;;;;;;;;;;;;;;;;;;;;Netherlands_Eredivisie;Netherlands_Eredivisie;
2026-09-08;2026-09-08;Netherlands_Eredivisie;6;Nijmegen;Excelsior;0.0;BASSA;SCHEDULED;;;;;;"V20SELECT_NOT_CANDIDATE || OriginalV20Score=60.50;OriginalV20Band=MEDIA-ALTA";0.5;22.5;;;7.5;15.0;15.0;;;;2.0.select1;;;;;;;;;;;;;;;;;;;;;Netherlands_Eredivisie;Netherlands_Eredivisie;
2026-09-08;2026-09-08;Paraguay_DivisionIntermedia;6;3 de Noviembre;Sol De America;0.0;BASSA;SCHEDULED;;;;;;"V20SELECT_NOT_CANDIDATE || OriginalV20Score=45.91;OriginalV20Band=MEDIA";0.16;25.0;;;5.0;12.0;3.75;;;;2.0.select1;;;;;;;;;;;;;;;;;;;;;Paraguay_DivisionIntermedia;Paraguay_DivisionIntermedia;
2026-09-08;2026-09-08;Paraguay_DivisionIntermedia;6;Paraguari AC;Guairena;0.0;BASSA;SCHEDULED;;;;;;"V20SELECT_NOT_CANDIDATE || OriginalV20Score=35.57;OriginalV20Band=BASSA";1.32;12.5;;;12.0;3.75;6.0;;;;2.0.select1;;;;;;;;;;;;;;;;;;;;;Paraguay_DivisionIntermedia;Paraguay_DivisionIntermedia;
2026-09-08;2026-09-08;SriLanka_SuperLeague;9;Colombo;UP Country Lions;0.0;BASSA;SCHEDULED;;;;;;"V20SELECT_NOT_CANDIDATE || OriginalV20Score=43.07;OriginalV20Band=BASSA";4.5;17.14;;;4.29;4.29;12.86;;;;2.0.select1;;;;;;;;;;;;;;;;;;;;;SriLanka_SuperLeague;SriLanka_SuperLeague;
2026-09-08;2026-09-08;SouthKorea_KLeague1;28;Incheon;Bucheon;0.0;BASSA;SCHEDULED;;;;;;"V20SELECT_NOT_CANDIDATE || OriginalV20Score=39.98;OriginalV20Band=BASSA";1.58;12.31;;;12.59;4.5;9.0;;;;2.0.select1;;;;;;;;;;;;;;;;;;;;;SouthKorea_KLeague1;SouthKorea_KLeague1;
2026-09-08;2026-09-08;SouthKorea_KLeague1;28;Ulsan HD;Seoul;0.0;BASSA;SCHEDULED;;;;;;"V20SELECT_NOT_CANDIDATE || OriginalV20Score=49.95;OriginalV20Band=MEDIA";2.28;18.89;;;7.78;12.0;9.0;;;;2.0.select1;;;;;;;;;;;;;;;;;;;;;SouthKorea_KLeague1;SouthKorea_KLeague1;
2026-09-08;2026-09-08;Finland_Kolmonen_Eastern_Group1;21;FC Metso;SAPA;0.0;BASSA;SCHEDULED;;;;;;"V20SELECT_NOT_CANDIDATE || OriginalV20Score=54.57;OriginalV20Band=MEDIA";2.1;25.0;;;6.47;12.0;9.0;;;;2.0.select1;;;;;;;;;;;;;;;;;;;;;Finland_Kolmonen_Eastern_Group1;Finland_Kolmonen_Eastern_Group1;
