MatchDate;LeagueId;Home;Away;Score;Band;Round;PredictionDate;HomeSourceLeagueId;AwaySourceLeagueId;CompetitionGroup;Reason;RankingGapScore;HomeAttackScore;AwayAttackScore;HomeDefenseWeaknessScore;AwayDefenseWeaknessScore;HomeLast10OverScore;AwayLast10OverScore;HomeVenueOverScore;AwayVenueOverScore;BTTSProfileScore;AlgorithmVersion
2026-09-05;Netherlands_Eredivisie;Utrecht;G.A. Eagles;93.59;IMM-ALTA-8;5;2026-09-05;Netherlands_Eredivisie;Netherlands_Eredivisie;;Engine v1.3 | Squadra alta: G.A. Eagles (5ª), squadra bassa: Utrecht (17ª) | GF alta: 2.75/gara | GS bassa: 3.75/gara | Profilo ultime 10: 0.99 | Real over index: 1.00;19.74;20.0;;;20.0;9.86;10.0;;;;1.3.0
2026-09-05;Germany_Regionalliga_Sudwest;Kickers Stoccarda;Mainz 2;91.31;IMM-ALTA-8;6;2026-09-05;Germany_Regionalliga_Sudwest;Germany_Regionalliga_Sudwest;;Engine v1.3 | Squadra alta: Kickers Stoccarda (3ª), squadra bassa: Mainz 2 (15ª) | GF alta: 2.50/gara | GS bassa: 2.25/gara | Profilo ultime 10: 0.88 | Real over index: 0.88;19.74;20.0;;;20.0;8.82;8.75;;;;1.3.0
2026-09-05;Norway_OBOSLigaen;Kongsvinger;Raufoss;91.04;ALTA;21;2026-09-05;Norway_OBOSLigaen;Norway_OBOSLigaen;;Engine v1.3 | Squadra alta: Kongsvinger (2ª), squadra bassa: Raufoss (16ª) | GF alta: 2.65/gara | GS bassa: 2.45/gara | Profilo ultime 10: 0.88 | Real over index: 0.85;20.06;20.0;;;20.0;8.77;8.5;;;;1.3.0
2026-09-05;Germany_3Liga;Mannheim;Verl;90.24;IMM-ALTA-6;4;2026-09-05;Germany_3Liga;Germany_3Liga;;Engine v1.3 | Squadra alta: Mannheim (9ª), squadra bassa: Verl (20ª) | GF alta: 2.33/gara | GS bassa: 3.33/gara | Profilo ultime 10: 0.96 | Real over index: 1.00;17.17;19.44;;;20.0;9.62;10.0;;;;1.3.0
2026-09-05;Poland_IIILiga_Group2;Grom Nowy Staw;Sroda;89.37;ALTA;7;2026-09-05;Poland_IIILiga_Group2;Poland_IIILiga_Group2;;Engine v1.3 | Squadra alta: Sroda (1ª), squadra bassa: Grom Nowy Staw (12ª) | GF alta: 3.17/gara | GS bassa: 2.50/gara | Profilo ultime 10: 0.90 | Real over index: 0.83;18.76;20.0;;;20.0;9.0;8.33;;;;1.3.0
2026-09-05;Germany_2Bundesliga;Kiel;Norimberga;88.99;IMM-ALTA-6;4;2026-09-05;Germany_2Bundesliga;Germany_2Bundesliga;;Engine v1.3 | Squadra alta: Norimberga (1ª), squadra bassa: Kiel (17ª) | GF alta: 3.67/gara | GS bassa: 2.00/gara | Profilo ultime 10: 0.85 | Real over index: 0.83;21.55;20.0;;;18.18;8.54;8.33;;;;1.3.0
2026-09-05;Germany_Oberliga_SchleswigHolstein;Lubeck 2;VfR Neumunster;88.64;ALTA;7;2026-09-05;Germany_Oberliga_SchleswigHolstein;Germany_Oberliga_SchleswigHolstein;;Engine v1.3 | Squadra alta: VfR Neumunster (1ª), squadra bassa: Lubeck 2 (16ª) | GF alta: 3.00/gara | GS bassa: 3.33/gara | Profilo ultime 10: 0.80 | Real over index: 0.83;22.0;20.0;;;20.0;7.99;8.33;;;;1.3.0
2026-09-05;Netherlands_Eredivisie;Willem 2;Excelsior;88.42;IMM-ALTA-6;5;2026-09-05;Netherlands_Eredivisie;Netherlands_Eredivisie;;Engine v1.3 | Squadra alta: Excelsior (8ª), squadra bassa: Willem 2 (15ª) | GF alta: 2.33/gara | GS bassa: 3.33/gara | Profilo ultime 10: 0.91 | Real over index: 1.00;17.47;19.44;;;20.0;9.12;10.0;;;;1.3.0
2026-09-05;Switzerland_PromotionLeague;Schaffhausen;YF Juventus;87.74;ALTA;8;2026-09-05;Switzerland_PromotionLeague;Switzerland_PromotionLeague;;Engine v1.3 | Squadra alta: Schaffhausen (2ª), squadra bassa: YF Juventus (18ª) | GF alta: 2.20/gara | GS bassa: 2.60/gara | Profilo ultime 10: 0.82 | Real over index: 0.80;20.78;18.33;;;20.0;8.24;8.0;;;;1.3.0
2026-09-05;Germany_3Liga;Regensburg;Duisburg;87.65;IMM-ALTA-6;4;2026-09-05;Germany_3Liga;Germany_3Liga;;Engine v1.3 | Squadra alta: Duisburg (1ª), squadra bassa: Regensburg (15ª) | GF alta: 3.33/gara | GS bassa: 2.67/gara | Profilo ultime 10: 0.88 | Real over index: 0.83;19.97;20.0;;;20.0;8.75;8.33;;;;1.3.0
2026-09-05;Finland_Kolmonen_Southern_Group3;IF Sibbo Vargarna;Gnistan/Ogeli;87.65;ALTA;19;2026-09-05;Finland_Kolmonen_Southern_Group3;Finland_Kolmonen_Southern_Group3;;Engine v1.3 | Squadra alta: IF Sibbo Vargarna (2ª), squadra bassa: Gnistan/Ogeli (8ª) | GF alta: 4.00/gara | GS bassa: 2.53/gara | Profilo ultime 10: 0.88 | Real over index: 0.80;16.88;20.0;;;20.0;8.77;8.0;;;;1.3.0
2026-09-05;Norway_OBOSLigaen;Haugesund;Sogndal;87.58;ALTA;21;2026-09-05;Norway_OBOSLigaen;Norway_OBOSLigaen;;Engine v1.3 | Squadra alta: Haugesund (1ª), squadra bassa: Sogndal (12ª) | GF alta: 3.10/gara | GS bassa: 2.40/gara | Profilo ultime 10: 0.94 | Real over index: 0.85;15.66;20.0;;;20.0;9.43;8.5;;;;1.3.0
2026-09-05;Norway_OBOSLigaen;Stabaek;Moss;87.33;ALTA;21;2026-09-05;Norway_OBOSLigaen;Norway_OBOSLigaen;;Engine v1.3 | Squadra alta: Stabaek (3ª), squadra bassa: Moss (14ª) | GF alta: 2.65/gara | GS bassa: 2.25/gara | Profilo ultime 10: 0.90 | Real over index: 0.85;16.61;20.0;;;20.0;9.03;8.5;;;;1.3.0
2026-09-05;Poland_IIILiga_Group1;T. Mazowiecki;Troszyn;86.99;ALTA;7;2026-09-05;Poland_IIILiga_Group1;Poland_IIILiga_Group1;;Engine v1.3 | Squadra alta: T. Mazowiecki (7ª), squadra bassa: Troszyn (18ª) | GF alta: 2.50/gara | GS bassa: 3.00/gara | Profilo ultime 10: 0.85 | Real over index: 0.75;17.17;20.0;;;20.0;8.52;7.5;;;;1.3.0
2026-09-05;Germany_3Liga;Rostock;Wehen;86.1;IMM-ALTA-6;4;2026-09-05;Germany_3Liga;Germany_3Liga;;Engine v1.3 | Squadra alta: Rostock (2ª), squadra bassa: Wehen (19ª) | GF alta: 3.33/gara | GS bassa: 2.33/gara | Profilo ultime 10: 0.76 | Real over index: 0.83;21.19;20.0;;;20.0;7.64;8.33;;;;1.3.0
2026-09-05;Germany_Oberliga_RheinlandPfalzSaar;Koblenz;Ahrweiler;85.94;ALTA;7;2026-09-05;Germany_Oberliga_RheinlandPfalzSaar;Germany_Oberliga_RheinlandPfalzSaar;;Engine v1.3 | Squadra alta: Koblenz (2ª), squadra bassa: Ahrweiler (17ª) | GF alta: 2.40/gara | GS bassa: 2.20/gara | Profilo ultime 10: 0.72 | Real over index: 0.60;21.09;20.0;;;20.0;7.18;6.0;;;;1.3.0
2026-09-05;Norway_2ndDivision_Group2;Skeid;Kjelsås;85.57;ALTA;22;2026-09-05;Norway_2ndDivision_Group2;Norway_2ndDivision_Group2;;Engine v1.3 | Squadra alta: Kjelsås (1ª), squadra bassa: Skeid (11ª) | GF alta: 2.22/gara | GS bassa: 2.00/gara | Profilo ultime 10: 0.86 | Real over index: 0.70;19.69;18.52;;;18.18;8.6;7.0;;;;1.3.0
2026-09-05;Germany_Oberliga_RheinlandPfalzSaar;Hertha Wiesbach;TSV 1881 Gau-Odernheim;85.5;IMM-ALTA-9;7;2026-09-05;Germany_Oberliga_RheinlandPfalzSaar;Germany_Oberliga_RheinlandPfalzSaar;;Engine v1.3 | Squadra alta: TSV 1881 Gau-Odernheim (6ª), squadra bassa: Hertha Wiesbach (15ª) | GF alta: 2.25/gara | GS bassa: 2.80/gara | Profilo ultime 10: 0.87 | Real over index: 0.78;17.9;18.75;;;20.0;8.71;7.75;;;;1.3.0
2026-09-05;Finland_Kolmonen_North;Ponkilan Pantterit;Villan Pojat;85.43;ALTA;19;2026-09-05;Finland_Kolmonen_North;Finland_Kolmonen_North;;Engine v1.3 | Squadra alta: Villan Pojat (2ª), squadra bassa: Ponkilan Pantterit (10ª) | GF alta: 2.00/gara | GS bassa: 6.31/gara | Profilo ultime 10: 0.80 | Real over index: 0.85;21.14;16.67;;;20.0;8.0;8.5;;;;1.3.0
2026-09-05;Poland_IIILiga_Group2;Gedania Gdansk;Luzino;85.38;ALTA;7;2026-09-05;Poland_IIILiga_Group2;Poland_IIILiga_Group2;;Engine v1.3 | Squadra alta: Luzino (4ª), squadra bassa: Gedania Gdansk (11ª) | GF alta: 2.67/gara | GS bassa: 2.50/gara | Profilo ultime 10: 0.91 | Real over index: 0.83;13.96;20.0;;;20.0;9.08;8.33;;;;1.3.0
2026-09-05;Slovakia_2Liga;MFK Bytca;Samorin;84.75;ALTA;7;2026-09-05;Slovakia_2Liga;Slovakia_2Liga;;Engine v1.3 | Squadra alta: Samorin (2ª), squadra bassa: MFK Bytca (16ª) | GF alta: 2.17/gara | GS bassa: 3.17/gara | Profilo ultime 10: 0.76 | Real over index: 0.83;21.49;18.06;;;20.0;7.6;8.33;;;;1.3.0
2026-09-05;Sweden_Division1_Sodra;Utsikten;Lunds;84.37;ALTA;22;2026-09-05;Sweden_Division1_Sodra;Sweden_Division1_Sodra;;Engine v1.3 | Squadra alta: Lunds (4ª), squadra bassa: Utsikten (16ª) | GF alta: 2.16/gara | GS bassa: 2.53/gara | Profilo ultime 10: 0.78 | Real over index: 0.70;19.71;17.98;;;20.0;7.77;7.0;;;;1.3.0
2026-09-05;Lithuania_ILyga;FK Minija;Transinvest 2;83.9;ALTA;24;2026-09-05;Lithuania_ILyga;Lithuania_ILyga;;Engine v1.3 | Squadra alta: FK Minija (1ª), squadra bassa: Transinvest 2 (13ª) | GF alta: 2.62/gara | GS bassa: 2.36/gara | Profilo ultime 10: 0.75 | Real over index: 0.65;20.46;20.0;;;20.0;7.5;6.5;;;;1.3.0
2026-09-05;Germany_Oberliga_Bremen;BTS Neustadt;Geestemunde;83.76;IMM-ALTA-8;5;2026-09-05;Germany_Oberliga_Bremen;Germany_Oberliga_Bremen;;Engine v1.3 | Squadra alta: Geestemunde (11ª), squadra bassa: BTS Neustadt (15ª) | GF alta: 2.75/gara | GS bassa: 4.00/gara | Profilo ultime 10: 0.94 | Real over index: 0.88;11.59;20.0;;;20.0;9.42;8.75;;;;1.3.0
2026-09-05;Denmark_3rdDivision;Sundby;ASA Aarhus;83.15;ALTA;6;2026-09-05;Denmark_3rdDivision;Denmark_3rdDivision;;Engine v1.3 | Squadra alta: ASA Aarhus (2ª), squadra bassa: Sundby (11ª) | GF alta: 1.80/gara | GS bassa: 2.60/gara | Profilo ultime 10: 0.82 | Real over index: 0.70;20.6;15.0;;;20.0;8.17;7.0;;;;1.3.0
2026-09-05;England_Championship;Burnley;Bristol City;82.78;IMM-ALTA-7;5;2026-09-05;England_Championship;England_Championship;;Engine v1.3 | Squadra alta: Bristol City (6ª), squadra bassa: Burnley (22ª) | GF alta: 1.67/gara | GS bassa: 2.50/gara | Profilo ultime 10: 0.82 | Real over index: 0.71;19.66;13.89;;;20.0;8.15;7.08;;;;1.3.0
2026-09-05;Germany_Oberliga_Bremen;Woltmershausen;Hemelingen;82.45;IMM-ALTA-7;5;2026-09-05;Germany_Oberliga_Bremen;Germany_Oberliga_Bremen;;Engine v1.3 | Squadra alta: Hemelingen (3ª), squadra bassa: Woltmershausen (12ª) | GF alta: 4.00/gara | GS bassa: 3.75/gara | Profilo ultime 10: 0.77 | Real over index: 0.71;18.92;20.0;;;20.0;7.65;7.08;;;;1.3.0
2026-09-05;Germany_Oberliga_Hessen;Unter-Flockenbach;Giessen;82.27;ALTA;7;2026-09-05;Germany_Oberliga_Hessen;Germany_Oberliga_Hessen;;Engine v1.3 | Squadra alta: Unter-Flockenbach (3ª), squadra bassa: Giessen (15ª) | GF alta: 3.33/gara | GS bassa: 1.83/gara | Profilo ultime 10: 0.75 | Real over index: 0.75;19.74;20.0;;;16.67;7.48;7.5;;;;1.3.0
2026-09-05;Germany_Oberliga_BadenWurttemberg;Oberachern;Villingen;82.09;IMM-ALTA-8;6;2026-09-05;Germany_Oberliga_BadenWurttemberg;Germany_Oberliga_BadenWurttemberg;;Engine v1.3 | Squadra alta: Oberachern (2ª), squadra bassa: Villingen (6ª) | GF alta: 2.75/gara | GS bassa: 1.75/gara | Profilo ultime 10: 0.89 | Real over index: 0.88;16.11;20.0;;;15.91;8.94;8.75;;;;1.3.0
2026-09-05;Poland_IIILiga_Group2;Blekitni Stargard;Kotwica Kornik;81.36;ALTA;7;2026-09-05;Poland_IIILiga_Group2;Poland_IIILiga_Group2;;Engine v1.3 | Squadra alta: Blekitni Stargard (6ª), squadra bassa: Kotwica Kornik (15ª) | GF alta: 2.33/gara | GS bassa: 2.17/gara | Profilo ultime 10: 0.84 | Real over index: 0.67;13.18;19.44;;;19.7;8.38;6.67;;;;1.3.0
2026-09-05;Portugal_LigaPortugal;Sporting;Nacional;81.15;IMM-ALTA-8;5;2026-09-05;Portugal_LigaPortugal;Portugal_LigaPortugal;;Engine v1.3 | Squadra alta: Sporting (2ª), squadra bassa: Nacional (10ª) | GF alta: 3.00/gara | GS bassa: 1.50/gara | Profilo ultime 10: 0.84 | Real over index: 0.75;17.92;20.0;;;13.64;8.36;7.5;;;;1.3.0
2026-09-05;Belarus_PershayaLiga;Osipovichi;Lida;80.86;ALTA;25;2026-09-05;Belarus_PershayaLiga;Belarus_PershayaLiga;;Engine v1.3 | Squadra alta: Lida (3ª), squadra bassa: Osipovichi (18ª) | GF alta: 1.91/gara | GS bassa: 2.59/gara | Profilo ultime 10: 0.77 | Real over index: 0.65;17.63;15.91;;;20.0;7.72;6.5;;;;1.3.0
2026-09-05;Germany_Oberliga_RheinlandPfalzSaar;Worms;RW Wittlich;80.84;IMM-ALTA-9;7;2026-09-05;Germany_Oberliga_RheinlandPfalzSaar;Germany_Oberliga_RheinlandPfalzSaar;;Engine v1.3 | Squadra alta: RW Wittlich (7ª), squadra bassa: Worms (11ª) | GF alta: 2.75/gara | GS bassa: 2.00/gara | Profilo ultime 10: 0.91 | Real over index: 0.78;11.82;20.0;;;18.18;9.09;7.75;;;;1.3.0
2026-09-05;Serbia_PrvaLiga;Borac 1926;Graficar Beograd;80.58;ALTA;7;2026-09-05;Serbia_PrvaLiga;Serbia_PrvaLiga;;Engine v1.3 | Squadra alta: Borac 1926 (1ª), squadra bassa: Graficar Beograd (14ª) | GF alta: 2.00/gara | GS bassa: 1.83/gara | Profilo ultime 10: 0.75 | Real over index: 0.67;20.97;16.67;;;16.67;7.49;6.67;;;;1.3.0
2026-09-05;Estonia_Esiliiga;Tallinna Kalev;Tartu Welco;80.55;ALTA;30;2026-09-05;Estonia_Esiliiga;Estonia_Esiliiga;;Engine v1.3 | Squadra alta: Tartu Welco (1ª), squadra bassa: Tallinna Kalev (6ª) | GF alta: 2.88/gara | GS bassa: 1.92/gara | Profilo ultime 10: 0.93 | Real over index: 0.85;11.24;20.0;;;17.48;9.33;8.5;;;;1.3.0
2026-09-05;Germany_Oberliga_RheinlandPfalzSaar;Emmelshausen-Karbach;RW Koblenz;80.43;ALTA;7;2026-09-05;Germany_Oberliga_RheinlandPfalzSaar;Germany_Oberliga_RheinlandPfalzSaar;;Engine v1.3 | Squadra alta: RW Koblenz (5ª), squadra bassa: Emmelshausen-Karbach (10ª) | GF alta: 2.60/gara | GS bassa: 2.80/gara | Profilo ultime 10: 0.95 | Real over index: 0.90;7.98;20.0;;;20.0;9.45;9.0;;;;1.3.0
2026-09-05;Germany_Oberliga_Bayern_Sud;Schalding;Pfaffenhofen;79.77;ALTA;10;2026-09-05;Germany_Oberliga_Bayern_Sud;Germany_Oberliga_Bayern_Sud;;Engine v1.3 | Squadra alta: Pfaffenhofen (4ª), squadra bassa: Schalding (18ª) | GF alta: 1.62/gara | GS bassa: 3.38/gara | Profilo ultime 10: 0.83 | Real over index: 0.69;17.07;13.54;;;20.0;8.29;6.88;;;;1.3.0
2026-09-05;Poland_IIILiga_Group2;Lipno Steszew;Swinoujscie;79.76;ALTA;7;2026-09-05;Poland_IIILiga_Group2;Poland_IIILiga_Group2;;Engine v1.3 | Squadra alta: Swinoujscie (7ª), squadra bassa: Lipno Steszew (18ª) | GF alta: 1.83/gara | GS bassa: 2.17/gara | Profilo ultime 10: 0.74 | Real over index: 0.58;18.76;15.28;;;19.7;7.36;5.83;;;;1.3.0
2026-09-05;Norway_OBOSLigaen;Åsane;Hodd;79.52;ALTA;21;2026-09-05;Norway_OBOSLigaen;Norway_OBOSLigaen;;Engine v1.3 | Squadra alta: Hodd (5ª), squadra bassa: Åsane (15ª) | GF alta: 1.75/gara | GS bassa: 2.20/gara | Profilo ultime 10: 0.97 | Real over index: 0.90;12.28;14.58;;;20.0;9.65;9.0;;;;1.3.0
2026-09-05;Romania_Liga2;Concordia;Afumati;79.29;IMM-ALTA-8;6;2026-09-05;Romania_Liga2;Romania_Liga2;;Engine v1.3 | Squadra alta: Concordia (5ª), squadra bassa: Afumati (16ª) | GF alta: 2.00/gara | GS bassa: 2.00/gara | Profilo ultime 10: 0.82 | Real over index: 0.75;15.95;16.67;;;18.18;8.16;7.5;;;;1.3.0
2026-09-05;Poland_Division2;Z. Gora;Swit Szczecin;79.17;ALTA;7;2026-09-05;Poland_Division2;Poland_Division2;;Engine v1.3 | Squadra alta: Z. Gora (7ª), squadra bassa: Swit Szczecin (18ª) | GF alta: 2.33/gara | GS bassa: 2.33/gara | Profilo ultime 10: 0.69 | Real over index: 0.58;16.1;19.44;;;20.0;6.9;5.83;;;;1.3.0
2026-09-05;Poland_IIILiga_Group1;Mazovia Minsk Mazowiecki;Zambrow;79.12;ALTA;7;2026-09-05;Poland_IIILiga_Group1;Poland_IIILiga_Group1;;Engine v1.3 | Squadra alta: Mazovia Minsk Mazowiecki (5ª), squadra bassa: Zambrow (10ª) | GF alta: 2.50/gara | GS bassa: 2.50/gara | Profilo ultime 10: 0.99 | Real over index: 1.00;5.2;20.0;;;20.0;9.92;10.0;;;;1.3.0
2026-09-05;England_LeagueOne;Luton;Leyton Orient;78.95;IMM-ALTA-6;5;2026-09-05;England_LeagueOne;England_LeagueOne;;Engine v1.3 | Squadra alta: Luton (6ª), squadra bassa: Leyton Orient (14ª) | GF alta: 2.67/gara | GS bassa: 1.67/gara | Profilo ultime 10: 0.93 | Real over index: 0.83;12.21;20.0;;;15.15;9.25;8.33;;;;1.3.0
2026-09-05;Germany_2Bundesliga;Wolfsburg;Cottbus;78.88;IMM-ALTA-6;4;2026-09-05;Germany_2Bundesliga;Germany_2Bundesliga;;Engine v1.3 | Squadra alta: Wolfsburg (3ª), squadra bassa: Cottbus (12ª) | GF alta: 2.00/gara | GS bassa: 2.67/gara | Profilo ultime 10: 0.82 | Real over index: 0.67;16.79;16.67;;;20.0;8.17;6.67;;;;1.3.0
2026-09-05;Norway_2ndDivision_Group1;Sotra;Vidar;78.8;ALTA;19;2026-09-05;Norway_2ndDivision_Group1;Norway_2ndDivision_Group1;;Engine v1.3 | Squadra alta: Sotra (7ª), squadra bassa: Vidar (13ª) | GF alta: 1.94/gara | GS bassa: 2.71/gara | Profilo ultime 10: 0.82 | Real over index: 0.75;14.77;16.18;;;20.0;8.21;7.5;;;;1.3.0
2026-09-05;Denmark_3rdDivision;Ishoj;Holbaek;78.76;ALTA;6;2026-09-05;Denmark_3rdDivision;Denmark_3rdDivision;;Engine v1.3 | Squadra alta: Holbaek (1ª), squadra bassa: Ishoj (12ª) | GF alta: 2.60/gara | GS bassa: 1.80/gara | Profilo ultime 10: 0.62 | Real over index: 0.60;22.0;20.0;;;16.36;6.23;6.0;;;;1.3.0
2026-09-05;Italy_SerieC_GironeB;Latina;Forlì;78.35;IMM-ALTA-4;3;2026-09-05;Italy_SerieC_GironeB;Italy_SerieC_GironeB;;Engine v1.3 | Squadra alta: Forlì (1ª), squadra bassa: Latina (15ª) | GF alta: 4.00/gara | GS bassa: 1.50/gara | Profilo ultime 10: 0.73 | Real over index: 0.75;19.97;20.0;;;13.64;7.33;7.5;;;;1.3.0
2026-09-05;Armenia_PremierLeague;Ararat;Ararat-Armenia;78.26;ALTA;7;2026-09-05;Armenia_PremierLeague;Armenia_PremierLeague;;Engine v1.3 | Squadra alta: Ararat-Armenia (5ª), squadra bassa: Ararat (10ª) | GF alta: 2.00/gara | GS bassa: 2.40/gara | Profilo ultime 10: 0.72 | Real over index: 0.70;16.85;16.67;;;20.0;7.24;7.0;;;;1.3.0
2026-09-05;Germany_Regionalliga_Sudwest;FSV Francoforte;Offenbach;78.11;IMM-ALTA-8;6;2026-09-05;Germany_Regionalliga_Sudwest;Germany_Regionalliga_Sudwest;;Engine v1.3 | Squadra alta: Offenbach (1ª), squadra bassa: FSV Francoforte (8ª) | GF alta: 2.75/gara | GS bassa: 1.50/gara | Profilo ultime 10: 0.86 | Real over index: 0.88;17.47;20.0;;;13.64;8.56;8.75;;;;1.3.0
2026-09-05;England_LeagueOne;Peterborough;Sheffield Wed;78.1;IMM-ALTA-7;5;2026-09-05;England_LeagueOne;England_LeagueOne;;Engine v1.3 | Squadra alta: Sheffield Wed (1ª), squadra bassa: Peterborough (24ª) | GF alta: 2.75/gara | GS bassa: 2.00/gara | Profilo ultime 10: 0.58 | Real over index: 0.54;22.0;20.0;;;18.18;5.77;5.42;;;;1.3.0
2026-09-05;England_LeagueOne;Wigan;Stockport;77.7;IMM-ALTA-6;5;2026-09-05;England_LeagueOne;England_LeagueOne;;Engine v1.3 | Squadra alta: Stockport (3ª), squadra bassa: Wigan (15ª) | GF alta: 2.67/gara | GS bassa: 1.67/gara | Profilo ultime 10: 0.83 | Real over index: 0.67;13.55;20.0;;;15.15;8.33;6.67;;;;1.3.0
2026-09-05;Switzerland_SuperLeague;Young Boys;Luzern;77.48;ALTA;7;2026-09-05;Switzerland_SuperLeague;Switzerland_SuperLeague;;Engine v1.3 | Squadra alta: Young Boys (1ª), squadra bassa: Luzern (4ª) | GF alta: 3.83/gara | GS bassa: 1.67/gara | Profilo ultime 10: 0.86 | Real over index: 0.83;11.63;20.0;;;15.15;8.56;8.33;;;;1.3.0
2026-09-05;Austria_Tirol;SC Mils 05;Stubai;77.43;ALTA;7;2026-09-05;Austria_Tirol;Austria_Tirol;;Engine v1.3 | Squadra alta: SC Mils 05 (9ª), squadra bassa: Stubai (15ª) | GF alta: 1.80/gara | GS bassa: 3.00/gara | Profilo ultime 10: 0.94 | Real over index: 0.90;10.06;15.0;;;20.0;9.37;9.0;;;;1.3.0
2026-09-05;Germany_Oberliga_Bayern_Sud;Geretsried;Landshut;77.23;ALTA;10;2026-09-05;Germany_Oberliga_Bayern_Sud;Germany_Oberliga_Bayern_Sud;;Engine v1.3 | Squadra alta: Landshut (3ª), squadra bassa: Geretsried (15ª) | GF alta: 2.00/gara | GS bassa: 2.12/gara | Profilo ultime 10: 0.78 | Real over index: 0.56;13.78;16.67;;;19.32;7.84;5.62;;;;1.3.0
2026-09-05;Germany_Oberliga_Bayern_Sud;Schwabmunchen;Hankofen-Hailing;77.02;ALTA;10;2026-09-05;Germany_Oberliga_Bayern_Sud;Germany_Oberliga_Bayern_Sud;;Engine v1.3 | Squadra alta: Hankofen-Hailing (2ª), squadra bassa: Schwabmunchen (13ª) | GF alta: 2.14/gara | GS bassa: 1.75/gara | Profilo ultime 10: 0.80 | Real over index: 0.66;18.6;17.86;;;15.91;7.97;6.61;;;;1.3.0
2026-09-05;Poland_IIILiga_Group3;Brzeg;Legnica 2;76.96;ALTA;7;2026-09-05;Poland_IIILiga_Group3;Poland_IIILiga_Group3;;Engine v1.3 | Squadra alta: Brzeg (10ª), squadra bassa: Legnica 2 (17ª) | GF alta: 2.00/gara | GS bassa: 2.17/gara | Profilo ultime 10: 0.83 | Real over index: 0.67;12.37;16.67;;;19.7;8.28;6.67;;;;1.3.0
2026-09-05;Estonia_EsiliigaB;Tabasalu;Tammeka U21;76.68;ALTA;27;2026-09-05;Estonia_EsiliigaB;Estonia_EsiliigaB;;Engine v1.3 | Squadra alta: Tammeka U21 (6ª), squadra bassa: Tabasalu (8ª) | GF alta: 2.58/gara | GS bassa: 2.54/gara | Profilo ultime 10: 0.86 | Real over index: 0.80;6.08;20.0;;;20.0;8.6;8.0;;;;1.3.0
2026-09-05;Estonia_EsiliigaB;Tulevik;Legion;76.67;ALTA;27;2026-09-05;Estonia_EsiliigaB;Estonia_EsiliigaB;;Engine v1.3 | Squadra alta: Tulevik (7ª), squadra bassa: Legion (10ª) | GF alta: 2.21/gara | GS bassa: 3.83/gara | Profilo ultime 10: 0.80 | Real over index: 0.70;10.72;18.4;;;20.0;7.97;7.0;;;;1.3.0
2026-09-05;Romania_Liga2;Steaua Bucuresti;Cetatea Suceava;76.6;IMM-ALTA-8;6;2026-09-05;Romania_Liga2;Romania_Liga2;;Engine v1.3 | Squadra alta: Cetatea Suceava (7ª), squadra bassa: Steaua Bucuresti (21ª) | GF alta: 1.50/gara | GS bassa: 2.25/gara | Profilo ultime 10: 0.72 | Real over index: 0.62;19.43;12.5;;;20.0;7.2;6.25;;;;1.3.0
2026-09-05;Germany_Oberliga_Bayern_Sud;Pipinsried;TSV 1880 Wasserburg;76.49;ALTA;10;2026-09-05;Germany_Oberliga_Bayern_Sud;Germany_Oberliga_Bayern_Sud;;Engine v1.3 | Squadra alta: Pipinsried (1ª), squadra bassa: TSV 1880 Wasserburg (6ª) | GF alta: 3.12/gara | GS bassa: 1.88/gara | Profilo ultime 10: 0.88 | Real over index: 0.81;9.41;20.0;;;17.05;8.84;8.12;;;;1.3.0
2026-09-05;Poland_IIILiga_Group2;Notec Czarnkow;Kluczevia Stargard;76.22;ALTA;7;2026-09-05;Poland_IIILiga_Group2;Poland_IIILiga_Group2;;Engine v1.3 | Squadra alta: Kluczevia Stargard (2ª), squadra bassa: Notec Czarnkow (9ª) | GF alta: 2.83/gara | GS bassa: 1.67/gara | Profilo ultime 10: 0.88 | Real over index: 0.75;10.78;20.0;;;15.15;8.79;7.5;;;;1.3.0
2026-09-05;Slovakia_NikeLiga;Zilina;Podbrezova;76.1;ALTA;7;2026-09-05;Slovakia_NikeLiga;Slovakia_NikeLiga;;Engine v1.3 | Squadra alta: Zilina (3ª), squadra bassa: Podbrezova (5ª) | GF alta: 2.50/gara | GS bassa: 2.00/gara | Profilo ultime 10: 0.94 | Real over index: 0.83;6.17;20.0;;;18.18;9.42;8.33;;;;1.3.0
2026-09-05;Bulgaria_ParvaLiga;Spartak Varna;CSKA Sofia;76.04;ALTA;8;2026-09-05;Bulgaria_ParvaLiga;Bulgaria_ParvaLiga;;Engine v1.3 | Squadra alta: CSKA Sofia (4ª), squadra bassa: Spartak Varna (6ª) | GF alta: 2.67/gara | GS bassa: 1.75/gara | Profilo ultime 10: 0.75 | Real over index: 0.67;15.33;20.0;;;15.91;7.55;6.67;;;;1.3.0
2026-09-05;Germany_Oberliga_Bayern_Nord;Cham;Nordlingen;75.9;ALTA;10;2026-09-05;Germany_Oberliga_Bayern_Nord;Germany_Oberliga_Bayern_Nord;;Engine v1.3 | Squadra alta: Cham (1ª), squadra bassa: Nordlingen (12ª) | GF alta: 2.25/gara | GS bassa: 1.62/gara | Profilo ultime 10: 0.71 | Real over index: 0.56;19.28;18.75;;;14.77;7.1;5.62;;;;1.3.0
2026-09-05;Germany_Regionalliga_Bayern;Norinberga 2;Schweinfurt;75.71;ALTA;8;2026-09-05;Germany_Regionalliga_Bayern;Germany_Regionalliga_Bayern;;Engine v1.3 | Squadra alta: Schweinfurt (6ª), squadra bassa: Norinberga 2 (16ª) | GF alta: 2.00/gara | GS bassa: 1.80/gara | Profilo ultime 10: 0.80 | Real over index: 0.63;14.38;16.67;;;16.36;7.97;6.33;;;;1.3.0
2026-09-05;Spain_LaLiga;Vallecano;Racing Santander;75.62;IMM-ALTA-6;5;2026-09-05;Spain_LaLiga;Spain_LaLiga;;Engine v1.3 | Squadra alta: Racing Santander (8ª), squadra bassa: Vallecano (16ª) | GF alta: 1.67/gara | GS bassa: 2.67/gara | Profilo ultime 10: 0.83 | Real over index: 0.67;12.78;13.89;;;20.0;8.29;6.67;;;;1.3.0
2026-09-05;France_Ligue2;Reims;Guingamp;75.25;IMM-ALTA-8;5;2026-09-05;France_Ligue2;France_Ligue2;;Engine v1.3 | Squadra alta: Reims (2ª), squadra bassa: Guingamp (12ª) | GF alta: 2.50/gara | GS bassa: 1.50/gara | Profilo ultime 10: 0.76 | Real over index: 0.62;14.06;20.0;;;13.64;7.57;6.25;;;;1.3.0
2026-09-05;Poland_IIILiga_Group1;LKS Lomza;Jagiellonia 2;74.87;MEDIA-ALTA;7;2026-09-05;Poland_IIILiga_Group1;Poland_IIILiga_Group1;;Engine v1.3 | Squadra alta: Jagiellonia 2 (11ª), squadra bassa: LKS Lomza (16ª) | GF alta: 1.67/gara | GS bassa: 2.33/gara | Profilo ultime 10: 0.80 | Real over index: 0.58;13.15;13.89;;;20.0;8.0;5.83;;;;1.3.0
2026-09-05;Norway_2ndDivision_Group2;Stjordals Blink;Eidsvold;74.73;MEDIA-ALTA;22;2026-09-05;Norway_2ndDivision_Group2;Norway_2ndDivision_Group2;;Engine v1.3 | Squadra alta: Eidsvold (2ª), squadra bassa: Stjordals Blink (7ª) | GF alta: 2.41/gara | GS bassa: 1.76/gara | Profilo ultime 10: 0.84 | Real over index: 0.75;11.37;20.0;;;16.04;8.38;7.5;;;;1.3.0
2026-09-05;Sweden_Allsvenskan;Västerås SK;Sirius;74.69;MEDIA-ALTA;25;2026-09-05;Sweden_Allsvenskan;Sweden_Allsvenskan;;Engine v1.3 | Squadra alta: Sirius (1ª), squadra bassa: Västerås SK (8ª) | GF alta: 2.47/gara | GS bassa: 1.74/gara | Profilo ultime 10: 0.83 | Real over index: 0.65;10.12;20.0;;;15.79;8.28;6.5;;;;1.3.0
2026-09-05;Germany_Oberliga_Hamburg;Altona;ETSV Hamburg;74.65;MEDIA-ALTA;6;2026-09-05;Germany_Oberliga_Hamburg;Germany_Oberliga_Hamburg;;Engine v1.3 | Squadra alta: Altona (6ª), squadra bassa: ETSV Hamburg (9ª) | GF alta: 2.40/gara | GS bassa: 2.00/gara | Profilo ultime 10: 0.93 | Real over index: 0.80;5.17;20.0;;;18.18;9.3;8.0;;;;1.3.0
2026-09-05;Sweden_Division2_Norrland;IFK Umea;Friska Viljor;74.5;MEDIA-ALTA;23;2026-09-05;Sweden_Division2_Norrland;Sweden_Division2_Norrland;;Engine v1.3 | Squadra alta: Friska Viljor (10ª), squadra bassa: IFK Umea (14ª) | GF alta: 1.88/gara | GS bassa: 3.25/gara | Profilo ultime 10: 0.84 | Real over index: 0.75;10.84;15.69;;;20.0;8.37;7.5;;;;1.3.0
2026-09-05;Germany_Regionalliga_Bayern;Landsberg;Buchbach;74.19;MEDIA-ALTA;8;2026-09-05;Germany_Regionalliga_Bayern;Germany_Regionalliga_Bayern;;Engine v1.3 | Squadra alta: Buchbach (1ª), squadra bassa: Landsberg (17ª) | GF alta: 2.33/gara | GS bassa: 1.50/gara | Profilo ultime 10: 0.60 | Real over index: 0.42;21.55;19.44;;;13.64;6.05;4.17;;;;1.3.0
2026-09-05;Iceland_BestaDeildKvenna;IBV Vestmannaeyjar D;Fram D;74.18;MEDIA-ALTA;19;2026-09-05;Iceland_BestaDeildKvenna;Iceland_BestaDeildKvenna;;Engine v1.3 | Squadra alta: IBV Vestmannaeyjar D (3ª), squadra bassa: Fram D (8ª) | GF alta: 1.71/gara | GS bassa: 2.41/gara | Profilo ultime 10: 0.92 | Real over index: 0.80;8.76;14.22;;;20.0;9.2;8.0;;;;1.3.0
2026-09-05;Ukraine_PershaLiga;Viktoria;Zhytomyr 2;73.96;MEDIA-ALTA;6;2026-09-05;Ukraine_PershaLiga;Ukraine_PershaLiga;;Engine v1.3 | Squadra alta: Viktoria (1ª), squadra bassa: Zhytomyr 2 (15ª) | GF alta: 1.80/gara | GS bassa: 1.80/gara | Profilo ultime 10: 0.70 | Real over index: 0.60;21.49;15.0;;;16.36;7.04;6.0;;;;1.3.0
2026-09-05;Sweden_Division1_Sodra;Hassleholms IF;Kristianstad;73.88;MEDIA-ALTA;22;2026-09-05;Sweden_Division1_Sodra;Sweden_Division1_Sodra;;Engine v1.3 | Squadra alta: Hassleholms IF (2ª), squadra bassa: Kristianstad (13ª) | GF alta: 2.10/gara | GS bassa: 1.63/gara | Profilo ultime 10: 0.76 | Real over index: 0.60;14.2;17.5;;;14.83;7.62;6.0;;;;1.3.0
2026-09-05;Sweden_Division2_Norrland;Fransta;Umea FF;73.88;MEDIA-ALTA;23;2026-09-05;Sweden_Division2_Norrland;Sweden_Division2_Norrland;;Engine v1.3 | Squadra alta: Umea FF (9ª), squadra bassa: Fransta (13ª) | GF alta: 2.06/gara | GS bassa: 2.69/gara | Profilo ultime 10: 0.92 | Real over index: 0.80;5.55;17.19;;;20.0;9.15;8.0;;;;1.3.0
2026-09-05;Switzerland_PromotionLeague;Basilea 2;Bruhl SG;73.79;MEDIA-ALTA;8;2026-09-05;Switzerland_PromotionLeague;Switzerland_PromotionLeague;;Engine v1.3 | Squadra alta: Bruhl SG (4ª), squadra bassa: Basilea 2 (11ª) | GF alta: 2.00/gara | GS bassa: 2.40/gara | Profilo ultime 10: 0.83 | Real over index: 0.70;10.46;16.67;;;20.0;8.35;7.0;;;;1.3.0
2026-09-05;Poland_IIILiga_Group1;Weszlo;Zabki;73.76;MEDIA-ALTA;7;2026-09-05;Poland_IIILiga_Group1;Poland_IIILiga_Group1;;Engine v1.3 | Squadra alta: Weszlo (1ª), squadra bassa: Zabki (8ª) | GF alta: 2.83/gara | GS bassa: 1.67/gara | Profilo ultime 10: 0.81 | Real over index: 0.67;12.37;20.0;;;15.15;8.08;6.67;;;;1.3.0
2026-09-05;Germany_Oberliga_Bayern_Nord;Bamberg;Ingolstadt 2;73.66;MEDIA-ALTA;10;2026-09-05;Germany_Oberliga_Bayern_Nord;Germany_Oberliga_Bayern_Nord;;Engine v1.3 | Squadra alta: Bamberg (3ª), squadra bassa: Ingolstadt 2 (13ª) | GF alta: 1.75/gara | GS bassa: 2.12/gara | Profilo ultime 10: 0.78 | Real over index: 0.56;15.25;14.58;;;19.32;7.84;5.62;;;;1.3.0
2026-09-05;Germany_Oberliga_SchleswigHolstein;Oldenburger;Kilia Kiel;73.56;MEDIA-ALTA;7;2026-09-05;Germany_Oberliga_SchleswigHolstein;Germany_Oberliga_SchleswigHolstein;;Engine v1.3 | Squadra alta: Kilia Kiel (4ª), squadra bassa: Oldenburger (6ª) | GF alta: 2.33/gara | GS bassa: 2.33/gara | Profilo ultime 10: 0.92 | Real over index: 0.83;2.62;19.44;;;20.0;9.17;8.33;;;;1.3.0
2026-09-05;Switzerland_PromotionLeague;Bavois;Bulle;73.51;MEDIA-ALTA;8;2026-09-05;Switzerland_PromotionLeague;Switzerland_PromotionLeague;;Engine v1.3 | Squadra alta: Bulle (3ª), squadra bassa: Bavois (14ª) | GF alta: 2.60/gara | GS bassa: 1.20/gara | Profilo ultime 10: 0.72 | Real over index: 0.60;15.9;20.0;;;10.91;7.24;6.0;;;;1.3.0
2026-09-05;Austria_Regionalliga_West;Reichenau;FC Lustenau;73.42;MEDIA-ALTA;6;2026-09-05;Austria_Regionalliga_West;Austria_Regionalliga_West;;Engine v1.3 | Squadra alta: Reichenau (8ª), squadra bassa: FC Lustenau (19ª) | GF alta: 1.40/gara | GS bassa: 3.20/gara | Profilo ultime 10: 0.72 | Real over index: 0.70;17.09;11.67;;;20.0;7.16;7.0;;;;1.3.0
2026-09-05;Iceland_Division_1;Vestri;Throttur;73.32;MEDIA-ALTA;32;2026-09-05;Iceland_Division_1;Iceland_Division_1;;Engine v1.3 | Squadra alta: Throttur (2ª), squadra bassa: Vestri (9ª) | GF alta: 2.33/gara | GS bassa: 1.95/gara | Profilo ultime 10: 0.69 | Real over index: 0.50;10.8;19.44;;;17.75;6.92;5.0;;;;1.3.0
2026-09-05;USA_MLSNextPro_EasternConference_NortheastDivision;Toronto FC 2;Cincinnati 2;73.24;MEDIA-ALTA;29;2026-09-05;USA_MLSNextPro_EasternConference_NortheastDivision;USA_MLSNextPro_EasternConference_NortheastDivision;;Engine v1.3 | Squadra alta: Toronto FC 2 (8ª), squadra bassa: Cincinnati 2 (9ª) | GF alta: 1.67/gara | GS bassa: 2.28/gara | Profilo ultime 10: 0.96 | Real over index: 0.90;6.93;13.89;;;20.0;9.65;9.0;;;;1.3.0
2026-09-05;Sweden_Division2_Norrland;Skelleftea;IFK Ostersund;73.17;MEDIA-ALTA;23;2026-09-05;Sweden_Division2_Norrland;Sweden_Division2_Norrland;;Engine v1.3 | Squadra alta: Skelleftea (1ª), squadra bassa: IFK Ostersund (6ª) | GF alta: 2.26/gara | GS bassa: 1.84/gara | Profilo ultime 10: 0.81 | Real over index: 0.65;11.74;18.86;;;16.75;8.07;6.5;;;;1.3.0
2026-09-05;Poland_IIILiga_Group3;BKS Sparta Katowice;Nysa;73.12;MEDIA-ALTA;7;2026-09-05;Poland_IIILiga_Group3;Poland_IIILiga_Group3;;Engine v1.3 | Squadra alta: BKS Sparta Katowice (3ª), squadra bassa: Nysa (15ª) | GF alta: 1.50/gara | GS bassa: 2.17/gara | Profilo ultime 10: 0.71 | Real over index: 0.58;17.57;12.5;;;19.7;7.12;5.83;;;;1.3.0
2026-09-05;Sweden_Division1_Norra;Jarfalla;FBK Karlstad;72.82;MEDIA-ALTA;22;2026-09-05;Sweden_Division1_Norra;Sweden_Division1_Norra;;Engine v1.3 | Squadra alta: FBK Karlstad (6ª), squadra bassa: Jarfalla (14ª) | GF alta: 1.63/gara | GS bassa: 2.16/gara | Profilo ultime 10: 0.75 | Real over index: 0.60;12.13;13.6;;;19.62;7.47;6.0;;;;1.3.0
2026-09-05;Hungary_NBII;Kozarmisleny;Mezokovesd;72.59;MEDIA-ALTA;7;2026-09-05;Hungary_NBII;Hungary_NBII;;Engine v1.3 | Squadra alta: Mezokovesd (7ª), squadra bassa: Kozarmisleny (16ª) | GF alta: 1.40/gara | GS bassa: 2.50/gara | Profilo ultime 10: 0.66 | Real over index: 0.62;18.92;11.67;;;20.0;6.56;6.17;;;;1.3.0
2026-09-05;Russia_PremierLeague;Samara;Krasnodar;72.49;MEDIA-ALTA;7;2026-09-05;Russia_PremierLeague;Russia_PremierLeague;;Engine v1.3 | Squadra alta: Krasnodar (1ª), squadra bassa: Samara (11ª) | GF alta: 1.83/gara | GS bassa: 1.67/gara | Profilo ultime 10: 0.70 | Real over index: 0.50;19.43;15.28;;;15.15;7.04;5.0;;;;1.3.0
2026-09-05;Germany_3Liga;RW Essen;Viktoria Koln;72.48;MEDIA-ALTA;4;2026-09-05;Germany_3Liga;Germany_3Liga;;Engine v1.3 | Squadra alta: Viktoria Koln (4ª), squadra bassa: RW Essen (13ª) | GF alta: 3.00/gara | GS bassa: 1.67/gara | Profilo ultime 10: 0.78 | Real over index: 0.67;10.0;20.0;;;15.15;7.82;6.67;;;;1.3.0
2026-09-05;Ukraine_PershaLiga;Fenix Mariupol;Kulikiv;72.35;MEDIA-ALTA;6;2026-09-05;Ukraine_PershaLiga;Ukraine_PershaLiga;;Engine v1.3 | Squadra alta: Kulikiv (4ª), squadra bassa: Fenix Mariupol (11ª) | GF alta: 2.20/gara | GS bassa: 1.60/gara | Profilo ultime 10: 0.78 | Real over index: 0.70;11.22;18.33;;;14.55;7.79;7.0;;;;1.3.0
2026-09-05;Germany_Oberliga_Bremen;Brinkumer;OSC Bremerhaven;71.98;MEDIA-ALTA;5;2026-09-05;Germany_Oberliga_Bremen;Germany_Oberliga_Bremen;;Engine v1.3 | Squadra alta: OSC Bremerhaven (2ª), squadra bassa: Brinkumer (4ª) | GF alta: 4.00/gara | GS bassa: 1.50/gara | Profilo ultime 10: 0.91 | Real over index: 1.00;8.18;20.0;;;13.64;9.12;10.0;;;;1.3.0
2026-09-05;England_PremierLeague;Newcastle;Bournemouth;71.94;MEDIA-ALTA;3;2026-09-05;England_PremierLeague;England_PremierLeague;;Engine v1.3 | Squadra alta: Newcastle (3ª), squadra bassa: Bournemouth (14ª) | GF alta: 2.00/gara | GS bassa: 1.50/gara | Profilo ultime 10: 0.67 | Real over index: 0.50;18.76;16.67;;;13.64;6.66;5.0;;;;1.3.0
2026-09-05;Montenegro_PrvaCrnogorskaLiga;Mladost DG;Decic;71.93;MEDIA-ALTA;6;2026-09-05;Montenegro_PrvaCrnogorskaLiga;Montenegro_PrvaCrnogorskaLiga;;Engine v1.3 | Squadra alta: Decic (1ª), squadra bassa: Mladost DG (10ª) | GF alta: 1.60/gara | GS bassa: 2.00/gara | Profilo ultime 10: 0.65 | Real over index: 0.50;22.0;13.33;;;18.18;6.51;5.0;;;;1.3.0
2026-09-05;Germany_Oberliga_SchleswigHolstein;Phonix Lubeck B;Flensburg;71.64;MEDIA-ALTA;7;2026-09-05;Germany_Oberliga_SchleswigHolstein;Germany_Oberliga_SchleswigHolstein;;Engine v1.3 | Squadra alta: Flensburg (5ª), squadra bassa: Phonix Lubeck B (7ª) | GF alta: 2.50/gara | GS bassa: 2.33/gara | Profilo ultime 10: 0.90 | Real over index: 0.83;1.03;20.0;;;20.0;9.0;8.33;;;;1.3.0
2026-09-05;Germany_Oberliga_RheinlandPfalzSaar;Eisbachtal;Elversberg 2;71.55;MEDIA-ALTA;7;2026-09-05;Germany_Oberliga_RheinlandPfalzSaar;Germany_Oberliga_RheinlandPfalzSaar;;Engine v1.3 | Squadra alta: Elversberg 2 (9ª), squadra bassa: Eisbachtal (18ª) | GF alta: 1.60/gara | GS bassa: 3.20/gara | Profilo ultime 10: 0.66 | Real over index: 0.60;17.42;13.33;;;20.0;6.63;6.0;;;;1.3.0
2026-09-05;England_Championship;West Ham;Derby;71.46;MEDIA-ALTA;5;2026-09-05;England_Championship;England_Championship;;Engine v1.3 | Squadra alta: West Ham (7ª), squadra bassa: Derby (17ª) | GF alta: 2.33/gara | GS bassa: 1.67/gara | Profilo ultime 10: 0.77 | Real over index: 0.67;9.7;19.44;;;15.15;7.66;6.67;;;;1.3.0
2026-09-05;Portugal_LigaPortugal;Alverca;Braga;71.14;MEDIA-ALTA;5;2026-09-05;Portugal_LigaPortugal;Portugal_LigaPortugal;;Engine v1.3 | Squadra alta: Braga (9ª), squadra bassa: Alverca (16ª) | GF alta: 1.50/gara | GS bassa: 2.00/gara | Profilo ultime 10: 0.68 | Real over index: 0.50;17.47;12.5;;;18.18;6.77;5.0;;;;1.3.0
2026-09-05;SouthKorea_KLeague2;Busan;Ansan Greeners;71.02;MEDIA-ALTA;25;2026-09-05;SouthKorea_KLeague2;SouthKorea_KLeague2;;Engine v1.3 | Squadra alta: Busan (6ª), squadra bassa: Ansan Greeners (16ª) | GF alta: 1.70/gara | GS bassa: 1.91/gara | Profilo ultime 10: 0.72 | Real over index: 0.65;12.69;14.13;;;17.39;7.22;6.5;;;;1.3.0
2026-09-05;Sweden_Division2_Norrland;Gottne;Lucksta;70.97;MEDIA-ALTA;23;2026-09-05;Sweden_Division2_Norrland;Sweden_Division2_Norrland;;Engine v1.3 | Squadra alta: Gottne (7ª), squadra bassa: Lucksta (8ª) | GF alta: 2.05/gara | GS bassa: 2.16/gara | Profilo ultime 10: 0.86 | Real over index: 0.80;3.65;17.11;;;19.62;8.6;8.0;;;;1.3.0
2026-09-05;Hungary_NBII;Gyirmot;Karcagi;70.86;MEDIA-ALTA;7;2026-09-05;Hungary_NBII;Hungary_NBII;;Engine v1.3 | Squadra alta: Karcagi (6ª), squadra bassa: Gyirmot (8ª) | GF alta: 2.00/gara | GS bassa: 2.17/gara | Profilo ultime 10: 0.88 | Real over index: 0.75;4.2;16.67;;;19.7;8.79;7.5;;;;1.3.0
2026-09-05;Switzerland_PromotionLeague;Amical Saint-Prex;Lugano 2;70.83;MEDIA-ALTA;8;2026-09-05;Switzerland_PromotionLeague;Switzerland_PromotionLeague;;Engine v1.3 | Squadra alta: Lugano 2 (12ª), squadra bassa: Amical Saint-Prex (13ª) | GF alta: 2.20/gara | GS bassa: 2.60/gara | Profilo ultime 10: 0.91 | Real over index: 0.90;0.41;18.33;;;20.0;9.09;9.0;;;;1.3.0
2026-09-05;USA_MLSNextPro_EasternConference_SoutheastDivision;Carolina Core;New England Revolution 2;70.72;MEDIA-ALTA;29;2026-09-05;USA_MLSNextPro_EasternConference_SoutheastDivision;USA_MLSNextPro_EasternConference_NortheastDivision;;Engine v1.3 | Squadra alta: New England Revolution 2 (5ª), squadra bassa: Carolina Core (7ª) | GF alta: 1.64/gara | GS bassa: 1.92/gara | Profilo ultime 10: 0.93 | Real over index: 0.80;8.3;13.67;;;17.45;9.3;8.0;;;;1.3.0
2026-09-05;CzechRepublic_1Liga;Artis Brno;Plzen;70.67;MEDIA-ALTA;8;2026-09-05;CzechRepublic_1Liga;CzechRepublic_1Liga;;Engine v1.3 | Squadra alta: Plzen (12ª), squadra bassa: Artis Brno (13ª) | GF alta: 2.20/gara | GS bassa: 2.17/gara | Profilo ultime 10: 0.79 | Real over index: 0.63;5.6;18.33;;;19.7;7.87;6.33;;;;1.3.0
2026-09-05;Norway_2ndDivision_Group1;Sandviken;Eik-Tonsberg;70.59;MEDIA-ALTA;19;2026-09-05;Norway_2ndDivision_Group1;Norway_2ndDivision_Group1;;Engine v1.3 | Squadra alta: Sandviken (11ª), squadra bassa: Eik-Tonsberg (14ª) | GF alta: 1.59/gara | GS bassa: 2.47/gara | Profilo ultime 10: 0.87 | Real over index: 0.70;8.51;13.24;;;20.0;8.67;7.0;;;;1.3.0
2026-09-05;Iceland_Division_1;Aegir;Grindavik;70.39;MEDIA-ALTA;32;2026-09-05;Iceland_Division_1;Iceland_Division_1;;Engine v1.3 | Squadra alta: Grindavik (8ª), squadra bassa: Aegir (12ª) | GF alta: 1.27/gara | GS bassa: 3.24/gara | Profilo ultime 10: 0.82 | Real over index: 0.70;10.87;10.61;;;20.0;8.25;7.0;;;;1.3.0
2026-09-05;Kazakhstan_PremierLeague;Kaspij Aktau;Kairat Almaty;70.22;MEDIA-ALTA;35;2026-09-05;Kazakhstan_PremierLeague;Kazakhstan_PremierLeague;;Engine v1.3 | Squadra alta: Kairat Almaty (2ª), squadra bassa: Kaspij Aktau (10ª) | GF alta: 2.00/gara | GS bassa: 1.39/gara | Profilo ultime 10: 0.80 | Real over index: 0.65;16.67;16.67;;;12.65;7.97;6.5;;;;1.3.0
2026-09-05;Slovakia_2Liga;FK Humenne;Petrzalka;70.12;MEDIA-ALTA;7;2026-09-05;Slovakia_2Liga;Slovakia_2Liga;;Engine v1.3 | Squadra alta: Petrzalka (1ª), squadra bassa: FK Humenne (12ª) | GF alta: 2.67/gara | GS bassa: 1.50/gara | Profilo ultime 10: 0.59 | Real over index: 0.50;19.95;20.0;;;13.64;5.85;5.0;;;;1.3.0
2026-09-05;Poland_IIILiga_Group2;Wrzesnia;KKS Kalisz;70.07;MEDIA-ALTA;7;2026-09-05;Poland_IIILiga_Group2;Poland_IIILiga_Group2;;Engine v1.3 | Squadra alta: KKS Kalisz (5ª), squadra bassa: Wrzesnia (17ª) | GF alta: 1.67/gara | GS bassa: 2.67/gara | Profilo ultime 10: 0.61 | Real over index: 0.42;17.57;13.89;;;20.0;6.06;4.17;;;;1.3.0
2026-09-05;Iceland_Division_1;Njardvik;Afturelding;70.01;MEDIA-ALTA;32;2026-09-05;Iceland_Division_1;Iceland_Division_1;;Engine v1.3 | Squadra alta: Afturelding (1ª), squadra bassa: Njardvik (5ª) | GF alta: 3.05/gara | GS bassa: 1.36/gara | Profilo ultime 10: 0.85 | Real over index: 0.70;8.06;20.0;;;12.4;8.55;7.0;;;;1.3.0
2026-09-05;USA_MLS;New York City;Nashville SC;69.94;MEDIA-ALTA;26;2026-09-05;USA_MLS;USA_MLS;;Engine v1.3 | Squadra alta: Nashville SC (1ª), squadra bassa: New York City (16ª) | GF alta: 2.19/gara | GS bassa: 1.41/gara | Profilo ultime 10: 0.74 | Real over index: 0.60;14.09;18.25;;;12.81;7.42;6.0;;;;1.3.0
2026-09-05;USA_MLSNextPro_EasternConference_SoutheastDivision;Inter Miami 2;Orlando City B;69.8;MEDIA-ALTA;29;2026-09-05;USA_MLSNextPro_EasternConference_SoutheastDivision;USA_MLSNextPro_EasternConference_SoutheastDivision;;Engine v1.3 | Squadra alta: Orlando City B (6ª), squadra bassa: Inter Miami 2 (8ª) | GF alta: 1.77/gara | GS bassa: 2.36/gara | Profilo ultime 10: 0.72 | Real over index: 0.55;9.33;14.74;;;20.0;7.16;5.5;;;;1.3.0
2026-09-05;Sweden_Superettan;Värnamo;Varberg;69.78;MEDIA-ALTA;24;2026-09-05;Sweden_Superettan;Sweden_Superettan;;Engine v1.3 | Squadra alta: Varberg (3ª), squadra bassa: Värnamo (13ª) | GF alta: 1.81/gara | GS bassa: 1.81/gara | Profilo ultime 10: 0.69 | Real over index: 0.55;11.94;15.08;;;16.45;6.94;5.5;;;;1.3.0
2026-09-05;Austria_Regionalliga_West;Hohenems;Schwaz;69.77;MEDIA-ALTA;6;2026-09-05;Austria_Regionalliga_West;Austria_Regionalliga_West;;Engine v1.3 | Squadra alta: Hohenems (3ª), squadra bassa: Schwaz (4ª) | GF alta: 3.00/gara | GS bassa: 1.80/gara | Profilo ultime 10: 0.87 | Real over index: 0.80;4.33;20.0;;;16.36;8.7;8.0;;;;1.3.0
2026-09-05;Poland_Division2;Kleczew;Leczna;69.76;MEDIA-ALTA;7;2026-09-05;Poland_Division2;Poland_Division2;;Engine v1.3 | Squadra alta: Leczna (6ª), squadra bassa: Kleczew (16ª) | GF alta: 1.67/gara | GS bassa: 2.33/gara | Profilo ultime 10: 0.70 | Real over index: 0.42;10.88;13.89;;;20.0;7.02;4.17;;;;1.3.0
2026-09-05;Norway_OBOSLigaen;Odd;Strömsgodset;69.71;MEDIA-ALTA;21;2026-09-05;Norway_OBOSLigaen;Norway_OBOSLigaen;;Engine v1.3 | Squadra alta: Strömsgodset (4ª), squadra bassa: Odd (6ª) | GF alta: 2.65/gara | GS bassa: 1.60/gara | Profilo ultime 10: 0.89 | Real over index: 0.70;5.32;20.0;;;14.55;8.85;7.0;;;;1.3.0
2026-09-05;Austria_Regionalliga_East;Wiener Viktoria;Warth;69.52;MEDIA-ALTA;7;2026-09-05;Austria_Regionalliga_East;Austria_Regionalliga_East;;Engine v1.3 | Squadra alta: Warth (5ª), squadra bassa: Wiener Viktoria (13ª) | GF alta: 1.60/gara | GS bassa: 1.60/gara | Profilo ultime 10: 0.73 | Real over index: 0.60;15.55;13.33;;;14.55;7.26;6.0;;;;1.3.0
2026-09-05;Germany_Oberliga_RheinlandPfalzSaar;Mechtersheim;Gonsenheim;69.42;MEDIA-ALTA;7;2026-09-05;Germany_Oberliga_RheinlandPfalzSaar;Germany_Oberliga_RheinlandPfalzSaar;;Engine v1.3 | Squadra alta: Mechtersheim (8ª), squadra bassa: Gonsenheim (13ª) | GF alta: 2.00/gara | GS bassa: 1.80/gara | Profilo ultime 10: 0.84 | Real over index: 0.60;7.98;16.67;;;16.36;8.4;6.0;;;;1.3.0
2026-09-05;Poland_Ekstraklasa;Motor Lublin;Legia;69.15;MEDIA-ALTA;7;2026-09-05;Poland_Ekstraklasa;Poland_Ekstraklasa;;Engine v1.3 | Squadra alta: Legia (1ª), squadra bassa: Motor Lublin (15ª) | GF alta: 2.00/gara | GS bassa: 1.67/gara | Profilo ultime 10: 0.63 | Real over index: 0.42;17.46;16.67;;;15.15;6.28;4.17;;;;1.3.0
2026-09-05;England_Championship;Swansea;Wrexham;69.14;MEDIA-ALTA;5;2026-09-05;England_Championship;England_Championship;;Engine v1.3 | Squadra alta: Swansea (1ª), squadra bassa: Wrexham (11ª) | GF alta: 2.33/gara | GS bassa: 1.00/gara | Profilo ultime 10: 0.75 | Real over index: 0.67;17.65;19.44;;;9.09;7.5;6.67;;;;1.3.0
2026-09-05;Germany_Regionalliga_West;Bocholt;Siegen;69.11;MEDIA-ALTA;7;2026-09-05;Germany_Regionalliga_West;Germany_Regionalliga_West;;Engine v1.3 | Squadra alta: Bocholt (6ª), squadra bassa: Siegen (11ª) | GF alta: 2.50/gara | GS bassa: 1.50/gara | Profilo ultime 10: 0.80 | Real over index: 0.67;7.03;20.0;;;13.64;7.97;6.67;;;;1.3.0
2026-09-05;England_LeagueOne;Huddersfield;Notts County;69.03;MEDIA-ALTA;5;2026-09-05;England_LeagueOne;England_LeagueOne;;Engine v1.3 | Squadra alta: Huddersfield (2ª), squadra bassa: Notts County (10ª) | GF alta: 2.67/gara | GS bassa: 1.00/gara | Profilo ultime 10: 0.73 | Real over index: 0.67;15.39;20.0;;;9.09;7.29;6.67;;;;1.3.0
2026-09-05;SouthKorea_KLeague2;Yongin;Suwon FC;68.96;MEDIA-ALTA;25;2026-09-05;SouthKorea_KLeague2;SouthKorea_KLeague2;;Engine v1.3 | Squadra alta: Suwon FC (2ª), squadra bassa: Yongin (11ª) | GF alta: 2.05/gara | GS bassa: 1.41/gara | Profilo ultime 10: 0.74 | Real over index: 0.60;12.13;17.05;;;12.81;7.37;6.0;;;;1.3.0
2026-09-05;Iceland_Division_1;Kopavogur;Fylkir;68.94;MEDIA-ALTA;32;2026-09-05;Iceland_Division_1;Iceland_Division_1;;Engine v1.3 | Squadra alta: Fylkir (3ª), squadra bassa: Kopavogur (4ª) | GF alta: 2.09/gara | GS bassa: 1.86/gara | Profilo ultime 10: 0.98 | Real over index: 0.95;1.39;17.39;;;16.88;9.78;9.5;;;;1.3.0
2026-09-05;Poland_IIILiga_Group3;Sleza Wroclaw;Rakow 2;68.94;MEDIA-ALTA;7;2026-09-05;Poland_IIILiga_Group3;Poland_IIILiga_Group3;;Engine v1.3 | Squadra alta: Sleza Wroclaw (13ª), squadra bassa: Rakow 2 (18ª) | GF alta: 1.33/gara | GS bassa: 2.50/gara | Profilo ultime 10: 0.81 | Real over index: 0.75;8.38;11.11;;;20.0;8.14;7.5;;;;1.3.0
2026-09-05;Germany_Oberliga_BadenWurttemberg;Balingen;Normannia Gmund;68.91;MEDIA-ALTA;6;2026-09-05;Germany_Oberliga_BadenWurttemberg;Germany_Oberliga_BadenWurttemberg;;Engine v1.3 | Squadra alta: Balingen (13ª), squadra bassa: Normannia Gmund (19ª) | GF alta: 1.50/gara | GS bassa: 3.25/gara | Profilo ultime 10: 0.79 | Real over index: 0.88;9.87;12.5;;;20.0;7.88;8.75;;;;1.3.0
2026-09-05;Netherlands_EersteDivisie;Dordrecht;Jong AZ;68.9;MEDIA-ALTA;6;2026-09-05;Netherlands_EersteDivisie;Netherlands_EersteDivisie;;Engine v1.3 | Squadra alta: Jong AZ (11ª), squadra bassa: Dordrecht (15ª) | GF alta: 1.80/gara | GS bassa: 2.50/gara | Profilo ultime 10: 0.86 | Real over index: 0.78;3.53;15.0;;;20.0;8.62;7.75;;;;1.3.0
2026-09-05;Switzerland_PromotionLeague;Breitenrain;Luzerna 2;68.84;MEDIA-ALTA;8;2026-09-05;Switzerland_PromotionLeague;Switzerland_PromotionLeague;;Engine v1.3 | Squadra alta: Breitenrain (8ª), squadra bassa: Luzerna 2 (15ª) | GF alta: 1.50/gara | GS bassa: 2.20/gara | Profilo ultime 10: 0.87 | Real over index: 0.73;6.33;12.5;;;20.0;8.68;7.33;;;;1.3.0
2026-09-05;Denmark_1stDivision;Fredericia;Esbjerg;68.82;MEDIA-ALTA;8;2026-09-05;Denmark_1stDivision;Denmark_1stDivision;;Engine v1.3 | Squadra alta: Fredericia (4ª), squadra bassa: Esbjerg (11ª) | GF alta: 1.50/gara | GS bassa: 2.17/gara | Profilo ultime 10: 0.74 | Real over index: 0.58;12.84;12.5;;;19.7;7.36;5.83;;;;1.3.0
2026-09-05;England_LeagueOne;Burton;Cambridge Utd;68.74;MEDIA-ALTA;5;2026-09-05;England_LeagueOne;England_LeagueOne;;Engine v1.3 | Squadra alta: Cambridge Utd (5ª), squadra bassa: Burton (12ª) | GF alta: 2.00/gara | GS bassa: 1.33/gara | Profilo ultime 10: 0.89 | Real over index: 0.83;8.7;16.67;;;12.12;8.92;8.33;;;;1.3.0
2026-09-05;Portugal_LigaPortugal2;Benfica B;Torreense;68.34;MEDIA-ALTA;5;2026-09-05;Portugal_LigaPortugal2;Portugal_LigaPortugal2;;Engine v1.3 | Squadra alta: Benfica B (7ª), squadra bassa: Torreense (16ª) | GF alta: 1.00/gara | GS bassa: 2.25/gara | Profilo ultime 10: 0.67 | Real over index: 0.62;15.99;8.33;;;20.0;6.73;6.25;;;;1.3.0
2026-09-05;Austria_Regionalliga_West;Dornbirn;Fugen;68.16;MEDIA-ALTA;6;2026-09-05;Austria_Regionalliga_West;Austria_Regionalliga_West;;Engine v1.3 | Squadra alta: Dornbirn (2ª), squadra bassa: Fugen (6ª) | GF alta: 3.20/gara | GS bassa: 1.60/gara | Profilo ultime 10: 0.77 | Real over index: 0.60;9.68;20.0;;;14.55;7.7;6.0;;;;1.3.0
2026-09-05;Switzerland_PromotionLeague;Paradiso;Bellinzona;68.01;MEDIA-ALTA;8;2026-09-05;Switzerland_PromotionLeague;Switzerland_PromotionLeague;;Engine v1.3 | Squadra alta: Paradiso (7ª), squadra bassa: Bellinzona (19ª) | GF alta: 2.00/gara | GS bassa: 1.60/gara | Profilo ultime 10: 0.60 | Real over index: 0.40;16.3;16.67;;;14.55;5.99;4.0;;;;1.3.0
2026-09-05;Sweden_Division1_Sodra;AFC Malmo;Atvidaberg;67.97;MEDIA-ALTA;22;2026-09-05;Sweden_Division1_Sodra;Sweden_Division1_Sodra;;Engine v1.3 | Squadra alta: Atvidaberg (3ª), squadra bassa: AFC Malmo (6ª) | GF alta: 2.11/gara | GS bassa: 1.53/gara | Profilo ultime 10: 0.95 | Real over index: 0.90;4.05;17.54;;;13.88;9.5;9.0;;;;1.3.0
2026-09-05;USA_MLSNextPro_EasternConference_NortheastDivision;Philadelphia 2;Columbus Crew 2;67.86;MEDIA-ALTA;29;2026-09-05;USA_MLSNextPro_EasternConference_NortheastDivision;USA_MLSNextPro_EasternConference_NortheastDivision;;Engine v1.3 | Squadra alta: Columbus Crew 2 (2ª), squadra bassa: Philadelphia 2 (7ª) | GF alta: 1.88/gara | GS bassa: 1.52/gara | Profilo ultime 10: 0.86 | Real over index: 0.70;8.82;15.62;;;13.82;8.6;7.0;;;;1.3.0
2026-09-05;Germany_Oberliga_SchleswigHolstein;Nordmark Satrup;Kaltenkirchen;67.82;MEDIA-ALTA;7;2026-09-05;Germany_Oberliga_SchleswigHolstein;Germany_Oberliga_SchleswigHolstein;;Engine v1.3 | Squadra alta: Nordmark Satrup (8ª), squadra bassa: Kaltenkirchen (10ª) | GF alta: 1.83/gara | GS bassa: 1.83/gara | Profilo ultime 10: 0.93 | Real over index: 0.83;4.2;15.28;;;16.67;9.33;8.33;;;;1.3.0
2026-09-05;Norway_2ndDivision_Group2;Follo;Tromsdalen;67.57;MEDIA-ALTA;22;2026-09-05;Norway_2ndDivision_Group2;Norway_2ndDivision_Group2;;Engine v1.3 | Squadra alta: Tromsdalen (9ª), squadra bassa: Follo (12ª) | GF alta: 1.44/gara | GS bassa: 2.18/gara | Profilo ultime 10: 0.70 | Real over index: 0.65;8.35;12.04;;;19.79;7.04;6.5;;;;1.3.0
2026-09-05;Ukraine_PershaLiga;Ahrobiznes Volochysk;Probiy Horodenka;67.52;MEDIA-ALTA;6;2026-09-05;Ukraine_PershaLiga;Ukraine_PershaLiga;;Engine v1.3 | Squadra alta: Ahrobiznes Volochysk (8ª), squadra bassa: Probiy Horodenka (16ª) | GF alta: 1.00/gara | GS bassa: 2.40/gara | Profilo ultime 10: 0.69 | Real over index: 0.70;13.64;8.33;;;20.0;6.88;7.0;;;;1.3.0
2026-09-05;Portugal_LigaPortugal;Maritimo;Benfica;67.51;MEDIA-ALTA;5;2026-09-05;Portugal_LigaPortugal;Portugal_LigaPortugal;;Engine v1.3 | Squadra alta: Benfica (5ª), squadra bassa: Maritimo (7ª) | GF alta: 3.67/gara | GS bassa: 1.25/gara | Profilo ultime 10: 0.85 | Real over index: 0.88;6.47;20.0;;;11.36;8.55;8.75;;;;1.3.0
2026-09-05;England_Championship;Stoke;Charlton;67.48;MEDIA-ALTA;5;2026-09-05;England_Championship;England_Championship;;Engine v1.3 | Squadra alta: Charlton (4ª), squadra bassa: Stoke (18ª) | GF alta: 1.33/gara | GS bassa: 2.00/gara | Profilo ultime 10: 0.64 | Real over index: 0.50;17.4;11.11;;;18.18;6.36;5.0;;;;1.3.0
2026-09-05;CzechRepublic_ChNL;Opava;Dukla Praga;67.45;MEDIA-ALTA;7;2026-09-05;CzechRepublic_ChNL;CzechRepublic_ChNL;;Engine v1.3 | Squadra alta: Dukla Praga (6ª), squadra bassa: Opava (12ª) | GF alta: 1.83/gara | GS bassa: 1.67/gara | Profilo ultime 10: 0.78 | Real over index: 0.58;9.44;15.28;;;15.15;7.75;5.83;;;;1.3.0
2026-09-05;Russia_FNL;Chelyabinsk;S. Kostroma;67.37;MEDIA-ALTA;10;2026-09-05;Russia_FNL;Russia_FNL;;Engine v1.3 | Squadra alta: S. Kostroma (6ª), squadra bassa: Chelyabinsk (14ª) | GF alta: 1.50/gara | GS bassa: 1.88/gara | Profilo ultime 10: 0.71 | Real over index: 0.56;13.16;12.5;;;17.05;7.1;5.62;;;;1.3.0
2026-09-05;Estonia_Meistriliiga;Parnu JK Vaprus;Nomme Utd;67.03;MEDIA-ALTA;29;2026-09-05;Estonia_Meistriliiga;Estonia_Meistriliiga;;Engine v1.3 | Squadra alta: Parnu JK Vaprus (6ª), squadra bassa: Nomme Utd (9ª) | GF alta: 1.38/gara | GS bassa: 2.40/gara | Profilo ultime 10: 0.87 | Real over index: 0.80;4.77;11.54;;;20.0;8.73;8.0;;;;1.3.0
2026-09-05;Russia_FNL;Sochi;Pari NN;67.03;MEDIA-ALTA;10;2026-09-05;Russia_FNL;Russia_FNL;;Engine v1.3 | Squadra alta: Pari NN (1ª), squadra bassa: Sochi (3ª) | GF alta: 3.00/gara | GS bassa: 1.22/gara | Profilo ultime 10: 0.89 | Real over index: 0.89;4.08;20.0;;;11.11;8.94;8.89;;;;1.3.0
2026-09-05;Norway_OBOSLigaen;Sandnes;Ranheim;66.9;MEDIA-ALTA;21;2026-09-05;Norway_OBOSLigaen;Norway_OBOSLigaen;;Engine v1.3 | Squadra alta: Ranheim (10ª), squadra bassa: Sandnes (11ª) | GF alta: 2.45/gara | GS bassa: 1.75/gara | Profilo ultime 10: 0.90 | Real over index: 0.75;0.51;20.0;;;15.91;8.97;7.5;;;;1.3.0
2026-09-05;Poland_Division1;S. Rzeszow;Polonia W.;66.82;MEDIA-ALTA;7;2026-09-05;Poland_Division1;Poland_Division1;;Engine v1.3 | Squadra alta: Polonia W. (6ª), squadra bassa: S. Rzeszow (18ª) | GF alta: 1.67/gara | GS bassa: 2.00/gara | Profilo ultime 10: 0.63 | Real over index: 0.42;13.38;13.89;;;18.18;6.31;4.17;;;;1.3.0
2026-09-05;Spain_LaLiga;Villarreal;A Coruna;66.81;MEDIA-ALTA;5;2026-09-05;Spain_LaLiga;Spain_LaLiga;;Engine v1.3 | Squadra alta: A Coruna (6ª), squadra bassa: Villarreal (15ª) | GF alta: 1.67/gara | GS bassa: 1.67/gara | Profilo ultime 10: 0.72 | Real over index: 0.50;13.18;13.89;;;15.15;7.21;5.0;;;;1.3.0
2026-09-05;Denmark_3rdDivision;Næsby;Horsholm-Usserod;66.8;MEDIA-ALTA;6;2026-09-05;Denmark_3rdDivision;Denmark_3rdDivision;;Engine v1.3 | Squadra alta: Næsby (7ª), squadra bassa: Horsholm-Usserod (9ª) | GF alta: 1.80/gara | GS bassa: 2.00/gara | Profilo ultime 10: 0.84 | Real over index: 0.60;5.21;15.0;;;18.18;8.4;6.0;;;;1.3.0
2026-09-05;England_LeagueOne;Reading;Blackpool;66.74;MEDIA-ALTA;5;2026-09-05;England_LeagueOne;England_LeagueOne;;Engine v1.3 | Squadra alta: Blackpool (11ª), squadra bassa: Reading (13ª) | GF alta: 2.00/gara | GS bassa: 2.00/gara | Profilo ultime 10: 0.89 | Real over index: 0.83;2.26;16.67;;;18.18;8.92;8.33;;;;1.3.0
2026-09-05;Germany_Oberliga_SchleswigHolstein;Heider SV;Rotenhof;66.72;MEDIA-ALTA;7;2026-09-05;Germany_Oberliga_SchleswigHolstein;Germany_Oberliga_SchleswigHolstein;;Engine v1.3 | Squadra alta: Heider SV (11ª), squadra bassa: Rotenhof (13ª) | GF alta: 1.50/gara | GS bassa: 2.50/gara | Profilo ultime 10: 0.93 | Real over index: 0.83;2.62;12.5;;;20.0;9.28;8.33;;;;1.3.0
2026-09-05;Switzerland_SuperLeague;Grasshoppers;Zurigo;66.68;MEDIA-ALTA;7;2026-09-05;Switzerland_SuperLeague;Switzerland_SuperLeague;;Engine v1.3 | Squadra alta: Zurigo (9ª), squadra bassa: Grasshoppers (11ª) | GF alta: 1.50/gara | GS bassa: 2.40/gara | Profilo ultime 10: 0.89 | Real over index: 0.80;3.31;12.5;;;20.0;8.88;8.0;;;;1.3.0
2026-09-05;Germany_Regionalliga_Sudwest;Kassel;Sandhausen;66.64;MEDIA-ALTA;6;2026-09-05;Germany_Regionalliga_Sudwest;Germany_Regionalliga_Sudwest;;Engine v1.3 | Squadra alta: Sandhausen (11ª), squadra bassa: Kassel (14ª) | GF alta: 1.75/gara | GS bassa: 2.00/gara | Profilo ultime 10: 0.86 | Real over index: 0.75;3.74;14.58;;;18.18;8.63;7.5;;;;1.3.0
2026-09-05;Denmark_3rdDivision;Holstebro;Vanløse;66.61;MEDIA-ALTA;6;2026-09-05;Denmark_3rdDivision;Denmark_3rdDivision;;Engine v1.3 | Squadra alta: Holstebro (3ª), squadra bassa: Vanløse (5ª) | GF alta: 2.20/gara | GS bassa: 1.20/gara | Profilo ultime 10: 0.92 | Real over index: 0.90;5.21;18.33;;;10.91;9.15;9.0;;;;1.3.0
2026-09-05;Germany_Oberliga_SchleswigHolstein;Rapid Lubeck;Kiel 2;66.58;MEDIA-ALTA;7;2026-09-05;Germany_Oberliga_SchleswigHolstein;Germany_Oberliga_SchleswigHolstein;;Engine v1.3 | Squadra alta: Kiel 2 (2ª), squadra bassa: Rapid Lubeck (3ª) | GF alta: 3.17/gara | GS bassa: 1.67/gara | Profilo ultime 10: 0.85 | Real over index: 0.75;2.1;20.0;;;15.15;8.54;7.5;;;;1.3.0
2026-09-05;Austria_Tirol;Absam;Telfs;66.44;MEDIA-ALTA;7;2026-09-05;Austria_Tirol;Austria_Tirol;;Engine v1.3 | Squadra alta: Absam (4ª), squadra bassa: Telfs (6ª) | GF alta: 3.00/gara | GS bassa: 1.40/gara | Profilo ultime 10: 0.90 | Real over index: 0.80;2.72;20.0;;;12.73;9.0;8.0;;;;1.3.0
2026-09-05;Slovakia_2Liga;Zvolen;Pohronie;66.28;MEDIA-ALTA;7;2026-09-05;Slovakia_2Liga;Slovakia_2Liga;;Engine v1.3 | Squadra alta: Pohronie (4ª), squadra bassa: Zvolen (15ª) | GF alta: 2.00/gara | GS bassa: 1.17/gara | Profilo ultime 10: 0.64 | Real over index: 0.50;16.77;16.67;;;10.61;6.35;5.0;;;;1.3.0
2026-09-05;Iceland_Division_1;Grotta;Volsungur;66.21;MEDIA-ALTA;32;2026-09-05;Iceland_Division_1;Iceland_Division_1;;Engine v1.3 | Squadra alta: Grotta (7ª), squadra bassa: Volsungur (11ª) | GF alta: 1.71/gara | GS bassa: 2.10/gara | Profilo ultime 10: 0.83 | Real over index: 0.60;4.62;14.29;;;19.05;8.26;6.0;;;;1.3.0
2026-09-05;Hungary_NBI;MTK Budapest;Kisvarda;66.21;MEDIA-ALTA;7;2026-09-05;Hungary_NBI;Hungary_NBI;;Engine v1.3 | Squadra alta: MTK Budapest (4ª), squadra bassa: Kisvarda (10ª) | GF alta: 2.17/gara | GS bassa: 1.33/gara | Profilo ultime 10: 0.74 | Real over index: 0.58;8.97;18.06;;;12.12;7.43;5.83;;;;1.3.0
2026-09-05;Sweden_Division2_Norrland;IFK Lulea;Taftea IK;65.69;MEDIA-ALTA;23;2026-09-05;Sweden_Division2_Norrland;Sweden_Division2_Norrland;;Engine v1.3 | Squadra alta: IFK Lulea (2ª), squadra bassa: Taftea IK (4ª) | GF alta: 2.32/gara | GS bassa: 1.56/gara | Profilo ultime 10: 0.83 | Real over index: 0.65;3.43;19.3;;;14.14;8.32;6.5;;;;1.3.0
2026-09-05;Netherlands_Eredivisie;Nijmegen;Feyenoord;65.66;MEDIA-ALTA;5;2026-09-05;Netherlands_Eredivisie;Netherlands_Eredivisie;;Engine v1.3 | Squadra alta: Feyenoord (3ª), squadra bassa: Nijmegen (7ª) | GF alta: 2.50/gara | GS bassa: 1.33/gara | Profilo ultime 10: 0.90 | Real over index: 0.88;1.81;20.0;;;12.12;8.98;8.75;;;;1.3.0
2026-09-05;Slovakia_NikeLiga;Komarno;Skalica;65.59;MEDIA-ALTA;7;2026-09-05;Slovakia_NikeLiga;Slovakia_NikeLiga;;Engine v1.3 | Squadra alta: Skalica (7ª), squadra bassa: Komarno (11ª) | GF alta: 1.50/gara | GS bassa: 1.83/gara | Profilo ultime 10: 0.78 | Real over index: 0.67;9.16;12.5;;;16.67;7.77;6.67;;;;1.3.0
2026-09-05;Germany_3Liga;Munster;Havelse;65.56;MEDIA-ALTA;4;2026-09-05;Germany_3Liga;Germany_3Liga;;Engine v1.3 | Squadra alta: Munster (12ª), squadra bassa: Havelse (14ª) | GF alta: 1.67/gara | GS bassa: 2.00/gara | Profilo ultime 10: 0.88 | Real over index: 0.67;3.99;13.89;;;18.18;8.83;6.67;;;;1.3.0
2026-09-05;CzechRepublic_3MSFL;Hlubina;Uhersky Brod;65.47;MEDIA-ALTA;7;2026-09-05;CzechRepublic_3MSFL;CzechRepublic_3MSFL;;Engine v1.3 | Squadra alta: Hlubina (4ª), squadra bassa: Uhersky Brod (8ª) | GF alta: 3.50/gara | GS bassa: 1.17/gara | Profilo ultime 10: 0.86 | Real over index: 0.75;4.8;20.0;;;10.61;8.57;7.5;;;;1.3.0
2026-09-05;Germany_Regionalliga_West;Rodinghausen;Wiedenbruck;65.35;MEDIA-ALTA;7;2026-09-05;Germany_Regionalliga_West;Germany_Regionalliga_West;;Engine v1.3 | Squadra alta: Rodinghausen (14ª), squadra bassa: Wiedenbruck (18ª) | GF alta: 1.17/gara | GS bassa: 2.67/gara | Profilo ultime 10: 0.77 | Real over index: 0.75;6.58;9.72;;;20.0;7.74;7.5;;;;1.3.0
2026-09-05;Portugal_LigaPortugal;Estrela;Famalicao;65.18;MEDIA-ALTA;5;2026-09-05;Portugal_LigaPortugal;Portugal_LigaPortugal;;Engine v1.3 | Squadra alta: Estrela (8ª), squadra bassa: Famalicao (14ª) | GF alta: 2.33/gara | GS bassa: 1.00/gara | Profilo ultime 10: 0.66 | Real over index: 0.62;13.84;19.44;;;9.09;6.64;6.25;;;;1.3.0
2026-09-05;Germany_Regionalliga_West;Westfalia Rhynern;Lotte;65.08;MEDIA-ALTA;7;2026-09-05;Germany_Regionalliga_West;Germany_Regionalliga_West;;Engine v1.3 | Squadra alta: Westfalia Rhynern (8ª), squadra bassa: Lotte (17ª) | GF alta: 1.80/gara | GS bassa: 1.33/gara | Profilo ultime 10: 0.68 | Real over index: 0.57;14.56;15.0;;;12.12;6.84;5.67;;;;1.3.0
2026-09-05;Latvia_Virsliga;Tukums 2000;Ogre United;64.99;MEDIA-ALTA;30;2026-09-05;Latvia_Virsliga;Latvia_Virsliga;;Engine v1.3 | Squadra alta: Tukums 2000 (9ª), squadra bassa: Ogre United (10ª) | GF alta: 1.52/gara | GS bassa: 2.79/gara | Profilo ultime 10: 0.82 | Real over index: 0.90;1.76;12.67;;;20.0;8.24;9.0;;;;1.3.0
2026-09-05;England_Championship;QPR;Middlesbrough;64.36;MEDIA-ALTA;5;2026-09-05;England_Championship;England_Championship;;Engine v1.3 | Squadra alta: QPR (2ª), squadra bassa: Middlesbrough (3ª) | GF alta: 2.33/gara | GS bassa: 1.00/gara | Profilo ultime 10: 0.84 | Real over index: 0.83;6.69;19.44;;;9.09;8.42;8.33;;;;1.3.0
2026-09-05;Serbia_PrvaLiga;Sp. Subotica;Vrsac;64.27;MEDIA-ALTA;7;2026-09-05;Serbia_PrvaLiga;Serbia_PrvaLiga;;Engine v1.3 | Squadra alta: Vrsac (4ª), squadra bassa: Sp. Subotica (8ª) | GF alta: 1.50/gara | GS bassa: 1.83/gara | Profilo ultime 10: 0.84 | Real over index: 0.75;6.82;12.5;;;16.67;8.4;7.5;;;;1.3.0
2026-09-05;England_LeagueOne;Leicester;Oxford Utd;64.03;MEDIA-ALTA;5;2026-09-05;England_LeagueOne;England_LeagueOne;;Engine v1.3 | Squadra alta: Leicester (9ª), squadra bassa: Oxford Utd (22ª) | GF alta: 1.00/gara | GS bassa: 2.50/gara | Profilo ultime 10: 0.64 | Real over index: 0.50;15.47;8.33;;;20.0;6.43;5.0;;;;1.3.0
2026-09-05;Iceland_BestaDeildKarla;Keflavik;Valur;64.01;MEDIA-ALTA;27;2026-09-05;Iceland_BestaDeildKarla;Iceland_BestaDeildKarla;;Engine v1.3 | Squadra alta: Keflavik (5ª), squadra bassa: Valur (8ª) | GF alta: 1.52/gara | GS bassa: 2.10/gara | Profilo ultime 10: 0.84 | Real over index: 0.60;3.92;12.7;;;19.05;8.35;6.0;;;;1.3.0
2026-09-05;Ukraine_PershaLiga;Prykarpattya;Oleksandriya;63.98;MEDIA-ALTA;6;2026-09-05;Ukraine_PershaLiga;Ukraine_PershaLiga;;Engine v1.3 | Squadra alta: Oleksandriya (3ª), squadra bassa: Prykarpattya (5ª) | GF alta: 2.20/gara | GS bassa: 1.20/gara | Profilo ultime 10: 0.77 | Real over index: 0.60;8.65;18.33;;;10.91;7.7;6.0;;;;1.3.0
2026-09-05;Iceland_Division_1;IR Reykjavik;Leiknir;63.73;MEDIA-ALTA;32;2026-09-05;Iceland_Division_1;Iceland_Division_1;;Engine v1.3 | Squadra alta: Leiknir (6ª), squadra bassa: IR Reykjavik (10ª) | GF alta: 1.52/gara | GS bassa: 2.09/gara | Profilo ultime 10: 0.78 | Real over index: 0.55;4.68;12.7;;;19.01;7.84;5.5;;;;1.3.0
2026-09-05;Sweden_Superettan;Oddevold;Falkenberg;63.66;MEDIA-ALTA;24;2026-09-05;Sweden_Superettan;Sweden_Superettan;;Engine v1.3 | Squadra alta: Falkenberg (2ª), squadra bassa: Oddevold (8ª) | GF alta: 1.95/gara | GS bassa: 1.48/gara | Profilo ultime 10: 0.73 | Real over index: 0.55;7.17;16.27;;;13.42;7.3;5.5;;;;1.3.0
2026-09-05;Poland_IIILiga_Group2;Chemik Bydgoszcz;Koszalin;63.61;MEDIA-ALTA;7;2026-09-05;Poland_IIILiga_Group2;Poland_IIILiga_Group2;;Engine v1.3 | Squadra alta: Koszalin (10ª), squadra bassa: Chemik Bydgoszcz (16ª) | GF alta: 1.00/gara | GS bassa: 2.67/gara | Profilo ultime 10: 0.66 | Real over index: 0.50;10.38;8.33;;;20.0;6.61;5.0;;;;1.3.0
2026-09-05;England_Championship;Sheffield Utd;Norwich;63.54;MEDIA-ALTA;5;2026-09-05;England_Championship;England_Championship;;Engine v1.3 | Squadra alta: Sheffield Utd (8ª), squadra bassa: Norwich (15ª) | GF alta: 1.67/gara | GS bassa: 1.33/gara | Profilo ultime 10: 0.82 | Real over index: 0.67;8.7;13.89;;;12.12;8.17;6.67;;;;1.3.0
2026-09-05;Sweden_Division2_Norrland;Umea FC Akademi;Storfors;63.52;MEDIA-ALTA;23;2026-09-05;Sweden_Division2_Norrland;Sweden_Division2_Norrland;;Engine v1.3 | Squadra alta: Storfors (11ª), squadra bassa: Umea FC Akademi (12ª) | GF alta: 1.44/gara | GS bassa: 2.31/gara | Profilo ultime 10: 0.87 | Real over index: 0.70;1.83;11.98;;;20.0;8.71;7.0;;;;1.3.0
2026-09-05;Switzerland_SuperLeague;Vaduz;Lausanne;63.42;MEDIA-ALTA;7;2026-09-05;Switzerland_SuperLeague;Switzerland_SuperLeague;;Engine v1.3 | Squadra alta: Lausanne (8ª), squadra bassa: Vaduz (12ª) | GF alta: 1.00/gara | GS bassa: 2.67/gara | Profilo ultime 10: 0.76 | Real over index: 0.67;7.57;8.33;;;20.0;7.57;6.67;;;;1.3.0
2026-09-05;Hungary_NBI;Paks;Debrecen;63.36;MEDIA-ALTA;7;2026-09-05;Hungary_NBI;Hungary_NBI;;Engine v1.3 | Squadra alta: Paks (6ª), squadra bassa: Debrecen (11ª) | GF alta: 2.17/gara | GS bassa: 1.50/gara | Profilo ultime 10: 0.72 | Real over index: 0.50;6.68;18.06;;;13.64;7.16;5.0;;;;1.3.0
2026-09-05;England_Championship;Portsmouth;Cardiff;63.34;MEDIA-ALTA;5;2026-09-05;England_Championship;England_Championship;;Engine v1.3 | Squadra alta: Cardiff (20ª), squadra bassa: Portsmouth (24ª) | GF alta: 1.33/gara | GS bassa: 2.33/gara | Profilo ultime 10: 0.70 | Real over index: 0.67;7.69;11.11;;;20.0;6.98;6.67;;;;1.3.0
2026-09-05;Sweden_Superettan;Brage;Sundsvall;63.31;MEDIA-ALTA;24;2026-09-05;Sweden_Superettan;Sweden_Superettan;;Engine v1.3 | Squadra alta: Brage (14ª), squadra bassa: Sundsvall (16ª) | GF alta: 1.67/gara | GS bassa: 2.10/gara | Profilo ultime 10: 0.75 | Real over index: 0.70;4.66;13.89;;;19.05;7.54;7.0;;;;1.3.0
2026-09-05;Austria_Tirol;Munster;FC Natters;63.25;MEDIA-ALTA;7;2026-09-05;Austria_Tirol;Austria_Tirol;;Engine v1.3 | Squadra alta: FC Natters (13ª), squadra bassa: Munster (14ª) | GF alta: 1.80/gara | GS bassa: 3.20/gara | Profilo ultime 10: 0.82 | Real over index: 0.80;0.41;15.0;;;20.0;8.18;8.0;;;;1.3.0
2026-09-05;Kazakhstan_PremierLeague;Okzhetpes;Ordabasy;63.09;MEDIA-ALTA;35;2026-09-05;Kazakhstan_PremierLeague;Kazakhstan_PremierLeague;;Engine v1.3 | Squadra alta: Ordabasy (1ª), squadra bassa: Okzhetpes (4ª) | GF alta: 2.00/gara | GS bassa: 1.35/gara | Profilo ultime 10: 0.82 | Real over index: 0.70;8.17;16.67;;;12.25;8.25;7.0;;;;1.3.0
2026-09-05;Germany_Oberliga_Hessen;Friedberg;Darmstadt U21;63.05;MEDIA-ALTA;7;2026-09-05;Germany_Oberliga_Hessen;Germany_Oberliga_Hessen;;Engine v1.3 | Squadra alta: Darmstadt U21 (5ª), squadra bassa: Friedberg (9ª) | GF alta: 2.67/gara | GS bassa: 1.50/gara | Profilo ultime 10: 0.78 | Real over index: 0.58;3.4;20.0;;;13.64;7.79;5.83;;;;1.3.0
2026-09-05;Germany_Oberliga_Hessen;VfB Marburg;Fernwald;63.0;MEDIA-ALTA;7;2026-09-05;Germany_Oberliga_Hessen;Germany_Oberliga_Hessen;;Engine v1.3 | Squadra alta: VfB Marburg (2ª), squadra bassa: Fernwald (10ª) | GF alta: 1.67/gara | GS bassa: 1.50/gara | Profilo ultime 10: 0.74 | Real over index: 0.50;11.57;13.89;;;13.64;7.42;5.0;;;;1.3.0
2026-09-05;Norway_OBOSLigaen;Strømmen;Bryne;62.99;MEDIA-ALTA;21;2026-09-05;Norway_OBOSLigaen;Norway_OBOSLigaen;;Engine v1.3 | Squadra alta: Bryne (7ª), squadra bassa: Strømmen (13ª) | GF alta: 1.30/gara | GS bassa: 2.35/gara | Profilo ultime 10: 0.68 | Real over index: 0.45;6.89;10.83;;;20.0;6.76;4.5;;;;1.3.0
2026-09-05;Bolivia_DivisionProfesional;Aurora;GV San Jose;62.84;MEDIA-ALTA;22;2026-09-05;Bolivia_DivisionProfesional;Bolivia_DivisionProfesional;;Engine v1.3 | Squadra alta: Aurora (6ª), squadra bassa: GV San Jose (15ª) | GF alta: 1.47/gara | GS bassa: 1.59/gara | Profilo ultime 10: 0.69 | Real over index: 0.55;10.23;12.25;;;14.44;6.9;5.5;;;;1.3.0
2026-09-05;Switzerland_PromotionLeague;Kreuzlingen;Grand-Saconnex;62.75;MEDIA-ALTA;8;2026-09-05;Switzerland_PromotionLeague;Switzerland_PromotionLeague;;Engine v1.3 | Squadra alta: Kreuzlingen (9ª), squadra bassa: Grand-Saconnex (10ª) | GF alta: 1.20/gara | GS bassa: 2.40/gara | Profilo ultime 10: 0.84 | Real over index: 0.80;2.31;10.0;;;20.0;8.44;8.0;;;;1.3.0
2026-09-05;Sweden_Division1_Sodra;Olympic;Angelholm;62.71;MEDIA-ALTA;22;2026-09-05;Sweden_Division1_Sodra;Sweden_Division1_Sodra;;Engine v1.3 | Squadra alta: Olympic (10ª), squadra bassa: Angelholm (15ª) | GF alta: 1.63/gara | GS bassa: 1.63/gara | Profilo ultime 10: 0.82 | Real over index: 0.65;5.58;13.6;;;14.83;8.2;6.5;;;;1.3.0
2026-09-05;SouthKorea_KLeague2;Cheonan City;Hwaseong;62.52;MEDIA-ALTA;25;2026-09-05;SouthKorea_KLeague2;SouthKorea_KLeague2;;Engine v1.3 | Squadra alta: Hwaseong (5ª), squadra bassa: Cheonan City (14ª) | GF alta: 1.57/gara | GS bassa: 1.39/gara | Profilo ultime 10: 0.71 | Real over index: 0.55;11.79;13.04;;;12.65;7.07;5.5;;;;1.3.0
2026-09-05;Mexico_LigaMX_Apertura;Juarez;Pachuca;62.45;MEDIA-ALTA;7;2026-09-05;Mexico_LigaMX_Apertura;Mexico_LigaMX_Apertura;;Engine v1.3 | Squadra alta: Pachuca (15ª), squadra bassa: Juarez (18ª) | GF alta: 1.33/gara | GS bassa: 3.17/gara | Profilo ultime 10: 0.63 | Real over index: 0.58;9.3;11.11;;;20.0;6.29;5.83;;;;1.3.0
2026-09-05;Germany_Oberliga_RheinlandPfalzSaar;Schott Mainz;Pirmasens;62.4;MEDIA-ALTA;7;2026-09-05;Germany_Oberliga_RheinlandPfalzSaar;Germany_Oberliga_RheinlandPfalzSaar;;Engine v1.3 | Squadra alta: Pirmasens (1ª), squadra bassa: Schott Mainz (3ª) | GF alta: 2.60/gara | GS bassa: 1.00/gara | Profilo ultime 10: 0.85 | Real over index: 0.80;2.81;20.0;;;9.09;8.5;8.0;;;;1.3.0
2026-09-05;Kyrgyzstan_PremierLiga;Bars;Alay Osh;62.34;MEDIA-ALTA;26;2026-09-05;Kyrgyzstan_PremierLiga;Kyrgyzstan_PremierLiga;;Engine v1.3 | Squadra alta: Bars (1ª), squadra bassa: Alay Osh (6ª) | GF alta: 2.71/gara | GS bassa: 0.95/gara | Profilo ultime 10: 0.83 | Real over index: 0.70;4.38;20.0;;;8.66;8.3;7.0;;;;1.3.0
2026-09-05;Belarus_PershayaLiga;BumProm Gomel;SKA-1938;62.28;MEDIA-ALTA;25;2026-09-05;Belarus_PershayaLiga;Belarus_PershayaLiga;;Engine v1.3 | Squadra alta: SKA-1938 (4ª), squadra bassa: BumProm Gomel (7ª) | GF alta: 1.95/gara | GS bassa: 1.50/gara | Profilo ultime 10: 0.81 | Real over index: 0.65;4.39;16.29;;;13.64;8.1;6.5;;;;1.3.0
2026-09-05;Germany_Regionalliga_Bayern;Schwaben Augsburg;Memmingen;62.25;MEDIA-ALTA;8;2026-09-05;Germany_Regionalliga_Bayern;Germany_Regionalliga_Bayern;;Engine v1.3 | Squadra alta: Memmingen (2ª), squadra bassa: Schwaben Augsburg (9ª) | GF alta: 1.67/gara | GS bassa: 1.33/gara | Profilo ultime 10: 0.71 | Real over index: 0.58;11.12;13.89;;;12.12;7.1;5.83;;;;1.3.0
2026-09-05;Poland_IIILiga_Group3;Sulow;Sosnowiec;62.22;MEDIA-ALTA;7;2026-09-05;Poland_IIILiga_Group3;Poland_IIILiga_Group3;;Engine v1.3 | Squadra alta: Sulow (2ª), squadra bassa: Sosnowiec (6ª) | GF alta: 3.50/gara | GS bassa: 1.00/gara | Profilo ultime 10: 0.76 | Real over index: 0.58;6.39;20.0;;;9.09;7.62;5.83;;;;1.3.0
2026-09-05;Sweden_Division2_Norrland;Boden;Kubikenborgs IF;62.17;MEDIA-ALTA;23;2026-09-05;Sweden_Division2_Norrland;Sweden_Division2_Norrland;;Engine v1.3 | Squadra alta: Kubikenborgs IF (3ª), squadra bassa: Boden (5ª) | GF alta: 2.00/gara | GS bassa: 1.32/gara | Profilo ultime 10: 0.84 | Real over index: 0.70;4.27;16.67;;;11.96;8.4;7.0;;;;1.3.0
2026-09-05;Sweden_Superettan;Helsingborg;Sandviken;62.13;MEDIA-ALTA;24;2026-09-05;Sweden_Superettan;Sweden_Superettan;;Engine v1.3 | Squadra alta: Sandviken (9ª), squadra bassa: Helsingborg (12ª) | GF alta: 1.62/gara | GS bassa: 2.00/gara | Profilo ultime 10: 0.81 | Real over index: 0.55;2.83;13.49;;;18.18;8.12;5.5;;;;1.3.0
2026-09-05;Serbia_PrvaLiga;Napredak;Jedinstvo U.;61.82;MEDIA-ALTA;7;2026-09-05;Serbia_PrvaLiga;Serbia_PrvaLiga;;Engine v1.3 | Squadra alta: Napredak (7ª), squadra bassa: Jedinstvo U. (15ª) | GF alta: 1.00/gara | GS bassa: 1.83/gara | Profilo ultime 10: 0.61 | Real over index: 0.50;13.64;8.33;;;16.67;6.06;5.0;;;;1.3.0
2026-09-05;Poland_Division2;Podhale Nowy Targ;Sandecja;61.31;MEDIA-ALTA;7;2026-09-05;Poland_Division2;Poland_Division2;;Engine v1.3 | Squadra alta: Sandecja (5ª), squadra bassa: Podhale Nowy Targ (9ª) | GF alta: 1.33/gara | GS bassa: 2.17/gara | Profilo ultime 10: 0.75 | Real over index: 0.58;6.58;11.11;;;19.7;7.5;5.83;;;;1.3.0
2026-09-05;Germany_Oberliga_BadenWurttemberg;Bahlinger;Teningen;60.86;MEDIA-ALTA;6;2026-09-05;Germany_Oberliga_BadenWurttemberg;Germany_Oberliga_BadenWurttemberg;;Engine v1.3 | Squadra alta: Bahlinger (15ª), squadra bassa: Teningen (16ª) | GF alta: 1.25/gara | GS bassa: 2.50/gara | Profilo ultime 10: 0.85 | Real over index: 0.75;0.45;10.42;;;20.0;8.49;7.5;;;;1.3.0
2026-09-05;Hungary_NBII;Tiszakecske;Szentlorinc;60.85;MEDIA-ALTA;7;2026-09-05;Hungary_NBII;Hungary_NBII;;Engine v1.3 | Squadra alta: Tiszakecske (3ª), squadra bassa: Szentlorinc (9ª) | GF alta: 2.00/gara | GS bassa: 1.20/gara | Profilo ultime 10: 0.67 | Real over index: 0.45;8.8;16.67;;;10.91;6.7;4.5;;;;1.3.0
2026-09-05;SouthKorea_KLeague1;Seoul;Incheon;60.84;MEDIA-ALTA;27;2026-09-05;SouthKorea_KLeague1;SouthKorea_KLeague1;;Engine v1.3 | Squadra alta: Seoul (1ª), squadra bassa: Incheon (7ª) | GF alta: 2.00/gara | GS bassa: 1.12/gara | Profilo ultime 10: 0.64 | Real over index: 0.45;11.77;16.67;;;10.18;6.37;4.5;;;;1.3.0
2026-09-05;Austria_Regionalliga_West;Tirol (Am);Lochau;60.66;MEDIA-ALTA;6;2026-09-05;Austria_Regionalliga_West;Austria_Regionalliga_West;;Engine v1.3 | Squadra alta: Tirol (Am) (11ª), squadra bassa: Lochau (14ª) | GF alta: 1.40/gara | GS bassa: 2.80/gara | Profilo ultime 10: 0.75 | Real over index: 0.60;1.54;11.67;;;20.0;7.46;6.0;;;;1.3.0
2026-09-05;USA_MLSNextPro_WesternConference_CentralDivision;North Texas;Real Monarchs;60.65;MEDIA-ALTA;30;2026-09-05;USA_MLSNextPro_WesternConference_CentralDivision;USA_MLSNextPro_WesternConference_PacificDivision;;Engine v1.3 | Squadra alta: North Texas (6ª), squadra bassa: Real Monarchs (8ª) | GF alta: 1.40/gara | GS bassa: 1.92/gara | Profilo ultime 10: 0.70 | Real over index: 0.65;4.08;11.67;;;17.42;6.99;6.5;;;;1.3.0
2026-09-05;Slovakia_2Liga;Povazska Bystrica;Lehota p. V.;60.46;MEDIA-ALTA;7;2026-09-05;Slovakia_2Liga;Slovakia_2Liga;;Engine v1.3 | Squadra alta: Lehota p. V. (3ª), squadra bassa: Povazska Bystrica (5ª) | GF alta: 1.83/gara | GS bassa: 1.67/gara | Profilo ultime 10: 0.83 | Real over index: 0.67;1.03;15.28;;;15.15;8.33;6.67;;;;1.3.0
2026-09-05;Spain_LaLiga;Ath. Bilbao;Atl. Madrid;60.1;MEDIA-ALTA;5;2026-09-05;Spain_LaLiga;Spain_LaLiga;;Engine v1.3 | Squadra alta: Atl. Madrid (2ª), squadra bassa: Ath. Bilbao (10ª) | GF alta: 2.33/gara | GS bassa: 1.00/gara | Profilo ultime 10: 0.58 | Real over index: 0.33;11.19;19.44;;;9.09;5.82;3.33;;;;1.3.0
2026-09-05;Norway_Eliteserien;Rosenborg;HamKam;60.07;MEDIA-ALTA;27;2026-09-05;Norway_Eliteserien;Norway_Eliteserien;;Engine v1.3 | Squadra alta: Rosenborg (8ª), squadra bassa: HamKam (10ª) | GF alta: 1.50/gara | GS bassa: 1.78/gara | Profilo ultime 10: 0.84 | Real over index: 0.75;1.56;12.5;;;16.16;8.35;7.5;;;;1.3.0
2026-09-05;Poland_Division2;Chojniczanka;R. Rzeszow;60.06;MEDIA-ALTA;7;2026-09-05;Poland_Division2;Poland_Division2;;Engine v1.3 | Squadra alta: Chojniczanka (12ª), squadra bassa: R. Rzeszow (17ª) | GF alta: 1.00/gara | GS bassa: 2.17/gara | Profilo ultime 10: 0.59 | Real over index: 0.50;10.21;8.33;;;19.7;5.93;5.0;;;;1.3.0
2026-09-05;CzechRepublic_1Liga;Sigma Olomouc;Bohemians;59.86;MEDIA;8;2026-09-05;CzechRepublic_1Liga;CzechRepublic_1Liga;;Engine v1.3 | Squadra alta: Sigma Olomouc (5ª), squadra bassa: Bohemians (11ª) | GF alta: 1.67/gara | GS bassa: 1.20/gara | Profilo ultime 10: 0.74 | Real over index: 0.62;7.53;13.89;;;10.91;7.36;6.17;;;;1.3.0
2026-09-05;Bulgaria_ParvaLiga;Levski;CSKA 1948 Sofia;59.73;MEDIA;8;2026-09-05;Bulgaria_ParvaLiga;Bulgaria_ParvaLiga;;Engine v1.3 | Squadra alta: Levski (1ª), squadra bassa: CSKA 1948 Sofia (2ª) | GF alta: 2.86/gara | GS bassa: 0.88/gara | Profilo ultime 10: 0.78 | Real over index: 0.74;6.47;20.0;;;7.95;7.82;7.41;;;;1.3.0
2026-09-05;Lithuania_ILyga;Atmosfera;Tauras;59.72;MEDIA;24;2026-09-05;Lithuania_ILyga;Lithuania_ILyga;;Engine v1.3 | Squadra alta: Tauras (5ª), squadra bassa: Atmosfera (9ª) | GF alta: 1.77/gara | GS bassa: 1.38/gara | Profilo ultime 10: 0.76 | Real over index: 0.50;6.68;14.77;;;12.55;7.6;5.0;;;;1.3.0
2026-09-05;Romania_Liga2;Popesti Leordeni;Bihor;59.45;MEDIA;6;2026-09-05;Romania_Liga2;Romania_Liga2;;Engine v1.3 | Squadra alta: Popesti Leordeni (6ª), squadra bassa: Bihor (14ª) | GF alta: 2.25/gara | GS bassa: 0.75/gara | Profilo ultime 10: 0.63 | Real over index: 0.38;10.08;18.75;;;6.82;6.32;3.75;;;;1.3.0
2026-09-05;Germany_Oberliga_BadenWurttemberg;Essingen;Pforzheim;59.44;MEDIA;6;2026-09-05;Germany_Oberliga_BadenWurttemberg;Germany_Oberliga_BadenWurttemberg;;Engine v1.3 | Squadra alta: Pforzheim (8ª), squadra bassa: Essingen (11ª) | GF alta: 1.33/gara | GS bassa: 1.75/gara | Profilo ultime 10: 0.69 | Real over index: 0.54;7.71;11.11;;;15.91;6.9;5.42;;;;1.3.0
2026-09-05;Norway_Eliteserien;Brann;Lilleström;59.43;MEDIA;27;2026-09-05;Norway_Eliteserien;Norway_Eliteserien;;Engine v1.3 | Squadra alta: Brann (5ª), squadra bassa: Lilleström (6ª) | GF alta: 2.00/gara | GS bassa: 1.39/gara | Profilo ultime 10: 0.81 | Real over index: 0.75;0.51;16.67;;;12.63;8.12;7.5;;;;1.3.0
2026-09-05;England_LeagueOne;Bradford City;Mansfield;59.41;MEDIA;5;2026-09-05;England_LeagueOne;England_LeagueOne;;Engine v1.3 | Squadra alta: Bradford City (7ª), squadra bassa: Mansfield (8ª) | GF alta: 1.00/gara | GS bassa: 2.67/gara | Profilo ultime 10: 0.73 | Real over index: 0.62;5.1;8.33;;;20.0;7.34;6.25;;;;1.3.0
2026-09-05;Lithuania_ILyga;Ekranas;Garliava;59.28;MEDIA;24;2026-09-05;Lithuania_ILyga;Lithuania_ILyga;;Engine v1.3 | Squadra alta: Garliava (11ª), squadra bassa: Ekranas (16ª) | GF alta: 1.10/gara | GS bassa: 2.27/gara | Profilo ultime 10: 0.54 | Real over index: 0.55;7.79;9.13;;;20.0;5.4;5.5;;;;1.3.0
2026-09-05;England_LeagueOne;Barnsley;Stevenage;59.15;MEDIA;5;2026-09-05;England_LeagueOne;England_LeagueOne;;Engine v1.3 | Squadra alta: Barnsley (4ª), squadra bassa: Stevenage (16ª) | GF alta: 1.67/gara | GS bassa: 1.00/gara | Profilo ultime 10: 0.64 | Real over index: 0.50;13.55;13.89;;;9.09;6.41;5.0;;;;1.3.0
2026-09-05;Slovakia_2Liga;Presov;Z. Moravce-Vrable;59.08;MEDIA;7;2026-09-05;Slovakia_2Liga;Slovakia_2Liga;;Engine v1.3 | Squadra alta: Presov (7ª), squadra bassa: Z. Moravce-Vrable (14ª) | GF alta: 1.50/gara | GS bassa: 1.17/gara | Profilo ultime 10: 0.67 | Real over index: 0.58;11.54;12.5;;;10.61;6.74;5.83;;;;1.3.0
2026-09-05;England_Championship;Millwall;Bolton;59.06;MEDIA;5;2026-09-05;England_Championship;England_Championship;;Engine v1.3 | Squadra alta: Bolton (16ª), squadra bassa: Millwall (19ª) | GF alta: 1.33/gara | GS bassa: 2.67/gara | Profilo ultime 10: 0.74 | Real over index: 0.67;1.0;11.11;;;20.0;7.45;6.67;;;;1.3.0
2026-09-05;Netherlands_Eredivisie;Ajax;PSV;58.99;MEDIA;5;2026-09-05;Netherlands_Eredivisie;Netherlands_Eredivisie;;Engine v1.3 | Squadra alta: PSV (2ª), squadra bassa: Ajax (4ª) | GF alta: 3.75/gara | GS bassa: 0.67/gara | Profilo ultime 10: 0.84 | Real over index: 0.83;2.49;20.0;;;6.06;8.38;8.33;;;;1.3.0
2026-09-05;Germany_Oberliga_BadenWurttemberg;Backnang;Reutlingen;58.98;MEDIA;6;2026-09-05;Germany_Oberliga_BadenWurttemberg;Germany_Oberliga_BadenWurttemberg;;Engine v1.3 | Squadra alta: Backnang (1ª), squadra bassa: Reutlingen (3ª) | GF alta: 3.75/gara | GS bassa: 0.75/gara | Profilo ultime 10: 0.89 | Real over index: 1.00;0.91;20.0;;;6.82;8.88;10.0;;;;1.3.0
2026-09-05;England_Championship;West Brom;Watford;58.91;MEDIA;5;2026-09-05;England_Championship;England_Championship;;Engine v1.3 | Squadra alta: West Brom (5ª), squadra bassa: Watford (14ª) | GF alta: 1.75/gara | GS bassa: 1.33/gara | Profilo ultime 10: 0.70 | Real over index: 0.54;6.99;14.58;;;12.12;6.97;5.42;;;;1.3.0
2026-09-05;Germany_Oberliga_Bayern_Nord;Bayern Hof;Stadeln;58.75;MEDIA;10;2026-09-05;Germany_Oberliga_Bayern_Nord;Germany_Oberliga_Bayern_Nord;;Engine v1.3 | Squadra alta: Stadeln (6ª), squadra bassa: Bayern Hof (7ª) | GF alta: 1.62/gara | GS bassa: 1.75/gara | Profilo ultime 10: 0.80 | Real over index: 0.56;1.64;13.54;;;15.91;8.03;5.62;;;;1.3.0
2026-09-05;England_LeagueOne;Wycombe;Milton Keynes;58.66;MEDIA;5;2026-09-05;England_LeagueOne;England_LeagueOne;;Engine v1.3 | Squadra alta: Milton Keynes (21ª), squadra bassa: Wycombe (23ª) | GF alta: 1.00/gara | GS bassa: 2.67/gara | Profilo ultime 10: 0.70 | Real over index: 0.67;3.85;8.33;;;20.0;6.98;6.67;;;;1.3.0
2026-09-05;Romania_Liga2;FC ASA Tg. Mures;Metaloglobus Bucharest;58.61;MEDIA;6;2026-09-05;Romania_Liga2;Romania_Liga2;;Engine v1.3 | Squadra alta: Metaloglobus Bucharest (10ª), squadra bassa: FC ASA Tg. Mures (17ª) | GF alta: 1.75/gara | GS bassa: 1.50/gara | Profilo ultime 10: 0.69 | Real over index: 0.62;7.33;14.58;;;13.64;6.89;6.25;;;;1.3.0
2026-09-05;CzechRepublic_3MSFL;Vitkovice;Slovacko B;58.56;MEDIA;7;2026-09-05;CzechRepublic_3MSFL;CzechRepublic_3MSFL;;Engine v1.3 | Squadra alta: Slovacko B (7ª), squadra bassa: Vitkovice (11ª) | GF alta: 2.00/gara | GS bassa: 1.17/gara | Profilo ultime 10: 0.68 | Real over index: 0.50;6.39;16.67;;;10.61;6.81;5.0;;;;1.3.0
2026-09-05;Germany_3Liga;Meppen;Saarbrucken;58.5;MEDIA;4;2026-09-05;Germany_3Liga;Germany_3Liga;;Engine v1.3 | Squadra alta: Saarbrucken (5ª), squadra bassa: Meppen (6ª) | GF alta: 2.67/gara | GS bassa: 1.00/gara | Profilo ultime 10: 0.83 | Real over index: 0.67;0.41;20.0;;;9.09;8.33;6.67;;;;1.3.0
2026-09-05;SouthKorea_KLeague1;Jeju SK;Ulsan HD;58.4;MEDIA;27;2026-09-05;SouthKorea_KLeague1;SouthKorea_KLeague1;;Engine v1.3 | Squadra alta: Ulsan HD (2ª), squadra bassa: Jeju SK (3ª) | GF alta: 1.96/gara | GS bassa: 1.04/gara | Profilo ultime 10: 0.86 | Real over index: 0.75;2.53;16.35;;;9.44;8.62;7.5;;;;1.3.0
2026-09-05;Peru_Liga1_Clausura;Huancayo;Sport Boys;58.32;MEDIA;8;2026-09-05;Peru_Liga1_Clausura;Peru_Liga1_Clausura;;Engine v1.3 | Squadra alta: Sport Boys (4ª), squadra bassa: Huancayo (13ª) | GF alta: 1.50/gara | GS bassa: 1.67/gara | Profilo ultime 10: 0.63 | Real over index: 0.33;10.43;12.5;;;15.15;6.32;3.33;;;;1.3.0
2026-09-05;Austria_Karnten;Saint Michael Lavanttal;SAK Klagenfurt;58.3;MEDIA;8;2026-09-05;Austria_Karnten;Austria_Karnten;;Engine v1.3 | Squadra alta: SAK Klagenfurt (9ª), squadra bassa: Saint Michael Lavanttal (11ª) | GF alta: 1.40/gara | GS bassa: 1.80/gara | Profilo ultime 10: 0.72 | Real over index: 0.50;4.62;11.67;;;16.36;7.19;5.0;;;;1.3.0
2026-09-05;England_Championship;Preston;Blackburn;57.44;MEDIA;5;2026-09-05;England_Championship;England_Championship;;Engine v1.3 | Squadra alta: Blackburn (21ª), squadra bassa: Preston (23ª) | GF alta: 1.00/gara | GS bassa: 2.00/gara | Profilo ultime 10: 0.63 | Real over index: 0.67;7.03;8.33;;;18.18;6.34;6.67;;;;1.3.0
2026-09-05;Scotland_Premiership;Aberdeen;Kilmarnock;57.38;MEDIA;6;2026-09-05;Scotland_Premiership;Scotland_Premiership;;Engine v1.3 | Squadra alta: Aberdeen (10ª), squadra bassa: Kilmarnock (12ª) | GF alta: 0.50/gara | GS bassa: 3.50/gara | Profilo ultime 10: 0.62 | Real over index: 0.62;7.96;4.17;;;20.0;6.17;6.25;;;;1.3.0
2026-09-05;Wales_CymruPremier;Penybont;Colwyn Bay;57.36;MEDIA;7;2026-09-05;Wales_CymruPremier;Wales_CymruPremier;;Engine v1.3 | Squadra alta: Penybont (7ª), squadra bassa: Colwyn Bay (8ª) | GF alta: 1.67/gara | GS bassa: 1.67/gara | Profilo ultime 10: 0.74 | Real over index: 0.58;3.58;13.89;;;15.15;7.42;5.83;;;;1.3.0
2026-09-05;Germany_Oberliga_Hessen;Stadtallendorf;Hadamar;57.35;MEDIA;7;2026-09-05;Germany_Oberliga_Hessen;Germany_Oberliga_Hessen;;Engine v1.3 | Squadra alta: Stadtallendorf (6ª), squadra bassa: Hadamar (8ª) | GF alta: 2.67/gara | GS bassa: 1.17/gara | Profilo ultime 10: 0.76 | Real over index: 0.58;0.91;20.0;;;10.61;7.62;5.83;;;;1.3.0
2026-09-05;Sweden_Division1_Sodra;Trollhättan;Eskilsminne;57.3;MEDIA;22;2026-09-05;Sweden_Division1_Sodra;Sweden_Division1_Sodra;;Engine v1.3 | Squadra alta: Eskilsminne (9ª), squadra bassa: Trollhättan (11ª) | GF alta: 1.58/gara | GS bassa: 1.63/gara | Profilo ultime 10: 0.73 | Real over index: 0.55;2.53;13.16;;;14.83;7.28;5.5;;;;1.3.0
2026-09-05;USA_USLChampionship;Loudoun;Colorado Springs;57.16;MEDIA;33;2026-09-05;USA_USLChampionship;USA_USLChampionship;;Engine v1.3 | Squadra alta: Colorado Springs (13ª), squadra bassa: Loudoun (21ª) | GF alta: 1.50/gara | GS bassa: 1.62/gara | Profilo ultime 10: 0.58 | Real over index: 0.40;7.03;12.5;;;14.72;5.79;4.0;;;;1.3.0
2026-09-05;Switzerland_PromotionLeague;Cham;Zurigo 2;56.95;MEDIA;8;2026-09-05;Switzerland_PromotionLeague;Switzerland_PromotionLeague;;Engine v1.3 | Squadra alta: Zurigo 2 (5ª), squadra bassa: Cham (6ª) | GF alta: 2.00/gara | GS bassa: 1.20/gara | Profilo ultime 10: 0.80 | Real over index: 0.70;0.41;16.67;;;10.91;7.97;7.0;;;;1.3.0
2026-09-05;Norway_2ndDivision_Group1;Brattvag;Halden;56.82;MEDIA;19;2026-09-05;Norway_2ndDivision_Group1;Norway_2ndDivision_Group1;;Engine v1.3 | Squadra alta: Brattvag (3ª), squadra bassa: Halden (5ª) | GF alta: 2.12/gara | GS bassa: 1.12/gara | Profilo ultime 10: 0.79 | Real over index: 0.55;2.31;17.65;;;10.16;7.88;5.5;;;;1.3.0
2026-09-05;Poland_IIILiga_Group3;Stilon Gorzow;Warta Gorzow;56.7;MEDIA;7;2026-09-05;Poland_IIILiga_Group3;Poland_IIILiga_Group3;;Engine v1.3 | Squadra alta: Stilon Gorzow (11ª), squadra bassa: Warta Gorzow (12ª) | GF alta: 1.83/gara | GS bassa: 1.67/gara | Profilo ultime 10: 0.72 | Real over index: 0.58;0.41;15.28;;;15.15;7.2;5.83;;;;1.3.0
2026-09-05;CzechRepublic_3MSFL;FK Frydek-Mistek;Unicov;56.68;MEDIA;7;2026-09-05;CzechRepublic_3MSFL;CzechRepublic_3MSFL;;Engine v1.3 | Squadra alta: FK Frydek-Mistek (2ª), squadra bassa: Unicov (6ª) | GF alta: 1.83/gara | GS bassa: 1.33/gara | Profilo ultime 10: 0.79 | Real over index: 0.67;3.21;15.28;;;12.12;7.92;6.67;;;;1.3.0
2026-09-05;Germany_Oberliga_Bremen;Union 60 Bremen;Eiche Horn;56.62;MEDIA;5;2026-09-05;Germany_Oberliga_Bremen;Germany_Oberliga_Bremen;;Engine v1.3 | Squadra alta: Union 60 Bremen (9ª), squadra bassa: Eiche Horn (10ª) | GF alta: 2.50/gara | GS bassa: 1.25/gara | Profilo ultime 10: 0.71 | Real over index: 0.62;0.51;20.0;;;11.36;7.12;6.25;;;;1.3.0
2026-09-05;Russia_FNL;Ulyanovsk;Arsenal Tula;56.6;MEDIA;10;2026-09-05;Russia_FNL;Russia_FNL;;Engine v1.3 | Squadra alta: Arsenal Tula (9ª), squadra bassa: Ulyanovsk (13ª) | GF alta: 1.00/gara | GS bassa: 1.75/gara | Profilo ultime 10: 0.67 | Real over index: 0.59;6.18;8.33;;;15.91;6.71;5.9;;;;1.3.0
2026-09-05;Austria_Tirol;Innsbrucker AC;FC Volders;56.58;MEDIA;7;2026-09-05;Austria_Tirol;Austria_Tirol;;Engine v1.3 | Squadra alta: Innsbrucker AC (3ª), squadra bassa: FC Volders (10ª) | GF alta: 1.80/gara | GS bassa: 1.40/gara | Profilo ultime 10: 0.62 | Real over index: 0.40;8.56;15.0;;;12.73;6.16;4.0;;;;1.3.0
2026-09-05;Serbia_SuperLiga;Macva;Radnicki 1923;56.45;MEDIA;8;2026-09-05;Serbia_SuperLiga;Serbia_SuperLiga;;Engine v1.3 | Squadra alta: Radnicki 1923 (5ª), squadra bassa: Macva (12ª) | GF alta: 1.17/gara | GS bassa: 1.86/gara | Profilo ultime 10: 0.57 | Real over index: 0.46;9.95;9.72;;;16.88;5.7;4.64;;;;1.3.0
2026-09-05;Germany_Oberliga_Hessen;Alzenau;CSC 03 Kassel;56.35;MEDIA;7;2026-09-05;Germany_Oberliga_Hessen;Germany_Oberliga_Hessen;;Engine v1.3 | Squadra alta: CSC 03 Kassel (13ª), squadra bassa: Alzenau (14ª) | GF alta: 1.17/gara | GS bassa: 1.83/gara | Profilo ultime 10: 0.76 | Real over index: 0.75;2.04;9.72;;;16.67;7.59;7.5;;;;1.3.0
2026-09-05;Poland_IIILiga_Group3;Zaglebie 2;Jelenia Gora;56.33;MEDIA;7;2026-09-05;Poland_IIILiga_Group3;Poland_IIILiga_Group3;;Engine v1.3 | Squadra alta: Zaglebie 2 (1ª), squadra bassa: Jelenia Gora (7ª) | GF alta: 2.17/gara | GS bassa: 0.50/gara | Profilo ultime 10: 0.62 | Real over index: 0.50;10.38;18.06;;;4.55;6.24;5.0;;;;1.3.0
2026-09-05;Belarus_PershayaLiga;Uni X Labs;Soligorsk;56.18;MEDIA;25;2026-09-05;Belarus_PershayaLiga;Belarus_PershayaLiga;;Engine v1.3 | Squadra alta: Soligorsk (10ª), squadra bassa: Uni X Labs (14ª) | GF alta: 1.91/gara | GS bassa: 1.27/gara | Profilo ultime 10: 0.66 | Real over index: 0.55;3.98;15.91;;;11.57;6.65;5.5;;;;1.3.0
2026-09-05;Germany_Regionalliga_Nord;Jeddeloh;Amburgo 2;56.13;MEDIA;8;2026-09-05;Germany_Regionalliga_Nord;Germany_Regionalliga_Nord;;Engine v1.3 | Squadra alta: Amburgo 2 (16ª), squadra bassa: Jeddeloh (17ª) | GF alta: 1.33/gara | GS bassa: 2.17/gara | Profilo ultime 10: 0.70 | Real over index: 0.50;0.45;11.11;;;19.7;7.03;5.0;;;;1.3.0
2026-09-05;USA_MLSNextPro_WesternConference_CentralDivision;Houston Dynamo 2;Austin FC 2;56.12;MEDIA;30;2026-09-05;USA_MLSNextPro_WesternConference_CentralDivision;USA_MLSNextPro_WesternConference_CentralDivision;;Engine v1.3 | Squadra alta: Austin FC 2 (1ª), squadra bassa: Houston Dynamo 2 (2ª) | GF alta: 2.04/gara | GS bassa: 1.08/gara | Profilo ultime 10: 0.75 | Real over index: 0.55;4.71;16.99;;;9.85;7.52;5.5;;;;1.3.0
2026-09-05;Poland_IIILiga_Group3;Bytom Odrzanski;ROW Rybnik;56.1;MEDIA;7;2026-09-05;Poland_IIILiga_Group3;Poland_IIILiga_Group3;;Engine v1.3 | Squadra alta: Bytom Odrzanski (4ª), squadra bassa: ROW Rybnik (9ª) | GF alta: 1.00/gara | GS bassa: 3.33/gara | Profilo ultime 10: 0.65 | Real over index: 0.50;8.38;8.33;;;20.0;6.49;5.0;;;;1.3.0
2026-09-05;Norway_2ndDivision_Group1;Mjondalen;Jerv;55.77;MEDIA;19;2026-09-05;Norway_2ndDivision_Group1;Norway_2ndDivision_Group1;;Engine v1.3 | Squadra alta: Jerv (1ª), squadra bassa: Mjondalen (2ª) | GF alta: 2.00/gara | GS bassa: 1.12/gara | Profilo ultime 10: 0.76 | Real over index: 0.60;3.21;16.67;;;10.16;7.65;6.0;;;;1.3.0
2026-09-05;Estonia_Meistriliiga;Kuressaare;Narva;55.75;MEDIA;29;2026-09-05;Estonia_Meistriliiga;Estonia_Meistriliiga;;Engine v1.3 | Squadra alta: Kuressaare (8ª), squadra bassa: Narva (10ª) | GF alta: 1.08/gara | GS bassa: 2.28/gara | Profilo ultime 10: 0.58 | Real over index: 0.50;4.76;9.0;;;20.0;5.79;5.0;;;;1.3.0
2026-09-05;Wales_CymruPremier;TNS;Barry;55.74;MEDIA;7;2026-09-05;Wales_CymruPremier;Wales_CymruPremier;;Engine v1.3 | Squadra alta: Barry (1ª), squadra bassa: TNS (2ª) | GF alta: 2.83/gara | GS bassa: 0.50/gara | Profilo ultime 10: 0.77 | Real over index: 0.67;3.58;20.0;;;4.55;7.67;6.67;;;;1.3.0
2026-09-05;Germany_Regionalliga_Sudwest;Aalen;Trier;55.57;MEDIA;6;2026-09-05;Germany_Regionalliga_Sudwest;Germany_Regionalliga_Sudwest;;Engine v1.3 | Squadra alta: Trier (4ª), squadra bassa: Aalen (10ª) | GF alta: 1.25/gara | GS bassa: 1.50/gara | Profilo ultime 10: 0.58 | Real over index: 0.38;12.25;10.42;;;13.64;5.83;3.75;;;;1.3.0
2026-09-05;Romania_Liga2;Ramnicu Valcea;CSM Resita;55.52;MEDIA;6;2026-09-05;Romania_Liga2;Romania_Liga2;;Engine v1.3 | Squadra alta: CSM Resita (4ª), squadra bassa: Ramnicu Valcea (8ª) | GF alta: 1.75/gara | GS bassa: 1.00/gara | Profilo ultime 10: 0.69 | Real over index: 0.50;6.23;14.58;;;9.09;6.88;5.0;;;;1.3.0
2026-09-05;Peru_Liga2;Cesar Vallejo;ADA Jaen;55.42;MEDIA;6;2026-09-05;Peru_Liga2;Peru_Liga2;;Engine v1.3 | Squadra alta: Cesar Vallejo (2ª), squadra bassa: ADA Jaen (17ª) | GF alta: 1.00/gara | GS bassa: 1.67/gara | Profilo ultime 10: 0.37 | Real over index: 0.17;20.33;8.33;;;15.15;3.69;1.67;;;;1.3.0
2026-09-05;Estonia_Meistriliiga;Flora;Kalju;55.28;MEDIA;29;2026-09-05;Estonia_Meistriliiga;Estonia_Meistriliiga;;Engine v1.3 | Squadra alta: Kalju (2ª), squadra bassa: Flora (3ª) | GF alta: 1.83/gara | GS bassa: 1.29/gara | Profilo ultime 10: 0.83 | Real over index: 0.70;1.25;15.28;;;11.74;8.3;7.0;;;;1.3.0
2026-09-05;Slovakia_NikeLiga;Michalovce;Trencin;55.16;MEDIA;7;2026-09-05;Slovakia_NikeLiga;Slovakia_NikeLiga;;Engine v1.3 | Squadra alta: Michalovce (6ª), squadra bassa: Trencin (9ª) | GF alta: 0.83/gara | GS bassa: 2.20/gara | Profilo ultime 10: 0.64 | Real over index: 0.48;3.69;6.94;;;20.0;6.42;4.83;;;;1.3.0
2026-09-05;Poland_Ekstraklasa;Widzew Lodz;Radomiak Radom;55.14;MEDIA;7;2026-09-05;Poland_Ekstraklasa;Poland_Ekstraklasa;;Engine v1.3 | Squadra alta: Radomiak Radom (12ª), squadra bassa: Widzew Lodz (13ª) | GF alta: 1.00/gara | GS bassa: 1.67/gara | Profilo ultime 10: 0.81 | Real over index: 0.75;2.04;8.33;;;15.15;8.11;7.5;;;;1.3.0
2026-09-05;Russia_FNL;Yaroslavl;R. Volgograd;55.07;MEDIA;10;2026-09-05;Russia_FNL;Russia_FNL;;Engine v1.3 | Squadra alta: Yaroslavl (8ª), squadra bassa: R. Volgograd (10ª) | GF alta: 1.50/gara | GS bassa: 1.33/gara | Profilo ultime 10: 0.69 | Real over index: 0.47;5.8;12.5;;;12.12;6.87;4.72;;;;1.3.0
2026-09-05;Kyrgyzstan_PremierLiga;Bishkek City;Neftchi Kochkor-Ata;54.95;MEDIA;26;2026-09-05;Kyrgyzstan_PremierLiga;Kyrgyzstan_PremierLiga;;Engine v1.3 | Squadra alta: Neftchi Kochkor-Ata (10ª), squadra bassa: Bishkek City (13ª) | GF alta: 1.33/gara | GS bassa: 1.50/gara | Profilo ultime 10: 0.76 | Real over index: 0.55;4.29;11.11;;;13.64;7.58;5.5;;;;1.3.0
2026-09-05;Germany_Oberliga_Bayern_Sud;Kottern-St. Mang;Kirchanschoring;54.93;MEDIA;10;2026-09-05;Germany_Oberliga_Bayern_Sud;Germany_Oberliga_Bayern_Sud;;Engine v1.3 | Squadra alta: Kirchanschoring (14ª), squadra bassa: Kottern-St. Mang (17ª) | GF alta: 1.38/gara | GS bassa: 1.62/gara | Profilo ultime 10: 0.68 | Real over index: 0.56;4.93;11.46;;;14.77;6.77;5.62;;;;1.3.0
2026-09-05;Romania_Liga2;Unirea Slobozia;CS Din. Bucuresti;54.79;MEDIA;6;2026-09-05;Romania_Liga2;Romania_Liga2;;Engine v1.3 | Squadra alta: CS Din. Bucuresti (19ª), squadra bassa: Unirea Slobozia (22ª) | GF alta: 0.75/gara | GS bassa: 2.00/gara | Profilo ultime 10: 0.59 | Real over index: 0.62;8.25;6.25;;;18.18;5.95;6.25;;;;1.3.0
2026-09-05;Scotland_Premiership;Rangers;Motherwell;54.78;MEDIA;6;2026-09-05;Scotland_Premiership;Scotland_Premiership;;Engine v1.3 | Squadra alta: Motherwell (3ª), squadra bassa: Rangers (5ª) | GF alta: 2.00/gara | GS bassa: 1.00/gara | Profilo ultime 10: 0.72 | Real over index: 0.62;3.19;16.67;;;9.09;7.2;6.25;;;;1.3.0
2026-09-05;Romania_Superliga;Din. Bucuresti;FCSB;54.5;MEDIA;8;2026-09-05;Romania_Superliga;Romania_Superliga;;Engine v1.3 | Squadra alta: Din. Bucuresti (1ª), squadra bassa: FCSB (4ª) | GF alta: 2.00/gara | GS bassa: 1.14/gara | Profilo ultime 10: 0.67 | Real over index: 0.43;5.63;16.67;;;10.39;6.69;4.29;;;;1.3.0
2026-09-05;Slovakia_NikeLiga;Dun. Streda;Slovan Bratislava;54.42;MEDIA;7;2026-09-05;Slovakia_NikeLiga;Slovakia_NikeLiga;;Engine v1.3 | Squadra alta: Dun. Streda (1ª), squadra bassa: Slovan Bratislava (4ª) | GF alta: 3.40/gara | GS bassa: 0.60/gara | Profilo ultime 10: 0.78 | Real over index: 0.80;4.01;20.0;;;5.45;7.8;8.0;;;;1.3.0
2026-09-05;Peru_Liga2;Santos;Estudiantil CNI;54.4;MEDIA;6;2026-09-05;Peru_Liga2;Peru_Liga2;;Engine v1.3 | Squadra alta: Estudiantil CNI (9ª), squadra bassa: Santos (12ª) | GF alta: 1.25/gara | GS bassa: 2.00/gara | Profilo ultime 10: 0.68 | Real over index: 0.50;1.65;10.42;;;18.18;6.77;5.0;;;;1.3.0
2026-09-05;Serbia_PrvaLiga;Smederevo;Javor;54.38;MEDIA;7;2026-09-05;Serbia_PrvaLiga;Serbia_PrvaLiga;;Engine v1.3 | Squadra alta: Smederevo (2ª), squadra bassa: Javor (5ª) | GF alta: 1.83/gara | GS bassa: 1.00/gara | Profilo ultime 10: 0.78 | Real over index: 0.67;3.13;15.28;;;9.09;7.83;6.67;;;;1.3.0
2026-09-05;CzechRepublic_1Liga;Slavia Praga;Brno;54.37;MEDIA;8;2026-09-05;CzechRepublic_1Liga;CzechRepublic_1Liga;;Engine v1.3 | Squadra alta: Slavia Praga (1ª), squadra bassa: Brno (2ª) | GF alta: 2.83/gara | GS bassa: 0.83/gara | Profilo ultime 10: 0.74 | Real over index: 0.58;2.1;20.0;;;7.58;7.38;5.83;;;;1.3.0
2026-09-05;Germany_Regionalliga_Bayern;Unterhaching;Augsburg 2;54.26;MEDIA;8;2026-09-05;Germany_Regionalliga_Bayern;Germany_Regionalliga_Bayern;;Engine v1.3 | Squadra alta: Augsburg 2 (5ª), squadra bassa: Unterhaching (10ª) | GF alta: 2.17/gara | GS bassa: 0.80/gara | Profilo ultime 10: 0.69 | Real over index: 0.70;4.49;18.06;;;7.27;6.94;7.0;;;;1.3.0
2026-09-05;Italy_SerieA;Fiorentina;Torino;53.86;MEDIA;3;2026-09-05;Italy_SerieA;Italy_SerieA;;Engine v1.3 | Squadra alta: Torino (16ª), squadra bassa: Fiorentina (20ª) | GF alta: 1.00/gara | GS bassa: 3.50/gara | Profilo ultime 10: 0.69 | Real over index: 1.00;1.62;8.33;;;20.0;6.91;10.0;;;;1.3.0
2026-09-05;Scotland_Premiership;St. Mirren;Celtic;53.56;MEDIA;6;2026-09-05;Scotland_Premiership;Scotland_Premiership;;Engine v1.3 | Squadra alta: Celtic (1ª), squadra bassa: St. Mirren (2ª) | GF alta: 2.75/gara | GS bassa: 0.75/gara | Profilo ultime 10: 0.69 | Real over index: 0.50;5.17;20.0;;;6.82;6.88;5.0;;;;1.3.0
2026-09-05;Ukraine_PershaLiga;Metalist Kharkiv;UCSA;53.54;MEDIA;6;2026-09-05;Ukraine_PershaLiga;Ukraine_PershaLiga;;Engine v1.3 | Squadra alta: Metalist Kharkiv (6ª), squadra bassa: UCSA (9ª) | GF alta: 1.20/gara | GS bassa: 1.60/gara | Profilo ultime 10: 0.71 | Real over index: 0.50;3.45;10.0;;;14.55;7.09;5.0;;;;1.3.0
2026-09-05;Hungary_NBII;Ajka;Soroksar;53.53;MEDIA;7;2026-09-05;Hungary_NBII;Hungary_NBII;;Engine v1.3 | Squadra alta: Soroksar (1ª), squadra bassa: Ajka (5ª) | GF alta: 2.83/gara | GS bassa: 0.60/gara | Profilo ultime 10: 0.67 | Real over index: 0.43;6.5;20.0;;;5.45;6.65;4.33;;;;1.3.0
2026-09-05;Germany_Regionalliga_West;Monchengladbach 2;Dortmund 2;53.48;MEDIA;7;2026-09-05;Germany_Regionalliga_West;Germany_Regionalliga_West;;Engine v1.3 | Squadra alta: Monchengladbach 2 (2ª), squadra bassa: Dortmund 2 (4ª) | GF alta: 2.50/gara | GS bassa: 0.80/gara | Profilo ultime 10: 0.73 | Real over index: 0.53;1.22;20.0;;;7.27;7.27;5.33;;;;1.3.0
2026-09-05;Sweden_Division1_Norra;Karlstad;AFC Eskilstuna;53.45;MEDIA;22;2026-09-05;Sweden_Division1_Norra;Sweden_Division1_Norra;;Engine v1.3 | Squadra alta: Karlstad (3ª), squadra bassa: AFC Eskilstuna (4ª) | GF alta: 1.63/gara | GS bassa: 1.35/gara | Profilo ultime 10: 0.78 | Real over index: 0.65;1.44;13.6;;;12.27;7.82;6.5;;;;1.3.0
2026-09-05;England_LeagueOne;Doncaster;Plymouth;53.36;MEDIA;5;2026-09-05;England_LeagueOne;England_LeagueOne;;Engine v1.3 | Squadra alta: Plymouth (17ª), squadra bassa: Doncaster (20ª) | GF alta: 1.00/gara | GS bassa: 1.67/gara | Profilo ultime 10: 0.67 | Real over index: 0.50;4.18;8.33;;;15.15;6.7;5.0;;;;1.3.0
2026-09-05;Sweden_Division1_Norra;Sollentuna;Gefle;53.28;MEDIA;22;2026-09-05;Sweden_Division1_Norra;Sweden_Division1_Norra;;Engine v1.3 | Squadra alta: Gefle (10ª), squadra bassa: Sollentuna (13ª) | GF alta: 1.32/gara | GS bassa: 1.42/gara | Profilo ultime 10: 0.73 | Real over index: 0.60;3.55;10.96;;;12.92;7.33;6.0;;;;1.3.0
2026-09-05;Germany_Oberliga_Bayern_Nord;Grossbardorf;Neudrossenfeld;53.16;MEDIA;10;2026-09-05;Germany_Oberliga_Bayern_Nord;Germany_Oberliga_Bayern_Nord;;Engine v1.3 | Squadra alta: Neudrossenfeld (11ª), squadra bassa: Grossbardorf (16ª) | GF alta: 1.25/gara | GS bassa: 1.71/gara | Profilo ultime 10: 0.56 | Real over index: 0.46;7.54;10.42;;;15.58;5.56;4.55;;;;1.3.0
2026-09-05;France_Ligue2;St. Etienne;Montpellier;53.15;MEDIA;5;2026-09-05;France_Ligue2;France_Ligue2;;Engine v1.3 | Squadra alta: St. Etienne (1ª), squadra bassa: Montpellier (3ª) | GF alta: 3.00/gara | GS bassa: 0.25/gara | Profilo ultime 10: 0.57 | Real over index: 0.50;10.44;20.0;;;2.27;5.68;5.0;;;;1.3.0
2026-09-05;Sweden_Allsvenskan;GAIS;Hacken;53.1;MEDIA;25;2026-09-05;Sweden_Allsvenskan;Sweden_Allsvenskan;;Engine v1.3 | Squadra alta: Hacken (5ª), squadra bassa: GAIS (9ª) | GF alta: 1.74/gara | GS bassa: 0.95/gara | Profilo ultime 10: 0.70 | Real over index: 0.45;4.56;14.47;;;8.61;6.95;4.5;;;;1.3.0
2026-09-05;Romania_Superliga;UTA Arad;Csikszereda M. Ciuc;53.04;MEDIA;8;2026-09-05;Romania_Superliga;Romania_Superliga;;Engine v1.3 | Squadra alta: UTA Arad (14ª), squadra bassa: Csikszereda M. Ciuc (16ª) | GF alta: 1.00/gara | GS bassa: 1.86/gara | Profilo ultime 10: 0.53 | Real over index: 0.46;9.2;8.33;;;16.88;5.26;4.64;;;;1.3.0
2026-09-05;Poland_Ekstraklasa;Korona;Wisla;52.99;MEDIA;7;2026-09-05;Poland_Ekstraklasa;Poland_Ekstraklasa;;Engine v1.3 | Squadra alta: Wisla (3ª), squadra bassa: Korona (8ª) | GF alta: 2.00/gara | GS bassa: 0.80/gara | Profilo ultime 10: 0.70 | Real over index: 0.52;2.9;16.67;;;7.27;6.98;5.17;;;;1.3.0
2026-09-05;CzechRepublic_3MSFL;Vsetin;Havirov;52.9;MEDIA;7;2026-09-05;CzechRepublic_3MSFL;CzechRepublic_3MSFL;;Engine v1.3 | Squadra alta: Havirov (17ª), squadra bassa: Vsetin (18ª) | GF alta: 0.67/gara | GS bassa: 3.33/gara | Profilo ultime 10: 0.62 | Real over index: 0.67;3.58;5.56;;;20.0;6.21;6.67;;;;1.3.0
2026-09-05;Poland_Division1;Stal Mielec;Odra Opole;52.77;MEDIA;7;2026-09-05;Poland_Division1;Poland_Division1;;Engine v1.3 | Squadra alta: Odra Opole (9ª), squadra bassa: Stal Mielec (10ª) | GF alta: 1.00/gara | GS bassa: 2.17/gara | Profilo ultime 10: 0.69 | Real over index: 0.50;0.45;8.33;;;19.7;6.91;5.0;;;;1.3.0
2026-09-05;SouthKorea_KLeague2;Gimhae;Jeonnam;52.71;MEDIA;25;2026-09-05;SouthKorea_KLeague2;SouthKorea_KLeague2;;Engine v1.3 | Squadra alta: Jeonnam (15ª), squadra bassa: Gimhae (17ª) | GF alta: 1.09/gara | GS bassa: 1.95/gara | Profilo ultime 10: 0.58 | Real over index: 0.45;4.0;9.09;;;17.77;5.85;4.5;;;;1.3.0
2026-09-05;Hungary_NBII;Kazincbarcika;Kecskemeti;52.53;MEDIA;7;2026-09-05;Hungary_NBII;Hungary_NBII;;Engine v1.3 | Squadra alta: Kecskemeti (2ª), squadra bassa: Kazincbarcika (4ª) | GF alta: 2.00/gara | GS bassa: 0.83/gara | Profilo ultime 10: 0.75 | Real over index: 0.58;2.62;16.67;;;7.58;7.46;5.83;;;;1.3.0
2026-09-05;Denmark_Superliga;Aarhus;Silkeborg;52.52;MEDIA;8;2026-09-05;Denmark_Superliga;Denmark_Superliga;;Engine v1.3 | Squadra alta: Silkeborg (9ª), squadra bassa: Aarhus (10ª) | GF alta: 0.83/gara | GS bassa: 1.83/gara | Profilo ultime 10: 0.62 | Real over index: 0.50;3.88;6.94;;;16.67;6.23;5.0;;;;1.3.0
2026-09-05;Bolivia_DivisionProfesional;Guabira;Real Potosi;52.49;MEDIA;22;2026-09-05;Bolivia_DivisionProfesional;Bolivia_DivisionProfesional;;Engine v1.3 | Squadra alta: Real Potosi (8ª), squadra bassa: Guabira (9ª) | GF alta: 1.24/gara | GS bassa: 2.00/gara | Profilo ultime 10: 0.71 | Real over index: 0.50;0.51;10.29;;;18.18;7.07;5.0;;;;1.3.0
2026-09-05;Russia_FNL;Ufa;Veles Moscow;52.32;MEDIA;10;2026-09-05;Russia_FNL;Russia_FNL;;Engine v1.3 | Squadra alta: Veles Moscow (2ª), squadra bassa: Ufa (7ª) | GF alta: 1.44/gara | GS bassa: 1.00/gara | Profilo ultime 10: 0.68 | Real over index: 0.47;6.63;12.04;;;9.09;6.85;4.72;;;;1.3.0
2026-09-05;Germany_Oberliga_Niedersachsen;Wilhelmshaven;Bersenbruck;52.07;MEDIA;5;2026-09-05;Germany_Oberliga_Niedersachsen;Germany_Oberliga_Niedersachsen;;Engine v1.3 | Squadra alta: Wilhelmshaven (3ª), squadra bassa: Bersenbruck (16ª) | GF alta: 1.25/gara | GS bassa: 1.67/gara | Profilo ultime 10: 0.33 | Real over index: 0.17;20.19;10.42;;;15.15;3.3;1.67;;;;1.3.0
2026-09-05;Serbia_PrvaLiga;Proleter 023;Metalac;51.73;MEDIA;7;2026-09-05;Serbia_PrvaLiga;Serbia_PrvaLiga;;Engine v1.3 | Squadra alta: Proleter 023 (13ª), squadra bassa: Metalac (16ª) | GF alta: 1.00/gara | GS bassa: 1.83/gara | Profilo ultime 10: 0.65 | Real over index: 0.58;1.54;8.33;;;16.67;6.52;5.83;;;;1.3.0
2026-09-05;Russia_PremierLeague;Zenit;CSKA Mosca;51.32;MEDIA;7;2026-09-05;Russia_PremierLeague;Russia_PremierLeague;;Engine v1.3 | Squadra alta: Zenit (3ª), squadra bassa: CSKA Mosca (4ª) | GF alta: 2.17/gara | GS bassa: 1.00/gara | Profilo ultime 10: 0.72 | Real over index: 0.58;0.51;18.06;;;9.09;7.23;5.83;;;;1.3.0
2026-09-05;CzechRepublic_1Liga;Slovacko;Pardubice;51.31;MEDIA;8;2026-09-05;CzechRepublic_1Liga;CzechRepublic_1Liga;;Engine v1.3 | Squadra alta: Slovacko (14ª), squadra bassa: Pardubice (15ª) | GF alta: 0.83/gara | GS bassa: 2.00/gara | Profilo ultime 10: 0.64 | Real over index: 0.58;2.1;6.94;;;18.18;6.39;5.83;;;;1.3.0
2026-09-05;Slovenia_PrvaLiga;Aluminij;Bravo;51.3;MEDIA;9;2026-09-05;Slovenia_PrvaLiga;Slovenia_PrvaLiga;;Engine v1.3 | Squadra alta: Bravo (4ª), squadra bassa: Aluminij (7ª) | GF alta: 1.14/gara | GS bassa: 1.33/gara | Profilo ultime 10: 0.54 | Real over index: 0.38;9.07;9.52;;;12.12;5.43;3.81;;;;1.3.0
2026-09-05;Serbia_SuperLiga;Radnik;Cukaricki;51.17;MEDIA;8;2026-09-05;Serbia_SuperLiga;Serbia_SuperLiga;;Engine v1.3 | Squadra alta: Cukaricki (6ª), squadra bassa: Radnik (8ª) | GF alta: 1.29/gara | GS bassa: 1.50/gara | Profilo ultime 10: 0.67 | Real over index: 0.54;1.93;10.71;;;13.64;6.7;5.36;;;;1.3.0
2026-09-05;Ukraine_PremierLeague;Karpaty Lviv;Shakhtar;51.17;MEDIA;5;2026-09-05;Ukraine_PremierLeague;Ukraine_PremierLeague;;Engine v1.3 | Squadra alta: Karpaty Lviv (1ª), squadra bassa: Shakhtar (2ª) | GF alta: 2.75/gara | GS bassa: 0.75/gara | Profilo ultime 10: 0.69 | Real over index: 0.50;2.79;20.0;;;6.82;6.88;5.0;;;;1.3.0
2026-09-05;CzechRepublic_3MSFL;SK Hranice;Nove Mesto na Morave;51.07;MEDIA;7;2026-09-05;CzechRepublic_3MSFL;CzechRepublic_3MSFL;;Engine v1.3 | Squadra alta: Nove Mesto na Morave (9ª), squadra bassa: SK Hranice (13ª) | GF alta: 1.00/gara | GS bassa: 1.17/gara | Profilo ultime 10: 0.60 | Real over index: 0.42;7.98;8.33;;;10.61;5.99;4.17;;;;1.3.0
2026-09-05;Kazakhstan_PremierLeague;Zhetysu;Ertis Pavlodar;50.96;MEDIA;35;2026-09-05;Kazakhstan_PremierLeague;Kazakhstan_PremierLeague;;Engine v1.3 | Squadra alta: Ertis Pavlodar (13ª), squadra bassa: Zhetysu (15ª) | GF alta: 1.00/gara | GS bassa: 1.78/gara | Profilo ultime 10: 0.60 | Real over index: 0.55;1.82;8.33;;;16.21;6.02;5.5;;;;1.3.0
2026-09-05;France_Ligue2;Metz;Rodez;50.64;MEDIA;5;2026-09-05;France_Ligue2;France_Ligue2;;Engine v1.3 | Squadra alta: Metz (6ª), squadra bassa: Rodez (10ª) | GF alta: 1.00/gara | GS bassa: 1.67/gara | Profilo ultime 10: 0.66 | Real over index: 0.50;4.99;8.33;;;15.15;6.57;5.0;;;;1.3.0
2026-09-05;Slovakia_2Liga;Galanta;Malzenice;50.45;MEDIA;7;2026-09-05;Slovakia_2Liga;Slovakia_2Liga;;Engine v1.3 | Squadra alta: Malzenice (10ª), squadra bassa: Galanta (11ª) | GF alta: 1.67/gara | GS bassa: 1.50/gara | Profilo ultime 10: 0.65 | Real over index: 0.50;0.51;13.89;;;13.64;6.52;5.0;;;;1.3.0
2026-09-05;Germany_Regionalliga_Sudwest;Freiburg 2;Steinbach Haiger;50.35;MEDIA;6;2026-09-05;Germany_Regionalliga_Sudwest;Germany_Regionalliga_Sudwest;;Engine v1.3 | Squadra alta: Freiburg 2 (5ª), squadra bassa: Steinbach Haiger (6ª) | GF alta: 2.00/gara | GS bassa: 1.00/gara | Profilo ultime 10: 0.68 | Real over index: 0.50;0.45;16.67;;;9.09;6.76;5.0;;;;1.3.0
2026-09-05;Sweden_Division1_Norra;Stockholm Internazionale;Hammarby TFF;49.94;MEDIA;22;2026-09-05;Sweden_Division1_Norra;Sweden_Division1_Norra;;Engine v1.3 | Squadra alta: Stockholm Internazionale (1ª), squadra bassa: Hammarby TFF (2ª) | GF alta: 2.16/gara | GS bassa: 0.79/gara | Profilo ultime 10: 0.69 | Real over index: 0.50;1.02;17.98;;;7.18;6.95;5.0;;;;1.3.0
2026-09-05;Latvia_Virsliga;Jelgava;Super Nova;49.78;MEDIA;30;2026-09-05;Latvia_Virsliga;Latvia_Virsliga;;Engine v1.3 | Squadra alta: Jelgava (6ª), squadra bassa: Super Nova (7ª) | GF alta: 1.08/gara | GS bassa: 1.59/gara | Profilo ultime 10: 0.69 | Real over index: 0.55;0.86;8.97;;;14.46;6.89;5.5;;;;1.3.0
2026-09-05;Ukraine_PremierLeague;Kryvbas;Kolos Kovalivka;49.66;MEDIA;5;2026-09-05;Ukraine_PremierLeague;Ukraine_PremierLeague;;Engine v1.3 | Squadra alta: Kryvbas (10ª), squadra bassa: Kolos Kovalivka (16ª) | GF alta: 1.25/gara | GS bassa: 1.33/gara | Profilo ultime 10: 0.52 | Real over index: 0.42;8.79;10.42;;;12.12;5.23;4.17;;;;1.3.0
2026-09-05;Scotland_Premiership;Dundee Utd;Falkirk;49.22;MEDIA;6;2026-09-05;Scotland_Premiership;Scotland_Premiership;;Engine v1.3 | Squadra alta: Dundee Utd (9ª), squadra bassa: Falkirk (11ª) | GF alta: 1.00/gara | GS bassa: 1.50/gara | Profilo ultime 10: 0.58 | Real over index: 0.55;6.05;8.33;;;13.64;5.78;5.5;;;;1.3.0
2026-09-05;SouthKorea_KLeague1;Bucheon;Daejeon;49.09;MEDIA;27;2026-09-05;SouthKorea_KLeague1;SouthKorea_KLeague1;;Engine v1.3 | Squadra alta: Daejeon (9ª), squadra bassa: Bucheon (10ª) | GF alta: 1.35/gara | GS bassa: 1.12/gara | Profilo ultime 10: 0.78 | Real over index: 0.60;1.07;11.22;;;10.14;7.76;6.0;;;;1.3.0
2026-09-05;Germany_2Bundesliga;Kaiserslautern;Darmstadt;48.72;MEDIA;4;2026-09-05;Germany_2Bundesliga;Germany_2Bundesliga;;Engine v1.3 | Squadra alta: Kaiserslautern (6ª), squadra bassa: Darmstadt (18ª) | GF alta: 0.67/gara | GS bassa: 1.33/gara | Profilo ultime 10: 0.39 | Real over index: 0.33;18.15;5.56;;;12.12;3.87;3.33;;;;1.3.0
2026-09-05;Romania_Liga2;Stefanesti;Gloria Bistrita;48.46;MEDIA;6;2026-09-05;Romania_Liga2;Romania_Liga2;;Engine v1.3 | Squadra alta: Gloria Bistrita (9ª), squadra bassa: Stefanesti (12ª) | GF alta: 1.25/gara | GS bassa: 1.75/gara | Profilo ultime 10: 0.62 | Real over index: 0.50;1.1;10.42;;;15.91;6.16;5.0;;;;1.3.0
2026-09-05;Portugal_LigaPortugal2;Penafiel;Academica;48.43;MEDIA;5;2026-09-05;Portugal_LigaPortugal2;Portugal_LigaPortugal2;;Engine v1.3 | Squadra alta: Academica (2ª), squadra bassa: Penafiel (4ª) | GF alta: 1.75/gara | GS bassa: 0.75/gara | Profilo ultime 10: 0.66 | Real over index: 0.38;5.67;14.58;;;6.82;6.56;3.75;;;;1.3.0
2026-09-05;Sweden_Superettan;Norrby;Landskrona;48.43;MEDIA;24;2026-09-05;Sweden_Superettan;Sweden_Superettan;;Engine v1.3 | Squadra alta: Landskrona (7ª), squadra bassa: Norrby (11ª) | GF alta: 1.29/gara | GS bassa: 1.33/gara | Profilo ultime 10: 0.48 | Real over index: 0.25;5.69;10.71;;;12.12;4.83;2.5;;;;1.3.0
2026-09-05;Russia_FNL;Yenisey;Neftekhimik;48.42;MEDIA;10;2026-09-05;Russia_FNL;Russia_FNL;;Engine v1.3 | Squadra alta: Yenisey (11ª), squadra bassa: Neftekhimik (12ª) | GF alta: 1.38/gara | GS bassa: 1.44/gara | Profilo ultime 10: 0.59 | Real over index: 0.49;2.84;11.46;;;13.13;5.89;4.86;;;;1.3.0
2026-09-05;Russia_FNL;Leningradets;SKA Khabarovsk;48.36;MEDIA;10;2026-09-05;Russia_FNL;Russia_FNL;;Engine v1.3 | Squadra alta: Leningradets (16ª), squadra bassa: SKA Khabarovsk (18ª) | GF alta: 0.50/gara | GS bassa: 2.12/gara | Profilo ultime 10: 0.49 | Real over index: 0.44;4.48;4.17;;;19.32;4.91;4.38;;;;1.3.0
2026-09-05;England_Championship;Lincoln;Southampton;48.34;MEDIA;5;2026-09-05;England_Championship;England_Championship;;Engine v1.3 | Squadra alta: Southampton (10ª), squadra bassa: Lincoln (13ª) | GF alta: 2.33/gara | GS bassa: 0.67/gara | Profilo ultime 10: 0.59 | Real over index: 0.50;1.0;19.44;;;6.06;5.94;5.0;;;;1.3.0
2026-09-05;Romania_Liga2;Selimbar;Metalul Buzau;48.07;MEDIA;6;2026-09-05;Romania_Liga2;Romania_Liga2;;Engine v1.3 | Squadra alta: Metalul Buzau (11ª), squadra bassa: Selimbar (15ª) | GF alta: 1.25/gara | GS bassa: 1.25/gara | Profilo ultime 10: 0.59 | Real over index: 0.38;3.85;10.42;;;11.36;5.85;3.75;;;;1.3.0
2026-09-05;Kazakhstan_PremierLeague;Aktobe;Zhenis;47.82;MEDIA;35;2026-09-05;Kazakhstan_PremierLeague;Kazakhstan_PremierLeague;;Engine v1.3 | Squadra alta: Aktobe (5ª), squadra bassa: Zhenis (6ª) | GF alta: 1.52/gara | GS bassa: 1.00/gara | Profilo ultime 10: 0.69 | Real over index: 0.50;1.76;12.68;;;9.09;6.88;5.0;;;;1.3.0
2026-09-05;SouthKorea_KLeague1;Jeonbuk;Pohang;47.57;MEDIA;27;2026-09-05;SouthKorea_KLeague1;SouthKorea_KLeague1;;Engine v1.3 | Squadra alta: Jeonbuk (5ª), squadra bassa: Pohang (6ª) | GF alta: 1.46/gara | GS bassa: 1.12/gara | Profilo ultime 10: 0.70 | Real over index: 0.50;1.07;12.18;;;10.14;6.97;5.0;;;;1.3.0
2026-09-05;Italy_SerieA;Roma;Atalanta;47.5;MEDIA;3;2026-09-05;Italy_SerieA;Italy_SerieA;;Engine v1.3 | Squadra alta: Roma (1ª), squadra bassa: Atalanta (4ª) | GF alta: 4.00/gara | GS bassa: 0.50/gara | Profilo ultime 10: 0.72 | Real over index: 0.75;1.22;20.0;;;4.55;7.23;7.5;;;;1.3.0
2026-09-05;Sweden_Allsvenskan;Degerfors;Halmstad;47.13;MEDIA;25;2026-09-05;Sweden_Allsvenskan;Sweden_Allsvenskan;;Engine v1.3 | Squadra alta: Degerfors (14ª), squadra bassa: Halmstad (16ª) | GF alta: 0.89/gara | GS bassa: 1.84/gara | Profilo ultime 10: 0.49 | Real over index: 0.35;3.54;7.46;;;16.75;4.9;3.5;;;;1.3.0
2026-09-05;Poland_Division1;Legnica;Chrobry Glogow;46.95;MEDIA;7;2026-09-05;Poland_Division1;Poland_Division1;;Engine v1.3 | Squadra alta: Legnica (1ª), squadra bassa: Chrobry Glogow (4ª) | GF alta: 1.67/gara | GS bassa: 0.83/gara | Profilo ultime 10: 0.63 | Real over index: 0.33;6.13;13.89;;;7.58;6.33;3.33;;;;1.3.0
2026-09-05;Russia_PremierLeague;FK Rostov;F. Voronezh;46.45;MEDIA;7;2026-09-05;Russia_PremierLeague;Russia_PremierLeague;;Engine v1.3 | Squadra alta: FK Rostov (12ª), squadra bassa: F. Voronezh (16ª) | GF alta: 1.17/gara | GS bassa: 1.17/gara | Profilo ultime 10: 0.52 | Real over index: 0.42;6.82;9.72;;;10.61;5.22;4.17;;;;1.3.0
2026-09-05;Portugal_LigaPortugal2;Feirense;Sporting B;46.07;MEDIA;5;2026-09-05;Portugal_LigaPortugal2;Portugal_LigaPortugal2;;Engine v1.3 | Squadra alta: Sporting B (3ª), squadra bassa: Feirense (17ª) | GF alta: 1.00/gara | GS bassa: 1.00/gara | Profilo ultime 10: 0.27 | Real over index: 0.12;20.64;8.33;;;9.09;2.72;1.25;;;;1.3.0
2026-09-05;Denmark_1stDivision;AB Copenhagen;Aalborg;45.67;MEDIA;8;2026-09-05;Denmark_1stDivision;Denmark_1stDivision;;Engine v1.3 | Squadra alta: Aalborg (7ª), squadra bassa: AB Copenhagen (8ª) | GF alta: 0.83/gara | GS bassa: 1.17/gara | Profilo ultime 10: 0.60 | Real over index: 0.50;3.88;6.94;;;10.61;5.96;5.0;;;;1.3.0
2026-09-05;Belarus_VysshayaLiga;Zhodino;Gomel;45.21;MEDIA;23;2026-09-05;Belarus_VysshayaLiga;Belarus_VysshayaLiga;;Engine v1.3 | Squadra alta: Gomel (4ª), squadra bassa: Zhodino (9ª) | GF alta: 1.38/gara | GS bassa: 1.05/gara | Profilo ultime 10: 0.54 | Real over index: 0.25;5.36;11.51;;;9.57;5.42;2.5;;;;1.3.0
2026-09-05;Montenegro_PrvaCrnogorskaLiga;Otrant;Buducnost;44.18;BASSA;6;2026-09-05;Montenegro_PrvaCrnogorskaLiga;Montenegro_PrvaCrnogorskaLiga;;Engine v1.3 | Squadra alta: Otrant (4ª), squadra bassa: Buducnost (6ª) | GF alta: 1.40/gara | GS bassa: 0.80/gara | Profilo ultime 10: 0.54 | Real over index: 0.50;5.52;11.67;;;7.27;5.38;5.0;;;;1.3.0
2026-09-05;Hungary_NBII;BVSC-Zuglo;Nagykanizsa;44.05;BASSA;7;2026-09-05;Hungary_NBII;Hungary_NBII;;Engine v1.3 | Squadra alta: BVSC-Zuglo (11ª), squadra bassa: Nagykanizsa (14ª) | GF alta: 0.60/gara | GS bassa: 1.67/gara | Profilo ultime 10: 0.47 | Real over index: 0.35;4.4;5.0;;;15.15;4.67;3.5;;;;1.3.0
2026-09-05;Peru_Liga2;AD Cantolao;Llacuabamba;43.97;BASSA;6;2026-09-05;Peru_Liga2;Peru_Liga2;;Engine v1.3 | Squadra alta: Llacuabamba (7ª), squadra bassa: AD Cantolao (16ª) | GF alta: 1.00/gara | GS bassa: 1.33/gara | Profilo ultime 10: 0.38 | Real over index: 0.12;10.51;8.33;;;12.12;3.82;1.25;;;;1.3.0
2026-09-05;Germany_2Bundesliga;Dresda;Bochum;43.36;BASSA;4;2026-09-05;Germany_2Bundesliga;Germany_2Bundesliga;;Engine v1.3 | Squadra alta: Bochum (11ª), squadra bassa: Dresda (15ª) | GF alta: 0.33/gara | GS bassa: 2.67/gara | Profilo ultime 10: 0.48 | Real over index: 0.33;1.81;2.78;;;20.0;4.84;3.33;;;;1.3.0
2026-09-05;Poland_IIILiga_Group3;Goczalkowice Zdroj;Kluczbork;43.16;BASSA;7;2026-09-05;Poland_IIILiga_Group3;Poland_IIILiga_Group3;;Engine v1.3 | Squadra alta: Kluczbork (8ª), squadra bassa: Goczalkowice Zdroj (14ª) | GF alta: 0.83/gara | GS bassa: 1.17/gara | Profilo ultime 10: 0.42 | Real over index: 0.25;8.79;6.94;;;10.61;4.15;2.5;;;;1.3.0
2026-09-05;Kazakhstan_PremierLeague;Kyzylzhar;Atyrau;42.31;BASSA;35;2026-09-05;Kazakhstan_PremierLeague;Kazakhstan_PremierLeague;;Engine v1.3 | Squadra alta: Kyzylzhar (11ª), squadra bassa: Atyrau (12ª) | GF alta: 1.09/gara | GS bassa: 1.09/gara | Profilo ultime 10: 0.63 | Real over index: 0.50;0.55;9.06;;;9.92;6.27;5.0;;;;1.3.0
2026-09-05;Ukraine_PershaLiga;FC Chernihiv;Nyva Ternopil;41.91;BASSA;6;2026-09-05;Ukraine_PershaLiga;Ukraine_PershaLiga;;Engine v1.3 | Squadra alta: Nyva Ternopil (10ª), squadra bassa: FC Chernihiv (12ª) | GF alta: 1.00/gara | GS bassa: 1.20/gara | Profilo ultime 10: 0.46 | Real over index: 0.20;4.84;8.33;;;10.91;4.61;2.0;;;;1.3.0
2026-09-05;Serbia_SuperLiga;Mladost;Radnicki Nis;41.34;BASSA;8;2026-09-05;Serbia_SuperLiga;Serbia_SuperLiga;;Engine v1.3 | Squadra alta: Mladost (4ª), squadra bassa: Radnicki Nis (13ª) | GF alta: 1.00/gara | GS bassa: 1.00/gara | Profilo ultime 10: 0.38 | Real over index: 0.23;10.29;8.33;;;9.09;3.83;2.26;;;;1.3.0
2026-09-05;Ukraine_PremierLeague;FC Kharkiv;Obolon;41.11;BASSA;5;2026-09-05;Ukraine_PremierLeague;Ukraine_PremierLeague;;Engine v1.3 | Squadra alta: FC Kharkiv (5ª), squadra bassa: Obolon (14ª) | GF alta: 1.25/gara | GS bassa: 0.75/gara | Profilo ultime 10: 0.39 | Real over index: 0.38;10.8;10.42;;;6.82;3.95;3.75;;;;1.3.0
2026-09-05;Portugal_LigaPortugal2;Tondela;FC Porto B;38.93;BASSA;5;2026-09-05;Portugal_LigaPortugal2;Portugal_LigaPortugal2;;Engine v1.3 | Squadra alta: Tondela (14ª), squadra bassa: FC Porto B (15ª) | GF alta: 0.50/gara | GS bassa: 2.00/gara | Profilo ultime 10: 0.25 | Real over index: 0.38;0.45;4.17;;;18.18;2.46;3.75;;;;1.3.0
2026-09-05;Slovenia_PrvaLiga;O. Ljubljana;Grosuplje;37.83;BASSA;9;2026-09-05;Slovenia_PrvaLiga;Slovenia_PrvaLiga;;Engine v1.3 | Squadra alta: Grosuplje (5ª), squadra bassa: O. Ljubljana (6ª) | GF alta: 1.57/gara | GS bassa: 0.71/gara | Profilo ultime 10: 0.50 | Real over index: 0.29;0.86;13.1;;;6.49;5.03;2.86;;;;1.3.0
2026-09-05;Romania_Superliga;Botosani;Sepsi Sf. Gheorghe;36.35;BASSA;8;2026-09-05;Romania_Superliga;Romania_Superliga;;Engine v1.3 | Squadra alta: Sepsi Sf. Gheorghe (7ª), squadra bassa: Botosani (13ª) | GF alta: 0.57/gara | GS bassa: 1.14/gara | Profilo ultime 10: 0.37 | Real over index: 0.21;7.17;4.76;;;10.39;3.75;2.14;;;;1.3.0
2026-09-05;Finland_Kolmonen_Southern_Group2;Laajasalon Palloseura;Puotinkylän Valtti;36.23;BASSA;20;2026-09-05;Finland_Kolmonen_Southern_Group2;Finland_Kolmonen_Southern_Group2;;Engine v1.3 | Squadra alta: Laajasalon Palloseura (5ª), squadra bassa: Puotinkylän Valtti (5ª) | GF alta: 2.87/gara | GS bassa: 0.00/gara | Profilo ultime 10: 0.47 | Real over index: 0.45;0.0;20.0;;;0.0;4.73;4.5;;;;1.3.0
2026-09-05;Finland_Kolmonen_North;Haukiputaan Pallo;Kemin Palloseura;35.45;BASSA;19;2026-09-05;Finland_Kolmonen_North;Finland_Kolmonen_North;;Engine v1.3 | Squadra alta: Haukiputaan Pallo (5ª), squadra bassa: Kemin Palloseura (5ª) | GF alta: 3.15/gara | GS bassa: 0.00/gara | Profilo ultime 10: 0.45 | Real over index: 0.40;0.0;20.0;;;0.0;4.45;4.0;;;;1.3.0
2026-09-05;Finland_Kolmonen_Western_Group3;Lapuan Virkiä;Sundom IF;33.83;BASSA;14;2026-09-05;Finland_Kolmonen_Western_Group3;Finland_Kolmonen_Western_Group3;;Engine v1.3 | Squadra alta: Lapuan Virkiä (5ª), squadra bassa: Sundom IF (5ª) | GF alta: 0.00/gara | GS bassa: 2.00/gara | Profilo ultime 10: 0.46 | Real over index: 0.40;0.0;0.0;;;18.18;4.65;4.0;;;;1.3.0
2026-09-05;Finland_Kolmonen_Southern_Group1;Gilla FC;GrIFK/Akatemia U23;33.72;BASSA;18;2026-09-05;Finland_Kolmonen_Southern_Group1;Finland_Kolmonen_Southern_Group1;;Engine v1.3 | Squadra alta: Gilla FC (7ª), squadra bassa: GrIFK/Akatemia U23 (7ª) | GF alta: 0.00/gara | GS bassa: 1.94/gara | Profilo ultime 10: 0.46 | Real over index: 0.45;0.0;0.0;;;17.65;4.58;4.5;;;;1.3.0
2026-09-05;Finland_Kolmonen_Eastern_Group2;Niemisen Urheilijat;Ylämyllyn Yllätys;33.52;BASSA;20;2026-09-05;Finland_Kolmonen_Eastern_Group2;Finland_Kolmonen_Eastern_Group2;;Engine v1.3 | Squadra alta: Niemisen Urheilijat (4ª), squadra bassa: Ylämyllyn Yllätys (4ª) | GF alta: 0.00/gara | GS bassa: 2.39/gara | Profilo ultime 10: 0.40 | Real over index: 0.25;0.0;0.0;;;20.0;4.03;2.5;;;;1.3.0
2026-09-05;Finland_Kolmonen_Eastern_Group3;Kumu;Kouvolan Jalkapallo;27.41;BASSA;21;2026-09-05;Finland_Kolmonen_Eastern_Group3;Finland_Kolmonen_Eastern_Group3;;Engine v1.3 | Squadra alta: Kumu (11ª), squadra bassa: Kouvolan Jalkapallo (11ª) | GF alta: 1.41/gara | GS bassa: 0.00/gara | Profilo ultime 10: 0.46 | Real over index: 0.40;0.0;11.76;;;0.0;4.65;4.0;;;;1.3.0
2026-09-05;Finland_Kolmonen_Western_Group2;Sääksjärven Loiske;Tampereen Peli-Toverit;25.66;BASSA;20;2026-09-05;Finland_Kolmonen_Western_Group2;Finland_Kolmonen_Western_Group2;;Engine v1.3 | Squadra alta: Sääksjärven Loiske (9ª), squadra bassa: Tampereen Peli-Toverit (9ª) | GF alta: 1.29/gara | GS bassa: 0.00/gara | Profilo ultime 10: 0.44 | Real over index: 0.35;0.0;10.78;;;0.0;4.38;3.5;;;;1.3.0
2026-09-05;Montenegro_PrvaCrnogorskaLiga;Jezero;Arsenal Tivat;21.57;BASSA;6;2026-09-05;Montenegro_PrvaCrnogorskaLiga;Montenegro_PrvaCrnogorskaLiga;;Engine v1.3 | Squadra alta: Jezero (7ª), squadra bassa: Arsenal Tivat (9ª) | GF alta: 0.40/gara | GS bassa: 0.40/gara | Profilo ultime 10: 0.14 | Real over index: 0.30;3.62;3.33;;;3.64;1.43;3.0;;;;1.3.0
2026-09-05;Finland_Kolmonen_Western_Group1;IFK Mariehamn 2;Jyrkkälän Tykit;0.0;BASSA;20;2026-09-05;Finland_Kolmonen_Western_Group1;Finland_Kolmonen_Western_Group1;;Engine v1.3 | Squadra alta: IFK Mariehamn 2 (1ª), squadra bassa: Jyrkkälän Tykit (1ª) | GF alta: 0.00/gara | GS bassa: 0.00/gara | Profilo ultime 10: 0.00 | Real over index: 0.00;0.0;0.0;;;0.0;0.0;0.0;;;;1.3.0
