MatchDate;LeagueId;Home;Away;Score;Band;Round;PredictionDate;HomeSourceLeagueId;AwaySourceLeagueId;CompetitionGroup;Reason;RankingGapScore;HomeAttackScore;AwayAttackScore;HomeDefenseWeaknessScore;AwayDefenseWeaknessScore;HomeLast10OverScore;AwayLast10OverScore;HomeVenueOverScore;AwayVenueOverScore;BTTSProfileScore;AlgorithmVersion
2026-09-26;CzechRepublic_4Liga_GroupC;Letohrad;Kosmonosy;93.77;ALTA;9;2026-09-26;CzechRepublic_4Liga_GroupC;CzechRepublic_4Liga_GroupC;CzechRepublic_4Liga;Engine v1.3 | Squadra alta: Kosmonosy (12ª), squadra bassa: Letohrad (94ª) | GF alta: 3.29/gara | GS bassa: 3.86/gara | Profilo ultime 10: 0.88 | Real over index: 0.93;22.0;20.0;;;20.0;8.82;9.29;;;;1.3.0
2026-09-26;CzechRepublic_4Liga_GroupF;Opava B;Frydek-Mistek B;92.74;ALTA;8;2026-09-26;CzechRepublic_4Liga_GroupF;CzechRepublic_4Liga_GroupF;CzechRepublic_4Liga;Engine v1.3 | Squadra alta: Opava B (24ª), squadra bassa: Frydek-Mistek B (86ª) | GF alta: 2.29/gara | GS bassa: 2.43/gara | Profilo ultime 10: 0.91 | Real over index: 0.86;22.0;19.05;;;20.0;9.12;8.57;;;;1.3.0
2026-09-26;Norway_3rdDivision_Group4;Akra;Madla IL;91.15;ALTA;24;2026-09-26;Norway_3rdDivision_Group4;Norway_3rdDivision_Group4;;Engine v1.3 | Squadra alta: Madla IL (1ª), squadra bassa: Akra (14ª) | GF alta: 2.55/gara | GS bassa: 2.80/gara | Profilo ultime 10: 0.86 | Real over index: 0.80;20.57;20.0;;;20.0;8.58;8.0;;;;1.3.0
2026-09-26;Norway_3rdDivision_Group1;Asker;Nordstrand;90.71;ALTA;25;2026-09-26;Norway_3rdDivision_Group1;Norway_3rdDivision_Group1;;Engine v1.3 | Squadra alta: Asker (1ª), squadra bassa: Nordstrand (9ª) | GF alta: 3.68/gara | GS bassa: 2.29/gara | Profilo ultime 10: 0.92 | Real over index: 0.85;19.04;20.0;;;20.0;9.18;8.5;;;;1.3.0
2026-09-26;CzechRepublic_4Liga_GroupB;Sokolov;Ostrov;90.15;ALTA;9;2026-09-26;CzechRepublic_4Liga_GroupB;CzechRepublic_4Liga_GroupB;CzechRepublic_4Liga;Engine v1.3 | Squadra alta: Sokolov (15ª), squadra bassa: Ostrov (80ª) | GF alta: 2.43/gara | GS bassa: 3.00/gara | Profilo ultime 10: 0.87 | Real over index: 0.79;22.0;20.0;;;20.0;8.68;7.86;;;;1.3.0
2026-09-26;Sweden_Division2_SodraGotaland;IFK Karlshamn;Karlskrona;90.0;ALTA;28;2026-09-26;Sweden_Division2_SodraGotaland;Sweden_Division2_SodraGotaland;;Engine v1.3 | Squadra alta: Karlskrona (1ª), squadra bassa: IFK Karlshamn (14ª) | GF alta: 2.59/gara | GS bassa: 2.48/gara | Profilo ultime 10: 0.83 | Real over index: 0.85;22.0;20.0;;;20.0;8.25;8.5;;;;1.3.0
2026-09-26;Norway_3rdDivision_Group5;Skedsmo;Ulfstind;89.82;ALTA;24;2026-09-26;Norway_3rdDivision_Group5;Norway_3rdDivision_Group5;;Engine v1.3 | Squadra alta: Skedsmo (1ª), squadra bassa: Ulfstind (14ª) | GF alta: 2.15/gara | GS bassa: 3.50/gara | Profilo ultime 10: 0.87 | Real over index: 0.75;22.0;17.92;;;20.0;8.68;7.5;;;;1.3.0
2026-09-26;Poland_IIILiga_Group2;Sroda;Elana Torun;89.82;ALTA;10;2026-09-26;Poland_IIILiga_Group2;Poland_IIILiga_Group2;;Engine v1.3 | Squadra alta: Sroda (1ª), squadra bassa: Elana Torun (16ª) | GF alta: 3.00/gara | GS bassa: 2.11/gara | Profilo ultime 10: 0.85 | Real over index: 0.78;20.38;20.0;;;19.19;8.47;7.78;;;;1.3.0
2026-09-26;CzechRepublic_4Liga_GroupA;Nyrsko;Petrin Plzen;89.76;ALTA;8;2026-09-26;CzechRepublic_4Liga_GroupA;CzechRepublic_4Liga_GroupA;CzechRepublic_4Liga;Engine v1.3 | Squadra alta: Petrin Plzen (22ª), squadra bassa: Nyrsko (92ª) | GF alta: 2.71/gara | GS bassa: 3.17/gara | Profilo ultime 10: 0.79 | Real over index: 0.70;22.0;20.0;;;20.0;7.9;7.02;;;;1.3.0
2026-09-26;Germany_Oberliga_Bremen;Blumenthaler;Oberneuland;89.31;ALTA;9;2026-09-26;Germany_Oberliga_Bremen;Germany_Oberliga_Bremen;;Engine v1.3 | Squadra alta: Blumenthaler (2ª), squadra bassa: Oberneuland (16ª) | GF alta: 4.14/gara | GS bassa: 4.43/gara | Profilo ultime 10: 0.80 | Real over index: 0.79;21.49;20.0;;;20.0;7.98;7.86;;;;1.3.0
2026-09-26;Denmark_2ndDivision;Brabrand;Nykobing;88.9;ALTA;9;2026-09-26;Denmark_2ndDivision;Denmark_2ndDivision;;Engine v1.3 | Squadra alta: Nykobing (1ª), squadra bassa: Brabrand (10ª) | GF alta: 2.88/gara | GS bassa: 2.12/gara | Profilo ultime 10: 0.82 | Real over index: 0.81;20.6;20.0;;;19.32;8.24;8.12;;;;1.3.0
2026-09-26;CzechRepublic_4Liga_GroupB;Usti n. L. B;Ujezd Prague;88.58;ALTA;9;2026-09-26;CzechRepublic_4Liga_GroupB;CzechRepublic_4Liga_GroupB;CzechRepublic_4Liga;Engine v1.3 | Squadra alta: Ujezd Prague (28ª), squadra bassa: Usti n. L. B (84ª) | GF alta: 2.00/gara | GS bassa: 3.29/gara | Profilo ultime 10: 0.85 | Real over index: 0.86;22.0;16.67;;;20.0;8.51;8.57;;;;1.3.0
2026-09-26;Norway_3rdDivision_Group1;Lokomotiv Oslo;Gamle Oslo;88.17;ALTA;25;2026-09-26;Norway_3rdDivision_Group1;Norway_3rdDivision_Group1;;Engine v1.3 | Squadra alta: Gamle Oslo (2ª), squadra bassa: Lokomotiv Oslo (11ª) | GF alta: 3.33/gara | GS bassa: 3.00/gara | Profilo ultime 10: 0.94 | Real over index: 0.90;15.77;20.0;;;20.0;9.4;9.0;;;;1.3.0
2026-09-26;CzechRepublic_4Liga_GroupB;Velvary;Brandys n. Labem;87.82;ALTA;9;2026-09-26;CzechRepublic_4Liga_GroupB;CzechRepublic_4Liga_GroupB;CzechRepublic_4Liga;Engine v1.3 | Squadra alta: Velvary (29ª), squadra bassa: Brandys n. Labem (56ª) | GF alta: 1.86/gara | GS bassa: 2.71/gara | Profilo ultime 10: 0.97 | Real over index: 0.93;19.31;15.48;;;20.0;9.75;9.29;;;;1.3.0
2026-09-26;CzechRepublic_4Liga_GroupE;Sternberk;Bzenec-Vracov;87.53;ALTA;8;2026-09-26;CzechRepublic_4Liga_GroupE;CzechRepublic_4Liga_GroupE;CzechRepublic_4Liga;Engine v1.3 | Squadra alta: Sternberk (61ª), squadra bassa: Bzenec-Vracov (87ª) | GF alta: 2.00/gara | GS bassa: 3.86/gara | Profilo ultime 10: 0.95 | Real over index: 0.86;18.79;16.67;;;20.0;9.5;8.57;;;;1.3.0
2026-09-26;Norway_2ndDivision_Group2;Kjelsaas;Follo;86.71;ALTA;26;2026-09-26;Norway_2ndDivision_Group2;Norway_2ndDivision_Group2;;Engine v1.3 | Squadra alta: Kjelsaas (2ª), squadra bassa: Follo (12ª) | GF alta: 2.29/gara | GS bassa: 2.15/gara | Profilo ultime 10: 0.77 | Real over index: 0.65;20.22;19.05;;;19.55;7.68;6.5;;;;1.3.0
2026-09-26;Estonia_EsiliigaB;Legion;Narva U21;86.47;ALTA;31;2026-09-26;Estonia_EsiliigaB;Estonia_EsiliigaB;;Engine v1.3 | Squadra alta: Narva U21 (1ª), squadra bassa: Legion (10ª) | GF alta: 2.38/gara | GS bassa: 3.52/gara | Profilo ultime 10: 0.70 | Real over index: 0.55;22.0;19.83;;;20.0;7.02;5.5;;;;1.3.0
2026-09-26;CzechRepublic_4Liga_GroupA;Krimice;Domazlice B;86.32;ALTA;8;2026-09-26;CzechRepublic_4Liga_GroupA;CzechRepublic_4Liga_GroupA;CzechRepublic_4Liga;Engine v1.3 | Squadra alta: Krimice (16ª), squadra bassa: Domazlice B (85ª) | GF alta: 2.14/gara | GS bassa: 2.00/gara | Profilo ultime 10: 0.79 | Real over index: 0.76;22.0;17.86;;;18.18;7.95;7.57;;;;1.3.0
2026-09-26;Germany_Oberliga_Hessen;Giessen;Eddersheim;86.14;ALTA;12;2026-09-26;Germany_Oberliga_Hessen;Germany_Oberliga_Hessen;;Engine v1.3 | Squadra alta: Eddersheim (3ª), squadra bassa: Giessen (18ª) | GF alta: 2.30/gara | GS bassa: 2.30/gara | Profilo ultime 10: 0.80 | Real over index: 0.70;19.19;19.17;;;20.0;7.96;7.0;;;;1.3.0
2026-09-26;Norway_3rdDivision_Group1;Heming;Ullern;86.0;ALTA;25;2026-09-26;Norway_3rdDivision_Group1;Norway_3rdDivision_Group1;;Engine v1.3 | Squadra alta: Heming (3ª), squadra bassa: Ullern (10ª) | GF alta: 2.62/gara | GS bassa: 2.67/gara | Profilo ultime 10: 0.97 | Real over index: 0.95;12.77;20.0;;;20.0;9.72;9.5;;;;1.3.0
2026-09-26;Poland_IIILiga_Group1;Lidzbark Warminski;Weszlo;85.99;ALTA;10;2026-09-26;Poland_IIILiga_Group1;Poland_IIILiga_Group1;;Engine v1.3 | Squadra alta: Weszlo (1ª), squadra bassa: Lidzbark Warminski (17ª) | GF alta: 2.44/gara | GS bassa: 2.22/gara | Profilo ultime 10: 0.79 | Real over index: 0.67;20.78;20.0;;;20.0;7.95;6.67;;;;1.3.0
2026-09-26;Wales_CymruNorth;Brickfield;Denbigh;85.53;ALTA;9;2026-09-26;Wales_CymruNorth;Wales_CymruNorth;Wales_CymruTier2;Engine v1.3 | Squadra alta: Brickfield (4ª), squadra bassa: Denbigh (24ª) | GF alta: 2.33/gara | GS bassa: 2.14/gara | Profilo ultime 10: 0.81 | Real over index: 0.68;22.0;19.44;;;19.48;8.12;6.79;;;;1.3.0
2026-09-26;Germany_Oberliga_RheinlandPfalzSaar;Eisbachtal;TSV 1881 Gau-Odernheim;85.11;ALTA;13;2026-09-26;Germany_Oberliga_RheinlandPfalzSaar;Germany_Oberliga_RheinlandPfalzSaar;;Engine v1.3 | Squadra alta: TSV 1881 Gau-Odernheim (5ª), squadra bassa: Eisbachtal (18ª) | GF alta: 2.50/gara | GS bassa: 3.22/gara | Profilo ultime 10: 0.74 | Real over index: 0.88;20.19;20.0;;;20.0;7.43;8.82;;;;1.3.0
2026-09-26;Norway_3rdDivision_Group1;Ready;Grei;84.84;ALTA;25;2026-09-26;Norway_3rdDivision_Group1;Norway_3rdDivision_Group1;;Engine v1.3 | Squadra alta: Ready (6ª), squadra bassa: Grei (14ª) | GF alta: 2.52/gara | GS bassa: 3.38/gara | Profilo ultime 10: 0.90 | Real over index: 0.80;13.82;20.0;;;20.0;9.02;8.0;;;;1.3.0
2026-09-26;CzechRepublic_4Liga_GroupA;Spartak Pribram;Horovice;84.76;ALTA;8;2026-09-26;CzechRepublic_4Liga_GroupA;CzechRepublic_4Liga_GroupA;CzechRepublic_4Liga;Engine v1.3 | Squadra alta: Spartak Pribram (13ª), squadra bassa: Horovice (30ª) | GF alta: 3.17/gara | GS bassa: 2.14/gara | Profilo ultime 10: 0.87 | Real over index: 0.77;16.44;20.0;;;19.48;8.71;7.74;;;;1.3.0
2026-09-26;Austria_Salzburg;Burmoos;Schwarzach;84.7;ALTA;11;2026-09-26;Austria_Salzburg;Austria_Salzburg;;Engine v1.3 | Squadra alta: Burmoos (2ª), squadra bassa: Schwarzach (16ª) | GF alta: 2.62/gara | GS bassa: 2.88/gara | Profilo ultime 10: 0.73 | Real over index: 0.75;21.49;20.0;;;20.0;7.3;7.5;;;;1.3.0
2026-09-26;Germany_Oberliga_RheinlandPfalzSaar;Diefflen;Koblenz;84.64;ALTA;13;2026-09-26;Germany_Oberliga_RheinlandPfalzSaar;Germany_Oberliga_RheinlandPfalzSaar;;Engine v1.3 | Squadra alta: Koblenz (4ª), squadra bassa: Diefflen (17ª) | GF alta: 1.89/gara | GS bassa: 3.56/gara | Profilo ultime 10: 0.80 | Real over index: 0.72;20.19;15.74;;;20.0;8.01;7.22;;;;1.3.0
2026-09-26;CzechRepublic_3CFL_GroupA;Povltavska FA;Motorlet Prague;84.56;ALTA;10;2026-09-26;CzechRepublic_3CFL_GroupA;CzechRepublic_3CFL_GroupA;CzechRepublic_3rdTier;Engine v1.3 | Squadra alta: Motorlet Prague (8ª), squadra bassa: Povltavska FA (30ª) | GF alta: 2.00/gara | GS bassa: 2.43/gara | Profilo ultime 10: 0.75 | Real over index: 0.64;22.0;16.67;;;20.0;7.48;6.43;;;;1.3.0
2026-09-26;Norway_3rdDivision_Group2;Ranheim 2;Volda TI;84.39;ALTA;24;2026-09-26;Norway_3rdDivision_Group2;Norway_3rdDivision_Group2;;Engine v1.3 | Squadra alta: Volda TI (1ª), squadra bassa: Ranheim 2 (10ª) | GF alta: 2.60/gara | GS bassa: 3.30/gara | Profilo ultime 10: 0.86 | Real over index: 0.80;14.86;20.0;;;20.0;8.6;8.0;;;;1.3.0
2026-09-26;Germany_Regionalliga_Nordost;RSV Eintracht;Chemnitzer;83.9;ALTA;12;2026-09-26;Germany_Regionalliga_Nordost;Germany_Regionalliga_Nordost;;Engine v1.3 | Squadra alta: Chemnitzer (1ª), squadra bassa: RSV Eintracht (16ª) | GF alta: 2.20/gara | GS bassa: 2.50/gara | Profilo ultime 10: 0.78 | Real over index: 0.70;21.09;18.33;;;20.0;7.78;7.0;;;;1.3.0
2026-09-26;CzechRepublic_4Liga_GroupF;Frydlant n. O.;Valasske Mezirici;83.87;ALTA;8;2026-09-26;CzechRepublic_4Liga_GroupF;CzechRepublic_4Liga_GroupF;CzechRepublic_4Liga;Engine v1.3 | Squadra alta: Valasske Mezirici (71ª), squadra bassa: Frydlant n. O. (95ª) | GF alta: 1.71/gara | GS bassa: 4.00/gara | Profilo ultime 10: 0.84 | Real over index: 0.79;20.49;14.29;;;20.0;8.41;7.86;;;;1.3.0
2026-09-26;Germany_Oberliga_Hamburg;Altona;Harksheide;83.61;ALTA;9;2026-09-26;Germany_Oberliga_Hamburg;Germany_Oberliga_Hamburg;;Engine v1.3 | Squadra alta: Altona (5ª), squadra bassa: Harksheide (16ª) | GF alta: 2.71/gara | GS bassa: 2.00/gara | Profilo ultime 10: 0.86 | Real over index: 0.73;15.54;20.0;;;18.18;8.57;7.32;;;;1.3.0
2026-09-26;Germany_Oberliga_Bayern_Sud;TSV 1880 Wasserburg;Schwabmunchen;83.33;ALTA;13;2026-09-26;Germany_Oberliga_Bayern_Sud;Germany_Oberliga_Bayern_Sud;;Engine v1.3 | Squadra alta: TSV 1880 Wasserburg (4ª), squadra bassa: Schwabmunchen (15ª) | GF alta: 2.27/gara | GS bassa: 2.18/gara | Profilo ultime 10: 0.93 | Real over index: 0.85;12.78;18.94;;;19.83;9.28;8.5;;;;1.3.0
2026-09-26;Wales_CymruSouth;Pontardawe;Treowen;83.01;ALTA;8;2026-09-26;Wales_CymruSouth;Wales_CymruSouth;Wales_CymruTier2;Engine v1.3 | Squadra alta: Treowen (6ª), squadra bassa: Pontardawe (32ª) | GF alta: 2.33/gara | GS bassa: 2.60/gara | Profilo ultime 10: 0.66 | Real over index: 0.63;22.0;19.44;;;20.0;6.61;6.33;;;;1.3.0
2026-09-26;Austria_Regionalliga_West;Kitzbuhel;Altach U21;82.92;ALTA;10;2026-09-26;Austria_Regionalliga_West;Austria_Regionalliga_West;;Engine v1.3 | Squadra alta: Kitzbuhel (5ª), squadra bassa: Altach U21 (13ª) | GF alta: 2.12/gara | GS bassa: 2.38/gara | Profilo ultime 10: 0.89 | Real over index: 0.75;14.83;17.71;;;20.0;8.88;7.5;;;;1.3.0
2026-09-26;Slovakia_3Liga_West;Nitra;Sala;82.7;ALTA;8;2026-09-26;Slovakia_3Liga_West;Slovakia_3Liga_West;;Engine v1.3 | Squadra alta: Nitra (1ª), squadra bassa: Sala (15ª) | GF alta: 3.14/gara | GS bassa: 1.86/gara | Profilo ultime 10: 0.74 | Real over index: 0.64;21.49;20.0;;;16.88;7.39;6.43;;;;1.3.0
2026-09-26;Germany_Oberliga_RheinlandPfalzSaar;Mechtersheim;Hertha Wiesbach;82.54;ALTA;13;2026-09-26;Germany_Oberliga_RheinlandPfalzSaar;Germany_Oberliga_RheinlandPfalzSaar;;Engine v1.3 | Squadra alta: Mechtersheim (3ª), squadra bassa: Hertha Wiesbach (14ª) | GF alta: 2.44/gara | GS bassa: 2.33/gara | Profilo ultime 10: 0.89 | Real over index: 0.72;12.4;20.0;;;20.0;8.92;7.22;;;;1.3.0
2026-09-26;Norway_2ndDivision_Group1;Vidar;Mjoendalen;82.46;ALTA;22;2026-09-26;Norway_2ndDivision_Group1;Norway_2ndDivision_Group1;;Engine v1.3 | Squadra alta: Mjoendalen (3ª), squadra bassa: Vidar (13ª) | GF alta: 1.90/gara | GS bassa: 2.65/gara | Profilo ultime 10: 0.79 | Real over index: 0.70;19.77;15.87;;;20.0;7.9;7.0;;;;1.3.0
2026-09-26;Austria_Vorarlberg;Ludesch;Brauerei Egg;82.24;ALTA;7;2026-09-26;Austria_Vorarlberg;Austria_Vorarlberg;fourth tier;Engine v1.3 | Squadra alta: Brauerei Egg (2ª), squadra bassa: Ludesch (7ª) | GF alta: 2.40/gara | GS bassa: 2.00/gara | Profilo ultime 10: 0.81 | Real over index: 0.63;17.26;20.0;;;18.18;8.08;6.33;;;;1.3.0
2026-09-26;Peru_Liga2;Ayacucho;Minas;82.19;ALTA;8;2026-09-26;Peru_Liga2;Peru_Liga2;;Engine v1.3 | Squadra alta: Minas (2ª), squadra bassa: Ayacucho (16ª) | GF alta: 2.00/gara | GS bassa: 2.40/gara | Profilo ultime 10: 0.73 | Real over index: 0.60;21.05;16.67;;;20.0;7.26;6.0;;;;1.3.0
2026-09-26;Sweden_Division1_Norra;Jarfalla;AFC Eskilstuna;81.57;ALTA;26;2026-09-26;Sweden_Division1_Norra;Sweden_Division1_Norra;;Engine v1.3 | Squadra alta: AFC Eskilstuna (2ª), squadra bassa: Jarfalla (15ª) | GF alta: 1.88/gara | GS bassa: 2.17/gara | Profilo ultime 10: 0.77 | Real over index: 0.70;17.48;15.62;;;19.76;7.74;7.0;;;;1.3.0
2026-09-26;Norway_3rdDivision_Group2;Byåsen;Orkla;81.37;ALTA;24;2026-09-26;Norway_3rdDivision_Group2;Norway_3rdDivision_Group2;;Engine v1.3 | Squadra alta: Byåsen (4ª), squadra bassa: Orkla (14ª) | GF alta: 2.20/gara | GS bassa: 2.75/gara | Profilo ultime 10: 0.94 | Real over index: 0.85;11.17;18.33;;;20.0;9.38;8.5;;;;1.3.0
2026-09-26;Norway_3rdDivision_Group4;Mandalskameratene;Odd 2;81.35;ALTA;24;2026-09-26;Norway_3rdDivision_Group4;Norway_3rdDivision_Group4;;Engine v1.3 | Squadra alta: Mandalskameratene (2ª), squadra bassa: Odd 2 (11ª) | GF alta: 2.30/gara | GS bassa: 2.25/gara | Profilo ultime 10: 0.87 | Real over index: 0.75;12.0;19.17;;;20.0;8.67;7.5;;;;1.3.0
2026-09-26;Austria_Karnten;Seeboden;SC Landskron;81.34;ALTA;11;2026-09-26;Austria_Karnten;Austria_Karnten;;Engine v1.3 | Squadra alta: SC Landskron (4ª), squadra bassa: Seeboden (10ª) | GF alta: 2.50/gara | GS bassa: 2.88/gara | Profilo ultime 10: 0.91 | Real over index: 0.75;10.77;20.0;;;20.0;9.06;7.5;;;;1.3.0
2026-09-26;CzechRepublic_4Liga_GroupF;Stonava;Hlucin;81.32;ALTA;8;2026-09-26;CzechRepublic_4Liga_GroupF;CzechRepublic_4Liga_GroupF;CzechRepublic_4Liga;Engine v1.3 | Squadra alta: Hlucin (8ª), squadra bassa: Stonava (40ª) | GF alta: 2.57/gara | GS bassa: 1.29/gara | Profilo ultime 10: 0.81 | Real over index: 0.71;22.0;20.0;;;11.69;8.1;7.14;;;;1.3.0
2026-09-26;Netherlands_EersteDivisie;FC Volendam;Venlo;81.3;ALTA;10;2026-09-26;Netherlands_EersteDivisie;Netherlands_EersteDivisie;;Engine v1.3 | Squadra alta: Venlo (3ª), squadra bassa: FC Volendam (13ª) | GF alta: 2.71/gara | GS bassa: 2.00/gara | Profilo ultime 10: 0.90 | Real over index: 0.79;12.22;20.0;;;18.18;9.04;7.86;;;;1.3.0
2026-09-26;CzechRepublic_4Liga_GroupC;Vykan;Usti nad Orlici;80.74;ALTA;9;2026-09-26;CzechRepublic_4Liga_GroupC;CzechRepublic_4Liga_GroupC;CzechRepublic_4Liga;Engine v1.3 | Squadra alta: Usti nad Orlici (18ª), squadra bassa: Vykan (41ª) | GF alta: 2.29/gara | GS bassa: 1.71/gara | Profilo ultime 10: 0.86 | Real over index: 0.79;17.25;19.05;;;15.58;8.61;7.86;;;;1.3.0
2026-09-26;Norway_3rdDivision_Group6;Bjorkelangen;Drobak-Frogn;80.55;ALTA;22;2026-09-26;Norway_3rdDivision_Group6;Norway_3rdDivision_Group6;;Engine v1.3 | Squadra alta: Drobak-Frogn (7ª), squadra bassa: Bjorkelangen (14ª) | GF alta: 2.00/gara | GS bassa: 3.80/gara | Profilo ultime 10: 0.82 | Real over index: 0.75;16.54;16.67;;;20.0;8.18;7.5;;;;1.3.0
2026-09-26;CzechRepublic_4Liga_GroupE;Holesov;FK Kozlovice;80.52;ALTA;8;2026-09-26;CzechRepublic_4Liga_GroupE;CzechRepublic_4Liga_GroupE;CzechRepublic_4Liga;Engine v1.3 | Squadra alta: FK Kozlovice (3ª), squadra bassa: Holesov (42ª) | GF alta: 3.00/gara | GS bassa: 1.29/gara | Profilo ultime 10: 0.81 | Real over index: 0.71;22.0;20.0;;;11.69;8.07;7.14;;;;1.3.0
2026-09-26;Norway_3rdDivision_Group3;Djerv 1919;Sogndal 2;80.01;ALTA;23;2026-09-26;Norway_3rdDivision_Group3;Norway_3rdDivision_Group3;;Engine v1.3 | Squadra alta: Djerv 1919 (3ª), squadra bassa: Sogndal 2 (9ª) | GF alta: 2.55/gara | GS bassa: 2.05/gara | Profilo ultime 10: 0.92 | Real over index: 0.80;10.23;20.0;;;18.64;9.15;8.0;;;;1.3.0
2026-09-26;Norway_3rdDivision_Group6;Sandefjord 2;Elverum;79.85;ALTA;22;2026-09-26;Norway_3rdDivision_Group6;Norway_3rdDivision_Group6;;Engine v1.3 | Squadra alta: Elverum (2ª), squadra bassa: Sandefjord 2 (8ª) | GF alta: 2.67/gara | GS bassa: 2.10/gara | Profilo ultime 10: 0.91 | Real over index: 0.80;9.71;20.0;;;19.09;9.05;8.0;;;;1.3.0
2026-09-26;England_LeagueOne;Plymouth;Burton;79.57;ALTA;8;2026-09-26;England_LeagueOne;England_LeagueOne;;Engine v1.3 | Squadra alta: Plymouth (3ª), squadra bassa: Burton (18ª) | GF alta: 2.17/gara | GS bassa: 1.83/gara | Profilo ultime 10: 0.88 | Real over index: 0.75;14.56;18.06;;;16.67;8.79;7.5;;;;1.3.0
2026-09-26;Germany_Oberliga_Bremen;Aumund-Vegesack;Hemelingen;79.54;ALTA;9;2026-09-26;Germany_Oberliga_Bremen;Germany_Oberliga_Bremen;;Engine v1.3 | Squadra alta: Hemelingen (1ª), squadra bassa: Aumund-Vegesack (5ª) | GF alta: 4.29/gara | GS bassa: 2.14/gara | Profilo ultime 10: 0.86 | Real over index: 0.86;14.31;20.0;;;19.48;8.64;8.57;;;;1.3.0
2026-09-26;CzechRepublic_4Liga_GroupC;Chrudim B;Police nad Metuji;79.54;ALTA;9;2026-09-26;CzechRepublic_4Liga_GroupC;CzechRepublic_4Liga_GroupC;CzechRepublic_4Liga;Engine v1.3 | Squadra alta: Police nad Metuji (72ª), squadra bassa: Chrudim B (90ª) | GF alta: 1.43/gara | GS bassa: 4.71/gara | Profilo ultime 10: 0.90 | Real over index: 0.86;16.05;11.9;;;20.0;9.02;8.57;;;;1.3.0
2026-09-26;Slovakia_2Liga;Povazska Bystrica;MFK Bytca;79.31;ALTA;10;2026-09-26;Slovakia_2Liga;Slovakia_2Liga;;Engine v1.3 | Squadra alta: Povazska Bystrica (5ª), squadra bassa: MFK Bytca (15ª) | GF alta: 1.78/gara | GS bassa: 2.67/gara | Profilo ultime 10: 0.83 | Real over index: 0.89;15.73;14.81;;;20.0;8.34;8.89;;;;1.3.0
2026-09-26;Germany_Oberliga_SchleswigHolstein;Kilia Kiel;Phonix Lubeck B;78.66;ALTA;10;2026-09-26;Germany_Oberliga_SchleswigHolstein;Germany_Oberliga_SchleswigHolstein;;Engine v1.3 | Squadra alta: Kilia Kiel (3ª), squadra bassa: Phonix Lubeck B (8ª) | GF alta: 2.22/gara | GS bassa: 2.56/gara | Profilo ultime 10: 0.94 | Real over index: 0.89;7.86;18.52;;;20.0;9.39;8.89;;;;1.3.0
2026-09-26;CzechRepublic_4Liga_GroupB;Psary;Tempo Prague;78.52;ALTA;9;2026-09-26;CzechRepublic_4Liga_GroupB;CzechRepublic_4Liga_GroupB;CzechRepublic_4Liga;Engine v1.3 | Squadra alta: Psary (33ª), squadra bassa: Tempo Prague (50ª) | GF alta: 3.71/gara | GS bassa: 1.57/gara | Profilo ultime 10: 0.95 | Real over index: 0.93;11.45;20.0;;;14.29;9.5;9.29;;;;1.3.0
2026-09-26;Poland_IIILiga_Group2;Chemik Bydgoszcz;Blekitni Stargard;78.48;ALTA;10;2026-09-26;Poland_IIILiga_Group2;Poland_IIILiga_Group2;;Engine v1.3 | Squadra alta: Blekitni Stargard (7ª), squadra bassa: Chemik Bydgoszcz (15ª) | GF alta: 2.11/gara | GS bassa: 2.33/gara | Profilo ultime 10: 0.85 | Real over index: 0.67;11.72;17.59;;;20.0;8.5;6.67;;;;1.3.0
2026-09-26;Norway_3rdDivision_Group6;Oppsal;Brumunddal;78.36;ALTA;22;2026-09-26;Norway_3rdDivision_Group6;Norway_3rdDivision_Group6;;Engine v1.3 | Squadra alta: Oppsal (5ª), squadra bassa: Brumunddal (13ª) | GF alta: 1.76/gara | GS bassa: 4.10/gara | Profilo ultime 10: 0.86 | Real over index: 0.80;13.09;14.68;;;20.0;8.59;8.0;;;;1.3.0
2026-09-26;Netherlands_EersteDivisie;FC Emmen;Oss;78.36;ALTA;10;2026-09-26;Netherlands_EersteDivisie;Netherlands_EersteDivisie;;Engine v1.3 | Squadra alta: FC Emmen (9ª), squadra bassa: Oss (18ª) | GF alta: 2.43/gara | GS bassa: 1.71/gara | Profilo ultime 10: 0.87 | Real over index: 0.86;11.82;20.0;;;15.58;8.71;8.57;;;;1.3.0
2026-09-26;Norway_3rdDivision_Group3;Varegg;OS;78.35;ALTA;23;2026-09-26;Norway_3rdDivision_Group3;Norway_3rdDivision_Group3;;Engine v1.3 | Squadra alta: Varegg (13ª), squadra bassa: OS (15ª) | GF alta: 1.45/gara | GS bassa: 2.00/gara | Profilo ultime 10: 0.96 | Real over index: 0.90;15.48;12.08;;;18.18;9.6;9.0;;;;1.3.0
2026-09-26;CzechRepublic_3CFL_GroupB;Chrudim;Pardubice B;78.29;ALTA;9;2026-09-26;CzechRepublic_3CFL_GroupB;CzechRepublic_3CFL_GroupB;CzechRepublic_3rdTier;Engine v1.3 | Squadra alta: Pardubice B (13ª), squadra bassa: Chrudim (25ª) | GF alta: 2.14/gara | GS bassa: 2.29/gara | Profilo ultime 10: 0.79 | Real over index: 0.64;12.97;17.86;;;20.0;7.88;6.43;;;;1.3.0
2026-09-26;Sweden_Division2_Norrland;Skelleftea;Gottne;78.1;ALTA;27;2026-09-26;Sweden_Division2_Norrland;Sweden_Division2_Norrland;;Engine v1.3 | Squadra alta: Skelleftea (1ª), squadra bassa: Gottne (7ª) | GF alta: 2.09/gara | GS bassa: 2.22/gara | Profilo ultime 10: 0.85 | Real over index: 0.75;12.14;17.39;;;20.0;8.45;7.5;;;;1.3.0
2026-09-26;Belarus_PershayaLiga;Slutsk;Gomel 2;77.91;ALTA;28;2026-09-26;Belarus_PershayaLiga;Belarus_PershayaLiga;;Engine v1.3 | Squadra alta: Slutsk (2ª), squadra bassa: Gomel 2 (16ª) | GF alta: 1.92/gara | GS bassa: 1.92/gara | Profilo ultime 10: 0.75 | Real over index: 0.70;17.78;16.0;;;17.45;7.51;7.0;;;;1.3.0
2026-09-26;Germany_Oberliga_SchleswigHolstein;Rotenhof;Lubeck 2;77.75;ALTA;10;2026-09-26;Germany_Oberliga_SchleswigHolstein;Germany_Oberliga_SchleswigHolstein;;Engine v1.3 | Squadra alta: Rotenhof (7ª), squadra bassa: Lubeck 2 (15ª) | GF alta: 2.00/gara | GS bassa: 2.67/gara | Profilo ultime 10: 0.88 | Real over index: 0.78;10.46;16.67;;;20.0;8.85;7.78;;;;1.3.0
2026-09-26;Germany_Regionalliga_Nordost;Lokomotive Leipzig;Erfurt;77.66;ALTA;12;2026-09-26;Germany_Regionalliga_Nordost;Germany_Regionalliga_Nordost;;Engine v1.3 | Squadra alta: Erfurt (2ª), squadra bassa: Lokomotive Leipzig (9ª) | GF alta: 3.20/gara | GS bassa: 1.90/gara | Profilo ultime 10: 0.88 | Real over index: 0.85;11.75;20.0;;;17.27;8.83;8.5;;;;1.3.0
2026-09-26;Austria_Regionalliga_East;Wienerberger;Warth;77.63;ALTA;10;2026-09-26;Austria_Regionalliga_East;Austria_Regionalliga_East;;Engine v1.3 | Squadra alta: Warth (6ª), squadra bassa: Wienerberger (16ª) | GF alta: 1.50/gara | GS bassa: 3.88/gara | Profilo ultime 10: 0.76 | Real over index: 0.75;19.43;12.5;;;20.0;7.55;7.5;;;;1.3.0
2026-09-26;CzechRepublic_3CFL_GroupB;Horni Redice;Teplice B;77.48;ALTA;9;2026-09-26;CzechRepublic_3CFL_GroupB;CzechRepublic_3CFL_GroupB;CzechRepublic_3rdTier;Engine v1.3 | Squadra alta: Teplice B (9ª), squadra bassa: Horni Redice (26ª) | GF alta: 2.14/gara | GS bassa: 2.17/gara | Profilo ultime 10: 0.68 | Real over index: 0.54;16.9;17.86;;;19.7;6.78;5.36;;;;1.3.0
2026-09-26;Austria_Salzburg;UFC Siezenheim;Seekirchen U21;77.41;ALTA;11;2026-09-26;Austria_Salzburg;Austria_Salzburg;;Engine v1.3 | Squadra alta: Seekirchen U21 (4ª), squadra bassa: UFC Siezenheim (9ª) | GF alta: 2.38/gara | GS bassa: 2.00/gara | Profilo ultime 10: 0.88 | Real over index: 0.69;9.72;19.79;;;18.18;8.84;6.88;;;;1.3.0
2026-09-26;Mexico_LigaExpansionMX_Apertura;Cruz Azul Hidalgo;Leones Negros;77.3;ALTA;11;2026-09-26;Mexico_LigaExpansionMX_Apertura;Mexico_LigaExpansionMX_Apertura;;Engine v1.3 | Squadra alta: Leones Negros (3ª), squadra bassa: Cruz Azul Hidalgo (15ª) | GF alta: 2.11/gara | GS bassa: 1.78/gara | Profilo ultime 10: 0.73 | Real over index: 0.56;17.19;17.59;;;16.16;7.31;5.56;;;;1.3.0
2026-09-26;Norway_3rdDivision_Group2;Strindheim;Molde 2;77.24;ALTA;24;2026-09-26;Norway_3rdDivision_Group2;Norway_3rdDivision_Group2;;Engine v1.3 | Squadra alta: Strindheim (2ª), squadra bassa: Molde 2 (5ª) | GF alta: 2.38/gara | GS bassa: 2.85/gara | Profilo ultime 10: 0.84 | Real over index: 0.75;7.47;19.84;;;20.0;8.43;7.5;;;;1.3.0
2026-09-26;CzechRepublic_4Liga_GroupC;Hlinsko;Vysoke Myto;77.22;ALTA;9;2026-09-26;CzechRepublic_4Liga_GroupC;CzechRepublic_4Liga_GroupC;CzechRepublic_4Liga;Engine v1.3 | Squadra alta: Vysoke Myto (11ª), squadra bassa: Hlinsko (26ª) | GF alta: 3.43/gara | GS bassa: 1.57/gara | Profilo ultime 10: 0.86 | Real over index: 0.71;13.15;20.0;;;14.29;8.64;7.14;;;;1.3.0
2026-09-26;Germany_Oberliga_Niedersachsen;Lohne;Hemmingen;77.11;ALTA;9;2026-09-26;Germany_Oberliga_Niedersachsen;Germany_Oberliga_Niedersachsen;;Engine v1.3 | Squadra alta: Lohne (7ª), squadra bassa: Hemmingen (10ª) | GF alta: 2.14/gara | GS bassa: 2.86/gara | Profilo ultime 10: 0.92 | Real over index: 0.93;6.81;17.86;;;20.0;9.17;9.29;;;;1.3.0
2026-09-26;Germany_Oberliga_Hessen;Hunfelder;Baunatal;76.89;ALTA;12;2026-09-26;Germany_Oberliga_Hessen;Germany_Oberliga_Hessen;;Engine v1.3 | Squadra alta: Hunfelder (4ª), squadra bassa: Baunatal (15ª) | GF alta: 1.90/gara | GS bassa: 1.90/gara | Profilo ultime 10: 0.78 | Real over index: 0.65;15.47;15.83;;;17.27;7.81;6.5;;;;1.3.0
2026-09-26;Austria_Tirol;Kolsass Weer;Kematen;76.84;ALTA;10;2026-09-26;Austria_Tirol;Austria_Tirol;;Engine v1.3 | Squadra alta: Kematen (4ª), squadra bassa: Kolsass Weer (12ª) | GF alta: 2.50/gara | GS bassa: 2.75/gara | Profilo ultime 10: 0.78 | Real over index: 0.62;9.2;20.0;;;20.0;7.83;6.25;;;;1.3.0
2026-09-26;Sweden_Division2_NorraSvealand;Sunnersta AIF;Lidingo IFK;76.34;ALTA;24;2026-09-26;Sweden_Division2_NorraSvealand;Sweden_Division2_NorraSvealand;;Engine v1.3 | Squadra alta: Sunnersta AIF (2ª), squadra bassa: Lidingo IFK (10ª) | GF alta: 2.30/gara | GS bassa: 1.77/gara | Profilo ultime 10: 0.72 | Real over index: 0.60;15.97;19.2;;;16.12;7.25;6.0;;;;1.3.0
2026-09-26;Belarus_PershayaLiga;Niva Dolbizno;Volna Pinsk;76.32;ALTA;28;2026-09-26;Belarus_PershayaLiga;Belarus_PershayaLiga;;Engine v1.3 | Squadra alta: Niva Dolbizno (1ª), squadra bassa: Volna Pinsk (10ª) | GF alta: 2.52/gara | GS bassa: 1.76/gara | Profilo ultime 10: 0.86 | Real over index: 0.75;10.56;20.0;;;16.0;8.58;7.5;;;;1.3.0
2026-09-26;Norway_3rdDivision_Group2;Melhus;Spjelkavik;76.3;ALTA;24;2026-09-26;Norway_3rdDivision_Group2;Norway_3rdDivision_Group2;;Engine v1.3 | Squadra alta: Melhus (3ª), squadra bassa: Spjelkavik (8ª) | GF alta: 2.33/gara | GS bassa: 2.15/gara | Profilo ultime 10: 0.89 | Real over index: 0.75;6.93;19.44;;;19.55;8.88;7.5;;;;1.3.0
2026-09-26;Wales_CymruNorth;Holyhead;Guilsfield;76.24;ALTA;9;2026-09-26;Wales_CymruNorth;Wales_CymruNorth;Wales_CymruTier2;Engine v1.3 | Squadra alta: Guilsfield (17ª), squadra bassa: Holyhead (29ª) | GF alta: 1.71/gara | GS bassa: 2.17/gara | Profilo ultime 10: 0.74 | Real over index: 0.62;16.83;14.29;;;19.7;7.37;6.19;;;;1.3.0
2026-09-26;Germany_Oberliga_Bayern_Nord;Regensburg 2;Weiden;76.18;ALTA;16;2026-09-26;Germany_Oberliga_Bayern_Nord;Germany_Oberliga_Bayern_Nord;;Engine v1.3 | Squadra alta: Regensburg 2 (7ª), squadra bassa: Weiden (12ª) | GF alta: 2.09/gara | GS bassa: 2.27/gara | Profilo ultime 10: 0.89 | Real over index: 0.75;8.33;17.42;;;20.0;8.92;7.5;;;;1.3.0
2026-09-26;NorthernIreland_NIFLChampionship;Queens Univ.;Moyola;76.14;ALTA;9;2026-09-26;NorthernIreland_NIFLChampionship;NorthernIreland_NIFLChampionship;;Engine v1.3 | Squadra alta: Queens Univ. (3ª), squadra bassa: Moyola (13ª) | GF alta: 2.25/gara | GS bassa: 2.12/gara | Profilo ultime 10: 0.72 | Real over index: 0.56;14.67;18.75;;;19.32;7.18;5.62;;;;1.3.0
2026-09-26;England_LeagueOne;Wycombe;Reading;75.92;ALTA;8;2026-09-26;England_LeagueOne;England_LeagueOne;;Engine v1.3 | Squadra alta: Reading (8ª), squadra bassa: Wycombe (13ª) | GF alta: 2.80/gara | GS bassa: 2.17/gara | Profilo ultime 10: 0.88 | Real over index: 0.73;6.12;20.0;;;19.7;8.77;7.33;;;;1.3.0
2026-09-26;Germany_Oberliga_NOFV_Sud;Glauchau;Dresden 2;75.54;ALTA;6;2026-09-26;Germany_Oberliga_NOFV_Sud;Germany_Oberliga_NOFV_Sud;;Engine v1.3 | Squadra alta: Dresden 2 (4ª), squadra bassa: Glauchau (15ª) | GF alta: 1.80/gara | GS bassa: 2.40/gara | Profilo ultime 10: 0.65 | Real over index: 0.40;19.95;15.0;;;20.0;6.46;4.0;;;;1.3.0
2026-09-26;Slovakia_2Liga;Samorin;Zvolen;75.53;ALTA;10;2026-09-26;Slovakia_2Liga;Slovakia_2Liga;;Engine v1.3 | Squadra alta: Samorin (2ª), squadra bassa: Zvolen (16ª) | GF alta: 2.11/gara | GS bassa: 1.67/gara | Profilo ultime 10: 0.65 | Real over index: 0.56;21.49;17.59;;;15.15;6.47;5.56;;;;1.3.0
2026-09-26;Bosnia_PrvaLiga_RS;Laktasi;Prijedor;75.49;ALTA;9;2026-09-26;Bosnia_PrvaLiga_RS;Bosnia_PrvaLiga_RS;;Engine v1.3 | Squadra alta: Laktasi (1ª), squadra bassa: Prijedor (7ª) | GF alta: 2.71/gara | GS bassa: 1.57/gara | Profilo ultime 10: 0.72 | Real over index: 0.64;17.85;20.0;;;14.29;7.18;6.43;;;;1.3.0
2026-09-26;England_LeagueOne;Stockport;Peterborough;75.4;ALTA;8;2026-09-26;England_LeagueOne;England_LeagueOne;;Engine v1.3 | Squadra alta: Stockport (6ª), squadra bassa: Peterborough (24ª) | GF alta: 2.50/gara | GS bassa: 1.83/gara | Profilo ultime 10: 0.61 | Real over index: 0.50;18.74;20.0;;;16.67;6.05;5.0;;;;1.3.0
2026-09-26;CzechRepublic_3CFL_GroupA;Aritma Prague;Admira Prague;75.29;ALTA;10;2026-09-26;CzechRepublic_3CFL_GroupA;CzechRepublic_3CFL_GroupA;CzechRepublic_3rdTier;Engine v1.3 | Squadra alta: Admira Prague (16ª), squadra bassa: Aritma Prague (31ª) | GF alta: 1.43/gara | GS bassa: 4.29/gara | Profilo ultime 10: 0.71 | Real over index: 0.57;18.6;11.9;;;20.0;7.07;5.71;;;;1.3.0
2026-09-26;Switzerland_PromotionLeague;Lugano 2;Cham;75.18;ALTA;11;2026-09-26;Switzerland_PromotionLeague;Switzerland_PromotionLeague;;Engine v1.3 | Squadra alta: Cham (4ª), squadra bassa: Lugano 2 (14ª) | GF alta: 1.62/gara | GS bassa: 2.50/gara | Profilo ultime 10: 0.87 | Real over index: 0.75;12.39;13.54;;;20.0;8.69;7.5;;;;1.3.0
2026-09-26;Wales_CymruPremier;Trefelin;TNS;75.14;ALTA;11;2026-09-26;Wales_CymruPremier;Wales_CymruPremier;;Engine v1.3 | Squadra alta: TNS (1ª), squadra bassa: Trefelin (13ª) | GF alta: 2.60/gara | GS bassa: 2.40/gara | Profilo ultime 10: 0.59 | Real over index: 0.50;19.16;20.0;;;20.0;5.9;5.0;;;;1.3.0
2026-09-26;Germany_Oberliga_Hamburg;Teutonia Ottensen;Niendorfer TSV;75.03;ALTA;9;2026-09-26;Germany_Oberliga_Hamburg;Germany_Oberliga_Hamburg;;Engine v1.3 | Squadra alta: Niendorfer TSV (6ª), squadra bassa: Teutonia Ottensen (15ª) | GF alta: 1.88/gara | GS bassa: 2.00/gara | Profilo ultime 10: 0.92 | Real over index: 0.79;10.03;15.62;;;18.18;9.24;7.95;;;;1.3.0
2026-09-26;Switzerland_PromotionLeague;Young Boys 2;Basilea 2;75.03;ALTA;11;2026-09-26;Switzerland_PromotionLeague;Switzerland_PromotionLeague;;Engine v1.3 | Squadra alta: Young Boys 2 (9ª), squadra bassa: Basilea 2 (13ª) | GF alta: 2.12/gara | GS bassa: 2.12/gara | Profilo ultime 10: 1.00 | Real over index: 1.00;4.0;17.71;;;19.32;10.0;10.0;;;;1.3.0
2026-09-26;Austria_Regionalliga_West;Fugen;Wolfurt;74.92;MEDIA-ALTA;10;2026-09-26;Austria_Regionalliga_West;Austria_Regionalliga_West;;Engine v1.3 | Squadra alta: Fugen (9ª), squadra bassa: Wolfurt (15ª) | GF alta: 1.62/gara | GS bassa: 2.50/gara | Profilo ultime 10: 0.90 | Real over index: 0.81;10.23;13.54;;;20.0;9.03;8.12;;;;1.3.0
2026-09-26;Poland_IIILiga_Group2;Luzino;Notec Czarnkow;74.76;MEDIA-ALTA;10;2026-09-26;Poland_IIILiga_Group2;Poland_IIILiga_Group2;;Engine v1.3 | Squadra alta: Luzino (2ª), squadra bassa: Notec Czarnkow (9ª) | GF alta: 3.11/gara | GS bassa: 1.44/gara | Profilo ultime 10: 0.85 | Real over index: 0.78;12.37;20.0;;;13.13;8.5;7.78;;;;1.3.0
2026-09-26;Norway_2ndDivision_Group2;Stjordals Blink;Ull/Kisa;74.71;MEDIA-ALTA;26;2026-09-26;Norway_2ndDivision_Group2;Norway_2ndDivision_Group2;;Engine v1.3 | Squadra alta: Stjordals Blink (9ª), squadra bassa: Ull/Kisa (13ª) | GF alta: 1.70/gara | GS bassa: 3.35/gara | Profilo ultime 10: 0.81 | Real over index: 0.80;10.47;14.17;;;20.0;8.07;8.0;;;;1.3.0
2026-09-26;Denmark_3rdDivision;Ringsted;Næsby;74.68;MEDIA-ALTA;9;2026-09-26;Denmark_3rdDivision;Denmark_3rdDivision;;Engine v1.3 | Squadra alta: Næsby (7ª), squadra bassa: Ringsted (12ª) | GF alta: 1.75/gara | GS bassa: 2.88/gara | Profilo ultime 10: 0.80 | Real over index: 0.62;11.84;14.58;;;20.0;8.01;6.25;;;;1.3.0
2026-09-26;Germany_Regionalliga_Nord;St. Pauli 2;Emden;74.65;MEDIA-ALTA;12;2026-09-26;Germany_Regionalliga_Nord;Germany_Regionalliga_Nord;;Engine v1.3 | Squadra alta: Emden (7ª), squadra bassa: St. Pauli 2 (10ª) | GF alta: 2.90/gara | GS bassa: 1.90/gara | Profilo ultime 10: 0.93 | Real over index: 0.80;6.13;20.0;;;17.27;9.25;8.0;;;;1.3.0
2026-09-26;Austria_Oberosterreich;ASK St.Valentin;Friedburg;74.61;MEDIA-ALTA;11;2026-09-26;Austria_Oberosterreich;Austria_Oberosterreich;;Engine v1.3 | Squadra alta: Friedburg (1ª), squadra bassa: ASK St.Valentin (10ª) | GF alta: 2.11/gara | GS bassa: 1.75/gara | Profilo ultime 10: 0.73 | Real over index: 0.65;16.14;17.59;;;15.91;7.29;6.46;;;;1.3.0
2026-09-26;Austria_Wien;Dinamo Helfort;Red Star-Penzing;74.59;MEDIA-ALTA;7;2026-09-26;Austria_Wien;Austria_Wien;;Engine v1.3 | Squadra alta: Red Star-Penzing (2ª), squadra bassa: Dinamo Helfort (11ª) | GF alta: 3.00/gara | GS bassa: 1.50/gara | Profilo ultime 10: 0.68 | Real over index: 0.58;18.92;20.0;;;13.64;6.78;5.83;;;;1.3.0
2026-09-26;Wales_CymruNorth;Gresford;Rhyl;74.54;MEDIA-ALTA;9;2026-09-26;Wales_CymruNorth;Wales_CymruNorth;Wales_CymruTier2;Engine v1.3 | Squadra alta: Rhyl (16ª), squadra bassa: Gresford (30ª) | GF alta: 1.86/gara | GS bassa: 2.80/gara | Profilo ultime 10: 0.66 | Real over index: 0.56;17.54;15.48;;;20.0;6.62;5.57;;;;1.3.0
2026-09-26;Austria_Regionalliga_North;Leonfelden;LASK (Am);74.52;MEDIA-ALTA;11;2026-09-26;Austria_Regionalliga_North;Austria_Regionalliga_North;;Engine v1.3 | Squadra alta: LASK (Am) (4ª), squadra bassa: Leonfelden (10ª) | GF alta: 3.00/gara | GS bassa: 2.00/gara | Profilo ultime 10: 0.85 | Real over index: 0.69;7.2;20.0;;;18.18;8.53;6.88;;;;1.3.0
2026-09-26;Iceland_BestaDeildKvenna;IBV Vestmannaeyjar D;Breidablik D;74.52;MEDIA-ALTA;22;2026-09-26;Iceland_BestaDeildKvenna;Iceland_BestaDeildKvenna;;Engine v1.3 | Squadra alta: Breidablik D (1ª), squadra bassa: IBV Vestmannaeyjar D (3ª) | GF alta: 2.63/gara | GS bassa: 1.95/gara | Profilo ultime 10: 0.89 | Real over index: 0.80;6.73;20.0;;;17.7;8.85;8.0;;;;1.3.0
2026-09-26;Norway_3rdDivision_Group2;Herd;FK Kvik;74.52;MEDIA-ALTA;24;2026-09-26;Norway_3rdDivision_Group2;Norway_3rdDivision_Group2;;Engine v1.3 | Squadra alta: Herd (6ª), squadra bassa: FK Kvik (13ª) | GF alta: 2.25/gara | GS bassa: 2.60/gara | Profilo ultime 10: 0.78 | Real over index: 0.65;7.48;18.75;;;20.0;7.79;6.5;;;;1.3.0
2026-09-26;CzechRepublic_3CFL_GroupA;Loko Praha;Kraluv Dvur;74.42;MEDIA-ALTA;10;2026-09-26;CzechRepublic_3CFL_GroupA;CzechRepublic_3CFL_GroupA;CzechRepublic_3rdTier;Engine v1.3 | Squadra alta: Kraluv Dvur (3ª), squadra bassa: Loko Praha (6ª) | GF alta: 2.43/gara | GS bassa: 2.14/gara | Profilo ultime 10: 0.89 | Real over index: 0.79;4.26;20.0;;;19.48;8.89;7.86;;;;1.3.0
2026-09-26;Bulgaria_VtoraLiga;Rilski Sportist;Pirin Blagoevgrad;74.41;MEDIA-ALTA;11;2026-09-26;Bulgaria_VtoraLiga;Bulgaria_VtoraLiga;;Engine v1.3 | Squadra alta: Rilski Sportist (6ª), squadra bassa: Pirin Blagoevgrad (18ª) | GF alta: 1.62/gara | GS bassa: 3.00/gara | Profilo ultime 10: 0.67 | Real over index: 0.69;19.74;13.54;;;20.0;6.68;6.88;;;;1.3.0
2026-09-26;Germany_Regionalliga_West;Lotte;Monchengladbach 2;74.41;MEDIA-ALTA;11;2026-09-26;Germany_Regionalliga_West;Germany_Regionalliga_West;;Engine v1.3 | Squadra alta: Monchengladbach 2 (4ª), squadra bassa: Lotte (18ª) | GF alta: 2.00/gara | GS bassa: 1.67/gara | Profilo ultime 10: 0.65 | Real over index: 0.56;20.64;16.67;;;15.15;6.52;5.56;;;;1.3.0
2026-09-26;Sweden_Division1_Sodra;Laholms;Atvidaberg;74.4;MEDIA-ALTA;26;2026-09-26;Sweden_Division1_Sodra;Sweden_Division1_Sodra;;Engine v1.3 | Squadra alta: Atvidaberg (3ª), squadra bassa: Laholms (14ª) | GF alta: 2.00/gara | GS bassa: 1.78/gara | Profilo ultime 10: 0.76 | Real over index: 0.60;13.94;16.67;;;16.21;7.59;6.0;;;;1.3.0
2026-09-26;Austria_Regionalliga_South;Kalsdorf;Tillmitsch;74.34;MEDIA-ALTA;10;2026-09-26;Austria_Regionalliga_South;Austria_Regionalliga_South;;Engine v1.3 | Squadra alta: Kalsdorf (3ª), squadra bassa: Tillmitsch (10ª) | GF alta: 2.00/gara | GS bassa: 2.71/gara | Profilo ultime 10: 0.85 | Real over index: 0.71;9.65;16.67;;;20.0;8.5;7.14;;;;1.3.0
2026-09-26;CzechRepublic_3CFL_GroupB;Mlada Boleslav B;Varnsdorf;74.26;MEDIA-ALTA;9;2026-09-26;CzechRepublic_3CFL_GroupB;CzechRepublic_3CFL_GroupB;CzechRepublic_3rdTier;Engine v1.3 | Squadra alta: Mlada Boleslav B (7ª), squadra bassa: Varnsdorf (15ª) | GF alta: 3.86/gara | GS bassa: 1.83/gara | Profilo ultime 10: 0.93 | Real over index: 0.83;5.92;20.0;;;16.67;9.33;8.33;;;;1.3.0
2026-09-26;Norway_3rdDivision_Group4;Brodd;Vindbjart;74.16;MEDIA-ALTA;24;2026-09-26;Norway_3rdDivision_Group4;Norway_3rdDivision_Group4;;Engine v1.3 | Squadra alta: Vindbjart (3ª), squadra bassa: Brodd (7ª) | GF alta: 2.35/gara | GS bassa: 2.00/gara | Profilo ultime 10: 0.88 | Real over index: 0.80;6.18;19.58;;;18.18;8.75;8.0;;;;1.3.0
2026-09-26;Sweden_Division2_Norrland;IFK Umea;Umea FF;74.03;MEDIA-ALTA;27;2026-09-26;Sweden_Division2_Norrland;Sweden_Division2_Norrland;;Engine v1.3 | Squadra alta: Umea FF (13ª), squadra bassa: IFK Umea (14ª) | GF alta: 1.95/gara | GS bassa: 3.16/gara | Profilo ultime 10: 0.89 | Real over index: 0.85;8.17;16.23;;;20.0;8.91;8.5;;;;1.3.0
2026-09-26;Norway_3rdDivision_Group3;V. Haugesund;Fana;73.98;MEDIA-ALTA;23;2026-09-26;Norway_3rdDivision_Group3;Norway_3rdDivision_Group3;;Engine v1.3 | Squadra alta: Fana (4ª), squadra bassa: V. Haugesund (6ª) | GF alta: 2.70/gara | GS bassa: 1.90/gara | Profilo ultime 10: 0.98 | Real over index: 0.95;3.34;20.0;;;17.32;9.83;9.5;;;;1.3.0
2026-09-26;Switzerland_PromotionLeague;Zurigo 2;Grand-Saconnex;73.9;MEDIA-ALTA;11;2026-09-26;Switzerland_PromotionLeague;Switzerland_PromotionLeague;;Engine v1.3 | Squadra alta: Grand-Saconnex (5ª), squadra bassa: Zurigo 2 (10ª) | GF alta: 2.12/gara | GS bassa: 2.00/gara | Profilo ultime 10: 0.91 | Real over index: 0.81;6.79;17.71;;;18.18;9.09;8.12;;;;1.3.0
2026-09-26;CzechRepublic_4Liga_GroupB;Steti;Slany;73.8;MEDIA-ALTA;9;2026-09-26;CzechRepublic_4Liga_GroupB;CzechRepublic_4Liga_GroupB;CzechRepublic_4Liga;Engine v1.3 | Squadra alta: Slany (58ª), squadra bassa: Steti (63ª) | GF alta: 2.29/gara | GS bassa: 3.71/gara | Profilo ultime 10: 0.90 | Real over index: 0.79;3.93;19.05;;;20.0;8.96;7.86;;;;1.3.0
2026-09-26;Netherlands_EredivisieWomen;Ajax D;Den Haag D;73.76;MEDIA-ALTA;6;2026-09-26;Netherlands_EredivisieWomen;Netherlands_EredivisieWomen;;Engine v1.3 | Squadra alta: Ajax D (2ª), squadra bassa: Den Haag D (5ª) | GF alta: 1.80/gara | GS bassa: 3.00/gara | Profilo ultime 10: 0.83 | Real over index: 0.70;12.1;15.0;;;20.0;8.35;7.0;;;;1.3.0
2026-09-26;NorthernIreland_NIFLPremiership;Crusaders;Bangor FC;73.74;MEDIA-ALTA;11;2026-09-26;NorthernIreland_NIFLPremiership;NorthernIreland_NIFLPremiership;;Engine v1.3 | Squadra alta: Crusaders (5ª), squadra bassa: Bangor FC (11ª) | GF alta: 1.62/gara | GS bassa: 2.14/gara | Profilo ultime 10: 0.82 | Real over index: 0.79;11.69;13.54;;;19.48;8.25;7.95;;;;1.3.0
2026-09-26;Switzerland_PromotionLeague;Biel;Bavois;73.74;MEDIA-ALTA;11;2026-09-26;Switzerland_PromotionLeague;Switzerland_PromotionLeague;;Engine v1.3 | Squadra alta: Biel (1ª), squadra bassa: Bavois (15ª) | GF alta: 2.38/gara | GS bassa: 1.12/gara | Profilo ultime 10: 0.69 | Real over index: 0.50;18.78;19.79;;;10.23;6.88;5.0;;;;1.3.0
2026-09-26;Indonesia_Championship;Persikad Depok;Persiraja Aceh;73.72;MEDIA-ALTA;3;2026-09-26;Indonesia_Championship;Indonesia_Championship;;Engine v1.3 | Squadra alta: Persikad Depok (3ª), squadra bassa: Persiraja Aceh (19ª) | GF alta: 2.00/gara | GS bassa: 1.50/gara | Profilo ultime 10: 0.68 | Real over index: 0.75;20.78;16.67;;;13.64;6.83;7.5;;;;1.3.0
2026-09-26;Estonia_EsiliigaB;Tulevik;Tartu Kalev;73.58;MEDIA-ALTA;31;2026-09-26;Estonia_EsiliigaB;Estonia_EsiliigaB;;Engine v1.3 | Squadra alta: Tartu Kalev (4ª), squadra bassa: Tulevik (7ª) | GF alta: 2.45/gara | GS bassa: 2.07/gara | Profilo ultime 10: 0.86 | Real over index: 0.75;4.6;20.0;;;18.86;8.62;7.5;;;;1.3.0
2026-09-26;Norway_3rdDivision_Group4;Viking 2;Vag;73.53;MEDIA-ALTA;24;2026-09-26;Norway_3rdDivision_Group4;Norway_3rdDivision_Group4;;Engine v1.3 | Squadra alta: Viking 2 (6ª), squadra bassa: Vag (9ª) | GF alta: 2.50/gara | GS bassa: 1.80/gara | Profilo ultime 10: 0.91 | Real over index: 0.80;6.07;20.0;;;16.36;9.1;8.0;;;;1.3.0
2026-09-26;Germany_Oberliga_SchleswigHolstein;PSV Neumunster;Eckernforder SV;73.32;MEDIA-ALTA;10;2026-09-26;Germany_Oberliga_SchleswigHolstein;Germany_Oberliga_SchleswigHolstein;;Engine v1.3 | Squadra alta: PSV Neumunster (11ª), squadra bassa: Eckernforder SV (16ª) | GF alta: 1.78/gara | GS bassa: 2.88/gara | Profilo ultime 10: 0.96 | Real over index: 0.89;6.01;14.81;;;20.0;9.61;8.89;;;;1.3.0
2026-09-26;Germany_Oberliga_BadenWurttemberg;Bahlinger;Normannia Gmund;73.12;MEDIA-ALTA;11;2026-09-26;Germany_Oberliga_BadenWurttemberg;Germany_Oberliga_BadenWurttemberg;;Engine v1.3 | Squadra alta: Bahlinger (10ª), squadra bassa: Normannia Gmund (18ª) | GF alta: 1.50/gara | GS bassa: 3.12/gara | Profilo ultime 10: 0.70 | Real over index: 0.62;16.73;12.5;;;20.0;6.99;6.25;;;;1.3.0
2026-09-26;Sweden_Division1_Norra;Sollentuna;Stockholm Internazionale;73.04;MEDIA-ALTA;26;2026-09-26;Sweden_Division1_Norra;Sweden_Division1_Norra;;Engine v1.3 | Squadra alta: Stockholm Internazionale (1ª), squadra bassa: Sollentuna (12ª) | GF alta: 2.39/gara | GS bassa: 1.46/gara | Profilo ultime 10: 0.68 | Real over index: 0.60;17.25;19.93;;;13.26;6.81;6.0;;;;1.3.0
2026-09-26;Norway_3rdDivision_Group5;Finnsnes;Skjervoy;72.99;MEDIA-ALTA;24;2026-09-26;Norway_3rdDivision_Group5;Norway_3rdDivision_Group5;;Engine v1.3 | Squadra alta: Finnsnes (5ª), squadra bassa: Skjervoy (9ª) | GF alta: 1.85/gara | GS bassa: 2.62/gara | Profilo ultime 10: 0.93 | Real over index: 0.80;6.27;15.42;;;20.0;9.3;8.0;;;;1.3.0
2026-09-26;Sweden_Division2_NorraGotaland;Vanersborgs FK;Husqvarna;72.96;MEDIA-ALTA;25;2026-09-26;Sweden_Division2_NorraGotaland;Sweden_Division2_NorraGotaland;;Engine v1.3 | Squadra alta: Husqvarna (1ª), squadra bassa: Vanersborgs FK (8ª) | GF alta: 2.27/gara | GS bassa: 1.64/gara | Profilo ultime 10: 0.71 | Real over index: 0.50;15.41;18.94;;;14.88;7.08;5.0;;;;1.3.0
2026-09-26;Austria_Regionalliga_West;SC Imst;Lochau;72.91;MEDIA-ALTA;10;2026-09-26;Austria_Regionalliga_West;Austria_Regionalliga_West;;Engine v1.3 | Squadra alta: SC Imst (3ª), squadra bassa: Lochau (12ª) | GF alta: 1.50/gara | GS bassa: 2.75/gara | Profilo ultime 10: 0.78 | Real over index: 0.62;15.35;12.5;;;20.0;7.78;6.25;;;;1.3.0
2026-09-26;Germany_Oberliga_RheinlandPfalzSaar;Worms;Ahrweiler;72.71;MEDIA-ALTA;13;2026-09-26;Germany_Oberliga_RheinlandPfalzSaar;Germany_Oberliga_RheinlandPfalzSaar;;Engine v1.3 | Squadra alta: Worms (12ª), squadra bassa: Ahrweiler (16ª) | GF alta: 2.67/gara | GS bassa: 1.78/gara | Profilo ultime 10: 0.79 | Real over index: 0.72;9.23;20.0;;;16.16;7.92;7.22;;;;1.3.0
2026-09-26;Sweden_Division2_SodraSvealand;Nykopings;Syrianska;72.7;MEDIA-ALTA;23;2026-09-26;Sweden_Division2_SodraSvealand;Sweden_Division2_SodraSvealand;;Engine v1.3 | Squadra alta: Nykopings (4ª), squadra bassa: Syrianska (11ª) | GF alta: 1.68/gara | GS bassa: 2.23/gara | Profilo ultime 10: 0.82 | Real over index: 0.70;11.08;14.02;;;20.0;8.22;7.0;;;;1.3.0
2026-09-26;Slovenia_2SNL;Tabor Sezana;NK Bistrica;72.54;MEDIA-ALTA;9;2026-09-26;Slovenia_2SNL;Slovenia_2SNL;;Engine v1.3 | Squadra alta: Tabor Sezana (1ª), squadra bassa: NK Bistrica (9ª) | GF alta: 2.43/gara | GS bassa: 1.71/gara | Profilo ultime 10: 0.73 | Real over index: 0.57;12.28;20.0;;;15.58;7.34;5.71;;;;1.3.0
2026-09-26;Germany_Oberliga_BadenWurttemberg;Balingen;Oberachern;72.22;MEDIA-ALTA;11;2026-09-26;Germany_Oberliga_BadenWurttemberg;Germany_Oberliga_BadenWurttemberg;;Engine v1.3 | Squadra alta: Oberachern (1ª), squadra bassa: Balingen (9ª) | GF alta: 2.25/gara | GS bassa: 1.50/gara | Profilo ultime 10: 0.81 | Real over index: 0.69;13.16;18.75;;;13.64;8.09;6.88;;;;1.3.0
2026-09-26;Belarus_PershayaLiga;SKA-1938;Orsha;72.17;MEDIA-ALTA;28;2026-09-26;Belarus_PershayaLiga;Belarus_PershayaLiga;;Engine v1.3 | Squadra alta: SKA-1938 (4ª), squadra bassa: Orsha (14ª) | GF alta: 1.92/gara | GS bassa: 1.84/gara | Profilo ultime 10: 0.71 | Real over index: 0.70;12.54;16.0;;;16.73;7.14;7.0;;;;1.3.0
2026-09-26;Norway_3rdDivision_Group3;Austevoll;Gneist;72.17;MEDIA-ALTA;23;2026-09-26;Norway_3rdDivision_Group3;Norway_3rdDivision_Group3;;Engine v1.3 | Squadra alta: Austevoll (7ª), squadra bassa: Gneist (12ª) | GF alta: 1.86/gara | GS bassa: 2.76/gara | Profilo ultime 10: 0.78 | Real over index: 0.65;8.41;15.48;;;20.0;7.78;6.5;;;;1.3.0
2026-09-26;Denmark_3rdDivision;Holstebro;Ishoj;71.98;MEDIA-ALTA;9;2026-09-26;Denmark_3rdDivision;Denmark_3rdDivision;;Engine v1.3 | Squadra alta: Holstebro (5ª), squadra bassa: Ishoj (11ª) | GF alta: 1.88/gara | GS bassa: 2.00/gara | Profilo ultime 10: 0.71 | Real over index: 0.62;14.93;15.62;;;18.18;7.08;6.25;;;;1.3.0
2026-09-26;CzechRepublic_4Liga_GroupE;Prostejov B;Slavicin;71.97;MEDIA-ALTA;8;2026-09-26;CzechRepublic_4Liga_GroupE;CzechRepublic_4Liga_GroupE;CzechRepublic_4Liga;Engine v1.3 | Squadra alta: Slavicin (48ª), squadra bassa: Prostejov B (57ª) | GF alta: 1.86/gara | GS bassa: 2.14/gara | Profilo ultime 10: 0.92 | Real over index: 0.79;5.98;15.48;;;19.48;9.18;7.86;;;;1.3.0
2026-09-26;Poland_IIILiga_Group3;Legnica 2;BKS Sparta Katowice;71.95;MEDIA-ALTA;10;2026-09-26;Poland_IIILiga_Group3;Poland_IIILiga_Group3;;Engine v1.3 | Squadra alta: BKS Sparta Katowice (2ª), squadra bassa: Legnica 2 (10ª) | GF alta: 1.78/gara | GS bassa: 2.00/gara | Profilo ultime 10: 0.84 | Real over index: 0.72;12.78;14.81;;;18.18;8.36;7.22;;;;1.3.0
2026-09-26;Germany_Oberliga_Bremen;BTS Neustadt;Grohn;71.93;MEDIA-ALTA;9;2026-09-26;Germany_Oberliga_Bremen;Germany_Oberliga_Bremen;;Engine v1.3 | Squadra alta: Grohn (8ª), squadra bassa: BTS Neustadt (12ª) | GF alta: 1.71/gara | GS bassa: 2.86/gara | Profilo ultime 10: 0.90 | Real over index: 0.71;7.5;14.29;;;20.0;9.0;7.14;;;;1.3.0
2026-09-26;Austria_Regionalliga_East;SV Donau;Wiener;71.79;MEDIA-ALTA;10;2026-09-26;Austria_Regionalliga_East;Austria_Regionalliga_East;;Engine v1.3 | Squadra alta: Wiener (2ª), squadra bassa: SV Donau (12ª) | GF alta: 2.25/gara | GS bassa: 1.88/gara | Profilo ultime 10: 0.77 | Real over index: 0.56;12.28;18.75;;;17.05;7.72;5.62;;;;1.3.0
2026-09-26;Germany_Oberliga_RheinlandPfalzSaar;Schott Mainz;RW Wittlich;71.76;MEDIA-ALTA;13;2026-09-26;Germany_Oberliga_RheinlandPfalzSaar;Germany_Oberliga_RheinlandPfalzSaar;;Engine v1.3 | Squadra alta: Schott Mainz (2ª), squadra bassa: RW Wittlich (7ª) | GF alta: 2.33/gara | GS bassa: 2.12/gara | Profilo ultime 10: 0.89 | Real over index: 0.83;3.46;19.44;;;19.32;8.89;8.26;;;;1.3.0
2026-09-26;Italy_SerieC_GironeC;Bari;Cosenza;71.67;MEDIA-ALTA;7;2026-09-26;Italy_SerieC_GironeC;Italy_SerieC_GironeC;;Engine v1.3 | Squadra alta: Bari (5ª), squadra bassa: Cosenza (20ª) | GF alta: 1.20/gara | GS bassa: 2.40/gara | Profilo ultime 10: 0.63 | Real over index: 0.60;20.38;10.0;;;20.0;6.31;6.0;;;;1.3.0
2026-09-26;Sweden_Division2_Norrland;Fransta;Umea FC Akademi;71.67;MEDIA-ALTA;27;2026-09-26;Sweden_Division2_Norrland;Sweden_Division2_Norrland;;Engine v1.3 | Squadra alta: Umea FC Akademi (10ª), squadra bassa: Fransta (12ª) | GF alta: 1.95/gara | GS bassa: 2.53/gara | Profilo ultime 10: 0.96 | Real over index: 0.90;2.79;16.23;;;20.0;9.65;9.0;;;;1.3.0
2026-09-26;Germany_Oberliga_Niederrhein;Meerbusch;Uerdingen;71.61;MEDIA-ALTA;10;2026-09-26;Germany_Oberliga_Niederrhein;Germany_Oberliga_Niederrhein;;Engine v1.3 | Squadra alta: Uerdingen (5ª), squadra bassa: Meerbusch (16ª) | GF alta: 2.50/gara | GS bassa: 1.60/gara | Profilo ultime 10: 0.61 | Real over index: 0.53;17.06;20.0;;;14.55;6.06;5.33;;;;1.3.0
2026-09-26;Germany_Regionalliga_Sudwest;Kassel;Mainz 2;71.46;MEDIA-ALTA;11;2026-09-26;Germany_Regionalliga_Sudwest;Germany_Regionalliga_Sudwest;;Engine v1.3 | Squadra alta: Kassel (10ª), squadra bassa: Mainz 2 (16ª) | GF alta: 1.75/gara | GS bassa: 2.25/gara | Profilo ultime 10: 0.84 | Real over index: 0.81;7.48;14.58;;;20.0;8.44;8.12;;;;1.3.0
2026-09-26;Sweden_Division2_NorraSvealand;Helges;Gute;71.44;MEDIA-ALTA;24;2026-09-26;Sweden_Division2_NorraSvealand;Sweden_Division2_NorraSvealand;;Engine v1.3 | Squadra alta: Gute (7ª), squadra bassa: Helges (14ª) | GF alta: 1.45/gara | GS bassa: 2.50/gara | Profilo ultime 10: 0.79 | Real over index: 0.70;12.38;12.12;;;20.0;7.9;7.0;;;;1.3.0
2026-09-26;Slovenia_2SNL;Triglav;Primorje;71.43;MEDIA-ALTA;9;2026-09-26;Slovenia_2SNL;Slovenia_2SNL;;Engine v1.3 | Squadra alta: Triglav (2ª), squadra bassa: Primorje (13ª) | GF alta: 1.86/gara | GS bassa: 1.86/gara | Profilo ultime 10: 0.71 | Real over index: 0.57;16.54;15.48;;;16.88;7.07;5.71;;;;1.3.0
2026-09-26;Poland_IIILiga_Group2;Kotwica Kornik;Grom Nowy Staw;71.41;MEDIA-ALTA;10;2026-09-26;Poland_IIILiga_Group2;Poland_IIILiga_Group2;;Engine v1.3 | Squadra alta: Grom Nowy Staw (11ª), squadra bassa: Kotwica Kornik (12ª) | GF alta: 2.67/gara | GS bassa: 2.44/gara | Profilo ultime 10: 0.92 | Real over index: 0.78;0.41;20.0;;;20.0;9.22;7.78;;;;1.3.0
2026-09-26;Austria_Vorarlberg;Schlins;Admira Dornbirn;71.36;MEDIA-ALTA;7;2026-09-26;Austria_Vorarlberg;Austria_Vorarlberg;fourth tier;Engine v1.3 | Squadra alta: Admira Dornbirn (3ª), squadra bassa: Schlins (10ª) | GF alta: 2.20/gara | GS bassa: 1.50/gara | Profilo ultime 10: 0.78 | Real over index: 0.62;11.3;18.33;;;13.64;7.85;6.25;;;;1.3.0
2026-09-26;Austria_Regionalliga_West;FC Lustenau;SK St. Johann;70.99;MEDIA-ALTA;10;2026-09-26;Austria_Regionalliga_West;Austria_Regionalliga_West;;Engine v1.3 | Squadra alta: SK St. Johann (6ª), squadra bassa: FC Lustenau (14ª) | GF alta: 1.50/gara | GS bassa: 2.62/gara | Profilo ultime 10: 0.69 | Real over index: 0.56;14.83;12.5;;;20.0;6.87;5.62;;;;1.3.0
2026-09-26;Netherlands_EersteDivisie;Heracles;Vitesse;70.99;MEDIA-ALTA;10;2026-09-26;Netherlands_EersteDivisie;Netherlands_EersteDivisie;;Engine v1.3 | Squadra alta: Heracles (1ª), squadra bassa: Vitesse (6ª) | GF alta: 3.43/gara | GS bassa: 1.29/gara | Profilo ultime 10: 0.86 | Real over index: 0.79;8.84;20.0;;;11.69;8.61;7.86;;;;1.3.0
2026-09-26;Austria_Vorarlberg;Hard;A. Lustenau (Am);70.92;MEDIA-ALTA;7;2026-09-26;Austria_Vorarlberg;Austria_Vorarlberg;fourth tier;Engine v1.3 | Squadra alta: Hard (8ª), squadra bassa: A. Lustenau (Am) (13ª) | GF alta: 2.00/gara | GS bassa: 2.20/gara | Profilo ultime 10: 0.84 | Real over index: 0.70;4.87;16.67;;;20.0;8.39;7.0;;;;1.3.0
2026-09-26;Norway_3rdDivision_Group6;Rade;Lillehammer;70.79;MEDIA-ALTA;22;2026-09-26;Norway_3rdDivision_Group6;Norway_3rdDivision_Group6;;Engine v1.3 | Squadra alta: Lillehammer (1ª), squadra bassa: Rade (3ª) | GF alta: 3.52/gara | GS bassa: 1.75/gara | Profilo ultime 10: 0.90 | Real over index: 0.80;3.93;20.0;;;15.91;8.95;8.0;;;;1.3.0
2026-09-26;Norway_3rdDivision_Group3;Åsane 2;Forde;70.74;MEDIA-ALTA;23;2026-09-26;Norway_3rdDivision_Group3;Norway_3rdDivision_Group3;;Engine v1.3 | Squadra alta: Forde (8ª), squadra bassa: Åsane 2 (10ª) | GF alta: 1.67/gara | GS bassa: 2.25/gara | Profilo ultime 10: 0.91 | Real over index: 0.75;6.22;13.89;;;20.0;9.12;7.5;;;;1.3.0
2026-09-26;Germany_Oberliga_BadenWurttemberg;FC Holzhausen;Backnang;70.63;MEDIA-ALTA;11;2026-09-26;Germany_Oberliga_BadenWurttemberg;Germany_Oberliga_BadenWurttemberg;;Engine v1.3 | Squadra alta: Backnang (3ª), squadra bassa: FC Holzhausen (7ª) | GF alta: 2.75/gara | GS bassa: 1.62/gara | Profilo ultime 10: 0.84 | Real over index: 0.69;6.58;20.0;;;14.77;8.41;6.88;;;;1.3.0
2026-09-26;Austria_Karnten;Saint Michael Lavanttal;Dellach/Gail;70.47;MEDIA-ALTA;11;2026-09-26;Austria_Karnten;Austria_Karnten;;Engine v1.3 | Squadra alta: Saint Michael Lavanttal (12ª), squadra bassa: Dellach/Gail (14ª) | GF alta: 1.75/gara | GS bassa: 2.38/gara | Profilo ultime 10: 0.88 | Real over index: 0.75;5.58;14.58;;;20.0;8.81;7.5;;;;1.3.0
2026-09-26;Poland_IIILiga_Group2;Swinoujscie;Unia Swarzedz;70.23;MEDIA-ALTA;10;2026-09-26;Poland_IIILiga_Group2;Poland_IIILiga_Group2;;Engine v1.3 | Squadra alta: Swinoujscie (8ª), squadra bassa: Unia Swarzedz (14ª) | GF alta: 1.67/gara | GS bassa: 2.11/gara | Profilo ultime 10: 0.77 | Real over index: 0.56;9.85;13.89;;;19.19;7.75;5.56;;;;1.3.0
2026-09-26;Austria_Wien;Lac Inter;WAF Brigittenau;70.18;MEDIA-ALTA;7;2026-09-26;Austria_Wien;Austria_Wien;;Engine v1.3 | Squadra alta: Lac Inter (7ª), squadra bassa: WAF Brigittenau (13ª) | GF alta: 2.00/gara | GS bassa: 2.00/gara | Profilo ultime 10: 0.80 | Real over index: 0.67;7.85;16.67;;;18.18;7.99;6.67;;;;1.3.0
2026-09-26;Germany_Oberliga_RheinlandPfalzSaar;RW Koblenz;Pirmasens;70.09;MEDIA-ALTA;13;2026-09-26;Germany_Oberliga_RheinlandPfalzSaar;Germany_Oberliga_RheinlandPfalzSaar;;Engine v1.3 | Squadra alta: Pirmasens (1ª), squadra bassa: RW Koblenz (8ª) | GF alta: 3.11/gara | GS bassa: 1.44/gara | Profilo ultime 10: 0.88 | Real over index: 0.78;6.35;20.0;;;13.13;8.83;7.78;;;;1.3.0
2026-09-26;NorthernIreland_NIFLChampionship;Ards;Strabane Athletic;70.07;MEDIA-ALTA;9;2026-09-26;NorthernIreland_NIFLChampionship;NorthernIreland_NIFLChampionship;;Engine v1.3 | Squadra alta: Ards (9ª), squadra bassa: Strabane Athletic (14ª) | GF alta: 1.38/gara | GS bassa: 2.38/gara | Profilo ultime 10: 0.78 | Real over index: 0.75;9.72;11.46;;;20.0;7.83;7.5;;;;1.3.0
2026-09-26;Indonesia_Championship;Sumsel United;PSPS Riau;70.06;MEDIA-ALTA;3;2026-09-26;Indonesia_Championship;Indonesia_Championship;;Engine v1.3 | Squadra alta: PSPS Riau (12ª), squadra bassa: Sumsel United (16ª) | GF alta: 1.50/gara | GS bassa: 2.00/gara | Profilo ultime 10: 0.79 | Real over index: 0.75;11.15;12.5;;;18.18;7.89;7.5;;;;1.3.0
2026-09-26;CzechRepublic_4Liga_GroupA;Rokycany;FK Komarov;70.04;MEDIA-ALTA;8;2026-09-26;CzechRepublic_4Liga_GroupA;CzechRepublic_4Liga_GroupA;CzechRepublic_4Liga;Engine v1.3 | Squadra alta: FK Komarov (25ª), squadra bassa: Rokycany (67ª) | GF alta: 1.57/gara | GS bassa: 1.50/gara | Profilo ultime 10: 0.63 | Real over index: 0.48;22.0;13.1;;;13.64;6.3;4.76;;;;1.3.0
2026-09-26;Germany_Oberliga_Hessen;Hummetroth;Fernwald;69.93;MEDIA-ALTA;12;2026-09-26;Germany_Oberliga_Hessen;Germany_Oberliga_Hessen;;Engine v1.3 | Squadra alta: Fernwald (10ª), squadra bassa: Hummetroth (16ª) | GF alta: 1.60/gara | GS bassa: 2.30/gara | Profilo ultime 10: 0.82 | Real over index: 0.60;8.44;13.33;;;20.0;8.16;6.0;;;;1.3.0
2026-09-26;Germany_Regionalliga_Bayern;Burghausen;Monaco 1860;69.72;MEDIA-ALTA;12;2026-09-26;Germany_Regionalliga_Bayern;Germany_Regionalliga_Bayern;;Engine v1.3 | Squadra alta: Monaco 1860 (3ª), squadra bassa: Burghausen (8ª) | GF alta: 2.11/gara | GS bassa: 1.80/gara | Profilo ultime 10: 0.85 | Real over index: 0.73;6.93;17.59;;;16.36;8.52;7.33;;;;1.3.0
2026-09-26;Germany_Oberliga_Bayern_Sud;Kirchanschoring;Heimstetten;69.63;MEDIA-ALTA;13;2026-09-26;Germany_Oberliga_Bayern_Sud;Germany_Oberliga_Bayern_Sud;;Engine v1.3 | Squadra alta: Heimstetten (11ª), squadra bassa: Kirchanschoring (16ª) | GF alta: 1.73/gara | GS bassa: 2.18/gara | Profilo ultime 10: 0.87 | Real over index: 0.70;5.73;14.39;;;19.83;8.67;7.0;;;;1.3.0
2026-09-26;Denmark_2ndDivision;B.93;Thisted;69.54;MEDIA-ALTA;9;2026-09-26;Denmark_2ndDivision;Denmark_2ndDivision;;Engine v1.3 | Squadra alta: B.93 (8ª), squadra bassa: Thisted (12ª) | GF alta: 1.50/gara | GS bassa: 2.25/gara | Profilo ultime 10: 0.80 | Real over index: 0.75;8.76;12.5;;;20.0;7.95;7.5;;;;1.3.0
2026-09-26;Italy_SerieC_GironeB;Sambenedettese;Campobasso;69.44;MEDIA-ALTA;7;2026-09-26;Italy_SerieC_GironeB;Italy_SerieC_GironeB;;Engine v1.3 | Squadra alta: Campobasso (9ª), squadra bassa: Sambenedettese (18ª) | GF alta: 1.50/gara | GS bassa: 1.83/gara | Profilo ultime 10: 0.75 | Real over index: 0.58;13.18;12.5;;;16.67;7.46;5.83;;;;1.3.0
2026-09-26;Wales_CymruSouth;Cardiff Draconians;Caerau Ely;69.41;MEDIA-ALTA;8;2026-09-26;Wales_CymruSouth;Wales_CymruSouth;Wales_CymruTier2;Engine v1.3 | Squadra alta: Caerau Ely (14ª), squadra bassa: Cardiff Draconians (21ª) | GF alta: 2.17/gara | GS bassa: 1.75/gara | Profilo ultime 10: 0.91 | Real over index: 0.79;4.39;18.06;;;15.91;9.15;7.92;;;;1.3.0
2026-09-26;Germany_Oberliga_Hamburg;Dassendorf;HT 16;69.33;MEDIA-ALTA;9;2026-09-26;Germany_Oberliga_Hamburg;Germany_Oberliga_Hamburg;;Engine v1.3 | Squadra alta: Dassendorf (1ª), squadra bassa: HT 16 (7ª) | GF alta: 2.88/gara | GS bassa: 1.38/gara | Profilo ultime 10: 0.78 | Real over index: 0.62;11.06;20.0;;;12.5;7.81;6.25;;;;1.3.0
2026-09-26;Denmark_2ndDivision;FA 2000;F. Amager;69.31;MEDIA-ALTA;9;2026-09-26;Denmark_2ndDivision;Denmark_2ndDivision;;Engine v1.3 | Squadra alta: F. Amager (6ª), squadra bassa: FA 2000 (11ª) | GF alta: 1.38/gara | GS bassa: 2.38/gara | Profilo ultime 10: 0.74 | Real over index: 0.62;10.65;11.46;;;20.0;7.39;6.25;;;;1.3.0
2026-09-26;Austria_Salzburg;USK Anif;TSU Bramberg;69.26;MEDIA-ALTA;11;2026-09-26;Austria_Salzburg;Austria_Salzburg;;Engine v1.3 | Squadra alta: USK Anif (5ª), squadra bassa: TSU Bramberg (6ª) | GF alta: 2.75/gara | GS bassa: 1.62/gara | Profilo ultime 10: 0.94 | Real over index: 0.94;1.71;20.0;;;14.77;9.41;9.38;;;;1.3.0
2026-09-26;Germany_Oberliga_Hamburg;Suderelbe;Victoria Hamburg;69.26;MEDIA-ALTA;9;2026-09-26;Germany_Oberliga_Hamburg;Germany_Oberliga_Hamburg;;Engine v1.3 | Squadra alta: Victoria Hamburg (3ª), squadra bassa: Suderelbe (11ª) | GF alta: 2.38/gara | GS bassa: 1.25/gara | Profilo ultime 10: 0.77 | Real over index: 0.56;10.77;19.79;;;11.36;7.7;5.62;;;;1.3.0
2026-09-26;USA_USLLeagueOne;Charlotte Independ.;Fort Wayne;69.17;MEDIA-ALTA;40;2026-09-26;USA_USLLeagueOne;USA_USLLeagueOne;;Engine v1.3 | Squadra alta: Charlotte Independ. (2ª), squadra bassa: Fort Wayne (7ª) | GF alta: 2.33/gara | GS bassa: 1.33/gara | Profilo ultime 10: 0.85 | Real over index: 0.70;8.06;19.44;;;12.12;8.55;7.0;;;;1.3.0
2026-09-26;Germany_Oberliga_Bayern_Sud;Deisenhofen;Schalding;69.12;MEDIA-ALTA;13;2026-09-26;Germany_Oberliga_Bayern_Sud;Germany_Oberliga_Bayern_Sud;;Engine v1.3 | Squadra alta: Deisenhofen (12ª), squadra bassa: Schalding (18ª) | GF alta: 1.55/gara | GS bassa: 3.09/gara | Profilo ultime 10: 0.79 | Real over index: 0.65;7.92;12.88;;;20.0;7.93;6.5;;;;1.3.0
2026-09-26;Austria_Regionalliga_West;Schwaz;Dornbirn;69.08;MEDIA-ALTA;10;2026-09-26;Austria_Regionalliga_West;Austria_Regionalliga_West;;Engine v1.3 | Squadra alta: Dornbirn (2ª), squadra bassa: Schwaz (4ª) | GF alta: 2.88/gara | GS bassa: 1.88/gara | Profilo ultime 10: 0.84 | Real over index: 0.75;5.79;20.0;;;17.05;8.38;7.5;;;;1.3.0
2026-09-26;Sweden_Division2_Norrland;Storfors;Friska Viljor;69.02;MEDIA-ALTA;27;2026-09-26;Sweden_Division2_Norrland;Sweden_Division2_Norrland;;Engine v1.3 | Squadra alta: Friska Viljor (8ª), squadra bassa: Storfors (11ª) | GF alta: 1.95/gara | GS bassa: 2.11/gara | Profilo ultime 10: 0.88 | Real over index: 0.75;3.3;16.25;;;19.14;8.82;7.5;;;;1.3.0
2026-09-26;NorthernIreland_NIFLChampionship;Newington;Ballinamallard;68.99;MEDIA-ALTA;9;2026-09-26;NorthernIreland_NIFLChampionship;NorthernIreland_NIFLChampionship;;Engine v1.3 | Squadra alta: Newington (1ª), squadra bassa: Ballinamallard (6ª) | GF alta: 2.50/gara | GS bassa: 1.38/gara | Profilo ultime 10: 0.83 | Real over index: 0.69;7.33;20.0;;;12.5;8.28;6.88;;;;1.3.0
2026-09-26;Poland_IIILiga_Group1;Zambrow;Pelikan;68.99;MEDIA-ALTA;10;2026-09-26;Poland_IIILiga_Group1;Poland_IIILiga_Group1;;Engine v1.3 | Squadra alta: Pelikan (5ª), squadra bassa: Zambrow (11ª) | GF alta: 1.44/gara | GS bassa: 2.56/gara | Profilo ultime 10: 0.84 | Real over index: 0.72;7.73;12.04;;;20.0;8.42;7.22;;;;1.3.0
2026-09-26;Germany_Regionalliga_Sudwest;Ulm;Trier;68.95;MEDIA-ALTA;11;2026-09-26;Germany_Regionalliga_Sudwest;Germany_Regionalliga_Sudwest;;Engine v1.3 | Squadra alta: Trier (6ª), squadra bassa: Ulm (18ª) | GF alta: 1.12/gara | GS bassa: 2.25/gara | Profilo ultime 10: 0.67 | Real over index: 0.50;16.16;9.38;;;20.0;6.7;5.0;;;;1.3.0
2026-09-26;Norway_3rdDivision_Group2;Ntnui;Nardo;68.95;MEDIA-ALTA;24;2026-09-26;Norway_3rdDivision_Group2;Norway_3rdDivision_Group2;;Engine v1.3 | Squadra alta: Nardo (9ª), squadra bassa: Ntnui (11ª) | GF alta: 2.20/gara | GS bassa: 2.10/gara | Profilo ultime 10: 0.84 | Real over index: 0.70;2.14;18.33;;;19.09;8.39;7.0;;;;1.3.0
2026-09-26;France_National;Villefranche;Versailles;68.87;MEDIA-ALTA;8;2026-09-26;France_National;France_National;;Engine v1.3 | Squadra alta: Versailles (9ª), squadra bassa: Villefranche (18ª) | GF alta: 1.43/gara | GS bassa: 2.43/gara | Profilo ultime 10: 0.70 | Real over index: 0.57;12.25;11.9;;;20.0;7.0;5.71;;;;1.3.0
2026-09-26;Austria_Steiermark;Furstenfeld;Ilzer SV;68.86;MEDIA-ALTA;6;2026-09-26;Austria_Steiermark;Austria_Steiermark;16 clubs, double round robin.;Engine v1.3 | Squadra alta: Ilzer SV (10ª), squadra bassa: Furstenfeld (13ª) | GF alta: 1.75/gara | GS bassa: 2.50/gara | Profilo ultime 10: 0.79 | Real over index: 0.75;6.31;14.58;;;20.0;7.91;7.5;;;;1.3.0
2026-09-26;Germany_Oberliga_Bayern_Sud;Landshut;Pfaffenhofen;68.86;MEDIA-ALTA;13;2026-09-26;Germany_Oberliga_Bayern_Sud;Germany_Oberliga_Bayern_Sud;;Engine v1.3 | Squadra alta: Landshut (2ª), squadra bassa: Pfaffenhofen (5ª) | GF alta: 2.27/gara | GS bassa: 1.82/gara | Profilo ultime 10: 0.83 | Real over index: 0.65;5.69;18.94;;;16.53;8.32;6.5;;;;1.3.0
2026-09-26;Spain_LaLiga2;Granada;Andorra;68.85;MEDIA-ALTA;7;2026-09-26;Spain_LaLiga2;Spain_LaLiga2;;Engine v1.3 | Squadra alta: Granada (11ª), squadra bassa: Andorra (18ª) | GF alta: 1.33/gara | GS bassa: 2.17/gara | Profilo ultime 10: 0.77 | Real over index: 0.58;10.51;11.11;;;19.7;7.69;5.83;;;;1.3.0
2026-09-26;Bosnia_PrvaLiga_RS;Majevica;Romanija Pale;68.82;MEDIA-ALTA;9;2026-09-26;Bosnia_PrvaLiga_RS;Bosnia_PrvaLiga_RS;;Engine v1.3 | Squadra alta: Majevica (3ª), squadra bassa: Romanija Pale (11ª) | GF alta: 1.71/gara | GS bassa: 2.17/gara | Profilo ultime 10: 0.72 | Real over index: 0.55;11.55;14.29;;;19.7;7.16;5.48;;;;1.3.0
2026-09-26;CzechRepublic_3CFL_GroupB;Liberec B;Benatky;68.79;MEDIA-ALTA;9;2026-09-26;CzechRepublic_3CFL_GroupB;CzechRepublic_3CFL_GroupB;CzechRepublic_3rdTier;Engine v1.3 | Squadra alta: Benatky (14ª), squadra bassa: Liberec B (29ª) | GF alta: 1.17/gara | GS bassa: 2.17/gara | Profilo ultime 10: 0.61 | Real over index: 0.50;18.82;9.72;;;19.7;6.13;5.0;;;;1.3.0
2026-09-26;Germany_Oberliga_NOFV_Sud;Weissenfels;Plauen;68.76;MEDIA-ALTA;6;2026-09-26;Germany_Oberliga_NOFV_Sud;Germany_Oberliga_NOFV_Sud;;Engine v1.3 | Squadra alta: Weissenfels (5ª), squadra bassa: Plauen (10ª) | GF alta: 2.00/gara | GS bassa: 1.40/gara | Profilo ultime 10: 0.82 | Real over index: 0.70;10.19;16.67;;;12.73;8.17;7.0;;;;1.3.0
2026-09-26;Norway_3rdDivision_Group6;Sarpsborg 08 2;SK Gjovik-Lyn;68.75;MEDIA-ALTA;22;2026-09-26;Norway_3rdDivision_Group6;Norway_3rdDivision_Group6;;Engine v1.3 | Squadra alta: SK Gjovik-Lyn (4ª), squadra bassa: Sarpsborg 08 2 (11ª) | GF alta: 1.45/gara | GS bassa: 2.35/gara | Profilo ultime 10: 0.87 | Real over index: 0.75;8.91;12.08;;;20.0;8.68;7.5;;;;1.3.0
2026-09-26;Sweden_Division2_NorraSvealand;Skiljebo;Taby;68.72;MEDIA-ALTA;24;2026-09-26;Sweden_Division2_NorraSvealand;Sweden_Division2_NorraSvealand;;Engine v1.3 | Squadra alta: Skiljebo (1ª), squadra bassa: Taby (6ª) | GF alta: 2.42/gara | GS bassa: 1.09/gara | Profilo ultime 10: 0.88 | Real over index: 0.90;7.94;20.0;;;9.92;8.8;9.0;;;;1.3.0
2026-09-26;Norway_3rdDivision_Group6;Orn;Fram;68.71;MEDIA-ALTA;22;2026-09-26;Norway_3rdDivision_Group6;Norway_3rdDivision_Group6;;Engine v1.3 | Squadra alta: Orn (9ª), squadra bassa: Fram (12ª) | GF alta: 1.80/gara | GS bassa: 2.20/gara | Profilo ultime 10: 0.86 | Real over index: 0.60;5.11;15.0;;;20.0;8.6;6.0;;;;1.3.0
2026-09-26;Austria_Wien;A XIII-Auhof Center;Stammersdorf;68.66;MEDIA-ALTA;7;2026-09-26;Austria_Wien;Austria_Wien;;Engine v1.3 | Squadra alta: A XIII-Auhof Center (10ª), squadra bassa: Stammersdorf (15ª) | GF alta: 1.25/gara | GS bassa: 3.67/gara | Profilo ultime 10: 0.67 | Real over index: 0.58;14.48;10.42;;;20.0;6.71;5.83;;;;1.3.0
2026-09-26;Belarus_PershayaLiga;Soligorsk;Minsk 2;68.66;MEDIA-ALTA;28;2026-09-26;Belarus_PershayaLiga;Belarus_PershayaLiga;;Engine v1.3 | Squadra alta: Soligorsk (8ª), squadra bassa: Minsk 2 (13ª) | GF alta: 1.96/gara | GS bassa: 1.84/gara | Profilo ultime 10: 0.91 | Real over index: 0.80;4.55;16.33;;;16.73;9.05;8.0;;;;1.3.0
2026-09-26;Indonesia_Championship;Persipura;Persis Solo;68.48;MEDIA-ALTA;3;2026-09-26;Indonesia_Championship;Indonesia_Championship;;Engine v1.3 | Squadra alta: Persis Solo (9ª), squadra bassa: Persipura (15ª) | GF alta: 3.50/gara | GS bassa: 1.50/gara | Profilo ultime 10: 0.67 | Real over index: 0.50;11.96;20.0;;;13.64;6.66;5.0;;;;1.3.0
2026-09-26;Bosnia_PrvaLiga_FBiH;Banovici;Bratstvo Gracanica;68.38;MEDIA-ALTA;8;2026-09-26;Bosnia_PrvaLiga_FBiH;Bosnia_PrvaLiga_FBiH;double round robin inferred from league size.;Engine v1.3 | Squadra alta: Bratstvo Gracanica (8ª), squadra bassa: Banovici (10ª) | GF alta: 1.60/gara | GS bassa: 2.50/gara | Profilo ultime 10: 0.85 | Real over index: 0.82;4.52;13.33;;;20.0;8.55;8.17;;;;1.3.0
2026-09-26;Germany_Regionalliga_West;Bochum 2;Schalke 2;68.19;MEDIA-ALTA;11;2026-09-26;Germany_Regionalliga_West;Germany_Regionalliga_West;;Engine v1.3 | Squadra alta: Schalke 2 (9ª), squadra bassa: Bochum 2 (14ª) | GF alta: 2.00/gara | GS bassa: 1.78/gara | Profilo ultime 10: 0.82 | Real over index: 0.67;6.5;16.67;;;16.16;8.19;6.67;;;;1.3.0
2026-09-26;Netherlands_EredivisieWomen;Feyenoord D;PEC Zwolle D;68.17;MEDIA-ALTA;6;2026-09-26;Netherlands_EredivisieWomen;Netherlands_EredivisieWomen;;Engine v1.3 | Squadra alta: Feyenoord D (7ª), squadra bassa: PEC Zwolle D (9ª) | GF alta: 1.20/gara | GS bassa: 2.60/gara | Profilo ultime 10: 0.87 | Real over index: 0.80;7.43;10.0;;;20.0;8.74;8.0;;;;1.3.0
2026-09-26;NorthernIreland_NIFLChampionship;Annagh;Institute;68.16;MEDIA-ALTA;9;2026-09-26;NorthernIreland_NIFLChampionship;NorthernIreland_NIFLChampionship;;Engine v1.3 | Squadra alta: Annagh (2ª), squadra bassa: Institute (7ª) | GF alta: 2.25/gara | GS bassa: 1.50/gara | Profilo ultime 10: 0.82 | Real over index: 0.62;7.33;18.75;;;13.64;8.19;6.25;;;;1.3.0
2026-09-26;Germany_Oberliga_Hessen;Darmstadt U21;Alzenau;68.13;MEDIA-ALTA;12;2026-09-26;Germany_Oberliga_Hessen;Germany_Oberliga_Hessen;;Engine v1.3 | Squadra alta: Darmstadt U21 (9ª), squadra bassa: Alzenau (13ª) | GF alta: 2.20/gara | GS bassa: 1.70/gara | Profilo ultime 10: 0.75 | Real over index: 0.65;7.53;18.33;;;15.45;7.48;6.5;;;;1.3.0
2026-09-26;Norway_3rdDivision_Group1;Konnerud;K. Oslo 2;68.13;MEDIA-ALTA;25;2026-09-26;Norway_3rdDivision_Group1;Norway_3rdDivision_Group1;;Engine v1.3 | Squadra alta: K. Oslo 2 (12ª), squadra bassa: Konnerud (13ª) | GF alta: 2.00/gara | GS bassa: 2.57/gara | Profilo ultime 10: 0.86 | Real over index: 0.75;1.4;16.67;;;20.0;8.56;7.5;;;;1.3.0
2026-09-26;Bosnia_PrvaLiga_FBiH;Hadzici;Travnik;68.12;MEDIA-ALTA;8;2026-09-26;Bosnia_PrvaLiga_FBiH;Bosnia_PrvaLiga_FBiH;double round robin inferred from league size.;Engine v1.3 | Squadra alta: Travnik (1ª), squadra bassa: Hadzici (16ª) | GF alta: 2.17/gara | GS bassa: 1.60/gara | Profilo ultime 10: 0.52 | Real over index: 0.45;22.0;18.06;;;14.55;5.16;4.5;;;;1.3.0
2026-09-26;Norway_3rdDivision_Group3;Askoy;Brann 2;68.07;MEDIA-ALTA;23;2026-09-26;Norway_3rdDivision_Group3;Norway_3rdDivision_Group3;;Engine v1.3 | Squadra alta: Askoy (2ª), squadra bassa: Brann 2 (5ª) | GF alta: 1.90/gara | GS bassa: 1.95/gara | Profilo ultime 10: 0.84 | Real over index: 0.70;6.48;15.87;;;17.73;8.35;7.0;;;;1.3.0
2026-09-26;Norway_3rdDivision_Group1;Vaalerenga IF 2;Baerum;67.87;MEDIA-ALTA;25;2026-09-26;Norway_3rdDivision_Group1;Norway_3rdDivision_Group1;;Engine v1.3 | Squadra alta: Vaalerenga IF 2 (4ª), squadra bassa: Baerum (5ª) | GF alta: 2.32/gara | GS bassa: 1.81/gara | Profilo ultime 10: 0.92 | Real over index: 0.80;0.9;19.32;;;16.45;9.2;8.0;;;;1.3.0
2026-09-26;Norway_3rdDivision_Group3;Fyllingsdalen;Stord;67.59;MEDIA-ALTA;23;2026-09-26;Norway_3rdDivision_Group3;Norway_3rdDivision_Group3;;Engine v1.3 | Squadra alta: Stord (11ª), squadra bassa: Fyllingsdalen (14ª) | GF alta: 1.86/gara | GS bassa: 2.95/gara | Profilo ultime 10: 0.69 | Real over index: 0.65;7.22;15.48;;;20.0;6.95;6.5;;;;1.3.0
2026-09-26;Norway_3rdDivision_Group1;Union Carl Berner;Frigg;67.53;MEDIA-ALTA;25;2026-09-26;Norway_3rdDivision_Group1;Norway_3rdDivision_Group1;;Engine v1.3 | Squadra alta: Frigg (7ª), squadra bassa: Union Carl Berner (8ª) | GF alta: 2.47/gara | GS bassa: 1.50/gara | Profilo ultime 10: 0.86 | Real over index: 0.80;3.3;20.0;;;13.64;8.59;8.0;;;;1.3.0
2026-09-26;Austria_Niederosterreich;Wiener Neustadt;Korneuburg;67.38;MEDIA-ALTA;8;2026-09-26;Austria_Niederosterreich;Austria_Niederosterreich;;Engine v1.3 | Squadra alta: Wiener Neustadt (1ª), squadra bassa: Korneuburg (9ª) | GF alta: 2.00/gara | GS bassa: 1.43/gara | Profilo ultime 10: 0.69 | Real over index: 0.50;15.0;16.67;;;12.99;6.88;5.0;;;;1.3.0
2026-09-26;Germany_Oberliga_Bayern_Sud;Gundelfingen;Geretsried;67.38;MEDIA-ALTA;13;2026-09-26;Germany_Oberliga_Bayern_Sud;Germany_Oberliga_Bayern_Sud;;Engine v1.3 | Squadra alta: Gundelfingen (9ª), squadra bassa: Geretsried (17ª) | GF alta: 1.45/gara | GS bassa: 2.27/gara | Profilo ultime 10: 0.76 | Real over index: 0.60;8.82;12.12;;;20.0;7.61;6.0;;;;1.3.0
2026-09-26;Austria_Regionalliga_West;Lauterach;Reichenau;67.37;MEDIA-ALTA;10;2026-09-26;Austria_Regionalliga_West;Austria_Regionalliga_West;;Engine v1.3 | Squadra alta: Reichenau (10ª), squadra bassa: Lauterach (16ª) | GF alta: 1.12/gara | GS bassa: 2.25/gara | Profilo ultime 10: 0.75 | Real over index: 0.62;10.23;9.38;;;20.0;7.52;6.25;;;;1.3.0
2026-09-26;Austria_Tirol;Vols;Absam;67.31;MEDIA-ALTA;10;2026-09-26;Austria_Tirol;Austria_Tirol;;Engine v1.3 | Squadra alta: Absam (5ª), squadra bassa: Vols (10ª) | GF alta: 2.50/gara | GS bassa: 1.38/gara | Profilo ultime 10: 0.81 | Real over index: 0.75;5.6;20.0;;;12.5;8.14;7.5;;;;1.3.0
2026-09-26;Germany_Regionalliga_West;Bergisch Gladbach;Westfalia Rhynern;67.31;MEDIA-ALTA;11;2026-09-26;Germany_Regionalliga_West;Germany_Regionalliga_West;;Engine v1.3 | Squadra alta: Westfalia Rhynern (5ª), squadra bassa: Bergisch Gladbach (8ª) | GF alta: 1.89/gara | GS bassa: 1.78/gara | Profilo ultime 10: 0.86 | Real over index: 0.72;5.6;15.74;;;16.16;8.59;7.22;;;;1.3.0
2026-09-26;Spain_LaLiga2;Ceuta;Real Sociedad B;67.31;MEDIA-ALTA;7;2026-09-26;Spain_LaLiga2;Spain_LaLiga2;;Engine v1.3 | Squadra alta: Real Sociedad B (15ª), squadra bassa: Ceuta (22ª) | GF alta: 1.50/gara | GS bassa: 2.80/gara | Profilo ultime 10: 0.65 | Real over index: 0.55;12.58;12.5;;;20.0;6.5;5.5;;;;1.3.0
2026-09-26;Germany_Oberliga_SchleswigHolstein;Eichede;Heider SV;67.01;MEDIA-ALTA;10;2026-09-26;Germany_Oberliga_SchleswigHolstein;Germany_Oberliga_SchleswigHolstein;;Engine v1.3 | Squadra alta: Heider SV (6ª), squadra bassa: Eichede (13ª) | GF alta: 2.00/gara | GS bassa: 1.33/gara | Profilo ultime 10: 0.76 | Real over index: 0.61;11.01;16.67;;;12.12;7.62;6.11;;;;1.3.0
2026-09-26;Austria_Karnten;Launsdorf;TSV Grafenstein;66.97;MEDIA-ALTA;11;2026-09-26;Austria_Karnten;Austria_Karnten;;Engine v1.3 | Squadra alta: TSV Grafenstein (3ª), squadra bassa: Launsdorf (6ª) | GF alta: 2.62/gara | GS bassa: 1.57/gara | Profilo ultime 10: 0.84 | Real over index: 0.74;3.77;20.0;;;14.29;8.44;7.41;;;;1.3.0
2026-09-26;Sweden_Division2_SodraSvealand;Fittja;Nacka FC;66.92;MEDIA-ALTA;23;2026-09-26;Sweden_Division2_SodraSvealand;Sweden_Division2_SodraSvealand;;Engine v1.3 | Squadra alta: Fittja (8ª), squadra bassa: Nacka FC (12ª) | GF alta: 1.59/gara | GS bassa: 2.50/gara | Profilo ultime 10: 0.68 | Real over index: 0.40;8.87;13.26;;;20.0;6.8;4.0;;;;1.3.0
2026-09-26;Netherlands_EersteDivisie;Maastricht;Helmond;66.89;MEDIA-ALTA;10;2026-09-26;Netherlands_EersteDivisie;Netherlands_EersteDivisie;;Engine v1.3 | Squadra alta: Maastricht (7ª), squadra bassa: Helmond (14ª) | GF alta: 1.43/gara | GS bassa: 1.71/gara | Profilo ultime 10: 0.86 | Real over index: 0.71;9.65;11.9;;;15.58;8.62;7.14;;;;1.3.0
2026-09-26;Poland_IIILiga_Group1;Troszyn;LKS Lodz 2;66.81;MEDIA-ALTA;10;2026-09-26;Poland_IIILiga_Group1;Poland_IIILiga_Group1;;Engine v1.3 | Squadra alta: LKS Lodz 2 (13ª), squadra bassa: Troszyn (16ª) | GF alta: 1.67/gara | GS bassa: 2.56/gara | Profilo ultime 10: 0.79 | Real over index: 0.56;5.45;13.89;;;20.0;7.91;5.56;;;;1.3.0
2026-09-26;Germany_Regionalliga_Sudwest;Offenbach;Aalen;66.76;MEDIA-ALTA;11;2026-09-26;Germany_Regionalliga_Sudwest;Germany_Regionalliga_Sudwest;;Engine v1.3 | Squadra alta: Offenbach (1ª), squadra bassa: Aalen (8ª) | GF alta: 2.38/gara | GS bassa: 1.12/gara | Profilo ultime 10: 0.72 | Real over index: 0.56;11.51;19.79;;;10.23;7.21;5.62;;;;1.3.0
2026-09-26;Germany_Regionalliga_West;Dortmund 2;Bocholt;66.69;MEDIA-ALTA;11;2026-09-26;Germany_Regionalliga_West;Germany_Regionalliga_West;;Engine v1.3 | Squadra alta: Dortmund 2 (3ª), squadra bassa: Bocholt (6ª) | GF alta: 1.78/gara | GS bassa: 2.00/gara | Profilo ultime 10: 0.81 | Real over index: 0.61;7.71;14.81;;;18.18;8.08;6.11;;;;1.3.0
2026-09-26;Poland_IIILiga_Group1;Elblag;T. Mazowiecki;66.44;MEDIA-ALTA;10;2026-09-26;Poland_IIILiga_Group1;Poland_IIILiga_Group1;;Engine v1.3 | Squadra alta: T. Mazowiecki (12ª), squadra bassa: Elblag (14ª) | GF alta: 2.00/gara | GS bassa: 2.00/gara | Profilo ultime 10: 0.90 | Real over index: 0.78;0.81;16.67;;;18.18;9.0;7.78;;;;1.3.0
2026-09-26;Austria_Tirol;Stubai;FC Natters;66.43;MEDIA-ALTA;10;2026-09-26;Austria_Tirol;Austria_Tirol;;Engine v1.3 | Squadra alta: FC Natters (11ª), squadra bassa: Stubai (14ª) | GF alta: 1.62/gara | GS bassa: 2.38/gara | Profilo ultime 10: 0.84 | Real over index: 0.69;3.6;13.54;;;20.0;8.41;6.88;;;;1.3.0
2026-09-26;Wales_CymruNorth;Bala Town;Mold Alexandra;66.38;MEDIA-ALTA;9;2026-09-26;Wales_CymruNorth;Wales_CymruNorth;Wales_CymruTier2;Engine v1.3 | Squadra alta: Mold Alexandra (3ª), squadra bassa: Bala Town (8ª) | GF alta: 2.43/gara | GS bassa: 1.50/gara | Profilo ultime 10: 0.82 | Real over index: 0.69;5.29;20.0;;;13.64;8.17;6.9;;;;1.3.0
2026-09-26;Wales_CymruNorth;Newtown;Porthmadog;66.37;MEDIA-ALTA;9;2026-09-26;Wales_CymruNorth;Wales_CymruNorth;Wales_CymruTier2;Engine v1.3 | Squadra alta: Newtown (1ª), squadra bassa: Porthmadog (10ª) | GF alta: 2.17/gara | GS bassa: 1.43/gara | Profilo ultime 10: 0.71 | Real over index: 0.52;15.06;18.06;;;12.99;7.13;5.24;;;;1.3.0
2026-09-26;CzechRepublic_3MSFL;Nove Mesto na Morave;Hlubina;66.36;MEDIA-ALTA;10;2026-09-26;CzechRepublic_3MSFL;CzechRepublic_3MSFL;;Engine v1.3 | Squadra alta: Hlubina (6ª), squadra bassa: Nove Mesto na Morave (12ª) | GF alta: 2.56/gara | GS bassa: 1.56/gara | Profilo ultime 10: 0.73 | Real over index: 0.61;6.67;20.0;;;14.14;7.25;6.11;;;;1.3.0
2026-09-26;Germany_Oberliga_RheinlandPfalzSaar;Cosmos Koblenz;Elversberg 2;66.33;MEDIA-ALTA;13;2026-09-26;Germany_Oberliga_RheinlandPfalzSaar;Germany_Oberliga_RheinlandPfalzSaar;;Engine v1.3 | Squadra alta: Elversberg 2 (13ª), squadra bassa: Cosmos Koblenz (15ª) | GF alta: 1.33/gara | GS bassa: 2.33/gara | Profilo ultime 10: 0.83 | Real over index: 0.67;6.2;11.11;;;20.0;8.35;6.67;;;;1.3.0
2026-09-26;Poland_IIILiga_Group4;Naprzod Jedrzejow;Busko-Zdroj;66.33;MEDIA-ALTA;9;2026-09-26;Poland_IIILiga_Group4;Poland_IIILiga_Group4;;Engine v1.3 | Squadra alta: Naprzod Jedrzejow (8ª), squadra bassa: Busko-Zdroj (10ª) | GF alta: 1.88/gara | GS bassa: 2.00/gara | Profilo ultime 10: 0.89 | Real over index: 0.75;2.1;15.62;;;18.18;8.92;7.5;;;;1.3.0
2026-09-26;Austria_Burgenland;Edelserpentin;Neudorf/Parndorf;66.27;MEDIA-ALTA;9;2026-09-26;Austria_Burgenland;Austria_Burgenland;;Engine v1.3 | Squadra alta: Neudorf/Parndorf (10ª), squadra bassa: Edelserpentin (15ª) | GF alta: 1.29/gara | GS bassa: 2.86/gara | Profilo ultime 10: 0.75 | Real over index: 0.64;8.01;10.71;;;20.0;7.45;6.43;;;;1.3.0
2026-09-26;Poland_IIILiga_Group3;Warta Gorzow;Sleza Wroclaw;65.95;MEDIA-ALTA;10;2026-09-26;Poland_IIILiga_Group3;Poland_IIILiga_Group3;;Engine v1.3 | Squadra alta: Warta Gorzow (9ª), squadra bassa: Sleza Wroclaw (16ª) | GF alta: 1.00/gara | GS bassa: 2.78/gara | Profilo ultime 10: 0.78 | Real over index: 0.67;9.19;8.33;;;20.0;7.76;6.67;;;;1.3.0
2026-09-26;Germany_Regionalliga_Sudwest;Steinbach Haiger;Homburg;65.85;MEDIA-ALTA;11;2026-09-26;Germany_Regionalliga_Sudwest;Germany_Regionalliga_Sudwest;;Engine v1.3 | Squadra alta: Homburg (4ª), squadra bassa: Steinbach Haiger (12ª) | GF alta: 1.50/gara | GS bassa: 1.62/gara | Profilo ultime 10: 0.81 | Real over index: 0.69;9.58;12.5;;;14.77;8.12;6.88;;;;1.3.0
2026-09-26;Italy_SerieC_GironeB;Torres;Vado;65.67;MEDIA-ALTA;7;2026-09-26;Italy_SerieC_GironeB;Italy_SerieC_GironeB;;Engine v1.3 | Squadra alta: Torres (6ª), squadra bassa: Vado (19ª) | GF alta: 1.33/gara | GS bassa: 1.60/gara | Profilo ultime 10: 0.58 | Real over index: 0.45;19.25;11.11;;;14.55;5.76;4.5;;;;1.3.0
2026-09-26;Wales_CymruPremier;Cardiff Metropolitan;Caernarfon;65.63;MEDIA-ALTA;11;2026-09-26;Wales_CymruPremier;Wales_CymruPremier;;Engine v1.3 | Squadra alta: Caernarfon (5ª), squadra bassa: Cardiff Metropolitan (10ª) | GF alta: 2.60/gara | GS bassa: 1.22/gara | Profilo ultime 10: 0.84 | Real over index: 0.68;5.31;20.0;;;11.11;8.43;6.78;;;;1.3.0
2026-09-26;Germany_Oberliga_Hessen;Hadamar;Kassel 2;65.54;MEDIA-ALTA;12;2026-09-26;Germany_Oberliga_Hessen;Germany_Oberliga_Hessen;;Engine v1.3 | Squadra alta: Hadamar (8ª), squadra bassa: Kassel 2 (14ª) | GF alta: 1.50/gara | GS bassa: 1.70/gara | Profilo ultime 10: 0.73 | Real over index: 0.50;11.3;12.5;;;15.45;7.29;5.0;;;;1.3.0
2026-09-26;Wales_CymruPremier;Penybont;Airbus;65.43;MEDIA-ALTA;11;2026-09-26;Wales_CymruPremier;Wales_CymruPremier;;Engine v1.3 | Squadra alta: Penybont (2ª), squadra bassa: Airbus (9ª) | GF alta: 2.00/gara | GS bassa: 1.50/gara | Profilo ultime 10: 0.74 | Real over index: 0.50;11.42;16.67;;;13.64;7.4;5.0;;;;1.3.0
2026-09-26;Germany_Oberliga_Hessen;Friedberg;Pohlheim;65.3;MEDIA-ALTA;12;2026-09-26;Germany_Oberliga_Hessen;Germany_Oberliga_Hessen;;Engine v1.3 | Squadra alta: Friedberg (5ª), squadra bassa: Pohlheim (7ª) | GF alta: 2.20/gara | GS bassa: 1.70/gara | Profilo ultime 10: 0.86 | Real over index: 0.70;1.86;18.33;;;15.45;8.65;7.0;;;;1.3.0
2026-09-26;Austria_Niederosterreich;Retz;Ortmann;65.05;MEDIA-ALTA;8;2026-09-26;Austria_Niederosterreich;Austria_Niederosterreich;;Engine v1.3 | Squadra alta: Retz (5ª), squadra bassa: Ortmann (12ª) | GF alta: 2.00/gara | GS bassa: 1.43/gara | Profilo ultime 10: 0.66 | Real over index: 0.50;11.76;16.67;;;12.99;6.63;5.0;;;;1.3.0
2026-09-26;Sweden_Division2_SodraGotaland;Nosaby;Staffanstorp United;65.02;MEDIA-ALTA;28;2026-09-26;Sweden_Division2_SodraGotaland;Sweden_Division2_SodraGotaland;;Engine v1.3 | Squadra alta: Nosaby (7ª), squadra bassa: Staffanstorp United (11ª) | GF alta: 1.74/gara | GS bassa: 1.73/gara | Profilo ultime 10: 0.82 | Real over index: 0.65;6.08;14.49;;;15.7;8.24;6.5;;;;1.3.0
2026-09-26;Denmark_3rdDivision;BK Frem;Sundby;64.94;MEDIA-ALTA;9;2026-09-26;Denmark_3rdDivision;Denmark_3rdDivision;;Engine v1.3 | Squadra alta: BK Frem (9ª), squadra bassa: Sundby (10ª) | GF alta: 2.00/gara | GS bassa: 1.88/gara | Profilo ultime 10: 0.85 | Real over index: 0.69;1.89;16.67;;;17.05;8.46;6.88;;;;1.3.0
2026-09-26;CzechRepublic_3MSFL;Uhersky Brod;Sigma Olomouc B;64.93;MEDIA-ALTA;10;2026-09-26;CzechRepublic_3MSFL;CzechRepublic_3MSFL;;Engine v1.3 | Squadra alta: Sigma Olomouc B (5ª), squadra bassa: Uhersky Brod (11ª) | GF alta: 1.89/gara | GS bassa: 1.67/gara | Profilo ultime 10: 0.78 | Real over index: 0.56;7.73;15.74;;;15.15;7.77;5.56;;;;1.3.0
2026-09-26;Germany_Regionalliga_Nord;Amburgo 2;Delmenhorst;64.91;MEDIA-ALTA;12;2026-09-26;Germany_Regionalliga_Nord;Germany_Regionalliga_Nord;;Engine v1.3 | Squadra alta: Delmenhorst (8ª), squadra bassa: Amburgo 2 (12ª) | GF alta: 1.40/gara | GS bassa: 2.20/gara | Profilo ultime 10: 0.85 | Real over index: 0.70;3.72;11.67;;;20.0;8.53;7.0;;;;1.3.0
2026-09-26;CzechRepublic_4Liga_GroupC;Slavia HK;Chlumec nad Cidlinou;64.87;MEDIA-ALTA;9;2026-09-26;CzechRepublic_4Liga_GroupC;CzechRepublic_4Liga_GroupC;CzechRepublic_4Liga;Engine v1.3 | Squadra alta: Chlumec nad Cidlinou (52ª), squadra bassa: Slavia HK (53ª) | GF alta: 1.71/gara | GS bassa: 2.29/gara | Profilo ultime 10: 0.89 | Real over index: 0.71;0.51;14.29;;;20.0;8.93;7.14;;;;1.3.0
2026-09-26;NorthernIreland_NIFLChampionship;Armagh;Dundela;64.84;MEDIA-ALTA;9;2026-09-26;NorthernIreland_NIFLChampionship;NorthernIreland_NIFLChampionship;;Engine v1.3 | Squadra alta: Dundela (12ª), squadra bassa: Armagh (15ª) | GF alta: 2.00/gara | GS bassa: 1.75/gara | Profilo ultime 10: 0.75 | Real over index: 0.56;6.31;16.67;;;15.91;7.5;5.62;;;;1.3.0
2026-09-26;CzechRepublic_3CFL_GroupB;Neratovice;Caslav;64.78;MEDIA-ALTA;9;2026-09-26;CzechRepublic_3CFL_GroupB;CzechRepublic_3CFL_GroupB;CzechRepublic_3rdTier;Engine v1.3 | Squadra alta: Neratovice (24ª), squadra bassa: Caslav (27ª) | GF alta: 2.29/gara | GS bassa: 2.17/gara | Profilo ultime 10: 0.73 | Real over index: 0.61;1.77;19.05;;;19.7;7.31;6.07;;;;1.3.0
2026-09-26;Germany_Regionalliga_Bayern;Augsburg 2;Aubstadt;64.36;MEDIA-ALTA;12;2026-09-26;Germany_Regionalliga_Bayern;Germany_Regionalliga_Bayern;;Engine v1.3 | Squadra alta: Augsburg 2 (10ª), squadra bassa: Aubstadt (16ª) | GF alta: 1.50/gara | GS bassa: 1.78/gara | Profilo ultime 10: 0.87 | Real over index: 0.73;5.68;12.5;;;16.16;8.73;7.28;;;;1.3.0
2026-09-26;Wales_CymruPremier;Cambrian United;Llandudno;64.34;MEDIA-ALTA;11;2026-09-26;Wales_CymruPremier;Wales_CymruPremier;;Engine v1.3 | Squadra alta: Cambrian United (7ª), squadra bassa: Llandudno (8ª) | GF alta: 2.50/gara | GS bassa: 1.40/gara | Profilo ultime 10: 0.83 | Real over index: 0.70;2.31;20.0;;;12.73;8.3;7.0;;;;1.3.0
2026-09-26;Germany_Regionalliga_Sudwest;VfR Mannheim;Fulda-Lehnerz;64.34;MEDIA-ALTA;11;2026-09-26;Germany_Regionalliga_Sudwest;Germany_Regionalliga_Sudwest;;Engine v1.3 | Squadra alta: VfR Mannheim (9ª), squadra bassa: Fulda-Lehnerz (17ª) | GF alta: 1.12/gara | GS bassa: 2.00/gara | Profilo ultime 10: 0.74 | Real over index: 0.62;10.77;9.38;;;18.18;7.38;6.25;;;;1.3.0
2026-09-26;CzechRepublic_4Liga_GroupD;Havlickuv Brod;Zdar nad Sazavou;64.3;MEDIA-ALTA;8;2026-09-26;CzechRepublic_4Liga_GroupD;CzechRepublic_4Liga_GroupD;CzechRepublic_4Liga;Engine v1.3 | Squadra alta: Havlickuv Brod (46ª), squadra bassa: Zdar nad Sazavou (59ª) | GF alta: 1.57/gara | GS bassa: 1.57/gara | Profilo ultime 10: 0.79 | Real over index: 0.57;9.4;13.1;;;14.29;7.89;5.71;;;;1.3.0
2026-09-26;Poland_IIILiga_Group3;Kluczbork;Nysa;64.26;MEDIA-ALTA;10;2026-09-26;Poland_IIILiga_Group3;Poland_IIILiga_Group3;;Engine v1.3 | Squadra alta: Kluczbork (8ª), squadra bassa: Nysa (17ª) | GF alta: 1.00/gara | GS bassa: 2.33/gara | Profilo ultime 10: 0.66 | Real over index: 0.61;11.06;8.33;;;20.0;6.57;6.11;;;;1.3.0
2026-09-26;Sweden_Division2_NorraGotaland;Grebbestad;Skara;64.25;MEDIA-ALTA;25;2026-09-26;Sweden_Division2_NorraGotaland;Sweden_Division2_NorraGotaland;;Engine v1.3 | Squadra alta: Skara (2ª), squadra bassa: Grebbestad (5ª) | GF alta: 2.13/gara | GS bassa: 1.45/gara | Profilo ultime 10: 0.75 | Real over index: 0.55;8.15;17.75;;;13.22;7.48;5.5;;;;1.3.0
2026-09-26;Wales_CymruNorth;Llanuwchllyn;Caersws;64.18;MEDIA-ALTA;9;2026-09-26;Wales_CymruNorth;Wales_CymruNorth;Wales_CymruTier2;Engine v1.3 | Squadra alta: Caersws (7ª), squadra bassa: Llanuwchllyn (11ª) | GF alta: 1.83/gara | GS bassa: 1.71/gara | Profilo ultime 10: 0.78 | Real over index: 0.61;6.14;15.28;;;15.58;7.82;6.07;;;;1.3.0
2026-09-26;Germany_Oberliga_NOFV_Sud;Einheit Wernigerode;Freital;64.05;MEDIA-ALTA;6;2026-09-26;Germany_Oberliga_NOFV_Sud;Germany_Oberliga_NOFV_Sud;;Engine v1.3 | Squadra alta: Einheit Wernigerode (9ª), squadra bassa: Freital (11ª) | GF alta: 1.80/gara | GS bassa: 1.80/gara | Profilo ultime 10: 0.88 | Real over index: 0.70;2.93;15.0;;;16.36;8.75;7.0;;;;1.3.0
2026-09-26;CzechRepublic_3CFL_GroupB;Velke Hamry;Brozany;63.96;MEDIA-ALTA;9;2026-09-26;CzechRepublic_3CFL_GroupB;CzechRepublic_3CFL_GroupB;CzechRepublic_3rdTier;Engine v1.3 | Squadra alta: Brozany (20ª), squadra bassa: Velke Hamry (32ª) | GF alta: 1.14/gara | GS bassa: 2.71/gara | Profilo ultime 10: 0.57 | Real over index: 0.57;14.33;9.52;;;20.0;5.72;5.71;;;;1.3.0
2026-09-26;CzechRepublic_4Liga_GroupE;Breclav;Hluk;63.95;MEDIA-ALTA;8;2026-09-26;CzechRepublic_4Liga_GroupE;CzechRepublic_4Liga_GroupE;CzechRepublic_4Liga;Engine v1.3 | Squadra alta: Hluk (31ª), squadra bassa: Breclav (39ª) | GF alta: 2.86/gara | GS bassa: 1.00/gara | Profilo ultime 10: 0.82 | Real over index: 0.71;5.47;20.0;;;9.09;8.25;7.14;;;;1.3.0
2026-09-26;Ukraine_PershaLiga;UCSA;Viktoria;63.92;MEDIA-ALTA;9;2026-09-26;Ukraine_PershaLiga;Ukraine_PershaLiga;;Engine v1.3 | Squadra alta: Viktoria (1ª), squadra bassa: UCSA (11ª) | GF alta: 1.38/gara | GS bassa: 1.75/gara | Profilo ultime 10: 0.70 | Real over index: 0.50;13.48;11.46;;;15.91;7.04;5.0;;;;1.3.0
2026-09-26;Wales_CymruPremier;Colwyn Bay;Haverfordwest;63.76;MEDIA-ALTA;11;2026-09-26;Wales_CymruPremier;Wales_CymruPremier;;Engine v1.3 | Squadra alta: Colwyn Bay (6ª), squadra bassa: Haverfordwest (11ª) | GF alta: 2.00/gara | GS bassa: 1.56/gara | Profilo ultime 10: 0.66 | Real over index: 0.52;9.55;16.67;;;14.14;6.65;5.22;;;;1.3.0
2026-09-26;Netherlands_EersteDivisie;Breda;Eindhoven;63.76;MEDIA-ALTA;10;2026-09-26;Netherlands_EersteDivisie;Netherlands_EersteDivisie;;Engine v1.3 | Squadra alta: Breda (11ª), squadra bassa: Eindhoven (12ª) | GF alta: 1.86/gara | GS bassa: 1.86/gara | Profilo ultime 10: 0.91 | Real over index: 0.79;0.41;15.48;;;16.88;9.14;7.86;;;;1.3.0
2026-09-26;Poland_IIILiga_Group1;Mazovia Minsk Mazowiecki;Suwalki;63.63;MEDIA-ALTA;10;2026-09-26;Poland_IIILiga_Group1;Poland_IIILiga_Group1;;Engine v1.3 | Squadra alta: Mazovia Minsk Mazowiecki (2ª), squadra bassa: Suwalki (3ª) | GF alta: 2.89/gara | GS bassa: 1.11/gara | Profilo ultime 10: 0.82 | Real over index: 0.67;4.64;20.0;;;10.1;8.22;6.67;;;;1.3.0
2026-09-26;Sweden_Division1_Sodra;Utsikten;Jonkoping;63.61;MEDIA-ALTA;26;2026-09-26;Sweden_Division1_Sodra;Sweden_Division1_Sodra;;Engine v1.3 | Squadra alta: Jonkoping (8ª), squadra bassa: Utsikten (16ª) | GF alta: 1.26/gara | GS bassa: 2.48/gara | Profilo ultime 10: 0.53 | Real over index: 0.40;14.05;10.51;;;20.0;5.33;4.0;;;;1.3.0
2026-09-26;Germany_Oberliga_NOFV_Sud;Krieschow;Bautzen;63.55;MEDIA-ALTA;6;2026-09-26;Germany_Oberliga_NOFV_Sud;Germany_Oberliga_NOFV_Sud;;Engine v1.3 | Squadra alta: Bautzen (12ª), squadra bassa: Krieschow (13ª) | GF alta: 1.40/gara | GS bassa: 3.00/gara | Profilo ultime 10: 0.79 | Real over index: 0.80;4.33;11.67;;;20.0;7.89;8.0;;;;1.3.0
2026-09-26;Mexico_LigaExpansionMX_Apertura;Correcaminos;Jaiba Brava;63.53;MEDIA-ALTA;11;2026-09-26;Mexico_LigaExpansionMX_Apertura;Mexico_LigaExpansionMX_Apertura;;Engine v1.3 | Squadra alta: Correcaminos (10ª), squadra bassa: Jaiba Brava (12ª) | GF alta: 2.00/gara | GS bassa: 1.67/gara | Profilo ultime 10: 0.83 | Real over index: 0.72;2.16;16.67;;;15.15;8.33;7.22;;;;1.3.0
2026-09-26;Germany_Regionalliga_Nord;Jeddeloh;Norderstedt;63.51;MEDIA-ALTA;12;2026-09-26;Germany_Regionalliga_Nord;Germany_Regionalliga_Nord;;Engine v1.3 | Squadra alta: Jeddeloh (11ª), squadra bassa: Norderstedt (13ª) | GF alta: 1.60/gara | GS bassa: 2.70/gara | Profilo ultime 10: 0.88 | Real over index: 0.65;0.91;13.33;;;20.0;8.78;6.5;;;;1.3.0
2026-09-26;Sweden_Division2_VastraGotaland;Jonsereds;Hestrafors;63.44;MEDIA-ALTA;25;2026-09-26;Sweden_Division2_VastraGotaland;Sweden_Division2_VastraGotaland;;Engine v1.3 | Squadra alta: Hestrafors (3ª), squadra bassa: Jonsereds (4ª) | GF alta: 2.14/gara | GS bassa: 1.64/gara | Profilo ultime 10: 0.83 | Real over index: 0.70;1.46;17.8;;;14.88;8.3;7.0;;;;1.3.0
2026-09-26;CzechRepublic_3MSFL;Blansko;SK Hranice;63.26;MEDIA-ALTA;10;2026-09-26;CzechRepublic_3MSFL;CzechRepublic_3MSFL;;Engine v1.3 | Squadra alta: SK Hranice (8ª), squadra bassa: Blansko (15ª) | GF alta: 1.22/gara | GS bassa: 2.67/gara | Profilo ultime 10: 0.71 | Real over index: 0.50;9.19;10.19;;;20.0;7.1;5.0;;;;1.3.0
2026-09-26;Poland_IIILiga_Group3;ROW Rybnik;Brzeg;63.12;MEDIA-ALTA;10;2026-09-26;Poland_IIILiga_Group3;Poland_IIILiga_Group3;;Engine v1.3 | Squadra alta: Brzeg (11ª), squadra bassa: ROW Rybnik (13ª) | GF alta: 1.67/gara | GS bassa: 2.78/gara | Profilo ultime 10: 0.83 | Real over index: 0.61;0.81;13.89;;;20.0;8.31;6.11;;;;1.3.0
2026-09-26;Austria_Regionalliga_North;Union Gurten;TSV St. Johann;63.11;MEDIA-ALTA;11;2026-09-26;Austria_Regionalliga_North;Austria_Regionalliga_North;;Engine v1.3 | Squadra alta: Union Gurten (3ª), squadra bassa: TSV St. Johann (7ª) | GF alta: 2.00/gara | GS bassa: 1.67/gara | Profilo ultime 10: 0.74 | Real over index: 0.56;4.8;16.67;;;15.15;7.36;5.56;;;;1.3.0
2026-09-26;Poland_IIILiga_Group3;Carina Gubin;Stilon Gorzow;63.06;MEDIA-ALTA;10;2026-09-26;Poland_IIILiga_Group3;Poland_IIILiga_Group3;;Engine v1.3 | Squadra alta: Stilon Gorzow (14ª), squadra bassa: Carina Gubin (18ª) | GF alta: 1.56/gara | GS bassa: 2.11/gara | Profilo ultime 10: 0.70 | Real over index: 0.61;6.92;12.96;;;19.19;6.99;6.11;;;;1.3.0
2026-09-26;Sweden_Division2_Norrland;IFK Ostersund;Boden;62.87;MEDIA-ALTA;27;2026-09-26;Sweden_Division2_Norrland;Sweden_Division2_Norrland;;Engine v1.3 | Squadra alta: IFK Ostersund (5ª), squadra bassa: Boden (6ª) | GF alta: 2.17/gara | GS bassa: 1.52/gara | Profilo ultime 10: 0.88 | Real over index: 0.75;0.64;18.12;;;13.83;8.77;7.5;;;;1.3.0
2026-09-26;NorthernIreland_NIFLPremiership;Ballymena;Portadown;62.85;MEDIA-ALTA;11;2026-09-26;NorthernIreland_NIFLPremiership;NorthernIreland_NIFLPremiership;;Engine v1.3 | Squadra alta: Ballymena (9ª), squadra bassa: Portadown (12ª) | GF alta: 1.43/gara | GS bassa: 2.12/gara | Profilo ultime 10: 0.65 | Real over index: 0.54;9.08;11.9;;;19.32;6.55;5.36;;;;1.3.0
2026-09-26;Germany_Regionalliga_Sudwest;Freiberg;Kickers Stoccarda;62.8;MEDIA-ALTA;11;2026-09-26;Germany_Regionalliga_Sudwest;Germany_Regionalliga_Sudwest;;Engine v1.3 | Squadra alta: Freiberg (2ª), squadra bassa: Kickers Stoccarda (3ª) | GF alta: 2.75/gara | GS bassa: 1.38/gara | Profilo ultime 10: 0.82 | Real over index: 0.75;2.84;20.0;;;12.5;8.25;7.5;;;;1.3.0
2026-09-26;Germany_Oberliga_Bayern_Sud;Ismaning;Monaco 1860 2;62.78;MEDIA-ALTA;13;2026-09-26;Germany_Oberliga_Bayern_Sud;Germany_Oberliga_Bayern_Sud;;Engine v1.3 | Squadra alta: Ismaning (8ª), squadra bassa: Monaco 1860 2 (10ª) | GF alta: 1.82/gara | GS bassa: 2.00/gara | Profilo ultime 10: 0.82 | Real over index: 0.55;1.77;15.15;;;18.18;8.18;5.5;;;;1.3.0
2026-09-26;Wales_CymruPremier;Holywell;Briton Ferry;62.75;MEDIA-ALTA;11;2026-09-26;Wales_CymruPremier;Wales_CymruPremier;;Engine v1.3 | Squadra alta: Briton Ferry (12ª), squadra bassa: Holywell (16ª) | GF alta: 0.90/gara | GS bassa: 3.50/gara | Profilo ultime 10: 0.70 | Real over index: 0.65;8.29;7.5;;;20.0;7.04;6.5;;;;1.3.0
2026-09-26;Netherlands_EredivisieWomen;PSV D;De Graafschap D;62.75;MEDIA-ALTA;6;2026-09-26;Netherlands_EredivisieWomen;Netherlands_EredivisieWomen;;Engine v1.3 | Squadra alta: PSV D (4ª), squadra bassa: De Graafschap D (6ª) | GF alta: 2.00/gara | GS bassa: 1.60/gara | Profilo ultime 10: 0.79 | Real over index: 0.60;3.62;16.67;;;14.55;7.92;6.0;;;;1.3.0
2026-09-26;CzechRepublic_4Liga_GroupA;Doubravka;Hluboka nad Vltavou;62.61;MEDIA-ALTA;8;2026-09-26;CzechRepublic_4Liga_GroupA;CzechRepublic_4Liga_GroupA;CzechRepublic_4Liga;Engine v1.3 | Squadra alta: Doubravka (49ª), squadra bassa: Hluboka nad Vltavou (55ª) | GF alta: 1.57/gara | GS bassa: 1.40/gara | Profilo ultime 10: 0.86 | Real over index: 0.76;6.62;13.1;;;12.73;8.6;7.57;;;;1.3.0
2026-09-26;Switzerland_PromotionLeague;Bulle;Schaffhausen;62.49;MEDIA-ALTA;11;2026-09-26;Switzerland_PromotionLeague;Switzerland_PromotionLeague;;Engine v1.3 | Squadra alta: Bulle (2ª), squadra bassa: Schaffhausen (3ª) | GF alta: 2.25/gara | GS bassa: 1.25/gara | Profilo ultime 10: 0.87 | Real over index: 0.81;1.6;18.75;;;11.36;8.66;8.12;;;;1.3.0
2026-09-26;Denmark_3rdDivision;ASA Aarhus;Horsholm-Usserod;62.43;MEDIA-ALTA;9;2026-09-26;Denmark_3rdDivision;Denmark_3rdDivision;;Engine v1.3 | Squadra alta: ASA Aarhus (6ª), squadra bassa: Horsholm-Usserod (8ª) | GF alta: 1.38/gara | GS bassa: 2.00/gara | Profilo ultime 10: 0.76 | Real over index: 0.50;6.17;11.46;;;18.18;7.62;5.0;;;;1.3.0
2026-09-26;Norway_2ndDivision_Group1;Lysekloster;Sandviken;62.38;MEDIA-ALTA;22;2026-09-26;Norway_2ndDivision_Group1;Norway_2ndDivision_Group1;;Engine v1.3 | Squadra alta: Sandviken (11ª), squadra bassa: Lysekloster (12ª) | GF alta: 1.45/gara | GS bassa: 2.10/gara | Profilo ultime 10: 0.81 | Real over index: 0.70;2.98;12.08;;;19.09;8.11;7.0;;;;1.3.0
2026-09-26;Norway_2ndDivision_Group1;Sotra;Pors;62.12;MEDIA-ALTA;22;2026-09-26;Norway_2ndDivision_Group1;Norway_2ndDivision_Group1;;Engine v1.3 | Squadra alta: Sotra (6ª), squadra bassa: Pors (10ª) | GF alta: 2.00/gara | GS bassa: 1.33/gara | Profilo ultime 10: 0.71 | Real over index: 0.60;7.66;16.67;;;12.12;7.11;6.0;;;;1.3.0
2026-09-26;Bosnia_PrvaLiga_RS;Potkozarje;Leotar;62.04;MEDIA-ALTA;9;2026-09-26;Bosnia_PrvaLiga_RS;Bosnia_PrvaLiga_RS;;Engine v1.3 | Squadra alta: Leotar (2ª), squadra bassa: Potkozarje (5ª) | GF alta: 2.57/gara | GS bassa: 1.17/gara | Profilo ultime 10: 0.63 | Real over index: 0.52;11.76;20.0;;;10.61;6.29;5.24;;;;1.3.0
2026-09-26;Poland_IIILiga_Group4;Korona 2;Wieczysta Krakow 2;62.01;MEDIA-ALTA;9;2026-09-26;Poland_IIILiga_Group4;Poland_IIILiga_Group4;;Engine v1.3 | Squadra alta: Wieczysta Krakow 2 (14ª), squadra bassa: Korona 2 (18ª) | GF alta: 1.00/gara | GS bassa: 2.62/gara | Profilo ultime 10: 0.77 | Real over index: 0.69;5.39;8.33;;;20.0;7.69;6.88;;;;1.3.0
2026-09-26;Sweden_Division2_Norrland;Kubikenborgs IF;IFK Lulea;61.96;MEDIA-ALTA;27;2026-09-26;Sweden_Division2_Norrland;Sweden_Division2_Norrland;;Engine v1.3 | Squadra alta: Kubikenborgs IF (2ª), squadra bassa: IFK Lulea (3ª) | GF alta: 2.36/gara | GS bassa: 1.26/gara | Profilo ultime 10: 0.80 | Real over index: 0.70;1.94;19.7;;;11.46;8.01;7.0;;;;1.3.0
2026-09-26;Poland_IIILiga_Group2;Koszalin;Gedania Gdansk;61.87;MEDIA-ALTA;10;2026-09-26;Poland_IIILiga_Group2;Poland_IIILiga_Group2;;Engine v1.3 | Squadra alta: Gedania Gdansk (10ª), squadra bassa: Koszalin (13ª) | GF alta: 2.44/gara | GS bassa: 1.44/gara | Profilo ultime 10: 0.75 | Real over index: 0.61;2.28;20.0;;;13.13;7.52;6.11;;;;1.3.0
2026-09-26;Switzerland_PromotionLeague;YF Juventus;Kreuzlingen;61.8;MEDIA-ALTA;11;2026-09-26;Switzerland_PromotionLeague;Switzerland_PromotionLeague;;Engine v1.3 | Squadra alta: YF Juventus (7ª), squadra bassa: Kreuzlingen (16ª) | GF alta: 1.50/gara | GS bassa: 1.50/gara | Profilo ultime 10: 0.74 | Real over index: 0.62;8.41;12.5;;;13.64;7.44;6.25;;;;1.3.0
2026-09-26;Germany_Regionalliga_Nord;Eimsbutteler;Hannoverscher SC;61.79;MEDIA-ALTA;12;2026-09-26;Germany_Regionalliga_Nord;Germany_Regionalliga_Nord;;Engine v1.3 | Squadra alta: Hannoverscher SC (14ª), squadra bassa: Eimsbutteler (15ª) | GF alta: 1.40/gara | GS bassa: 3.20/gara | Profilo ultime 10: 0.87 | Real over index: 0.70;0.45;11.67;;;20.0;8.67;7.0;;;;1.3.0
2026-09-26;CzechRepublic_3CFL_GroupA;Domazlice;Ceske Budejovice;61.76;MEDIA-ALTA;10;2026-09-26;CzechRepublic_3CFL_GroupA;CzechRepublic_3CFL_GroupA;CzechRepublic_3rdTier;Engine v1.3 | Squadra alta: Ceske Budejovice (2ª), squadra bassa: Domazlice (4ª) | GF alta: 3.57/gara | GS bassa: 1.43/gara | Profilo ultime 10: 0.82 | Real over index: 0.71;1.03;20.0;;;12.99;8.21;7.14;;;;1.3.0
2026-09-26;Slovakia_2Liga;Z. Moravce-Vrable;Petrzalka;61.67;MEDIA-ALTA;10;2026-09-26;Slovakia_2Liga;Slovakia_2Liga;;Engine v1.3 | Squadra alta: Petrzalka (1ª), squadra bassa: Z. Moravce-Vrable (10ª) | GF alta: 2.00/gara | GS bassa: 0.78/gara | Profilo ultime 10: 0.61 | Real over index: 0.44;17.33;16.67;;;7.07;6.09;4.44;;;;1.3.0
2026-09-26;Germany_Regionalliga_West;Colonia 2;Hilden;61.35;MEDIA-ALTA;11;2026-09-26;Germany_Regionalliga_West;Germany_Regionalliga_West;;Engine v1.3 | Squadra alta: Colonia 2 (11ª), squadra bassa: Hilden (13ª) | GF alta: 1.67/gara | GS bassa: 1.89/gara | Profilo ultime 10: 0.78 | Real over index: 0.67;3.02;13.89;;;17.17;7.77;6.67;;;;1.3.0
2026-09-26;Germany_Oberliga_RheinlandPfalzSaar;Emmelshausen-Karbach;Gonsenheim;61.28;MEDIA-ALTA;13;2026-09-26;Germany_Oberliga_RheinlandPfalzSaar;Germany_Oberliga_RheinlandPfalzSaar;;Engine v1.3 | Squadra alta: Emmelshausen-Karbach (10ª), squadra bassa: Gonsenheim (11ª) | GF alta: 2.00/gara | GS bassa: 1.44/gara | Profilo ultime 10: 0.88 | Real over index: 0.72;1.51;16.67;;;13.13;8.75;7.22;;;;1.3.0
2026-09-26;Germany_Oberliga_Bayern_Nord;Stadeln;Grossbardorf;61.28;MEDIA-ALTA;16;2026-09-26;Germany_Oberliga_Bayern_Nord;Germany_Oberliga_Bayern_Nord;;Engine v1.3 | Squadra alta: Stadeln (10ª), squadra bassa: Grossbardorf (14ª) | GF alta: 1.36/gara | GS bassa: 2.09/gara | Profilo ultime 10: 0.71 | Real over index: 0.60;4.41;11.36;;;19.01;7.13;6.0;;;;1.3.0
2026-09-26;Austria_Regionalliga_South;Hartberg (Am);Gleisdorf;60.88;MEDIA-ALTA;10;2026-09-26;Austria_Regionalliga_South;Austria_Regionalliga_South;;Engine v1.3 | Squadra alta: Gleisdorf (13ª), squadra bassa: Hartberg (Am) (16ª) | GF alta: 1.14/gara | GS bassa: 2.57/gara | Profilo ultime 10: 0.76 | Real over index: 0.79;3.94;9.52;;;20.0;7.56;7.86;;;;1.3.0
2026-09-26;Austria_Regionalliga_South;Donau Klagenfurt;Wolfsberger (Am);60.81;MEDIA-ALTA;10;2026-09-26;Austria_Regionalliga_South;Austria_Regionalliga_South;;Engine v1.3 | Squadra alta: Wolfsberger (Am) (11ª), squadra bassa: Donau Klagenfurt (15ª) | GF alta: 1.38/gara | GS bassa: 1.75/gara | Profilo ultime 10: 0.69 | Real over index: 0.56;8.77;11.46;;;15.91;6.95;5.62;;;;1.3.0
2026-09-26;Sweden_Division2_VastraGotaland;Galtabacks BK;Astrio;60.77;MEDIA-ALTA;25;2026-09-26;Sweden_Division2_VastraGotaland;Sweden_Division2_VastraGotaland;;Engine v1.3 | Squadra alta: Galtabacks BK (13ª), squadra bassa: Astrio (14ª) | GF alta: 1.39/gara | GS bassa: 2.41/gara | Profilo ultime 10: 0.60 | Real over index: 0.55;6.7;11.59;;;20.0;6.01;5.5;;;;1.3.0
2026-09-26;Italy_SerieC_GironeA;Lumezzane;Folgore Caratese;60.76;MEDIA-ALTA;7;2026-09-26;Italy_SerieC_GironeA;Italy_SerieC_GironeA;;Engine v1.3 | Squadra alta: Lumezzane (8ª), squadra bassa: Folgore Caratese (17ª) | GF alta: 1.20/gara | GS bassa: 1.50/gara | Profilo ultime 10: 0.63 | Real over index: 0.55;14.13;10.0;;;13.64;6.27;5.5;;;;1.3.0
2026-09-26;Sweden_Division1_Sodra;Rosengard;Hassleholms IF;60.74;MEDIA-ALTA;26;2026-09-26;Sweden_Division1_Sodra;Sweden_Division1_Sodra;;Engine v1.3 | Squadra alta: Hassleholms IF (2ª), squadra bassa: Rosengard (6ª) | GF alta: 1.96/gara | GS bassa: 1.43/gara | Profilo ultime 10: 0.74 | Real over index: 0.50;5.42;16.32;;;13.04;7.45;5.0;;;;1.3.0
2026-09-26;NorthernIreland_NIFLPremiership;Limavady;Cliftonville;60.68;MEDIA-ALTA;11;2026-09-26;NorthernIreland_NIFLPremiership;NorthernIreland_NIFLPremiership;;Engine v1.3 | Squadra alta: Cliftonville (4ª), squadra bassa: Limavady (10ª) | GF alta: 1.50/gara | GS bassa: 1.57/gara | Profilo ultime 10: 0.66 | Real over index: 0.53;10.33;12.5;;;14.29;6.57;5.27;;;;1.3.0
2026-09-26;Sweden_Division1_Sodra;Skövde;Olympic;60.67;MEDIA-ALTA;26;2026-09-26;Sweden_Division1_Sodra;Sweden_Division1_Sodra;;Engine v1.3 | Squadra alta: Olympic (10ª), squadra bassa: Skövde (12ª) | GF alta: 1.74/gara | GS bassa: 1.52/gara | Profilo ultime 10: 0.90 | Real over index: 0.75;2.27;14.49;;;13.83;8.97;7.5;;;;1.3.0
2026-09-26;Wales_CymruPremier;Barry;Connah's Q.;60.66;MEDIA-ALTA;11;2026-09-26;Wales_CymruPremier;Wales_CymruPremier;;Engine v1.3 | Squadra alta: Connah's Q. (3ª), squadra bassa: Barry (4ª) | GF alta: 2.30/gara | GS bassa: 1.60/gara | Profilo ultime 10: 0.83 | Real over index: 0.75;0.41;19.17;;;14.55;8.27;7.5;;;;1.3.0
2026-09-26;Norway_2ndDivision_Group2;Junkeren;Rana FK;60.52;MEDIA-ALTA;26;2026-09-26;Norway_2ndDivision_Group2;Norway_2ndDivision_Group2;;Engine v1.3 | Squadra alta: Junkeren (8ª), squadra bassa: Rana FK (10ª) | GF alta: 1.45/gara | GS bassa: 1.90/gara | Profilo ultime 10: 0.81 | Real over index: 0.60;3.09;12.08;;;17.27;8.07;6.0;;;;1.3.0
2026-09-26;Austria_Steiermark;SV Wildon;Koflach;60.43;MEDIA-ALTA;6;2026-09-26;Austria_Steiermark;Austria_Steiermark;16 clubs, double round robin.;Engine v1.3 | Squadra alta: Koflach (3ª), squadra bassa: SV Wildon (7ª) | GF alta: 2.75/gara | GS bassa: 1.20/gara | Profilo ultime 10: 0.65 | Real over index: 0.45;10.16;20.0;;;10.91;6.52;4.5;;;;1.3.0
2026-09-26;Germany_Oberliga_BadenWurttemberg;Essingen;Nottingen;60.06;MEDIA-ALTA;11;2026-09-26;Germany_Oberliga_BadenWurttemberg;Germany_Oberliga_BadenWurttemberg;;Engine v1.3 | Squadra alta: Essingen (16ª), squadra bassa: Nottingen (17ª) | GF alta: 1.00/gara | GS bassa: 2.12/gara | Profilo ultime 10: 0.75 | Real over index: 0.69;4.03;8.33;;;19.32;7.51;6.88;;;;1.3.0
2026-09-26;Italy_SerieC_GironeC;Crotone;Salernitana;59.98;MEDIA;7;2026-09-26;Italy_SerieC_GironeC;Italy_SerieC_GironeC;;Engine v1.3 | Squadra alta: Salernitana (8ª), squadra bassa: Crotone (18ª) | GF alta: 1.50/gara | GS bassa: 1.50/gara | Profilo ultime 10: 0.58 | Real over index: 0.33;13.59;12.5;;;13.64;5.78;3.33;;;;1.3.0
2026-09-26;Austria_Karnten;Nussdorf;Kottmannsdorf;59.95;MEDIA;11;2026-09-26;Austria_Karnten;Austria_Karnten;;Engine v1.3 | Squadra alta: Kottmannsdorf (15ª), squadra bassa: Nussdorf (16ª) | GF alta: 1.25/gara | GS bassa: 4.00/gara | Profilo ultime 10: 0.79 | Real over index: 0.94;1.6;10.42;;;20.0;7.92;9.38;;;;1.3.0
2026-09-26;Austria_Tirol;SC Mils 05;Innsbrucker AC;59.81;MEDIA;10;2026-09-26;Austria_Tirol;Austria_Tirol;;Engine v1.3 | Squadra alta: Innsbrucker AC (3ª), squadra bassa: SC Mils 05 (7ª) | GF alta: 1.88/gara | GS bassa: 1.62/gara | Profilo ultime 10: 0.75 | Real over index: 0.50;5.2;15.62;;;14.77;7.5;5.0;;;;1.3.0
2026-09-26;Ukraine_PershaLiga;Probiy Horodenka;Lokomotyv Kyiv;59.56;MEDIA;9;2026-09-26;Ukraine_PershaLiga;Ukraine_PershaLiga;;Engine v1.3 | Squadra alta: Lokomotyv Kyiv (12ª), squadra bassa: Probiy Horodenka (16ª) | GF alta: 0.88/gara | GS bassa: 3.00/gara | Profilo ultime 10: 0.58 | Real over index: 0.56;10.4;7.29;;;20.0;5.82;5.62;;;;1.3.0
2026-09-26;Mexico_LigaMX_Apertura;Atlante;Monterrey;59.39;MEDIA;11;2026-09-26;Mexico_LigaMX_Apertura;Mexico_LigaMX_Apertura;;Engine v1.3 | Squadra alta: Monterrey (10ª), squadra bassa: Atlante (15ª) | GF alta: 1.75/gara | GS bassa: 1.44/gara | Profilo ultime 10: 0.63 | Real over index: 0.42;9.28;14.58;;;13.13;6.31;4.17;;;;1.3.0
2026-09-26;Poland_IIILiga_Group2;Wrzesnia;Lipno Steszew;59.39;MEDIA;10;2026-09-26;Poland_IIILiga_Group2;Poland_IIILiga_Group2;;Engine v1.3 | Squadra alta: Wrzesnia (17ª), squadra bassa: Lipno Steszew (18ª) | GF alta: 1.11/gara | GS bassa: 2.33/gara | Profilo ultime 10: 0.75 | Real over index: 0.67;2.52;9.26;;;20.0;7.46;6.67;;;;1.3.0
2026-09-26;Spain_LaLiga2;Tenerife;Cadice;59.31;MEDIA;7;2026-09-26;Spain_LaLiga2;Spain_LaLiga2;;Engine v1.3 | Squadra alta: Tenerife (9ª), squadra bassa: Cadice (20ª) | GF alta: 1.17/gara | GS bassa: 1.40/gara | Profilo ultime 10: 0.54 | Real over index: 0.37;16.11;9.72;;;12.73;5.42;3.67;;;;1.3.0
2026-09-26;Slovakia_3Liga_West;D. Luzna;Castkovce;59.24;MEDIA;8;2026-09-26;Slovakia_3Liga_West;Slovakia_3Liga_West;;Engine v1.3 | Squadra alta: D. Luzna (7ª), squadra bassa: Castkovce (11ª) | GF alta: 1.14/gara | GS bassa: 2.43/gara | Profilo ultime 10: 0.74 | Real over index: 0.57;3.42;9.52;;;20.0;7.43;5.71;;;;1.3.0
2026-09-26;Germany_Oberliga_Niedersachsen;BSV Rehden;Hildesheim;58.85;MEDIA;9;2026-09-26;Germany_Oberliga_Niedersachsen;Germany_Oberliga_Niedersachsen;;Engine v1.3 | Squadra alta: BSV Rehden (2ª), squadra bassa: Hildesheim (4ª) | GF alta: 2.43/gara | GS bassa: 1.14/gara | Profilo ultime 10: 0.75 | Real over index: 0.57;3.63;20.0;;;10.39;7.5;5.71;;;;1.3.0
2026-09-26;Switzerland_PromotionLeague;Luzerna 2;Amical Saint-Prex;58.73;MEDIA;11;2026-09-26;Switzerland_PromotionLeague;Switzerland_PromotionLeague;;Engine v1.3 | Squadra alta: Amical Saint-Prex (12ª), squadra bassa: Luzerna 2 (17ª) | GF alta: 1.25/gara | GS bassa: 1.62/gara | Profilo ultime 10: 0.77 | Real over index: 0.62;5.6;10.42;;;14.77;7.69;6.25;;;;1.3.0
2026-09-26;Austria_Regionalliga_East;Leobendorf;Wiener Viktoria;58.63;MEDIA;10;2026-09-26;Austria_Regionalliga_East;Austria_Regionalliga_East;;Engine v1.3 | Squadra alta: Wiener Viktoria (5ª), squadra bassa: Leobendorf (9ª) | GF alta: 1.75/gara | GS bassa: 1.50/gara | Profilo ultime 10: 0.73 | Real over index: 0.56;4.44;14.58;;;13.64;7.29;5.62;;;;1.3.0
2026-09-26;Norway_2ndDivision_Group1;Jerv;Notodden;58.59;MEDIA;22;2026-09-26;Norway_2ndDivision_Group1;Norway_2ndDivision_Group1;;Engine v1.3 | Squadra alta: Jerv (1ª), squadra bassa: Notodden (5ª) | GF alta: 2.10/gara | GS bassa: 0.80/gara | Profilo ultime 10: 0.74 | Real over index: 0.60;8.84;17.46;;;7.27;7.4;6.0;;;;1.3.0
2026-09-26;Sweden_Division2_NorraGotaland;Kumla;Lidkoping;58.54;MEDIA;25;2026-09-26;Sweden_Division2_NorraGotaland;Sweden_Division2_NorraGotaland;;Engine v1.3 | Squadra alta: Lidkoping (9ª), squadra bassa: Kumla (11ª) | GF alta: 1.30/gara | GS bassa: 2.00/gara | Profilo ultime 10: 0.71 | Real over index: 0.65;3.26;10.87;;;18.18;7.15;6.5;;;;1.3.0
2026-09-26;Switzerland_PromotionLeague;Bruhl SG;Paradiso;58.46;MEDIA;11;2026-09-26;Switzerland_PromotionLeague;Switzerland_PromotionLeague;;Engine v1.3 | Squadra alta: Paradiso (6ª), squadra bassa: Bruhl SG (8ª) | GF alta: 2.12/gara | GS bassa: 1.25/gara | Profilo ultime 10: 0.75 | Real over index: 0.56;3.19;17.71;;;11.36;7.52;5.62;;;;1.3.0
2026-09-26;Austria_Wien;First Vienna (Am);Sportunion Mauer;58.41;MEDIA;7;2026-09-26;Austria_Wien;Austria_Wien;;Engine v1.3 | Squadra alta: Sportunion Mauer (1ª), squadra bassa: First Vienna (Am) (6ª) | GF alta: 2.00/gara | GS bassa: 1.33/gara | Profilo ultime 10: 0.78 | Real over index: 0.75;7.33;16.67;;;12.12;7.79;7.5;;;;1.3.0
2026-09-26;Germany_Oberliga_Bayern_Nord;Wurzburger FV;Kornburg;58.07;MEDIA;16;2026-09-26;Germany_Oberliga_Bayern_Nord;Germany_Oberliga_Bayern_Nord;;Engine v1.3 | Squadra alta: Wurzburger FV (4ª), squadra bassa: Kornburg (8ª) | GF alta: 2.00/gara | GS bassa: 1.09/gara | Profilo ultime 10: 0.70 | Real over index: 0.45;6.15;16.67;;;9.92;6.98;4.5;;;;1.3.0
2026-09-26;Sweden_Division2_SodraGotaland;Oskarshamn;IFK Trelleborg;58.04;MEDIA;28;2026-09-26;Sweden_Division2_SodraGotaland;Sweden_Division2_SodraGotaland;;Engine v1.3 | Squadra alta: IFK Trelleborg (2ª), squadra bassa: Oskarshamn (4ª) | GF alta: 2.05/gara | GS bassa: 1.18/gara | Profilo ultime 10: 0.83 | Real over index: 0.80;2.05;17.05;;;10.74;8.3;8.0;;;;1.3.0
2026-09-26;France_National;Valenciennes;Le Puy-en-Velay;57.85;MEDIA;8;2026-09-26;France_National;France_National;;Engine v1.3 | Squadra alta: Le Puy-en-Velay (8ª), squadra bassa: Valenciennes (15ª) | GF alta: 1.29/gara | GS bassa: 1.71/gara | Profilo ultime 10: 0.61 | Real over index: 0.43;9.98;10.71;;;15.58;6.07;4.29;;;;1.3.0
2026-09-26;France_National;Bourg en Bresse;Concarneau;57.82;MEDIA;8;2026-09-26;France_National;France_National;;Engine v1.3 | Squadra alta: Concarneau (4ª), squadra bassa: Bourg en Bresse (17ª) | GF alta: 1.29/gara | GS bassa: 1.71/gara | Profilo ultime 10: 0.46 | Real over index: 0.21;16.78;10.71;;;15.58;4.65;2.14;;;;1.3.0
2026-09-26;Sweden_Division2_NorraSvealand;Viggbyholms;Korsnas;57.61;MEDIA;24;2026-09-26;Sweden_Division2_NorraSvealand;Sweden_Division2_NorraSvealand;;Engine v1.3 | Squadra alta: Viggbyholms (12ª), squadra bassa: Korsnas (13ª) | GF alta: 0.95/gara | GS bassa: 2.36/gara | Profilo ultime 10: 0.68 | Real over index: 0.65;4.06;7.95;;;20.0;6.8;6.5;;;;1.3.0
2026-09-26;Bosnia_PrvaLiga_RS;Zvijezda 09;Slavija;57.6;MEDIA;9;2026-09-26;Bosnia_PrvaLiga_RS;Bosnia_PrvaLiga_RS;;Engine v1.3 | Squadra alta: Slavija (12ª), squadra bassa: Zvijezda 09 (14ª) | GF alta: 0.83/gara | GS bassa: 2.57/gara | Profilo ultime 10: 0.67 | Real over index: 0.69;5.04;6.94;;;20.0;6.71;6.9;;;;1.3.0
2026-09-26;Latvia_NakotnesLiga;Tukums 2000 2;JFK Ventspils;57.5;MEDIA;23;2026-09-26;Latvia_NakotnesLiga;Latvia_NakotnesLiga;;Engine v1.3 | Squadra alta: JFK Ventspils (11ª), squadra bassa: Tukums 2000 2 (13ª) | GF alta: 1.05/gara | GS bassa: 3.00/gara | Profilo ultime 10: 0.72 | Real over index: 0.60;1.56;8.75;;;20.0;7.19;6.0;;;;1.3.0
2026-09-26;Germany_Regionalliga_Nordost;Hallescher;BFC Preussen;57.32;MEDIA;12;2026-09-26;Germany_Regionalliga_Nordost;Germany_Regionalliga_Nordost;;Engine v1.3 | Squadra alta: Hallescher (5ª), squadra bassa: BFC Preussen (12ª) | GF alta: 1.50/gara | GS bassa: 1.40/gara | Profilo ultime 10: 0.61 | Real over index: 0.35;11.75;12.5;;;12.73;6.07;3.5;;;;1.3.0
2026-09-26;Austria_Oberosterreich;Union Unis Gschwandt;Weisskirchen;57.24;MEDIA;11;2026-09-26;Austria_Oberosterreich;Austria_Oberosterreich;;Engine v1.3 | Squadra alta: Weisskirchen (8ª), squadra bassa: Union Unis Gschwandt (13ª) | GF alta: 1.11/gara | GS bassa: 1.86/gara | Profilo ultime 10: 0.71 | Real over index: 0.63;4.69;9.26;;;16.88;7.08;6.35;;;;1.3.0
2026-09-26;Austria_Tirol;FC Volders;Munster;57.22;MEDIA;10;2026-09-26;Austria_Tirol;Austria_Tirol;;Engine v1.3 | Squadra alta: FC Volders (9ª), squadra bassa: Munster (13ª) | GF alta: 1.00/gara | GS bassa: 2.62/gara | Profilo ultime 10: 0.62 | Real over index: 0.56;5.2;8.33;;;20.0;6.23;5.62;;;;1.3.0
2026-09-26;Italy_SerieC_GironeA;Desenzano;Juventus U23;56.92;MEDIA;7;2026-09-26;Italy_SerieC_GironeA;Italy_SerieC_GironeA;;Engine v1.3 | Squadra alta: Desenzano (13ª), squadra bassa: Juventus U23 (20ª) | GF alta: 0.67/gara | GS bassa: 2.60/gara | Profilo ultime 10: 0.58 | Real over index: 0.47;8.56;5.56;;;20.0;5.76;4.67;;;;1.3.0
2026-09-26;Italy_SerieC_GironeA;Novara;Ospitaletto;56.87;MEDIA;7;2026-09-26;Italy_SerieC_GironeA;Italy_SerieC_GironeA;;Engine v1.3 | Squadra alta: Ospitaletto (7ª), squadra bassa: Novara (11ª) | GF alta: 1.80/gara | GS bassa: 1.20/gara | Profilo ultime 10: 0.71 | Real over index: 0.60;5.43;15.0;;;10.91;7.14;6.0;;;;1.3.0
2026-09-26;Denmark_2ndDivision;VSK Aarhus;Skive;56.61;MEDIA;9;2026-09-26;Denmark_2ndDivision;Denmark_2ndDivision;;Engine v1.3 | Squadra alta: VSK Aarhus (2ª), squadra bassa: Skive (7ª) | GF alta: 1.62/gara | GS bassa: 1.38/gara | Profilo ultime 10: 0.69 | Real over index: 0.50;8.27;13.54;;;12.5;6.93;5.0;;;;1.3.0
2026-09-26;NorthernIreland_NIFLPremiership;Glentoran;C. Rangers;56.48;MEDIA;11;2026-09-26;NorthernIreland_NIFLPremiership;NorthernIreland_NIFLPremiership;;Engine v1.3 | Squadra alta: Glentoran (6ª), squadra bassa: C. Rangers (8ª) | GF alta: 1.38/gara | GS bassa: 1.75/gara | Profilo ultime 10: 0.77 | Real over index: 0.62;1.4;11.46;;;15.91;7.73;6.25;;;;1.3.0
2026-09-26;Slovakia_3Liga_West;Puchov;MSK Senec;56.44;MEDIA;8;2026-09-26;Slovakia_3Liga_West;Slovakia_3Liga_West;;Engine v1.3 | Squadra alta: Puchov (3ª), squadra bassa: MSK Senec (10ª) | GF alta: 1.57/gara | GS bassa: 1.57/gara | Profilo ultime 10: 0.66 | Real over index: 0.50;7.68;13.1;;;14.29;6.64;5.0;;;;1.3.0
2026-09-26;Serbia_PrvaLiga;Smederevo;Vrsac;56.36;MEDIA;11;2026-09-26;Serbia_PrvaLiga;Serbia_PrvaLiga;;Engine v1.3 | Squadra alta: Vrsac (2ª), squadra bassa: Smederevo (5ª) | GF alta: 1.60/gara | GS bassa: 1.30/gara | Profilo ultime 10: 0.79 | Real over index: 0.65;4.4;13.33;;;11.82;7.92;6.5;;;;1.3.0
2026-09-26;Germany_Oberliga_Bayern_Nord;Nordlingen;Neumarkt;56.24;MEDIA;16;2026-09-26;Germany_Oberliga_Bayern_Nord;Germany_Oberliga_Bayern_Nord;;Engine v1.3 | Squadra alta: Nordlingen (15ª), squadra bassa: Neumarkt (18ª) | GF alta: 1.09/gara | GS bassa: 2.00/gara | Profilo ultime 10: 0.68 | Real over index: 0.55;4.39;9.09;;;18.18;6.83;5.5;;;;1.3.0
2026-09-26;Poland_IIILiga_Group3;Sulow;Zaglebie 2;56.15;MEDIA;10;2026-09-26;Poland_IIILiga_Group3;Poland_IIILiga_Group3;;Engine v1.3 | Squadra alta: Zaglebie 2 (1ª), squadra bassa: Sulow (4ª) | GF alta: 2.11/gara | GS bassa: 1.00/gara | Profilo ultime 10: 0.76 | Real over index: 0.61;3.33;17.59;;;9.09;7.64;6.11;;;;1.3.0
2026-09-26;Mexico_LigaMX_Apertura;Tijuana;Atlas;56.12;MEDIA;11;2026-09-26;Mexico_LigaMX_Apertura;Mexico_LigaMX_Apertura;;Engine v1.3 | Squadra alta: Tijuana (7ª), squadra bassa: Atlas (9ª) | GF alta: 1.50/gara | GS bassa: 1.67/gara | Profilo ultime 10: 0.73 | Real over index: 0.47;2.76;12.5;;;15.15;7.25;4.72;;;;1.3.0
2026-09-26;Poland_IIILiga_Group3;Polkowice;Bytom Odrzanski;55.89;MEDIA;10;2026-09-26;Poland_IIILiga_Group3;Poland_IIILiga_Group3;;Engine v1.3 | Squadra alta: Bytom Odrzanski (3ª), squadra bassa: Polkowice (6ª) | GF alta: 1.22/gara | GS bassa: 1.78/gara | Profilo ultime 10: 0.70 | Real over index: 0.56;7.57;10.19;;;16.16;7.02;5.56;;;;1.3.0
2026-09-26;Bosnia_PrvaLiga_FBiH;Kakanj;Posusje;55.72;MEDIA;8;2026-09-26;Bosnia_PrvaLiga_FBiH;Bosnia_PrvaLiga_FBiH;double round robin inferred from league size.;Engine v1.3 | Squadra alta: Posusje (5ª), squadra bassa: Kakanj (14ª) | GF alta: 1.40/gara | GS bassa: 1.20/gara | Profilo ultime 10: 0.46 | Real over index: 0.30;18.92;11.67;;;10.91;4.58;3.0;;;;1.3.0
2026-09-26;Spain_LaLiga2;Celta Vigo B;Sabadell;55.61;MEDIA;7;2026-09-26;Spain_LaLiga2;Spain_LaLiga2;;Engine v1.3 | Squadra alta: Sabadell (6ª), squadra bassa: Celta Vigo B (14ª) | GF alta: 1.17/gara | GS bassa: 1.67/gara | Profilo ultime 10: 0.60 | Real over index: 0.42;9.29;9.72;;;15.15;5.99;4.17;;;;1.3.0
2026-09-26;Sweden_Division2_SodraSvealand;Ragsved;Orebro Syr.;55.54;MEDIA;23;2026-09-26;Sweden_Division2_SodraSvealand;Sweden_Division2_SodraSvealand;;Engine v1.3 | Squadra alta: Ragsved (7ª), squadra bassa: Orebro Syr. (10ª) | GF alta: 1.82/gara | GS bassa: 1.14/gara | Profilo ultime 10: 0.63 | Real over index: 0.50;5.68;15.15;;;10.33;6.28;5.0;;;;1.3.0
2026-09-26;Serbia_PrvaLiga;Borac 1926;TSC;55.5;MEDIA;11;2026-09-26;Serbia_PrvaLiga;Serbia_PrvaLiga;;Engine v1.3 | Squadra alta: Borac 1926 (1ª), squadra bassa: TSC (3ª) | GF alta: 1.80/gara | GS bassa: 1.00/gara | Profilo ultime 10: 0.76 | Real over index: 0.60;4.84;15.0;;;9.09;7.65;6.0;;;;1.3.0
2026-09-26;Germany_Oberliga_Bayern_Nord;Bamberg;Cham;55.44;MEDIA;16;2026-09-26;Germany_Oberliga_Bayern_Nord;Germany_Oberliga_Bayern_Nord;;Engine v1.3 | Squadra alta: Cham (1ª), squadra bassa: Bamberg (3ª) | GF alta: 2.45/gara | GS bassa: 0.73/gara | Profilo ultime 10: 0.72 | Real over index: 0.55;5.24;20.0;;;6.61;7.17;5.5;;;;1.3.0
2026-09-26;Croatia_PrvaNL;Hrvace;Orijent;55.35;MEDIA;7;2026-09-26;Croatia_PrvaNL;Croatia_PrvaNL;;Engine v1.3 | Squadra alta: Orijent (9ª), squadra bassa: Hrvace (16ª) | GF alta: 1.00/gara | GS bassa: 2.00/gara | Profilo ultime 10: 0.55 | Real over index: 0.50;9.95;8.33;;;18.18;5.51;5.0;;;;1.3.0
2026-09-26;Paraguay_DivisionIntermedia;Tacuary;Benjamin Aceval;55.3;MEDIA;11;2026-09-26;Paraguay_DivisionIntermedia;Paraguay_DivisionIntermedia;;Engine v1.3 | Squadra alta: Benjamin Aceval (11ª), squadra bassa: Tacuary (14ª) | GF alta: 1.50/gara | GS bassa: 1.50/gara | Profilo ultime 10: 0.66 | Real over index: 0.56;6.31;12.5;;;13.64;6.58;5.62;;;;1.3.0
2026-09-26;Austria_Vorarlberg;Riefensberg;Andelsbuch;55.21;MEDIA;7;2026-09-26;Austria_Vorarlberg;Austria_Vorarlberg;fourth tier;Engine v1.3 | Squadra alta: Riefensberg (9ª), squadra bassa: Andelsbuch (14ª) | GF alta: 1.40/gara | GS bassa: 1.60/gara | Profilo ultime 10: 0.58 | Real over index: 0.40;8.68;11.67;;;14.55;5.81;4.0;;;;1.3.0
2026-09-26;Russia_FNL;Chelyabinsk;Yenisey;55.19;MEDIA;13;2026-09-26;Russia_FNL;Russia_FNL;;Engine v1.3 | Squadra alta: Yenisey (10ª), squadra bassa: Chelyabinsk (14ª) | GF alta: 1.27/gara | GS bassa: 1.64/gara | Profilo ultime 10: 0.68 | Real over index: 0.60;3.55;10.61;;;14.88;6.8;6.0;;;;1.3.0
2026-09-26;Denmark_3rdDivision;Vanløse;Bronshoj;55.16;MEDIA;9;2026-09-26;Denmark_3rdDivision;Denmark_3rdDivision;;Engine v1.3 | Squadra alta: Bronshoj (2ª), squadra bassa: Vanløse (3ª) | GF alta: 2.00/gara | GS bassa: 1.00/gara | Profilo ultime 10: 0.77 | Real over index: 0.62;3.08;16.67;;;9.09;7.69;6.25;;;;1.3.0
2026-09-26;Austria_Regionalliga_North;Vorwarts Steyr;Grodig;55.1;MEDIA;11;2026-09-26;Austria_Regionalliga_North;Austria_Regionalliga_North;;Engine v1.3 | Squadra alta: Grodig (6ª), squadra bassa: Vorwarts Steyr (9ª) | GF alta: 1.50/gara | GS bassa: 1.38/gara | Profilo ultime 10: 0.71 | Real over index: 0.56;3.6;12.5;;;12.5;7.15;5.62;;;;1.3.0
2026-09-26;Sweden_Division1_Sodra;Trollhättan;Tvaaker;55.02;MEDIA;26;2026-09-26;Sweden_Division1_Sodra;Sweden_Division1_Sodra;;Engine v1.3 | Squadra alta: Trollhättan (7ª), squadra bassa: Tvaaker (9ª) | GF alta: 1.61/gara | GS bassa: 1.43/gara | Profilo ultime 10: 0.76 | Real over index: 0.55;1.44;13.41;;;13.04;7.63;5.5;;;;1.3.0
2026-09-26;Germany_Regionalliga_Bayern;Vilzing;Illertissen;54.86;MEDIA;12;2026-09-26;Germany_Regionalliga_Bayern;Germany_Regionalliga_Bayern;;Engine v1.3 | Squadra alta: Illertissen (4ª), squadra bassa: Vilzing (7ª) | GF alta: 1.70/gara | GS bassa: 1.33/gara | Profilo ultime 10: 0.77 | Real over index: 0.57;1.68;14.17;;;12.12;7.71;5.72;;;;1.3.0
2026-09-26;Austria_Regionalliga_East;Donaufeld Wien;Gloggnitz;54.84;MEDIA;10;2026-09-26;Austria_Regionalliga_East;Austria_Regionalliga_East;;Engine v1.3 | Squadra alta: Donaufeld Wien (10ª), squadra bassa: Gloggnitz (15ª) | GF alta: 0.88/gara | GS bassa: 1.88/gara | Profilo ultime 10: 0.63 | Real over index: 0.44;6.14;7.29;;;17.05;6.26;4.38;;;;1.3.0
2026-09-26;Peru_Liga2;Carlos Mannucci;U. San Martin;54.83;MEDIA;8;2026-09-26;Peru_Liga2;Peru_Liga2;;Engine v1.3 | Squadra alta: Carlos Mannucci (3ª), squadra bassa: U. San Martin (7ª) | GF alta: 1.60/gara | GS bassa: 1.40/gara | Profilo ultime 10: 0.66 | Real over index: 0.40;7.92;13.33;;;12.73;6.62;4.0;;;;1.3.0
2026-09-26;Slovakia_3Liga_West;FKM Nove Zamky;Trencin B;54.62;MEDIA;8;2026-09-26;Slovakia_3Liga_West;Slovakia_3Liga_West;;Engine v1.3 | Squadra alta: FKM Nove Zamky (5ª), squadra bassa: Trencin B (6ª) | GF alta: 1.29/gara | GS bassa: 1.71/gara | Profilo ultime 10: 0.75 | Real over index: 0.50;1.88;10.71;;;15.58;7.45;5.0;;;;1.3.0
2026-09-26;Finland_Ykkosliiga;Klubi 04;JaPS;54.58;MEDIA;28;2026-09-26;Finland_Ykkosliiga;Finland_Ykkosliiga;;Engine v1.3 | Squadra alta: JaPS (5ª), squadra bassa: Klubi 04 (9ª) | GF alta: 0.91/gara | GS bassa: 1.50/gara | Profilo ultime 10: 0.64 | Real over index: 0.40;9.34;7.58;;;13.64;6.37;4.0;;;;1.3.0
2026-09-26;Wales_CymruSouth;Ynyshir Albions;Trethomas Bluebirds;54.57;MEDIA;8;2026-09-26;Wales_CymruSouth;Wales_CymruSouth;Wales_CymruTier2;Engine v1.3 | Squadra alta: Trethomas Bluebirds (19ª), squadra bassa: Ynyshir Albions (22ª) | GF alta: 2.33/gara | GS bassa: 0.75/gara | Profilo ultime 10: 0.69 | Real over index: 0.54;3.13;19.44;;;6.82;6.93;5.42;;;;1.3.0
2026-09-26;France_National;Thionville;La Roche;54.51;MEDIA;8;2026-09-26;France_National;France_National;;Engine v1.3 | Squadra alta: La Roche (2ª), squadra bassa: Thionville (5ª) | GF alta: 1.43/gara | GS bassa: 1.57/gara | Profilo ultime 10: 0.70 | Real over index: 0.43;5.44;11.9;;;14.29;6.97;4.29;;;;1.3.0
2026-09-26;Austria_Regionalliga_North;Ried (Am);Seekirchen;54.15;MEDIA;11;2026-09-26;Austria_Regionalliga_North;Austria_Regionalliga_North;;Engine v1.3 | Squadra alta: Ried (Am) (11ª), squadra bassa: Seekirchen (12ª) | GF alta: 1.11/gara | GS bassa: 1.89/gara | Profilo ultime 10: 0.69 | Real over index: 0.61;2.52;9.26;;;17.17;6.9;6.11;;;;1.3.0
2026-09-26;USA_USLLeagueOne;Portland Hearts of Pine;Sarasota Paradise;54.12;MEDIA;40;2026-09-26;USA_USLLeagueOne;USA_USLLeagueOne;;Engine v1.3 | Squadra alta: Sarasota Paradise (11ª), squadra bassa: Portland Hearts of Pine (12ª) | GF alta: 1.27/gara | GS bassa: 1.79/gara | Profilo ultime 10: 0.70 | Real over index: 0.50;1.27;10.58;;;16.23;7.05;5.0;;;;1.3.0
2026-09-26;CzechRepublic_3MSFL;Hodonin;Vsetin;53.99;MEDIA;10;2026-09-26;CzechRepublic_3MSFL;CzechRepublic_3MSFL;;Engine v1.3 | Squadra alta: Hodonin (14ª), squadra bassa: Vsetin (16ª) | GF alta: 0.89/gara | GS bassa: 2.44/gara | Profilo ultime 10: 0.62 | Real over index: 0.50;1.87;7.41;;;20.0;6.23;5.0;;;;1.3.0
2026-09-26;Croatia_PrvaNL;Jadran LP;Kustosija;53.52;MEDIA;7;2026-09-26;Croatia_PrvaNL;Croatia_PrvaNL;;Engine v1.3 | Squadra alta: Jadran LP (1ª), squadra bassa: Kustosija (14ª) | GF alta: 1.83/gara | GS bassa: 0.67/gara | Profilo ultime 10: 0.50 | Real over index: 0.33;14.62;15.28;;;6.06;5.04;3.33;;;;1.3.0
2026-09-26;Belarus_PershayaLiga;Uni X Labs;Ostrovets;53.34;MEDIA;28;2026-09-26;Belarus_PershayaLiga;Belarus_PershayaLiga;;Engine v1.3 | Squadra alta: Ostrovets (11ª), squadra bassa: Uni X Labs (15ª) | GF alta: 1.40/gara | GS bassa: 1.36/gara | Profilo ultime 10: 0.68 | Real over index: 0.50;4.86;11.67;;;12.36;6.85;5.0;;;;1.3.0
2026-09-26;Russia_FNL;Ulyanovsk;Leningradets;52.8;MEDIA;13;2026-09-26;Russia_FNL;Russia_FNL;;Engine v1.3 | Squadra alta: Ulyanovsk (13ª), squadra bassa: Leningradets (15ª) | GF alta: 1.27/gara | GS bassa: 1.82/gara | Profilo ultime 10: 0.66 | Real over index: 0.55;1.77;10.61;;;16.53;6.62;5.5;;;;1.3.0
2026-09-26;Italy_SerieC_GironeC;Picerno;Audace Cerignola;52.76;MEDIA;7;2026-09-26;Italy_SerieC_GironeC;Italy_SerieC_GironeC;;Engine v1.3 | Squadra alta: Picerno (7ª), squadra bassa: Audace Cerignola (10ª) | GF alta: 2.00/gara | GS bassa: 0.80/gara | Profilo ultime 10: 0.73 | Real over index: 0.53;2.17;16.67;;;7.27;7.32;5.33;;;;1.3.0
2026-09-26;USA_USLChampionship;El Paso;FC Tulsa;52.76;MEDIA;38;2026-09-26;USA_USLChampionship;USA_USLChampionship;;Engine v1.3 | Squadra alta: El Paso (2ª), squadra bassa: FC Tulsa (11ª) | GF alta: 1.76/gara | GS bassa: 0.96/gara | Profilo ultime 10: 0.58 | Real over index: 0.40;5.86;14.67;;;8.71;5.85;4.0;;;;1.3.0
2026-09-26;Germany_Oberliga_NOFV_Sud;Meuselwitz;Halberstadt;52.67;MEDIA;6;2026-09-26;Germany_Oberliga_NOFV_Sud;Germany_Oberliga_NOFV_Sud;;Engine v1.3 | Squadra alta: Halberstadt (1ª), squadra bassa: Meuselwitz (2ª) | GF alta: 3.80/gara | GS bassa: 0.80/gara | Profilo ultime 10: 0.77 | Real over index: 0.70;0.51;20.0;;;7.27;7.65;7.0;;;;1.3.0
2026-09-26;Netherlands_EersteDivisie;Roda;Waalwijk;52.67;MEDIA;10;2026-09-26;Netherlands_EersteDivisie;Netherlands_EersteDivisie;;Engine v1.3 | Squadra alta: Waalwijk (4ª), squadra bassa: Roda (8ª) | GF alta: 2.57/gara | GS bassa: 0.71/gara | Profilo ultime 10: 0.62 | Real over index: 0.43;2.98;20.0;;;6.49;6.16;4.29;;;;1.3.0
2026-09-26;England_LeagueOne;Cambridge Utd;Wimbledon;52.63;MEDIA;8;2026-09-26;England_LeagueOne;England_LeagueOne;;Engine v1.3 | Squadra alta: Cambridge Utd (5ª), squadra bassa: Wimbledon (7ª) | GF alta: 1.83/gara | GS bassa: 1.17/gara | Profilo ultime 10: 0.68 | Real over index: 0.58;2.26;15.28;;;10.61;6.8;5.83;;;;1.3.0
2026-09-26;CzechRepublic_3CFL_GroupA;Benesov;Slavia Praga U20;52.3;MEDIA;10;2026-09-26;CzechRepublic_3CFL_GroupA;CzechRepublic_3CFL_GroupA;CzechRepublic_3rdTier;Engine v1.3 | Squadra alta: Slavia Praga U20 (17ª), squadra bassa: Benesov (22ª) | GF alta: 1.14/gara | GS bassa: 1.50/gara | Profilo ultime 10: 0.66 | Real over index: 0.46;3.93;9.52;;;13.64;6.57;4.64;;;;1.3.0
2026-09-26;Germany_Regionalliga_Bayern;Landsberg;Ansbach;52.16;MEDIA;12;2026-09-26;Germany_Regionalliga_Bayern;Germany_Regionalliga_Bayern;;Engine v1.3 | Squadra alta: Landsberg (18ª), squadra bassa: Ansbach (19ª) | GF alta: 1.00/gara | GS bassa: 2.22/gara | Profilo ultime 10: 0.62 | Real over index: 0.50;0.45;8.33;;;20.0;6.18;5.0;;;;1.3.0
2026-09-26;Poland_IIILiga_Group4;Lubaczow;Kolbuszowa Dolna;51.94;MEDIA;9;2026-09-26;Poland_IIILiga_Group4;Poland_IIILiga_Group4;;Engine v1.3 | Squadra alta: Kolbuszowa Dolna (13ª), squadra bassa: Lubaczow (16ª) | GF alta: 0.88/gara | GS bassa: 2.12/gara | Profilo ultime 10: 0.60 | Real over index: 0.44;2.55;7.29;;;19.32;6.02;4.38;;;;1.3.0
2026-09-26;Finland_Ykkosliiga;Ekenas;SJK Akatemia;51.92;MEDIA;28;2026-09-26;Finland_Ykkosliiga;Finland_Ykkosliiga;;Engine v1.3 | Squadra alta: Ekenas (7ª), squadra bassa: SJK Akatemia (10ª) | GF alta: 1.12/gara | GS bassa: 1.65/gara | Profilo ultime 10: 0.52 | Real over index: 0.35;7.86;9.33;;;15.02;5.16;3.5;;;;1.3.0
2026-09-26;Italy_SerieC_GironeC;Cavese;Savoia;51.85;MEDIA;7;2026-09-26;Italy_SerieC_GironeC;Italy_SerieC_GironeC;;Engine v1.3 | Squadra alta: Savoia (14ª), squadra bassa: Cavese (16ª) | GF alta: 1.17/gara | GS bassa: 1.80/gara | Profilo ultime 10: 0.70 | Real over index: 0.47;0.81;9.72;;;16.36;7.01;4.67;;;;1.3.0
2026-09-26;Italy_SerieC_GironeB;Pineto;Grosseto;51.77;MEDIA;7;2026-09-26;Italy_SerieC_GironeB;Italy_SerieC_GironeB;;Engine v1.3 | Squadra alta: Grosseto (4ª), squadra bassa: Pineto (11ª) | GF alta: 1.50/gara | GS bassa: 1.00/gara | Profilo ultime 10: 0.58 | Real over index: 0.42;10.78;12.5;;;9.09;5.81;4.17;;;;1.3.0
2026-09-26;Slovakia_2Liga;Lehota p. V.;Galanta;51.69;MEDIA;10;2026-09-26;Slovakia_2Liga;Slovakia_2Liga;;Engine v1.3 | Squadra alta: Lehota p. V. (6ª), squadra bassa: Galanta (8ª) | GF alta: 1.56/gara | GS bassa: 1.44/gara | Profilo ultime 10: 0.67 | Real over index: 0.50;1.03;12.96;;;13.13;6.73;5.0;;;;1.3.0
2026-09-26;Austria_Wien;1980 Wien;Kagran;51.43;MEDIA;7;2026-09-26;Austria_Wien;Austria_Wien;;Engine v1.3 | Squadra alta: Kagran (12ª), squadra bassa: 1980 Wien (14ª) | GF alta: 1.20/gara | GS bassa: 2.75/gara | Profilo ultime 10: 0.60 | Real over index: 0.55;1.5;10.0;;;20.0;5.96;5.5;;;;1.3.0
2026-09-26;Ukraine_PershaLiga;Inhulets;Prykarpattya;51.43;MEDIA;9;2026-09-26;Ukraine_PershaLiga;Ukraine_PershaLiga;;Engine v1.3 | Squadra alta: Prykarpattya (5ª), squadra bassa: Inhulets (8ª) | GF alta: 1.38/gara | GS bassa: 1.29/gara | Profilo ultime 10: 0.70 | Real over index: 0.67;3.24;11.46;;;11.69;6.96;6.7;;;;1.3.0
2026-09-26;Germany_Regionalliga_Bayern;Unterhaching;Eichstatt;51.32;MEDIA;12;2026-09-26;Germany_Regionalliga_Bayern;Germany_Regionalliga_Bayern;;Engine v1.3 | Squadra alta: Unterhaching (5ª), squadra bassa: Eichstatt (6ª) | GF alta: 1.38/gara | GS bassa: 1.40/gara | Profilo ultime 10: 0.66 | Real over index: 0.50;4.5;11.46;;;12.73;6.59;5.0;;;;1.3.0
2026-09-26;Italy_SerieC_GironeA;Cittadella;Lecco;51.08;MEDIA;7;2026-09-26;Italy_SerieC_GironeA;Italy_SerieC_GironeA;;Engine v1.3 | Squadra alta: Cittadella (1ª), squadra bassa: Lecco (9ª) | GF alta: 1.60/gara | GS bassa: 0.60/gara | Profilo ultime 10: 0.49 | Real over index: 0.30;17.54;13.33;;;5.45;4.92;3.0;;;;1.3.0
2026-09-26;Wales_CymruPremier;Flint;Ammanford;51.04;MEDIA;11;2026-09-26;Wales_CymruPremier;Wales_CymruPremier;;Engine v1.3 | Squadra alta: Flint (14ª), squadra bassa: Ammanford (15ª) | GF alta: 0.80/gara | GS bassa: 2.90/gara | Profilo ultime 10: 0.64 | Real over index: 0.65;0.41;6.67;;;20.0;6.38;6.5;;;;1.3.0
2026-09-26;Poland_IIILiga_Group4;Chelmianka Chelm;Biala Podlaska;50.91;MEDIA;9;2026-09-26;Poland_IIILiga_Group4;Poland_IIILiga_Group4;;Engine v1.3 | Squadra alta: Chelmianka Chelm (1ª), squadra bassa: Biala Podlaska (9ª) | GF alta: 1.62/gara | GS bassa: 1.00/gara | Profilo ultime 10: 0.50 | Real over index: 0.25;14.35;13.54;;;9.09;4.98;2.5;;;;1.3.0
2026-09-26;Poland_IIILiga_Group4;Star Starachowice;Siarka Tarnobrzeg;50.78;MEDIA;9;2026-09-26;Poland_IIILiga_Group4;Poland_IIILiga_Group4;;Engine v1.3 | Squadra alta: Siarka Tarnobrzeg (7ª), squadra bassa: Star Starachowice (15ª) | GF alta: 1.38/gara | GS bassa: 1.25/gara | Profilo ultime 10: 0.50 | Real over index: 0.31;10.77;11.46;;;11.36;5.03;3.12;;;;1.3.0
2026-09-26;Austria_Burgenland;Margarethen;Neusiedl;50.52;MEDIA;9;2026-09-26;Austria_Burgenland;Austria_Burgenland;;Engine v1.3 | Squadra alta: Neusiedl (2ª), squadra bassa: Margarethen (4ª) | GF alta: 1.71/gara | GS bassa: 1.00/gara | Profilo ultime 10: 0.74 | Real over index: 0.57;2.39;14.29;;;9.09;7.43;5.71;;;;1.3.0
2026-09-26;Italy_SerieC_GironeB;Livorno;Pianese;50.2;MEDIA;7;2026-09-26;Italy_SerieC_GironeB;Italy_SerieC_GironeB;;Engine v1.3 | Squadra alta: Livorno (5ª), squadra bassa: Pianese (17ª) | GF alta: 1.17/gara | GS bassa: 1.00/gara | Profilo ultime 10: 0.40 | Real over index: 0.25;17.57;9.72;;;9.09;3.98;2.5;;;;1.3.0
2026-09-26;France_National;Fleury-Merogis;Aubagne;49.99;MEDIA;8;2026-09-26;France_National;France_National;;Engine v1.3 | Squadra alta: Fleury-Merogis (11ª), squadra bassa: Aubagne (16ª) | GF alta: 1.57/gara | GS bassa: 1.14/gara | Profilo ultime 10: 0.52 | Real over index: 0.36;9.07;13.1;;;10.39;5.21;3.57;;;;1.3.0
2026-09-26;Bosnia_PrvaLiga_RS;Famos Vojkovici;Nevesinje;49.87;MEDIA;9;2026-09-26;Bosnia_PrvaLiga_RS;Bosnia_PrvaLiga_RS;;Engine v1.3 | Squadra alta: Nevesinje (9ª), squadra bassa: Famos Vojkovici (10ª) | GF alta: 0.83/gara | GS bassa: 1.83/gara | Profilo ultime 10: 0.62 | Real over index: 0.50;2.18;6.94;;;16.67;6.24;5.0;;;;1.3.0
2026-09-26;Austria_Karnten;SAK Klagenfurt;Atus Ferlach;48.86;MEDIA;11;2026-09-26;Austria_Karnten;Austria_Karnten;;Engine v1.3 | Squadra alta: SAK Klagenfurt (5ª), squadra bassa: Atus Ferlach (9ª) | GF alta: 1.75/gara | GS bassa: 0.86/gara | Profilo ultime 10: 0.65 | Real over index: 0.39;4.34;14.58;;;7.79;6.5;3.93;;;;1.3.0
2026-09-26;Paraguay_DivisionIntermedia;Sol De America;Encarnacion FC;48.53;MEDIA;11;2026-09-26;Paraguay_DivisionIntermedia;Paraguay_DivisionIntermedia;;Engine v1.3 | Squadra alta: Sol De America (7ª), squadra bassa: Encarnacion FC (10ª) | GF alta: 1.25/gara | GS bassa: 1.25/gara | Profilo ultime 10: 0.60 | Real over index: 0.38;3.92;10.42;;;11.36;6.02;3.75;;;;1.3.0
2026-09-26;Indonesia_Championship;Tornado Pekanbaru;Barito Putera;47.85;MEDIA;3;2026-09-26;Indonesia_Championship;Indonesia_Championship;;Engine v1.3 | Squadra alta: Tornado Pekanbaru (8ª), squadra bassa: Barito Putera (11ª) | GF alta: 0.50/gara | GS bassa: 2.50/gara | Profilo ultime 10: 0.57 | Real over index: 0.50;5.98;4.17;;;20.0;5.7;5.0;;;;1.3.0
2026-09-26;Wales_CymruSouth;Llantwit Major;Llanelli;46.41;MEDIA;8;2026-09-26;Wales_CymruSouth;Wales_CymruSouth;Wales_CymruTier2;Engine v1.3 | Squadra alta: Llanelli (27ª), squadra bassa: Llantwit Major (28ª) | GF alta: 0.71/gara | GS bassa: 2.33/gara | Profilo ultime 10: 0.53 | Real over index: 0.52;0.97;5.95;;;20.0;5.31;5.24;;;;1.3.0
2026-09-26;Bosnia_PrvaLiga_FBiH;NK Vitez;Capljina;46.33;MEDIA;8;2026-09-26;Bosnia_PrvaLiga_FBiH;Bosnia_PrvaLiga_FBiH;double round robin inferred from league size.;Engine v1.3 | Squadra alta: Capljina (12ª), squadra bassa: NK Vitez (15ª) | GF alta: 0.83/gara | GS bassa: 1.50/gara | Profilo ultime 10: 0.59 | Real over index: 0.58;3.13;6.94;;;13.64;5.9;5.83;;;;1.3.0
2026-09-26;Poland_IIILiga_Group3;Jelenia Gora;Goczalkowice Zdroj;46.31;MEDIA;10;2026-09-26;Poland_IIILiga_Group3;Poland_IIILiga_Group3;;Engine v1.3 | Squadra alta: Jelenia Gora (7ª), squadra bassa: Goczalkowice Zdroj (12ª) | GF alta: 1.11/gara | GS bassa: 1.44/gara | Profilo ultime 10: 0.58 | Real over index: 0.39;3.09;9.26;;;13.13;5.75;3.89;;;;1.3.0
2026-09-26;Bosnia_PrvaLiga_FBiH;Gradacac;Jedinstvo Bihac;46.24;MEDIA;8;2026-09-26;Bosnia_PrvaLiga_FBiH;Bosnia_PrvaLiga_FBiH;double round robin inferred from league size.;Engine v1.3 | Squadra alta: Jedinstvo Bihac (7ª), squadra bassa: Gradacac (11ª) | GF alta: 1.80/gara | GS bassa: 0.80/gara | Profilo ultime 10: 0.51 | Real over index: 0.30;5.87;15.0;;;7.27;5.14;3.0;;;;1.3.0
2026-09-26;Italy_SerieC_GironeA;Giana Erminio;Pro Vercelli;46.19;MEDIA;7;2026-09-26;Italy_SerieC_GironeA;Italy_SerieC_GironeA;;Engine v1.3 | Squadra alta: Pro Vercelli (16ª), squadra bassa: Giana Erminio (18ª) | GF alta: 0.83/gara | GS bassa: 1.40/gara | Profilo ultime 10: 0.54 | Real over index: 0.45;4.94;6.94;;;12.73;5.41;4.5;;;;1.3.0
2026-09-26;Finland_Ykkosliiga;Jippo;PK-35;46.02;MEDIA;28;2026-09-26;Finland_Ykkosliiga;Finland_Ykkosliiga;;Engine v1.3 | Squadra alta: PK-35 (2ª), squadra bassa: Jippo (3ª) | GF alta: 1.57/gara | GS bassa: 0.84/gara | Profilo ultime 10: 0.65 | Real over index: 0.45;3.11;13.04;;;7.64;6.51;4.5;;;;1.3.0
2026-09-26;Ukraine_PershaLiga;Kulikiv;SC Poltava;45.47;MEDIA;9;2026-09-26;Ukraine_PershaLiga;Ukraine_PershaLiga;;Engine v1.3 | Squadra alta: SC Poltava (2ª), squadra bassa: Kulikiv (4ª) | GF alta: 1.50/gara | GS bassa: 1.00/gara | Profilo ultime 10: 0.70 | Real over index: 0.56;2.22;12.5;;;9.09;7.02;5.62;;;;1.3.0
2026-09-26;Germany_Oberliga_NOFV_Nord;Mahlsdorf;Schwerin;45.08;MEDIA;6;2026-09-26;Germany_Oberliga_NOFV_Nord;Germany_Oberliga_NOFV_Nord;;Engine v1.3 | Squadra alta: Schwerin (5ª), squadra bassa: Mahlsdorf (7ª) | GF alta: 1.60/gara | GS bassa: 0.80/gara | Profilo ultime 10: 0.59 | Real over index: 0.40;2.93;13.33;;;7.27;5.88;4.0;;;;1.3.0
2026-09-26;France_National;Orleans;Cannes;45.07;MEDIA;8;2026-09-26;France_National;France_National;;Engine v1.3 | Squadra alta: Cannes (7ª), squadra bassa: Orleans (14ª) | GF alta: 1.14/gara | GS bassa: 1.43/gara | Profilo ultime 10: 0.45 | Real over index: 0.21;8.62;9.52;;;12.99;4.49;2.14;;;;1.3.0
2026-09-26;Croatia_PrvaNL;Dubrava;Bijelo Brdo;44.93;BASSA;7;2026-09-26;Croatia_PrvaNL;Croatia_PrvaNL;;Engine v1.3 | Squadra alta: Bijelo Brdo (6ª), squadra bassa: Dubrava (10ª) | GF alta: 1.17/gara | GS bassa: 1.00/gara | Profilo ultime 10: 0.55 | Real over index: 0.42;5.23;9.72;;;9.09;5.51;4.17;;;;1.3.0
2026-09-26;Bulgaria_VtoraLiga;Lok. Gorna;Marek;44.54;BASSA;11;2026-09-26;Bulgaria_VtoraLiga;Bulgaria_VtoraLiga;;Engine v1.3 | Squadra alta: Lok. Gorna (9ª), squadra bassa: Marek (11ª) | GF alta: 0.88/gara | GS bassa: 1.25/gara | Profilo ultime 10: 0.52 | Real over index: 0.38;5.67;7.29;;;11.36;5.19;3.75;;;;1.3.0
2026-09-26;Indonesia_Championship;PSGC Ciamis;Padang;40.74;BASSA;3;2026-09-26;Indonesia_Championship;Indonesia_Championship;;Engine v1.3 | Squadra alta: Padang (7ª), squadra bassa: PSGC Ciamis (10ª) | GF alta: 1.00/gara | GS bassa: 1.00/gara | Profilo ultime 10: 0.51 | Real over index: 0.25;5.98;8.33;;;9.09;5.14;2.5;;;;1.3.0
2026-09-26;France_National;Quevilly Rouen;Amiens;40.24;BASSA;8;2026-09-26;France_National;France_National;;Engine v1.3 | Squadra alta: Amiens (6ª), squadra bassa: Quevilly Rouen (12ª) | GF alta: 1.14/gara | GS bassa: 1.14/gara | Profilo ultime 10: 0.48 | Real over index: 0.36;5.44;9.52;;;10.39;4.78;3.57;;;;1.3.0
2026-09-26;Russia_FNL;S. Kostroma;Ural;38.72;BASSA;13;2026-09-26;Russia_FNL;Russia_FNL;;Engine v1.3 | Squadra alta: S. Kostroma (2ª), squadra bassa: Ural (5ª) | GF alta: 1.36/gara | GS bassa: 0.45/gara | Profilo ultime 10: 0.57 | Real over index: 0.35;3.09;11.36;;;4.13;5.71;3.5;;;;1.3.0
2026-09-26;Bosnia_PrvaLiga_RS;Kozara;Sutjeska Foca;38.64;BASSA;9;2026-09-26;Bosnia_PrvaLiga_RS;Bosnia_PrvaLiga_RS;;Engine v1.3 | Squadra alta: Kozara (6ª), squadra bassa: Sutjeska Foca (8ª) | GF alta: 0.83/gara | GS bassa: 1.29/gara | Profilo ultime 10: 0.40 | Real over index: 0.31;5.95;6.94;;;11.69;4.03;3.1;;;;1.3.0
2026-09-26;France_National;Paris 13 Atl.;Bastia;36.29;BASSA;8;2026-09-26;France_National;France_National;;Engine v1.3 | Squadra alta: Bastia (10ª), squadra bassa: Paris 13 Atl. (13ª) | GF alta: 0.86/gara | GS bassa: 1.00/gara | Profilo ultime 10: 0.41 | Real over index: 0.21;2.72;7.14;;;9.09;4.1;2.14;;;;1.3.0
2026-09-26;Italy_SerieC_GironeA;Pergolettese;Trento;35.97;BASSA;7;2026-09-26;Italy_SerieC_GironeA;Italy_SerieC_GironeA;;Engine v1.3 | Squadra alta: Trento (2ª), squadra bassa: Pergolettese (12ª) | GF alta: 1.50/gara | GS bassa: 0.20/gara | Profilo ultime 10: 0.36 | Real over index: 0.25;11.68;12.5;;;1.82;3.62;2.5;;;;1.3.0
