MatchDate;LeagueId;Home;Away;Score;Band;Round;PredictionDate;HomeSourceLeagueId;AwaySourceLeagueId;CompetitionGroup;Reason;RankingGapScore;HomeAttackScore;AwayAttackScore;HomeDefenseWeaknessScore;AwayDefenseWeaknessScore;HomeLast10OverScore;AwayLast10OverScore;HomeVenueOverScore;AwayVenueOverScore;BTTSProfileScore;AlgorithmVersion
2026-08-23;Switzerland_SuperLeague;Young Boys;Vaduz;94.97;IMM-ALTA-6;4;2026-08-21;Switzerland_SuperLeague;Switzerland_SuperLeague;;Engine v1.3 | Squadra alta: Young Boys (2ª), squadra bassa: Vaduz (12ª) | GF alta: 4.00/gara | GS bassa: 2.67/gara | Profilo ultime 10: 0.97 | Real over index: 1.00;21.3;20.0;;;20.0;9.67;10.0;;;;1.3.0
2026-08-23;CzechRepublic_4Liga_GroupC;Chlumec nad Cidlinou;Kosmonosy;92.48;IMM-ALTA-4;3;2026-08-21;CzechRepublic_4Liga_GroupC;CzechRepublic_4Liga_GroupC;CzechRepublic_4Liga;Engine v1.3 | Squadra alta: Kosmonosy (17ª), squadra bassa: Chlumec nad Cidlinou (72ª) | GF alta: 3.00/gara | GS bassa: 2.50/gara | Profilo ultime 10: 0.90 | Real over index: 0.75;22.0;20.0;;;20.0;8.98;7.5;;;;1.3.0
2026-08-23;CzechRepublic_3MSFL;Sigma Olomouc B;Blansko;91.05;IMM-ALTA-6;4;2026-08-21;CzechRepublic_3MSFL;CzechRepublic_3MSFL;;Engine v1.3 | Squadra alta: Sigma Olomouc B (1ª), squadra bassa: Blansko (13ª) | GF alta: 3.33/gara | GS bassa: 3.00/gara | Profilo ultime 10: 0.95 | Real over index: 1.00;19.16;20.0;;;20.0;9.5;10.0;;;;1.3.0
2026-08-23;Estonia_Esiliiga;Nomme Kalju U21;Tartu Welco;90.96;ALTA;28;2026-08-21;Estonia_Esiliiga;Estonia_Esiliiga;;Engine v1.3 | Squadra alta: Tartu Welco (1ª), squadra bassa: Nomme Kalju U21 (10ª) | GF alta: 2.92/gara | GS bassa: 2.74/gara | Profilo ultime 10: 0.80 | Real over index: 0.85;20.5;20.0;;;20.0;7.96;8.5;;;;1.3.0
2026-08-23;Japan_J1League;Machida;Urawa;90.54;IMM-ALTA-4;3;2026-08-21;Japan_J1League;Japan_J1League;;Engine v1.3 | Squadra alta: Machida (1ª), squadra bassa: Urawa (19ª) | GF alta: 4.50/gara | GS bassa: 4.00/gara | Profilo ultime 10: 0.93 | Real over index: 1.00;21.59;20.0;;;20.0;9.25;10.0;;;;1.3.0
2026-08-23;Austria_Salzburg;Neumarkt;USK Anif;90.34;IMM-ALTA-6;4;2026-08-21;Austria_Salzburg;Austria_Salzburg;;Engine v1.3 | Squadra alta: USK Anif (5ª), squadra bassa: Neumarkt (14ª) | GF alta: 3.00/gara | GS bassa: 2.67/gara | Profilo ultime 10: 0.91 | Real over index: 0.83;18.92;20.0;;;20.0;9.08;8.33;;;;1.3.0
2026-08-23;Austria_Karnten;Kottmannsdorf;Seeboden;90.13;IMM-ALTA-6;5;2026-08-21;Austria_Karnten;Austria_Karnten;;Engine v1.3 | Squadra alta: Seeboden (4ª), squadra bassa: Kottmannsdorf (15ª) | GF alta: 3.00/gara | GS bassa: 3.33/gara | Profilo ultime 10: 0.90 | Real over index: 0.83;18.76;20.0;;;20.0;9.04;8.33;;;;1.3.0
2026-08-23;Finland_Kolmonen_Eastern_Group2;PK-37;Kings SC;89.1;ALTA;18;2026-08-21;Finland_Kolmonen_Eastern_Group2;Finland_Kolmonen_Eastern_Group2;;Engine v1.3 | Squadra alta: Kings SC (1ª), squadra bassa: PK-37 (6ª) | GF alta: 3.62/gara | GS bassa: 2.19/gara | Profilo ultime 10: 0.92 | Real over index: 0.80;18.01;20.0;;;19.89;9.2;8.0;;;;1.3.0
2026-08-23;Austria_Regionalliga_West;Hohenems;Rothis;88.78;IMM-ALTA-6;4;2026-08-21;Austria_Regionalliga_West;Austria_Regionalliga_West;;Engine v1.3 | Squadra alta: Hohenems (1ª), squadra bassa: Rothis (15ª) | GF alta: 3.67/gara | GS bassa: 2.67/gara | Profilo ultime 10: 0.84 | Real over index: 0.83;21.49;20.0;;;20.0;8.38;8.33;;;;1.3.0
2026-08-23;Iceland_BestaDeildKarla;Akureyri;KR Reykjavik;88.78;ALTA;25;2026-08-21;Iceland_BestaDeildKarla;Iceland_BestaDeildKarla;;Engine v1.3 | Squadra alta: KR Reykjavik (2ª), squadra bassa: Akureyri (11ª) | GF alta: 3.53/gara | GS bassa: 2.11/gara | Profilo ultime 10: 0.93 | Real over index: 0.80;18.34;20.0;;;19.14;9.3;8.0;;;;1.3.0
2026-08-23;CzechRepublic_4Liga_GroupE;FK Kozlovice;Sternberk;88.55;IMM-ALTA-4;3;2026-08-21;CzechRepublic_4Liga_GroupE;CzechRepublic_4Liga_GroupE;CzechRepublic_4Liga;Engine v1.3 | Squadra alta: FK Kozlovice (10ª), squadra bassa: Sternberk (74ª) | GF alta: 3.50/gara | GS bassa: 2.00/gara | Profilo ultime 10: 0.80 | Real over index: 0.75;22.0;20.0;;;18.18;8.03;7.5;;;;1.3.0
2026-08-23;Poland_IIILiga_Group2;Blekitni Stargard;Luzino;88.33;IMM-ALTA-8;5;2026-08-21;Poland_IIILiga_Group2;Poland_IIILiga_Group2;;Engine v1.3 | Squadra alta: Luzino (2ª), squadra bassa: Blekitni Stargard (12ª) | GF alta: 3.25/gara | GS bassa: 2.25/gara | Profilo ultime 10: 0.87 | Real over index: 0.75;18.35;20.0;;;20.0;8.75;7.5;;;;1.3.0
2026-08-23;Poland_IIILiga_Group2;Grom Nowy Staw;Kluczevia Stargard;88.16;IMM-ALTA-8;5;2026-08-21;Poland_IIILiga_Group2;Poland_IIILiga_Group2;;Engine v1.3 | Squadra alta: Kluczevia Stargard (4ª), squadra bassa: Grom Nowy Staw (14ª) | GF alta: 2.75/gara | GS bassa: 2.25/gara | Profilo ultime 10: 0.94 | Real over index: 0.88;15.97;20.0;;;20.0;9.44;8.75;;;;1.3.0
2026-08-23;Slovakia_3Liga_West;Belusa;Raca;87.34;IMM-ALTA-4;3;2026-08-21;Slovakia_3Liga_West;Slovakia_3Liga_West;;Engine v1.3 | Squadra alta: Belusa (2ª), squadra bassa: Raca (11ª) | GF alta: 3.00/gara | GS bassa: 2.00/gara | Profilo ultime 10: 0.87 | Real over index: 0.75;18.92;20.0;;;18.18;8.73;7.5;;;;1.3.0
2026-08-23;Latvia_NakotnesLiga;Rezekne;Metta;87.32;ALTA;18;2026-08-21;Latvia_NakotnesLiga;Latvia_NakotnesLiga;;Engine v1.3 | Squadra alta: Metta (1ª), squadra bassa: Rezekne (14ª) | GF alta: 4.31/gara | GS bassa: 2.88/gara | Profilo ultime 10: 0.79 | Real over index: 0.80;22.0;20.0;;;20.0;7.87;8.0;;;;1.3.0
2026-08-23;Germany_Oberliga_SchleswigHolstein;Eichede;Flensburg;86.44;IMM-ALTA-8;5;2026-08-21;Germany_Oberliga_SchleswigHolstein;Germany_Oberliga_SchleswigHolstein;;Engine v1.3 | Squadra alta: Flensburg (3ª), squadra bassa: Eichede (15ª) | GF alta: 3.50/gara | GS bassa: 2.00/gara | Profilo ultime 10: 0.78 | Real over index: 0.62;20.46;20.0;;;18.18;7.82;6.25;;;;1.3.0
2026-08-23;Germany_Oberliga_Westfalen;SpVgg Herne Horsthausen;ASC 09 Dortmund;86.33;IMM-ALTA-4;3;2026-08-21;Germany_Oberliga_Westfalen;Germany_Oberliga_Westfalen;;Engine v1.3 | Squadra alta: SpVgg Herne Horsthausen (8ª), squadra bassa: ASC 09 Dortmund (16ª) | GF alta: 2.00/gara | GS bassa: 4.00/gara | Profilo ultime 10: 0.94 | Real over index: 1.00;17.92;16.67;;;20.0;9.36;10.0;;;;1.3.0
2026-08-23;Germany_Oberliga_Westfalen;Maaslingen;Vreden;85.07;IMM-ALTA-4;3;2026-08-21;Germany_Oberliga_Westfalen;Germany_Oberliga_Westfalen;;Engine v1.3 | Squadra alta: Vreden (1ª), squadra bassa: Maaslingen (10ª) | GF alta: 3.50/gara | GS bassa: 2.00/gara | Profilo ultime 10: 0.86 | Real over index: 0.75;18.38;20.0;;;18.18;8.62;7.5;;;;1.3.0
2026-08-23;Netherlands_Eredivisie;G.A. Eagles;Den Haag;84.93;IMM-ALTA-4;3;2026-08-21;Netherlands_Eredivisie;Netherlands_Eredivisie;;Engine v1.3 | Squadra alta: G.A. Eagles (3ª), squadra bassa: Den Haag (16ª) | GF alta: 3.00/gara | GS bassa: 3.00/gara | Profilo ultime 10: 0.73 | Real over index: 0.75;20.19;20.0;;;20.0;7.33;7.5;;;;1.3.0
2026-08-23;Belgium_JupilerProLeague;Club Brugge;Cercle Brugge;84.38;IMM-ALTA-4;3;2026-08-21;Belgium_JupilerProLeague;Belgium_JupilerProLeague;;Engine v1.3 | Squadra alta: Club Brugge (1ª), squadra bassa: Cercle Brugge (10ª) | GF alta: 3.00/gara | GS bassa: 2.50/gara | Profilo ultime 10: 0.90 | Real over index: 1.00;18.38;20.0;;;20.0;9.0;10.0;;;;1.3.0
2026-08-23;Iceland_BestaDeildKarla;Vikingur Reykjavik;Valur;84.26;ALTA;25;2026-08-21;Iceland_BestaDeildKarla;Iceland_BestaDeildKarla;;Engine v1.3 | Squadra alta: Vikingur Reykjavik (1ª), squadra bassa: Valur (7ª) | GF alta: 3.26/gara | GS bassa: 2.11/gara | Profilo ultime 10: 0.88 | Real over index: 0.75;16.74;20.0;;;19.14;8.78;7.5;;;;1.3.0
2026-08-23;Australia_NPL_NSW_U20;Sydney Olympic U20;Marconi S. U20;83.44;ALTA;30;2026-08-21;Australia_NPL_NSW_U20;Australia_NPL_NSW_U20;;Engine v1.3 | Squadra alta: Marconi S. U20 (3ª), squadra bassa: Sydney Olympic U20 (16ª) | GF alta: 1.89/gara | GS bassa: 3.21/gara | Profilo ultime 10: 0.79 | Real over index: 0.80;20.97;15.77;;;20.0;7.91;8.0;;;;1.3.0
2026-08-23;Germany_Oberliga_Niedersachsen;Hemmingen;Braunschweig U23;83.41;IMM-ALTA-4;3;2026-08-21;Germany_Oberliga_Niedersachsen;Germany_Oberliga_Niedersachsen;;Engine v1.3 | Squadra alta: Braunschweig U23 (6ª), squadra bassa: Hemmingen (15ª) | GF alta: 2.00/gara | GS bassa: 2.50/gara | Profilo ultime 10: 0.80 | Real over index: 0.75;18.38;16.67;;;20.0;8.03;7.5;;;;1.3.0
2026-08-23;USA_MLS;Inter Miami;Toronto FC;82.97;ALTA;23;2026-08-21;USA_MLS;USA_MLS;;Engine v1.3 | Squadra alta: Inter Miami (2ª), squadra bassa: Toronto FC (28ª) | GF alta: 2.40/gara | GS bassa: 1.85/gara | Profilo ultime 10: 0.82 | Real over index: 0.70;16.91;20.0;;;16.82;8.24;7.0;;;;1.3.0
2026-08-23;Bolivia_DivisionProfesional;Real Oruro;Bolivar;82.83;ALTA;20;2026-08-21;Bolivia_DivisionProfesional;Bolivia_DivisionProfesional;;Engine v1.3 | Squadra alta: Bolivar (2ª), squadra bassa: Real Oruro (13ª) | GF alta: 2.40/gara | GS bassa: 2.53/gara | Profilo ultime 10: 0.87 | Real over index: 0.75;13.91;20.0;;;20.0;8.68;7.5;;;;1.3.0
2026-08-23;CzechRepublic_4Liga_GroupC;Svitavy;Hlinsko;82.82;IMM-ALTA-4;3;2026-08-21;CzechRepublic_4Liga_GroupC;CzechRepublic_4Liga_GroupC;CzechRepublic_4Liga;Engine v1.3 | Squadra alta: Hlinsko (24ª), squadra bassa: Svitavy (49ª) | GF alta: 2.00/gara | GS bassa: 2.00/gara | Profilo ultime 10: 0.89 | Real over index: 0.75;17.6;16.67;;;18.18;8.88;7.5;;;;1.3.0
2026-08-23;Poland_IIILiga_Group4;Naprzod Jedrzejow;Chelmianka Chelm;82.72;IMM-ALTA-6;4;2026-08-21;Poland_IIILiga_Group4;Poland_IIILiga_Group4;;Engine v1.3 | Squadra alta: Chelmianka Chelm (1ª), squadra bassa: Naprzod Jedrzejow (14ª) | GF alta: 2.33/gara | GS bassa: 2.33/gara | Profilo ultime 10: 0.76 | Real over index: 0.67;20.19;19.44;;;20.0;7.62;6.67;;;;1.3.0
2026-08-23;Kyrgyzstan_PremierLiga;Muras United;Kyrgyzaltyn;82.53;ALTA;24;2026-08-21;Kyrgyzstan_PremierLiga;Kyrgyzstan_PremierLiga;;Engine v1.3 | Squadra alta: Muras United (2ª), squadra bassa: Kyrgyzaltyn (16ª) | GF alta: 2.00/gara | GS bassa: 2.63/gara | Profilo ultime 10: 0.75 | Real over index: 0.65;21.49;16.67;;;20.0;7.53;6.5;;;;1.3.0
2026-08-23;Sweden_Division1_Norra;Hammarby TFF;Pitea;82.48;ALTA;20;2026-08-21;Sweden_Division1_Norra;Sweden_Division1_Norra;;Engine v1.3 | Squadra alta: Hammarby TFF (1ª), squadra bassa: Pitea (16ª) | GF alta: 2.83/gara | GS bassa: 2.06/gara | Profilo ultime 10: 0.67 | Real over index: 0.50;22.0;20.0;;;18.72;6.75;5.0;;;;1.3.0
2026-08-23;Germany_Oberliga_Hamburg;Niendorfer TSV;Victoria Hamburg;82.34;IMM-ALTA-6;4;2026-08-21;Germany_Oberliga_Hamburg;Germany_Oberliga_Hamburg;;Engine v1.3 | Squadra alta: Niendorfer TSV (3ª), squadra bassa: Victoria Hamburg (10ª) | GF alta: 3.00/gara | GS bassa: 2.67/gara | Profilo ultime 10: 0.89 | Real over index: 0.83;12.7;20.0;;;20.0;8.92;8.33;;;;1.3.0
2026-08-23;Switzerland_PromotionLeague;Biel;Lugano 2;81.66;IMM-ALTA-6;5;2026-08-21;Switzerland_PromotionLeague;Switzerland_PromotionLeague;;Engine v1.3 | Squadra alta: Biel (2ª), squadra bassa: Lugano 2 (15ª) | GF alta: 2.00/gara | GS bassa: 3.33/gara | Profilo ultime 10: 0.82 | Real over index: 0.67;19.57;16.67;;;20.0;8.17;6.67;;;;1.3.0
2026-08-23;Bulgaria_ParvaLiga;Lok. Sofia;CSKA Sofia;81.09;ALTA;6;2026-08-21;Bulgaria_ParvaLiga;Bulgaria_ParvaLiga;;Engine v1.3 | Squadra alta: CSKA Sofia (2ª), squadra bassa: Lok. Sofia (12ª) | GF alta: 2.60/gara | GS bassa: 2.00/gara | Profilo ultime 10: 0.74 | Real over index: 0.70;19.43;20.0;;;18.18;7.41;7.0;;;;1.3.0
2026-08-23;CzechRepublic_4Liga_GroupF;Sumperk;Stonava;80.91;IMM-ALTA-4;3;2026-08-21;CzechRepublic_4Liga_GroupF;CzechRepublic_4Liga_GroupF;CzechRepublic_4Liga;Engine v1.3 | Squadra alta: Sumperk (31ª), squadra bassa: Stonava (68ª) | GF alta: 1.50/gara | GS bassa: 2.00/gara | Profilo ultime 10: 0.83 | Real over index: 0.75;22.0;12.5;;;18.18;8.34;7.5;;;;1.3.0
2026-08-23;Poland_Ekstraklasa;Radomiak Radom;Zaglebie;80.65;IMM-ALTA-7;5;2026-08-21;Poland_Ekstraklasa;Poland_Ekstraklasa;;Engine v1.3 | Squadra alta: Zaglebie (5ª), squadra bassa: Radomiak Radom (17ª) | GF alta: 1.67/gara | GS bassa: 3.00/gara | Profilo ultime 10: 0.82 | Real over index: 0.83;17.35;13.89;;;20.0;8.24;8.33;;;;1.3.0
2026-08-23;Hungary_NBI;Győr;Zalaegerszeg;80.54;IMM-ALTA-7;5;2026-08-21;Hungary_NBI;Hungary_NBI;;Engine v1.3 | Squadra alta: Győr (5ª), squadra bassa: Zalaegerszeg (12ª) | GF alta: 2.33/gara | GS bassa: 2.75/gara | Profilo ultime 10: 0.80 | Real over index: 0.71;13.64;19.44;;;20.0;7.99;7.08;;;;1.3.0
2026-08-23;Poland_IIILiga_Group3;Brzeg;Rakow 2;80.21;IMM-ALTA-8;5;2026-08-21;Poland_IIILiga_Group3;Poland_IIILiga_Group3;;Engine v1.3 | Squadra alta: Brzeg (9ª), squadra bassa: Rakow 2 (17ª) | GF alta: 2.25/gara | GS bassa: 3.00/gara | Profilo ultime 10: 0.84 | Real over index: 0.62;12.78;18.75;;;20.0;8.44;6.25;;;;1.3.0
2026-08-23;Latvia_NakotnesLiga;Leevon PPK;FK Smiltene;80.08;ALTA;18;2026-08-21;Latvia_NakotnesLiga;Latvia_NakotnesLiga;;Engine v1.3 | Squadra alta: Leevon PPK (4ª), squadra bassa: FK Smiltene (13ª) | GF alta: 1.62/gara | GS bassa: 2.69/gara | Profilo ultime 10: 0.77 | Real over index: 0.65;19.03;13.54;;;20.0;7.68;6.5;;;;1.3.0
2026-08-23;Germany_Oberliga_Hamburg;Paloma;Pinneberg;80.0;IMM-ALTA-6;4;2026-08-21;Germany_Oberliga_Hamburg;Germany_Oberliga_Hamburg;;Engine v1.3 | Squadra alta: Pinneberg (1ª), squadra bassa: Paloma (5ª) | GF alta: 3.33/gara | GS bassa: 1.67/gara | Profilo ultime 10: 0.95 | Real over index: 1.00;11.35;20.0;;;15.15;9.5;10.0;;;;1.3.0
2026-08-23;Netherlands_EersteDivisie;Venlo;De Graafschap;79.88;IMM-ALTA-4;3;2026-08-21;Netherlands_EersteDivisie;Netherlands_EersteDivisie;;Engine v1.3 | Squadra alta: Venlo (9ª), squadra bassa: De Graafschap (17ª) | GF alta: 2.50/gara | GS bassa: 3.00/gara | Profilo ultime 10: 0.81 | Real over index: 0.50;12.78;20.0;;;20.0;8.11;5.0;;;;1.3.0
2026-08-23;Austria_Regionalliga_West;Kitzbuhel;Lauterach;79.79;IMM-ALTA-6;4;2026-08-21;Austria_Regionalliga_West;Austria_Regionalliga_West;;Engine v1.3 | Squadra alta: Kitzbuhel (5ª), squadra bassa: Lauterach (16ª) | GF alta: 2.00/gara | GS bassa: 2.33/gara | Profilo ultime 10: 0.76 | Real over index: 0.50;19.95;16.67;;;20.0;7.58;5.0;;;;1.3.0
2026-08-23;Paraguay_DivisionIntermedia;Benjamin Aceval;Deportivo Santani;79.65;IMM-ALTA-4;3;2026-08-21;Paraguay_DivisionIntermedia;Paraguay_DivisionIntermedia;;Engine v1.3 | Squadra alta: Deportivo Santani (2ª), squadra bassa: Benjamin Aceval (9ª) | GF alta: 3.00/gara | GS bassa: 1.50/gara | Profilo ultime 10: 0.82 | Real over index: 0.75;17.89;20.0;;;13.64;8.23;7.5;;;;1.3.0
2026-08-23;Poland_IIILiga_Group1;Pelikan;Troszyn;79.29;IMM-ALTA-8;5;2026-08-21;Poland_IIILiga_Group1;Poland_IIILiga_Group1;;Engine v1.3 | Squadra alta: Pelikan (3ª), squadra bassa: Troszyn (18ª) | GF alta: 1.50/gara | GS bassa: 3.50/gara | Profilo ultime 10: 0.75 | Real over index: 0.75;20.38;12.5;;;20.0;7.54;7.5;;;;1.3.0
2026-08-23;Bulgaria_ParvaLiga;Septemvri Sofia;CSKA 1948 Sofia;79.1;ALTA;6;2026-08-21;Bulgaria_ParvaLiga;Bulgaria_ParvaLiga;;Engine v1.3 | Squadra alta: CSKA 1948 Sofia (3ª), squadra bassa: Septemvri Sofia (9ª) | GF alta: 2.60/gara | GS bassa: 1.80/gara | Profilo ultime 10: 0.74 | Real over index: 0.80;17.38;20.0;;;16.36;7.39;8.0;;;;1.3.0
2026-08-23;Iceland_Division_2;Throttur Vogar;Selfoss;79.07;ALTA;33;2026-08-21;Iceland_Division_2;Iceland_Division_2;;Engine v1.3 | Squadra alta: Selfoss (2ª), squadra bassa: Throttur Vogar (9ª) | GF alta: 2.32/gara | GS bassa: 1.95/gara | Profilo ultime 10: 0.92 | Real over index: 0.80;10.92;19.3;;;17.7;9.15;8.0;;;;1.3.0
2026-08-23;Kyrgyzstan_PremierLiga;Bars;Neftchi Kochkor-Ata;78.85;ALTA;24;2026-08-21;Kyrgyzstan_PremierLiga;Kyrgyzstan_PremierLiga;;Engine v1.3 | Squadra alta: Bars (1ª), squadra bassa: Neftchi Kochkor-Ata (10ª) | GF alta: 2.74/gara | GS bassa: 1.68/gara | Profilo ultime 10: 0.89 | Real over index: 0.75;13.15;20.0;;;15.31;8.88;7.5;;;;1.3.0
2026-08-23;CzechRepublic_4Liga_GroupF;Bilovec;Bohumin;78.51;IMM-ALTA-4;3;2026-08-21;CzechRepublic_4Liga_GroupF;CzechRepublic_4Liga_GroupF;CzechRepublic_4Liga;Engine v1.3 | Squadra alta: Bohumin (4ª), squadra bassa: Bilovec (69ª) | GF alta: 3.00/gara | GS bassa: 1.50/gara | Profilo ultime 10: 0.67 | Real over index: 0.50;22.0;20.0;;;13.64;6.66;5.0;;;;1.3.0
2026-08-23;Iceland_Division_2;Haukar;Dalvik/Reynir;78.43;ALTA;33;2026-08-21;Iceland_Division_2;Iceland_Division_2;;Engine v1.3 | Squadra alta: Haukar (1ª), squadra bassa: Dalvik/Reynir (8ª) | GF alta: 2.45/gara | GS bassa: 1.61/gara | Profilo ultime 10: 0.85 | Real over index: 0.75;13.74;20.0;;;14.65;8.53;7.5;;;;1.3.0
2026-08-23;Estonia_EsiliigaB;Tulevik;Narva U21;78.38;ALTA;25;2026-08-21;Estonia_EsiliigaB;Estonia_EsiliigaB;;Engine v1.3 | Squadra alta: Narva U21 (1ª), squadra bassa: Tulevik (7ª) | GF alta: 2.48/gara | GS bassa: 2.05/gara | Profilo ultime 10: 0.83 | Real over index: 0.75;9.94;20.0;;;18.6;8.34;7.5;;;;1.3.0
2026-08-23;Australia_VictoriaPremierLeague;Melbourne Knights;Langwarrin;77.76;ALTA;27;2026-08-21;Australia_VictoriaPremierLeague;Australia_VictoriaPremierLeague;;Engine v1.3 | Squadra alta: Melbourne Knights (1ª), squadra bassa: Langwarrin (11ª) | GF alta: 1.96/gara | GS bassa: 2.21/gara | Profilo ultime 10: 0.81 | Real over index: 0.60;15.85;16.32;;;20.0;8.1;6.0;;;;1.3.0
2026-08-23;Hungary_NBII;Csakvari;Kazincbarcika;77.67;IMM-ALTA-8;5;2026-08-21;Hungary_NBII;Hungary_NBII;;Engine v1.3 | Squadra alta: Kazincbarcika (3ª), squadra bassa: Csakvari (12ª) | GF alta: 1.75/gara | GS bassa: 2.00/gara | Profilo ultime 10: 0.85 | Real over index: 0.75;16.54;14.58;;;18.18;8.48;7.5;;;;1.3.0
2026-08-23;CzechRepublic_4Liga_GroupF;Pusta Polom;Zabreh;77.62;IMM-ALTA-4;3;2026-08-21;CzechRepublic_4Liga_GroupF;CzechRepublic_4Liga_GroupF;CzechRepublic_4Liga;Engine v1.3 | Squadra alta: Zabreh (7ª), squadra bassa: Pusta Polom (41ª) | GF alta: 2.00/gara | GS bassa: 1.50/gara | Profilo ultime 10: 0.81 | Real over index: 0.75;22.0;16.67;;;13.64;8.12;7.5;;;;1.3.0
2026-08-23;Australia_NPLNSW;Sydney Olympic;Marconi;77.57;ALTA;30;2026-08-21;Australia_NPLNSW;Australia_NPLNSW;;Engine v1.3 | Squadra alta: Marconi (2ª), squadra bassa: Sydney Olympic (16ª) | GF alta: 1.72/gara | GS bassa: 2.13/gara | Profilo ultime 10: 0.72 | Real over index: 0.60;20.25;14.37;;;19.39;7.25;6.0;;;;1.3.0
2026-08-23;Slovakia_NikeLiga;Trencin;Trnava;77.37;IMM-ALTA-7;5;2026-08-21;Slovakia_NikeLiga;Slovakia_NikeLiga;;Engine v1.3 | Squadra alta: Trnava (1ª), squadra bassa: Trencin (8ª) | GF alta: 2.00/gara | GS bassa: 2.00/gara | Profilo ultime 10: 0.78 | Real over index: 0.58;19.2;16.67;;;18.18;7.79;5.83;;;;1.3.0
2026-08-23;Portugal_LigaPortugal;Guimaraes;Nacional;77.26;IMM-ALTA-4;3;2026-08-21;Portugal_LigaPortugal;Portugal_LigaPortugal;;Engine v1.3 | Squadra alta: Nacional (5ª), squadra bassa: Guimaraes (16ª) | GF alta: 2.00/gara | GS bassa: 2.00/gara | Profilo ultime 10: 0.69 | Real over index: 0.50;19.28;16.67;;;18.18;6.91;5.0;;;;1.3.0
2026-08-23;USA_MLSNextPro_WesternConference_CentralDivision;Chicago Fire 2;Inter Miami 2;77.1;ALTA;28;2026-08-21;USA_MLSNextPro_EasternConference_SoutheastDivision;USA_MLSNextPro_EasternConference_SoutheastDivision;;Engine v1.3 | Squadra alta: Chicago Fire 2 (4ª), squadra bassa: Inter Miami 2 (8ª) | GF alta: 2.00/gara | GS bassa: 2.41/gara | Profilo ultime 10: 0.70 | Real over index: 0.60;15.1;16.67;;;20.0;7.03;6.0;;;;1.3.0
2026-08-23;Romania_Superliga;CFR Cluj;FCSB;76.93;IMM-ALTA-8;6;2026-08-21;Romania_Superliga;Romania_Superliga;;Engine v1.3 | Squadra alta: FCSB (1ª), squadra bassa: CFR Cluj (12ª) | GF alta: 1.80/gara | GS bassa: 2.00/gara | Profilo ultime 10: 0.83 | Real over index: 0.70;17.09;15.0;;;18.18;8.35;7.0;;;;1.3.0
2026-08-23;Germany_Oberliga_SchleswigHolstein;Oldenburger;PSV Neumunster;76.66;IMM-ALTA-8;5;2026-08-21;Germany_Oberliga_SchleswigHolstein;Germany_Oberliga_SchleswigHolstein;;Engine v1.3 | Squadra alta: Oldenburger (7ª), squadra bassa: PSV Neumunster (10ª) | GF alta: 2.50/gara | GS bassa: 2.00/gara | Profilo ultime 10: 0.94 | Real over index: 0.88;6.31;20.0;;;18.18;9.42;8.75;;;;1.3.0
2026-08-23;Netherlands_Eredivisie;PSV;Groningen;76.62;IMM-ALTA-4;3;2026-08-21;Netherlands_Eredivisie;Netherlands_Eredivisie;;Engine v1.3 | Squadra alta: Groningen (2ª), squadra bassa: PSV (6ª) | GF alta: 3.00/gara | GS bassa: 1.50/gara | Profilo ultime 10: 0.93 | Real over index: 1.00;11.35;20.0;;;13.64;9.25;10.0;;;;1.3.0
2026-08-23;USA_MLS;Nashville SC;Columbus Crew;76.62;ALTA;23;2026-08-21;USA_MLS;USA_MLS;;Engine v1.3 | Squadra alta: Nashville SC (1ª), squadra bassa: Columbus Crew (24ª) | GF alta: 2.05/gara | GS bassa: 1.65/gara | Profilo ultime 10: 0.81 | Real over index: 0.70;18.15;17.11;;;15.0;8.12;7.0;;;;1.3.0
2026-08-23;Iceland_Division_2;Kari;Fjolnir;76.42;ALTA;33;2026-08-21;Iceland_Division_2;Iceland_Division_2;;Engine v1.3 | Squadra alta: Kari (3ª), squadra bassa: Fjolnir (5ª) | GF alta: 2.61/gara | GS bassa: 2.30/gara | Profilo ultime 10: 0.91 | Real over index: 0.80;5.37;20.0;;;20.0;9.05;8.0;;;;1.3.0
2026-08-23;Germany_Oberliga_Hamburg;TSV Buchholz 08;Wandsbeker Concordia;76.35;IMM-ALTA-5;4;2026-08-21;Germany_Oberliga_Hamburg;Germany_Oberliga_Hamburg;;Engine v1.3 | Squadra alta: TSV Buchholz 08 (12ª), squadra bassa: Wandsbeker Concordia (18ª) | GF alta: 2.00/gara | GS bassa: 2.67/gara | Profilo ultime 10: 0.71 | Real over index: 0.67;17.02;16.67;;;20.0;7.05;6.67;;;;1.3.0
2026-08-23;Armenia_PremierLeague;BKMA;Noah;76.13;IMM-ALTA-6;5;2026-08-21;Armenia_PremierLeague;Armenia_PremierLeague;;Engine v1.3 | Squadra alta: Noah (1ª), squadra bassa: BKMA (10ª) | GF alta: 2.67/gara | GS bassa: 1.67/gara | Profilo ultime 10: 0.64 | Real over index: 0.67;20.6;20.0;;;15.15;6.39;6.67;;;;1.3.0
2026-08-23;Sweden_Division2_NorraSvealand;Helges;Falu;75.78;ALTA;19;2026-08-21;Sweden_Division2_NorraSvealand;Sweden_Division2_NorraSvealand;;Engine v1.3 | Squadra alta: Falu (4ª), squadra bassa: Helges (14ª) | GF alta: 1.53/gara | GS bassa: 2.67/gara | Profilo ultime 10: 0.71 | Real over index: 0.70;19.07;12.75;;;20.0;7.05;7.0;;;;1.3.0
2026-08-23;CzechRepublic_ChNL;Slavia Praga B;Kromeriz;75.66;IMM-ALTA-8;5;2026-08-21;CzechRepublic_ChNL;CzechRepublic_ChNL;;Engine v1.3 | Squadra alta: Slavia Praga B (3ª), squadra bassa: Kromeriz (16ª) | GF alta: 2.25/gara | GS bassa: 2.00/gara | Profilo ultime 10: 0.57 | Real over index: 0.50;20.97;18.75;;;18.18;5.75;5.0;;;;1.3.0
2026-08-23;Sweden_Division2_NorraSvealand;IK Franke;Skiljebo;75.57;ALTA;19;2026-08-21;Sweden_Division2_NorraSvealand;Sweden_Division2_NorraSvealand;;Engine v1.3 | Squadra alta: Skiljebo (2ª), squadra bassa: IK Franke (8ª) | GF alta: 2.39/gara | GS bassa: 1.59/gara | Profilo ultime 10: 0.83 | Real over index: 0.75;12.4;19.91;;;14.44;8.34;7.5;;;;1.3.0
2026-08-23;Germany_Oberliga_Bremen;Schwachhausen;Geestemunde;75.48;IMM-ALTA-4;3;2026-08-21;Germany_Oberliga_Bremen;Germany_Oberliga_Bremen;;Engine v1.3 | Squadra alta: Geestemunde (12ª), squadra bassa: Schwachhausen (16ª) | GF alta: 2.00/gara | GS bassa: 3.50/gara | Profilo ultime 10: 0.92 | Real over index: 1.00;6.82;16.67;;;20.0;9.16;10.0;;;;1.3.0
2026-08-23;CzechRepublic_1Liga;Sigma Olomouc;Pardubice;75.33;IMM-ALTA-8;5;2026-08-21;CzechRepublic_1Liga;CzechRepublic_1Liga;;Engine v1.3 | Squadra alta: Sigma Olomouc (6ª), squadra bassa: Pardubice (14ª) | GF alta: 1.75/gara | GS bassa: 1.75/gara | Profilo ultime 10: 0.76 | Real over index: 0.75;18.41;14.58;;;15.91;7.55;7.5;;;;1.3.0
2026-08-23;Finland_Veikkausliiga;KuPS;Mariehamn;74.98;MEDIA-ALTA;22;2026-08-21;Finland_Veikkausliiga;Finland_Veikkausliiga;;Engine v1.3 | Squadra alta: KuPS (1ª), squadra bassa: Mariehamn (12ª) | GF alta: 1.80/gara | GS bassa: 2.05/gara | Profilo ultime 10: 0.63 | Real over index: 0.50;22.0;15.0;;;18.64;6.29;5.0;;;;1.3.0
2026-08-23;Slovakia_NikeLiga;Zilina;Komarno;74.92;MEDIA-ALTA;5;2026-08-21;Slovakia_NikeLiga;Slovakia_NikeLiga;;Engine v1.3 | Squadra alta: Zilina (6ª), squadra bassa: Komarno (9ª) | GF alta: 2.50/gara | GS bassa: 1.75/gara | Profilo ultime 10: 0.74 | Real over index: 0.62;14.02;20.0;;;15.91;7.37;6.25;;;;1.3.0
2026-08-23;Germany_Regionalliga_West;Paderborn 2;Bonner;74.79;MEDIA-ALTA;4;2026-08-21;Germany_Regionalliga_West;Germany_Regionalliga_West;;Engine v1.3 | Squadra alta: Paderborn 2 (10ª), squadra bassa: Bonner (14ª) | GF alta: 1.67/gara | GS bassa: 2.00/gara | Profilo ultime 10: 0.90 | Real over index: 0.83;11.35;13.89;;;18.18;9.04;8.33;;;;1.3.0
2026-08-23;Netherlands_Eredivisie;Cambuur;Feyenoord;74.52;MEDIA-ALTA;3;2026-08-21;Netherlands_Eredivisie;Netherlands_Eredivisie;;Engine v1.3 | Squadra alta: Feyenoord (7ª), squadra bassa: Cambuur (18ª) | GF alta: 1.50/gara | GS bassa: 3.50/gara | Profilo ultime 10: 0.69 | Real over index: 0.75;19.28;12.5;;;20.0;6.94;7.5;;;;1.3.0
2026-08-23;Poland_IIILiga_Group1;T. Mazowiecki;LKS Lodz 2;74.42;MEDIA-ALTA;5;2026-08-21;Poland_IIILiga_Group1;Poland_IIILiga_Group1;;Engine v1.3 | Squadra alta: T. Mazowiecki (10ª), squadra bassa: LKS Lodz 2 (17ª) | GF alta: 2.50/gara | GS bassa: 1.75/gara | Profilo ultime 10: 0.67 | Real over index: 0.62;17.14;20.0;;;15.91;6.66;6.25;;;;1.3.0
2026-08-23;USA_MLS;New York Red Bulls;Chicago Fire;74.29;MEDIA-ALTA;23;2026-08-21;USA_MLS;USA_MLS;;Engine v1.3 | Squadra alta: Chicago Fire (5ª), squadra bassa: New York Red Bulls (19ª) | GF alta: 1.89/gara | GS bassa: 2.10/gara | Profilo ultime 10: 0.85 | Real over index: 0.75;9.36;15.79;;;19.09;8.54;7.5;;;;1.3.0
2026-08-23;Poland_IIILiga_Group1;Widzew Lodz 2;Lidzbark Warminski;74.18;MEDIA-ALTA;5;2026-08-21;Poland_IIILiga_Group1;Poland_IIILiga_Group1;;Engine v1.3 | Squadra alta: Widzew Lodz 2 (7ª), squadra bassa: Lidzbark Warminski (15ª) | GF alta: 1.75/gara | GS bassa: 2.50/gara | Profilo ultime 10: 0.74 | Real over index: 0.50;17.54;14.58;;;20.0;7.36;5.0;;;;1.3.0
2026-08-23;Germany_Oberliga_Hessen;Pohlheim;CSC 03 Kassel;74.01;MEDIA-ALTA;5;2026-08-21;Germany_Oberliga_Hessen;Germany_Oberliga_Hessen;;Engine v1.3 | Squadra alta: Pohlheim (8ª), squadra bassa: CSC 03 Kassel (13ª) | GF alta: 1.75/gara | GS bassa: 3.25/gara | Profilo ultime 10: 0.85 | Real over index: 0.75;9.41;14.58;;;20.0;8.51;7.5;;;;1.3.0
2026-08-23;Sweden_Division2_VastraGotaland;Galtabacks BK;Jonsereds;73.99;MEDIA-ALTA;20;2026-08-21;Sweden_Division2_VastraGotaland;Sweden_Division2_VastraGotaland;;Engine v1.3 | Squadra alta: Jonsereds (3ª), squadra bassa: Galtabacks BK (13ª) | GF alta: 1.76/gara | GS bassa: 1.67/gara | Profilo ultime 10: 0.72 | Real over index: 0.55;17.48;14.71;;;15.15;7.15;5.5;;;;1.3.0
2026-08-23;Estonia_EsiliigaB;Tammeka U21;Johvi Phoenix;73.74;MEDIA-ALTA;25;2026-08-21;Estonia_EsiliigaB;Estonia_EsiliigaB;;Engine v1.3 | Squadra alta: Tammeka U21 (4ª), squadra bassa: Johvi Phoenix (5ª) | GF alta: 2.64/gara | GS bassa: 2.26/gara | Profilo ultime 10: 0.90 | Real over index: 0.75;3.27;20.0;;;20.0;8.98;7.5;;;;1.3.0
2026-08-23;Poland_Division2;Z. Gora;Hutnik Krakow;73.71;MEDIA-ALTA;5;2026-08-21;Poland_Division2;Poland_Division2;;Engine v1.3 | Squadra alta: Hutnik Krakow (1ª), squadra bassa: Z. Gora (11ª) | GF alta: 2.50/gara | GS bassa: 1.50/gara | Profilo ultime 10: 0.77 | Real over index: 0.62;16.45;20.0;;;13.64;7.69;6.25;;;;1.3.0
2026-08-23;FaroeIslands_PremierLeague;HB Torshavn;07 Vestur Sorvagur;73.4;MEDIA-ALTA;24;2026-08-21;FaroeIslands_PremierLeague;FaroeIslands_PremierLeague;;Engine v1.3 | Squadra alta: HB Torshavn (3ª), squadra bassa: 07 Vestur Sorvagur (9ª) | GF alta: 1.89/gara | GS bassa: 1.89/gara | Profilo ultime 10: 0.79 | Real over index: 0.65;14.58;15.74;;;17.22;7.85;6.5;;;;1.3.0
2026-08-23;Iceland_Division_2;KFA;Hviti;73.15;MEDIA-ALTA;33;2026-08-21;Iceland_Division_2;Iceland_Division_2;;Engine v1.3 | Squadra alta: KFA (7ª), squadra bassa: Hviti (11ª) | GF alta: 2.22/gara | GS bassa: 2.06/gara | Profilo ultime 10: 0.81 | Real over index: 0.75;6.51;18.52;;;18.69;8.13;7.5;;;;1.3.0
2026-08-23;Austria_Burgenland;Pama;Margarethen;72.49;MEDIA-ALTA;3;2026-08-21;Austria_Burgenland;Austria_Burgenland;;Engine v1.3 | Squadra alta: Margarethen (1ª), squadra bassa: Pama (10ª) | GF alta: 2.50/gara | GS bassa: 1.50/gara | Profilo ultime 10: 0.64 | Real over index: 0.50;18.92;20.0;;;13.64;6.41;5.0;;;;1.3.0
2026-08-23;USA_USLLeagueOne;Union Omaha;Sarasota Paradise;72.38;MEDIA-ALTA;32;2026-08-21;USA_USLLeagueOne;USA_USLLeagueOne;;Engine v1.3 | Squadra alta: Union Omaha (1ª), squadra bassa: Sarasota Paradise (13ª) | GF alta: 1.86/gara | GS bassa: 1.67/gara | Profilo ultime 10: 0.75 | Real over index: 0.60;16.22;15.48;;;15.15;7.53;6.0;;;;1.3.0
2026-08-23;Sweden_Division2_SodraSvealand;Eker Orebro;Fittja;71.65;MEDIA-ALTA;18;2026-08-21;Sweden_Division2_SodraSvealand;Sweden_Division2_SodraSvealand;;Engine v1.3 | Squadra alta: Fittja (8ª), squadra bassa: Eker Orebro (12ª) | GF alta: 1.82/gara | GS bassa: 2.47/gara | Profilo ultime 10: 0.80 | Real over index: 0.70;7.42;15.2;;;20.0;8.04;7.0;;;;1.3.0
2026-08-23;Russia_PremierLeague;Dynamo Makhachkala;Krasnodar;71.02;MEDIA-ALTA;5;2026-08-21;Russia_PremierLeague;Russia_PremierLeague;;Engine v1.3 | Squadra alta: Krasnodar (1ª), squadra bassa: Dynamo Makhachkala (4ª) | GF alta: 2.25/gara | GS bassa: 1.50/gara | Profilo ultime 10: 0.88 | Real over index: 0.88;8.69;18.75;;;13.64;8.81;8.75;;;;1.3.0
2026-08-23;SouthKorea_KLeague2;Jeonnam;Hwaseong;70.94;MEDIA-ALTA;23;2026-08-21;SouthKorea_KLeague2;SouthKorea_KLeague2;;Engine v1.3 | Squadra alta: Hwaseong (6ª), squadra bassa: Jeonnam (16ª) | GF alta: 1.62/gara | GS bassa: 1.80/gara | Profilo ultime 10: 0.76 | Real over index: 0.65;14.96;13.49;;;16.36;7.57;6.5;;;;1.3.0
2026-08-23;CzechRepublic_4Liga_GroupE;Slavicin;Vsechovice;70.77;MEDIA-ALTA;3;2026-08-21;CzechRepublic_4Liga_GroupE;CzechRepublic_4Liga_GroupE;CzechRepublic_4Liga;Engine v1.3 | Squadra alta: Vsechovice (2ª), squadra bassa: Slavicin (53ª) | GF alta: 3.50/gara | GS bassa: 1.00/gara | Profilo ultime 10: 0.62 | Real over index: 0.50;22.0;20.0;;;9.09;6.16;5.0;;;;1.3.0
2026-08-23;USA_USLLeagueOne;Chattanooga Red Wolves;New York Cosmos;70.7;MEDIA-ALTA;32;2026-08-21;USA_USLLeagueOne;USA_USLLeagueOne;;Engine v1.3 | Squadra alta: Chattanooga Red Wolves (8ª), squadra bassa: New York Cosmos (17ª) | GF alta: 1.84/gara | GS bassa: 2.00/gara | Profilo ultime 10: 0.68 | Real over index: 0.55;11.78;15.35;;;18.18;6.76;5.5;;;;1.3.0
2026-08-23;CzechRepublic_ChNL;Ostrava B;Ceska Lipa;70.46;MEDIA-ALTA;5;2026-08-21;CzechRepublic_ChNL;CzechRepublic_ChNL;;Engine v1.3 | Squadra alta: Ostrava B (10ª), squadra bassa: Ceska Lipa (15ª) | GF alta: 1.75/gara | GS bassa: 2.75/gara | Profilo ultime 10: 0.83 | Real over index: 0.62;7.33;14.58;;;20.0;8.3;6.25;;;;1.3.0
2026-08-23;Mexico_LigaMX_Apertura;Puebla;Santos Laguna;70.35;MEDIA-ALTA;5;2026-08-21;Mexico_LigaMX_Apertura;Mexico_LigaMX_Apertura;;Engine v1.3 | Squadra alta: Puebla (7ª), squadra bassa: Santos Laguna (17ª) | GF alta: 1.50/gara | GS bassa: 2.00/gara | Profilo ultime 10: 0.62 | Real over index: 0.50;18.83;12.5;;;18.18;6.19;5.0;;;;1.3.0
2026-08-23;CzechRepublic_3CFL_GroupB;Hradec Kralove B;Chrudim;70.26;MEDIA-ALTA;3;2026-08-21;CzechRepublic_3CFL_GroupB;CzechRepublic_3CFL_GroupB;CzechRepublic_3rdTier;Engine v1.3 | Squadra alta: Hradec Kralove B (9ª), squadra bassa: Chrudim (18ª) | GF alta: 1.50/gara | GS bassa: 3.50/gara | Profilo ultime 10: 0.85 | Real over index: 0.75;9.39;12.5;;;20.0;8.48;7.5;;;;1.3.0
2026-08-23;Finland_Kolmonen_Southern_Group3;ToTe/Tapio;Gnistan/Ogeli;70.22;MEDIA-ALTA;17;2026-08-21;Finland_Kolmonen_Southern_Group3;Finland_Kolmonen_Southern_Group3;;Engine v1.3 | Squadra alta: Gnistan/Ogeli (8ª), squadra bassa: ToTe/Tapio (10ª) | GF alta: 1.46/gara | GS bassa: 3.07/gara | Profilo ultime 10: 0.84 | Real over index: 0.75;8.45;12.18;;;20.0;8.42;7.5;;;;1.3.0
2026-08-23;Estonia_Meistriliiga;Paide;Nomme Utd;70.18;MEDIA-ALTA;26;2026-08-21;Estonia_Meistriliiga;Estonia_Meistriliiga;;Engine v1.3 | Squadra alta: Paide (4ª), squadra bassa: Nomme Utd (8ª) | GF alta: 1.57/gara | GS bassa: 2.35/gara | Profilo ultime 10: 0.76 | Real over index: 0.65;8.95;13.1;;;20.0;7.63;6.5;;;;1.3.0
2026-08-23;Australia_NPL_NSW_U20;Wollongong Wolves U20;WS Wanderers U20;69.96;MEDIA-ALTA;30;2026-08-21;Australia_NPL_NSW_U20;Australia_NPL_NSW_U20;;Engine v1.3 | Squadra alta: Wollongong Wolves U20 (7ª), squadra bassa: WS Wanderers U20 (11ª) | GF alta: 2.07/gara | GS bassa: 2.25/gara | Profilo ultime 10: 0.86 | Real over index: 0.60;4.1;17.26;;;20.0;8.6;6.0;;;;1.3.0
2026-08-23;Mexico_LigaMX_Apertura;Cruz Azul;Atlas;69.94;MEDIA-ALTA;5;2026-08-21;Mexico_LigaMX_Apertura;Mexico_LigaMX_Apertura;;Engine v1.3 | Squadra alta: Atlas (5ª), squadra bassa: Cruz Azul (10ª) | GF alta: 1.50/gara | GS bassa: 2.00/gara | Profilo ultime 10: 0.86 | Real over index: 0.75;9.41;12.5;;;18.18;8.61;7.5;;;;1.3.0
2026-08-23;Germany_Oberliga_Niedersachsen;Egestorf-Langreder;Wilhelmshaven;69.85;MEDIA-ALTA;3;2026-08-21;Germany_Oberliga_Niedersachsen;Germany_Oberliga_Niedersachsen;;Engine v1.3 | Squadra alta: Wilhelmshaven (3ª), squadra bassa: Egestorf-Langreder (12ª) | GF alta: 1.50/gara | GS bassa: 2.50/gara | Profilo ultime 10: 0.70 | Real over index: 0.50;18.38;12.5;;;20.0;6.97;5.0;;;;1.3.0
2026-08-23;Australia_VictoriaPremierLeague;Manningham United Blues;Melbourne Victory U21;69.84;MEDIA-ALTA;27;2026-08-21;Australia_VictoriaPremierLeague;Australia_VictoriaPremierLeague;;Engine v1.3 | Squadra alta: Melbourne Victory U21 (6ª), squadra bassa: Manningham United Blues (9ª) | GF alta: 2.08/gara | GS bassa: 2.12/gara | Profilo ultime 10: 0.87 | Real over index: 0.70;3.51;17.36;;;19.27;8.7;7.0;;;;1.3.0
2026-08-23;Poland_IIILiga_Group2;Unia Swarzedz;Wda Swiecie;69.79;MEDIA-ALTA;5;2026-08-21;Poland_IIILiga_Group2;Poland_IIILiga_Group2;;Engine v1.3 | Squadra alta: Wda Swiecie (5ª), squadra bassa: Unia Swarzedz (10ª) | GF alta: 2.00/gara | GS bassa: 2.00/gara | Profilo ultime 10: 0.82 | Real over index: 0.62;6.79;16.67;;;18.18;8.17;6.25;;;;1.3.0
2026-08-23;CzechRepublic_3MSFL;Brno B;Uhersky Brod;69.66;MEDIA-ALTA;4;2026-08-21;CzechRepublic_3MSFL;CzechRepublic_3MSFL;;Engine v1.3 | Squadra alta: Uhersky Brod (6ª), squadra bassa: Brno B (11ª) | GF alta: 1.67/gara | GS bassa: 3.67/gara | Profilo ultime 10: 0.83 | Real over index: 0.67;8.38;13.89;;;20.0;8.33;6.67;;;;1.3.0
2026-08-23;CzechRepublic_4Liga_GroupE;Lanzhot;Strani;69.58;MEDIA-ALTA;3;2026-08-21;CzechRepublic_4Liga_GroupE;CzechRepublic_4Liga_GroupE;CzechRepublic_4Liga;Engine v1.3 | Squadra alta: Strani (19ª), squadra bassa: Lanzhot (40ª) | GF alta: 2.50/gara | GS bassa: 0.50/gara | Profilo ultime 10: 0.80 | Real over index: 0.75;15.55;20.0;;;4.55;7.98;7.5;;;;1.3.0
2026-08-23;Belarus_VysshayaLiga;Baranovici;Dynamo Brest;69.51;MEDIA-ALTA;21;2026-08-21;Belarus_VysshayaLiga;Belarus_VysshayaLiga;;Engine v1.3 | Squadra alta: Dynamo Brest (4ª), squadra bassa: Baranovici (12ª) | GF alta: 1.67/gara | GS bassa: 1.94/gara | Profilo ultime 10: 0.83 | Real over index: 0.70;11.02;13.89;;;17.65;8.35;7.0;;;;1.3.0
2026-08-23;USA_MLS;Orlando City;Real Salt Lake;69.3;MEDIA-ALTA;23;2026-08-21;USA_MLS;USA_MLS;;Engine v1.3 | Squadra alta: Real Salt Lake (14ª), squadra bassa: Orlando City (23ª) | GF alta: 1.74/gara | GS bassa: 2.50/gara | Profilo ultime 10: 0.84 | Real over index: 0.60;6.43;14.47;;;20.0;8.4;6.0;;;;1.3.0
2026-08-23;Belarus_VysshayaLiga;ML Vitebsk;BATE;69.07;MEDIA-ALTA;21;2026-08-21;Belarus_VysshayaLiga;Belarus_VysshayaLiga;;Engine v1.3 | Squadra alta: ML Vitebsk (2ª), squadra bassa: BATE (13ª) | GF alta: 2.13/gara | GS bassa: 1.19/gara | Profilo ultime 10: 0.65 | Real over index: 0.55;19.51;17.78;;;10.8;6.45;5.5;;;;1.3.0
2026-08-23;Poland_IIILiga_Group4;Ostrowiec;Lubaczow;69.06;MEDIA-ALTA;4;2026-08-21;Poland_IIILiga_Group4;Poland_IIILiga_Group4;;Engine v1.3 | Squadra alta: Ostrowiec (7ª), squadra bassa: Lubaczow (18ª) | GF alta: 1.67/gara | GS bassa: 1.67/gara | Profilo ultime 10: 0.64 | Real over index: 0.50;17.69;13.89;;;15.15;6.44;5.0;;;;1.3.0
2026-08-23;Estonia_Esiliiga;Levadia U21;FC Tallinn;69.0;MEDIA-ALTA;28;2026-08-21;Estonia_Esiliiga;Estonia_Esiliiga;;Engine v1.3 | Squadra alta: Levadia U21 (7ª), squadra bassa: FC Tallinn (8ª) | GF alta: 2.00/gara | GS bassa: 2.17/gara | Profilo ultime 10: 0.78 | Real over index: 0.65;4.36;16.67;;;19.7;7.78;6.5;;;;1.3.0
2026-08-23;Belarus_PershayaLiga;Lida;Niva Dolbizno;68.98;MEDIA-ALTA;22;2026-08-21;Belarus_PershayaLiga;Belarus_PershayaLiga;;Engine v1.3 | Squadra alta: Niva Dolbizno (1ª), squadra bassa: Lida (4ª) | GF alta: 2.45/gara | GS bassa: 1.60/gara | Profilo ultime 10: 0.85 | Real over index: 0.85;4.22;20.0;;;14.55;8.53;8.5;;;;1.3.0
2026-08-23;USA_USLChampionship;Charleston;Miami FC;68.98;MEDIA-ALTA;30;2026-08-21;USA_USLChampionship;USA_USLChampionship;;Engine v1.3 | Squadra alta: Charleston (3ª), squadra bassa: Miami FC (20ª) | GF alta: 1.95/gara | GS bassa: 1.62/gara | Profilo ultime 10: 0.71 | Real over index: 0.55;11.43;16.25;;;14.72;7.13;5.5;;;;1.3.0
2026-08-23;Poland_IIILiga_Group2;Gedania Gdansk;Lech 2;68.94;MEDIA-ALTA;5;2026-08-21;Poland_IIILiga_Group2;Poland_IIILiga_Group2;;Engine v1.3 | Squadra alta: Lech 2 (6ª), squadra bassa: Gedania Gdansk (8ª) | GF alta: 2.25/gara | GS bassa: 2.00/gara | Profilo ultime 10: 0.86 | Real over index: 0.62;3.19;18.75;;;18.18;8.56;6.25;;;;1.3.0
2026-08-23;Denmark_Superliga;Midtjylland;Randers;68.8;MEDIA-ALTA;5;2026-08-21;Denmark_Superliga;Denmark_Superliga;;Engine v1.3 | Squadra alta: Midtjylland (3ª), squadra bassa: Randers (8ª) | GF alta: 2.00/gara | GS bassa: 1.50/gara | Profilo ultime 10: 0.63 | Real over index: 0.46;16.21;16.67;;;13.64;6.33;4.58;;;;1.3.0
2026-08-23;Iceland_BestaDeildKarla;Stjarnan;Thor Akureyri;68.5;MEDIA-ALTA;25;2026-08-21;Iceland_BestaDeildKarla;Iceland_BestaDeildKarla;;Engine v1.3 | Squadra alta: Stjarnan (8ª), squadra bassa: Thor Akureyri (12ª) | GF alta: 1.79/gara | GS bassa: 2.42/gara | Profilo ultime 10: 0.82 | Real over index: 0.70;5.81;14.91;;;20.0;8.25;7.0;;;;1.3.0
2026-08-23;Iceland_BestaDeildKarla;Keflavik;Vestmannaeyjar;67.86;MEDIA-ALTA;25;2026-08-21;Iceland_BestaDeildKarla;Iceland_BestaDeildKarla;;Engine v1.3 | Squadra alta: Keflavik (6ª), squadra bassa: Vestmannaeyjar (9ª) | GF alta: 1.58/gara | GS bassa: 2.16/gara | Profilo ultime 10: 0.85 | Real over index: 0.65;6.11;13.16;;;19.62;8.47;6.5;;;;1.3.0
2026-08-23;CzechRepublic_3MSFL;Zlin B;Hodonin;67.83;MEDIA-ALTA;4;2026-08-21;CzechRepublic_3MSFL;CzechRepublic_3MSFL;;Engine v1.3 | Squadra alta: Zlin B (8ª), squadra bassa: Hodonin (16ª) | GF alta: 1.00/gara | GS bassa: 2.33/gara | Profilo ultime 10: 0.64 | Real over index: 0.50;17.54;8.33;;;20.0;6.36;5.0;;;;1.3.0
2026-08-23;Sweden_Division1_Norra;Vasalund;Stocksund;67.41;MEDIA-ALTA;20;2026-08-21;Sweden_Division1_Norra;Sweden_Division1_Norra;;Engine v1.3 | Squadra alta: Vasalund (10ª), squadra bassa: Stocksund (15ª) | GF alta: 1.39/gara | GS bassa: 2.35/gara | Profilo ultime 10: 0.83 | Real over index: 0.65;6.99;11.57;;;20.0;8.34;6.5;;;;1.3.0
2026-08-23;USA_MLSNextPro_EasternConference_NortheastDivision;Philadelphia 2;Connecticut FC;67.21;MEDIA-ALTA;27;2026-08-21;USA_MLSNextPro_EasternConference_NortheastDivision;USA_MLSNextPro_EasternConference_NortheastDivision;;Engine v1.3 | Squadra alta: Connecticut FC (2ª), squadra bassa: Philadelphia 2 (7ª) | GF alta: 1.96/gara | GS bassa: 1.39/gara | Profilo ultime 10: 0.84 | Real over index: 0.75;8.4;16.3;;;12.65;8.35;7.5;;;;1.3.0
2026-08-23;Sweden_Division2_VastraGotaland;Onsala;Lindome;67.16;MEDIA-ALTA;20;2026-08-21;Sweden_Division2_VastraGotaland;Sweden_Division2_VastraGotaland;;Engine v1.3 | Squadra alta: Lindome (5ª), squadra bassa: Onsala (10ª) | GF alta: 1.89/gara | GS bassa: 1.67/gara | Profilo ultime 10: 0.81 | Real over index: 0.70;7.2;15.74;;;15.15;8.07;7.0;;;;1.3.0
2026-08-23;Moldova_SuperLiga;S. Tiraspol;Politehnica UTM;67.14;MEDIA-ALTA;9;2026-08-21;Moldova_SuperLiga;Moldova_SuperLiga;;Engine v1.3 | Squadra alta: S. Tiraspol (1ª), squadra bassa: Politehnica UTM (5ª) | GF alta: 2.12/gara | GS bassa: 1.38/gara | Profilo ultime 10: 0.75 | Real over index: 0.56;12.74;17.71;;;12.5;7.53;5.62;;;;1.3.0
2026-08-23;Sweden_Allsvenskan;Göteborg;Elfsborg;67.0;MEDIA-ALTA;23;2026-08-21;Sweden_Allsvenskan;Sweden_Allsvenskan;;Engine v1.3 | Squadra alta: Elfsborg (5ª), squadra bassa: Göteborg (12ª) | GF alta: 1.41/gara | GS bassa: 2.24/gara | Profilo ultime 10: 0.80 | Real over index: 0.65;8.08;11.76;;;20.0;7.95;6.5;;;;1.3.0
2026-08-23;Germany_Oberliga_RheinlandPfalzSaar;TSV 1881 Gau-Odernheim;Ahrweiler;66.8;MEDIA-ALTA;5;2026-08-21;Germany_Oberliga_RheinlandPfalzSaar;Germany_Oberliga_RheinlandPfalzSaar;;Engine v1.3 | Squadra alta: TSV 1881 Gau-Odernheim (10ª), squadra bassa: Ahrweiler (17ª) | GF alta: 1.00/gara | GS bassa: 2.67/gara | Profilo ultime 10: 0.59 | Real over index: 0.58;17.47;8.33;;;20.0;5.89;5.83;;;;1.3.0
2026-08-23;Poland_Division2;Bielsko-Biala;Ol. Grudziadz;66.56;MEDIA-ALTA;5;2026-08-21;Poland_Division2;Poland_Division2;;Engine v1.3 | Squadra alta: Bielsko-Biala (5ª), squadra bassa: Ol. Grudziadz (13ª) | GF alta: 1.75/gara | GS bassa: 1.75/gara | Profilo ultime 10: 0.77 | Real over index: 0.62;8.39;14.58;;;15.91;7.7;6.25;;;;1.3.0
2026-08-23;Sweden_Division2_NorraSvealand;Lidingo IFK;Enskede;66.42;MEDIA-ALTA;19;2026-08-21;Sweden_Division2_NorraSvealand;Sweden_Division2_NorraSvealand;;Engine v1.3 | Squadra alta: Enskede (6ª), squadra bassa: Lidingo IFK (11ª) | GF alta: 1.53/gara | GS bassa: 1.88/gara | Profilo ultime 10: 0.71 | Real over index: 0.55;10.81;12.75;;;17.11;7.08;5.5;;;;1.3.0
2026-08-23;Serbia_PrvaLiga;Jedinstvo U.;Vrsac;66.28;MEDIA-ALTA;5;2026-08-21;Serbia_PrvaLiga;Serbia_PrvaLiga;;Engine v1.3 | Squadra alta: Vrsac (4ª), squadra bassa: Jedinstvo U. (13ª) | GF alta: 1.25/gara | GS bassa: 1.75/gara | Profilo ultime 10: 0.62 | Real over index: 0.50;18.92;10.42;;;15.91;6.16;5.0;;;;1.3.0
2026-08-23;Sweden_Division2_VastraGotaland;Frölunda;Landvetter;66.13;MEDIA-ALTA;20;2026-08-21;Sweden_Division2_VastraGotaland;Sweden_Division2_VastraGotaland;;Engine v1.3 | Squadra alta: Landvetter (1ª), squadra bassa: Frölunda (6ª) | GF alta: 1.89/gara | GS bassa: 1.65/gara | Profilo ultime 10: 0.77 | Real over index: 0.60;11.12;15.74;;;14.97;7.7;6.0;;;;1.3.0
2026-08-23;Australia_NSWLeagueOne;Central Coast Mariners U23;Western City Rangers;65.94;MEDIA-ALTA;31;2026-08-21;Australia_NSWLeagueOne;Australia_NSWLeagueOne;;Engine v1.3 | Squadra alta: Central Coast Mariners U23 (12ª), squadra bassa: Western City Rangers (16ª) | GF alta: 1.57/gara | GS bassa: 2.29/gara | Profilo ultime 10: 0.71 | Real over index: 0.65;5.8;13.1;;;20.0;7.09;6.5;;;;1.3.0
2026-08-23;USA_MLS;Cincinnati;Seattle Sounders;65.89;MEDIA-ALTA;23;2026-08-21;USA_MLS;USA_MLS;;Engine v1.3 | Squadra alta: Cincinnati (10ª), squadra bassa: Seattle Sounders (21ª) | GF alta: 2.40/gara | GS bassa: 1.37/gara | Profilo ultime 10: 0.78 | Real over index: 0.70;5.18;20.0;;;12.44;7.83;7.0;;;;1.3.0
2026-08-23;Sweden_Division1_Norra;Assyriska FF;Gefle;65.88;MEDIA-ALTA;20;2026-08-21;Sweden_Division1_Norra;Sweden_Division1_Norra;;Engine v1.3 | Squadra alta: Assyriska FF (6ª), squadra bassa: Gefle (11ª) | GF alta: 1.84/gara | GS bassa: 2.00/gara | Profilo ultime 10: 0.69 | Real over index: 0.55;5.9;15.35;;;18.18;6.94;5.5;;;;1.3.0
2026-08-23;Poland_IIILiga_Group1;Zambrow;Plock 2;65.84;MEDIA-ALTA;5;2026-08-21;Poland_IIILiga_Group1;Poland_IIILiga_Group1;;Engine v1.3 | Squadra alta: Plock 2 (6ª), squadra bassa: Zambrow (11ª) | GF alta: 1.50/gara | GS bassa: 2.00/gara | Profilo ultime 10: 0.85 | Real over index: 0.75;6.79;12.5;;;18.18;8.48;7.5;;;;1.3.0
2026-08-23;USA_MLSNextPro_EasternConference_SoutheastDivision;Carolina Core;Cincinnati 2;65.75;MEDIA-ALTA;27;2026-08-21;USA_MLSNextPro_EasternConference_SoutheastDivision;USA_MLSNextPro_EasternConference_NortheastDivision;;Engine v1.3 | Squadra alta: Carolina Core (7ª), squadra bassa: Cincinnati 2 (9ª) | GF alta: 1.39/gara | GS bassa: 2.30/gara | Profilo ultime 10: 0.81 | Real over index: 0.70;5.93;11.59;;;20.0;8.14;7.0;;;;1.3.0
2026-08-23;CzechRepublic_3CFL_GroupB;Jablonec B;Velke Hamry;65.73;MEDIA-ALTA;3;2026-08-21;CzechRepublic_3CFL_GroupB;CzechRepublic_3CFL_GroupB;CzechRepublic_3rdTier;Engine v1.3 | Squadra alta: Jablonec B (6ª), squadra bassa: Velke Hamry (30ª) | GF alta: 1.50/gara | GS bassa: 2.00/gara | Profilo ultime 10: 0.49 | Real over index: 0.25;22.0;12.5;;;18.18;4.94;2.5;;;;1.3.0
2026-08-23;Poland_IIILiga_Group1;Weszlo;Jagiellonia 2;65.62;MEDIA-ALTA;5;2026-08-21;Poland_IIILiga_Group1;Poland_IIILiga_Group1;;Engine v1.3 | Squadra alta: Weszlo (1ª), squadra bassa: Jagiellonia 2 (4ª) | GF alta: 2.50/gara | GS bassa: 1.25/gara | Profilo ultime 10: 0.76 | Real over index: 0.62;10.75;20.0;;;11.36;7.56;6.25;;;;1.3.0
2026-08-23;Estonia_Meistriliiga;Parnu JK Vaprus;Flora;65.58;MEDIA-ALTA;26;2026-08-21;Estonia_Meistriliiga;Estonia_Meistriliiga;;Engine v1.3 | Squadra alta: Flora (3ª), squadra bassa: Parnu JK Vaprus (5ª) | GF alta: 2.00/gara | GS bassa: 1.75/gara | Profilo ultime 10: 0.76 | Real over index: 0.65;5.76;16.67;;;15.91;7.55;6.5;;;;1.3.0
2026-08-23;Poland_Division1;LKS Lodz;Stal Mielec;65.54;MEDIA-ALTA;5;2026-08-21;Poland_Division1;Poland_Division1;;Engine v1.3 | Squadra alta: Stal Mielec (3ª), squadra bassa: LKS Lodz (7ª) | GF alta: 2.75/gara | GS bassa: 1.25/gara | Profilo ultime 10: 0.85 | Real over index: 0.75;4.2;20.0;;;11.36;8.48;7.5;;;;1.3.0
2026-08-23;Portugal_LigaPortugal;Santa Clara;Famalicao;65.43;MEDIA-ALTA;3;2026-08-21;Portugal_LigaPortugal;Portugal_LigaPortugal;;Engine v1.3 | Squadra alta: Santa Clara (7ª), squadra bassa: Famalicao (12ª) | GF alta: 1.50/gara | GS bassa: 1.50/gara | Profilo ultime 10: 0.65 | Real over index: 0.50;16.56;12.5;;;13.64;6.52;5.0;;;;1.3.0
2026-08-23;Iceland_BestaDeildKarla;Akranes;Hafnarfjordur;65.4;MEDIA-ALTA;25;2026-08-21;Iceland_BestaDeildKarla;Iceland_BestaDeildKarla;;Engine v1.3 | Squadra alta: Akranes (5ª), squadra bassa: Hafnarfjordur (10ª) | GF alta: 1.74/gara | GS bassa: 1.89/gara | Profilo ultime 10: 0.72 | Real over index: 0.50;7.51;14.47;;;17.22;7.19;5.0;;;;1.3.0
2026-08-23;CzechRepublic_3CFL_GroupA;Ceske Budejovice;Bohemians 1905 B;65.39;MEDIA-ALTA;3;2026-08-21;CzechRepublic_3CFL_GroupA;CzechRepublic_3CFL_GroupA;CzechRepublic_3rdTier;Engine v1.3 | Squadra alta: Ceske Budejovice (3ª), squadra bassa: Bohemians 1905 B (26ª) | GF alta: 3.50/gara | GS bassa: 1.50/gara | Profilo ultime 10: 0.47 | Real over index: 0.50;22.0;20.0;;;13.64;4.75;5.0;;;;1.3.0
2026-08-23;Sweden_Superettan;Brage;Nordic United;65.38;MEDIA-ALTA;22;2026-08-21;Sweden_Superettan;Sweden_Superettan;;Engine v1.3 | Squadra alta: Nordic United (7ª), squadra bassa: Brage (13ª) | GF alta: 1.53/gara | GS bassa: 2.00/gara | Profilo ultime 10: 0.74 | Real over index: 0.55;7.62;12.72;;;18.18;7.36;5.5;;;;1.3.0
2026-08-23;Sweden_Division2_SodraGotaland;IFK Trelleborg;Lilla Torg;65.36;MEDIA-ALTA;22;2026-08-21;Sweden_Division2_SodraGotaland;Sweden_Division2_SodraGotaland;;Engine v1.3 | Squadra alta: IFK Trelleborg (4ª), squadra bassa: Lilla Torg (9ª) | GF alta: 1.88/gara | GS bassa: 1.65/gara | Profilo ultime 10: 0.77 | Real over index: 0.55;10.25;15.69;;;14.97;7.68;5.5;;;;1.3.0
2026-08-23;Iceland_Division_2;Magni;Olafsvik;65.26;MEDIA-ALTA;33;2026-08-21;Iceland_Division_2;Iceland_Division_2;;Engine v1.3 | Squadra alta: Olafsvik (4ª), squadra bassa: Magni (10ª) | GF alta: 1.44/gara | GS bassa: 2.39/gara | Profilo ultime 10: 0.68 | Real over index: 0.50;7.38;12.04;;;20.0;6.85;5.0;;;;1.3.0
2026-08-23;Portugal_Liga3_SerieA;Paredes;Leca;65.24;MEDIA-ALTA;3;2026-08-21;Portugal_Liga3_SerieA;Portugal_Liga3_SerieA;Portugal_Liga3;Engine v1.3 | Squadra alta: Paredes (1ª), squadra bassa: Leca (14ª) | GF alta: 2.00/gara | GS bassa: 1.50/gara | Profilo ultime 10: 0.48 | Real over index: 0.25;22.0;16.67;;;13.64;4.83;2.5;;;;1.3.0
2026-08-23;Denmark_2ndDivision;Naestved;VSK Aarhus;64.94;MEDIA-ALTA;4;2026-08-21;Denmark_2ndDivision;Denmark_2ndDivision;;Engine v1.3 | Squadra alta: VSK Aarhus (1ª), squadra bassa: Naestved (5ª) | GF alta: 2.67/gara | GS bassa: 1.00/gara | Profilo ultime 10: 0.65 | Real over index: 0.50;15.51;20.0;;;9.09;6.54;5.0;;;;1.3.0
2026-08-23;Australia_NPLNSW;Wollongong Wolves;WS Wanderers U21;64.59;MEDIA-ALTA;30;2026-08-21;Australia_NPLNSW;Australia_NPLNSW;;Engine v1.3 | Squadra alta: WS Wanderers U21 (7ª), squadra bassa: Wollongong Wolves (11ª) | GF alta: 1.86/gara | GS bassa: 1.50/gara | Profilo ultime 10: 0.96 | Real over index: 0.90;2.79;15.52;;;13.64;9.65;9.0;;;;1.3.0
2026-08-23;Bulgaria_VtoraLiga;Nesebar;Pirin Blagoevgrad;64.59;MEDIA-ALTA;3;2026-08-21;Bulgaria_VtoraLiga;Bulgaria_VtoraLiga;;Engine v1.3 | Squadra alta: Nesebar (2ª), squadra bassa: Pirin Blagoevgrad (15ª) | GF alta: 1.50/gara | GS bassa: 2.00/gara | Profilo ultime 10: 0.54 | Real over index: 0.25;20.19;12.5;;;18.18;5.39;2.5;;;;1.3.0
2026-08-23;CzechRepublic_4Liga_GroupC;Dvur Kralove;Kolin;64.5;MEDIA-ALTA;3;2026-08-21;CzechRepublic_4Liga_GroupC;CzechRepublic_4Liga_GroupC;CzechRepublic_4Liga;Engine v1.3 | Squadra alta: Dvur Kralove (47ª), squadra bassa: Kolin (65ª) | GF alta: 2.00/gara | GS bassa: 1.00/gara | Profilo ultime 10: 0.69 | Real over index: 0.50;14.01;16.67;;;9.09;6.91;5.0;;;;1.3.0
2026-08-23;SriLanka_SuperLeague;Blue Star;Colombo;64.44;MEDIA-ALTA;6;2026-08-21;SriLanka_SuperLeague;SriLanka_SuperLeague;;Engine v1.3 | Squadra alta: Colombo (3ª), squadra bassa: Blue Star (6ª) | GF alta: 1.80/gara | GS bassa: 2.40/gara | Profilo ultime 10: 0.73 | Real over index: 0.50;10.19;15.0;;;20.0;7.25;5.0;;;;1.3.0
2026-08-23;Sweden_Division1_Norra;Karlbergs;AFC Eskilstuna;64.26;MEDIA-ALTA;20;2026-08-21;Sweden_Division1_Norra;Sweden_Division1_Norra;;Engine v1.3 | Squadra alta: AFC Eskilstuna (3ª), squadra bassa: Karlbergs (9ª) | GF alta: 1.89/gara | GS bassa: 1.47/gara | Profilo ultime 10: 0.79 | Real over index: 0.65;6.68;15.79;;;13.37;7.92;6.5;;;;1.3.0
2026-08-23;Mexico_LigaExpansionMX_Apertura;Alacranes;Leones Negros;64.06;MEDIA-ALTA;5;2026-08-21;Mexico_LigaExpansionMX_Apertura;Mexico_LigaExpansionMX_Apertura;;Engine v1.3 | Squadra alta: Leones Negros (1ª), squadra bassa: Alacranes (10ª) | GF alta: 2.75/gara | GS bassa: 1.25/gara | Profilo ultime 10: 0.60 | Real over index: 0.50;12.1;20.0;;;11.36;5.95;5.0;;;;1.3.0
2026-08-23;Paraguay_DivisionIntermedia;Tacuary;3 de Noviembre;63.91;MEDIA-ALTA;3;2026-08-21;Paraguay_DivisionIntermedia;Paraguay_DivisionIntermedia;;Engine v1.3 | Squadra alta: 3 de Noviembre (7ª), squadra bassa: Tacuary (12ª) | GF alta: 2.00/gara | GS bassa: 2.00/gara | Profilo ultime 10: 0.78 | Real over index: 0.75;2.57;16.67;;;18.18;7.78;7.5;;;;1.3.0
2026-08-23;CzechRepublic_4Liga_GroupD;Velka Bites;Zdirec n. D.;63.79;MEDIA-ALTA;3;2026-08-21;CzechRepublic_4Liga_GroupD;CzechRepublic_4Liga_GroupD;CzechRepublic_4Liga;Engine v1.3 | Squadra alta: Velka Bites (61ª), squadra bassa: Zdirec n. D. (77ª) | GF alta: 0.50/gara | GS bassa: 2.00/gara | Profilo ultime 10: 0.59 | Real over index: 0.50;17.75;4.17;;;18.18;5.86;5.0;;;;1.3.0
2026-08-23;USA_USLLeagueOne;Spokane Velocity;Greenville;63.75;MEDIA-ALTA;32;2026-08-21;USA_USLLeagueOne;USA_USLLeagueOne;;Engine v1.3 | Squadra alta: Spokane Velocity (7ª), squadra bassa: Greenville (15ª) | GF alta: 1.42/gara | GS bassa: 1.65/gara | Profilo ultime 10: 0.71 | Real over index: 0.60;10.37;11.84;;;15.0;7.12;6.0;;;;1.3.0
2026-08-23;Austria_Regionalliga_West;Schwaz;SC Imst;63.73;MEDIA-ALTA;4;2026-08-21;Austria_Regionalliga_West;Austria_Regionalliga_West;;Engine v1.3 | Squadra alta: SC Imst (2ª), squadra bassa: Schwaz (4ª) | GF alta: 2.00/gara | GS bassa: 2.00/gara | Profilo ultime 10: 0.78 | Real over index: 0.67;7.38;16.67;;;18.18;7.83;6.67;;;;1.3.0
2026-08-23;Moldova_SuperLiga;Real Sireti;Dacia Buiucani;63.58;MEDIA-ALTA;9;2026-08-21;Moldova_SuperLiga;Moldova_SuperLiga;;Engine v1.3 | Squadra alta: Dacia Buiucani (4ª), squadra bassa: Real Sireti (7ª) | GF alta: 1.50/gara | GS bassa: 1.62/gara | Profilo ultime 10: 0.70 | Real over index: 0.62;11.64;12.5;;;14.77;7.04;6.25;;;;1.3.0
2026-08-23;Australia_NPL_NSW_U20;Sydney Utd U20;APIA Leichhardt U20;63.36;MEDIA-ALTA;30;2026-08-21;Australia_NPL_NSW_U20;Australia_NPL_NSW_U20;;Engine v1.3 | Squadra alta: APIA Leichhardt U20 (1ª), squadra bassa: Sydney Utd U20 (2ª) | GF alta: 2.36/gara | GS bassa: 1.46/gara | Profilo ultime 10: 0.84 | Real over index: 0.70;3.58;19.64;;;13.31;8.4;7.0;;;;1.3.0
2026-08-23;Lithuania_Toplyga;Suduva;FK Panevezys;63.17;MEDIA-ALTA;31;2026-08-21;Lithuania_Toplyga;Lithuania_Toplyga;;Engine v1.3 | Squadra alta: Suduva (1ª), squadra bassa: FK Panevezys (7ª) | GF alta: 1.70/gara | GS bassa: 1.50/gara | Profilo ultime 10: 0.70 | Real over index: 0.65;11.85;14.13;;;13.64;6.99;6.5;;;;1.3.0
2026-08-23;Poland_Ekstraklasa;Pogon Szczecin;Wisla;63.17;MEDIA-ALTA;5;2026-08-21;Poland_Ekstraklasa;Poland_Ekstraklasa;;Engine v1.3 | Squadra alta: Pogon Szczecin (4ª), squadra bassa: Wisla (6ª) | GF alta: 1.67/gara | GS bassa: 2.00/gara | Profilo ultime 10: 0.82 | Real over index: 0.67;5.67;13.89;;;18.18;8.17;6.67;;;;1.3.0
2026-08-23;Germany_Oberliga_Niedersachsen;Vorsfelde;Hildesheim;63.16;MEDIA-ALTA;3;2026-08-21;Germany_Oberliga_Niedersachsen;Germany_Oberliga_Niedersachsen;;Engine v1.3 | Squadra alta: Vorsfelde (8ª), squadra bassa: Hildesheim (16ª) | GF alta: 1.00/gara | GS bassa: 3.50/gara | Profilo ultime 10: 0.49 | Real over index: 0.50;17.92;8.33;;;20.0;4.91;5.0;;;;1.3.0
2026-08-23;USA_USLChampionship;Loudoun;New Mexico;63.13;MEDIA-ALTA;30;2026-08-21;USA_USLChampionship;USA_USLChampionship;;Engine v1.3 | Squadra alta: New Mexico (4ª), squadra bassa: Loudoun (21ª) | GF alta: 1.53/gara | GS bassa: 1.58/gara | Profilo ultime 10: 0.60 | Real over index: 0.35;14.66;12.75;;;14.35;6.03;3.5;;;;1.3.0
2026-08-23;Sweden_Division1_Norra;Umeå;Enkoping SK;63.04;MEDIA-ALTA;20;2026-08-21;Sweden_Division1_Norra;Sweden_Division1_Norra;;Engine v1.3 | Squadra alta: Enkoping SK (7ª), squadra bassa: Umeå (13ª) | GF alta: 1.59/gara | GS bassa: 1.76/gara | Profilo ultime 10: 0.60 | Real over index: 0.40;9.81;13.24;;;16.04;5.95;4.0;;;;1.3.0
2026-08-23;SouthKorea_KLeague2;Seoul E-Land;Paju Frontier;62.93;MEDIA-ALTA;23;2026-08-21;SouthKorea_KLeague2;SouthKorea_KLeague2;;Engine v1.3 | Squadra alta: Seoul E-Land (2ª), squadra bassa: Paju Frontier (10ª) | GF alta: 1.86/gara | GS bassa: 1.24/gara | Profilo ultime 10: 0.66 | Real over index: 0.60;11.11;15.48;;;11.26;6.58;6.0;;;;1.3.0
2026-08-23;Bulgaria_VtoraLiga;Hebar;Chernomorets 1919;62.91;MEDIA-ALTA;3;2026-08-21;Bulgaria_VtoraLiga;Bulgaria_VtoraLiga;;Engine v1.3 | Squadra alta: Hebar (7ª), squadra bassa: Chernomorets 1919 (14ª) | GF alta: 3.00/gara | GS bassa: 1.00/gara | Profilo ultime 10: 0.62 | Real over index: 0.50;12.7;20.0;;;9.09;6.2;5.0;;;;1.3.0
2026-08-23;Germany_Oberliga_Westfalen;Eintracht Rheine;Verl 2;62.79;MEDIA-ALTA;3;2026-08-21;Germany_Oberliga_Westfalen;Germany_Oberliga_Westfalen;;Engine v1.3 | Squadra alta: Eintracht Rheine (2ª), squadra bassa: Verl 2 (3ª) | GF alta: 3.00/gara | GS bassa: 1.00/gara | Profilo ultime 10: 0.93 | Real over index: 1.00;0.45;20.0;;;9.09;9.25;10.0;;;;1.3.0
2026-08-23;USA_MLS;Charlotte;DC United;62.51;MEDIA-ALTA;23;2026-08-21;USA_MLS;USA_MLS;;Engine v1.3 | Squadra alta: Charlotte (13ª), squadra bassa: DC United (22ª) | GF alta: 1.75/gara | GS bassa: 1.65/gara | Profilo ultime 10: 0.82 | Real over index: 0.60;4.77;14.58;;;15.0;8.15;6.0;;;;1.3.0
2026-08-23;USA_USLChampionship;Birmingham;Sporting Jax;62.25;MEDIA-ALTA;30;2026-08-21;USA_USLChampionship;USA_USLChampionship;;Engine v1.3 | Squadra alta: Birmingham (22ª), squadra bassa: Sporting Jax (25ª) | GF alta: 1.11/gara | GS bassa: 2.60/gara | Profilo ultime 10: 0.71 | Real over index: 0.60;6.19;9.26;;;20.0;7.08;6.0;;;;1.3.0
2026-08-23;Latvia_NakotnesLiga;Super Nova 2;Skanste;62.23;MEDIA-ALTA;18;2026-08-21;Latvia_NakotnesLiga;Latvia_NakotnesLiga;;Engine v1.3 | Squadra alta: Super Nova 2 (7ª), squadra bassa: Skanste (9ª) | GF alta: 1.41/gara | GS bassa: 2.00/gara | Profilo ultime 10: 0.85 | Real over index: 0.70;2.76;11.76;;;18.18;8.52;7.0;;;;1.3.0
2026-08-23;CzechRepublic_1Liga;Teplice;Brno;62.05;MEDIA-ALTA;5;2026-08-21;CzechRepublic_1Liga;CzechRepublic_1Liga;;Engine v1.3 | Squadra alta: Teplice (7ª), squadra bassa: Brno (11ª) | GF alta: 2.50/gara | GS bassa: 1.00/gara | Profilo ultime 10: 0.75 | Real over index: 0.54;6.03;20.0;;;9.09;7.52;5.42;;;;1.3.0
2026-08-23;USA_MLS;Los Angeles FC;Portland Timbers;61.83;MEDIA-ALTA;23;2026-08-21;USA_MLS;USA_MLS;;Engine v1.3 | Squadra alta: Los Angeles FC (9ª), squadra bassa: Portland Timbers (15ª) | GF alta: 1.60/gara | GS bassa: 1.80/gara | Profilo ultime 10: 0.85 | Real over index: 0.75;3.5;13.33;;;16.36;8.48;7.5;;;;1.3.0
2026-08-23;Germany_Oberliga_Niedersachsen;Verden;Drochtersen/Assel 2;61.63;MEDIA-ALTA;3;2026-08-21;Germany_Oberliga_Niedersachsen;Germany_Oberliga_Niedersachsen;;Engine v1.3 | Squadra alta: Drochtersen/Assel 2 (7ª), squadra bassa: Verden (10ª) | GF alta: 1.50/gara | GS bassa: 1.50/gara | Profilo ultime 10: 0.68 | Real over index: 0.50;10.89;12.5;;;13.64;6.77;5.0;;;;1.3.0
2026-08-23;Sweden_Allsvenskan;Västerås SK;Kalmar;61.56;MEDIA-ALTA;23;2026-08-21;Sweden_Allsvenskan;Sweden_Allsvenskan;;Engine v1.3 | Squadra alta: Västerås SK (8ª), squadra bassa: Kalmar (13ª) | GF alta: 1.47/gara | GS bassa: 1.65/gara | Profilo ultime 10: 0.78 | Real over index: 0.60;6.49;12.25;;;14.97;7.84;6.0;;;;1.3.0
2026-08-23;USA_MLS;San Jose Earthquakes;Minnesota;61.48;MEDIA-ALTA;23;2026-08-21;USA_MLS;USA_MLS;;Engine v1.3 | Squadra alta: San Jose Earthquakes (6ª), squadra bassa: Minnesota (18ª) | GF alta: 1.90/gara | GS bassa: 1.40/gara | Profilo ultime 10: 0.70 | Real over index: 0.55;7.0;15.83;;;12.73;7.0;5.5;;;;1.3.0
2026-08-23;Armenia_PremierLeague;Ararat-Armenia;Sardarapat;61.41;MEDIA-ALTA;5;2026-08-21;Armenia_PremierLeague;Armenia_PremierLeague;;Engine v1.3 | Squadra alta: Ararat-Armenia (2ª), squadra bassa: Sardarapat (4ª) | GF alta: 2.67/gara | GS bassa: 1.00/gara | Profilo ultime 10: 0.86 | Real over index: 0.83;1.4;20.0;;;9.09;8.58;8.33;;;;1.3.0
2026-08-23;Turkey_1Lig;Bandirmaspor;Keciorengucu;61.37;MEDIA-ALTA;3;2026-08-21;Turkey_1Lig;Turkey_1Lig;;Engine v1.3 | Squadra alta: Bandirmaspor (4ª), squadra bassa: Keciorengucu (8ª) | GF alta: 1.50/gara | GS bassa: 2.50/gara | Profilo ultime 10: 0.80 | Real over index: 0.75;6.39;12.5;;;20.0;7.98;7.5;;;;1.3.0
2026-08-23;FaroeIslands_PremierLeague;Streymur;Argir;61.31;MEDIA-ALTA;24;2026-08-21;FaroeIslands_PremierLeague;FaroeIslands_PremierLeague;;Engine v1.3 | Squadra alta: Argir (6ª), squadra bassa: Streymur (7ª) | GF alta: 1.47/gara | GS bassa: 1.68/gara | Profilo ultime 10: 0.89 | Real over index: 0.70;3.87;12.28;;;15.31;8.85;7.0;;;;1.3.0
2026-08-23;CzechRepublic_4Liga_GroupB;Meteor Prague;Sokolov;61.24;MEDIA-ALTA;3;2026-08-21;CzechRepublic_4Liga_GroupB;CzechRepublic_4Liga_GroupB;CzechRepublic_4Liga;Engine v1.3 | Squadra alta: Sokolov (37ª), squadra bassa: Meteor Prague (59ª) | GF alta: 3.00/gara | GS bassa: 1.50/gara | Profilo ultime 10: 0.57 | Real over index: 0.50;11.29;20.0;;;13.64;5.7;5.0;;;;1.3.0
2026-08-23;CzechRepublic_3MSFL;Artis Brno B;Slovacko B;61.12;MEDIA-ALTA;4;2026-08-21;CzechRepublic_3MSFL;CzechRepublic_3MSFL;;Engine v1.3 | Squadra alta: Artis Brno B (2ª), squadra bassa: Slovacko B (5ª) | GF alta: 1.67/gara | GS bassa: 1.67/gara | Profilo ultime 10: 0.77 | Real over index: 0.67;10.75;13.89;;;15.15;7.67;6.67;;;;1.3.0
2026-08-23;SouthKorea_KLeague1;Gwangju;Incheon;60.97;MEDIA-ALTA;24;2026-08-21;SouthKorea_KLeague1;SouthKorea_KLeague1;;Engine v1.3 | Squadra alta: Incheon (7ª), squadra bassa: Gwangju (12ª) | GF alta: 1.32/gara | GS bassa: 2.13/gara | Profilo ultime 10: 0.55 | Real over index: 0.40;11.94;10.98;;;19.37;5.51;4.0;;;;1.3.0
2026-08-23;Denmark_Superliga;Viborg;FC Copenhagen;60.81;MEDIA-ALTA;5;2026-08-21;Denmark_Superliga;Denmark_Superliga;;Engine v1.3 | Squadra alta: FC Copenhagen (2ª), squadra bassa: Viborg (5ª) | GF alta: 3.33/gara | GS bassa: 0.50/gara | Profilo ultime 10: 0.62 | Real over index: 0.62;14.02;20.0;;;4.55;6.24;6.25;;;;1.3.0
2026-08-23;Serbia_PrvaLiga;Dubocica;Borac 1926;60.79;MEDIA-ALTA;5;2026-08-21;Serbia_PrvaLiga;Serbia_PrvaLiga;;Engine v1.3 | Squadra alta: Borac 1926 (3ª), squadra bassa: Dubocica (8ª) | GF alta: 2.00/gara | GS bassa: 1.00/gara | Profilo ultime 10: 0.74 | Real over index: 0.62;7.33;16.67;;;9.09;7.45;6.25;;;;1.3.0
2026-08-23;USA_USLLeagueOne;AV Alta;FC Naples;60.78;MEDIA-ALTA;32;2026-08-21;USA_USLLeagueOne;USA_USLLeagueOne;;Engine v1.3 | Squadra alta: AV Alta (6ª), squadra bassa: FC Naples (14ª) | GF alta: 1.39/gara | GS bassa: 1.70/gara | Profilo ultime 10: 0.71 | Real over index: 0.60;7.58;11.59;;;15.45;7.12;6.0;;;;1.3.0
2026-08-23;Austria_Regionalliga_West;Tirol (Am);Wolfurt;60.76;MEDIA-ALTA;4;2026-08-21;Austria_Regionalliga_West;Austria_Regionalliga_West;;Engine v1.3 | Squadra alta: Wolfurt (8ª), squadra bassa: Tirol (Am) (18ª) | GF alta: 1.67/gara | GS bassa: 1.33/gara | Profilo ultime 10: 0.61 | Real over index: 0.50;14.67;13.89;;;12.12;6.14;5.0;;;;1.3.0
2026-08-23;USA_MLS;Austin FC;Philadelphia Union;60.68;MEDIA-ALTA;23;2026-08-21;USA_MLS;USA_MLS;;Engine v1.3 | Squadra alta: Philadelphia Union (25ª), squadra bassa: Austin FC (27ª) | GF alta: 1.50/gara | GS bassa: 1.95/gara | Profilo ultime 10: 0.84 | Real over index: 0.75;0.53;12.5;;;17.73;8.42;7.5;;;;1.3.0
2026-08-23;Poland_IIILiga_Group3;Polkowice;Jelenia Gora;60.63;MEDIA-ALTA;5;2026-08-21;Poland_IIILiga_Group3;Poland_IIILiga_Group3;;Engine v1.3 | Squadra alta: Jelenia Gora (3ª), squadra bassa: Polkowice (10ª) | GF alta: 1.25/gara | GS bassa: 2.25/gara | Profilo ultime 10: 0.69 | Real over index: 0.50;9.99;10.42;;;20.0;6.88;5.0;;;;1.3.0
2026-08-23;Poland_IIILiga_Group4;Kolbuszowa Dolna;Siarka Tarnobrzeg;60.61;MEDIA-ALTA;4;2026-08-21;Poland_IIILiga_Group4;Poland_IIILiga_Group4;;Engine v1.3 | Squadra alta: Siarka Tarnobrzeg (11ª), squadra bassa: Kolbuszowa Dolna (17ª) | GF alta: 1.67/gara | GS bassa: 1.67/gara | Profilo ultime 10: 0.66 | Real over index: 0.50;9.07;13.89;;;15.15;6.6;5.0;;;;1.3.0
2026-08-23;Germany_Oberliga_Niedersachsen;Spelle-Venhaus;BSV Rehden;60.57;MEDIA-ALTA;3;2026-08-21;Germany_Oberliga_Niedersachsen;Germany_Oberliga_Niedersachsen;;Engine v1.3 | Squadra alta: Spelle-Venhaus (1ª), squadra bassa: BSV Rehden (5ª) | GF alta: 4.00/gara | GS bassa: 0.50/gara | Profilo ultime 10: 0.75 | Real over index: 0.75;11.35;20.0;;;4.55;7.48;7.5;;;;1.3.0
2026-08-23;USA_USLLeagueOne;Richmond Kickers;Portland Hearts of Pine;60.51;MEDIA-ALTA;32;2026-08-21;USA_USLLeagueOne;USA_USLLeagueOne;;Engine v1.3 | Squadra alta: Portland Hearts of Pine (12ª), squadra bassa: Richmond Kickers (16ª) | GF alta: 1.48/gara | GS bassa: 2.00/gara | Profilo ultime 10: 0.77 | Real over index: 0.65;3.33;12.3;;;18.18;7.65;6.5;;;;1.3.0
2026-08-23;USA_USLChampionship;Brooklyn;Pittsburgh;60.49;MEDIA-ALTA;30;2026-08-21;USA_USLChampionship;USA_USLChampionship;;Engine v1.3 | Squadra alta: Pittsburgh (10ª), squadra bassa: Brooklyn (24ª) | GF alta: 1.15/gara | GS bassa: 1.89/gara | Profilo ultime 10: 0.56 | Real over index: 0.45;12.1;9.58;;;17.17;5.65;4.5;;;;1.3.0
2026-08-23;Sweden_Division2_SodraSvealand;Orebro Syr.;Farsta;60.48;MEDIA-ALTA;18;2026-08-21;Sweden_Division2_SodraSvealand;Sweden_Division2_SodraSvealand;;Engine v1.3 | Squadra alta: Farsta (5ª), squadra bassa: Orebro Syr. (9ª) | GF alta: 2.12/gara | GS bassa: 1.18/gara | Profilo ultime 10: 0.58 | Real over index: 0.45;9.66;17.65;;;10.7;5.81;4.5;;;;1.3.0
2026-08-23;Romania_Superliga;Univ. Craiova;FC Voluntari;60.47;MEDIA-ALTA;6;2026-08-21;Romania_Superliga;Romania_Superliga;;Engine v1.3 | Squadra alta: Univ. Craiova (10ª), squadra bassa: FC Voluntari (11ª) | GF alta: 1.50/gara | GS bassa: 2.60/gara | Profilo ultime 10: 0.74 | Real over index: 0.65;2.42;12.5;;;20.0;7.38;6.5;;;;1.3.0
2026-08-23;Denmark_Superliga;Horsens;Lyngby;60.45;MEDIA-ALTA;5;2026-08-21;Denmark_Superliga;Denmark_Superliga;;Engine v1.3 | Squadra alta: Horsens (6ª), squadra bassa: Lyngby (11ª) | GF alta: 1.00/gara | GS bassa: 2.00/gara | Profilo ultime 10: 0.67 | Real over index: 0.50;8.27;8.33;;;18.18;6.66;5.0;;;;1.3.0
2026-08-23;Germany_Oberliga_Westfalen;Sprockhovel;Hiltrup;60.31;MEDIA-ALTA;3;2026-08-21;Germany_Oberliga_Westfalen;Germany_Oberliga_Westfalen;;Engine v1.3 | Squadra alta: Sprockhovel (14ª), squadra bassa: Hiltrup (18ª) | GF alta: 1.50/gara | GS bassa: 2.50/gara | Profilo ultime 10: 0.67 | Real over index: 0.75;6.58;12.5;;;20.0;6.73;7.5;;;;1.3.0
2026-08-23;Switzerland_SuperLeague;Thun;Servette;60.31;MEDIA-ALTA;4;2026-08-21;Switzerland_SuperLeague;Switzerland_SuperLeague;;Engine v1.3 | Squadra alta: Servette (7ª), squadra bassa: Thun (9ª) | GF alta: 1.00/gara | GS bassa: 3.67/gara | Profilo ultime 10: 0.82 | Real over index: 0.83;1.4;8.33;;;20.0;8.24;8.33;;;;1.3.0
2026-08-23;Lithuania_Toplyga;Hegelmann;Banga;60.14;MEDIA-ALTA;31;2026-08-21;Lithuania_Toplyga;Lithuania_Toplyga;;Engine v1.3 | Squadra alta: Banga (4ª), squadra bassa: Hegelmann (8ª) | GF alta: 1.52/gara | GS bassa: 1.68/gara | Profilo ultime 10: 0.66 | Real over index: 0.45;10.49;12.68;;;15.29;6.63;4.5;;;;1.3.0
2026-08-23;Russia_PremierLeague;Din. Mosca;Rodina Moscow;60.07;MEDIA-ALTA;5;2026-08-21;Russia_PremierLeague;Russia_PremierLeague;;Engine v1.3 | Squadra alta: Din. Mosca (10ª), squadra bassa: Rodina Moscow (11ª) | GF alta: 1.00/gara | GS bassa: 2.75/gara | Profilo ultime 10: 0.85 | Real over index: 0.88;0.51;8.33;;;20.0;8.47;8.75;;;;1.3.0
2026-08-23;Sweden_Allsvenskan;Hammarby;GAIS;60.03;MEDIA-ALTA;23;2026-08-21;Sweden_Allsvenskan;Sweden_Allsvenskan;;Engine v1.3 | Squadra alta: Hammarby (2ª), squadra bassa: GAIS (9ª) | GF alta: 2.35/gara | GS bassa: 0.94/gara | Profilo ultime 10: 0.64 | Real over index: 0.45;9.2;19.61;;;8.56;6.41;4.5;;;;1.3.0
2026-08-23;Sweden_Superettan;Oddevold;Helsingborg;59.93;MEDIA;22;2026-08-21;Sweden_Superettan;Sweden_Superettan;;Engine v1.3 | Squadra alta: Oddevold (8ª), squadra bassa: Helsingborg (12ª) | GF alta: 1.58/gara | GS bassa: 2.00/gara | Profilo ultime 10: 0.66 | Real over index: 0.45;3.45;13.16;;;18.18;6.64;4.5;;;;1.3.0
2026-08-23;USA_MLS;New England Revolution;New York City;59.86;MEDIA;23;2026-08-21;USA_MLS;USA_MLS;;Engine v1.3 | Squadra alta: New England Revolution (8ª), squadra bassa: New York City (16ª) | GF alta: 1.60/gara | GS bassa: 1.45/gara | Profilo ultime 10: 0.77 | Real over index: 0.65;5.46;13.33;;;13.18;7.65;6.5;;;;1.3.0
2026-08-23;Slovakia_3Liga_West;Myjava;Nitra;59.85;MEDIA;3;2026-08-21;Slovakia_3Liga_West;Slovakia_3Liga_West;;Engine v1.3 | Squadra alta: Myjava (4ª), squadra bassa: Nitra (6ª) | GF alta: 2.50/gara | GS bassa: 1.00/gara | Profilo ultime 10: 0.82 | Real over index: 0.75;1.03;20.0;;;9.09;8.23;7.5;;;;1.3.0
2026-08-23;Austria_Tirol;Innsbrucker AC;Ebbs;59.83;MEDIA;4;2026-08-21;Austria_Tirol;Austria_Tirol;;Engine v1.3 | Squadra alta: Innsbrucker AC (1ª), squadra bassa: Ebbs (3ª) | GF alta: 2.00/gara | GS bassa: 1.33/gara | Profilo ultime 10: 0.80 | Real over index: 0.67;3.99;16.67;;;12.12;8.0;6.67;;;;1.3.0
2026-08-23;USA_USLChampionship;Rhode Island;Monterey Bay;59.83;MEDIA;30;2026-08-21;USA_USLChampionship;USA_USLChampionship;;Engine v1.3 | Squadra alta: Rhode Island (15ª), squadra bassa: Monterey Bay (23ª) | GF alta: 1.50/gara | GS bassa: 1.76/gara | Profilo ultime 10: 0.63 | Real over index: 0.40;8.66;12.5;;;16.02;6.27;4.0;;;;1.3.0
2026-08-23;Austria_2Liga;BW Linz;Voitsberg;59.5;MEDIA;4;2026-08-21;Austria_2Liga;Austria_2Liga;;Engine v1.3 | Squadra alta: BW Linz (1ª), squadra bassa: Voitsberg (7ª) | GF alta: 2.33/gara | GS bassa: 0.67/gara | Profilo ultime 10: 0.62 | Real over index: 0.50;15.79;19.44;;;6.06;6.21;5.0;;;;1.3.0
2026-08-23;Romania_Liga2;Selimbar;Afumati;59.45;MEDIA;4;2026-08-21;Romania_Liga2;Romania_Liga2;;Engine v1.3 | Squadra alta: Selimbar (15ª), squadra bassa: Afumati (21ª) | GF alta: 1.00/gara | GS bassa: 3.00/gara | Profilo ultime 10: 0.67 | Real over index: 0.75;6.97;8.33;;;20.0;6.73;7.5;;;;1.3.0
2026-08-23;CzechRepublic_4Liga_GroupD;Pelhrimov;Bohunice;59.37;MEDIA;3;2026-08-21;CzechRepublic_4Liga_GroupD;CzechRepublic_4Liga_GroupD;CzechRepublic_4Liga;Engine v1.3 | Squadra alta: Bohunice (13ª), squadra bassa: Pelhrimov (30ª) | GF alta: 2.50/gara | GS bassa: 1.00/gara | Profilo ultime 10: 0.69 | Real over index: 0.50;8.73;20.0;;;9.09;6.86;5.0;;;;1.3.0
2026-08-23;Poland_Division2;Tychy;Slask 2;59.15;MEDIA;5;2026-08-21;Poland_Division2;Poland_Division2;;Engine v1.3 | Squadra alta: Tychy (4ª), squadra bassa: Slask 2 (8ª) | GF alta: 1.50/gara | GS bassa: 1.50/gara | Profilo ultime 10: 0.78 | Real over index: 0.62;6.58;12.5;;;13.64;7.8;6.25;;;;1.3.0
2026-08-23;USA_USLLeagueOne;Forward Madison;Charlotte Independ.;59.1;MEDIA;32;2026-08-21;USA_USLLeagueOne;USA_USLLeagueOne;;Engine v1.3 | Squadra alta: Charlotte Independ. (2ª), squadra bassa: Forward Madison (3ª) | GF alta: 2.30/gara | GS bassa: 1.05/gara | Profilo ultime 10: 0.80 | Real over index: 0.65;1.91;19.17;;;9.55;7.97;6.5;;;;1.3.0
2026-08-23;Denmark_Superliga;Sonderjyske;Nordsjaelland;59.0;MEDIA;5;2026-08-21;Denmark_Superliga;Denmark_Superliga;;Engine v1.3 | Squadra alta: Nordsjaelland (4ª), squadra bassa: Sonderjyske (12ª) | GF alta: 1.00/gara | GS bassa: 1.75/gara | Profilo ultime 10: 0.47 | Real over index: 0.25;19.9;8.33;;;15.91;4.73;2.5;;;;1.3.0
2026-08-23;Peru_Liga1_Clausura;Melgar;A. Lima;58.98;MEDIA;5;2026-08-21;Peru_Liga1_Clausura;Peru_Liga1_Clausura;;Engine v1.3 | Squadra alta: A. Lima (2ª), squadra bassa: Melgar (4ª) | GF alta: 1.75/gara | GS bassa: 1.25/gara | Profilo ultime 10: 0.77 | Real over index: 0.62;8.06;14.58;;;11.36;7.69;6.25;;;;1.3.0
2026-08-23;USA_MLS;Vancouver Whitecaps;FC Dallas;58.92;MEDIA;23;2026-08-21;USA_MLS;USA_MLS;;Engine v1.3 | Squadra alta: Vancouver Whitecaps (4ª), squadra bassa: FC Dallas (7ª) | GF alta: 2.11/gara | GS bassa: 1.45/gara | Profilo ultime 10: 0.75 | Real over index: 0.50;3.63;17.54;;;13.18;7.46;5.0;;;;1.3.0
2026-08-23;Germany_Oberliga_Westfalen;Lippstadt;Clarholz;58.84;MEDIA;3;2026-08-21;Germany_Oberliga_Westfalen;Germany_Oberliga_Westfalen;;Engine v1.3 | Squadra alta: Clarholz (9ª), squadra bassa: Lippstadt (15ª) | GF alta: 2.50/gara | GS bassa: 1.00/gara | Profilo ultime 10: 0.55 | Real over index: 0.50;12.25;20.0;;;9.09;5.5;5.0;;;;1.3.0
2026-08-23;Slovakia_3Liga_West;Velke Ludince;Puchov;58.79;MEDIA;3;2026-08-21;Slovakia_3Liga_West;Slovakia_3Liga_West;;Engine v1.3 | Squadra alta: Puchov (10ª), squadra bassa: Velke Ludince (13ª) | GF alta: 1.00/gara | GS bassa: 2.50/gara | Profilo ultime 10: 0.68 | Real over index: 0.50;6.31;8.33;;;20.0;6.77;5.0;;;;1.3.0
2026-08-23;Serbia_PrvaLiga;Loznica;Bor 1919;58.78;MEDIA;5;2026-08-21;Serbia_PrvaLiga;Serbia_PrvaLiga;;Engine v1.3 | Squadra alta: Loznica (12ª), squadra bassa: Bor 1919 (16ª) | GF alta: 1.00/gara | GS bassa: 2.50/gara | Profilo ultime 10: 0.63 | Real over index: 0.62;6.82;8.33;;;20.0;6.27;6.25;;;;1.3.0
2026-08-23;Turkey_1Lig;Vanspor FK;Istanbulspor;58.06;MEDIA;3;2026-08-21;Turkey_1Lig;Turkey_1Lig;;Engine v1.3 | Squadra alta: Istanbulspor (18ª), squadra bassa: Vanspor FK (20ª) | GF alta: 1.00/gara | GS bassa: 3.00/gara | Profilo ultime 10: 0.67 | Real over index: 0.75;5.58;8.33;;;20.0;6.73;7.5;;;;1.3.0
2026-08-23;Russia_PremierLeague;Sp. Mosca;Zenit;58.05;MEDIA;5;2026-08-21;Russia_PremierLeague;Russia_PremierLeague;;Engine v1.3 | Squadra alta: Zenit (2ª), squadra bassa: Sp. Mosca (3ª) | GF alta: 3.00/gara | GS bassa: 1.00/gara | Profilo ultime 10: 0.88 | Real over index: 1.00;0.51;20.0;;;9.09;8.75;10.0;;;;1.3.0
2026-08-23;Finland_Ykkonen;VJS;Jazz Pori;57.97;MEDIA;23;2026-08-21;Finland_Ykkonen;Finland_Ykkonen;;Engine v1.3 | Squadra alta: VJS (5ª), squadra bassa: Jazz Pori (7ª) | GF alta: 1.85/gara | GS bassa: 1.40/gara | Profilo ultime 10: 0.79 | Real over index: 0.60;1.88;15.42;;;12.73;7.95;6.0;;;;1.3.0
2026-08-23;Switzerland_ChallengeLeague;Yverdon;Aarau;57.74;MEDIA;4;2026-08-21;Switzerland_ChallengeLeague;Switzerland_ChallengeLeague;;Engine v1.3 | Squadra alta: Yverdon (3ª), squadra bassa: Aarau (6ª) | GF alta: 1.67/gara | GS bassa: 1.67/gara | Profilo ultime 10: 0.67 | Real over index: 0.50;5.74;13.89;;;15.15;6.74;5.0;;;;1.3.0
2026-08-23;Bolivia_DivisionProfesional;Nacional Potosi;Independiente;57.59;MEDIA;20;2026-08-21;Bolivia_DivisionProfesional;Bolivia_DivisionProfesional;;Engine v1.3 | Squadra alta: Independiente (6ª), squadra bassa: Nacional Potosi (11ª) | GF alta: 1.47/gara | GS bassa: 1.40/gara | Profilo ultime 10: 0.75 | Real over index: 0.60;5.11;12.22;;;12.73;7.53;6.0;;;;1.3.0
2026-08-23;Kyrgyzstan_PremierLiga;Dordoi Bishkek;Alay Osh;57.55;MEDIA;24;2026-08-21;Kyrgyzstan_PremierLiga;Kyrgyzstan_PremierLiga;;Engine v1.3 | Squadra alta: Alay Osh (6ª), squadra bassa: Dordoi Bishkek (7ª) | GF alta: 1.47/gara | GS bassa: 1.47/gara | Profilo ultime 10: 0.77 | Real over index: 0.55;6.03;12.28;;;13.4;7.68;5.5;;;;1.3.0
2026-08-23;CzechRepublic_3MSFL;Karvina B;Polanka nad Odrou;57.47;MEDIA;4;2026-08-21;CzechRepublic_3MSFL;CzechRepublic_3MSFL;;Engine v1.3 | Squadra alta: Karvina B (9ª), squadra bassa: Polanka nad Odrou (15ª) | GF alta: 2.00/gara | GS bassa: 1.00/gara | Profilo ultime 10: 0.58 | Real over index: 0.50;11.96;16.67;;;9.09;5.8;5.0;;;;1.3.0
2026-08-23;Sweden_Allsvenskan;Brommapojkarna;Degerfors;57.36;MEDIA;23;2026-08-21;Sweden_Allsvenskan;Sweden_Allsvenskan;;Engine v1.3 | Squadra alta: Brommapojkarna (10ª), squadra bassa: Degerfors (14ª) | GF alta: 1.47/gara | GS bassa: 1.59/gara | Profilo ultime 10: 0.70 | Real over index: 0.60;4.86;12.25;;;14.44;6.97;6.0;;;;1.3.0
2026-08-23;FaroeIslands_PremierLeague;Toftir;Skala Itrottarfelag;57.29;MEDIA;24;2026-08-21;FaroeIslands_PremierLeague;FaroeIslands_PremierLeague;;Engine v1.3 | Squadra alta: Skala Itrottarfelag (8ª), squadra bassa: Toftir (10ª) | GF alta: 1.00/gara | GS bassa: 2.17/gara | Profilo ultime 10: 0.69 | Real over index: 0.60;3.89;8.33;;;19.7;6.86;6.0;;;;1.3.0
2026-08-23;Australia_NPLVictoria;South Melbourne;Heidelberg;57.22;MEDIA;28;2026-08-21;Australia_NPLVictoria;Australia_NPLVictoria;;Engine v1.3 | Squadra alta: South Melbourne (4ª), squadra bassa: Heidelberg (8ª) | GF alta: 1.56/gara | GS bassa: 1.38/gara | Profilo ultime 10: 0.71 | Real over index: 0.50;5.64;13.0;;;12.5;7.08;5.0;;;;1.3.0
2026-08-23;Australia_NPLTasmania;South Hobart;Devonport;57.18;MEDIA;23;2026-08-21;Australia_NPLTasmania;Australia_NPLTasmania;;Engine v1.3 | Squadra alta: South Hobart (1ª), squadra bassa: Devonport (2ª) | GF alta: 3.35/gara | GS bassa: 1.00/gara | Profilo ultime 10: 0.77 | Real over index: 0.65;2.29;20.0;;;9.09;7.72;6.5;;;;1.3.0
2026-08-23;Sweden_Division2_NorraGotaland;Motala;Karlstad 2;57.18;MEDIA;20;2026-08-21;Sweden_Division2_NorraGotaland;Sweden_Division2_NorraGotaland;;Engine v1.3 | Squadra alta: Motala (8ª), squadra bassa: Karlstad 2 (14ª) | GF alta: 1.29/gara | GS bassa: 1.76/gara | Profilo ultime 10: 0.54 | Real over index: 0.35;8.6;10.78;;;16.04;5.45;3.5;;;;1.3.0
2026-08-23;USA_USLChampionship;San Antonio;Oakland Roots;57.06;MEDIA;30;2026-08-21;USA_USLChampionship;USA_USLChampionship;;Engine v1.3 | Squadra alta: San Antonio (6ª), squadra bassa: Oakland Roots (19ª) | GF alta: 1.30/gara | GS bassa: 1.43/gara | Profilo ultime 10: 0.61 | Real over index: 0.45;9.16;10.83;;;12.99;6.12;4.5;;;;1.3.0
2026-08-23;SouthKorea_KLeague2;Cheongju Jikji;Gyeongnam;56.71;MEDIA;23;2026-08-21;SouthKorea_KLeague2;SouthKorea_KLeague2;;Engine v1.3 | Squadra alta: Gyeongnam (9ª), squadra bassa: Cheongju Jikji (13ª) | GF alta: 1.33/gara | GS bassa: 1.62/gara | Profilo ultime 10: 0.77 | Real over index: 0.55;3.74;11.11;;;14.72;7.69;5.5;;;;1.3.0
2026-08-23;USA_USLLeagueOne;One Knoxville;Boise;56.66;MEDIA;32;2026-08-21;USA_USLLeagueOne;USA_USLLeagueOne;;Engine v1.3 | Squadra alta: One Knoxville (4ª), squadra bassa: Boise (5ª) | GF alta: 1.67/gara | GS bassa: 1.38/gara | Profilo ultime 10: 0.80 | Real over index: 0.70;2.3;13.89;;;12.55;8.02;7.0;;;;1.3.0
2026-08-23;Poland_Division2;Legia 2;Kleczew;56.42;MEDIA;5;2026-08-21;Poland_Division2;Poland_Division2;;Engine v1.3 | Squadra alta: Kleczew (12ª), squadra bassa: Legia 2 (15ª) | GF alta: 1.25/gara | GS bassa: 1.50/gara | Profilo ultime 10: 0.72 | Real over index: 0.50;6.13;10.42;;;13.64;7.24;5.0;;;;1.3.0
2026-08-23;Sweden_Superettan;Norrby;Sandviken;56.16;MEDIA;22;2026-08-21;Sweden_Superettan;Sweden_Superettan;;Engine v1.3 | Squadra alta: Sandviken (9ª), squadra bassa: Norrby (11ª) | GF alta: 1.68/gara | GS bassa: 1.37/gara | Profilo ultime 10: 0.72 | Real over index: 0.60;2.53;14.04;;;12.44;7.16;6.0;;;;1.3.0
2026-08-23;USA_MLS;San Diego FC;Colorado Rapids;55.94;MEDIA;23;2026-08-21;USA_MLS;USA_MLS;;Engine v1.3 | Squadra alta: Colorado Rapids (12ª), squadra bassa: San Diego FC (20ª) | GF alta: 1.55/gara | GS bassa: 1.60/gara | Profilo ultime 10: 0.60 | Real over index: 0.40;4.51;12.92;;;14.55;5.98;4.0;;;;1.3.0
2026-08-23;USA_MLSNextPro_WesternConference_CentralDivision;North Texas;Minnesota 2;55.94;MEDIA;28;2026-08-21;USA_MLSNextPro_WesternConference_CentralDivision;USA_MLSNextPro_WesternConference_CentralDivision;;Engine v1.3 | Squadra alta: North Texas (4ª), squadra bassa: Minnesota 2 (5ª) | GF alta: 1.50/gara | GS bassa: 1.59/gara | Profilo ultime 10: 0.77 | Real over index: 0.60;1.28;12.5;;;14.46;7.7;6.0;;;;1.3.0
2026-08-23;Finland_Kolmonen_Western_Group3;Sp. Kristina;Larsmo Bollklubb;55.44;MEDIA;11;2026-08-21;Finland_Kolmonen_Western_Group3;Finland_Kolmonen_Western_Group3;;Engine v1.3 | Squadra alta: Larsmo Bollklubb (8ª), squadra bassa: Sp. Kristina (9ª) | GF alta: 1.53/gara | GS bassa: 1.38/gara | Profilo ultime 10: 0.79 | Real over index: 0.70;1.14;12.78;;;12.59;7.94;7.0;;;;1.3.0
2026-08-23;Germany_Oberliga_Hamburg;Tesla Hamburg;Suderelbe;55.3;MEDIA;4;2026-08-21;Germany_Oberliga_Hamburg;Germany_Oberliga_Hamburg;;Engine v1.3 | Squadra alta: Suderelbe (7ª), squadra bassa: Tesla Hamburg (8ª) | GF alta: 1.67/gara | GS bassa: 1.33/gara | Profilo ultime 10: 0.82 | Real over index: 0.67;0.45;13.89;;;12.12;8.17;6.67;;;;1.3.0
2026-08-23;USA_MLS;CF Montreal;Los Angeles Galaxy;55.22;MEDIA;23;2026-08-21;USA_MLS;USA_MLS;;Engine v1.3 | Squadra alta: Los Angeles Galaxy (17ª), squadra bassa: CF Montreal (26ª) | GF alta: 1.25/gara | GS bassa: 1.85/gara | Profilo ultime 10: 0.57 | Real over index: 0.35;4.77;10.42;;;16.82;5.71;3.5;;;;1.3.0
2026-08-23;USA_USLChampionship;Colorado Springs;El Paso;55.16;MEDIA;30;2026-08-21;USA_USLChampionship;USA_USLChampionship;;Engine v1.3 | Squadra alta: El Paso (7ª), squadra bassa: Colorado Springs (14ª) | GF alta: 1.60/gara | GS bassa: 1.55/gara | Profilo ultime 10: 0.60 | Real over index: 0.40;3.77;13.33;;;14.09;5.97;4.0;;;;1.3.0
2026-08-23;Turkey_1Lig;Boluspor;Mardin 1969;55.08;MEDIA;3;2026-08-21;Turkey_1Lig;Turkey_1Lig;;Engine v1.3 | Squadra alta: Mardin 1969 (7ª), squadra bassa: Boluspor (19ª) | GF alta: 1.00/gara | GS bassa: 2.00/gara | Profilo ultime 10: 0.40 | Real over index: 0.25;19.16;8.33;;;18.18;3.98;2.5;;;;1.3.0
2026-08-23;FaroeIslands_PremierLeague;Klaksvik;Runavik;55.03;MEDIA;24;2026-08-21;FaroeIslands_PremierLeague;FaroeIslands_PremierLeague;;Engine v1.3 | Squadra alta: Runavik (1ª), squadra bassa: Klaksvik (2ª) | GF alta: 2.05/gara | GS bassa: 0.89/gara | Profilo ultime 10: 0.80 | Real over index: 0.65;2.36;17.11;;;8.13;7.97;6.5;;;;1.3.0
2026-08-23;Slovenia_2SNL;Krsko Posavje;Tabor Sezana;54.93;MEDIA;3;2026-08-21;Slovenia_2SNL;Slovenia_2SNL;;Engine v1.3 | Squadra alta: Tabor Sezana (2ª), squadra bassa: Krsko Posavje (4ª) | GF alta: 2.00/gara | GS bassa: 1.00/gara | Profilo ultime 10: 0.66 | Real over index: 0.50;10.56;16.67;;;9.09;6.61;5.0;;;;1.3.0
2026-08-23;Serbia_SuperLiga;Vojvodina;Zeleznicar Pancevo;54.65;MEDIA;6;2026-08-21;Serbia_SuperLiga;Serbia_SuperLiga;;Engine v1.3 | Squadra alta: Vojvodina (4ª), squadra bassa: Zeleznicar Pancevo (8ª) | GF alta: 1.80/gara | GS bassa: 1.00/gara | Profilo ultime 10: 0.74 | Real over index: 0.63;3.32;15.0;;;9.09;7.44;6.33;;;;1.3.0
2026-08-23;Mexico_LigaExpansionMX_Apertura;Piratas;Cancun;54.59;MEDIA;5;2026-08-21;Mexico_LigaExpansionMX_Apertura;Mexico_LigaExpansionMX_Apertura;;Engine v1.3 | Squadra alta: Piratas (5ª), squadra bassa: Cancun (13ª) | GF alta: 1.00/gara | GS bassa: 2.00/gara | Profilo ultime 10: 0.51 | Real over index: 0.29;11.55;8.33;;;18.18;5.08;2.92;;;;1.3.0
2026-08-23;CzechRepublic_3CFL_GroupA;Admira Prague;Pribram B;54.28;MEDIA;3;2026-08-21;CzechRepublic_3CFL_GroupA;CzechRepublic_3CFL_GroupA;CzechRepublic_3rdTier;Engine v1.3 | Squadra alta: Admira Prague (19ª), squadra bassa: Pribram B (31ª) | GF alta: 0.50/gara | GS bassa: 2.00/gara | Profilo ultime 10: 0.20 | Real over index: 0.25;20.46;4.17;;;18.18;1.97;2.5;;;;1.3.0
2026-08-23;SouthKorea_KLeague1;Daejeon;Gangwon;54.27;MEDIA;24;2026-08-21;SouthKorea_KLeague1;SouthKorea_KLeague1;;Engine v1.3 | Squadra alta: Gangwon (3ª), squadra bassa: Daejeon (10ª) | GF alta: 1.27/gara | GS bassa: 1.22/gara | Profilo ultime 10: 0.67 | Real over index: 0.50;9.29;10.61;;;11.07;6.66;5.0;;;;1.3.0
2026-08-23;USA_MLS;St. Louis City;Houston Dynamo;53.9;MEDIA;23;2026-08-21;USA_MLS;USA_MLS;;Engine v1.3 | Squadra alta: Houston Dynamo (3ª), squadra bassa: St. Louis City (11ª) | GF alta: 1.45/gara | GS bassa: 1.30/gara | Profilo ultime 10: 0.66 | Real over index: 0.40;5.94;12.08;;;11.82;6.6;4.0;;;;1.3.0
2026-08-23;Sweden_Division1_Norra;Arlanda;FBK Karlstad;53.87;MEDIA;20;2026-08-21;Sweden_Division1_Norra;Sweden_Division1_Norra;;Engine v1.3 | Squadra alta: Arlanda (5ª), squadra bassa: FBK Karlstad (8ª) | GF alta: 1.47/gara | GS bassa: 1.67/gara | Profilo ultime 10: 0.59 | Real over index: 0.40;3.53;12.25;;;15.15;5.91;4.0;;;;1.3.0
2026-08-23;Russia_FNL;Ufa;Yenisey;53.86;MEDIA;8;2026-08-21;Russia_FNL;Russia_FNL;;Engine v1.3 | Squadra alta: Yenisey (9ª), squadra bassa: Ufa (11ª) | GF alta: 1.67/gara | GS bassa: 1.17/gara | Profilo ultime 10: 0.78 | Real over index: 0.67;0.91;13.89;;;10.61;7.79;6.67;;;;1.3.0
2026-08-23;Bolivia_DivisionProfesional;Guabira;Blooming;53.82;MEDIA;20;2026-08-21;Bolivia_DivisionProfesional;Bolivia_DivisionProfesional;;Engine v1.3 | Squadra alta: Blooming (8ª), squadra bassa: Guabira (9ª) | GF alta: 1.33/gara | GS bassa: 2.00/gara | Profilo ultime 10: 0.63 | Real over index: 0.50;0.51;11.11;;;18.18;6.27;5.0;;;;1.3.0
2026-08-23;Belgium_JupilerProLeague;Lommel SK;Westerlo;53.74;MEDIA;3;2026-08-21;Belgium_JupilerProLeague;Belgium_JupilerProLeague;;Engine v1.3 | Squadra alta: Lommel SK (13ª), squadra bassa: Westerlo (16ª) | GF alta: 0.50/gara | GS bassa: 4.00/gara | Profilo ultime 10: 0.61 | Real over index: 0.50;6.13;4.17;;;20.0;6.06;5.0;;;;1.3.0
2026-08-23;Hungary_NBI;Kisvarda;Debrecen;53.67;MEDIA;5;2026-08-21;Hungary_NBI;Hungary_NBI;;Engine v1.3 | Squadra alta: Kisvarda (7ª), squadra bassa: Debrecen (10ª) | GF alta: 1.50/gara | GS bassa: 1.75/gara | Profilo ultime 10: 0.66 | Real over index: 0.38;2.1;12.5;;;15.91;6.58;3.75;;;;1.3.0
2026-08-23;Bulgaria_VtoraLiga;Yantra Gabrovo;Svoge;53.61;MEDIA;3;2026-08-21;Bulgaria_VtoraLiga;Bulgaria_VtoraLiga;;Engine v1.3 | Squadra alta: Yantra Gabrovo (4ª), squadra bassa: Svoge (10ª) | GF alta: 2.00/gara | GS bassa: 0.50/gara | Profilo ultime 10: 0.46 | Real over index: 0.25;17.02;16.67;;;4.55;4.58;2.5;;;;1.3.0
2026-08-23;USA_USLChampionship;Indy Eleven;Louisville City;53.6;MEDIA;30;2026-08-21;USA_USLChampionship;USA_USLChampionship;;Engine v1.3 | Squadra alta: Louisville City (8ª), squadra bassa: Indy Eleven (17ª) | GF alta: 1.80/gara | GS bassa: 1.17/gara | Profilo ultime 10: 0.61 | Real over index: 0.35;4.55;15.0;;;10.61;6.14;3.5;;;;1.3.0
2026-08-23;Finland_Veikkausliiga;HJK;Gnistan;53.22;MEDIA;22;2026-08-21;Finland_Veikkausliiga;Finland_Veikkausliiga;;Engine v1.3 | Squadra alta: HJK (3ª), squadra bassa: Gnistan (4ª) | GF alta: 1.60/gara | GS bassa: 1.30/gara | Profilo ultime 10: 0.77 | Real over index: 0.55;1.65;13.33;;;11.82;7.72;5.5;;;;1.3.0
2026-08-23;USA_USLChampionship;Detroit;Tampa Bay;53.11;MEDIA;30;2026-08-21;USA_USLChampionship;USA_USLChampionship;;Engine v1.3 | Squadra alta: Tampa Bay (1ª), squadra bassa: Detroit (5ª) | GF alta: 1.90/gara | GS bassa: 0.89/gara | Profilo ultime 10: 0.68 | Real over index: 0.40;6.26;15.83;;;8.13;6.77;4.0;;;;1.3.0
2026-08-23;Lithuania_Toplyga;Zalgiris;Dziugas Telsiai;52.97;MEDIA;31;2026-08-21;Lithuania_Toplyga;Lithuania_Toplyga;;Engine v1.3 | Squadra alta: Dziugas Telsiai (5ª), squadra bassa: Zalgiris (6ª) | GF alta: 1.52/gara | GS bassa: 1.27/gara | Profilo ultime 10: 0.72 | Real over index: 0.55;3.15;12.68;;;11.57;7.21;5.5;;;;1.3.0
2026-08-23;Finland_Veikkausliiga;TPS Turku;Inter Turku;52.55;MEDIA;22;2026-08-21;Finland_Veikkausliiga;Finland_Veikkausliiga;;Engine v1.3 | Squadra alta: Inter Turku (2ª), squadra bassa: TPS Turku (7ª) | GF alta: 1.40/gara | GS bassa: 1.10/gara | Profilo ultime 10: 0.68 | Real over index: 0.50;7.79;11.67;;;10.0;6.79;5.0;;;;1.3.0
2026-08-23;Latvia_Virsliga;RFS;Riga FC;52.54;MEDIA;28;2026-08-21;Latvia_Virsliga;Latvia_Virsliga;;Engine v1.3 | Squadra alta: Riga FC (1ª), squadra bassa: RFS (2ª) | GF alta: 3.22/gara | GS bassa: 0.74/gara | Profilo ultime 10: 0.71 | Real over index: 0.60;1.27;20.0;;;6.72;7.1;6.0;;;;1.3.0
2026-08-23;Romania_Liga2;Steaua Bucuresti;CSC Dumbravita;51.94;MEDIA;4;2026-08-21;Romania_Liga2;Romania_Liga2;;Engine v1.3 | Squadra alta: CSC Dumbravita (14ª), squadra bassa: Steaua Bucuresti (19ª) | GF alta: 0.67/gara | GS bassa: 2.50/gara | Profilo ultime 10: 0.49 | Real over index: 0.50;8.19;5.56;;;20.0;4.89;5.0;;;;1.3.0
2026-08-23;USA_USLLeagueOne;Corpus Christi FC;Westchester SC;51.9;MEDIA;32;2026-08-21;USA_USLLeagueOne;USA_USLLeagueOne;;Engine v1.3 | Squadra alta: Corpus Christi FC (9ª), squadra bassa: Westchester SC (11ª) | GF alta: 1.18/gara | GS bassa: 1.45/gara | Profilo ultime 10: 0.68 | Real over index: 0.50;3.04;9.85;;;13.18;6.83;5.0;;;;1.3.0
2026-08-23;Slovakia_2Liga;Zilina B;Malzenice;51.88;MEDIA;5;2026-08-21;Slovakia_2Liga;Slovakia_2Liga;;Engine v1.3 | Squadra alta: Zilina B (7ª), squadra bassa: Malzenice (11ª) | GF alta: 0.75/gara | GS bassa: 1.75/gara | Profilo ultime 10: 0.57 | Real over index: 0.38;9.2;6.25;;;15.91;5.73;3.75;;;;1.3.0
2026-08-23;Portugal_LigaPortugal2;Penafiel;Sporting B;51.76;MEDIA;3;2026-08-21;Portugal_LigaPortugal2;Portugal_LigaPortugal2;;Engine v1.3 | Squadra alta: Sporting B (6ª), squadra bassa: Penafiel (12ª) | GF alta: 1.00/gara | GS bassa: 1.50/gara | Profilo ultime 10: 0.44 | Real over index: 0.25;17.02;8.33;;;13.64;4.44;2.5;;;;1.3.0
2026-08-23;SouthKorea_KLeague2;Asan;Yongin;51.76;MEDIA;23;2026-08-21;SouthKorea_KLeague2;SouthKorea_KLeague2;;Engine v1.3 | Squadra alta: Asan (8ª), squadra bassa: Yongin (12ª) | GF alta: 1.38/gara | GS bassa: 1.45/gara | Profilo ultime 10: 0.57 | Real over index: 0.35;4.15;11.51;;;13.18;5.75;3.5;;;;1.3.0
2026-08-23;Australia_NPLNSW;Sydney Utd;APIA Leichhardt;51.62;MEDIA;30;2026-08-21;Australia_NPLNSW;Australia_NPLNSW;;Engine v1.3 | Squadra alta: APIA Leichhardt (1ª), squadra bassa: Sydney Utd (3ª) | GF alta: 2.21/gara | GS bassa: 0.69/gara | Profilo ultime 10: 0.63 | Real over index: 0.50;2.01;18.39;;;6.27;6.27;5.0;;;;1.3.0
2026-08-23;Denmark_1stDivision;Koge;Kolding;51.53;MEDIA;6;2026-08-21;Denmark_1stDivision;Denmark_1stDivision;;Engine v1.3 | Squadra alta: Kolding (10ª), squadra bassa: Koge (12ª) | GF alta: 1.00/gara | GS bassa: 2.50/gara | Profilo ultime 10: 0.48 | Real over index: 0.38;6.17;8.33;;;20.0;4.82;3.75;;;;1.3.0
2026-08-23;Germany_Oberliga_BadenWurttemberg;Singen;Pforzheim;51.35;MEDIA;4;2026-08-21;Germany_Oberliga_BadenWurttemberg;Germany_Oberliga_BadenWurttemberg;;Engine v1.3 | Squadra alta: Singen (7ª), squadra bassa: Pforzheim (12ª) | GF alta: 1.00/gara | GS bassa: 1.50/gara | Profilo ultime 10: 0.54 | Real over index: 0.25;11.8;8.33;;;13.64;5.39;2.5;;;;1.3.0
2026-08-23;Serbia_SuperLiga;Stella Rossa;Cukaricki;50.99;MEDIA;6;2026-08-21;Serbia_SuperLiga;Serbia_SuperLiga;;Engine v1.3 | Squadra alta: Cukaricki (1ª), squadra bassa: Stella Rossa (3ª) | GF alta: 1.80/gara | GS bassa: 0.33/gara | Profilo ultime 10: 0.68 | Real over index: 0.53;10.56;15.0;;;3.03;6.83;5.33;;;;1.3.0
2026-08-23;Poland_Ekstraklasa;Katowice;Plock;50.82;MEDIA;5;2026-08-21;Poland_Ekstraklasa;Poland_Ekstraklasa;;Engine v1.3 | Squadra alta: Plock (11ª), squadra bassa: Katowice (14ª) | GF alta: 1.00/gara | GS bassa: 1.33/gara | Profilo ultime 10: 0.68 | Real over index: 0.67;4.54;8.33;;;12.12;6.78;6.67;;;;1.3.0
2026-08-23;Poland_Division1;Puszcza;Skierniewice;50.37;MEDIA;5;2026-08-21;Poland_Division1;Poland_Division1;;Engine v1.3 | Squadra alta: Puszcza (15ª), squadra bassa: Skierniewice (16ª) | GF alta: 0.75/gara | GS bassa: 2.00/gara | Profilo ultime 10: 0.64 | Real over index: 0.62;0.45;6.25;;;18.18;6.4;6.25;;;;1.3.0
2026-08-23;USA_USLChampionship;Sacramento Republic;Phoenix Rising;49.87;MEDIA;30;2026-08-21;USA_USLChampionship;USA_USLChampionship;;Engine v1.3 | Squadra alta: Sacramento Republic (9ª), squadra bassa: Phoenix Rising (16ª) | GF alta: 1.32/gara | GS bassa: 1.35/gara | Profilo ultime 10: 0.61 | Real over index: 0.35;5.48;10.96;;;12.27;6.12;3.5;;;;1.3.0
2026-08-23;USA_USLChampionship;Orange County SC;FC Tulsa;49.68;MEDIA;30;2026-08-21;USA_USLChampionship;USA_USLChampionship;;Engine v1.3 | Squadra alta: Orange County SC (2ª), squadra bassa: FC Tulsa (11ª) | GF alta: 1.55/gara | GS bassa: 0.95/gara | Profilo ultime 10: 0.61 | Real over index: 0.45;4.67;12.92;;;8.61;6.11;4.5;;;;1.3.0
2026-08-23;Germany_Oberliga_Hessen;Friedberg;Hadamar;49.47;MEDIA;5;2026-08-21;Germany_Oberliga_Hessen;Germany_Oberliga_Hessen;;Engine v1.3 | Squadra alta: Friedberg (5ª), squadra bassa: Hadamar (6ª) | GF alta: 1.75/gara | GS bassa: 1.25/gara | Profilo ultime 10: 0.69 | Real over index: 0.38;0.45;14.58;;;11.36;6.94;3.75;;;;1.3.0
2026-08-23;Germany_Oberliga_Westfalen;TuS Hordel;Munster 2;49.12;MEDIA;3;2026-08-21;Germany_Oberliga_Westfalen;Germany_Oberliga_Westfalen;;Engine v1.3 | Squadra alta: Munster 2 (5ª), squadra bassa: TuS Hordel (13ª) | GF alta: 1.50/gara | GS bassa: 1.00/gara | Profilo ultime 10: 0.42 | Real over index: 0.25;17.92;12.5;;;9.09;4.19;2.5;;;;1.3.0
2026-08-23;Belarus_PershayaLiga;Gomel 2;Uni X Labs;49.03;MEDIA;22;2026-08-21;Belarus_PershayaLiga;Belarus_PershayaLiga;;Engine v1.3 | Squadra alta: Uni X Labs (15ª), squadra bassa: Gomel 2 (16ª) | GF alta: 0.85/gara | GS bassa: 1.65/gara | Profilo ultime 10: 0.65 | Real over index: 0.55;0.93;7.08;;;15.0;6.52;5.5;;;;1.3.0
2026-08-23;Portugal_Liga3_SerieA;AD Marco 09;SC Vianense;49.03;MEDIA;3;2026-08-21;Portugal_Liga3_SerieA;Portugal_Liga3_SerieA;Portugal_Liga3;Engine v1.3 | Squadra alta: SC Vianense (4ª), squadra bassa: AD Marco 09 (9ª) | GF alta: 1.00/gara | GS bassa: 1.50/gara | Profilo ultime 10: 0.60 | Real over index: 0.50;9.04;8.33;;;13.64;6.02;5.0;;;;1.3.0
2026-08-23;USA_USLChampionship;Lexington;Las Vegas Lights;48.97;MEDIA;30;2026-08-21;USA_USLChampionship;USA_USLChampionship;;Engine v1.3 | Squadra alta: Las Vegas Lights (12ª), squadra bassa: Lexington (13ª) | GF alta: 1.40/gara | GS bassa: 1.21/gara | Profilo ultime 10: 0.67 | Real over index: 0.50;0.56;11.67;;;11.0;6.74;5.0;;;;1.3.0
2026-08-23;Austria_Regionalliga_West;Altach U21;FC Lustenau;48.93;MEDIA;4;2026-08-21;Austria_Regionalliga_West;Austria_Regionalliga_West;;Engine v1.3 | Squadra alta: Altach U21 (17ª), squadra bassa: FC Lustenau (19ª) | GF alta: 1.00/gara | GS bassa: 3.00/gara | Profilo ultime 10: 0.56 | Real over index: 0.50;1.03;8.33;;;20.0;5.62;5.0;;;;1.3.0
2026-08-23;Austria_Karnten;TSV Grafenstein;SAK Klagenfurt;48.64;MEDIA;5;2026-08-21;Austria_Karnten;Austria_Karnten;;Engine v1.3 | Squadra alta: TSV Grafenstein (8ª), squadra bassa: SAK Klagenfurt (9ª) | GF alta: 1.33/gara | GS bassa: 1.67/gara | Profilo ultime 10: 0.62 | Real over index: 0.33;0.41;11.11;;;15.15;6.25;3.33;;;;1.3.0
2026-08-23;Peru_Liga1_Clausura;Deportivo Garcilaso;Cusco;48.62;MEDIA;5;2026-08-21;Peru_Liga1_Clausura;Peru_Liga1_Clausura;;Engine v1.3 | Squadra alta: Cusco (3ª), squadra bassa: Deportivo Garcilaso (6ª) | GF alta: 2.75/gara | GS bassa: 0.25/gara | Profilo ultime 10: 0.54 | Real over index: 0.38;6.13;20.0;;;2.27;5.37;3.75;;;;1.3.0
2026-08-23;Poland_IIILiga_Group2;Koszalin;KKS Kalisz;48.61;MEDIA;5;2026-08-21;Poland_IIILiga_Group2;Poland_IIILiga_Group2;;Engine v1.3 | Squadra alta: KKS Kalisz (7ª), squadra bassa: Koszalin (13ª) | GF alta: 1.00/gara | GS bassa: 1.50/gara | Profilo ultime 10: 0.49 | Real over index: 0.38;9.58;8.33;;;13.64;4.9;3.75;;;;1.3.0
2026-08-23;Russia_PremierLeague;Akron Togliatti;Samara;48.25;MEDIA;5;2026-08-21;Russia_PremierLeague;Russia_PremierLeague;;Engine v1.3 | Squadra alta: Samara (14ª), squadra bassa: Akron Togliatti (15ª) | GF alta: 0.50/gara | GS bassa: 2.50/gara | Profilo ultime 10: 0.57 | Real over index: 0.50;0.51;4.17;;;20.0;5.73;5.0;;;;1.3.0
2026-08-23;Serbia_SuperLiga;Mladost;Partizan;48.12;MEDIA;6;2026-08-21;Serbia_SuperLiga;Serbia_SuperLiga;;Engine v1.3 | Squadra alta: Mladost (5ª), squadra bassa: Partizan (11ª) | GF alta: 0.80/gara | GS bassa: 1.50/gara | Profilo ultime 10: 0.59 | Real over index: 0.47;6.89;6.67;;;13.64;5.95;4.75;;;;1.3.0
2026-08-23;Serbia_PrvaLiga;Vozdovac;Metalac;47.88;MEDIA;5;2026-08-21;Serbia_PrvaLiga;Serbia_PrvaLiga;;Engine v1.3 | Squadra alta: Metalac (10ª), squadra bassa: Vozdovac (15ª) | GF alta: 1.00/gara | GS bassa: 1.25/gara | Profilo ultime 10: 0.48 | Real over index: 0.38;9.72;8.33;;;11.36;4.8;3.75;;;;1.3.0
2026-08-23;Sweden_Division1_Sodra;Skövde;Kristianstad;47.77;MEDIA;20;2026-08-21;Sweden_Division1_Sodra;Sweden_Division1_Sodra;;Engine v1.3 | Squadra alta: Kristianstad (12ª), squadra bassa: Skövde (15ª) | GF alta: 1.00/gara | GS bassa: 1.53/gara | Profilo ultime 10: 0.62 | Real over index: 0.60;1.54;8.33;;;13.9;6.19;6.0;;;;1.3.0
2026-08-23;Serbia_PrvaLiga;Napredak;TSC;47.72;MEDIA;5;2026-08-21;Serbia_PrvaLiga;Serbia_PrvaLiga;;Engine v1.3 | Squadra alta: Napredak (2ª), squadra bassa: TSC (5ª) | GF alta: 1.25/gara | GS bassa: 1.25/gara | Profilo ultime 10: 0.62 | Real over index: 0.38;6.31;10.42;;;11.36;6.2;3.75;;;;1.3.0
2026-08-23;Poland_Division1;Legnica;Arka;46.95;MEDIA;5;2026-08-21;Poland_Division1;Poland_Division1;;Engine v1.3 | Squadra alta: Arka (2ª), squadra bassa: Legnica (5ª) | GF alta: 2.00/gara | GS bassa: 0.50/gara | Profilo ultime 10: 0.62 | Real over index: 0.38;6.13;16.67;;;4.55;6.17;3.75;;;;1.3.0
2026-08-23;Slovenia_2SNL;Beltinci;Primorje;46.45;MEDIA;3;2026-08-21;Slovenia_2SNL;Slovenia_2SNL;;Engine v1.3 | Squadra alta: Beltinci (7ª), squadra bassa: Primorje (8ª) | GF alta: 1.50/gara | GS bassa: 1.00/gara | Profilo ultime 10: 0.65 | Real over index: 0.50;0.51;12.5;;;9.09;6.52;5.0;;;;1.3.0
2026-08-23;Germany_Regionalliga_West;Lotte;Bochum 2;46.44;MEDIA;4;2026-08-21;Germany_Regionalliga_West;Germany_Regionalliga_West;;Engine v1.3 | Squadra alta: Lotte (13ª), squadra bassa: Bochum 2 (15ª) | GF alta: 0.67/gara | GS bassa: 1.67/gara | Profilo ultime 10: 0.54 | Real over index: 0.50;4.08;5.56;;;15.15;5.43;5.0;;;;1.3.0
2026-08-23;Paraguay_DivisionIntermedia;Sp. Carapegua;Encarnacion FC;46.36;MEDIA;3;2026-08-21;Paraguay_DivisionIntermedia;Paraguay_DivisionIntermedia;;Engine v1.3 | Squadra alta: Sp. Carapegua (10ª), squadra bassa: Encarnacion FC (14ª) | GF alta: 1.00/gara | GS bassa: 1.50/gara | Profilo ultime 10: 0.27 | Real over index: 0.00;16.35;8.33;;;13.64;2.66;0.0;;;;1.3.0
2026-08-23;Russia_FNL;Leningradets;Chelyabinsk;46.14;MEDIA;8;2026-08-21;Russia_FNL;Russia_FNL;;Engine v1.3 | Squadra alta: Chelyabinsk (14ª), squadra bassa: Leningradets (16ª) | GF alta: 1.17/gara | GS bassa: 1.33/gara | Profilo ultime 10: 0.61 | Real over index: 0.58;2.49;9.72;;;12.12;6.05;5.83;;;;1.3.0
2026-08-23;Hungary_NBII;Soroksar;Szentlorinc;45.88;MEDIA;5;2026-08-21;Hungary_NBII;Hungary_NBII;;Engine v1.3 | Squadra alta: Soroksar (1ª), squadra bassa: Szentlorinc (4ª) | GF alta: 2.00/gara | GS bassa: 0.67/gara | Profilo ultime 10: 0.62 | Real over index: 0.42;3.13;16.67;;;6.06;6.17;4.17;;;;1.3.0
2026-08-23;Germany_Oberliga_Westfalen;Ennepetal;Westfalia Kinderhaus;45.74;MEDIA;3;2026-08-21;Germany_Oberliga_Westfalen;Germany_Oberliga_Westfalen;;Engine v1.3 | Squadra alta: Westfalia Kinderhaus (4ª), squadra bassa: Ennepetal (12ª) | GF alta: 1.50/gara | GS bassa: 1.00/gara | Profilo ultime 10: 0.33 | Real over index: 0.00;17.92;12.5;;;9.09;3.31;0.0;;;;1.3.0
2026-08-23;Montenegro_PrvaCrnogorskaLiga;Otrant;Decic;45.18;MEDIA;4;2026-08-21;Montenegro_PrvaCrnogorskaLiga;Montenegro_PrvaCrnogorskaLiga;;Engine v1.3 | Squadra alta: Decic (1ª), squadra bassa: Otrant (4ª) | GF alta: 1.00/gara | GS bassa: 1.00/gara | Profilo ultime 10: 0.53 | Real over index: 0.33;12.1;8.33;;;9.09;5.32;3.33;;;;1.3.0
2026-08-23;Mexico_LigaMX_Apertura;Guadalajara;Tijuana;43.87;BASSA;5;2026-08-21;Mexico_LigaMX_Apertura;Mexico_LigaMX_Apertura;;Engine v1.3 | Squadra alta: Tijuana (2ª), squadra bassa: Guadalajara (9ª) | GF alta: 1.50/gara | GS bassa: 0.75/gara | Profilo ultime 10: 0.47 | Real over index: 0.25;10.32;12.5;;;6.82;4.66;2.5;;;;1.3.0
2026-08-23;Portugal_LigaPortugal2;Chaves;AFS;43.63;BASSA;3;2026-08-21;Portugal_LigaPortugal2;Portugal_LigaPortugal2;;Engine v1.3 | Squadra alta: AFS (13ª), squadra bassa: Chaves (17ª) | GF alta: 0.50/gara | GS bassa: 2.50/gara | Profilo ultime 10: 0.21 | Real over index: 0.25;6.58;4.17;;;20.0;2.08;2.5;;;;1.3.0
2026-08-23;Mexico_LigaExpansionMX_Apertura;Jaiba Brava;Alebrijes Oaxaca;43.56;BASSA;5;2026-08-21;Mexico_LigaExpansionMX_Apertura;Mexico_LigaExpansionMX_Apertura;;Engine v1.3 | Squadra alta: Alebrijes Oaxaca (9ª), squadra bassa: Jaiba Brava (12ª) | GF alta: 0.75/gara | GS bassa: 1.25/gara | Profilo ultime 10: 0.47 | Real over index: 0.38;6.42;6.25;;;11.36;4.67;3.75;;;;1.3.0
2026-08-23;Denmark_Superliga;Aarhus;Odense;43.3;BASSA;5;2026-08-21;Denmark_Superliga;Denmark_Superliga;;Engine v1.3 | Squadra alta: Odense (9ª), squadra bassa: Aarhus (10ª) | GF alta: 0.50/gara | GS bassa: 1.67/gara | Profilo ultime 10: 0.55 | Real over index: 0.46;1.49;4.17;;;15.15;5.52;4.58;;;;1.3.0
2026-08-23;Turkey_1Lig;Sariyer;Batman Petrolspor;42.49;BASSA;3;2026-08-21;Turkey_1Lig;Turkey_1Lig;;Engine v1.3 | Squadra alta: Batman Petrolspor (5ª), squadra bassa: Sariyer (6ª) | GF alta: 2.00/gara | GS bassa: 0.50/gara | Profilo ultime 10: 0.60 | Real over index: 0.25;0.41;16.67;;;4.55;5.98;2.5;;;;1.3.0
2026-08-23;Germany_Oberliga_Hessen;Kassel 2;Fernwald;41.47;BASSA;5;2026-08-21;Germany_Oberliga_Hessen;Germany_Oberliga_Hessen;;Engine v1.3 | Squadra alta: Fernwald (11ª), squadra bassa: Kassel 2 (12ª) | GF alta: 1.25/gara | GS bassa: 1.25/gara | Profilo ultime 10: 0.45 | Real over index: 0.12;2.84;10.42;;;11.36;4.5;1.25;;;;1.3.0
2026-08-23;Germany_Oberliga_Westfalen;Gievenbeck;Erkenschwick;40.66;BASSA;3;2026-08-21;Germany_Oberliga_Westfalen;Germany_Oberliga_Westfalen;;Engine v1.3 | Squadra alta: Gievenbeck (6ª), squadra bassa: Erkenschwick (7ª) | GF alta: 2.00/gara | GS bassa: 0.50/gara | Profilo ultime 10: 0.53 | Real over index: 0.25;0.45;16.67;;;4.55;5.28;2.5;;;;1.3.0
2026-08-23;Romania_Superliga;Sepsi Sf. Gheorghe;Farul Constanta;40.57;BASSA;6;2026-08-21;Romania_Superliga;Romania_Superliga;;Engine v1.3 | Squadra alta: Farul Constanta (7ª), squadra bassa: Sepsi Sf. Gheorghe (9ª) | GF alta: 1.80/gara | GS bassa: 0.40/gara | Profilo ultime 10: 0.48 | Real over index: 0.30;4.84;15.0;;;3.64;4.76;3.0;;;;1.3.0
2026-08-23;Poland_IIILiga_Group1;Suwalki;Swit;40.22;BASSA;5;2026-08-21;Poland_IIILiga_Group1;Poland_IIILiga_Group1;;Engine v1.3 | Squadra alta: Suwalki (5ª), squadra bassa: Swit (8ª) | GF alta: 1.25/gara | GS bassa: 0.75/gara | Profilo ultime 10: 0.59 | Real over index: 0.38;3.6;10.42;;;6.82;5.95;3.75;;;;1.3.0
2026-08-23;Slovenia_PrvaLiga;Maribor;Bravo;39.63;BASSA;6;2026-08-21;Slovenia_PrvaLiga;Slovenia_PrvaLiga;;Engine v1.3 | Squadra alta: Maribor (2ª), squadra bassa: Bravo (3ª) | GF alta: 1.40/gara | GS bassa: 1.00/gara | Profilo ultime 10: 0.51 | Real over index: 0.30;2.76;11.67;;;9.09;5.12;3.0;;;;1.3.0
2026-08-23;Serbia_SuperLiga;Radnik;Novi Pazar;39.38;BASSA;6;2026-08-21;Serbia_SuperLiga;Serbia_SuperLiga;;Engine v1.3 | Squadra alta: Novi Pazar (6ª), squadra bassa: Radnik (9ª) | GF alta: 0.80/gara | GS bassa: 1.00/gara | Profilo ultime 10: 0.49 | Real over index: 0.35;2.97;6.67;;;9.09;4.86;3.5;;;;1.3.0
2026-08-23;Portugal_LigaPortugal;FC Porto;Arouca;35.33;BASSA;3;2026-08-21;Portugal_LigaPortugal;Portugal_LigaPortugal;;Engine v1.3 | Squadra alta: Arouca (1ª), squadra bassa: FC Porto (2ª) | GF alta: 2.50/gara | GS bassa: 0.00/gara | Profilo ultime 10: 0.54 | Real over index: 0.25;0.45;20.0;;;0.0;5.38;2.5;;;;1.3.0
2026-08-23;Peru_Liga1_Clausura;Sport Boys;Cienciano;32.17;BASSA;5;2026-08-21;Peru_Liga1_Clausura;Peru_Liga1_Clausura;;Engine v1.3 | Squadra alta: Sport Boys (9ª), squadra bassa: Cienciano (12ª) | GF alta: 0.75/gara | GS bassa: 1.00/gara | Profilo ultime 10: 0.34 | Real over index: 0.12;3.74;6.25;;;9.09;3.42;1.25;;;;1.3.0
2026-08-23;Peru_Liga2;Cesar Vallejo;Llacuabamba;29.87;BASSA;4;2026-08-21;Peru_Liga2;Peru_Liga2;;Engine v1.3 | Squadra alta: Cesar Vallejo (2ª), squadra bassa: Llacuabamba (3ª) | GF alta: 1.00/gara | GS bassa: 0.00/gara | Profilo ultime 10: 0.47 | Real over index: 0.25;3.73;8.33;;;0.0;4.72;2.5;;;;1.3.0
2026-08-23;Montenegro_PrvaCrnogorskaLiga;Bokelj;Arsenal Tivat;23.12;BASSA;4;2026-08-21;Montenegro_PrvaCrnogorskaLiga;Montenegro_PrvaCrnogorskaLiga;;Engine v1.3 | Squadra alta: Bokelj (2ª), squadra bassa: Arsenal Tivat (8ª) | GF alta: 0.67/gara | GS bassa: 0.00/gara | Profilo ultime 10: 0.11 | Real over index: 0.00;14.67;5.56;;;0.0;1.1;0.0;;;;1.3.0
2026-08-23;Bulgaria_VtoraLiga;Marek;Dobrudzha;20.16;BASSA;3;2026-08-21;Bulgaria_VtoraLiga;Bulgaria_VtoraLiga;;Engine v1.3 | Squadra alta: Marek (16ª), squadra bassa: Dobrudzha (17ª) | GF alta: 0.00/gara | GS bassa: 1.50/gara | Profilo ultime 10: 0.07 | Real over index: 0.00;0.45;0.0;;;13.64;0.69;0.0;;;;1.3.0
