MatchDate;LeagueId;Home;Away;Score;Band;Round;PredictionDate;HomeSourceLeagueId;AwaySourceLeagueId;CompetitionGroup;Reason;RankingGapScore;HomeAttackScore;AwayAttackScore;HomeDefenseWeaknessScore;AwayDefenseWeaknessScore;HomeLast10OverScore;AwayLast10OverScore;HomeVenueOverScore;AwayVenueOverScore;BTTSProfileScore;AlgorithmVersion
2026-09-20;CzechRepublic_4Liga_GroupF;Kravare;Bridlicna;91.57;ALTA;8;2026-09-20;CzechRepublic_4Liga_GroupF;CzechRepublic_4Liga_GroupF;CzechRepublic_4Liga;Engine v1.3 | Squadra alta: Kravare (9ª), squadra bassa: Bridlicna (84ª) | GF alta: 2.83/gara | GS bassa: 2.67/gara | Profilo ultime 10: 0.83 | Real over index: 0.75;22.0;20.0;;;20.0;8.27;7.5;;;;1.3.0
2026-09-20;Netherlands_Eredivisie;Feyenoord;Utrecht;91.02;ALTA;9;2026-09-20;Netherlands_Eredivisie;Netherlands_Eredivisie;;Engine v1.3 | Squadra alta: Feyenoord (3ª), squadra bassa: Utrecht (14ª) | GF alta: 3.33/gara | GS bassa: 3.17/gara | Profilo ultime 10: 0.93 | Real over index: 0.92;19.28;20.0;;;20.0;9.29;9.17;;;;1.3.0
2026-09-20;CzechRepublic_4Liga_GroupE;FK Kozlovice;Brumov;90.51;ALTA;8;2026-09-20;CzechRepublic_4Liga_GroupE;CzechRepublic_4Liga_GroupE;CzechRepublic_4Liga;Engine v1.3 | Squadra alta: FK Kozlovice (4ª), squadra bassa: Brumov (80ª) | GF alta: 2.67/gara | GS bassa: 3.33/gara | Profilo ultime 10: 0.86 | Real over index: 0.75;22.0;20.0;;;20.0;8.62;7.5;;;;1.3.0
2026-09-20;Andorra_PrimeraDivisio;Esperanca;Ordino;90.37;IMM-ALTA-4;3;2026-09-20;Andorra_PrimeraDivisio;Andorra_PrimeraDivisio;;Engine v1.3 | Squadra alta: Ordino (2ª), squadra bassa: Esperanca (7ª) | GF alta: 2.50/gara | GS bassa: 2.00/gara | Profilo ultime 10: 0.96 | Real over index: 1.00;18.58;20.0;;;18.18;9.61;10.0;;;;1.3.0
2026-09-20;Germany_Oberliga_SchleswigHolstein;Kiel 2;Kaltenkirchen;89.97;ALTA;9;2026-09-20;Germany_Oberliga_SchleswigHolstein;Germany_Oberliga_SchleswigHolstein;;Engine v1.3 | Squadra alta: Kiel 2 (1ª), squadra bassa: Kaltenkirchen (12ª) | GF alta: 3.25/gara | GS bassa: 2.25/gara | Profilo ultime 10: 0.91 | Real over index: 0.81;18.76;20.0;;;20.0;9.09;8.12;;;;1.3.0
2026-09-20;Norway_2ndDivision_Group2;Trygg/Lade;Levanger;89.86;ALTA;25;2026-09-20;Norway_2ndDivision_Group2;Norway_2ndDivision_Group2;;Engine v1.3 | Squadra alta: Levanger (3ª), squadra bassa: Trygg/Lade (14ª) | GF alta: 2.63/gara | GS bassa: 2.40/gara | Profilo ultime 10: 0.81 | Real over index: 0.80;20.82;20.0;;;20.0;8.1;8.0;;;;1.3.0
2026-09-20;Germany_Oberliga_RheinlandPfalzSaar;TSV 1881 Gau-Odernheim;Diefflen;89.62;ALTA;12;2026-09-20;Germany_Oberliga_RheinlandPfalzSaar;Germany_Oberliga_RheinlandPfalzSaar;;Engine v1.3 | Squadra alta: TSV 1881 Gau-Odernheim (8ª), squadra bassa: Diefflen (17ª) | GF alta: 2.43/gara | GS bassa: 3.62/gara | Profilo ultime 10: 0.88 | Real over index: 0.87;18.21;20.0;;;20.0;8.75;8.66;;;;1.3.0
2026-09-20;Germany_2Bundesliga;Bielefeld;Heidenheim;88.76;ALTA;7;2026-09-20;Germany_2Bundesliga;Germany_2Bundesliga;;Engine v1.3 | Squadra alta: Heidenheim (3ª), squadra bassa: Bielefeld (14ª) | GF alta: 2.40/gara | GS bassa: 2.00/gara | Profilo ultime 10: 0.93 | Real over index: 0.80;19.28;20.0;;;18.18;9.3;8.0;;;;1.3.0
2026-09-20;CzechRepublic_3CFL_GroupA;Bohemians 1905 B;Plzen B;88.34;ALTA;9;2026-09-20;CzechRepublic_3CFL_GroupA;CzechRepublic_3CFL_GroupA;CzechRepublic_3rdTier;Engine v1.3 | Squadra alta: Plzen B (5ª), squadra bassa: Bohemians 1905 B (27ª) | GF alta: 2.17/gara | GS bassa: 3.00/gara | Profilo ultime 10: 0.79 | Real over index: 0.75;22.0;18.06;;;20.0;7.95;7.5;;;;1.3.0
2026-09-20;CzechRepublic_3CFL_GroupB;Mlada Boleslav B;Liberec B;87.63;ALTA;8;2026-09-20;CzechRepublic_3CFL_GroupB;CzechRepublic_3CFL_GroupB;CzechRepublic_3rdTier;Engine v1.3 | Squadra alta: Mlada Boleslav B (9ª), squadra bassa: Liberec B (26ª) | GF alta: 4.17/gara | GS bassa: 2.20/gara | Profilo ultime 10: 0.88 | Real over index: 0.90;16.99;20.0;;;20.0;8.81;9.0;;;;1.3.0
2026-09-20;Estonia_MeistriliigaWomen;Harju JK Laagri D;Flora D;87.39;ALTA;19;2026-09-20;Estonia_MeistriliigaWomen;Estonia_MeistriliigaWomen;;Engine v1.3 | Squadra alta: Flora D (1ª), squadra bassa: Harju JK Laagri D (5ª) | GF alta: 2.78/gara | GS bassa: 2.61/gara | Profilo ultime 10: 0.87 | Real over index: 0.75;17.28;20.0;;;20.0;8.72;7.5;;;;1.3.0
2026-09-20;Albania_AbissnetSuperiore;Egnatia;Partizani;86.83;IMM-ALTA-7;6;2026-09-20;Albania_AbissnetSuperiore;Albania_AbissnetSuperiore;;Engine v1.3 | Squadra alta: Egnatia (2ª), squadra bassa: Partizani (7ª) | GF alta: 2.25/gara | GS bassa: 2.67/gara | Profilo ultime 10: 0.95 | Real over index: 1.00;16.19;18.75;;;20.0;9.5;10.0;;;;1.3.0
2026-09-20;Norway_OBOSLigaen;Raufoss;Strömsgodset;86.69;ALTA;23;2026-09-20;Norway_OBOSLigaen;Norway_OBOSLigaen;;Engine v1.3 | Squadra alta: Strömsgodset (3ª), squadra bassa: Raufoss (16ª) | GF alta: 2.64/gara | GS bassa: 2.68/gara | Profilo ultime 10: 0.79 | Real over index: 0.70;17.94;20.0;;;20.0;7.86;7.0;;;;1.3.0
2026-09-20;Indonesia_SuperLeague;Dewa United;PSS Sleman;84.93;IMM-ALTA-5;4;2026-09-20;Indonesia_SuperLeague;Indonesia_SuperLeague;;Engine v1.3 | Squadra alta: Dewa United (2ª), squadra bassa: PSS Sleman (16ª) | GF alta: 2.00/gara | GS bassa: 2.50/gara | Profilo ultime 10: 0.81 | Real over index: 0.83;20.64;16.67;;;20.0;8.07;8.33;;;;1.3.0
2026-09-20;Belgium_JupilerProLeague;Anversa;Royale Union SG;84.77;ALTA;10;2026-09-20;Belgium_JupilerProLeague;Belgium_JupilerProLeague;;Engine v1.3 | Squadra alta: Royale Union SG (2ª), squadra bassa: Anversa (11ª) | GF alta: 3.17/gara | GS bassa: 2.17/gara | Profilo ultime 10: 0.87 | Real over index: 0.83;18.38;20.0;;;19.7;8.67;8.33;;;;1.3.0
2026-09-20;Norway_OBOSLigaen;Haugesund;Strømmen;84.77;ALTA;23;2026-09-20;Norway_OBOSLigaen;Norway_OBOSLigaen;;Engine v1.3 | Squadra alta: Haugesund (1ª), squadra bassa: Strømmen (11ª) | GF alta: 3.09/gara | GS bassa: 2.18/gara | Profilo ultime 10: 0.84 | Real over index: 0.70;15.53;20.0;;;19.83;8.4;7.0;;;;1.3.0
2026-09-20;CzechRepublic_4Liga_GroupE;Lanzhot;Batov;84.52;ALTA;8;2026-09-20;CzechRepublic_4Liga_GroupE;CzechRepublic_4Liga_GroupE;CzechRepublic_4Liga;Engine v1.3 | Squadra alta: Lanzhot (44ª), squadra bassa: Batov (92ª) | GF alta: 1.83/gara | GS bassa: 3.00/gara | Profilo ultime 10: 0.80 | Real over index: 0.83;22.0;15.28;;;20.0;8.02;8.33;;;;1.3.0
2026-09-20;Germany_Oberliga_NOFV_Sud;Eilenburg;Einheit Rudolstadt;84.3;IMM-ALTA-8;6;2026-09-20;Germany_Oberliga_NOFV_Sud;Germany_Oberliga_NOFV_Sud;;Engine v1.3 | Squadra alta: Eilenburg (3ª), squadra bassa: Einheit Rudolstadt (13ª) | GF alta: 3.00/gara | GS bassa: 2.25/gara | Profilo ultime 10: 0.72 | Real over index: 0.62;19.43;20.0;;;20.0;7.24;6.25;;;;1.3.0
2026-09-20;Sweden_Division2_SodraSvealand;Syrianska;Sleipner;84.2;ALTA;22;2026-09-20;Sweden_Division2_SodraSvealand;Sweden_Division2_SodraSvealand;;Engine v1.3 | Squadra alta: Sleipner (1ª), squadra bassa: Syrianska (11ª) | GF alta: 2.24/gara | GS bassa: 2.29/gara | Profilo ultime 10: 0.82 | Real over index: 0.70;16.36;18.65;;;20.0;8.19;7.0;;;;1.3.0
2026-09-20;Estonia_Meistriliiga;Narva;Levadia;84.11;ALTA;33;2026-09-20;Estonia_Meistriliiga;Estonia_Meistriliiga;;Engine v1.3 | Squadra alta: Levadia (1ª), squadra bassa: Narva (10ª) | GF alta: 2.96/gara | GS bassa: 2.29/gara | Profilo ultime 10: 0.72 | Real over index: 0.70;22.0;20.0;;;20.0;7.22;7.0;;;;1.3.0
2026-09-20;CzechRepublic_4Liga_GroupF;Sumperk;Bohumin;83.76;ALTA;8;2026-09-20;CzechRepublic_4Liga_GroupF;CzechRepublic_4Liga_GroupF;CzechRepublic_4Liga;Engine v1.3 | Squadra alta: Bohumin (1ª), squadra bassa: Sumperk (56ª) | GF alta: 4.00/gara | GS bassa: 1.50/gara | Profilo ultime 10: 0.82 | Real over index: 0.75;22.0;20.0;;;13.64;8.23;7.5;;;;1.3.0
2026-09-20;CzechRepublic_4Liga_GroupE;Vsechovice;Sternberk;83.75;ALTA;8;2026-09-20;CzechRepublic_4Liga_GroupE;CzechRepublic_4Liga_GroupE;CzechRepublic_4Liga;Engine v1.3 | Squadra alta: Vsechovice (6ª), squadra bassa: Sternberk (51ª) | GF alta: 3.33/gara | GS bassa: 1.50/gara | Profilo ultime 10: 0.82 | Real over index: 0.67;22.0;20.0;;;13.64;8.17;6.67;;;;1.3.0
2026-09-20;Germany_Regionalliga_Nordost;Greifswald;Luckenwalde;83.73;ALTA;12;2026-09-20;Germany_Regionalliga_Nordost;Germany_Regionalliga_Nordost;;Engine v1.3 | Squadra alta: Greifswald (5ª), squadra bassa: Luckenwalde (18ª) | GF alta: 2.22/gara | GS bassa: 2.33/gara | Profilo ultime 10: 0.75 | Real over index: 0.78;19.66;18.52;;;20.0;7.53;7.78;;;;1.3.0
2026-09-20;Germany_Oberliga_Niedersachsen;Drochtersen/Assel 2;BSV Rehden;83.5;ALTA;8;2026-09-20;Germany_Oberliga_Niedersachsen;Germany_Oberliga_Niedersachsen;;Engine v1.3 | Squadra alta: BSV Rehden (2ª), squadra bassa: Drochtersen/Assel 2 (14ª) | GF alta: 2.33/gara | GS bassa: 2.17/gara | Profilo ultime 10: 0.76 | Real over index: 0.67;19.74;19.44;;;19.7;7.56;6.67;;;;1.3.0
2026-09-20;Finland_Kolmonen_Southern_Group2;VJS 2;Kontu;83.5;ALTA;23;2026-09-20;Finland_Kolmonen_Southern_Group2;Finland_Kolmonen_Southern_Group2;;Engine v1.3 | Squadra alta: VJS 2 (6ª), squadra bassa: Kontu (11ª) | GF alta: 3.22/gara | GS bassa: 2.53/gara | Profilo ultime 10: 0.97 | Real over index: 0.95;10.27;20.0;;;20.0;9.73;9.5;;;;1.3.0
2026-09-20;Germany_Oberliga_Hamburg;Paloma;Teutonia Ottensen;83.39;ALTA;9;2026-09-20;Germany_Oberliga_Hamburg;Germany_Oberliga_Hamburg;;Engine v1.3 | Squadra alta: Paloma (3ª), squadra bassa: Teutonia Ottensen (13ª) | GF alta: 3.00/gara | GS bassa: 1.83/gara | Profilo ultime 10: 0.92 | Real over index: 0.83;15.2;20.0;;;16.67;9.19;8.33;;;;1.3.0
2026-09-20;Germany_Oberliga_Westfalen;Schermbeck 2020;Vreden;83.11;ALTA;7;2026-09-20;Germany_Oberliga_Westfalen;Germany_Oberliga_Westfalen;;Engine v1.3 | Squadra alta: Vreden (7ª), squadra bassa: Schermbeck 2020 (18ª) | GF alta: 2.67/gara | GS bassa: 2.40/gara | Profilo ultime 10: 0.73 | Real over index: 0.63;18.96;20.0;;;20.0;7.31;6.33;;;;1.3.0
2026-09-20;Germany_Oberliga_Westfalen;Eintracht Rheine;SpVgg Herne Horsthausen;82.77;ALTA;7;2026-09-20;Germany_Oberliga_Westfalen;Germany_Oberliga_Westfalen;;Engine v1.3 | Squadra alta: Eintracht Rheine (4ª), squadra bassa: SpVgg Herne Horsthausen (15ª) | GF alta: 2.33/gara | GS bassa: 2.17/gara | Profilo ultime 10: 0.84 | Real over index: 0.67;14.52;19.44;;;19.7;8.44;6.67;;;;1.3.0
2026-09-20;Bosnia_PrvaLiga_FBiH;Stupcanica;Banovici;82.69;ALTA;7;2026-09-20;Bosnia_PrvaLiga_FBiH;Bosnia_PrvaLiga_FBiH;double round robin inferred from league size.;Engine v1.3 | Squadra alta: Stupcanica (3ª), squadra bassa: Banovici (9ª) | GF alta: 2.80/gara | GS bassa: 2.20/gara | Profilo ultime 10: 0.80 | Real over index: 0.80;16.43;20.0;;;20.0;8.04;8.0;;;;1.3.0
2026-09-20;CzechRepublic_4Liga_GroupC;Chlumec nad Cidlinou;Letohrad;82.56;ALTA;7;2026-09-20;CzechRepublic_4Liga_GroupC;CzechRepublic_4Liga_GroupC;CzechRepublic_4Liga;Engine v1.3 | Squadra alta: Chlumec nad Cidlinou (63ª), squadra bassa: Letohrad (93ª) | GF alta: 1.33/gara | GS bassa: 3.83/gara | Profilo ultime 10: 0.81 | Real over index: 0.75;22.0;11.11;;;20.0;8.14;7.5;;;;1.3.0
2026-09-20;Norway_OBOSLigaen;Stabaek;Sogndal;81.68;ALTA;23;2026-09-20;Norway_OBOSLigaen;Norway_OBOSLigaen;;Engine v1.3 | Squadra alta: Stabaek (4ª), squadra bassa: Sogndal (13ª) | GF alta: 2.50/gara | GS bassa: 2.32/gara | Profilo ultime 10: 0.85 | Real over index: 0.65;12.85;20.0;;;20.0;8.47;6.5;;;;1.3.0
2026-09-20;Germany_Oberliga_Westfalen;Maaslingen;Sprockhovel;81.52;ALTA;7;2026-09-20;Germany_Oberliga_Westfalen;Germany_Oberliga_Westfalen;;Engine v1.3 | Squadra alta: Maaslingen (2ª), squadra bassa: Sprockhovel (8ª) | GF alta: 2.33/gara | GS bassa: 2.33/gara | Profilo ultime 10: 0.91 | Real over index: 0.83;10.66;19.44;;;20.0;9.08;8.33;;;;1.3.0
2026-09-20;Austria_Regionalliga_West;Altach U21;Schwaz;81.34;ALTA;9;2026-09-20;Austria_Regionalliga_West;Austria_Regionalliga_West;;Engine v1.3 | Squadra alta: Schwaz (4ª), squadra bassa: Altach U21 (13ª) | GF alta: 2.00/gara | GS bassa: 2.14/gara | Profilo ultime 10: 0.92 | Real over index: 0.79;14.15;16.67;;;19.48;9.18;7.86;;;;1.3.0
2026-09-20;Austria_WomensBundesliga;SCR Altach D;First Vienna D;81.2;IMM-ALTA-5;4;2026-09-20;Austria_WomensBundesliga;Austria_WomensBundesliga;18-round regular season followed by Meister/Qualifikation phase;Engine v1.3 | Squadra alta: SCR Altach D (1ª), squadra bassa: First Vienna D (8ª) | GF alta: 2.00/gara | GS bassa: 2.50/gara | Profilo ultime 10: 0.72 | Real over index: 0.58;20.29;16.67;;;20.0;7.2;5.83;;;;1.3.0
2026-09-20;Moldova_SuperLiga;S. Tiraspol;Balti;81.17;ALTA;13;2026-09-20;Moldova_SuperLiga;Moldova_SuperLiga;;Engine v1.3 | Squadra alta: S. Tiraspol (2ª), squadra bassa: Balti (8ª) | GF alta: 2.08/gara | GS bassa: 2.92/gara | Profilo ultime 10: 0.70 | Real over index: 0.70;20.9;17.36;;;20.0;7.04;7.0;;;;1.3.0
2026-09-20;Sweden_Division2_SodraSvealand;Eker Orebro;Haninge;80.82;ALTA;22;2026-09-20;Sweden_Division2_SodraSvealand;Sweden_Division2_SodraSvealand;;Engine v1.3 | Squadra alta: Haninge (5ª), squadra bassa: Eker Orebro (12ª) | GF alta: 2.33/gara | GS bassa: 2.71/gara | Profilo ultime 10: 0.76 | Real over index: 0.75;12.32;19.44;;;20.0;7.56;7.5;;;;1.3.0
2026-09-20;Netherlands_EredivisieWomen;Den Haag D;Heerenveen D;80.29;IMM-ALTA-8;5;2026-09-20;Netherlands_EredivisieWomen;Netherlands_EredivisieWomen;;Engine v1.3 | Squadra alta: Den Haag D (5ª), squadra bassa: Heerenveen D (8ª) | GF alta: 2.25/gara | GS bassa: 2.25/gara | Profilo ultime 10: 0.91 | Real over index: 0.88;9.72;18.75;;;20.0;9.07;8.75;;;;1.3.0
2026-09-20;Andorra_PrimeraDivisio;Casa de Portugal;Atletic Escaldes;80.04;IMM-ALTA-4;3;2026-09-20;Andorra_PrimeraDivisio;Andorra_PrimeraDivisio;;Engine v1.3 | Squadra alta: Atletic Escaldes (3ª), squadra bassa: Casa de Portugal (6ª) | GF alta: 2.50/gara | GS bassa: 2.00/gara | Profilo ultime 10: 0.76 | Real over index: 0.50;16.87;20.0;;;18.18;7.61;5.0;;;;1.3.0
2026-09-20;Austria_Wien;Floridsdorfer AC (Am);Dinamo Helfort;79.87;IMM-ALTA-7;6;2026-09-20;Austria_Wien;Austria_Wien;;Engine v1.3 | Squadra alta: Floridsdorfer AC (Am) (4ª), squadra bassa: Dinamo Helfort (12ª) | GF alta: 2.00/gara | GS bassa: 2.00/gara | Profilo ultime 10: 0.78 | Real over index: 0.71;17.61;16.67;;;18.18;7.76;7.08;;;;1.3.0
2026-09-20;CzechRepublic_1Liga;Slavia Praga;Plzen;78.98;ALTA;11;2026-09-20;CzechRepublic_1Liga;CzechRepublic_1Liga;;Engine v1.3 | Squadra alta: Slavia Praga (1ª), squadra bassa: Plzen (10ª) | GF alta: 2.88/gara | GS bassa: 1.88/gara | Profilo ultime 10: 0.82 | Real over index: 0.69;16.54;20.0;;;17.05;8.16;6.88;;;;1.3.0
2026-09-20;Netherlands_Eredivisie;Alkmaar;Telstar;78.91;ALTA;9;2026-09-20;Netherlands_Eredivisie;Netherlands_Eredivisie;;Engine v1.3 | Squadra alta: Alkmaar (2ª), squadra bassa: Telstar (13ª) | GF alta: 2.83/gara | GS bassa: 1.83/gara | Profilo ultime 10: 0.69 | Real over index: 0.58;19.28;20.0;;;16.67;6.88;5.83;;;;1.3.0
2026-09-20;CzechRepublic_3MSFL;Brno B;Hodonin;78.85;ALTA;10;2026-09-20;CzechRepublic_3MSFL;CzechRepublic_3MSFL;;Engine v1.3 | Squadra alta: Brno B (2ª), squadra bassa: Hodonin (15ª) | GF alta: 2.75/gara | GS bassa: 1.50/gara | Profilo ultime 10: 0.73 | Real over index: 0.62;19.57;20.0;;;13.64;7.29;6.25;;;;1.3.0
2026-09-20;Poland_Division2;Slask 2;Hutnik Krakow;78.8;ALTA;10;2026-09-20;Poland_Division2;Poland_Division2;;Engine v1.3 | Squadra alta: Hutnik Krakow (6ª), squadra bassa: Slask 2 (16ª) | GF alta: 2.00/gara | GS bassa: 2.12/gara | Profilo ultime 10: 0.82 | Real over index: 0.62;15.25;16.67;;;19.32;8.25;6.25;;;;1.3.0
2026-09-20;Germany_Oberliga_RheinlandPfalzSaar;Hertha Wiesbach;Worms;78.71;ALTA;12;2026-09-20;Germany_Oberliga_RheinlandPfalzSaar;Germany_Oberliga_RheinlandPfalzSaar;;Engine v1.3 | Squadra alta: Worms (9ª), squadra bassa: Hertha Wiesbach (14ª) | GF alta: 2.75/gara | GS bassa: 2.38/gara | Profilo ultime 10: 0.90 | Real over index: 0.75;8.22;20.0;;;20.0;8.98;7.5;;;;1.3.0
2026-09-20;Serbia_PrvaLiga;Teleoptik;Borac 1926;78.51;ALTA;10;2026-09-20;Serbia_PrvaLiga;Serbia_PrvaLiga;;Engine v1.3 | Squadra alta: Borac 1926 (1ª), squadra bassa: Teleoptik (16ª) | GF alta: 1.78/gara | GS bassa: 1.89/gara | Profilo ultime 10: 0.71 | Real over index: 0.50;22.0;14.81;;;17.17;7.06;5.0;;;;1.3.0
2026-09-20;Slovakia_3Liga_West;Belusa;Myjava;78.5;ALTA;8;2026-09-20;Slovakia_3Liga_West;Slovakia_3Liga_West;;Engine v1.3 | Squadra alta: Belusa (2ª), squadra bassa: Myjava (9ª) | GF alta: 2.83/gara | GS bassa: 1.83/gara | Profilo ultime 10: 0.88 | Real over index: 0.75;11.54;20.0;;;16.67;8.79;7.5;;;;1.3.0
2026-09-20;Hungary_NBI;Ujpest;Zalaegerszeg;78.39;ALTA;10;2026-09-20;Hungary_NBI;Hungary_NBI;;Engine v1.3 | Squadra alta: Ujpest (2ª), squadra bassa: Zalaegerszeg (12ª) | GF alta: 2.25/gara | GS bassa: 2.00/gara | Profilo ultime 10: 0.73 | Real over index: 0.62;16.53;18.75;;;18.18;7.3;6.25;;;;1.3.0
2026-09-20;Iceland_BestaDeildKarla;Keflavik;Fram;78.35;ALTA;29;2026-09-20;Iceland_BestaDeildKarla;Iceland_BestaDeildKarla;;Engine v1.3 | Squadra alta: Fram (3ª), squadra bassa: Keflavik (8ª) | GF alta: 2.48/gara | GS bassa: 1.83/gara | Profilo ultime 10: 0.92 | Real over index: 0.80;10.55;20.0;;;16.6;9.2;8.0;;;;1.3.0
2026-09-20;CzechRepublic_4Liga_GroupA;Domazlice B;Doubravka;77.59;IMM-ALTA-9;8;2026-09-20;CzechRepublic_4Liga_GroupA;CzechRepublic_4Liga_GroupA;CzechRepublic_4Liga;Engine v1.3 | Squadra alta: Doubravka (60ª), squadra bassa: Domazlice B (83ª) | GF alta: 1.60/gara | GS bassa: 1.75/gara | Profilo ultime 10: 0.86 | Real over index: 0.78;18.0;13.33;;;15.91;8.6;7.75;;;;1.3.0
2026-09-20;Switzerland_SuperLeague;Lausanne;Lugano;77.36;ALTA;10;2026-09-20;Switzerland_SuperLeague;Switzerland_SuperLeague;;Engine v1.3 | Squadra alta: Lugano (1ª), squadra bassa: Lausanne (12ª) | GF alta: 2.88/gara | GS bassa: 1.38/gara | Profilo ultime 10: 0.68 | Real over index: 0.62;22.0;20.0;;;12.5;6.79;6.25;;;;1.3.0
2026-09-20;Germany_3Liga;Wehen;Duisburg;77.13;ALTA;8;2026-09-20;Germany_3Liga;Germany_3Liga;;Engine v1.3 | Squadra alta: Duisburg (2ª), squadra bassa: Wehen (18ª) | GF alta: 2.50/gara | GS bassa: 1.50/gara | Profilo ultime 10: 0.68 | Real over index: 0.67;20.78;20.0;;;13.64;6.77;6.67;;;;1.3.0
2026-09-20;Norway_Eliteserien;Brann;Bodo/Glimt;77.06;ALTA;30;2026-09-20;Norway_Eliteserien;Norway_Eliteserien;;Engine v1.3 | Squadra alta: Bodo/Glimt (1ª), squadra bassa: Brann (8ª) | GF alta: 2.60/gara | GS bassa: 1.55/gara | Profilo ultime 10: 0.84 | Real over index: 0.80;15.03;20.0;;;14.09;8.36;8.0;;;;1.3.0
2026-09-20;Peru_Liga1_Clausura;Huancayo;Cajamarca;77.04;ALTA;11;2026-09-20;Peru_Liga1_Clausura;Peru_Liga1_Clausura;;Engine v1.3 | Squadra alta: Huancayo (9ª), squadra bassa: Cajamarca (18ª) | GF alta: 1.38/gara | GS bassa: 2.62/gara | Profilo ultime 10: 0.74 | Real over index: 0.62;18.38;11.46;;;20.0;7.39;6.25;;;;1.3.0
2026-09-20;Germany_Oberliga_NOFV_Sud;Halle;Weissenfels;76.91;IMM-ALTA-8;6;2026-09-20;Germany_Oberliga_NOFV_Sud;Germany_Oberliga_NOFV_Sud;;Engine v1.3 | Squadra alta: Halle (4ª), squadra bassa: Weissenfels (8ª) | GF alta: 2.50/gara | GS bassa: 1.75/gara | Profilo ultime 10: 0.90 | Real over index: 0.88;9.2;20.0;;;15.91;9.05;8.75;;;;1.3.0
2026-09-20;Norway_3rdDivision_Group2;Molde 2;Melhus;76.46;ALTA;23;2026-09-20;Norway_3rdDivision_Group2;Norway_3rdDivision_Group2;;Engine v1.3 | Squadra alta: Melhus (3ª), squadra bassa: Molde 2 (6ª) | GF alta: 2.45/gara | GS bassa: 3.00/gara | Profilo ultime 10: 0.91 | Real over index: 0.80;5.41;20.0;;;20.0;9.05;8.0;;;;1.3.0
2026-09-20;Belarus_PershayaLiga;BATE 2;Soligorsk;75.74;ALTA;28;2026-09-20;Belarus_PershayaLiga;Belarus_PershayaLiga;;Engine v1.3 | Squadra alta: Soligorsk (10ª), squadra bassa: BATE 2 (17ª) | GF alta: 1.92/gara | GS bassa: 2.29/gara | Profilo ultime 10: 0.93 | Real over index: 0.85;7.94;15.97;;;20.0;9.33;8.5;;;;1.3.0
2026-09-20;Denmark_Superliga;Brondby;FC Copenhagen;75.64;ALTA;11;2026-09-20;Denmark_Superliga;Denmark_Superliga;;Engine v1.3 | Squadra alta: FC Copenhagen (1ª), squadra bassa: Brondby (5ª) | GF alta: 2.75/gara | GS bassa: 1.75/gara | Profilo ultime 10: 0.81 | Real over index: 0.69;12.33;20.0;;;15.91;8.14;6.88;;;;1.3.0
2026-09-20;Norway_OBOSLigaen;Kongsvinger;Hodd;75.58;ALTA;23;2026-09-20;Norway_OBOSLigaen;Norway_OBOSLigaen;;Engine v1.3 | Squadra alta: Kongsvinger (2ª), squadra bassa: Hodd (5ª) | GF alta: 2.86/gara | GS bassa: 1.82/gara | Profilo ultime 10: 0.94 | Real over index: 0.85;7.17;20.0;;;16.53;9.38;8.5;;;;1.3.0
2026-09-20;CzechRepublic_4Liga_GroupB;Hostoun;Velvary;75.5;ALTA;8;2026-09-20;CzechRepublic_4Liga_GroupB;CzechRepublic_4Liga_GroupB;CzechRepublic_4Liga;Engine v1.3 | Squadra alta: Hostoun (5ª), squadra bassa: Velvary (20ª) | GF alta: 3.33/gara | GS bassa: 1.67/gara | Profilo ultime 10: 0.88 | Real over index: 0.83;10.88;20.0;;;15.15;8.75;8.33;;;;1.3.0
2026-09-20;Turkey_1Lig;Manisa FK;Istanbulspor;75.31;ALTA;9;2026-09-20;Turkey_1Lig;Turkey_1Lig;;Engine v1.3 | Squadra alta: Manisa FK (10ª), squadra bassa: Istanbulspor (19ª) | GF alta: 1.71/gara | GS bassa: 2.71/gara | Profilo ultime 10: 0.80 | Real over index: 0.79;13.18;14.29;;;20.0;7.99;7.86;;;;1.3.0
2026-09-20;Austria_Bundesliga;Hartberg;LASK;75.12;ALTA;9;2026-09-20;Austria_Bundesliga;Austria_Bundesliga;;Engine v1.3 | Squadra alta: LASK (2ª), squadra bassa: Hartberg (6ª) | GF alta: 2.67/gara | GS bassa: 1.67/gara | Profilo ultime 10: 0.74 | Real over index: 0.67;15.51;20.0;;;15.15;7.39;6.67;;;;1.3.0
2026-09-20;Germany_Oberliga_Westfalen;Ennepetal;Verl 2;75.05;ALTA;7;2026-09-20;Germany_Oberliga_Westfalen;Germany_Oberliga_Westfalen;;Engine v1.3 | Squadra alta: Verl 2 (6ª), squadra bassa: Ennepetal (16ª) | GF alta: 1.67/gara | GS bassa: 2.17/gara | Profilo ultime 10: 0.78 | Real over index: 0.58;14.06;13.89;;;19.7;7.77;5.83;;;;1.3.0
2026-09-20;Norway_3rdDivision_Group1;Gamle Oslo;Asker;74.97;MEDIA-ALTA;24;2026-09-20;Norway_3rdDivision_Group1;Norway_3rdDivision_Group1;;Engine v1.3 | Squadra alta: Asker (1ª), squadra bassa: Gamle Oslo (2ª) | GF alta: 3.78/gara | GS bassa: 1.85/gara | Profilo ultime 10: 0.91 | Real over index: 0.90;6.05;20.0;;;16.82;9.1;9.0;;;;1.3.0
2026-09-20;Austria_Steiermark;Koflach;Leoben;74.77;MEDIA-ALTA;6;2026-09-20;Austria_Steiermark;Austria_Steiermark;16 clubs, double round robin.;Engine v1.3 | Squadra alta: Koflach (7ª), squadra bassa: Leoben (17ª) | GF alta: 1.67/gara | GS bassa: 4.33/gara | Profilo ultime 10: 0.72 | Real over index: 0.67;19.43;13.89;;;20.0;7.16;6.67;;;;1.3.0
2026-09-20;Netherlands_Eredivisie;Nijmegen;G.A. Eagles;74.69;MEDIA-ALTA;9;2026-09-20;Netherlands_Eredivisie;Netherlands_Eredivisie;;Engine v1.3 | Squadra alta: G.A. Eagles (9ª), squadra bassa: Nijmegen (10ª) | GF alta: 2.50/gara | GS bassa: 2.00/gara | Profilo ultime 10: 0.97 | Real over index: 0.92;3.63;20.0;;;18.18;9.71;9.17;;;;1.3.0
2026-09-20;England_PremierLeague;Fulham;Manchester Utd;74.59;MEDIA-ALTA;6;2026-09-20;England_PremierLeague;England_PremierLeague;;Engine v1.3 | Squadra alta: Manchester Utd (11ª), squadra bassa: Fulham (18ª) | GF alta: 2.33/gara | GS bassa: 1.75/gara | Profilo ultime 10: 0.74 | Real over index: 0.58;13.16;19.44;;;15.91;7.41;5.83;;;;1.3.0
2026-09-20;Austria_Tirol;Telfs;FC Natters;74.38;MEDIA-ALTA;10;2026-09-20;Austria_Tirol;Austria_Tirol;;Engine v1.3 | Squadra alta: Telfs (3ª), squadra bassa: FC Natters (14ª) | GF alta: 1.71/gara | GS bassa: 2.71/gara | Profilo ultime 10: 0.80 | Real over index: 0.57;13.99;14.29;;;20.0;8.0;5.71;;;;1.3.0
2026-09-20;Germany_Oberliga_BadenWurttemberg;1. FC Muhlhausen;Neckarsulm;74.25;MEDIA-ALTA;11;2026-09-20;Germany_Oberliga_BadenWurttemberg;Germany_Oberliga_BadenWurttemberg;;Engine v1.3 | Squadra alta: 1. FC Muhlhausen (6ª), squadra bassa: Neckarsulm (11ª) | GF alta: 2.71/gara | GS bassa: 1.71/gara | Profilo ultime 10: 0.87 | Real over index: 0.86;7.71;20.0;;;15.58;8.71;8.57;;;;1.3.0
2026-09-20;CzechRepublic_4Liga_GroupD;Velka Bites;Velke Mezirici;74.25;MEDIA-ALTA;7;2026-09-20;CzechRepublic_4Liga_GroupD;CzechRepublic_4Liga_GroupD;CzechRepublic_4Liga;Engine v1.3 | Squadra alta: Velka Bites (29ª), squadra bassa: Velke Mezirici (71ª) | GF alta: 1.00/gara | GS bassa: 2.33/gara | Profilo ultime 10: 0.65 | Real over index: 0.50;22.0;8.33;;;20.0;6.53;5.0;;;;1.3.0
2026-09-20;Lithuania_Toplyga;FA Siauliai;Kauno Zalgiris;74.15;MEDIA-ALTA;38;2026-09-20;Lithuania_Toplyga;Lithuania_Toplyga;;Engine v1.3 | Squadra alta: Kauno Zalgiris (2ª), squadra bassa: FA Siauliai (9ª) | GF alta: 2.11/gara | GS bassa: 2.04/gara | Profilo ultime 10: 0.63 | Real over index: 0.55;16.64;17.56;;;18.52;6.27;5.5;;;;1.3.0
2026-09-20;Germany_Bundesliga;Leverkusen;RB Lipsia;74.13;MEDIA-ALTA;5;2026-09-20;Germany_Bundesliga;Germany_Bundesliga;;Engine v1.3 | Squadra alta: RB Lipsia (5ª), squadra bassa: Leverkusen (7ª) | GF alta: 3.00/gara | GS bassa: 1.67/gara | Profilo ultime 10: 0.93 | Real over index: 1.00;7.26;20.0;;;15.15;9.33;10.0;;;;1.3.0
2026-09-20;Norway_3rdDivision_Group5;Lillestrom 2;Fauske Sprint;74.04;MEDIA-ALTA;22;2026-09-20;Norway_3rdDivision_Group5;Norway_3rdDivision_Group5;;Engine v1.3 | Squadra alta: Fauske Sprint (7ª), squadra bassa: Lillestrom 2 (8ª) | GF alta: 2.84/gara | GS bassa: 2.16/gara | Profilo ultime 10: 0.98 | Real over index: 0.95;1.09;20.0;;;19.62;9.83;9.5;;;;1.3.0
2026-09-20;Latvia_NakotnesLiga;JFK Ventspils;Skanste;73.9;MEDIA-ALTA;22;2026-09-20;Latvia_NakotnesLiga;Latvia_NakotnesLiga;;Engine v1.3 | Squadra alta: Skanste (8ª), squadra bassa: JFK Ventspils (12ª) | GF alta: 2.15/gara | GS bassa: 2.11/gara | Profilo ultime 10: 0.80 | Real over index: 0.70;8.74;17.92;;;19.14;7.97;7.0;;;;1.3.0
2026-09-20;Italy_SerieC_GironeB;Gubbio;Ostiamare;73.84;MEDIA-ALTA;6;2026-09-20;Italy_SerieC_GironeB;Italy_SerieC_GironeB;;Engine v1.3 | Squadra alta: Gubbio (9ª), squadra bassa: Ostiamare (15ª) | GF alta: 2.25/gara | GS bassa: 1.60/gara | Profilo ultime 10: 0.76 | Real over index: 0.68;13.39;18.75;;;14.55;7.57;6.75;;;;1.3.0
2026-09-20;CzechRepublic_4Liga_GroupC;Police nad Metuji;Turnov;73.78;MEDIA-ALTA;7;2026-09-20;CzechRepublic_4Liga_GroupC;CzechRepublic_4Liga_GroupC;CzechRepublic_4Liga;Engine v1.3 | Squadra alta: Turnov (52ª), squadra bassa: Police nad Metuji (69ª) | GF alta: 2.00/gara | GS bassa: 2.00/gara | Profilo ultime 10: 0.81 | Real over index: 0.67;10.32;16.67;;;18.18;8.14;6.67;;;;1.3.0
2026-09-20;England_PremierLeague;Leeds;Crystal Palace;73.65;MEDIA-ALTA;6;2026-09-20;England_PremierLeague;England_PremierLeague;;Engine v1.3 | Squadra alta: Leeds (7ª), squadra bassa: Crystal Palace (15ª) | GF alta: 2.00/gara | GS bassa: 3.00/gara | Profilo ultime 10: 0.83 | Real over index: 0.67;9.6;16.67;;;20.0;8.33;6.67;;;;1.3.0
2026-09-20;Sweden_Division2_NorraSvealand;IK Franke;Sunnersta AIF;73.65;MEDIA-ALTA;23;2026-09-20;Sweden_Division2_NorraSvealand;Sweden_Division2_NorraSvealand;;Engine v1.3 | Squadra alta: Sunnersta AIF (2ª), squadra bassa: IK Franke (9ª) | GF alta: 2.32/gara | GS bassa: 1.76/gara | Profilo ultime 10: 0.76 | Real over index: 0.65;12.3;19.32;;;16.02;7.62;6.5;;;;1.3.0
2026-09-20;England_Championship;Norwich;Bolton;73.34;MEDIA-ALTA;10;2026-09-20;England_Championship;England_Championship;;Engine v1.3 | Squadra alta: Norwich (10ª), squadra bassa: Bolton (18ª) | GF alta: 2.17/gara | GS bassa: 2.00/gara | Profilo ultime 10: 0.83 | Real over index: 0.75;7.44;18.06;;;18.18;8.35;7.5;;;;1.3.0
2026-09-20;Slovakia_3Liga_West;Dun. Streda B;Sala;73.23;MEDIA-ALTA;8;2026-09-20;Slovakia_3Liga_West;Slovakia_3Liga_West;;Engine v1.3 | Squadra alta: Dun. Streda B (12ª), squadra bassa: Sala (16ª) | GF alta: 2.17/gara | GS bassa: 2.17/gara | Profilo ultime 10: 0.88 | Real over index: 0.75;5.23;18.06;;;19.7;8.75;7.5;;;;1.3.0
2026-09-20;Germany_Oberliga_Bremen;Schwachhausen;BTS Neustadt;72.99;MEDIA-ALTA;8;2026-09-20;Germany_Oberliga_Bremen;Germany_Oberliga_Bremen;;Engine v1.3 | Squadra alta: Schwachhausen (8ª), squadra bassa: BTS Neustadt (15ª) | GF alta: 1.33/gara | GS bassa: 3.17/gara | Profilo ultime 10: 0.81 | Real over index: 0.67;13.13;11.11;;;20.0;8.08;6.67;;;;1.3.0
2026-09-20;Estonia_Meistriliiga;Flora;Parnu JK Vaprus;72.92;MEDIA-ALTA;33;2026-09-20;Estonia_Meistriliiga;Estonia_Meistriliiga;;Engine v1.3 | Squadra alta: Flora (2ª), squadra bassa: Parnu JK Vaprus (6ª) | GF alta: 2.00/gara | GS bassa: 1.87/gara | Profilo ultime 10: 0.86 | Real over index: 0.80;8.65;16.67;;;16.97;8.64;8.0;;;;1.3.0
2026-09-20;CzechRepublic_3CFL_GroupB;Teplice B;Chrudim;72.7;MEDIA-ALTA;8;2026-09-20;CzechRepublic_3CFL_GroupB;CzechRepublic_3CFL_GroupB;CzechRepublic_3rdTier;Engine v1.3 | Squadra alta: Teplice B (11ª), squadra bassa: Chrudim (21ª) | GF alta: 1.83/gara | GS bassa: 2.00/gara | Profilo ultime 10: 0.79 | Real over index: 0.58;11.49;15.28;;;18.18;7.92;5.83;;;;1.3.0
2026-09-20;Turkey_SuperLig;Goztepe;Rizespor;72.64;MEDIA-ALTA;7;2026-09-20;Turkey_SuperLig;Turkey_SuperLig;;Engine v1.3 | Squadra alta: Rizespor (4ª), squadra bassa: Goztepe (17ª) | GF alta: 1.25/gara | GS bassa: 2.60/gara | Profilo ultime 10: 0.71 | Real over index: 0.53;20.19;10.42;;;20.0;7.1;5.25;;;;1.3.0
2026-09-20;Netherlands_EersteDivisie;De Graafschap;Breda;72.61;MEDIA-ALTA;10;2026-09-20;Netherlands_EersteDivisie;Netherlands_EersteDivisie;;Engine v1.3 | Squadra alta: Breda (15ª), squadra bassa: De Graafschap (19ª) | GF alta: 1.83/gara | GS bassa: 3.00/gara | Profilo ultime 10: 0.88 | Real over index: 0.83;6.39;15.28;;;20.0;8.81;8.33;;;;1.3.0
2026-09-20;Sweden_Division1_Norra;Karlbergs;Stockholm Internazionale;72.43;MEDIA-ALTA;25;2026-09-20;Sweden_Division1_Norra;Sweden_Division1_Norra;;Engine v1.3 | Squadra alta: Stockholm Internazionale (1ª), squadra bassa: Karlbergs (9ª) | GF alta: 2.41/gara | GS bassa: 1.64/gara | Profilo ultime 10: 0.71 | Real over index: 0.60;12.77;20.0;;;14.88;7.13;6.0;;;;1.3.0
2026-09-20;Norway_Eliteserien;Tromsø;HamKam;72.42;MEDIA-ALTA;30;2026-09-20;Norway_Eliteserien;Norway_Eliteserien;;Engine v1.3 | Squadra alta: Tromsø (4ª), squadra bassa: HamKam (11ª) | GF alta: 1.85/gara | GS bassa: 2.05/gara | Profilo ultime 10: 0.81 | Real over index: 0.70;9.31;15.42;;;18.64;8.06;7.0;;;;1.3.0
2026-09-20;Germany_Oberliga_Bremen;Grohn;Bremen III;72.41;MEDIA-ALTA;8;2026-09-20;Germany_Oberliga_Bremen;Germany_Oberliga_Bremen;;Engine v1.3 | Squadra alta: Grohn (11ª), squadra bassa: Bremen III (14ª) | GF alta: 1.67/gara | GS bassa: 3.50/gara | Profilo ultime 10: 0.91 | Real over index: 0.75;7.9;13.89;;;20.0;9.12;7.5;;;;1.3.0
2026-09-20;Indonesia_SuperLeague;Borneo;Bali United;72.22;MEDIA-ALTA;4;2026-09-20;Indonesia_SuperLeague;Indonesia_SuperLeague;;Engine v1.3 | Squadra alta: Bali United (3ª), squadra bassa: Borneo (10ª) | GF alta: 3.00/gara | GS bassa: 1.33/gara | Profilo ultime 10: 0.67 | Real over index: 0.67;17.47;20.0;;;12.12;6.69;6.67;;;;1.3.0
2026-09-20;Switzerland_SuperLeague;Basilea;St. Gallen;72.14;MEDIA-ALTA;10;2026-09-20;Switzerland_SuperLeague;Switzerland_SuperLeague;;Engine v1.3 | Squadra alta: Basilea (4ª), squadra bassa: St. Gallen (6ª) | GF alta: 2.00/gara | GS bassa: 2.25/gara | Profilo ultime 10: 0.90 | Real over index: 0.75;4.97;16.67;;;20.0;9.0;7.5;;;;1.3.0
2026-09-20;CzechRepublic_4Liga_GroupD;Zdar nad Sazavou;Humpolec;72.12;MEDIA-ALTA;7;2026-09-20;CzechRepublic_4Liga_GroupD;CzechRepublic_4Liga_GroupD;CzechRepublic_4Liga;Engine v1.3 | Squadra alta: Zdar nad Sazavou (49ª), squadra bassa: Humpolec (86ª) | GF alta: 1.83/gara | GS bassa: 1.50/gara | Profilo ultime 10: 0.61 | Real over index: 0.42;22.0;15.28;;;13.64;6.15;4.17;;;;1.3.0
2026-09-20;Germany_3Liga;Mannheim;Munster;72.06;MEDIA-ALTA;8;2026-09-20;Germany_3Liga;Germany_3Liga;;Engine v1.3 | Squadra alta: Munster (4ª), squadra bassa: Mannheim (13ª) | GF alta: 2.00/gara | GS bassa: 1.67/gara | Profilo ultime 10: 0.87 | Real over index: 0.75;10.0;16.67;;;15.15;8.73;7.5;;;;1.3.0
2026-09-20;Sweden_Division1_Norra;AFC Eskilstuna;Gefle;72.0;MEDIA-ALTA;25;2026-09-20;Sweden_Division1_Norra;Sweden_Division1_Norra;;Engine v1.3 | Squadra alta: AFC Eskilstuna (2ª), squadra bassa: Gefle (10ª) | GF alta: 1.96/gara | GS bassa: 1.86/gara | Profilo ultime 10: 0.73 | Real over index: 0.60;11.47;16.3;;;16.94;7.28;6.0;;;;1.3.0
2026-09-20;Germany_Oberliga_Hessen;Pohlheim;Unter-Flockenbach;71.99;MEDIA-ALTA;12;2026-09-20;Germany_Oberliga_Hessen;Germany_Oberliga_Hessen;;Engine v1.3 | Squadra alta: Unter-Flockenbach (1ª), squadra bassa: Pohlheim (4ª) | GF alta: 3.22/gara | GS bassa: 1.56/gara | Profilo ultime 10: 0.89 | Real over index: 0.83;6.66;20.0;;;14.14;8.86;8.33;;;;1.3.0
2026-09-20;Hungary_NBII;Karcagi;Kozarmisleny;71.89;MEDIA-ALTA;8;2026-09-20;Hungary_NBII;Hungary_NBII;;Engine v1.3 | Squadra alta: Karcagi (7ª), squadra bassa: Kozarmisleny (15ª) | GF alta: 1.71/gara | GS bassa: 2.14/gara | Profilo ultime 10: 0.74 | Real over index: 0.64;12.28;14.29;;;19.48;7.42;6.43;;;;1.3.0
2026-09-20;Iceland_BestaDeildKarla;Vestmannaeyjar;Valur;71.76;MEDIA-ALTA;29;2026-09-20;Iceland_BestaDeildKarla;Iceland_BestaDeildKarla;;Engine v1.3 | Squadra alta: Valur (6ª), squadra bassa: Vestmannaeyjar (12ª) | GF alta: 1.87/gara | GS bassa: 2.04/gara | Profilo ultime 10: 0.79 | Real over index: 0.65;9.17;15.58;;;18.58;7.93;6.5;;;;1.3.0
2026-09-20;Slovenia_2SNL;Dravinja;NK Bistrica;71.72;MEDIA-ALTA;8;2026-09-20;Slovenia_2SNL;Slovenia_2SNL;;Engine v1.3 | Squadra alta: NK Bistrica (8ª), squadra bassa: Dravinja (16ª) | GF alta: 1.33/gara | GS bassa: 2.67/gara | Profilo ultime 10: 0.63 | Real over index: 0.50;18.41;11.11;;;20.0;6.31;5.0;;;;1.3.0
2026-09-20;Austria_Vorarlberg;A. Lustenau (Am);Riefensberg;71.53;MEDIA-ALTA;6;2026-09-20;Austria_Vorarlberg;Austria_Vorarlberg;fourth tier;Engine v1.3 | Squadra alta: Riefensberg (9ª), squadra bassa: A. Lustenau (Am) (14ª) | GF alta: 1.50/gara | GS bassa: 2.50/gara | Profilo ultime 10: 0.75 | Real over index: 0.62;12.49;12.5;;;20.0;7.45;6.25;;;;1.3.0
2026-09-20;Hungary_NBI;Nyiregyhaza;Ferencvaros;71.26;MEDIA-ALTA;10;2026-09-20;Hungary_NBI;Hungary_NBI;;Engine v1.3 | Squadra alta: Ferencvaros (4ª), squadra bassa: Nyiregyhaza (11ª) | GF alta: 1.67/gara | GS bassa: 1.86/gara | Profilo ultime 10: 0.78 | Real over index: 0.69;12.84;13.89;;;16.88;7.79;6.9;;;;1.3.0
2026-09-20;Belgium_JupilerProLeague;St. Truiden;Westerlo;71.2;MEDIA-ALTA;10;2026-09-20;Belgium_JupilerProLeague;Belgium_JupilerProLeague;;Engine v1.3 | Squadra alta: St. Truiden (10ª), squadra bassa: Westerlo (13ª) | GF alta: 2.00/gara | GS bassa: 2.67/gara | Profilo ultime 10: 0.93 | Real over index: 0.83;2.95;16.67;;;20.0;9.25;8.33;;;;1.3.0
2026-09-20;CzechRepublic_1Liga;Jablonec;Zlin;71.06;MEDIA-ALTA;11;2026-09-20;CzechRepublic_1Liga;CzechRepublic_1Liga;;Engine v1.3 | Squadra alta: Jablonec (7ª), squadra bassa: Zlin (16ª) | GF alta: 1.25/gara | GS bassa: 2.25/gara | Profilo ultime 10: 0.62 | Real over index: 0.50;18.92;10.42;;;20.0;6.24;5.0;;;;1.3.0
2026-09-20;Belgium_ChallengerProLeague;Dender;Patro Eisden;71.04;MEDIA-ALTA;7;2026-09-20;Belgium_ChallengerProLeague;Belgium_ChallengerProLeague;;Engine v1.3 | Squadra alta: Dender (4ª), squadra bassa: Patro Eisden (10ª) | GF alta: 1.25/gara | GS bassa: 2.25/gara | Profilo ultime 10: 0.73 | Real over index: 0.62;17.38;10.42;;;20.0;7.3;6.25;;;;1.3.0
2026-09-20;Germany_Oberliga_Hamburg;Niendorfer TSV;Dassendorf;70.94;MEDIA-ALTA;9;2026-09-20;Germany_Oberliga_Hamburg;Germany_Oberliga_Hamburg;;Engine v1.3 | Squadra alta: Dassendorf (2ª), squadra bassa: Niendorfer TSV (5ª) | GF alta: 2.71/gara | GS bassa: 2.00/gara | Profilo ultime 10: 0.86 | Real over index: 0.79;5.44;20.0;;;18.18;8.61;7.86;;;;1.3.0
2026-09-20;Ukraine_PershaLiga;Lokomotyv Kyiv;Kulikiv;70.93;MEDIA-ALTA;8;2026-09-20;Ukraine_PershaLiga;Ukraine_PershaLiga;;Engine v1.3 | Squadra alta: Kulikiv (3ª), squadra bassa: Lokomotyv Kyiv (14ª) | GF alta: 2.43/gara | GS bassa: 1.29/gara | Profilo ultime 10: 0.66 | Real over index: 0.57;16.54;20.0;;;11.69;6.6;5.71;;;;1.3.0
2026-09-20;Poland_Ekstraklasa;Lech;Radomiak Radom;70.82;MEDIA-ALTA;11;2026-09-20;Poland_Ekstraklasa;Poland_Ekstraklasa;;Engine v1.3 | Squadra alta: Lech (4ª), squadra bassa: Radomiak Radom (14ª) | GF alta: 1.71/gara | GS bassa: 1.88/gara | Profilo ultime 10: 0.70 | Real over index: 0.67;16.79;14.29;;;17.05;7.01;6.7;;;;1.3.0
2026-09-20;Germany_Oberliga_Niedersachsen;Nordhorn;Heeslinger;70.77;MEDIA-ALTA;8;2026-09-20;Germany_Oberliga_Niedersachsen;Germany_Oberliga_Niedersachsen;;Engine v1.3 | Squadra alta: Heeslinger (1ª), squadra bassa: Nordhorn (8ª) | GF alta: 2.83/gara | GS bassa: 1.67/gara | Profilo ultime 10: 0.79 | Real over index: 0.67;9.53;20.0;;;15.15;7.94;6.67;;;;1.3.0
2026-09-20;Germany_Regionalliga_Bayern;Monaco 1860;Norinberga 2;70.66;MEDIA-ALTA;12;2026-09-20;Germany_Regionalliga_Bayern;Germany_Regionalliga_Bayern;;Engine v1.3 | Squadra alta: Monaco 1860 (5ª), squadra bassa: Norinberga 2 (13ª) | GF alta: 2.12/gara | GS bassa: 1.62/gara | Profilo ultime 10: 0.86 | Real over index: 0.75;8.39;17.71;;;14.77;8.56;7.5;;;;1.3.0
2026-09-20;Bhutan_PremierLeague;Tensung;Drukpa;70.64;MEDIA-ALTA;18;2026-09-20;Bhutan_PremierLeague;Bhutan_PremierLeague;;Engine v1.3 | Squadra alta: Drukpa (7ª), squadra bassa: Tensung (9ª) | GF alta: 1.87/gara | GS bassa: 2.71/gara | Profilo ultime 10: 0.84 | Real over index: 0.85;7.07;15.56;;;20.0;8.35;8.5;;;;1.3.0
2026-09-20;France_Ligue1;Marsiglia;PSG;70.58;MEDIA-ALTA;6;2026-09-20;France_Ligue1;France_Ligue1;;Engine v1.3 | Squadra alta: PSG (7ª), squadra bassa: Marsiglia (18ª) | GF alta: 1.50/gara | GS bassa: 2.00/gara | Profilo ultime 10: 0.67 | Real over index: 0.54;16.9;12.5;;;18.18;6.69;5.42;;;;1.3.0
2026-09-20;Germany_Oberliga_Niedersachsen;Verden;Wilhelmshaven;70.52;MEDIA-ALTA;8;2026-09-20;Germany_Oberliga_Niedersachsen;Germany_Oberliga_Niedersachsen;;Engine v1.3 | Squadra alta: Wilhelmshaven (4ª), squadra bassa: Verden (11ª) | GF alta: 2.00/gara | GS bassa: 1.83/gara | Profilo ultime 10: 0.68 | Real over index: 0.50;15.88;16.67;;;16.67;6.81;5.0;;;;1.3.0
2026-09-20;Germany_Oberliga_Niederrhein;Juchen-Garzweiler;Scherpenberg;70.45;MEDIA-ALTA;9;2026-09-20;Germany_Oberliga_Niederrhein;Germany_Oberliga_Niederrhein;;Engine v1.3 | Squadra alta: Juchen-Garzweiler (12ª), squadra bassa: Scherpenberg (16ª) | GF alta: 2.25/gara | GS bassa: 2.25/gara | Profilo ultime 10: 0.75 | Real over index: 0.62;6.58;18.75;;;20.0;7.49;6.25;;;;1.3.0
2026-09-20;Norway_2ndDivision_Group2;Ull/Kisa;Junkeren;70.43;MEDIA-ALTA;25;2026-09-20;Norway_2ndDivision_Group2;Norway_2ndDivision_Group2;;Engine v1.3 | Squadra alta: Junkeren (8ª), squadra bassa: Ull/Kisa (13ª) | GF alta: 1.37/gara | GS bassa: 3.37/gara | Profilo ultime 10: 0.75 | Real over index: 0.70;10.49;11.4;;;20.0;7.53;7.0;;;;1.3.0
2026-09-20;Bulgaria_VtoraLiga;Pirin Blagoevgrad;Fratria;70.36;MEDIA-ALTA;10;2026-09-20;Bulgaria_VtoraLiga;Bulgaria_VtoraLiga;;Engine v1.3 | Squadra alta: Fratria (5ª), squadra bassa: Pirin Blagoevgrad (18ª) | GF alta: 1.57/gara | GS bassa: 3.14/gara | Profilo ultime 10: 0.58 | Real over index: 0.50;20.19;13.1;;;20.0;5.79;5.0;;;;1.3.0
2026-09-20;Italy_SerieA;Frosinone;Como;70.23;MEDIA-ALTA;6;2026-09-20;Italy_SerieA;Italy_SerieA;;Engine v1.3 | Squadra alta: Como (3ª), squadra bassa: Frosinone (6ª) | GF alta: 2.67/gara | GS bassa: 1.00/gara | Profilo ultime 10: 0.81 | Real over index: 0.75;13.13;20.0;;;9.09;8.12;7.5;;;;1.3.0
2026-09-20;Romania_Superliga;FC Voluntari;U. Cluj;70.21;MEDIA-ALTA;11;2026-09-20;Romania_Superliga;Romania_Superliga;;Engine v1.3 | Squadra alta: U. Cluj (9ª), squadra bassa: FC Voluntari (14ª) | GF alta: 1.50/gara | GS bassa: 2.22/gara | Profilo ultime 10: 0.82 | Real over index: 0.83;8.39;12.5;;;20.0;8.22;8.26;;;;1.3.0
2026-09-20;Italy_SerieC_GironeB;Reggiana;Latina;70.19;MEDIA-ALTA;6;2026-09-20;Italy_SerieC_GironeB;Italy_SerieC_GironeB;;Engine v1.3 | Squadra alta: Reggiana (2ª), squadra bassa: Latina (14ª) | GF alta: 2.20/gara | GS bassa: 1.40/gara | Profilo ultime 10: 0.66 | Real over index: 0.50;16.3;18.33;;;12.73;6.61;5.0;;;;1.3.0
2026-09-20;Germany_Bundesliga;Schalke;Elversberg;70.15;MEDIA-ALTA;5;2026-09-20;Germany_Bundesliga;Germany_Bundesliga;;Engine v1.3 | Squadra alta: Elversberg (6ª), squadra bassa: Schalke (11ª) | GF alta: 2.67/gara | GS bassa: 1.33/gara | Profilo ultime 10: 0.82 | Real over index: 0.83;8.62;20.0;;;12.12;8.24;8.33;;;;1.3.0
2026-09-20;Germany_Oberliga_NOFV_Sud;Dresden 2;Einheit Wernigerode;69.92;MEDIA-ALTA;6;2026-09-20;Germany_Oberliga_NOFV_Sud;Germany_Oberliga_NOFV_Sud;;Engine v1.3 | Squadra alta: Dresden 2 (5ª), squadra bassa: Einheit Wernigerode (10ª) | GF alta: 2.00/gara | GS bassa: 2.00/gara | Profilo ultime 10: 0.81 | Real over index: 0.62;9.72;16.67;;;18.18;8.06;6.25;;;;1.3.0
2026-09-20;Germany_3Liga;RW Essen;Rostock;69.82;MEDIA-ALTA;8;2026-09-20;Germany_3Liga;Germany_3Liga;;Engine v1.3 | Squadra alta: RW Essen (3ª), squadra bassa: Rostock (5ª) | GF alta: 2.00/gara | GS bassa: 2.33/gara | Profilo ultime 10: 0.85 | Real over index: 0.67;3.99;16.67;;;20.0;8.5;6.67;;;;1.3.0
2026-09-20;Slovenia_PrvaLiga;Mura;Celje;69.52;MEDIA-ALTA;11;2026-09-20;Slovenia_PrvaLiga;Slovenia_PrvaLiga;;Engine v1.3 | Squadra alta: Celje (4ª), squadra bassa: Mura (9ª) | GF alta: 1.56/gara | GS bassa: 2.33/gara | Profilo ultime 10: 0.73 | Real over index: 0.56;10.63;12.96;;;20.0;7.31;5.56;;;;1.3.0
2026-09-20;Norway_3rdDivision_Group2;Orkla;Aalesund 2;69.45;MEDIA-ALTA;23;2026-09-20;Norway_3rdDivision_Group2;Norway_3rdDivision_Group2;;Engine v1.3 | Squadra alta: Aalesund 2 (12ª), squadra bassa: Orkla (14ª) | GF alta: 1.89/gara | GS bassa: 2.79/gara | Profilo ultime 10: 0.95 | Real over index: 0.85;1.69;15.79;;;20.0;9.47;8.5;;;;1.3.0
2026-09-20;Georgia_ErovnuliLiga;Dinamo Batumi;Torpedo Kutaisi;69.39;MEDIA-ALTA;10;2026-09-20;Georgia_ErovnuliLiga;Georgia_ErovnuliLiga;;Engine v1.3 | Squadra alta: Dinamo Batumi (1ª), squadra bassa: Torpedo Kutaisi (6ª) | GF alta: 2.14/gara | GS bassa: 1.67/gara | Profilo ultime 10: 0.71 | Real over index: 0.45;14.72;17.86;;;15.15;7.06;4.52;;;;1.3.0
2026-09-20;Sweden_Allsvenskan;Degerfors;Hammarby;69.38;MEDIA-ALTA;29;2026-09-20;Sweden_Allsvenskan;Sweden_Allsvenskan;;Engine v1.3 | Squadra alta: Hammarby (3ª), squadra bassa: Degerfors (14ª) | GF alta: 2.29/gara | GS bassa: 1.57/gara | Profilo ultime 10: 0.60 | Real over index: 0.45;15.18;19.05;;;14.29;5.96;4.5;;;;1.3.0
2026-09-20;Sweden_Division2_SodraGotaland;IFK Trelleborg;Solvesborgs;69.19;MEDIA-ALTA;28;2026-09-20;Sweden_Division2_SodraGotaland;Sweden_Division2_SodraGotaland;;Engine v1.3 | Squadra alta: IFK Trelleborg (3ª), squadra bassa: Solvesborgs (10ª) | GF alta: 1.95/gara | GS bassa: 1.71/gara | Profilo ultime 10: 0.76 | Real over index: 0.65;11.41;16.27;;;15.58;7.55;6.5;;;;1.3.0
2026-09-20;Italy_SerieB;Verona;L.R. Vicenza;69.07;MEDIA-ALTA;6;2026-09-20;Italy_SerieB;Italy_SerieB;;Engine v1.3 | Squadra alta: Verona (10ª), squadra bassa: L.R. Vicenza (18ª) | GF alta: 2.00/gara | GS bassa: 2.00/gara | Profilo ultime 10: 0.79 | Real over index: 0.71;6.42;16.67;;;18.18;7.89;7.08;;;;1.3.0
2026-09-20;Hungary_NBI;MTK Budapest;Győr;68.97;MEDIA-ALTA;10;2026-09-20;Hungary_NBI;Hungary_NBI;;Engine v1.3 | Squadra alta: Győr (3ª), squadra bassa: MTK Budapest (6ª) | GF alta: 2.00/gara | GS bassa: 1.71/gara | Profilo ultime 10: 0.88 | Real over index: 0.79;6.19;16.67;;;15.58;8.75;7.86;;;;1.3.0
2026-09-20;Norway_3rdDivision_Group5;Floeya;Finnsnes;68.9;MEDIA-ALTA;22;2026-09-20;Norway_3rdDivision_Group5;Norway_3rdDivision_Group5;;Engine v1.3 | Squadra alta: Floeya (3ª), squadra bassa: Finnsnes (5ª) | GF alta: 2.70/gara | GS bassa: 1.63/gara | Profilo ultime 10: 0.93 | Real over index: 0.85;2.29;20.0;;;14.83;9.28;8.5;;;;1.3.0
2026-09-20;Finland_Kolmonen_Southern_Group1;GrIFK/Akatemia U23;LoPa;68.87;MEDIA-ALTA;21;2026-09-20;Finland_Kolmonen_Southern_Group1;Finland_Kolmonen_Southern_Group1;;Engine v1.3 | Squadra alta: LoPa (5ª), squadra bassa: GrIFK/Akatemia U23 (8ª) | GF alta: 1.74/gara | GS bassa: 2.11/gara | Profilo ultime 10: 0.92 | Real over index: 0.80;4.11;14.47;;;19.14;9.15;8.0;;;;1.3.0
2026-09-20;Belgium_JupilerProLeague;Kortrijk;Beveren;68.78;MEDIA-ALTA;10;2026-09-20;Belgium_JupilerProLeague;Belgium_JupilerProLeague;;Engine v1.3 | Squadra alta: Beveren (9ª), squadra bassa: Kortrijk (18ª) | GF alta: 1.17/gara | GS bassa: 2.50/gara | Profilo ultime 10: 0.60 | Real over index: 0.67;18.38;9.72;;;20.0;6.04;6.67;;;;1.3.0
2026-09-20;CzechRepublic_1Liga;Sigma Olomouc;Sparta Praga;68.72;MEDIA-ALTA;11;2026-09-20;CzechRepublic_1Liga;CzechRepublic_1Liga;;Engine v1.3 | Squadra alta: Sigma Olomouc (3ª), squadra bassa: Sparta Praga (9ª) | GF alta: 2.00/gara | GS bassa: 1.50/gara | Profilo ultime 10: 0.87 | Real over index: 0.81;7.85;16.67;;;13.64;8.72;8.12;;;;1.3.0
2026-09-20;Germany_Oberliga_NOFV_Sud;Halberstadt;Sandersdorf;68.63;MEDIA-ALTA;6;2026-09-20;Germany_Oberliga_NOFV_Sud;Germany_Oberliga_NOFV_Sud;;Engine v1.3 | Squadra alta: Halberstadt (2ª), squadra bassa: Sandersdorf (7ª) | GF alta: 4.00/gara | GS bassa: 0.75/gara | Profilo ultime 10: 0.78 | Real over index: 0.75;16.87;20.0;;;6.82;7.75;7.5;;;;1.3.0
2026-09-20;Germany_Oberliga_Niedersachsen;Egestorf-Langreder;Meppen 2;68.62;MEDIA-ALTA;8;2026-09-20;Germany_Oberliga_Niedersachsen;Germany_Oberliga_Niedersachsen;;Engine v1.3 | Squadra alta: Meppen 2 (12ª), squadra bassa: Egestorf-Langreder (16ª) | GF alta: 1.67/gara | GS bassa: 3.33/gara | Profilo ultime 10: 0.86 | Real over index: 0.83;4.99;13.89;;;20.0;8.57;8.33;;;;1.3.0
2026-09-20;Germany_Regionalliga_Nordost;Chemie Leipzig;Chemnitzer;68.54;MEDIA-ALTA;12;2026-09-20;Germany_Regionalliga_Nordost;Germany_Regionalliga_Nordost;;Engine v1.3 | Squadra alta: Chemnitzer (2ª), squadra bassa: Chemie Leipzig (14ª) | GF alta: 2.11/gara | GS bassa: 1.44/gara | Profilo ultime 10: 0.60 | Real over index: 0.39;19.74;17.59;;;13.13;5.96;3.89;;;;1.3.0
2026-09-20;Denmark_Superliga;Horsens;Aarhus;68.18;MEDIA-ALTA;11;2026-09-20;Denmark_Superliga;Denmark_Superliga;;Engine v1.3 | Squadra alta: Horsens (7ª), squadra bassa: Aarhus (11ª) | GF alta: 1.62/gara | GS bassa: 1.88/gara | Profilo ultime 10: 0.78 | Real over index: 0.62;9.95;13.54;;;17.05;7.83;6.25;;;;1.3.0
2026-09-20;Sweden_Division2_VastraGotaland;Galtabacks BK;Frölunda;68.05;MEDIA-ALTA;25;2026-09-20;Sweden_Division2_VastraGotaland;Sweden_Division2_VastraGotaland;;Engine v1.3 | Squadra alta: Frölunda (7ª), squadra bassa: Galtabacks BK (13ª) | GF alta: 1.95/gara | GS bassa: 1.59/gara | Profilo ultime 10: 0.71 | Real over index: 0.55;10.73;16.27;;;14.46;7.08;5.5;;;;1.3.0
2026-09-20;Sweden_Division2_VastraGotaland;Astorps;Jonsereds;68.01;MEDIA-ALTA;25;2026-09-20;Sweden_Division2_VastraGotaland;Sweden_Division2_VastraGotaland;;Engine v1.3 | Squadra alta: Jonsereds (4ª), squadra bassa: Astorps (11ª) | GF alta: 1.81/gara | GS bassa: 1.71/gara | Profilo ultime 10: 0.69 | Real over index: 0.55;10.96;15.08;;;15.58;6.89;5.5;;;;1.3.0
2026-09-20;Portugal_LigaPortugal;Estrela;Academico Viseu;67.86;MEDIA-ALTA;9;2026-09-20;Portugal_LigaPortugal;Portugal_LigaPortugal;;Engine v1.3 | Squadra alta: Estrela (6ª), squadra bassa: Academico Viseu (8ª) | GF alta: 2.33/gara | GS bassa: 1.50/gara | Profilo ultime 10: 0.86 | Real over index: 0.83;4.08;19.44;;;13.64;8.56;8.33;;;;1.3.0
2026-09-20;Germany_Regionalliga_Nord;Hannoverscher SC;Amburgo 2;67.76;MEDIA-ALTA;11;2026-09-20;Germany_Regionalliga_Nord;Germany_Regionalliga_Nord;;Engine v1.3 | Squadra alta: Hannoverscher SC (11ª), squadra bassa: Amburgo 2 (17ª) | GF alta: 1.56/gara | GS bassa: 2.44/gara | Profilo ultime 10: 0.82 | Real over index: 0.67;5.9;12.96;;;20.0;8.24;6.67;;;;1.3.0
2026-09-20;Switzerland_SuperLeague;Vaduz;Thun;67.75;MEDIA-ALTA;10;2026-09-20;Switzerland_SuperLeague;Switzerland_SuperLeague;;Engine v1.3 | Squadra alta: Thun (10ª), squadra bassa: Vaduz (11ª) | GF alta: 1.62/gara | GS bassa: 2.38/gara | Profilo ultime 10: 0.96 | Real over index: 0.88;1.89;13.54;;;20.0;9.56;8.75;;;;1.3.0
2026-09-20;Iceland_BestaDeildKarla;Akranes;Breidablik;67.71;MEDIA-ALTA;29;2026-09-20;Iceland_BestaDeildKarla;Iceland_BestaDeildKarla;;Engine v1.3 | Squadra alta: Breidablik (4ª), squadra bassa: Akranes (7ª) | GF alta: 2.00/gara | GS bassa: 2.00/gara | Profilo ultime 10: 0.85 | Real over index: 0.70;3.34;16.67;;;18.18;8.52;7.0;;;;1.3.0
2026-09-20;Lithuania_Toplyga;Hegelmann;Suduva;67.59;MEDIA-ALTA;38;2026-09-20;Lithuania_Toplyga;Lithuania_Toplyga;;Engine v1.3 | Squadra alta: Suduva (1ª), squadra bassa: Hegelmann (8ª) | GF alta: 1.64/gara | GS bassa: 1.65/gara | Profilo ultime 10: 0.71 | Real over index: 0.55;15.57;13.69;;;15.03;7.12;5.5;;;;1.3.0
2026-09-20;Norway_OBOSLigaen;Lyn;Ranheim;67.51;MEDIA-ALTA;23;2026-09-20;Norway_OBOSLigaen;Norway_OBOSLigaen;;Engine v1.3 | Squadra alta: Lyn (9ª), squadra bassa: Ranheim (10ª) | GF alta: 1.73/gara | GS bassa: 2.59/gara | Profilo ultime 10: 0.93 | Real over index: 0.80;1.81;14.39;;;20.0;9.3;8.0;;;;1.3.0
2026-09-20;Slovakia_NikeLiga;Skalica;Podbrezova;67.5;MEDIA-ALTA;9;2026-09-20;Slovakia_NikeLiga;Slovakia_NikeLiga;;Engine v1.3 | Squadra alta: Podbrezova (5ª), squadra bassa: Skalica (8ª) | GF alta: 1.50/gara | GS bassa: 2.25/gara | Profilo ultime 10: 0.84 | Real over index: 0.69;5.67;12.5;;;20.0;8.45;6.88;;;;1.3.0
2026-09-20;Sweden_Division1_Sodra;Tvaaker;Trelleborg;67.45;MEDIA-ALTA;25;2026-09-20;Sweden_Division1_Sodra;Sweden_Division1_Sodra;;Engine v1.3 | Squadra alta: Trelleborg (1ª), squadra bassa: Tvaaker (6ª) | GF alta: 2.09/gara | GS bassa: 1.45/gara | Profilo ultime 10: 0.87 | Real over index: 0.75;7.33;17.39;;;13.22;8.68;7.5;;;;1.3.0
2026-09-20;Austria_Burgenland;Pama;Leithaprodersdorf;67.34;MEDIA-ALTA;8;2026-09-20;Austria_Burgenland;Austria_Burgenland;;Engine v1.3 | Squadra alta: Leithaprodersdorf (6ª), squadra bassa: Pama (9ª) | GF alta: 1.83/gara | GS bassa: 2.00/gara | Profilo ultime 10: 0.85 | Real over index: 0.67;4.72;15.28;;;18.18;8.5;6.67;;;;1.3.0
2026-09-20;Sweden_Division2_Norrland;Taftea IK;IFK Ostersund;67.23;MEDIA-ALTA;26;2026-09-20;Sweden_Division2_Norrland;Sweden_Division2_Norrland;;Engine v1.3 | Squadra alta: Taftea IK (4ª), squadra bassa: IFK Ostersund (5ª) | GF alta: 2.33/gara | GS bassa: 1.68/gara | Profilo ultime 10: 0.92 | Real over index: 0.80;1.34;19.44;;;15.29;9.15;8.0;;;;1.3.0
2026-09-20;CzechRepublic_3MSFL;Karvina B;Blansko;67.18;MEDIA-ALTA;10;2026-09-20;CzechRepublic_3MSFL;CzechRepublic_3MSFL;;Engine v1.3 | Squadra alta: Karvina B (12ª), squadra bassa: Blansko (16ª) | GF alta: 1.25/gara | GS bassa: 2.62/gara | Profilo ultime 10: 0.76 | Real over index: 0.69;8.77;10.42;;;20.0;7.56;6.88;;;;1.3.0
2026-09-20;Slovenia_2SNL;Bilje;NK Jesenice;66.95;MEDIA-ALTA;8;2026-09-20;Slovenia_2SNL;Slovenia_2SNL;;Engine v1.3 | Squadra alta: Bilje (3ª), squadra bassa: NK Jesenice (7ª) | GF alta: 2.33/gara | GS bassa: 1.33/gara | Profilo ultime 10: 0.87 | Real over index: 0.75;5.23;19.44;;;12.12;8.65;7.5;;;;1.3.0
2026-09-20;Sweden_Division1_Sodra;Olympic;Rosengard;66.8;MEDIA-ALTA;25;2026-09-20;Sweden_Division1_Sodra;Sweden_Division1_Sodra;;Engine v1.3 | Squadra alta: Rosengard (5ª), squadra bassa: Olympic (10ª) | GF alta: 1.73/gara | GS bassa: 1.95/gara | Profilo ultime 10: 0.89 | Real over index: 0.70;4.73;14.39;;;17.77;8.9;7.0;;;;1.3.0
2026-09-20;Germany_Regionalliga_Nord;Delmenhorst;Eimsbutteler;66.75;MEDIA-ALTA;11;2026-09-20;Germany_Regionalliga_Nord;Germany_Regionalliga_Nord;;Engine v1.3 | Squadra alta: Delmenhorst (8ª), squadra bassa: Eimsbutteler (12ª) | GF alta: 1.44/gara | GS bassa: 3.44/gara | Profilo ultime 10: 0.90 | Real over index: 0.78;3.93;12.04;;;20.0;9.0;7.78;;;;1.3.0
2026-09-20;Sweden_Division1_Norra;Stocksund;Umeå;66.75;MEDIA-ALTA;25;2026-09-20;Sweden_Division1_Norra;Sweden_Division1_Norra;;Engine v1.3 | Squadra alta: Umeå (11ª), squadra bassa: Stocksund (16ª) | GF alta: 1.27/gara | GS bassa: 2.50/gara | Profilo ultime 10: 0.79 | Real over index: 0.65;7.77;10.61;;;20.0;7.88;6.5;;;;1.3.0
2026-09-20;Denmark_Superliga;Sonderjyske;Randers;66.48;MEDIA-ALTA;11;2026-09-20;Denmark_Superliga;Denmark_Superliga;;Engine v1.3 | Squadra alta: Randers (8ª), squadra bassa: Sonderjyske (12ª) | GF alta: 1.12/gara | GS bassa: 2.38/gara | Profilo ultime 10: 0.66 | Real over index: 0.56;12.33;9.38;;;20.0;6.58;5.62;;;;1.3.0
2026-09-20;Sweden_Division2_NorraGotaland;Karlstad 2;Stenungsunds;66.43;MEDIA-ALTA;25;2026-09-20;Sweden_Division2_NorraGotaland;Sweden_Division2_NorraGotaland;;Engine v1.3 | Squadra alta: Stenungsunds (7ª), squadra bassa: Karlstad 2 (14ª) | GF alta: 1.61/gara | GS bassa: 1.95/gara | Profilo ultime 10: 0.62 | Real over index: 0.50;10.68;13.41;;;17.75;6.2;5.0;;;;1.3.0
2026-09-20;Belgium_JupilerProLeague;Club Brugge;Genk;66.29;MEDIA-ALTA;10;2026-09-20;Belgium_JupilerProLeague;Belgium_JupilerProLeague;;Engine v1.3 | Squadra alta: Club Brugge (3ª), squadra bassa: Genk (8ª) | GF alta: 2.00/gara | GS bassa: 1.50/gara | Profilo ultime 10: 0.78 | Real over index: 0.67;11.8;16.67;;;13.64;7.83;6.67;;;;1.3.0
2026-09-20;Germany_2Bundesliga;Cottbus;St. Pauli;66.26;MEDIA-ALTA;7;2026-09-20;Germany_2Bundesliga;Germany_2Bundesliga;;Engine v1.3 | Squadra alta: Cottbus (7ª), squadra bassa: St. Pauli (9ª) | GF alta: 2.60/gara | GS bassa: 1.40/gara | Profilo ultime 10: 0.87 | Real over index: 0.80;2.81;20.0;;;12.73;8.72;8.0;;;;1.3.0
2026-09-20;Bulgaria_ParvaLiga;Lok. Plovdiv;CSKA Sofia;66.24;MEDIA-ALTA;11;2026-09-20;Bulgaria_ParvaLiga;Bulgaria_ParvaLiga;;Engine v1.3 | Squadra alta: CSKA Sofia (4ª), squadra bassa: Lok. Plovdiv (11ª) | GF alta: 2.56/gara | GS bassa: 1.40/gara | Profilo ultime 10: 0.54 | Real over index: 0.43;17.89;20.0;;;12.73;5.36;4.33;;;;1.3.0
2026-09-20;Norway_Eliteserien;Viking;Lilleström;66.14;MEDIA-ALTA;30;2026-09-20;Norway_Eliteserien;Norway_Eliteserien;;Engine v1.3 | Squadra alta: Viking (2ª), squadra bassa: Lilleström (5ª) | GF alta: 2.55/gara | GS bassa: 1.30/gara | Profilo ultime 10: 0.72 | Real over index: 0.60;8.69;20.0;;;11.82;7.25;6.0;;;;1.3.0
2026-09-20;Sweden_Division1_Sodra;Hassleholms IF;Trollhättan;65.81;MEDIA-ALTA;25;2026-09-20;Sweden_Division1_Sodra;Sweden_Division1_Sodra;;Engine v1.3 | Squadra alta: Hassleholms IF (2ª), squadra bassa: Trollhättan (8ª) | GF alta: 2.04/gara | GS bassa: 1.55/gara | Profilo ultime 10: 0.74 | Real over index: 0.55;8.3;17.03;;;14.05;7.38;5.5;;;;1.3.0
2026-09-20;Indonesia_SuperLeague;Persijap Jepara;Persib;65.73;MEDIA-ALTA;4;2026-09-20;Indonesia_SuperLeague;Indonesia_SuperLeague;;Engine v1.3 | Squadra alta: Persib (9ª), squadra bassa: Persijap Jepara (17ª) | GF alta: 2.00/gara | GS bassa: 1.50/gara | Profilo ultime 10: 0.55 | Real over index: 0.50;17.92;16.67;;;13.64;5.5;5.0;;;;1.3.0
2026-09-20;Latvia_NakotnesLiga;Marupe;Riga FC 2;65.65;MEDIA-ALTA;22;2026-09-20;Latvia_NakotnesLiga;Latvia_NakotnesLiga;;Engine v1.3 | Squadra alta: Marupe (6ª), squadra bassa: Riga FC 2 (7ª) | GF alta: 2.20/gara | GS bassa: 1.80/gara | Profilo ultime 10: 0.84 | Real over index: 0.65;2.02;18.33;;;16.36;8.43;6.5;;;;1.3.0
2026-09-20;Germany_Oberliga_Hamburg;HT 16;Sasel;65.52;MEDIA-ALTA;9;2026-09-20;Germany_Oberliga_Hamburg;Germany_Oberliga_Hamburg;;Engine v1.3 | Squadra alta: Sasel (7ª), squadra bassa: HT 16 (11ª) | GF alta: 1.86/gara | GS bassa: 1.57/gara | Profilo ultime 10: 0.87 | Real over index: 0.71;5.9;15.48;;;14.29;8.71;7.14;;;;1.3.0
2026-09-20;Italy_SerieA;Fiorentina;Napoli;65.43;MEDIA-ALTA;6;2026-09-20;Italy_SerieA;Italy_SerieA;;Engine v1.3 | Squadra alta: Napoli (13ª), squadra bassa: Fiorentina (16ª) | GF alta: 1.33/gara | GS bassa: 2.75/gara | Profilo ultime 10: 0.84 | Real over index: 0.83;3.6;11.11;;;20.0;8.38;8.33;;;;1.3.0
2026-09-20;Norway_2ndDivision_Group2;Stjordals Blink;Lørenskog;65.37;MEDIA-ALTA;25;2026-09-20;Norway_2ndDivision_Group2;Norway_2ndDivision_Group2;;Engine v1.3 | Squadra alta: Lørenskog (6ª), squadra bassa: Stjordals Blink (10ª) | GF alta: 1.53/gara | GS bassa: 2.00/gara | Profilo ultime 10: 0.86 | Real over index: 0.65;5.38;12.72;;;18.18;8.58;6.5;;;;1.3.0
2026-09-20;England_PremierLeague;Bournemouth;Liverpool;65.22;MEDIA-ALTA;6;2026-09-20;England_PremierLeague;England_PremierLeague;;Engine v1.3 | Squadra alta: Liverpool (6ª), squadra bassa: Bournemouth (14ª) | GF alta: 1.50/gara | GS bassa: 1.75/gara | Profilo ultime 10: 0.78 | Real over index: 0.62;10.39;12.5;;;15.91;7.78;6.25;;;;1.3.0
2026-09-20;Austria_2Liga;Austria (Am);SK Rapid 2;65.07;MEDIA-ALTA;8;2026-09-20;Austria_2Liga;Austria_2Liga;;Engine v1.3 | Squadra alta: Austria (Am) (10ª), squadra bassa: SK Rapid 2 (14ª) | GF alta: 1.50/gara | GS bassa: 2.17/gara | Profilo ultime 10: 0.74 | Real over index: 0.58;6.82;12.5;;;19.7;7.39;5.83;;;;1.3.0
2026-09-20;Austria_Steiermark;TUS Bad Waltersdorf;UFC Fehring;64.55;MEDIA-ALTA;6;2026-09-20;Austria_Steiermark;Austria_Steiermark;16 clubs, double round robin.;Engine v1.3 | Squadra alta: UFC Fehring (12ª), squadra bassa: TUS Bad Waltersdorf (15ª) | GF alta: 1.00/gara | GS bassa: 3.00/gara | Profilo ultime 10: 0.77 | Real over index: 0.67;7.9;8.33;;;20.0;7.66;6.67;;;;1.3.0
2026-09-20;Turkey_1Lig;Antalyaspor;Vanspor FK;64.52;MEDIA-ALTA;9;2026-09-20;Turkey_1Lig;Turkey_1Lig;;Engine v1.3 | Squadra alta: Antalyaspor (12ª), squadra bassa: Vanspor FK (17ª) | GF alta: 1.57/gara | GS bassa: 2.00/gara | Profilo ultime 10: 0.77 | Real over index: 0.57;6.11;13.1;;;18.18;7.75;5.71;;;;1.3.0
2026-09-20;Latvia_Virsliga;Ogre United;Super Nova;64.19;MEDIA-ALTA;33;2026-09-20;Latvia_Virsliga;Latvia_Virsliga;;Engine v1.3 | Squadra alta: Super Nova (6ª), squadra bassa: Ogre United (10ª) | GF alta: 1.04/gara | GS bassa: 2.67/gara | Profilo ultime 10: 0.66 | Real over index: 0.65;9.14;8.65;;;20.0;6.63;6.5;;;;1.3.0
2026-09-20;Austria_Karnten;SC Landskron;Launsdorf;64.1;MEDIA-ALTA;11;2026-09-20;Austria_Karnten;Austria_Karnten;;Engine v1.3 | Squadra alta: SC Landskron (4ª), squadra bassa: Launsdorf (6ª) | GF alta: 2.43/gara | GS bassa: 1.33/gara | Profilo ultime 10: 0.86 | Real over index: 0.70;2.4;20.0;;;12.12;8.55;7.02;;;;1.3.0
2026-09-20;Sweden_Allsvenskan;Halmstad;AIK Stockholm;64.05;MEDIA-ALTA;29;2026-09-20;Sweden_Allsvenskan;Sweden_Allsvenskan;;Engine v1.3 | Squadra alta: AIK Stockholm (7ª), squadra bassa: Halmstad (16ª) | GF alta: 1.43/gara | GS bassa: 1.86/gara | Profilo ultime 10: 0.58 | Real over index: 0.40;14.61;11.9;;;16.88;5.76;4.0;;;;1.3.0
2026-09-20;Germany_Oberliga_Bremen;Hemelingen;Eiche Horn;64.04;MEDIA-ALTA;8;2026-09-20;Germany_Oberliga_Bremen;Germany_Oberliga_Bremen;;Engine v1.3 | Squadra alta: Hemelingen (3ª), squadra bassa: Eiche Horn (5ª) | GF alta: 4.00/gara | GS bassa: 1.17/gara | Profilo ultime 10: 0.67 | Real over index: 0.57;12.15;20.0;;;10.61;6.66;5.67;;;;1.3.0
2026-09-20;Norway_OBOSLigaen;Odd;Egersund;63.96;MEDIA-ALTA;23;2026-09-20;Norway_OBOSLigaen;Norway_OBOSLigaen;;Engine v1.3 | Squadra alta: Odd (6ª), squadra bassa: Egersund (8ª) | GF alta: 1.91/gara | GS bassa: 1.77/gara | Profilo ultime 10: 0.87 | Real over index: 0.65;2.76;15.91;;;16.12;8.68;6.5;;;;1.3.0
2026-09-20;Norway_2ndDivision_Group1;Bjarg;Traeff;63.92;MEDIA-ALTA;21;2026-09-20;Norway_2ndDivision_Group1;Norway_2ndDivision_Group1;;Engine v1.3 | Squadra alta: Bjarg (2ª), squadra bassa: Traeff (8ª) | GF alta: 1.85/gara | GS bassa: 1.58/gara | Profilo ultime 10: 0.78 | Real over index: 0.60;6.61;15.42;;;14.35;7.8;6.0;;;;1.3.0
2026-09-20;Croatia_HNL;Din. Zagabria;Lok. Zagreb;63.8;MEDIA-ALTA;6;2026-09-20;Croatia_HNL;Croatia_HNL;10 clubs, quadruple round robin;Engine v1.3 | Squadra alta: Din. Zagabria (6ª), squadra bassa: Lok. Zagreb (9ª) | GF alta: 1.67/gara | GS bassa: 1.67/gara | Profilo ultime 10: 0.68 | Real over index: 0.50;12.1;13.89;;;15.15;6.77;5.0;;;;1.3.0
2026-09-20;Norway_OBOSLigaen;Sandnes;Moss;63.7;MEDIA-ALTA;23;2026-09-20;Norway_OBOSLigaen;Norway_OBOSLigaen;;Engine v1.3 | Squadra alta: Sandnes (12ª), squadra bassa: Moss (14ª) | GF alta: 1.41/gara | GS bassa: 2.32/gara | Profilo ultime 10: 0.86 | Real over index: 0.75;1.89;11.74;;;20.0;8.56;7.5;;;;1.3.0
2026-09-20;Italy_SerieB;Mantova;Pisa;63.62;MEDIA-ALTA;6;2026-09-20;Italy_SerieB;Italy_SerieB;;Engine v1.3 | Squadra alta: Mantova (2ª), squadra bassa: Pisa (7ª) | GF alta: 2.00/gara | GS bassa: 1.50/gara | Profilo ultime 10: 0.73 | Real over index: 0.54;9.97;16.67;;;13.64;7.34;5.42;;;;1.3.0
2026-09-20;Serbia_SuperLiga;Stella Rossa;Radnicki Nis;63.55;MEDIA-ALTA;12;2026-09-20;Serbia_SuperLiga;Serbia_SuperLiga;;Engine v1.3 | Squadra alta: Stella Rossa (1ª), squadra bassa: Radnicki Nis (11ª) | GF alta: 2.33/gara | GS bassa: 1.00/gara | Profilo ultime 10: 0.54 | Real over index: 0.40;19.43;19.44;;;9.09;5.38;4.03;;;;1.3.0
2026-09-20;Germany_Regionalliga_Nord;Norderstedt;Brema 2;63.49;MEDIA-ALTA;11;2026-09-20;Germany_Regionalliga_Nord;Germany_Regionalliga_Nord;;Engine v1.3 | Squadra alta: Norderstedt (10ª), squadra bassa: Brema 2 (13ª) | GF alta: 1.89/gara | GS bassa: 1.78/gara | Profilo ultime 10: 0.80 | Real over index: 0.61;3.48;15.74;;;16.16;8.0;6.11;;;;1.3.0
2026-09-20;Germany_Regionalliga_Nordost;BFC Dynamo;Magdeburg 2;63.49;MEDIA-ALTA;12;2026-09-20;Germany_Regionalliga_Nordost;Germany_Regionalliga_Nordost;;Engine v1.3 | Squadra alta: BFC Dynamo (7ª), squadra bassa: Magdeburg 2 (10ª) | GF alta: 1.67/gara | GS bassa: 2.00/gara | Profilo ultime 10: 0.82 | Real over index: 0.61;3.48;13.89;;;18.18;8.25;6.11;;;;1.3.0
2026-09-20;Slovakia_3Liga_West;Trencin B;Velke Ludince;63.46;MEDIA-ALTA;8;2026-09-20;Slovakia_3Liga_West;Slovakia_3Liga_West;;Engine v1.3 | Squadra alta: Trencin B (11ª), squadra bassa: Velke Ludince (15ª) | GF alta: 1.33/gara | GS bassa: 2.50/gara | Profilo ultime 10: 0.75 | Real over index: 0.58;5.23;11.11;;;20.0;7.47;5.83;;;;1.3.0
2026-09-20;CzechRepublic_3CFL_GroupB;Hradec Kralove B;Zapy;63.29;MEDIA-ALTA;8;2026-09-20;CzechRepublic_3CFL_GroupB;CzechRepublic_3CFL_GroupB;CzechRepublic_3rdTier;Engine v1.3 | Squadra alta: Zapy (2ª), squadra bassa: Hradec Kralove B (18ª) | GF alta: 3.00/gara | GS bassa: 0.50/gara | Profilo ultime 10: 0.53 | Real over index: 0.42;19.34;20.0;;;4.55;5.33;4.17;;;;1.3.0
2026-09-20;France_Ligue1;Nizza;Lilla;63.21;MEDIA-ALTA;6;2026-09-20;France_Ligue1;France_Ligue1;;Engine v1.3 | Squadra alta: Lilla (2ª), squadra bassa: Nizza (17ª) | GF alta: 1.75/gara | GS bassa: 1.67/gara | Profilo ultime 10: 0.48 | Real over index: 0.29;21.09;14.58;;;15.15;4.82;2.92;;;;1.3.0
2026-09-20;Iceland_BestaDeildKarla;Hafnarfjordur;Stjarnan;63.15;MEDIA-ALTA;29;2026-09-20;Iceland_BestaDeildKarla;Iceland_BestaDeildKarla;;Engine v1.3 | Squadra alta: Stjarnan (5ª), squadra bassa: Hafnarfjordur (9ª) | GF alta: 1.91/gara | GS bassa: 1.70/gara | Profilo ultime 10: 0.71 | Real over index: 0.50;5.7;15.94;;;15.42;7.09;5.0;;;;1.3.0
2026-09-20;Austria_Regionalliga_West;Tirol (Am);Fugen;63.06;MEDIA-ALTA;9;2026-09-20;Austria_Regionalliga_West;Austria_Regionalliga_West;;Engine v1.3 | Squadra alta: Tirol (Am) (7ª), squadra bassa: Fugen (8ª) | GF alta: 1.86/gara | GS bassa: 2.00/gara | Profilo ultime 10: 0.85 | Real over index: 0.64;0.51;15.48;;;18.18;8.46;6.43;;;;1.3.0
2026-09-20;Netherlands_Eredivisie;Twente;PSV;63.06;MEDIA-ALTA;9;2026-09-20;Netherlands_Eredivisie;Netherlands_Eredivisie;;Engine v1.3 | Squadra alta: PSV (1ª), squadra bassa: Twente (5ª) | GF alta: 3.67/gara | GS bassa: 0.83/gara | Profilo ultime 10: 0.81 | Real over index: 0.75;6.58;20.0;;;7.58;8.12;7.5;;;;1.3.0
2026-09-20;Germany_Regionalliga_Nordost;Jena;Lokomotive Leipzig;62.92;MEDIA-ALTA;12;2026-09-20;Germany_Regionalliga_Nordost;Germany_Regionalliga_Nordost;;Engine v1.3 | Squadra alta: Jena (6ª), squadra bassa: Lokomotive Leipzig (11ª) | GF alta: 1.44/gara | GS bassa: 2.00/gara | Profilo ultime 10: 0.83 | Real over index: 0.72;5.44;12.04;;;18.18;8.25;7.22;;;;1.3.0
2026-09-20;CzechRepublic_3CFL_GroupB;Varnsdorf;Jablonec B;62.86;MEDIA-ALTA;8;2026-09-20;CzechRepublic_3CFL_GroupB;CzechRepublic_3CFL_GroupB;CzechRepublic_3rdTier;Engine v1.3 | Squadra alta: Jablonec B (6ª), squadra bassa: Varnsdorf (12ª) | GF alta: 2.33/gara | GS bassa: 1.80/gara | Profilo ultime 10: 0.77 | Real over index: 0.57;3.08;19.44;;;16.36;7.72;5.67;;;;1.3.0
2026-09-20;Germany_Oberliga_Niedersachsen;Hemmingen;Bersenbruck;62.63;MEDIA-ALTA;8;2026-09-20;Germany_Oberliga_Niedersachsen;Germany_Oberliga_Niedersachsen;;Engine v1.3 | Squadra alta: Bersenbruck (9ª), squadra bassa: Hemmingen (10ª) | GF alta: 1.33/gara | GS bassa: 2.83/gara | Profilo ultime 10: 0.87 | Real over index: 0.83;0.45;11.11;;;20.0;8.73;8.33;;;;1.3.0
2026-09-20;Ukraine_PershaLiga;Ahrobiznes Volochysk;Oleksandriya;62.56;MEDIA-ALTA;8;2026-09-20;Ukraine_PershaLiga;Ukraine_PershaLiga;;Engine v1.3 | Squadra alta: Oleksandriya (2ª), squadra bassa: Ahrobiznes Volochysk (7ª) | GF alta: 1.71/gara | GS bassa: 1.71/gara | Profilo ultime 10: 0.75 | Real over index: 0.50;9.38;14.29;;;15.58;7.46;5.0;;;;1.3.0
2026-09-20;Paraguay_DivisionIntermedia;Sp. Carapegua;Tacuary;62.52;MEDIA-ALTA;10;2026-09-20;Paraguay_DivisionIntermedia;Paraguay_DivisionIntermedia;;Engine v1.3 | Squadra alta: Sp. Carapegua (6ª), squadra bassa: Tacuary (14ª) | GF alta: 1.43/gara | GS bassa: 1.71/gara | Profilo ultime 10: 0.60 | Real over index: 0.43;13.64;11.9;;;15.58;6.01;4.29;;;;1.3.0
2026-09-20;Germany_Oberliga_Westfalen;Erkenschwick;Clarholz;62.5;MEDIA-ALTA;7;2026-09-20;Germany_Oberliga_Westfalen;Germany_Oberliga_Westfalen;;Engine v1.3 | Squadra alta: Erkenschwick (5ª), squadra bassa: Clarholz (10ª) | GF alta: 1.17/gara | GS bassa: 2.33/gara | Profilo ultime 10: 0.70 | Real over index: 0.50;10.21;9.72;;;20.0;6.97;5.0;;;;1.3.0
2026-09-20;Peru_Liga1_Clausura;Juan Pablo 2;Moquegua;62.28;MEDIA-ALTA;11;2026-09-20;Peru_Liga1_Clausura;Peru_Liga1_Clausura;;Engine v1.3 | Squadra alta: Juan Pablo 2 (10ª), squadra bassa: Moquegua (16ª) | GF alta: 1.75/gara | GS bassa: 1.62/gara | Profilo ultime 10: 0.66 | Real over index: 0.44;9.87;14.58;;;14.77;6.57;4.38;;;;1.3.0
2026-09-20;Poland_Division2;S. Wola;R. Rzeszow;62.24;MEDIA-ALTA;10;2026-09-20;Poland_Division2;Poland_Division2;;Engine v1.3 | Squadra alta: S. Wola (14ª), squadra bassa: R. Rzeszow (18ª) | GF alta: 1.50/gara | GS bassa: 2.00/gara | Profilo ultime 10: 0.74 | Real over index: 0.62;6.58;12.5;;;18.18;7.35;6.25;;;;1.3.0
2026-09-20;Austria_Vorarlberg;Nenzing;Brauerei Egg;62.22;MEDIA-ALTA;6;2026-09-20;Austria_Vorarlberg;Austria_Vorarlberg;fourth tier;Engine v1.3 | Squadra alta: Brauerei Egg (2ª), squadra bassa: Nenzing (3ª) | GF alta: 2.50/gara | GS bassa: 0.75/gara | Profilo ultime 10: 0.69 | Real over index: 0.50;12.51;20.0;;;6.82;6.86;5.0;;;;1.3.0
2026-09-20;Italy_SerieA;Milan;Lecce;62.21;MEDIA-ALTA;6;2026-09-20;Italy_SerieA;Italy_SerieA;;Engine v1.3 | Squadra alta: Milan (5ª), squadra bassa: Lecce (11ª) | GF alta: 1.75/gara | GS bassa: 1.75/gara | Profilo ultime 10: 0.71 | Real over index: 0.50;7.2;14.58;;;15.91;7.13;5.0;;;;1.3.0
2026-09-20;Norway_Eliteserien;Vålerenga;Fredrikstad;62.21;MEDIA-ALTA;30;2026-09-20;Norway_Eliteserien;Norway_Eliteserien;;Engine v1.3 | Squadra alta: Fredrikstad (7ª), squadra bassa: Vålerenga (12ª) | GF alta: 1.20/gara | GS bassa: 2.10/gara | Profilo ultime 10: 0.77 | Real over index: 0.65;4.95;10.0;;;19.09;7.67;6.5;;;;1.3.0
2026-09-20;CzechRepublic_ChNL;Kladno;Pribram;62.12;MEDIA-ALTA;10;2026-09-20;CzechRepublic_ChNL;CzechRepublic_ChNL;;Engine v1.3 | Squadra alta: Pribram (7ª), squadra bassa: Kladno (11ª) | GF alta: 1.62/gara | GS bassa: 1.50/gara | Profilo ultime 10: 0.79 | Real over index: 0.62;6.82;13.54;;;13.64;7.87;6.25;;;;1.3.0
2026-09-20;Germany_Oberliga_Niederrhein;Meerbusch;SSVg Velbert;61.98;MEDIA-ALTA;9;2026-09-20;Germany_Oberliga_Niederrhein;Germany_Oberliga_Niederrhein;;Engine v1.3 | Squadra alta: SSVg Velbert (8ª), squadra bassa: Meerbusch (15ª) | GF alta: 2.00/gara | GS bassa: 1.25/gara | Profilo ultime 10: 0.63 | Real over index: 0.50;12.7;16.67;;;11.36;6.33;5.0;;;;1.3.0
2026-09-20;Spain_LaLiga;Villarreal;Levante;61.96;MEDIA-ALTA;10;2026-09-20;Spain_LaLiga;Spain_LaLiga;;Engine v1.3 | Squadra alta: Villarreal (14ª), squadra bassa: Levante (15ª) | GF alta: 1.67/gara | GS bassa: 1.80/gara | Profilo ultime 10: 0.85 | Real over index: 0.72;1.99;13.89;;;16.36;8.54;7.17;;;;1.3.0
2026-09-20;Spain_LaLiga;Valencia;Real Sociedad;61.95;MEDIA-ALTA;10;2026-09-20;Spain_LaLiga;Spain_LaLiga;;Engine v1.3 | Squadra alta: Real Sociedad (10ª), squadra bassa: Valencia (21ª) | GF alta: 1.20/gara | GS bassa: 2.00/gara | Profilo ultime 10: 0.64 | Real over index: 0.60;12.08;10.0;;;18.18;6.35;6.0;;;;1.3.0
2026-09-20;Ukraine_PershaLiga;Prykarpattya;UCSA;61.79;MEDIA-ALTA;8;2026-09-20;Ukraine_PershaLiga;Ukraine_PershaLiga;;Engine v1.3 | Squadra alta: Prykarpattya (5ª), squadra bassa: UCSA (10ª) | GF alta: 1.43/gara | GS bassa: 1.86/gara | Profilo ultime 10: 0.82 | Real over index: 0.71;5.29;11.9;;;16.88;8.19;7.14;;;;1.3.0
2026-09-20;England_Championship;Wolves;West Brom;61.77;MEDIA-ALTA;10;2026-09-20;England_Championship;England_Championship;;Engine v1.3 | Squadra alta: West Brom (3ª), squadra bassa: Wolves (13ª) | GF alta: 1.43/gara | GS bassa: 1.80/gara | Profilo ultime 10: 0.78 | Real over index: 0.61;7.16;11.9;;;16.36;7.81;6.14;;;;1.3.0
2026-09-20;Bosnia_WWINLigaBiH;Siroki Brijeg;Borac Banja Luka;61.57;MEDIA-ALTA;10;2026-09-20;Bosnia_WWINLigaBiH;Bosnia_WWINLigaBiH;;Engine v1.3 | Squadra alta: Borac Banja Luka (2ª), squadra bassa: Siroki Brijeg (7ª) | GF alta: 1.50/gara | GS bassa: 1.40/gara | Profilo ultime 10: 0.65 | Real over index: 0.47;14.62;12.5;;;12.73;6.46;4.67;;;;1.3.0
2026-09-20;Azerbaijan_PremierLeague;Shamakhi;Araz;61.54;MEDIA-ALTA;7;2026-09-20;Azerbaijan_PremierLeague;Azerbaijan_PremierLeague;;Engine v1.3 | Squadra alta: Shamakhi (6ª), squadra bassa: Araz (10ª) | GF alta: 1.20/gara | GS bassa: 2.20/gara | Profilo ultime 10: 0.61 | Real over index: 0.50;10.43;10.0;;;20.0;6.06;5.0;;;;1.3.0
2026-09-20;Germany_Oberliga_Niedersachsen;Spelle-Venhaus;Braunschweig U23;61.54;MEDIA-ALTA;8;2026-09-20;Germany_Oberliga_Niedersachsen;Germany_Oberliga_Niedersachsen;;Engine v1.3 | Squadra alta: Braunschweig U23 (3ª), squadra bassa: Spelle-Venhaus (5ª) | GF alta: 4.00/gara | GS bassa: 1.00/gara | Profilo ultime 10: 0.85 | Real over index: 0.75;2.49;20.0;;;9.09;8.46;7.5;;;;1.3.0
2026-09-20;Bulgaria_ParvaLiga;Spartak Varna;Lok. Sofia;61.53;MEDIA-ALTA;11;2026-09-20;Bulgaria_ParvaLiga;Bulgaria_ParvaLiga;;Engine v1.3 | Squadra alta: Spartak Varna (8ª), squadra bassa: Lok. Sofia (12ª) | GF alta: 1.10/gara | GS bassa: 2.00/gara | Profilo ultime 10: 0.69 | Real over index: 0.55;7.77;9.17;;;18.18;6.91;5.5;;;;1.3.0
2026-09-20;Switzerland_PromotionLeague;Bavois;Luzerna 2;61.43;MEDIA-ALTA;10;2026-09-20;Switzerland_PromotionLeague;Switzerland_PromotionLeague;;Engine v1.3 | Squadra alta: Bavois (15ª), squadra bassa: Luzerna 2 (17ª) | GF alta: 1.43/gara | GS bassa: 1.86/gara | Profilo ultime 10: 0.75 | Real over index: 0.57;6.26;11.9;;;16.88;7.52;5.71;;;;1.3.0
2026-09-20;Bosnia_PrvaLiga_FBiH;Travnik;Gradacac;61.37;MEDIA-ALTA;7;2026-09-20;Bosnia_PrvaLiga_FBiH;Bosnia_PrvaLiga_FBiH;double round robin inferred from league size.;Engine v1.3 | Squadra alta: Travnik (1ª), squadra bassa: Gradacac (10ª) | GF alta: 2.40/gara | GS bassa: 0.75/gara | Profilo ultime 10: 0.50 | Real over index: 0.30;18.92;20.0;;;6.82;5.03;3.0;;;;1.3.0
2026-09-20;Germany_Oberliga_Hamburg;Tesla Hamburg;Wandsbeker Concordia;61.22;MEDIA-ALTA;9;2026-09-20;Germany_Oberliga_Hamburg;Germany_Oberliga_Hamburg;;Engine v1.3 | Squadra alta: Tesla Hamburg (14ª), squadra bassa: Wandsbeker Concordia (15ª) | GF alta: 1.43/gara | GS bassa: 2.29/gara | Profilo ultime 10: 0.84 | Real over index: 0.64;0.45;11.9;;;20.0;8.44;6.43;;;;1.3.0
2026-09-20;Germany_Oberliga_Niedersachsen;Hildesheim;Lohne;61.21;MEDIA-ALTA;8;2026-09-20;Germany_Oberliga_Niedersachsen;Germany_Oberliga_Niedersachsen;;Engine v1.3 | Squadra alta: Hildesheim (6ª), squadra bassa: Lohne (7ª) | GF alta: 1.67/gara | GS bassa: 1.67/gara | Profilo ultime 10: 0.86 | Real over index: 0.75;2.04;13.89;;;15.15;8.62;7.5;;;;1.3.0
2026-09-20;Slovenia_2SNL;Triglav;Slovan Ljubljana;61.17;MEDIA-ALTA;8;2026-09-20;Slovenia_2SNL;Slovenia_2SNL;;Engine v1.3 | Squadra alta: Triglav (2ª), squadra bassa: Slovan Ljubljana (9ª) | GF alta: 1.67/gara | GS bassa: 1.83/gara | Profilo ultime 10: 0.74 | Real over index: 0.58;6.77;13.89;;;16.67;7.42;5.83;;;;1.3.0
2026-09-20;Slovenia_PrvaLiga;Grosuplje;Radomlje;61.14;MEDIA-ALTA;11;2026-09-20;Slovenia_PrvaLiga;Slovenia_PrvaLiga;;Engine v1.3 | Squadra alta: Grosuplje (8ª), squadra bassa: Radomlje (10ª) | GF alta: 1.33/gara | GS bassa: 2.00/gara | Profilo ultime 10: 0.77 | Real over index: 0.71;4.23;11.11;;;18.18;7.7;7.08;;;;1.3.0
2026-09-20;Sweden_Division2_SodraGotaland;Vaxjo Norra;Nosaby;61.13;MEDIA-ALTA;28;2026-09-20;Sweden_Division2_SodraGotaland;Sweden_Division2_SodraGotaland;;Engine v1.3 | Squadra alta: Vaxjo Norra (6ª), squadra bassa: Nosaby (7ª) | GF alta: 1.39/gara | GS bassa: 1.82/gara | Profilo ultime 10: 0.92 | Real over index: 0.90;0.78;11.59;;;16.53;9.23;9.0;;;;1.3.0
2026-09-20;Belarus_PershayaLiga;Molodechno;Ostrovets;61.01;MEDIA-ALTA;28;2026-09-20;Belarus_PershayaLiga;Belarus_PershayaLiga;;Engine v1.3 | Squadra alta: Molodechno (5ª), squadra bassa: Ostrovets (11ª) | GF alta: 1.71/gara | GS bassa: 1.42/gara | Profilo ultime 10: 0.76 | Real over index: 0.60;6.29;14.24;;;12.88;7.6;6.0;;;;1.3.0
2026-09-20;Belarus_VysshayaLiga;Dynamo Brest;Dnepr Mogilev;60.94;MEDIA-ALTA;27;2026-09-20;Belarus_VysshayaLiga;Belarus_VysshayaLiga;;Engine v1.3 | Squadra alta: Dynamo Brest (5ª), squadra bassa: Dnepr Mogilev (15ª) | GF alta: 1.55/gara | GS bassa: 1.45/gara | Profilo ultime 10: 0.62 | Real over index: 0.45;14.23;12.88;;;13.22;6.19;4.5;;;;1.3.0
2026-09-20;Germany_Oberliga_Niedersachsen;Vorsfelde;Luneburger Hansa;60.91;MEDIA-ALTA;8;2026-09-20;Germany_Oberliga_Niedersachsen;Germany_Oberliga_Niedersachsen;;Engine v1.3 | Squadra alta: Luneburger Hansa (13ª), squadra bassa: Vorsfelde (15ª) | GF alta: 1.67/gara | GS bassa: 2.67/gara | Profilo ultime 10: 0.79 | Real over index: 0.83;0.91;13.89;;;20.0;7.87;8.33;;;;1.3.0
2026-09-20;Denmark_2ndDivision;Thisted;Brabrand;60.83;MEDIA-ALTA;9;2026-09-20;Denmark_2ndDivision;Denmark_2ndDivision;;Engine v1.3 | Squadra alta: Brabrand (10ª), squadra bassa: Thisted (12ª) | GF alta: 1.14/gara | GS bassa: 2.43/gara | Profilo ultime 10: 0.69 | Real over index: 0.64;6.85;9.52;;;20.0;6.86;6.43;;;;1.3.0
2026-09-20;Norway_2ndDivision_Group2;Skeid;Tromsdalen;60.83;MEDIA-ALTA;25;2026-09-20;Norway_2ndDivision_Group2;Norway_2ndDivision_Group2;;Engine v1.3 | Squadra alta: Tromsdalen (7ª), squadra bassa: Skeid (11ª) | GF alta: 1.38/gara | GS bassa: 1.90/gara | Profilo ultime 10: 0.74 | Real over index: 0.60;4.64;11.51;;;17.27;7.41;6.0;;;;1.3.0
2026-09-20;Poland_Ekstraklasa;Zaglebie;Plock;60.79;MEDIA-ALTA;11;2026-09-20;Poland_Ekstraklasa;Poland_Ekstraklasa;;Engine v1.3 | Squadra alta: Zaglebie (5ª), squadra bassa: Plock (13ª) | GF alta: 1.38/gara | GS bassa: 1.71/gara | Profilo ultime 10: 0.66 | Real over index: 0.54;10.6;11.46;;;15.58;6.57;5.36;;;;1.3.0
2026-09-20;France_Ligue1;Auxerre;Brest;60.61;MEDIA-ALTA;6;2026-09-20;France_Ligue1;France_Ligue1;;Engine v1.3 | Squadra alta: Brest (8ª), squadra bassa: Auxerre (11ª) | GF alta: 1.33/gara | GS bassa: 2.00/gara | Profilo ultime 10: 0.73 | Real over index: 0.67;4.54;11.11;;;18.18;7.28;6.67;;;;1.3.0
2026-09-20;CzechRepublic_ChNL;Vlasim;Taborsko;60.59;MEDIA-ALTA;10;2026-09-20;CzechRepublic_ChNL;CzechRepublic_ChNL;;Engine v1.3 | Squadra alta: Taborsko (6ª), squadra bassa: Vlasim (10ª) | GF alta: 1.50/gara | GS bassa: 1.62/gara | Profilo ultime 10: 0.79 | Real over index: 0.62;6.82;12.5;;;14.77;7.86;6.25;;;;1.3.0
2026-09-20;Norway_2ndDivision_Group2;Grorud;Kjelsaas;60.52;MEDIA-ALTA;25;2026-09-20;Norway_2ndDivision_Group2;Norway_2ndDivision_Group2;;Engine v1.3 | Squadra alta: Kjelsaas (2ª), squadra bassa: Grorud (5ª) | GF alta: 2.30/gara | GS bassa: 0.90/gara | Profilo ultime 10: 0.71 | Real over index: 0.50;7.02;19.17;;;8.18;7.15;5.0;;;;1.3.0
2026-09-20;Sweden_Superettan;Sundsvall;Ljungskile;60.52;MEDIA-ALTA;30;2026-09-20;Sweden_Superettan;Sweden_Superettan;;Engine v1.3 | Squadra alta: Ljungskile (10ª), squadra bassa: Sundsvall (16ª) | GF alta: 1.29/gara | GS bassa: 2.12/gara | Profilo ultime 10: 0.62 | Real over index: 0.55;7.85;10.76;;;19.32;6.21;5.5;;;;1.3.0
2026-09-20;Sweden_Division2_NorraGotaland;Lidkoping;Vanersborgs IF;60.49;MEDIA-ALTA;25;2026-09-20;Sweden_Division2_NorraGotaland;Sweden_Division2_NorraGotaland;;Engine v1.3 | Squadra alta: Lidkoping (9ª), squadra bassa: Vanersborgs IF (13ª) | GF alta: 1.14/gara | GS bassa: 2.52/gara | Profilo ultime 10: 0.61 | Real over index: 0.55;6.55;9.47;;;20.0;6.14;5.5;;;;1.3.0
2026-09-20;Switzerland_PromotionLeague;Kreuzlingen;Zurigo 2;60.41;MEDIA-ALTA;10;2026-09-20;Switzerland_PromotionLeague;Switzerland_PromotionLeague;;Engine v1.3 | Squadra alta: Zurigo 2 (10ª), squadra bassa: Kreuzlingen (16ª) | GF alta: 1.57/gara | GS bassa: 1.43/gara | Profilo ultime 10: 0.78 | Real over index: 0.71;6.52;13.1;;;12.99;7.83;7.14;;;;1.3.0
2026-09-20;Ukraine_PershaLiga;Fenix Mariupol;Zhytomyr 2;60.24;MEDIA-ALTA;8;2026-09-20;Ukraine_PershaLiga;Ukraine_PershaLiga;;Engine v1.3 | Squadra alta: Fenix Mariupol (9ª), squadra bassa: Zhytomyr 2 (12ª) | GF alta: 1.29/gara | GS bassa: 1.71/gara | Profilo ultime 10: 0.73 | Real over index: 0.57;6.99;10.71;;;15.58;7.32;5.71;;;;1.3.0
2026-09-20;Bosnia_PrvaLiga_RS;Omarska;Slavija;60.23;MEDIA-ALTA;7;2026-09-20;Bosnia_PrvaLiga_RS;Bosnia_PrvaLiga_RS;;Engine v1.3 | Squadra alta: Slavija (9ª), squadra bassa: Omarska (14ª) | GF alta: 1.25/gara | GS bassa: 1.50/gara | Profilo ultime 10: 0.72 | Real over index: 0.75;10.11;10.42;;;13.64;7.19;7.5;;;;1.3.0
2026-09-20;Armenia_PremierLeague;Shirak;Ararat-Armenia;60.16;MEDIA-ALTA;11;2026-09-20;Armenia_PremierLeague;Armenia_PremierLeague;;Engine v1.3 | Squadra alta: Ararat-Armenia (3ª), squadra bassa: Shirak (7ª) | GF alta: 2.00/gara | GS bassa: 1.00/gara | Profilo ultime 10: 0.68 | Real over index: 0.43;10.97;16.67;;;9.09;6.76;4.29;;;;1.3.0
2026-09-20;Albania_AbissnetSuperiore;Tirana;AF Elbasani;60.14;MEDIA-ALTA;6;2026-09-20;Albania_AbissnetSuperiore;Albania_AbissnetSuperiore;;Engine v1.3 | Squadra alta: AF Elbasani (5ª), squadra bassa: Tirana (6ª) | GF alta: 1.33/gara | GS bassa: 1.75/gara | Profilo ultime 10: 0.80 | Real over index: 0.71;4.03;11.11;;;15.91;8.01;7.08;;;;1.3.0
2026-09-20;Germany_Oberliga_Bayern_Nord;Ammerthal;Nordlingen;60.12;MEDIA-ALTA;16;2026-09-20;Germany_Oberliga_Bayern_Nord;Germany_Oberliga_Bayern_Nord;;Engine v1.3 | Squadra alta: Nordlingen (15ª), squadra bassa: Ammerthal (18ª) | GF alta: 1.10/gara | GS bassa: 2.44/gara | Profilo ultime 10: 0.71 | Real over index: 0.64;4.64;9.17;;;20.0;7.09;6.39;;;;1.3.0
2026-09-20;Spain_LaLiga;Atl. Madrid;Real Madrid;60.07;MEDIA-ALTA;10;2026-09-20;Spain_LaLiga;Spain_LaLiga;;Engine v1.3 | Squadra alta: Atl. Madrid (2ª), squadra bassa: Real Madrid (3ª) | GF alta: 2.33/gara | GS bassa: 1.00/gara | Profilo ultime 10: 0.84 | Real over index: 0.82;2.63;19.44;;;9.09;8.36;8.17;;;;1.3.0
2026-09-20;CzechRepublic_3CFL_GroupA;Admira Prague;Pisek;59.8;MEDIA;9;2026-09-20;CzechRepublic_3CFL_GroupA;CzechRepublic_3CFL_GroupA;CzechRepublic_3rdTier;Engine v1.3 | Squadra alta: Pisek (16ª), squadra bassa: Admira Prague (19ª) | GF alta: 1.67/gara | GS bassa: 1.83/gara | Profilo ultime 10: 0.74 | Real over index: 0.58;3.13;13.89;;;16.67;7.45;5.83;;;;1.3.0
2026-09-20;Italy_SerieB;Arezzo;Südtirol;59.65;MEDIA;6;2026-09-20;Italy_SerieB;Italy_SerieB;;Engine v1.3 | Squadra alta: Südtirol (8ª), squadra bassa: Arezzo (17ª) | GF alta: 1.33/gara | GS bassa: 2.67/gara | Profilo ultime 10: 0.58 | Real over index: 0.33;10.0;11.11;;;20.0;5.78;3.33;;;;1.3.0
2026-09-20;Turkey_SuperLig;Amedspor;Besiktas;59.51;MEDIA;7;2026-09-20;Turkey_SuperLig;Turkey_SuperLig;;Engine v1.3 | Squadra alta: Besiktas (1ª), squadra bassa: Amedspor (2ª) | GF alta: 2.40/gara | GS bassa: 1.00/gara | Profilo ultime 10: 0.78 | Real over index: 0.70;4.27;20.0;;;9.09;7.85;7.0;;;;1.3.0
2026-09-20;Sweden_Allsvenskan;Kalmar;Hacken;59.17;MEDIA;29;2026-09-20;Sweden_Allsvenskan;Sweden_Allsvenskan;;Engine v1.3 | Squadra alta: Hacken (6ª), squadra bassa: Kalmar (13ª) | GF alta: 1.62/gara | GS bassa: 1.48/gara | Profilo ultime 10: 0.55 | Real over index: 0.40;9.95;13.49;;;13.42;5.47;4.0;;;;1.3.0
2026-09-20;Croatia_PrvaNL;Kustosija;Croatia Zmijavci;59.12;MEDIA;7;2026-09-20;Croatia_PrvaNL;Croatia_PrvaNL;;Engine v1.3 | Squadra alta: Croatia Zmijavci (2ª), squadra bassa: Kustosija (15ª) | GF alta: 1.80/gara | GS bassa: 0.80/gara | Profilo ultime 10: 0.51 | Real over index: 0.40;20.02;15.0;;;7.27;5.11;4.0;;;;1.3.0
2026-09-20;SouthKorea_KLeague1;Pohang;Seoul;59.09;MEDIA;30;2026-09-20;SouthKorea_KLeague1;SouthKorea_KLeague1;;Engine v1.3 | Squadra alta: Seoul (1ª), squadra bassa: Pohang (8ª) | GF alta: 1.90/gara | GS bassa: 1.14/gara | Profilo ultime 10: 0.58 | Real over index: 0.45;13.12;15.8;;;10.34;5.82;4.5;;;;1.3.0
2026-09-20;Romania_Superliga;Din. Bucuresti;Farul Constanta;58.91;MEDIA;11;2026-09-20;Romania_Superliga;Romania_Superliga;;Engine v1.3 | Squadra alta: Din. Bucuresti (2ª), squadra bassa: Farul Constanta (5ª) | GF alta: 2.11/gara | GS bassa: 1.11/gara | Profilo ultime 10: 0.71 | Real over index: 0.50;7.9;17.59;;;10.1;7.13;5.0;;;;1.3.0
2026-09-20;Germany_Oberliga_NOFV_Nord;Sparta Lichtenberg;Neustrelitz;58.89;MEDIA;6;2026-09-20;Germany_Oberliga_NOFV_Nord;Germany_Oberliga_NOFV_Nord;;Engine v1.3 | Squadra alta: Neustrelitz (13ª), squadra bassa: Sparta Lichtenberg (15ª) | GF alta: 1.75/gara | GS bassa: 1.75/gara | Profilo ultime 10: 0.74 | Real over index: 0.62;3.41;14.58;;;15.91;7.37;6.25;;;;1.3.0
2026-09-20;CzechRepublic_3CFL_GroupB;Brozany;Neratovice;58.56;MEDIA;8;2026-09-20;CzechRepublic_3CFL_GroupB;CzechRepublic_3CFL_GroupB;CzechRepublic_3rdTier;Engine v1.3 | Squadra alta: Brozany (20ª), squadra bassa: Neratovice (25ª) | GF alta: 1.00/gara | GS bassa: 3.17/gara | Profilo ultime 10: 0.71 | Real over index: 0.50;4.16;8.33;;;20.0;7.07;5.0;;;;1.3.0
2026-09-20;CzechRepublic_3MSFL;Unicov;Uhersky Brod;58.46;MEDIA;10;2026-09-20;CzechRepublic_3MSFL;CzechRepublic_3MSFL;;Engine v1.3 | Squadra alta: Unicov (6ª), squadra bassa: Uhersky Brod (11ª) | GF alta: 1.62/gara | GS bassa: 1.38/gara | Profilo ultime 10: 0.75 | Real over index: 0.56;5.6;13.54;;;12.5;7.46;5.62;;;;1.3.0
2026-09-20;England_PremierLeague;Manchester City;Sunderland;58.41;MEDIA;6;2026-09-20;England_PremierLeague;England_PremierLeague;;Engine v1.3 | Squadra alta: Manchester City (1ª), squadra bassa: Sunderland (12ª) | GF alta: 2.00/gara | GS bassa: 1.00/gara | Profilo ultime 10: 0.48 | Real over index: 0.25;18.76;16.67;;;9.09;4.81;2.5;;;;1.3.0
2026-09-20;Poland_Ekstraklasa;Jagiellonia;Legia;58.35;MEDIA;11;2026-09-20;Poland_Ekstraklasa;Poland_Ekstraklasa;;Engine v1.3 | Squadra alta: Legia (3ª), squadra bassa: Jagiellonia (8ª) | GF alta: 2.00/gara | GS bassa: 1.43/gara | Profilo ultime 10: 0.73 | Real over index: 0.47;4.99;16.67;;;12.99;7.27;4.73;;;;1.3.0
2026-09-20;Croatia_HNL;Rijeka;Hajduk Split;58.23;MEDIA;6;2026-09-20;Croatia_HNL;Croatia_HNL;10 clubs, quadruple round robin;Engine v1.3 | Squadra alta: Hajduk Split (1ª), squadra bassa: Rijeka (2ª) | GF alta: 2.75/gara | GS bassa: 1.00/gara | Profilo ultime 10: 0.68 | Real over index: 0.50;10.39;20.0;;;9.09;6.75;5.0;;;;1.3.0
2026-09-20;Italy_SerieC_GironeA;Arzignano;Renate;58.15;MEDIA;6;2026-09-20;Italy_SerieC_GironeA;Italy_SerieC_GironeA;;Engine v1.3 | Squadra alta: Arzignano (9ª), squadra bassa: Renate (16ª) | GF alta: 1.25/gara | GS bassa: 1.25/gara | Profilo ultime 10: 0.64 | Real over index: 0.62;12.37;10.42;;;11.36;6.38;6.25;;;;1.3.0
2026-09-20;Hungary_NBII;Soroksar;Tiszakecske;58.13;MEDIA;8;2026-09-20;Hungary_NBII;Hungary_NBII;;Engine v1.3 | Squadra alta: Soroksar (1ª), squadra bassa: Tiszakecske (2ª) | GF alta: 2.86/gara | GS bassa: 1.00/gara | Profilo ultime 10: 0.73 | Real over index: 0.57;5.96;20.0;;;9.09;7.29;5.71;;;;1.3.0
2026-09-20;Germany_Oberliga_BadenWurttemberg;Karlsruher 2;Ravensburg;58.09;MEDIA;11;2026-09-20;Germany_Oberliga_BadenWurttemberg;Germany_Oberliga_BadenWurttemberg;;Engine v1.3 | Squadra alta: Ravensburg (10ª), squadra bassa: Karlsruher 2 (14ª) | GF alta: 1.14/gara | GS bassa: 1.86/gara | Profilo ultime 10: 0.69 | Real over index: 0.57;5.9;9.52;;;16.88;6.92;5.71;;;;1.3.0
2026-09-20;Slovakia_NikeLiga;Dun. Streda;Trnava;58.01;MEDIA;9;2026-09-20;Slovakia_NikeLiga;Slovakia_NikeLiga;;Engine v1.3 | Squadra alta: Dun. Streda (1ª), squadra bassa: Trnava (2ª) | GF alta: 3.29/gara | GS bassa: 1.00/gara | Profilo ultime 10: 0.73 | Real over index: 0.60;6.32;20.0;;;9.09;7.31;5.98;;;;1.3.0
2026-09-20;Andorra_PrimeraDivisio;Inter Escaldes;FC Rangers;57.82;MEDIA;3;2026-09-20;Andorra_PrimeraDivisio;Andorra_PrimeraDivisio;;Engine v1.3 | Squadra alta: Inter Escaldes (4ª), squadra bassa: FC Rangers (5ª) | GF alta: 2.50/gara | GS bassa: 1.00/gara | Profilo ultime 10: 0.80 | Real over index: 0.75;0.86;20.0;;;9.09;7.98;7.5;;;;1.3.0
2026-09-20;Italy_SerieC_GironeA;Ospitaletto;Cittadella;57.8;MEDIA;6;2026-09-20;Italy_SerieC_GironeA;Italy_SerieC_GironeA;;Engine v1.3 | Squadra alta: Cittadella (1ª), squadra bassa: Ospitaletto (4ª) | GF alta: 1.75/gara | GS bassa: 1.00/gara | Profilo ultime 10: 0.74 | Real over index: 0.62;10.75;14.58;;;9.09;7.44;6.25;;;;1.3.0
2026-09-20;CzechRepublic_4Liga_GroupF;Frydek-Mistek B;Frydlant n. O.;57.66;MEDIA;8;2026-09-20;CzechRepublic_4Liga_GroupF;CzechRepublic_4Liga_GroupF;CzechRepublic_4Liga;Engine v1.3 | Squadra alta: Frydek-Mistek B (90ª), squadra bassa: Frydlant n. O. (94ª) | GF alta: 0.83/gara | GS bassa: 3.83/gara | Profilo ultime 10: 0.75 | Real over index: 0.83;2.05;6.94;;;20.0;7.49;8.33;;;;1.3.0
2026-09-20;Denmark_1stDivision;Fredericia;Vejle;57.6;MEDIA;11;2026-09-20;Denmark_1stDivision;Denmark_1stDivision;;Engine v1.3 | Squadra alta: Vejle (1ª), squadra bassa: Fredericia (3ª) | GF alta: 2.50/gara | GS bassa: 0.50/gara | Profilo ultime 10: 0.67 | Real over index: 0.50;7.36;20.0;;;4.55;6.7;5.0;;;;1.3.0
2026-09-20;Ukraine_PremierLeague;Karpaty Lviv;Veres-Rivne;57.44;MEDIA;8;2026-09-20;Ukraine_PremierLeague;Ukraine_PremierLeague;;Engine v1.3 | Squadra alta: Karpaty Lviv (3ª), squadra bassa: Veres-Rivne (10ª) | GF alta: 2.33/gara | GS bassa: 0.80/gara | Profilo ultime 10: 0.53 | Real over index: 0.43;13.96;19.44;;;7.27;5.34;4.33;;;;1.3.0
2026-09-20;Spain_LaLiga2;Almeria;Celta Vigo B;57.37;MEDIA;7;2026-09-20;Spain_LaLiga2;Spain_LaLiga2;;Engine v1.3 | Squadra alta: Almeria (5ª), squadra bassa: Celta Vigo B (11ª) | GF alta: 1.60/gara | GS bassa: 1.60/gara | Profilo ultime 10: 0.72 | Real over index: 0.50;6.01;13.33;;;14.55;7.17;5.0;;;;1.3.0
2026-09-20;CzechRepublic_ChNL;Ostrava B;Usti n. L.;57.33;MEDIA;10;2026-09-20;CzechRepublic_ChNL;CzechRepublic_ChNL;;Engine v1.3 | Squadra alta: Usti n. L. (4ª), squadra bassa: Ostrava B (8ª) | GF alta: 1.62/gara | GS bassa: 1.25/gara | Profilo ultime 10: 0.76 | Real over index: 0.56;6.82;13.54;;;11.36;7.59;5.62;;;;1.3.0
2026-09-20;Italy_SerieC_GironeB;Grosseto;Perugia;57.19;MEDIA;6;2026-09-20;Italy_SerieC_GironeB;Italy_SerieC_GironeB;;Engine v1.3 | Squadra alta: Grosseto (5ª), squadra bassa: Perugia (11ª) | GF alta: 1.40/gara | GS bassa: 1.80/gara | Profilo ultime 10: 0.68 | Real over index: 0.60;6.24;11.67;;;16.36;6.78;6.0;;;;1.3.0
2026-09-20;Germany_Oberliga_Westfalen;TuS Hordel;Hiltrup;57.18;MEDIA;7;2026-09-20;Germany_Oberliga_Westfalen;Germany_Oberliga_Westfalen;;Engine v1.3 | Squadra alta: TuS Hordel (13ª), squadra bassa: Hiltrup (17ª) | GF alta: 1.33/gara | GS bassa: 2.50/gara | Profilo ultime 10: 0.60 | Real over index: 0.42;4.99;11.11;;;20.0;6.02;4.17;;;;1.3.0
2026-09-20;Montenegro_PrvaCrnogorskaLiga;Otrant;Jezero;57.08;MEDIA;11;2026-09-20;Montenegro_PrvaCrnogorskaLiga;Montenegro_PrvaCrnogorskaLiga;;Engine v1.3 | Squadra alta: Otrant (3ª), squadra bassa: Jezero (8ª) | GF alta: 1.38/gara | GS bassa: 1.38/gara | Profilo ultime 10: 0.66 | Real over index: 0.56;9.04;11.46;;;12.5;6.56;5.62;;;;1.3.0
2026-09-20;Azerbaijan_PremierLeague;Kapaz;Sumqayit;57.05;MEDIA;7;2026-09-20;Azerbaijan_PremierLeague;Azerbaijan_PremierLeague;;Engine v1.3 | Squadra alta: Kapaz (7ª), squadra bassa: Sumqayit (11ª) | GF alta: 0.75/gara | GS bassa: 1.75/gara | Profilo ultime 10: 0.50 | Real over index: 0.38;14.72;6.25;;;15.91;5.05;3.75;;;;1.3.0
2026-09-20;Bulgaria_VtoraLiga;Etar;Chernomorets 1919;56.85;MEDIA;10;2026-09-20;Bulgaria_VtoraLiga;Bulgaria_VtoraLiga;;Engine v1.3 | Squadra alta: Chernomorets 1919 (8ª), squadra bassa: Etar (12ª) | GF alta: 1.43/gara | GS bassa: 1.86/gara | Profilo ultime 10: 0.67 | Real over index: 0.50;5.9;11.9;;;16.88;6.65;5.0;;;;1.3.0
2026-09-20;Spain_LaLiga2;Las Palmas;Burgos CF;56.48;MEDIA;7;2026-09-20;Spain_LaLiga2;Spain_LaLiga2;;Engine v1.3 | Squadra alta: Burgos CF (7ª), squadra bassa: Las Palmas (12ª) | GF alta: 1.60/gara | GS bassa: 1.50/gara | Profilo ultime 10: 0.73 | Real over index: 0.55;3.26;13.33;;;13.64;7.28;5.5;;;;1.3.0
2026-09-20;Sweden_Division1_Norra;Pitea;Jarfalla;56.39;MEDIA;25;2026-09-20;Sweden_Division1_Norra;Sweden_Division1_Norra;;Engine v1.3 | Squadra alta: Jarfalla (14ª), squadra bassa: Pitea (15ª) | GF alta: 1.32/gara | GS bassa: 1.95/gara | Profilo ultime 10: 0.70 | Real over index: 0.55;1.81;10.98;;;17.77;6.96;5.5;;;;1.3.0
2026-09-20;Turkey_SuperLig;Erzurumspor;Samsunspor;56.24;MEDIA;7;2026-09-20;Turkey_SuperLig;Turkey_SuperLig;;Engine v1.3 | Squadra alta: Erzurumspor (15ª), squadra bassa: Samsunspor (18ª) | GF alta: 0.50/gara | GS bassa: 2.75/gara | Profilo ultime 10: 0.57 | Real over index: 0.50;8.51;4.17;;;20.0;5.73;5.0;;;;1.3.0
2026-09-20;CzechRepublic_3MSFL;Vitkovice;Artis Brno B;56.11;MEDIA;10;2026-09-20;CzechRepublic_3MSFL;CzechRepublic_3MSFL;;Engine v1.3 | Squadra alta: Artis Brno B (1ª), squadra bassa: Vitkovice (10ª) | GF alta: 2.12/gara | GS bassa: 0.88/gara | Profilo ultime 10: 0.53 | Real over index: 0.31;15.56;17.71;;;7.95;5.25;3.12;;;;1.3.0
2026-09-20;Serbia_SuperLiga;Zeleznicar Pancevo;Cukaricki;56.09;MEDIA;12;2026-09-20;Serbia_SuperLiga;Serbia_SuperLiga;;Engine v1.3 | Squadra alta: Zeleznicar Pancevo (8ª), squadra bassa: Cukaricki (9ª) | GF alta: 1.50/gara | GS bassa: 1.78/gara | Profilo ultime 10: 0.71 | Real over index: 0.53;1.97;12.5;;;16.16;7.13;5.28;;;;1.3.0
2026-09-20;Germany_Oberliga_Hessen;Kassel 2;CSC 03 Kassel;56.06;MEDIA;12;2026-09-20;Germany_Oberliga_Hessen;Germany_Oberliga_Hessen;;Engine v1.3 | Squadra alta: CSC 03 Kassel (12ª), squadra bassa: Kassel 2 (13ª) | GF alta: 1.22/gara | GS bassa: 1.78/gara | Profilo ultime 10: 0.76 | Real over index: 0.56;2.57;10.19;;;16.16;7.58;5.56;;;;1.3.0
2026-09-20;Germany_Oberliga_NOFV_Sud;Bautzen;Glauchau;56.02;MEDIA;6;2026-09-20;Germany_Oberliga_NOFV_Sud;Germany_Oberliga_NOFV_Sud;;Engine v1.3 | Squadra alta: Bautzen (12ª), squadra bassa: Glauchau (14ª) | GF alta: 1.00/gara | GS bassa: 2.25/gara | Profilo ultime 10: 0.66 | Real over index: 0.62;3.41;8.33;;;20.0;6.65;6.25;;;;1.3.0
2026-09-20;Germany_Bundesliga;Paderborn;Hoffenheim;55.97;MEDIA;5;2026-09-20;Germany_Bundesliga;Germany_Bundesliga;;Engine v1.3 | Squadra alta: Hoffenheim (13ª), squadra bassa: Paderborn (15ª) | GF alta: 2.00/gara | GS bassa: 1.33/gara | Profilo ultime 10: 0.62 | Real over index: 0.67;7.26;16.67;;;12.12;6.25;6.67;;;;1.3.0
2026-09-20;Bosnia_PrvaLiga_FBiH;Posusje;GOSK Gabela;55.94;MEDIA;7;2026-09-20;Bosnia_PrvaLiga_FBiH;Bosnia_PrvaLiga_FBiH;double round robin inferred from league size.;Engine v1.3 | Squadra alta: GOSK Gabela (2ª), squadra bassa: Posusje (5ª) | GF alta: 2.00/gara | GS bassa: 1.00/gara | Profilo ultime 10: 0.65 | Real over index: 0.45;11.07;16.67;;;9.09;6.53;4.5;;;;1.3.0
2026-09-20;Norway_2ndDivision_Group1;Pors;Lysekloster;55.93;MEDIA;21;2026-09-20;Norway_2ndDivision_Group1;Norway_2ndDivision_Group1;;Engine v1.3 | Squadra alta: Pors (10ª), squadra bassa: Lysekloster (12ª) | GF alta: 1.00/gara | GS bassa: 2.11/gara | Profilo ultime 10: 0.63 | Real over index: 0.50;3.69;8.33;;;19.14;6.31;5.0;;;;1.3.0
2026-09-20;Germany_Oberliga_Niederrhein;Germania Ratingen;Dusseldorf 2;55.89;MEDIA;9;2026-09-20;Germany_Oberliga_Niederrhein;Germany_Oberliga_Niederrhein;;Engine v1.3 | Squadra alta: Dusseldorf 2 (7ª), squadra bassa: Germania Ratingen (11ª) | GF alta: 1.40/gara | GS bassa: 1.50/gara | Profilo ultime 10: 0.70 | Real over index: 0.45;5.63;11.67;;;13.64;7.0;4.5;;;;1.3.0
2026-09-20;Switzerland_ChallengeLeague;Yverdon;Lausanne Ouchy;55.78;MEDIA;10;2026-09-20;Switzerland_ChallengeLeague;Switzerland_ChallengeLeague;;Engine v1.3 | Squadra alta: Lausanne Ouchy (1ª), squadra bassa: Yverdon (3ª) | GF alta: 2.12/gara | GS bassa: 1.12/gara | Profilo ultime 10: 0.68 | Real over index: 0.44;7.67;17.71;;;10.23;6.78;4.38;;;;1.3.0
2026-09-20;Estonia_Meistriliiga;Tammeka;Kalju;55.74;MEDIA;33;2026-09-20;Estonia_Meistriliiga;Estonia_Meistriliiga;;Engine v1.3 | Squadra alta: Kalju (4ª), squadra bassa: Tammeka (5ª) | GF alta: 1.78/gara | GS bassa: 1.56/gara | Profilo ultime 10: 0.77 | Real over index: 0.55;1.56;14.81;;;14.14;7.73;5.5;;;;1.3.0
2026-09-20;Spain_LaLiga;A Coruna;Betis;55.74;MEDIA;10;2026-09-20;Spain_LaLiga;Spain_LaLiga;;Engine v1.3 | Squadra alta: Betis (4ª), squadra bassa: A Coruna (7ª) | GF alta: 1.40/gara | GS bassa: 1.17/gara | Profilo ultime 10: 0.65 | Real over index: 0.37;9.8;11.67;;;10.61;6.54;3.67;;;;1.3.0
2026-09-20;Austria_Bundesliga;Salzburg;Sturm Graz;55.73;MEDIA;9;2026-09-20;Austria_Bundesliga;Austria_Bundesliga;;Engine v1.3 | Squadra alta: Salzburg (3ª), squadra bassa: Sturm Graz (4ª) | GF alta: 2.50/gara | GS bassa: 1.00/gara | Profilo ultime 10: 0.64 | Real over index: 0.42;5.47;20.0;;;9.09;6.42;4.17;;;;1.3.0
2026-09-20;Latvia_Virsliga;Auda;RFS;55.69;MEDIA;33;2026-09-20;Latvia_Virsliga;Latvia_Virsliga;;Engine v1.3 | Squadra alta: RFS (2ª), squadra bassa: Auda (3ª) | GF alta: 2.54/gara | GS bassa: 1.00/gara | Profilo ultime 10: 0.58 | Real over index: 0.35;5.94;20.0;;;9.09;5.81;3.5;;;;1.3.0
2026-09-20;Belgium_ChallengerProLeague;Sporting Lokeren;Virton;55.63;MEDIA;7;2026-09-20;Belgium_ChallengerProLeague;Belgium_ChallengerProLeague;;Engine v1.3 | Squadra alta: Virton (6ª), squadra bassa: Sporting Lokeren (7ª) | GF alta: 2.00/gara | GS bassa: 1.67/gara | Profilo ultime 10: 0.78 | Real over index: 0.67;0.51;16.67;;;15.15;7.83;6.67;;;;1.3.0
2026-09-20;Norway_Eliteserien;Sandefjord;Start;55.6;MEDIA;30;2026-09-20;Norway_Eliteserien;Norway_Eliteserien;;Engine v1.3 | Squadra alta: Sandefjord (13ª), squadra bassa: Start (16ª) | GF alta: 0.90/gara | GS bassa: 2.05/gara | Profilo ultime 10: 0.66 | Real over index: 0.60;3.45;7.5;;;18.64;6.6;6.0;;;;1.3.0
2026-09-20;Croatia_PrvaNL;Karlovac;Dubrava;55.5;MEDIA;7;2026-09-20;Croatia_PrvaNL;Croatia_PrvaNL;;Engine v1.3 | Squadra alta: Karlovac (9ª), squadra bassa: Dubrava (13ª) | GF alta: 1.40/gara | GS bassa: 1.20/gara | Profilo ultime 10: 0.72 | Real over index: 0.70;5.87;11.67;;;10.91;7.22;7.0;;;;1.3.0
2026-09-20;Armenia_PremierLeague;Ararat;Syunik;55.21;MEDIA;11;2026-09-20;Armenia_PremierLeague;Armenia_PremierLeague;;Engine v1.3 | Squadra alta: Ararat (9ª), squadra bassa: Syunik (12ª) | GF alta: 0.71/gara | GS bassa: 2.29/gara | Profilo ultime 10: 0.58 | Real over index: 0.64;7.55;5.95;;;20.0;5.79;6.43;;;;1.3.0
2026-09-20;Netherlands_EredivisieWomen;PEC Zwolle D;De Graafschap D;55.2;MEDIA;5;2026-09-20;Netherlands_EredivisieWomen;Netherlands_EredivisieWomen;;Engine v1.3 | Squadra alta: De Graafschap D (6ª), squadra bassa: PEC Zwolle D (7ª) | GF alta: 1.00/gara | GS bassa: 2.50/gara | Profilo ultime 10: 0.70 | Real over index: 0.50;0.86;8.33;;;20.0;7.02;5.0;;;;1.3.0
2026-09-20;Norway_2ndDivision_Group1;Notodden;Arendal;55.06;MEDIA;21;2026-09-20;Norway_2ndDivision_Group1;Norway_2ndDivision_Group1;;Engine v1.3 | Squadra alta: Notodden (6ª), squadra bassa: Arendal (9ª) | GF alta: 1.37/gara | GS bassa: 1.58/gara | Profilo ultime 10: 0.73 | Real over index: 0.60;4.79;11.4;;;14.35;7.27;6.0;;;;1.3.0
2026-09-20;CzechRepublic_3CFL_GroupB;Caslav;Horni Redice;54.87;MEDIA;8;2026-09-20;CzechRepublic_3CFL_GroupB;CzechRepublic_3CFL_GroupB;CzechRepublic_3rdTier;Engine v1.3 | Squadra alta: Horni Redice (22ª), squadra bassa: Caslav (30ª) | GF alta: 0.60/gara | GS bassa: 2.40/gara | Profilo ultime 10: 0.48 | Real over index: 0.40;11.73;5.0;;;20.0;4.81;4.0;;;;1.3.0
2026-09-20;Sweden_Division2_NorraSvealand;Viggbyholms;Helges;54.62;MEDIA;23;2026-09-20;Sweden_Division2_NorraSvealand;Sweden_Division2_NorraSvealand;;Engine v1.3 | Squadra alta: Viggbyholms (12ª), squadra bassa: Helges (14ª) | GF alta: 0.81/gara | GS bassa: 2.43/gara | Profilo ultime 10: 0.62 | Real over index: 0.60;3.91;6.75;;;20.0;6.24;6.0;;;;1.3.0
2026-09-20;Latvia_Virsliga;Tukums 2000;Grobina;54.59;MEDIA;33;2026-09-20;Latvia_Virsliga;Latvia_Virsliga;;Engine v1.3 | Squadra alta: Tukums 2000 (8ª), squadra bassa: Grobina (9ª) | GF alta: 1.48/gara | GS bassa: 1.84/gara | Profilo ultime 10: 0.64 | Real over index: 0.60;1.96;12.36;;;16.73;6.35;6.0;;;;1.3.0
2026-09-20;Italy_SerieC_GironeC;Potenza;Cavese;54.58;MEDIA;6;2026-09-20;Italy_SerieC_GironeC;Italy_SerieC_GironeC;;Engine v1.3 | Squadra alta: Potenza (7ª), squadra bassa: Cavese (13ª) | GF alta: 1.25/gara | GS bassa: 1.25/gara | Profilo ultime 10: 0.69 | Real over index: 0.50;7.2;10.42;;;11.36;6.87;5.0;;;;1.3.0
2026-09-20;Scotland_Premiership;Celtic;Rangers;54.58;MEDIA;8;2026-09-20;Scotland_Premiership;Scotland_Premiership;;Engine v1.3 | Squadra alta: Celtic (1ª), squadra bassa: Rangers (2ª) | GF alta: 2.33/gara | GS bassa: 0.67/gara | Profilo ultime 10: 0.62 | Real over index: 0.50;8.35;19.44;;;6.06;6.22;5.0;;;;1.3.0
2026-09-20;Poland_IIILiga_Group4;Kolbuszowa Dolna;Wislanie Skawina;54.57;MEDIA;8;2026-09-20;Poland_IIILiga_Group4;Poland_IIILiga_Group4;;Engine v1.3 | Squadra alta: Wislanie Skawina (4ª), squadra bassa: Kolbuszowa Dolna (12ª) | GF alta: 1.57/gara | GS bassa: 1.00/gara | Profilo ultime 10: 0.59 | Real over index: 0.43;11.79;13.1;;;9.09;5.92;4.29;;;;1.3.0
2026-09-20;Belarus_VysshayaLiga;Baranovici;Gomel;54.54;MEDIA;27;2026-09-20;Belarus_VysshayaLiga;Belarus_VysshayaLiga;;Engine v1.3 | Squadra alta: Gomel (4ª), squadra bassa: Baranovici (11ª) | GF alta: 1.39/gara | GS bassa: 1.67/gara | Profilo ultime 10: 0.53 | Real over index: 0.30;8.86;11.59;;;15.15;5.32;3.0;;;;1.3.0
2026-09-20;Ukraine_PremierLeague;Shakhtar;LNZ Cherkasy;54.51;MEDIA;8;2026-09-20;Ukraine_PremierLeague;Ukraine_PremierLeague;;Engine v1.3 | Squadra alta: Shakhtar (2ª), squadra bassa: LNZ Cherkasy (7ª) | GF alta: 2.00/gara | GS bassa: 0.83/gara | Profilo ultime 10: 0.53 | Real over index: 0.33;13.15;16.67;;;7.58;5.34;3.33;;;;1.3.0
2026-09-20;Lithuania_ILyga;Zalgiris 2;Babrungas;54.41;MEDIA;27;2026-09-20;Lithuania_ILyga;Lithuania_ILyga;;Engine v1.3 | Squadra alta: Babrungas (2ª), squadra bassa: Zalgiris 2 (6ª) | GF alta: 1.75/gara | GS bassa: 1.29/gara | Profilo ultime 10: 0.66 | Real over index: 0.40;8.01;14.58;;;11.74;6.6;4.0;;;;1.3.0
2026-09-20;Sweden_Allsvenskan;Djurgarden;Elfsborg;54.27;MEDIA;29;2026-09-20;Sweden_Allsvenskan;Sweden_Allsvenskan;;Engine v1.3 | Squadra alta: Djurgarden (2ª), squadra bassa: Elfsborg (4ª) | GF alta: 2.19/gara | GS bassa: 1.00/gara | Profilo ultime 10: 0.64 | Real over index: 0.45;4.2;18.25;;;9.09;6.35;4.5;;;;1.3.0
2026-09-20;SouthKorea_KLeague2;Seongnam;Hwaseong;53.98;MEDIA;27;2026-09-20;SouthKorea_KLeague2;SouthKorea_KLeague2;;Engine v1.3 | Squadra alta: Hwaseong (5ª), squadra bassa: Seongnam (10ª) | GF alta: 1.56/gara | GS bassa: 1.17/gara | Profilo ultime 10: 0.68 | Real over index: 0.50;6.89;13.0;;;10.61;6.79;5.0;;;;1.3.0
2026-09-20;Germany_Oberliga_NOFV_Nord;Hansa Rostock 2;TB Berlin;53.88;MEDIA;6;2026-09-20;Germany_Oberliga_NOFV_Nord;Germany_Oberliga_NOFV_Nord;;Engine v1.3 | Squadra alta: TB Berlin (10ª), squadra bassa: Hansa Rostock 2 (16ª) | GF alta: 1.00/gara | GS bassa: 1.67/gara | Profilo ultime 10: 0.51 | Real over index: 0.42;11.82;8.33;;;15.15;5.14;4.17;;;;1.3.0
2026-09-20;Germany_Oberliga_Westfalen;Westfalia Kinderhaus;Munster 2;53.73;MEDIA;7;2026-09-20;Germany_Oberliga_Westfalen;Germany_Oberliga_Westfalen;;Engine v1.3 | Squadra alta: Westfalia Kinderhaus (11ª), squadra bassa: Munster 2 (12ª) | GF alta: 1.17/gara | GS bassa: 1.50/gara | Profilo ultime 10: 0.77 | Real over index: 0.67;2.04;9.72;;;13.64;7.67;6.67;;;;1.3.0
2026-09-20;Portugal_LigaPortugal;FC Porto;Benfica;53.61;MEDIA;9;2026-09-20;Portugal_LigaPortugal;Portugal_LigaPortugal;;Engine v1.3 | Squadra alta: FC Porto (1ª), squadra bassa: Benfica (2ª) | GF alta: 2.50/gara | GS bassa: 0.67/gara | Profilo ultime 10: 0.76 | Real over index: 0.75;3.63;20.0;;;6.06;7.62;7.5;;;;1.3.0
2026-09-20;USA_USLChampionship;Indy Eleven;Oakland Roots;53.37;MEDIA;36;2026-09-20;USA_USLChampionship;USA_USLChampionship;;Engine v1.3 | Squadra alta: Indy Eleven (14ª), squadra bassa: Oakland Roots (19ª) | GF alta: 1.39/gara | GS bassa: 1.46/gara | Profilo ultime 10: 0.58 | Real over index: 0.45;4.63;11.59;;;13.26;5.84;4.5;;;;1.3.0
2026-09-20;Slovakia_2Liga;Zilina B;Povazska Bystrica;53.25;MEDIA;10;2026-09-20;Slovakia_2Liga;Slovakia_2Liga;;Engine v1.3 | Squadra alta: Povazska Bystrica (4ª), squadra bassa: Zilina B (6ª) | GF alta: 1.75/gara | GS bassa: 0.88/gara | Profilo ultime 10: 0.70 | Real over index: 0.62;4.6;14.58;;;7.95;7.03;6.25;;;;1.3.0
2026-09-20;Sweden_Superettan;Helsingborg;Norrby;53.23;MEDIA;30;2026-09-20;Sweden_Superettan;Sweden_Superettan;;Engine v1.3 | Squadra alta: Helsingborg (11ª), squadra bassa: Norrby (14ª) | GF alta: 1.39/gara | GS bassa: 1.46/gara | Profilo ultime 10: 0.64 | Real over index: 0.50;3.18;11.59;;;13.26;6.39;5.0;;;;1.3.0
2026-09-20;Poland_Division1;Podbeskidzie;Skierniewice;52.94;MEDIA;10;2026-09-20;Poland_Division1;Poland_Division1;;Engine v1.3 | Squadra alta: Skierniewice (16ª), squadra bassa: Podbeskidzie (17ª) | GF alta: 1.12/gara | GS bassa: 1.62/gara | Profilo ultime 10: 0.70 | Real over index: 0.50;2.84;9.38;;;14.77;6.95;5.0;;;;1.3.0
2026-09-20;SouthKorea_KLeague1;Incheon;Daejeon;52.91;MEDIA;30;2026-09-20;SouthKorea_KLeague1;SouthKorea_KLeague1;;Engine v1.3 | Squadra alta: Daejeon (6ª), squadra bassa: Incheon (7ª) | GF alta: 1.55/gara | GS bassa: 1.14/gara | Profilo ultime 10: 0.80 | Real over index: 0.70;0.92;12.93;;;10.39;7.98;7.0;;;;1.3.0
2026-09-20;Italy_SerieC_GironeB;Vado;Pescara;52.74;MEDIA;6;2026-09-20;Italy_SerieC_GironeB;Italy_SerieC_GironeB;;Engine v1.3 | Squadra alta: Pescara (16ª), squadra bassa: Vado (19ª) | GF alta: 1.25/gara | GS bassa: 1.75/gara | Profilo ultime 10: 0.64 | Real over index: 0.50;3.6;10.42;;;15.91;6.44;5.0;;;;1.3.0
2026-09-20;Austria_Bundesliga;Ried;Wolfsberger;52.09;MEDIA;9;2026-09-20;Austria_Bundesliga;Austria_Bundesliga;;Engine v1.3 | Squadra alta: Wolfsberger (9ª), squadra bassa: Ried (10ª) | GF alta: 1.00/gara | GS bassa: 1.83/gara | Profilo ultime 10: 0.68 | Real over index: 0.58;0.7;8.33;;;16.67;6.76;5.83;;;;1.3.0
2026-09-20;SouthKorea_KLeague2;Gimhae;Paju Frontier;52.0;MEDIA;27;2026-09-20;SouthKorea_KLeague2;SouthKorea_KLeague2;;Engine v1.3 | Squadra alta: Paju Frontier (12ª), squadra bassa: Gimhae (17ª) | GF alta: 0.92/gara | GS bassa: 1.96/gara | Profilo ultime 10: 0.46 | Real over index: 0.35;7.57;7.64;;;17.8;4.58;3.5;;;;1.3.0
2026-09-20;Portugal_LigaPortugal;Santa Clara;Braga;51.97;MEDIA;9;2026-09-20;Portugal_LigaPortugal;Portugal_LigaPortugal;;Engine v1.3 | Squadra alta: Santa Clara (4ª), squadra bassa: Braga (7ª) | GF alta: 1.83/gara | GS bassa: 1.00/gara | Profilo ultime 10: 0.70 | Real over index: 0.55;4.54;15.28;;;9.09;6.98;5.5;;;;1.3.0
2026-09-20;CzechRepublic_ChNL;Zizkov;Trinec;51.86;MEDIA;10;2026-09-20;CzechRepublic_ChNL;CzechRepublic_ChNL;;Engine v1.3 | Squadra alta: Trinec (14ª), squadra bassa: Zizkov (15ª) | GF alta: 1.25/gara | GS bassa: 2.00/gara | Profilo ultime 10: 0.65 | Real over index: 0.56;0.51;10.42;;;18.18;6.48;5.62;;;;1.3.0
2026-09-20;Italy_SerieA;Juventus;Atalanta;51.59;MEDIA;6;2026-09-20;Italy_SerieA;Italy_SerieA;;Engine v1.3 | Squadra alta: Juventus (7ª), squadra bassa: Atalanta (10ª) | GF alta: 1.50/gara | GS bassa: 1.25/gara | Profilo ultime 10: 0.67 | Real over index: 0.50;3.6;12.5;;;11.36;6.74;5.0;;;;1.3.0
2026-09-20;CzechRepublic_1Liga;Hradec Kralove;Teplice;51.09;MEDIA;11;2026-09-20;CzechRepublic_1Liga;CzechRepublic_1Liga;;Engine v1.3 | Squadra alta: Hradec Kralove (6ª), squadra bassa: Teplice (8ª) | GF alta: 1.00/gara | GS bassa: 1.88/gara | Profilo ultime 10: 0.68 | Real over index: 0.50;2.22;8.33;;;17.05;6.78;5.0;;;;1.3.0
2026-09-20;Sweden_Division1_Sodra;Laholms;Kristianstad;50.96;MEDIA;25;2026-09-20;Sweden_Division1_Sodra;Sweden_Division1_Sodra;;Engine v1.3 | Squadra alta: Kristianstad (13ª), squadra bassa: Laholms (14ª) | GF alta: 1.09/gara | GS bassa: 1.73/gara | Profilo ultime 10: 0.63 | Real over index: 0.50;0.93;9.06;;;15.7;6.27;5.0;;;;1.3.0
2026-09-20;Denmark_1stDivision;Aalborg;Vendsyssel;50.93;MEDIA;11;2026-09-20;Denmark_1stDivision;Denmark_1stDivision;;Engine v1.3 | Squadra alta: Aalborg (6ª), squadra bassa: Vendsyssel (8ª) | GF alta: 1.12/gara | GS bassa: 1.50/gara | Profilo ultime 10: 0.61 | Real over index: 0.50;4.97;9.38;;;13.64;6.05;5.0;;;;1.3.0
2026-09-20;Italy_SerieC_GironeA;Novara;Carpi;50.79;MEDIA;6;2026-09-20;Italy_SerieC_GironeA;Italy_SerieC_GironeA;;Engine v1.3 | Squadra alta: Carpi (10ª), squadra bassa: Novara (12ª) | GF alta: 1.75/gara | GS bassa: 1.00/gara | Profilo ultime 10: 0.72 | Real over index: 0.62;0.81;14.58;;;9.09;7.22;6.25;;;;1.3.0
2026-09-20;Poland_IIILiga_Group1;Suwalki;Widzew Lodz 2;50.26;MEDIA;10;2026-09-20;Poland_IIILiga_Group1;Poland_IIILiga_Group1;;Engine v1.3 | Squadra alta: Widzew Lodz 2 (7ª), squadra bassa: Suwalki (8ª) | GF alta: 2.12/gara | GS bassa: 0.88/gara | Profilo ultime 10: 0.64 | Real over index: 0.38;0.41;17.71;;;7.95;6.45;3.75;;;;1.3.0
2026-09-20;Spain_LaLiga2;Ceuta;Valladolid;50.01;MEDIA;7;2026-09-20;Spain_LaLiga2;Spain_LaLiga2;;Engine v1.3 | Squadra alta: Valladolid (17ª), squadra bassa: Ceuta (22ª) | GF alta: 0.40/gara | GS bassa: 3.25/gara | Profilo ultime 10: 0.25 | Real over index: 0.47;9.46;3.33;;;20.0;2.55;4.75;;;;1.3.0
2026-09-20;Bulgaria_VtoraLiga;Yantra Gabrovo;Lok. Gorna;49.59;MEDIA;10;2026-09-20;Bulgaria_VtoraLiga;Bulgaria_VtoraLiga;;Engine v1.3 | Squadra alta: Yantra Gabrovo (2ª), squadra bassa: Lok. Gorna (10ª) | GF alta: 1.57/gara | GS bassa: 1.00/gara | Profilo ultime 10: 0.53 | Real over index: 0.29;10.43;13.1;;;9.09;5.27;2.86;;;;1.3.0
2026-09-20;Germany_Oberliga_Niederrhein;Buderich;Dingden;49.58;MEDIA;9;2026-09-20;Germany_Oberliga_Niederrhein;Germany_Oberliga_Niederrhein;;Engine v1.3 | Squadra alta: Dingden (13ª), squadra bassa: Buderich (14ª) | GF alta: 0.50/gara | GS bassa: 2.75/gara | Profilo ultime 10: 0.60 | Real over index: 0.50;0.45;4.17;;;20.0;5.96;5.0;;;;1.3.0
2026-09-20;Portugal_LigaPortugal;Guimaraes;Moreirense;49.38;MEDIA;9;2026-09-20;Portugal_LigaPortugal;Portugal_LigaPortugal;;Engine v1.3 | Squadra alta: Moreirense (11ª), squadra bassa: Guimaraes (14ª) | GF alta: 1.17/gara | GS bassa: 1.17/gara | Profilo ultime 10: 0.62 | Real over index: 0.58;6.13;9.72;;;10.61;6.2;5.83;;;;1.3.0
2026-09-20;Germany_2Bundesliga;Hannover;Bochum;49.37;MEDIA;7;2026-09-20;Germany_2Bundesliga;Germany_2Bundesliga;;Engine v1.3 | Squadra alta: Bochum (8ª), squadra bassa: Hannover (15ª) | GF alta: 0.80/gara | GS bassa: 1.60/gara | Profilo ultime 10: 0.51 | Real over index: 0.40;8.89;6.67;;;14.55;5.13;4.0;;;;1.3.0
2026-09-20;Bulgaria_VtoraLiga;Marek;Rilski Sportist;48.95;MEDIA;10;2026-09-20;Bulgaria_VtoraLiga;Bulgaria_VtoraLiga;;Engine v1.3 | Squadra alta: Rilski Sportist (7ª), squadra bassa: Marek (11ª) | GF alta: 1.43/gara | GS bassa: 1.00/gara | Profilo ultime 10: 0.64 | Real over index: 0.50;4.54;11.9;;;9.09;6.37;5.0;;;;1.3.0
2026-09-20;Poland_Division2;Tychy;Sandecja;48.81;MEDIA;10;2026-09-20;Poland_Division2;Poland_Division2;;Engine v1.3 | Squadra alta: Tychy (3ª), squadra bassa: Sandecja (7ª) | GF alta: 1.50/gara | GS bassa: 1.00/gara | Profilo ultime 10: 0.70 | Real over index: 0.50;4.2;12.5;;;9.09;6.98;5.0;;;;1.3.0
2026-09-20;Serbia_SuperLiga;Macva;Mladost;48.73;MEDIA;12;2026-09-20;Serbia_SuperLiga;Serbia_SuperLiga;;Engine v1.3 | Squadra alta: Mladost (6ª), squadra bassa: Macva (12ª) | GF alta: 0.89/gara | GS bassa: 1.67/gara | Profilo ultime 10: 0.46 | Real over index: 0.33;8.38;7.41;;;15.15;4.64;3.33;;;;1.3.0
2026-09-20;Italy_SerieC_GironeB;Atalanta U23;Ravenna;48.63;MEDIA;6;2026-09-20;Italy_SerieC_GironeB;Italy_SerieC_GironeB;;Engine v1.3 | Squadra alta: Ravenna (3ª), squadra bassa: Atalanta U23 (6ª) | GF alta: 1.60/gara | GS bassa: 1.25/gara | Profilo ultime 10: 0.73 | Real over index: 0.57;1.69;13.33;;;11.36;7.34;5.75;;;;1.3.0
2026-09-20;Sweden_Allsvenskan;Mjallby;GAIS;48.53;MEDIA;29;2026-09-20;Sweden_Allsvenskan;Sweden_Allsvenskan;;Engine v1.3 | Squadra alta: GAIS (10ª), squadra bassa: Mjallby (12ª) | GF alta: 1.19/gara | GS bassa: 1.67/gara | Profilo ultime 10: 0.50 | Real over index: 0.30;3.3;9.92;;;15.15;5.03;3.0;;;;1.3.0
2026-09-20;Paraguay_DivisionIntermedia;12 de Junio;Independiente F.B.C.;48.43;MEDIA;10;2026-09-20;Paraguay_DivisionIntermedia;Paraguay_DivisionIntermedia;;Engine v1.3 | Squadra alta: Independiente F.B.C. (7ª), squadra bassa: 12 de Junio (8ª) | GF alta: 1.14/gara | GS bassa: 1.43/gara | Profilo ultime 10: 0.66 | Real over index: 0.43;1.88;9.52;;;12.99;6.6;4.29;;;;1.3.0
2026-09-20;Bulgaria_VtoraLiga;Nesebar;Beroe;48.41;MEDIA;10;2026-09-20;Bulgaria_VtoraLiga;Bulgaria_VtoraLiga;;Engine v1.3 | Squadra alta: Nesebar (3ª), squadra bassa: Beroe (6ª) | GF alta: 2.00/gara | GS bassa: 0.86/gara | Profilo ultime 10: 0.62 | Real over index: 0.36;4.08;16.67;;;7.79;6.22;3.57;;;;1.3.0
2026-09-20;Slovakia_2Liga;Galanta;S. Bratislava B;48.4;MEDIA;10;2026-09-20;Slovakia_2Liga;Slovakia_2Liga;;Engine v1.3 | Squadra alta: Galanta (11ª), squadra bassa: S. Bratislava B (12ª) | GF alta: 0.88/gara | GS bassa: 1.50/gara | Profilo ultime 10: 0.62 | Real over index: 0.44;2.9;7.29;;;13.64;6.2;4.38;;;;1.3.0
2026-09-20;Poland_Ekstraklasa;Piast;Pogon Szczecin;48.15;MEDIA;11;2026-09-20;Poland_Ekstraklasa;Poland_Ekstraklasa;;Engine v1.3 | Squadra alta: Piast (6ª), squadra bassa: Pogon Szczecin (7ª) | GF alta: 1.88/gara | GS bassa: 0.71/gara | Profilo ultime 10: 0.68 | Real over index: 0.39;1.3;15.62;;;6.49;6.8;3.93;;;;1.3.0
2026-09-20;Turkey_1Lig;Mardin 1969;Kayserispor;48.02;MEDIA;9;2026-09-20;Turkey_1Lig;Turkey_1Lig;;Engine v1.3 | Squadra alta: Kayserispor (1ª), squadra bassa: Mardin 1969 (6ª) | GF alta: 2.00/gara | GS bassa: 0.57/gara | Profilo ultime 10: 0.58 | Real over index: 0.36;7.47;16.67;;;5.19;5.81;3.57;;;;1.3.0
2026-09-20;Austria_Vorarlberg;Dornbirner SV;Ludesch;47.85;MEDIA;6;2026-09-20;Austria_Vorarlberg;Austria_Vorarlberg;fourth tier;Engine v1.3 | Squadra alta: Dornbirner SV (6ª), squadra bassa: Ludesch (7ª) | GF alta: 1.00/gara | GS bassa: 1.80/gara | Profilo ultime 10: 0.62 | Real over index: 0.40;0.59;8.33;;;16.36;6.17;4.0;;;;1.3.0
2026-09-20;Austria_Regionalliga_East;Warth;Donaufeld Wien;47.18;MEDIA;9;2026-09-20;Austria_Regionalliga_East;Austria_Regionalliga_East;;Engine v1.3 | Squadra alta: Warth (8ª), squadra bassa: Donaufeld Wien (12ª) | GF alta: 1.43/gara | GS bassa: 1.14/gara | Profilo ultime 10: 0.60 | Real over index: 0.43;3.42;11.9;;;10.39;6.01;4.29;;;;1.3.0
2026-09-20;Germany_Oberliga_NOFV_Nord;Berliner AK 07;Mahlsdorf;47.16;MEDIA;6;2026-09-20;Germany_Oberliga_NOFV_Nord;Germany_Oberliga_NOFV_Nord;;Engine v1.3 | Squadra alta: Berliner AK 07 (3ª), squadra bassa: Mahlsdorf (8ª) | GF alta: 1.75/gara | GS bassa: 0.75/gara | Profilo ultime 10: 0.58 | Real over index: 0.38;4.95;14.58;;;6.82;5.84;3.75;;;;1.3.0
2026-09-20;Italy_SerieC_GironeA;Folgore Caratese;Giana Erminio;47.02;MEDIA;6;2026-09-20;Italy_SerieC_GironeA;Italy_SerieC_GironeA;;Engine v1.3 | Squadra alta: Folgore Caratese (18ª), squadra bassa: Giana Erminio (20ª) | GF alta: 1.00/gara | GS bassa: 1.50/gara | Profilo ultime 10: 0.59 | Real over index: 0.55;2.24;8.33;;;13.64;5.94;5.5;;;;1.3.0
2026-09-20;Denmark_Superliga;Viborg;Nordsjaelland;46.87;MEDIA;11;2026-09-20;Denmark_Superliga;Denmark_Superliga;;Engine v1.3 | Squadra alta: Nordsjaelland (3ª), squadra bassa: Viborg (4ª) | GF alta: 1.62/gara | GS bassa: 0.88/gara | Profilo ultime 10: 0.63 | Real over index: 0.38;4.28;13.54;;;7.95;6.31;3.75;;;;1.3.0
2026-09-20;Moldova_SuperLiga;Real Sireti;Milsami;45.94;MEDIA;13;2026-09-20;Moldova_SuperLiga;Moldova_SuperLiga;;Engine v1.3 | Squadra alta: Milsami (6ª), squadra bassa: Real Sireti (7ª) | GF alta: 0.92/gara | GS bassa: 1.42/gara | Profilo ultime 10: 0.49 | Real over index: 0.35;6.66;7.64;;;12.88;4.86;3.5;;;;1.3.0
2026-09-20;Germany_Oberliga_Niederrhein;Solingen-Wald;SW Essen;45.57;MEDIA;9;2026-09-20;Germany_Oberliga_Niederrhein;Germany_Oberliga_Niederrhein;;Engine v1.3 | Squadra alta: Solingen-Wald (9ª), squadra bassa: SW Essen (10ª) | GF alta: 1.40/gara | GS bassa: 0.67/gara | Profilo ultime 10: 0.61 | Real over index: 0.40;4.9;11.67;;;6.06;6.11;4.0;;;;1.3.0
2026-09-20;Turkey_SuperLig;Fenerbahce;Eyupspor;45.57;MEDIA;7;2026-09-20;Turkey_SuperLig;Turkey_SuperLig;;Engine v1.3 | Squadra alta: Fenerbahce (12ª), squadra bassa: Eyupspor (16ª) | GF alta: 1.00/gara | GS bassa: 1.60/gara | Profilo ultime 10: 0.48 | Real over index: 0.45;5.63;8.33;;;14.55;4.84;4.5;;;;1.3.0
2026-09-20;Ukraine_PershaLiga;SC Poltava;Metalist Kharkiv;45.38;MEDIA;8;2026-09-20;Ukraine_PershaLiga;Ukraine_PershaLiga;;Engine v1.3 | Squadra alta: SC Poltava (4ª), squadra bassa: Metalist Kharkiv (8ª) | GF alta: 1.29/gara | GS bassa: 1.14/gara | Profilo ultime 10: 0.59 | Real over index: 0.43;4.78;10.71;;;10.39;5.9;4.29;;;;1.3.0
2026-09-20;Italy_SerieC_GironeC;Inter U23;Foggia;45.16;MEDIA;6;2026-09-20;Italy_SerieC_GironeC;Italy_SerieC_GironeC;;Engine v1.3 | Squadra alta: Inter U23 (8ª), squadra bassa: Foggia (16ª) | GF alta: 1.60/gara | GS bassa: 0.80/gara | Profilo ultime 10: 0.52 | Real over index: 0.30;7.06;13.33;;;7.27;5.16;3.0;;;;1.3.0
2026-09-20;Ukraine_PremierLeague;Kudrivka;Kolos Kovalivka;44.69;BASSA;8;2026-09-20;Ukraine_PremierLeague;Ukraine_PremierLeague;;Engine v1.3 | Squadra alta: Kolos Kovalivka (15ª), squadra bassa: Kudrivka (16ª) | GF alta: 0.60/gara | GS bassa: 2.60/gara | Profilo ultime 10: 0.50 | Real over index: 0.50;0.41;5.0;;;20.0;4.96;5.0;;;;1.3.0
2026-09-20;Italy_SerieC_GironeA;Alcione Milano;Brescia;44.42;BASSA;6;2026-09-20;Italy_SerieC_GironeA;Italy_SerieC_GironeA;;Engine v1.3 | Squadra alta: Brescia (5ª), squadra bassa: Alcione Milano (7ª) | GF alta: 1.00/gara | GS bassa: 1.25/gara | Profilo ultime 10: 0.57 | Real over index: 0.38;5.58;8.33;;;11.36;5.7;3.75;;;;1.3.0
2026-09-20;CzechRepublic_3CFL_GroupB;Pardubice B;Benatky;44.03;BASSA;8;2026-09-20;CzechRepublic_3CFL_GroupB;CzechRepublic_3CFL_GroupB;CzechRepublic_3rdTier;Engine v1.3 | Squadra alta: Pardubice B (8ª), squadra bassa: Benatky (15ª) | GF alta: 2.17/gara | GS bassa: 0.40/gara | Profilo ultime 10: 0.49 | Real over index: 0.25;5.82;18.06;;;3.64;4.87;2.5;;;;1.3.0
2026-09-20;Italy_SerieB;Modena;Empoli;43.82;BASSA;6;2026-09-20;Italy_SerieB;Italy_SerieB;;Engine v1.3 | Squadra alta: Modena (12ª), squadra bassa: Empoli (16ª) | GF alta: 1.33/gara | GS bassa: 1.33/gara | Profilo ultime 10: 0.50 | Real over index: 0.33;4.8;11.11;;;12.12;4.98;3.33;;;;1.3.0
2026-09-20;Italy_SerieA;Parma;Genoa;43.24;BASSA;6;2026-09-20;Italy_SerieA;Italy_SerieA;;Engine v1.3 | Squadra alta: Parma (18ª), squadra bassa: Genoa (19ª) | GF alta: 0.67/gara | GS bassa: 2.00/gara | Profilo ultime 10: 0.49 | Real over index: 0.33;0.41;5.56;;;18.18;4.88;3.33;;;;1.3.0
2026-09-20;Italy_SerieC_GironeB;Campobasso;Pineto;42.92;BASSA;6;2026-09-20;Italy_SerieC_GironeB;Italy_SerieC_GironeB;;Engine v1.3 | Squadra alta: Campobasso (10ª), squadra bassa: Pineto (12ª) | GF alta: 1.40/gara | GS bassa: 0.80/gara | Profilo ultime 10: 0.56 | Real over index: 0.40;2.72;11.67;;;7.27;5.59;4.0;;;;1.3.0
2026-09-20;Hungary_NBII;Szentlorinc;BVSC-Zuglo;42.41;BASSA;8;2026-09-20;Hungary_NBII;Hungary_NBII;;Engine v1.3 | Squadra alta: Szentlorinc (9ª), squadra bassa: BVSC-Zuglo (13ª) | GF alta: 1.00/gara | GS bassa: 1.17/gara | Profilo ultime 10: 0.42 | Real over index: 0.25;6.82;8.33;;;10.61;4.23;2.5;;;;1.3.0
2026-09-20;Italy_SerieC_GironeC;Monopoli;Crotone;42.12;BASSA;6;2026-09-20;Italy_SerieC_GironeC;Italy_SerieC_GironeC;;Engine v1.3 | Squadra alta: Monopoli (6ª), squadra bassa: Crotone (19ª) | GF alta: 0.60/gara | GS bassa: 1.40/gara | Profilo ultime 10: 0.29 | Real over index: 0.10;14.8;5.0;;;12.73;2.94;1.0;;;;1.3.0
2026-09-20;Austria_Wien;WAF Brigittenau;Simmeringer;42.11;BASSA;6;2026-09-20;Austria_Wien;Austria_Wien;;Engine v1.3 | Squadra alta: WAF Brigittenau (15ª), squadra bassa: Simmeringer (16ª) | GF alta: 0.50/gara | GS bassa: 3.00/gara | Profilo ultime 10: 0.29 | Real over index: 0.75;0.51;4.17;;;20.0;2.93;7.5;;;;1.3.0
2026-09-20;Belarus_VysshayaLiga;Vitebsk;Zhodino;41.63;BASSA;27;2026-09-20;Belarus_VysshayaLiga;Belarus_VysshayaLiga;;Engine v1.3 | Squadra alta: Vitebsk (8ª), squadra bassa: Zhodino (9ª) | GF alta: 1.00/gara | GS bassa: 1.14/gara | Profilo ultime 10: 0.55 | Real over index: 0.35;1.81;8.33;;;10.33;5.51;3.5;;;;1.3.0
2026-09-20;Turkey_1Lig;Pendikspor;Bodrumspor;41.39;BASSA;9;2026-09-20;Turkey_1Lig;Turkey_1Lig;;Engine v1.3 | Squadra alta: Pendikspor (13ª), squadra bassa: Bodrumspor (14ª) | GF alta: 1.29/gara | GS bassa: 0.71/gara | Profilo ultime 10: 0.55 | Real over index: 0.36;3.13;10.71;;;6.49;5.48;3.57;;;;1.3.0
2026-09-20;Italy_SerieC_GironeA;Juventus U23;AlbinoLeffe;41.24;BASSA;6;2026-09-20;Italy_SerieC_GironeA;Italy_SerieC_GironeA;;Engine v1.3 | Squadra alta: AlbinoLeffe (17ª), squadra bassa: Juventus U23 (19ª) | GF alta: 0.50/gara | GS bassa: 2.00/gara | Profilo ultime 10: 0.46 | Real over index: 0.38;0.81;4.17;;;18.18;4.57;3.75;;;;1.3.0
2026-09-20;Poland_Division1;Pogon Siedlce;Arka;40.92;BASSA;10;2026-09-20;Poland_Division1;Poland_Division1;;Engine v1.3 | Squadra alta: Arka (9ª), squadra bassa: Pogon Siedlce (12ª) | GF alta: 1.25/gara | GS bassa: 0.86/gara | Profilo ultime 10: 0.53 | Real over index: 0.33;2.21;10.42;;;7.79;5.31;3.3;;;;1.3.0
2026-09-20;Spain_LaLiga;Getafe;Malaga;39.41;BASSA;10;2026-09-20;Spain_LaLiga;Spain_LaLiga;;Engine v1.3 | Squadra alta: Getafe (16ª), squadra bassa: Malaga (20ª) | GF alta: 0.50/gara | GS bassa: 1.83/gara | Profilo ultime 10: 0.21 | Real over index: 0.25;4.8;4.17;;;16.67;2.08;2.5;;;;1.3.0
2026-09-20;Montenegro_PrvaCrnogorskaLiga;Bokelj;Mladost DG;38.86;BASSA;11;2026-09-20;Montenegro_PrvaCrnogorskaLiga;Montenegro_PrvaCrnogorskaLiga;;Engine v1.3 | Squadra alta: Bokelj (5ª), squadra bassa: Mladost DG (7ª) | GF alta: 0.62/gara | GS bassa: 1.50/gara | Profilo ultime 10: 0.42 | Real over index: 0.25;4.09;5.21;;;13.64;4.22;2.5;;;;1.3.0
2026-09-20;Bosnia_WWINLigaBiH;Sarajevo;Sloga Meridian;37.65;BASSA;10;2026-09-20;Bosnia_WWINLigaBiH;Bosnia_WWINLigaBiH;;Engine v1.3 | Squadra alta: Sloga Meridian (4ª), squadra bassa: Sarajevo (6ª) | GF alta: 1.00/gara | GS bassa: 1.00/gara | Profilo ultime 10: 0.42 | Real over index: 0.30;5.21;8.33;;;9.09;4.2;3.0;;;;1.3.0
2026-09-20;Slovenia_PrvaLiga;Bravo;O. Ljubljana;37.61;BASSA;11;2026-09-20;Slovenia_PrvaLiga;Slovenia_PrvaLiga;;Engine v1.3 | Squadra alta: Bravo (3ª), squadra bassa: O. Ljubljana (5ª) | GF alta: 1.11/gara | GS bassa: 0.67/gara | Profilo ultime 10: 0.50 | Real over index: 0.33;2.77;9.26;;;6.06;4.97;3.33;;;;1.3.0
2026-09-20;Montenegro_PrvaCrnogorskaLiga;Decic;Mornar;37.27;BASSA;11;2026-09-20;Montenegro_PrvaCrnogorskaLiga;Montenegro_PrvaCrnogorskaLiga;;Engine v1.3 | Squadra alta: Decic (2ª), squadra bassa: Mornar (4ª) | GF alta: 1.12/gara | GS bassa: 0.75/gara | Profilo ultime 10: 0.46 | Real over index: 0.25;4.09;9.38;;;6.82;4.61;2.5;;;;1.3.0
2026-09-20;Portugal_LigaPortugal;Estoril;Casa Pia;37.08;BASSA;9;2026-09-20;Portugal_LigaPortugal;Portugal_LigaPortugal;;Engine v1.3 | Squadra alta: Estoril (17ª), squadra bassa: Casa Pia (18ª) | GF alta: 0.33/gara | GS bassa: 2.50/gara | Profilo ultime 10: 0.18 | Real over index: 0.25;2.04;2.78;;;20.0;1.78;2.5;;;;1.3.0
2026-09-20;Spain_LaLiga2;Leganes;Granada;36.99;BASSA;7;2026-09-20;Spain_LaLiga2;Spain_LaLiga2;;Engine v1.3 | Squadra alta: Granada (8ª), squadra bassa: Leganes (15ª) | GF alta: 1.20/gara | GS bassa: 0.75/gara | Profilo ultime 10: 0.40 | Real over index: 0.20;5.9;10.0;;;6.82;3.97;2.0;;;;1.3.0
2026-09-20;Slovenia_2SNL;NK Krka;Jadran Dekani;34.64;BASSA;8;2026-09-20;Slovenia_2SNL;Slovenia_2SNL;;Engine v1.3 | Squadra alta: NK Krka (11ª), squadra bassa: Jadran Dekani (13ª) | GF alta: 1.17/gara | GS bassa: 0.50/gara | Profilo ultime 10: 0.45 | Real over index: 0.33;2.62;9.72;;;4.55;4.51;3.33;;;;1.3.0
2026-09-20;Spain_LaLiga2;Sabadell;Oviedo;31.15;BASSA;7;2026-09-20;Spain_LaLiga2;Spain_LaLiga2;;Engine v1.3 | Squadra alta: Oviedo (6ª), squadra bassa: Sabadell (9ª) | GF alta: 1.00/gara | GS bassa: 0.80/gara | Profilo ultime 10: 0.37 | Real over index: 0.23;4.91;8.33;;;7.27;3.72;2.25;;;;1.3.0
2026-09-20;Italy_SerieC_GironeA;Lecco;Pergolettese;24.46;BASSA;6;2026-09-20;Italy_SerieC_GironeA;Italy_SerieC_GironeA;;Engine v1.3 | Squadra alta: Lecco (8ª), squadra bassa: Pergolettese (13ª) | GF alta: 1.00/gara | GS bassa: 0.25/gara | Profilo ultime 10: 0.27 | Real over index: 0.12;4.41;8.33;;;2.27;2.7;1.25;;;;1.3.0
