MatchDate;LeagueId;Home;Away;Score;Band;Round;PredictionDate;HomeSourceLeagueId;AwaySourceLeagueId;CompetitionGroup;Reason;RankingGapScore;HomeAttackScore;AwayAttackScore;HomeDefenseWeaknessScore;AwayDefenseWeaknessScore;HomeLast10OverScore;AwayLast10OverScore;HomeVenueOverScore;AwayVenueOverScore;BTTSProfileScore;AlgorithmVersion
2026-09-06;CzechRepublic_4Liga_GroupB;Hostoun;Brandys n. Labem;93.88;IMM-ALTA-7;5;2026-09-06;CzechRepublic_4Liga_GroupB;CzechRepublic_4Liga_GroupB;CzechRepublic_4Liga;Engine v1.3 | Squadra alta: Hostoun (11ª), squadra bassa: Brandys n. Labem (65ª) | GF alta: 3.50/gara | GS bassa: 3.00/gara | Profilo ultime 10: 0.95 | Real over index: 1.00;22.0;20.0;;;20.0;9.5;10.0;;;;1.3.0
2026-09-06;CzechRepublic_4Liga_GroupB;Ostrov;Velvary;92.44;IMM-ALTA-7;5;2026-09-06;CzechRepublic_4Liga_GroupB;CzechRepublic_4Liga_GroupB;CzechRepublic_4Liga;Engine v1.3 | Squadra alta: Velvary (10ª), squadra bassa: Ostrov (91ª) | GF alta: 2.25/gara | GS bassa: 4.00/gara | Profilo ultime 10: 0.89 | Real over index: 0.88;22.0;18.75;;;20.0;8.94;8.75;;;;1.3.0
2026-09-06;Norway_2ndDivision_Group2;Trygg/Lade;Honefoss;90.38;ALTA;22;2026-09-06;Norway_2ndDivision_Group2;Norway_2ndDivision_Group2;;Engine v1.3 | Squadra alta: Honefoss (4ª), squadra bassa: Trygg/Lade (14ª) | GF alta: 2.71/gara | GS bassa: 2.33/gara | Profilo ultime 10: 0.84 | Real over index: 0.80;20.22;20.0;;;20.0;8.36;8.0;;;;1.3.0
2026-09-06;Germany_Oberliga_Niederrhein;FC Monheim;Holzheim;89.42;IMM-ALTA-6;4;2026-09-06;Germany_Oberliga_Niederrhein;Germany_Oberliga_Niederrhein;;Engine v1.3 | Squadra alta: FC Monheim (2ª), squadra bassa: Holzheim (18ª) | GF alta: 2.00/gara | GS bassa: 3.67/gara | Profilo ultime 10: 0.89 | Real over index: 0.83;21.55;16.67;;;20.0;8.88;8.33;;;;1.3.0
2026-09-06;Norway_2ndDivision_Group2;Ull/Kisa;Levanger;89.29;ALTA;22;2026-09-06;Norway_2ndDivision_Group2;Norway_2ndDivision_Group2;;Engine v1.3 | Squadra alta: Levanger (3ª), squadra bassa: Ull/Kisa (13ª) | GF alta: 2.35/gara | GS bassa: 3.29/gara | Profilo ultime 10: 0.79 | Real over index: 0.85;20.22;19.61;;;20.0;7.94;8.5;;;;1.3.0
2026-09-06;Denmark_2ndDivision;Thisted;Nykobing;88.94;ALTA;6;2026-09-06;Denmark_2ndDivision;Denmark_2ndDivision;;Engine v1.3 | Squadra alta: Nykobing (2ª), squadra bassa: Thisted (12ª) | GF alta: 2.80/gara | GS bassa: 2.20/gara | Profilo ultime 10: 0.80 | Real over index: 0.80;21.3;20.0;;;20.0;7.98;8.0;;;;1.3.0
2026-09-06;Germany_Oberliga_Westfalen;Eintracht Rheine;ASC 09 Dortmund;88.92;IMM-ALTA-8;5;2026-09-06;Germany_Oberliga_Westfalen;Germany_Oberliga_Westfalen;;Engine v1.3 | Squadra alta: Eintracht Rheine (3ª), squadra bassa: ASC 09 Dortmund (16ª) | GF alta: 2.00/gara | GS bassa: 3.00/gara | Profilo ultime 10: 0.93 | Real over index: 0.88;20.19;16.67;;;20.0;9.31;8.75;;;;1.3.0
2026-09-06;Germany_Oberliga_Niedersachsen;Egestorf-Langreder;Heeslinger;88.66;IMM-ALTA-8;5;2026-09-06;Germany_Oberliga_Niedersachsen;Germany_Oberliga_Niedersachsen;;Engine v1.3 | Squadra alta: Heeslinger (1ª), squadra bassa: Egestorf-Langreder (15ª) | GF alta: 3.25/gara | GS bassa: 2.25/gara | Profilo ultime 10: 0.81 | Real over index: 0.75;20.64;20.0;;;20.0;8.13;7.5;;;;1.3.0
2026-09-06;Germany_Oberliga_Niedersachsen;Spelle-Venhaus;Luneburger Hansa;88.46;IMM-ALTA-7;5;2026-09-06;Germany_Oberliga_Niedersachsen;Germany_Oberliga_Niedersachsen;;Engine v1.3 | Squadra alta: Spelle-Venhaus (2ª), squadra bassa: Luneburger Hansa (14ª) | GF alta: 2.75/gara | GS bassa: 2.33/gara | Profilo ultime 10: 0.89 | Real over index: 0.88;19.74;20.0;;;20.0;8.94;8.75;;;;1.3.0
2026-09-06;Norway_3rdDivision_Group5;Tromsø 2;Harstad;88.33;ALTA;20;2026-09-06;Norway_3rdDivision_Group5;Norway_3rdDivision_Group5;;Engine v1.3 | Squadra alta: Harstad (2ª), squadra bassa: Tromsø 2 (13ª) | GF alta: 3.28/gara | GS bassa: 2.18/gara | Profilo ultime 10: 0.94 | Real over index: 0.90;16.14;20.0;;;19.79;9.4;9.0;;;;1.3.0
2026-09-06;Switzerland_PromotionLeague;Biel;Young Boys 2;88.21;ALTA;8;2026-09-06;Switzerland_PromotionLeague;Switzerland_PromotionLeague;;Engine v1.3 | Squadra alta: Biel (1ª), squadra bassa: Young Boys 2 (16ª) | GF alta: 2.40/gara | GS bassa: 2.80/gara | Profilo ultime 10: 0.84 | Real over index: 0.70;20.38;20.0;;;20.0;8.45;7.0;;;;1.3.0
2026-09-06;Poland_Ekstraklasa;Lech;Rakow;87.46;ALTA;8;2026-09-06;Poland_Ekstraklasa;Poland_Ekstraklasa;;Engine v1.3 | Squadra alta: Lech (1ª), squadra bassa: Rakow (18ª) | GF alta: 2.00/gara | GS bassa: 2.60/gara | Profilo ultime 10: 0.85 | Real over index: 0.90;22.0;16.67;;;20.0;8.49;9.0;;;;1.3.0
2026-09-06;Germany_Oberliga_Hamburg;Tesla Hamburg;Dassendorf;86.74;ALTA;6;2026-09-06;Germany_Oberliga_Hamburg;Germany_Oberliga_Hamburg;;Engine v1.3 | Squadra alta: Dassendorf (1ª), squadra bassa: Tesla Hamburg (14ª) | GF alta: 3.40/gara | GS bassa: 2.20/gara | Profilo ultime 10: 0.83 | Real over index: 0.80;20.19;20.0;;;20.0;8.32;8.0;;;;1.3.0
2026-09-06;FaroeIslands_1Deild;B36 Torshavn 2;FC Suduroy;86.62;ALTA;22;2026-09-06;FaroeIslands_1Deild;FaroeIslands_1Deild;;Engine v1.3 | Squadra alta: FC Suduroy (3ª), squadra bassa: B36 Torshavn 2 (9ª) | GF alta: 2.72/gara | GS bassa: 2.82/gara | Profilo ultime 10: 0.88 | Real over index: 0.80;15.82;20.0;;;20.0;8.8;8.0;;;;1.3.0
2026-09-06;CzechRepublic_4Liga_GroupD;Zdar nad Sazavou;Chotebor;86.47;IMM-ALTA-8;5;2026-09-06;CzechRepublic_4Liga_GroupD;CzechRepublic_4Liga_GroupD;CzechRepublic_4Liga;Engine v1.3 | Squadra alta: Zdar nad Sazavou (19ª), squadra bassa: Chotebor (85ª) | GF alta: 2.75/gara | GS bassa: 3.50/gara | Profilo ultime 10: 0.71 | Real over index: 0.62;22.0;20.0;;;20.0;7.12;6.25;;;;1.3.0
2026-09-06;Austria_Karnten;Kottmannsdorf;KAC 1909;84.89;ALTA;8;2026-09-06;Austria_Karnten;Austria_Karnten;;Engine v1.3 | Squadra alta: KAC 1909 (1ª), squadra bassa: Kottmannsdorf (15ª) | GF alta: 3.20/gara | GS bassa: 3.20/gara | Profilo ultime 10: 0.77 | Real over index: 0.70;19.97;20.0;;;20.0;7.69;7.0;;;;1.3.0
2026-09-06;Austria_Salzburg;TSU Bramberg;UFC Siezenheim;84.88;ALTA;6;2026-09-06;Austria_Salzburg;Austria_Salzburg;;Engine v1.3 | Squadra alta: TSU Bramberg (4ª), squadra bassa: UFC Siezenheim (10ª) | GF alta: 2.60/gara | GS bassa: 2.20/gara | Profilo ultime 10: 0.89 | Real over index: 0.80;14.52;20.0;;;20.0;8.9;8.0;;;;1.3.0
2026-09-06;Germany_Oberliga_Hamburg;HT 16;Pinneberg;84.5;ALTA;6;2026-09-06;Germany_Oberliga_Hamburg;Germany_Oberliga_Hamburg;;Engine v1.3 | Squadra alta: Pinneberg (2ª), squadra bassa: HT 16 (12ª) | GF alta: 3.40/gara | GS bassa: 1.80/gara | Profilo ultime 10: 0.88 | Real over index: 0.80;17.88;20.0;;;16.36;8.8;8.0;;;;1.3.0
2026-09-06;Netherlands_Eredivisie;Den Haag;Sittard;83.99;IMM-ALTA-8;5;2026-09-06;Netherlands_Eredivisie;Netherlands_Eredivisie;;Engine v1.3 | Squadra alta: Sittard (6ª), squadra bassa: Den Haag (16ª) | GF alta: 2.00/gara | GS bassa: 2.75/gara | Profilo ultime 10: 0.82 | Real over index: 0.75;18.83;16.67;;;20.0;8.16;7.5;;;;1.3.0
2026-09-06;Germany_Oberliga_Niederrhein;Solingen-Wald;Baumberg;83.66;IMM-ALTA-6;4;2026-09-06;Germany_Oberliga_Niederrhein;Germany_Oberliga_Niederrhein;;Engine v1.3 | Squadra alta: Baumberg (1ª), squadra bassa: Solingen-Wald (11ª) | GF alta: 2.33/gara | GS bassa: 2.00/gara | Profilo ultime 10: 0.81 | Real over index: 0.67;17.24;19.44;;;18.18;8.12;6.67;;;;1.3.0
2026-09-06;Sweden_Allsvenskan;Orgryte;Hammarby;83.31;ALTA;26;2026-09-06;Sweden_Allsvenskan;Sweden_Allsvenskan;;Engine v1.3 | Squadra alta: Hammarby (2ª), squadra bassa: Orgryte (15ª) | GF alta: 2.32/gara | GS bassa: 2.21/gara | Profilo ultime 10: 0.79 | Real over index: 0.65;17.71;19.3;;;20.0;7.94;6.5;;;;1.3.0
2026-09-06;FaroeIslands_1Deild;HB Torshavn 2;Sandur;82.88;ALTA;22;2026-09-06;FaroeIslands_1Deild;FaroeIslands_1Deild;;Engine v1.3 | Squadra alta: Sandur (2ª), squadra bassa: HB Torshavn 2 (7ª) | GF alta: 3.29/gara | GS bassa: 1.70/gara | Profilo ultime 10: 0.86 | Real over index: 0.85;18.58;20.0;;;15.45;8.59;8.5;;;;1.3.0
2026-09-06;CzechRepublic_4Liga_GroupE;Breclav;Brumov;82.87;IMM-ALTA-8;5;2026-09-06;CzechRepublic_4Liga_GroupE;CzechRepublic_4Liga_GroupE;CzechRepublic_4Liga;Engine v1.3 | Squadra alta: Breclav (32ª), squadra bassa: Brumov (64ª) | GF alta: 1.50/gara | GS bassa: 3.00/gara | Profilo ultime 10: 0.85 | Real over index: 0.75;22.0;12.5;;;20.0;8.48;7.5;;;;1.3.0
2026-09-06;Peru_Liga2;Alianza Huanuco;Minas;82.6;IMM-ALTA-6;6;2026-09-06;Peru_Liga2;Peru_Liga2;;Engine v1.3 | Squadra alta: Minas (3ª), squadra bassa: Alianza Huanuco (11ª) | GF alta: 2.33/gara | GS bassa: 2.00/gara | Profilo ultime 10: 0.87 | Real over index: 0.83;13.93;19.44;;;18.18;8.71;8.33;;;;1.3.0
2026-09-06;Sweden_Division2_SodraGotaland;Staffanstorp United;Karlskrona;82.5;ALTA;25;2026-09-06;Sweden_Division2_SodraGotaland;Sweden_Division2_SodraGotaland;;Engine v1.3 | Squadra alta: Karlskrona (1ª), squadra bassa: Staffanstorp United (11ª) | GF alta: 2.68/gara | GS bassa: 1.79/gara | Profilo ultime 10: 0.79 | Real over index: 0.70;18.97;20.0;;;16.27;7.88;7.0;;;;1.3.0
2026-09-06;Slovakia_3Liga_West;Velke Ludince;Nitra;82.11;IMM-ALTA-8;5;2026-09-06;Slovakia_3Liga_West;Slovakia_3Liga_West;;Engine v1.3 | Squadra alta: Nitra (2ª), squadra bassa: Velke Ludince (14ª) | GF alta: 2.50/gara | GS bassa: 2.25/gara | Profilo ultime 10: 0.68 | Real over index: 0.50;20.46;20.0;;;20.0;6.78;5.0;;;;1.3.0
2026-09-06;Estonia_EsiliigaB;Parnu JK Vaprus U21;Tallinna Kalev U21;81.88;ALTA;27;2026-09-06;Estonia_EsiliigaB;Estonia_EsiliigaB;;Engine v1.3 | Squadra alta: Parnu JK Vaprus U21 (5ª), squadra bassa: Tallinna Kalev U21 (9ª) | GF alta: 2.84/gara | GS bassa: 2.32/gara | Profilo ultime 10: 0.95 | Real over index: 0.85;9.9;20.0;;;20.0;9.47;8.5;;;;1.3.0
2026-09-06;CzechRepublic_4Liga_GroupA;Domazlice B;Taborsko akademie;81.83;IMM-ALTA-6;5;2026-09-06;CzechRepublic_4Liga_GroupA;CzechRepublic_4Liga_GroupA;CzechRepublic_4Liga;Engine v1.3 | Squadra alta: Taborsko akademie (18ª), squadra bassa: Domazlice B (87ª) | GF alta: 3.75/gara | GS bassa: 2.00/gara | Profilo ultime 10: 0.68 | Real over index: 0.50;22.0;20.0;;;18.18;6.78;5.0;;;;1.3.0
2026-09-06;Sweden_Division2_NorraGotaland;Skara;Vanersborgs IF;81.66;ALTA;22;2026-09-06;Sweden_Division2_NorraGotaland;Sweden_Division2_NorraGotaland;;Engine v1.3 | Squadra alta: Skara (2ª), squadra bassa: Vanersborgs IF (14ª) | GF alta: 1.95/gara | GS bassa: 2.55/gara | Profilo ultime 10: 0.69 | Real over index: 0.50;21.41;16.23;;;20.0;6.95;5.0;;;;1.3.0
2026-09-06;CzechRepublic_4Liga_GroupC;Chlumec nad Cidlinou;Turnov;81.52;IMM-ALTA-8;5;2026-09-06;CzechRepublic_4Liga_GroupC;CzechRepublic_4Liga_GroupC;CzechRepublic_4Liga;Engine v1.3 | Squadra alta: Turnov (61ª), squadra bassa: Chlumec nad Cidlinou (82ª) | GF alta: 2.00/gara | GS bassa: 2.50/gara | Profilo ultime 10: 0.78 | Real over index: 0.62;17.93;16.67;;;20.0;7.84;6.25;;;;1.3.0
2026-09-06;Germany_Oberliga_Westfalen;Maaslingen;SpVgg Herne Horsthausen;81.35;IMM-ALTA-8;5;2026-09-06;Germany_Oberliga_Westfalen;Germany_Oberliga_Westfalen;;Engine v1.3 | Squadra alta: Maaslingen (7ª), squadra bassa: SpVgg Herne Horsthausen (15ª) | GF alta: 2.50/gara | GS bassa: 2.00/gara | Profilo ultime 10: 0.85 | Real over index: 0.75;13.16;20.0;;;18.18;8.51;7.5;;;;1.3.0
2026-09-06;Slovakia_NikeLiga;Ruzomberok;Trnava;81.34;ALTA;7;2026-09-06;Slovakia_NikeLiga;Slovakia_NikeLiga;;Engine v1.3 | Squadra alta: Trnava (2ª), squadra bassa: Ruzomberok (12ª) | GF alta: 2.17/gara | GS bassa: 2.50/gara | Profilo ultime 10: 0.69 | Real over index: 0.67;21.3;18.06;;;20.0;6.94;6.67;;;;1.3.0
2026-09-06;USA_MLS;Inter Miami;Atlanta Utd;81.15;ALTA;26;2026-09-06;USA_MLS;USA_MLS;;Engine v1.3 | Squadra alta: Inter Miami (3ª), squadra bassa: Atlanta Utd (27ª) | GF alta: 2.55/gara | GS bassa: 1.76/gara | Profilo ultime 10: 0.87 | Real over index: 0.75;15.04;20.0;;;16.02;8.65;7.5;;;;1.3.0
2026-09-06;Poland_IIILiga_Group3;Polkowice;Carina Gubin;80.84;ALTA;7;2026-09-06;Poland_IIILiga_Group3;Poland_IIILiga_Group3;;Engine v1.3 | Squadra alta: Polkowice (5ª), squadra bassa: Carina Gubin (16ª) | GF alta: 2.33/gara | GS bassa: 2.17/gara | Profilo ultime 10: 0.77 | Real over index: 0.75;15.58;19.44;;;19.7;7.73;7.5;;;;1.3.0
2026-09-06;Germany_Oberliga_Bremen;Grohn;Blumenthaler;80.81;IMM-ALTA-8;5;2026-09-06;Germany_Oberliga_Bremen;Germany_Oberliga_Bremen;;Engine v1.3 | Squadra alta: Blumenthaler (1ª), squadra bassa: Grohn (6ª) | GF alta: 4.50/gara | GS bassa: 2.50/gara | Profilo ultime 10: 0.77 | Real over index: 0.62;14.48;20.0;;;20.0;7.7;6.25;;;;1.3.0
2026-09-06;Germany_Oberliga_Hessen;Pohlheim;Baunatal;80.8;ALTA;7;2026-09-06;Germany_Oberliga_Hessen;Germany_Oberliga_Hessen;;Engine v1.3 | Squadra alta: Pohlheim (4ª), squadra bassa: Baunatal (17ª) | GF alta: 1.83/gara | GS bassa: 2.00/gara | Profilo ultime 10: 0.77 | Real over index: 0.67;20.19;15.28;;;18.18;7.66;6.67;;;;1.3.0
2026-09-06;Finland_Kakkonen_GroupC;Huima / Urho;Narpes Kraft;80.77;ALTA;21;2026-09-06;Finland_Kakkonen_GroupC;Finland_Kakkonen_GroupC;;Engine v1.3 | Squadra alta: Huima / Urho (1ª), squadra bassa: Narpes Kraft (5ª) | GF alta: 2.80/gara | GS bassa: 2.42/gara | Profilo ultime 10: 0.88 | Real over index: 0.85;9.44;20.0;;;20.0;8.82;8.5;;;;1.3.0
2026-09-06;Norway_3rdDivision_Group5;Lillestrom 2;Bossekop;80.58;ALTA;20;2026-09-06;Norway_3rdDivision_Group5;Norway_3rdDivision_Group5;;Engine v1.3 | Squadra alta: Lillestrom 2 (6ª), squadra bassa: Bossekop (12ª) | GF alta: 3.00/gara | GS bassa: 3.06/gara | Profilo ultime 10: 0.95 | Real over index: 0.85;8.6;20.0;;;20.0;9.47;8.5;;;;1.3.0
2026-09-06;CzechRepublic_ChNL;Zizkov;Pribram;80.4;ALTA;7;2026-09-06;CzechRepublic_ChNL;CzechRepublic_ChNL;;Engine v1.3 | Squadra alta: Pribram (4ª), squadra bassa: Zizkov (16ª) | GF alta: 1.83/gara | GS bassa: 2.50/gara | Profilo ultime 10: 0.72 | Real over index: 0.75;20.46;15.28;;;20.0;7.24;7.5;;;;1.3.0
2026-09-06;Peru_Liga1_Clausura;Cusco;Moquegua;80.06;ALTA;8;2026-09-06;Peru_Liga1_Clausura;Peru_Liga1_Clausura;;Engine v1.3 | Squadra alta: Cusco (1ª), squadra bassa: Moquegua (15ª) | GF alta: 2.83/gara | GS bassa: 1.50/gara | Profilo ultime 10: 0.71 | Real over index: 0.58;20.64;20.0;;;13.64;7.11;5.83;;;;1.3.0
2026-09-06;Germany_2Bundesliga;Furth;Heidenheim;79.46;IMM-ALTA-6;4;2026-09-06;Germany_2Bundesliga;Germany_2Bundesliga;;Engine v1.3 | Squadra alta: Heidenheim (4ª), squadra bassa: Furth (7ª) | GF alta: 3.33/gara | GS bassa: 2.67/gara | Profilo ultime 10: 0.94 | Real over index: 0.83;7.71;20.0;;;20.0;9.42;8.33;;;;1.3.0
2026-09-06;Germany_Regionalliga_West;Schalke 2;FC Gutersloh;79.41;ALTA;7;2026-09-06;Germany_Regionalliga_West;Germany_Regionalliga_West;;Engine v1.3 | Squadra alta: FC Gutersloh (1ª), squadra bassa: Schalke 2 (7ª) | GF alta: 2.67/gara | GS bassa: 2.33/gara | Profilo ultime 10: 0.84 | Real over index: 0.75;13.84;20.0;;;20.0;8.38;7.5;;;;1.3.0
2026-09-06;CzechRepublic_1Liga;Zlin;Teplice;79.32;ALTA;8;2026-09-06;CzechRepublic_1Liga;CzechRepublic_1Liga;;Engine v1.3 | Squadra alta: Teplice (7ª), squadra bassa: Zlin (16ª) | GF alta: 2.00/gara | GS bassa: 2.17/gara | Profilo ultime 10: 0.72 | Real over index: 0.50;18.92;16.67;;;19.7;7.17;5.0;;;;1.3.0
2026-09-06;Hungary_NBI;Zalaegerszeg;Puskas Academy;79.21;ALTA;8;2026-09-06;Hungary_NBI;Hungary_NBI;;Engine v1.3 | Squadra alta: Puskas Academy (2ª), squadra bassa: Zalaegerszeg (13ª) | GF alta: 1.67/gara | GS bassa: 2.29/gara | Profilo ultime 10: 0.68 | Real over index: 0.54;22.0;13.89;;;20.0;6.8;5.36;;;;1.3.0
2026-09-06;CzechRepublic_4Liga_GroupF;Kravare;Zabreh;78.96;IMM-ALTA-8;5;2026-09-06;CzechRepublic_4Liga_GroupF;CzechRepublic_4Liga_GroupF;CzechRepublic_4Liga;Engine v1.3 | Squadra alta: Kravare (2ª), squadra bassa: Zabreh (33ª) | GF alta: 3.75/gara | GS bassa: 1.00/gara | Profilo ultime 10: 0.80 | Real over index: 0.75;22.0;20.0;;;9.09;7.98;7.5;;;;1.3.0
2026-09-06;Spain_LaLiga;Valencia;Barcellona;78.85;IMM-ALTA-5;6;2026-09-06;Spain_LaLiga;Spain_LaLiga;;Engine v1.3 | Squadra alta: Barcellona (1ª), squadra bassa: Valencia (20ª) | GF alta: 4.00/gara | GS bassa: 2.00/gara | Profilo ultime 10: 0.63 | Real over index: 0.58;22.0;20.0;;;18.18;6.33;5.83;;;;1.3.0
2026-09-06;Peru_Liga1_Clausura;U. de Deportes;Comerciantes Unidos;78.54;ALTA;8;2026-09-06;Peru_Liga1_Clausura;Peru_Liga1_Clausura;;Engine v1.3 | Squadra alta: U. de Deportes (2ª), squadra bassa: Comerciantes Unidos (11ª) | GF alta: 2.17/gara | GS bassa: 1.83/gara | Profilo ultime 10: 0.87 | Real over index: 0.75;13.61;18.06;;;16.67;8.71;7.5;;;;1.3.0
2026-09-06;Germany_Regionalliga_Nord;Hannoverscher SC;SC Weiche-08;78.42;ALTA;8;2026-09-06;Germany_Regionalliga_Nord;Germany_Regionalliga_Nord;;Engine v1.3 | Squadra alta: SC Weiche-08 (2ª), squadra bassa: Hannoverscher SC (10ª) | GF alta: 3.00/gara | GS bassa: 1.67/gara | Profilo ultime 10: 0.78 | Real over index: 0.58;16.33;20.0;;;15.15;7.82;5.83;;;;1.3.0
2026-09-06;Iceland_BestaDeildKarla;Akranes;KR Reykjavik;78.41;ALTA;27;2026-09-06;Iceland_BestaDeildKarla;Iceland_BestaDeildKarla;;Engine v1.3 | Squadra alta: KR Reykjavik (2ª), squadra bassa: Akranes (6ª) | GF alta: 3.48/gara | GS bassa: 1.90/gara | Profilo ultime 10: 0.91 | Real over index: 0.75;10.52;20.0;;;17.32;9.07;7.5;;;;1.3.0
2026-09-06;USA_MLS;FC Dallas;Sporting Kansas City;78.34;ALTA;26;2026-09-06;USA_MLS;USA_MLS;;Engine v1.3 | Squadra alta: FC Dallas (9ª), squadra bassa: Sporting Kansas City (30ª) | GF alta: 1.86/gara | GS bassa: 2.45/gara | Profilo ultime 10: 0.86 | Real over index: 0.80;13.38;15.53;;;20.0;8.6;8.0;;;;1.3.0
2026-09-06;Germany_2Bundesliga;Hertha;Magdeburg;78.24;IMM-ALTA-6;4;2026-09-06;Germany_2Bundesliga;Germany_2Bundesliga;;Engine v1.3 | Squadra alta: Hertha (2ª), squadra bassa: Magdeburg (5ª) | GF alta: 3.33/gara | GS bassa: 2.00/gara | Profilo ultime 10: 0.85 | Real over index: 0.67;10.89;20.0;;;18.18;8.5;6.67;;;;1.3.0
2026-09-06;Serbia_SuperLiga;Stella Rossa;Partizan;77.77;ALTA;8;2026-09-06;Serbia_SuperLiga;Serbia_SuperLiga;;Engine v1.3 | Squadra alta: Stella Rossa (1ª), squadra bassa: Partizan (11ª) | GF alta: 3.20/gara | GS bassa: 1.67/gara | Profilo ultime 10: 0.79 | Real over index: 0.72;19.43;20.0;;;15.15;7.94;7.17;;;;1.3.0
2026-09-06;Iceland_BestaDeildKarla;Akureyri;Breidablik;77.65;ALTA;27;2026-09-06;Iceland_BestaDeildKarla;Iceland_BestaDeildKarla;;Engine v1.3 | Squadra alta: Breidablik (4ª), squadra bassa: Akureyri (12ª) | GF alta: 2.00/gara | GS bassa: 2.24/gara | Profilo ultime 10: 0.85 | Real over index: 0.70;11.5;16.67;;;20.0;8.48;7.0;;;;1.3.0
2026-09-06;Germany_Oberliga_Bayern_Nord;Neumarkt;Regensburg 2;77.5;ALTA;10;2026-09-06;Germany_Oberliga_Bayern_Nord;Germany_Oberliga_Bayern_Nord;;Engine v1.3 | Squadra alta: Regensburg 2 (8ª), squadra bassa: Neumarkt (17ª) | GF alta: 2.00/gara | GS bassa: 2.29/gara | Profilo ultime 10: 0.78 | Real over index: 0.66;14.46;16.67;;;20.0;7.77;6.61;;;;1.3.0
2026-09-06;Germany_Regionalliga_Nord;Norderstedt;VfB Lubeck;77.28;ALTA;8;2026-09-06;Germany_Regionalliga_Nord;Germany_Regionalliga_Nord;;Engine v1.3 | Squadra alta: Norderstedt (8ª), squadra bassa: VfB Lubeck (18ª) | GF alta: 2.17/gara | GS bassa: 2.33/gara | Profilo ultime 10: 0.75 | Real over index: 0.58;14.06;18.06;;;20.0;7.46;5.83;;;;1.3.0
2026-09-06;Switzerland_SuperLeague;Sion;Thun;76.8;ALTA;7;2026-09-06;Switzerland_SuperLeague;Switzerland_SuperLeague;;Engine v1.3 | Squadra alta: Sion (4ª), squadra bassa: Thun (7ª) | GF alta: 2.20/gara | GS bassa: 2.80/gara | Profilo ultime 10: 0.96 | Real over index: 0.90;5.91;18.33;;;20.0;9.55;9.0;;;;1.3.0
2026-09-06;Russia_PremierLeague;Dynamo Makhachkala;Rodina Moscow;76.73;ALTA;7;2026-09-06;Russia_PremierLeague;Russia_PremierLeague;;Engine v1.3 | Squadra alta: Dynamo Makhachkala (8ª), squadra bassa: Rodina Moscow (13ª) | GF alta: 1.67/gara | GS bassa: 2.83/gara | Profilo ultime 10: 0.92 | Real over index: 0.92;10.51;13.89;;;20.0;9.17;9.17;;;;1.3.0
2026-09-06;Belgium_JupilerProLeague;Kortrijk;Waregem;76.45;IMM-ALTA-8;8;2026-09-06;Belgium_JupilerProLeague;Belgium_JupilerProLeague;;Engine v1.3 | Squadra alta: Waregem (5ª), squadra bassa: Kortrijk (18ª) | GF alta: 2.00/gara | GS bassa: 2.50/gara | Profilo ultime 10: 0.66 | Real over index: 0.75;20.19;16.67;;;20.0;6.6;7.5;;;;1.3.0
2026-09-06;Austria_Burgenland;Lackenbach;Bad Sauerbrunn;76.36;IMM-ALTA-8;5;2026-09-06;Austria_Burgenland;Austria_Burgenland;;Engine v1.3 | Squadra alta: Bad Sauerbrunn (3ª), squadra bassa: Lackenbach (16ª) | GF alta: 2.25/gara | GS bassa: 1.75/gara | Profilo ultime 10: 0.63 | Real over index: 0.62;20.97;18.75;;;15.91;6.29;6.25;;;;1.3.0
2026-09-06;Slovakia_NikeLiga;Kosice;Banska Bystrica;76.22;ALTA;7;2026-09-06;Slovakia_NikeLiga;Slovakia_NikeLiga;;Engine v1.3 | Squadra alta: Kosice (8ª), squadra bassa: Banska Bystrica (10ª) | GF alta: 2.80/gara | GS bassa: 2.50/gara | Profilo ultime 10: 0.86 | Real over index: 0.83;6.48;20.0;;;20.0;8.57;8.33;;;;1.3.0
2026-09-06;Norway_3rdDivision_Group4;Odd 2;Haugesund 2;76.0;ALTA;21;2026-09-06;Norway_3rdDivision_Group4;Norway_3rdDivision_Group4;;Engine v1.3 | Squadra alta: Haugesund 2 (9ª), squadra bassa: Odd 2 (13ª) | GF alta: 2.12/gara | GS bassa: 2.53/gara | Profilo ultime 10: 0.97 | Real over index: 0.95;5.17;17.65;;;20.0;9.68;9.5;;;;1.3.0
2026-09-06;Germany_Oberliga_Niedersachsen;Vorsfelde;BSV Rehden;75.93;IMM-ALTA-8;5;2026-09-06;Germany_Oberliga_Niedersachsen;Germany_Oberliga_Niedersachsen;;Engine v1.3 | Squadra alta: BSV Rehden (4ª), squadra bassa: Vorsfelde (13ª) | GF alta: 2.25/gara | GS bassa: 2.00/gara | Profilo ultime 10: 0.70 | Real over index: 0.62;15.99;18.75;;;18.18;6.99;6.25;;;;1.3.0
2026-09-06;CzechRepublic_3CFL_GroupB;Jablonec B;Liberec B;75.88;IMM-ALTA-6;5;2026-09-06;CzechRepublic_3CFL_GroupB;CzechRepublic_3CFL_GroupB;CzechRepublic_3rdTier;Engine v1.3 | Squadra alta: Jablonec B (6ª), squadra bassa: Liberec B (24ª) | GF alta: 2.50/gara | GS bassa: 2.50/gara | Profilo ultime 10: 0.71 | Real over index: 0.62;14.01;20.0;;;20.0;7.09;6.25;;;;1.3.0
2026-09-06;Norway_3rdDivision_Group5;Strømsgodset 2;Finnsnes;75.47;ALTA;20;2026-09-06;Norway_3rdDivision_Group5;Norway_3rdDivision_Group5;;Engine v1.3 | Squadra alta: Finnsnes (4ª), squadra bassa: Strømsgodset 2 (10ª) | GF alta: 2.00/gara | GS bassa: 2.12/gara | Profilo ultime 10: 0.83 | Real over index: 0.70;10.28;16.67;;;19.25;8.27;7.0;;;;1.3.0
2026-09-06;Netherlands_Eredivisie;Heerenveen;Alkmaar;75.39;IMM-ALTA-8;5;2026-09-06;Netherlands_Eredivisie;Netherlands_Eredivisie;;Engine v1.3 | Squadra alta: Alkmaar (1ª), squadra bassa: Heerenveen (11ª) | GF alta: 3.25/gara | GS bassa: 1.50/gara | Profilo ultime 10: 0.69 | Real over index: 0.50;18.83;20.0;;;13.64;6.88;5.0;;;;1.3.0
2026-09-06;Bulgaria_ParvaLiga;Lok. Sofia;Ludogorets;75.26;ALTA;8;2026-09-06;Bulgaria_ParvaLiga;Bulgaria_ParvaLiga;;Engine v1.3 | Squadra alta: Ludogorets (3ª), squadra bassa: Lok. Sofia (15ª) | GF alta: 1.71/gara | GS bassa: 2.00/gara | Profilo ultime 10: 0.69 | Real over index: 0.48;20.46;14.29;;;18.18;6.91;4.76;;;;1.3.0
2026-09-06;SriLanka_SuperLeague;Ratnam;Red Star;75.26;ALTA;8;2026-09-06;SriLanka_SuperLeague;SriLanka_SuperLeague;;Engine v1.3 | Squadra alta: Red Star (5ª), squadra bassa: Ratnam (10ª) | GF alta: 1.57/gara | GS bassa: 4.14/gara | Profilo ultime 10: 0.69 | Real over index: 0.64;18.58;13.1;;;20.0;6.91;6.43;;;;1.3.0
2026-09-06;CzechRepublic_3CFL_GroupB;Varnsdorf;Velke Hamry;75.03;IMM-ALTA-7;5;2026-09-06;CzechRepublic_3CFL_GroupB;CzechRepublic_3CFL_GroupB;CzechRepublic_3rdTier;Engine v1.3 | Squadra alta: Varnsdorf (12ª), squadra bassa: Velke Hamry (32ª) | GF alta: 1.33/gara | GS bassa: 3.25/gara | Profilo ultime 10: 0.64 | Real over index: 0.71;22.0;11.11;;;20.0;6.37;7.08;;;;1.3.0
2026-09-06;Austria_Niederosterreich;Wieselburg;Amstetten (Am);74.9;MEDIA-ALTA;5;2026-09-06;Austria_Niederosterreich;Austria_Niederosterreich;;Engine v1.3 | Squadra alta: Wieselburg (8ª), squadra bassa: Amstetten (Am) (16ª) | GF alta: 1.75/gara | GS bassa: 3.00/gara | Profilo ultime 10: 0.76 | Real over index: 0.62;13.64;14.58;;;20.0;7.59;6.25;;;;1.3.0
2026-09-06;Germany_Regionalliga_Sudwest;Kaiserslautern 2;Fulda-Lehnerz;74.7;MEDIA-ALTA;6;2026-09-06;Germany_Regionalliga_Sudwest;Germany_Regionalliga_Sudwest;;Engine v1.3 | Squadra alta: Fulda-Lehnerz (9ª), squadra bassa: Kaiserslautern 2 (18ª) | GF alta: 2.00/gara | GS bassa: 3.00/gara | Profilo ultime 10: 0.79 | Real over index: 0.75;11.23;16.67;;;20.0;7.93;7.5;;;;1.3.0
2026-09-06;Germany_Oberliga_Niedersachsen;Verden;Lohne;74.61;MEDIA-ALTA;5;2026-09-06;Germany_Oberliga_Niedersachsen;Germany_Oberliga_Niedersachsen;;Engine v1.3 | Squadra alta: Lohne (6ª), squadra bassa: Verden (9ª) | GF alta: 2.25/gara | GS bassa: 1.75/gara | Profilo ultime 10: 0.87 | Real over index: 0.88;8.51;18.75;;;15.91;8.7;8.75;;;;1.3.0
2026-09-06;Netherlands_Eredivisie;Groningen;Twente;74.3;MEDIA-ALTA;5;2026-09-06;Netherlands_Eredivisie;Netherlands_Eredivisie;;Engine v1.3 | Squadra alta: Twente (9ª), squadra bassa: Groningen (10ª) | GF alta: 2.33/gara | GS bassa: 2.50/gara | Profilo ultime 10: 0.89 | Real over index: 0.83;5.22;19.44;;;20.0;8.92;8.33;;;;1.3.0
2026-09-06;Denmark_Superliga;Odense;FC Copenhagen;74.21;MEDIA-ALTA;8;2026-09-06;Denmark_Superliga;Denmark_Superliga;;Engine v1.3 | Squadra alta: FC Copenhagen (1ª), squadra bassa: Odense (8ª) | GF alta: 2.50/gara | GS bassa: 1.17/gara | Profilo ultime 10: 0.67 | Real over index: 0.58;19.2;20.0;;;10.61;6.71;5.83;;;;1.3.0
2026-09-06;Poland_IIILiga_Group4;Busko-Zdroj;Wislanie Skawina;74.19;MEDIA-ALTA;6;2026-09-06;Poland_IIILiga_Group4;Poland_IIILiga_Group4;;Engine v1.3 | Squadra alta: Wislanie Skawina (3ª), squadra bassa: Busko-Zdroj (17ª) | GF alta: 1.40/gara | GS bassa: 2.40/gara | Profilo ultime 10: 0.74 | Real over index: 0.60;17.78;11.67;;;20.0;7.44;6.0;;;;1.3.0
2026-09-06;USA_USLChampionship;Tampa Bay;Brooklyn;74.02;MEDIA-ALTA;33;2026-09-06;USA_USLChampionship;USA_USLChampionship;;Engine v1.3 | Squadra alta: Tampa Bay (1ª), squadra bassa: Brooklyn (24ª) | GF alta: 1.73/gara | GS bassa: 1.80/gara | Profilo ultime 10: 0.74 | Real over index: 0.50;19.57;14.39;;;16.36;7.38;5.0;;;;1.3.0
2026-09-06;Estonia_EsiliigaB;Tartu Kalev;Narva U21;73.97;MEDIA-ALTA;27;2026-09-06;Estonia_EsiliigaB;Estonia_EsiliigaB;;Engine v1.3 | Squadra alta: Narva U21 (1ª), squadra bassa: Tartu Kalev (4ª) | GF alta: 2.56/gara | GS bassa: 1.92/gara | Profilo ultime 10: 0.86 | Real over index: 0.80;5.84;20.0;;;17.48;8.65;8.0;;;;1.3.0
2026-09-06;Finland_Kakkonen_GroupC;Jaro 2;VPS 2;73.93;MEDIA-ALTA;21;2026-09-06;Finland_Kakkonen_GroupC;Finland_Kakkonen_GroupC;;Engine v1.3 | Squadra alta: VPS 2 (4ª), squadra bassa: Jaro 2 (6ª) | GF alta: 2.65/gara | GS bassa: 2.95/gara | Profilo ultime 10: 0.89 | Real over index: 0.85;2.51;20.0;;;20.0;8.91;8.5;;;;1.3.0
2026-09-06;CzechRepublic_4Liga_GroupF;Pusta Polom;Bridlicna;73.92;MEDIA-ALTA;5;2026-09-06;CzechRepublic_4Liga_GroupF;CzechRepublic_4Liga_GroupF;CzechRepublic_4Liga;Engine v1.3 | Squadra alta: Pusta Polom (62ª), squadra bassa: Bridlicna (72ª) | GF alta: 1.75/gara | GS bassa: 2.75/gara | Profilo ultime 10: 0.91 | Real over index: 0.88;7.52;14.58;;;20.0;9.07;8.75;;;;1.3.0
2026-09-06;Slovenia_PrvaLiga;Maribor;Mura;73.87;MEDIA-ALTA;9;2026-09-06;Slovenia_PrvaLiga;Slovenia_PrvaLiga;;Engine v1.3 | Squadra alta: Maribor (1ª), squadra bassa: Mura (9ª) | GF alta: 1.86/gara | GS bassa: 2.00/gara | Profilo ultime 10: 0.70 | Real over index: 0.50;17.74;15.48;;;18.18;6.96;5.0;;;;1.3.0
2026-09-06;CzechRepublic_3CFL_GroupA;Admira Prague;Plzen B;73.71;MEDIA-ALTA;5;2026-09-06;CzechRepublic_3CFL_GroupA;CzechRepublic_3CFL_GroupA;CzechRepublic_3rdTier;Engine v1.3 | Squadra alta: Plzen B (8ª), squadra bassa: Admira Prague (13ª) | GF alta: 2.25/gara | GS bassa: 2.25/gara | Profilo ultime 10: 0.85 | Real over index: 0.75;4.95;18.75;;;20.0;8.51;7.5;;;;1.3.0
2026-09-06;CzechRepublic_3MSFL;Brno B;Polanka nad Odrou;73.63;MEDIA-ALTA;7;2026-09-06;CzechRepublic_3MSFL;CzechRepublic_3MSFL;;Engine v1.3 | Squadra alta: Brno B (3ª), squadra bassa: Polanka nad Odrou (16ª) | GF alta: 2.67/gara | GS bassa: 1.17/gara | Profilo ultime 10: 0.69 | Real over index: 0.67;19.57;20.0;;;10.61;6.87;6.67;;;;1.3.0
2026-09-06;Serbia_SuperLiga;Vojvodina;Zemun;73.61;MEDIA-ALTA;8;2026-09-06;Serbia_SuperLiga;Serbia_SuperLiga;;Engine v1.3 | Squadra alta: Vojvodina (2ª), squadra bassa: Zemun (14ª) | GF alta: 2.14/gara | GS bassa: 2.00/gara | Profilo ultime 10: 0.58 | Real over index: 0.50;20.46;17.86;;;18.18;5.83;5.0;;;;1.3.0
2026-09-06;Sweden_Division2_VastraGotaland;Qviding;Jonsereds;73.6;MEDIA-ALTA;22;2026-09-06;Sweden_Division2_VastraGotaland;Sweden_Division2_VastraGotaland;;Engine v1.3 | Squadra alta: Jonsereds (3ª), squadra bassa: Qviding (8ª) | GF alta: 1.84/gara | GS bassa: 2.32/gara | Profilo ultime 10: 0.88 | Real over index: 0.75;7.98;15.35;;;20.0;8.78;7.5;;;;1.3.0
2026-09-06;CzechRepublic_4Liga_GroupE;FK Kozlovice;Prostejov B;73.53;MEDIA-ALTA;5;2026-09-06;CzechRepublic_4Liga_GroupE;CzechRepublic_4Liga_GroupE;CzechRepublic_4Liga;Engine v1.3 | Squadra alta: FK Kozlovice (9ª), squadra bassa: Prostejov B (23ª) | GF alta: 2.25/gara | GS bassa: 1.75/gara | Profilo ultime 10: 0.84 | Real over index: 0.75;11.95;18.75;;;15.91;8.38;7.5;;;;1.3.0
2026-09-06;Bulgaria_VtoraLiga;Etar;CSKA Sofia 2;73.5;MEDIA-ALTA;7;2026-09-06;Bulgaria_VtoraLiga;Bulgaria_VtoraLiga;;Engine v1.3 | Squadra alta: CSKA Sofia 2 (5ª), squadra bassa: Etar (13ª) | GF alta: 2.20/gara | GS bassa: 1.80/gara | Profilo ultime 10: 0.72 | Real over index: 0.50;13.16;18.33;;;16.36;7.19;5.0;;;;1.3.0
2026-09-06;Switzerland_ChallengeLeague;Yverdon;Nyonnais;73.45;MEDIA-ALTA;7;2026-09-06;Switzerland_ChallengeLeague;Switzerland_ChallengeLeague;;Engine v1.3 | Squadra alta: Yverdon (2ª), squadra bassa: Nyonnais (10ª) | GF alta: 1.67/gara | GS bassa: 1.83/gara | Profilo ultime 10: 0.66 | Real over index: 0.58;21.14;13.89;;;16.67;6.65;5.83;;;;1.3.0
2026-09-06;Switzerland_SuperLeague;Basilea;Lugano;73.43;MEDIA-ALTA;7;2026-09-06;Switzerland_SuperLeague;Switzerland_SuperLeague;;Engine v1.3 | Squadra alta: Lugano (1ª), squadra bassa: Basilea (3ª) | GF alta: 2.80/gara | GS bassa: 1.50/gara | Profilo ultime 10: 0.81 | Real over index: 0.73;14.11;20.0;;;13.64;8.12;7.33;;;;1.3.0
2026-09-06;Turkey_SuperLig;Kocaelispor;Samsunspor;73.43;MEDIA-ALTA;4;2026-09-06;Turkey_SuperLig;Turkey_SuperLig;;Engine v1.3 | Squadra alta: Kocaelispor (5ª), squadra bassa: Samsunspor (15ª) | GF alta: 1.33/gara | GS bassa: 2.50/gara | Profilo ultime 10: 0.69 | Real over index: 0.42;18.83;11.11;;;20.0;6.94;4.17;;;;1.3.0
2026-09-06;Belarus_PershayaLiga;Gomel 2;FC Slonim;73.35;MEDIA-ALTA;25;2026-09-06;Belarus_PershayaLiga;Belarus_PershayaLiga;;Engine v1.3 | Squadra alta: FC Slonim (6ª), squadra bassa: Gomel 2 (16ª) | GF alta: 1.82/gara | GS bassa: 1.77/gara | Profilo ultime 10: 0.92 | Real over index: 0.80;11.03;15.15;;;16.12;9.2;8.0;;;;1.3.0
2026-09-06;Sweden_Division2_SodraSvealand;Syrianska;Fittja;73.32;MEDIA-ALTA;20;2026-09-06;Sweden_Division2_SodraSvealand;Sweden_Division2_SodraSvealand;;Engine v1.3 | Squadra alta: Fittja (8ª), squadra bassa: Syrianska (13ª) | GF alta: 1.74/gara | GS bassa: 2.53/gara | Profilo ultime 10: 0.84 | Real over index: 0.70;9.48;14.47;;;20.0;8.36;7.0;;;;1.3.0
2026-09-06;Iceland_BestaDeildKvenna;Hafnarfjordur D;Thor/KA D;73.31;MEDIA-ALTA;19;2026-09-06;Iceland_BestaDeildKvenna;Iceland_BestaDeildKvenna;;Engine v1.3 | Squadra alta: Hafnarfjordur D (2ª), squadra bassa: Thor/KA D (7ª) | GF alta: 3.18/gara | GS bassa: 1.53/gara | Profilo ultime 10: 0.72 | Real over index: 0.55;12.69;20.0;;;13.9;7.21;5.5;;;;1.3.0
2026-09-06;Estonia_Esiliiga;Elva;Nomme Kalju U21;73.13;MEDIA-ALTA;31;2026-09-06;Estonia_Esiliiga;Estonia_Esiliiga;;Engine v1.3 | Squadra alta: Elva (4ª), squadra bassa: Nomme Kalju U21 (10ª) | GF alta: 1.68/gara | GS bassa: 2.68/gara | Profilo ultime 10: 0.70 | Real over index: 0.65;11.62;14.0;;;20.0;7.01;6.5;;;;1.3.0
2026-09-06;Sweden_Division1_Sodra;Skövde;Trelleborg;73.06;MEDIA-ALTA;22;2026-09-06;Sweden_Division1_Sodra;Sweden_Division1_Sodra;;Engine v1.3 | Squadra alta: Trelleborg (1ª), squadra bassa: Skövde (12ª) | GF alta: 2.16/gara | GS bassa: 1.47/gara | Profilo ultime 10: 0.80 | Real over index: 0.75;14.68;17.98;;;13.4;8.02;7.5;;;;1.3.0
2026-09-06;Austria_Regionalliga_West;Wolfurt;SK St. Johann;72.95;MEDIA-ALTA;6;2026-09-06;Austria_Regionalliga_West;Austria_Regionalliga_West;;Engine v1.3 | Squadra alta: SK St. Johann (7ª), squadra bassa: Wolfurt (13ª) | GF alta: 1.60/gara | GS bassa: 2.60/gara | Profilo ultime 10: 0.88 | Real over index: 0.80;8.8;13.33;;;20.0;8.82;8.0;;;;1.3.0
2026-09-06;Wales_CymruNorth;Gresford;Mold Alexandra;72.92;MEDIA-ALTA;6;2026-09-06;Wales_CymruNorth;Wales_CymruNorth;Wales_CymruTier2;Engine v1.3 | Squadra alta: Mold Alexandra (2ª), squadra bassa: Gresford (32ª) | GF alta: 2.00/gara | GS bassa: 2.67/gara | Profilo ultime 10: 0.53 | Real over index: 0.47;22.0;16.67;;;20.0;5.28;4.67;;;;1.3.0
2026-09-06;Poland_IIILiga_Group1;Suwalki;Lidzbark Warminski;72.76;MEDIA-ALTA;7;2026-09-06;Poland_IIILiga_Group1;Poland_IIILiga_Group1;;Engine v1.3 | Squadra alta: Suwalki (3ª), squadra bassa: Lidzbark Warminski (17ª) | GF alta: 1.33/gara | GS bassa: 2.67/gara | Profilo ultime 10: 0.70 | Real over index: 0.50;19.97;11.11;;;20.0;6.98;5.0;;;;1.3.0
2026-09-06;Germany_3Liga;Wurzburger Kickers;Stoccarda 2;72.48;MEDIA-ALTA;4;2026-09-06;Germany_3Liga;Germany_3Liga;;Engine v1.3 | Squadra alta: Wurzburger Kickers (8ª), squadra bassa: Stoccarda 2 (16ª) | GF alta: 2.00/gara | GS bassa: 2.00/gara | Profilo ultime 10: 0.89 | Real over index: 0.83;6.42;16.67;;;18.18;8.88;8.33;;;;1.3.0
2026-09-06;Germany_Oberliga_Hamburg;Niendorfer TSV;Suderelbe;72.24;MEDIA-ALTA;6;2026-09-06;Germany_Oberliga_Hamburg;Germany_Oberliga_Hamburg;;Engine v1.3 | Squadra alta: Suderelbe (8ª), squadra bassa: Niendorfer TSV (11ª) | GF alta: 2.20/gara | GS bassa: 2.80/gara | Profilo ultime 10: 0.96 | Real over index: 0.90;1.36;18.33;;;20.0;9.55;9.0;;;;1.3.0
2026-09-06;CzechRepublic_3CFL_GroupA;Povltavska FA;Sparta Praga B;72.12;MEDIA-ALTA;5;2026-09-06;CzechRepublic_3CFL_GroupA;CzechRepublic_3CFL_GroupA;CzechRepublic_3rdTier;Engine v1.3 | Squadra alta: Sparta Praga B (15ª), squadra bassa: Povltavska FA (29ª) | GF alta: 2.00/gara | GS bassa: 2.00/gara | Profilo ultime 10: 0.66 | Real over index: 0.67;16.72;16.67;;;18.18;6.55;6.67;;;;1.3.0
2026-09-06;USA_MLS;Toronto FC;Chicago Fire;71.91;MEDIA-ALTA;26;2026-09-06;USA_MLS;USA_MLS;;Engine v1.3 | Squadra alta: Chicago Fire (5ª), squadra bassa: Toronto FC (26ª) | GF alta: 1.86/gara | GS bassa: 1.74/gara | Profilo ultime 10: 0.76 | Real over index: 0.65;12.51;15.53;;;15.81;7.56;6.5;;;;1.3.0
2026-09-06;USA_USLChampionship;Sporting Jax;Lexington;71.71;MEDIA-ALTA;33;2026-09-06;USA_USLChampionship;USA_USLChampionship;;Engine v1.3 | Squadra alta: Lexington (12ª), squadra bassa: Sporting Jax (25ª) | GF alta: 1.41/gara | GS bassa: 2.64/gara | Profilo ultime 10: 0.76 | Real over index: 0.60;13.02;11.74;;;20.0;7.59;6.0;;;;1.3.0
2026-09-06;Portugal_Liga3_SerieA;S. Joao Ver;AD Marco 09;71.58;MEDIA-ALTA;4;2026-09-06;Portugal_Liga3_SerieA;Portugal_Liga3_SerieA;Portugal_Liga3;Engine v1.3 | Squadra alta: AD Marco 09 (2ª), squadra bassa: S. Joao Ver (15ª) | GF alta: 1.67/gara | GS bassa: 1.67/gara | Profilo ultime 10: 0.63 | Real over index: 0.50;22.0;13.89;;;15.15;6.27;5.0;;;;1.3.0
2026-09-06;Norway_Eliteserien;Kristiansund;Tromsø;71.52;MEDIA-ALTA;27;2026-09-06;Norway_Eliteserien;Norway_Eliteserien;;Engine v1.3 | Squadra alta: Tromsø (3ª), squadra bassa: Kristiansund (14ª) | GF alta: 1.89/gara | GS bassa: 1.61/gara | Profilo ultime 10: 0.74 | Real over index: 0.65;15.71;15.74;;;14.65;7.43;6.5;;;;1.3.0
2026-09-06;Germany_Regionalliga_Nord;Brema 2;Phonix Lubeck;71.48;MEDIA-ALTA;8;2026-09-06;Germany_Regionalliga_Nord;Germany_Regionalliga_Nord;;Engine v1.3 | Squadra alta: Phonix Lubeck (4ª), squadra bassa: Brema 2 (13ª) | GF alta: 2.00/gara | GS bassa: 1.83/gara | Profilo ultime 10: 0.75 | Real over index: 0.67;13.61;16.67;;;16.67;7.47;6.67;;;;1.3.0
2026-09-06;Norway_3rdDivision_Group4;Viking 2;Stabaek 2;71.41;MEDIA-ALTA;21;2026-09-06;Norway_3rdDivision_Group4;Norway_3rdDivision_Group4;;Engine v1.3 | Squadra alta: Viking 2 (7ª), squadra bassa: Stabaek 2 (8ª) | GF alta: 2.41/gara | GS bassa: 2.41/gara | Profilo ultime 10: 0.87 | Real over index: 0.70;1.71;20.0;;;20.0;8.7;7.0;;;;1.3.0
2026-09-06;Germany_2Bundesliga;Osnabruck;Braunschweig;71.39;MEDIA-ALTA;4;2026-09-06;Germany_2Bundesliga;Germany_2Bundesliga;;Engine v1.3 | Squadra alta: Braunschweig (9ª), squadra bassa: Osnabruck (14ª) | GF alta: 3.00/gara | GS bassa: 2.33/gara | Profilo ultime 10: 0.85 | Real over index: 0.67;2.26;20.0;;;20.0;8.46;6.67;;;;1.3.0
2026-09-06;Estonia_Esiliiga;Maardu;Nomme Utd U21;71.37;MEDIA-ALTA;31;2026-09-06;Estonia_Esiliiga;Estonia_Esiliiga;;Engine v1.3 | Squadra alta: Maardu (5ª), squadra bassa: Nomme Utd U21 (9ª) | GF alta: 1.65/gara | GS bassa: 2.28/gara | Profilo ultime 10: 0.84 | Real over index: 0.70;8.2;13.78;;;20.0;8.39;7.0;;;;1.3.0
2026-09-06;Belgium_JupilerProLeague;Cercle Brugge;Gent;71.35;MEDIA-ALTA;8;2026-09-06;Belgium_JupilerProLeague;Belgium_JupilerProLeague;;Engine v1.3 | Squadra alta: Gent (2ª), squadra bassa: Cercle Brugge (13ª) | GF alta: 1.75/gara | GS bassa: 1.75/gara | Profilo ultime 10: 0.69 | Real over index: 0.50;19.28;14.58;;;15.91;6.88;5.0;;;;1.3.0
2026-09-06;Norway_Eliteserien;Molde;KFUM Oslo;71.25;MEDIA-ALTA;27;2026-09-06;Norway_Eliteserien;Norway_Eliteserien;;Engine v1.3 | Squadra alta: Molde (4ª), squadra bassa: KFUM Oslo (13ª) | GF alta: 2.00/gara | GS bassa: 1.72/gara | Profilo ultime 10: 0.80 | Real over index: 0.70;10.45;16.67;;;15.66;8.0;7.0;;;;1.3.0
2026-09-06;Germany_Oberliga_Hamburg;Paloma;Sasel;71.21;MEDIA-ALTA;6;2026-09-06;Germany_Oberliga_Hamburg;Germany_Oberliga_Hamburg;;Engine v1.3 | Squadra alta: Sasel (3ª), squadra bassa: Paloma (4ª) | GF alta: 2.20/gara | GS bassa: 1.80/gara | Profilo ultime 10: 0.93 | Real over index: 0.90;4.27;18.33;;;16.36;9.25;9.0;;;;1.3.0
2026-09-06;Sweden_Division2_SodraGotaland;IFK Berga;Lilla Torg;71.17;MEDIA-ALTA;25;2026-09-06;Sweden_Division2_SodraGotaland;Sweden_Division2_SodraGotaland;;Engine v1.3 | Squadra alta: IFK Berga (4ª), squadra bassa: Lilla Torg (10ª) | GF alta: 2.14/gara | GS bassa: 1.63/gara | Profilo ultime 10: 0.84 | Real over index: 0.70;9.31;17.86;;;14.83;8.41;7.0;;;;1.3.0
2026-09-06;USA_MLSNextPro_WesternConference_CentralDivision;Sporting Kansas City 2;St. Louis City 2;71.13;MEDIA-ALTA;30;2026-09-06;USA_MLSNextPro_WesternConference_CentralDivision;USA_MLSNextPro_WesternConference_CentralDivision;;Engine v1.3 | Squadra alta: St. Louis City 2 (4ª), squadra bassa: Sporting Kansas City 2 (7ª) | GF alta: 1.56/gara | GS bassa: 2.64/gara | Profilo ultime 10: 0.73 | Real over index: 0.65;10.33;13.0;;;20.0;7.3;6.5;;;;1.3.0
2026-09-06;Bolivia_DivisionProfesional;Independiente;Bolivar;71.03;MEDIA-ALTA;22;2026-09-06;Bolivia_DivisionProfesional;Bolivia_DivisionProfesional;;Engine v1.3 | Squadra alta: Bolivar (1ª), squadra bassa: Independiente (5ª) | GF alta: 2.59/gara | GS bassa: 1.47/gara | Profilo ultime 10: 0.84 | Real over index: 0.80;8.22;20.0;;;13.37;8.42;8.0;;;;1.3.0
2026-09-06;Estonia_EsiliigaB;Levadia U19;Johvi Phoenix;71.02;MEDIA-ALTA;27;2026-09-06;Estonia_EsiliigaB;Estonia_EsiliigaB;;Engine v1.3 | Squadra alta: Levadia U19 (2ª), squadra bassa: Johvi Phoenix (3ª) | GF alta: 2.40/gara | GS bassa: 2.16/gara | Profilo ultime 10: 0.81 | Real over index: 0.65;2.76;20.0;;;19.64;8.12;6.5;;;;1.3.0
2026-09-06;Sweden_Division2_NorraGotaland;Grebbestad;Lidkoping;70.97;MEDIA-ALTA;22;2026-09-06;Sweden_Division2_NorraGotaland;Sweden_Division2_NorraGotaland;;Engine v1.3 | Squadra alta: Grebbestad (5ª), squadra bassa: Lidkoping (11ª) | GF alta: 1.79/gara | GS bassa: 1.95/gara | Profilo ultime 10: 0.79 | Real over index: 0.70;10.03;14.91;;;17.73;7.89;7.0;;;;1.3.0
2026-09-06;Slovakia_3Liga_West;Belusa;D. Luzna;70.88;MEDIA-ALTA;5;2026-09-06;Slovakia_3Liga_West;Slovakia_3Liga_West;;Engine v1.3 | Squadra alta: Belusa (1ª), squadra bassa: D. Luzna (6ª) | GF alta: 3.75/gara | GS bassa: 1.00/gara | Profilo ultime 10: 0.73 | Real over index: 0.62;14.48;20.0;;;9.09;7.32;6.25;;;;1.3.0
2026-09-06;Georgia_ErovnuliLiga;Torpedo Kutaisi;Din. Tbilisi;70.83;MEDIA-ALTA;5;2026-09-06;Georgia_ErovnuliLiga;Georgia_ErovnuliLiga;;Engine v1.3 | Squadra alta: Din. Tbilisi (4ª), squadra bassa: Torpedo Kutaisi (8ª) | GF alta: 1.33/gara | GS bassa: 2.00/gara | Profilo ultime 10: 0.79 | Real over index: 0.67;12.96;11.11;;;18.18;7.92;6.67;;;;1.3.0
2026-09-06;Netherlands_Eredivisie;Telstar;Cambuur;70.82;MEDIA-ALTA;5;2026-09-06;Netherlands_Eredivisie;Netherlands_Eredivisie;;Engine v1.3 | Squadra alta: Telstar (14ª), squadra bassa: Cambuur (18ª) | GF alta: 1.00/gara | GS bassa: 4.00/gara | Profilo ultime 10: 0.83 | Real over index: 1.00;11.35;8.33;;;20.0;8.31;10.0;;;;1.3.0
2026-09-06;Norway_3rdDivision_Group5;Skjervoy;Kongsvinger 2;70.72;MEDIA-ALTA;20;2026-09-06;Norway_3rdDivision_Group5;Norway_3rdDivision_Group5;;Engine v1.3 | Squadra alta: Kongsvinger 2 (8ª), squadra bassa: Skjervoy (11ª) | GF alta: 2.00/gara | GS bassa: 2.75/gara | Profilo ultime 10: 0.93 | Real over index: 0.80;2.76;16.67;;;20.0;9.3;8.0;;;;1.3.0
2026-09-06;USA_MLSNextPro_WesternConference_CentralDivision;Minnesota 2;Colorado Rapids 2;70.58;MEDIA-ALTA;30;2026-09-06;USA_MLSNextPro_WesternConference_CentralDivision;USA_MLSNextPro_WesternConference_PacificDivision;;Engine v1.3 | Squadra alta: Minnesota 2 (5ª), squadra bassa: Colorado Rapids 2 (10ª) | GF alta: 1.38/gara | GS bassa: 1.96/gara | Profilo ultime 10: 0.82 | Real over index: 0.65;13.26;11.46;;;17.83;8.24;6.5;;;;1.3.0
2026-09-06;Mexico_LigaMX_Apertura;Tigres;Necaxa;70.53;MEDIA-ALTA;7;2026-09-06;Mexico_LigaMX_Apertura;Mexico_LigaMX_Apertura;;Engine v1.3 | Squadra alta: Necaxa (8ª), squadra bassa: Tigres (16ª) | GF alta: 1.67/gara | GS bassa: 1.67/gara | Profilo ultime 10: 0.84 | Real over index: 0.75;11.57;13.89;;;15.15;8.42;7.5;;;;1.3.0
2026-09-06;Norway_3rdDivision_Group2;Volda TI;Rosenborg 2;70.49;MEDIA-ALTA;21;2026-09-06;Norway_3rdDivision_Group2;Norway_3rdDivision_Group2;;Engine v1.3 | Squadra alta: Volda TI (1ª), squadra bassa: Rosenborg 2 (5ª) | GF alta: 2.71/gara | GS bassa: 1.65/gara | Profilo ultime 10: 0.78 | Real over index: 0.65;8.54;20.0;;;14.97;7.77;6.5;;;;1.3.0
2026-09-06;Finland_Ykkosliiga;Haka;Mikkeli;70.47;MEDIA-ALTA;25;2026-09-06;Finland_Ykkosliiga;Finland_Ykkosliiga;;Engine v1.3 | Squadra alta: Haka (3ª), squadra bassa: Mikkeli (7ª) | GF alta: 2.00/gara | GS bassa: 1.55/gara | Profilo ultime 10: 0.84 | Real over index: 0.75;11.98;16.67;;;14.09;8.44;7.5;;;;1.3.0
2026-09-06;France_Ligue1;Angers;Rennes;70.45;MEDIA-ALTA;4;2026-09-06;France_Ligue1;France_Ligue1;;Engine v1.3 | Squadra alta: Rennes (3ª), squadra bassa: Angers (7ª) | GF alta: 2.50/gara | GS bassa: 1.50/gara | Profilo ultime 10: 0.87 | Real over index: 0.75;6.58;20.0;;;13.64;8.73;7.5;;;;1.3.0
2026-09-06;Iceland_BestaDeildKarla;Vikingur Reykjavik;Fram;70.29;MEDIA-ALTA;27;2026-09-06;Iceland_BestaDeildKarla;Iceland_BestaDeildKarla;;Engine v1.3 | Squadra alta: Vikingur Reykjavik (1ª), squadra bassa: Fram (3ª) | GF alta: 3.10/gara | GS bassa: 1.90/gara | Profilo ultime 10: 0.86 | Real over index: 0.75;5.03;20.0;;;17.32;8.57;7.5;;;;1.3.0
2026-09-06;Denmark_Superliga;Sonderjyske;Horsens;70.28;MEDIA-ALTA;8;2026-09-06;Denmark_Superliga;Denmark_Superliga;;Engine v1.3 | Squadra alta: Horsens (6ª), squadra bassa: Sonderjyske (12ª) | GF alta: 1.33/gara | GS bassa: 2.17/gara | Profilo ultime 10: 0.72 | Real over index: 0.67;13.73;11.11;;;19.7;7.21;6.67;;;;1.3.0
2026-09-06;Norway_3rdDivision_Group5;Alta;Skedsmo;70.21;MEDIA-ALTA;20;2026-09-06;Norway_3rdDivision_Group5;Norway_3rdDivision_Group5;;Engine v1.3 | Squadra alta: Skedsmo (1ª), squadra bassa: Alta (5ª) | GF alta: 2.29/gara | GS bassa: 1.59/gara | Profilo ultime 10: 0.82 | Real over index: 0.65;7.98;19.12;;;14.44;8.18;6.5;;;;1.3.0
2026-09-06;Poland_Ekstraklasa;Cracovia;Gornik Zabrze;70.18;MEDIA-ALTA;8;2026-09-06;Poland_Ekstraklasa;Poland_Ekstraklasa;;Engine v1.3 | Squadra alta: Gornik Zabrze (3ª), squadra bassa: Cracovia (10ª) | GF alta: 2.20/gara | GS bassa: 1.17/gara | Profilo ultime 10: 0.76 | Real over index: 0.75;13.34;18.33;;;10.61;7.56;7.5;;;;1.3.0
2026-09-06;Iceland_BestaDeildKarla;Stjarnan;Vestmannaeyjar;70.16;MEDIA-ALTA;27;2026-09-06;Iceland_BestaDeildKarla;Iceland_BestaDeildKarla;;Engine v1.3 | Squadra alta: Stjarnan (7ª), squadra bassa: Vestmannaeyjar (11ª) | GF alta: 1.90/gara | GS bassa: 2.05/gara | Profilo ultime 10: 0.78 | Real over index: 0.65;7.34;15.87;;;18.61;7.83;6.5;;;;1.3.0
2026-09-06;USA_MLS;Austin FC;San Jose Earthquakes;69.78;MEDIA-ALTA;26;2026-09-06;USA_MLS;USA_MLS;;Engine v1.3 | Squadra alta: San Jose Earthquakes (8ª), squadra bassa: Austin FC (25ª) | GF alta: 1.77/gara | GS bassa: 1.86/gara | Profilo ultime 10: 0.77 | Real over index: 0.75;8.85;14.77;;;16.94;7.72;7.5;;;;1.3.0
2026-09-06;Moldova_SuperLiga;Real Sireti;Zimbru;69.43;MEDIA-ALTA;11;2026-09-06;Moldova_SuperLiga;Moldova_SuperLiga;;Engine v1.3 | Squadra alta: Zimbru (2ª), squadra bassa: Real Sireti (7ª) | GF alta: 2.30/gara | GS bassa: 1.30/gara | Profilo ultime 10: 0.62 | Real over index: 0.55;17.89;19.17;;;11.82;6.17;5.5;;;;1.3.0
2026-09-06;Germany_Oberliga_Niedersachsen;Hemmingen;Meppen 2;69.29;MEDIA-ALTA;5;2026-09-06;Germany_Oberliga_Niedersachsen;Germany_Oberliga_Niedersachsen;;Engine v1.3 | Squadra alta: Meppen 2 (10ª), squadra bassa: Hemmingen (11ª) | GF alta: 2.00/gara | GS bassa: 3.00/gara | Profilo ultime 10: 0.94 | Real over index: 0.88;0.45;16.67;;;20.0;9.42;8.75;;;;1.3.0
2026-09-06;Russia_FNL;Ural;Kamaz;69.2;MEDIA-ALTA;10;2026-09-06;Russia_FNL;Russia_FNL;;Engine v1.3 | Squadra alta: Ural (5ª), squadra bassa: Kamaz (17ª) | GF alta: 1.75/gara | GS bassa: 1.78/gara | Profilo ultime 10: 0.66 | Real over index: 0.53;18.01;14.58;;;16.16;6.64;5.28;;;;1.3.0
2026-09-06;Belarus_VysshayaLiga;Naftan;FC Minsk;68.97;MEDIA-ALTA;24;2026-09-06;Belarus_VysshayaLiga;Belarus_VysshayaLiga;;Engine v1.3 | Squadra alta: FC Minsk (8ª), squadra bassa: Naftan (16ª) | GF alta: 1.29/gara | GS bassa: 2.45/gara | Profilo ultime 10: 0.72 | Real over index: 0.70;12.05;10.71;;;20.0;7.24;7.0;;;;1.3.0
2026-09-06;Lithuania_Toplyga;Zalgiris;FA Siauliai;68.79;MEDIA-ALTA;34;2026-09-06;Lithuania_Toplyga;Lithuania_Toplyga;;Engine v1.3 | Squadra alta: Zalgiris (6ª), squadra bassa: FA Siauliai (9ª) | GF alta: 1.38/gara | GS bassa: 2.16/gara | Profilo ultime 10: 0.78 | Real over index: 0.75;9.61;11.46;;;19.64;7.79;7.5;;;;1.3.0
2026-09-06;USA_MLS;Orlando City;San Diego FC;68.63;MEDIA-ALTA;26;2026-09-06;USA_MLS;USA_MLS;;Engine v1.3 | Squadra alta: San Diego FC (14ª), squadra bassa: Orlando City (23ª) | GF alta: 1.82/gara | GS bassa: 2.45/gara | Profilo ultime 10: 0.84 | Real over index: 0.65;4.56;15.15;;;20.0;8.43;6.5;;;;1.3.0
2026-09-06;FaroeIslands_1Deild;Runavik 2;Streymur 2;68.59;MEDIA-ALTA;22;2026-09-06;FaroeIslands_1Deild;FaroeIslands_1Deild;;Engine v1.3 | Squadra alta: Runavik 2 (6ª), squadra bassa: Streymur 2 (10ª) | GF alta: 1.28/gara | GS bassa: 2.88/gara | Profilo ultime 10: 0.78 | Real over index: 0.80;8.19;10.65;;;20.0;7.75;8.0;;;;1.3.0
2026-09-06;Spain_LaLiga;Malaga;Levante;68.53;MEDIA-ALTA;6;2026-09-06;Spain_LaLiga;Spain_LaLiga;;Engine v1.3 | Squadra alta: Levante (7ª), squadra bassa: Malaga (19ª) | GF alta: 1.67/gara | GS bassa: 2.33/gara | Profilo ultime 10: 0.63 | Real over index: 0.50;14.4;13.89;;;20.0;6.3;5.0;;;;1.3.0
2026-09-06;Belarus_PershayaLiga;Smorgon;Slutsk;68.46;MEDIA-ALTA;25;2026-09-06;Belarus_PershayaLiga;Belarus_PershayaLiga;;Engine v1.3 | Squadra alta: Slutsk (2ª), squadra bassa: Smorgon (15ª) | GF alta: 1.95/gara | GS bassa: 1.50/gara | Profilo ultime 10: 0.65 | Real over index: 0.45;14.99;16.29;;;13.64;6.52;4.5;;;;1.3.0
2026-09-06;Germany_Regionalliga_West;Hilden;Oberhausen;68.42;MEDIA-ALTA;7;2026-09-06;Germany_Regionalliga_West;Germany_Regionalliga_West;;Engine v1.3 | Squadra alta: Oberhausen (3ª), squadra bassa: Hilden (13ª) | GF alta: 2.17/gara | GS bassa: 1.67/gara | Profilo ultime 10: 0.62 | Real over index: 0.50;15.65;18.06;;;15.15;6.19;5.0;;;;1.3.0
2026-09-06;Italy_SerieC_GironeC;Altamura;Savoia;68.3;MEDIA-ALTA;3;2026-09-06;Italy_SerieC_GironeC;Italy_SerieC_GironeC;;Engine v1.3 | Squadra alta: Altamura (4ª), squadra bassa: Savoia (15ª) | GF alta: 1.00/gara | GS bassa: 2.50/gara | Profilo ultime 10: 0.65 | Real over index: 0.50;18.76;8.33;;;20.0;6.52;5.0;;;;1.3.0
2026-09-06;Armenia_PremierLeague;Shirak;Sardarapat;68.02;MEDIA-ALTA;8;2026-09-06;Armenia_PremierLeague;Armenia_PremierLeague;;Engine v1.3 | Squadra alta: Sardarapat (3ª), squadra bassa: Shirak (7ª) | GF alta: 2.50/gara | GS bassa: 1.00/gara | Profilo ultime 10: 0.75 | Real over index: 0.57;13.29;20.0;;;9.09;7.51;5.75;;;;1.3.0
2026-09-06;Poland_Ekstraklasa;Jagiellonia;Slask;68.01;MEDIA-ALTA;8;2026-09-06;Poland_Ekstraklasa;Poland_Ekstraklasa;;Engine v1.3 | Squadra alta: Jagiellonia (6ª), squadra bassa: Slask (14ª) | GF alta: 1.80/gara | GS bassa: 1.50/gara | Profilo ultime 10: 0.78 | Real over index: 0.63;11.25;15.0;;;13.64;7.79;6.33;;;;1.3.0
2026-09-06;Austria_Regionalliga_West;Altach U21;Rothis;67.9;MEDIA-ALTA;6;2026-09-06;Austria_Regionalliga_West;Austria_Regionalliga_West;;Engine v1.3 | Squadra alta: Rothis (9ª), squadra bassa: Altach U21 (12ª) | GF alta: 1.20/gara | GS bassa: 2.20/gara | Profilo ultime 10: 0.86 | Real over index: 0.80;7.26;10.0;;;20.0;8.64;8.0;;;;1.3.0
2026-09-06;USA_MLS;Cincinnati;DC United;67.9;MEDIA-ALTA;26;2026-09-06;USA_MLS;USA_MLS;;Engine v1.3 | Squadra alta: Cincinnati (13ª), squadra bassa: DC United (22ª) | GF alta: 2.23/gara | GS bassa: 1.64/gara | Profilo ultime 10: 0.85 | Real over index: 0.70;4.99;18.56;;;14.88;8.48;7.0;;;;1.3.0
2026-09-06;Norway_3rdDivision_Group3;Brann 2;V. Haugesund;67.84;MEDIA-ALTA;20;2026-09-06;Norway_3rdDivision_Group3;Norway_3rdDivision_Group3;;Engine v1.3 | Squadra alta: Brann 2 (7ª), squadra bassa: V. Haugesund (8ª) | GF alta: 2.12/gara | GS bassa: 1.88/gara | Profilo ultime 10: 0.94 | Real over index: 0.85;1.15;17.65;;;17.11;9.43;8.5;;;;1.3.0
2026-09-06;USA_USLLeagueOne;FC Naples;Boise;67.73;MEDIA-ALTA;36;2026-09-06;USA_USLLeagueOne;USA_USLLeagueOne;;Engine v1.3 | Squadra alta: Boise (4ª), squadra bassa: FC Naples (11ª) | GF alta: 1.62/gara | GS bassa: 1.70/gara | Profilo ultime 10: 0.85 | Real over index: 0.75;8.88;13.54;;;15.42;8.54;7.5;;;;1.3.0
2026-09-06;Poland_IIILiga_Group1;Widzew Lodz 2;Plock 2;67.64;MEDIA-ALTA;7;2026-09-06;Poland_IIILiga_Group1;Poland_IIILiga_Group1;;Engine v1.3 | Squadra alta: Widzew Lodz 2 (2ª), squadra bassa: Plock 2 (6ª) | GF alta: 2.50/gara | GS bassa: 1.83/gara | Profilo ultime 10: 0.80 | Real over index: 0.58;4.8;20.0;;;16.67;7.96;5.83;;;;1.3.0
2026-09-06;Sweden_Division1_Norra;Arlanda;Umeå;67.56;MEDIA-ALTA;22;2026-09-06;Sweden_Division1_Norra;Sweden_Division1_Norra;;Engine v1.3 | Squadra alta: Arlanda (5ª), squadra bassa: Umeå (12ª) | GF alta: 1.74/gara | GS bassa: 1.68/gara | Profilo ultime 10: 0.74 | Real over index: 0.55;11.62;14.47;;;15.31;7.42;5.5;;;;1.3.0
2026-09-06;Spain_LaLiga;Espanyol;Siviglia;67.4;MEDIA-ALTA;6;2026-09-06;Spain_LaLiga;Spain_LaLiga;;Engine v1.3 | Squadra alta: Espanyol (10ª), squadra bassa: Siviglia (12ª) | GF alta: 2.00/gara | GS bassa: 2.00/gara | Profilo ultime 10: 0.94 | Real over index: 1.00;0.81;16.67;;;18.18;9.36;10.0;;;;1.3.0
2026-09-06;CzechRepublic_4Liga_GroupD;Bystrc;Havlickuv Brod;67.28;MEDIA-ALTA;5;2026-09-06;CzechRepublic_4Liga_GroupD;CzechRepublic_4Liga_GroupD;CzechRepublic_4Liga;Engine v1.3 | Squadra alta: Havlickuv Brod (43ª), squadra bassa: Bystrc (55ª) | GF alta: 2.00/gara | GS bassa: 1.50/gara | Profilo ultime 10: 0.82 | Real over index: 0.62;8.54;16.67;;;13.64;8.19;6.25;;;;1.3.0
2026-09-06;Norway_OBOSLigaen;Lyn;Egersund;67.21;MEDIA-ALTA;21;2026-09-06;Norway_OBOSLigaen;Norway_OBOSLigaen;;Engine v1.3 | Squadra alta: Egersund (8ª), squadra bassa: Lyn (9ª) | GF alta: 1.65/gara | GS bassa: 2.15/gara | Profilo ultime 10: 0.95 | Real over index: 0.85;1.94;13.75;;;19.55;9.47;8.5;;;;1.3.0
2026-09-06;USA_MLSNextPro_WesternConference_PacificDivision;Los Angeles FC 2;Ventura County;66.66;MEDIA-ALTA;28;2026-09-06;USA_MLSNextPro_WesternConference_PacificDivision;USA_MLSNextPro_WesternConference_PacificDivision;;Engine v1.3 | Squadra alta: Ventura County (3ª), squadra bassa: Los Angeles FC 2 (4ª) | GF alta: 2.12/gara | GS bassa: 1.72/gara | Profilo ultime 10: 0.84 | Real over index: 0.70;3.95;17.67;;;15.64;8.4;7.0;;;;1.3.0
2026-09-06;Azerbaijan_PremierLeague;Qarabag;Araz;66.57;MEDIA-ALTA;4;2026-09-06;Azerbaijan_PremierLeague;Azerbaijan_PremierLeague;;Engine v1.3 | Squadra alta: Qarabag (2ª), squadra bassa: Araz (10ª) | GF alta: 2.00/gara | GS bassa: 2.00/gara | Profilo ultime 10: 0.50 | Real over index: 0.42;19.9;16.67;;;18.18;4.96;4.17;;;;1.3.0
2026-09-06;Estonia_Meistriliiga;Paide;Levadia;66.46;MEDIA-ALTA;29;2026-09-06;Estonia_Meistriliiga;Estonia_Meistriliiga;;Engine v1.3 | Squadra alta: Levadia (1ª), squadra bassa: Paide (4ª) | GF alta: 2.77/gara | GS bassa: 1.30/gara | Profilo ultime 10: 0.76 | Real over index: 0.60;9.84;20.0;;;11.86;7.6;6.0;;;;1.3.0
2026-09-06;USA_USLLeagueOne;Chattanooga Red Wolves;Greenville;66.44;MEDIA-ALTA;36;2026-09-06;USA_USLLeagueOne;USA_USLLeagueOne;;Engine v1.3 | Squadra alta: Chattanooga Red Wolves (7ª), squadra bassa: Greenville (14ª) | GF alta: 1.86/gara | GS bassa: 1.59/gara | Profilo ultime 10: 0.79 | Real over index: 0.60;8.57;15.53;;;14.46;7.88;6.0;;;;1.3.0
2026-09-06;Sweden_Division2_NorraSvealand;Viggbyholms;Falu;66.21;MEDIA-ALTA;21;2026-09-06;Sweden_Division2_NorraSvealand;Sweden_Division2_NorraSvealand;;Engine v1.3 | Squadra alta: Falu (4ª), squadra bassa: Viggbyholms (10ª) | GF alta: 1.58/gara | GS bassa: 1.84/gara | Profilo ultime 10: 0.63 | Real over index: 0.50;14.09;13.16;;;16.75;6.32;5.0;;;;1.3.0
2026-09-06;Netherlands_EersteDivisie;Maastricht;Roda;65.94;MEDIA-ALTA;6;2026-09-06;Netherlands_EersteDivisie;Netherlands_EersteDivisie;;Engine v1.3 | Squadra alta: Maastricht (2ª), squadra bassa: Roda (8ª) | GF alta: 2.00/gara | GS bassa: 1.00/gara | Profilo ultime 10: 0.72 | Real over index: 0.62;14.35;16.67;;;9.09;7.2;6.25;;;;1.3.0
2026-09-06;CzechRepublic_4Liga_GroupF;Frydek-Mistek B;Valasske Mezirici;65.73;MEDIA-ALTA;5;2026-09-06;CzechRepublic_4Liga_GroupF;CzechRepublic_4Liga_GroupF;CzechRepublic_4Liga;Engine v1.3 | Squadra alta: Valasske Mezirici (79ª), squadra bassa: Frydek-Mistek B (92ª) | GF alta: 1.00/gara | GS bassa: 2.75/gara | Profilo ultime 10: 0.71 | Real over index: 0.75;11.44;8.33;;;20.0;7.09;7.5;;;;1.3.0
2026-09-06;USA_USLLeagueOne;Fort Wayne;New York Cosmos;65.67;MEDIA-ALTA;36;2026-09-06;USA_USLLeagueOne;USA_USLLeagueOne;;Engine v1.3 | Squadra alta: Fort Wayne (8ª), squadra bassa: New York Cosmos (16ª) | GF alta: 1.45/gara | GS bassa: 2.00/gara | Profilo ultime 10: 0.69 | Real over index: 0.55;10.27;12.12;;;18.18;6.88;5.5;;;;1.3.0
2026-09-06;Sweden_Division1_Norra;Pitea;Karlbergs;65.61;MEDIA-ALTA;22;2026-09-06;Sweden_Division1_Norra;Sweden_Division1_Norra;;Engine v1.3 | Squadra alta: Karlbergs (9ª), squadra bassa: Pitea (15ª) | GF alta: 1.47/gara | GS bassa: 2.11/gara | Profilo ultime 10: 0.66 | Real over index: 0.45;9.6;12.28;;;19.14;6.64;4.5;;;;1.3.0
2026-09-06;USA_USLLeagueOne;Sarasota Paradise;Spokane Velocity;65.3;MEDIA-ALTA;36;2026-09-06;USA_USLLeagueOne;USA_USLLeagueOne;;Engine v1.3 | Squadra alta: Spokane Velocity (6ª), squadra bassa: Sarasota Paradise (12ª) | GF alta: 1.52/gara | GS bassa: 1.61/gara | Profilo ultime 10: 0.79 | Real over index: 0.70;9.78;12.7;;;14.62;7.94;7.0;;;;1.3.0
2026-09-06;Germany_3Liga;Grossaspach;Hoffenheim 2;65.23;MEDIA-ALTA;4;2026-09-06;Germany_3Liga;Germany_3Liga;;Engine v1.3 | Squadra alta: Hoffenheim 2 (3ª), squadra bassa: Grossaspach (18ª) | GF alta: 3.00/gara | GS bassa: 1.33/gara | Profilo ultime 10: 0.52 | Real over index: 0.33;15.61;20.0;;;12.12;5.22;3.33;;;;1.3.0
2026-09-06;CzechRepublic_ChNL;Ostrava B;Kromeriz;65.23;MEDIA-ALTA;7;2026-09-06;CzechRepublic_ChNL;CzechRepublic_ChNL;;Engine v1.3 | Squadra alta: Ostrava B (9ª), squadra bassa: Kromeriz (15ª) | GF alta: 1.83/gara | GS bassa: 2.17/gara | Profilo ultime 10: 0.67 | Real over index: 0.58;7.85;15.28;;;19.7;6.66;5.83;;;;1.3.0
2026-09-06;Peru_Liga1_Clausura;Sporting Cristal;Los Chankas;65.21;MEDIA-ALTA;8;2026-09-06;Peru_Liga1_Clausura;Peru_Liga1_Clausura;;Engine v1.3 | Squadra alta: Sporting Cristal (6ª), squadra bassa: Los Chankas (14ª) | GF alta: 1.50/gara | GS bassa: 2.17/gara | Profilo ultime 10: 0.72 | Real over index: 0.50;8.39;12.5;;;19.7;7.23;5.0;;;;1.3.0
2026-09-06;Germany_Oberliga_Hamburg;TSV Buchholz 08;HEBC Hamburg;65.14;MEDIA-ALTA;6;2026-09-06;Germany_Oberliga_Hamburg;Germany_Oberliga_Hamburg;;Engine v1.3 | Squadra alta: TSV Buchholz 08 (7ª), squadra bassa: HEBC Hamburg (13ª) | GF alta: 2.25/gara | GS bassa: 1.40/gara | Profilo ultime 10: 0.71 | Real over index: 0.57;7.96;18.75;;;12.73;7.12;5.75;;;;1.3.0
2026-09-06;Finland_Kakkonen_GroupC;GBK Kokkola;JBK;65.11;MEDIA-ALTA;21;2026-09-06;Finland_Kakkonen_GroupC;Finland_Kakkonen_GroupC;;Engine v1.3 | Squadra alta: JBK (2ª), squadra bassa: GBK Kokkola (3ª) | GF alta: 2.00/gara | GS bassa: 2.05/gara | Profilo ultime 10: 0.84 | Real over index: 0.65;0.86;16.67;;;18.66;8.43;6.5;;;;1.3.0
2026-09-06;Sweden_Division2_NorraSvealand;Bollstanas;Angby;65.06;MEDIA-ALTA;21;2026-09-06;Sweden_Division2_NorraSvealand;Sweden_Division2_NorraSvealand;;Engine v1.3 | Squadra alta: Angby (3ª), squadra bassa: Bollstanas (7ª) | GF alta: 1.84/gara | GS bassa: 1.63/gara | Profilo ultime 10: 0.77 | Real over index: 0.60;7.89;15.35;;;14.83;7.75;6.0;;;;1.3.0
2026-09-06;Poland_Division2;Tychy;Avia Swidnik;65.05;MEDIA-ALTA;7;2026-09-06;Poland_Division2;Poland_Division2;;Engine v1.3 | Squadra alta: Tychy (4ª), squadra bassa: Avia Swidnik (8ª) | GF alta: 1.67/gara | GS bassa: 2.00/gara | Profilo ultime 10: 0.82 | Real over index: 0.67;6.58;13.89;;;18.18;8.25;6.67;;;;1.3.0
2026-09-06;USA_MLS;Columbus Crew;Colorado Rapids;64.93;MEDIA-ALTA;26;2026-09-06;USA_MLS;USA_MLS;;Engine v1.3 | Squadra alta: Colorado Rapids (12ª), squadra bassa: Columbus Crew (29ª) | GF alta: 1.45/gara | GS bassa: 1.77/gara | Profilo ultime 10: 0.70 | Real over index: 0.60;9.71;12.12;;;16.12;6.97;6.0;;;;1.3.0
2026-09-06;Poland_Division2;Slask 2;Ol. Grudziadz;64.9;MEDIA-ALTA;7;2026-09-06;Poland_Division2;Poland_Division2;;Engine v1.3 | Squadra alta: Ol. Grudziadz (10ª), squadra bassa: Slask 2 (15ª) | GF alta: 1.33/gara | GS bassa: 2.00/gara | Profilo ultime 10: 0.87 | Real over index: 0.75;5.44;11.11;;;18.18;8.67;7.5;;;;1.3.0
2026-09-06;Sweden_Division2_SodraSvealand;Forward;Farsta;64.46;MEDIA-ALTA;20;2026-09-06;Sweden_Division2_SodraSvealand;Sweden_Division2_SodraSvealand;;Engine v1.3 | Squadra alta: Farsta (2ª), squadra bassa: Forward (4ª) | GF alta: 2.21/gara | GS bassa: 1.89/gara | Profilo ultime 10: 0.82 | Real over index: 0.65;1.18;18.42;;;17.22;8.18;6.5;;;;1.3.0
2026-09-06;Sweden_Division2_VastraGotaland;Hestrafors;Lindome;64.32;MEDIA-ALTA;22;2026-09-06;Sweden_Division2_VastraGotaland;Sweden_Division2_VastraGotaland;;Engine v1.3 | Squadra alta: Lindome (4ª), squadra bassa: Hestrafors (5ª) | GF alta: 2.00/gara | GS bassa: 1.74/gara | Profilo ultime 10: 0.88 | Real over index: 0.85;0.59;16.67;;;15.79;8.77;8.5;;;;1.3.0
2026-09-06;Iceland_1DeildWomen;UMF Selfoss;HK Kopavogur;64.18;MEDIA-ALTA;20;2026-09-06;Iceland_1DeildWomen;Iceland_1DeildWomen;;Engine v1.3 | Squadra alta: HK Kopavogur (3ª), squadra bassa: UMF Selfoss (5ª) | GF alta: 2.47/gara | GS bassa: 1.50/gara | Profilo ultime 10: 0.81 | Real over index: 0.65;1.92;20.0;;;13.64;8.12;6.5;;;;1.3.0
2026-09-06;Serbia_PrvaLiga;Dubocica;Bor 1919;63.99;MEDIA-ALTA;7;2026-09-06;Serbia_PrvaLiga;Serbia_PrvaLiga;;Engine v1.3 | Squadra alta: Dubocica (6ª), squadra bassa: Bor 1919 (12ª) | GF alta: 1.50/gara | GS bassa: 1.83/gara | Profilo ultime 10: 0.68 | Real over index: 0.58;11.02;12.5;;;16.67;6.82;5.83;;;;1.3.0
2026-09-06;Mexico_LigaExpansionMX_Apertura;Atl. Morelia;Alebrijes Oaxaca;63.95;MEDIA-ALTA;7;2026-09-06;Mexico_LigaExpansionMX_Apertura;Mexico_LigaExpansionMX_Apertura;;Engine v1.3 | Squadra alta: Atl. Morelia (2ª), squadra bassa: Alebrijes Oaxaca (9ª) | GF alta: 2.00/gara | GS bassa: 1.33/gara | Profilo ultime 10: 0.65 | Real over index: 0.50;11.79;16.67;;;12.12;6.51;5.0;;;;1.3.0
2026-09-06;Hungary_NBI;Győr;Honved;63.9;MEDIA-ALTA;8;2026-09-06;Hungary_NBI;Hungary_NBI;;Engine v1.3 | Squadra alta: Győr (4ª), squadra bassa: Honved (9ª) | GF alta: 1.83/gara | GS bassa: 1.60/gara | Profilo ultime 10: 0.81 | Real over index: 0.63;6.36;15.28;;;14.55;8.1;6.33;;;;1.3.0
2026-09-06;Latvia_Virsliga;Auda;Grobina;63.89;MEDIA-ALTA;30;2026-09-06;Latvia_Virsliga;Latvia_Virsliga;;Engine v1.3 | Squadra alta: Auda (3ª), squadra bassa: Grobina (8ª) | GF alta: 1.60/gara | GS bassa: 1.96/gara | Profilo ultime 10: 0.52 | Real over index: 0.35;13.91;13.33;;;17.79;5.2;3.5;;;;1.3.0
2026-09-06;Turkey_1Lig;Batman Petrolspor;Karagumruk;63.75;MEDIA-ALTA;6;2026-09-06;Turkey_1Lig;Turkey_1Lig;;Engine v1.3 | Squadra alta: Batman Petrolspor (1ª), squadra bassa: Karagumruk (10ª) | GF alta: 2.00/gara | GS bassa: 1.20/gara | Profilo ultime 10: 0.67 | Real over index: 0.50;13.18;16.67;;;10.91;6.69;5.0;;;;1.3.0
2026-09-06;Scotland_Premiership;St. Johnstone;Hibernian;63.67;MEDIA-ALTA;6;2026-09-06;Scotland_Premiership;Scotland_Premiership;;Engine v1.3 | Squadra alta: Hibernian (7ª), squadra bassa: St. Johnstone (8ª) | GF alta: 1.50/gara | GS bassa: 1.75/gara | Profilo ultime 10: 0.86 | Real over index: 0.75;5.17;12.5;;;15.91;8.59;7.5;;;;1.3.0
2026-09-06;Paraguay_DivisionIntermedia;Benjamin Aceval;12 de Junio;63.46;MEDIA-ALTA;6;2026-09-06;Paraguay_DivisionIntermedia;Paraguay_DivisionIntermedia;;Engine v1.3 | Squadra alta: Benjamin Aceval (6ª), squadra bassa: 12 de Junio (7ª) | GF alta: 2.00/gara | GS bassa: 1.75/gara | Profilo ultime 10: 0.89 | Real over index: 0.75;0.51;16.67;;;15.91;8.88;7.5;;;;1.3.0
2026-09-06;Russia_PremierLeague;Baltika;Lok. Mosca;63.34;MEDIA-ALTA;7;2026-09-06;Russia_PremierLeague;Russia_PremierLeague;;Engine v1.3 | Squadra alta: Baltika (5ª), squadra bassa: Lok. Mosca (14ª) | GF alta: 1.67/gara | GS bassa: 1.33/gara | Profilo ultime 10: 0.63 | Real over index: 0.50;15.74;13.89;;;12.12;6.34;5.0;;;;1.3.0
2026-09-06;Sweden_Division2_NorraSvealand;Sunnersta AIF;Enskede;63.29;MEDIA-ALTA;21;2026-09-06;Sweden_Division2_NorraSvealand;Sweden_Division2_NorraSvealand;;Engine v1.3 | Squadra alta: Sunnersta AIF (1ª), squadra bassa: Enskede (5ª) | GF alta: 2.50/gara | GS bassa: 1.16/gara | Profilo ultime 10: 0.80 | Real over index: 0.70;6.11;20.0;;;10.53;8.0;7.0;;;;1.3.0
2026-09-06;Germany_Oberliga_Niedersachsen;Drochtersen/Assel 2;Hildesheim;63.12;MEDIA-ALTA;5;2026-09-06;Germany_Oberliga_Niedersachsen;Germany_Oberliga_Niedersachsen;;Engine v1.3 | Squadra alta: Hildesheim (8ª), squadra bassa: Drochtersen/Assel 2 (12ª) | GF alta: 1.25/gara | GS bassa: 1.75/gara | Profilo ultime 10: 0.76 | Real over index: 0.62;8.96;10.42;;;15.91;7.58;6.25;;;;1.3.0
2026-09-06;Germany_Regionalliga_West;Bergisch Gladbach;Bochum 2;63.06;MEDIA-ALTA;7;2026-09-06;Germany_Regionalliga_West;Germany_Regionalliga_West;;Engine v1.3 | Squadra alta: Bergisch Gladbach (10ª), squadra bassa: Bochum 2 (15ª) | GF alta: 1.33/gara | GS bassa: 2.00/gara | Profilo ultime 10: 0.78 | Real over index: 0.67;5.44;11.11;;;18.18;7.85;6.67;;;;1.3.0
2026-09-06;Mexico_LigaMX_Apertura;Atl. San Luis;Guadalajara;63.0;MEDIA-ALTA;7;2026-09-06;Mexico_LigaMX_Apertura;Mexico_LigaMX_Apertura;;Engine v1.3 | Squadra alta: Guadalajara (4ª), squadra bassa: Atl. San Luis (13ª) | GF alta: 1.50/gara | GS bassa: 1.67/gara | Profilo ultime 10: 0.68 | Real over index: 0.42;12.02;12.5;;;15.15;6.78;4.17;;;;1.3.0
2026-09-06;USA_MLS;Vancouver Whitecaps;St. Louis City;63.0;MEDIA-ALTA;26;2026-09-06;USA_MLS;USA_MLS;;Engine v1.3 | Squadra alta: Vancouver Whitecaps (2ª), squadra bassa: St. Louis City (10ª) | GF alta: 2.29/gara | GS bassa: 1.36/gara | Profilo ultime 10: 0.75 | Real over index: 0.55;6.91;19.05;;;12.4;7.52;5.5;;;;1.3.0
2026-09-06;Belgium_ChallengerProLeague;K. Lierse S.K.;RFC Liege;62.86;MEDIA-ALTA;4;2026-09-06;Belgium_ChallengerProLeague;Belgium_ChallengerProLeague;;Engine v1.3 | Squadra alta: RFC Liege (10ª), squadra bassa: K. Lierse S.K. (12ª) | GF alta: 1.67/gara | GS bassa: 2.00/gara | Profilo ultime 10: 0.76 | Real over index: 0.75;5.79;13.89;;;18.18;7.58;7.5;;;;1.3.0
2026-09-06;Norway_2ndDivision_Group2;Lørenskog;Junkeren;62.86;MEDIA-ALTA;22;2026-09-06;Norway_2ndDivision_Group2;Norway_2ndDivision_Group2;;Engine v1.3 | Squadra alta: Lørenskog (6ª), squadra bassa: Junkeren (10ª) | GF alta: 1.59/gara | GS bassa: 1.76/gara | Profilo ultime 10: 0.84 | Real over index: 0.60;5.17;13.24;;;16.04;8.41;6.0;;;;1.3.0
2026-09-06;CzechRepublic_3MSFL;Zlin B;Blansko;62.83;MEDIA-ALTA;7;2026-09-06;CzechRepublic_3MSFL;CzechRepublic_3MSFL;;Engine v1.3 | Squadra alta: Zlin B (10ª), squadra bassa: Blansko (15ª) | GF alta: 1.00/gara | GS bassa: 2.83/gara | Profilo ultime 10: 0.64 | Real over index: 0.50;11.56;8.33;;;20.0;6.45;5.0;;;;1.3.0
2026-09-06;Germany_Regionalliga_West;Paderborn 2;Wattenscheid;62.71;MEDIA-ALTA;7;2026-09-06;Germany_Regionalliga_West;Germany_Regionalliga_West;;Engine v1.3 | Squadra alta: Wattenscheid (9ª), squadra bassa: Paderborn 2 (12ª) | GF alta: 1.33/gara | GS bassa: 2.17/gara | Profilo ultime 10: 0.83 | Real over index: 0.67;2.95;11.11;;;19.7;8.29;6.67;;;;1.3.0
2026-09-06;Mexico_LigaExpansionMX_Apertura;Jaiba Brava;Venados;62.54;MEDIA-ALTA;7;2026-09-06;Mexico_LigaExpansionMX_Apertura;Mexico_LigaExpansionMX_Apertura;;Engine v1.3 | Squadra alta: Venados (7ª), squadra bassa: Jaiba Brava (10ª) | GF alta: 2.17/gara | GS bassa: 1.33/gara | Profilo ultime 10: 0.74 | Real over index: 0.67;6.42;18.06;;;12.12;7.42;6.67;;;;1.3.0
2026-09-06;Sweden_Division2_SodraGotaland;IFK Trelleborg;Linero IF;62.49;MEDIA-ALTA;25;2026-09-06;Sweden_Division2_SodraGotaland;Sweden_Division2_SodraGotaland;;Engine v1.3 | Squadra alta: IFK Trelleborg (3ª), squadra bassa: Linero IF (5ª) | GF alta: 1.89/gara | GS bassa: 1.74/gara | Profilo ultime 10: 0.82 | Real over index: 0.65;4.7;15.79;;;15.79;8.18;6.5;;;;1.3.0
2026-09-06;Mexico_LigaMX_Apertura;Atlas;Atlante;62.44;MEDIA-ALTA;7;2026-09-06;Mexico_LigaMX_Apertura;Mexico_LigaMX_Apertura;;Engine v1.3 | Squadra alta: Atlas (3ª), squadra bassa: Atlante (14ª) | GF alta: 1.50/gara | GS bassa: 1.33/gara | Profilo ultime 10: 0.63 | Real over index: 0.42;14.52;12.5;;;12.12;6.31;4.17;;;;1.3.0
2026-09-06;Turkey_1Lig;Antalyaspor;Sivasspor;62.42;MEDIA-ALTA;6;2026-09-06;Turkey_1Lig;Turkey_1Lig;;Engine v1.3 | Squadra alta: Antalyaspor (12ª), squadra bassa: Sivasspor (18ª) | GF alta: 1.60/gara | GS bassa: 1.60/gara | Profilo ultime 10: 0.76 | Real over index: 0.60;8.15;13.33;;;14.55;7.56;6.0;;;;1.3.0
2026-09-06;USA_MLS;Philadelphia Union;CF Montreal;62.29;MEDIA-ALTA;26;2026-09-06;USA_MLS;USA_MLS;;Engine v1.3 | Squadra alta: Philadelphia Union (24ª), squadra bassa: CF Montreal (28ª) | GF alta: 1.55/gara | GS bassa: 2.09/gara | Profilo ultime 10: 0.80 | Real over index: 0.60;2.36;12.88;;;19.01;8.04;6.0;;;;1.3.0
2026-09-06;USA_USLChampionship;Monterey Bay;Phoenix Rising;62.21;MEDIA-ALTA;33;2026-09-06;USA_USLChampionship;USA_USLChampionship;;Engine v1.3 | Squadra alta: Phoenix Rising (15ª), squadra bassa: Monterey Bay (23ª) | GF alta: 1.41/gara | GS bassa: 1.78/gara | Profilo ultime 10: 0.75 | Real over index: 0.55;8.2;11.74;;;16.21;7.47;5.5;;;;1.3.0
2026-09-06;Poland_Division1;Polonia B.;Podbeskidzie;62.15;MEDIA-ALTA;7;2026-09-06;Poland_Division1;Poland_Division1;;Engine v1.3 | Squadra alta: Polonia B. (15ª), squadra bassa: Podbeskidzie (17ª) | GF alta: 2.00/gara | GS bassa: 1.67/gara | Profilo ultime 10: 0.80 | Real over index: 0.58;2.49;16.67;;;15.15;8.0;5.83;;;;1.3.0
2026-09-06;CzechRepublic_4Liga_GroupE;Lanzhot;Kromeriz B;62.07;MEDIA-ALTA;5;2026-09-06;CzechRepublic_4Liga_GroupE;CzechRepublic_4Liga_GroupE;CzechRepublic_4Liga;Engine v1.3 | Squadra alta: Lanzhot (68ª), squadra bassa: Kromeriz B (83ª) | GF alta: 1.25/gara | GS bassa: 2.00/gara | Profilo ultime 10: 0.63 | Real over index: 0.62;12.47;10.42;;;18.18;6.3;6.25;;;;1.3.0
2026-09-06;Sweden_Division2_VastraGotaland;Astrio;Astorps;61.98;MEDIA-ALTA;22;2026-09-06;Sweden_Division2_VastraGotaland;Sweden_Division2_VastraGotaland;;Engine v1.3 | Squadra alta: Astorps (11ª), squadra bassa: Astrio (14ª) | GF alta: 1.21/gara | GS bassa: 2.32/gara | Profilo ultime 10: 0.61 | Real over index: 0.60;8.8;10.09;;;20.0;6.1;6.0;;;;1.3.0
2026-09-06;Germany_Oberliga_SchleswigHolstein;Eichede;PSV Neumunster;61.97;MEDIA-ALTA;7;2026-09-06;Germany_Oberliga_SchleswigHolstein;Germany_Oberliga_SchleswigHolstein;;Engine v1.3 | Squadra alta: PSV Neumunster (9ª), squadra bassa: Eichede (14ª) | GF alta: 1.83/gara | GS bassa: 1.33/gara | Profilo ultime 10: 0.76 | Real over index: 0.58;7.33;15.28;;;12.12;7.6;5.83;;;;1.3.0
2026-09-06;Austria_Burgenland;Pama;Edelserpentin;61.95;MEDIA-ALTA;5;2026-09-06;Austria_Burgenland;Austria_Burgenland;;Engine v1.3 | Squadra alta: Pama (8ª), squadra bassa: Edelserpentin (12ª) | GF alta: 1.50/gara | GS bassa: 1.75/gara | Profilo ultime 10: 0.77 | Real over index: 0.50;6.82;12.5;;;15.91;7.72;5.0;;;;1.3.0
2026-09-06;USA_USLLeagueOne;Corpus Christi FC;Forward Madison;61.88;MEDIA-ALTA;36;2026-09-06;USA_USLLeagueOne;USA_USLLeagueOne;;Engine v1.3 | Squadra alta: Forward Madison (3ª), squadra bassa: Corpus Christi FC (10ª) | GF alta: 1.91/gara | GS bassa: 1.39/gara | Profilo ultime 10: 0.65 | Real over index: 0.50;9.17;15.94;;;12.65;6.5;5.0;;;;1.3.0
2026-09-06;Germany_Regionalliga_Nord;Delmenhorst;Todesfelde;61.74;MEDIA-ALTA;8;2026-09-06;Germany_Regionalliga_Nord;Germany_Regionalliga_Nord;;Engine v1.3 | Squadra alta: Todesfelde (9ª), squadra bassa: Delmenhorst (11ª) | GF alta: 2.33/gara | GS bassa: 1.50/gara | Profilo ultime 10: 0.79 | Real over index: 0.58;0.91;19.44;;;13.64;7.92;5.83;;;;1.3.0
2026-09-06;Sweden_Division1_Norra;Vasalund;Enkoping SK;61.6;MEDIA-ALTA;22;2026-09-06;Sweden_Division1_Norra;Sweden_Division1_Norra;;Engine v1.3 | Squadra alta: Enkoping SK (8ª), squadra bassa: Vasalund (11ª) | GF alta: 1.42/gara | GS bassa: 2.00/gara | Profilo ultime 10: 0.75 | Real over index: 0.55;4.55;11.84;;;18.18;7.52;5.5;;;;1.3.0
2026-09-06;Belgium_JupilerProLeague;Anderlecht;Genk;61.54;MEDIA-ALTA;8;2026-09-06;Belgium_JupilerProLeague;Belgium_JupilerProLeague;;Engine v1.3 | Squadra alta: Genk (7ª), squadra bassa: Anderlecht (10ª) | GF alta: 3.00/gara | GS bassa: 1.25/gara | Profilo ultime 10: 0.76 | Real over index: 0.75;3.74;20.0;;;11.36;7.55;7.5;;;;1.3.0
2026-09-06;Scotland_Premiership;Hearts;Dundee FC;61.51;MEDIA-ALTA;6;2026-09-06;Scotland_Premiership;Scotland_Premiership;;Engine v1.3 | Squadra alta: Hearts (3ª), squadra bassa: Dundee FC (5ª) | GF alta: 2.50/gara | GS bassa: 0.80/gara | Profilo ultime 10: 0.69 | Real over index: 0.60;8.91;20.0;;;7.27;6.94;6.0;;;;1.3.0
2026-09-06;Norway_2ndDivision_Group1;Notodden;Lysekloster;61.42;MEDIA-ALTA;19;2026-09-06;Norway_2ndDivision_Group1;Norway_2ndDivision_Group1;;Engine v1.3 | Squadra alta: Notodden (6ª), squadra bassa: Lysekloster (12ª) | GF alta: 1.29/gara | GS bassa: 2.00/gara | Profilo ultime 10: 0.56 | Real over index: 0.45;11.4;10.78;;;18.18;5.6;4.5;;;;1.3.0
2026-09-06;Bolivia_DivisionProfesional;Oriente Petrolero;Always Ready;61.33;MEDIA-ALTA;22;2026-09-06;Bolivia_DivisionProfesional;Bolivia_DivisionProfesional;;Engine v1.3 | Squadra alta: Always Ready (2ª), squadra bassa: Oriente Petrolero (4ª) | GF alta: 2.06/gara | GS bassa: 1.35/gara | Profilo ultime 10: 0.80 | Real over index: 0.70;6.07;17.16;;;12.3;8.0;7.0;;;;1.3.0
2026-09-06;Germany_Oberliga_Hessen;Kassel 2;Hummetroth;61.17;MEDIA-ALTA;7;2026-09-06;Germany_Oberliga_Hessen;Germany_Oberliga_Hessen;;Engine v1.3 | Squadra alta: Kassel 2 (12ª), squadra bassa: Hummetroth (18ª) | GF alta: 1.00/gara | GS bassa: 2.83/gara | Profilo ultime 10: 0.67 | Real over index: 0.58;7.48;8.33;;;20.0;6.69;5.83;;;;1.3.0
2026-09-06;Norway_2ndDivision_Group1;Bjarg;Arendal;61.13;MEDIA-ALTA;19;2026-09-06;Norway_2ndDivision_Group1;Norway_2ndDivision_Group1;;Engine v1.3 | Squadra alta: Bjarg (4ª), squadra bassa: Arendal (9ª) | GF alta: 1.61/gara | GS bassa: 1.53/gara | Profilo ultime 10: 0.73 | Real over index: 0.55;7.01;13.43;;;13.9;7.28;5.5;;;;1.3.0
2026-09-06;Germany_Regionalliga_Nord;Schoningen;VfB Oldenburg;61.04;MEDIA-ALTA;8;2026-09-06;Germany_Regionalliga_Nord;Germany_Regionalliga_Nord;;Engine v1.3 | Squadra alta: VfB Oldenburg (1ª), squadra bassa: Schoningen (3ª) | GF alta: 3.67/gara | GS bassa: 1.00/gara | Profilo ultime 10: 0.79 | Real over index: 0.67;4.08;20.0;;;9.09;7.92;6.67;;;;1.3.0
2026-09-06;Germany_Regionalliga_Nord;Bremer;Emden;60.96;MEDIA-ALTA;8;2026-09-06;Germany_Regionalliga_Nord;Germany_Regionalliga_Nord;;Engine v1.3 | Squadra alta: Emden (12ª), squadra bassa: Bremer (14ª) | GF alta: 2.50/gara | GS bassa: 1.50/gara | Profilo ultime 10: 0.73 | Real over index: 0.67;2.49;20.0;;;13.64;7.27;6.67;;;;1.3.0
2026-09-06;Switzerland_SuperLeague;Servette;St. Gallen;60.84;MEDIA-ALTA;7;2026-09-06;Switzerland_SuperLeague;Switzerland_SuperLeague;;Engine v1.3 | Squadra alta: St. Gallen (6ª), squadra bassa: Servette (10ª) | GF alta: 2.00/gara | GS bassa: 1.20/gara | Profilo ultime 10: 0.71 | Real over index: 0.60;8.52;16.67;;;10.91;7.08;6.0;;;;1.3.0
2026-09-06;Poland_IIILiga_Group1;Mlawa;LKS Lodz 2;60.73;MEDIA-ALTA;7;2026-09-06;Poland_IIILiga_Group1;Poland_IIILiga_Group1;;Engine v1.3 | Squadra alta: Mlawa (14ª), squadra bassa: LKS Lodz 2 (15ª) | GF alta: 1.33/gara | GS bassa: 2.33/gara | Profilo ultime 10: 0.78 | Real over index: 0.58;1.99;11.11;;;20.0;7.79;5.83;;;;1.3.0
2026-09-06;Russia_PremierLeague;Orenburg;Akron Togliatti;60.53;MEDIA-ALTA;7;2026-09-06;Russia_PremierLeague;Russia_PremierLeague;;Engine v1.3 | Squadra alta: Orenburg (9ª), squadra bassa: Akron Togliatti (15ª) | GF alta: 0.83/gara | GS bassa: 2.50/gara | Profilo ultime 10: 0.62 | Real over index: 0.58;9.44;6.94;;;20.0;6.2;5.83;;;;1.3.0
2026-09-06;USA_USLLeagueOne;Union Omaha;Charlotte Independ.;60.52;MEDIA-ALTA;36;2026-09-06;USA_USLLeagueOne;USA_USLLeagueOne;;Engine v1.3 | Squadra alta: Charlotte Independ. (1ª), squadra bassa: Union Omaha (2ª) | GF alta: 2.39/gara | GS bassa: 1.12/gara | Profilo ultime 10: 0.78 | Real over index: 0.60;2.52;19.93;;;10.23;7.85;6.0;;;;1.3.0
2026-09-06;Serbia_PrvaLiga;Loznica;Teleoptik;60.38;MEDIA-ALTA;7;2026-09-06;Serbia_PrvaLiga;Serbia_PrvaLiga;;Engine v1.3 | Squadra alta: Loznica (9ª), squadra bassa: Teleoptik (11ª) | GF alta: 1.33/gara | GS bassa: 2.17/gara | Profilo ultime 10: 0.71 | Real over index: 0.50;4.2;11.11;;;19.7;7.08;5.0;;;;1.3.0
2026-09-06;Estonia_Meistriliiga;Harju JK Laagri;Tammeka;60.24;MEDIA-ALTA;29;2026-09-06;Estonia_Meistriliiga;Estonia_Meistriliiga;;Engine v1.3 | Squadra alta: Tammeka (5ª), squadra bassa: Harju JK Laagri (7ª) | GF alta: 1.30/gara | GS bassa: 1.64/gara | Profilo ultime 10: 0.83 | Real over index: 0.65;5.64;10.87;;;14.91;8.32;6.5;;;;1.3.0
2026-09-06;Norway_Eliteserien;Sarpsborg 08;Vålerenga;60.22;MEDIA-ALTA;27;2026-09-06;Norway_Eliteserien;Norway_Eliteserien;;Engine v1.3 | Squadra alta: Sarpsborg 08 (9ª), squadra bassa: Vålerenga (11ª) | GF alta: 1.11/gara | GS bassa: 2.11/gara | Profilo ultime 10: 0.83 | Real over index: 0.75;2.09;9.26;;;19.19;8.3;7.5;;;;1.3.0
2026-09-06;USA_MLS;Los Angeles Galaxy;New England Revolution;60.08;MEDIA-ALTA;26;2026-09-06;USA_MLS;USA_MLS;;Engine v1.3 | Squadra alta: New England Revolution (7ª), squadra bassa: Los Angeles Galaxy (19ª) | GF alta: 1.64/gara | GS bassa: 1.45/gara | Profilo ultime 10: 0.67 | Real over index: 0.50;7.95;13.64;;;13.22;6.66;5.0;;;;1.3.0
2026-09-06;Germany_Oberliga_Niederrhein;Schonnebeck;Buderich;59.98;MEDIA;4;2026-09-06;Germany_Oberliga_Niederrhein;Germany_Oberliga_Niederrhein;;Engine v1.3 | Squadra alta: Schonnebeck (3ª), squadra bassa: Buderich (5ª) | GF alta: 3.50/gara | GS bassa: 1.00/gara | Profilo ultime 10: 0.85 | Real over index: 0.75;0.91;20.0;;;9.09;8.48;7.5;;;;1.3.0
2026-09-06;Norway_2ndDivision_Group2;Grorud;Rana FK;59.86;MEDIA;22;2026-09-06;Norway_2ndDivision_Group2;Norway_2ndDivision_Group2;;Engine v1.3 | Squadra alta: Grorud (5ª), squadra bassa: Rana FK (8ª) | GF alta: 1.41/gara | GS bassa: 1.88/gara | Profilo ultime 10: 0.82 | Real over index: 0.70;4.02;11.76;;;17.11;8.21;7.0;;;;1.3.0
2026-09-06;Romania_Liga2;CSM Satu Mare;Politehnica Timisoara;59.86;MEDIA;6;2026-09-06;Romania_Liga2;Romania_Liga2;;Engine v1.3 | Squadra alta: Politehnica Timisoara (1ª), squadra bassa: CSM Satu Mare (20ª) | GF alta: 2.20/gara | GS bassa: 1.20/gara | Profilo ultime 10: 0.40 | Real over index: 0.20;21.27;18.33;;;10.91;4.03;2.0;;;;1.3.0
2026-09-06;Denmark_Superliga;Brondby;Randers;59.77;MEDIA;8;2026-09-06;Denmark_Superliga;Denmark_Superliga;;Engine v1.3 | Squadra alta: Brondby (5ª), squadra bassa: Randers (7ª) | GF alta: 1.83/gara | GS bassa: 1.33/gara | Profilo ultime 10: 0.61 | Real over index: 0.42;10.93;15.28;;;12.12;6.13;4.17;;;;1.3.0
2026-09-06;CzechRepublic_3CFL_GroupB;Teplice B;Pardubice B;59.77;MEDIA;5;2026-09-06;CzechRepublic_3CFL_GroupB;CzechRepublic_3CFL_GroupB;CzechRepublic_3rdTier;Engine v1.3 | Squadra alta: Teplice B (5ª), squadra bassa: Pardubice B (9ª) | GF alta: 2.50/gara | GS bassa: 0.67/gara | Profilo ultime 10: 0.82 | Real over index: 0.71;4.44;20.0;;;6.06;8.19;7.08;;;;1.3.0
2026-09-06;Hungary_NBII;Csakvari;Szeged;59.77;MEDIA;7;2026-09-06;Hungary_NBII;Hungary_NBII;;Engine v1.3 | Squadra alta: Szeged (10ª), squadra bassa: Csakvari (15ª) | GF alta: 1.00/gara | GS bassa: 2.67/gara | Profilo ultime 10: 0.59 | Real over index: 0.46;9.72;8.33;;;20.0;5.92;4.58;;;;1.3.0
2026-09-06;Italy_SerieA;Frosinone;Venezia;59.68;MEDIA;3;2026-09-06;Italy_SerieA;Italy_SerieA;;Engine v1.3 | Squadra alta: Frosinone (6ª), squadra bassa: Venezia (19ª) | GF alta: 1.50/gara | GS bassa: 2.00/gara | Profilo ultime 10: 0.42 | Real over index: 0.25;19.57;12.5;;;18.18;4.23;2.5;;;;1.3.0
2026-09-06;Portugal_LigaPortugal;Gil Vicente;Academico Viseu;59.6;MEDIA;5;2026-09-06;Portugal_LigaPortugal;Portugal_LigaPortugal;;Engine v1.3 | Squadra alta: Gil Vicente (6ª), squadra bassa: Academico Viseu (15ª) | GF alta: 1.00/gara | GS bassa: 2.00/gara | Profilo ultime 10: 0.51 | Real over index: 0.38;18.38;8.33;;;18.18;5.12;3.75;;;;1.3.0
2026-09-06;Iceland_BestaDeildKvenna;Grindavik/Njardvik D;Valur D;59.56;MEDIA;19;2026-09-06;Iceland_BestaDeildKvenna;Iceland_BestaDeildKvenna;;Engine v1.3 | Squadra alta: Grindavik/Njardvik D (6ª), squadra bassa: Valur D (10ª) | GF alta: 1.41/gara | GS bassa: 1.76/gara | Profilo ultime 10: 0.73 | Real over index: 0.50;6.23;11.76;;;16.04;7.35;5.0;;;;1.3.0
2026-09-06;Hungary_NBI;Ferencvaros;Ujpest;59.56;MEDIA;8;2026-09-06;Hungary_NBI;Hungary_NBI;;Engine v1.3 | Squadra alta: Ujpest (1ª), squadra bassa: Ferencvaros (3ª) | GF alta: 2.29/gara | GS bassa: 1.00/gara | Profilo ultime 10: 0.81 | Real over index: 0.66;2.76;19.05;;;9.09;8.09;6.57;;;;1.3.0
2026-09-06;Bulgaria_VtoraLiga;Dobrudzha;Beroe;59.52;MEDIA;7;2026-09-06;Bulgaria_VtoraLiga;Bulgaria_VtoraLiga;;Engine v1.3 | Squadra alta: Beroe (8ª), squadra bassa: Dobrudzha (16ª) | GF alta: 1.40/gara | GS bassa: 1.80/gara | Profilo ultime 10: 0.49 | Real over index: 0.30;16.97;11.67;;;16.36;4.88;3.0;;;;1.3.0
2026-09-06;Germany_Oberliga_Westfalen;Ennepetal;Clarholz;59.25;MEDIA;5;2026-09-06;Germany_Oberliga_Westfalen;Germany_Oberliga_Westfalen;;Engine v1.3 | Squadra alta: Clarholz (13ª), squadra bassa: Ennepetal (14ª) | GF alta: 1.75/gara | GS bassa: 1.50/gara | Profilo ultime 10: 0.79 | Real over index: 0.62;2.84;14.58;;;13.64;7.95;6.25;;;;1.3.0
2026-09-06;Sweden_Allsvenskan;Brommapojkarna;Elfsborg;59.09;MEDIA;26;2026-09-06;Sweden_Allsvenskan;Sweden_Allsvenskan;;Engine v1.3 | Squadra alta: Elfsborg (4ª), squadra bassa: Brommapojkarna (10ª) | GF alta: 1.42/gara | GS bassa: 1.63/gara | Profilo ultime 10: 0.74 | Real over index: 0.60;6.59;11.84;;;14.83;7.44;6.0;;;;1.3.0
2026-09-06;Poland_Division2;Legia 2;Bielsko-Biala;58.98;MEDIA;7;2026-09-06;Poland_Division2;Poland_Division2;;Engine v1.3 | Squadra alta: Bielsko-Biala (11ª), squadra bassa: Legia 2 (13ª) | GF alta: 1.33/gara | GS bassa: 1.83/gara | Profilo ultime 10: 0.80 | Real over index: 0.67;2.49;11.11;;;16.67;8.04;6.67;;;;1.3.0
2026-09-06;USA_USLLeagueOne;AV Alta;One Knoxville;58.74;MEDIA;36;2026-09-06;USA_USLLeagueOne;USA_USLLeagueOne;;Engine v1.3 | Squadra alta: One Knoxville (5ª), squadra bassa: AV Alta (9ª) | GF alta: 1.65/gara | GS bassa: 1.36/gara | Profilo ultime 10: 0.72 | Real over index: 0.60;6.3;13.77;;;12.36;7.22;6.0;;;;1.3.0
2026-09-06;Germany_Oberliga_BadenWurttemberg;Singen;1. FC Muhlhausen;58.71;MEDIA;6;2026-09-06;Germany_Oberliga_BadenWurttemberg;Germany_Oberliga_BadenWurttemberg;;Engine v1.3 | Squadra alta: 1. FC Muhlhausen (7ª), squadra bassa: Singen (10ª) | GF alta: 3.67/gara | GS bassa: 0.75/gara | Profilo ultime 10: 0.61 | Real over index: 0.50;10.89;20.0;;;6.82;6.08;5.0;;;;1.3.0
2026-09-06;Turkey_SuperLig;Corum;Eyupspor;58.66;MEDIA;4;2026-09-06;Turkey_SuperLig;Turkey_SuperLig;;Engine v1.3 | Squadra alta: Eyupspor (12ª), squadra bassa: Corum (17ª) | GF alta: 0.67/gara | GS bassa: 4.00/gara | Profilo ultime 10: 0.70 | Real over index: 0.67;7.03;5.56;;;20.0;7.02;6.67;;;;1.3.0
2026-09-06;CzechRepublic_4Liga_GroupD;Velke Mezirici;Zdirec n. D.;58.34;MEDIA;5;2026-09-06;CzechRepublic_4Liga_GroupD;CzechRepublic_4Liga_GroupD;CzechRepublic_4Liga;Engine v1.3 | Squadra alta: Velke Mezirici (67ª), squadra bassa: Zdirec n. D. (77ª) | GF alta: 1.25/gara | GS bassa: 1.75/gara | Profilo ultime 10: 0.67 | Real over index: 0.50;7.52;10.42;;;15.91;6.66;5.0;;;;1.3.0
2026-09-06;Russia_PremierLeague;Din. Mosca;Sp. Mosca;58.32;MEDIA;7;2026-09-06;Russia_PremierLeague;Russia_PremierLeague;;Engine v1.3 | Squadra alta: Sp. Mosca (2ª), squadra bassa: Din. Mosca (6ª) | GF alta: 1.83/gara | GS bassa: 1.17/gara | Profilo ultime 10: 0.75 | Real over index: 0.67;6.82;15.28;;;10.61;7.46;6.67;;;;1.3.0
2026-09-06;Moldova_SuperLiga;Balti;Milsami;58.3;MEDIA;11;2026-09-06;Moldova_SuperLiga;Moldova_SuperLiga;;Engine v1.3 | Squadra alta: Milsami (6ª), squadra bassa: Balti (8ª) | GF alta: 0.80/gara | GS bassa: 2.90/gara | Profilo ultime 10: 0.60 | Real over index: 0.60;7.92;6.67;;;20.0;6.05;6.0;;;;1.3.0
2026-09-06;CzechRepublic_1Liga;Mlada Boleslav;Ostrava;58.08;MEDIA;8;2026-09-06;CzechRepublic_1Liga;CzechRepublic_1Liga;;Engine v1.3 | Squadra alta: Mlada Boleslav (4ª), squadra bassa: Ostrava (9ª) | GF alta: 2.20/gara | GS bassa: 1.20/gara | Profilo ultime 10: 0.63 | Real over index: 0.50;6.38;18.33;;;10.91;6.33;5.0;;;;1.3.0
2026-09-06;Turkey_SuperLig;Trabzonspor;Genclerbirligi;58.03;MEDIA;4;2026-09-06;Turkey_SuperLig;Turkey_SuperLig;;Engine v1.3 | Squadra alta: Genclerbirligi (1ª), squadra bassa: Trabzonspor (8ª) | GF alta: 1.33/gara | GS bassa: 1.33/gara | Profilo ultime 10: 0.65 | Real over index: 0.50;12.7;11.11;;;12.12;6.5;5.0;;;;1.3.0
2026-09-06;USA_USLChampionship;Las Vegas Lights;New Mexico;57.51;MEDIA;33;2026-09-06;USA_USLChampionship;USA_USLChampionship;;Engine v1.3 | Squadra alta: New Mexico (4ª), squadra bassa: Las Vegas Lights (16ª) | GF alta: 1.45/gara | GS bassa: 1.45/gara | Profilo ultime 10: 0.62 | Real over index: 0.45;9.09;12.08;;;13.22;6.23;4.5;;;;1.3.0
2026-09-06;CzechRepublic_4Liga_GroupC;Svitavy;Kolin;57.5;MEDIA;5;2026-09-06;CzechRepublic_4Liga_GroupC;CzechRepublic_4Liga_GroupC;CzechRepublic_4Liga;Engine v1.3 | Squadra alta: Kolin (69ª), squadra bassa: Svitavy (75ª) | GF alta: 1.00/gara | GS bassa: 2.75/gara | Profilo ultime 10: 0.70 | Real over index: 0.62;3.08;8.33;;;20.0;7.0;6.25;;;;1.3.0
2026-09-06;Turkey_SuperLig;Kasimpasa;Amedspor;57.42;MEDIA;4;2026-09-06;Turkey_SuperLig;Turkey_SuperLig;;Engine v1.3 | Squadra alta: Amedspor (3ª), squadra bassa: Kasimpasa (13ª) | GF alta: 1.67/gara | GS bassa: 1.00/gara | Profilo ultime 10: 0.58 | Real over index: 0.33;14.06;13.89;;;9.09;5.82;3.33;;;;1.3.0
2026-09-06;Kazakhstan_PremierLeague;FC Astana;Yelimay Semey;57.3;MEDIA;35;2026-09-06;Kazakhstan_PremierLeague;Kazakhstan_PremierLeague;;Engine v1.3 | Squadra alta: FC Astana (3ª), squadra bassa: Yelimay Semey (8ª) | GF alta: 1.68/gara | GS bassa: 1.27/gara | Profilo ultime 10: 0.69 | Real over index: 0.50;6.9;14.02;;;11.57;6.94;5.0;;;;1.3.0
2026-09-06;USA_MLS;Portland Timbers;Minnesota;57.2;MEDIA;26;2026-09-06;USA_MLS;USA_MLS;;Engine v1.3 | Squadra alta: Minnesota (15ª), squadra bassa: Portland Timbers (18ª) | GF alta: 1.36/gara | GS bassa: 1.77/gara | Profilo ultime 10: 0.80 | Real over index: 0.65;1.23;11.36;;;16.12;7.99;6.5;;;;1.3.0
2026-09-06;England_Championship;Birmingham;Wolves;57.09;MEDIA;5;2026-09-06;England_Championship;England_Championship;;Engine v1.3 | Squadra alta: Birmingham (9ª), squadra bassa: Wolves (12ª) | GF alta: 1.00/gara | GS bassa: 2.33/gara | Profilo ultime 10: 0.73 | Real over index: 0.67;4.18;8.33;;;20.0;7.32;6.67;;;;1.3.0
2026-09-06;Germany_Oberliga_BadenWurttemberg;Neckarsulm;Ravensburg;57.06;MEDIA;6;2026-09-06;Germany_Oberliga_BadenWurttemberg;Germany_Oberliga_BadenWurttemberg;;Engine v1.3 | Squadra alta: Ravensburg (9ª), squadra bassa: Neckarsulm (17ª) | GF alta: 1.00/gara | GS bassa: 2.00/gara | Profilo ultime 10: 0.61 | Real over index: 0.62;8.39;8.33;;;18.18;6.15;6.25;;;;1.3.0
2026-09-06;Norway_2ndDivision_Group1;Pors;Traeff;57.01;MEDIA;19;2026-09-06;Norway_2ndDivision_Group1;Norway_2ndDivision_Group1;;Engine v1.3 | Squadra alta: Traeff (8ª), squadra bassa: Pors (10ª) | GF alta: 1.82/gara | GS bassa: 1.29/gara | Profilo ultime 10: 0.73 | Real over index: 0.50;4.55;15.2;;;11.76;7.33;5.0;;;;1.3.0
2026-09-06;Iceland_1DeildWomen;Keflavik Women;Fjardab/Hottur/Leiknir;57.01;MEDIA;20;2026-09-06;Iceland_1DeildWomen;Iceland_1DeildWomen;;Engine v1.3 | Squadra alta: Fjardab/Hottur/Leiknir (6ª), squadra bassa: Keflavik Women (11ª) | GF alta: 2.06/gara | GS bassa: 1.00/gara | Profilo ultime 10: 0.59 | Real over index: 0.30;9.04;17.19;;;9.09;5.86;3.0;;;;1.3.0
2026-09-06;SouthKorea_KLeague2;Suwon Bluewings;Asan;56.84;MEDIA;25;2026-09-06;SouthKorea_KLeague2;SouthKorea_KLeague2;;Engine v1.3 | Squadra alta: Suwon Bluewings (1ª), squadra bassa: Asan (7ª) | GF alta: 1.57/gara | GS bassa: 1.23/gara | Profilo ultime 10: 0.70 | Real over index: 0.50;8.94;13.04;;;11.16;7.02;5.0;;;;1.3.0
2026-09-06;Portugal_LigaPortugal;Santa Clara;Rio Ave;56.36;MEDIA;5;2026-09-06;Portugal_LigaPortugal;Portugal_LigaPortugal;;Engine v1.3 | Squadra alta: Santa Clara (4ª), squadra bassa: Rio Ave (13ª) | GF alta: 1.25/gara | GS bassa: 1.75/gara | Profilo ultime 10: 0.46 | Real over index: 0.25;15.99;10.42;;;15.91;4.59;2.5;;;;1.3.0
2026-09-06;Slovakia_3Liga_West;Trencin B;Puchov;56.19;MEDIA;5;2026-09-06;Slovakia_3Liga_West;Slovakia_3Liga_West;;Engine v1.3 | Squadra alta: Trencin B (5ª), squadra bassa: Puchov (9ª) | GF alta: 2.00/gara | GS bassa: 0.75/gara | Profilo ultime 10: 0.69 | Real over index: 0.50;6.82;16.67;;;6.82;6.88;5.0;;;;1.3.0
2026-09-06;CzechRepublic_3MSFL;Karvina B;Hodonin;55.99;MEDIA;7;2026-09-06;CzechRepublic_3MSFL;CzechRepublic_3MSFL;;Engine v1.3 | Squadra alta: Karvina B (12ª), squadra bassa: Hodonin (14ª) | GF alta: 1.33/gara | GS bassa: 1.67/gara | Profilo ultime 10: 0.69 | Real over index: 0.50;3.99;11.11;;;15.15;6.93;5.0;;;;1.3.0
2026-09-06;Romania_Liga2;FC Bacau;CSC Dumbravita;55.93;MEDIA;6;2026-09-06;Romania_Liga2;Romania_Liga2;;Engine v1.3 | Squadra alta: FC Bacau (13ª), squadra bassa: CSC Dumbravita (18ª) | GF alta: 1.75/gara | GS bassa: 1.20/gara | Profilo ultime 10: 0.63 | Real over index: 0.47;8.03;14.58;;;10.91;6.26;4.75;;;;1.3.0
2026-09-06;Armenia_PremierLeague;BKMA;Urartu;55.9;MEDIA;8;2026-09-06;Armenia_PremierLeague;Armenia_PremierLeague;;Engine v1.3 | Squadra alta: Urartu (6ª), squadra bassa: BKMA (8ª) | GF alta: 1.60/gara | GS bassa: 1.20/gara | Profilo ultime 10: 0.66 | Real over index: 0.60;9.03;13.33;;;10.91;6.57;6.0;;;;1.3.0
2026-09-06;Iceland_BestaDeildKarla;Thor Akureyri;Hafnarfjordur;55.88;MEDIA;27;2026-09-06;Iceland_BestaDeildKarla;Iceland_BestaDeildKarla;;Engine v1.3 | Squadra alta: Hafnarfjordur (9ª), squadra bassa: Thor Akureyri (10ª) | GF alta: 1.29/gara | GS bassa: 2.38/gara | Profilo ultime 10: 0.63 | Real over index: 0.40;2.06;10.71;;;20.0;6.27;4.0;;;;1.3.0
2026-09-06;Italy_SerieA;Bologna;Sassuolo;55.84;MEDIA;3;2026-09-06;Italy_SerieA;Italy_SerieA;;Engine v1.3 | Squadra alta: Sassuolo (10ª), squadra bassa: Bologna (17ª) | GF alta: 1.50/gara | GS bassa: 1.00/gara | Profilo ultime 10: 0.51 | Real over index: 0.50;17.14;12.5;;;9.09;5.11;5.0;;;;1.3.0
2026-09-06;Peru_Liga1_Clausura;Juan Pablo 2;A. Lima;55.78;MEDIA;8;2026-09-06;Peru_Liga1_Clausura;Peru_Liga1_Clausura;;Engine v1.3 | Squadra alta: A. Lima (5ª), squadra bassa: Juan Pablo 2 (10ª) | GF alta: 1.33/gara | GS bassa: 1.67/gara | Profilo ultime 10: 0.68 | Real over index: 0.42;7.03;11.11;;;15.15;6.83;4.17;;;;1.3.0
2026-09-06;USA_USLChampionship;Miami FC;Pittsburgh;55.72;MEDIA;33;2026-09-06;USA_USLChampionship;USA_USLChampionship;;Engine v1.3 | Squadra alta: Pittsburgh (9ª), squadra bassa: Miami FC (20ª) | GF alta: 1.09/gara | GS bassa: 1.77/gara | Profilo ultime 10: 0.58 | Real over index: 0.45;8.24;9.06;;;16.12;5.79;4.5;;;;1.3.0
2026-09-06;Mexico_LigaExpansionMX_Apertura;Piratas;Correcaminos;55.59;MEDIA;7;2026-09-06;Mexico_LigaExpansionMX_Apertura;Mexico_LigaExpansionMX_Apertura;;Engine v1.3 | Squadra alta: Correcaminos (4ª), squadra bassa: Piratas (8ª) | GF alta: 2.33/gara | GS bassa: 0.67/gara | Profilo ultime 10: 0.63 | Real over index: 0.50;6.97;19.44;;;6.06;6.26;5.0;;;;1.3.0
2026-09-06;USA_MLS;Seattle Sounders;New York Red Bulls;55.47;MEDIA;26;2026-09-06;USA_MLS;USA_MLS;;Engine v1.3 | Squadra alta: Seattle Sounders (20ª), squadra bassa: New York Red Bulls (21ª) | GF alta: 1.14/gara | GS bassa: 2.09/gara | Profilo ultime 10: 0.66 | Real over index: 0.55;0.8;9.52;;;19.01;6.64;5.5;;;;1.3.0
2026-09-06;Spain_LaLiga2;Castellon;Albacete;55.4;MEDIA;4;2026-09-06;Spain_LaLiga2;Spain_LaLiga2;;Engine v1.3 | Squadra alta: Castellon (9ª), squadra bassa: Albacete (19ª) | GF alta: 1.00/gara | GS bassa: 1.50/gara | Profilo ultime 10: 0.49 | Real over index: 0.50;17.97;8.33;;;13.64;4.86;5.0;;;;1.3.0
2026-09-06;Germany_Oberliga_Westfalen;TuS Hordel;Bielefeld 2;55.19;MEDIA;5;2026-09-06;Germany_Oberliga_Westfalen;Germany_Oberliga_Westfalen;;Engine v1.3 | Squadra alta: TuS Hordel (11ª), squadra bassa: Bielefeld 2 (12ª) | GF alta: 1.50/gara | GS bassa: 1.50/gara | Profilo ultime 10: 0.75 | Real over index: 0.50;2.84;12.5;;;13.64;7.48;5.0;;;;1.3.0
2026-09-06;CzechRepublic_4Liga_GroupB;Meteor Prague;Usti n. L. B;55.06;MEDIA;5;2026-09-06;CzechRepublic_4Liga_GroupB;CzechRepublic_4Liga_GroupB;CzechRepublic_4Liga;Engine v1.3 | Squadra alta: Meteor Prague (73ª), squadra bassa: Usti n. L. B (86ª) | GF alta: 0.33/gara | GS bassa: 4.00/gara | Profilo ultime 10: 0.29 | Real over index: 0.71;13.82;2.78;;;20.0;2.91;7.08;;;;1.3.0
2026-09-06;Italy_SerieC_GironeB;Sambenedettese;Spezia;54.82;MEDIA;3;2026-09-06;Italy_SerieC_GironeB;Italy_SerieC_GironeB;;Engine v1.3 | Squadra alta: Spezia (7ª), squadra bassa: Sambenedettese (14ª) | GF alta: 1.00/gara | GS bassa: 1.50/gara | Profilo ultime 10: 0.47 | Real over index: 0.25;17.14;8.33;;;13.64;4.69;2.5;;;;1.3.0
2026-09-06;CzechRepublic_3CFL_GroupB;Brozany;Chrudim;54.56;MEDIA;5;2026-09-06;CzechRepublic_3CFL_GroupB;CzechRepublic_3CFL_GroupB;CzechRepublic_3rdTier;Engine v1.3 | Squadra alta: Chrudim (21ª), squadra bassa: Brozany (27ª) | GF alta: 1.25/gara | GS bassa: 1.67/gara | Profilo ultime 10: 0.64 | Real over index: 0.54;6.26;10.42;;;15.15;6.42;5.42;;;;1.3.0
2026-09-06;Germany_Oberliga_Niederrhein;Sonsbeck;SSVg Velbert;54.47;MEDIA;4;2026-09-06;Germany_Oberliga_Niederrhein;Germany_Oberliga_Niederrhein;;Engine v1.3 | Squadra alta: Sonsbeck (9ª), squadra bassa: SSVg Velbert (10ª) | GF alta: 1.00/gara | GS bassa: 2.50/gara | Profilo ultime 10: 0.60 | Real over index: 0.25;5.22;8.33;;;20.0;6.03;2.5;;;;1.3.0
2026-09-06;Belarus_VysshayaLiga;Belshina;Neman;54.36;MEDIA;24;2026-09-06;Belarus_VysshayaLiga;Belarus_VysshayaLiga;;Engine v1.3 | Squadra alta: Neman (7ª), squadra bassa: Belshina (14ª) | GF alta: 1.11/gara | GS bassa: 1.74/gara | Profilo ultime 10: 0.52 | Real over index: 0.35;10.62;9.21;;;15.79;5.21;3.5;;;;1.3.0
2026-09-06;Belgium_JupilerProLeague;Beveren;Leuven;54.32;MEDIA;8;2026-09-06;Belgium_JupilerProLeague;Belgium_JupilerProLeague;;Engine v1.3 | Squadra alta: Beveren (12ª), squadra bassa: Leuven (17ª) | GF alta: 0.50/gara | GS bassa: 2.25/gara | Profilo ultime 10: 0.33 | Real over index: 0.75;9.41;4.17;;;20.0;3.32;7.5;;;;1.3.0
2026-09-06;Belarus_PershayaLiga;Orsha;Ostrovets;54.29;MEDIA;25;2026-09-06;Belarus_PershayaLiga;Belarus_PershayaLiga;;Engine v1.3 | Squadra alta: Ostrovets (12ª), squadra bassa: Orsha (13ª) | GF alta: 1.23/gara | GS bassa: 1.82/gara | Profilo ultime 10: 0.71 | Real over index: 0.55;1.32;10.23;;;16.53;7.08;5.5;;;;1.3.0
2026-09-06;USA_USLChampionship;Indy Eleven;Birmingham Legion;54.26;MEDIA;33;2026-09-06;USA_USLChampionship;USA_USLChampionship;;Engine v1.3 | Squadra alta: Indy Eleven (18ª), squadra bassa: Birmingham (22ª) | GF alta: 1.20/gara | GS bassa: 1.50/gara | Profilo ultime 10: 0.61 | Real over index: 0.45;6.58;10.0;;;13.64;6.08;4.5;;;;1.3.0
2026-09-06;USA_MLS;Real Salt Lake;Los Angeles FC;54.2;MEDIA;26;2026-09-06;USA_MLS;USA_MLS;;Engine v1.3 | Squadra alta: Los Angeles FC (11ª), squadra bassa: Real Salt Lake (17ª) | GF alta: 1.50/gara | GS bassa: 1.57/gara | Profilo ultime 10: 0.68 | Real over index: 0.50;3.18;12.5;;;14.29;6.85;5.0;;;;1.3.0
2026-09-06;Ukraine_PremierLeague;Dyn. Kyiv;LNZ Cherkasy;54.03;MEDIA;5;2026-09-06;Ukraine_PremierLeague;Ukraine_PremierLeague;;Engine v1.3 | Squadra alta: Dyn. Kyiv (6ª), squadra bassa: LNZ Cherkasy (11ª) | GF alta: 1.33/gara | GS bassa: 1.00/gara | Profilo ultime 10: 0.61 | Real over index: 0.62;11.56;11.11;;;9.09;6.1;6.25;;;;1.3.0
2026-09-06;Denmark_1stDivision;Aarhus Fremad;Kolding;53.84;MEDIA;8;2026-09-06;Denmark_1stDivision;Denmark_1stDivision;;Engine v1.3 | Squadra alta: Aarhus Fremad (5ª), squadra bassa: Kolding (9ª) | GF alta: 1.17/gara | GS bassa: 1.50/gara | Profilo ultime 10: 0.64 | Real over index: 0.50;7.57;9.72;;;13.64;6.43;5.0;;;;1.3.0
2026-09-06;SouthKorea_KLeague1;Anyang;Gangwon;53.28;MEDIA;27;2026-09-06;SouthKorea_KLeague1;SouthKorea_KLeague1;;Engine v1.3 | Squadra alta: Gangwon (4ª), squadra bassa: Anyang (8ª) | GF alta: 1.20/gara | GS bassa: 1.50/gara | Profilo ultime 10: 0.70 | Real over index: 0.60;4.44;10.0;;;13.64;7.03;6.0;;;;1.3.0
2026-09-06;Bulgaria_VtoraLiga;Yantra Gabrovo;Marek;53.15;MEDIA;7;2026-09-06;Bulgaria_VtoraLiga;Bulgaria_VtoraLiga;;Engine v1.3 | Squadra alta: Yantra Gabrovo (1ª), squadra bassa: Marek (12ª) | GF alta: 1.60/gara | GS bassa: 0.80/gara | Profilo ultime 10: 0.51 | Real over index: 0.20;16.42;13.33;;;7.27;5.06;2.0;;;;1.3.0
2026-09-06;Lithuania_Toplyga;Transinvest;Suduva;53.1;MEDIA;34;2026-09-06;Lithuania_Toplyga;Lithuania_Toplyga;;Engine v1.3 | Squadra alta: Suduva (1ª), squadra bassa: Transinvest (2ª) | GF alta: 1.72/gara | GS bassa: 1.19/gara | Profilo ultime 10: 0.71 | Real over index: 0.60;4.03;14.33;;;10.77;7.08;6.0;;;;1.3.0
2026-09-06;Germany_Regionalliga_Sudwest;VfR Mannheim;Homburg;52.8;MEDIA;6;2026-09-06;Germany_Regionalliga_Sudwest;Germany_Regionalliga_Sudwest;;Engine v1.3 | Squadra alta: Homburg (7ª), squadra bassa: VfR Mannheim (12ª) | GF alta: 1.25/gara | GS bassa: 1.00/gara | Profilo ultime 10: 0.62 | Real over index: 0.62;9.41;10.42;;;9.09;6.25;6.25;;;;1.3.0
2026-09-06;CzechRepublic_3CFL_GroupB;Hradec Kralove B;Neratovice;52.64;MEDIA;5;2026-09-06;CzechRepublic_3CFL_GroupB;CzechRepublic_3CFL_GroupB;CzechRepublic_3rdTier;Engine v1.3 | Squadra alta: Hradec Kralove B (14ª), squadra bassa: Neratovice (17ª) | GF alta: 0.75/gara | GS bassa: 3.75/gara | Profilo ultime 10: 0.64 | Real over index: 0.50;3.92;6.25;;;20.0;6.43;5.0;;;;1.3.0
2026-09-06;Mexico_LigaExpansionMX_Apertura;Cancun;Cruz Azul Hidalgo;52.59;MEDIA;7;2026-09-06;Mexico_LigaExpansionMX_Apertura;Mexico_LigaExpansionMX_Apertura;;Engine v1.3 | Squadra alta: Cruz Azul Hidalgo (12ª), squadra bassa: Cancun (13ª) | GF alta: 1.50/gara | GS bassa: 1.60/gara | Profilo ultime 10: 0.65 | Real over index: 0.45;2.46;12.5;;;14.55;6.47;4.5;;;;1.3.0
2026-09-06;USA_MLSNextPro_WesternConference_PacificDivision;San Jose Earthquakes 2;Tacoma Defiance;52.51;MEDIA;28;2026-09-06;USA_MLSNextPro_WesternConference_PacificDivision;USA_MLSNextPro_WesternConference_PacificDivision;;Engine v1.3 | Squadra alta: Tacoma Defiance (5ª), squadra bassa: San Jose Earthquakes 2 (6ª) | GF alta: 1.48/gara | GS bassa: 1.29/gara | Profilo ultime 10: 0.75 | Real over index: 0.55;1.43;12.33;;;11.74;7.51;5.5;;;;1.3.0
2026-09-06;SouthKorea_KLeague1;Gimcheon Sangmu;Gwangju;52.46;MEDIA;27;2026-09-06;SouthKorea_KLeague1;SouthKorea_KLeague1;;Engine v1.3 | Squadra alta: Gimcheon Sangmu (11ª), squadra bassa: Gwangju (12ª) | GF alta: 0.92/gara | GS bassa: 2.19/gara | Profilo ultime 10: 0.49 | Real over index: 0.35;6.2;7.69;;;19.93;4.93;3.5;;;;1.3.0
2026-09-06;CzechRepublic_1Liga;Hradec Kralove;Sparta Praga;52.44;MEDIA;8;2026-09-06;CzechRepublic_1Liga;CzechRepublic_1Liga;;Engine v1.3 | Squadra alta: Sparta Praga (8ª), squadra bassa: Hradec Kralove (10ª) | GF alta: 2.00/gara | GS bassa: 1.00/gara | Profilo ultime 10: 0.69 | Real over index: 0.62;1.98;16.67;;;9.09;6.87;6.17;;;;1.3.0
2026-09-06;USA_USLChampionship;Rhode Island;Louisville City;52.4;MEDIA;33;2026-09-06;USA_USLChampionship;USA_USLChampionship;;Engine v1.3 | Squadra alta: Louisville City (11ª), squadra bassa: Rhode Island (17ª) | GF alta: 1.68/gara | GS bassa: 1.15/gara | Profilo ultime 10: 0.69 | Real over index: 0.45;2.53;14.02;;;10.45;6.9;4.5;;;;1.3.0
2026-09-06;Poland_Division2;Pruszkow;Hutnik Krakow;52.31;MEDIA;7;2026-09-06;Poland_Division2;Poland_Division2;;Engine v1.3 | Squadra alta: Hutnik Krakow (1ª), squadra bassa: Pruszkow (3ª) | GF alta: 2.17/gara | GS bassa: 1.00/gara | Profilo ultime 10: 0.71 | Real over index: 0.50;2.49;18.06;;;9.09;7.08;5.0;;;;1.3.0
2026-09-06;Italy_SerieC_GironeB;Grosseto;Torres;51.68;MEDIA;3;2026-09-06;Italy_SerieC_GironeB;Italy_SerieC_GironeB;;Engine v1.3 | Squadra alta: Grosseto (3ª), squadra bassa: Torres (10ª) | GF alta: 1.50/gara | GS bassa: 1.00/gara | Profilo ultime 10: 0.63 | Real over index: 0.50;7.6;12.5;;;9.09;6.27;5.0;;;;1.3.0
2026-09-06;CzechRepublic_3MSFL;Sigma Olomouc B;Artis Brno B;51.1;MEDIA;7;2026-09-06;CzechRepublic_3MSFL;CzechRepublic_3MSFL;;Engine v1.3 | Squadra alta: Artis Brno B (1ª), squadra bassa: Sigma Olomouc B (5ª) | GF alta: 1.83/gara | GS bassa: 1.00/gara | Profilo ultime 10: 0.68 | Real over index: 0.50;7.98;15.28;;;9.09;6.75;5.0;;;;1.3.0
2026-09-06;Germany_Oberliga_Westfalen;Schermbeck 2020;Hiltrup;51.01;MEDIA;5;2026-09-06;Germany_Oberliga_Westfalen;Germany_Oberliga_Westfalen;;Engine v1.3 | Squadra alta: Hiltrup (17ª), squadra bassa: Schermbeck 2020 (18ª) | GF alta: 0.50/gara | GS bassa: 2.75/gara | Profilo ultime 10: 0.31 | Real over index: 0.62;7.6;4.17;;;20.0;3.08;6.25;;;;1.3.0
2026-09-06;Poland_IIILiga_Group4;Wisloka Debica;Biala Podlaska;50.86;MEDIA;6;2026-09-06;Poland_IIILiga_Group4;Poland_IIILiga_Group4;;Engine v1.3 | Squadra alta: Biala Podlaska (6ª), squadra bassa: Wisloka Debica (10ª) | GF alta: 1.00/gara | GS bassa: 1.60/gara | Profilo ultime 10: 0.60 | Real over index: 0.50;5.63;8.33;;;14.55;6.04;5.0;;;;1.3.0
2026-09-06;Finland_Ykkosliiga;SJK Akatemia;JaPS;50.69;MEDIA;25;2026-09-06;Finland_Ykkosliiga;Finland_Ykkosliiga;;Engine v1.3 | Squadra alta: JaPS (6ª), squadra bassa: SJK Akatemia (10ª) | GF alta: 0.84/gara | GS bassa: 1.55/gara | Profilo ultime 10: 0.51 | Real over index: 0.40;10.75;7.02;;;14.09;5.11;4.0;;;;1.3.0
2026-09-06;Austria_Burgenland;SV Eberau;Halbturn;50.33;MEDIA;5;2026-09-06;Austria_Burgenland;Austria_Burgenland;;Engine v1.3 | Squadra alta: Halbturn (9ª), squadra bassa: SV Eberau (13ª) | GF alta: 1.25/gara | GS bassa: 1.00/gara | Profilo ultime 10: 0.64 | Real over index: 0.62;6.82;10.42;;;9.09;6.38;6.25;;;;1.3.0
2026-09-06;Sweden_Division1_Sodra;Jonkoping;Tvaaker;50.16;MEDIA;22;2026-09-06;Sweden_Division1_Sodra;Sweden_Division1_Sodra;;Engine v1.3 | Squadra alta: Tvaaker (7ª), squadra bassa: Jonkoping (8ª) | GF alta: 1.42/gara | GS bassa: 1.00/gara | Profilo ultime 10: 0.72 | Real over index: 0.60;2.02;11.84;;;9.09;7.21;6.0;;;;1.3.0
2026-09-06;Bulgaria_VtoraLiga;Nesebar;Rilski Sportist;49.71;MEDIA;7;2026-09-06;Bulgaria_VtoraLiga;Bulgaria_VtoraLiga;;Engine v1.3 | Squadra alta: Nesebar (4ª), squadra bassa: Rilski Sportist (6ª) | GF alta: 2.20/gara | GS bassa: 1.00/gara | Profilo ultime 10: 0.63 | Real over index: 0.40;2.81;18.33;;;9.09;6.32;4.0;;;;1.3.0
2026-09-06;Belarus_VysshayaLiga;ML Vitebsk;Din. Minsk;49.69;MEDIA;24;2026-09-06;Belarus_VysshayaLiga;Belarus_VysshayaLiga;;Engine v1.3 | Squadra alta: ML Vitebsk (2ª), squadra bassa: Din. Minsk (3ª) | GF alta: 2.00/gara | GS bassa: 0.83/gara | Profilo ultime 10: 0.74 | Real over index: 0.60;0.51;16.67;;;7.58;7.45;6.0;;;;1.3.0
2026-09-06;Turkey_1Lig;Muglaspor;Vanspor FK;49.6;MEDIA;6;2026-09-06;Turkey_1Lig;Turkey_1Lig;;Engine v1.3 | Squadra alta: Muglaspor (9ª), squadra bassa: Vanspor FK (16ª) | GF alta: 0.60/gara | GS bassa: 2.20/gara | Profilo ultime 10: 0.42 | Real over index: 0.20;10.46;5.0;;;20.0;4.15;2.0;;;;1.3.0
2026-09-06;USA_USLChampionship;Orange County SC;Sacramento Republic;49.55;MEDIA;33;2026-09-06;USA_USLChampionship;USA_USLChampionship;;Engine v1.3 | Squadra alta: Orange County SC (7ª), squadra bassa: Sacramento Republic (10ª) | GF alta: 1.50/gara | GS bassa: 0.90/gara | Profilo ultime 10: 0.77 | Real over index: 0.55;1.64;12.5;;;8.23;7.68;5.5;;;;1.3.0
2026-09-06;USA_MLS;Charlotte;Houston Dynamo;49.23;MEDIA;26;2026-09-06;USA_MLS;USA_MLS;;Engine v1.3 | Squadra alta: Houston Dynamo (4ª), squadra bassa: Charlotte (6ª) | GF alta: 1.36/gara | GS bassa: 1.39/gara | Profilo ultime 10: 0.62 | Real over index: 0.40;1.68;11.36;;;12.65;6.18;4.0;;;;1.3.0
2026-09-06;Peru_Liga2;Union Comercio;U. San Martin;49.02;MEDIA;6;2026-09-06;Peru_Liga2;Peru_Liga2;;Engine v1.3 | Squadra alta: U. San Martin (5ª), squadra bassa: Union Comercio (8ª) | GF alta: 1.67/gara | GS bassa: 0.67/gara | Profilo ultime 10: 0.64 | Real over index: 0.50;4.83;13.89;;;6.06;6.41;5.0;;;;1.3.0
2026-09-06;Portugal_LigaPortugal;Guimaraes;Casa Pia;48.9;MEDIA;5;2026-09-06;Portugal_LigaPortugal;Portugal_LigaPortugal;;Engine v1.3 | Squadra alta: Guimaraes (12ª), squadra bassa: Casa Pia (18ª) | GF alta: 0.75/gara | GS bassa: 2.75/gara | Profilo ultime 10: 0.36 | Real over index: 0.25;9.87;6.25;;;20.0;3.55;2.5;;;;1.3.0
2026-09-06;Kazakhstan_PremierLeague;Altai;Kaisar;48.69;MEDIA;35;2026-09-06;Kazakhstan_PremierLeague;Kazakhstan_PremierLeague;;Engine v1.3 | Squadra alta: Kaisar (14ª), squadra bassa: Altai (16ª) | GF alta: 0.87/gara | GS bassa: 1.57/gara | Profilo ultime 10: 0.71 | Real over index: 0.60;2.27;7.25;;;14.23;7.12;6.0;;;;1.3.0
2026-09-06;Lithuania_Toplyga;Kauno Zalgiris;Dziugas Telsiai;48.52;MEDIA;34;2026-09-06;Lithuania_Toplyga;Lithuania_Toplyga;;Engine v1.3 | Squadra alta: Kauno Zalgiris (3ª), squadra bassa: Dziugas Telsiai (5ª) | GF alta: 1.92/gara | GS bassa: 1.16/gara | Profilo ultime 10: 0.50 | Real over index: 0.30;3.14;15.97;;;10.55;5.04;3.0;;;;1.3.0
2026-09-06;Romania_Superliga;Otelul;Rapid Bucarest;47.7;MEDIA;8;2026-09-06;Romania_Superliga;Romania_Superliga;;Engine v1.3 | Squadra alta: Rapid Bucarest (2ª), squadra bassa: Otelul (12ª) | GF alta: 1.14/gara | GS bassa: 1.17/gara | Profilo ultime 10: 0.50 | Real over index: 0.24;10.35;9.52;;;10.61;4.95;2.38;;;;1.3.0
2026-09-06;Belarus_VysshayaLiga;Baranovici;Dnepr Mogilev;47.51;MEDIA;24;2026-09-06;Belarus_VysshayaLiga;Belarus_VysshayaLiga;;Engine v1.3 | Squadra alta: Baranovici (12ª), squadra bassa: Dnepr Mogilev (15ª) | GF alta: 1.11/gara | GS bassa: 1.45/gara | Profilo ultime 10: 0.55 | Real over index: 0.35;4.43;9.21;;;13.18;5.53;3.5;;;;1.3.0
2026-09-06;Poland_Division1;Arka;LKS Lodz;47.39;MEDIA;7;2026-09-06;Poland_Division1;Poland_Division1;;Engine v1.3 | Squadra alta: LKS Lodz (3ª), squadra bassa: Arka (5ª) | GF alta: 1.67/gara | GS bassa: 0.83/gara | Profilo ultime 10: 0.69 | Real over index: 0.50;2.49;13.89;;;7.58;6.94;5.0;;;;1.3.0
2026-09-06;Portugal_Liga3_SerieA;Leca;Fafe;47.18;MEDIA;4;2026-09-06;Portugal_Liga3_SerieA;Portugal_Liga3_SerieA;Portugal_Liga3;Engine v1.3 | Squadra alta: Fafe (4ª), squadra bassa: Leca (7ª) | GF alta: 1.33/gara | GS bassa: 1.33/gara | Profilo ultime 10: 0.54 | Real over index: 0.33;5.74;11.11;;;12.12;5.45;3.33;;;;1.3.0
2026-09-06;Bulgaria_ParvaLiga;Lok. Plovdiv;Cherno More;46.61;MEDIA;8;2026-09-06;Bulgaria_ParvaLiga;Bulgaria_ParvaLiga;;Engine v1.3 | Squadra alta: Cherno More (11ª), squadra bassa: Lok. Plovdiv (16ª) | GF alta: 1.14/gara | GS bassa: 1.43/gara | Profilo ultime 10: 0.57 | Real over index: 0.50;3.93;9.52;;;12.99;5.67;5.0;;;;1.3.0
2026-09-06;SouthKorea_KLeague2;Gimpo FC;Seongnam;46.43;MEDIA;25;2026-09-06;SouthKorea_KLeague2;SouthKorea_KLeague2;;Engine v1.3 | Squadra alta: Gimpo FC (8ª), squadra bassa: Seongnam (10ª) | GF alta: 1.23/gara | GS bassa: 1.18/gara | Profilo ultime 10: 0.60 | Real over index: 0.40;2.7;10.23;;;10.74;6.03;4.0;;;;1.3.0
2026-09-06;Azerbaijan_PremierLeague;Turan;Sumqayit;46.15;MEDIA;4;2026-09-06;Azerbaijan_PremierLeague;Azerbaijan_PremierLeague;;Engine v1.3 | Squadra alta: Turan (6ª), squadra bassa: Sumqayit (11ª) | GF alta: 0.33/gara | GS bassa: 2.00/gara | Profilo ultime 10: 0.18 | Real over index: 0.25;16.21;2.78;;;18.18;1.77;2.5;;;;1.3.0
2026-09-06;Kazakhstan_PremierLeague;Tobol;Ulytau;45.51;MEDIA;35;2026-09-06;Kazakhstan_PremierLeague;Kazakhstan_PremierLeague;;Engine v1.3 | Squadra alta: Ulytau (7ª), squadra bassa: Tobol (9ª) | GF alta: 1.00/gara | GS bassa: 1.35/gara | Profilo ultime 10: 0.60 | Real over index: 0.40;2.93;8.33;;;12.25;6.02;4.0;;;;1.3.0
2026-09-06;Poland_Division1;Pogon Siedlce;Puszcza;44.87;BASSA;7;2026-09-06;Poland_Division1;Poland_Division1;;Engine v1.3 | Squadra alta: Pogon Siedlce (8ª), squadra bassa: Puszcza (14ª) | GF alta: 1.17/gara | GS bassa: 1.17/gara | Profilo ultime 10: 0.51 | Real over index: 0.33;5.9;9.72;;;10.61;5.06;3.33;;;;1.3.0
2026-09-06;USA_USLChampionship;Detroit;Hartford Athletic;44.6;BASSA;33;2026-09-06;USA_USLChampionship;USA_USLChampionship;;Engine v1.3 | Squadra alta: Detroit (5ª), squadra bassa: Hartford Athletic (14ª) | GF alta: 1.29/gara | GS bassa: 1.00/gara | Profilo ultime 10: 0.56 | Real over index: 0.35;5.74;10.71;;;9.09;5.64;3.5;;;;1.3.0
2026-09-06;Spain_LaLiga2;Eibar;Granada;44.08;BASSA;4;2026-09-06;Spain_LaLiga2;Spain_LaLiga2;;Engine v1.3 | Squadra alta: Granada (1ª), squadra bassa: Eibar (5ª) | GF alta: 1.67/gara | GS bassa: 1.00/gara | Profilo ultime 10: 0.55 | Real over index: 0.33;4.64;13.89;;;9.09;5.49;3.33;;;;1.3.0
2026-09-06;Germany_Oberliga_Westfalen;Erkenschwick;Westfalia Kinderhaus;43.85;BASSA;5;2026-09-06;Germany_Oberliga_Westfalen;Germany_Oberliga_Westfalen;;Engine v1.3 | Squadra alta: Erkenschwick (4ª), squadra bassa: Westfalia Kinderhaus (9ª) | GF alta: 1.00/gara | GS bassa: 1.50/gara | Profilo ultime 10: 0.50 | Real over index: 0.25;4.65;8.33;;;13.64;5.04;2.5;;;;1.3.0
2026-09-06;Germany_3Liga;Fortuna Colonia;Dusseldorf;43.35;BASSA;4;2026-09-06;Germany_3Liga;Germany_3Liga;;Engine v1.3 | Squadra alta: Fortuna Colonia (11ª), squadra bassa: Dusseldorf (17ª) | GF alta: 1.00/gara | GS bassa: 1.33/gara | Profilo ultime 10: 0.47 | Real over index: 0.33;5.61;8.33;;;12.12;4.68;3.33;;;;1.3.0
2026-09-06;Ukraine_PremierLeague;Epitsentr;Bukovyna;43.31;BASSA;5;2026-09-06;Ukraine_PremierLeague;Ukraine_PremierLeague;;Engine v1.3 | Squadra alta: Epitsentr (4ª), squadra bassa: Bukovyna (8ª) | GF alta: 1.50/gara | GS bassa: 0.75/gara | Profilo ultime 10: 0.55 | Real over index: 0.50;6.39;12.5;;;6.82;5.54;5.0;;;;1.3.0
2026-09-06;Ukraine_PremierLeague;Veres-Rivne;Zorya;43.19;BASSA;5;2026-09-06;Ukraine_PremierLeague;Ukraine_PremierLeague;;Engine v1.3 | Squadra alta: Zorya (7ª), squadra bassa: Veres-Rivne (9ª) | GF alta: 1.25/gara | GS bassa: 0.75/gara | Profilo ultime 10: 0.55 | Real over index: 0.50;5.58;10.42;;;6.82;5.46;5.0;;;;1.3.0
2026-09-06;USA_USLChampionship;San Antonio;FC Tulsa;42.99;BASSA;33;2026-09-06;USA_USLChampionship;USA_USLChampionship;;Engine v1.3 | Squadra alta: FC Tulsa (6ª), squadra bassa: San Antonio (8ª) | GF alta: 1.24/gara | GS bassa: 1.18/gara | Profilo ultime 10: 0.52 | Real over index: 0.35;1.39;10.32;;;10.74;5.17;3.5;;;;1.3.0
2026-09-06;Portugal_LigaPortugal2;Leiria;Portimonense;41.6;BASSA;5;2026-09-06;Portugal_LigaPortugal2;Portugal_LigaPortugal2;;Engine v1.3 | Squadra alta: Portimonense (8ª), squadra bassa: Leiria (9ª) | GF alta: 1.00/gara | GS bassa: 1.25/gara | Profilo ultime 10: 0.55 | Real over index: 0.25;2.84;8.33;;;11.36;5.53;2.5;;;;1.3.0
2026-09-06;Peru_Liga1_Clausura;Deportivo Garcilaso;Grau;41.57;BASSA;8;2026-09-06;Peru_Liga1_Clausura;Peru_Liga1_Clausura;;Engine v1.3 | Squadra alta: Grau (3ª), squadra bassa: Deportivo Garcilaso (8ª) | GF alta: 1.33/gara | GS bassa: 0.83/gara | Profilo ultime 10: 0.48 | Real over index: 0.25;7.03;11.11;;;7.58;4.82;2.5;;;;1.3.0
2026-09-06;Spain_LaLiga2;Oviedo;Burgos CF;41.33;BASSA;4;2026-09-06;Spain_LaLiga2;Spain_LaLiga2;;Engine v1.3 | Squadra alta: Oviedo (11ª), squadra bassa: Burgos CF (12ª) | GF alta: 0.50/gara | GS bassa: 1.67/gara | Profilo ultime 10: 0.50 | Real over index: 0.33;6.72;4.17;;;15.15;4.95;3.33;;;;1.3.0
2026-09-06;Slovenia_PrvaLiga;Celje;Koper;40.38;BASSA;9;2026-09-06;Slovenia_PrvaLiga;Slovenia_PrvaLiga;;Engine v1.3 | Squadra alta: Koper (2ª), squadra bassa: Celje (3ª) | GF alta: 1.00/gara | GS bassa: 1.14/gara | Profilo ultime 10: 0.58 | Real over index: 0.35;2.05;8.33;;;10.39;5.76;3.48;;;;1.3.0
2026-09-06;Romania_Superliga;Petrolul;Corvinul;39.78;BASSA;8;2026-09-06;Romania_Superliga;Romania_Superliga;;Engine v1.3 | Squadra alta: Petrolul (3ª), squadra bassa: Corvinul (5ª) | GF alta: 1.00/gara | GS bassa: 0.57/gara | Profilo ultime 10: 0.53 | Real over index: 0.36;3.75;8.33;;;5.19;5.26;3.57;;;;1.3.0
2026-09-06;Italy_SerieB;Juve Stabia;Pisa;39.61;BASSA;3;2026-09-06;Italy_SerieB;Italy_SerieB;;Engine v1.3 | Squadra alta: Juve Stabia (8ª), squadra bassa: Pisa (9ª) | GF alta: 1.00/gara | GS bassa: 1.00/gara | Profilo ultime 10: 0.56 | Real over index: 0.50;0.41;8.33;;;9.09;5.56;5.0;;;;1.3.0
2026-09-06;Portugal_LigaPortugal2;Leixoes;Amarante;39.39;BASSA;5;2026-09-06;Portugal_LigaPortugal2;Portugal_LigaPortugal2;;Engine v1.3 | Squadra alta: Leixoes (11ª), squadra bassa: Amarante (13ª) | GF alta: 1.25/gara | GS bassa: 0.75/gara | Profilo ultime 10: 0.43 | Real over index: 0.25;5.67;10.42;;;6.82;4.34;2.5;;;;1.3.0
2026-09-06;CzechRepublic_1Liga;Jablonec;Liberec;37.89;BASSA;8;2026-09-06;CzechRepublic_1Liga;CzechRepublic_1Liga;;Engine v1.3 | Squadra alta: Liberec (3ª), squadra bassa: Jablonec (6ª) | GF alta: 1.33/gara | GS bassa: 0.80/gara | Profilo ultime 10: 0.49 | Real over index: 0.18;3.13;11.11;;;7.27;4.85;1.83;;;;1.3.0
2026-09-06;Belgium_ChallengerProLeague;Francs Borains;Sporting Lokeren;36.24;BASSA;4;2026-09-06;Belgium_ChallengerProLeague;Belgium_ChallengerProLeague;;Engine v1.3 | Squadra alta: Francs Borains (3ª), squadra bassa: Sporting Lokeren (6ª) | GF alta: 1.00/gara | GS bassa: 0.00/gara | Profilo ultime 10: 0.46 | Real over index: 0.17;11.07;8.33;;;0.0;4.57;1.67;;;;1.3.0
2026-09-06;Italy_SerieC_GironeB;Perugia;Pineto;36.24;BASSA;3;2026-09-06;Italy_SerieC_GironeB;Italy_SerieC_GironeB;;Engine v1.3 | Squadra alta: Perugia (4ª), squadra bassa: Pineto (11ª) | GF alta: 1.50/gara | GS bassa: 0.00/gara | Profilo ultime 10: 0.35 | Real over index: 0.25;12.37;12.5;;;0.0;3.48;2.5;;;;1.3.0
2026-09-06;Italy_SerieA;Juventus;Milan;34.75;BASSA;3;2026-09-06;Italy_SerieA;Italy_SerieA;;Engine v1.3 | Squadra alta: Milan (2ª), squadra bassa: Juventus (3ª) | GF alta: 2.00/gara | GS bassa: 0.00/gara | Profilo ultime 10: 0.55 | Real over index: 0.25;0.41;16.67;;;0.0;5.48;2.5;;;;1.3.0
2026-09-06;Portugal_LigaPortugal2;Vizela;Felgueiras;34.68;BASSA;5;2026-09-06;Portugal_LigaPortugal2;Portugal_LigaPortugal2;;Engine v1.3 | Squadra alta: Vizela (6ª), squadra bassa: Felgueiras (10ª) | GF alta: 1.00/gara | GS bassa: 0.75/gara | Profilo ultime 10: 0.43 | Real over index: 0.25;4.2;8.33;;;6.82;4.31;2.5;;;;1.3.0
2026-09-06;CzechRepublic_3CFL_GroupB;Caslav;Benatky;34.58;BASSA;5;2026-09-06;CzechRepublic_3CFL_GroupB;CzechRepublic_3CFL_GroupB;CzechRepublic_3rdTier;Engine v1.3 | Squadra alta: Benatky (26ª), squadra bassa: Caslav (30ª) | GF alta: 0.33/gara | GS bassa: 2.67/gara | Profilo ultime 10: 0.13 | Real over index: 0.17;5.23;2.78;;;20.0;1.31;1.67;;;;1.3.0
2026-09-06;Spain_LaLiga;Alaves;Osasuna;33.44;BASSA;6;2026-09-06;Spain_LaLiga;Spain_LaLiga;;Engine v1.3 | Squadra alta: Alaves (3ª), squadra bassa: Osasuna (4ª) | GF alta: 1.67/gara | GS bassa: 0.33/gara | Profilo ultime 10: 0.52 | Real over index: 0.33;0.41;13.89;;;3.03;5.16;3.33;;;;1.3.0
2026-09-06;Germany_Oberliga_Bremen;Schwachhausen;Bremen I2;29.9;BASSA;5;2026-09-06;Germany_Oberliga_Bremen;Germany_Oberliga_Bremen;;Engine v1.3 | Squadra alta: Schwachhausen (8ª), squadra bassa: Bremen I2 (8ª) | GF alta: 1.75/gara | GS bassa: 0.00/gara | Profilo ultime 10: 0.46 | Real over index: 0.38;0.0;14.58;;;0.0;4.56;3.75;;;;1.3.0
2026-09-06;Spain_LaLiga2;Almeria;Cadice;25.06;BASSA;4;2026-09-06;Spain_LaLiga2;Spain_LaLiga2;;Engine v1.3 | Squadra alta: Almeria (14ª), squadra bassa: Cadice (16ª) | GF alta: 1.00/gara | GS bassa: 0.50/gara | Profilo ultime 10: 0.33 | Real over index: 0.17;0.73;8.33;;;4.55;3.28;1.67;;;;1.3.0
