MatchDate;LeagueId;Home;Away;Score;Band;Round;PredictionDate;HomeSourceLeagueId;AwaySourceLeagueId;CompetitionGroup;Reason;RankingGapScore;HomeAttackScore;AwayAttackScore;HomeDefenseWeaknessScore;AwayDefenseWeaknessScore;HomeLast10OverScore;AwayLast10OverScore;HomeVenueOverScore;AwayVenueOverScore;BTTSProfileScore;AlgorithmVersion
2026-09-19;CzechRepublic_4Liga_GroupB;Ostrov;Psary;96.0;ALTA;7;2026-09-19;CzechRepublic_4Liga_GroupB;CzechRepublic_4Liga_GroupB;CzechRepublic_4Liga;Engine v1.3 | Squadra alta: Psary (41ª), squadra bassa: Ostrov (76ª) | GF alta: 3.83/gara | GS bassa: 3.00/gara | Profilo ultime 10: 1.00 | Real over index: 1.00;22.0;20.0;;;20.0;10.0;10.0;;;;1.3.0
2026-09-19;CzechRepublic_4Liga_GroupE;Bzenec-Vracov;Strani;95.53;ALTA;7;2026-09-19;CzechRepublic_4Liga_GroupE;CzechRepublic_4Liga_GroupE;CzechRepublic_4Liga;Engine v1.3 | Squadra alta: Strani (2ª), squadra bassa: Bzenec-Vracov (85ª) | GF alta: 3.83/gara | GS bassa: 3.50/gara | Profilo ultime 10: 0.95 | Real over index: 1.00;22.0;20.0;;;20.0;9.53;10.0;;;;1.3.0
2026-09-19;Moldova_Liga1_GroupA;Sparta Selemet;Vulturii Cutezatori;94.52;ALTA;6;2026-09-19;Moldova_Liga1_GroupA;Moldova_Liga1_GroupA;Moldova_Liga1;Engine v1.3 | Squadra alta: Vulturii Cutezatori (1ª), squadra bassa: Sparta Selemet (11ª) | GF alta: 3.57/gara | GS bassa: 5.14/gara | Profilo ultime 10: 0.92 | Real over index: 0.93;22.0;20.0;;;20.0;9.24;9.29;;;;1.3.0
2026-09-19;CzechRepublic_4Liga_GroupC;Kosmonosy;Chrudim B;94.48;ALTA;7;2026-09-19;CzechRepublic_4Liga_GroupC;CzechRepublic_4Liga_GroupC;CzechRepublic_4Liga;Engine v1.3 | Squadra alta: Kosmonosy (17ª), squadra bassa: Chrudim B (89ª) | GF alta: 2.83/gara | GS bassa: 4.50/gara | Profilo ultime 10: 0.93 | Real over index: 0.92;22.0;20.0;;;20.0;9.32;9.17;;;;1.3.0
2026-09-19;CzechRepublic_4Liga_GroupA;Cesky Krumlov;Spartak Pribram;92.53;ALTA;7;2026-09-19;CzechRepublic_4Liga_GroupA;CzechRepublic_4Liga_GroupA;CzechRepublic_4Liga;Engine v1.3 | Squadra alta: Spartak Pribram (15ª), squadra bassa: Cesky Krumlov (69ª) | GF alta: 3.20/gara | GS bassa: 2.67/gara | Profilo ultime 10: 0.92 | Real over index: 0.90;22.0;20.0;;;20.0;9.15;9.0;;;;1.3.0
2026-09-19;Germany_2Bundesliga;Dresda;Hertha;91.63;ALTA;6;2026-09-19;Germany_2Bundesliga;Germany_2Bundesliga;;Engine v1.3 | Squadra alta: Hertha (1ª), squadra bassa: Dresda (17ª) | GF alta: 3.00/gara | GS bassa: 2.40/gara | Profilo ultime 10: 0.86 | Real over index: 0.80;21.55;20.0;;;20.0;8.62;8.0;;;;1.3.0
2026-09-19;CzechRepublic_4Liga_GroupA;Sobeslav;Taborsko akademie;91.63;ALTA;7;2026-09-19;CzechRepublic_4Liga_GroupA;CzechRepublic_4Liga_GroupA;CzechRepublic_4Liga;Engine v1.3 | Squadra alta: Taborsko akademie (24ª), squadra bassa: Sobeslav (59ª) | GF alta: 3.17/gara | GS bassa: 3.20/gara | Profilo ultime 10: 0.89 | Real over index: 0.83;22.0;20.0;;;20.0;8.92;8.33;;;;1.3.0
2026-09-19;Slovakia_NikeLiga;Zilina;Trencin;91.5;ALTA;9;2026-09-19;Slovakia_NikeLiga;Slovakia_NikeLiga;;Engine v1.3 | Squadra alta: Zilina (3ª), squadra bassa: Trencin (12ª) | GF alta: 2.62/gara | GS bassa: 2.57/gara | Profilo ultime 10: 0.91 | Real over index: 0.87;19.75;20.0;;;20.0;9.09;8.66;;;;1.3.0
2026-09-19;Norway_3rdDivision_Group6;Lillehammer;Bjorkelangen;90.01;ALTA;21;2026-09-19;Norway_3rdDivision_Group6;Norway_3rdDivision_Group6;;Engine v1.3 | Squadra alta: Lillehammer (1ª), squadra bassa: Bjorkelangen (14ª) | GF alta: 3.35/gara | GS bassa: 3.63/gara | Profilo ultime 10: 0.84 | Real over index: 0.80;22.0;20.0;;;20.0;8.41;8.0;;;;1.3.0
2026-09-19;Germany_2Bundesliga;Karlsruher;Norimberga;89.98;ALTA;6;2026-09-19;Germany_2Bundesliga;Germany_2Bundesliga;;Engine v1.3 | Squadra alta: Norimberga (2ª), squadra bassa: Karlsruher (12ª) | GF alta: 3.00/gara | GS bassa: 2.20/gara | Profilo ultime 10: 0.87 | Real over index: 0.90;18.83;20.0;;;20.0;8.69;9.0;;;;1.3.0
2026-09-19;CzechRepublic_4Liga_GroupB;Brandys n. Labem;Ujezd Prague;89.82;ALTA;7;2026-09-19;CzechRepublic_4Liga_GroupB;CzechRepublic_4Liga_GroupB;CzechRepublic_4Liga;Engine v1.3 | Squadra alta: Ujezd Prague (35ª), squadra bassa: Brandys n. Labem (66ª) | GF alta: 2.00/gara | GS bassa: 3.00/gara | Profilo ultime 10: 0.96 | Real over index: 0.92;20.36;16.67;;;20.0;9.62;9.17;;;;1.3.0
2026-09-19;Austria_Steiermark;Stadtwerke Bruck/Mur;Hohenhaus Schladming;89.78;IMM-ALTA-6;5;2026-09-19;Austria_Steiermark;Austria_Steiermark;16 clubs, double round robin.;Engine v1.3 | Squadra alta: Stadtwerke Bruck/Mur (4ª), squadra bassa: Hohenhaus Schladming (16ª) | GF alta: 2.33/gara | GS bassa: 2.67/gara | Profilo ultime 10: 0.87 | Real over index: 1.00;20.46;19.44;;;20.0;8.66;10.0;;;;1.3.0
2026-09-19;Norway_3rdDivision_Group1;Grei;Heming;89.78;ALTA;24;2026-09-19;Norway_3rdDivision_Group1;Norway_3rdDivision_Group1;;Engine v1.3 | Squadra alta: Heming (3ª), squadra bassa: Grei (14ª) | GF alta: 2.55/gara | GS bassa: 3.35/gara | Profilo ultime 10: 0.89 | Real over index: 0.80;18.91;20.0;;;20.0;8.87;8.0;;;;1.3.0
2026-09-19;CzechRepublic_4Liga_GroupB;Hvezda Cheb;Chomutov;89.12;ALTA;7;2026-09-19;CzechRepublic_4Liga_GroupB;CzechRepublic_4Liga_GroupB;CzechRepublic_4Liga;Engine v1.3 | Squadra alta: Chomutov (7ª), squadra bassa: Hvezda Cheb (71ª) | GF alta: 2.33/gara | GS bassa: 3.33/gara | Profilo ultime 10: 0.88 | Real over index: 0.83;22.0;19.44;;;20.0;8.75;8.33;;;;1.3.0
2026-09-19;Germany_Regionalliga_Nord;VfB Oldenburg;Jeddeloh;89.11;ALTA;11;2026-09-19;Germany_Regionalliga_Nord;Germany_Regionalliga_Nord;;Engine v1.3 | Squadra alta: VfB Oldenburg (2ª), squadra bassa: Jeddeloh (16ª) | GF alta: 3.33/gara | GS bassa: 2.22/gara | Profilo ultime 10: 0.82 | Real over index: 0.67;20.64;20.0;;;20.0;8.23;6.67;;;;1.3.0
2026-09-19;CzechRepublic_4Liga_GroupB;Slany;Meteor Prague;88.61;ALTA;7;2026-09-19;CzechRepublic_4Liga_GroupB;CzechRepublic_4Liga_GroupB;CzechRepublic_4Liga;Engine v1.3 | Squadra alta: Slany (46ª), squadra bassa: Meteor Prague (79ª) | GF alta: 2.67/gara | GS bassa: 2.40/gara | Profilo ultime 10: 0.76 | Real over index: 0.73;22.0;20.0;;;20.0;7.61;7.33;;;;1.3.0
2026-09-19;CzechRepublic_4Liga_GroupE;Nove Sady;Prostejov B;88.51;ALTA;7;2026-09-19;CzechRepublic_4Liga_GroupE;CzechRepublic_4Liga_GroupE;CzechRepublic_4Liga;Engine v1.3 | Squadra alta: Prostejov B (50ª), squadra bassa: Nove Sady (95ª) | GF alta: 2.17/gara | GS bassa: 4.83/gara | Profilo ultime 10: 0.84 | Real over index: 0.92;22.0;18.06;;;20.0;8.4;9.17;;;;1.3.0
2026-09-19;CzechRepublic_3CFL_GroupA;Ceske Budejovice;Aritma Prague;88.35;ALTA;9;2026-09-19;CzechRepublic_3CFL_GroupA;CzechRepublic_3CFL_GroupA;CzechRepublic_3rdTier;Engine v1.3 | Squadra alta: Ceske Budejovice (3ª), squadra bassa: Aritma Prague (31ª) | GF alta: 3.00/gara | GS bassa: 3.83/gara | Profilo ultime 10: 0.76 | Real over index: 0.67;22.0;20.0;;;20.0;7.57;6.67;;;;1.3.0
2026-09-19;CzechRepublic_4Liga_GroupC;Usti nad Orlici;Svitavy;88.27;ALTA;7;2026-09-19;CzechRepublic_4Liga_GroupC;CzechRepublic_4Liga_GroupC;CzechRepublic_4Liga;Engine v1.3 | Squadra alta: Usti nad Orlici (16ª), squadra bassa: Svitavy (81ª) | GF alta: 2.67/gara | GS bassa: 2.33/gara | Profilo ultime 10: 0.76 | Real over index: 0.75;22.0;20.0;;;20.0;7.63;7.5;;;;1.3.0
2026-09-19;Sweden_Allsvenskan;Orgryte;Sirius;88.16;ALTA;29;2026-09-19;Sweden_Allsvenskan;Sweden_Allsvenskan;;Engine v1.3 | Squadra alta: Sirius (1ª), squadra bassa: Orgryte (15ª) | GF alta: 2.38/gara | GS bassa: 2.24/gara | Profilo ultime 10: 0.77 | Real over index: 0.55;21.49;19.84;;;20.0;7.74;5.5;;;;1.3.0
2026-09-19;Germany_Bundesliga;Stoccarda;Dortmund;87.41;IMM-ALTA-6;4;2026-09-19;Germany_Bundesliga;Germany_Bundesliga;;Engine v1.3 | Squadra alta: Dortmund (2ª), squadra bassa: Stoccarda (14ª) | GF alta: 2.67/gara | GS bassa: 2.67/gara | Profilo ultime 10: 0.88 | Real over index: 0.83;19.74;20.0;;;20.0;8.75;8.33;;;;1.3.0
2026-09-19;Austria_Oberosterreich;St. Martin im Muhlreis;Friedburg;87.16;ALTA;10;2026-09-19;Austria_Oberosterreich;Austria_Oberosterreich;;Engine v1.3 | Squadra alta: Friedburg (2ª), squadra bassa: St. Martin im Muhlreis (16ª) | GF alta: 2.25/gara | GS bassa: 2.57/gara | Profilo ultime 10: 0.78 | Real over index: 0.80;21.49;18.75;;;20.0;7.83;8.04;;;;1.3.0
2026-09-19;Switzerland_SuperLeague;Sion;Zurigo;86.85;ALTA;10;2026-09-19;Switzerland_SuperLeague;Switzerland_SuperLeague;;Engine v1.3 | Squadra alta: Sion (2ª), squadra bassa: Zurigo (7ª) | GF alta: 2.75/gara | GS bassa: 2.38/gara | Profilo ultime 10: 0.98 | Real over index: 1.00;13.03;20.0;;;20.0;9.81;10.0;;;;1.3.0
2026-09-19;CzechRepublic_4Liga_GroupC;Vysoke Myto;Slavia HK;86.58;ALTA;7;2026-09-19;CzechRepublic_4Liga_GroupC;CzechRepublic_4Liga_GroupC;CzechRepublic_4Liga;Engine v1.3 | Squadra alta: Vysoke Myto (13ª), squadra bassa: Slavia HK (53ª) | GF alta: 2.83/gara | GS bassa: 1.60/gara | Profilo ultime 10: 0.87 | Real over index: 0.73;22.0;20.0;;;14.55;8.7;7.33;;;;1.3.0
2026-09-19;Sweden_Division2_SodraGotaland;IFK Berga;IFK Karlshamn;86.52;ALTA;27;2026-09-19;Sweden_Division2_SodraGotaland;Sweden_Division2_SodraGotaland;;Engine v1.3 | Squadra alta: IFK Berga (4ª), squadra bassa: IFK Karlshamn (14ª) | GF alta: 2.13/gara | GS bassa: 2.41/gara | Profilo ultime 10: 0.92 | Real over index: 0.95;16.44;17.75;;;20.0;9.2;9.5;;;;1.3.0
2026-09-19;Germany_Oberliga_Bayern_Sud;Pipinsried;Kirchanschoring;86.49;ALTA;12;2026-09-19;Germany_Oberliga_Bayern_Sud;Germany_Oberliga_Bayern_Sud;;Engine v1.3 | Squadra alta: Pipinsried (1ª), squadra bassa: Kirchanschoring (15ª) | GF alta: 2.90/gara | GS bassa: 1.90/gara | Profilo ultime 10: 0.85 | Real over index: 0.80;18.73;20.0;;;17.27;8.48;8.0;;;;1.3.0
2026-09-19;England_Championship;Millwall;West Ham;86.46;ALTA;9;2026-09-19;England_Championship;England_Championship;;Engine v1.3 | Squadra alta: West Ham (1ª), squadra bassa: Millwall (16ª) | GF alta: 3.17/gara | GS bassa: 2.17/gara | Profilo ultime 10: 0.90 | Real over index: 0.83;16.14;20.0;;;19.7;9.0;8.33;;;;1.3.0
2026-09-19;Norway_2ndDivision_Group2;Follo;Eidsvold;86.22;ALTA;25;2026-09-19;Norway_2ndDivision_Group2;Norway_2ndDivision_Group2;;Engine v1.3 | Squadra alta: Eidsvold (1ª), squadra bassa: Follo (12ª) | GF alta: 2.33/gara | GS bassa: 2.21/gara | Profilo ultime 10: 0.76 | Real over index: 0.70;20.82;19.44;;;20.0;7.6;7.0;;;;1.3.0
2026-09-19;CzechRepublic_4Liga_GroupD;Kurim;Zdirec n. D.;85.46;ALTA;7;2026-09-19;CzechRepublic_4Liga_GroupD;CzechRepublic_4Liga_GroupD;CzechRepublic_4Liga;Engine v1.3 | Squadra alta: Kurim (29ª), squadra bassa: Zdirec n. D. (72ª) | GF alta: 2.33/gara | GS bassa: 1.67/gara | Profilo ultime 10: 0.82 | Real over index: 0.67;22.0;19.44;;;15.15;8.19;6.67;;;;1.3.0
2026-09-19;CzechRepublic_4Liga_GroupE;Slavicin;Kromeriz B;85.46;ALTA;7;2026-09-19;CzechRepublic_4Liga_GroupE;CzechRepublic_4Liga_GroupE;CzechRepublic_4Liga;Engine v1.3 | Squadra alta: Slavicin (42ª), squadra bassa: Kromeriz B (77ª) | GF alta: 2.00/gara | GS bassa: 2.00/gara | Profilo ultime 10: 0.83 | Real over index: 0.75;22.0;16.67;;;18.18;8.28;7.5;;;;1.3.0
2026-09-19;Estonia_EsiliigaB;Tallinna Kalev U21;Narva U21;85.45;ALTA;30;2026-09-19;Estonia_EsiliigaB;Estonia_EsiliigaB;;Engine v1.3 | Squadra alta: Narva U21 (1ª), squadra bassa: Tallinna Kalev U21 (9ª) | GF alta: 2.39/gara | GS bassa: 2.50/gara | Profilo ultime 10: 0.81 | Real over index: 0.65;17.4;19.94;;;20.0;8.07;6.5;;;;1.3.0
2026-09-19;Germany_Oberliga_Bayern_Sud;Schalding;Landshut;85.33;ALTA;12;2026-09-19;Germany_Oberliga_Bayern_Sud;Germany_Oberliga_Bayern_Sud;;Engine v1.3 | Squadra alta: Landshut (2ª), squadra bassa: Schalding (18ª) | GF alta: 2.10/gara | GS bassa: 3.00/gara | Profilo ultime 10: 0.78 | Real over index: 0.60;20.59;17.5;;;20.0;7.78;6.0;;;;1.3.0
2026-09-19;Poland_IIILiga_Group2;Unia Swarzedz;Luzino;85.25;ALTA;9;2026-09-19;Poland_IIILiga_Group2;Poland_IIILiga_Group2;;Engine v1.3 | Squadra alta: Luzino (2ª), squadra bassa: Unia Swarzedz (14ª) | GF alta: 3.12/gara | GS bassa: 2.00/gara | Profilo ultime 10: 0.80 | Real over index: 0.69;19.16;20.0;;;18.18;7.98;6.88;;;;1.3.0
2026-09-19;CzechRepublic_3CFL_GroupA;Kraluv Dvur;Povltavska FA;85.12;ALTA;9;2026-09-19;CzechRepublic_3CFL_GroupA;CzechRepublic_3CFL_GroupA;CzechRepublic_3rdTier;Engine v1.3 | Squadra alta: Kraluv Dvur (4ª), squadra bassa: Povltavska FA (29ª) | GF alta: 2.50/gara | GS bassa: 2.00/gara | Profilo ultime 10: 0.73 | Real over index: 0.72;22.0;20.0;;;18.18;7.27;7.17;;;;1.3.0
2026-09-19;Indonesia_SuperLeague;PSM Makassar;Persita;84.97;IMM-ALTA-4;4;2026-09-19;Indonesia_SuperLeague;Indonesia_SuperLeague;;Engine v1.3 | Squadra alta: Persita (6ª), squadra bassa: PSM Makassar (14ª) | GF alta: 2.00/gara | GS bassa: 3.00/gara | Profilo ultime 10: 0.89 | Real over index: 0.75;17.92;16.67;;;20.0;8.88;7.5;;;;1.3.0
2026-09-19;Norway_3rdDivision_Group1;Ullern;Vaalerenga IF 2;84.66;ALTA;24;2026-09-19;Norway_3rdDivision_Group1;Norway_3rdDivision_Group1;;Engine v1.3 | Squadra alta: Vaalerenga IF 2 (4ª), squadra bassa: Ullern (10ª) | GF alta: 2.38/gara | GS bassa: 2.75/gara | Profilo ultime 10: 1.00 | Real over index: 1.00;10.82;19.84;;;20.0;10.0;10.0;;;;1.3.0
2026-09-19;Denmark_3rdDivision;Sundby;Holstebro;84.65;ALTA;8;2026-09-19;Denmark_3rdDivision;Denmark_3rdDivision;;Engine v1.3 | Squadra alta: Holstebro (5ª), squadra bassa: Sundby (10ª) | GF alta: 2.14/gara | GS bassa: 2.14/gara | Profilo ultime 10: 0.90 | Real over index: 0.86;15.76;17.86;;;19.48;8.99;8.57;;;;1.3.0
2026-09-19;Austria_Karnten;SGA Sirnitz;KAC 1909;84.63;ALTA;10;2026-09-19;Austria_Karnten;Austria_Karnten;;Engine v1.3 | Squadra alta: KAC 1909 (1ª), squadra bassa: SGA Sirnitz (13ª) | GF alta: 2.86/gara | GS bassa: 3.00/gara | Profilo ultime 10: 0.82 | Real over index: 0.71;19.16;20.0;;;20.0;8.25;7.14;;;;1.3.0
2026-09-19;Norway_3rdDivision_Group6;Fram;Rade;84.34;ALTA;21;2026-09-19;Norway_3rdDivision_Group6;Norway_3rdDivision_Group6;;Engine v1.3 | Squadra alta: Rade (3ª), squadra bassa: Fram (12ª) | GF alta: 3.58/gara | GS bassa: 2.26/gara | Profilo ultime 10: 0.90 | Real over index: 0.75;13.86;20.0;;;20.0;8.97;7.5;;;;1.3.0
2026-09-19;Germany_Oberliga_RheinlandPfalzSaar;Pirmasens;Cosmos Koblenz;84.2;ALTA;12;2026-09-19;Germany_Oberliga_RheinlandPfalzSaar;Germany_Oberliga_RheinlandPfalzSaar;;Engine v1.3 | Squadra alta: Pirmasens (3ª), squadra bassa: Cosmos Koblenz (15ª) | GF alta: 2.75/gara | GS bassa: 1.88/gara | Profilo ultime 10: 0.94 | Real over index: 0.88;14.97;20.0;;;17.05;9.44;8.75;;;;1.3.0
2026-09-19;Norway_Eliteserien;Molde;Aalesund;83.86;ALTA;29;2026-09-19;Norway_Eliteserien;Norway_Eliteserien;;Engine v1.3 | Squadra alta: Molde (3ª), squadra bassa: Aalesund (15ª) | GF alta: 2.15/gara | GS bassa: 2.25/gara | Profilo ultime 10: 0.92 | Real over index: 0.80;14.74;17.92;;;20.0;9.2;8.0;;;;1.3.0
2026-09-19;NorthernIreland_NIFLChampionship;Rathfriland;Queens Univ.;83.75;ALTA;8;2026-09-19;NorthernIreland_NIFLChampionship;NorthernIreland_NIFLChampionship;;Engine v1.3 | Squadra alta: Queens Univ. (2ª), squadra bassa: Rathfriland (16ª) | GF alta: 2.57/gara | GS bassa: 2.71/gara | Profilo ultime 10: 0.71 | Real over index: 0.71;21.49;20.0;;;20.0;7.11;7.14;;;;1.3.0
2026-09-19;Netherlands_Eredivisie;Willem 2;Sittard;83.65;ALTA;8;2026-09-19;Netherlands_Eredivisie;Netherlands_Eredivisie;;Engine v1.3 | Squadra alta: Sittard (7ª), squadra bassa: Willem 2 (17ª) | GF alta: 2.00/gara | GS bassa: 3.17/gara | Profilo ultime 10: 0.86 | Real over index: 0.83;17.24;16.67;;;20.0;8.57;8.33;;;;1.3.0
2026-09-19;Germany_Bundesliga;Francoforte;Friburgo;83.64;IMM-ALTA-6;4;2026-09-19;Germany_Bundesliga;Germany_Bundesliga;;Engine v1.3 | Squadra alta: Friburgo (1ª), squadra bassa: Francoforte (9ª) | GF alta: 3.33/gara | GS bassa: 2.67/gara | Profilo ultime 10: 0.86 | Real over index: 0.83;17.92;20.0;;;20.0;8.58;8.33;;;;1.3.0
2026-09-19;Peru_Liga1_Clausura;FC Cajamarca;Cusco;83.55;ALTA;10;2026-09-19;Peru_Liga1_Clausura;Peru_Liga1_Clausura;;Engine v1.3 | Squadra alta: Cusco (1ª), squadra bassa: FC Cajamarca (12ª) | GF alta: 2.38/gara | GS bassa: 2.50/gara | Profilo ultime 10: 0.87 | Real over index: 0.75;14.52;19.79;;;20.0;8.69;7.5;;;;1.3.0
2026-09-19;CzechRepublic_4Liga_GroupD;Bedrichov;Pelhrimov;83.15;ALTA;7;2026-09-19;CzechRepublic_4Liga_GroupD;CzechRepublic_4Liga_GroupD;CzechRepublic_4Liga;Engine v1.3 | Squadra alta: Pelhrimov (47ª), squadra bassa: Bedrichov (87ª) | GF alta: 1.83/gara | GS bassa: 2.83/gara | Profilo ultime 10: 0.75 | Real over index: 0.75;22.0;15.28;;;20.0;7.48;7.5;;;;1.3.0
2026-09-19;Germany_Oberliga_RheinlandPfalzSaar;RW Wittlich;Eisbachtal;83.13;ALTA;12;2026-09-19;Germany_Oberliga_RheinlandPfalzSaar;Germany_Oberliga_RheinlandPfalzSaar;;Engine v1.3 | Squadra alta: RW Wittlich (11ª), squadra bassa: Eisbachtal (18ª) | GF alta: 3.00/gara | GS bassa: 3.25/gara | Profilo ultime 10: 0.78 | Real over index: 0.87;17.47;20.0;;;20.0;7.81;8.66;;;;1.3.0
2026-09-19;CzechRepublic_4Liga_GroupA;Horovice;Nyrsko;82.75;ALTA;7;2026-09-19;CzechRepublic_4Liga_GroupA;CzechRepublic_4Liga_GroupA;CzechRepublic_4Liga;Engine v1.3 | Squadra alta: Horovice (37ª), squadra bassa: Nyrsko (91ª) | GF alta: 1.50/gara | GS bassa: 3.20/gara | Profilo ultime 10: 0.81 | Real over index: 0.73;22.0;12.5;;;20.0;8.08;7.33;;;;1.3.0
2026-09-19;Poland_IIILiga_Group2;Elana Torun;Lech 2;82.73;ALTA;9;2026-09-19;Poland_IIILiga_Group2;Poland_IIILiga_Group2;;Engine v1.3 | Squadra alta: Lech 2 (6ª), squadra bassa: Elana Torun (16ª) | GF alta: 2.12/gara | GS bassa: 2.38/gara | Profilo ultime 10: 0.87 | Real over index: 0.75;14.78;17.71;;;20.0;8.75;7.5;;;;1.3.0
2026-09-19;Sweden_Division2_SodraSvealand;Forward;Lindo FF;82.64;ALTA;22;2026-09-19;Sweden_Division2_SodraSvealand;Sweden_Division2_SodraSvealand;;Engine v1.3 | Squadra alta: Forward (4ª), squadra bassa: Lindo FF (13ª) | GF alta: 2.48/gara | GS bassa: 1.95/gara | Profilo ultime 10: 0.86 | Real over index: 0.70;15.32;20.0;;;17.75;8.57;7.0;;;;1.3.0
2026-09-19;Norway_2ndDivision_Group1;Brattvag;Eik-Tonsberg;82.31;ALTA;21;2026-09-19;Norway_2ndDivision_Group1;Norway_2ndDivision_Group1;;Engine v1.3 | Squadra alta: Brattvag (4ª), squadra bassa: Eik-Tonsberg (13ª) | GF alta: 2.00/gara | GS bassa: 2.32/gara | Profilo ultime 10: 0.79 | Real over index: 0.55;19.63;16.67;;;20.0;7.85;5.5;;;;1.3.0
2026-09-19;Germany_Oberliga_Bayern_Nord;Neumarkt;Wurzburger FV;82.06;ALTA;15;2026-09-19;Germany_Oberliga_Bayern_Nord;Germany_Oberliga_Bayern_Nord;;Engine v1.3 | Squadra alta: Wurzburger FV (4ª), squadra bassa: Neumarkt (17ª) | GF alta: 2.10/gara | GS bassa: 2.11/gara | Profilo ultime 10: 0.76 | Real over index: 0.63;18.71;17.5;;;19.19;7.55;6.28;;;;1.3.0
2026-09-19;Germany_Oberliga_Bremen;Union 60 Bremen;OSC Bremerhaven;81.88;ALTA;7;2026-09-19;Germany_Oberliga_Bremen;Germany_Oberliga_Bremen;;Engine v1.3 | Squadra alta: OSC Bremerhaven (2ª), squadra bassa: Union 60 Bremen (8ª) | GF alta: 4.67/gara | GS bassa: 2.33/gara | Profilo ultime 10: 0.88 | Real over index: 0.83;14.2;20.0;;;20.0;8.75;8.33;;;;1.3.0
2026-09-19;Germany_Oberliga_Bremen;Woltmershausen;Aumund-Vegesack;81.84;ALTA;7;2026-09-19;Germany_Oberliga_Bremen;Germany_Oberliga_Bremen;;Engine v1.3 | Squadra alta: Aumund-Vegesack (6ª), squadra bassa: Woltmershausen (12ª) | GF alta: 2.33/gara | GS bassa: 3.50/gara | Profilo ultime 10: 0.90 | Real over index: 0.83;11.02;19.44;;;20.0;9.04;8.33;;;;1.3.0
2026-09-19;Norway_3rdDivision_Group1;Frigg;Konnerud;81.83;ALTA;24;2026-09-19;Norway_3rdDivision_Group1;Norway_3rdDivision_Group1;;Engine v1.3 | Squadra alta: Frigg (7ª), squadra bassa: Konnerud (13ª) | GF alta: 2.50/gara | GS bassa: 2.60/gara | Profilo ultime 10: 0.90 | Real over index: 0.80;10.81;20.0;;;20.0;9.02;8.0;;;;1.3.0
2026-09-19;Poland_IIILiga_Group1;Weszlo;Elblag;81.82;ALTA;9;2026-09-19;Poland_IIILiga_Group1;Poland_IIILiga_Group1;;Engine v1.3 | Squadra alta: Weszlo (1ª), squadra bassa: Elblag (13ª) | GF alta: 2.50/gara | GS bassa: 2.00/gara | Profilo ultime 10: 0.79 | Real over index: 0.62;19.16;20.0;;;18.18;7.86;6.25;;;;1.3.0
2026-09-19;Switzerland_PromotionLeague;Basilea 2;Bulle;81.74;ALTA;10;2026-09-19;Switzerland_PromotionLeague;Switzerland_PromotionLeague;;Engine v1.3 | Squadra alta: Bulle (2ª), squadra bassa: Basilea 2 (11ª) | GF alta: 2.29/gara | GS bassa: 2.14/gara | Profilo ultime 10: 0.95 | Real over index: 0.93;10.46;19.05;;;19.48;9.46;9.29;;;;1.3.0
2026-09-19;Poland_Division2;Legia 2;Podhale Nowy Targ;81.73;ALTA;9;2026-09-19;Poland_Division2;Poland_Division2;;Engine v1.3 | Squadra alta: Podhale Nowy Targ (7ª), squadra bassa: Legia 2 (15ª) | GF alta: 2.25/gara | GS bassa: 2.12/gara | Profilo ultime 10: 0.90 | Real over index: 0.75;13.16;18.75;;;19.32;9.0;7.5;;;;1.3.0
2026-09-19;Belgium_ChallengerProLeague;Eupen;RFC Liege;81.33;IMM-ALTA-8;6;2026-09-19;Belgium_ChallengerProLeague;Belgium_ChallengerProLeague;;Engine v1.3 | Squadra alta: Eupen (2ª), squadra bassa: RFC Liege (8ª) | GF alta: 2.33/gara | GS bassa: 2.00/gara | Profilo ultime 10: 0.84 | Real over index: 0.73;17.38;19.44;;;18.18;8.4;7.33;;;;1.3.0
2026-09-19;Austria_Salzburg;Union Henndorf;USK Anif;81.3;ALTA;10;2026-09-19;Austria_Salzburg;Austria_Salzburg;;Engine v1.3 | Squadra alta: USK Anif (6ª), squadra bassa: Union Henndorf (11ª) | GF alta: 2.43/gara | GS bassa: 2.71/gara | Profilo ultime 10: 0.94 | Real over index: 0.86;9.38;20.0;;;20.0;9.36;8.57;;;;1.3.0
2026-09-19;Poland_Ekstraklasa;Motor Lublin;Gornik Zabrze;81.3;ALTA;11;2026-09-19;Poland_Ekstraklasa;Poland_Ekstraklasa;;Engine v1.3 | Squadra alta: Gornik Zabrze (1ª), squadra bassa: Motor Lublin (16ª) | GF alta: 2.00/gara | GS bassa: 1.88/gara | Profilo ultime 10: 0.77 | Real over index: 0.69;21.09;16.67;;;17.05;7.68;6.88;;;;1.3.0
2026-09-19;Poland_IIILiga_Group2;Notec Czarnkow;Sroda;81.09;ALTA;9;2026-09-19;Poland_IIILiga_Group2;Poland_IIILiga_Group2;;Engine v1.3 | Squadra alta: Sroda (1ª), squadra bassa: Notec Czarnkow (9ª) | GF alta: 3.38/gara | GS bassa: 1.62/gara | Profilo ultime 10: 0.90 | Real over index: 0.81;15.16;20.0;;;14.77;9.03;8.12;;;;1.3.0
2026-09-19;Germany_Bundesliga;Monchengladbach;Magonza;81.08;IMM-ALTA-6;4;2026-09-19;Germany_Bundesliga;Germany_Bundesliga;;Engine v1.3 | Squadra alta: Magonza (8ª), squadra bassa: Monchengladbach (17ª) | GF alta: 2.00/gara | GS bassa: 4.00/gara | Profilo ultime 10: 0.81 | Real over index: 0.83;16.79;16.67;;;20.0;8.07;8.33;;;;1.3.0
2026-09-19;Austria_Regionalliga_South;Hartberg (Am);Tillmitsch;80.88;ALTA;9;2026-09-19;Austria_Regionalliga_South;Austria_Regionalliga_South;;Engine v1.3 | Squadra alta: Tillmitsch (10ª), squadra bassa: Hartberg (Am) (16ª) | GF alta: 2.50/gara | GS bassa: 2.67/gara | Profilo ultime 10: 0.81 | Real over index: 0.83;13.55;20.0;;;20.0;8.1;8.33;;;;1.3.0
2026-09-19;CzechRepublic_4Liga_GroupF;Novy Jicin;Bilovec;80.8;ALTA;7;2026-09-19;CzechRepublic_4Liga_GroupF;CzechRepublic_4Liga_GroupF;CzechRepublic_4Liga;Engine v1.3 | Squadra alta: Novy Jicin (36ª), squadra bassa: Bilovec (78ª) | GF alta: 2.00/gara | GS bassa: 2.00/gara | Profilo ultime 10: 0.72 | Real over index: 0.58;22.0;16.67;;;18.18;7.23;5.83;;;;1.3.0
2026-09-19;Latvia_NakotnesLiga;Leevon PPK;RFS 2;80.79;ALTA;22;2026-09-19;Latvia_NakotnesLiga;Latvia_NakotnesLiga;;Engine v1.3 | Squadra alta: Leevon PPK (4ª), squadra bassa: RFS 2 (10ª) | GF alta: 1.74/gara | GS bassa: 2.80/gara | Profilo ultime 10: 0.88 | Real over index: 0.75;16.47;14.47;;;20.0;8.82;7.5;;;;1.3.0
2026-09-19;Scotland_Premiership;Kilmarnock;Hearts;80.69;ALTA;8;2026-09-19;Scotland_Premiership;Scotland_Premiership;;Engine v1.3 | Squadra alta: Hearts (3ª), squadra bassa: Kilmarnock (12ª) | GF alta: 2.17/gara | GS bassa: 2.33/gara | Profilo ultime 10: 0.76 | Real over index: 0.75;16.36;18.06;;;20.0;7.63;7.5;;;;1.3.0
2026-09-19;Romania_Liga2;Unirea Slobozia;Chindia Targoviste;80.62;ALTA;8;2026-09-19;Romania_Liga2;Romania_Liga2;;Engine v1.3 | Squadra alta: Chindia Targoviste (4ª), squadra bassa: Unirea Slobozia (19ª) | GF alta: 2.29/gara | GS bassa: 1.67/gara | Profilo ultime 10: 0.86 | Real over index: 0.76;17.08;19.05;;;15.15;8.57;7.62;;;;1.3.0
2026-09-19;Germany_Oberliga_BadenWurttemberg;Normannia Gmund;FC Holzhausen;80.58;ALTA;10;2026-09-19;Germany_Oberliga_BadenWurttemberg;Germany_Oberliga_BadenWurttemberg;;Engine v1.3 | Squadra alta: FC Holzhausen (8ª), squadra bassa: Normannia Gmund (18ª) | GF alta: 1.86/gara | GS bassa: 3.29/gara | Profilo ultime 10: 0.79 | Real over index: 0.79;18.15;15.48;;;20.0;7.93;7.86;;;;1.3.0
2026-09-19;Poland_IIILiga_Group2;Blekitni Stargard;Wrzesnia;80.54;ALTA;9;2026-09-19;Poland_IIILiga_Group2;Poland_IIILiga_Group2;;Engine v1.3 | Squadra alta: Blekitni Stargard (8ª), squadra bassa: Wrzesnia (17ª) | GF alta: 2.25/gara | GS bassa: 2.62/gara | Profilo ultime 10: 0.82 | Real over index: 0.69;13.18;18.75;;;20.0;8.18;6.88;;;;1.3.0
2026-09-19;Germany_Bundesliga;Brema;Augusta;80.52;IMM-ALTA-6;4;2026-09-19;Germany_Bundesliga;Germany_Bundesliga;;Engine v1.3 | Squadra alta: Augusta (3ª), squadra bassa: Brema (10ª) | GF alta: 3.00/gara | GS bassa: 2.00/gara | Profilo ultime 10: 0.89 | Real over index: 0.83;12.7;20.0;;;18.18;8.92;8.33;;;;1.3.0
2026-09-19;Germany_Oberliga_Bayern_Sud;Geretsried;TSV 1880 Wasserburg;80.46;ALTA;12;2026-09-19;Germany_Oberliga_Bayern_Sud;Germany_Oberliga_Bayern_Sud;;Engine v1.3 | Squadra alta: TSV 1880 Wasserburg (4ª), squadra bassa: Geretsried (17ª) | GF alta: 2.20/gara | GS bassa: 2.20/gara | Profilo ultime 10: 0.82 | Real over index: 0.70;13.51;18.33;;;20.0;8.2;7.0;;;;1.3.0
2026-09-19;Sweden_Division2_VastraGotaland;Hestrafors;Kongahalla;80.38;ALTA;24;2026-09-19;Sweden_Division2_VastraGotaland;Sweden_Division2_VastraGotaland;;Engine v1.3 | Squadra alta: Hestrafors (3ª), squadra bassa: Kongahalla (12ª) | GF alta: 2.19/gara | GS bassa: 1.90/gara | Profilo ultime 10: 0.89 | Real over index: 0.80;13.96;18.25;;;17.32;8.85;8.0;;;;1.3.0
2026-09-19;Poland_IIILiga_Group1;Jagiellonia 2;LKS Lodz 2;80.29;ALTA;9;2026-09-19;Poland_IIILiga_Group1;Poland_IIILiga_Group1;;Engine v1.3 | Squadra alta: Jagiellonia 2 (4ª), squadra bassa: LKS Lodz 2 (14ª) | GF alta: 2.38/gara | GS bassa: 2.00/gara | Profilo ultime 10: 0.85 | Real over index: 0.62;13.59;19.79;;;18.18;8.48;6.25;;;;1.3.0
2026-09-19;Germany_Oberliga_SchleswigHolstein;Flensburg;Lubeck 2;80.14;ALTA;9;2026-09-19;Germany_Oberliga_SchleswigHolstein;Germany_Oberliga_SchleswigHolstein;;Engine v1.3 | Squadra alta: Flensburg (5ª), squadra bassa: Lubeck 2 (13ª) | GF alta: 2.62/gara | GS bassa: 2.75/gara | Profilo ultime 10: 0.91 | Real over index: 0.81;8.87;20.0;;;20.0;9.14;8.12;;;;1.3.0
2026-09-19;Austria_Tirol;Kematen;SV Oberperfuss;80.08;ALTA;9;2026-09-19;Austria_Tirol;Austria_Tirol;;Engine v1.3 | Squadra alta: Kematen (6ª), squadra bassa: SV Oberperfuss (13ª) | GF alta: 2.43/gara | GS bassa: 2.29/gara | Profilo ultime 10: 0.86 | Real over index: 0.64;11.01;20.0;;;20.0;8.64;6.43;;;;1.3.0
2026-09-19;Norway_2ndDivision_Group2;Rana FK;Honefoss;80.02;ALTA;25;2026-09-19;Norway_2ndDivision_Group2;Norway_2ndDivision_Group2;;Engine v1.3 | Squadra alta: Honefoss (4ª), squadra bassa: Rana FK (9ª) | GF alta: 2.63/gara | GS bassa: 1.95/gara | Profilo ultime 10: 0.93 | Real over index: 0.85;10.49;20.0;;;17.7;9.32;8.5;;;;1.3.0
2026-09-19;Bhutan_PremierLeague;BFF Academy U19;Thimphu City;79.98;ALTA;17;2026-09-19;Bhutan_PremierLeague;Bhutan_PremierLeague;;Engine v1.3 | Squadra alta: Thimphu City (2ª), squadra bassa: BFF Academy U19 (6ª) | GF alta: 2.87/gara | GS bassa: 2.33/gara | Profilo ultime 10: 0.86 | Real over index: 0.75;12.96;20.0;;;20.0;8.57;7.5;;;;1.3.0
2026-09-19;Germany_Regionalliga_Nord;Drochtersen/Assel;St. Pauli 2;79.94;ALTA;11;2026-09-19;Germany_Regionalliga_Nord;Germany_Regionalliga_Nord;;Engine v1.3 | Squadra alta: Drochtersen/Assel (5ª), squadra bassa: St. Pauli 2 (9ª) | GF alta: 3.22/gara | GS bassa: 2.00/gara | Profilo ultime 10: 0.91 | Real over index: 0.83;10.29;20.0;;;18.18;9.14;8.33;;;;1.3.0
2026-09-19;Germany_3Liga;Hoffenheim 2;Meppen;79.84;ALTA;8;2026-09-19;Germany_3Liga;Germany_3Liga;;Engine v1.3 | Squadra alta: Hoffenheim 2 (7ª), squadra bassa: Meppen (17ª) | GF alta: 2.17/gara | GS bassa: 2.43/gara | Profilo ultime 10: 0.84 | Real over index: 0.76;11.77;18.06;;;20.0;8.39;7.62;;;;1.3.0
2026-09-19;Norway_3rdDivision_Group5;Skjervoy;Skedsmo;79.65;ALTA;22;2026-09-19;Norway_3rdDivision_Group5;Norway_3rdDivision_Group5;;Engine v1.3 | Squadra alta: Skedsmo (1ª), squadra bassa: Skjervoy (9ª) | GF alta: 2.16/gara | GS bassa: 2.47/gara | Profilo ultime 10: 0.81 | Real over index: 0.60;13.77;17.98;;;20.0;8.1;6.0;;;;1.3.0
2026-09-19;Norway_3rdDivision_Group6;Elverum;Raelingen;79.42;ALTA;21;2026-09-19;Norway_3rdDivision_Group6;Norway_3rdDivision_Group6;;Engine v1.3 | Squadra alta: Elverum (2ª), squadra bassa: Raelingen (8ª) | GF alta: 2.60/gara | GS bassa: 2.37/gara | Profilo ultime 10: 0.89 | Real over index: 0.75;9.05;20.0;;;20.0;8.88;7.5;;;;1.3.0
2026-09-19;Sweden_Division2_NorraSvealand;Bollstanas;Skiljebo;79.34;ALTA;23;2026-09-19;Sweden_Division2_NorraSvealand;Sweden_Division2_NorraSvealand;;Engine v1.3 | Squadra alta: Skiljebo (1ª), squadra bassa: Bollstanas (8ª) | GF alta: 2.35/gara | GS bassa: 1.81/gara | Profilo ultime 10: 0.89 | Real over index: 0.85;12.57;19.57;;;16.45;8.93;8.5;;;;1.3.0
2026-09-19;CzechRepublic_4Liga_GroupD;Chotebor;Znojmo;79.29;ALTA;7;2026-09-19;CzechRepublic_4Liga_GroupD;CzechRepublic_4Liga_GroupD;CzechRepublic_4Liga;Engine v1.3 | Squadra alta: Znojmo (12ª), squadra bassa: Chotebor (74ª) | GF alta: 2.33/gara | GS bassa: 2.33/gara | Profilo ultime 10: 0.61 | Real over index: 0.42;22.0;19.44;;;20.0;6.13;4.17;;;;1.3.0
2026-09-19;Germany_Oberliga_Hessen;VfB Marburg;Hummetroth;79.22;ALTA;11;2026-09-19;Germany_Oberliga_Hessen;Germany_Oberliga_Hessen;;Engine v1.3 | Squadra alta: VfB Marburg (5ª), squadra bassa: Hummetroth (18ª) | GF alta: 1.56/gara | GS bassa: 2.44/gara | Profilo ultime 10: 0.80 | Real over index: 0.61;18.6;12.96;;;20.0;7.97;6.11;;;;1.3.0
2026-09-19;Sweden_Division2_Norrland;Gottne;Kubikenborgs IF;79.19;ALTA;26;2026-09-19;Sweden_Division2_Norrland;Sweden_Division2_Norrland;;Engine v1.3 | Squadra alta: Kubikenborgs IF (2ª), squadra bassa: Gottne (7ª) | GF alta: 2.29/gara | GS bassa: 2.14/gara | Profilo ultime 10: 0.83 | Real over index: 0.75;11.05;19.05;;;19.42;8.25;7.5;;;;1.3.0
2026-09-19;Austria_Salzburg;Seekirchen U21;USV 1960 Berndorf;79.18;ALTA;10;2026-09-19;Austria_Salzburg;Austria_Salzburg;;Engine v1.3 | Squadra alta: Seekirchen U21 (5ª), squadra bassa: USV 1960 Berndorf (10ª) | GF alta: 2.14/gara | GS bassa: 2.14/gara | Profilo ultime 10: 0.92 | Real over index: 0.79;10.74;17.86;;;19.48;9.25;7.86;;;;1.3.0
2026-09-19;Japan_J1League;Avispa Fukuoka;Hiroshima;79.14;ALTA;7;2026-09-19;Japan_J1League;Japan_J1League;;Engine v1.3 | Squadra alta: Hiroshima (4ª), squadra bassa: Avispa Fukuoka (18ª) | GF alta: 2.71/gara | GS bassa: 1.57/gara | Profilo ultime 10: 0.75 | Real over index: 0.64;19.29;20.0;;;14.29;7.52;6.43;;;;1.3.0
2026-09-19;Austria_Tirol;Haiming;SC Mils 05;78.98;ALTA;9;2026-09-19;Austria_Tirol;Austria_Tirol;;Engine v1.3 | Squadra alta: Haiming (1ª), squadra bassa: SC Mils 05 (10ª) | GF alta: 3.29/gara | GS bassa: 1.86/gara | Profilo ultime 10: 0.87 | Real over index: 0.79;13.18;20.0;;;16.88;8.68;7.86;;;;1.3.0
2026-09-19;Germany_Oberliga_SchleswigHolstein;Heider SV;Kilia Kiel;78.98;ALTA;9;2026-09-19;Germany_Oberliga_SchleswigHolstein;Germany_Oberliga_SchleswigHolstein;;Engine v1.3 | Squadra alta: Kilia Kiel (3ª), squadra bassa: Heider SV (7ª) | GF alta: 2.38/gara | GS bassa: 2.62/gara | Profilo ultime 10: 0.87 | Real over index: 0.75;9.2;19.79;;;20.0;8.75;7.5;;;;1.3.0
2026-09-19;Bosnia_PrvaLiga_RS;Zvijezda 09;Leotar;78.64;ALTA;7;2026-09-19;Bosnia_PrvaLiga_RS;Bosnia_PrvaLiga_RS;;Engine v1.3 | Squadra alta: Leotar (2ª), squadra bassa: Zvijezda 09 (13ª) | GF alta: 2.20/gara | GS bassa: 2.40/gara | Profilo ultime 10: 0.67 | Real over index: 0.60;20.82;18.33;;;20.0;6.67;6.0;;;;1.3.0
2026-09-19;Austria_Karnten;Kottmannsdorf;SAK Klagenfurt;78.42;ALTA;10;2026-09-19;Austria_Karnten;Austria_Karnten;;Engine v1.3 | Squadra alta: SAK Klagenfurt (5ª), squadra bassa: Kottmannsdorf (15ª) | GF alta: 1.71/gara | GS bassa: 3.71/gara | Profilo ultime 10: 0.77 | Real over index: 0.64;18.35;14.29;;;20.0;7.74;6.43;;;;1.3.0
2026-09-19;Poland_IIILiga_Group4;Wisloka Debica;Korona 2;78.42;ALTA;8;2026-09-19;Poland_IIILiga_Group4;Poland_IIILiga_Group4;;Engine v1.3 | Squadra alta: Wisloka Debica (6ª), squadra bassa: Korona 2 (18ª) | GF alta: 1.43/gara | GS bassa: 2.86/gara | Profilo ultime 10: 0.90 | Real over index: 0.86;14.97;11.9;;;20.0;8.97;8.57;;;;1.3.0
2026-09-19;Sweden_Division2_SodraSvealand;Nacka FC;Ragsved;78.27;ALTA;22;2026-09-19;Sweden_Division2_SodraSvealand;Sweden_Division2_SodraSvealand;;Engine v1.3 | Squadra alta: Ragsved (7ª), squadra bassa: Nacka FC (14ª) | GF alta: 1.90/gara | GS bassa: 2.62/gara | Profilo ultime 10: 0.87 | Real over index: 0.65;13.23;15.87;;;20.0;8.67;6.5;;;;1.3.0
2026-09-19;CzechRepublic_3CFL_GroupB;Banik Most-Sous;Velke Hamry;78.08;ALTA;8;2026-09-19;CzechRepublic_3CFL_GroupB;CzechRepublic_3CFL_GroupB;CzechRepublic_3rdTier;Engine v1.3 | Squadra alta: Banik Most-Sous (13ª), squadra bassa: Velke Hamry (32ª) | GF alta: 2.20/gara | GS bassa: 2.67/gara | Profilo ultime 10: 0.62 | Real over index: 0.63;22.0;18.33;;;20.0;6.24;6.33;;;;1.3.0
2026-09-19;CzechRepublic_3CFL_GroupA;Motorlet Prague;Benesov;77.78;ALTA;9;2026-09-19;CzechRepublic_3CFL_GroupA;CzechRepublic_3CFL_GroupA;CzechRepublic_3rdTier;Engine v1.3 | Squadra alta: Motorlet Prague (7ª), squadra bassa: Benesov (23ª) | GF alta: 2.17/gara | GS bassa: 1.60/gara | Profilo ultime 10: 0.78 | Real over index: 0.63;17.75;18.06;;;14.55;7.82;6.33;;;;1.3.0
2026-09-19;NorthernIreland_NIFLPremiership;Coleraine;Limavady;77.77;ALTA;10;2026-09-19;NorthernIreland_NIFLPremiership;NorthernIreland_NIFLPremiership;;Engine v1.3 | Squadra alta: Coleraine (1ª), squadra bassa: Limavady (9ª) | GF alta: 2.43/gara | GS bassa: 1.67/gara | Profilo ultime 10: 0.70 | Real over index: 0.61;19.9;20.0;;;15.15;6.97;6.07;;;;1.3.0
2026-09-19;CzechRepublic_3MSFL;Hlubina;Polanka nad Odrou;77.74;ALTA;9;2026-09-19;CzechRepublic_3MSFL;CzechRepublic_3MSFL;;Engine v1.3 | Squadra alta: Hlubina (4ª), squadra bassa: Polanka nad Odrou (18ª) | GF alta: 2.75/gara | GS bassa: 1.62/gara | Profilo ultime 10: 0.68 | Real over index: 0.62;19.97;20.0;;;14.77;6.83;6.25;;;;1.3.0
2026-09-19;Paraguay_DivisionIntermedia;3 de Noviembre;Guairena;77.55;ALTA;10;2026-09-19;Paraguay_DivisionIntermedia;Paraguay_DivisionIntermedia;;Engine v1.3 | Squadra alta: 3 de Noviembre (4ª), squadra bassa: Guairena (16ª) | GF alta: 2.29/gara | GS bassa: 1.71/gara | Profilo ultime 10: 0.66 | Real over index: 0.64;20.46;19.05;;;15.58;6.6;6.43;;;;1.3.0
2026-09-19;Estonia_EsiliigaB;Johvi Phoenix;Tabasalu;77.53;ALTA;30;2026-09-19;Estonia_EsiliigaB;Estonia_EsiliigaB;;Engine v1.3 | Squadra alta: Johvi Phoenix (3ª), squadra bassa: Tabasalu (8ª) | GF alta: 2.36/gara | GS bassa: 2.52/gara | Profilo ultime 10: 0.79 | Real over index: 0.70;8.97;19.64;;;20.0;7.92;7.0;;;;1.3.0
2026-09-19;Latvia_Virsliga;Jelgava;Riga FC;77.5;ALTA;33;2026-09-19;Latvia_Virsliga;Latvia_Virsliga;;Engine v1.3 | Squadra alta: Riga FC (1ª), squadra bassa: Jelgava (7ª) | GF alta: 2.96/gara | GS bassa: 1.71/gara | Profilo ultime 10: 0.68 | Real over index: 0.55;18.41;20.0;;;15.58;6.78;5.5;;;;1.3.0
2026-09-19;NorthernIreland_NIFLChampionship;Glenavon;Newington;77.45;ALTA;8;2026-09-19;NorthernIreland_NIFLChampionship;NorthernIreland_NIFLChampionship;;Engine v1.3 | Squadra alta: Newington (1ª), squadra bassa: Glenavon (5ª) | GF alta: 2.86/gara | GS bassa: 1.71/gara | Profilo ultime 10: 0.91 | Real over index: 0.86;10.22;20.0;;;15.58;9.07;8.57;;;;1.3.0
2026-09-19;CzechRepublic_4Liga_GroupC;Vykan;Kolin;77.43;ALTA;7;2026-09-19;CzechRepublic_4Liga_GroupC;CzechRepublic_4Liga_GroupC;CzechRepublic_4Liga;Engine v1.3 | Squadra alta: Vykan (28ª), squadra bassa: Kolin (44ª) | GF alta: 2.80/gara | GS bassa: 1.67/gara | Profilo ultime 10: 0.85 | Real over index: 0.73;12.98;20.0;;;15.15;8.5;7.33;;;;1.3.0
2026-09-19;Sweden_Division2_Norrland;IFK Lulea;Lucksta;77.43;ALTA;26;2026-09-19;Sweden_Division2_Norrland;Sweden_Division2_Norrland;;Engine v1.3 | Squadra alta: IFK Lulea (3ª), squadra bassa: Lucksta (8ª) | GF alta: 2.18/gara | GS bassa: 2.18/gara | Profilo ultime 10: 0.81 | Real over index: 0.65;11.01;18.18;;;19.83;8.05;6.5;;;;1.3.0
2026-09-19;Germany_Regionalliga_Nord;Hannover 2;Todesfelde;77.38;ALTA;11;2026-09-19;Germany_Regionalliga_Nord;Germany_Regionalliga_Nord;;Engine v1.3 | Squadra alta: Hannover 2 (6ª), squadra bassa: Todesfelde (15ª) | GF alta: 2.00/gara | GS bassa: 3.44/gara | Profilo ultime 10: 0.86 | Real over index: 0.67;11.49;16.67;;;20.0;8.56;6.67;;;;1.3.0
2026-09-19;Germany_Regionalliga_Nordost;Altglienicke;RSV Eintracht;77.12;ALTA;11;2026-09-19;Germany_Regionalliga_Nordost;Germany_Regionalliga_Nordost;;Engine v1.3 | Squadra alta: Altglienicke (8ª), squadra bassa: RSV Eintracht (15ª) | GF alta: 1.78/gara | GS bassa: 2.44/gara | Profilo ultime 10: 0.84 | Real over index: 0.72;12.7;14.81;;;20.0;8.38;7.22;;;;1.3.0
2026-09-19;Germany_Oberliga_RheinlandPfalzSaar;Elversberg 2;Engers;76.98;ALTA;12;2026-09-19;Germany_Oberliga_RheinlandPfalzSaar;Germany_Oberliga_RheinlandPfalzSaar;;Engine v1.3 | Squadra alta: Engers (5ª), squadra bassa: Elversberg 2 (13ª) | GF alta: 2.75/gara | GS bassa: 2.14/gara | Profilo ultime 10: 0.82 | Real over index: 0.59;9.41;20.0;;;19.48;8.2;5.89;;;;1.3.0
2026-09-19;Mexico_LigaExpansionMX_Apertura;Tepatitlan de Morelos;Zacatecas Mineros;76.93;ALTA;10;2026-09-19;Mexico_LigaExpansionMX_Apertura;Mexico_LigaExpansionMX_Apertura;;Engine v1.3 | Squadra alta: Zacatecas Mineros (9ª), squadra bassa: Tepatitlan de Morelos (16ª) | GF alta: 2.12/gara | GS bassa: 3.38/gara | Profilo ultime 10: 0.77 | Real over index: 0.75;13.38;17.71;;;20.0;7.69;7.5;;;;1.3.0
2026-09-19;Austria_Regionalliga_East;Wiener Viktoria;Wienerberger;76.92;ALTA;8;2026-09-19;Austria_Regionalliga_East;Austria_Regionalliga_East;;Engine v1.3 | Squadra alta: Wiener Viktoria (7ª), squadra bassa: Wienerberger (16ª) | GF alta: 1.57/gara | GS bassa: 4.00/gara | Profilo ultime 10: 0.74 | Real over index: 0.71;18.24;13.1;;;20.0;7.36;7.14;;;;1.3.0
2026-09-19;England_LeagueOne;Bromley;Huddersfield;76.83;ALTA;8;2026-09-19;England_LeagueOne;England_LeagueOne;;Engine v1.3 | Squadra alta: Huddersfield (3ª), squadra bassa: Bromley (22ª) | GF alta: 1.80/gara | GS bassa: 3.20/gara | Profilo ultime 10: 0.71 | Real over index: 0.60;19.71;15.0;;;20.0;7.06;6.0;;;;1.3.0
2026-09-19;Germany_Oberliga_Hamburg;Altona;HEBC Hamburg;76.79;ALTA;8;2026-09-19;Germany_Oberliga_Hamburg;Germany_Oberliga_Hamburg;;Engine v1.3 | Squadra alta: Altona (10ª), squadra bassa: HEBC Hamburg (16ª) | GF alta: 2.83/gara | GS bassa: 1.86/gara | Profilo ultime 10: 0.84 | Real over index: 0.70;10.44;20.0;;;16.88;8.44;7.02;;;;1.3.0
2026-09-19;Slovakia_NikeLiga;Kosice;Ruzomberok;76.74;ALTA;9;2026-09-19;Slovakia_NikeLiga;Slovakia_NikeLiga;;Engine v1.3 | Squadra alta: Kosice (7ª), squadra bassa: Ruzomberok (11ª) | GF alta: 2.71/gara | GS bassa: 2.00/gara | Profilo ultime 10: 0.85 | Real over index: 0.81;9.1;20.0;;;18.18;8.5;8.12;;;;1.3.0
2026-09-19;Germany_Oberliga_Westfalen;ASC 09 Dortmund;Lippstadt;76.64;ALTA;7;2026-09-19;Germany_Oberliga_Westfalen;Germany_Oberliga_Westfalen;;Engine v1.3 | Squadra alta: Lippstadt (3ª), squadra bassa: ASC 09 Dortmund (14ª) | GF alta: 1.83/gara | GS bassa: 2.40/gara | Profilo ultime 10: 0.83 | Real over index: 0.65;14.2;15.28;;;20.0;8.27;6.5;;;;1.3.0
2026-09-19;Germany_Oberliga_SchleswigHolstein;Phonix Lubeck B;PSV Neumunster;76.58;ALTA;9;2026-09-19;Germany_Oberliga_SchleswigHolstein;Germany_Oberliga_SchleswigHolstein;;Engine v1.3 | Squadra alta: Phonix Lubeck B (6ª), squadra bassa: PSV Neumunster (11ª) | GF alta: 2.50/gara | GS bassa: 2.12/gara | Profilo ultime 10: 0.96 | Real over index: 0.88;4.95;20.0;;;19.32;9.56;8.75;;;;1.3.0
2026-09-19;Romania_Liga2;Steaua Bucuresti;Gloria Bistrita;76.49;ALTA;8;2026-09-19;Romania_Liga2;Romania_Liga2;;Engine v1.3 | Squadra alta: Gloria Bistrita (10ª), squadra bassa: Steaua Bucuresti (22ª) | GF alta: 1.50/gara | GS bassa: 2.33/gara | Profilo ultime 10: 0.80 | Real over index: 0.83;15.52;12.5;;;20.0;8.02;8.33;;;;1.3.0
2026-09-19;Poland_IIILiga_Group2;Grom Nowy Staw;Swinoujscie;76.35;ALTA;9;2026-09-19;Poland_IIILiga_Group2;Poland_IIILiga_Group2;;Engine v1.3 | Squadra alta: Swinoujscie (5ª), squadra bassa: Grom Nowy Staw (13ª) | GF alta: 1.88/gara | GS bassa: 3.00/gara | Profilo ultime 10: 0.85 | Real over index: 0.69;11.58;15.62;;;20.0;8.53;6.88;;;;1.3.0
2026-09-19;Germany_Oberliga_BadenWurttemberg;Reutlingen;Bahlinger;76.19;ALTA;10;2026-09-19;Germany_Oberliga_BadenWurttemberg;Germany_Oberliga_BadenWurttemberg;;Engine v1.3 | Squadra alta: Reutlingen (2ª), squadra bassa: Bahlinger (9ª) | GF alta: 2.14/gara | GS bassa: 1.71/gara | Profilo ultime 10: 0.84 | Real over index: 0.71;14.07;17.86;;;15.58;8.39;7.14;;;;1.3.0
2026-09-19;Hungary_NBII;DVTK;Gyirmot;75.95;ALTA;8;2026-09-19;Hungary_NBII;Hungary_NBII;;Engine v1.3 | Squadra alta: Gyirmot (6ª), squadra bassa: DVTK (14ª) | GF alta: 1.86/gara | GS bassa: 2.50/gara | Profilo ultime 10: 0.80 | Real over index: 0.69;12.73;15.48;;;20.0;8.0;6.9;;;;1.3.0
2026-09-19;Norway_3rdDivision_Group5;Harstad;Skjetten;75.75;ALTA;22;2026-09-19;Norway_3rdDivision_Group5;Norway_3rdDivision_Group5;;Engine v1.3 | Squadra alta: Harstad (2ª), squadra bassa: Skjetten (6ª) | GF alta: 3.30/gara | GS bassa: 2.05/gara | Profilo ultime 10: 0.87 | Real over index: 0.75;6.91;20.0;;;18.66;8.67;7.5;;;;1.3.0
2026-09-19;Italy_SerieA;Venezia;Lazio;75.61;IMM-ALTA-8;5;2026-09-19;Italy_SerieA;Italy_SerieA;;Engine v1.3 | Squadra alta: Lazio (2ª), squadra bassa: Venezia (20ª) | GF alta: 1.50/gara | GS bassa: 2.75/gara | Profilo ultime 10: 0.66 | Real over index: 0.50;21.59;12.5;;;20.0;6.64;5.0;;;;1.3.0
2026-09-19;Slovakia_2Liga;MFK Bytca;Lehota p. V.;75.52;ALTA;9;2026-09-19;Slovakia_2Liga;Slovakia_2Liga;;Engine v1.3 | Squadra alta: Lehota p. V. (5ª), squadra bassa: MFK Bytca (16ª) | GF alta: 1.62/gara | GS bassa: 2.88/gara | Profilo ultime 10: 0.72 | Real over index: 0.69;17.56;13.54;;;20.0;7.16;6.88;;;;1.3.0
2026-09-19;Poland_IIILiga_Group1;Pelikan;Lidzbark Warminski;75.45;ALTA;9;2026-09-19;Poland_IIILiga_Group1;Poland_IIILiga_Group1;;Engine v1.3 | Squadra alta: Pelikan (8ª), squadra bassa: Lidzbark Warminski (16ª) | GF alta: 1.50/gara | GS bassa: 2.38/gara | Profilo ultime 10: 0.87 | Real over index: 0.75;12.78;12.5;;;20.0;8.67;7.5;;;;1.3.0
2026-09-19;Poland_IIILiga_Group4;Jaroslaw;Lubaczow;75.28;ALTA;8;2026-09-19;Poland_IIILiga_Group4;Poland_IIILiga_Group4;;Engine v1.3 | Squadra alta: Jaroslaw (5ª), squadra bassa: Lubaczow (14ª) | GF alta: 2.43/gara | GS bassa: 1.71/gara | Profilo ultime 10: 0.80 | Real over index: 0.71;10.89;20.0;;;15.58;8.0;7.14;;;;1.3.0
2026-09-19;Germany_Regionalliga_Nord;Emden;Schoningen;75.26;ALTA;11;2026-09-19;Germany_Regionalliga_Nord;Germany_Regionalliga_Nord;;Engine v1.3 | Squadra alta: Schoningen (1ª), squadra bassa: Emden (7ª) | GF alta: 1.78/gara | GS bassa: 3.33/gara | Profilo ultime 10: 0.82 | Real over index: 0.67;14.37;14.81;;;20.0;8.22;6.67;;;;1.3.0
2026-09-19;Denmark_3rdDivision;Horsholm-Usserod;Vanløse;75.09;ALTA;8;2026-09-19;Denmark_3rdDivision;Denmark_3rdDivision;;Engine v1.3 | Squadra alta: Vanløse (2ª), squadra bassa: Horsholm-Usserod (9ª) | GF alta: 1.86/gara | GS bassa: 2.14/gara | Profilo ultime 10: 0.82 | Real over index: 0.64;13.07;15.48;;;19.48;8.25;6.43;;;;1.3.0
2026-09-19;CzechRepublic_4Liga_GroupD;Bystrc;Bohunice;75.07;ALTA;7;2026-09-19;CzechRepublic_4Liga_GroupD;CzechRepublic_4Liga_GroupD;CzechRepublic_4Liga;Engine v1.3 | Squadra alta: Bohunice (11ª), squadra bassa: Bystrc (54ª) | GF alta: 2.83/gara | GS bassa: 1.00/gara | Profilo ultime 10: 0.68 | Real over index: 0.58;22.0;20.0;;;9.09;6.85;5.83;;;;1.3.0
2026-09-19;Germany_Oberliga_Hessen;Friedberg;Giessen;74.86;MEDIA-ALTA;11;2026-09-19;Germany_Oberliga_Hessen;Germany_Oberliga_Hessen;;Engine v1.3 | Squadra alta: Friedberg (9ª), squadra bassa: Giessen (16ª) | GF alta: 1.89/gara | GS bassa: 2.00/gara | Profilo ultime 10: 0.81 | Real over index: 0.67;12.7;15.74;;;18.18;8.09;6.67;;;;1.3.0
2026-09-19;Slovakia_NikeLiga;Komarno;Slovan Bratislava;74.8;MEDIA-ALTA;9;2026-09-19;Slovakia_NikeLiga;Slovakia_NikeLiga;;Engine v1.3 | Squadra alta: Slovan Bratislava (4ª), squadra bassa: Komarno (10ª) | GF alta: 2.57/gara | GS bassa: 1.50/gara | Profilo ultime 10: 0.72 | Real over index: 0.68;15.95;20.0;;;13.64;7.18;6.79;;;;1.3.0
2026-09-19;Switzerland_PromotionLeague;Paradiso;YF Juventus;74.73;MEDIA-ALTA;10;2026-09-19;Switzerland_PromotionLeague;Switzerland_PromotionLeague;;Engine v1.3 | Squadra alta: Paradiso (3ª), squadra bassa: YF Juventus (12ª) | GF alta: 2.43/gara | GS bassa: 1.86/gara | Profilo ultime 10: 0.85 | Real over index: 0.71;9.09;20.0;;;16.88;8.46;7.14;;;;1.3.0
2026-09-19;Poland_IIILiga_Group3;Sleza Wroclaw;Legnica 2;74.69;MEDIA-ALTA;9;2026-09-19;Poland_IIILiga_Group3;Poland_IIILiga_Group3;;Engine v1.3 | Squadra alta: Legnica 2 (12ª), squadra bassa: Sleza Wroclaw (16ª) | GF alta: 2.25/gara | GS bassa: 2.50/gara | Profilo ultime 10: 0.92 | Real over index: 0.88;4.0;18.75;;;20.0;9.18;8.75;;;;1.3.0
2026-09-19;Belgium_JupilerProLeague;Charleroi;Cercle Brugge;74.68;MEDIA-ALTA;10;2026-09-19;Belgium_JupilerProLeague;Belgium_JupilerProLeague;;Engine v1.3 | Squadra alta: Charleroi (4ª), squadra bassa: Cercle Brugge (15ª) | GF alta: 2.00/gara | GS bassa: 1.83/gara | Profilo ultime 10: 0.67 | Real over index: 0.50;19.28;16.67;;;16.67;6.74;5.0;;;;1.3.0
2026-09-19;England_LeagueOne;Leyton Orient;Stevenage;74.65;MEDIA-ALTA;8;2026-09-19;England_LeagueOne;England_LeagueOne;;Engine v1.3 | Squadra alta: Stevenage (7ª), squadra bassa: Leyton Orient (20ª) | GF alta: 2.00/gara | GS bassa: 1.80/gara | Profilo ultime 10: 0.83 | Real over index: 0.70;13.89;16.67;;;16.36;8.35;7.0;;;;1.3.0
2026-09-19;Sweden_Division1_Sodra;AFC Malmo;Utsikten;74.55;MEDIA-ALTA;25;2026-09-19;Sweden_Division1_Sodra;Sweden_Division1_Sodra;;Engine v1.3 | Squadra alta: AFC Malmo (7ª), squadra bassa: Utsikten (16ª) | GF alta: 1.77/gara | GS bassa: 2.45/gara | Profilo ultime 10: 0.72 | Real over index: 0.65;14.59;14.77;;;20.0;7.18;6.5;;;;1.3.0
2026-09-19;Austria_Vorarlberg;Andelsbuch;Rotenberg;74.51;MEDIA-ALTA;6;2026-09-19;Austria_Vorarlberg;Austria_Vorarlberg;fourth tier;Engine v1.3 | Squadra alta: Rotenberg (1ª), squadra bassa: Andelsbuch (13ª) | GF alta: 2.60/gara | GS bassa: 1.75/gara | Profilo ultime 10: 0.57 | Real over index: 0.42;21.41;20.0;;;15.91;5.72;4.25;;;;1.3.0
2026-09-19;CzechRepublic_4Liga_GroupB;Steti;Usti n. L. B;74.46;MEDIA-ALTA;7;2026-09-19;CzechRepublic_4Liga_GroupB;CzechRepublic_4Liga_GroupB;CzechRepublic_4Liga;Engine v1.3 | Squadra alta: Steti (75ª), squadra bassa: Usti n. L. B (82ª) | GF alta: 3.67/gara | GS bassa: 3.50/gara | Profilo ultime 10: 0.89 | Real over index: 0.92;3.59;20.0;;;20.0;8.86;9.17;;;;1.3.0
2026-09-19;Bulgaria_ParvaLiga;Arda;Cherno More;74.42;MEDIA-ALTA;11;2026-09-19;Bulgaria_ParvaLiga;Bulgaria_ParvaLiga;;Engine v1.3 | Squadra alta: Arda (5ª), squadra bassa: Cherno More (13ª) | GF alta: 1.60/gara | GS bassa: 2.11/gara | Profilo ultime 10: 0.72 | Real over index: 0.53;16.92;13.33;;;19.19;7.23;5.33;;;;1.3.0
2026-09-19;Germany_Oberliga_SchleswigHolstein;Eckernforder SV;Rotenhof;74.23;MEDIA-ALTA;9;2026-09-19;Germany_Oberliga_SchleswigHolstein;Germany_Oberliga_SchleswigHolstein;;Engine v1.3 | Squadra alta: Rotenhof (9ª), squadra bassa: Eckernforder SV (16ª) | GF alta: 1.75/gara | GS bassa: 2.71/gara | Profilo ultime 10: 0.96 | Real over index: 0.88;7.34;14.58;;;20.0;9.56;8.75;;;;1.3.0
2026-09-19;Belarus_PershayaLiga;Smorgon;Niva Dolbizno;74.19;MEDIA-ALTA;27;2026-09-19;Belarus_PershayaLiga;Belarus_PershayaLiga;;Engine v1.3 | Squadra alta: Niva Dolbizno (1ª), squadra bassa: Smorgon (13ª) | GF alta: 2.62/gara | GS bassa: 1.42/gara | Profilo ultime 10: 0.71 | Real over index: 0.55;14.97;20.0;;;12.88;7.11;5.5;;;;1.3.0
2026-09-19;Austria_Burgenland;Rust;Halbturn;74.13;MEDIA-ALTA;8;2026-09-19;Austria_Burgenland;Austria_Burgenland;;Engine v1.3 | Squadra alta: Halbturn (8ª), squadra bassa: Rust (14ª) | GF alta: 1.17/gara | GS bassa: 2.50/gara | Profilo ultime 10: 0.86 | Real over index: 0.92;12.61;9.72;;;20.0;8.62;9.17;;;;1.3.0
2026-09-19;CzechRepublic_1Liga;Artis Brno;Liberec;74.12;MEDIA-ALTA;11;2026-09-19;CzechRepublic_1Liga;CzechRepublic_1Liga;;Engine v1.3 | Squadra alta: Liberec (2ª), squadra bassa: Artis Brno (14ª) | GF alta: 1.62/gara | GS bassa: 2.25/gara | Profilo ultime 10: 0.67 | Real over index: 0.56;20.46;13.54;;;20.0;6.7;5.62;;;;1.3.0
2026-09-19;SouthKorea_KLeague2;Jeonnam;Suwon FC;74.05;MEDIA-ALTA;27;2026-09-19;SouthKorea_KLeague2;SouthKorea_KLeague2;;Engine v1.3 | Squadra alta: Suwon FC (3ª), squadra bassa: Jeonnam (16ª) | GF alta: 1.96/gara | GS bassa: 1.67/gara | Profilo ultime 10: 0.75 | Real over index: 0.60;15.79;16.32;;;15.15;7.48;6.0;;;;1.3.0
2026-09-19;Switzerland_PromotionLeague;Schaffhausen;Lugano 2;74.05;MEDIA-ALTA;10;2026-09-19;Switzerland_PromotionLeague;Switzerland_PromotionLeague;;Engine v1.3 | Squadra alta: Schaffhausen (4ª), squadra bassa: Lugano 2 (13ª) | GF alta: 1.71/gara | GS bassa: 2.57/gara | Profilo ultime 10: 0.89 | Real over index: 0.79;9.09;14.29;;;20.0;8.89;7.86;;;;1.3.0
2026-09-19;Poland_IIILiga_Group2;Chemik Bydgoszcz;KKS Kalisz;73.93;MEDIA-ALTA;9;2026-09-19;Poland_IIILiga_Group2;Poland_IIILiga_Group2;;Engine v1.3 | Squadra alta: KKS Kalisz (7ª), squadra bassa: Chemik Bydgoszcz (15ª) | GF alta: 1.75/gara | GS bassa: 2.50/gara | Profilo ultime 10: 0.79 | Real over index: 0.56;12.78;14.58;;;20.0;7.89;5.62;;;;1.3.0
2026-09-19;Estonia_Meistriliiga;Nomme Utd;Paide;73.92;MEDIA-ALTA;33;2026-09-19;Estonia_Meistriliiga;Estonia_Meistriliiga;;Engine v1.3 | Squadra alta: Paide (3ª), squadra bassa: Nomme Utd (9ª) | GF alta: 1.63/gara | GS bassa: 2.32/gara | Profilo ultime 10: 0.79 | Real over index: 0.65;12.2;13.58;;;20.0;7.86;6.5;;;;1.3.0
2026-09-19;Sweden_Division2_SodraSvealand;Farsta;Karlslund;73.86;MEDIA-ALTA;22;2026-09-19;Sweden_Division2_SodraSvealand;Sweden_Division2_SodraSvealand;;Engine v1.3 | Squadra alta: Farsta (2ª), squadra bassa: Karlslund (9ª) | GF alta: 2.24/gara | GS bassa: 1.67/gara | Profilo ultime 10: 0.81 | Real over index: 0.70;12.32;18.65;;;15.15;8.1;7.0;;;;1.3.0
2026-09-19;Japan_J1League;Okayama;Kyoto;73.62;MEDIA-ALTA;7;2026-09-19;Japan_J1League;Japan_J1League;;Engine v1.3 | Squadra alta: Okayama (6ª), squadra bassa: Kyoto (17ª) | GF alta: 1.43/gara | GS bassa: 2.00/gara | Profilo ultime 10: 0.79 | Real over index: 0.71;15.35;11.9;;;18.18;7.89;7.14;;;;1.3.0
2026-09-19;Germany_Regionalliga_West;Bocholt;Wiedenbruck;73.57;MEDIA-ALTA;10;2026-09-19;Germany_Regionalliga_West;Germany_Regionalliga_West;;Engine v1.3 | Squadra alta: Bocholt (8ª), squadra bassa: Wiedenbruck (15ª) | GF alta: 2.12/gara | GS bassa: 2.25/gara | Profilo ultime 10: 0.88 | Real over index: 0.75;5.55;17.71;;;20.0;8.81;7.5;;;;1.3.0
2026-09-19;Austria_2Liga;Voitsberg;A. Salzburg;73.45;MEDIA-ALTA;7;2026-09-19;Austria_2Liga;Austria_2Liga;;Engine v1.3 | Squadra alta: A. Salzburg (4ª), squadra bassa: Voitsberg (13ª) | GF alta: 2.17/gara | GS bassa: 1.83/gara | Profilo ultime 10: 0.79 | Real over index: 0.58;10.98;18.06;;;16.67;7.92;5.83;;;;1.3.0
2026-09-19;Poland_IIILiga_Group1;Warta Sieradz;Zambrow;73.35;MEDIA-ALTA;9;2026-09-19;Poland_IIILiga_Group1;Poland_IIILiga_Group1;;Engine v1.3 | Squadra alta: Warta Sieradz (7ª), squadra bassa: Zambrow (12ª) | GF alta: 1.88/gara | GS bassa: 2.62/gara | Profilo ultime 10: 0.94 | Real over index: 0.88;5.6;15.62;;;20.0;9.38;8.75;;;;1.3.0
2026-09-19;Iceland_BestaDeildKarla;KR Reykjavik;Vikingur Reykjavik;73.34;MEDIA-ALTA;29;2026-09-19;Iceland_BestaDeildKarla;Iceland_BestaDeildKarla;;Engine v1.3 | Squadra alta: Vikingur Reykjavik (1ª), squadra bassa: KR Reykjavik (2ª) | GF alta: 3.09/gara | GS bassa: 2.17/gara | Profilo ultime 10: 0.90 | Real over index: 0.80;4.43;20.0;;;19.76;9.0;8.0;;;;1.3.0
2026-09-19;Norway_3rdDivision_Group3;Forde;Fana;73.25;MEDIA-ALTA;23;2026-09-19;Norway_3rdDivision_Group3;Norway_3rdDivision_Group3;;Engine v1.3 | Squadra alta: Fana (4ª), squadra bassa: Forde (7ª) | GF alta: 2.68/gara | GS bassa: 2.10/gara | Profilo ultime 10: 0.91 | Real over index: 0.75;3.53;20.0;;;19.09;9.12;7.5;;;;1.3.0
2026-09-19;Switzerland_PromotionLeague;Grand-Saconnex;Bellinzona;73.23;MEDIA-ALTA;10;2026-09-19;Switzerland_PromotionLeague;Switzerland_PromotionLeague;;Engine v1.3 | Squadra alta: Grand-Saconnex (6ª), squadra bassa: Bellinzona (18ª) | GF alta: 2.00/gara | GS bassa: 1.86/gara | Profilo ultime 10: 0.70 | Real over index: 0.57;15.76;16.67;;;16.88;7.04;5.71;;;;1.3.0
2026-09-19;CzechRepublic_4Liga_GroupF;Rymarov;Opava B;73.06;MEDIA-ALTA;7;2026-09-19;CzechRepublic_4Liga_GroupF;CzechRepublic_4Liga_GroupF;CzechRepublic_4Liga;Engine v1.3 | Squadra alta: Opava B (19ª), squadra bassa: Rymarov (30ª) | GF alta: 2.33/gara | GS bassa: 1.33/gara | Profilo ultime 10: 0.88 | Real over index: 0.83;10.41;19.44;;;12.12;8.75;8.33;;;;1.3.0
2026-09-19;Slovakia_3Liga_West;Banik Prievidza;Raca;72.95;MEDIA-ALTA;7;2026-09-19;Slovakia_3Liga_West;Slovakia_3Liga_West;;Engine v1.3 | Squadra alta: Banik Prievidza (7ª), squadra bassa: Raca (14ª) | GF alta: 1.67/gara | GS bassa: 2.17/gara | Profilo ultime 10: 0.88 | Real over index: 0.67;9.95;13.89;;;19.7;8.75;6.67;;;;1.3.0
2026-09-19;FaroeIslands_1Deild;TB Tvoroyri;Hoyvik;72.89;MEDIA-ALTA;25;2026-09-19;FaroeIslands_1Deild;FaroeIslands_1Deild;;Engine v1.3 | Squadra alta: TB Tvoroyri (5ª), squadra bassa: Hoyvik (7ª) | GF alta: 2.00/gara | GS bassa: 2.85/gara | Profilo ultime 10: 0.86 | Real over index: 0.85;5.09;16.67;;;20.0;8.63;8.5;;;;1.3.0
2026-09-19;Hungary_NBII;Ajka;Csakvari;72.89;MEDIA-ALTA;8;2026-09-19;Hungary_NBII;Hungary_NBII;;Engine v1.3 | Squadra alta: Ajka (5ª), squadra bassa: Csakvari (16ª) | GF alta: 1.33/gara | GS bassa: 2.57/gara | Profilo ultime 10: 0.68 | Real over index: 0.52;17.68;11.11;;;20.0;6.82;5.24;;;;1.3.0
2026-09-19;Germany_Oberliga_SchleswigHolstein;Rapid Lubeck;VfR Neumunster;72.87;MEDIA-ALTA;9;2026-09-19;Germany_Oberliga_SchleswigHolstein;Germany_Oberliga_SchleswigHolstein;;Engine v1.3 | Squadra alta: VfR Neumunster (2ª), squadra bassa: Rapid Lubeck (4ª) | GF alta: 2.75/gara | GS bassa: 1.88/gara | Profilo ultime 10: 0.88 | Real over index: 0.81;5.79;20.0;;;17.05;8.84;8.12;;;;1.3.0
2026-09-19;Austria_Oberosterreich;Bad Ischl;Ostermiething;72.68;MEDIA-ALTA;10;2026-09-19;Austria_Oberosterreich;Austria_Oberosterreich;;Engine v1.3 | Squadra alta: Ostermiething (7ª), squadra bassa: Bad Ischl (12ª) | GF alta: 1.67/gara | GS bassa: 1.86/gara | Profilo ultime 10: 0.85 | Real over index: 0.77;11.65;13.89;;;16.88;8.53;7.74;;;;1.3.0
2026-09-19;Italy_SerieB;Cremonese;Entella;72.68;MEDIA-ALTA;5;2026-09-19;Italy_SerieB;Italy_SerieB;;Engine v1.3 | Squadra alta: Entella (10ª), squadra bassa: Cremonese (13ª) | GF alta: 2.33/gara | GS bassa: 2.00/gara | Profilo ultime 10: 0.98 | Real over index: 1.00;1.22;19.44;;;18.18;9.83;10.0;;;;1.3.0
2026-09-19;Japan_J1League;Tokyo;Nagoya;72.57;MEDIA-ALTA;7;2026-09-19;Japan_J1League;Japan_J1League;;Engine v1.3 | Squadra alta: Tokyo (5ª), squadra bassa: Nagoya (16ª) | GF alta: 1.86/gara | GS bassa: 1.86/gara | Profilo ultime 10: 0.72 | Real over index: 0.57;15.35;15.48;;;16.88;7.16;5.71;;;;1.3.0
2026-09-19;Austria_Vorarlberg;Admira Dornbirn;Hard;72.48;MEDIA-ALTA;6;2026-09-19;Austria_Vorarlberg;Austria_Vorarlberg;fourth tier;Engine v1.3 | Squadra alta: Admira Dornbirn (4ª), squadra bassa: Hard (8ª) | GF alta: 2.00/gara | GS bassa: 2.00/gara | Profilo ultime 10: 0.90 | Real over index: 0.75;7.14;16.67;;;18.18;9.0;7.5;;;;1.3.0
2026-09-19;Bosnia_WWINLigaBiH;BSK Banja Luka;Radnik Bijeljina;72.44;MEDIA-ALTA;10;2026-09-19;Bosnia_WWINLigaBiH;Bosnia_WWINLigaBiH;;Engine v1.3 | Squadra alta: BSK Banja Luka (5ª), squadra bassa: Radnik Bijeljina (10ª) | GF alta: 1.40/gara | GS bassa: 2.60/gara | Profilo ultime 10: 0.77 | Real over index: 0.60;13.03;11.67;;;20.0;7.74;6.0;;;;1.3.0
2026-09-19;Slovenia_2SNL;Brezice;Rudar;72.44;MEDIA-ALTA;8;2026-09-19;Slovenia_2SNL;Slovenia_2SNL;;Engine v1.3 | Squadra alta: Rudar (10ª), squadra bassa: Brezice (15ª) | GF alta: 1.83/gara | GS bassa: 2.00/gara | Profilo ultime 10: 0.70 | Real over index: 0.58;15.28;15.28;;;18.18;6.98;5.83;;;;1.3.0
2026-09-19;Georgia_ErovnuliLiga;Samgurali;Din. Tbilisi;72.36;MEDIA-ALTA;10;2026-09-19;Georgia_ErovnuliLiga;Georgia_ErovnuliLiga;;Engine v1.3 | Squadra alta: Din. Tbilisi (3ª), squadra bassa: Samgurali (7ª) | GF alta: 1.50/gara | GS bassa: 2.43/gara | Profilo ultime 10: 0.85 | Real over index: 0.76;11.37;12.5;;;20.0;8.49;7.62;;;;1.3.0
2026-09-19;Switzerland_PromotionLeague;Amical Saint-Prex;Young Boys 2;72.34;MEDIA-ALTA;10;2026-09-19;Switzerland_PromotionLeague;Switzerland_PromotionLeague;;Engine v1.3 | Squadra alta: Young Boys 2 (9ª), squadra bassa: Amical Saint-Prex (14ª) | GF alta: 2.14/gara | GS bassa: 2.29/gara | Profilo ultime 10: 0.89 | Real over index: 0.86;3.39;17.86;;;20.0;8.86;8.57;;;;1.3.0
2026-09-19;Sweden_Superettan;Varberg;Brage;72.3;MEDIA-ALTA;29;2026-09-19;Sweden_Superettan;Sweden_Superettan;;Engine v1.3 | Squadra alta: Varberg (4ª), squadra bassa: Brage (15ª) | GF alta: 1.71/gara | GS bassa: 1.96/gara | Profilo ultime 10: 0.71 | Real over index: 0.60;13.16;14.24;;;17.82;7.13;6.0;;;;1.3.0
2026-09-19;England_Championship;Wrexham;Southampton;72.18;MEDIA-ALTA;9;2026-09-19;England_Championship;England_Championship;;Engine v1.3 | Squadra alta: Southampton (5ª), squadra bassa: Wrexham (17ª) | GF alta: 2.50/gara | GS bassa: 1.67/gara | Profilo ultime 10: 0.71 | Real over index: 0.58;11.96;20.0;;;15.15;7.11;5.83;;;;1.3.0
2026-09-19;Sweden_Division2_VastraGotaland;Qviding;Dalstorps IF;72.12;MEDIA-ALTA;24;2026-09-19;Sweden_Division2_VastraGotaland;Sweden_Division2_VastraGotaland;;Engine v1.3 | Squadra alta: Dalstorps IF (2ª), squadra bassa: Qviding (8ª) | GF alta: 1.96/gara | GS bassa: 2.14/gara | Profilo ultime 10: 0.87 | Real over index: 0.75;7.3;16.3;;;19.48;8.67;7.5;;;;1.3.0
2026-09-19;Belarus_PershayaLiga;Orsha;Slutsk;71.91;MEDIA-ALTA;27;2026-09-19;Belarus_PershayaLiga;Belarus_PershayaLiga;;Engine v1.3 | Squadra alta: Slutsk (2ª), squadra bassa: Orsha (14ª) | GF alta: 1.88/gara | GS bassa: 1.79/gara | Profilo ultime 10: 0.74 | Real over index: 0.65;14.17;15.62;;;16.29;7.37;6.5;;;;1.3.0
2026-09-19;CzechRepublic_3MSFL;FK Frydek-Mistek;Havirov;71.71;MEDIA-ALTA;9;2026-09-19;CzechRepublic_3MSFL;CzechRepublic_3MSFL;;Engine v1.3 | Squadra alta: FK Frydek-Mistek (3ª), squadra bassa: Havirov (17ª) | GF alta: 1.88/gara | GS bassa: 2.00/gara | Profilo ultime 10: 0.59 | Real over index: 0.44;19.97;15.62;;;18.18;5.92;4.38;;;;1.3.0
2026-09-19;Austria_Oberosterreich;Weisskirchen;Mondsee;71.59;MEDIA-ALTA;10;2026-09-19;Austria_Oberosterreich;Austria_Oberosterreich;;Engine v1.3 | Squadra alta: Mondsee (1ª), squadra bassa: Weisskirchen (8ª) | GF alta: 2.71/gara | GS bassa: 1.25/gara | Profilo ultime 10: 0.73 | Real over index: 0.67;16.19;20.0;;;11.36;7.26;6.7;;;;1.3.0
2026-09-19;Germany_Oberliga_Hessen;Fernwald;Eddersheim;71.53;MEDIA-ALTA;11;2026-09-19;Germany_Oberliga_Hessen;Germany_Oberliga_Hessen;;Engine v1.3 | Squadra alta: Eddersheim (2ª), squadra bassa: Fernwald (10ª) | GF alta: 2.56/gara | GS bassa: 1.56/gara | Profilo ultime 10: 0.84 | Real over index: 0.61;8.92;20.0;;;14.14;8.36;6.11;;;;1.3.0
2026-09-19;Germany_Regionalliga_Sudwest;Sandhausen;Ulm;71.32;MEDIA-ALTA;10;2026-09-19;Germany_Regionalliga_Sudwest;Germany_Regionalliga_Sudwest;;Engine v1.3 | Squadra alta: Sandhausen (12ª), squadra bassa: Ulm (18ª) | GF alta: 1.57/gara | GS bassa: 2.29/gara | Profilo ultime 10: 0.83 | Real over index: 0.64;9.53;13.1;;;20.0;8.27;6.43;;;;1.3.0
2026-09-19;Germany_Regionalliga_Sudwest;Fulda-Lehnerz;Freiburg 2;71.22;MEDIA-ALTA;10;2026-09-19;Germany_Regionalliga_Sudwest;Germany_Regionalliga_Sudwest;;Engine v1.3 | Squadra alta: Freiburg 2 (8ª), squadra bassa: Fulda-Lehnerz (16ª) | GF alta: 1.86/gara | GS bassa: 1.86/gara | Profilo ultime 10: 0.81 | Real over index: 0.64;10.43;15.48;;;16.88;8.08;6.43;;;;1.3.0
2026-09-19;CzechRepublic_4Liga_GroupD;FS Trebic;Havlickuv Brod;71.1;MEDIA-ALTA;7;2026-09-19;CzechRepublic_4Liga_GroupD;CzechRepublic_4Liga_GroupD;CzechRepublic_4Liga;Engine v1.3 | Squadra alta: Havlickuv Brod (32ª), squadra bassa: FS Trebic (45ª) | GF alta: 1.83/gara | GS bassa: 2.33/gara | Profilo ultime 10: 0.78 | Real over index: 0.67;8.26;15.28;;;20.0;7.81;6.67;;;;1.3.0
2026-09-19;CzechRepublic_4Liga_GroupE;SK Krumvir;Breclav;70.97;MEDIA-ALTA;7;2026-09-19;CzechRepublic_4Liga_GroupE;CzechRepublic_4Liga_GroupE;CzechRepublic_4Liga;Engine v1.3 | Squadra alta: SK Krumvir (10ª), squadra bassa: Breclav (26ª) | GF alta: 2.33/gara | GS bassa: 1.00/gara | Profilo ultime 10: 0.79 | Real over index: 0.67;14.57;19.44;;;9.09;7.92;6.67;;;;1.3.0
2026-09-19;Poland_IIILiga_Group2;Gedania Gdansk;Kotwica Kornik;70.83;MEDIA-ALTA;9;2026-09-19;Poland_IIILiga_Group2;Poland_IIILiga_Group2;;Engine v1.3 | Squadra alta: Kotwica Kornik (10ª), squadra bassa: Gedania Gdansk (12ª) | GF alta: 2.00/gara | GS bassa: 2.50/gara | Profilo ultime 10: 0.89 | Real over index: 0.69;4.39;16.67;;;20.0;8.91;6.88;;;;1.3.0
2026-09-19;Sweden_Division2_Norrland;Storfors;IFK Umea;70.82;MEDIA-ALTA;26;2026-09-19;Sweden_Division2_Norrland;Sweden_Division2_Norrland;;Engine v1.3 | Squadra alta: Storfors (13ª), squadra bassa: IFK Umea (14ª) | GF alta: 1.50/gara | GS bassa: 3.28/gara | Profilo ultime 10: 0.85 | Real over index: 0.85;9.12;12.5;;;20.0;8.52;8.5;;;;1.3.0
2026-09-19;Bosnia_PrvaLiga_FBiH;Jedinstvo Bihac;TOSK Tesanj;70.53;MEDIA-ALTA;7;2026-09-19;Bosnia_PrvaLiga_FBiH;Bosnia_PrvaLiga_FBiH;double round robin inferred from league size.;Engine v1.3 | Squadra alta: Jedinstvo Bihac (7ª), squadra bassa: TOSK Tesanj (12ª) | GF alta: 2.25/gara | GS bassa: 1.75/gara | Profilo ultime 10: 0.73 | Real over index: 0.62;9.72;18.75;;;15.91;7.34;6.25;;;;1.3.0
2026-09-19;Indonesia_SuperLeague;Persija Jakarta;Java United;70.52;MEDIA-ALTA;4;2026-09-19;Indonesia_SuperLeague;Indonesia_SuperLeague;;Engine v1.3 | Squadra alta: Persija Jakarta (4ª), squadra bassa: Java United (12ª) | GF alta: 1.50/gara | GS bassa: 2.00/gara | Profilo ultime 10: 0.72 | Real over index: 0.50;17.92;12.5;;;18.18;7.22;5.0;;;;1.3.0
2026-09-19;Austria_Salzburg;TSU Bramberg;Burmoos;70.25;MEDIA-ALTA;10;2026-09-19;Austria_Salzburg;Austria_Salzburg;;Engine v1.3 | Squadra alta: Burmoos (2ª), squadra bassa: TSU Bramberg (4ª) | GF alta: 2.57/gara | GS bassa: 1.43/gara | Profilo ultime 10: 0.82 | Real over index: 0.79;11.92;20.0;;;12.99;8.18;7.86;;;;1.3.0
2026-09-19;Bosnia_PrvaLiga_FBiH;Bratstvo Gracanica;Tomislav;70.24;MEDIA-ALTA;7;2026-09-19;Bosnia_PrvaLiga_FBiH;Bosnia_PrvaLiga_FBiH;double round robin inferred from league size.;Engine v1.3 | Squadra alta: Bratstvo Gracanica (8ª), squadra bassa: Tomislav (14ª) | GF alta: 1.50/gara | GS bassa: 3.00/gara | Profilo ultime 10: 0.80 | Real over index: 0.88;9.28;12.5;;;20.0;8.05;8.75;;;;1.3.0
2026-09-19;Germany_Oberliga_Westfalen;Gievenbeck;Bielefeld 2;70.18;MEDIA-ALTA;7;2026-09-19;Germany_Oberliga_Westfalen;Germany_Oberliga_Westfalen;;Engine v1.3 | Squadra alta: Gievenbeck (1ª), squadra bassa: Bielefeld 2 (9ª) | GF alta: 2.33/gara | GS bassa: 1.33/gara | Profilo ultime 10: 0.80 | Real over index: 0.67;11.57;19.44;;;12.12;8.0;6.67;;;;1.3.0
2026-09-19;Norway_2ndDivision_Group1;Sandviken;Vidar;70.15;MEDIA-ALTA;21;2026-09-19;Norway_2ndDivision_Group1;Norway_2ndDivision_Group1;;Engine v1.3 | Squadra alta: Sandviken (11ª), squadra bassa: Vidar (14ª) | GF alta: 1.53/gara | GS bassa: 2.79/gara | Profilo ultime 10: 0.89 | Real over index: 0.85;7.8;12.72;;;20.0;8.91;8.5;;;;1.3.0
2026-09-19;Norway_Eliteserien;Kristiansund;Rosenborg;70.11;MEDIA-ALTA;29;2026-09-19;Norway_Eliteserien;Norway_Eliteserien;;Engine v1.3 | Squadra alta: Rosenborg (6ª), squadra bassa: Kristiansund (14ª) | GF alta: 1.80/gara | GS bassa: 1.85/gara | Profilo ultime 10: 0.81 | Real over index: 0.80;9.35;15.0;;;16.82;8.11;8.0;;;;1.3.0
2026-09-19;Netherlands_EredivisieWomen;PSV D;Twente D;70.11;MEDIA-ALTA;5;2026-09-19;Netherlands_EredivisieWomen;Netherlands_EredivisieWomen;;Engine v1.3 | Squadra alta: Twente D (1ª), squadra bassa: PSV D (4ª) | GF alta: 4.50/gara | GS bassa: 1.00/gara | Profilo ultime 10: 0.80 | Real over index: 0.75;14.48;20.0;;;9.09;8.0;7.5;;;;1.3.0
2026-09-19;CzechRepublic_4Liga_GroupD;Sparta Brno;Tasovice;70.1;MEDIA-ALTA;7;2026-09-19;CzechRepublic_4Liga_GroupD;CzechRepublic_4Liga_GroupD;CzechRepublic_4Liga;Engine v1.3 | Squadra alta: Tasovice (31ª), squadra bassa: Sparta Brno (62ª) | GF alta: 1.67/gara | GS bassa: 1.50/gara | Profilo ultime 10: 0.66 | Real over index: 0.50;20.68;13.89;;;13.64;6.57;5.0;;;;1.3.0
2026-09-19;Slovakia_2Liga;Presov;Samorin;70.1;MEDIA-ALTA;9;2026-09-19;Slovakia_2Liga;Slovakia_2Liga;;Engine v1.3 | Squadra alta: Samorin (2ª), squadra bassa: Presov (7ª) | GF alta: 2.25/gara | GS bassa: 1.38/gara | Profilo ultime 10: 0.74 | Real over index: 0.62;12.1;18.75;;;12.5;7.45;6.25;;;;1.3.0
2026-09-19;Estonia_Esiliiga;Levadia U21;Maardu;70.04;MEDIA-ALTA;35;2026-09-19;Estonia_Esiliiga;Estonia_Esiliiga;;Engine v1.3 | Squadra alta: Levadia U21 (5ª), squadra bassa: Maardu (6ª) | GF alta: 2.19/gara | GS bassa: 2.11/gara | Profilo ultime 10: 0.93 | Real over index: 0.80;1.37;18.21;;;19.16;9.3;8.0;;;;1.3.0
2026-09-19;Germany_Oberliga_NOFV_Sud;Plauen;Krieschow;70.02;MEDIA-ALTA;5;2026-09-19;Germany_Oberliga_NOFV_Sud;Germany_Oberliga_NOFV_Sud;;Engine v1.3 | Squadra alta: Plauen (9ª), squadra bassa: Krieschow (15ª) | GF alta: 1.50/gara | GS bassa: 3.50/gara | Profilo ultime 10: 0.66 | Real over index: 0.62;15.0;12.5;;;20.0;6.62;6.25;;;;1.3.0
2026-09-19;Bosnia_PrvaLiga_RS;Potkozarje;Majevica;69.96;MEDIA-ALTA;7;2026-09-19;Bosnia_PrvaLiga_RS;Bosnia_PrvaLiga_RS;;Engine v1.3 | Squadra alta: Majevica (3ª), squadra bassa: Potkozarje (8ª) | GF alta: 2.20/gara | GS bassa: 1.75/gara | Profilo ultime 10: 0.68 | Real over index: 0.55;14.4;18.33;;;15.91;6.76;5.5;;;;1.3.0
2026-09-19;Norway_3rdDivision_Group3;Sogndal 2;V. Haugesund;69.87;MEDIA-ALTA;23;2026-09-19;Norway_3rdDivision_Group3;Norway_3rdDivision_Group3;;Engine v1.3 | Squadra alta: V. Haugesund (8ª), squadra bassa: Sogndal 2 (9ª) | GF alta: 2.45/gara | GS bassa: 1.95/gara | Profilo ultime 10: 0.93 | Real over index: 0.80;0.87;20.0;;;17.7;9.3;8.0;;;;1.3.0
2026-09-19;Indonesia_SuperLeague;FC Bhayangkara;Isenmulang Kalteng;69.81;MEDIA-ALTA;4;2026-09-19;Indonesia_SuperLeague;Indonesia_SuperLeague;;Engine v1.3 | Squadra alta: FC Bhayangkara (11ª), squadra bassa: Isenmulang Kalteng (18ª) | GF alta: 1.50/gara | GS bassa: 4.00/gara | Profilo ultime 10: 0.72 | Real over index: 0.75;12.7;12.5;;;20.0;7.19;7.5;;;;1.3.0
2026-09-19;Germany_Regionalliga_West;Schalke 2;Lotte;69.77;MEDIA-ALTA;10;2026-09-19;Germany_Regionalliga_West;Germany_Regionalliga_West;;Engine v1.3 | Squadra alta: Schalke 2 (11ª), squadra bassa: Lotte (18ª) | GF alta: 2.12/gara | GS bassa: 1.75/gara | Profilo ultime 10: 0.76 | Real over index: 0.69;10.32;17.71;;;15.91;7.59;6.88;;;;1.3.0
2026-09-19;Kyrgyzstan_PremierLiga;Asia Talas;Neftchi Kochkor-Ata;69.7;MEDIA-ALTA;29;2026-09-19;Kyrgyzstan_PremierLiga;Kyrgyzstan_PremierLiga;;Engine v1.3 | Squadra alta: Asia Talas (5ª), squadra bassa: Neftchi Kochkor-Ata (8ª) | GF alta: 2.26/gara | GS bassa: 1.70/gara | Profilo ultime 10: 0.81 | Real over index: 0.60;7.34;18.84;;;15.42;8.1;6.0;;;;1.3.0
2026-09-19;Sweden_Division2_Norrland;Boden;Skelleftea;69.63;MEDIA-ALTA;26;2026-09-19;Sweden_Division2_Norrland;Sweden_Division2_Norrland;;Engine v1.3 | Squadra alta: Skelleftea (1ª), squadra bassa: Boden (6ª) | GF alta: 2.09/gara | GS bassa: 1.50/gara | Profilo ultime 10: 0.92 | Real over index: 0.85;7.98;17.42;;;13.64;9.22;8.5;;;;1.3.0
2026-09-19;Denmark_Superliga;Odense;Midtjylland;69.59;MEDIA-ALTA;10;2026-09-19;Denmark_Superliga;Denmark_Superliga;;Engine v1.3 | Squadra alta: Midtjylland (2ª), squadra bassa: Odense (8ª) | GF alta: 2.00/gara | GS bassa: 1.62/gara | Profilo ultime 10: 0.65 | Real over index: 0.50;16.12;16.67;;;14.77;6.54;5.0;;;;1.3.0
2026-09-19;Germany_Bundesliga;Amburgo;Colonia;69.57;MEDIA-ALTA;4;2026-09-19;Germany_Bundesliga;Germany_Bundesliga;;Engine v1.3 | Squadra alta: Colonia (12ª), squadra bassa: Amburgo (18ª) | GF alta: 1.67/gara | GS bassa: 4.00/gara | Profilo ultime 10: 0.66 | Real over index: 0.67;15.43;13.89;;;20.0;6.58;6.67;;;;1.3.0
2026-09-19;Romania_Liga2;CSM Slatina;Selimbar;69.57;MEDIA-ALTA;8;2026-09-19;Romania_Liga2;Romania_Liga2;;Engine v1.3 | Squadra alta: CSM Slatina (2ª), squadra bassa: Selimbar (17ª) | GF alta: 2.17/gara | GS bassa: 1.67/gara | Profilo ultime 10: 0.57 | Real over index: 0.33;19.8;18.06;;;15.15;5.67;3.33;;;;1.3.0
2026-09-19;Turkey_SuperLig;Trabzonspor;Galatasaray;69.45;MEDIA-ALTA;6;2026-09-19;Turkey_SuperLig;Turkey_SuperLig;;Engine v1.3 | Squadra alta: Galatasaray (3ª), squadra bassa: Trabzonspor (8ª) | GF alta: 2.25/gara | GS bassa: 1.00/gara | Profilo ultime 10: 0.81 | Real over index: 0.68;12.75;18.75;;;9.09;8.11;6.75;;;;1.3.0
2026-09-19;Norway_3rdDivision_Group4;Hinna;Akra;69.43;MEDIA-ALTA;23;2026-09-19;Norway_3rdDivision_Group4;Norway_3rdDivision_Group4;;Engine v1.3 | Squadra alta: Hinna (13ª), squadra bassa: Akra (14ª) | GF alta: 1.79/gara | GS bassa: 2.84/gara | Profilo ultime 10: 0.89 | Real over index: 0.85;3.1;14.91;;;20.0;8.91;8.5;;;;1.3.0
2026-09-19;Turkey_1Lig;Keciorengucu;Sivasspor;69.42;MEDIA-ALTA;8;2026-09-19;Turkey_1Lig;Turkey_1Lig;;Engine v1.3 | Squadra alta: Keciorengucu (5ª), squadra bassa: Sivasspor (15ª) | GF alta: 2.29/gara | GS bassa: 1.43/gara | Profilo ultime 10: 0.72 | Real over index: 0.57;10.86;19.05;;;12.99;7.21;5.71;;;;1.3.0
2026-09-19;England_LeagueOne;Blackpool;Plymouth;69.3;MEDIA-ALTA;8;2026-09-19;England_LeagueOne;England_LeagueOne;;Engine v1.3 | Squadra alta: Plymouth (8ª), squadra bassa: Blackpool (16ª) | GF alta: 1.80/gara | GS bassa: 1.60/gara | Profilo ultime 10: 0.84 | Real over index: 0.70;10.3;15.0;;;14.55;8.45;7.0;;;;1.3.0
2026-09-19;CzechRepublic_3CFL_GroupA;Loko Praha;Sparta Praga B;69.3;MEDIA-ALTA;9;2026-09-19;CzechRepublic_3CFL_GroupA;CzechRepublic_3CFL_GroupA;CzechRepublic_3rdTier;Engine v1.3 | Squadra alta: Loko Praha (1ª), squadra bassa: Sparta Praga B (14ª) | GF alta: 4.17/gara | GS bassa: 0.80/gara | Profilo ultime 10: 0.80 | Real over index: 0.63;13.66;20.0;;;7.27;8.03;6.33;;;;1.3.0
2026-09-19;Austria_Regionalliga_South;Bleiburg;Atus Velden;69.25;MEDIA-ALTA;9;2026-09-19;Austria_Regionalliga_South;Austria_Regionalliga_South;;Engine v1.3 | Squadra alta: Atus Velden (2ª), squadra bassa: Bleiburg (12ª) | GF alta: 1.71/gara | GS bassa: 1.71/gara | Profilo ultime 10: 0.72 | Real over index: 0.50;16.31;14.29;;;15.58;7.22;5.0;;;;1.3.0
2026-09-19;Germany_Oberliga_BadenWurttemberg;Pforzheim;Balingen;69.24;MEDIA-ALTA;10;2026-09-19;Germany_Oberliga_BadenWurttemberg;Germany_Oberliga_BadenWurttemberg;;Engine v1.3 | Squadra alta: Pforzheim (7ª), squadra bassa: Balingen (12ª) | GF alta: 2.00/gara | GS bassa: 1.57/gara | Profilo ultime 10: 0.85 | Real over index: 0.76;8.85;16.67;;;14.29;8.54;7.62;;;;1.3.0
2026-09-19;Norway_3rdDivision_Group2;Byåsen;Herd;69.22;MEDIA-ALTA;23;2026-09-19;Norway_3rdDivision_Group2;Norway_3rdDivision_Group2;;Engine v1.3 | Squadra alta: Herd (4ª), squadra bassa: Byåsen (5ª) | GF alta: 2.32/gara | GS bassa: 2.00/gara | Profilo ultime 10: 0.92 | Real over index: 0.80;0.59;19.3;;;18.18;9.15;8.0;;;;1.3.0
2026-09-19;Sweden_Division2_Norrland;Friska Viljor;Fransta;69.13;MEDIA-ALTA;26;2026-09-19;Sweden_Division2_Norrland;Sweden_Division2_Norrland;;Engine v1.3 | Squadra alta: Friska Viljor (9ª), squadra bassa: Fransta (11ª) | GF alta: 1.89/gara | GS bassa: 2.50/gara | Profilo ultime 10: 0.95 | Real over index: 0.85;1.37;15.79;;;20.0;9.47;8.5;;;;1.3.0
2026-09-19;Germany_Oberliga_SchleswigHolstein;Nordmark Satrup;Hohenwestedt;69.06;MEDIA-ALTA;9;2026-09-19;Germany_Oberliga_SchleswigHolstein;Germany_Oberliga_SchleswigHolstein;;Engine v1.3 | Squadra alta: Nordmark Satrup (10ª), squadra bassa: Hohenwestedt (15ª) | GF alta: 1.50/gara | GS bassa: 2.57/gara | Profilo ultime 10: 0.89 | Real over index: 0.73;6.31;12.5;;;20.0;8.92;7.32;;;;1.3.0
2026-09-19;Belarus_PershayaLiga;BumProm Gomel;Lida;69.05;MEDIA-ALTA;27;2026-09-19;Belarus_PershayaLiga;Belarus_PershayaLiga;;Engine v1.3 | Squadra alta: Lida (3ª), squadra bassa: BumProm Gomel (7ª) | GF alta: 1.96/gara | GS bassa: 1.54/gara | Profilo ultime 10: 0.88 | Real over index: 0.85;7.37;16.32;;;14.02;8.84;8.5;;;;1.3.0
2026-09-19;Bosnia_WWINLigaBiH;Zrinjski;Velez Mostar;69.01;MEDIA-ALTA;10;2026-09-19;Bosnia_WWINLigaBiH;Bosnia_WWINLigaBiH;;Engine v1.3 | Squadra alta: Zrinjski (1ª), squadra bassa: Velez Mostar (9ª) | GF alta: 2.17/gara | GS bassa: 1.50/gara | Profilo ultime 10: 0.57 | Real over index: 0.38;19.9;18.06;;;13.64;5.7;3.75;;;;1.3.0
2026-09-19;Poland_Ekstraklasa;Korona;Rakow;68.99;MEDIA-ALTA;11;2026-09-19;Poland_Ekstraklasa;Poland_Ekstraklasa;;Engine v1.3 | Squadra alta: Korona (9ª), squadra bassa: Rakow (18ª) | GF alta: 1.12/gara | GS bassa: 2.25/gara | Profilo ultime 10: 0.68 | Real over index: 0.56;14.8;9.38;;;20.0;6.81;5.62;;;;1.3.0
2026-09-19;Austria_Regionalliga_West;Kufstein;Kitzbuhel;68.97;MEDIA-ALTA;9;2026-09-19;Austria_Regionalliga_West;Austria_Regionalliga_West;;Engine v1.3 | Squadra alta: Kitzbuhel (5ª), squadra bassa: Kufstein (11ª) | GF alta: 2.14/gara | GS bassa: 1.43/gara | Profilo ultime 10: 0.78 | Real over index: 0.64;9.89;17.86;;;12.99;7.81;6.43;;;;1.3.0
2026-09-19;Germany_3Liga;Stoccarda 2;Regensburg;68.91;MEDIA-ALTA;8;2026-09-19;Germany_3Liga;Germany_3Liga;;Engine v1.3 | Squadra alta: Stoccarda 2 (16ª), squadra bassa: Regensburg (20ª) | GF alta: 1.50/gara | GS bassa: 2.33/gara | Profilo ultime 10: 0.93 | Real over index: 0.83;4.8;12.5;;;20.0;9.28;8.33;;;;1.3.0
2026-09-19;Germany_Regionalliga_West;Bonner;Bergisch Gladbach;68.89;MEDIA-ALTA;10;2026-09-19;Germany_Regionalliga_West;Germany_Regionalliga_West;;Engine v1.3 | Squadra alta: Bergisch Gladbach (6ª), squadra bassa: Bonner (13ª) | GF alta: 1.38/gara | GS bassa: 2.00/gara | Profilo ultime 10: 0.86 | Real over index: 0.75;9.13;11.46;;;18.18;8.62;7.5;;;;1.3.0
2026-09-19;Austria_Regionalliga_North;Grodig;Leonfelden;68.76;MEDIA-ALTA;10;2026-09-19;Austria_Regionalliga_North;Austria_Regionalliga_North;;Engine v1.3 | Squadra alta: Grodig (4ª), squadra bassa: Leonfelden (10ª) | GF alta: 1.57/gara | GS bassa: 2.14/gara | Profilo ultime 10: 0.86 | Real over index: 0.71;6.52;13.1;;;19.48;8.6;7.14;;;;1.3.0
2026-09-19;Poland_IIILiga_Group4;Czarni Polaniec;Naprzod Jedrzejow;68.76;MEDIA-ALTA;8;2026-09-19;Poland_IIILiga_Group4;Poland_IIILiga_Group4;;Engine v1.3 | Squadra alta: Czarni Polaniec (3ª), squadra bassa: Naprzod Jedrzejow (11ª) | GF alta: 1.57/gara | GS bassa: 1.86/gara | Profilo ultime 10: 0.75 | Real over index: 0.50;13.16;13.1;;;16.88;7.47;5.0;;;;1.3.0
2026-09-19;Latvia_NakotnesLiga;Alberts JDFS;Metta;68.75;MEDIA-ALTA;22;2026-09-19;Latvia_NakotnesLiga;Latvia_NakotnesLiga;;Engine v1.3 | Squadra alta: Metta (1ª), squadra bassa: Alberts JDFS (5ª) | GF alta: 4.30/gara | GS bassa: 1.40/gara | Profilo ultime 10: 0.82 | Real over index: 0.75;9.04;20.0;;;12.73;8.18;7.5;;;;1.3.0
2026-09-19;NorthernIreland_NIFLChampionship;Loughgall;Armagh;68.7;MEDIA-ALTA;8;2026-09-19;NorthernIreland_NIFLChampionship;NorthernIreland_NIFLChampionship;;Engine v1.3 | Squadra alta: Loughgall (11ª), squadra bassa: Armagh (15ª) | GF alta: 1.57/gara | GS bassa: 2.00/gara | Profilo ultime 10: 0.78 | Real over index: 0.57;10.22;13.1;;;18.18;7.82;5.71;;;;1.3.0
2026-09-19;NorthernIreland_NIFLChampionship;Moyola;Ards;68.68;MEDIA-ALTA;8;2026-09-19;NorthernIreland_NIFLChampionship;NorthernIreland_NIFLChampionship;;Engine v1.3 | Squadra alta: Ards (9ª), squadra bassa: Moyola (13ª) | GF alta: 1.57/gara | GS bassa: 2.43/gara | Profilo ultime 10: 0.83 | Real over index: 0.71;6.14;13.1;;;20.0;8.3;7.14;;;;1.3.0
2026-09-19;SouthKorea_KLeague1;Anyang;Ulsan HD;68.67;MEDIA-ALTA;30;2026-09-19;SouthKorea_KLeague1;SouthKorea_KLeague1;;Engine v1.3 | Squadra alta: Ulsan HD (2ª), squadra bassa: Anyang (9ª) | GF alta: 1.86/gara | GS bassa: 1.59/gara | Profilo ultime 10: 0.79 | Real over index: 0.70;9.83;15.52;;;14.42;7.91;7.0;;;;1.3.0
2026-09-19;Poland_IIILiga_Group1;Mazovia Minsk Mazowiecki;Plock 2;68.66;MEDIA-ALTA;9;2026-09-19;Poland_IIILiga_Group1;Poland_IIILiga_Group1;;Engine v1.3 | Squadra alta: Mazovia Minsk Mazowiecki (2ª), squadra bassa: Plock 2 (3ª) | GF alta: 2.88/gara | GS bassa: 1.62/gara | Profilo ultime 10: 0.90 | Real over index: 0.81;2.79;20.0;;;14.77;8.97;8.12;;;;1.3.0
2026-09-19;Austria_Tirol;Absam;Ebbs;68.64;MEDIA-ALTA;9;2026-09-19;Austria_Tirol;Austria_Tirol;;Engine v1.3 | Squadra alta: Absam (5ª), squadra bassa: Ebbs (8ª) | GF alta: 2.43/gara | GS bassa: 1.43/gara | Profilo ultime 10: 0.91 | Real over index: 0.86;3.94;20.0;;;12.99;9.14;8.57;;;;1.3.0
2026-09-19;Iceland_Division_1;Throttur;Fylkir;68.6;MEDIA-ALTA;35;2026-09-19;Iceland_Division_1;Iceland_Division_1;;Engine v1.3 | Squadra alta: Throttur (1ª), squadra bassa: Fylkir (3ª) | GF alta: 2.25/gara | GS bassa: 1.69/gara | Profilo ultime 10: 0.89 | Real over index: 0.80;4.73;18.75;;;15.38;8.9;8.0;;;;1.3.0
2026-09-19;Norway_3rdDivision_Group1;Baerum;Union Carl Berner;68.59;MEDIA-ALTA;24;2026-09-19;Norway_3rdDivision_Group1;Norway_3rdDivision_Group1;;Engine v1.3 | Squadra alta: Baerum (5ª), squadra bassa: Union Carl Berner (8ª) | GF alta: 3.05/gara | GS bassa: 1.53/gara | Profilo ultime 10: 0.78 | Real over index: 0.65;6.39;20.0;;;13.88;7.82;6.5;;;;1.3.0
2026-09-19;Latvia_NakotnesLiga;Super Nova 2;FK Smiltene;68.52;MEDIA-ALTA;22;2026-09-19;Latvia_NakotnesLiga;Latvia_NakotnesLiga;;Engine v1.3 | Squadra alta: Super Nova 2 (9ª), squadra bassa: FK Smiltene (11ª) | GF alta: 1.40/gara | GS bassa: 2.85/gara | Profilo ultime 10: 0.85 | Real over index: 0.75;6.9;11.67;;;20.0;8.45;7.5;;;;1.3.0
2026-09-19;Mexico_LigaExpansionMX_Apertura;Atletico La Paz;Correcaminos;68.52;MEDIA-ALTA;10;2026-09-19;Mexico_LigaExpansionMX_Apertura;Mexico_LigaExpansionMX_Apertura;;Engine v1.3 | Squadra alta: Atletico La Paz (3ª), squadra bassa: Correcaminos (7ª) | GF alta: 2.12/gara | GS bassa: 1.88/gara | Profilo ultime 10: 0.86 | Real over index: 0.75;4.58;17.71;;;17.05;8.62;7.5;;;;1.3.0
2026-09-19;Italy_SerieC_GironeC;Savoia;Casarano;68.51;MEDIA-ALTA;6;2026-09-19;Italy_SerieC_GironeC;Italy_SerieC_GironeC;;Engine v1.3 | Squadra alta: Casarano (4ª), squadra bassa: Savoia (14ª) | GF alta: 2.00/gara | GS bassa: 1.20/gara | Profilo ultime 10: 0.67 | Real over index: 0.45;15.97;16.67;;;10.91;6.74;4.5;;;;1.3.0
2026-09-19;Austria_Steiermark;Lebring;Ilzer SV;68.5;MEDIA-ALTA;5;2026-09-19;Austria_Steiermark;Austria_Steiermark;16 clubs, double round robin.;Engine v1.3 | Squadra alta: Ilzer SV (9ª), squadra bassa: Lebring (14ª) | GF alta: 1.67/gara | GS bassa: 1.75/gara | Profilo ultime 10: 0.75 | Real over index: 0.71;12.89;13.89;;;15.91;7.51;7.08;;;;1.3.0
2026-09-19;Italy_SerieC_GironeC;Salernitana;Giugliano;68.42;MEDIA-ALTA;6;2026-09-19;Italy_SerieC_GironeC;Italy_SerieC_GironeC;;Engine v1.3 | Squadra alta: Salernitana (11ª), squadra bassa: Giugliano (18ª) | GF alta: 1.60/gara | GS bassa: 3.00/gara | Profilo ultime 10: 0.82 | Real over index: 0.57;7.13;13.33;;;20.0;8.21;5.75;;;;1.3.0
2026-09-19;Germany_2Bundesliga;Kiel;Osnabruck;68.33;MEDIA-ALTA;6;2026-09-19;Germany_2Bundesliga;Germany_2Bundesliga;;Engine v1.3 | Squadra alta: Osnabruck (10ª), squadra bassa: Kiel (18ª) | GF alta: 1.60/gara | GS bassa: 1.80/gara | Profilo ultime 10: 0.83 | Real over index: 0.70;9.34;13.33;;;16.36;8.29;7.0;;;;1.3.0
2026-09-19;Netherlands_Eredivisie;Den Haag;Cambuur;68.22;MEDIA-ALTA;8;2026-09-19;Netherlands_Eredivisie;Netherlands_Eredivisie;;Engine v1.3 | Squadra alta: Cambuur (15ª), squadra bassa: Den Haag (18ª) | GF alta: 1.50/gara | GS bassa: 2.67/gara | Profilo ultime 10: 0.84 | Real over index: 0.83;6.13;12.5;;;20.0;8.43;8.33;;;;1.3.0
2026-09-19;Switzerland_SuperLeague;Young Boys;Servette;68.21;MEDIA-ALTA;10;2026-09-19;Switzerland_SuperLeague;Switzerland_SuperLeague;;Engine v1.3 | Squadra alta: Young Boys (3ª), squadra bassa: Servette (5ª) | GF alta: 3.50/gara | GS bassa: 1.25/gara | Profilo ultime 10: 0.79 | Real over index: 0.69;8.55;20.0;;;11.36;7.86;6.88;;;;1.3.0
2026-09-19;CzechRepublic_4Liga_GroupB;Tempo Prague;Vysehrad;68.05;MEDIA-ALTA;7;2026-09-19;CzechRepublic_4Liga_GroupB;CzechRepublic_4Liga_GroupB;CzechRepublic_4Liga;Engine v1.3 | Squadra alta: Tempo Prague (57ª), squadra bassa: Vysehrad (65ª) | GF alta: 1.50/gara | GS bassa: 3.00/gara | Profilo ultime 10: 0.91 | Real over index: 0.83;4.11;12.5;;;20.0;9.11;8.33;;;;1.3.0
2026-09-19;Kazakhstan_FirstLeague;Tobol 2;Kaspij Aktau 2;68.02;MEDIA-ALTA;33;2026-09-19;Kazakhstan_FirstLeague;Kazakhstan_FirstLeague;;Engine v1.3 | Squadra alta: Kaspij Aktau 2 (9ª), squadra bassa: Tobol 2 (13ª) | GF alta: 1.32/gara | GS bassa: 2.59/gara | Profilo ultime 10: 0.85 | Real over index: 0.70;7.57;10.98;;;20.0;8.47;7.0;;;;1.3.0
2026-09-19;Norway_3rdDivision_Group3;Austevoll;Askoy;67.78;MEDIA-ALTA;23;2026-09-19;Norway_3rdDivision_Group3;Norway_3rdDivision_Group3;;Engine v1.3 | Squadra alta: Askoy (2ª), squadra bassa: Austevoll (6ª) | GF alta: 1.85/gara | GS bassa: 2.20/gara | Profilo ultime 10: 0.71 | Real over index: 0.45;8.09;15.42;;;20.0;7.12;4.5;;;;1.3.0
2026-09-19;England_Championship;Birmingham;Middlesbrough;67.66;MEDIA-ALTA;9;2026-09-19;England_Championship;England_Championship;;Engine v1.3 | Squadra alta: Middlesbrough (2ª), squadra bassa: Birmingham (10ª) | GF alta: 2.17/gara | GS bassa: 1.17/gara | Profilo ultime 10: 0.77 | Real over index: 0.67;10.62;18.06;;;10.61;7.71;6.67;;;;1.3.0
2026-09-19;Netherlands_Eredivisie;Ajax;Excelsior;67.6;MEDIA-ALTA;8;2026-09-19;Netherlands_Eredivisie;Netherlands_Eredivisie;;Engine v1.3 | Squadra alta: Ajax (4ª), squadra bassa: Excelsior (6ª) | GF alta: 3.17/gara | GS bassa: 1.17/gara | Profilo ultime 10: 0.89 | Real over index: 0.92;5.67;20.0;;;10.61;8.88;9.17;;;;1.3.0
2026-09-19;Germany_Oberliga_RheinlandPfalzSaar;Koblenz;Mechtersheim;67.58;MEDIA-ALTA;12;2026-09-19;Germany_Oberliga_RheinlandPfalzSaar;Germany_Oberliga_RheinlandPfalzSaar;;Engine v1.3 | Squadra alta: Mechtersheim (2ª), squadra bassa: Koblenz (6ª) | GF alta: 2.62/gara | GS bassa: 1.38/gara | Profilo ultime 10: 0.82 | Real over index: 0.62;6.58;20.0;;;12.5;8.25;6.25;;;;1.3.0
2026-09-19;Norway_3rdDivision_Group4;Vag;Brodd;67.51;MEDIA-ALTA;23;2026-09-19;Norway_3rdDivision_Group4;Norway_3rdDivision_Group4;;Engine v1.3 | Squadra alta: Brodd (7ª), squadra bassa: Vag (9ª) | GF alta: 1.95/gara | GS bassa: 1.79/gara | Profilo ultime 10: 0.93 | Real over index: 0.85;3.19;16.23;;;16.27;9.32;8.5;;;;1.3.0
2026-09-19;Germany_Oberliga_NOFV_Nord;Siedenbollentin;Stendal;67.47;MEDIA-ALTA;5;2026-09-19;Germany_Oberliga_NOFV_Nord;Germany_Oberliga_NOFV_Nord;;Engine v1.3 | Squadra alta: Siedenbollentin (1ª), squadra bassa: Stendal (5ª) | GF alta: 2.25/gara | GS bassa: 1.50/gara | Profilo ultime 10: 0.84 | Real over index: 0.75;6.82;18.75;;;13.64;8.38;7.5;;;;1.3.0
2026-09-19;Slovenia_2SNL;Ilirija;Krsko Posavje;67.47;MEDIA-ALTA;8;2026-09-19;Slovenia_2SNL;Slovenia_2SNL;;Engine v1.3 | Squadra alta: Ilirija (4ª), squadra bassa: Krsko Posavje (14ª) | GF alta: 1.83/gara | GS bassa: 2.00/gara | Profilo ultime 10: 0.66 | Real over index: 0.50;13.08;15.28;;;18.18;6.59;5.0;;;;1.3.0
2026-09-19;Azerbaijan_PremierLeague;Sabah Baku;Imisli FK;67.43;MEDIA-ALTA;6;2026-09-19;Azerbaijan_PremierLeague;Azerbaijan_PremierLeague;;Engine v1.3 | Squadra alta: Sabah Baku (1ª), squadra bassa: Imisli FK (8ª) | GF alta: 2.75/gara | GS bassa: 1.25/gara | Profilo ultime 10: 0.60 | Real over index: 0.50;19.2;20.0;;;11.36;6.03;5.0;;;;1.3.0
2026-09-19;Estonia_Esiliiga;Elva;FC Tallinn;67.35;MEDIA-ALTA;35;2026-09-19;Estonia_Esiliiga;Estonia_Esiliiga;;Engine v1.3 | Squadra alta: Elva (4ª), squadra bassa: FC Tallinn (9ª) | GF alta: 1.61/gara | GS bassa: 2.21/gara | Profilo ultime 10: 0.64 | Real over index: 0.45;9.07;13.39;;;20.0;6.39;4.5;;;;1.3.0
2026-09-19;FaroeIslands_PremierLeague;HB Torshavn;Argir;67.28;MEDIA-ALTA;27;2026-09-19;FaroeIslands_PremierLeague;FaroeIslands_PremierLeague;;Engine v1.3 | Squadra alta: HB Torshavn (3ª), squadra bassa: Argir (6ª) | GF alta: 1.86/gara | GS bassa: 1.73/gara | Profilo ultime 10: 0.75 | Real over index: 0.60;9.42;15.48;;;15.7;7.53;6.0;;;;1.3.0
2026-09-19;Moldova_SuperLiga;Zimbru;Dacia Buiucani;67.22;MEDIA-ALTA;13;2026-09-19;Moldova_SuperLiga;Moldova_SuperLiga;;Engine v1.3 | Squadra alta: Zimbru (1ª), squadra bassa: Dacia Buiucani (4ª) | GF alta: 2.25/gara | GS bassa: 1.33/gara | Profilo ultime 10: 0.75 | Real over index: 0.65;10.45;18.75;;;12.12;7.46;6.5;;;;1.3.0
2026-09-19;FaroeIslands_1Deild;B36 Torshavn 2;Runavik 2;67.13;MEDIA-ALTA;25;2026-09-19;FaroeIslands_1Deild;FaroeIslands_1Deild;;Engine v1.3 | Squadra alta: Runavik 2 (6ª), squadra bassa: B36 Torshavn 2 (9ª) | GF alta: 1.40/gara | GS bassa: 2.84/gara | Profilo ultime 10: 0.89 | Real over index: 0.85;4.05;11.67;;;20.0;8.91;8.5;;;;1.3.0
2026-09-19;CzechRepublic_4Liga_GroupC;Prepere;Hlinsko;67.1;MEDIA-ALTA;7;2026-09-19;CzechRepublic_4Liga_GroupC;CzechRepublic_4Liga_GroupC;CzechRepublic_4Liga;Engine v1.3 | Squadra alta: Prepere (6ª), squadra bassa: Hlinsko (18ª) | GF alta: 3.17/gara | GS bassa: 1.00/gara | Profilo ultime 10: 0.80 | Real over index: 0.67;9.34;20.0;;;9.09;8.0;6.67;;;;1.3.0
2026-09-19;Germany_Oberliga_Niederrhein;FC Monheim;Baumberg;67.08;MEDIA-ALTA;9;2026-09-19;Germany_Oberliga_Niederrhein;Germany_Oberliga_Niederrhein;;Engine v1.3 | Squadra alta: FC Monheim (1ª), squadra bassa: Baumberg (2ª) | GF alta: 2.80/gara | GS bassa: 1.80/gara | Profilo ultime 10: 0.88 | Real over index: 0.80;0.45;20.0;;;16.36;8.8;8.0;;;;1.3.0
2026-09-19;Norway_OBOSLigaen;Åsane;Bryne;67.05;MEDIA-ALTA;23;2026-09-19;Norway_OBOSLigaen;Norway_OBOSLigaen;;Engine v1.3 | Squadra alta: Bryne (7ª), squadra bassa: Åsane (15ª) | GF alta: 1.27/gara | GS bassa: 2.18/gara | Profilo ultime 10: 0.73 | Real over index: 0.60;9.31;10.61;;;19.83;7.31;6.0;;;;1.3.0
2026-09-19;Norway_3rdDivision_Group4;Vindbjart;Mandalskameratene;67.05;MEDIA-ALTA;23;2026-09-19;Norway_3rdDivision_Group4;Norway_3rdDivision_Group4;;Engine v1.3 | Squadra alta: Vindbjart (2ª), squadra bassa: Mandalskameratene (3ª) | GF alta: 2.47/gara | GS bassa: 1.74/gara | Profilo ultime 10: 0.86 | Real over index: 0.80;1.09;20.0;;;15.79;8.65;8.0;;;;1.3.0
2026-09-19;Sweden_Division2_Norrland;Umea FC Akademi;Umea FF;67.03;MEDIA-ALTA;26;2026-09-19;Sweden_Division2_Norrland;Sweden_Division2_Norrland;;Engine v1.3 | Squadra alta: Umea FC Akademi (10ª), squadra bassa: Umea FF (12ª) | GF alta: 1.83/gara | GS bassa: 2.06/gara | Profilo ultime 10: 0.92 | Real over index: 0.80;1.81;15.28;;;18.69;9.25;8.0;;;;1.3.0
2026-09-19;Turkey_1Lig;Sariyer;Boluspor;66.99;MEDIA-ALTA;8;2026-09-19;Turkey_1Lig;Turkey_1Lig;;Engine v1.3 | Squadra alta: Sariyer (7ª), squadra bassa: Boluspor (20ª) | GF alta: 1.29/gara | GS bassa: 2.57/gara | Profilo ultime 10: 0.53 | Real over index: 0.43;18.89;10.71;;;20.0;5.28;4.29;;;;1.3.0
2026-09-19;Germany_Oberliga_Bayern_Nord;Fortuna Regensburg;Stadeln;66.96;MEDIA-ALTA;15;2026-09-19;Germany_Oberliga_Bayern_Nord;Germany_Oberliga_Bayern_Nord;;Engine v1.3 | Squadra alta: Fortuna Regensburg (8ª), squadra bassa: Stadeln (10ª) | GF alta: 2.40/gara | GS bassa: 1.60/gara | Profilo ultime 10: 0.81 | Real over index: 0.65;3.77;20.0;;;14.55;8.14;6.5;;;;1.3.0
2026-09-19;Germany_Oberliga_Bayern_Sud;Pfaffenhofen;Hankofen-Hailing;66.8;MEDIA-ALTA;12;2026-09-19;Germany_Oberliga_Bayern_Sud;Germany_Oberliga_Bayern_Sud;;Engine v1.3 | Squadra alta: Hankofen-Hailing (3ª), squadra bassa: Pfaffenhofen (5ª) | GF alta: 2.11/gara | GS bassa: 1.90/gara | Profilo ultime 10: 0.81 | Real over index: 0.63;5.78;17.59;;;17.27;8.09;6.28;;;;1.3.0
2026-09-19;Switzerland_PromotionLeague;Breitenrain;Biel;66.77;MEDIA-ALTA;10;2026-09-19;Switzerland_PromotionLeague;Switzerland_PromotionLeague;;Engine v1.3 | Squadra alta: Biel (1ª), squadra bassa: Breitenrain (8ª) | GF alta: 2.14/gara | GS bassa: 1.29/gara | Profilo ultime 10: 0.73 | Real over index: 0.50;11.01;17.86;;;11.69;7.29;5.0;;;;1.3.0
2026-09-19;Sweden_Division2_VastraGotaland;Astrio;Onsala;66.71;MEDIA-ALTA;24;2026-09-19;Sweden_Division2_VastraGotaland;Sweden_Division2_VastraGotaland;;Engine v1.3 | Squadra alta: Onsala (9ª), squadra bassa: Astrio (14ª) | GF alta: 1.35/gara | GS bassa: 2.43/gara | Profilo ultime 10: 0.71 | Real over index: 0.70;10.19;11.23;;;20.0;7.12;7.0;;;;1.3.0
2026-09-19;Belarus_PershayaLiga;Minsk 2;Osipovichi;66.69;MEDIA-ALTA;27;2026-09-19;Belarus_PershayaLiga;Belarus_PershayaLiga;;Engine v1.3 | Squadra alta: Minsk 2 (12ª), squadra bassa: Osipovichi (18ª) | GF alta: 1.46/gara | GS bassa: 2.54/gara | Profilo ultime 10: 0.75 | Real over index: 0.65;7.48;12.15;;;20.0;7.48;6.5;;;;1.3.0
2026-09-19;Austria_Regionalliga_West;SK St. Johann;Lochau;66.66;MEDIA-ALTA;9;2026-09-19;Austria_Regionalliga_West;Austria_Regionalliga_West;;Engine v1.3 | Squadra alta: SK St. Johann (6ª), squadra bassa: Lochau (12ª) | GF alta: 1.29/gara | GS bassa: 2.71/gara | Profilo ultime 10: 0.78 | Real over index: 0.64;8.53;10.71;;;20.0;7.84;6.43;;;;1.3.0
2026-09-19;Croatia_PrvaNL;Bijelo Brdo;Hrvace;66.66;MEDIA-ALTA;6;2026-09-19;Croatia_PrvaNL;Croatia_PrvaNL;;Engine v1.3 | Squadra alta: Bijelo Brdo (3ª), squadra bassa: Hrvace (16ª) | GF alta: 1.20/gara | GS bassa: 2.20/gara | Profilo ultime 10: 0.51 | Real over index: 0.40;20.97;10.0;;;20.0;5.05;4.0;;;;1.3.0
2026-09-19;Norway_3rdDivision_Group5;Ulfstind;Bossekop;66.65;MEDIA-ALTA;22;2026-09-19;Norway_3rdDivision_Group5;Norway_3rdDivision_Group5;;Engine v1.3 | Squadra alta: Bossekop (12ª), squadra bassa: Ulfstind (14ª) | GF alta: 1.58/gara | GS bassa: 3.47/gara | Profilo ultime 10: 0.93 | Real over index: 0.80;2.19;13.16;;;20.0;9.3;8.0;;;;1.3.0
2026-09-19;Poland_IIILiga_Group3;Stilon Gorzow;ROW Rybnik;66.6;MEDIA-ALTA;9;2026-09-19;Poland_IIILiga_Group3;Poland_IIILiga_Group3;;Engine v1.3 | Squadra alta: ROW Rybnik (10ª), squadra bassa: Stilon Gorzow (11ª) | GF alta: 2.38/gara | GS bassa: 1.62/gara | Profilo ultime 10: 0.89 | Real over index: 0.75;1.6;19.79;;;14.77;8.94;7.5;;;;1.3.0
2026-09-19;Sweden_Division2_NorraSvealand;Kungsangen;Falu;66.52;MEDIA-ALTA;23;2026-09-19;Sweden_Division2_NorraSvealand;Sweden_Division2_NorraSvealand;;Engine v1.3 | Squadra alta: Falu (4ª), squadra bassa: Kungsangen (11ª) | GF alta: 1.62/gara | GS bassa: 1.64/gara | Profilo ultime 10: 0.64 | Real over index: 0.45;15.83;13.49;;;14.88;6.35;4.5;;;;1.3.0
2026-09-19;Germany_Oberliga_SchleswigHolstein;Oldenburger;Eichede;66.4;MEDIA-ALTA;9;2026-09-19;Germany_Oberliga_SchleswigHolstein;Germany_Oberliga_SchleswigHolstein;;Engine v1.3 | Squadra alta: Oldenburger (8ª), squadra bassa: Eichede (14ª) | GF alta: 2.38/gara | GS bassa: 1.25/gara | Profilo ultime 10: 0.77 | Real over index: 0.69;7.85;19.79;;;11.36;7.69;6.88;;;;1.3.0
2026-09-19;Norway_3rdDivision_Group1;Nordstrand;Lokomotiv Oslo;66.39;MEDIA-ALTA;24;2026-09-19;Norway_3rdDivision_Group1;Norway_3rdDivision_Group1;;Engine v1.3 | Squadra alta: Nordstrand (9ª), squadra bassa: Lokomotiv Oslo (11ª) | GF alta: 1.75/gara | GS bassa: 2.90/gara | Profilo ultime 10: 0.91 | Real over index: 0.75;1.18;14.58;;;20.0;9.12;7.5;;;;1.3.0
2026-09-19;Poland_Division2;Z. Gora;Pruszkow;66.35;MEDIA-ALTA;9;2026-09-19;Poland_Division2;Poland_Division2;;Engine v1.3 | Squadra alta: Pruszkow (1ª), squadra bassa: Z. Gora (9ª) | GF alta: 2.00/gara | GS bassa: 1.50/gara | Profilo ultime 10: 0.78 | Real over index: 0.56;9.58;16.67;;;13.64;7.78;5.62;;;;1.3.0
2026-09-19;Spain_LaLiga;Siviglia;Barcellona;66.3;MEDIA-ALTA;9;2026-09-19;Spain_LaLiga;Spain_LaLiga;;Engine v1.3 | Squadra alta: Barcellona (1ª), squadra bassa: Siviglia (6ª) | GF alta: 4.67/gara | GS bassa: 1.00/gara | Profilo ultime 10: 0.71 | Real over index: 0.62;11.56;20.0;;;9.09;7.1;6.17;;;;1.3.0
2026-09-19;France_Ligue1;Le Mans;Lorient;66.25;MEDIA-ALTA;5;2026-09-19;France_Ligue1;France_Ligue1;;Engine v1.3 | Squadra alta: Lorient (9ª), squadra bassa: Le Mans (13ª) | GF alta: 1.33/gara | GS bassa: 2.00/gara | Profilo ultime 10: 0.81 | Real over index: 0.67;8.17;11.11;;;18.18;8.12;6.67;;;;1.3.0
2026-09-19;England_PremierLeague;Nottingham;Coventry;66.19;MEDIA-ALTA;5;2026-09-19;England_PremierLeague;England_PremierLeague;;Engine v1.3 | Squadra alta: Nottingham (7ª), squadra bassa: Coventry (20ª) | GF alta: 1.33/gara | GS bassa: 2.33/gara | Profilo ultime 10: 0.51 | Real over index: 0.50;19.57;11.11;;;20.0;5.12;5.0;;;;1.3.0
2026-09-19;FaroeIslands_1Deild;Vikingur 2;FC Suduroy;66.08;MEDIA-ALTA;25;2026-09-19;FaroeIslands_1Deild;FaroeIslands_1Deild;;Engine v1.3 | Squadra alta: Vikingur 2 (1ª), squadra bassa: FC Suduroy (3ª) | GF alta: 2.48/gara | GS bassa: 1.35/gara | Profilo ultime 10: 0.85 | Real over index: 0.80;3.31;20.0;;;12.27;8.5;8.0;;;;1.3.0
2026-09-19;Denmark_3rdDivision;Ishoj;BK Frem;66.07;MEDIA-ALTA;8;2026-09-19;Denmark_3rdDivision;Denmark_3rdDivision;;Engine v1.3 | Squadra alta: BK Frem (8ª), squadra bassa: Ishoj (12ª) | GF alta: 2.00/gara | GS bassa: 2.00/gara | Profilo ultime 10: 0.61 | Real over index: 0.50;12.33;16.67;;;18.18;6.06;5.0;;;;1.3.0
2026-09-19;Spain_LaLiga2;Cadice;Girona;66.05;MEDIA-ALTA;6;2026-09-19;Spain_LaLiga2;Spain_LaLiga2;;Engine v1.3 | Squadra alta: Girona (10ª), squadra bassa: Cadice (19ª) | GF alta: 2.25/gara | GS bassa: 1.25/gara | Profilo ultime 10: 0.59 | Real over index: 0.38;15.22;18.75;;;11.36;5.87;3.75;;;;1.3.0
2026-09-19;Germany_Regionalliga_Bayern;Ansbach;Eltersdorf;65.96;MEDIA-ALTA;11;2026-09-19;Germany_Regionalliga_Bayern;Germany_Regionalliga_Bayern;;Engine v1.3 | Squadra alta: Eltersdorf (8ª), squadra bassa: Ansbach (19ª) | GF alta: 1.38/gara | GS bassa: 2.25/gara | Profilo ultime 10: 0.59 | Real over index: 0.44;14.52;11.46;;;20.0;5.91;4.38;;;;1.3.0
2026-09-19;Italy_SerieC_GironeC;Audace Cerignola;Casertana;65.92;MEDIA-ALTA;6;2026-09-19;Italy_SerieC_GironeC;Italy_SerieC_GironeC;;Engine v1.3 | Squadra alta: Casertana (2ª), squadra bassa: Audace Cerignola (9ª) | GF alta: 2.00/gara | GS bassa: 1.00/gara | Profilo ultime 10: 0.78 | Real over index: 0.62;12.37;16.67;;;9.09;7.81;6.25;;;;1.3.0
2026-09-19;Germany_Regionalliga_Sudwest;Homburg;Kassel;65.9;MEDIA-ALTA;10;2026-09-19;Germany_Regionalliga_Sudwest;Germany_Regionalliga_Sudwest;;Engine v1.3 | Squadra alta: Homburg (5ª), squadra bassa: Kassel (10ª) | GF alta: 1.43/gara | GS bassa: 1.86/gara | Profilo ultime 10: 0.83 | Real over index: 0.71;7.71;11.9;;;16.88;8.33;7.14;;;;1.3.0
2026-09-19;England_LeagueOne;Sheffield Wed;Stockport;65.86;MEDIA-ALTA;8;2026-09-19;England_LeagueOne;England_LeagueOne;;Engine v1.3 | Squadra alta: Sheffield Wed (1ª), squadra bassa: Stockport (6ª) | GF alta: 2.17/gara | GS bassa: 1.60/gara | Profilo ultime 10: 0.84 | Real over index: 0.73;5.17;18.06;;;14.55;8.37;7.33;;;;1.3.0
2026-09-19;England_Championship;QPR;Preston;65.85;MEDIA-ALTA;9;2026-09-19;England_Championship;England_Championship;;Engine v1.3 | Squadra alta: QPR (6ª), squadra bassa: Preston (22ª) | GF alta: 1.33/gara | GS bassa: 1.67/gara | Profilo ultime 10: 0.63 | Real over index: 0.58;18.07;11.11;;;15.15;6.34;5.83;;;;1.3.0
2026-09-19;England_LeagueOne;Oxford Utd;Cambridge Utd;65.85;MEDIA-ALTA;8;2026-09-19;England_LeagueOne;England_LeagueOne;;Engine v1.3 | Squadra alta: Cambridge Utd (4ª), squadra bassa: Oxford Utd (10ª) | GF alta: 2.00/gara | GS bassa: 1.25/gara | Profilo ultime 10: 0.94 | Real over index: 1.00;4.39;16.67;;;11.36;9.43;10.0;;;;1.3.0
2026-09-19;France_Ligue2;Metz;St. Etienne;65.75;MEDIA-ALTA;7;2026-09-19;France_Ligue2;France_Ligue2;;Engine v1.3 | Squadra alta: St. Etienne (1ª), squadra bassa: Metz (7ª) | GF alta: 2.60/gara | GS bassa: 0.80/gara | Profilo ultime 10: 0.77 | Real over index: 0.70;10.34;20.0;;;7.27;7.67;7.0;;;;1.3.0
2026-09-19;CzechRepublic_3CFL_GroupA;Slavia Praga U20;Domazlice;65.65;MEDIA-ALTA;9;2026-09-19;CzechRepublic_3CFL_GroupA;CzechRepublic_3CFL_GroupA;CzechRepublic_3rdTier;Engine v1.3 | Squadra alta: Domazlice (10ª), squadra bassa: Slavia Praga U20 (17ª) | GF alta: 2.00/gara | GS bassa: 1.33/gara | Profilo ultime 10: 0.74 | Real over index: 0.55;9.95;16.67;;;12.12;7.42;5.5;;;;1.3.0
2026-09-19;Germany_Oberliga_RheinlandPfalzSaar;Auersmacher;Emmelshausen-Karbach;65.64;MEDIA-ALTA;12;2026-09-19;Germany_Oberliga_RheinlandPfalzSaar;Germany_Oberliga_RheinlandPfalzSaar;;Engine v1.3 | Squadra alta: Emmelshausen-Karbach (7ª), squadra bassa: Auersmacher (12ª) | GF alta: 1.75/gara | GS bassa: 1.75/gara | Profilo ultime 10: 0.90 | Real over index: 0.75;4.65;14.58;;;15.91;9.0;7.5;;;;1.3.0
2026-09-19;Poland_IIILiga_Group2;Lipno Steszew;Koszalin;65.63;MEDIA-ALTA;9;2026-09-19;Poland_IIILiga_Group2;Poland_IIILiga_Group2;;Engine v1.3 | Squadra alta: Koszalin (11ª), squadra bassa: Lipno Steszew (18ª) | GF alta: 1.00/gara | GS bassa: 2.50/gara | Profilo ultime 10: 0.65 | Real over index: 0.56;12.37;8.33;;;20.0;6.47;5.62;;;;1.3.0
2026-09-19;Germany_Oberliga_Bayern_Sud;Kottern-St. Mang;Ismaning;65.48;MEDIA-ALTA;12;2026-09-19;Germany_Oberliga_Bayern_Sud;Germany_Oberliga_Bayern_Sud;;Engine v1.3 | Squadra alta: Ismaning (8ª), squadra bassa: Kottern-St. Mang (16ª) | GF alta: 2.00/gara | GS bassa: 1.70/gara | Profilo ultime 10: 0.69 | Real over index: 0.55;9.34;16.67;;;15.45;6.85;5.5;;;;1.3.0
2026-09-19;Slovakia_3Liga_West;Castkovce;Komarno B;65.43;MEDIA-ALTA;7;2026-09-19;Slovakia_3Liga_West;Slovakia_3Liga_West;;Engine v1.3 | Squadra alta: Komarno B (9ª), squadra bassa: Castkovce (13ª) | GF alta: 1.17/gara | GS bassa: 2.50/gara | Profilo ultime 10: 0.82 | Real over index: 0.67;6.82;9.72;;;20.0;8.22;6.67;;;;1.3.0
2026-09-19;Italy_SerieC_GironeC;Altamura;Picerno;65.31;MEDIA-ALTA;6;2026-09-19;Italy_SerieC_GironeC;Italy_SerieC_GironeC;;Engine v1.3 | Squadra alta: Picerno (3ª), squadra bassa: Altamura (17ª) | GF alta: 2.20/gara | GS bassa: 1.40/gara | Profilo ultime 10: 0.57 | Real over index: 0.40;15.21;18.33;;;12.73;5.71;4.0;;;;1.3.0
2026-09-19;NorthernIreland_NIFLChampionship;H&W Welders;Ballinamallard;65.29;MEDIA-ALTA;8;2026-09-19;NorthernIreland_NIFLChampionship;NorthernIreland_NIFLChampionship;;Engine v1.3 | Squadra alta: H&W Welders (4ª), squadra bassa: Ballinamallard (8ª) | GF alta: 2.00/gara | GS bassa: 1.43/gara | Profilo ultime 10: 0.80 | Real over index: 0.64;8.86;16.67;;;12.99;7.96;6.43;;;;1.3.0
2026-09-19;Hungary_NBII;Kecskemeti;Szeged;65.09;MEDIA-ALTA;8;2026-09-19;Hungary_NBII;Hungary_NBII;;Engine v1.3 | Squadra alta: Kecskemeti (3ª), squadra bassa: Szeged (11ª) | GF alta: 2.00/gara | GS bassa: 1.20/gara | Profilo ultime 10: 0.71 | Real over index: 0.56;11.73;16.67;;;10.91;7.06;5.57;;;;1.3.0
2026-09-19;England_LeagueOne;Barnsley;Leicester;65.04;MEDIA-ALTA;8;2026-09-19;England_LeagueOne;England_LeagueOne;;Engine v1.3 | Squadra alta: Leicester (9ª), squadra bassa: Barnsley (15ª) | GF alta: 1.40/gara | GS bassa: 2.20/gara | Profilo ultime 10: 0.76 | Real over index: 0.60;5.82;11.67;;;20.0;7.56;6.0;;;;1.3.0
2026-09-19;Germany_Regionalliga_Sudwest;Eint. Frankfurt 2;Steinbach Haiger;64.99;MEDIA-ALTA;10;2026-09-19;Germany_Regionalliga_Sudwest;Germany_Regionalliga_Sudwest;;Engine v1.3 | Squadra alta: Steinbach Haiger (9ª), squadra bassa: Eint. Frankfurt 2 (13ª) | GF alta: 1.71/gara | GS bassa: 1.71/gara | Profilo ultime 10: 0.87 | Real over index: 0.79;4.54;14.29;;;15.58;8.72;7.86;;;;1.3.0
2026-09-19;Germany_2Bundesliga;Kaiserslautern;Braunschweig;64.94;MEDIA-ALTA;6;2026-09-19;Germany_2Bundesliga;Germany_2Bundesliga;;Engine v1.3 | Squadra alta: Kaiserslautern (6ª), squadra bassa: Braunschweig (13ª) | GF alta: 1.00/gara | GS bassa: 2.40/gara | Profilo ultime 10: 0.75 | Real over index: 0.70;10.8;8.33;;;20.0;7.51;7.0;;;;1.3.0
2026-09-19;Peru_Liga1_Clausura;A. Lima;AD Tarma;64.91;MEDIA-ALTA;10;2026-09-19;Peru_Liga1_Clausura;Peru_Liga1_Clausura;;Engine v1.3 | Squadra alta: A. Lima (11ª), squadra bassa: AD Tarma (17ª) | GF alta: 1.25/gara | GS bassa: 2.29/gara | Profilo ultime 10: 0.59 | Real over index: 0.47;14.29;10.42;;;20.0;5.92;4.73;;;;1.3.0
2026-09-19;Germany_Oberliga_Bayern_Nord;DJK Bamberg;Ingolstadt 2;64.8;MEDIA-ALTA;15;2026-09-19;Germany_Oberliga_Bayern_Nord;Germany_Oberliga_Bayern_Nord;;Engine v1.3 | Squadra alta: Ingolstadt 2 (14ª), squadra bassa: DJK Bamberg (16ª) | GF alta: 1.80/gara | GS bassa: 2.40/gara | Profilo ultime 10: 0.81 | Real over index: 0.70;1.86;15.0;;;20.0;8.11;7.0;;;;1.3.0
2026-09-19;Slovenia_2SNL;Beltinci;Tabor Sezana;64.73;MEDIA-ALTA;8;2026-09-19;Slovenia_2SNL;Slovenia_2SNL;;Engine v1.3 | Squadra alta: Tabor Sezana (1ª), squadra bassa: Beltinci (5ª) | GF alta: 2.67/gara | GS bassa: 1.33/gara | Profilo ultime 10: 0.73 | Real over index: 0.58;11.59;20.0;;;12.12;7.29;5.83;;;;1.3.0
2026-09-19;CzechRepublic_4Liga_GroupA;Petrin Plzen;Krimice;64.72;MEDIA-ALTA;7;2026-09-19;CzechRepublic_4Liga_GroupA;CzechRepublic_4Liga_GroupA;CzechRepublic_4Liga;Engine v1.3 | Squadra alta: Petrin Plzen (14ª), squadra bassa: Krimice (22ª) | GF alta: 3.00/gara | GS bassa: 1.33/gara | Profilo ultime 10: 0.78 | Real over index: 0.58;5.7;20.0;;;12.12;7.79;5.83;;;;1.3.0
2026-09-19;Moldova_SuperLiga;Politehnica UTM;Petrocub;64.71;MEDIA-ALTA;13;2026-09-19;Moldova_SuperLiga;Moldova_SuperLiga;;Engine v1.3 | Squadra alta: Petrocub (3ª), squadra bassa: Politehnica UTM (5ª) | GF alta: 1.92/gara | GS bassa: 1.50/gara | Profilo ultime 10: 0.83 | Real over index: 0.70;6.97;15.97;;;13.64;8.3;7.0;;;;1.3.0
2026-09-19;Austria_Steiermark;SV Schermann Rorhrbach;Furstenfeld;64.57;MEDIA-ALTA;5;2026-09-19;Austria_Steiermark;Austria_Steiermark;16 clubs, double round robin.;Engine v1.3 | Squadra alta: SV Schermann Rorhrbach (11ª), squadra bassa: Furstenfeld (13ª) | GF alta: 2.00/gara | GS bassa: 2.33/gara | Profilo ultime 10: 0.54 | Real over index: 0.33;15.33;16.67;;;20.0;5.35;3.33;;;;1.3.0
2026-09-19;Wales_CymruPremier;TNS;Llandudno;64.56;MEDIA-ALTA;10;2026-09-19;Wales_CymruPremier;Wales_CymruPremier;;Engine v1.3 | Squadra alta: TNS (1ª), squadra bassa: Llandudno (6ª) | GF alta: 2.67/gara | GS bassa: 1.33/gara | Profilo ultime 10: 0.71 | Real over index: 0.50;11.56;20.0;;;12.12;7.08;5.0;;;;1.3.0
2026-09-19;Germany_Regionalliga_Nordost;BFC Preussen;Tasmania Berlin;64.48;MEDIA-ALTA;11;2026-09-19;Germany_Regionalliga_Nordost;Germany_Regionalliga_Nordost;;Engine v1.3 | Squadra alta: BFC Preussen (12ª), squadra bassa: Tasmania Berlin (17ª) | GF alta: 1.22/gara | GS bassa: 3.22/gara | Profilo ultime 10: 0.71 | Real over index: 0.61;7.56;10.19;;;20.0;7.14;6.11;;;;1.3.0
2026-09-19;Norway_2ndDivision_Group1;Halden;Jerv;64.46;MEDIA-ALTA;21;2026-09-19;Norway_2ndDivision_Group1;Norway_2ndDivision_Group1;;Engine v1.3 | Squadra alta: Jerv (1ª), squadra bassa: Halden (7ª) | GF alta: 2.10/gara | GS bassa: 1.16/gara | Profilo ultime 10: 0.77 | Real over index: 0.60;10.88;17.5;;;10.53;7.71;6.0;;;;1.3.0
2026-09-19;Sweden_Division2_SodraGotaland;Torns;Rappe GOIF;64.42;MEDIA-ALTA;27;2026-09-19;Sweden_Division2_SodraGotaland;Sweden_Division2_SodraGotaland;;Engine v1.3 | Squadra alta: Torns (12ª), squadra bassa: Rappe GOIF (13ª) | GF alta: 1.38/gara | GS bassa: 2.33/gara | Profilo ultime 10: 0.80 | Real over index: 0.80;3.77;11.51;;;20.0;8.03;8.0;;;;1.3.0
2026-09-19;Germany_Oberliga_Bayern_Nord;Bayern Hof;Regensburg 2;64.36;MEDIA-ALTA;15;2026-09-19;Germany_Oberliga_Bayern_Nord;Germany_Oberliga_Bayern_Nord;;Engine v1.3 | Squadra alta: Bayern Hof (5ª), squadra bassa: Regensburg 2 (7ª) | GF alta: 2.10/gara | GS bassa: 1.70/gara | Profilo ultime 10: 0.85 | Real over index: 0.70;1.86;17.5;;;15.45;8.55;7.0;;;;1.3.0
2026-09-19;Sweden_Division1_Norra;FBK Karlstad;Sollentuna;64.28;MEDIA-ALTA;25;2026-09-19;Sweden_Division1_Norra;Sweden_Division1_Norra;;Engine v1.3 | Squadra alta: FBK Karlstad (6ª), squadra bassa: Sollentuna (13ª) | GF alta: 1.64/gara | GS bassa: 1.52/gara | Profilo ultime 10: 0.77 | Real over index: 0.60;10.53;13.64;;;13.83;7.71;6.0;;;;1.3.0
2026-09-19;Norway_3rdDivision_Group2;FK Kvik;Ntnui;64.22;MEDIA-ALTA;23;2026-09-19;Norway_3rdDivision_Group2;Norway_3rdDivision_Group2;;Engine v1.3 | Squadra alta: FK Kvik (11ª), squadra bassa: Ntnui (13ª) | GF alta: 1.63/gara | GS bassa: 2.21/gara | Profilo ultime 10: 0.79 | Real over index: 0.65;2.19;13.6;;;20.0;7.93;6.5;;;;1.3.0
2026-09-19;Italy_SerieA;Udinese;Cagliari;64.07;MEDIA-ALTA;5;2026-09-19;Italy_SerieA;Italy_SerieA;;Engine v1.3 | Squadra alta: Cagliari (9ª), squadra bassa: Udinese (13ª) | GF alta: 1.00/gara | GS bassa: 3.00/gara | Profilo ultime 10: 0.73 | Real over index: 0.67;11.15;8.33;;;20.0;7.32;6.67;;;;1.3.0
2026-09-19;Bosnia_PrvaLiga_FBiH;Sloboda;Hadzici;64.03;MEDIA-ALTA;7;2026-09-19;Bosnia_PrvaLiga_FBiH;Bosnia_PrvaLiga_FBiH;double round robin inferred from league size.;Engine v1.3 | Squadra alta: Sloboda (4ª), squadra bassa: Hadzici (15ª) | GF alta: 2.00/gara | GS bassa: 1.25/gara | Profilo ultime 10: 0.53 | Real over index: 0.42;18.52;16.67;;;11.36;5.31;4.25;;;;1.3.0
2026-09-19;Switzerland_SuperLeague;Luzern;Grasshoppers;63.89;MEDIA-ALTA;10;2026-09-19;Switzerland_SuperLeague;Switzerland_SuperLeague;;Engine v1.3 | Squadra alta: Luzern (8ª), squadra bassa: Grasshoppers (9ª) | GF alta: 1.50/gara | GS bassa: 2.38/gara | Profilo ultime 10: 0.86 | Real over index: 0.69;1.89;12.5;;;20.0;8.62;6.88;;;;1.3.0
2026-09-19;NorthernIreland_NIFLChampionship;Institute;Warrenpoint;63.83;MEDIA-ALTA;8;2026-09-19;NorthernIreland_NIFLChampionship;NorthernIreland_NIFLChampionship;;Engine v1.3 | Squadra alta: Warrenpoint (7ª), squadra bassa: Institute (10ª) | GF alta: 2.14/gara | GS bassa: 1.71/gara | Profilo ultime 10: 0.84 | Real over index: 0.64;1.54;17.86;;;15.58;8.42;6.43;;;;1.3.0
2026-09-19;Germany_Regionalliga_West;Westfalia Rhynern;Colonia 2;63.79;MEDIA-ALTA;10;2026-09-19;Germany_Regionalliga_West;Germany_Regionalliga_West;;Engine v1.3 | Squadra alta: Westfalia Rhynern (5ª), squadra bassa: Colonia 2 (7ª) | GF alta: 1.75/gara | GS bassa: 1.50/gara | Profilo ultime 10: 0.90 | Real over index: 0.81;4.48;14.58;;;13.64;8.97;8.12;;;;1.3.0
2026-09-19;Belarus_PershayaLiga;Volna Pinsk;SKA-1938;63.76;MEDIA-ALTA;27;2026-09-19;Belarus_PershayaLiga;Belarus_PershayaLiga;;Engine v1.3 | Squadra alta: SKA-1938 (4ª), squadra bassa: Volna Pinsk (8ª) | GF alta: 1.88/gara | GS bassa: 1.71/gara | Profilo ultime 10: 0.73 | Real over index: 0.60;5.78;15.62;;;15.53;7.32;6.0;;;;1.3.0
2026-09-19;Serbia_SuperLiga;Radnik;Partizan;63.69;MEDIA-ALTA;12;2026-09-19;Serbia_SuperLiga;Serbia_SuperLiga;;Engine v1.3 | Squadra alta: Radnik (5ª), squadra bassa: Partizan (13ª) | GF alta: 1.11/gara | GS bassa: 1.88/gara | Profilo ultime 10: 0.77 | Real over index: 0.66;9.54;9.26;;;17.05;7.67;6.6;;;;1.3.0
2026-09-19;Germany_Oberliga_Hessen;Stadtallendorf;Darmstadt U21;63.65;MEDIA-ALTA;11;2026-09-19;Germany_Oberliga_Hessen;Germany_Oberliga_Hessen;;Engine v1.3 | Squadra alta: Stadtallendorf (3ª), squadra bassa: Darmstadt U21 (8ª) | GF alta: 2.67/gara | GS bassa: 1.33/gara | Profilo ultime 10: 0.81 | Real over index: 0.72;4.38;20.0;;;12.12;8.14;7.22;;;;1.3.0
2026-09-19;Austria_Niederosterreich;Ortmann;Wiener Neustadt;63.63;MEDIA-ALTA;7;2026-09-19;Austria_Niederosterreich;Austria_Niederosterreich;;Engine v1.3 | Squadra alta: Wiener Neustadt (1ª), squadra bassa: Ortmann (10ª) | GF alta: 2.00/gara | GS bassa: 1.33/gara | Profilo ultime 10: 0.62 | Real over index: 0.42;14.15;16.67;;;12.12;6.2;4.17;;;;1.3.0
2026-09-19;CzechRepublic_3CFL_GroupA;Pribram B;Dukla Praga B;63.54;MEDIA-ALTA;9;2026-09-19;CzechRepublic_3CFL_GroupA;CzechRepublic_3CFL_GroupA;CzechRepublic_3rdTier;Engine v1.3 | Squadra alta: Dukla Praga B (24ª), squadra bassa: Pribram B (28ª) | GF alta: 1.17/gara | GS bassa: 2.67/gara | Profilo ultime 10: 0.79 | Real over index: 0.67;5.23;9.72;;;20.0;7.92;6.67;;;;1.3.0
2026-09-19;Germany_Oberliga_BadenWurttemberg;Backnang;Oberachern;63.52;MEDIA-ALTA;10;2026-09-19;Germany_Oberliga_BadenWurttemberg;Germany_Oberliga_BadenWurttemberg;;Engine v1.3 | Squadra alta: Oberachern (1ª), squadra bassa: Backnang (3ª) | GF alta: 2.43/gara | GS bassa: 1.43/gara | Profilo ultime 10: 0.81 | Real over index: 0.71;3.63;20.0;;;12.99;8.14;7.14;;;;1.3.0
2026-09-19;Italy_SerieC_GironeC;Cosenza;Scafatese;63.52;MEDIA-ALTA;6;2026-09-19;Italy_SerieC_GironeC;Italy_SerieC_GironeC;;Engine v1.3 | Squadra alta: Scafatese (15ª), squadra bassa: Cosenza (20ª) | GF alta: 1.00/gara | GS bassa: 2.75/gara | Profilo ultime 10: 0.63 | Real over index: 0.62;11.56;8.33;;;20.0;6.27;6.25;;;;1.3.0
2026-09-19;Germany_Oberliga_Bayern_Sud;Schwabmunchen;Deisenhofen;63.47;MEDIA-ALTA;12;2026-09-19;Germany_Oberliga_Bayern_Sud;Germany_Oberliga_Bayern_Sud;;Engine v1.3 | Squadra alta: Deisenhofen (12ª), squadra bassa: Schwabmunchen (14ª) | GF alta: 1.40/gara | GS bassa: 2.10/gara | Profilo ultime 10: 0.84 | Real over index: 0.65;3.77;11.67;;;19.09;8.44;6.5;;;;1.3.0
2026-09-19;Latvia_NakotnesLiga;Valmiera;Riga Mariners;63.47;MEDIA-ALTA;22;2026-09-19;Latvia_NakotnesLiga;Latvia_NakotnesLiga;;Engine v1.3 | Squadra alta: Valmiera (2ª), squadra bassa: Riga Mariners (3ª) | GF alta: 3.20/gara | GS bassa: 1.05/gara | Profilo ultime 10: 0.89 | Real over index: 0.85;2.5;20.0;;;9.55;8.93;8.5;;;;1.3.0
2026-09-19;Bolivia_DivisionProfesional;Independiente;SA Bulo Bulo;63.42;MEDIA-ALTA;25;2026-09-19;Bolivia_DivisionProfesional;Bolivia_DivisionProfesional;;Engine v1.3 | Squadra alta: Independiente (10ª), squadra bassa: SA Bulo Bulo (15ª) | GF alta: 1.37/gara | GS bassa: 2.05/gara | Profilo ultime 10: 0.73 | Real over index: 0.70;6.58;11.4;;;18.66;7.25;7.0;;;;1.3.0
2026-09-19;Germany_Oberliga_Bremen;Brinkumer;Blumenthaler;63.41;MEDIA-ALTA;7;2026-09-19;Germany_Oberliga_Bremen;Germany_Oberliga_Bremen;;Engine v1.3 | Squadra alta: Blumenthaler (1ª), squadra bassa: Brinkumer (4ª) | GF alta: 4.83/gara | GS bassa: 1.00/gara | Profilo ultime 10: 0.81 | Real over index: 0.75;6.31;20.0;;;9.09;8.12;7.5;;;;1.3.0
2026-09-19;Belarus_PershayaLiga;Uni X Labs;FC Slonim;63.29;MEDIA-ALTA;27;2026-09-19;Belarus_PershayaLiga;Belarus_PershayaLiga;;Engine v1.3 | Squadra alta: FC Slonim (6ª), squadra bassa: Uni X Labs (15ª) | GF alta: 1.88/gara | GS bassa: 1.38/gara | Profilo ultime 10: 0.71 | Real over index: 0.55;10.03;15.62;;;12.5;7.06;5.5;;;;1.3.0
2026-09-19;Belarus_VysshayaLiga;Slavia Mozyr;Naftan;63.2;MEDIA-ALTA;26;2026-09-19;Belarus_VysshayaLiga;Belarus_VysshayaLiga;;Engine v1.3 | Squadra alta: Slavia Mozyr (10ª), squadra bassa: Naftan (16ª) | GF alta: 1.05/gara | GS bassa: 2.45/gara | Profilo ultime 10: 0.74 | Real over index: 0.65;9.15;8.71;;;20.0;7.44;6.5;;;;1.3.0
2026-09-19;Denmark_3rdDivision;Næsby;Helsingor;62.99;MEDIA-ALTA;8;2026-09-19;Denmark_3rdDivision;Denmark_3rdDivision;;Engine v1.3 | Squadra alta: Helsingor (6ª), squadra bassa: Næsby (7ª) | GF alta: 1.57/gara | GS bassa: 1.71/gara | Profilo ultime 10: 0.85 | Real over index: 0.71;4.79;13.1;;;15.58;8.46;7.14;;;;1.3.0
2026-09-19;England_LeagueOne;Burton;Mansfield;62.99;MEDIA-ALTA;8;2026-09-19;England_LeagueOne;England_LeagueOne;;Engine v1.3 | Squadra alta: Mansfield (12ª), squadra bassa: Burton (17ª) | GF alta: 1.40/gara | GS bassa: 1.80/gara | Profilo ultime 10: 0.85 | Real over index: 0.70;5.49;11.67;;;16.36;8.47;7.0;;;;1.3.0
2026-09-19;Austria_Regionalliga_North;LASK (Am);Schallerbach;62.96;MEDIA-ALTA;10;2026-09-19;Austria_Regionalliga_North;Austria_Regionalliga_North;;Engine v1.3 | Squadra alta: LASK (Am) (5ª), squadra bassa: Schallerbach (6ª) | GF alta: 3.00/gara | GS bassa: 1.43/gara | Profilo ultime 10: 0.84 | Real over index: 0.71;0.41;20.0;;;12.99;8.43;7.14;;;;1.3.0
2026-09-19;Norway_3rdDivision_Group4;Flekkeroy;Varhaug;62.93;MEDIA-ALTA;23;2026-09-19;Norway_3rdDivision_Group4;Norway_3rdDivision_Group4;;Engine v1.3 | Squadra alta: Varhaug (4ª), squadra bassa: Flekkeroy (5ª) | GF alta: 1.84/gara | GS bassa: 1.74/gara | Profilo ultime 10: 0.92 | Real over index: 0.80;0.59;15.35;;;15.79;9.2;8.0;;;;1.3.0
2026-09-19;Bosnia_PrvaLiga_RS;Famos Vojkovici;Romanija Pale;62.87;MEDIA-ALTA;7;2026-09-19;Bosnia_PrvaLiga_RS;Bosnia_PrvaLiga_RS;;Engine v1.3 | Squadra alta: Romanija Pale (5ª), squadra bassa: Famos Vojkovici (12ª) | GF alta: 1.50/gara | GS bassa: 1.75/gara | Profilo ultime 10: 0.68 | Real over index: 0.50;11.3;12.5;;;15.91;6.79;5.0;;;;1.3.0
2026-09-19;Slovenia_PrvaLiga;Maribor;Aluminij;62.84;MEDIA-ALTA;11;2026-09-19;Slovenia_PrvaLiga;Slovenia_PrvaLiga;;Engine v1.3 | Squadra alta: Maribor (1ª), squadra bassa: Aluminij (7ª) | GF alta: 1.89/gara | GS bassa: 1.18/gara | Profilo ultime 10: 0.67 | Real over index: 0.42;14.86;15.74;;;10.74;6.68;4.22;;;;1.3.0
2026-09-19;Germany_Regionalliga_Nordost;Erfurt;Aue;62.79;MEDIA-ALTA;11;2026-09-19;Germany_Regionalliga_Nordost;Germany_Regionalliga_Nordost;;Engine v1.3 | Squadra alta: Erfurt (1ª), squadra bassa: Aue (3ª) | GF alta: 3.33/gara | GS bassa: 1.33/gara | Profilo ultime 10: 0.82 | Real over index: 0.78;4.08;20.0;;;12.12;8.22;7.78;;;;1.3.0
2026-09-19;Slovakia_2Liga;FK Humenne;Inter Bratislava;62.66;MEDIA-ALTA;9;2026-09-19;Slovakia_2Liga;Slovakia_2Liga;;Engine v1.3 | Squadra alta: Inter Bratislava (8ª), squadra bassa: FK Humenne (14ª) | GF alta: 2.00/gara | GS bassa: 1.50/gara | Profilo ultime 10: 0.67 | Real over index: 0.62;9.04;16.67;;;13.64;6.69;6.25;;;;1.3.0
2026-09-19;Norway_3rdDivision_Group6;Orn;Oppsal;62.62;MEDIA-ALTA;21;2026-09-19;Norway_3rdDivision_Group6;Norway_3rdDivision_Group6;;Engine v1.3 | Squadra alta: Orn (5ª), squadra bassa: Oppsal (7ª) | GF alta: 1.89/gara | GS bassa: 1.60/gara | Profilo ultime 10: 0.89 | Real over index: 0.70;2.39;15.79;;;14.55;8.9;7.0;;;;1.3.0
2026-09-19;Turkey_SuperLig;Basaksehir;Genclerbirligi;62.51;MEDIA-ALTA;6;2026-09-19;Turkey_SuperLig;Turkey_SuperLig;;Engine v1.3 | Squadra alta: Genclerbirligi (10ª), squadra bassa: Basaksehir (13ª) | GF alta: 1.00/gara | GS bassa: 2.20/gara | Profilo ultime 10: 0.71 | Real over index: 0.60;7.08;8.33;;;20.0;7.09;6.0;;;;1.3.0
2026-09-19;France_National;Rouen;Aubagne;62.41;MEDIA-ALTA;8;2026-09-19;France_National;France_National;;Engine v1.3 | Squadra alta: Rouen (1ª), squadra bassa: Aubagne (16ª) | GF alta: 2.00/gara | GS bassa: 1.17/gara | Profilo ultime 10: 0.52 | Real over index: 0.42;21.09;16.67;;;10.61;5.16;4.17;;;;1.3.0
2026-09-19;Austria_Tirol;Innsbrucker AC;Kolsass Weer;62.33;MEDIA-ALTA;9;2026-09-19;Austria_Tirol;Austria_Tirol;;Engine v1.3 | Squadra alta: Innsbrucker AC (4ª), squadra bassa: Kolsass Weer (11ª) | GF alta: 1.57/gara | GS bassa: 2.57/gara | Profilo ultime 10: 0.67 | Real over index: 0.43;6.92;13.1;;;20.0;6.75;4.29;;;;1.3.0
2026-09-19;Sweden_Division2_SodraGotaland;Karlskrona;Oskarshamn;62.31;MEDIA-ALTA;27;2026-09-19;Sweden_Division2_SodraGotaland;Sweden_Division2_SodraGotaland;;Engine v1.3 | Squadra alta: Karlskrona (1ª), squadra bassa: Oskarshamn (2ª) | GF alta: 2.62/gara | GS bassa: 1.14/gara | Profilo ultime 10: 0.79 | Real over index: 0.75;4.68;20.0;;;10.39;7.88;7.5;;;;1.3.0
2026-09-19;Bosnia_PrvaLiga_FBiH;Igman K.;NK Vitez;62.26;MEDIA-ALTA;7;2026-09-19;Bosnia_PrvaLiga_FBiH;Bosnia_PrvaLiga_FBiH;double round robin inferred from league size.;Engine v1.3 | Squadra alta: Igman K. (6ª), squadra bassa: NK Vitez (13ª) | GF alta: 1.50/gara | GS bassa: 1.60/gara | Profilo ultime 10: 0.61 | Real over index: 0.45;14.56;12.5;;;14.55;6.11;4.5;;;;1.3.0
2026-09-19;Poland_IIILiga_Group4;Busko-Zdroj;Moravia Morawica;62.24;MEDIA-ALTA;8;2026-09-19;Poland_IIILiga_Group4;Poland_IIILiga_Group4;;Engine v1.3 | Squadra alta: Busko-Zdroj (15ª), squadra bassa: Moravia Morawica (17ª) | GF alta: 1.43/gara | GS bassa: 2.00/gara | Profilo ultime 10: 0.84 | Real over index: 0.79;2.27;11.9;;;18.18;8.37;7.86;;;;1.3.0
2026-09-19;Romania_Liga2;Concordia;Metalul Buzau;62.19;MEDIA-ALTA;8;2026-09-19;Romania_Liga2;Romania_Liga2;;Engine v1.3 | Squadra alta: Concordia (5ª), squadra bassa: Metalul Buzau (9ª) | GF alta: 2.33/gara | GS bassa: 1.17/gara | Profilo ultime 10: 0.77 | Real over index: 0.58;4.64;19.44;;;10.61;7.67;5.83;;;;1.3.0
2026-09-19;France_National;Fleury-Merogis;Thionville;62.1;MEDIA-ALTA;8;2026-09-19;France_National;France_National;;Engine v1.3 | Squadra alta: Thionville (5ª), squadra bassa: Fleury-Merogis (10ª) | GF alta: 2.00/gara | GS bassa: 1.17/gara | Profilo ultime 10: 0.80 | Real over index: 0.58;7.03;16.67;;;10.61;7.96;5.83;;;;1.3.0
2026-09-19;Italy_SerieC_GironeC;Catania;Barletta;62.1;MEDIA-ALTA;6;2026-09-19;Italy_SerieC_GironeC;Italy_SerieC_GironeC;;Engine v1.3 | Squadra alta: Catania (10ª), squadra bassa: Barletta (12ª) | GF alta: 2.00/gara | GS bassa: 1.50/gara | Profilo ultime 10: 0.88 | Real over index: 0.78;1.29;16.67;;;13.64;8.76;7.75;;;;1.3.0
2026-09-19;Sweden_Division2_NorraSvealand;Taby;Angby;62.03;MEDIA-ALTA;23;2026-09-19;Sweden_Division2_NorraSvealand;Sweden_Division2_NorraSvealand;;Engine v1.3 | Squadra alta: Angby (3ª), squadra bassa: Taby (6ª) | GF alta: 2.14/gara | GS bassa: 1.10/gara | Profilo ultime 10: 0.80 | Real over index: 0.70;6.32;17.86;;;9.96;8.0;7.0;;;;1.3.0
2026-09-19;Serbia_SuperLiga;OFK Belgrado;Radnicki 1923;61.99;MEDIA-ALTA;12;2026-09-19;Serbia_SuperLiga;Serbia_SuperLiga;;Engine v1.3 | Squadra alta: Radnicki 1923 (3ª), squadra bassa: OFK Belgrado (10ª) | GF alta: 1.50/gara | GS bassa: 1.78/gara | Profilo ultime 10: 0.68 | Real over index: 0.53;10.74;12.5;;;16.16;6.78;5.28;;;;1.3.0
2026-09-19;FaroeIslands_PremierLeague;Vikingur;07 Vestur Sorvagur;61.98;MEDIA-ALTA;27;2026-09-19;FaroeIslands_PremierLeague;FaroeIslands_PremierLeague;;Engine v1.3 | Squadra alta: Vikingur (5ª), squadra bassa: 07 Vestur Sorvagur (9ª) | GF alta: 1.41/gara | GS bassa: 1.73/gara | Profilo ultime 10: 0.75 | Real over index: 0.60;10.36;11.74;;;15.7;7.54;6.0;;;;1.3.0
2026-09-19;Sweden_Division2_NorraGotaland;Motala;Grebbestad;61.97;MEDIA-ALTA;24;2026-09-19;Sweden_Division2_NorraGotaland;Sweden_Division2_NorraGotaland;;Engine v1.3 | Squadra alta: Grebbestad (5ª), squadra bassa: Motala (10ª) | GF alta: 1.71/gara | GS bassa: 1.38/gara | Profilo ultime 10: 0.76 | Real over index: 0.60;7.5;14.29;;;12.55;7.63;6.0;;;;1.3.0
2026-09-19;Lithuania_ILyga;FK Minija;Neptunas;61.87;MEDIA-ALTA;26;2026-09-19;Lithuania_ILyga;Lithuania_ILyga;;Engine v1.3 | Squadra alta: FK Minija (1ª), squadra bassa: Neptunas (4ª) | GF alta: 2.65/gara | GS bassa: 1.17/gara | Profilo ultime 10: 0.66 | Real over index: 0.55;9.35;20.0;;;10.61;6.61;5.5;;;;1.3.0
2026-09-19;England_LeagueOne;Wigan;Wycombe;61.78;MEDIA-ALTA;8;2026-09-19;England_LeagueOne;England_LeagueOne;;Engine v1.3 | Squadra alta: Wycombe (19ª), squadra bassa: Wigan (21ª) | GF alta: 1.80/gara | GS bassa: 1.80/gara | Profilo ultime 10: 0.80 | Real over index: 0.70;2.58;15.0;;;16.36;8.01;7.0;;;;1.3.0
2026-09-19;Germany_Oberliga_BadenWurttemberg;Teningen;Essingen;61.61;MEDIA-ALTA;10;2026-09-19;Germany_Oberliga_BadenWurttemberg;Germany_Oberliga_BadenWurttemberg;;Engine v1.3 | Squadra alta: Teningen (15ª), squadra bassa: Essingen (16ª) | GF alta: 1.71/gara | GS bassa: 1.86/gara | Profilo ultime 10: 0.86 | Real over index: 0.86;0.45;14.29;;;16.88;8.58;8.57;;;;1.3.0
2026-09-19;Norway_3rdDivision_Group3;Gneist;Varegg;61.61;MEDIA-ALTA;23;2026-09-19;Norway_3rdDivision_Group3;Norway_3rdDivision_Group3;;Engine v1.3 | Squadra alta: Gneist (12ª), squadra bassa: Varegg (13ª) | GF alta: 1.65/gara | GS bassa: 2.00/gara | Profilo ultime 10: 0.80 | Real over index: 0.70;0.67;13.75;;;18.18;8.01;7.0;;;;1.3.0
2026-09-19;Sweden_Superettan;Oddevold;Värnamo;61.59;MEDIA-ALTA;29;2026-09-19;Sweden_Superettan;Sweden_Superettan;;Engine v1.3 | Squadra alta: Oddevold (6ª), squadra bassa: Värnamo (12ª) | GF alta: 1.54/gara | GS bassa: 1.83/gara | Profilo ultime 10: 0.65 | Real over index: 0.45;7.05;12.85;;;16.67;6.52;4.5;;;;1.3.0
2026-09-19;Austria_Burgenland;Neudorf/Parndorf;Klingenbach;61.58;MEDIA-ALTA;8;2026-09-19;Austria_Burgenland;Austria_Burgenland;;Engine v1.3 | Squadra alta: Klingenbach (7ª), squadra bassa: Neudorf/Parndorf (10ª) | GF alta: 1.67/gara | GS bassa: 1.67/gara | Profilo ultime 10: 0.80 | Real over index: 0.58;4.72;13.89;;;15.15;7.98;5.83;;;;1.3.0
2026-09-19;Germany_Regionalliga_Bayern;Bayreuth;Unterhaching;61.52;MEDIA-ALTA;11;2026-09-19;Germany_Regionalliga_Bayern;Germany_Regionalliga_Bayern;;Engine v1.3 | Squadra alta: Unterhaching (6ª), squadra bassa: Bayreuth (13ª) | GF alta: 1.29/gara | GS bassa: 1.56/gara | Profilo ultime 10: 0.72 | Real over index: 0.62;11.64;10.71;;;14.14;7.21;6.19;;;;1.3.0
2026-09-19;Japan_J1League;Kawasaki;Kashima;61.44;MEDIA-ALTA;7;2026-09-19;Japan_J1League;Japan_J1League;;Engine v1.3 | Squadra alta: Kawasaki (7ª), squadra bassa: Kashima (8ª) | GF alta: 1.86/gara | GS bassa: 1.86/gara | Profilo ultime 10: 0.83 | Real over index: 0.64;0.41;15.48;;;16.88;8.32;6.43;;;;1.3.0
2026-09-19;Romania_Liga2;Stefanesti;Metaloglobus Bucharest;61.41;MEDIA-ALTA;8;2026-09-19;Romania_Liga2;Romania_Liga2;;Engine v1.3 | Squadra alta: Metaloglobus Bucharest (14ª), squadra bassa: Stefanesti (16ª) | GF alta: 1.67/gara | GS bassa: 1.83/gara | Profilo ultime 10: 0.82 | Real over index: 0.75;2.32;13.89;;;16.67;8.2;7.5;;;;1.3.0
2026-09-19;Germany_Oberliga_NOFV_Sud;Freital;Auerbach;61.38;MEDIA-ALTA;5;2026-09-19;Germany_Oberliga_NOFV_Sud;Germany_Oberliga_NOFV_Sud;;Engine v1.3 | Squadra alta: Auerbach (6ª), squadra bassa: Freital (11ª) | GF alta: 1.50/gara | GS bassa: 1.75/gara | Profilo ultime 10: 0.72 | Real over index: 0.50;9.72;12.5;;;15.91;7.22;5.0;;;;1.3.0
2026-09-19;Armenia_PremierLeague;BKMA;Sardarapat;61.31;MEDIA-ALTA;11;2026-09-19;Armenia_PremierLeague;Armenia_PremierLeague;;Engine v1.3 | Squadra alta: Sardarapat (5ª), squadra bassa: BKMA (8ª) | GF alta: 1.86/gara | GS bassa: 1.29/gara | Profilo ultime 10: 0.73 | Real over index: 0.64;7.55;15.48;;;11.69;7.33;6.43;;;;1.3.0
2026-09-19;England_Championship;Stoke;Sheffield Utd;61.25;MEDIA-ALTA;9;2026-09-19;England_Championship;England_Championship;;Engine v1.3 | Squadra alta: Stoke (8ª), squadra bassa: Sheffield Utd (14ª) | GF alta: 1.67/gara | GS bassa: 1.50/gara | Profilo ultime 10: 0.79 | Real over index: 0.67;5.19;13.89;;;13.64;7.88;6.67;;;;1.3.0
2026-09-19;Belgium_ChallengerProLeague;Hasselt;Beerschot VA;61.13;MEDIA-ALTA;6;2026-09-19;Belgium_ChallengerProLeague;Belgium_ChallengerProLeague;;Engine v1.3 | Squadra alta: Beerschot VA (1ª), squadra bassa: Hasselt (5ª) | GF alta: 3.00/gara | GS bassa: 1.00/gara | Profilo ultime 10: 0.67 | Real over index: 0.62;9.2;20.0;;;9.09;6.72;6.25;;;;1.3.0
2026-09-19;Germany_Regionalliga_Bayern;Burghausen;Augsburg 2;61.13;MEDIA-ALTA;11;2026-09-19;Germany_Regionalliga_Bayern;Germany_Regionalliga_Bayern;;Engine v1.3 | Squadra alta: Augsburg 2 (9ª), squadra bassa: Burghausen (10ª) | GF alta: 1.44/gara | GS bassa: 1.78/gara | Profilo ultime 10: 0.91 | Real over index: 0.83;1.51;12.04;;;16.16;9.09;8.33;;;;1.3.0
2026-09-19;Poland_IIILiga_Group1;Mlawa;Troszyn;61.07;MEDIA-ALTA;9;2026-09-19;Poland_IIILiga_Group1;Poland_IIILiga_Group1;;Engine v1.3 | Squadra alta: Troszyn (15ª), squadra bassa: Mlawa (17ª) | GF alta: 1.25/gara | GS bassa: 3.00/gara | Profilo ultime 10: 0.78 | Real over index: 0.56;3.19;10.42;;;20.0;7.84;5.62;;;;1.3.0
2026-09-19;Mexico_LigaMX_Apertura;Juarez;Tigres;61.01;MEDIA-ALTA;10;2026-09-19;Mexico_LigaMX_Apertura;Mexico_LigaMX_Apertura;;Engine v1.3 | Squadra alta: Tigres (14ª), squadra bassa: Juarez (18ª) | GF alta: 1.12/gara | GS bassa: 2.88/gara | Profilo ultime 10: 0.59 | Real over index: 0.56;10.15;9.38;;;20.0;5.94;5.62;;;;1.3.0
2026-09-19;Spain_LaLiga;Osasuna;Rayo Vallecano;61.0;MEDIA-ALTA;9;2026-09-19;Spain_LaLiga;Spain_LaLiga;;Engine v1.3 | Squadra alta: Osasuna (13ª), squadra bassa: Rayo Vallecano (17ª) | GF alta: 0.83/gara | GS bassa: 1.00/gara | Profilo ultime 10: 0.75 | Real over index: 0.75;15.92;6.94;;;9.09;7.55;7.5;;;;1.3.0
2026-09-19;Slovakia_3Liga_West;FKM Nove Zamky;Nitra;60.87;MEDIA-ALTA;7;2026-09-19;Slovakia_3Liga_West;Slovakia_3Liga_West;;Engine v1.3 | Squadra alta: Nitra (1ª), squadra bassa: FKM Nove Zamky (4ª) | GF alta: 2.83/gara | GS bassa: 1.00/gara | Profilo ultime 10: 0.67 | Real over index: 0.50;9.48;20.0;;;9.09;6.71;5.0;;;;1.3.0
2026-09-19;Hungary_NBI;Kisvarda;Paks;60.81;MEDIA-ALTA;9;2026-09-19;Hungary_NBI;Hungary_NBI;;Engine v1.3 | Squadra alta: Kisvarda (8ª), squadra bassa: Paks (10ª) | GF alta: 1.29/gara | GS bassa: 2.43/gara | Profilo ultime 10: 0.77 | Real over index: 0.57;2.76;10.71;;;20.0;7.7;5.71;;;;1.3.0
2026-09-19;Germany_Oberliga_Niederrhein;Uerdingen;Sonsbeck;60.79;MEDIA-ALTA;9;2026-09-19;Germany_Oberliga_Niederrhein;Germany_Oberliga_Niederrhein;;Engine v1.3 | Squadra alta: Uerdingen (5ª), squadra bassa: Sonsbeck (6ª) | GF alta: 3.00/gara | GS bassa: 1.00/gara | Profilo ultime 10: 0.71 | Real over index: 0.50;6.17;20.0;;;9.09;7.07;5.0;;;;1.3.0
2026-09-19;Belarus_VysshayaLiga;Din. Minsk;BATE;60.77;MEDIA-ALTA;26;2026-09-19;Belarus_VysshayaLiga;Belarus_VysshayaLiga;;Engine v1.3 | Squadra alta: Din. Minsk (3ª), squadra bassa: BATE (13ª) | GF alta: 1.75/gara | GS bassa: 1.18/gara | Profilo ultime 10: 0.63 | Real over index: 0.50;15.1;14.58;;;10.74;6.27;5.0;;;;1.3.0
2026-09-19;Austria_Regionalliga_South;Wolfsberger (Am);ATSV Wolfsberger;60.7;MEDIA-ALTA;9;2026-09-19;Austria_Regionalliga_South;Austria_Regionalliga_South;;Engine v1.3 | Squadra alta: Wolfsberger (Am) (11ª), squadra bassa: ATSV Wolfsberger (15ª) | GF alta: 1.29/gara | GS bassa: 2.57/gara | Profilo ultime 10: 0.63 | Real over index: 0.57;8.43;10.71;;;20.0;6.34;5.71;;;;1.3.0
2026-09-19;Norway_3rdDivision_Group2;Volda TI;Strindheim;60.7;MEDIA-ALTA;23;2026-09-19;Norway_3rdDivision_Group2;Norway_3rdDivision_Group2;;Engine v1.3 | Squadra alta: Volda TI (1ª), squadra bassa: Strindheim (2ª) | GF alta: 2.63/gara | GS bassa: 1.45/gara | Profilo ultime 10: 0.72 | Real over index: 0.60;1.65;20.0;;;13.18;7.2;6.0;;;;1.3.0
2026-09-19;Sweden_Division1_Sodra;Atvidaberg;Lunds;60.53;MEDIA-ALTA;25;2026-09-19;Sweden_Division1_Sodra;Sweden_Division1_Sodra;;Engine v1.3 | Squadra alta: Lunds (3ª), squadra bassa: Atvidaberg (4ª) | GF alta: 2.09/gara | GS bassa: 1.50/gara | Profilo ultime 10: 0.82 | Real over index: 0.65;1.38;17.42;;;13.64;8.22;6.5;;;;1.3.0
2026-09-19;Latvia_NakotnesLiga;Tukums 2000 2;Rezekne;60.52;MEDIA-ALTA;22;2026-09-19;Latvia_NakotnesLiga;Latvia_NakotnesLiga;;Engine v1.3 | Squadra alta: Tukums 2000 2 (13ª), squadra bassa: Rezekne (14ª) | GF alta: 1.28/gara | GS bassa: 3.05/gara | Profilo ultime 10: 0.71 | Real over index: 0.70;4.09;10.65;;;20.0;7.12;7.0;;;;1.3.0
2026-09-19;Sweden_Superettan;Öster;Norrkoping;60.51;MEDIA-ALTA;29;2026-09-19;Sweden_Superettan;Sweden_Superettan;;Engine v1.3 | Squadra alta: Norrkoping (1ª), squadra bassa: Öster (7ª) | GF alta: 1.88/gara | GS bassa: 1.35/gara | Profilo ultime 10: 0.75 | Real over index: 0.60;8.81;15.62;;;12.25;7.45;6.0;;;;1.3.0
2026-09-19;NorthernIreland_NIFLPremiership;Cliftonville;Glentoran;60.49;MEDIA-ALTA;10;2026-09-19;NorthernIreland_NIFLPremiership;NorthernIreland_NIFLPremiership;;Engine v1.3 | Squadra alta: Cliftonville (4ª), squadra bassa: Glentoran (8ª) | GF alta: 1.57/gara | GS bassa: 1.29/gara | Profilo ultime 10: 0.72 | Real over index: 0.57;9.61;13.1;;;11.69;7.23;5.71;;;;1.3.0
2026-09-19;NorthernIreland_NIFLPremiership;Linfield;Crusaders;60.45;MEDIA-ALTA;10;2026-09-19;NorthernIreland_NIFLPremiership;NorthernIreland_NIFLPremiership;;Engine v1.3 | Squadra alta: Linfield (2ª), squadra bassa: Crusaders (5ª) | GF alta: 1.29/gara | GS bassa: 1.71/gara | Profilo ultime 10: 0.78 | Real over index: 0.71;7.55;10.71;;;15.58;7.84;7.14;;;;1.3.0
2026-09-19;Bosnia_PrvaLiga_RS;Laktasi;Drina Zvornik;60.42;MEDIA-ALTA;7;2026-09-19;Bosnia_PrvaLiga_RS;Bosnia_PrvaLiga_RS;;Engine v1.3 | Squadra alta: Laktasi (1ª), squadra bassa: Drina Zvornik (4ª) | GF alta: 3.20/gara | GS bassa: 0.50/gara | Profilo ultime 10: 0.77 | Real over index: 0.78;11.31;20.0;;;4.55;7.66;7.75;;;;1.3.0
2026-09-19;Sweden_Division2_NorraSvealand;Korsnas;Lidingo IFK;60.4;MEDIA-ALTA;23;2026-09-19;Sweden_Division2_NorraSvealand;Sweden_Division2_NorraSvealand;;Engine v1.3 | Squadra alta: Lidingo IFK (10ª), squadra bassa: Korsnas (13ª) | GF alta: 1.10/gara | GS bassa: 2.33/gara | Profilo ultime 10: 0.72 | Real over index: 0.70;4.5;9.13;;;20.0;7.21;7.0;;;;1.3.0
2026-09-19;Poland_Division1;Lechia;Stal Mielec;60.31;MEDIA-ALTA;9;2026-09-19;Poland_Division1;Poland_Division1;;Engine v1.3 | Squadra alta: Lechia (11ª), squadra bassa: Stal Mielec (14ª) | GF alta: 1.25/gara | GS bassa: 2.00/gara | Profilo ultime 10: 0.83 | Real over index: 0.69;2.55;10.42;;;18.18;8.29;6.88;;;;1.3.0
2026-09-19;Hungary_NBI;Debrecen;Vasas;60.27;MEDIA-ALTA;9;2026-09-19;Hungary_NBI;Hungary_NBI;;Engine v1.3 | Squadra alta: Vasas (5ª), squadra bassa: Debrecen (9ª) | GF alta: 1.75/gara | GS bassa: 1.57/gara | Profilo ultime 10: 0.79 | Real over index: 0.59;3.65;14.58;;;14.29;7.86;5.89;;;;1.3.0
2026-09-19;Lithuania_ILyga;Atmosfera;BFA Vilnius;60.14;MEDIA-ALTA;26;2026-09-19;Lithuania_ILyga;Lithuania_ILyga;;Engine v1.3 | Squadra alta: BFA Vilnius (7ª), squadra bassa: Atmosfera (9ª) | GF alta: 1.61/gara | GS bassa: 1.43/gara | Profilo ultime 10: 0.83 | Real over index: 0.70;4.34;13.41;;;13.04;8.35;7.0;;;;1.3.0
2026-09-19;Portugal_LigaPortugal;Sporting;Arouca;60.14;MEDIA-ALTA;9;2026-09-19;Portugal_LigaPortugal;Portugal_LigaPortugal;;Engine v1.3 | Squadra alta: Sporting (3ª), squadra bassa: Arouca (5ª) | GF alta: 2.50/gara | GS bassa: 0.83/gara | Profilo ultime 10: 0.71 | Real over index: 0.58;7.26;20.0;;;7.58;7.08;5.83;;;;1.3.0
2026-09-19;Netherlands_Eredivisie;Sparta Rotterdam;Heerenveen;60.1;MEDIA-ALTA;8;2026-09-19;Netherlands_Eredivisie;Netherlands_Eredivisie;;Engine v1.3 | Squadra alta: Heerenveen (11ª), squadra bassa: Sparta Rotterdam (12ª) | GF alta: 1.17/gara | GS bassa: 2.17/gara | Profilo ultime 10: 0.80 | Real over index: 0.67;2.04;9.72;;;19.7;7.97;6.67;;;;1.3.0
2026-09-19;Scotland_Premiership;St. Mirren;Dundee Utd;60.1;MEDIA-ALTA;8;2026-09-19;Scotland_Premiership;Scotland_Premiership;;Engine v1.3 | Squadra alta: St. Mirren (4ª), squadra bassa: Dundee Utd (11ª) | GF alta: 1.33/gara | GS bassa: 1.83/gara | Profilo ultime 10: 0.62 | Real over index: 0.42;10.78;11.11;;;16.67;6.16;4.17;;;;1.3.0
2026-09-19;Belgium_JupilerProLeague;Leuven;RAAL La Louviere;59.93;MEDIA;10;2026-09-19;Belgium_JupilerProLeague;Belgium_JupilerProLeague;;Engine v1.3 | Squadra alta: RAAL La Louviere (14ª), squadra bassa: Leuven (17ª) | GF alta: 1.17/gara | GS bassa: 2.17/gara | Profilo ultime 10: 0.70 | Real over index: 0.75;6.13;9.72;;;19.7;6.97;7.5;;;;1.3.0
2026-09-19;Slovakia_NikeLiga;Michalovce;Banska Bystrica;59.84;MEDIA;9;2026-09-19;Slovakia_NikeLiga;Slovakia_NikeLiga;;Engine v1.3 | Squadra alta: Michalovce (6ª), squadra bassa: Banska Bystrica (9ª) | GF alta: 1.00/gara | GS bassa: 2.50/gara | Profilo ultime 10: 0.66 | Real over index: 0.56;5.67;8.33;;;20.0;6.64;5.62;;;;1.3.0
2026-09-19;Sweden_Division2_SodraSvealand;Orebro Syr.;Nykopings;59.84;MEDIA;22;2026-09-19;Sweden_Division2_SodraSvealand;Sweden_Division2_SodraSvealand;;Engine v1.3 | Squadra alta: Nykopings (3ª), squadra bassa: Orebro Syr. (10ª) | GF alta: 1.76/gara | GS bassa: 1.19/gara | Profilo ultime 10: 0.64 | Real over index: 0.50;11.41;14.68;;;10.82;6.42;5.0;;;;1.3.0
2026-09-19;Austria_Regionalliga_West;Reichenau;Rothis;59.82;MEDIA;9;2026-09-19;Austria_Regionalliga_West;Austria_Regionalliga_West;;Engine v1.3 | Squadra alta: Reichenau (9ª), squadra bassa: Rothis (10ª) | GF alta: 1.29/gara | GS bassa: 2.00/gara | Profilo ultime 10: 0.86 | Real over index: 0.79;0.51;10.71;;;18.18;8.55;7.86;;;;1.3.0
2026-09-19;Belgium_JupilerProLeague;Lommel SK;KV Mechelen;59.82;MEDIA;10;2026-09-19;Belgium_JupilerProLeague;Belgium_JupilerProLeague;;Engine v1.3 | Squadra alta: Lommel SK (12ª), squadra bassa: KV Mechelen (16ª) | GF alta: 1.00/gara | GS bassa: 2.33/gara | Profilo ultime 10: 0.57 | Real over index: 0.42;9.76;8.33;;;20.0;5.7;4.17;;;;1.3.0
2026-09-19;Italy_SerieA;Roma;Inter;59.73;MEDIA;5;2026-09-19;Italy_SerieA;Italy_SerieA;;Engine v1.3 | Squadra alta: Roma (1ª), squadra bassa: Inter (4ª) | GF alta: 3.00/gara | GS bassa: 1.67/gara | Profilo ultime 10: 0.79 | Real over index: 0.71;1.22;20.0;;;15.15;7.94;7.08;;;;1.3.0
2026-09-19;Poland_IIILiga_Group2;Wda Swiecie;Kluczevia Stargard;59.63;MEDIA;9;2026-09-19;Poland_IIILiga_Group2;Poland_IIILiga_Group2;;Engine v1.3 | Squadra alta: Wda Swiecie (3ª), squadra bassa: Kluczevia Stargard (4ª) | GF alta: 1.75/gara | GS bassa: 1.75/gara | Profilo ultime 10: 0.83 | Real over index: 0.69;1.6;14.58;;;15.91;8.28;6.88;;;;1.3.0
2026-09-19;Austria_Vorarlberg;Feldkirch;Schlins;59.61;MEDIA;6;2026-09-19;Austria_Vorarlberg;Austria_Vorarlberg;fourth tier;Engine v1.3 | Squadra alta: Schlins (10ª), squadra bassa: Feldkirch (12ª) | GF alta: 1.33/gara | GS bassa: 2.00/gara | Profilo ultime 10: 0.66 | Real over index: 0.42;6.75;11.11;;;18.18;6.57;4.17;;;;1.3.0
2026-09-19;Turkey_SuperLig;Corum;Alanyaspor;59.61;MEDIA;6;2026-09-19;Turkey_SuperLig;Turkey_SuperLig;;Engine v1.3 | Squadra alta: Alanyaspor (7ª), squadra bassa: Corum (9ª) | GF alta: 1.20/gara | GS bassa: 2.25/gara | Profilo ultime 10: 0.79 | Real over index: 0.70;2.34;10.0;;;20.0;7.89;7.0;;;;1.3.0
2026-09-19;Slovenia_2SNL;Vrhnika;Primorje;59.5;MEDIA;8;2026-09-19;Slovenia_2SNL;Slovenia_2SNL;;Engine v1.3 | Squadra alta: Vrhnika (6ª), squadra bassa: Primorje (12ª) | GF alta: 1.33/gara | GS bassa: 1.83/gara | Profilo ultime 10: 0.67 | Real over index: 0.50;7.85;11.11;;;16.67;6.68;5.0;;;;1.3.0
2026-09-19;Austria_Salzburg;Golling;SAK 1914;59.45;MEDIA;10;2026-09-19;Austria_Salzburg;Austria_Salzburg;;Engine v1.3 | Squadra alta: Golling (7ª), squadra bassa: SAK 1914 (9ª) | GF alta: 2.71/gara | GS bassa: 1.29/gara | Profilo ultime 10: 0.74 | Real over index: 0.57;1.03;20.0;;;11.69;7.36;5.71;;;;1.3.0
2026-09-19;Germany_Regionalliga_Bayern;Eichstatt;Furth 2;59.38;MEDIA;11;2026-09-19;Germany_Regionalliga_Bayern;Germany_Regionalliga_Bayern;;Engine v1.3 | Squadra alta: Eichstatt (7ª), squadra bassa: Furth 2 (17ª) | GF alta: 1.11/gara | GS bassa: 1.62/gara | Profilo ultime 10: 0.62 | Real over index: 0.41;11.02;9.26;;;14.77;6.23;4.1;;;;1.3.0
2026-09-19;Sweden_Division2_NorraGotaland;Vanersborgs FK;Tord;59.36;MEDIA;24;2026-09-19;Sweden_Division2_NorraGotaland;Sweden_Division2_NorraGotaland;;Engine v1.3 | Squadra alta: Vanersborgs FK (8ª), squadra bassa: Tord (12ª) | GF alta: 1.33/gara | GS bassa: 1.71/gara | Profilo ultime 10: 0.65 | Real over index: 0.45;8.27;11.11;;;15.58;6.5;4.5;;;;1.3.0
2026-09-19;Portugal_LigaPortugal;Alverca;Rio Ave;59.21;MEDIA;9;2026-09-19;Portugal_LigaPortugal;Portugal_LigaPortugal;;Engine v1.3 | Squadra alta: Alverca (12ª), squadra bassa: Rio Ave (16ª) | GF alta: 1.33/gara | GS bassa: 2.33/gara | Profilo ultime 10: 0.70 | Real over index: 0.58;3.4;11.11;;;20.0;7.01;5.83;;;;1.3.0
2026-09-19;Germany_Regionalliga_Sudwest;Mainz 2;Kaiserslautern 2;59.14;MEDIA;10;2026-09-19;Germany_Regionalliga_Sudwest;Germany_Regionalliga_Sudwest;;Engine v1.3 | Squadra alta: Mainz 2 (15ª), squadra bassa: Kaiserslautern 2 (17ª) | GF alta: 1.14/gara | GS bassa: 2.43/gara | Profilo ultime 10: 0.76 | Real over index: 0.86;2.27;9.52;;;20.0;7.61;8.57;;;;1.3.0
2026-09-19;Ukraine_PremierLeague;Zorya;Dyn. Kyiv;59.1;MEDIA;7;2026-09-19;Ukraine_PremierLeague;Ukraine_PremierLeague;;Engine v1.3 | Squadra alta: Dyn. Kyiv (4ª), squadra bassa: Zorya (8ª) | GF alta: 1.40/gara | GS bassa: 1.50/gara | Profilo ultime 10: 0.71 | Real over index: 0.65;7.98;11.67;;;13.64;7.13;6.5;;;;1.3.0
2026-09-19;Sweden_Allsvenskan;Brommapojkarna;Göteborg;59.08;MEDIA;29;2026-09-19;Sweden_Allsvenskan;Sweden_Allsvenskan;;Engine v1.3 | Squadra alta: Göteborg (9ª), squadra bassa: Brommapojkarna (11ª) | GF alta: 1.43/gara | GS bassa: 1.67/gara | Profilo ultime 10: 0.86 | Real over index: 0.75;1.93;11.9;;;15.15;8.59;7.5;;;;1.3.0
2026-09-19;Austria_Regionalliga_West;Wolfurt;FC Lustenau;59.05;MEDIA;9;2026-09-19;Austria_Regionalliga_West;Austria_Regionalliga_West;;Engine v1.3 | Squadra alta: Wolfurt (14ª), squadra bassa: FC Lustenau (16ª) | GF alta: 1.29/gara | GS bassa: 2.71/gara | Profilo ultime 10: 0.71 | Real over index: 0.71;3.75;10.71;;;20.0;7.11;7.14;;;;1.3.0
2026-09-19;England_PremierLeague;Brighton;Arsenal;58.97;MEDIA;5;2026-09-19;England_PremierLeague;England_PremierLeague;;Engine v1.3 | Squadra alta: Arsenal (2ª), squadra bassa: Brighton (3ª) | GF alta: 1.67/gara | GS bassa: 1.25/gara | Profilo ultime 10: 0.72 | Real over index: 0.54;12.32;13.89;;;11.36;7.19;5.42;;;;1.3.0
2026-09-19;Romania_Superliga;Univ. Craiova;FCSB;58.95;MEDIA;10;2026-09-19;Romania_Superliga;Romania_Superliga;;Engine v1.3 | Squadra alta: Univ. Craiova (4ª), squadra bassa: FCSB (7ª) | GF alta: 1.88/gara | GS bassa: 1.33/gara | Profilo ultime 10: 0.74 | Real over index: 0.53;5.51;15.62;;;12.12;7.36;5.28;;;;1.3.0
2026-09-19;Austria_Niederosterreich;ASK Ybbs;SCU Kilb;58.92;MEDIA;7;2026-09-19;Austria_Niederosterreich;Austria_Niederosterreich;;Engine v1.3 | Squadra alta: ASK Ybbs (3ª), squadra bassa: SCU Kilb (8ª) | GF alta: 1.50/gara | GS bassa: 1.67/gara | Profilo ultime 10: 0.69 | Real over index: 0.42;10.51;12.5;;;15.15;6.9;4.17;;;;1.3.0
2026-09-19;CzechRepublic_4Liga_GroupC;Trutnov;Dvur Kralove;58.9;MEDIA;7;2026-09-19;CzechRepublic_4Liga_GroupC;CzechRepublic_4Liga_GroupC;CzechRepublic_4Liga;Engine v1.3 | Squadra alta: Trutnov (55ª), squadra bassa: Dvur Kralove (58ª) | GF alta: 1.67/gara | GS bassa: 1.50/gara | Profilo ultime 10: 0.83 | Real over index: 0.75;1.54;13.89;;;13.64;8.33;7.5;;;;1.3.0
2026-09-19;Germany_Regionalliga_Nordost;Babelsberg;Hertha 2;58.55;MEDIA;11;2026-09-19;Germany_Regionalliga_Nordost;Germany_Regionalliga_Nordost;;Engine v1.3 | Squadra alta: Babelsberg (13ª), squadra bassa: Hertha 2 (16ª) | GF alta: 1.22/gara | GS bassa: 2.22/gara | Profilo ultime 10: 0.63 | Real over index: 0.56;5.6;10.19;;;20.0;6.32;5.56;;;;1.3.0
2026-09-19;Sweden_Division2_SodraSvealand;Smedby;Fittja;58.45;MEDIA;22;2026-09-19;Sweden_Division2_SodraSvealand;Sweden_Division2_SodraSvealand;;Engine v1.3 | Squadra alta: Smedby (6ª), squadra bassa: Fittja (8ª) | GF alta: 1.86/gara | GS bassa: 1.62/gara | Profilo ultime 10: 0.63 | Real over index: 0.45;3.45;15.48;;;14.72;6.3;4.5;;;;1.3.0
2026-09-19;Austria_Wien;Post Wien;Slovan HAC;58.44;MEDIA;5;2026-09-19;Austria_Wien;Austria_Wien;;Engine v1.3 | Squadra alta: Post Wien (7ª), squadra bassa: Slovan HAC (8ª) | GF alta: 3.67/gara | GS bassa: 1.00/gara | Profilo ultime 10: 0.82 | Real over index: 0.67;0.51;20.0;;;9.09;8.17;6.67;;;;1.3.0
2026-09-19;Spain_LaLiga2;Eldense;Eibar;58.43;MEDIA;6;2026-09-19;Spain_LaLiga2;Spain_LaLiga2;;Engine v1.3 | Squadra alta: Eibar (1ª), squadra bassa: Eldense (16ª) | GF alta: 2.00/gara | GS bassa: 1.00/gara | Profilo ultime 10: 0.49 | Real over index: 0.42;18.85;16.67;;;9.09;4.89;4.25;;;;1.3.0
2026-09-19;Sweden_Allsvenskan;Västerås SK;Malmo FF;58.34;MEDIA;29;2026-09-19;Sweden_Allsvenskan;Sweden_Allsvenskan;;Engine v1.3 | Squadra alta: Malmo FF (5ª), squadra bassa: Västerås SK (8ª) | GF alta: 1.76/gara | GS bassa: 1.67/gara | Profilo ultime 10: 0.70 | Real over index: 0.55;1.99;14.68;;;15.15;7.01;5.5;;;;1.3.0
2026-09-19;CzechRepublic_4Liga_GroupF;Vratimov;Zabreh;58.33;MEDIA;7;2026-09-19;CzechRepublic_4Liga_GroupF;CzechRepublic_4Liga_GroupF;CzechRepublic_4Liga;Engine v1.3 | Squadra alta: Vratimov (23ª), squadra bassa: Zabreh (34ª) | GF alta: 1.83/gara | GS bassa: 0.83/gara | Profilo ultime 10: 0.70 | Real over index: 0.58;8.82;15.28;;;7.58;7.02;5.83;;;;1.3.0
2026-09-19;Turkey_1Lig;Batman Petrolspor;Bursaspor;58.33;MEDIA;8;2026-09-19;Turkey_1Lig;Turkey_1Lig;;Engine v1.3 | Squadra alta: Bursaspor (2ª), squadra bassa: Batman Petrolspor (3ª) | GF alta: 2.00/gara | GS bassa: 1.57/gara | Profilo ultime 10: 0.82 | Real over index: 0.71;0.41;16.67;;;14.29;8.21;7.14;;;;1.3.0
2026-09-19;Italy_SerieC_GironeB;Forlì;Torres;58.26;MEDIA;6;2026-09-19;Italy_SerieC_GironeB;Italy_SerieC_GironeB;;Engine v1.3 | Squadra alta: Torres (7ª), squadra bassa: Forlì (8ª) | GF alta: 1.40/gara | GS bassa: 1.80/gara | Profilo ultime 10: 0.79 | Real over index: 0.60;2.31;11.67;;;16.36;7.92;6.0;;;;1.3.0
2026-09-19;Germany_Regionalliga_West;Oberhausen;Monchengladbach 2;58.25;MEDIA;10;2026-09-19;Germany_Regionalliga_West;Germany_Regionalliga_West;;Engine v1.3 | Squadra alta: Oberhausen (2ª), squadra bassa: Monchengladbach 2 (4ª) | GF alta: 2.38/gara | GS bassa: 0.88/gara | Profilo ultime 10: 0.80 | Real over index: 0.75;3.29;19.79;;;7.95;8.0;7.5;;;;1.3.0
2026-09-19;England_LeagueOne;Reading;Notts County;58.25;MEDIA;8;2026-09-19;England_LeagueOne;England_LeagueOne;;Engine v1.3 | Squadra alta: Reading (13ª), squadra bassa: Notts County (14ª) | GF alta: 3.00/gara | GS bassa: 1.00/gara | Profilo ultime 10: 0.71 | Real over index: 0.60;3.19;20.0;;;9.09;7.13;6.0;;;;1.3.0
2026-09-19;Germany_3Liga;Saarbrucken;Grossaspach;58.22;MEDIA;8;2026-09-19;Germany_3Liga;Germany_3Liga;;Engine v1.3 | Squadra alta: Saarbrucken (6ª), squadra bassa: Grossaspach (11ª) | GF alta: 2.83/gara | GS bassa: 1.17/gara | Profilo ultime 10: 0.64 | Real over index: 0.42;5.2;20.0;;;10.61;6.38;4.17;;;;1.3.0
2026-09-19;France_Ligue1;Lione;Rennes;58.16;MEDIA;5;2026-09-19;France_Ligue1;France_Ligue1;;Engine v1.3 | Squadra alta: Rennes (3ª), squadra bassa: Lione (6ª) | GF alta: 2.00/gara | GS bassa: 0.67/gara | Profilo ultime 10: 0.70 | Real over index: 0.54;9.3;16.67;;;6.06;6.98;5.42;;;;1.3.0
2026-09-19;England_LeagueOne;Luton;Bradford City;57.82;MEDIA;8;2026-09-19;England_LeagueOne;England_LeagueOne;;Engine v1.3 | Squadra alta: Bradford City (2ª), squadra bassa: Luton (11ª) | GF alta: 1.00/gara | GS bassa: 2.20/gara | Profilo ultime 10: 0.63 | Real over index: 0.38;8.73;8.33;;;20.0;6.33;3.83;;;;1.3.0
2026-09-19;Poland_Ekstraklasa;Katowice;Cracovia;57.82;MEDIA;11;2026-09-19;Poland_Ekstraklasa;Poland_Ekstraklasa;;Engine v1.3 | Squadra alta: Katowice (10ª), squadra bassa: Cracovia (12ª) | GF alta: 1.86/gara | GS bassa: 1.38/gara | Profilo ultime 10: 0.73 | Real over index: 0.68;3.63;15.48;;;12.5;7.33;6.79;;;;1.3.0
2026-09-19;Belgium_ChallengerProLeague;Genk U23;Seraing;57.76;MEDIA;6;2026-09-19;Belgium_ChallengerProLeague;Belgium_ChallengerProLeague;;Engine v1.3 | Squadra alta: Genk U23 (11ª), squadra bassa: Seraing (14ª) | GF alta: 1.50/gara | GS bassa: 1.75/gara | Profilo ultime 10: 0.69 | Real over index: 0.62;6.31;12.5;;;15.91;6.88;6.25;;;;1.3.0
2026-09-19;Sweden_Division2_NorraGotaland;Skara;Ahlafors IF;57.74;MEDIA;24;2026-09-19;Sweden_Division2_NorraGotaland;Sweden_Division2_NorraGotaland;;Engine v1.3 | Squadra alta: Skara (2ª), squadra bassa: Ahlafors IF (4ª) | GF alta: 2.18/gara | GS bassa: 1.14/gara | Profilo ultime 10: 0.68 | Real over index: 0.45;5.52;18.18;;;10.33;6.82;4.5;;;;1.3.0
2026-09-19;Austria_Salzburg;Eugendorf;ATSV Salzburg;57.69;MEDIA;10;2026-09-19;Austria_Salzburg;Austria_Salzburg;;Engine v1.3 | Squadra alta: ATSV Salzburg (13ª), squadra bassa: Eugendorf (14ª) | GF alta: 0.71/gara | GS bassa: 2.43/gara | Profilo ultime 10: 0.80 | Real over index: 0.79;1.88;5.95;;;20.0;8.0;7.86;;;;1.3.0
2026-09-19;Finland_Ykkosliiga;Mikkeli;Jippo;57.68;MEDIA;27;2026-09-19;Finland_Ykkosliiga;Finland_Ykkosliiga;;Engine v1.3 | Squadra alta: Jippo (3ª), squadra bassa: Mikkeli (7ª) | GF alta: 1.42/gara | GS bassa: 1.48/gara | Profilo ultime 10: 0.70 | Real over index: 0.45;10.14;11.81;;;13.44;6.96;4.5;;;;1.3.0
2026-09-19;Netherlands_EersteDivisie;Vitesse;Jong PSV;57.57;MEDIA;9;2026-09-19;Netherlands_EersteDivisie;Netherlands_EersteDivisie;;Engine v1.3 | Squadra alta: Jong PSV (6ª), squadra bassa: Vitesse (10ª) | GF alta: 1.62/gara | GS bassa: 1.33/gara | Profilo ultime 10: 0.82 | Real over index: 0.65;3.21;13.54;;;12.12;8.24;6.46;;;;1.3.0
2026-09-19;Japan_J1League;Urawa;Verdy;57.56;MEDIA;7;2026-09-19;Japan_J1League;Japan_J1League;;Engine v1.3 | Squadra alta: Urawa (12ª), squadra bassa: Verdy (19ª) | GF alta: 1.86/gara | GS bassa: 1.29/gara | Profilo ultime 10: 0.62 | Real over index: 0.50;9.65;15.48;;;11.69;6.25;5.0;;;;1.3.0
2026-09-19;Japan_J1League;V-Varen Nagasaki;C-Osaka;57.54;MEDIA;7;2026-09-19;Japan_J1League;Japan_J1League;;Engine v1.3 | Squadra alta: C-Osaka (10ª), squadra bassa: V-Varen Nagasaki (14ª) | GF alta: 0.86/gara | GS bassa: 2.00/gara | Profilo ultime 10: 0.68 | Real over index: 0.57;5.71;7.14;;;18.18;6.8;5.71;;;;1.3.0
2026-09-19;Norway_3rdDivision_Group6;Drobak-Frogn;SK Gjovik-Lyn;57.53;MEDIA;21;2026-09-19;Norway_3rdDivision_Group6;Norway_3rdDivision_Group6;;Engine v1.3 | Squadra alta: SK Gjovik-Lyn (4ª), squadra bassa: Drobak-Frogn (9ª) | GF alta: 1.42/gara | GS bassa: 1.47/gara | Profilo ultime 10: 0.78 | Real over index: 0.60;7.48;11.84;;;13.4;7.85;6.0;;;;1.3.0
2026-09-19;Austria_2Liga;Sturm Graz 2;Innsbruck;57.51;MEDIA;7;2026-09-19;Austria_2Liga;Austria_2Liga;;Engine v1.3 | Squadra alta: Innsbruck (5ª), squadra bassa: Sturm Graz 2 (6ª) | GF alta: 1.33/gara | GS bassa: 2.33/gara | Profilo ultime 10: 0.77 | Real over index: 0.58;0.51;11.11;;;20.0;7.67;5.83;;;;1.3.0
2026-09-19;Germany_Oberliga_Hessen;Hunfelder;Hadamar;57.48;MEDIA;11;2026-09-19;Germany_Oberliga_Hessen;Germany_Oberliga_Hessen;;Engine v1.3 | Squadra alta: Hadamar (6ª), squadra bassa: Hunfelder (7ª) | GF alta: 1.67/gara | GS bassa: 1.44/gara | Profilo ultime 10: 0.83 | Real over index: 0.67;1.51;13.89;;;13.13;8.28;6.67;;;;1.3.0
2026-09-19;FaroeIslands_PremierLeague;Toftir;Streymur;57.39;MEDIA;27;2026-09-19;FaroeIslands_PremierLeague;FaroeIslands_PremierLeague;;Engine v1.3 | Squadra alta: Streymur (7ª), squadra bassa: Toftir (10ª) | GF alta: 1.23/gara | GS bassa: 2.00/gara | Profilo ultime 10: 0.60 | Real over index: 0.45;6.18;10.23;;;18.18;6.03;4.5;;;;1.3.0
2026-09-19;Poland_IIILiga_Group3;BKS Sparta Katowice;Kluczbork;57.28;MEDIA;9;2026-09-19;Poland_IIILiga_Group3;Poland_IIILiga_Group3;;Engine v1.3 | Squadra alta: BKS Sparta Katowice (3ª), squadra bassa: Kluczbork (9ª) | GF alta: 1.75/gara | GS bassa: 1.50/gara | Profilo ultime 10: 0.65 | Real over index: 0.50;8.39;14.58;;;13.64;6.47;5.0;;;;1.3.0
2026-09-19;Iceland_BestaDeildKarla;Akureyri;Thor Akureyri;57.01;MEDIA;29;2026-09-19;Iceland_BestaDeildKarla;Iceland_BestaDeildKarla;;Engine v1.3 | Squadra alta: Thor Akureyri (10ª), squadra bassa: Akureyri (11ª) | GF alta: 1.00/gara | GS bassa: 2.22/gara | Profilo ultime 10: 0.76 | Real over index: 0.60;1.11;8.33;;;20.0;7.57;6.0;;;;1.3.0
2026-09-19;Serbia_SuperLiga;Vojvodina;IMT Novi Beograd;56.96;MEDIA;12;2026-09-19;Serbia_SuperLiga;Serbia_SuperLiga;;Engine v1.3 | Squadra alta: Vojvodina (2ª), squadra bassa: IMT Novi Beograd (4ª) | GF alta: 2.22/gara | GS bassa: 0.67/gara | Profilo ultime 10: 0.66 | Real over index: 0.50;8.44;18.52;;;6.06;6.55;5.0;;;;1.3.0
2026-09-19;NorthernIreland_NIFLPremiership;Dungannon;Ballymena;56.9;MEDIA;10;2026-09-19;NorthernIreland_NIFLPremiership;NorthernIreland_NIFLPremiership;;Engine v1.3 | Squadra alta: Dungannon (7ª), squadra bassa: Ballymena (10ª) | GF alta: 1.00/gara | GS bassa: 1.67/gara | Profilo ultime 10: 0.67 | Real over index: 0.50;8.46;8.33;;;15.15;6.68;5.0;;;;1.3.0
2026-09-19;CzechRepublic_3MSFL;Vsetin;Nove Mesto na Morave;56.9;MEDIA;9;2026-09-19;CzechRepublic_3MSFL;CzechRepublic_3MSFL;;Engine v1.3 | Squadra alta: Nove Mesto na Morave (13ª), squadra bassa: Vsetin (14ª) | GF alta: 0.75/gara | GS bassa: 2.50/gara | Profilo ultime 10: 0.64 | Real over index: 0.62;5.17;6.25;;;20.0;6.4;6.25;;;;1.3.0
2026-09-19;France_National;La Roche;Valenciennes;56.76;MEDIA;8;2026-09-19;France_National;France_National;;Engine v1.3 | Squadra alta: La Roche (3ª), squadra bassa: Valenciennes (15ª) | GF alta: 1.17/gara | GS bassa: 1.50/gara | Profilo ultime 10: 0.51 | Real over index: 0.33;16.56;9.72;;;13.64;5.06;3.33;;;;1.3.0
2026-09-19;Spain_LaLiga;Celta Vigo;Racing Santander;56.59;MEDIA;9;2026-09-19;Spain_LaLiga;Spain_LaLiga;;Engine v1.3 | Squadra alta: Racing Santander (11ª), squadra bassa: Celta Vigo (18ª) | GF alta: 1.83/gara | GS bassa: 1.20/gara | Profilo ultime 10: 0.65 | Real over index: 0.52;8.24;15.28;;;10.91;6.5;5.17;;;;1.3.0
2026-09-19;Germany_Regionalliga_Sudwest;Aalen;Freiberg;56.58;MEDIA;10;2026-09-19;Germany_Regionalliga_Sudwest;Germany_Regionalliga_Sudwest;;Engine v1.3 | Squadra alta: Freiberg (2ª), squadra bassa: Aalen (7ª) | GF alta: 2.71/gara | GS bassa: 0.86/gara | Profilo ultime 10: 0.66 | Real over index: 0.50;6.35;20.0;;;7.79;6.59;5.0;;;;1.3.0
2026-09-19;Bulgaria_ParvaLiga;Septemvri Sofia;Botev Plovdiv;56.49;MEDIA;11;2026-09-19;Bulgaria_ParvaLiga;Bulgaria_ParvaLiga;;Engine v1.3 | Squadra alta: Botev Plovdiv (6ª), squadra bassa: Septemvri Sofia (9ª) | GF alta: 1.40/gara | GS bassa: 1.67/gara | Profilo ultime 10: 0.67 | Real over index: 0.53;5.46;11.67;;;15.15;6.75;5.28;;;;1.3.0
2026-09-19;Mexico_LigaExpansionMX_Apertura;Piratas;Venados;56.09;MEDIA;10;2026-09-19;Mexico_LigaExpansionMX_Apertura;Mexico_LigaExpansionMX_Apertura;;Engine v1.3 | Squadra alta: Venados (4ª), squadra bassa: Piratas (6ª) | GF alta: 2.62/gara | GS bassa: 0.75/gara | Profilo ultime 10: 0.74 | Real over index: 0.56;2.29;20.0;;;6.82;7.35;5.62;;;;1.3.0
2026-09-19;Norway_2ndDivision_Group1;Mjoendalen;Sotra;56.08;MEDIA;21;2026-09-19;Norway_2ndDivision_Group1;Norway_2ndDivision_Group1;;Engine v1.3 | Squadra alta: Mjoendalen (3ª), squadra bassa: Sotra (5ª) | GF alta: 1.85/gara | GS bassa: 1.11/gara | Profilo ultime 10: 0.76 | Real over index: 0.65;2.74;15.42;;;10.05;7.64;6.5;;;;1.3.0
2026-09-19;France_National;Versailles;Quevilly Rouen;56.03;MEDIA;8;2026-09-19;France_National;France_National;;Engine v1.3 | Squadra alta: Versailles (8ª), squadra bassa: Quevilly Rouen (11ª) | GF alta: 1.67/gara | GS bassa: 1.33/gara | Profilo ultime 10: 0.76 | Real over index: 0.67;2.95;13.89;;;12.12;7.57;6.67;;;;1.3.0
2026-09-19;USA_MLS;New York City;New York Red Bulls;56.02;MEDIA;29;2026-09-19;USA_MLS;USA_MLS;;Engine v1.3 | Squadra alta: New York City (15ª), squadra bassa: New York Red Bulls (20ª) | GF alta: 1.54/gara | GS bassa: 1.92/gara | Profilo ultime 10: 0.58 | Real over index: 0.40;1.99;12.82;;;17.45;5.75;4.0;;;;1.3.0
2026-09-19;Hungary_NBII;Nagykanizsa;Videoton;55.91;MEDIA;8;2026-09-19;Hungary_NBII;Hungary_NBII;;Engine v1.3 | Squadra alta: Videoton (10ª), squadra bassa: Nagykanizsa (12ª) | GF alta: 1.67/gara | GS bassa: 1.43/gara | Profilo ultime 10: 0.75 | Real over index: 0.71;2.39;13.89;;;12.99;7.5;7.14;;;;1.3.0
2026-09-19;Poland_Division1;Termalica B-B.;Odra Opole;55.9;MEDIA;9;2026-09-19;Poland_Division1;Poland_Division1;;Engine v1.3 | Squadra alta: Termalica B-B. (4ª), squadra bassa: Odra Opole (13ª) | GF alta: 1.62/gara | GS bassa: 1.00/gara | Profilo ultime 10: 0.67 | Real over index: 0.56;8.84;13.54;;;9.09;6.7;5.62;;;;1.3.0
2026-09-19;Sweden_Division2_NorraSvealand;Gute;Enskede;55.89;MEDIA;23;2026-09-19;Sweden_Division2_NorraSvealand;Sweden_Division2_NorraSvealand;;Engine v1.3 | Squadra alta: Enskede (5ª), squadra bassa: Gute (7ª) | GF alta: 1.57/gara | GS bassa: 1.38/gara | Profilo ultime 10: 0.69 | Real over index: 0.45;6.18;13.1;;;12.55;6.92;4.5;;;;1.3.0
2026-09-19;Albania_AbissnetSuperiore;Dinamo City;Laci;55.87;MEDIA;5;2026-09-19;Albania_AbissnetSuperiore;Albania_AbissnetSuperiore;;Engine v1.3 | Squadra alta: Dinamo City (3ª), squadra bassa: Laci (4ª) | GF alta: 1.75/gara | GS bassa: 1.33/gara | Profilo ultime 10: 0.77 | Real over index: 0.58;3.24;14.58;;;12.12;7.71;5.83;;;;1.3.0
2026-09-19;Croatia_PrvaNL;Vukovar 1991;Jadran LP;55.81;MEDIA;6;2026-09-19;Croatia_PrvaNL;Croatia_PrvaNL;;Engine v1.3 | Squadra alta: Jadran LP (5ª), squadra bassa: Vukovar 1991 (6ª) | GF alta: 1.60/gara | GS bassa: 2.00/gara | Profilo ultime 10: 0.74 | Real over index: 0.40;0.51;13.33;;;18.18;7.4;4.0;;;;1.3.0
2026-09-19;France_Ligue1;Angers;Troyes;55.75;MEDIA;5;2026-09-19;France_Ligue1;France_Ligue1;;Engine v1.3 | Squadra alta: Angers (10ª), squadra bassa: Troyes (12ª) | GF alta: 1.00/gara | GS bassa: 3.00/gara | Profilo ultime 10: 0.69 | Real over index: 0.58;0.91;8.33;;;20.0;6.95;5.83;;;;1.3.0
2026-09-19;Germany_Regionalliga_Nord;SC Weiche-08;Phonix Lubeck;55.69;MEDIA;11;2026-09-19;Germany_Regionalliga_Nord;Germany_Regionalliga_Nord;;Engine v1.3 | Squadra alta: SC Weiche-08 (3ª), squadra bassa: Phonix Lubeck (4ª) | GF alta: 3.22/gara | GS bassa: 0.56/gara | Profilo ultime 10: 0.79 | Real over index: 0.72;2.57;20.0;;;5.05;7.86;7.22;;;;1.3.0
2026-09-19;Mexico_LigaMX_Apertura;Puebla;Atlante;55.63;MEDIA;10;2026-09-19;Mexico_LigaMX_Apertura;Mexico_LigaMX_Apertura;;Engine v1.3 | Squadra alta: Puebla (8ª), squadra bassa: Atlante (15ª) | GF alta: 1.25/gara | GS bassa: 1.50/gara | Profilo ultime 10: 0.57 | Real over index: 0.38;10.32;10.42;;;13.64;5.68;3.75;;;;1.3.0
2026-09-19;Romania_Superliga;CFR Cluj;Botosani;55.56;MEDIA;10;2026-09-19;Romania_Superliga;Romania_Superliga;;Engine v1.3 | Squadra alta: Botosani (9ª), squadra bassa: CFR Cluj (12ª) | GF alta: 1.44/gara | GS bassa: 1.57/gara | Profilo ultime 10: 0.76 | Real over index: 0.58;3.51;12.04;;;14.29;7.55;5.79;;;;1.3.0
2026-09-19;Germany_Oberliga_Hessen;Alzenau;Baunatal;55.51;MEDIA;11;2026-09-19;Germany_Oberliga_Hessen;Germany_Oberliga_Hessen;;Engine v1.3 | Squadra alta: Baunatal (13ª), squadra bassa: Alzenau (17ª) | GF alta: 1.22/gara | GS bassa: 1.78/gara | Profilo ultime 10: 0.69 | Real over index: 0.61;3.93;10.19;;;16.16;6.94;6.11;;;;1.3.0
2026-09-19;Italy_SerieB;Palermo;Padova;55.47;MEDIA;5;2026-09-19;Italy_SerieB;Italy_SerieB;;Engine v1.3 | Squadra alta: Palermo (1ª), squadra bassa: Padova (5ª) | GF alta: 2.00/gara | GS bassa: 1.00/gara | Profilo ultime 10: 0.60 | Real over index: 0.38;8.77;16.67;;;9.09;5.97;3.75;;;;1.3.0
2026-09-19;Sweden_Division1_Norra;Enkoping SK;Karlstad;55.34;MEDIA;25;2026-09-19;Sweden_Division1_Norra;Sweden_Division1_Norra;;Engine v1.3 | Squadra alta: Karlstad (5ª), squadra bassa: Enkoping SK (7ª) | GF alta: 1.50/gara | GS bassa: 1.64/gara | Profilo ultime 10: 0.78 | Real over index: 0.70;1.03;12.5;;;14.88;7.8;7.0;;;;1.3.0
2026-09-19;Austria_Regionalliga_West;Hohenems;SC Imst;55.29;MEDIA;9;2026-09-19;Austria_Regionalliga_West;Austria_Regionalliga_West;;Engine v1.3 | Squadra alta: Hohenems (1ª), squadra bassa: SC Imst (3ª) | GF alta: 2.86/gara | GS bassa: 0.57/gara | Profilo ultime 10: 0.75 | Real over index: 0.64;3.75;20.0;;;5.19;7.54;6.43;;;;1.3.0
2026-09-19;Paraguay_DivisionIntermedia;Paraguari AC;General Caballero JLM;55.08;MEDIA;10;2026-09-19;Paraguay_DivisionIntermedia;Paraguay_DivisionIntermedia;;Engine v1.3 | Squadra alta: General Caballero JLM (1ª), squadra bassa: Paraguari AC (2ª) | GF alta: 2.14/gara | GS bassa: 1.14/gara | Profilo ultime 10: 0.77 | Real over index: 0.64;1.88;17.86;;;10.39;7.68;6.43;;;;1.3.0
2026-09-19;CzechRepublic_1Liga;Pardubice;Bohemians;55.05;MEDIA;11;2026-09-19;CzechRepublic_1Liga;CzechRepublic_1Liga;;Engine v1.3 | Squadra alta: Bohemians (11ª), squadra bassa: Pardubice (13ª) | GF alta: 1.14/gara | GS bassa: 1.62/gara | Profilo ultime 10: 0.61 | Real over index: 0.53;7.33;9.52;;;14.77;6.14;5.27;;;;1.3.0
2026-09-19;France_Ligue1;Paris FC;Strasburgo;55.01;MEDIA;5;2026-09-19;France_Ligue1;France_Ligue1;;Engine v1.3 | Squadra alta: Strasburgo (4ª), squadra bassa: Paris FC (5ª) | GF alta: 3.00/gara | GS bassa: 0.67/gara | Profilo ultime 10: 0.78 | Real over index: 0.67;0.45;20.0;;;6.06;7.83;6.67;;;;1.3.0
2026-09-19;Sweden_Superettan;Sandviken;Örebro;55.01;MEDIA;29;2026-09-19;Sweden_Superettan;Sweden_Superettan;;Engine v1.3 | Squadra alta: Sandviken (9ª), squadra bassa: Örebro (13ª) | GF alta: 1.54/gara | GS bassa: 1.46/gara | Profilo ultime 10: 0.65 | Real over index: 0.45;4.83;12.85;;;13.26;6.49;4.5;;;;1.3.0
2026-09-19;Romania_Liga2;Popesti Leordeni;Politehnica Timisoara;54.95;MEDIA;8;2026-09-19;Romania_Liga2;Romania_Liga2;;Engine v1.3 | Squadra alta: Politehnica Timisoara (1ª), squadra bassa: Popesti Leordeni (3ª) | GF alta: 2.00/gara | GS bassa: 1.50/gara | Profilo ultime 10: 0.75 | Real over index: 0.55;1.64;16.67;;;13.64;7.45;5.48;;;;1.3.0
2026-09-19;Austria_Regionalliga_North;TSV St. Johann;Ried (Am);54.92;MEDIA;10;2026-09-19;Austria_Regionalliga_North;Austria_Regionalliga_North;;Engine v1.3 | Squadra alta: TSV St. Johann (8ª), squadra bassa: Ried (Am) (9ª) | GF alta: 1.00/gara | GS bassa: 2.12/gara | Profilo ultime 10: 0.71 | Real over index: 0.62;0.41;8.33;;;19.32;7.05;6.25;;;;1.3.0
2026-09-19;Italy_SerieC_GironeC;Sorrento;Bari;54.83;MEDIA;6;2026-09-19;Italy_SerieC_GironeC;Italy_SerieC_GironeC;;Engine v1.3 | Squadra alta: Sorrento (1ª), squadra bassa: Bari (5ª) | GF alta: 1.80/gara | GS bassa: 0.75/gara | Profilo ultime 10: 0.59 | Real over index: 0.45;13.54;15.0;;;6.82;5.91;4.5;;;;1.3.0
2026-09-19;Germany_Regionalliga_Nord;VfB Lubeck;Bremer;54.71;MEDIA;11;2026-09-19;Germany_Regionalliga_Nord;Germany_Regionalliga_Nord;;Engine v1.3 | Squadra alta: Bremer (14ª), squadra bassa: VfB Lubeck (18ª) | GF alta: 0.89/gara | GS bassa: 2.00/gara | Profilo ultime 10: 0.63 | Real over index: 0.50;4.99;7.41;;;18.18;6.3;5.0;;;;1.3.0
2026-09-19;Romania_Liga2;FC Bacau;Cetatea Suceava;54.66;MEDIA;8;2026-09-19;Romania_Liga2;Romania_Liga2;;Engine v1.3 | Squadra alta: FC Bacau (7ª), squadra bassa: Cetatea Suceava (8ª) | GF alta: 2.33/gara | GS bassa: 1.00/gara | Profilo ultime 10: 0.75 | Real over index: 0.58;0.37;19.44;;;9.09;7.54;5.83;;;;1.3.0
2026-09-19;NorthernIreland_NIFLPremiership;C. Rangers;Larne;54.63;MEDIA;10;2026-09-19;NorthernIreland_NIFLPremiership;NorthernIreland_NIFLPremiership;;Engine v1.3 | Squadra alta: Larne (3ª), squadra bassa: C. Rangers (6ª) | GF alta: 1.40/gara | GS bassa: 1.29/gara | Profilo ultime 10: 0.61 | Real over index: 0.39;13.27;11.67;;;11.69;6.07;3.86;;;;1.3.0
2026-09-19;Croatia_HNL;Istra 1961;Gorica;54.57;MEDIA;5;2026-09-19;Croatia_HNL;Croatia_HNL;10 clubs, quadruple round robin;Engine v1.3 | Squadra alta: Istra 1961 (5ª), squadra bassa: Gorica (8ª) | GF alta: 1.75/gara | GS bassa: 1.00/gara | Profilo ultime 10: 0.65 | Real over index: 0.54;8.13;14.58;;;9.09;6.46;5.42;;;;1.3.0
2026-09-19;Austria_Wien;Sportunion Mauer;1980 Wien;54.21;MEDIA;5;2026-09-19;Austria_Wien;Austria_Wien;;Engine v1.3 | Squadra alta: Sportunion Mauer (9ª), squadra bassa: 1980 Wien (11ª) | GF alta: 1.50/gara | GS bassa: 2.67/gara | Profilo ultime 10: 0.50 | Real over index: 0.42;10.56;12.5;;;20.0;5.04;4.17;;;;1.3.0
2026-09-19;Bosnia_PrvaLiga_RS;Kozara;Nevesinje;54.15;MEDIA;7;2026-09-19;Bosnia_PrvaLiga_RS;Bosnia_PrvaLiga_RS;;Engine v1.3 | Squadra alta: Kozara (6ª), squadra bassa: Nevesinje (11ª) | GF alta: 1.00/gara | GS bassa: 2.75/gara | Profilo ultime 10: 0.57 | Real over index: 0.50;5.34;8.33;;;20.0;5.71;5.0;;;;1.3.0
2026-09-19;Austria_Wien;Kagran;Stammersdorf;54.13;MEDIA;5;2026-09-19;Austria_Wien;Austria_Wien;;Engine v1.3 | Squadra alta: Kagran (13ª), squadra bassa: Stammersdorf (14ª) | GF alta: 0.50/gara | GS bassa: 5.00/gara | Profilo ultime 10: 0.67 | Real over index: 0.75;2.9;4.17;;;20.0;6.73;7.5;;;;1.3.0
2026-09-19;Denmark_1stDivision;Aarhus Fremad;Hvidovre IF;54.05;MEDIA;10;2026-09-19;Denmark_1stDivision;Denmark_1stDivision;;Engine v1.3 | Squadra alta: Hvidovre IF (2ª), squadra bassa: Aarhus Fremad (4ª) | GF alta: 1.88/gara | GS bassa: 0.75/gara | Profilo ultime 10: 0.67 | Real over index: 0.56;7.36;15.62;;;6.82;6.68;5.62;;;;1.3.0
2026-09-19;England_Championship;Burnley;Derby;54.02;MEDIA;9;2026-09-19;England_Championship;England_Championship;;Engine v1.3 | Squadra alta: Derby (23ª), squadra bassa: Burnley (24ª) | GF alta: 0.67/gara | GS bassa: 2.29/gara | Profilo ultime 10: 0.69 | Real over index: 0.69;1.02;5.56;;;20.0;6.88;6.9;;;;1.3.0
2026-09-19;Poland_Division2;Chojniczanka;Ol. Grudziadz;54.0;MEDIA;9;2026-09-19;Poland_Division2;Poland_Division2;;Engine v1.3 | Squadra alta: Ol. Grudziadz (10ª), squadra bassa: Chojniczanka (11ª) | GF alta: 1.25/gara | GS bassa: 1.62/gara | Profilo ultime 10: 0.75 | Real over index: 0.56;1.64;10.42;;;14.77;7.54;5.62;;;;1.3.0
2026-09-19;SouthKorea_KLeague2;Seoul E-Land;Daegu;53.87;MEDIA;27;2026-09-19;SouthKorea_KLeague2;SouthKorea_KLeague2;;Engine v1.3 | Squadra alta: Daegu (2ª), squadra bassa: Seoul E-Land (4ª) | GF alta: 1.88/gara | GS bassa: 1.16/gara | Profilo ultime 10: 0.73 | Real over index: 0.50;1.34;15.67;;;10.55;7.31;5.0;;;;1.3.0
2026-09-19;England_PremierLeague;Everton;Ipswich;53.84;MEDIA;5;2026-09-19;England_PremierLeague;England_PremierLeague;;Engine v1.3 | Squadra alta: Everton (13ª), squadra bassa: Ipswich (16ª) | GF alta: 1.00/gara | GS bassa: 3.00/gara | Profilo ultime 10: 0.69 | Real over index: 0.50;1.22;8.33;;;20.0;6.91;5.0;;;;1.3.0
2026-09-19;Serbia_SuperLiga;Novi Pazar;Zemun;53.81;MEDIA;12;2026-09-19;Serbia_SuperLiga;Serbia_SuperLiga;;Engine v1.3 | Squadra alta: Novi Pazar (7ª), squadra bassa: Zemun (14ª) | GF alta: 0.89/gara | GS bassa: 1.89/gara | Profilo ultime 10: 0.43 | Real over index: 0.28;14.19;7.41;;;17.17;4.29;2.78;;;;1.3.0
2026-09-19;England_PremierLeague;Newcastle;Hull;53.78;MEDIA;5;2026-09-19;England_PremierLeague;England_PremierLeague;;Engine v1.3 | Squadra alta: Hull (8ª), squadra bassa: Newcastle (9ª) | GF alta: 1.00/gara | GS bassa: 2.00/gara | Profilo ultime 10: 0.69 | Real over index: 0.54;4.38;8.33;;;18.18;6.89;5.42;;;;1.3.0
2026-09-19;Lithuania_ILyga;Ekranas;Siauliai 2;53.77;MEDIA;26;2026-09-19;Lithuania_ILyga;Lithuania_ILyga;;Engine v1.3 | Squadra alta: Ekranas (15ª), squadra bassa: Siauliai 2 (16ª) | GF alta: 0.96/gara | GS bassa: 2.25/gara | Profilo ultime 10: 0.67 | Real over index: 0.65;0.51;7.99;;;20.0;6.67;6.5;;;;1.3.0
2026-09-19;Denmark_1stDivision;AB Copenhagen;Esbjerg;53.68;MEDIA;10;2026-09-19;Denmark_1stDivision;Denmark_1stDivision;;Engine v1.3 | Squadra alta: AB Copenhagen (10ª), squadra bassa: Esbjerg (11ª) | GF alta: 1.00/gara | GS bassa: 2.00/gara | Profilo ultime 10: 0.65 | Real over index: 0.50;1.89;8.33;;;18.18;6.54;5.0;;;;1.3.0
2026-09-19;Croatia_HNL;Varazdin;Osijek;53.63;MEDIA;5;2026-09-19;Croatia_HNL;Croatia_HNL;10 clubs, quadruple round robin;Engine v1.3 | Squadra alta: Osijek (3ª), squadra bassa: Varazdin (4ª) | GF alta: 2.00/gara | GS bassa: 0.67/gara | Profilo ultime 10: 0.78 | Real over index: 0.67;2.44;16.67;;;6.06;7.79;6.67;;;;1.3.0
2026-09-19;Hungary_NBII;Mezokovesd;Kazincbarcika;53.62;MEDIA;8;2026-09-19;Hungary_NBII;Hungary_NBII;;Engine v1.3 | Squadra alta: Kazincbarcika (4ª), squadra bassa: Mezokovesd (8ª) | GF alta: 1.71/gara | GS bassa: 1.17/gara | Profilo ultime 10: 0.66 | Real over index: 0.45;5.46;14.29;;;10.61;6.56;4.52;;;;1.3.0
2026-09-19;Italy_SerieB;Sampdoria;Catanzaro;53.57;MEDIA;5;2026-09-19;Italy_SerieB;Italy_SerieB;;Engine v1.3 | Squadra alta: Catanzaro (15ª), squadra bassa: Sampdoria (20ª) | GF alta: 0.67/gara | GS bassa: 2.00/gara | Profilo ultime 10: 0.51 | Real over index: 0.42;9.18;5.56;;;18.18;5.12;4.17;;;;1.3.0
2026-09-19;France_National;Concarneau;Caen;53.39;MEDIA;8;2026-09-19;France_National;France_National;;Engine v1.3 | Squadra alta: Caen (2ª), squadra bassa: Concarneau (7ª) | GF alta: 2.00/gara | GS bassa: 1.00/gara | Profilo ultime 10: 0.60 | Real over index: 0.33;7.03;16.67;;;9.09;5.97;3.33;;;;1.3.0
2026-09-19;Netherlands_EredivisieWomen;Utrecht D;Feyenoord D;53.39;MEDIA;5;2026-09-19;Netherlands_EredivisieWomen;Netherlands_EredivisieWomen;;Engine v1.3 | Squadra alta: Feyenoord D (9ª), squadra bassa: Utrecht D (10ª) | GF alta: 0.75/gara | GS bassa: 1.75/gara | Profilo ultime 10: 0.65 | Real over index: 0.62;5.62;6.25;;;15.91;6.52;6.25;;;;1.3.0
2026-09-19;Poland_IIILiga_Group3;Brzeg;Jelenia Gora;53.33;MEDIA;9;2026-09-19;Poland_IIILiga_Group3;Poland_IIILiga_Group3;;Engine v1.3 | Squadra alta: Jelenia Gora (7ª), squadra bassa: Brzeg (13ª) | GF alta: 1.25/gara | GS bassa: 1.50/gara | Profilo ultime 10: 0.67 | Real over index: 0.44;7.2;10.42;;;13.64;6.66;4.38;;;;1.3.0
2026-09-19;Bulgaria_ParvaLiga;Dunav Ruse;Botev Vratsa;53.24;MEDIA;11;2026-09-19;Bulgaria_ParvaLiga;Bulgaria_ParvaLiga;;Engine v1.3 | Squadra alta: Botev Vratsa (10ª), squadra bassa: Dunav Ruse (14ª) | GF alta: 0.70/gara | GS bassa: 1.90/gara | Profilo ultime 10: 0.64 | Real over index: 0.60;4.91;5.83;;;17.27;6.39;6.0;;;;1.3.0
2026-09-19;Bosnia_PrvaLiga_RS;Prijedor;Sutjeska Foca;53.11;MEDIA;7;2026-09-19;Bosnia_PrvaLiga_RS;Bosnia_PrvaLiga_RS;;Engine v1.3 | Squadra alta: Prijedor (7ª), squadra bassa: Sutjeska Foca (10ª) | GF alta: 1.40/gara | GS bassa: 1.60/gara | Profilo ultime 10: 0.67 | Real over index: 0.60;3.68;11.67;;;14.55;6.71;6.0;;;;1.3.0
2026-09-19;France_Ligue2;Guingamp;Red Star;52.9;MEDIA;7;2026-09-19;France_Ligue2;France_Ligue2;;Engine v1.3 | Squadra alta: Red Star (4ª), squadra bassa: Guingamp (9ª) | GF alta: 1.00/gara | GS bassa: 1.50/gara | Profilo ultime 10: 0.65 | Real over index: 0.50;7.03;8.33;;;13.64;6.52;5.0;;;;1.3.0
2026-09-19;Croatia_PrvaNL;Orijent;Opatija;52.89;MEDIA;6;2026-09-19;Croatia_PrvaNL;Croatia_PrvaNL;;Engine v1.3 | Squadra alta: Orijent (12ª), squadra bassa: Opatija (14ª) | GF alta: 1.00/gara | GS bassa: 1.80/gara | Profilo ultime 10: 0.69 | Real over index: 0.60;2.93;8.33;;;16.36;6.88;6.0;;;;1.3.0
2026-09-19;Japan_J1League;Yokohama M.;Mito;52.77;MEDIA;7;2026-09-19;Japan_J1League;Japan_J1League;;Engine v1.3 | Squadra alta: Yokohama M. (9ª), squadra bassa: Mito (11ª) | GF alta: 1.57/gara | GS bassa: 1.29/gara | Profilo ultime 10: 0.70 | Real over index: 0.36;3.53;13.1;;;11.69;6.96;3.57;;;;1.3.0
2026-09-19;Poland_Division1;Legnica;S. Rzeszow;52.75;MEDIA;9;2026-09-19;Poland_Division1;Poland_Division1;;Engine v1.3 | Squadra alta: Legnica (3ª), squadra bassa: S. Rzeszow (10ª) | GF alta: 1.50/gara | GS bassa: 1.62/gara | Profilo ultime 10: 0.58 | Real over index: 0.38;6.75;12.5;;;14.77;5.84;3.75;;;;1.3.0
2026-09-19;Iceland_BestaDeildKvenna;Valur D;Thor/KA D;52.7;MEDIA;22;2026-09-19;Iceland_BestaDeildKvenna;Iceland_BestaDeildKvenna;;Engine v1.3 | Squadra alta: Valur D (8ª), squadra bassa: Thor/KA D (10ª) | GF alta: 1.22/gara | GS bassa: 1.56/gara | Profilo ultime 10: 0.71 | Real over index: 0.50;2.24;10.19;;;14.14;7.14;5.0;;;;1.3.0
2026-09-19;Austria_Bundesliga;A. Lustenau;Altach;52.55;MEDIA;8;2026-09-19;Austria_Bundesliga;Austria_Bundesliga;;Engine v1.3 | Squadra alta: A. Lustenau (11ª), squadra bassa: Altach (12ª) | GF alta: 1.00/gara | GS bassa: 1.67/gara | Profilo ultime 10: 0.67 | Real over index: 0.67;3.88;8.33;;;15.15;6.66;6.67;;;;1.3.0
2026-09-19;Lithuania_Toplyga;Transinvest;Zalgiris;52.52;MEDIA;38;2026-09-19;Lithuania_Toplyga;Lithuania_Toplyga;;Engine v1.3 | Squadra alta: Transinvest (3ª), squadra bassa: Zalgiris (4ª) | GF alta: 1.66/gara | GS bassa: 1.19/gara | Profilo ultime 10: 0.72 | Real over index: 0.55;1.81;13.79;;;10.77;7.15;5.5;;;;1.3.0
2026-09-19;Netherlands_EredivisieWomen;Ajax D;Alkmaar D;52.52;MEDIA;5;2026-09-19;Netherlands_EredivisieWomen;Netherlands_EredivisieWomen;;Engine v1.3 | Squadra alta: Alkmaar D (2ª), squadra bassa: Ajax D (3ª) | GF alta: 2.00/gara | GS bassa: 0.75/gara | Profilo ultime 10: 0.62 | Real over index: 0.50;8.01;16.67;;;6.82;6.16;5.0;;;;1.3.0
2026-09-19;Switzerland_PromotionLeague;Cham;Bruhl SG;52.49;MEDIA;10;2026-09-19;Switzerland_PromotionLeague;Switzerland_PromotionLeague;;Engine v1.3 | Squadra alta: Cham (5ª), squadra bassa: Bruhl SG (7ª) | GF alta: 1.57/gara | GS bassa: 1.14/gara | Profilo ultime 10: 0.73 | Real over index: 0.50;3.53;13.1;;;10.39;7.31;5.0;;;;1.3.0
2026-09-19;Germany_Regionalliga_West;Hilden;Bochum 2;52.39;MEDIA;10;2026-09-19;Germany_Regionalliga_West;Germany_Regionalliga_West;;Engine v1.3 | Squadra alta: Hilden (12ª), squadra bassa: Bochum 2 (17ª) | GF alta: 0.88/gara | GS bassa: 1.75/gara | Profilo ultime 10: 0.57 | Real over index: 0.44;7.03;7.29;;;15.91;5.68;4.38;;;;1.3.0
2026-09-19;CzechRepublic_3MSFL;Sigma Olomouc B;Zlin B;52.28;MEDIA;9;2026-09-19;CzechRepublic_3MSFL;CzechRepublic_3MSFL;;Engine v1.3 | Squadra alta: Sigma Olomouc B (7ª), squadra bassa: Zlin B (9ª) | GF alta: 1.75/gara | GS bassa: 1.25/gara | Profilo ultime 10: 0.69 | Real over index: 0.44;2.0;14.58;;;11.36;6.9;4.38;;;;1.3.0
2026-09-19;Austria_Burgenland;Lackenbach;SV Eberau;52.26;MEDIA;8;2026-09-19;Austria_Burgenland;Austria_Burgenland;;Engine v1.3 | Squadra alta: SV Eberau (12ª), squadra bassa: Lackenbach (16ª) | GF alta: 1.00/gara | GS bassa: 1.83/gara | Profilo ultime 10: 0.54 | Real over index: 0.42;6.82;8.33;;;16.67;5.39;4.17;;;;1.3.0
2026-09-19;CzechRepublic_1Liga;Mlada Boleslav;Brno;52.26;MEDIA;11;2026-09-19;CzechRepublic_1Liga;CzechRepublic_1Liga;;Engine v1.3 | Squadra alta: Brno (4ª), squadra bassa: Mlada Boleslav (5ª) | GF alta: 1.50/gara | GS bassa: 1.29/gara | Profilo ultime 10: 0.78 | Real over index: 0.61;0.51;12.5;;;11.69;7.75;6.07;;;;1.3.0
2026-09-19;Croatia_PrvaNL;Dugopolje;Din. Zagabria 2;52.19;MEDIA;6;2026-09-19;Croatia_PrvaNL;Croatia_PrvaNL;;Engine v1.3 | Squadra alta: Din. Zagabria 2 (10ª), squadra bassa: Dugopolje (11ª) | GF alta: 1.60/gara | GS bassa: 1.20/gara | Profilo ultime 10: 0.74 | Real over index: 0.60;0.51;13.33;;;10.91;7.44;6.0;;;;1.3.0
2026-09-19;Scotland_Premiership;Hibernian;Aberdeen;52.03;MEDIA;8;2026-09-19;Scotland_Premiership;Scotland_Premiership;;Engine v1.3 | Squadra alta: Aberdeen (8ª), squadra bassa: Hibernian (9ª) | GF alta: 1.00/gara | GS bassa: 1.67/gara | Profilo ultime 10: 0.68 | Real over index: 0.67;1.99;8.33;;;15.15;6.8;6.67;;;;1.3.0
2026-09-19;Latvia_Virsliga;FK Liepaja;BFC Daugavpils;51.99;MEDIA;33;2026-09-19;Latvia_Virsliga;Latvia_Virsliga;;Engine v1.3 | Squadra alta: FK Liepaja (4ª), squadra bassa: BFC Daugavpils (5ª) | GF alta: 1.46/gara | GS bassa: 1.12/gara | Profilo ultime 10: 0.74 | Real over index: 0.60;2.19;12.2;;;10.18;7.42;6.0;;;;1.3.0
2026-09-19;SouthKorea_KLeague2;Gimpo FC;Busan;51.76;MEDIA;27;2026-09-19;SouthKorea_KLeague2;SouthKorea_KLeague2;;Engine v1.3 | Squadra alta: Busan (6ª), squadra bassa: Gimpo FC (8ª) | GF alta: 1.64/gara | GS bassa: 1.25/gara | Profilo ultime 10: 0.53 | Real over index: 0.35;3.89;13.67;;;11.36;5.35;3.5;;;;1.3.0
2026-09-19;Slovakia_2Liga;Zvolen;Malzenice;51.73;MEDIA;9;2026-09-19;Slovakia_2Liga;Slovakia_2Liga;;Engine v1.3 | Squadra alta: Malzenice (13ª), squadra bassa: Zvolen (15ª) | GF alta: 1.25/gara | GS bassa: 1.62/gara | Profilo ultime 10: 0.57 | Real over index: 0.44;5.79;10.42;;;14.77;5.73;4.38;;;;1.3.0
2026-09-19;Sweden_Superettan;Nordic United;Landskrona;51.46;MEDIA;29;2026-09-19;Sweden_Superettan;Sweden_Superettan;;Engine v1.3 | Squadra alta: Landskrona (5ª), squadra bassa: Nordic United (8ª) | GF alta: 1.46/gara | GS bassa: 1.50/gara | Profilo ultime 10: 0.66 | Real over index: 0.45;1.94;12.15;;;13.64;6.62;4.5;;;;1.3.0
2026-09-19;Spain_LaLiga2;Real Sociedad B;Maiorca;51.45;MEDIA;6;2026-09-19;Spain_LaLiga2;Spain_LaLiga2;;Engine v1.3 | Squadra alta: Maiorca (2ª), squadra bassa: Real Sociedad B (14ª) | GF alta: 1.40/gara | GS bassa: 1.33/gara | Profilo ultime 10: 0.66 | Real over index: 0.43;7.58;11.67;;;12.12;6.6;4.33;;;;1.3.0
2026-09-19;Slovenia_PrvaLiga;Koper;Nafta;51.28;MEDIA;11;2026-09-19;Slovenia_PrvaLiga;Slovenia_PrvaLiga;;Engine v1.3 | Squadra alta: Koper (2ª), squadra bassa: Nafta (6ª) | GF alta: 1.00/gara | GS bassa: 1.56/gara | Profilo ultime 10: 0.64 | Real over index: 0.43;6.81;8.33;;;14.14;6.35;4.33;;;;1.3.0
2026-09-19;Armenia_PremierLeague;Alashkert;Pyunik;50.87;MEDIA;11;2026-09-19;Armenia_PremierLeague;Armenia_PremierLeague;;Engine v1.3 | Squadra alta: Pyunik (2ª), squadra bassa: Alashkert (4ª) | GF alta: 2.14/gara | GS bassa: 0.43/gara | Profilo ultime 10: 0.71 | Real over index: 0.57;5.49;17.86;;;3.9;7.07;5.71;;;;1.3.0
2026-09-19;Austria_2Liga;St. Polten;Bregenz;50.82;MEDIA;7;2026-09-19;Austria_2Liga;Austria_2Liga;;Engine v1.3 | Squadra alta: Bregenz (7ª), squadra bassa: St. Polten (11ª) | GF alta: 1.67/gara | GS bassa: 0.83/gara | Profilo ultime 10: 0.59 | Real over index: 0.42;8.41;13.89;;;7.58;5.9;4.17;;;;1.3.0
2026-09-19;CzechRepublic_1Liga;Slovacko;Ostrava;50.77;MEDIA;11;2026-09-19;CzechRepublic_1Liga;CzechRepublic_1Liga;;Engine v1.3 | Squadra alta: Ostrava (12ª), squadra bassa: Slovacko (15ª) | GF alta: 0.62/gara | GS bassa: 1.75/gara | Profilo ultime 10: 0.53 | Real over index: 0.50;8.69;5.21;;;15.91;5.32;5.0;;;;1.3.0
2026-09-19;Scotland_Premiership;St. Johnstone;Falkirk;50.7;MEDIA;8;2026-09-19;Scotland_Premiership;Scotland_Premiership;;Engine v1.3 | Squadra alta: St. Johnstone (7ª), squadra bassa: Falkirk (10ª) | GF alta: 1.33/gara | GS bassa: 1.33/gara | Profilo ultime 10: 0.62 | Real over index: 0.50;4.39;11.11;;;12.12;6.21;5.0;;;;1.3.0
2026-09-19;France_National;Le Puy-en-Velay;Villefranche;50.68;MEDIA;8;2026-09-19;France_National;France_National;;Engine v1.3 | Squadra alta: Le Puy-en-Velay (13ª), squadra bassa: Villefranche (17ª) | GF alta: 0.83/gara | GS bassa: 2.17/gara | Profilo ultime 10: 0.47 | Real over index: 0.25;6.58;6.94;;;19.7;4.72;2.5;;;;1.3.0
2026-09-19;Austria_Niederosterreich;Hohenau;Zwettl;50.55;MEDIA;7;2026-09-19;Austria_Niederosterreich;Austria_Niederosterreich;;Engine v1.3 | Squadra alta: Hohenau (4ª), squadra bassa: Zwettl (7ª) | GF alta: 1.67/gara | GS bassa: 0.83/gara | Profilo ultime 10: 0.70 | Real over index: 0.50;3.13;13.89;;;7.58;6.96;5.0;;;;1.3.0
2026-09-19;Poland_IIILiga_Group3;Goczalkowice Zdroj;Warta Gorzow;50.41;MEDIA;9;2026-09-19;Poland_IIILiga_Group3;Poland_IIILiga_Group3;;Engine v1.3 | Squadra alta: Warta Gorzow (8ª), squadra bassa: Goczalkowice Zdroj (14ª) | GF alta: 1.00/gara | GS bassa: 1.50/gara | Profilo ultime 10: 0.54 | Real over index: 0.38;7.2;8.33;;;13.64;5.39;3.75;;;;1.3.0
2026-09-19;Japan_J1League;Shimizu;Chiba;50.4;MEDIA;7;2026-09-19;Japan_J1League;Japan_J1League;;Engine v1.3 | Squadra alta: Shimizu (13ª), squadra bassa: Chiba (20ª) | GF alta: 0.57/gara | GS bassa: 2.29/gara | Profilo ultime 10: 0.48 | Real over index: 0.36;6.92;4.76;;;20.0;4.76;3.57;;;;1.3.0
2026-09-19;Germany_Oberliga_NOFV_Nord;Lichtenberg;Makkabi Berlin;50.31;MEDIA;5;2026-09-19;Germany_Oberliga_NOFV_Nord;Germany_Oberliga_NOFV_Nord;;Engine v1.3 | Squadra alta: Lichtenberg (7ª), squadra bassa: Makkabi Berlin (11ª) | GF alta: 1.50/gara | GS bassa: 1.00/gara | Profilo ultime 10: 0.67 | Real over index: 0.58;3.64;12.5;;;9.09;6.68;5.83;;;;1.3.0
2026-09-19;SouthKorea_KLeague2;Asan;Cheonan City;50.16;MEDIA;27;2026-09-19;SouthKorea_KLeague2;SouthKorea_KLeague2;;Engine v1.3 | Squadra alta: Asan (9ª), squadra bassa: Cheonan City (14ª) | GF alta: 1.29/gara | GS bassa: 1.36/gara | Profilo ultime 10: 0.51 | Real over index: 0.25;5.95;10.76;;;12.36;5.09;2.5;;;;1.3.0
2026-09-19;Germany_Oberliga_Niederrhein;Wuppertaler;Holzheim;50.12;MEDIA;9;2026-09-19;Germany_Oberliga_Niederrhein;Germany_Oberliga_Niederrhein;;Engine v1.3 | Squadra alta: Wuppertaler (17ª), squadra bassa: Holzheim (18ª) | GF alta: 0.40/gara | GS bassa: 3.80/gara | Profilo ultime 10: 0.63 | Real over index: 0.60;0.45;3.33;;;20.0;6.33;6.0;;;;1.3.0
2026-09-19;Finland_Ykkosliiga;PK-35;KTP;50.11;MEDIA;27;2026-09-19;Finland_Ykkosliiga;Finland_Ykkosliiga;;Engine v1.3 | Squadra alta: KTP (1ª), squadra bassa: PK-35 (2ª) | GF alta: 1.78/gara | GS bassa: 0.68/gara | Profilo ultime 10: 0.74 | Real over index: 0.60;3.74;14.86;;;6.2;7.4;6.0;;;;1.3.0
2026-09-19;Peru_Liga1_Clausura;Sporting Cristal;Grau;50.11;MEDIA;10;2026-09-19;Peru_Liga1_Clausura;Peru_Liga1_Clausura;;Engine v1.3 | Squadra alta: Sporting Cristal (3ª), squadra bassa: Grau (4ª) | GF alta: 2.00/gara | GS bassa: 1.00/gara | Profilo ultime 10: 0.72 | Real over index: 0.50;0.45;16.67;;;9.09;7.19;5.0;;;;1.3.0
2026-09-19;Romania_Liga2;CSM Satu Mare;Afumati;50.05;MEDIA;8;2026-09-19;Romania_Liga2;Romania_Liga2;;Engine v1.3 | Squadra alta: Afumati (12ª), squadra bassa: CSM Satu Mare (18ª) | GF alta: 1.33/gara | GS bassa: 1.14/gara | Profilo ultime 10: 0.54 | Real over index: 0.42;9.46;11.11;;;10.39;5.42;4.17;;;;1.3.0
2026-09-19;Germany_Regionalliga_Sudwest;Walldorf;VfR Mannheim;49.9;MEDIA;10;2026-09-19;Germany_Regionalliga_Sudwest;Germany_Regionalliga_Sudwest;;Engine v1.3 | Squadra alta: VfR Mannheim (11ª), squadra bassa: Walldorf (14ª) | GF alta: 0.86/gara | GS bassa: 1.71/gara | Profilo ultime 10: 0.61 | Real over index: 0.57;4.08;7.14;;;15.58;6.1;5.71;;;;1.3.0
2026-09-19;England_Championship;Cardiff;Charlton;49.84;MEDIA;9;2026-09-19;England_Championship;England_Championship;;Engine v1.3 | Squadra alta: Charlton (12ª), squadra bassa: Cardiff (21ª) | GF alta: 0.67/gara | GS bassa: 1.50/gara | Profilo ultime 10: 0.45 | Real over index: 0.33;12.55;5.56;;;13.64;4.53;3.33;;;;1.3.0
2026-09-19;Ukraine_PershaLiga;Kolos Kovalivka 2;Probiy Horodenka;49.82;MEDIA;8;2026-09-19;Ukraine_PershaLiga;Ukraine_PershaLiga;;Engine v1.3 | Squadra alta: Kolos Kovalivka 2 (15ª), squadra bassa: Probiy Horodenka (16ª) | GF alta: 0.57/gara | GS bassa: 2.86/gara | Profilo ultime 10: 0.30 | Real over index: 0.57;5.96;4.76;;;20.0;3.04;5.71;;;;1.3.0
2026-09-19;Turkey_1Lig;Erokspor;Karagumruk;49.5;MEDIA;8;2026-09-19;Turkey_1Lig;Turkey_1Lig;;Engine v1.3 | Squadra alta: Karagumruk (11ª), squadra bassa: Erokspor (17ª) | GF alta: 1.43/gara | GS bassa: 1.14/gara | Profilo ultime 10: 0.54 | Real over index: 0.36;7.88;11.9;;;10.39;5.42;3.57;;;;1.3.0
2026-09-19;Poland_Division1;Polonia W.;Chrobry Glogow;49.45;MEDIA;9;2026-09-19;Poland_Division1;Poland_Division1;;Engine v1.3 | Squadra alta: Chrobry Glogow (5ª), squadra bassa: Polonia W. (7ª) | GF alta: 1.38/gara | GS bassa: 1.50/gara | Profilo ultime 10: 0.68 | Real over index: 0.44;2.1;11.46;;;13.64;6.84;4.38;;;;1.3.0
2026-09-19;Spain_LaLiga2;Andorra;Gijon;49.37;MEDIA;6;2026-09-19;Spain_LaLiga2;Spain_LaLiga2;;Engine v1.3 | Squadra alta: Gijon (13ª), squadra bassa: Andorra (18ª) | GF alta: 0.40/gara | GS bassa: 2.00/gara | Profilo ultime 10: 0.52 | Real over index: 0.30;9.46;3.33;;;18.18;5.16;3.0;;;;1.3.0
2026-09-19;Finland_Ykkosliiga;SJK Akatemia;KaPa;49.33;MEDIA;27;2026-09-19;Finland_Ykkosliiga;Finland_Ykkosliiga;;Engine v1.3 | Squadra alta: KaPa (9ª), squadra bassa: SJK Akatemia (10ª) | GF alta: 1.04/gara | GS bassa: 1.59/gara | Profilo ultime 10: 0.68 | Real over index: 0.60;2.68;8.7;;;14.46;6.77;6.0;;;;1.3.0
2026-09-19;Slovakia_3Liga_West;Gabcikovo;Puchov;49.22;MEDIA;7;2026-09-19;Slovakia_3Liga_West;Slovakia_3Liga_West;;Engine v1.3 | Squadra alta: Puchov (3ª), squadra bassa: Gabcikovo (5ª) | GF alta: 1.67/gara | GS bassa: 1.33/gara | Profilo ultime 10: 0.67 | Real over index: 0.42;2.62;13.89;;;12.12;6.73;4.17;;;;1.3.0
2026-09-19;Germany_3Liga;Aachen;Dusseldorf;49.12;MEDIA;8;2026-09-19;Germany_3Liga;Germany_3Liga;;Engine v1.3 | Squadra alta: Dusseldorf (8ª), squadra bassa: Aachen (9ª) | GF alta: 1.00/gara | GS bassa: 1.33/gara | Profilo ultime 10: 0.69 | Real over index: 0.58;3.58;8.33;;;12.12;6.86;5.83;;;;1.3.0
2026-09-19;NorthMacedonia_1MFL;Vardar;Shkendija Haracine;49.12;MEDIA;7;2026-09-19;NorthMacedonia_1MFL;NorthMacedonia_1MFL;;Engine v1.3 | Squadra alta: Shkendija Haracine (2ª), squadra bassa: Vardar (5ª) | GF alta: 1.00/gara | GS bassa: 1.33/gara | Profilo ultime 10: 0.55 | Real over index: 0.25;10.04;8.33;;;12.12;5.53;2.5;;;;1.3.0
2026-09-19;England_Championship;Portsmouth;Blackburn;48.93;MEDIA;9;2026-09-19;England_Championship;England_Championship;;Engine v1.3 | Squadra alta: Blackburn (19ª), squadra bassa: Portsmouth (20ª) | GF alta: 1.33/gara | GS bassa: 1.40/gara | Profilo ultime 10: 0.66 | Real over index: 0.62;0.65;11.11;;;12.73;6.61;6.17;;;;1.3.0
2026-09-19;Denmark_2ndDivision;Middelfart;VSK Aarhus;48.91;MEDIA;8;2026-09-19;Denmark_2ndDivision;Denmark_2ndDivision;;Engine v1.3 | Squadra alta: VSK Aarhus (2ª), squadra bassa: Middelfart (3ª) | GF alta: 1.71/gara | GS bassa: 1.00/gara | Profilo ultime 10: 0.70 | Real over index: 0.50;3.42;14.29;;;9.09;7.04;5.0;;;;1.3.0
2026-09-19;Ukraine_PremierLeague;FC Kharkiv;Bukovyna;48.8;MEDIA;7;2026-09-19;Ukraine_PremierLeague;Ukraine_PremierLeague;;Engine v1.3 | Squadra alta: FC Kharkiv (5ª), squadra bassa: Bukovyna (9ª) | GF alta: 2.00/gara | GS bassa: 0.67/gara | Profilo ultime 10: 0.56 | Real over index: 0.47;7.66;16.67;;;6.06;5.55;4.67;;;;1.3.0
2026-09-19;Indonesia_SuperLeague;Persebaya;Garudayaksa;48.61;MEDIA;4;2026-09-19;Indonesia_SuperLeague;Indonesia_SuperLeague;;Engine v1.3 | Squadra alta: Persebaya (7ª), squadra bassa: Garudayaksa (15ª) | GF alta: 1.00/gara | GS bassa: 1.50/gara | Profilo ultime 10: 0.31 | Real over index: 0.00;17.92;8.33;;;13.64;3.11;0.0;;;;1.3.0
2026-09-19;Poland_IIILiga_Group4;Ostrowiec;Chelmianka Chelm;48.56;MEDIA;8;2026-09-19;Poland_IIILiga_Group4;Poland_IIILiga_Group4;;Engine v1.3 | Squadra alta: Chelmianka Chelm (1ª), squadra bassa: Ostrowiec (2ª) | GF alta: 1.86/gara | GS bassa: 0.86/gara | Profilo ultime 10: 0.66 | Real over index: 0.43;5.9;15.48;;;7.79;6.57;4.29;;;;1.3.0
2026-09-19;Lithuania_ILyga;Kauno Zalgiris 2;Garliava;48.53;MEDIA;26;2026-09-19;Lithuania_ILyga;Lithuania_ILyga;;Engine v1.3 | Squadra alta: Garliava (11ª), squadra bassa: Kauno Zalgiris 2 (14ª) | GF alta: 1.09/gara | GS bassa: 1.59/gara | Profilo ultime 10: 0.60 | Real over index: 0.50;2.43;9.06;;;14.46;5.96;5.0;;;;1.3.0
2026-09-19;Austria_Bundesliga;Grazer;Austria Vienna;48.27;MEDIA;8;2026-09-19;Austria_Bundesliga;Austria_Bundesliga;;Engine v1.3 | Squadra alta: Grazer (7ª), squadra bassa: Austria Vienna (8ª) | GF alta: 0.67/gara | GS bassa: 1.83/gara | Profilo ultime 10: 0.61 | Real over index: 0.58;2.29;5.56;;;16.67;6.07;5.83;;;;1.3.0
2026-09-19;Belarus_VysshayaLiga;Isloch;Neman;48.24;MEDIA;26;2026-09-19;Belarus_VysshayaLiga;Belarus_VysshayaLiga;;Engine v1.3 | Squadra alta: Isloch (1ª), squadra bassa: Neman (6ª) | GF alta: 1.71/gara | GS bassa: 0.86/gara | Profilo ultime 10: 0.54 | Real over index: 0.30;6.96;14.29;;;7.85;5.41;3.0;;;;1.3.0
2026-09-19;Portugal_LigaPortugal;Gil Vicente;Maritimo;48.18;MEDIA;9;2026-09-19;Portugal_LigaPortugal;Portugal_LigaPortugal;;Engine v1.3 | Squadra alta: Gil Vicente (9ª), squadra bassa: Maritimo (10ª) | GF alta: 0.80/gara | GS bassa: 1.83/gara | Profilo ultime 10: 0.59 | Real over index: 0.52;2.68;6.67;;;16.67;5.89;5.17;;;;1.3.0
2026-09-19;Germany_Oberliga_NOFV_Nord;Rathenow;Hertha Zehlendorf;48.14;MEDIA;5;2026-09-19;Germany_Oberliga_NOFV_Nord;Germany_Oberliga_NOFV_Nord;;Engine v1.3 | Squadra alta: Rathenow (4ª), squadra bassa: Hertha Zehlendorf (14ª) | GF alta: 1.00/gara | GS bassa: 1.25/gara | Profilo ultime 10: 0.42 | Real over index: 0.25;14.67;8.33;;;11.36;4.21;2.5;;;;1.3.0
2026-09-19;Andorra_PrimeraDivisio;Carroi;Penya;48.07;MEDIA;3;2026-09-19;Andorra_PrimeraDivisio;Andorra_PrimeraDivisio;;Engine v1.3 | Squadra alta: Penya (8ª), squadra bassa: Carroi (10ª) | GF alta: 0.50/gara | GS bassa: 3.00/gara | Profilo ultime 10: 0.29 | Real over index: 0.75;6.48;4.17;;;20.0;2.93;7.5;;;;1.3.0
2026-09-19;Poland_Division1;Grodzisk M.;LKS Lodz;47.83;MEDIA;9;2026-09-19;Poland_Division1;Poland_Division1;;Engine v1.3 | Squadra alta: LKS Lodz (1ª), squadra bassa: Grodzisk M. (2ª) | GF alta: 1.62/gara | GS bassa: 1.00/gara | Profilo ultime 10: 0.74 | Real over index: 0.56;0.45;13.54;;;9.09;7.41;5.62;;;;1.3.0
2026-09-19;NorthernIreland_NIFLPremiership;Bangor FC;Portadown;47.72;MEDIA;10;2026-09-19;NorthernIreland_NIFLPremiership;NorthernIreland_NIFLPremiership;;Engine v1.3 | Squadra alta: Bangor FC (11ª), squadra bassa: Portadown (12ª) | GF alta: 0.67/gara | GS bassa: 2.00/gara | Profilo ultime 10: 0.57 | Real over index: 0.55;2.52;5.56;;;18.18;5.66;5.48;;;;1.3.0
2026-09-19;Germany_Regionalliga_Bayern;Schwaben Augsburg;Landsberg;47.7;MEDIA;11;2026-09-19;Germany_Regionalliga_Bayern;Germany_Regionalliga_Bayern;;Engine v1.3 | Squadra alta: Schwaben Augsburg (16ª), squadra bassa: Landsberg (18ª) | GF alta: 0.78/gara | GS bassa: 1.62/gara | Profilo ultime 10: 0.61 | Real over index: 0.53;2.23;6.48;;;14.77;6.1;5.28;;;;1.3.0
2026-09-19;Portugal_LigaPortugal;Nacional;Famalicao;47.54;MEDIA;9;2026-09-19;Portugal_LigaPortugal;Portugal_LigaPortugal;;Engine v1.3 | Squadra alta: Famalicao (13ª), squadra bassa: Nacional (15ª) | GF alta: 0.83/gara | GS bassa: 1.83/gara | Profilo ultime 10: 0.58 | Real over index: 0.42;0.91;6.94;;;16.67;5.77;4.17;;;;1.3.0
2026-09-19;Scotland_Premiership;Dundee FC;Motherwell;47.52;MEDIA;8;2026-09-19;Scotland_Premiership;Scotland_Premiership;;Engine v1.3 | Squadra alta: Motherwell (5ª), squadra bassa: Dundee FC (6ª) | GF alta: 1.33/gara | GS bassa: 1.00/gara | Profilo ultime 10: 0.65 | Real over index: 0.50;1.99;11.11;;;9.09;6.52;5.0;;;;1.3.0
2026-09-19;Denmark_3rdDivision;Bronshoj;ASA Aarhus;47.23;MEDIA;8;2026-09-19;Denmark_3rdDivision;Denmark_3rdDivision;;Engine v1.3 | Squadra alta: Bronshoj (3ª), squadra bassa: ASA Aarhus (4ª) | GF alta: 1.57/gara | GS bassa: 0.86/gara | Profilo ultime 10: 0.69 | Real over index: 0.50;2.06;13.1;;;7.79;6.9;5.0;;;;1.3.0
2026-09-19;Poland_IIILiga_Group4;Wieczysta Krakow 2;Star Starachowice;47.19;MEDIA;8;2026-09-19;Poland_IIILiga_Group4;Poland_IIILiga_Group4;;Engine v1.3 | Squadra alta: Wieczysta Krakow 2 (13ª), squadra bassa: Star Starachowice (16ª) | GF alta: 1.14/gara | GS bassa: 1.43/gara | Profilo ultime 10: 0.58 | Real over index: 0.50;2.72;9.52;;;12.99;5.79;5.0;;;;1.3.0
2026-09-19;Lithuania_Toplyga;Banga;Dziugas Telsiai;47.12;MEDIA;38;2026-09-19;Lithuania_Toplyga;Lithuania_Toplyga;;Engine v1.3 | Squadra alta: Banga (5ª), squadra bassa: Dziugas Telsiai (6ª) | GF alta: 1.37/gara | GS bassa: 1.31/gara | Profilo ultime 10: 0.61 | Real over index: 0.45;1.05;11.42;;;11.89;6.08;4.5;;;;1.3.0
2026-09-19;England_LeagueOne;Peterborough;Doncaster;46.83;MEDIA;8;2026-09-19;England_LeagueOne;England_LeagueOne;;Engine v1.3 | Squadra alta: Doncaster (23ª), squadra bassa: Peterborough (24ª) | GF alta: 1.20/gara | GS bassa: 1.80/gara | Profilo ultime 10: 0.58 | Real over index: 0.50;0.33;10.0;;;16.36;5.8;5.0;;;;1.3.0
2026-09-19;Spain_LaLiga;Ath. Bilbao;Alaves;46.79;MEDIA;9;2026-09-19;Spain_LaLiga;Spain_LaLiga;;Engine v1.3 | Squadra alta: Alaves (5ª), squadra bassa: Ath. Bilbao (8ª) | GF alta: 1.83/gara | GS bassa: 0.75/gara | Profilo ultime 10: 0.65 | Real over index: 0.38;2.01;15.28;;;6.82;6.55;3.75;;;;1.3.0
2026-09-19;France_National;Paris 13 Atl.;Bourg en Bresse;46.49;MEDIA;8;2026-09-19;France_National;France_National;;Engine v1.3 | Squadra alta: Paris 13 Atl. (12ª), squadra bassa: Bourg en Bresse (18ª) | GF alta: 0.67/gara | GS bassa: 1.83/gara | Profilo ultime 10: 0.36 | Real over index: 0.17;10.66;5.56;;;16.67;3.64;1.67;;;;1.3.0
2026-09-19;Poland_IIILiga_Group4;Hetman Zamosc;Wisla 2;46.43;MEDIA;8;2026-09-19;Poland_IIILiga_Group4;Poland_IIILiga_Group4;;Engine v1.3 | Squadra alta: Hetman Zamosc (9ª), squadra bassa: Wisla 2 (10ª) | GF alta: 1.71/gara | GS bassa: 1.00/gara | Profilo ultime 10: 0.64 | Real over index: 0.50;0.45;14.29;;;9.09;6.43;5.0;;;;1.3.0
2026-09-19;Austria_Vorarlberg;Alberschwende;Bizau;46.22;MEDIA;6;2026-09-19;Austria_Vorarlberg;Austria_Vorarlberg;fourth tier;Engine v1.3 | Squadra alta: Bizau (5ª), squadra bassa: Alberschwende (11ª) | GF alta: 1.00/gara | GS bassa: 1.25/gara | Profilo ultime 10: 0.40 | Real over index: 0.25;13.09;8.33;;;11.36;3.98;2.5;;;;1.3.0
2026-09-19;Italy_SerieA;Bologna;Torino;45.96;MEDIA;5;2026-09-19;Italy_SerieA;Italy_SerieA;;Engine v1.3 | Squadra alta: Torino (14ª), squadra bassa: Bologna (17ª) | GF alta: 1.00/gara | GS bassa: 1.25/gara | Profilo ultime 10: 0.54 | Real over index: 0.50;5.98;8.33;;;11.36;5.36;5.0;;;;1.3.0
2026-09-19;SouthKorea_KLeague1;Bucheon;Gimcheon Sangmu;45.51;MEDIA;30;2026-09-19;SouthKorea_KLeague1;SouthKorea_KLeague1;;Engine v1.3 | Squadra alta: Bucheon (10ª), squadra bassa: Gimcheon Sangmu (11ª) | GF alta: 1.07/gara | GS bassa: 1.24/gara | Profilo ultime 10: 0.63 | Real over index: 0.50;1.36;8.91;;;11.29;6.32;5.0;;;;1.3.0
2026-09-19;Germany_Regionalliga_Bayern;Illertissen;Memmingen;45.5;MEDIA;11;2026-09-19;Germany_Regionalliga_Bayern;Germany_Regionalliga_Bayern;;Engine v1.3 | Squadra alta: Memmingen (2ª), squadra bassa: Illertissen (3ª) | GF alta: 1.22/gara | GS bassa: 1.11/gara | Profilo ultime 10: 0.70 | Real over index: 0.61;1.51;10.19;;;10.1;7.0;6.11;;;;1.3.0
2026-09-19;Italy_SerieB;Carrarese;Benevento;45.5;MEDIA;5;2026-09-19;Italy_SerieB;Italy_SerieB;;Engine v1.3 | Squadra alta: Benevento (12ª), squadra bassa: Carrarese (19ª) | GF alta: 1.33/gara | GS bassa: 1.00/gara | Profilo ultime 10: 0.39 | Real over index: 0.17;12.37;11.11;;;9.09;3.93;1.67;;;;1.3.0
2026-09-19;Montenegro_PrvaCrnogorskaLiga;Arsenal Tivat;Sutjeska;44.68;BASSA;10;2026-09-19;Montenegro_PrvaCrnogorskaLiga;Montenegro_PrvaCrnogorskaLiga;;Engine v1.3 | Squadra alta: Sutjeska (5ª), squadra bassa: Arsenal Tivat (10ª) | GF alta: 1.12/gara | GS bassa: 1.12/gara | Profilo ultime 10: 0.46 | Real over index: 0.31;9.04;9.38;;;10.23;4.55;3.12;;;;1.3.0
2026-09-19;Bosnia_PrvaLiga_FBiH;Capljina;Kakanj;43.37;BASSA;7;2026-09-19;Bosnia_PrvaLiga_FBiH;Bosnia_PrvaLiga_FBiH;double round robin inferred from league size.;Engine v1.3 | Squadra alta: Capljina (11ª), squadra bassa: Kakanj (16ª) | GF alta: 0.80/gara | GS bassa: 1.25/gara | Profilo ultime 10: 0.42 | Real over index: 0.40;10.19;6.67;;;11.36;4.15;4.0;;;;1.3.0
2026-09-19;England_Championship;Lincoln;Swansea;43.07;BASSA;9;2026-09-19;England_Championship;England_Championship;;Engine v1.3 | Squadra alta: Swansea (4ª), squadra bassa: Lincoln (7ª) | GF alta: 1.83/gara | GS bassa: 0.50/gara | Profilo ultime 10: 0.55 | Real over index: 0.42;4.18;15.28;;;4.55;5.55;4.17;;;;1.3.0
2026-09-19;Austria_Oberosterreich;Andorf;Perg;42.97;BASSA;10;2026-09-19;Austria_Oberosterreich;Austria_Oberosterreich;;Engine v1.3 | Squadra alta: Perg (3ª), squadra bassa: Andorf (4ª) | GF alta: 1.57/gara | GS bassa: 1.00/gara | Profilo ultime 10: 0.67 | Real over index: 0.43;0.51;13.1;;;9.09;6.67;4.29;;;;1.3.0
2026-09-19;Georgia_ErovnuliLiga;Gagra;Meshakhte Tkibuli;42.75;BASSA;10;2026-09-19;Georgia_ErovnuliLiga;Georgia_ErovnuliLiga;;Engine v1.3 | Squadra alta: Gagra (8ª), squadra bassa: Meshakhte Tkibuli (9ª) | GF alta: 0.86/gara | GS bassa: 1.29/gara | Profilo ultime 10: 0.54 | Real over index: 0.43;2.22;7.14;;;11.69;5.41;4.29;;;;1.3.0
2026-09-19;Azerbaijan_PremierLeague;Turan;Zira;42.59;BASSA;6;2026-09-19;Azerbaijan_PremierLeague;Azerbaijan_PremierLeague;;Engine v1.3 | Squadra alta: Turan (4ª), squadra bassa: Zira (5ª) | GF alta: 1.00/gara | GS bassa: 1.50/gara | Profilo ultime 10: 0.51 | Real over index: 0.33;2.13;8.33;;;13.64;5.1;3.25;;;;1.3.0
2026-09-19;Italy_SerieB;Ascoli;Avellino;42.44;BASSA;5;2026-09-19;Italy_SerieB;Italy_SerieB;;Engine v1.3 | Squadra alta: Avellino (3ª), squadra bassa: Ascoli (4ª) | GF alta: 1.67/gara | GS bassa: 0.75/gara | Profilo ultime 10: 0.52 | Real over index: 0.29;5.97;13.89;;;6.82;5.22;2.92;;;;1.3.0
2026-09-19;France_Ligue1;Tolosa;Le Havre;42.26;BASSA;5;2026-09-19;France_Ligue1;France_Ligue1;;Engine v1.3 | Squadra alta: Tolosa (14ª), squadra bassa: Le Havre (15ª) | GF alta: 1.33/gara | GS bassa: 1.00/gara | Profilo ultime 10: 0.55 | Real over index: 0.46;2.04;11.11;;;9.09;5.52;4.58;;;;1.3.0
2026-09-19;Belgium_JupilerProLeague;Anderlecht;Waregem;41.0;BASSA;10;2026-09-19;Belgium_JupilerProLeague;Belgium_JupilerProLeague;;Engine v1.3 | Squadra alta: Waregem (5ª), squadra bassa: Anderlecht (7ª) | GF alta: 1.67/gara | GS bassa: 0.83/gara | Profilo ultime 10: 0.54 | Real over index: 0.42;2.49;13.89;;;7.58;5.4;4.17;;;;1.3.0
2026-09-19;Albania_AbissnetSuperiore;Vora;Skenderbeu;40.94;BASSA;5;2026-09-19;Albania_AbissnetSuperiore;Albania_AbissnetSuperiore;;Engine v1.3 | Squadra alta: Vora (8ª), squadra bassa: Skenderbeu (9ª) | GF alta: 0.50/gara | GS bassa: 1.33/gara | Profilo ultime 10: 0.48 | Real over index: 0.42;4.83;4.17;;;12.12;4.77;4.17;;;;1.3.0
2026-09-19;Spain_LaLiga2;Castellon;Tenerife;40.93;BASSA;6;2026-09-19;Spain_LaLiga2;Spain_LaLiga2;;Engine v1.3 | Squadra alta: Tenerife (3ª), squadra bassa: Castellon (4ª) | GF alta: 1.40/gara | GS bassa: 0.50/gara | Profilo ultime 10: 0.59 | Real over index: 0.35;5.13;11.67;;;4.55;5.85;3.5;;;;1.3.0
2026-09-19;Poland_IIILiga_Group4;Siarka Tarnobrzeg;Biala Podlaska;40.22;BASSA;8;2026-09-19;Poland_IIILiga_Group4;Poland_IIILiga_Group4;;Engine v1.3 | Squadra alta: Biala Podlaska (7ª), squadra bassa: Siarka Tarnobrzeg (8ª) | GF alta: 1.00/gara | GS bassa: 1.14/gara | Profilo ultime 10: 0.52 | Real over index: 0.29;1.81;8.33;;;10.39;5.21;2.86;;;;1.3.0
2026-09-19;Paraguay_DivisionIntermedia;Fernando de la Mora;Resistencia;40.1;BASSA;10;2026-09-19;Paraguay_DivisionIntermedia;Paraguay_DivisionIntermedia;;Engine v1.3 | Squadra alta: Resistencia (9ª), squadra bassa: Fernando de la Mora (10ª) | GF alta: 0.86/gara | GS bassa: 1.29/gara | Profilo ultime 10: 0.53 | Real over index: 0.43;0.51;7.14;;;11.69;5.25;4.29;;;;1.3.0
2026-09-19;France_National;Amiens;Orleans;40.08;BASSA;8;2026-09-19;France_National;France_National;;Engine v1.3 | Squadra alta: Amiens (9ª), squadra bassa: Orleans (14ª) | GF alta: 1.00/gara | GS bassa: 1.33/gara | Profilo ultime 10: 0.48 | Real over index: 0.33;3.85;8.33;;;12.12;4.81;3.33;;;;1.3.0
2026-09-19;Turkey_SuperLig;Kocaelispor;Gaziantep;39.42;BASSA;6;2026-09-19;Turkey_SuperLig;Turkey_SuperLig;;Engine v1.3 | Squadra alta: Kocaelispor (5ª), squadra bassa: Gaziantep (6ª) | GF alta: 1.00/gara | GS bassa: 1.00/gara | Profilo ultime 10: 0.53 | Real over index: 0.30;2.36;8.33;;;9.09;5.32;3.0;;;;1.3.0
2026-09-19;Moldova_Liga1_GroupB;Falesti;Oguzsport;38.72;BASSA;7;2026-09-19;Moldova_Liga1_GroupB;Moldova_Liga1_GroupB;Moldova_Liga1;Engine v1.3 | Squadra alta: Oguzsport (4ª), squadra bassa: Falesti (7ª) | GF alta: 1.00/gara | GS bassa: 0.80/gara | Profilo ultime 10: 0.42 | Real over index: 0.28;8.75;8.33;;;7.27;4.17;2.83;;;;1.3.0
2026-09-19;Ukraine_PremierLeague;Epitsentr;Livyi Bereg;34.18;BASSA;7;2026-09-19;Ukraine_PremierLeague;Ukraine_PremierLeague;;Engine v1.3 | Squadra alta: Epitsentr (6ª), squadra bassa: Livyi Bereg (12ª) | GF alta: 1.00/gara | GS bassa: 0.60/gara | Profilo ultime 10: 0.36 | Real over index: 0.25;7.52;8.33;;;5.45;3.56;2.5;;;;1.3.0
2026-09-19;France_Ligue2;Boulogne;Nantes;31.23;BASSA;7;2026-09-19;France_Ligue2;France_Ligue2;;Engine v1.3 | Squadra alta: Boulogne (13ª), squadra bassa: Nantes (16ª) | GF alta: 0.33/gara | GS bassa: 1.40/gara | Profilo ultime 10: 0.35 | Real over index: 0.20;1.68;2.78;;;12.73;3.53;2.0;;;;1.3.0
2026-09-19;England_PremierLeague;Tottenham;Aston Villa;29.58;BASSA;5;2026-09-19;England_PremierLeague;England_PremierLeague;;Engine v1.3 | Squadra alta: Tottenham (17ª), squadra bassa: Aston Villa (19ª) | GF alta: 0.00/gara | GS bassa: 1.75/gara | Profilo ultime 10: 0.13 | Real over index: 0.25;4.78;0.0;;;15.91;1.34;2.5;;;;1.3.0
2026-09-19;Germany_3Liga;Viktoria Colonia;Ingolstadt;24.61;BASSA;8;2026-09-19;Germany_3Liga;Germany_3Liga;;Engine v1.3 | Squadra alta: Viktoria Colonia (10ª), squadra bassa: Ingolstadt (10ª) | GF alta: 0.00/gara | GS bassa: 1.33/gara | Profilo ultime 10: 0.32 | Real over index: 0.25;0.0;0.0;;;12.12;3.18;2.5;;;;1.3.0
