MatchDate;LeagueId;Home;Away;Score;Band;Round;PredictionDate;HomeSourceLeagueId;AwaySourceLeagueId;CompetitionGroup;Reason;RankingGapScore;HomeAttackScore;AwayAttackScore;HomeDefenseWeaknessScore;AwayDefenseWeaknessScore;HomeLast10OverScore;AwayLast10OverScore;HomeVenueOverScore;AwayVenueOverScore;BTTSProfileScore;AlgorithmVersion
2026-08-28;Austria_Niederosterreich;Zwettl;Wieselburg;101.6;IMM-ALTA-4;3;2026-08-21;Austria_Niederosterreich;Austria_Niederosterreich;;PRO: attacco casa positivo | attacco trasferta positivo | difesa trasferta vulnerabile | difesa casa vulnerabile | trend over recente casa | trend over recente trasferta | profilo over interno positivo | profilo over esterno positivo | alta tendenza BTTS || CONTRO: v22 monitora possibile sopravvalutazione weak_ga;1.6;13.0;13.0;8.0;10.0;12.0;12.0;10.0;10.0;12.0;2.6.def1
2026-08-28;Moldova_Liga1_GroupA;Vulturii Cutezatori;Zimbru 2;99.94;IMM-ALTA-6;3;2026-08-21;Moldova_Liga1_GroupA;Moldova_Liga1_GroupA;Moldova_Liga1;PRO: attacco casa positivo | attacco trasferta positivo | difesa trasferta vulnerabile | trend over recente casa | trend over recente trasferta | profilo over interno positivo | profilo over esterno positivo | alta tendenza BTTS || CONTRO: v22 monitora possibile sopravvalutazione weak_ga;6.0;13.0;13.0;4.85;9.09;12.0;12.0;10.0;10.0;10.0;2.6.def1
2026-08-28;Austria_Tirol;Stubai;Absam;98.69;IMM-ALTA-6;4;2026-08-21;Austria_Tirol;Austria_Tirol;;PRO: attacco casa positivo | attacco trasferta positivo | difesa trasferta vulnerabile | difesa casa vulnerabile | trend over recente casa | trend over recente trasferta | profilo over interno positivo | profilo over esterno positivo | alta tendenza BTTS || CONTRO: v22 monitora possibile sopravvalutazione weak_ga;1.85;9.85;13.0;8.0;10.0;12.0;12.0;10.0;10.0;12.0;2.6.def1
2026-08-28;Germany_Oberliga_Bremen;Geestemunde;Bremen III;98.44;IMM-ALTA-4;3;2026-08-21;Germany_Oberliga_Bremen;Germany_Oberliga_Bremen;;PRO: attacco casa positivo | attacco trasferta positivo | difesa trasferta vulnerabile | difesa casa vulnerabile | trend over recente casa | trend over recente trasferta | profilo over interno positivo | profilo over esterno positivo | alta tendenza BTTS || CONTRO: v22 monitora possibile sopravvalutazione weak_ga;0.8;11.82;11.82;8.0;10.0;12.0;12.0;10.0;10.0;12.0;2.6.def1
2026-08-28;NorthernIreland_NIFLChampionship;Glenavon;Rathfriland;98.14;IMM-ALTA-6;4;2026-08-21;NorthernIreland_NIFLChampionship;NorthernIreland_NIFLChampionship;;PRO: attacco casa positivo | difesa trasferta vulnerabile | difesa casa vulnerabile | trend over recente casa | trend over recente trasferta | profilo over interno positivo | profilo over esterno positivo | alta tendenza BTTS || CONTRO: ospite poco prolifico: rischio 1-0 / 2-0 | v22 monitora possibile sopravvalutazione weak_ga;5.2;13.0;7.88;6.06;10.0;12.0;12.0;10.0;10.0;12.0;2.6.def1
2026-08-28;Austria_Burgenland;Bad Sauerbrunn;Rust;93.3;IMM-ALTA-4;3;2026-08-21;Austria_Burgenland;Austria_Burgenland;;PRO: attacco casa positivo | attacco trasferta positivo | difesa trasferta vulnerabile | trend over recente casa | trend over recente trasferta | profilo over interno positivo | profilo over esterno positivo | alta tendenza BTTS || CONTRO: v22 monitora possibile sopravvalutazione weak_ga;4.8;13.0;8.86;3.64;10.0;12.0;12.0;10.0;10.0;9.0;2.6.def1
2026-08-28;Netherlands_Eredivisie;Groningen;Sittard;93.16;IMM-ALTA-4;3;2026-08-21;Netherlands_Eredivisie;Netherlands_Eredivisie;;PRO: attacco casa positivo | attacco trasferta positivo | difesa trasferta vulnerabile | trend over recente casa | trend over recente trasferta | profilo over interno positivo | profilo over esterno positivo | alta tendenza BTTS || CONTRO: v22 monitora possibile sopravvalutazione weak_ga;0.71;13.0;13.0;3.64;6.82;12.0;12.0;10.0;10.0;12.0;2.6.def1
2026-08-28;Finland_Kolmonen_Western_Group2;ACE;TPV/2;92.39;ALTA;17;2026-08-21;Finland_Kolmonen_Western_Group2;Finland_Kolmonen_Western_Group2;;PRO: attacco casa positivo | attacco trasferta positivo | difesa casa vulnerabile | trend over recente casa | trend over recente trasferta | profilo over interno positivo | profilo over esterno positivo | alta tendenza BTTS || CONTRO: nessun contro rilevante;4.91;10.34;13.0;8.0;5.97;10.8;12.0;8.75;10.0;8.62;2.6.def1
2026-08-28;Netherlands_EersteDivisie;FC Volendam;Dordrecht;90.41;IMM-ALTA-4;3;2026-08-21;Netherlands_EersteDivisie;Netherlands_EersteDivisie;;PRO: attacco casa positivo | attacco trasferta positivo | difesa trasferta vulnerabile | difesa casa vulnerabile | trend over recente casa | trend over recente trasferta | profilo over interno positivo | profilo over esterno positivo | alta tendenza BTTS || CONTRO: v22 monitora possibile sopravvalutazione weak_ga;0.32;13.0;11.82;5.45;6.82;12.0;12.0;10.0;10.0;9.0;2.6.def1
2026-08-28;Germany_Oberliga_Bayern_Sud;TSV 1880 Wasserburg;Monaco 1860 2;89.82;ALTA;7;2026-08-21;Germany_Oberliga_Bayern_Sud;Germany_Oberliga_Bayern_Sud;;PRO: attacco casa positivo | attacco trasferta positivo | difesa trasferta vulnerabile | difesa casa vulnerabile | trend over recente casa | trend over recente trasferta | profilo over interno positivo | profilo over esterno positivo | alta tendenza BTTS || CONTRO: v22 monitora possibile sopravvalutazione weak_ga;2.47;10.83;13.0;8.0;9.85;10.0;8.0;6.67;10.0;11.0;2.6.def1
2026-08-28;Wales_CymruSouth;Trethomas Bluebirds;Afan Lido;88.08;IMM-ALTA-4;3;2026-08-21;Wales_CymruSouth;Wales_CymruSouth;Wales_CymruTier2;PRO: attacco casa positivo | attacco trasferta positivo | difesa trasferta vulnerabile | difesa casa vulnerabile | trend over recente trasferta | profilo over interno positivo | profilo over esterno positivo | alta tendenza BTTS || CONTRO: v22 monitora possibile sopravvalutazione weak_ga | trend over casa non forte;4.4;8.86;13.0;8.0;6.82;6.0;12.0;10.0;10.0;9.0;2.6.def1
2026-08-28;Germany_Oberliga_Hamburg;Suderelbe;Paloma;87.98;IMM-ALTA-6;4;2026-08-21;Germany_Oberliga_Hamburg;Germany_Oberliga_Hamburg;;PRO: attacco casa positivo | attacco trasferta positivo | difesa trasferta vulnerabile | trend over recente casa | trend over recente trasferta | profilo over interno positivo | profilo over esterno positivo | alta tendenza BTTS || CONTRO: v22 monitora possibile sopravvalutazione weak_ga;0.71;9.85;13.0;4.85;7.58;8.0;12.0;10.0;10.0;12.0;2.6.def1
2026-08-28;Wales_CymruPremier;Holywell;Caernarfon;87.97;IMM-ALTA-6;4;2026-08-21;Wales_CymruPremier;Wales_CymruPremier;;PRO: attacco trasferta positivo | difesa casa vulnerabile | trend over recente casa | trend over recente trasferta | profilo over interno positivo | profilo over esterno positivo | alta tendenza BTTS || CONTRO: attacco casa non dominante;3.69;5.91;11.82;8.0;4.55;12.0;12.0;10.0;10.0;10.0;2.6.def1
2026-08-28;Germany_Oberliga_RheinlandPfalzSaar;Cosmos Koblenz;Emmelshausen-Karbach;87.12;IMM-ALTA-7;5;2026-08-21;Germany_Oberliga_RheinlandPfalzSaar;Germany_Oberliga_RheinlandPfalzSaar;;PRO: attacco casa positivo | attacco trasferta positivo | difesa trasferta vulnerabile | difesa casa vulnerabile | trend over recente casa | trend over recente trasferta | profilo over esterno positivo | alta tendenza BTTS || CONTRO: v22 monitora possibile sopravvalutazione weak_ga | profilo over interno debole;3.18;8.86;13.0;8.0;7.58;9.0;12.0;5.0;10.0;10.5;2.6.def1
2026-08-28;Finland_Kolmonen_Eastern_Group1;FC Vaajakoski/2;Blackbird;86.93;ALTA;18;2026-08-21;Finland_Kolmonen_Eastern_Group1;Finland_Kolmonen_Eastern_Group1;;PRO: attacco trasferta positivo | difesa trasferta vulnerabile | difesa casa vulnerabile | trend over recente casa | trend over recente trasferta | profilo over interno positivo | profilo over esterno positivo | alta tendenza BTTS || CONTRO: attacco casa non dominante | v22 monitora possibile sopravvalutazione weak_ga;3.43;8.27;13.0;8.0;9.7;12.0;7.2;8.75;7.78;8.8;2.6.def1
2026-08-28;Germany_Regionalliga_Sudwest;Fulda-Lehnerz;FSV Francoforte;86.87;IMM-ALTA-4;3;2026-08-21;Germany_Regionalliga_Sudwest;Germany_Regionalliga_Sudwest;;PRO: attacco casa positivo | attacco trasferta positivo | difesa trasferta vulnerabile | difesa casa vulnerabile | trend over recente trasferta | profilo over interno positivo | profilo over esterno positivo | alta tendenza BTTS || CONTRO: v22 monitora possibile sopravvalutazione weak_ga | trend over casa non forte;2.82;11.82;8.86;7.27;9.09;6.0;12.0;10.0;10.0;9.0;2.6.def1
2026-08-28;Netherlands_EersteDivisie;Waalwijk;Jong PSV;86.77;IMM-ALTA-4;3;2026-08-21;Netherlands_EersteDivisie;Netherlands_EersteDivisie;;PRO: attacco casa positivo | attacco trasferta positivo | difesa trasferta vulnerabile | difesa casa vulnerabile | trend over recente trasferta | profilo over interno positivo | profilo over esterno positivo | alta tendenza BTTS || CONTRO: v22 monitora possibile sopravvalutazione weak_ga | trend over casa non forte;0.63;8.86;11.82;5.45;10.0;6.0;12.0;10.0;10.0;12.0;2.6.def1
2026-08-28;Poland_IIILiga_Group2;Kluczevia Stargard;Unia Swarzedz;86.75;IMM-ALTA-8;5;2026-08-21;Poland_IIILiga_Group2;Poland_IIILiga_Group2;;PRO: attacco casa positivo | attacco trasferta positivo | difesa trasferta vulnerabile | difesa casa vulnerabile | trend over recente casa | trend over recente trasferta | profilo over interno positivo | profilo over esterno positivo | alta tendenza BTTS || CONTRO: v22 monitora possibile sopravvalutazione weak_ga;2.77;13.0;8.86;6.36;9.09;12.0;9.0;10.0;6.67;9.0;2.6.def1
2026-08-28;Germany_Oberliga_Hamburg;ETSV Hamburg;TSV Buchholz 08;86.37;IMM-ALTA-5;4;2026-08-21;Germany_Oberliga_Hamburg;Germany_Oberliga_Hamburg;;PRO: attacco casa positivo | attacco trasferta positivo | difesa trasferta vulnerabile | trend over recente casa | trend over recente trasferta | profilo over interno positivo | profilo over esterno positivo || CONTRO: v22 monitora possibile sopravvalutazione weak_ga | BTTS basso: possibile partita a senso unico;2.82;13.0;11.82;3.64;9.09;8.0;12.0;10.0;10.0;6.0;2.6.def1
2026-08-28;Peru_Liga1_Clausura;Comerciantes Unidos;FC Cajamarca;85.88;IMM-ALTA-8;5;2026-08-21;Peru_Liga1_Clausura;Peru_Liga1_Clausura;;PRO: attacco casa positivo | attacco trasferta positivo | difesa trasferta vulnerabile | difesa casa vulnerabile | trend over recente casa | trend over recente trasferta | profilo over interno positivo | profilo over esterno positivo | alta tendenza BTTS || CONTRO: v22 monitora possibile sopravvalutazione weak_ga;0.35;10.34;11.82;6.36;10.0;9.0;9.0;10.0;10.0;9.0;2.6.def1
2026-08-28;Germany_Oberliga_Bayern_Sud;Schalding;FC Schwaig;85.62;ALTA;7;2026-08-21;Germany_Oberliga_Bayern_Sud;Germany_Oberliga_Bayern_Sud;;PRO: attacco casa positivo | attacco trasferta positivo | difesa casa vulnerabile | trend over recente casa | trend over recente trasferta | profilo over interno positivo | profilo over esterno positivo | alta tendenza BTTS || CONTRO: nessun contro rilevante;3.88;8.86;11.82;8.0;6.06;8.0;8.0;10.0;10.0;11.0;2.6.def1
2026-08-28;Finland_Kolmonen_Southern_Group2;PPS;VJS/2;85.18;ALTA;17;2026-08-21;Finland_Kolmonen_Southern_Group2;Finland_Kolmonen_Southern_Group2;;PRO: attacco trasferta positivo | difesa trasferta vulnerabile | difesa casa vulnerabile | trend over recente casa | trend over recente trasferta | profilo over interno positivo | profilo over esterno positivo | alta tendenza BTTS || CONTRO: attacco casa non dominante | v22 monitora possibile sopravvalutazione weak_ga;3.27;6.3;13.0;8.0;8.44;12.0;9.6;8.75;7.5;8.31;2.6.def1
2026-08-28;Austria_Salzburg;USV 1960 Berndorf;TSU Bramberg;84.79;IMM-ALTA-6;4;2026-08-21;Austria_Salzburg;Austria_Salzburg;;PRO: attacco casa positivo | attacco trasferta positivo | difesa casa vulnerabile | trend over recente casa | trend over recente trasferta | profilo over interno positivo | profilo over esterno positivo || CONTRO: BTTS basso: possibile partita a senso unico;2.4;11.82;13.0;6.06;1.52;12.0;12.0;10.0;10.0;6.0;2.6.def1
2026-08-28;CzechRepublic_4Liga_GroupE;Strani;Nove Sady;84.41;IMM-ALTA-4;3;2026-08-21;CzechRepublic_4Liga_GroupE;CzechRepublic_4Liga_GroupE;CzechRepublic_4Liga;PRO: attacco casa positivo | difesa trasferta vulnerabile | difesa casa vulnerabile | trend over recente casa | profilo over interno positivo | profilo over esterno positivo | alta tendenza BTTS || CONTRO: ospite poco prolifico: rischio 1-0 / 2-0 | v22 monitora possibile sopravvalutazione weak_ga | trend over trasferta non forte;6.0;13.0;2.95;5.45;10.0;12.0;6.0;10.0;10.0;9.0;2.6.def1
2026-08-28;Netherlands_EersteDivisie;Jong Ajax;Helmond;84.36;IMM-ALTA-4;3;2026-08-21;Netherlands_EersteDivisie;Netherlands_EersteDivisie;;PRO: attacco casa positivo | difesa trasferta vulnerabile | difesa casa vulnerabile | trend over recente casa | profilo over interno positivo | profilo over esterno positivo | alta tendenza BTTS || CONTRO: ospite poco prolifico: rischio 1-0 / 2-0 | v22 monitora possibile sopravvalutazione weak_ga | trend over trasferta non forte;0.63;13.0;5.91;8.0;6.82;12.0;6.0;10.0;10.0;12.0;2.6.def1
2026-08-28;Denmark_2ndDivision;Nykobing;Roskilde;84.3;IMM-ALTA-6;4;2026-08-21;Denmark_2ndDivision;Denmark_2ndDivision;;PRO: attacco casa positivo | attacco trasferta positivo | trend over recente casa | trend over recente trasferta | profilo over interno positivo | profilo over esterno positivo | alta tendenza BTTS || CONTRO: nessun contro rilevante;0.55;13.0;9.85;4.85;6.06;12.0;8.0;10.0;10.0;10.0;2.6.def1
2026-08-28;Austria_Karnten;SC St. Veit;Kottmannsdorf;84.27;IMM-ALTA-6;5;2026-08-21;Austria_Karnten;Austria_Karnten;;PRO: attacco casa positivo | difesa trasferta vulnerabile | trend over recente casa | trend over recente trasferta | profilo over interno positivo | alta tendenza BTTS || CONTRO: ospite poco prolifico: rischio 1-0 / 2-0 | v22 monitora possibile sopravvalutazione weak_ga | profilo over esterno debole;5.54;13.0;7.88;4.85;10.0;12.0;8.0;10.0;5.0;8.0;2.6.def1
2026-08-28;Poland_IIILiga_Group2;Sroda;Gedania Gdansk;82.14;IMM-ALTA-8;5;2026-08-21;Poland_IIILiga_Group2;Poland_IIILiga_Group2;;PRO: attacco casa positivo | attacco trasferta positivo | difesa trasferta vulnerabile | trend over recente casa | trend over recente trasferta | profilo over esterno positivo | alta tendenza BTTS || CONTRO: v22 monitora possibile sopravvalutazione weak_ga | profilo over interno debole;3.23;13.0;13.0;1.82;9.09;9.0;9.0;5.0;10.0;9.0;2.6.def1
2026-08-28;Austria_2Liga;First Vienna;Amstetten;81.98;IMM-ALTA-6;4;2026-08-21;Austria_2Liga;Austria_2Liga;;PRO: attacco casa positivo | attacco trasferta positivo | difesa casa vulnerabile | trend over recente casa | trend over recente trasferta | profilo over interno positivo | alta tendenza BTTS || CONTRO: profilo over esterno debole;0.8;13.0;9.85;7.27;6.06;12.0;8.0;10.0;5.0;10.0;2.6.def1
2026-08-28;Poland_IIILiga_Group3;Legnica 2;Stilon Gorzow;81.92;IMM-ALTA-8;5;2026-08-21;Poland_IIILiga_Group3;Poland_IIILiga_Group3;;PRO: attacco trasferta positivo | difesa casa vulnerabile | trend over recente casa | trend over recente trasferta | profilo over esterno positivo | alta tendenza BTTS || CONTRO: attacco casa non dominante | profilo over interno debole;5.08;7.39;13.0;7.27;5.68;9.0;9.0;5.0;10.0;10.5;2.6.def1
2026-08-28;Finland_Kolmonen_Western_Group3;Kiisto;Larsmo Bollklubb;81.89;ALTA;11;2026-08-21;Finland_Kolmonen_Western_Group3;Finland_Kolmonen_Western_Group3;;PRO: attacco casa positivo | attacco trasferta positivo | difesa trasferta vulnerabile | trend over recente casa | trend over recente trasferta | profilo over interno positivo | profilo over esterno positivo | alta tendenza BTTS || CONTRO: v22 monitora possibile sopravvalutazione weak_ga;3.27;13.0;9.06;5.0;10.0;9.6;10.8;7.14;6.67;7.35;2.6.def1
2026-08-28;NorthernIreland_NIFLChampionship;Ards;Queens Univ.;81.59;IMM-ALTA-6;4;2026-08-21;NorthernIreland_NIFLChampionship;NorthernIreland_NIFLChampionship;;PRO: attacco casa positivo | trend over recente casa | trend over recente trasferta | profilo over interno positivo | alta tendenza BTTS || CONTRO: ospite poco prolifico: rischio 1-0 / 2-0 | profilo over esterno debole;2.8;13.0;7.88;4.85;6.06;12.0;8.0;10.0;5.0;12.0;2.6.def1
2026-08-28;Germany_Regionalliga_Sudwest;Offenbach;Kaiserslautern 2;81.09;IMM-ALTA-4;3;2026-08-21;Germany_Regionalliga_Sudwest;Germany_Regionalliga_Sudwest;;PRO: attacco casa positivo | attacco trasferta positivo | difesa trasferta vulnerabile | trend over recente trasferta | profilo over interno positivo | profilo over esterno positivo || CONTRO: v22 monitora possibile sopravvalutazione weak_ga | trend over casa non forte | BTTS basso: possibile partita a senso unico;4.59;11.82;8.86;1.82;10.0;6.0;12.0;10.0;10.0;6.0;2.6.def1
2026-08-28;Germany_Regionalliga_West;Bonner;Bochum 2;80.99;IMM-ALTA-6;4;2026-08-21;Germany_Regionalliga_West;Germany_Regionalliga_West;;PRO: difesa trasferta vulnerabile | difesa casa vulnerabile | trend over recente casa | trend over recente trasferta | profilo over interno positivo | profilo over esterno positivo | alta tendenza BTTS || CONTRO: attacco casa non dominante | ospite poco prolifico: rischio 1-0 / 2-0 | v22 monitora possibile sopravvalutazione weak_ga;0.35;7.88;5.91;7.27;7.58;12.0;8.0;10.0;10.0;12.0;2.6.def1
2026-08-28;Slovakia_2Liga;Pohronie;Presov;80.61;IMM-ALTA-8;5;2026-08-21;Slovakia_2Liga;Slovakia_2Liga;;PRO: attacco casa positivo | attacco trasferta positivo | difesa trasferta vulnerabile | difesa casa vulnerabile | trend over recente casa | profilo over interno positivo | profilo over esterno positivo | alta tendenza BTTS || CONTRO: v22 monitora possibile sopravvalutazione weak_ga | trend over trasferta non forte;0.4;13.0;8.86;6.36;6.82;12.0;6.0;10.0;6.67;10.5;2.6.def1
2026-08-28;Norway_3rdDivision_Group1;Union Carl Berner;K. Oslo 2;80.58;PROX-ALTA;20;2026-08-21;Norway_3rdDivision_Group1;Norway_3rdDivision_Group1;;PRO: attacco casa positivo | attacco trasferta positivo | difesa trasferta vulnerabile | difesa casa vulnerabile | trend over recente casa | trend over recente trasferta | profilo over esterno positivo | alta tendenza BTTS || CONTRO: v22 monitora possibile sopravvalutazione weak_ga | profilo over interno debole;0.46;8.71;12.56;6.12;10.0;10.8;10.8;5.71;7.5;7.91;2.6.def1
2026-08-28;Austria_Regionalliga_South;Kalsdorf;Weiz;80.49;IMM-ALTA-4;4;2026-08-21;Austria_Regionalliga_South;Austria_Regionalliga_South;;PRO: attacco casa positivo | attacco trasferta positivo | trend over recente trasferta | profilo over interno positivo | profilo over esterno positivo || CONTRO: trend over casa non forte | BTTS basso: possibile partita a senso unico;2.31;13.0;13.0;3.64;4.55;6.0;12.0;10.0;10.0;6.0;2.6.def1
2026-08-28;CzechRepublic_4Liga_GroupD;Chotebor;FS Trebic;80.32;IMM-ALTA-4;3;2026-08-21;CzechRepublic_4Liga_GroupD;CzechRepublic_4Liga_GroupD;CzechRepublic_4Liga;PRO: attacco casa positivo | difesa casa vulnerabile | trend over recente casa | profilo over interno positivo | profilo over esterno positivo | alta tendenza BTTS || CONTRO: ospite poco prolifico: rischio 1-0 / 2-0 | trend over trasferta non forte;6.0;8.86;5.91;8.0;4.55;12.0;6.0;10.0;10.0;9.0;2.6.def1
2026-08-28;Netherlands_EersteDivisie;Oss;Jong Utrecht;80.18;IMM-ALTA-4;3;2026-08-21;Netherlands_EersteDivisie;Netherlands_EersteDivisie;;PRO: difesa trasferta vulnerabile | difesa casa vulnerabile | trend over recente casa | trend over recente trasferta | profilo over interno positivo | profilo over esterno positivo | alta tendenza BTTS || CONTRO: attacco casa non dominante | ospite poco prolifico: rischio 1-0 / 2-0 | v22 monitora possibile sopravvalutazione weak_ga;0.32;2.95;5.91;8.0;10.0;12.0;12.0;10.0;10.0;9.0;2.6.def1
2026-08-28;France_Ligue2;Laval;Grenoble;79.9;IMM-ALTA-4;3;2026-08-21;France_Ligue2;France_Ligue2;;PRO: attacco casa positivo | difesa trasferta vulnerabile | difesa casa vulnerabile | trend over recente casa | profilo over interno positivo | profilo over esterno positivo | alta tendenza BTTS || CONTRO: ospite poco prolifico: rischio 1-0 / 2-0 | v22 monitora possibile sopravvalutazione weak_ga | trend over trasferta non forte;1.76;8.86;5.91;7.27;9.09;12.0;6.0;10.0;10.0;9.0;2.6.def1
2026-08-28;Austria_Regionalliga_East;SV Donau;Traiskirchen;79.51;IMM-ALTA-6;4;2026-08-21;Austria_Regionalliga_East;Austria_Regionalliga_East;;PRO: attacco trasferta positivo | difesa trasferta vulnerabile | difesa casa vulnerabile | trend over recente casa | trend over recente trasferta | profilo over esterno positivo | alta tendenza BTTS || CONTRO: attacco casa non dominante | v22 monitora possibile sopravvalutazione weak_ga | profilo over interno debole;1.6;5.91;13.0;8.0;10.0;8.0;8.0;5.0;10.0;10.0;2.6.def1
2026-08-28;Austria_Regionalliga_North;UFC Hallein;Vorwarts Steyr;79.5;IMM-ALTA-7;5;2026-08-21;Austria_Regionalliga_North;Austria_Regionalliga_North;;PRO: attacco casa positivo | difesa trasferta vulnerabile | difesa casa vulnerabile | trend over recente casa | profilo over interno positivo | profilo over esterno positivo | alta tendenza BTTS || CONTRO: ospite poco prolifico: rischio 1-0 / 2-0 | v22 monitora possibile sopravvalutazione weak_ga | trend over trasferta non forte;1.38;11.82;4.43;7.27;9.09;12.0;6.0;10.0;10.0;7.5;2.6.def1
2026-08-28;Finland_Kolmonen_Southern_Group2;Valtti;PPJ/Lauttasaari;79.04;ALTA;17;2026-08-21;Finland_Kolmonen_Southern_Group2;Finland_Kolmonen_Southern_Group2;;PRO: attacco casa positivo | attacco trasferta positivo | difesa trasferta vulnerabile | difesa casa vulnerabile | trend over recente casa | trend over recente trasferta | profilo over interno positivo | profilo over esterno positivo | alta tendenza BTTS || CONTRO: v22 monitora possibile sopravvalutazione weak_ga;1.64;11.42;13.0;7.52;6.82;9.6;8.4;6.25;6.25;8.15;2.6.def1
2026-08-28;NorthernIreland_NIFLChampionship;H&W Welders;Dundela;78.98;IMM-ALTA-6;4;2026-08-21;NorthernIreland_NIFLChampionship;NorthernIreland_NIFLChampionship;;PRO: attacco casa positivo | attacco trasferta positivo | difesa trasferta vulnerabile | trend over recente casa | trend over recente trasferta | profilo over esterno positivo | alta tendenza BTTS || CONTRO: v22 monitora possibile sopravvalutazione weak_ga | profilo over interno debole;2.8;9.85;11.82;2.42;9.09;8.0;12.0;5.0;10.0;8.0;2.6.def1
2026-08-28;Finland_Kolmonen_Southern_Group3;Lahti/69;ToTe/Tapio;78.45;ALTA;17;2026-08-21;Finland_Kolmonen_Southern_Group3;Finland_Kolmonen_Southern_Group3;;PRO: attacco casa positivo | difesa trasferta vulnerabile | trend over recente casa | trend over recente trasferta | profilo over interno positivo | profilo over esterno positivo | alta tendenza BTTS || CONTRO: ospite poco prolifico: rischio 1-0 / 2-0 | v22 monitora possibile sopravvalutazione weak_ga;3.0;10.45;6.75;4.76;10.0;8.4;9.6;8.33;8.75;8.41;2.6.def1
2026-08-28;Moldova_Liga1_GroupA;FCM Ungheni;Iskra Ribnita;78.38;IMM-ALTA-6;3;2026-08-21;Moldova_Liga1_GroupA;Moldova_Liga1_GroupA;Moldova_Liga1;PRO: attacco casa positivo | attacco trasferta positivo | difesa casa vulnerabile | trend over recente casa | trend over recente trasferta | profilo over interno positivo | alta tendenza BTTS || CONTRO: profilo over esterno debole;1.2;13.0;9.85;7.27;6.06;8.0;8.0;10.0;5.0;10.0;2.6.def1
2026-08-28;NorthernIreland_NIFLChampionship;Strabane Athletic;Newington;78.21;IMM-ALTA-6;4;2026-08-21;NorthernIreland_NIFLChampionship;NorthernIreland_NIFLChampionship;;PRO: attacco trasferta positivo | difesa casa vulnerabile | trend over recente casa | trend over recente trasferta | profilo over esterno positivo | alta tendenza BTTS || CONTRO: attacco casa non dominante | profilo over interno debole;4.0;7.88;13.0;7.27;6.06;8.0;12.0;0.0;10.0;10.0;2.6.def1
2026-08-28;Germany_Oberliga_Hamburg;Victoria Hamburg;HT 16;78.14;IMM-ALTA-6;4;2026-08-21;Germany_Oberliga_Hamburg;Germany_Oberliga_Hamburg;;PRO: attacco casa positivo | difesa trasferta vulnerabile | difesa casa vulnerabile | trend over recente casa | trend over recente trasferta | profilo over interno positivo | alta tendenza BTTS || CONTRO: ospite poco prolifico: rischio 1-0 / 2-0 | v22 monitora possibile sopravvalutazione weak_ga | profilo over esterno debole;1.41;9.85;7.88;8.0;10.0;8.0;8.0;10.0;5.0;10.0;2.6.def1
2026-08-28;Slovakia_3Liga_West;Myjava;Velke Ludince;77.92;IMM-ALTA-4;3;2026-08-21;Slovakia_3Liga_West;Slovakia_3Liga_West;;PRO: attacco casa positivo | attacco trasferta positivo | difesa trasferta vulnerabile | difesa casa vulnerabile | trend over recente casa | profilo over interno positivo | alta tendenza BTTS || CONTRO: v22 monitora possibile sopravvalutazione weak_ga | trend over trasferta non forte | profilo over esterno debole;3.6;13.0;8.86;5.45;10.0;12.0;6.0;10.0;0.0;9.0;2.6.def1
2026-08-28;Finland_Kolmonen_Eastern_Group2;Zulimanit;Jippo-J/Punamusta;77.92;ALTA;18;2026-08-21;Finland_Kolmonen_Eastern_Group2;Finland_Kolmonen_Eastern_Group2;;PRO: attacco trasferta positivo | difesa trasferta vulnerabile | difesa casa vulnerabile | trend over recente casa | trend over recente trasferta | profilo over esterno positivo | alta tendenza BTTS || CONTRO: attacco casa non dominante | v22 monitora possibile sopravvalutazione weak_ga | profilo over interno debole;3.43;8.12;13.0;7.05;9.63;7.2;9.6;3.75;7.5;8.65;2.6.def1
2026-08-28;Finland_Kolmonen_Eastern_Group2;ToU;PK-37;77.89;ALTA;18;2026-08-21;Finland_Kolmonen_Eastern_Group2;Finland_Kolmonen_Eastern_Group2;;PRO: attacco trasferta positivo | difesa trasferta vulnerabile | difesa casa vulnerabile | trend over recente casa | trend over recente trasferta | profilo over interno positivo | profilo over esterno positivo || CONTRO: attacco casa non dominante | v22 monitora possibile sopravvalutazione weak_ga | BTTS basso: possibile partita a senso unico;1.71;5.91;9.97;8.0;9.94;10.8;8.4;10.0;6.25;6.9;2.6.def1
2026-08-28;Finland_Kolmonen_Southern_Group1;EPS Reservi;Gilla;77.43;PROX-ALTA;17;2026-08-21;Finland_Kolmonen_Southern_Group1;Finland_Kolmonen_Southern_Group1;;PRO: attacco casa positivo | attacco trasferta positivo | difesa trasferta vulnerabile | difesa casa vulnerabile | trend over recente casa | trend over recente trasferta | profilo over interno positivo | profilo over esterno positivo | alta tendenza BTTS || CONTRO: v22 monitora possibile sopravvalutazione weak_ga;0.55;8.86;11.08;8.0;10.0;8.4;8.4;6.0;7.14;9.0;2.6.def1
2026-08-28;Wales_CymruNorth;Ruthin;Mold Alexandra;77.4;IMM-ALTA-4;3;2026-08-21;Wales_CymruNorth;Wales_CymruNorth;Wales_CymruTier2;PRO: attacco casa positivo | attacco trasferta positivo | difesa trasferta vulnerabile | difesa casa vulnerabile | trend over recente casa | profilo over interno positivo | profilo over esterno positivo | alta tendenza BTTS || CONTRO: v22 monitora possibile sopravvalutazione weak_ga | trend over trasferta non forte;0.4;8.86;8.86;5.45;6.82;12.0;6.0;10.0;10.0;9.0;2.6.def1
2026-08-28;Belgium_JupilerProLeague;Genk;Beveren;77.25;IMM-ALTA-4;3;2026-08-21;Belgium_JupilerProLeague;Belgium_JupilerProLeague;;PRO: attacco casa positivo | difesa casa vulnerabile | trend over recente casa | profilo over interno positivo | profilo over esterno positivo | alta tendenza BTTS || CONTRO: ospite poco prolifico: rischio 1-0 / 2-0 | trend over trasferta non forte;0.71;11.82;5.91;7.27;4.55;12.0;6.0;10.0;10.0;9.0;2.6.def1
2026-08-28;Austria_Regionalliga_North;Union Gurten;LASK (Am);77.22;IMM-ALTA-8;5;2026-08-21;Austria_Regionalliga_North;Austria_Regionalliga_North;;PRO: attacco casa positivo | attacco trasferta positivo | difesa trasferta vulnerabile | difesa casa vulnerabile | trend over recente casa | trend over recente trasferta | alta tendenza BTTS || CONTRO: v22 monitora possibile sopravvalutazione weak_ga | profilo over interno debole | profilo over esterno debole;2.31;13.0;13.0;5.45;7.95;9.0;9.0;5.0;5.0;7.5;2.6.def1
2026-08-28;Germany_Oberliga_BadenWurttemberg;Pforzheim;Young Boys Reutlingen;77.15;IMM-ALTA-4;4;2026-08-21;Germany_Oberliga_BadenWurttemberg;Germany_Oberliga_BadenWurttemberg;;PRO: attacco casa positivo | attacco trasferta positivo | difesa casa vulnerabile | profilo over interno positivo | profilo over esterno positivo | alta tendenza BTTS || CONTRO: trend over casa non forte | trend over trasferta non forte;2.47;8.86;11.82;5.45;4.55;6.0;6.0;10.0;10.0;12.0;2.6.def1
2026-08-28;Turkey_1Lig;Keciorengucu;Umraniyespor;77.08;IMM-ALTA-4;3;2026-08-21;Turkey_1Lig;Turkey_1Lig;;PRO: attacco casa positivo | difesa casa vulnerabile | trend over recente casa | profilo over interno positivo | profilo over esterno positivo | alta tendenza BTTS || CONTRO: ospite poco prolifico: rischio 1-0 / 2-0 | trend over trasferta non forte;1.58;13.0;2.95;8.0;4.55;12.0;6.0;10.0;10.0;9.0;2.6.def1
2026-08-28;Paraguay_DivisionIntermedia;3 de Noviembre;Independiente F.B.C.;77.06;IMM-ALTA-4;3;2026-08-21;Paraguay_DivisionIntermedia;Paraguay_DivisionIntermedia;;PRO: attacco casa positivo | attacco trasferta positivo | trend over recente casa | profilo over interno positivo | profilo over esterno positivo | alta tendenza BTTS || CONTRO: trend over trasferta non forte;1.2;11.82;8.86;3.64;4.55;12.0;6.0;10.0;10.0;9.0;2.6.def1
2026-08-28;Netherlands_EersteDivisie;Jong AZ;Maastricht;76.85;IMM-ALTA-4;3;2026-08-21;Netherlands_EersteDivisie;Netherlands_EersteDivisie;;PRO: attacco casa positivo | attacco trasferta positivo | difesa trasferta vulnerabile | difesa casa vulnerabile | trend over recente trasferta | profilo over esterno positivo | alta tendenza BTTS || CONTRO: v22 monitora possibile sopravvalutazione weak_ga | trend over casa non forte | profilo over interno debole;1.58;13.0;13.0;5.45;6.82;6.0;12.0;0.0;10.0;9.0;2.6.def1
2026-08-28;Austria_Tirol;SV Oberperfuss;SV Worgl;75.91;IMM-ALTA-6;4;2026-08-21;Austria_Tirol;Austria_Tirol;;PRO: attacco casa positivo | difesa trasferta vulnerabile | difesa casa vulnerabile | trend over recente casa | trend over recente trasferta | profilo over esterno positivo | alta tendenza BTTS || CONTRO: ospite poco prolifico: rischio 1-0 / 2-0 | v22 monitora possibile sopravvalutazione weak_ga | profilo over interno debole;1.85;9.85;3.94;7.27;10.0;8.0;12.0;5.0;10.0;8.0;2.6.def1
2026-08-28;Austria_Regionalliga_South;A. Klagenfurt;Volkermarkt;75.9;IMM-ALTA-6;4;2026-08-21;Austria_Regionalliga_South;Austria_Regionalliga_South;;PRO: attacco casa positivo | attacco trasferta positivo | trend over recente casa | trend over recente trasferta | profilo over interno positivo | profilo over esterno positivo || CONTRO: BTTS basso: possibile partita a senso unico;1.38;13.0;11.82;3.64;6.06;8.0;8.0;10.0;10.0;4.0;2.6.def1
2026-08-28;Germany_Regionalliga_West;Westfalia Rhynern;FC Gutersloh;75.75;IMM-ALTA-6;4;2026-08-21;Germany_Regionalliga_West;Germany_Regionalliga_West;;PRO: attacco casa positivo | attacco trasferta positivo | difesa casa vulnerabile | trend over recente casa | trend over recente trasferta | profilo over interno positivo | alta tendenza BTTS || CONTRO: profilo over esterno debole;0.35;13.0;11.82;6.06;1.52;12.0;8.0;10.0;5.0;8.0;2.6.def1
2026-08-28;Germany_Oberliga_Hessen;Darmstadt U21;Unter-Flockenbach;75.66;IMM-ALTA-8;5;2026-08-21;Germany_Oberliga_Hessen;Germany_Oberliga_Hessen;;PRO: attacco casa positivo | attacco trasferta positivo | difesa trasferta vulnerabile | trend over recente trasferta | profilo over esterno positivo | alta tendenza BTTS || CONTRO: v22 monitora possibile sopravvalutazione weak_ga | trend over casa non forte | profilo over interno debole;0.71;13.0;13.0;3.64;6.82;6.0;12.0;0.0;10.0;10.5;2.6.def1
2026-08-28;Finland_Kolmonen_Eastern_Group3;Edustus IPS;LAUTP/2;75.44;ALTA;18;2026-08-21;Finland_Kolmonen_Eastern_Group3;Finland_Kolmonen_Eastern_Group3;;PRO: attacco casa positivo | difesa trasferta vulnerabile | trend over recente casa | trend over recente trasferta | profilo over interno positivo | profilo over esterno positivo || CONTRO: ospite poco prolifico: rischio 1-0 / 2-0 | v22 monitora possibile sopravvalutazione weak_ga | BTTS basso: possibile partita a senso unico;4.91;13.0;2.76;5.09;10.0;10.8;7.2;7.5;7.78;6.4;2.6.def1
2026-08-28;Sweden_Division2_VastraGotaland;Lindome;Frölunda;75.24;PROX-ALTA;20;2026-08-21;Sweden_Division2_VastraGotaland;Sweden_Division2_VastraGotaland;;PRO: attacco casa positivo | attacco trasferta positivo | difesa trasferta vulnerabile | difesa casa vulnerabile | trend over recente casa | trend over recente trasferta | profilo over interno positivo | profilo over esterno positivo || CONTRO: v22 monitora possibile sopravvalutazione weak_ga | BTTS basso: possibile partita a senso unico;0.46;11.16;12.51;5.45;7.49;8.4;8.4;6.67;7.5;7.2;2.6.def1
2026-08-28;Finland_Kolmonen_Southern_Group3;Gnistan/Ogeli;TuPS;74.57;PROX-MEDIA;17;2026-08-21;Finland_Kolmonen_Southern_Group3;Finland_Kolmonen_Southern_Group3;;PRO: attacco casa positivo | attacco trasferta positivo | difesa trasferta vulnerabile | difesa casa vulnerabile | trend over recente casa | trend over recente trasferta | profilo over interno positivo | profilo over esterno positivo || CONTRO: v22 monitora possibile sopravvalutazione weak_ga | BTTS basso: possibile partita a senso unico;1.2;8.64;11.82;8.0;6.97;8.4;9.6;7.14;6.25;6.55;2.6.def1
2026-08-28;Wales_CymruNorth;Newtown;Llanuwchllyn;74.53;MEDIA;3;2026-08-21;Wales_CymruNorth;Wales_CymruNorth;Wales_CymruTier2;PRO: attacco casa positivo | difesa trasferta vulnerabile | trend over recente trasferta | profilo over esterno positivo || CONTRO: ospite poco prolifico: rischio 1-0 / 2-0 | v22 monitora possibile sopravvalutazione weak_ga | trend over casa non forte | profilo over interno debole | BTTS basso: possibile partita a senso unico;4.8;13.0;5.91;1.82;10.0;6.0;12.0;5.0;10.0;6.0;2.6.def1
2026-08-28;Austria_Regionalliga_East;Parndorf;Marchfeld;74.27;MEDIA;4;2026-08-21;Austria_Regionalliga_East;Austria_Regionalliga_East;;PRO: attacco casa positivo | attacco trasferta positivo | trend over recente trasferta | profilo over interno positivo | profilo over esterno positivo | alta tendenza BTTS || CONTRO: trend over casa non forte;1.6;13.0;13.0;3.64;3.03;4.0;8.0;10.0;10.0;8.0;2.6.def1
2026-08-28;Wales_CymruSouth;Pure Swansea;Pontypridd;74.22;MEDIA;3;2026-08-21;Wales_CymruSouth;Wales_CymruSouth;Wales_CymruTier2;PRO: attacco casa positivo | attacco trasferta positivo | difesa trasferta vulnerabile | trend over recente casa | trend over recente trasferta | profilo over interno positivo | profilo over esterno positivo || CONTRO: v22 monitora possibile sopravvalutazione weak_ga | BTTS basso: possibile partita a senso unico || CONTRO V25: v25: sfida equilibrata di alta classifica (gap punti 0.0, gap PPG 0.00) con difesa casa sotto 1 gol subito a partita | v25 extra: difesa stagionale molto solida (0.00 GA per partita);0.4;13.0;13.0;0.0;6.82;12.0;12.0;10.0;10.0;6.0;2.6.def1
2026-08-28;Slovenia_2SNL;Slovan Ljubljana;Ilirija;74.14;MEDIA;3;2026-08-21;Slovenia_2SNL;Slovenia_2SNL;;PRO: attacco casa positivo | attacco trasferta positivo | difesa casa vulnerabile | trend over recente casa | profilo over interno positivo | profilo over esterno positivo || CONTRO: trend over trasferta non forte | BTTS basso: possibile partita a senso unico;4.0;8.86;13.0;7.27;0.0;12.0;6.0;10.0;10.0;3.0;2.6.def1
2026-08-28;Sweden_Division2_SodraGotaland;Linero IF;Solvesborgs;74.09;MEDIA;22;2026-08-21;Sweden_Division2_SodraGotaland;Sweden_Division2_SodraGotaland;;PRO: attacco casa positivo | attacco trasferta positivo | difesa trasferta vulnerabile | difesa casa vulnerabile | trend over recente casa | profilo over interno positivo | alta tendenza BTTS || CONTRO: v22 monitora possibile sopravvalutazione weak_ga | trend over trasferta non forte | profilo over esterno debole;3.23;11.47;8.86;5.56;8.24;9.6;6.0;7.78;5.71;7.63;2.6.def1
2026-08-28;Poland_IIILiga_Group3;Kluczbork;Brzeg;73.92;MEDIA;5;2026-08-21;Poland_IIILiga_Group3;Poland_IIILiga_Group3;;PRO: attacco trasferta positivo | difesa trasferta vulnerabile | difesa casa vulnerabile | profilo over interno positivo | profilo over esterno positivo | alta tendenza BTTS || CONTRO: attacco casa non dominante | v22 monitora possibile sopravvalutazione weak_ga | trend over casa non forte | trend over trasferta non forte;2.31;4.43;13.0;6.36;6.82;6.0;6.0;10.0;10.0;9.0;2.6.def1
2026-08-28;Austria_Oberosterreich;Friedburg;Pregarten;73.72;MEDIA;4;2026-08-21;Austria_Oberosterreich;Austria_Oberosterreich;;PRO: attacco casa positivo | difesa trasferta vulnerabile | trend over recente casa | trend over recente trasferta | alta tendenza BTTS || CONTRO: ospite poco prolifico: rischio 1-0 / 2-0 | v22 monitora possibile sopravvalutazione weak_ga | profilo over interno debole | profilo over esterno debole;5.2;13.0;7.88;3.64;10.0;8.0;8.0;5.0;5.0;8.0;2.6.def1
2026-08-28;NorthernIreland_NIFLChampionship;Loughgall;Warrenpoint;73.68;MEDIA;4;2026-08-21;NorthernIreland_NIFLChampionship;NorthernIreland_NIFLChampionship;;PRO: attacco casa positivo | difesa trasferta vulnerabile | trend over recente casa | trend over recente trasferta | profilo over interno positivo | profilo over esterno positivo || CONTRO: ospite poco prolifico: rischio 1-0 / 2-0 | v22 monitora possibile sopravvalutazione weak_ga | BTTS basso: possibile partita a senso unico;3.2;9.85;5.91;3.64;9.09;8.0;8.0;10.0;10.0;6.0;2.6.def1
2026-08-28;Austria_Karnten;KAC 1909;Dellach/Gail;73.42;MEDIA;5;2026-08-21;Austria_Karnten;Austria_Karnten;;PRO: attacco casa positivo | difesa trasferta vulnerabile | trend over recente casa | trend over recente trasferta | profilo over interno positivo || CONTRO: ospite poco prolifico: rischio 1-0 / 2-0 | v22 monitora possibile sopravvalutazione weak_ga | profilo over esterno debole | BTTS basso: possibile partita a senso unico;6.0;13.0;5.91;2.42;9.09;8.0;8.0;10.0;5.0;6.0;2.6.def1
2026-08-28;Wales_CymruPremier;Connah's Q.;Cambrian United;73.4;MEDIA;4;2026-08-21;Wales_CymruPremier;Wales_CymruPremier;;PRO: attacco casa positivo | trend over recente casa | profilo over interno positivo | profilo over esterno positivo | alta tendenza BTTS || CONTRO: ospite poco prolifico: rischio 1-0 / 2-0 | trend over trasferta non forte;2.31;13.0;5.91;3.64;4.55;12.0;4.0;10.0;10.0;8.0;2.6.def1
2026-08-28;Switzerland_ChallengeLeague;Yverdon;Wil;73.3;MEDIA;4;2026-08-21;Switzerland_ChallengeLeague;Switzerland_ChallengeLeague;;PRO: attacco casa positivo | attacco trasferta positivo | difesa trasferta vulnerabile | trend over recente trasferta | profilo over esterno positivo | alta tendenza BTTS || CONTRO: v22 monitora possibile sopravvalutazione weak_ga | trend over casa non forte | profilo over interno debole;4.0;9.85;11.82;3.64;10.0;4.0;12.0;0.0;10.0;8.0;2.6.def1
2026-08-28;Austria_Karnten;Lendorf;Saint Michael Lavanttal;73.2;MEDIA;5;2026-08-21;Austria_Karnten;Austria_Karnten;;PRO: difesa trasferta vulnerabile | difesa casa vulnerabile | trend over recente casa | trend over recente trasferta | profilo over esterno positivo | alta tendenza BTTS || CONTRO: attacco casa non dominante | ospite poco prolifico: rischio 1-0 / 2-0 | v22 monitora possibile sopravvalutazione weak_ga | profilo over interno debole;1.38;7.88;7.88;6.06;10.0;8.0;12.0;0.0;10.0;10.0;2.6.def1
2026-08-28;Austria_Regionalliga_North;Seekirchen;Wallern/St Marienkirchen;73.04;MEDIA;5;2026-08-21;Austria_Regionalliga_North;Austria_Regionalliga_North;;PRO: attacco trasferta positivo | difesa casa vulnerabile | trend over recente trasferta | profilo over esterno positivo || CONTRO: attacco casa non dominante | trend over casa non forte | profilo over interno debole | BTTS basso: possibile partita a senso unico;5.54;2.95;13.0;8.0;4.55;6.0;12.0;5.0;10.0;6.0;2.6.def1
2026-08-28;Sweden_Division1_Sodra;Lunds;Olympic;73.04;PROX-MEDIA;20;2026-08-21;Sweden_Division1_Sodra;Sweden_Division1_Sodra;;PRO: attacco casa positivo | attacco trasferta positivo | difesa trasferta vulnerabile | trend over recente casa | trend over recente trasferta | profilo over interno positivo | profilo over esterno positivo | alta tendenza BTTS || CONTRO: v22 monitora possibile sopravvalutazione weak_ga;1.6;10.08;9.39;4.71;7.75;8.4;9.6;7.14;6.25;8.12;2.6.def1
2026-08-28;Poland_Ekstraklasa;Legia;Slask;72.79;MEDIA;5;2026-08-21;Poland_Ekstraklasa;Poland_Ekstraklasa;;PRO: attacco casa positivo | trend over recente trasferta | profilo over interno positivo | profilo over esterno positivo | alta tendenza BTTS || CONTRO: ospite poco prolifico: rischio 1-0 / 2-0 | trend over casa non forte;3.88;13.0;5.91;1.82;5.68;6.0;9.0;10.0;10.0;7.5;2.6.def1
2026-08-28;Poland_IIILiga_Group2;Wda Swiecie;Notec Czarnkow;72.67;MEDIA;5;2026-08-21;Poland_IIILiga_Group2;Poland_IIILiga_Group2;;PRO: attacco casa positivo | attacco trasferta positivo | difesa trasferta vulnerabile | profilo over interno positivo | profilo over esterno positivo | alta tendenza BTTS || CONTRO: v22 monitora possibile sopravvalutazione weak_ga | trend over casa non forte | trend over trasferta non forte;1.85;11.82;10.34;4.55;7.95;6.0;6.0;10.0;6.67;7.5;2.6.def1
2026-08-28;Paraguay_DivisionIntermedia;General Caballero JLM;Dep. Capiata;72.19;MEDIA;3;2026-08-21;Paraguay_DivisionIntermedia;Paraguay_DivisionIntermedia;;PRO: attacco casa positivo | difesa trasferta vulnerabile | trend over recente casa | profilo over interno positivo | alta tendenza BTTS || CONTRO: ospite poco prolifico: rischio 1-0 / 2-0 | v22 monitora possibile sopravvalutazione weak_ga | trend over trasferta non forte | profilo over esterno debole;5.6;13.0;2.95;3.64;10.0;12.0;6.0;10.0;0.0;9.0;2.6.def1
2026-08-28;Austria_Tirol;Telfs;Munster;71.69;MEDIA;4;2026-08-21;Austria_Tirol;Austria_Tirol;;PRO: attacco casa positivo | difesa trasferta vulnerabile | difesa casa vulnerabile | trend over recente trasferta | profilo over interno positivo | profilo over esterno positivo || CONTRO: ospite poco prolifico: rischio 1-0 / 2-0 | v22 monitora possibile sopravvalutazione weak_ga | trend over casa non forte | BTTS basso: possibile partita a senso unico;0.46;8.86;5.91;5.45;10.0;6.0;8.0;10.0;10.0;7.0;2.6.def1
2026-08-28;Poland_IIILiga_Group3;Carina Gubin;Sulow;71.67;MEDIA;5;2026-08-21;Poland_IIILiga_Group3;Poland_IIILiga_Group3;;PRO: attacco trasferta positivo | difesa trasferta vulnerabile | difesa casa vulnerabile | trend over recente casa | trend over recente trasferta | profilo over esterno positivo | alta tendenza BTTS || CONTRO: attacco casa non dominante | v22 monitora possibile sopravvalutazione weak_ga | profilo over interno debole;2.31;5.91;8.86;7.27;6.82;9.0;9.0;5.0;10.0;7.5;2.6.def1
2026-08-28;SouthKorea_KLeague2;Ansan Greeners;Daegu;71.55;MEDIA;23;2026-08-21;SouthKorea_KLeague2;SouthKorea_KLeague2;;PRO: attacco trasferta positivo | difesa casa vulnerabile | trend over recente casa | profilo over interno positivo | profilo over esterno positivo | alta tendenza BTTS || CONTRO: attacco casa non dominante | trend over trasferta non forte;4.5;6.19;11.54;6.93;6.49;8.4;6.0;7.5;6.0;8.0;2.6.def1
2026-08-28;Wales_CymruNorth;Bangor 1876;Brickfield;71.49;MEDIA;3;2026-08-21;Wales_CymruNorth;Wales_CymruNorth;Wales_CymruTier2;PRO: attacco casa positivo | attacco trasferta positivo | trend over recente casa | trend over recente trasferta | profilo over interno positivo | profilo over esterno positivo || CONTRO: BTTS basso: possibile partita a senso unico || CONTRO V25: v25: sfida equilibrata di alta classifica (gap punti 0.0, gap PPG 0.00) con difesa casa sotto 1 gol subito a partita | v25 extra: difesa stagionale molto solida (0.50 GA per partita);0.4;13.0;13.0;1.82;2.27;12.0;12.0;10.0;10.0;6.0;2.6.def1
2026-08-28;Austria_Regionalliga_North;TSV St. Johann;Dietach;71.4;MEDIA;5;2026-08-21;Austria_Regionalliga_North;Austria_Regionalliga_North;;PRO: attacco trasferta positivo | difesa trasferta vulnerabile | difesa casa vulnerabile | trend over recente trasferta | profilo over esterno positivo || CONTRO: attacco casa non dominante | v22 monitora possibile sopravvalutazione weak_ga | trend over casa non forte | profilo over interno debole | BTTS basso: possibile partita a senso unico;1.38;5.91;11.82;5.45;10.0;6.0;12.0;3.33;10.0;5.5;2.6.def1
2026-08-28;Germany_3Liga;Dusseldorf;Stoccarda 2;71.26;MEDIA;3;2026-08-21;Germany_3Liga;Germany_3Liga;;PRO: attacco trasferta positivo | difesa trasferta vulnerabile | difesa casa vulnerabile | trend over recente trasferta | profilo over esterno positivo | alta tendenza BTTS || CONTRO: attacco casa non dominante | v22 monitora possibile sopravvalutazione weak_ga | trend over casa non forte | profilo over interno debole;2.21;2.95;11.82;7.27;10.0;6.0;12.0;0.0;10.0;9.0;2.6.def1
2026-08-28;Austria_Regionalliga_South;Treibach;ATSV Wolfsberger;71.02;MEDIA;4;2026-08-21;Austria_Regionalliga_South;Austria_Regionalliga_South;;PRO: attacco casa positivo | difesa trasferta vulnerabile | trend over recente casa | trend over recente trasferta | profilo over esterno positivo || CONTRO: ospite poco prolifico: rischio 1-0 / 2-0 | v22 monitora possibile sopravvalutazione weak_ga | profilo over interno debole | BTTS basso: possibile partita a senso unico;5.08;11.82;5.91;1.21;10.0;8.0;8.0;5.0;10.0;6.0;2.6.def1
2026-08-28;Poland_IIILiga_Group2;Luzino;Lipno Steszew;70.9;MEDIA;5;2026-08-21;Poland_IIILiga_Group2;Poland_IIILiga_Group2;;PRO: attacco casa positivo | difesa trasferta vulnerabile | trend over recente casa | alta tendenza BTTS || CONTRO: ospite poco prolifico: rischio 1-0 / 2-0 | v22 monitora possibile sopravvalutazione weak_ga | trend over trasferta non forte | profilo over interno debole | profilo over esterno debole;6.0;13.0;4.43;4.55;9.09;9.0;6.0;5.0;3.33;10.5;2.6.def1
2026-08-28;Wales_CymruSouth;Llanelli;Carmarthen;70.77;MEDIA;3;2026-08-21;Wales_CymruSouth;Wales_CymruSouth;Wales_CymruTier2;PRO: attacco trasferta positivo | difesa casa vulnerabile | trend over recente trasferta | profilo over esterno positivo | alta tendenza BTTS || CONTRO: attacco casa non dominante | trend over casa non forte | profilo over interno debole;6.0;2.95;13.0;7.27;4.55;6.0;12.0;0.0;10.0;9.0;2.6.def1
2026-08-28;Austria_Bundesliga;A. Lustenau;Tirol;70.39;MEDIA;4;2026-08-21;Austria_Bundesliga;Austria_Bundesliga;;PRO: difesa trasferta vulnerabile | trend over recente casa | trend over recente trasferta | profilo over esterno positivo | alta tendenza BTTS || CONTRO: attacco casa non dominante | ospite poco prolifico: rischio 1-0 / 2-0 | v22 monitora possibile sopravvalutazione weak_ga | profilo over interno debole;2.73;7.88;3.94;4.85;10.0;8.0;8.0;5.0;10.0;10.0;2.6.def1
2026-08-28;Wales_CymruSouth;Baglan Dragons;Caerau Ely;70.23;MEDIA;3;2026-08-21;Wales_CymruSouth;Wales_CymruSouth;Wales_CymruTier2;PRO: attacco trasferta positivo | difesa trasferta vulnerabile | difesa casa vulnerabile | profilo over interno positivo | profilo over esterno positivo || CONTRO: attacco casa non dominante | v22 monitora possibile sopravvalutazione weak_ga | trend over casa non forte | trend over trasferta non forte | BTTS basso: possibile partita a senso unico;4.0;2.95;13.0;5.45;6.82;6.0;6.0;10.0;10.0;6.0;2.6.def1
2026-08-28;Denmark_3rdDivision;ASA Aarhus;Holstebro;70.0;MEDIA;4;2026-08-21;Denmark_3rdDivision;Denmark_3rdDivision;;PRO: attacco trasferta positivo | trend over recente trasferta | profilo over esterno positivo | alta tendenza BTTS || CONTRO: attacco casa non dominante | trend over casa non forte | profilo over interno debole;1.64;7.88;13.0;2.42;6.06;4.0;12.0;5.0;10.0;8.0;2.6.def1
2026-08-28;Netherlands_EersteDivisie;Den Bosch;Vitesse;69.66;MEDIA;3;2026-08-21;Netherlands_EersteDivisie;Netherlands_EersteDivisie;;PRO: attacco casa positivo | attacco trasferta positivo | difesa casa vulnerabile | profilo over esterno positivo | alta tendenza BTTS || CONTRO: trend over casa non forte | trend over trasferta non forte | profilo over interno debole;3.16;8.86;11.82;7.27;4.55;6.0;6.0;0.0;10.0;12.0;2.6.def1
2026-08-28;Poland_IIILiga_Group2;Kotwica Kornik;Chemik Bydgoszcz;69.36;MEDIA;5;2026-08-21;Poland_IIILiga_Group2;Poland_IIILiga_Group2;;PRO: attacco trasferta positivo | difesa trasferta vulnerabile | difesa casa vulnerabile | trend over recente trasferta | profilo over interno positivo | alta tendenza BTTS || CONTRO: attacco casa non dominante | v22 monitora possibile sopravvalutazione weak_ga | trend over casa non forte | profilo over esterno debole;0.92;5.91;8.86;8.0;10.0;6.0;9.0;6.67;5.0;9.0;2.6.def1
2026-08-28;Kazakhstan_FirstLeague;Khan Tengri;FC Astana 2;68.96;MEDIA;29;2026-08-21;Kazakhstan_FirstLeague;Kazakhstan_FirstLeague;;PRO: attacco trasferta positivo | difesa trasferta vulnerabile | difesa casa vulnerabile | trend over recente casa | trend over recente trasferta | profilo over esterno positivo || CONTRO: attacco casa non dominante | v22 monitora possibile sopravvalutazione weak_ga | profilo over interno debole | BTTS basso: possibile partita a senso unico;2.31;7.15;9.52;6.7;8.33;7.2;8.4;5.0;7.5;6.84;2.6.def1
2026-08-28;Austria_Niederosterreich;SCU Kilb;Langenrohr;68.71;MEDIA;3;2026-08-21;Austria_Niederosterreich;Austria_Niederosterreich;;PRO: attacco casa positivo | difesa casa vulnerabile | trend over recente casa | profilo over interno positivo | alta tendenza BTTS || CONTRO: ospite poco prolifico: rischio 1-0 / 2-0 | trend over trasferta non forte | profilo over esterno debole;2.8;13.0;5.91;5.45;4.55;12.0;6.0;10.0;0.0;9.0;2.6.def1
2026-08-28;Austria_Oberosterreich;Union Unis Gschwandt;Vocklamarkt;68.5;MEDIA;4;2026-08-21;Austria_Oberosterreich;Austria_Oberosterreich;;PRO: difesa trasferta vulnerabile | trend over recente trasferta | profilo over interno positivo | profilo over esterno positivo || CONTRO: attacco casa non dominante | ospite poco prolifico: rischio 1-0 / 2-0 | v22 monitora possibile sopravvalutazione weak_ga | trend over casa non forte | BTTS basso: possibile partita a senso unico;2.0;5.91;2.95;3.64;10.0;6.0;12.0;10.0;10.0;6.0;2.6.def1
2026-08-28;Iceland_Division_2;Kari;Throttur Vogar;67.61;MEDIA-ALTA;33;2026-08-21;Iceland_Division_2;Iceland_Division_2;;"PRO: attacco casa positivo | attacco trasferta positivo | difesa trasferta vulnerabile | difesa casa vulnerabile | trend over recente casa | trend over recente trasferta | profilo over interno positivo | profilo over esterno positivo | alta tendenza BTTS || CONTRO: v22 monitora possibile sopravvalutazione weak_ga || V26DEF_STRONG_DEFENSE[Rule=AT_LEAST_ONE_STRONG;Threshold=1.20;Penalty=-14.00;HomeGALast5=1.20;AwayGALast5=1.80;BaseScore=81.61;FinalScore=67.61]";3.27;13.0;9.95;5.86;8.85;8.4;9.6;6.25;6.67;9.75;2.6.def1
2026-08-28;Norway_3rdDivision_Group6;SK Gjovik-Lyn;Brumunddal;67.54;MEDIA;17;2026-08-21;Norway_3rdDivision_Group6;Norway_3rdDivision_Group6;;PRO: difesa trasferta vulnerabile | trend over recente trasferta | profilo over esterno positivo || CONTRO: attacco casa non dominante | ospite poco prolifico: rischio 1-0 / 2-0 | v22 monitora possibile sopravvalutazione weak_ga | trend over casa non forte | profilo over interno debole | BTTS basso: possibile partita a senso unico;4.15;7.39;6.65;2.73;10.0;6.0;12.0;3.75;10.0;4.88;2.6.def1
2026-08-28;Finland_Kolmonen_Southern_Group1;LoPa;NuPS;67.31;PROX-MEDIA;17;2026-08-21;Finland_Kolmonen_Southern_Group1;Finland_Kolmonen_Southern_Group1;;PRO: attacco casa positivo | attacco trasferta positivo | difesa casa vulnerabile | trend over recente casa | profilo over interno positivo || CONTRO: trend over trasferta non forte | profilo over esterno debole | BTTS basso: possibile partita a senso unico;0.55;9.6;10.24;5.91;6.36;9.6;6.0;8.75;3.75;6.55;2.6.def1
2026-08-28;Wales_CymruSouth;Treowen;Cardiff Draconians;66.86;MEDIA;3;2026-08-21;Wales_CymruSouth;Wales_CymruSouth;Wales_CymruTier2;PRO: attacco casa positivo | difesa trasferta vulnerabile | trend over recente casa | profilo over interno positivo || CONTRO: ospite poco prolifico: rischio 1-0 / 2-0 | v22 monitora possibile sopravvalutazione weak_ga | trend over trasferta non forte | profilo over esterno debole | BTTS basso: possibile partita a senso unico;6.0;13.0;2.95;1.82;9.09;12.0;6.0;10.0;0.0;6.0;2.6.def1
2026-08-28;CzechRepublic_4Liga_GroupD;Bohunice;Velke Mezirici;66.82;MEDIA;3;2026-08-21;CzechRepublic_4Liga_GroupD;CzechRepublic_4Liga_GroupD;CzechRepublic_4Liga;PRO: attacco casa positivo | difesa trasferta vulnerabile | profilo over esterno positivo | alta tendenza BTTS || CONTRO: ospite poco prolifico: rischio 1-0 / 2-0 | v22 monitora possibile sopravvalutazione weak_ga | trend over casa non forte | trend over trasferta non forte | profilo over interno debole;6.0;13.0;5.91;1.82;9.09;6.0;6.0;0.0;10.0;9.0;2.6.def1
2026-08-28;Austria_Regionalliga_South;Gleisdorf;Lafnitz;66.57;MEDIA;4;2026-08-21;Austria_Regionalliga_South;Austria_Regionalliga_South;;PRO: attacco trasferta positivo | difesa trasferta vulnerabile | trend over recente trasferta | profilo over esterno positivo | alta tendenza BTTS || CONTRO: attacco casa non dominante | v22 monitora possibile sopravvalutazione weak_ga | trend over casa non forte | profilo over interno debole;1.38;5.91;11.82;3.64;6.82;6.0;12.0;0.0;10.0;9.0;2.6.def1
2026-08-28;Germany_Oberliga_Hamburg;HEBC Hamburg;Vorwarts-Wacker;66.14;MEDIA;4;2026-08-21;Germany_Oberliga_Hamburg;Germany_Oberliga_Hamburg;;PRO: attacco trasferta positivo | difesa trasferta vulnerabile | trend over recente trasferta | profilo over esterno positivo || CONTRO: attacco casa non dominante | v22 monitora possibile sopravvalutazione weak_ga | trend over casa non forte | profilo over interno debole | BTTS basso: possibile partita a senso unico;1.41;3.94;9.85;4.85;9.09;4.0;12.0;5.0;10.0;6.0;2.6.def1
2026-08-28;Bolivia_DivisionProfesional;Bolivar;Academia del Balompie;66.06;MEDIA-ALTA;20;2026-08-21;Bolivia_DivisionProfesional;Bolivia_DivisionProfesional;;"PRO: attacco casa positivo | attacco trasferta positivo | difesa trasferta vulnerabile | trend over recente casa | trend over recente trasferta | profilo over interno positivo | profilo over esterno positivo | alta tendenza BTTS || CONTRO: v22 monitora possibile sopravvalutazione weak_ga || V26DEF_STRONG_DEFENSE[Rule=AT_LEAST_ONE_STRONG;Threshold=1.20;Penalty=-14.00;HomeGALast5=1.20;AwayGALast5=1.60;BaseScore=80.06;FinalScore=66.06]";3.2;13.0;10.24;3.88;9.09;7.2;8.4;8.75;7.5;8.8;2.6.def1
2026-08-28;Slovenia_2SNL;Tabor Sezana;Brezice;66.02;MEDIA;3;2026-08-21;Slovenia_2SNL;Slovenia_2SNL;;PRO: attacco casa positivo | difesa trasferta vulnerabile | trend over recente trasferta | profilo over esterno positivo || CONTRO: ospite poco prolifico: rischio 1-0 / 2-0 | v22 monitora possibile sopravvalutazione weak_ga | trend over casa non forte | profilo over interno debole | BTTS basso: possibile partita a senso unico;5.2;11.82;5.91;0.0;9.09;6.0;12.0;0.0;10.0;6.0;2.6.def1
2026-08-28;Austria_2Liga;Voitsberg;Liefering;65.68;MEDIA;4;2026-08-21;Austria_2Liga;Austria_2Liga;;PRO: attacco trasferta positivo | difesa trasferta vulnerabile | trend over recente trasferta | profilo over esterno positivo | alta tendenza BTTS || CONTRO: attacco casa non dominante | v22 monitora possibile sopravvalutazione weak_ga | trend over casa non forte | profilo over interno debole;0.8;7.88;13.0;2.42;7.58;4.0;12.0;0.0;10.0;8.0;2.6.def1
2026-08-28;Switzerland_ChallengeLeague;Aarau;Xamax;65.67;MEDIA;4;2026-08-21;Switzerland_ChallengeLeague;Switzerland_ChallengeLeague;;PRO: attacco trasferta positivo | difesa casa vulnerabile | trend over recente casa | trend over recente trasferta | alta tendenza BTTS || CONTRO: attacco casa non dominante | profilo over interno debole | profilo over esterno debole;3.33;5.91;11.82;6.06;4.55;8.0;8.0;5.0;5.0;8.0;2.6.def1
2026-08-28;Armenia_PremierLeague;Urartu;Alashkert;65.64;MEDIA;5;2026-08-21;Armenia_PremierLeague;Armenia_PremierLeague;;PRO: attacco casa positivo | attacco trasferta positivo | trend over recente casa | trend over recente trasferta | profilo over interno positivo || CONTRO: profilo over esterno debole | BTTS basso: possibile partita a senso unico;1.64;11.82;11.82;4.85;1.52;12.0;8.0;10.0;0.0;4.0;2.6.def1
2026-08-28;Finland_Kolmonen_Southern_Group3;Futura;Ponnistus;64.71;MEDIA-ALTA;17;2026-08-21;Finland_Kolmonen_Southern_Group3;Finland_Kolmonen_Southern_Group3;;"PRO: attacco casa positivo | difesa trasferta vulnerabile | trend over recente casa | trend over recente trasferta | profilo over interno positivo | profilo over esterno positivo | alta tendenza BTTS || CONTRO: ospite poco prolifico: rischio 1-0 / 2-0 | v22 monitora possibile sopravvalutazione weak_ga || V26DEF_STRONG_DEFENSE[Rule=AT_LEAST_ONE_STRONG;Threshold=1.20;Penalty=-14.00;HomeGALast5=0.80;AwayGALast5=1.20;BaseScore=78.71;FinalScore=64.71]";4.8;13.0;8.44;2.91;10.0;7.2;8.4;7.5;8.57;7.89;2.6.def1
2026-08-28;Germany_Oberliga_Hessen;Fernwald;Hanauer SC;64.62;MEDIA;5;2026-08-21;Germany_Oberliga_Hessen;Germany_Oberliga_Hessen;;PRO: attacco trasferta positivo | difesa trasferta vulnerabile | trend over recente trasferta | alta tendenza BTTS || CONTRO: attacco casa non dominante | v22 monitora possibile sopravvalutazione weak_ga | trend over casa non forte | profilo over interno debole | profilo over esterno debole;0.35;7.39;13.0;4.55;10.0;3.0;9.0;3.33;5.0;9.0;2.6.def1
2026-08-28;Finland_Kolmonen_Southern_Group2;ToTe;Kontu;64.15;MEDIA-ALTA;17;2026-08-21;Finland_Kolmonen_Southern_Group2;Finland_Kolmonen_Southern_Group2;;"PRO: attacco casa positivo | attacco trasferta positivo | difesa trasferta vulnerabile | trend over recente casa | trend over recente trasferta | profilo over esterno positivo | alta tendenza BTTS || CONTRO: v22 monitora possibile sopravvalutazione weak_ga | profilo over interno debole || V26DEF_STRONG_DEFENSE[Rule=AT_LEAST_ONE_STRONG;Threshold=1.20;Penalty=-14.00;HomeGALast5=1.00;AwayGALast5=2.60;BaseScore=78.15;FinalScore=64.15]";4.36;13.0;10.24;3.9;10.0;7.2;8.4;5.71;7.5;7.83;2.6.def1
2026-08-28;Turkey_1Lig;Pendikspor;Bandirmaspor;63.83;MEDIA;3;2026-08-21;Turkey_1Lig;Turkey_1Lig;;PRO: attacco casa positivo | attacco trasferta positivo | difesa casa vulnerabile | trend over recente casa | profilo over interno positivo || CONTRO: trend over trasferta non forte | profilo over esterno debole | BTTS basso: possibile partita a senso unico;4.11;8.86;8.86;8.0;0.0;12.0;6.0;10.0;0.0;6.0;2.6.def1
2026-08-28;Germany_Oberliga_NOFV_Sud;Bautzen;Auerbach;63.56;MEDIA;3;2026-08-21;Germany_Oberliga_NOFV_Sud;Germany_Oberliga_NOFV_Sud;;PRO: difesa casa vulnerabile | profilo over interno positivo | profilo over esterno positivo || CONTRO: attacco casa non dominante | ospite poco prolifico: rischio 1-0 / 2-0 | trend over casa non forte | trend over trasferta non forte | BTTS basso: possibile partita a senso unico;1.2;5.91;5.91;8.0;4.55;6.0;6.0;10.0;10.0;6.0;2.6.def1
2026-08-28;Austria_Karnten;SAK Klagenfurt;Nussdorf;63.08;MEDIA;5;2026-08-21;Austria_Karnten;Austria_Karnten;;PRO: difesa trasferta vulnerabile | difesa casa vulnerabile | trend over recente trasferta | profilo over esterno positivo || CONTRO: attacco casa non dominante | ospite poco prolifico: rischio 1-0 / 2-0 | v22 monitora possibile sopravvalutazione weak_ga | trend over casa non forte | profilo over interno debole | BTTS basso: possibile partita a senso unico;3.23;7.88;5.91;6.06;10.0;4.0;12.0;0.0;10.0;4.0;2.6.def1
2026-08-28;Austria_Oberosterreich;Perg;Weisskirchen;62.85;MEDIA;4;2026-08-21;Austria_Oberosterreich;Austria_Oberosterreich;;PRO: attacco casa positivo | attacco trasferta positivo | difesa trasferta vulnerabile | trend over recente trasferta | alta tendenza BTTS || CONTRO: v22 monitora possibile sopravvalutazione weak_ga | trend over casa non forte | profilo over interno debole | profilo over esterno debole;2.4;11.82;9.85;1.21;7.58;4.0;8.0;5.0;5.0;8.0;2.6.def1
2026-08-28;CzechRepublic_3MSFL;FK Frydek-Mistek;Sigma Olomouc B;62.74;MEDIA;4;2026-08-21;CzechRepublic_3MSFL;CzechRepublic_3MSFL;;PRO: attacco casa positivo | attacco trasferta positivo | trend over recente trasferta | profilo over esterno positivo || CONTRO: trend over casa non forte | profilo over interno debole | BTTS basso: possibile partita a senso unico;0.92;9.85;13.0;2.42;4.55;4.0;12.0;0.0;10.0;6.0;2.6.def1
2026-08-28;Finland_Kolmonen_Western_Group1;MaPS;PiPS;62.72;MEDIA-ALTA;17;2026-08-21;Finland_Kolmonen_Western_Group1;Finland_Kolmonen_Western_Group1;;"PRO: attacco casa positivo | difesa trasferta vulnerabile | difesa casa vulnerabile | trend over recente casa | trend over recente trasferta | profilo over interno positivo | profilo over esterno positivo | alta tendenza BTTS || CONTRO: ospite poco prolifico: rischio 1-0 / 2-0 | v22 monitora possibile sopravvalutazione weak_ga || V26DEF_STRONG_DEFENSE[Rule=AT_LEAST_ONE_STRONG;Threshold=1.20;Penalty=-14.00;HomeGALast5=1.20;AwayGALast5=2.60;BaseScore=76.72;FinalScore=62.72]";3.82;9.45;6.28;5.82;9.94;8.4;9.6;7.14;8.89;7.37;2.6.def1
2026-08-28;Denmark_2ndDivision;F. Amager;Thisted;62.61;MEDIA;4;2026-08-21;Denmark_2ndDivision;Denmark_2ndDivision;;PRO: difesa trasferta vulnerabile | difesa casa vulnerabile | trend over recente casa | trend over recente trasferta | profilo over esterno positivo || CONTRO: attacco casa non dominante | ospite poco prolifico: rischio 1-0 / 2-0 | v22 monitora possibile sopravvalutazione weak_ga | profilo over interno debole | BTTS basso: possibile partita a senso unico;2.73;7.88;3.94;6.06;10.0;8.0;8.0;0.0;10.0;6.0;2.6.def1
2026-08-28;Germany_Oberliga_Hamburg;Teutonia Ottensen;Harksheide;62.26;MEDIA;4;2026-08-21;Germany_Oberliga_Hamburg;Germany_Oberliga_Hamburg;;PRO: attacco casa positivo | difesa trasferta vulnerabile | trend over recente trasferta | profilo over esterno positivo | alta tendenza BTTS || CONTRO: ospite poco prolifico: rischio 1-0 / 2-0 | v22 monitora possibile sopravvalutazione weak_ga | trend over casa non forte | profilo over interno debole;1.76;8.86;5.91;3.64;9.09;6.0;8.0;0.0;10.0;9.0;2.6.def1
2026-08-28;Switzerland_ChallengeLeague;Etoile-Carouge;Rapperswil-Jona;62.12;MEDIA;4;2026-08-21;Switzerland_ChallengeLeague;Switzerland_ChallengeLeague;;PRO: attacco trasferta positivo | difesa trasferta vulnerabile | trend over recente trasferta || CONTRO: attacco casa non dominante | v22 monitora possibile sopravvalutazione weak_ga | trend over casa non forte | profilo over interno debole | profilo over esterno debole | BTTS basso: possibile partita a senso unico;2.0;7.88;11.82;2.42;10.0;4.0;8.0;5.0;5.0;6.0;2.6.def1
2026-08-28;SouthKorea_KLeague2;Jeonnam;Cheonan City;62.06;MEDIA;23;2026-08-21;SouthKorea_KLeague2;SouthKorea_KLeague2;;PRO: difesa casa vulnerabile | trend over recente casa | trend over recente trasferta | profilo over esterno positivo || CONTRO: attacco casa non dominante | ospite poco prolifico: rischio 1-0 / 2-0 | profilo over interno debole | BTTS basso: possibile partita a senso unico;0.75;6.5;7.6;6.55;6.49;7.2;8.4;4.29;7.27;7.01;2.6.def1
2026-08-28;Wales_CymruPremier;Llandudno;Haverfordwest;61.73;MEDIA;4;2026-08-21;Wales_CymruPremier;Wales_CymruPremier;;PRO: attacco casa positivo | difesa trasferta vulnerabile | trend over recente casa | profilo over interno positivo || CONTRO: ospite poco prolifico: rischio 1-0 / 2-0 | v22 monitora possibile sopravvalutazione weak_ga | trend over trasferta non forte | profilo over esterno debole | BTTS basso: possibile partita a senso unico;6.0;13.0;0.0;3.64;9.09;12.0;4.0;10.0;0.0;4.0;2.6.def1
2026-08-28;Sweden_Division2_VastraGotaland;Boljan;Qviding;61.1;MEDIA-ALTA;20;2026-08-21;Sweden_Division2_VastraGotaland;Sweden_Division2_VastraGotaland;;"PRO: attacco trasferta positivo | difesa trasferta vulnerabile | trend over recente trasferta | profilo over interno positivo | profilo over esterno positivo | alta tendenza BTTS || CONTRO: attacco casa non dominante | v22 monitora possibile sopravvalutazione weak_ga | trend over casa non forte || V26DEF_STRONG_DEFENSE[Rule=AT_LEAST_ONE_STRONG;Threshold=1.20;Penalty=-14.00;HomeGALast5=1.00;AwayGALast5=2.20;BaseScore=75.10;FinalScore=61.10]";0.92;7.22;11.82;4.85;8.82;6.0;10.8;7.5;8.89;8.27;2.6.def1
2026-08-28;Austria_Oberosterreich;Micheldorf;Garsten;61.02;MEDIA;4;2026-08-21;Austria_Oberosterreich;Austria_Oberosterreich;;PRO: attacco trasferta positivo | trend over recente casa | trend over recente trasferta || CONTRO: attacco casa non dominante | profilo over interno debole | profilo over esterno debole | BTTS basso: possibile partita a senso unico;1.6;7.88;9.85;3.64;6.06;8.0;8.0;5.0;5.0;6.0;2.6.def1
2026-08-28;Netherlands_EersteDivisie;Roda;Breda;60.9;MEDIA;3;2026-08-21;Netherlands_EersteDivisie;Netherlands_EersteDivisie;;PRO: difesa trasferta vulnerabile | profilo over interno positivo | profilo over esterno positivo || CONTRO: attacco casa non dominante | ospite poco prolifico: rischio 1-0 / 2-0 | v22 monitora possibile sopravvalutazione weak_ga | trend over casa non forte | trend over trasferta non forte | BTTS basso: possibile partita a senso unico;0.63;5.91;5.91;3.64;6.82;6.0;6.0;10.0;10.0;6.0;2.6.def1
2026-08-28;Germany_Regionalliga_Nordost;Altglienicke;Chemie Leipzig;60.86;MEDIA;7;2026-08-21;Germany_Regionalliga_Nordost;Germany_Regionalliga_Nordost;;PRO: attacco casa positivo | difesa casa vulnerabile | trend over recente casa | profilo over interno positivo | alta tendenza BTTS || CONTRO: ospite poco prolifico: rischio 1-0 / 2-0 | trend over trasferta non forte | profilo over esterno debole;5.29;13.0;1.18;5.82;6.36;12.0;0.0;10.0;0.0;7.2;2.6.def1
2026-08-28;Germany_Oberliga_Bayern_Nord;Aschaffenburg;DJK Bamberg;60.85;MEDIA;8;2026-08-21;Germany_Oberliga_Bayern_Nord;Germany_Oberliga_Bayern_Nord;;PRO: attacco casa positivo | difesa trasferta vulnerabile | trend over recente trasferta | profilo over esterno positivo || CONTRO: ospite poco prolifico: rischio 1-0 / 2-0 | v22 monitora possibile sopravvalutazione weak_ga | trend over casa non forte | profilo over interno debole | BTTS basso: possibile partita a senso unico;2.82;10.34;7.88;3.64;10.0;6.0;8.0;0.0;6.67;5.5;2.6.def1
2026-08-28;Austria_Niederosterreich;Wiener Neustadt;ASK Ybbs;60.61;MEDIA;3;2026-08-21;Austria_Niederosterreich;Austria_Niederosterreich;;PRO: attacco casa positivo | attacco trasferta positivo | difesa casa vulnerabile | trend over recente casa | profilo over interno positivo | alta tendenza BTTS || CONTRO: trend over trasferta non forte | profilo over esterno debole;1.2;11.82;8.86;5.45;2.27;12.0;0.0;10.0;0.0;9.0;2.6.def1
2026-08-28;Iceland_Division_1;Fylkir;Grotta;60.58;MEDIA-ALTA;30;2026-08-21;Iceland_Division_1;Iceland_Division_1;;"PRO: attacco casa positivo | attacco trasferta positivo | difesa trasferta vulnerabile | difesa casa vulnerabile | trend over recente casa | trend over recente trasferta | profilo over esterno positivo | alta tendenza BTTS || CONTRO: v22 monitora possibile sopravvalutazione weak_ga | profilo over interno debole || V26DEF_STRONG_DEFENSE[Rule=AT_LEAST_ONE_STRONG;Threshold=1.20;Penalty=-14.00;HomeGALast5=2.40;AwayGALast5=1.20;BaseScore=74.58;FinalScore=60.58]";1.64;10.48;11.16;6.28;8.33;8.4;8.4;5.83;6.67;7.39;2.6.def1
2026-08-28;Wales_CymruPremier;Penybont;Flint;60.55;MEDIA;4;2026-08-21;Wales_CymruPremier;Wales_CymruPremier;;PRO: attacco casa positivo | difesa trasferta vulnerabile | trend over recente casa | trend over recente trasferta || CONTRO: ospite poco prolifico: rischio 1-0 / 2-0 | v22 monitora possibile sopravvalutazione weak_ga | profilo over interno debole | profilo over esterno debole | BTTS basso: possibile partita a senso unico;4.62;9.85;7.88;1.21;10.0;8.0;8.0;0.0;5.0;6.0;2.6.def1
2026-08-28;Poland_Division1;Skierniewice;S. Rzeszow;60.47;MEDIA;5;2026-08-21;Poland_Division1;Poland_Division1;;PRO: difesa trasferta vulnerabile | difesa casa vulnerabile | trend over recente casa | profilo over interno positivo | alta tendenza BTTS || CONTRO: attacco casa non dominante | ospite poco prolifico: rischio 1-0 / 2-0 | v22 monitora possibile sopravvalutazione weak_ga | trend over trasferta non forte | profilo over esterno debole;0.35;5.91;4.43;7.27;10.0;9.0;6.0;6.67;3.33;7.5;2.6.def1
2026-08-28;Sweden_Division2_SodraSvealand;Farsta;Nacka FC;60.33;MEDIA-ALTA;18;2026-08-21;Sweden_Division2_SodraSvealand;Sweden_Division2_SodraSvealand;;"PRO: attacco casa positivo | difesa trasferta vulnerabile | trend over recente casa | trend over recente trasferta | profilo over interno positivo | profilo over esterno positivo | alta tendenza BTTS || CONTRO: ospite poco prolifico: rischio 1-0 / 2-0 | v22 monitora possibile sopravvalutazione weak_ga || V26DEF_STRONG_DEFENSE[Rule=AT_LEAST_ONE_STRONG;Threshold=1.20;Penalty=-14.00;HomeGALast5=1.00;AwayGALast5=1.80;BaseScore=74.33;FinalScore=60.33]";4.15;12.51;6.57;4.28;9.6;7.2;7.2;7.5;7.78;7.55;2.6.def1
2026-08-28;Austria_Niederosterreich;Korneuburg;Ebreichsdorf;60.21;MEDIA;3;2026-08-21;Austria_Niederosterreich;Austria_Niederosterreich;;PRO: attacco trasferta positivo | difesa trasferta vulnerabile | trend over recente trasferta | profilo over esterno positivo | alta tendenza BTTS || CONTRO: attacco casa non dominante | v22 monitora possibile sopravvalutazione weak_ga | trend over casa non forte | profilo over interno debole;2.8;2.95;13.0;3.64;6.82;0.0;12.0;0.0;10.0;9.0;2.6.def1
2026-08-28;Bolivia_DivisionProfesional;Independiente;Guabira;60.05;MEDIA-ALTA;20;2026-08-21;Bolivia_DivisionProfesional;Bolivia_DivisionProfesional;;"PRO: attacco casa positivo | attacco trasferta positivo | difesa trasferta vulnerabile | trend over recente casa | trend over recente trasferta | profilo over interno positivo | profilo over esterno positivo | alta tendenza BTTS || CONTRO: v22 monitora possibile sopravvalutazione weak_ga || V26DEF_STRONG_DEFENSE[Rule=AT_LEAST_ONE_STRONG;Threshold=1.20;Penalty=-14.00;HomeGALast5=0.80;AwayGALast5=1.20;BaseScore=74.05;FinalScore=60.05]";1.2;8.67;9.85;5.09;9.09;8.4;9.6;6.25;7.5;8.4;2.6.def1
2026-08-28;Hungary_NBI;Debrecen;MTK Budapest;59.91;BASSA;5;2026-08-21;Hungary_NBI;Hungary_NBI;;PRO: attacco trasferta positivo | difesa trasferta vulnerabile | difesa casa vulnerabile | trend over recente trasferta | alta tendenza BTTS || CONTRO: attacco casa non dominante | v22 monitora possibile sopravvalutazione weak_ga | trend over casa non forte | profilo over interno debole | profilo over esterno debole;2.18;5.91;13.0;6.36;7.95;3.0;9.0;0.0;5.0;7.5;2.6.def1
2026-08-28;Wales_CymruPremier;Trefelin;Ammanford;59.85;BASSA;4;2026-08-21;Wales_CymruPremier;Wales_CymruPremier;;PRO: difesa trasferta vulnerabile | difesa casa vulnerabile | trend over recente casa | trend over recente trasferta | profilo over interno positivo || CONTRO: attacco casa non dominante | ospite poco prolifico: rischio 1-0 / 2-0 | v22 monitora possibile sopravvalutazione weak_ga | profilo over esterno debole | BTTS basso: possibile partita a senso unico;1.85;0.0;5.91;8.0;9.09;8.0;8.0;10.0;5.0;4.0;2.6.def1
2026-08-28;Portugal_LigaPortugal;Rio Ave;Sporting;59.43;BASSA;3;2026-08-21;Portugal_LigaPortugal;Portugal_LigaPortugal;;PRO: attacco trasferta positivo | difesa trasferta vulnerabile | difesa casa vulnerabile | trend over recente trasferta | profilo over esterno positivo || CONTRO: attacco casa non dominante | v22 monitora possibile sopravvalutazione weak_ga | trend over casa non forte | profilo over interno debole | BTTS basso: possibile partita a senso unico;3.88;0.0;13.0;5.45;9.09;0.0;12.0;0.0;10.0;6.0;2.6.def1
2026-08-28;Finland_Kolmonen_Southern_Group1;Etelä-Espoon Pallo;EIF/Akademi;59.32;PROX-MEDIA;17;2026-08-21;Finland_Kolmonen_Southern_Group1;Finland_Kolmonen_Southern_Group1;;"PRO: attacco casa positivo | attacco trasferta positivo | trend over recente trasferta | profilo over esterno positivo || CONTRO: trend over casa non forte | profilo over interno debole | BTTS basso: possibile partita a senso unico || V26DEF_STRONG_DEFENSE[Rule=AT_LEAST_ONE_STRONG;Threshold=1.20;Penalty=-14.00;HomeGALast5=0.20;AwayGALast5=0.60;BaseScore=73.32;FinalScore=59.32]";0.55;13.0;13.0;2.91;6.25;6.0;10.8;5.0;8.89;6.93;2.6.def1
2026-08-28;Belarus_PershayaLiga;SKA-1938;Minsk 2;59.3;MEDIA;22;2026-08-21;Belarus_PershayaLiga;Belarus_PershayaLiga;;"PRO: attacco casa positivo | attacco trasferta positivo | difesa trasferta vulnerabile | trend over recente casa | trend over recente trasferta | profilo over interno positivo | profilo over esterno positivo || CONTRO: v22 monitora possibile sopravvalutazione weak_ga | BTTS basso: possibile partita a senso unico || V26DEF_STRONG_DEFENSE[Rule=AT_LEAST_ONE_STRONG;Threshold=1.20;Penalty=-14.00;HomeGALast5=1.60;AwayGALast5=1.00;BaseScore=73.30;FinalScore=59.30]";2.47;12.11;8.57;4.36;8.18;8.4;9.6;6.0;7.0;6.6;2.6.def1
2026-08-28;Austria_2Liga;Kapfenberg;BW Linz;58.94;BASSA;4;2026-08-21;Austria_2Liga;Austria_2Liga;;PRO: attacco trasferta positivo | difesa casa vulnerabile | trend over recente casa | trend over recente trasferta || CONTRO: attacco casa non dominante | profilo over interno debole | profilo over esterno debole | BTTS basso: possibile partita a senso unico;6.0;3.94;13.0;8.0;0.0;8.0;8.0;5.0;5.0;2.0;2.6.def1
2026-08-28;Wales_CymruNorth;Buckley;Guilsfield;58.8;BASSA;3;2026-08-21;Wales_CymruNorth;Wales_CymruNorth;Wales_CymruTier2;PRO: attacco trasferta positivo | difesa trasferta vulnerabile | difesa casa vulnerabile | alta tendenza BTTS || CONTRO: attacco casa non dominante | v22 monitora possibile sopravvalutazione weak_ga | trend over casa non forte | trend over trasferta non forte | profilo over interno debole | profilo over esterno debole;4.8;5.91;11.82;5.45;6.82;6.0;6.0;0.0;0.0;12.0;2.6.def1
2026-08-28;Ukraine_PershaLiga;Kolos Kovalivka 2;SC Poltava;58.57;BASSA;5;2026-08-21;Ukraine_PershaLiga;Ukraine_PershaLiga;;PRO: attacco trasferta positivo | difesa casa vulnerabile | profilo over esterno positivo || CONTRO: attacco casa non dominante | trend over casa non forte | trend over trasferta non forte | profilo over interno debole | BTTS basso: possibile partita a senso unico;4.8;4.43;10.34;6.36;1.14;6.0;6.0;5.0;10.0;4.5;2.6.def1
2026-08-28;Austria_Regionalliga_South;Tillmitsch;Deutschlandsberger;58.27;BASSA;4;2026-08-21;Austria_Regionalliga_South;Austria_Regionalliga_South;;PRO: difesa trasferta vulnerabile | profilo over esterno positivo || CONTRO: attacco casa non dominante | ospite poco prolifico: rischio 1-0 / 2-0 | v22 monitora possibile sopravvalutazione weak_ga | trend over casa non forte | trend over trasferta non forte | profilo over interno debole | BTTS basso: possibile partita a senso unico;2.77;5.91;2.95;3.64;10.0;6.0;6.0;5.0;10.0;6.0;2.6.def1
2026-08-28;Germany_Oberliga_Bremen;OSC Bremerhaven;Leher;58.07;BASSA;3;2026-08-21;Germany_Oberliga_Bremen;Germany_Oberliga_Bremen;;PRO: attacco casa positivo | difesa trasferta vulnerabile | difesa casa vulnerabile | trend over recente casa | profilo over interno positivo || CONTRO: ospite poco prolifico: rischio 1-0 / 2-0 | v22 monitora possibile sopravvalutazione weak_ga | trend over trasferta non forte | profilo over esterno debole | BTTS basso: possibile partita a senso unico;4.8;13.0;0.0;5.45;6.82;12.0;0.0;10.0;0.0;6.0;2.6.def1
2026-08-28;Germany_Oberliga_Bayern_Sud;Hankofen-Hailing;Geretsried;58.04;MEDIA;7;2026-08-21;Germany_Oberliga_Bayern_Sud;Germany_Oberliga_Bayern_Sud;;"PRO: attacco casa positivo | attacco trasferta positivo | difesa trasferta vulnerabile | trend over recente casa | trend over recente trasferta | profilo over interno positivo | profilo over esterno positivo | alta tendenza BTTS || CONTRO: v22 monitora possibile sopravvalutazione weak_ga || V26DEF_STRONG_DEFENSE[Rule=AT_LEAST_ONE_STRONG;Threshold=1.20;Penalty=-14.00;HomeGALast5=0.80;AwayGALast5=1.60;BaseScore=72.04;FinalScore=58.04]";2.47;11.82;8.86;2.91;9.85;7.2;8.0;6.67;6.67;7.6;2.6.def1
2026-08-28;Sweden_Division2_SodraGotaland;Torns;IFK Trelleborg;57.92;MEDIA;22;2026-08-21;Sweden_Division2_SodraGotaland;Sweden_Division2_SodraGotaland;;"PRO: attacco casa positivo | attacco trasferta positivo | difesa casa vulnerabile | trend over recente casa | trend over recente trasferta | profilo over interno positivo | alta tendenza BTTS || CONTRO: profilo over esterno debole || V26DEF_STRONG_DEFENSE[Rule=AT_LEAST_ONE_STRONG;Threshold=1.20;Penalty=-14.00;HomeGALast5=3.20;AwayGALast5=1.00;BaseScore=71.92;FinalScore=57.92]";3.23;8.69;11.12;8.0;4.01;9.6;7.2;7.5;4.44;8.12;2.6.def1
2026-08-28;Mexico_LigaExpansionMX_Apertura;Cancun;Atletico La Paz;57.51;BASSA;5;2026-08-21;Mexico_LigaExpansionMX_Apertura;Mexico_LigaExpansionMX_Apertura;;PRO: attacco trasferta positivo | difesa casa vulnerabile | profilo over esterno positivo || CONTRO: attacco casa non dominante | trend over casa non forte | trend over trasferta non forte | profilo over interno debole | BTTS basso: possibile partita a senso unico;2.14;5.91;13.0;7.27;5.68;4.0;6.0;0.0;10.0;3.5;2.6.def1
2026-08-28;Germany_Oberliga_Bayern_Nord;Fortuna Regensburg;Bayern Hof;57.19;MEDIA;8;2026-08-21;Germany_Oberliga_Bayern_Nord;Germany_Oberliga_Bayern_Nord;;"PRO: attacco casa positivo | attacco trasferta positivo | difesa casa vulnerabile | trend over recente casa | profilo over interno positivo | profilo over esterno positivo | alta tendenza BTTS || CONTRO: trend over trasferta non forte || V26DEF_STRONG_DEFENSE[Rule=AT_LEAST_ONE_STRONG;Threshold=1.20;Penalty=-14.00;HomeGALast5=1.60;AwayGALast5=1.00;BaseScore=71.19;FinalScore=57.19]";0.71;12.8;10.83;5.45;6.06;8.0;6.0;6.67;6.67;8.0;2.6.def1
2026-08-28;Germany_Oberliga_NOFV_Nord;Schwerin;TB Berlin;57.15;BASSA;3;2026-08-21;Germany_Oberliga_NOFV_Nord;Germany_Oberliga_NOFV_Nord;;PRO: attacco casa positivo | profilo over interno positivo | alta tendenza BTTS || CONTRO: ospite poco prolifico: rischio 1-0 / 2-0 | trend over casa non forte | trend over trasferta non forte | profilo over esterno debole;3.2;8.86;5.91;3.64;4.55;6.0;6.0;10.0;0.0;9.0;2.6.def1
2026-08-28;Iceland_Division_1;Throttur;Aegir;56.96;MEDIA;30;2026-08-21;Iceland_Division_1;Iceland_Division_1;;"PRO: attacco casa positivo | difesa trasferta vulnerabile | trend over recente trasferta | profilo over esterno positivo | alta tendenza BTTS || CONTRO: ospite poco prolifico: rischio 1-0 / 2-0 | v22 monitora possibile sopravvalutazione weak_ga | trend over casa non forte | profilo over interno debole || V26DEF_STRONG_DEFENSE[Rule=AT_LEAST_ONE_STRONG;Threshold=1.20;Penalty=-14.00;HomeGALast5=1.20;AwayGALast5=3.60;BaseScore=70.96;FinalScore=56.96]";5.45;13.0;6.5;3.83;10.0;6.0;7.2;4.0;7.27;7.71;2.6.def1
2026-08-28;Sweden_Division2_NorraSvealand;Taby;IK Franke;56.9;MEDIA;19;2026-08-21;Sweden_Division2_NorraSvealand;Sweden_Division2_NorraSvealand;;"PRO: attacco casa positivo | attacco trasferta positivo | difesa trasferta vulnerabile | trend over recente casa | trend over recente trasferta | profilo over interno positivo | profilo over esterno positivo | alta tendenza BTTS || CONTRO: v22 monitora possibile sopravvalutazione weak_ga || V26DEF_STRONG_DEFENSE[Rule=AT_LEAST_ONE_STRONG;Threshold=1.20;Penalty=-14.00;HomeGALast5=1.00;AwayGALast5=1.60;BaseScore=70.90;FinalScore=56.90]";1.38;10.78;10.43;3.64;7.22;7.2;8.4;6.67;7.78;7.41;2.6.def1
2026-08-28;Iceland_1DeildWomen;Haukar;KR Reykjavik;56.83;PROX-MEDIA;18;2026-08-21;Iceland_1DeildWomen;Iceland_1DeildWomen;;"PRO: attacco casa positivo | attacco trasferta positivo | difesa casa vulnerabile | trend over recente trasferta | profilo over esterno positivo || CONTRO: trend over casa non forte | profilo over interno debole | BTTS basso: possibile partita a senso unico || V26DEF_STRONG_DEFENSE[Rule=AT_LEAST_ONE_STRONG;Threshold=1.20;Penalty=-14.00;HomeGALast5=1.00;AwayGALast5=1.40;BaseScore=70.83;FinalScore=56.83]";0.67;10.24;13.0;6.3;5.84;6.0;9.6;5.0;7.14;7.03;2.6.def1
2026-08-28;Germany_Oberliga_Bayern_Sud;Landshut;Heimstetten;56.74;MEDIA;7;2026-08-21;Germany_Oberliga_Bayern_Sud;Germany_Oberliga_Bayern_Sud;;"PRO: attacco casa positivo | attacco trasferta positivo | trend over recente trasferta | profilo over esterno positivo | alta tendenza BTTS || CONTRO: trend over casa non forte | profilo over interno debole || V26DEF_STRONG_DEFENSE[Rule=AT_LEAST_ONE_STRONG;Threshold=1.20;Penalty=-14.00;HomeGALast5=1.20;AwayGALast5=1.40;BaseScore=70.74;FinalScore=56.74]";3.53;11.82;9.45;4.24;6.36;6.0;7.2;3.33;10.0;8.8;2.6.def1
2026-08-28;France_Ligue2;Nancy;Dunkerque;56.7;BASSA;3;2026-08-21;France_Ligue2;France_Ligue2;;PRO: attacco trasferta positivo | difesa trasferta vulnerabile | trend over recente trasferta | profilo over esterno positivo || CONTRO: attacco casa non dominante | v22 monitora possibile sopravvalutazione weak_ga | trend over casa non forte | profilo over interno debole | BTTS basso: possibile partita a senso unico;3.88;0.0;13.0;1.82;10.0;0.0;12.0;0.0;10.0;6.0;2.6.def1
2026-08-28;Poland_Division1;Odra Opole;LKS Lodz;56.54;BASSA;5;2026-08-21;Poland_Division1;Poland_Division1;;PRO: attacco trasferta positivo | trend over recente trasferta | alta tendenza BTTS || CONTRO: attacco casa non dominante | trend over casa non forte | profilo over interno debole | profilo over esterno debole;1.06;7.39;8.86;4.55;5.68;6.0;9.0;5.0;0.0;9.0;2.6.def1
2026-08-28;Germany_Regionalliga_Bayern;Ansbach;Schwaben Augsburg;56.53;BASSA;6;2026-08-21;Germany_Regionalliga_Bayern;Germany_Regionalliga_Bayern;;PRO: difesa casa vulnerabile | trend over recente casa | profilo over interno positivo || CONTRO: attacco casa non dominante | ospite poco prolifico: rischio 1-0 / 2-0 | trend over trasferta non forte | profilo over esterno debole | BTTS basso: possibile partita a senso unico;2.47;1.97;5.91;8.0;5.68;8.0;3.0;10.0;5.0;6.5;2.6.def1
2026-08-28;Kazakhstan_FirstLeague;Taraz;Tobol 2;56.17;MEDIA;29;2026-08-21;Kazakhstan_FirstLeague;Kazakhstan_FirstLeague;;"PRO: attacco trasferta positivo | difesa trasferta vulnerabile | trend over recente trasferta | profilo over interno positivo | profilo over esterno positivo || CONTRO: attacco casa non dominante | v22 monitora possibile sopravvalutazione weak_ga | trend over casa non forte | BTTS basso: possibile partita a senso unico || V26DEF_STRONG_DEFENSE[Rule=AT_LEAST_ONE_STRONG;Threshold=1.20;Penalty=-14.00;HomeGALast5=0.80;AwayGALast5=2.20;BaseScore=70.17;FinalScore=56.17]";2.77;7.46;9.64;4.59;10.0;3.6;9.6;6.67;8.89;6.95;2.6.def1
2026-08-28;FaroeIslands_PremierLeague;Vikingur;HB Torshavn;56.14;PROX-MEDIA;24;2026-08-21;FaroeIslands_PremierLeague;FaroeIslands_PremierLeague;;"PRO: attacco casa positivo | attacco trasferta positivo | trend over recente casa | trend over recente trasferta | profilo over interno positivo | profilo over esterno positivo || CONTRO: BTTS basso: possibile partita a senso unico || V26DEF_STRONG_DEFENSE[Rule=AT_LEAST_ONE_STRONG;Threshold=1.20;Penalty=-14.00;HomeGALast5=1.40;AwayGALast5=0.60;BaseScore=70.14;FinalScore=56.14]";1.33;9.02;11.16;3.83;5.3;9.6;7.2;7.78;7.78;7.14;2.6.def1
2026-08-28;Germany_Oberliga_NOFV_Nord;Rathenow;Neustrelitz;56.02;BASSA;3;2026-08-21;Germany_Oberliga_NOFV_Nord;Germany_Oberliga_NOFV_Nord;;PRO: attacco trasferta positivo | difesa trasferta vulnerabile | trend over recente trasferta | profilo over esterno positivo || CONTRO: attacco casa non dominante | v22 monitora possibile sopravvalutazione weak_ga | trend over casa non forte | profilo over interno debole | BTTS basso: possibile partita a senso unico;3.2;0.0;13.0;1.82;10.0;0.0;12.0;0.0;10.0;6.0;2.6.def1
2026-08-28;Germany_Oberliga_Hamburg;Wandsbeker Concordia;Altona;55.97;BASSA;4;2026-08-21;Germany_Oberliga_Hamburg;Germany_Oberliga_Hamburg;;PRO: difesa trasferta vulnerabile | difesa casa vulnerabile | trend over recente trasferta | profilo over esterno positivo || CONTRO: attacco casa non dominante | ospite poco prolifico: rischio 1-0 / 2-0 | v22 monitora possibile sopravvalutazione weak_ga | trend over casa non forte | profilo over interno debole | BTTS basso: possibile partita a senso unico;1.06;1.97;3.94;8.0;10.0;4.0;8.0;5.0;10.0;4.0;2.6.def1
2026-08-28;Sweden_Division2_NorraGotaland;Stenungsunds;Herrestads AIF;55.66;PROX-MEDIA;20;2026-08-21;Sweden_Division2_NorraGotaland;Sweden_Division2_NorraGotaland;;"PRO: attacco casa positivo | attacco trasferta positivo | difesa trasferta vulnerabile | trend over recente casa | trend over recente trasferta | profilo over esterno positivo || CONTRO: v22 monitora possibile sopravvalutazione weak_ga | profilo over interno debole | BTTS basso: possibile partita a senso unico || V26DEF_STRONG_DEFENSE[Rule=AT_LEAST_ONE_STRONG;Threshold=1.20;Penalty=-14.00;HomeGALast5=0.80;AwayGALast5=2.00;BaseScore=69.66;FinalScore=55.66]";0.46;11.16;9.95;4.85;8.61;8.4;7.2;5.56;6.36;7.11;2.6.def1
2026-08-28;Poland_Division2;R. Rzeszow;Sandecja;55.63;BASSA;5;2026-08-21;Poland_Division2;Poland_Division2;;PRO: difesa casa vulnerabile | profilo over interno positivo || CONTRO: attacco casa non dominante | ospite poco prolifico: rischio 1-0 / 2-0 | trend over casa non forte | trend over trasferta non forte | profilo over esterno debole | BTTS basso: possibile partita a senso unico;3.88;4.43;5.91;8.0;3.41;6.0;6.0;10.0;5.0;3.0;2.6.def1
2026-08-28;Poland_Division1;Grodzisk M.;Termalica B-B.;55.14;BASSA;5;2026-08-21;Poland_Division1;Poland_Division1;;PRO: attacco casa positivo | attacco trasferta positivo | trend over recente trasferta | profilo over esterno positivo || CONTRO: trend over casa non forte | profilo over interno debole | BTTS basso: possibile partita a senso unico;2.82;8.86;8.86;0.91;5.68;3.0;9.0;0.0;10.0;6.0;2.6.def1
2026-08-28;Austria_Burgenland;Klingenbach;Pama;54.83;BASSA;3;2026-08-21;Austria_Burgenland;Austria_Burgenland;;PRO: attacco casa positivo | difesa trasferta vulnerabile | profilo over interno positivo || CONTRO: ospite poco prolifico: rischio 1-0 / 2-0 | v22 monitora possibile sopravvalutazione weak_ga | trend over casa non forte | trend over trasferta non forte | profilo over esterno debole | BTTS basso: possibile partita a senso unico;1.6;8.86;5.91;3.64;6.82;6.0;6.0;10.0;0.0;6.0;2.6.def1
2026-08-28;Austria_Regionalliga_East;Warth;Wiener;54.58;BASSA;4;2026-08-21;Austria_Regionalliga_East;Austria_Regionalliga_East;;PRO: attacco casa positivo | attacco trasferta positivo | trend over recente casa || CONTRO: trend over trasferta non forte | profilo over interno debole | profilo over esterno debole | BTTS basso: possibile partita a senso unico;0.4;11.82;13.0;4.85;1.52;8.0;4.0;5.0;0.0;6.0;2.6.def1
2026-08-28;Turkey_1Lig;Antalyaspor;Sariyer;54.22;BASSA;3;2026-08-21;Turkey_1Lig;Turkey_1Lig;;PRO: attacco casa positivo | attacco trasferta positivo | difesa casa vulnerabile | profilo over interno positivo || CONTRO: trend over casa non forte | trend over trasferta non forte | profilo over esterno debole | BTTS basso: possibile partita a senso unico;1.26;11.82;8.86;8.0;2.27;6.0;0.0;10.0;0.0;6.0;2.6.def1
2026-08-28;Russia_PremierLeague;Akron Togliatti;CSKA Mosca;54.09;BASSA;5;2026-08-21;Russia_PremierLeague;Russia_PremierLeague;;PRO: difesa casa vulnerabile | trend over recente casa | profilo over interno positivo || CONTRO: attacco casa non dominante | ospite poco prolifico: rischio 1-0 / 2-0 | trend over trasferta non forte | profilo over esterno debole | BTTS basso: possibile partita a senso unico;4.0;5.91;5.91;8.0;2.27;9.0;3.0;10.0;0.0;6.0;2.6.def1
2026-08-28;Germany_Regionalliga_West;Rodinghausen;Siegen;53.88;BASSA;4;2026-08-21;Germany_Regionalliga_West;Germany_Regionalliga_West;;PRO: difesa trasferta vulnerabile | alta tendenza BTTS || CONTRO: attacco casa non dominante | ospite poco prolifico: rischio 1-0 / 2-0 | v22 monitora possibile sopravvalutazione weak_ga | trend over casa non forte | trend over trasferta non forte | profilo over interno debole | profilo over esterno debole;2.12;5.91;5.91;4.85;9.09;4.0;4.0;5.0;5.0;8.0;2.6.def1
2026-08-28;Austria_2Liga;Hertha Wels;Admira;53.5;BASSA;4;2026-08-21;Austria_2Liga;Austria_2Liga;;PRO: difesa trasferta vulnerabile | difesa casa vulnerabile | trend over recente casa || CONTRO: attacco casa non dominante | ospite poco prolifico: rischio 1-0 / 2-0 | v22 monitora possibile sopravvalutazione weak_ga | trend over trasferta non forte | profilo over interno debole | profilo over esterno debole | BTTS basso: possibile partita a senso unico;0.8;7.88;1.97;7.27;7.58;8.0;4.0;5.0;5.0;6.0;2.6.def1
2026-08-28;Switzerland_ChallengeLeague;Winterthur;Lausanne Ouchy;52.55;BASSA;4;2026-08-21;Switzerland_ChallengeLeague;Switzerland_ChallengeLeague;;PRO: attacco casa positivo | attacco trasferta positivo | trend over recente casa | profilo over interno positivo || CONTRO: trend over trasferta non forte | profilo over esterno debole | BTTS basso: possibile partita a senso unico;1.33;13.0;9.85;4.85;1.52;8.0;0.0;10.0;0.0;4.0;2.6.def1
2026-08-28;Germany_2Bundesliga;Bochum;Osnabruck;52.52;BASSA;3;2026-08-21;Germany_2Bundesliga;Germany_2Bundesliga;;PRO: attacco trasferta positivo | difesa trasferta vulnerabile | trend over recente trasferta | profilo over esterno positivo || CONTRO: attacco casa non dominante | v22 monitora possibile sopravvalutazione weak_ga | trend over casa non forte | profilo over interno debole | BTTS basso: possibile partita a senso unico;3.88;2.95;8.86;1.82;10.0;0.0;12.0;0.0;10.0;3.0;2.6.def1
2026-08-28;Switzerland_ChallengeLeague;Kriens;Nyonnais;51.97;BASSA;4;2026-08-21;Switzerland_ChallengeLeague;Switzerland_ChallengeLeague;;PRO: difesa trasferta vulnerabile | difesa casa vulnerabile | trend over recente trasferta || CONTRO: attacco casa non dominante | ospite poco prolifico: rischio 1-0 / 2-0 | v22 monitora possibile sopravvalutazione weak_ga | trend over casa non forte | profilo over interno debole | profilo over esterno debole | BTTS basso: possibile partita a senso unico;2.0;7.88;3.94;6.06;9.09;4.0;8.0;0.0;5.0;6.0;2.6.def1
2026-08-28;Finland_Ykkosliiga;KTP;Haka;51.91;PROX-MEDIA;23;2026-08-21;Finland_Ykkosliiga;Finland_Ykkosliiga;;"PRO: attacco casa positivo | attacco trasferta positivo | trend over recente casa | trend over recente trasferta | profilo over interno positivo || CONTRO: profilo over esterno debole | BTTS basso: possibile partita a senso unico || V26DEF_STRONG_DEFENSE[Rule=AT_LEAST_ONE_STRONG;Threshold=1.20;Penalty=-14.00;HomeGALast5=1.20;AwayGALast5=1.00;BaseScore=65.91;FinalScore=51.91]";0.67;10.26;12.17;3.83;4.81;7.2;9.6;6.0;5.0;6.37;2.6.def1
2026-08-28;Germany_Oberliga_Bayern_Nord;Gebenbach;Neumarkt;51.6;MEDIA;8;2026-08-21;Germany_Oberliga_Bayern_Nord;Germany_Oberliga_Bayern_Nord;;"PRO: attacco casa positivo | difesa trasferta vulnerabile | profilo over interno positivo || CONTRO: ospite poco prolifico: rischio 1-0 / 2-0 | v22 monitora possibile sopravvalutazione weak_ga | trend over casa non forte | trend over trasferta non forte | profilo over esterno debole | BTTS basso: possibile partita a senso unico || V26DEF_STRONG_DEFENSE[Rule=AT_LEAST_ONE_STRONG;Threshold=1.20;Penalty=-14.00;HomeGALast5=0.80;AwayGALast5=2.00;BaseScore=65.60;FinalScore=51.60]";4.94;10.83;5.91;2.42;9.09;6.0;4.8;10.0;5.0;6.6;2.6.def1
2026-08-28;Kazakhstan_FirstLeague;Aktobe 2;Jaiyq;51.55;MEDIA;29;2026-08-21;Kazakhstan_FirstLeague;Kazakhstan_FirstLeague;;"PRO: attacco casa positivo | difesa casa vulnerabile | trend over recente casa | profilo over interno positivo || CONTRO: ospite poco prolifico: rischio 1-0 / 2-0 | trend over trasferta non forte | profilo over esterno debole | BTTS basso: possibile partita a senso unico || V26DEF_STRONG_DEFENSE[Rule=AT_LEAST_ONE_STRONG;Threshold=1.20;Penalty=-14.00;HomeGALast5=4.00;AwayGALast5=1.20;BaseScore=65.55;FinalScore=51.55]";2.31;10.57;5.91;8.0;5.81;9.6;4.8;7.78;5.0;5.77;2.6.def1
2026-08-28;Lithuania_ILyga;Siauliai 2;FK Minija;51.47;MEDIA;22;2026-08-21;Lithuania_ILyga;Lithuania_ILyga;;"PRO: attacco trasferta positivo | difesa casa vulnerabile | trend over recente casa | profilo over interno positivo || CONTRO: attacco casa non dominante | trend over trasferta non forte | profilo over esterno debole | BTTS basso: possibile partita a senso unico || V26DEF_STRONG_DEFENSE[Rule=AT_LEAST_ONE_STRONG;Threshold=1.20;Penalty=-14.00;HomeGALast5=2.00;AwayGALast5=0.40;BaseScore=65.47;FinalScore=51.47]";6.0;5.32;13.0;8.0;2.5;7.2;6.0;6.0;5.45;6.0;2.6.def1
2026-08-28;Bulgaria_ParvaLiga;CSKA 1948 Sofia;Lok. Plovdiv;51.27;MEDIA;6;2026-08-21;Bulgaria_ParvaLiga;Bulgaria_ParvaLiga;;"PRO: attacco casa positivo | trend over recente casa | profilo over interno positivo | alta tendenza BTTS || CONTRO: ospite poco prolifico: rischio 1-0 / 2-0 | trend over trasferta non forte | profilo over esterno debole || V26DEF_STRONG_DEFENSE[Rule=AT_LEAST_ONE_STRONG;Threshold=1.20;Penalty=-14.00;HomeGALast5=1.20;AwayGALast5=1.40;BaseScore=65.27;FinalScore=51.27]";2.8;13.0;3.55;4.36;6.36;12.0;4.8;10.0;0.0;8.4;2.6.def1
2026-08-28;Wales_CymruPremier;Cardiff Metropolitan;Briton Ferry;51.26;BASSA;4;2026-08-21;Wales_CymruPremier;Wales_CymruPremier;;PRO: attacco casa positivo | profilo over interno positivo || CONTRO: ospite poco prolifico: rischio 1-0 / 2-0 | trend over casa non forte | trend over trasferta non forte | profilo over esterno debole | BTTS basso: possibile partita a senso unico;1.38;13.0;5.91;2.42;4.55;4.0;4.0;10.0;0.0;6.0;2.6.def1
2026-08-28;CzechRepublic_ChNL;Dukla Praga;Jihlava;51.26;BASSA;5;2026-08-21;CzechRepublic_ChNL;CzechRepublic_ChNL;;PRO: attacco casa positivo | attacco trasferta positivo || CONTRO: trend over casa non forte | trend over trasferta non forte | profilo over interno debole | profilo over esterno debole | BTTS basso: possibile partita a senso unico;0.4;10.34;8.86;4.55;2.27;6.0;6.0;3.33;5.0;4.5;2.6.def1
2026-08-28;Germany_2Bundesliga;Braunschweig;Hertha;50.97;BASSA;3;2026-08-21;Germany_2Bundesliga;Germany_2Bundesliga;;PRO: attacco casa positivo | attacco trasferta positivo || CONTRO: trend over casa non forte | trend over trasferta non forte | profilo over interno debole | profilo over esterno debole | BTTS basso: possibile partita a senso unico;1.06;13.0;13.0;3.64;2.27;6.0;6.0;0.0;0.0;6.0;2.6.def1
2026-08-28;Austria_Niederosterreich;Admira (Am);St. Polten (Am);50.74;BASSA;3;2026-08-21;Austria_Niederosterreich;Austria_Niederosterreich;;PRO: difesa trasferta vulnerabile | difesa casa vulnerabile | profilo over interno positivo || CONTRO: attacco casa non dominante | ospite poco prolifico: rischio 1-0 / 2-0 | v22 monitora possibile sopravvalutazione weak_ga | trend over casa non forte | trend over trasferta non forte | profilo over esterno debole | BTTS basso: possibile partita a senso unico;1.6;2.95;5.91;5.45;6.82;6.0;6.0;10.0;0.0;6.0;2.6.def1
2026-08-28;Wales_CymruNorth;Porthmadog;Caersws;50.48;BASSA;3;2026-08-21;Wales_CymruNorth;Wales_CymruNorth;Wales_CymruTier2;PRO: attacco trasferta positivo | difesa trasferta vulnerabile | profilo over esterno positivo || CONTRO: attacco casa non dominante | v22 monitora possibile sopravvalutazione weak_ga | trend over casa non forte | trend over trasferta non forte | profilo over interno debole | BTTS basso: possibile partita a senso unico;2.8;5.91;8.86;1.82;9.09;0.0;6.0;0.0;10.0;6.0;2.6.def1
2026-08-28;Lithuania_ILyga;Tauras;BFA Vilnius;50.28;MEDIA;22;2026-08-21;Lithuania_ILyga;Lithuania_ILyga;;"PRO: attacco casa positivo | attacco trasferta positivo | difesa trasferta vulnerabile | trend over recente trasferta | profilo over interno positivo | profilo over esterno positivo || CONTRO: v22 monitora possibile sopravvalutazione weak_ga | trend over casa non forte | BTTS basso: possibile partita a senso unico || V26DEF_STRONG_DEFENSE[Rule=AT_LEAST_ONE_STRONG;Threshold=1.20;Penalty=-14.00;HomeGALast5=1.20;AwayGALast5=1.00;BaseScore=64.28;FinalScore=50.28]";2.0;10.64;8.71;4.0;6.94;6.0;7.2;6.0;6.67;6.13;2.6.def1
2026-08-28;Germany_Regionalliga_Bayern;Schweinfurt;Furth 2;50.07;BASSA;6;2026-08-21;Germany_Regionalliga_Bayern;Germany_Regionalliga_Bayern;;PRO: attacco casa positivo | difesa casa vulnerabile | trend over recente casa | profilo over interno positivo || CONTRO: ospite poco prolifico: rischio 1-0 / 2-0 | trend over trasferta non forte | profilo over esterno debole | BTTS basso: possibile partita a senso unico;0.71;8.86;2.95;8.0;4.55;9.0;0.0;10.0;0.0;6.0;2.6.def1
2026-08-28;Portugal_LigaPortugal2;Leiria;Tondela;50.04;BASSA;3;2026-08-21;Portugal_LigaPortugal2;Portugal_LigaPortugal2;;PRO: difesa casa vulnerabile | profilo over interno positivo || CONTRO: attacco casa non dominante | ospite poco prolifico: rischio 1-0 / 2-0 | trend over casa non forte | trend over trasferta non forte | profilo over esterno debole | BTTS basso: possibile partita a senso unico;3.18;2.95;5.91;5.45;4.55;6.0;6.0;10.0;0.0;6.0;2.6.def1
2026-08-28;Poland_IIILiga_Group4;Biala Podlaska;Kolbuszowa Dolna;49.73;BASSA;4;2026-08-21;Poland_IIILiga_Group4;Poland_IIILiga_Group4;;PRO: attacco casa positivo | difesa trasferta vulnerabile | alta tendenza BTTS || CONTRO: ospite poco prolifico: rischio 1-0 / 2-0 | v22 monitora possibile sopravvalutazione weak_ga | trend over casa non forte | trend over trasferta non forte | profilo over interno debole | profilo over esterno debole;4.94;9.85;3.94;2.42;7.58;4.0;4.0;5.0;0.0;8.0;2.6.def1
2026-08-28;Austria_Regionalliga_East;Kremser;Horn;49.48;BASSA;4;2026-08-21;Austria_Regionalliga_East;Austria_Regionalliga_East;;PRO: difesa casa vulnerabile | trend over recente trasferta | alta tendenza BTTS || CONTRO: attacco casa non dominante | ospite poco prolifico: rischio 1-0 / 2-0 | trend over casa non forte | profilo over interno debole | profilo over esterno debole;1.6;5.91;7.88;6.06;3.03;4.0;8.0;0.0;5.0;8.0;2.6.def1
2026-08-28;Austria_Burgenland;Neusiedl;Neudorf/Parndorf;49.27;BASSA;3;2026-08-21;Austria_Burgenland;Austria_Burgenland;;PRO: attacco casa positivo | difesa trasferta vulnerabile || CONTRO: ospite poco prolifico: rischio 1-0 / 2-0 | v22 monitora possibile sopravvalutazione weak_ga | trend over casa non forte | trend over trasferta non forte | profilo over interno debole | profilo over esterno debole | BTTS basso: possibile partita a senso unico;4.0;11.82;0.0;3.64;6.82;6.0;6.0;0.0;5.0;6.0;2.6.def1
2026-08-28;Sweden_Division2_VastraGotaland;Kongahalla;Galtabacks BK;48.65;PROX-MEDIA;20;2026-08-21;Sweden_Division2_VastraGotaland;Sweden_Division2_VastraGotaland;;"PRO: difesa trasferta vulnerabile | difesa casa vulnerabile | trend over recente casa | profilo over esterno positivo | alta tendenza BTTS || CONTRO: attacco casa non dominante | ospite poco prolifico: rischio 1-0 / 2-0 | v22 monitora possibile sopravvalutazione weak_ga | trend over trasferta non forte | profilo over interno debole || V26DEF_STRONG_DEFENSE[Rule=AT_LEAST_ONE_STRONG;Threshold=1.20;Penalty=-14.00;HomeGALast5=1.60;AwayGALast5=1.00;BaseScore=62.65;FinalScore=48.65]";0.46;6.6;7.22;6.63;7.58;9.6;4.8;5.56;6.67;7.53;2.6.def1
2026-08-28;Montenegro_PrvaCrnogorskaLiga;Sutjeska;Mladost DG;48.36;BASSA;4;2026-08-21;Montenegro_PrvaCrnogorskaLiga;Montenegro_PrvaCrnogorskaLiga;;PRO: difesa trasferta vulnerabile | difesa casa vulnerabile | trend over recente trasferta || CONTRO: attacco casa non dominante | ospite poco prolifico: rischio 1-0 / 2-0 | v22 monitora possibile sopravvalutazione weak_ga | trend over casa non forte | profilo over interno debole | profilo over esterno debole | BTTS basso: possibile partita a senso unico;0.67;1.97;7.88;7.27;7.58;4.0;8.0;5.0;0.0;6.0;2.6.def1
2026-08-28;Russia_FNL;Neftekhimik;Ufa;47.51;BASSA;8;2026-08-21;Russia_FNL;Russia_FNL;;PRO: difesa casa vulnerabile | profilo over esterno positivo || CONTRO: attacco casa non dominante | ospite poco prolifico: rischio 1-0 / 2-0 | trend over casa non forte | trend over trasferta non forte | profilo over interno debole | BTTS basso: possibile partita a senso unico;1.41;3.38;7.88;6.23;5.3;3.43;6.0;2.5;6.67;4.71;2.6.def1
2026-08-28;SriLanka_SuperLeague;UP Country Lions;Blue Eagles;46.82;MEDIA;6;2026-08-21;SriLanka_SuperLeague;SriLanka_SuperLeague;;"PRO: attacco casa positivo | trend over recente casa | profilo over interno positivo || CONTRO: ospite poco prolifico: rischio 1-0 / 2-0 | trend over trasferta non forte | profilo over esterno debole | BTTS basso: possibile partita a senso unico || V26DEF_STRONG_DEFENSE[Rule=AT_LEAST_ONE_STRONG;Threshold=1.20;Penalty=-14.00;HomeGALast5=0.60;AwayGALast5=1.00;BaseScore=60.82;FinalScore=46.82]";2.67;13.0;7.09;2.18;4.55;9.6;2.4;10.0;3.33;6.0;2.6.def1
2026-08-28;Mexico_LigaExpansionMX_Apertura;Alebrijes Oaxaca;Tapatio;46.81;BASSA;5;2026-08-21;Mexico_LigaExpansionMX_Apertura;Mexico_LigaExpansionMX_Apertura;;PRO: attacco trasferta positivo | profilo over esterno positivo || CONTRO: attacco casa non dominante | trend over casa non forte | trend over trasferta non forte | profilo over interno debole | BTTS basso: possibile partita a senso unico;1.29;4.43;8.86;4.55;5.68;3.0;6.0;0.0;10.0;3.0;2.6.def1
2026-08-28;Germany_Oberliga_Bayern_Nord;Stadeln;Kornburg;46.67;MEDIA;8;2026-08-21;Germany_Oberliga_Bayern_Nord;Germany_Oberliga_Bayern_Nord;;"PRO: attacco casa positivo | attacco trasferta positivo | difesa casa vulnerabile | profilo over interno positivo | profilo over esterno positivo || CONTRO: trend over casa non forte | trend over trasferta non forte | BTTS basso: possibile partita a senso unico || V26DEF_STRONG_DEFENSE[Rule=AT_LEAST_ONE_STRONG;Threshold=1.20;Penalty=-14.00;HomeGALast5=1.00;AwayGALast5=0.60;BaseScore=60.67;FinalScore=46.67]";1.41;8.86;11.82;5.45;3.79;6.0;4.0;6.67;6.67;6.0;2.6.def1
2026-08-28;Germany_Regionalliga_Nordost;Chemnitzer;Jena;46.56;MEDIA;7;2026-08-21;Germany_Regionalliga_Nordost;Germany_Regionalliga_Nordost;;"PRO: attacco casa positivo | attacco trasferta positivo | trend over recente casa | trend over recente trasferta | profilo over interno positivo || CONTRO: profilo over esterno debole | BTTS basso: possibile partita a senso unico || V26DEF_STRONG_DEFENSE[Rule=AT_LEAST_ONE_STRONG;Threshold=1.20;Penalty=-14.00;HomeGALast5=0.40;AwayGALast5=0.80;BaseScore=60.56;FinalScore=46.56]";1.41;13.0;9.45;1.45;3.64;9.6;7.2;10.0;0.0;4.8;2.6.def1
2026-08-28;Belarus_VysshayaLiga;Vitebsk;Naftan;46.51;MEDIA;21;2026-08-21;Belarus_VysshayaLiga;Belarus_VysshayaLiga;;"PRO: difesa trasferta vulnerabile | trend over recente trasferta | profilo over esterno positivo || CONTRO: attacco casa non dominante | ospite poco prolifico: rischio 1-0 / 2-0 | v22 monitora possibile sopravvalutazione weak_ga | trend over casa non forte | profilo over interno debole | BTTS basso: possibile partita a senso unico || V26DEF_STRONG_DEFENSE[Rule=AT_LEAST_ONE_STRONG;Threshold=1.20;Penalty=-14.00;HomeGALast5=0.20;AwayGALast5=3.00;BaseScore=60.51;FinalScore=46.51]";3.6;5.91;5.56;3.43;10.0;6.0;9.6;2.5;8.75;5.16;2.6.def1
2026-08-28;NorthernIreland_NIFLChampionship;Moyola;Armagh;46.14;BASSA;4;2026-08-21;NorthernIreland_NIFLChampionship;NorthernIreland_NIFLChampionship;;PRO: attacco casa positivo | difesa casa vulnerabile | trend over recente casa || CONTRO: ospite poco prolifico: rischio 1-0 / 2-0 | trend over trasferta non forte | profilo over interno debole | profilo over esterno debole | BTTS basso: possibile partita a senso unico;3.2;9.85;1.97;6.06;6.06;8.0;0.0;5.0;0.0;6.0;2.6.def1
2026-08-28;Austria_Karnten;Matrei;TSV Grafenstein;45.37;BASSA;5;2026-08-21;Austria_Karnten;Austria_Karnten;;PRO: attacco casa positivo || CONTRO: ospite poco prolifico: rischio 1-0 / 2-0 | trend over casa non forte | trend over trasferta non forte | profilo over interno debole | profilo over esterno debole | BTTS basso: possibile partita a senso unico;0.46;9.85;7.88;3.64;4.55;4.0;4.0;5.0;0.0;6.0;2.6.def1
2026-08-28;Poland_Ekstraklasa;Plock;Korona;45.35;BASSA;5;2026-08-21;Poland_Ekstraklasa;Poland_Ekstraklasa;;PRO: trend over recente casa | alta tendenza BTTS || CONTRO: attacco casa non dominante | ospite poco prolifico: rischio 1-0 / 2-0 | trend over trasferta non forte | profilo over interno debole | profilo over esterno debole;0.35;5.91;5.91;3.64;4.55;8.0;4.0;0.0;5.0;8.0;2.6.def1
2026-08-28;Lithuania_ILyga;Dainava Alytus;Zalgiris 2;45.32;PROX-MEDIA;22;2026-08-21;Lithuania_ILyga;Lithuania_ILyga;;"PRO: attacco casa positivo | attacco trasferta positivo | trend over recente trasferta | profilo over esterno positivo || CONTRO: trend over casa non forte | profilo over interno debole | BTTS basso: possibile partita a senso unico || V26DEF_STRONG_DEFENSE[Rule=AT_LEAST_ONE_STRONG;Threshold=1.20;Penalty=-14.00;HomeGALast5=0.60;AwayGALast5=0.60;BaseScore=59.32;FinalScore=45.32]";0.8;9.95;9.16;3.44;6.36;4.8;7.2;5.45;6.0;6.14;2.6.def1
2026-08-28;Australia_NSWLeagueOne;Prospect United;Hurstville Zagreb;45.23;MEDIA;31;2026-08-21;Australia_NSWLeagueOne;Australia_NSWLeagueOne;;"PRO: difesa trasferta vulnerabile | difesa casa vulnerabile | trend over recente trasferta | alta tendenza BTTS || CONTRO: attacco casa non dominante | ospite poco prolifico: rischio 1-0 / 2-0 | v22 monitora possibile sopravvalutazione weak_ga | trend over casa non forte | profilo over interno debole | profilo over esterno debole || V26DEF_STRONG_DEFENSE[Rule=AT_LEAST_ONE_STRONG;Threshold=1.20;Penalty=-14.00;HomeGALast5=1.20;AwayGALast5=1.60;BaseScore=59.23;FinalScore=45.23]";2.0;6.12;8.44;6.1;7.47;4.8;7.2;3.57;5.38;8.14;2.6.def1
2026-08-28;Poland_IIILiga_Group4;Wislanie Skawina;Czarni Polaniec;45.07;BASSA;4;2026-08-21;Poland_IIILiga_Group4;Poland_IIILiga_Group4;;PRO: attacco casa positivo | trend over recente casa || CONTRO: ospite poco prolifico: rischio 1-0 / 2-0 | trend over trasferta non forte | profilo over interno debole | profilo over esterno debole | BTTS basso: possibile partita a senso unico;4.59;11.82;1.97;3.64;6.06;8.0;0.0;5.0;0.0;4.0;2.6.def1
2026-08-28;Wales_CymruPremier;TNS;Colwyn Bay;44.59;BASSA;4;2026-08-21;Wales_CymruPremier;Wales_CymruPremier;;PRO: difesa trasferta vulnerabile | trend over recente trasferta | profilo over esterno positivo || CONTRO: attacco casa non dominante | ospite poco prolifico: rischio 1-0 / 2-0 | v22 monitora possibile sopravvalutazione weak_ga | trend over casa non forte | profilo over interno debole | BTTS basso: possibile partita a senso unico;3.23;5.91;7.88;0.0;7.58;0.0;8.0;0.0;10.0;2.0;2.6.def1
2026-08-28;Austria_2Liga;St. Polten;A. Salzburg;44.5;BASSA;4;2026-08-21;Austria_2Liga;Austria_2Liga;;PRO: attacco trasferta positivo | trend over recente trasferta || CONTRO: attacco casa non dominante | trend over casa non forte | profilo over interno debole | profilo over esterno debole | BTTS basso: possibile partita a senso unico;4.8;0.0;13.0;3.64;6.06;0.0;8.0;0.0;5.0;4.0;2.6.def1
2026-08-28;Austria_Burgenland;Oberpullendorf;Deutschkreutz;44.26;BASSA;3;2026-08-21;Austria_Burgenland;Austria_Burgenland;;PRO: attacco casa positivo | profilo over esterno positivo || CONTRO: ospite poco prolifico: rischio 1-0 / 2-0 | trend over casa non forte | trend over trasferta non forte | profilo over interno debole | BTTS basso: possibile partita a senso unico;0.4;8.86;5.91;1.82;2.27;6.0;6.0;0.0;10.0;3.0;2.6.def1
2026-08-28;Wales_CymruPremier;Barry;Airbus;44.16;BASSA;4;2026-08-21;Wales_CymruPremier;Wales_CymruPremier;;PRO: attacco casa positivo | trend over recente casa || CONTRO: ospite poco prolifico: rischio 1-0 / 2-0 | trend over trasferta non forte | profilo over interno debole | profilo over esterno debole | BTTS basso: possibile partita a senso unico;2.77;11.82;5.91;3.64;3.03;8.0;0.0;5.0;0.0;4.0;2.6.def1
2026-08-28;Slovenia_2SNL;Primorje;NK Krka;43.36;BASSA;3;2026-08-21;Slovenia_2SNL;Slovenia_2SNL;;PRO: difesa trasferta vulnerabile | profilo over esterno positivo || CONTRO: attacco casa non dominante | ospite poco prolifico: rischio 1-0 / 2-0 | v22 monitora possibile sopravvalutazione weak_ga | trend over casa non forte | trend over trasferta non forte | profilo over interno debole | BTTS basso: possibile partita a senso unico;2.0;5.91;0.0;3.64;6.82;6.0;6.0;0.0;10.0;3.0;2.6.def1
2026-08-28;Denmark_3rdDivision;Helsingor;Ishoj;42.58;BASSA;4;2026-08-21;Denmark_3rdDivision;Denmark_3rdDivision;;PRO: attacco casa positivo | trend over recente casa || CONTRO: ospite poco prolifico: rischio 1-0 / 2-0 | trend over trasferta non forte | profilo over interno debole | profilo over esterno debole | BTTS basso: possibile partita a senso unico;4.36;11.82;0.0;4.85;4.55;8.0;0.0;5.0;0.0;4.0;2.6.def1
2026-08-28;Belarus_VysshayaLiga;Gomel;Belshina;41.39;BASSA;21;2026-08-21;Belarus_VysshayaLiga;Belarus_VysshayaLiga;;"PRO: attacco casa positivo | difesa trasferta vulnerabile | profilo over esterno positivo || CONTRO: ospite poco prolifico: rischio 1-0 / 2-0 | v22 monitora possibile sopravvalutazione weak_ga | trend over casa non forte | trend over trasferta non forte | profilo over interno debole | BTTS basso: possibile partita a senso unico || V26DEF_STRONG_DEFENSE[Rule=AT_LEAST_ONE_STRONG;Threshold=1.20;Penalty=-14.00;HomeGALast5=0.60;AwayGALast5=2.40;BaseScore=55.39;FinalScore=41.39]";4.0;8.86;5.17;3.03;8.81;3.6;6.0;4.0;6.25;5.67;2.6.def1
2026-08-28;Finland_Ykkosliiga;JaPS;KaPa;41.27;BASSA;23;2026-08-21;Finland_Ykkosliiga;Finland_Ykkosliiga;;"PRO: difesa trasferta vulnerabile | trend over recente trasferta | profilo over esterno positivo || CONTRO: attacco casa non dominante | ospite poco prolifico: rischio 1-0 / 2-0 | v22 monitora possibile sopravvalutazione weak_ga | trend over casa non forte | profilo over interno debole | BTTS basso: possibile partita a senso unico || V26DEF_STRONG_DEFENSE[Rule=AT_LEAST_ONE_STRONG;Threshold=1.20;Penalty=-14.00;HomeGALast5=0.60;AwayGALast5=2.20;BaseScore=55.27;FinalScore=41.27]";1.33;5.56;6.2;4.28;7.95;4.8;9.6;2.22;8.0;5.31;2.6.def1
2026-08-28;Germany_Oberliga_Niedersachsen;Wilhelmshaven;Spelle-Venhaus;40.84;BASSA;3;2026-08-21;Germany_Oberliga_Niedersachsen;Germany_Oberliga_Niedersachsen;;PRO: attacco casa positivo | attacco trasferta positivo | trend over recente trasferta | profilo over esterno positivo || CONTRO: trend over casa non forte | profilo over interno debole | BTTS basso: possibile partita a senso unico || CONTRO V25: v25: sfida equilibrata di alta classifica (gap punti 0.0, gap PPG 0.00) con difesa trasferta sotto 1 gol subito a partita | v25 extra: difesa stagionale molto solida (0.50 GA per partita);0.71;8.86;13.0;0.0;2.27;0.0;12.0;0.0;10.0;3.0;2.6.def1
2026-08-28;Bulgaria_ParvaLiga;Slavia Sofia;Septemvri Sofia;40.62;BASSA;6;2026-08-21;Bulgaria_ParvaLiga;Bulgaria_ParvaLiga;;PRO: difesa trasferta vulnerabile | trend over recente trasferta | profilo over esterno positivo || CONTRO: attacco casa non dominante | ospite poco prolifico: rischio 1-0 / 2-0 | v22 monitora possibile sopravvalutazione weak_ga | trend over casa non forte | profilo over interno debole | BTTS basso: possibile partita a senso unico;0.4;5.91;3.55;1.82;8.18;3.0;7.2;0.0;6.67;3.9;2.6.def1
2026-08-28;Austria_Tirol;Kolsass Weer;SC Mils 05;40.55;BASSA;4;2026-08-21;Austria_Tirol;Austria_Tirol;;PRO: difesa trasferta vulnerabile | trend over recente trasferta || CONTRO: attacco casa non dominante | ospite poco prolifico: rischio 1-0 / 2-0 | v22 monitora possibile sopravvalutazione weak_ga | trend over casa non forte | profilo over interno debole | profilo over esterno debole | BTTS basso: possibile partita a senso unico;4.15;3.94;3.94;2.42;9.09;0.0;8.0;0.0;5.0;4.0;2.6.def1
2026-08-28;Austria_Burgenland;Edelserpentin;Lackenbach;39.31;BASSA;3;2026-08-21;Austria_Burgenland;Austria_Burgenland;;PRO: difesa trasferta vulnerabile | difesa casa vulnerabile || CONTRO: attacco casa non dominante | ospite poco prolifico: rischio 1-0 / 2-0 | v22 monitora possibile sopravvalutazione weak_ga | trend over casa non forte | trend over trasferta non forte | profilo over interno debole | profilo over esterno debole | BTTS basso: possibile partita a senso unico;0.4;5.91;0.0;8.0;10.0;6.0;6.0;0.0;0.0;3.0;2.6.def1
2026-08-28;France_Ligue2;Rodez;Pau FC;39.25;BASSA;3;2026-08-21;France_Ligue2;France_Ligue2;;PRO: attacco casa positivo | difesa casa vulnerabile | profilo over interno positivo || CONTRO: ospite poco prolifico: rischio 1-0 / 2-0 | trend over casa non forte | trend over trasferta non forte | profilo over esterno debole | BTTS basso: possibile partita a senso unico;0.71;8.86;2.95;5.45;2.27;6.0;0.0;10.0;0.0;3.0;2.6.def1
2026-08-28;Moldova_Liga1_GroupB;Victoria;National Ialoveni;38.13;BASSA;3;2026-08-21;Moldova_Liga1_GroupB;Moldova_Liga1_GroupB;Moldova_Liga1;PRO: difesa trasferta vulnerabile || CONTRO: attacco casa non dominante | ospite poco prolifico: rischio 1-0 / 2-0 | v22 monitora possibile sopravvalutazione weak_ga | trend over casa non forte | trend over trasferta non forte | profilo over interno debole | profilo over esterno debole | BTTS basso: possibile partita a senso unico;3.6;5.91;2.95;4.85;6.82;4.0;0.0;5.0;0.0;5.0;2.6.def1
2026-08-28;Germany_Oberliga_Niedersachsen;Hildesheim;Verden;37.84;BASSA;3;2026-08-21;Germany_Oberliga_Niedersachsen;Germany_Oberliga_Niedersachsen;;PRO: difesa trasferta vulnerabile | difesa casa vulnerabile || CONTRO: attacco casa non dominante | ospite poco prolifico: rischio 1-0 / 2-0 | v22 monitora possibile sopravvalutazione weak_ga | trend over casa non forte | trend over trasferta non forte | profilo over interno debole | profilo over esterno debole | BTTS basso: possibile partita a senso unico;2.12;0.0;5.91;8.0;6.82;6.0;6.0;0.0;0.0;3.0;2.6.def1
2026-08-28;NorthernIreland_NIFLPremiership;Portadown;Coleraine;37.59;BASSA;3;2026-08-21;NorthernIreland_NIFLPremiership;NorthernIreland_NIFLPremiership;;PRO: attacco trasferta positivo | profilo over esterno positivo || CONTRO: attacco casa non dominante | trend over casa non forte | trend over trasferta non forte | profilo over interno debole | BTTS basso: possibile partita a senso unico;3.82;0.0;8.86;3.64;2.27;0.0;6.0;0.0;10.0;3.0;2.6.def1
2026-08-28;Austria_Oberosterreich;Mondsee;Gmunden;36.9;BASSA;4;2026-08-21;Austria_Oberosterreich;Austria_Oberosterreich;;PRO: attacco casa positivo || CONTRO: ospite poco prolifico: rischio 1-0 / 2-0 | trend over casa non forte | trend over trasferta non forte | profilo over interno debole | profilo over esterno debole | BTTS basso: possibile partita a senso unico;3.6;9.85;1.97;2.42;6.06;4.0;0.0;5.0;0.0;4.0;2.6.def1
2026-08-28;Ukraine_PershaLiga;Lokomotyv Kyiv;Fenix Mariupol;34.35;BASSA;5;2026-08-21;Ukraine_PershaLiga;Ukraine_PershaLiga;;PRO: difesa trasferta vulnerabile || CONTRO: attacco casa non dominante | ospite poco prolifico: rischio 1-0 / 2-0 | v22 monitora possibile sopravvalutazione weak_ga | trend over casa non forte | trend over trasferta non forte | profilo over interno debole | profilo over esterno debole | BTTS basso: possibile partita a senso unico;0.4;4.43;4.43;3.64;7.95;3.0;6.0;0.0;0.0;4.5;2.6.def1
2026-08-28;Austria_Regionalliga_West;SK St. Johann;Tirol (Am);33.79;BASSA;4;2026-08-21;Austria_Regionalliga_West;Austria_Regionalliga_West;;PRO: nessun indicatore over forte || CONTRO: attacco casa non dominante | ospite poco prolifico: rischio 1-0 / 2-0 | trend over casa non forte | trend over trasferta non forte | profilo over interno debole | profilo over esterno debole | BTTS basso: possibile partita a senso unico;2.0;5.91;1.97;4.85;6.06;4.0;0.0;5.0;0.0;4.0;2.6.def1
2026-08-28;Denmark_Superliga;Horsens;Viborg;33.61;BASSA;5;2026-08-21;Denmark_Superliga;Denmark_Superliga;;PRO: difesa casa vulnerabile || CONTRO: attacco casa non dominante | ospite poco prolifico: rischio 1-0 / 2-0 | trend over casa non forte | trend over trasferta non forte | profilo over interno debole | profilo over esterno debole | BTTS basso: possibile partita a senso unico;0.55;5.91;4.43;5.45;2.27;6.0;3.0;0.0;0.0;6.0;2.6.def1
2026-08-28;Ukraine_PremierLeague;Kolos Kovalivka;Obolon;32.95;BASSA;4;2026-08-21;Ukraine_PremierLeague;Ukraine_PremierLeague;;PRO: difesa casa vulnerabile || CONTRO: attacco casa non dominante | ospite poco prolifico: rischio 1-0 / 2-0 | trend over casa non forte | trend over trasferta non forte | profilo over interno debole | profilo over esterno debole | BTTS basso: possibile partita a senso unico;1.85;2.95;0.0;7.27;4.55;6.0;4.0;0.0;3.33;3.0;2.6.def1
2026-08-28;France_Ligue2;Clermont;Sochaux;30.58;BASSA;3;2026-08-21;France_Ligue2;France_Ligue2;;PRO: difesa trasferta vulnerabile | difesa casa vulnerabile || CONTRO: attacco casa non dominante | ospite poco prolifico: rischio 1-0 / 2-0 | v22 monitora possibile sopravvalutazione weak_ga | trend over casa non forte | trend over trasferta non forte | profilo over interno debole | profilo over esterno debole | BTTS basso: possibile partita a senso unico;0.35;2.95;0.0;5.45;6.82;6.0;6.0;0.0;0.0;3.0;2.6.def1
2026-08-28;Slovenia_PrvaLiga;Koper;Aluminij;29.06;BASSA;6;2026-08-21;Slovenia_PrvaLiga;Slovenia_PrvaLiga;;"PRO: nessun indicatore over forte || CONTRO: attacco casa non dominante | ospite poco prolifico: rischio 1-0 / 2-0 | trend over casa non forte | trend over trasferta non forte | profilo over interno debole | profilo over esterno debole | BTTS basso: possibile partita a senso unico || V26DEF_STRONG_DEFENSE[Rule=AT_LEAST_ONE_STRONG;Threshold=1.20;Penalty=-14.00;HomeGALast5=1.00;AwayGALast5=1.20;BaseScore=43.06;FinalScore=29.06]";1.33;5.91;4.73;3.64;5.45;2.4;4.8;5.0;5.0;4.8;2.6.def1
2026-08-28;Germany_Oberliga_Bayern_Sud;Erlbach;Ismaning;28.27;BASSA;7;2026-08-21;Germany_Oberliga_Bayern_Sud;Germany_Oberliga_Bayern_Sud;;"PRO: attacco trasferta positivo || CONTRO: attacco casa non dominante | trend over casa non forte | trend over trasferta non forte | profilo over interno debole | profilo over esterno debole | BTTS basso: possibile partita a senso unico || V26DEF_STRONG_DEFENSE[Rule=AT_LEAST_ONE_STRONG;Threshold=1.20;Penalty=-14.00;HomeGALast5=0.80;AwayGALast5=1.60;BaseScore=42.27;FinalScore=28.27]";1.41;5.91;9.85;2.91;6.06;2.4;6.0;0.0;3.33;4.4;2.6.def1
2026-08-28;Finland_Kolmonen_Eastern_Group1;KeuPa;Jyväskylän Seudun Palloseura;26.1;BASSA;18;2026-08-21;Finland_Kolmonen_Eastern_Group1;Finland_Kolmonen_Eastern_Group1;;"PRO: attacco casa positivo | difesa casa vulnerabile | trend over recente casa | profilo over interno positivo || CONTRO: ospite poco prolifico: rischio 1-0 / 2-0 | trend over trasferta non forte | profilo over esterno debole | BTTS basso: possibile partita a senso unico || V26DEF_STRONG_DEFENSE[Rule=AT_LEAST_ONE_STRONG;Threshold=1.20;Penalty=-14.00;HomeGALast5=1.00;AwayGALast5=0.40;BaseScore=40.10;FinalScore=26.10]";0.0;12.24;0.0;7.27;0.0;8.4;0.0;8.33;0.0;3.86;2.6.def1
2026-08-28;Turkey_1Lig;Muglaspor;Boluspor;25.94;BASSA;3;2026-08-21;Turkey_1Lig;Turkey_1Lig;;PRO: difesa trasferta vulnerabile || CONTRO: attacco casa non dominante | ospite poco prolifico: rischio 1-0 / 2-0 | v22 monitora possibile sopravvalutazione weak_ga | trend over casa non forte | trend over trasferta non forte | profilo over interno debole | profilo over esterno debole | BTTS basso: possibile partita a senso unico;1.26;0.0;2.95;3.64;9.09;0.0;6.0;0.0;0.0;3.0;2.6.def1
2026-08-28;France_Ligue2;Montpellier;Boulogne;15.82;BASSA;3;2026-08-21;France_Ligue2;France_Ligue2;;PRO: nessun indicatore over forte || CONTRO: attacco casa non dominante | ospite poco prolifico: rischio 1-0 / 2-0 | trend over casa non forte | trend over trasferta non forte | profilo over interno debole | profilo over esterno debole | BTTS basso: possibile partita a senso unico;2.82;5.91;0.0;1.82;2.27;0.0;0.0;0.0;0.0;3.0;2.6.def1
