MatchDate;LeagueId;Home;Away;Score;Band;Round;PredictionDate;HomeSourceLeagueId;AwaySourceLeagueId;CompetitionGroup;Reason;RankingGapScore;HomeAttackScore;AwayAttackScore;HomeDefenseWeaknessScore;AwayDefenseWeaknessScore;HomeLast10OverScore;AwayLast10OverScore;HomeVenueOverScore;AwayVenueOverScore;BTTSProfileScore;AlgorithmVersion
2026-09-18;Finland_Kolmonen_Eastern_Group1;FC Metso;FC Vaajakoski/2;90.36;ALTA;24;2026-09-17;Finland_Kolmonen_Eastern_Group1;Finland_Kolmonen_Eastern_Group1;;Ranking gap: 0.593 | Attacco casa: 2.74/gara | Difesa trasferta subisce: 3.61/gara | Over25 casa ultime10: 0.90 | Over25 trasferta ultime10: 1.00;11.86;25.0;;;25.0;13.5;15.0;;;;2.0.def1
2026-09-18;FaroeIslands_1Deild;Sandur;Streymur 2;83.62;ALTA;25;2026-09-17;FaroeIslands_1Deild;FaroeIslands_1Deild;;"Ranking gap: 0.481 | Attacco casa: 3.11/gara | Difesa trasferta subisce: 2.78/gara | Over25 casa ultime10: 0.90 | Over25 trasferta ultime10: 0.90 || V20DEF_STRONG_DEFENSE[Rule=AT_LEAST_ONE_STRONG;Threshold=1.60;Penalty=-3.00;HomeGALast5=1.40;AwayGALast5=3.00;BaseScore=86.62;FinalScore=83.62]";9.62;25.0;;;25.0;13.5;13.5;;;;2.0.def1
2026-09-18;Finland_Kolmonen_Eastern_Group2;Kings;KuPS/Akatemia 2;82.74;ALTA;22;2026-09-17;Finland_Kolmonen_Eastern_Group2;Finland_Kolmonen_Eastern_Group2;;Ranking gap: 0.637 | Attacco casa: 3.45/gara | Difesa trasferta subisce: 2.40/gara | Over25 casa ultime10: 0.80 | Over25 trasferta ultime10: 0.60;12.74;25.0;;;24.0;12.0;9.0;;;;2.0.def1
2026-09-18;Austria_Regionalliga_South;Allerheiligen;Lafnitz;82.55;ALTA;9;2026-09-17;Austria_Regionalliga_South;Austria_Regionalliga_South;;Ranking gap: 0.669 | Attacco casa: 2.17/gara | Difesa trasferta subisce: 2.67/gara | Over25 casa ultime10: 0.50 | Over25 trasferta ultime10: 1.00;13.38;21.67;;;25.0;7.5;15.0;;;;2.0.def1
2026-09-18;Finland_Kolmonen_Western_Group3;FC Ylivieska;KPV/Akatemia;80.84;ALTA;16;2026-09-17;Finland_Kolmonen_Western_Group3;Finland_Kolmonen_Western_Group3;;Ranking gap: 0.483 | Attacco casa: 2.37/gara | Difesa trasferta subisce: 3.00/gara | Over25 casa ultime10: 0.60 | Over25 trasferta ultime10: 0.90;9.66;23.68;;;25.0;9.0;13.5;;;;2.0.def1
2026-09-18;Finland_Kolmonen_Eastern_Group3;Savonlinnan Seudun Palloseura;Mikkelin Palloilijat 2;80.36;IMM-ALTA-21;23;2026-09-17;Finland_Kolmonen_Eastern_Group3;Finland_Kolmonen_Eastern_Group3;;Ranking gap: 0.189 | Attacco casa: 3.00/gara | Difesa trasferta subisce: 2.16/gara | Over25 casa ultime10: 1.00 | Over25 trasferta ultime10: 1.00;3.78;25.0;;;21.58;15.0;15.0;;;;2.0.def1
2026-09-18;Austria_Regionalliga_North;Kuchl;UFC Hallein;78.43;ALTA;10;2026-09-17;Austria_Regionalliga_North;Austria_Regionalliga_North;;"Ranking gap: 0.750 | Attacco casa: 1.86/gara | Difesa trasferta subisce: 2.43/gara | Over25 casa ultime10: 0.71 | Over25 trasferta ultime10: 0.86 || V20DEF_STRONG_DEFENSE[Rule=AT_LEAST_ONE_STRONG;Threshold=1.60;Penalty=-3.00;HomeGALast5=1.00;AwayGALast5=2.60;BaseScore=81.43;FinalScore=78.43]";15.0;18.57;;;24.29;10.71;12.86;;;;2.0.def1
2026-09-18;Moldova_Liga1_GroupA;Iskra Ribnita;Zimbru 2;75.97;ALTA;6;2026-09-17;Moldova_Liga1_GroupA;Moldova_Liga1_GroupA;Moldova_Liga1;"Ranking gap: 0.270 | Attacco casa: 2.86/gara | Difesa trasferta subisce: 2.57/gara | Over25 casa ultime10: 0.71 | Over25 trasferta ultime10: 0.86 || V20DEF_STRONG_DEFENSE[Rule=AT_LEAST_ONE_STRONG;Threshold=1.60;Penalty=-3.00;HomeGALast5=1.00;AwayGALast5=2.80;BaseScore=78.97;FinalScore=75.97]";5.4;25.0;;;25.0;10.71;12.86;;;;2.0.def1
2026-09-18;Estonia_EsiliigaB;Parnu JK Vaprus U21;Legion;75.78;ALTA;30;2026-09-17;Estonia_EsiliigaB;Estonia_EsiliigaB;;"Ranking gap: 0.314 | Attacco casa: 2.86/gara | Difesa trasferta subisce: 3.62/gara | Over25 casa ultime10: 0.90 | Over25 trasferta ultime10: 0.60 || V20DEF_STRONG_DEFENSE[Rule=AT_LEAST_ONE_STRONG;Threshold=1.60;Penalty=-3.00;HomeGALast5=1.60;AwayGALast5=2.40;BaseScore=78.78;FinalScore=75.78]";6.28;25.0;;;25.0;13.5;9.0;;;;2.0.def1
2026-09-18;Austria_Karnten;Dellach/Gail;Nussdorf;75.48;ALTA;10;2026-09-17;Austria_Karnten;Austria_Karnten;;Ranking gap: 0.667 | Attacco casa: 1.14/gara | Difesa trasferta subisce: 4.14/gara | Over25 casa ultime10: 0.71 | Over25 trasferta ultime10: 1.00;13.34;11.43;;;25.0;10.71;15.0;;;;2.0.def1
2026-09-18;Finland_Kolmonen_Southern_Group1;Malmin Palloseura;EPS Reservi;75.24;IMM-ALTA-21;20;2026-09-17;Finland_Kolmonen_Southern_Group1;Finland_Kolmonen_Southern_Group1;;"Ranking gap: 0.212 | Attacco casa: 3.00/gara | Difesa trasferta subisce: 2.55/gara | Over25 casa ultime10: 1.00 | Over25 trasferta ultime10: 0.60 || V20DEF_STRONG_DEFENSE[Rule=AT_LEAST_ONE_STRONG;Threshold=1.60;Penalty=-3.00;HomeGALast5=NA;AwayGALast5=1.40;BaseScore=78.24;FinalScore=75.24]";4.24;25.0;;;25.0;15.0;9.0;;;;2.0.def1
2026-09-18;Denmark_3rdDivision;Holbaek;Ringsted;74.45;MEDIA-ALTA;8;2026-09-17;Denmark_3rdDivision;Denmark_3rdDivision;;"Ranking gap: 0.194 | Attacco casa: 2.57/gara | Difesa trasferta subisce: 2.57/gara | Over25 casa ultime10: 1.00 | Over25 trasferta ultime10: 0.57 || V20DEF_STRONG_DEFENSE[Rule=AT_LEAST_ONE_STRONG;Threshold=1.60;Penalty=-3.00;HomeGALast5=1.40;AwayGALast5=2.80;BaseScore=77.45;FinalScore=74.45]";3.88;25.0;;;25.0;15.0;8.57;;;;2.0.def1
2026-09-18;Germany_Bundesliga;Bayern;Union Berlino;74.27;MEDIA-ALTA;4;2026-09-17;Germany_Bundesliga;Germany_Bundesliga;;Ranking gap: 0.047 | Attacco casa: 2.33/gara | Difesa trasferta subisce: 3.33/gara | Over25 casa ultime10: 0.67 | Over25 trasferta ultime10: 1.00;0.94;23.33;;;25.0;10.0;15.0;;;;2.0.def1
2026-09-18;Ukraine_PremierLeague;Polissya Zhytomyr;Kryvbas;73.83;MEDIA-ALTA;7;2026-09-17;Ukraine_PremierLeague;Ukraine_PremierLeague;;"Ranking gap: 0.825 | Attacco casa: 2.33/gara | Difesa trasferta subisce: 1.80/gara | Over25 casa ultime10: 0.67 | Over25 trasferta ultime10: 0.60 || V20DEF_STRONG_DEFENSE[Rule=AT_LEAST_ONE_STRONG;Threshold=1.60;Penalty=-3.00;HomeGALast5=0.80;AwayGALast5=1.80;BaseScore=76.83;FinalScore=73.83]";16.5;23.33;;;18.0;10.0;9.0;;;;2.0.def1
2026-09-18;Finland_Kolmonen_Southern_Group2;Valtti;PPS;73.64;MEDIA-ALTA;22;2026-09-17;Finland_Kolmonen_Southern_Group2;Finland_Kolmonen_Southern_Group2;;Ranking gap: 0.311 | Attacco casa: 1.84/gara | Difesa trasferta subisce: 3.63/gara | Over25 casa ultime10: 0.70 | Over25 trasferta ultime10: 0.90;6.22;18.42;;;25.0;10.5;13.5;;;;2.0.def1
2026-09-18;FaroeIslands_1Deild;Fuglafjordur;HB Torshavn 2;73.48;MEDIA-ALTA;25;2026-09-17;FaroeIslands_1Deild;FaroeIslands_1Deild;;Ranking gap: 0.240 | Attacco casa: 2.50/gara | Difesa trasferta subisce: 1.82/gara | Over25 casa ultime10: 0.90 | Over25 trasferta ultime10: 0.80;4.8;25.0;;;18.18;13.5;12.0;;;;2.0.def1
2026-09-18;Austria_Oberosterreich;Garsten;Vocklamarkt;73.46;MEDIA-ALTA;10;2026-09-17;Austria_Oberosterreich;Austria_Oberosterreich;;Ranking gap: 0.066 | Attacco casa: 2.00/gara | Difesa trasferta subisce: 2.43/gara | Over25 casa ultime10: 0.86 | Over25 trasferta ultime10: 1.00;1.32;20.0;;;24.29;12.86;15.0;;;;2.0.def1
2026-09-18;Austria_Tirol;SV Worgl;Stubai;73.2;MEDIA-ALTA;9;2026-09-17;Austria_Tirol;Austria_Tirol;;"Ranking gap: 0.667 | Attacco casa: 1.43/gara | Difesa trasferta subisce: 2.71/gara | Over25 casa ultime10: 0.71 | Over25 trasferta ultime10: 0.86 || V20DEF_STRONG_DEFENSE[Rule=AT_LEAST_ONE_STRONG;Threshold=1.60;Penalty=-3.00;HomeGALast5=1.60;AwayGALast5=2.20;BaseScore=76.20;FinalScore=73.20]";13.34;14.29;;;25.0;10.71;12.86;;;;2.0.def1
2026-09-18;Kyrgyzstan_PremierLiga;Bars;Aldier;72.71;MEDIA-ALTA;28;2026-09-17;Kyrgyzstan_PremierLiga;Kyrgyzstan_PremierLiga;;"Ranking gap: 0.294 | Attacco casa: 2.86/gara | Difesa trasferta subisce: 1.78/gara | Over25 casa ultime10: 1.00 | Over25 trasferta ultime10: 0.80 || V20DEF_STRONG_DEFENSE[Rule=AT_LEAST_ONE_STRONG;Threshold=1.60;Penalty=-3.00;HomeGALast5=1.00;AwayGALast5=2.00;BaseScore=75.71;FinalScore=72.71]";5.88;25.0;;;17.83;15.0;12.0;;;;2.0.def1
2026-09-18;NorthernIreland_NIFLChampionship;Dundela;Strabane Athletic;72.56;MEDIA-ALTA;8;2026-09-17;NorthernIreland_NIFLChampionship;NorthernIreland_NIFLChampionship;;Ranking gap: 0.021 | Attacco casa: 2.14/gara | Difesa trasferta subisce: 2.57/gara | Over25 casa ultime10: 0.86 | Over25 trasferta ultime10: 0.86;0.42;21.43;;;25.0;12.86;12.86;;;;2.0.def1
2026-09-18;Poland_IIILiga_Group3;Zaglebie 2;Carina Gubin;72.55;MEDIA-ALTA;9;2026-09-17;Poland_IIILiga_Group3;Poland_IIILiga_Group3;;"Ranking gap: 0.840 | Attacco casa: 2.00/gara | Difesa trasferta subisce: 2.00/gara | Over25 casa ultime10: 0.62 | Over25 trasferta ultime10: 0.62 || V20DEF_STRONG_DEFENSE[Rule=AT_LEAST_ONE_STRONG;Threshold=1.60;Penalty=-3.00;HomeGALast5=1.00;AwayGALast5=2.40;BaseScore=75.55;FinalScore=72.55]";16.8;20.0;;;20.0;9.38;9.38;;;;2.0.def1
2026-09-18;Wales_CymruPremier;Caernarfon;Cambrian United;71.6;MEDIA-ALTA;10;2026-09-17;Wales_CymruPremier;Wales_CymruPremier;;"Ranking gap: 0.702 | Attacco casa: 2.67/gara | Difesa trasferta subisce: 1.22/gara | Over25 casa ultime10: 0.78 | Over25 trasferta ultime10: 0.78 || V20DEF_STRONG_DEFENSE[Rule=AT_LEAST_ONE_STRONG;Threshold=1.60;Penalty=-3.00;HomeGALast5=1.40;AwayGALast5=1.60;BaseScore=74.60;FinalScore=71.60]";14.04;25.0;;;12.22;11.67;11.67;;;;2.0.def1
2026-09-18;Armenia_PremierLeague;Noah;Van;71.21;MEDIA-ALTA;11;2026-09-17;Armenia_PremierLeague;Armenia_PremierLeague;;"Ranking gap: 0.139 | Attacco casa: 2.71/gara | Difesa trasferta subisce: 2.71/gara | Over25 casa ultime10: 0.71 | Over25 trasferta ultime10: 0.71 || V20DEF_STRONG_DEFENSE[Rule=AT_LEAST_ONE_STRONG;Threshold=1.60;Penalty=-3.00;HomeGALast5=0.40;AwayGALast5=2.40;BaseScore=74.21;FinalScore=71.21]";2.78;25.0;;;25.0;10.71;10.71;;;;2.0.def1
2026-09-18;Austria_Regionalliga_West;Dornbirn;Lauterach;70.85;MEDIA-ALTA;9;2026-09-17;Austria_Regionalliga_West;Austria_Regionalliga_West;;"Ranking gap: 0.157 | Attacco casa: 3.14/gara | Difesa trasferta subisce: 2.43/gara | Over25 casa ultime10: 0.71 | Over25 trasferta ultime10: 0.71 || V20DEF_STRONG_DEFENSE[Rule=AT_LEAST_ONE_STRONG;Threshold=1.60;Penalty=-3.00;HomeGALast5=0.60;AwayGALast5=2.60;BaseScore=73.85;FinalScore=70.85]";3.14;25.0;;;24.29;10.71;10.71;;;;2.0.def1
2026-09-18;Austria_Karnten;Matrei;Seeboden;70.34;MEDIA-ALTA;10;2026-09-17;Austria_Karnten;Austria_Karnten;;"Ranking gap: 0.667 | Attacco casa: 1.43/gara | Difesa trasferta subisce: 2.43/gara | Over25 casa ultime10: 0.57 | Over25 trasferta ultime10: 0.86 || V20DEF_STRONG_DEFENSE[Rule=AT_LEAST_ONE_STRONG;Threshold=1.60;Penalty=-3.00;HomeGALast5=1.60;AwayGALast5=2.40;BaseScore=73.34;FinalScore=70.34]";13.34;14.29;;;24.29;8.57;12.86;;;;2.0.def1
2026-09-18;Bolivia_DivisionProfesional;Bolivar;GV San Jose;70.09;MEDIA-ALTA;25;2026-09-17;Bolivia_DivisionProfesional;Bolivia_DivisionProfesional;;"Ranking gap: 0.411 | Attacco casa: 2.63/gara | Difesa trasferta subisce: 1.74/gara | Over25 casa ultime10: 0.90 | Over25 trasferta ultime10: 0.60 || V20DEF_STRONG_DEFENSE[Rule=AT_LEAST_ONE_STRONG;Threshold=1.60;Penalty=-3.00;HomeGALast5=1.00;AwayGALast5=2.40;BaseScore=73.09;FinalScore=70.09]";8.22;25.0;;;17.37;13.5;9.0;;;;2.0.def1
2026-09-18;Austria_Karnten;TSV Grafenstein;Saint Michael Lavanttal;69.86;MEDIA-ALTA;10;2026-09-17;Austria_Karnten;Austria_Karnten;;"Ranking gap: 0.750 | Attacco casa: 2.14/gara | Difesa trasferta subisce: 1.71/gara | Over25 casa ultime10: 0.57 | Over25 trasferta ultime10: 0.71 || V20DEF_STRONG_DEFENSE[Rule=AT_LEAST_ONE_STRONG;Threshold=1.60;Penalty=-3.00;HomeGALast5=1.00;AwayGALast5=1.60;BaseScore=72.86;FinalScore=69.86]";15.0;21.43;;;17.14;8.57;10.71;;;;2.0.def1
2026-09-18;Finland_Kolmonen_Eastern_Group3;PeKa;Edustus IPS;69.28;MEDIA-ALTA;23;2026-09-17;Finland_Kolmonen_Eastern_Group3;Finland_Kolmonen_Eastern_Group3;;"Ranking gap: 0.097 | Attacco casa: 3.53/gara | Difesa trasferta subisce: 1.68/gara | Over25 casa ultime10: 0.90 | Over25 trasferta ultime10: 1.00 || V20DEF_STRONG_DEFENSE[Rule=AT_LEAST_ONE_STRONG;Threshold=1.60;Penalty=-3.00;HomeGALast5=1.20;AwayGALast5=2.40;BaseScore=72.28;FinalScore=69.28]";1.94;25.0;;;16.84;13.5;15.0;;;;2.0.def1
2026-09-18;Wales_CymruPremier;Connah's Q.;Cardiff Metropolitan;68.83;MEDIA-ALTA;10;2026-09-17;Wales_CymruPremier;Wales_CymruPremier;;"Ranking gap: 0.692 | Attacco casa: 2.44/gara | Difesa trasferta subisce: 1.25/gara | Over25 casa ultime10: 0.78 | Over25 trasferta ultime10: 0.62 || V20DEF_STRONG_DEFENSE[Rule=AT_LEAST_ONE_STRONG;Threshold=1.60;Penalty=-3.00;HomeGALast5=0.80;AwayGALast5=1.60;BaseScore=71.83;FinalScore=68.83]";13.84;24.44;;;12.5;11.67;9.38;;;;2.0.def1
2026-09-18;Finland_Kolmonen_Eastern_Group1;JJK/2;Komeetat;68.72;MEDIA-ALTA;24;2026-09-17;Finland_Kolmonen_Eastern_Group1;Finland_Kolmonen_Eastern_Group1;;Ranking gap: 0.255 | Attacco casa: 2.18/gara | Difesa trasferta subisce: 2.24/gara | Over25 casa ultime10: 0.80 | Over25 trasferta ultime10: 0.50;5.1;21.76;;;22.35;12.0;7.5;;;;2.0.def1
2026-09-18;Austria_Salzburg;Puch;UFC Siezenheim;68.69;MEDIA-ALTA;10;2026-09-17;Austria_Salzburg;Austria_Salzburg;;"Ranking gap: 0.049 | Attacco casa: 3.14/gara | Difesa trasferta subisce: 2.00/gara | Over25 casa ultime10: 1.00 | Over25 trasferta ultime10: 0.71 || V20DEF_STRONG_DEFENSE[Rule=AT_LEAST_ONE_STRONG;Threshold=1.60;Penalty=-3.00;HomeGALast5=1.40;AwayGALast5=1.80;BaseScore=71.69;FinalScore=68.69]";0.98;25.0;;;20.0;15.0;10.71;;;;2.0.def1
2026-09-18;Austria_Regionalliga_South;Weiz;Gleisdorf;68.61;MEDIA-ALTA;9;2026-09-17;Austria_Regionalliga_South;Austria_Regionalliga_South;;"Ranking gap: 0.747 | Attacco casa: 1.67/gara | Difesa trasferta subisce: 2.00/gara | Over25 casa ultime10: 0.67 | Over25 trasferta ultime10: 0.67 || V20DEF_STRONG_DEFENSE[Rule=AT_LEAST_ONE_STRONG;Threshold=1.60;Penalty=-3.00;HomeGALast5=0.80;AwayGALast5=2.40;BaseScore=71.61;FinalScore=68.61]";14.94;16.67;;;20.0;10.0;10.0;;;;2.0.def1
2026-09-18;Netherlands_Eredivisie;Groningen;Zwolle;68.4;MEDIA-ALTA;8;2026-09-17;Netherlands_Eredivisie;Netherlands_Eredivisie;;Ranking gap: 0.045 | Attacco casa: 2.00/gara | Difesa trasferta subisce: 2.83/gara | Over25 casa ultime10: 0.83 | Over25 trasferta ultime10: 0.67;0.9;20.0;;;25.0;12.5;10.0;;;;2.0.def1
2026-09-18;Moldova_Liga1_GroupA;Univer Comrat;FCM Ungheni;68.25;MEDIA-ALTA;6;2026-09-17;Moldova_Liga1_GroupA;Moldova_Liga1_GroupA;Moldova_Liga1;Ranking gap: 0.127 | Attacco casa: 2.29/gara | Difesa trasferta subisce: 2.14/gara | Over25 casa ultime10: 0.57 | Over25 trasferta ultime10: 0.86;2.54;22.86;;;21.43;8.57;12.86;;;;2.0.def1
2026-09-18;NorthMacedonia_1MFL;Shkendija;Bashkimi;67.95;MEDIA-ALTA;7;2026-09-17;NorthMacedonia_1MFL;NorthMacedonia_1MFL;;"Ranking gap: 0.089 | Attacco casa: 2.17/gara | Difesa trasferta subisce: 2.50/gara | Over25 casa ultime10: 0.67 | Over25 trasferta ultime10: 0.83 || V20DEF_STRONG_DEFENSE[Rule=AT_LEAST_ONE_STRONG;Threshold=1.60;Penalty=-3.00;HomeGALast5=1.40;AwayGALast5=2.00;BaseScore=70.95;FinalScore=67.95]";1.78;21.67;;;25.0;10.0;12.5;;;;2.0.def1
2026-09-18;Austria_Regionalliga_South;Deutschlandsberger;Kalsdorf;66.99;MEDIA-ALTA;9;2026-09-17;Austria_Regionalliga_South;Austria_Regionalliga_South;;"Ranking gap: 0.708 | Attacco casa: 2.33/gara | Difesa trasferta subisce: 1.00/gara | Over25 casa ultime10: 0.83 | Over25 trasferta ultime10: 0.67 || V20DEF_STRONG_DEFENSE[Rule=AT_LEAST_ONE_STRONG;Threshold=1.60;Penalty=-3.00;HomeGALast5=1.60;AwayGALast5=1.20;BaseScore=69.99;FinalScore=66.99]";14.16;23.33;;;10.0;12.5;10.0;;;;2.0.def1
2026-09-18;Denmark_2ndDivision;Nykobing;Hellerup;66.98;MEDIA-ALTA;8;2026-09-17;Denmark_2ndDivision;Denmark_2ndDivision;;"Ranking gap: 0.106 | Attacco casa: 2.86/gara | Difesa trasferta subisce: 1.71/gara | Over25 casa ultime10: 1.00 | Over25 trasferta ultime10: 0.71 || V20DEF_STRONG_DEFENSE[Rule=AT_LEAST_ONE_STRONG;Threshold=1.60;Penalty=-3.00;HomeGALast5=1.00;AwayGALast5=1.80;BaseScore=69.98;FinalScore=66.98]";2.12;25.0;;;17.14;15.0;10.71;;;;2.0.def1
2026-09-18;Kazakhstan_FirstLeague;Turan;Yelimay Semey 2;66.67;MEDIA-ALTA;32;2026-09-17;Kazakhstan_FirstLeague;Kazakhstan_FirstLeague;;"Ranking gap: 0.538 | Attacco casa: 2.14/gara | Difesa trasferta subisce: 1.95/gara | Over25 casa ultime10: 0.70 | Over25 trasferta ultime10: 0.50 || V20DEF_STRONG_DEFENSE[Rule=AT_LEAST_ONE_STRONG;Threshold=1.60;Penalty=-3.00;HomeGALast5=1.40;AwayGALast5=2.60;BaseScore=69.67;FinalScore=66.67]";10.76;21.36;;;19.55;10.5;7.5;;;;2.0.def1
2026-09-18;Finland_Kolmonen_Southern_Group3;Atlantis 2;ToTe/Tapio;66.32;MEDIA-ALTA;21;2026-09-17;Finland_Kolmonen_Southern_Group3;Finland_Kolmonen_Southern_Group3;;Ranking gap: 0.088 | Attacco casa: 1.71/gara | Difesa trasferta subisce: 2.78/gara | Over25 casa ultime10: 0.70 | Over25 trasferta ultime10: 0.80;1.76;17.06;;;25.0;10.5;12.0;;;;2.0.def1
2026-09-18;Austria_Karnten;SV Spittal;SC St. Veit;65.91;MEDIA-ALTA;10;2026-09-17;Austria_Karnten;Austria_Karnten;;"Ranking gap: 0.767 | Attacco casa: 1.71/gara | Difesa trasferta subisce: 1.29/gara | Over25 casa ultime10: 0.57 | Over25 trasferta ultime10: 1.00 || V20DEF_STRONG_DEFENSE[Rule=AT_LEAST_ONE_STRONG;Threshold=1.60;Penalty=-3.00;HomeGALast5=1.40;AwayGALast5=1.20;BaseScore=68.91;FinalScore=65.91]";15.34;17.14;;;12.86;8.57;15.0;;;;2.0.def1
2026-09-18;Austria_Wien;Schwechat;First Vienna (Am);65.72;MEDIA-ALTA;5;2026-09-17;Austria_Wien;Austria_Wien;;Ranking gap: 0.036 | Attacco casa: 2.67/gara | Difesa trasferta subisce: 2.00/gara | Over25 casa ultime10: 0.33 | Over25 trasferta ultime10: 1.00;0.72;25.0;;;20.0;5.0;15.0;;;;2.0.def1
2026-09-18;Wales_CymruPremier;Airbus;Flint;65.6;MEDIA-ALTA;10;2026-09-17;Wales_CymruPremier;Wales_CymruPremier;;Ranking gap: 0.780 | Attacco casa: 1.44/gara | Difesa trasferta subisce: 2.22/gara | Over25 casa ultime10: 0.33 | Over25 trasferta ultime10: 0.56;15.6;14.44;;;22.22;5.0;8.33;;;;2.0.def1
2026-09-18;Austria_Tirol;SC Kundl;FC Volders;65.23;MEDIA-ALTA;9;2026-09-17;Austria_Tirol;Austria_Tirol;;"Ranking gap: 0.733 | Attacco casa: 3.43/gara | Difesa trasferta subisce: 1.14/gara | Over25 casa ultime10: 0.86 | Over25 trasferta ultime10: 0.29 || V20DEF_STRONG_DEFENSE[Rule=AT_LEAST_ONE_STRONG;Threshold=1.60;Penalty=-3.00;HomeGALast5=1.60;AwayGALast5=1.00;BaseScore=68.23;FinalScore=65.23]";14.66;25.0;;;11.43;12.86;4.29;;;;2.0.def1
2026-09-18;Iceland_BestaDeildKvenna;Hafnarfjordur D;Stjarnan D;65.22;MEDIA-ALTA;21;2026-09-17;Iceland_BestaDeildKvenna;Iceland_BestaDeildKvenna;;Ranking gap: 0.211 | Attacco casa: 3.11/gara | Difesa trasferta subisce: 1.50/gara | Over25 casa ultime10: 0.80 | Over25 trasferta ultime10: 0.60;4.22;25.0;;;15.0;12.0;9.0;;;;2.0.def1
2026-09-18;Poland_IIILiga_Group3;Nysa;Rakow 2;65.17;MEDIA-ALTA;9;2026-09-17;Poland_IIILiga_Group3;Poland_IIILiga_Group3;;Ranking gap: 0.665 | Attacco casa: 1.00/gara | Difesa trasferta subisce: 2.12/gara | Over25 casa ultime10: 0.75 | Over25 trasferta ultime10: 0.62;13.3;10.0;;;21.25;11.25;9.38;;;;2.0.def1
2026-09-18;Germany_Oberliga_Niederrhein;Schonnebeck;SC St.Tonis;65.16;MEDIA-ALTA;9;2026-09-17;Germany_Oberliga_Niederrhein;Germany_Oberliga_Niederrhein;;"Ranking gap: 0.008 | Attacco casa: 4.75/gara | Difesa trasferta subisce: 1.60/gara | Over25 casa ultime10: 1.00 | Over25 trasferta ultime10: 0.80 || V20DEF_STRONG_DEFENSE[Rule=AT_LEAST_ONE_STRONG;Threshold=1.60;Penalty=-3.00;HomeGALast5=NA;AwayGALast5=1.60;BaseScore=68.16;FinalScore=65.16]";0.16;25.0;;;16.0;15.0;12.0;;;;2.0.def1
2026-09-18;Wales_CymruPremier;Haverfordwest;Holywell;65.11;MEDIA-ALTA;10;2026-09-17;Wales_CymruPremier;Wales_CymruPremier;;"Ranking gap: 0.739 | Attacco casa: 0.75/gara | Difesa trasferta subisce: 3.78/gara | Over25 casa ultime10: 0.50 | Over25 trasferta ultime10: 0.89 || V20DEF_STRONG_DEFENSE[Rule=AT_LEAST_ONE_STRONG;Threshold=1.60;Penalty=-3.00;HomeGALast5=1.60;AwayGALast5=3.80;BaseScore=68.11;FinalScore=65.11]";14.78;7.5;;;25.0;7.5;13.33;;;;2.0.def1
2026-09-18;Germany_Oberliga_Bremen;Oberneuland;Vatan Bremen;64.56;MEDIA-ALTA;7;2026-09-17;Germany_Oberliga_Bremen;Germany_Oberliga_Bremen;;Ranking gap: 0.053 | Attacco casa: 1.40/gara | Difesa trasferta subisce: 2.50/gara | Over25 casa ultime10: 0.80 | Over25 trasferta ultime10: 0.83;1.06;14.0;;;25.0;12.0;12.5;;;;2.0.def1
2026-09-18;Wales_CymruPremier;Briton Ferry;Trefelin;64.34;MEDIA-ALTA;10;2026-09-17;Wales_CymruPremier;Wales_CymruPremier;;Ranking gap: 0.689 | Attacco casa: 0.89/gara | Difesa trasferta subisce: 2.56/gara | Over25 casa ultime10: 0.56 | Over25 trasferta ultime10: 0.56;13.78;8.89;;;25.0;8.33;8.33;;;;2.0.def1
2026-09-18;Finland_Kolmonen_Western_Group2;Sääksjärven Loiske;ACE;64.15;MEDIA-ALTA;22;2026-09-17;Finland_Kolmonen_Western_Group2;Finland_Kolmonen_Western_Group2;;"Ranking gap: 0.197 | Attacco casa: 1.42/gara | Difesa trasferta subisce: 3.05/gara | Over25 casa ultime10: 0.70 | Over25 trasferta ultime10: 0.90 || V20DEF_STRONG_DEFENSE[Rule=AT_LEAST_ONE_STRONG;Threshold=1.60;Penalty=-3.00;HomeGALast5=1.60;AwayGALast5=3.40;BaseScore=67.15;FinalScore=64.15]";3.94;14.21;;;25.0;10.5;13.5;;;;2.0.def1
2026-09-18;Germany_Oberliga_Hessen;Hanauer SC;RW Walldorf;64.09;MEDIA-ALTA;11;2026-09-17;Germany_Oberliga_Hessen;Germany_Oberliga_Hessen;;Ranking gap: 0.010 | Attacco casa: 1.78/gara | Difesa trasferta subisce: 2.44/gara | Over25 casa ultime10: 0.67 | Over25 trasferta ultime10: 0.78;0.2;17.78;;;24.44;10.0;11.67;;;;2.0.def1
2026-09-18;Belgium_ChallengerProLeague;Club Brugge U23;Gent U23;63.79;MEDIA-ALTA;6;2026-09-17;Belgium_ChallengerProLeague;Belgium_ChallengerProLeague;;Ranking gap: 0.023 | Attacco casa: 2.00/gara | Difesa trasferta subisce: 2.33/gara | Over25 casa ultime10: 0.67 | Over25 trasferta ultime10: 0.67;0.46;20.0;;;23.33;10.0;10.0;;;;2.0.def1
2026-09-18;Austria_Regionalliga_North;Wallern/St Marienkirchen;Union Gurten;63.75;MEDIA-ALTA;10;2026-09-17;Austria_Regionalliga_North;Austria_Regionalliga_North;;"Ranking gap: 0.400 | Attacco casa: 3.00/gara | Difesa trasferta subisce: 1.12/gara | Over25 casa ultime10: 1.00 | Over25 trasferta ultime10: 0.50 || V20DEF_STRONG_DEFENSE[Rule=AT_LEAST_ONE_STRONG;Threshold=1.60;Penalty=-3.00;HomeGALast5=1.00;AwayGALast5=0.80;BaseScore=66.75;FinalScore=63.75]";8.0;25.0;;;11.25;15.0;7.5;;;;2.0.def1
2026-09-18;Lithuania_ILyga;BE1 NFA;Transinvest 2;63.6;MEDIA-ALTA;26;2026-09-17;Lithuania_ILyga;Lithuania_ILyga;;"Ranking gap: 0.372 | Attacco casa: 1.78/gara | Difesa trasferta subisce: 2.33/gara | Over25 casa ultime10: 0.50 | Over25 trasferta ultime10: 0.70 || V20DEF_STRONG_DEFENSE[Rule=AT_LEAST_ONE_STRONG;Threshold=1.60;Penalty=-3.00;HomeGALast5=0.20;AwayGALast5=2.00;BaseScore=66.60;FinalScore=63.60]";7.44;17.83;;;23.33;7.5;10.5;;;;2.0.def1
2026-09-18;Poland_IIILiga_Group1;T. Mazowiecki;Swit;63.42;MEDIA-ALTA;9;2026-09-17;Poland_IIILiga_Group1;Poland_IIILiga_Group1;;"Ranking gap: 0.665 | Attacco casa: 2.12/gara | Difesa trasferta subisce: 1.12/gara | Over25 casa ultime10: 0.75 | Over25 trasferta ultime10: 0.62 || V20DEF_STRONG_DEFENSE[Rule=AT_LEAST_ONE_STRONG;Threshold=1.60;Penalty=-3.00;HomeGALast5=2.40;AwayGALast5=1.60;BaseScore=66.42;FinalScore=63.42]";13.3;21.25;;;11.25;11.25;9.38;;;;2.0.def1
2026-09-18;Finland_Kolmonen_Western_Group3;VIFK;Kiisto;63.13;MEDIA-ALTA;16;2026-09-17;Finland_Kolmonen_Western_Group3;Finland_Kolmonen_Western_Group3;;"Ranking gap: 0.146 | Attacco casa: 3.22/gara | Difesa trasferta subisce: 1.42/gara | Over25 casa ultime10: 0.90 | Over25 trasferta ultime10: 0.70 || V20DEF_STRONG_DEFENSE[Rule=AT_LEAST_ONE_STRONG;Threshold=1.60;Penalty=-3.00;HomeGALast5=0.80;AwayGALast5=2.00;BaseScore=66.13;FinalScore=63.13]";2.92;25.0;;;14.21;13.5;10.5;;;;2.0.def1
2026-09-18;Austria_Wien;Red Star-Penzing;Lac Inter;62.74;MEDIA-ALTA;5;2026-09-17;Austria_Wien;Austria_Wien;;Ranking gap: 0.012 | Attacco casa: 2.00/gara | Difesa trasferta subisce: 2.00/gara | Over25 casa ultime10: 0.50 | Over25 trasferta ultime10: 1.00;0.24;20.0;;;20.0;7.5;15.0;;;;2.0.def1
2026-09-18;Austria_Steiermark;Pachern;Kindberg Murzhofen;62.51;MEDIA-ALTA;5;2026-09-17;Austria_Steiermark;Austria_Steiermark;16 clubs, double round robin.;Ranking gap: 0.042 | Attacco casa: 1.67/gara | Difesa trasferta subisce: 3.00/gara | Over25 casa ultime10: 0.33 | Over25 trasferta ultime10: 1.00;0.84;16.67;;;25.0;5.0;15.0;;;;2.0.def1
2026-09-18;Germany_Regionalliga_Bayern;Buchbach;Schweinfurt;62.51;MEDIA-ALTA;11;2026-09-17;Germany_Regionalliga_Bayern;Germany_Regionalliga_Bayern;;"Ranking gap: 0.102 | Attacco casa: 2.38/gara | Difesa trasferta subisce: 2.22/gara | Over25 casa ultime10: 0.50 | Over25 trasferta ultime10: 0.67 || V20DEF_STRONG_DEFENSE[Rule=AT_LEAST_ONE_STRONG;Threshold=1.60;Penalty=-3.00;HomeGALast5=0.80;AwayGALast5=2.20;BaseScore=65.51;FinalScore=62.51]";2.04;23.75;;;22.22;7.5;10.0;;;;2.0.def1
2026-09-18;Estonia_Esiliiga;Tallinna Kalev;Flora U21;62.48;MEDIA-ALTA;34;2026-09-17;Estonia_Esiliiga;Estonia_Esiliiga;;Ranking gap: 0.227 | Attacco casa: 1.79/gara | Difesa trasferta subisce: 1.76/gara | Over25 casa ultime10: 0.70 | Over25 trasferta ultime10: 0.80;4.54;17.86;;;17.59;10.5;12.0;;;;2.0.def1
2026-09-18;Kazakhstan_FirstLeague;FC Astana 2;FC Batyr;62.44;MEDIA-ALTA;32;2026-09-17;Kazakhstan_FirstLeague;Kazakhstan_FirstLeague;;Ranking gap: 0.081 | Attacco casa: 1.59/gara | Difesa trasferta subisce: 2.09/gara | Over25 casa ultime10: 0.80 | Over25 trasferta ultime10: 0.80;1.62;15.91;;;20.91;12.0;12.0;;;;2.0.def1
2026-09-18;Netherlands_EersteDivisie;Almere City;Heracles;62.4;MEDIA-ALTA;9;2026-09-17;Netherlands_EersteDivisie;Netherlands_EersteDivisie;;"Ranking gap: 0.020 | Attacco casa: 2.50/gara | Difesa trasferta subisce: 1.50/gara | Over25 casa ultime10: 0.67 | Over25 trasferta ultime10: 1.00 || V20DEF_STRONG_DEFENSE[Rule=AT_LEAST_ONE_STRONG;Threshold=1.60;Penalty=-3.00;HomeGALast5=0.60;AwayGALast5=1.20;BaseScore=65.40;FinalScore=62.40]";0.4;25.0;;;15.0;10.0;15.0;;;;2.0.def1
2026-09-18;Azerbaijan_PremierLeague;Qarabag;Safa Baku;62.38;MEDIA-ALTA;6;2026-09-17;Azerbaijan_PremierLeague;Azerbaijan_PremierLeague;;Ranking gap: 0.119 | Attacco casa: 2.00/gara | Difesa trasferta subisce: 2.50/gara | Over25 casa ultime10: 0.50 | Over25 trasferta ultime10: 0.50;2.38;20.0;;;25.0;7.5;7.5;;;;2.0.def1
2026-09-18;Germany_Oberliga_Hamburg;Victoria Hamburg;Pinneberg;62.18;MEDIA-ALTA;8;2026-09-17;Germany_Oberliga_Hamburg;Germany_Oberliga_Hamburg;;"Ranking gap: 0.009 | Attacco casa: 2.29/gara | Difesa trasferta subisce: 1.86/gara | Over25 casa ultime10: 0.57 | Over25 trasferta ultime10: 1.00 || V20DEF_STRONG_DEFENSE[Rule=AT_LEAST_ONE_STRONG;Threshold=1.60;Penalty=-3.00;HomeGALast5=1.60;AwayGALast5=2.00;BaseScore=65.18;FinalScore=62.18]";0.18;22.86;;;18.57;8.57;15.0;;;;2.0.def1
2026-09-18;Poland_IIILiga_Group3;Polkowice;Sosnowiec;62.17;MEDIA-ALTA;9;2026-09-17;Poland_IIILiga_Group3;Poland_IIILiga_Group3;;"Ranking gap: 0.665 | Attacco casa: 2.12/gara | Difesa trasferta subisce: 1.00/gara | Over25 casa ultime10: 0.88 | Over25 trasferta ultime10: 0.50 || V20DEF_STRONG_DEFENSE[Rule=AT_LEAST_ONE_STRONG;Threshold=1.60;Penalty=-3.00;HomeGALast5=1.00;AwayGALast5=0.80;BaseScore=65.17;FinalScore=62.17]";13.3;21.25;;;10.0;13.12;7.5;;;;2.0.def1
2026-09-18;Austria_Oberosterreich;Edelweiss;Union Unis Gschwandt;61.93;MEDIA-ALTA;10;2026-09-17;Austria_Oberosterreich;Austria_Oberosterreich;;"Ranking gap: 0.056 | Attacco casa: 2.43/gara | Difesa trasferta subisce: 1.67/gara | Over25 casa ultime10: 0.86 | Over25 trasferta ultime10: 0.67 || V20DEF_STRONG_DEFENSE[Rule=AT_LEAST_ONE_STRONG;Threshold=1.60;Penalty=-3.00;HomeGALast5=1.80;AwayGALast5=1.60;BaseScore=64.93;FinalScore=61.93]";1.12;24.29;;;16.67;12.86;10.0;;;;2.0.def1
2026-09-18;Germany_Oberliga_Hamburg;Norderstedt 2;ETSV Hamburg;61.72;MEDIA-ALTA;8;2026-09-17;Germany_Oberliga_Hamburg;Germany_Oberliga_Hamburg;;Ranking gap: 0.056 | Attacco casa: 1.14/gara | Difesa trasferta subisce: 2.17/gara | Over25 casa ultime10: 1.00 | Over25 trasferta ultime10: 0.83;1.12;11.43;;;21.67;15.0;12.5;;;;2.0.def1
2026-09-18;CzechRepublic_4Liga_GroupA;Hluboka nad Vltavou;Milevsko;61.7;MEDIA-ALTA;7;2026-09-17;CzechRepublic_4Liga_GroupA;CzechRepublic_4Liga_GroupA;CzechRepublic_4Liga;Ranking gap: 0.106 | Attacco casa: 2.00/gara | Difesa trasferta subisce: 1.83/gara | Over25 casa ultime10: 0.75 | Over25 trasferta ultime10: 0.67;2.12;20.0;;;18.33;11.25;10.0;;;;2.0.def1
2026-09-18;Finland_Ykkosliiga;Haka;Klubi 04;61.07;MEDIA-ALTA;27;2026-09-17;Finland_Ykkosliiga;Finland_Ykkosliiga;;"Ranking gap: 0.537 | Attacco casa: 1.90/gara | Difesa trasferta subisce: 1.48/gara | Over25 casa ultime10: 0.80 | Over25 trasferta ultime10: 0.50 || V20DEF_STRONG_DEFENSE[Rule=AT_LEAST_ONE_STRONG;Threshold=1.60;Penalty=-3.00;HomeGALast5=1.40;AwayGALast5=2.20;BaseScore=64.07;FinalScore=61.07]";10.74;19.05;;;14.78;12.0;7.5;;;;2.0.def1
2026-09-18;Austria_Bundesliga;SK Rapid;Tirol;60.48;MEDIA-ALTA;8;2026-09-17;Austria_Bundesliga;Austria_Bundesliga;;"Ranking gap: 0.049 | Attacco casa: 3.00/gara | Difesa trasferta subisce: 1.50/gara | Over25 casa ultime10: 0.83 | Over25 trasferta ultime10: 0.67 || V20DEF_STRONG_DEFENSE[Rule=AT_LEAST_ONE_STRONG;Threshold=1.60;Penalty=-3.00;HomeGALast5=1.40;AwayGALast5=1.60;BaseScore=63.48;FinalScore=60.48]";0.98;25.0;;;15.0;12.5;10.0;;;;2.0.def1
2026-09-18;Wales_CymruPremier;Colwyn Bay;Barry;60.45;MEDIA-ALTA;10;2026-09-17;Wales_CymruPremier;Wales_CymruPremier;;"Ranking gap: 0.728 | Attacco casa: 1.67/gara | Difesa trasferta subisce: 1.22/gara | Over25 casa ultime10: 0.56 | Over25 trasferta ultime10: 0.78 || V20DEF_STRONG_DEFENSE[Rule=AT_LEAST_ONE_STRONG;Threshold=1.60;Penalty=-3.00;HomeGALast5=1.40;AwayGALast5=1.40;BaseScore=63.45;FinalScore=60.45]";14.56;16.67;;;12.22;8.33;11.67;;;;2.0.def1
2026-09-18;Russia_FNL;Sochi;SKA Khabarovsk;60.44;MEDIA-ALTA;12;2026-09-17;Russia_FNL;Russia_FNL;;"Ranking gap: 0.188 | Attacco casa: 1.82/gara | Difesa trasferta subisce: 2.20/gara | Over25 casa ultime10: 0.70 | Over25 trasferta ultime10: 0.60 || V20DEF_STRONG_DEFENSE[Rule=AT_LEAST_ONE_STRONG;Threshold=1.60;Penalty=-3.00;HomeGALast5=1.20;AwayGALast5=2.20;BaseScore=63.44;FinalScore=60.44]";3.76;18.18;;;22.0;10.5;9.0;;;;2.0.def1
2026-09-18;Belgium_ChallengerProLeague;Francs Borains;Anderlecht U23;60.29;MEDIA-ALTA;6;2026-09-17;Belgium_ChallengerProLeague;Belgium_ChallengerProLeague;;Ranking gap: 0.077 | Attacco casa: 1.50/gara | Difesa trasferta subisce: 2.75/gara | Over25 casa ultime10: 0.50 | Over25 trasferta ultime10: 0.75;1.54;15.0;;;25.0;7.5;11.25;;;;2.0.def1
2026-09-18;Netherlands_EersteDivisie;Eindhoven;FC Emmen;60.17;MEDIA-ALTA;9;2026-09-17;Netherlands_EersteDivisie;Netherlands_EersteDivisie;;Ranking gap: 0.050 | Attacco casa: 1.33/gara | Difesa trasferta subisce: 2.33/gara | Over25 casa ultime10: 0.67 | Over25 trasferta ultime10: 0.83;1.0;13.33;;;23.33;10.0;12.5;;;;2.0.def1
2026-09-18;Italy_SerieA;Monza;Sassuolo;59.81;MEDIA;5;2026-09-17;Italy_SerieA;Italy_SerieA;;Ranking gap: 0.032 | Attacco casa: 1.67/gara | Difesa trasferta subisce: 1.75/gara | Over25 casa ultime10: 0.67 | Over25 trasferta ultime10: 1.00;0.64;16.67;;;17.5;10.0;15.0;;;;2.0.def1
2026-09-18;Poland_IIILiga_Group1;LKS Lomza;Zabki;59.8;MEDIA;9;2026-09-17;Poland_IIILiga_Group1;Poland_IIILiga_Group1;;"Ranking gap: 0.796 | Attacco casa: 1.25/gara | Difesa trasferta subisce: 1.75/gara | Over25 casa ultime10: 0.50 | Over25 trasferta ultime10: 0.62 || V20DEF_STRONG_DEFENSE[Rule=AT_LEAST_ONE_STRONG;Threshold=1.60;Penalty=-3.00;HomeGALast5=1.60;AwayGALast5=1.20;BaseScore=62.80;FinalScore=59.80]";15.92;12.5;;;17.5;7.5;9.38;;;;2.0.def1
2026-09-18;Finland_Kolmonen_Southern_Group2;Laajasalon Palloseura;ToTe;59.63;MEDIA;22;2026-09-17;Finland_Kolmonen_Southern_Group2;Finland_Kolmonen_Southern_Group2;;"Ranking gap: 0.064 | Attacco casa: 3.00/gara | Difesa trasferta subisce: 1.24/gara | Over25 casa ultime10: 0.90 | Over25 trasferta ultime10: 0.70 || V20DEF_STRONG_DEFENSE[Rule=AT_LEAST_ONE_STRONG;Threshold=1.60;Penalty=-3.00;HomeGALast5=1.00;AwayGALast5=1.80;BaseScore=62.63;FinalScore=59.63]";1.28;25.0;;;12.35;13.5;10.5;;;;2.0.def1
2026-09-18;Austria_Regionalliga_North;Seekirchen;Wals-Grunau;59.45;MEDIA;10;2026-09-17;Austria_Regionalliga_North;Austria_Regionalliga_North;;"Ranking gap: 0.810 | Attacco casa: 1.00/gara | Difesa trasferta subisce: 1.38/gara | Over25 casa ultime10: 0.62 | Over25 trasferta ultime10: 0.88 || V20DEF_STRONG_DEFENSE[Rule=AT_LEAST_ONE_STRONG;Threshold=1.60;Penalty=-3.00;HomeGALast5=1.20;AwayGALast5=1.60;BaseScore=62.45;FinalScore=59.45]";16.2;10.0;;;13.75;9.38;13.12;;;;2.0.def1
2026-09-18;CzechRepublic_4Liga_GroupF;Hlucin;Pusta Polom;59.32;MEDIA;7;2026-09-17;CzechRepublic_4Liga_GroupF;CzechRepublic_4Liga_GroupF;CzechRepublic_4Liga;"Ranking gap: 0.116 | Attacco casa: 2.33/gara | Difesa trasferta subisce: 1.67/gara | Over25 casa ultime10: 0.67 | Over25 trasferta ultime10: 0.67 || V20DEF_STRONG_DEFENSE[Rule=AT_LEAST_ONE_STRONG;Threshold=1.60;Penalty=-3.00;HomeGALast5=0.80;AwayGALast5=2.00;BaseScore=62.32;FinalScore=59.32]";2.32;23.33;;;16.67;10.0;10.0;;;;2.0.def1
2026-09-18;Germany_Oberliga_Bayern_Nord;Cham;Neudrossenfeld;58.96;MEDIA;15;2026-09-17;Germany_Oberliga_Bayern_Nord;Germany_Oberliga_Bayern_Nord;;"Ranking gap: 0.123 | Attacco casa: 2.40/gara | Difesa trasferta subisce: 1.60/gara | Over25 casa ultime10: 0.70 | Over25 trasferta ultime10: 0.60 || V20DEF_STRONG_DEFENSE[Rule=AT_LEAST_ONE_STRONG;Threshold=1.60;Penalty=-3.00;HomeGALast5=1.20;AwayGALast5=2.20;BaseScore=61.96;FinalScore=58.96]";2.46;24.0;;;16.0;10.5;9.0;;;;2.0.def1
2026-09-18;CzechRepublic_4Liga_GroupB;Karlovy Vary;Sokolov;58.88;MEDIA;7;2026-09-17;CzechRepublic_4Liga_GroupB;CzechRepublic_4Liga_GroupB;CzechRepublic_4Liga;"Ranking gap: 0.094 | Attacco casa: 2.67/gara | Difesa trasferta subisce: 0.80/gara | Over25 casa ultime10: 1.00 | Over25 trasferta ultime10: 0.80 || V20DEF_STRONG_DEFENSE[Rule=AT_LEAST_ONE_STRONG;Threshold=1.60;Penalty=-3.00;HomeGALast5=2.40;AwayGALast5=0.80;BaseScore=61.88;FinalScore=58.88]";1.88;25.0;;;8.0;15.0;12.0;;;;2.0.def1
2026-09-18;Austria_Regionalliga_North;Vorwarts Steyr;Dietach;58.57;MEDIA;10;2026-09-17;Austria_Regionalliga_North;Austria_Regionalliga_North;;"Ranking gap: 0.400 | Attacco casa: 1.14/gara | Difesa trasferta subisce: 2.71/gara | Over25 casa ultime10: 0.43 | Over25 trasferta ultime10: 0.71 || V20DEF_STRONG_DEFENSE[Rule=AT_LEAST_ONE_STRONG;Threshold=1.60;Penalty=-3.00;HomeGALast5=1.40;AwayGALast5=3.00;BaseScore=61.57;FinalScore=58.57]";8.0;11.43;;;25.0;6.43;10.71;;;;2.0.def1
2026-09-18;Netherlands_EersteDivisie;Oss;Dordrecht;58.53;MEDIA;9;2026-09-17;Netherlands_EersteDivisie;Netherlands_EersteDivisie;;Ranking gap: 0.010 | Attacco casa: 0.83/gara | Difesa trasferta subisce: 3.00/gara | Over25 casa ultime10: 0.83 | Over25 trasferta ultime10: 0.83;0.2;8.33;;;25.0;12.5;12.5;;;;2.0.def1
2026-09-18;Austria_Burgenland;Deutschkreutz;Edelserpentin;58.5;MEDIA;8;2026-09-17;Austria_Burgenland;Austria_Burgenland;;"Ranking gap: 0.075 | Attacco casa: 1.50/gara | Difesa trasferta subisce: 2.67/gara | Over25 casa ultime10: 0.67 | Over25 trasferta ultime10: 0.67 || V20DEF_STRONG_DEFENSE[Rule=AT_LEAST_ONE_STRONG;Threshold=1.60;Penalty=-3.00;HomeGALast5=1.40;AwayGALast5=2.60;BaseScore=61.50;FinalScore=58.50]";1.5;15.0;;;25.0;10.0;10.0;;;;2.0.def1
2026-09-18;Spain_LaLiga;Espanyol;Elche;58.24;MEDIA;9;2026-09-17;Spain_LaLiga;Spain_LaLiga;;"Ranking gap: 0.062 | Attacco casa: 1.60/gara | Difesa trasferta subisce: 2.67/gara | Over25 casa ultime10: 0.60 | Over25 trasferta ultime10: 0.67 || V20DEF_STRONG_DEFENSE[Rule=AT_LEAST_ONE_STRONG;Threshold=1.60;Penalty=-3.00;HomeGALast5=1.00;AwayGALast5=3.00;BaseScore=61.24;FinalScore=58.24]";1.24;16.0;;;25.0;9.0;10.0;;;;2.0.def1
2026-09-18;Netherlands_EersteDivisie;Jong Utrecht;Venlo;58.09;MEDIA;9;2026-09-17;Netherlands_EersteDivisie;Netherlands_EersteDivisie;;"Ranking gap: 0.065 | Attacco casa: 1.75/gara | Difesa trasferta subisce: 1.67/gara | Over25 casa ultime10: 0.88 | Over25 trasferta ultime10: 0.83 || V20DEF_STRONG_DEFENSE[Rule=AT_LEAST_ONE_STRONG;Threshold=1.60;Penalty=-3.00;HomeGALast5=1.40;AwayGALast5=1.20;BaseScore=61.09;FinalScore=58.09]";1.3;17.5;;;16.67;13.12;12.5;;;;2.0.def1
2026-09-18;Germany_Oberliga_Hamburg;Harksheide;TSV Buchholz 08;57.77;MEDIA;8;2026-09-17;Germany_Oberliga_Hamburg;Germany_Oberliga_Hamburg;;Ranking gap: 0.073 | Attacco casa: 1.14/gara | Difesa trasferta subisce: 2.17/gara | Over25 casa ultime10: 0.71 | Over25 trasferta ultime10: 0.83;1.46;11.43;;;21.67;10.71;12.5;;;;2.0.def1
2026-09-18;Peru_Liga1_Clausura;Alianza Atl.;Comerciantes Unidos;57.77;MEDIA;10;2026-09-17;Peru_Liga1_Clausura;Peru_Liga1_Clausura;;"Ranking gap: 0.101 | Attacco casa: 1.88/gara | Difesa trasferta subisce: 1.75/gara | Over25 casa ultime10: 0.75 | Over25 trasferta ultime10: 0.75 || V20DEF_STRONG_DEFENSE[Rule=AT_LEAST_ONE_STRONG;Threshold=1.60;Penalty=-3.00;HomeGALast5=1.60;AwayGALast5=1.60;BaseScore=60.77;FinalScore=57.77]";2.02;18.75;;;17.5;11.25;11.25;;;;2.0.def1
2026-09-18;CzechRepublic_4Liga_GroupE;Hluk;Holesov;57.73;MEDIA;7;2026-09-17;CzechRepublic_4Liga_GroupE;CzechRepublic_4Liga_GroupE;CzechRepublic_4Liga;"Ranking gap: 0.078 | Attacco casa: 3.00/gara | Difesa trasferta subisce: 1.17/gara | Over25 casa ultime10: 0.83 | Over25 trasferta ultime10: 0.67 || V20DEF_STRONG_DEFENSE[Rule=AT_LEAST_ONE_STRONG;Threshold=1.60;Penalty=-3.00;HomeGALast5=1.20;AwayGALast5=1.40;BaseScore=60.73;FinalScore=57.73]";1.56;25.0;;;11.67;12.5;10.0;;;;2.0.def1
2026-09-18;Austria_Niederosterreich;St. Peter in der Au;St. Polten (Am);57.7;MEDIA;7;2026-09-17;Austria_Niederosterreich;Austria_Niederosterreich;;Ranking gap: 0.010 | Attacco casa: 1.50/gara | Difesa trasferta subisce: 2.00/gara | Over25 casa ultime10: 1.00 | Over25 trasferta ultime10: 0.50;0.2;15.0;;;20.0;15.0;7.5;;;;2.0.def1
2026-09-18;Netherlands_EersteDivisie;Jong AZ;FC Volendam;57.7;MEDIA;9;2026-09-17;Netherlands_EersteDivisie;Netherlands_EersteDivisie;;"Ranking gap: 0.014 | Attacco casa: 2.25/gara | Difesa trasferta subisce: 1.67/gara | Over25 casa ultime10: 0.75 | Over25 trasferta ultime10: 0.67 || V20DEF_STRONG_DEFENSE[Rule=AT_LEAST_ONE_STRONG;Threshold=1.60;Penalty=-3.00;HomeGALast5=2.00;AwayGALast5=1.40;BaseScore=60.70;FinalScore=57.70]";0.28;22.5;;;16.67;11.25;10.0;;;;2.0.def1
2026-09-18;Finland_Kolmonen_Western_Group1;ÅCF;KaaPo;57.15;MEDIA;22;2026-09-17;Finland_Kolmonen_Western_Group1;Finland_Kolmonen_Western_Group1;;Ranking gap: 0.180 | Attacco casa: 0.89/gara | Difesa trasferta subisce: 2.21/gara | Over25 casa ultime10: 0.70 | Over25 trasferta ultime10: 0.80;3.6;8.95;;;22.11;10.5;12.0;;;;2.0.def1
2026-09-18;Switzerland_ChallengeLeague;Winterthur;Aarau;57.0;MEDIA;9;2026-09-17;Switzerland_ChallengeLeague;Switzerland_ChallengeLeague;;"Ranking gap: 0.031 | Attacco casa: 2.12/gara | Difesa trasferta subisce: 1.75/gara | Over25 casa ultime10: 0.50 | Over25 trasferta ultime10: 0.88 || V20DEF_STRONG_DEFENSE[Rule=AT_LEAST_ONE_STRONG;Threshold=1.60;Penalty=-3.00;HomeGALast5=0.60;AwayGALast5=1.80;BaseScore=60.00;FinalScore=57.00]";0.62;21.25;;;17.5;7.5;13.12;;;;2.0.def1
2026-09-18;Iceland_BestaDeildKvenna;Fram D;Vikingur Reykjavik D;56.89;MEDIA;21;2026-09-17;Iceland_BestaDeildKvenna;Iceland_BestaDeildKvenna;;"Ranking gap: 0.111 | Attacco casa: 1.56/gara | Difesa trasferta subisce: 2.11/gara | Over25 casa ultime10: 0.80 | Over25 trasferta ultime10: 0.60 || V20DEF_STRONG_DEFENSE[Rule=AT_LEAST_ONE_STRONG;Threshold=1.60;Penalty=-3.00;HomeGALast5=3.20;AwayGALast5=1.00;BaseScore=59.89;FinalScore=56.89]";2.22;15.56;;;21.11;12.0;9.0;;;;2.0.def1
2026-09-18;Finland_Kolmonen_Southern_Group1;Nummelan Palloseura;Pöxyt;56.83;MEDIA;20;2026-09-17;Finland_Kolmonen_Southern_Group1;Finland_Kolmonen_Southern_Group1;;Ranking gap: 0.239 | Attacco casa: 1.00/gara | Difesa trasferta subisce: 2.11/gara | Over25 casa ultime10: 0.50 | Over25 trasferta ultime10: 0.90;4.78;10.0;;;21.05;7.5;13.5;;;;2.0.def1
2026-09-18;CzechRepublic_ChNL;Karvina;Kromeriz;56.7;MEDIA;9;2026-09-17;CzechRepublic_ChNL;CzechRepublic_ChNL;;"Ranking gap: 0.141 | Attacco casa: 2.00/gara | Difesa trasferta subisce: 2.00/gara | Over25 casa ultime10: 0.62 | Over25 trasferta ultime10: 0.50 || V20DEF_STRONG_DEFENSE[Rule=AT_LEAST_ONE_STRONG;Threshold=1.60;Penalty=-3.00;HomeGALast5=1.40;AwayGALast5=2.40;BaseScore=59.70;FinalScore=56.70]";2.82;20.0;;;20.0;9.38;7.5;;;;2.0.def1
2026-09-18;Germany_Oberliga_Bremen;Leher;Geestemunde;56.51;MEDIA;7;2026-09-17;Germany_Oberliga_Bremen;Germany_Oberliga_Bremen;;Ranking gap: 0.034 | Attacco casa: 0.83/gara | Difesa trasferta subisce: 3.17/gara | Over25 casa ultime10: 0.67 | Over25 trasferta ultime10: 0.83;0.68;8.33;;;25.0;10.0;12.5;;;;2.0.def1
2026-09-18;Austria_2Liga;Floridsdorfer AC;Liefering;56.37;MEDIA;7;2026-09-17;Austria_2Liga;Austria_2Liga;;Ranking gap: 0.027 | Attacco casa: 1.50/gara | Difesa trasferta subisce: 1.83/gara | Over25 casa ultime10: 0.50 | Over25 trasferta ultime10: 1.00;0.54;15.0;;;18.33;7.5;15.0;;;;2.0.def1
2026-09-18;England_PremierLeague;Brentford;Chelsea;56.31;MEDIA;5;2026-09-17;England_PremierLeague;England_PremierLeague;;Ranking gap: 0.024 | Attacco casa: 1.33/gara | Difesa trasferta subisce: 2.25/gara | Over25 casa ultime10: 0.33 | Over25 trasferta ultime10: 1.00;0.48;13.33;;;22.5;5.0;15.0;;;;2.0.def1
2026-09-18;FaroeIslands_PremierLeague;Klaksvik;Skala Itrottarfelag;56.31;MEDIA;27;2026-09-17;FaroeIslands_PremierLeague;FaroeIslands_PremierLeague;;"Ranking gap: 0.368 | Attacco casa: 1.95/gara | Difesa trasferta subisce: 1.59/gara | Over25 casa ultime10: 0.50 | Over25 trasferta ultime10: 0.60 || V20DEF_STRONG_DEFENSE[Rule=AT_LEAST_ONE_STRONG;Threshold=1.60;Penalty=-3.00;HomeGALast5=1.40;AwayGALast5=1.60;BaseScore=59.31;FinalScore=56.31]";7.36;19.55;;;15.91;7.5;9.0;;;;2.0.def1
2026-09-18;Austria_Oberosterreich;Pregarten;Micheldorf;56.3;MEDIA;10;2026-09-17;Austria_Oberosterreich;Austria_Oberosterreich;;Ranking gap: 0.065 | Attacco casa: 1.43/gara | Difesa trasferta subisce: 1.71/gara | Over25 casa ultime10: 0.71 | Over25 trasferta ultime10: 0.86;1.3;14.29;;;17.14;10.71;12.86;;;;2.0.def1
2026-09-18;Poland_Division2;Bielsko-Biala;Swit Szczecin;56.14;MEDIA;9;2026-09-17;Poland_Division2;Poland_Division2;;"Ranking gap: 0.082 | Attacco casa: 1.38/gara | Difesa trasferta subisce: 2.50/gara | Over25 casa ultime10: 0.62 | Over25 trasferta ultime10: 0.62 || V20DEF_STRONG_DEFENSE[Rule=AT_LEAST_ONE_STRONG;Threshold=1.60;Penalty=-3.00;HomeGALast5=1.40;AwayGALast5=1.80;BaseScore=59.14;FinalScore=56.14]";1.64;13.75;;;25.0;9.38;9.38;;;;2.0.def1
2026-09-18;Switzerland_ChallengeLeague;Wil;Nyonnais;56.12;MEDIA;9;2026-09-17;Switzerland_ChallengeLeague;Switzerland_ChallengeLeague;;Ranking gap: 0.025 | Attacco casa: 1.25/gara | Difesa trasferta subisce: 2.25/gara | Over25 casa ultime10: 0.62 | Over25 trasferta ultime10: 0.75;0.5;12.5;;;22.5;9.38;11.25;;;;2.0.def1
2026-09-18;Finland_Kolmonen_Western_Group1;PiPS;JyTy;55.92;MEDIA;22;2026-09-17;Finland_Kolmonen_Western_Group1;Finland_Kolmonen_Western_Group1;;"Ranking gap: 0.062 | Attacco casa: 1.15/gara | Difesa trasferta subisce: 2.37/gara | Over25 casa ultime10: 0.90 | Over25 trasferta ultime10: 0.60 || V20DEF_STRONG_DEFENSE[Rule=AT_LEAST_ONE_STRONG;Threshold=1.60;Penalty=-3.00;HomeGALast5=1.00;AwayGALast5=1.60;BaseScore=58.92;FinalScore=55.92]";1.24;11.5;;;23.68;13.5;9.0;;;;2.0.def1
2026-09-18;Belarus_VysshayaLiga;ML Vitebsk;Arsenal Dzerzhinsk;55.69;MEDIA;26;2026-09-17;Belarus_VysshayaLiga;Belarus_VysshayaLiga;;"Ranking gap: 0.315 | Attacco casa: 1.85/gara | Difesa trasferta subisce: 1.74/gara | Over25 casa ultime10: 0.50 | Over25 trasferta ultime10: 0.60 || V20DEF_STRONG_DEFENSE[Rule=AT_LEAST_ONE_STRONG;Threshold=1.60;Penalty=-3.00;HomeGALast5=0.60;AwayGALast5=2.20;BaseScore=58.69;FinalScore=55.69]";6.3;18.5;;;17.39;7.5;9.0;;;;2.0.def1
2026-09-18;Austria_Regionalliga_East;Traiskirchen;Marchfeld;55.66;MEDIA;8;2026-09-17;Austria_Regionalliga_East;Austria_Regionalliga_East;;"Ranking gap: 0.040 | Attacco casa: 2.67/gara | Difesa trasferta subisce: 1.00/gara | Over25 casa ultime10: 0.67 | Over25 trasferta ultime10: 0.86 || V20DEF_STRONG_DEFENSE[Rule=AT_LEAST_ONE_STRONG;Threshold=1.60;Penalty=-3.00;HomeGALast5=2.00;AwayGALast5=1.20;BaseScore=58.66;FinalScore=55.66]";0.8;25.0;;;10.0;10.0;12.86;;;;2.0.def1
2026-09-18;Austria_Regionalliga_South;Volkermarkt;Treibach;55.63;MEDIA;9;2026-09-17;Austria_Regionalliga_South;Austria_Regionalliga_South;;"Ranking gap: 0.717 | Attacco casa: 1.86/gara | Difesa trasferta subisce: 0.86/gara | Over25 casa ultime10: 0.43 | Over25 trasferta ultime10: 0.71 || V20DEF_STRONG_DEFENSE[Rule=AT_LEAST_ONE_STRONG;Threshold=1.60;Penalty=-3.00;HomeGALast5=1.00;AwayGALast5=1.00;BaseScore=58.63;FinalScore=55.63]";14.34;18.57;;;8.57;6.43;10.71;;;;2.0.def1
2026-09-18;Sweden_Division2_VastraGotaland;Torslanda;Lindome;55.54;MEDIA;24;2026-09-17;Sweden_Division2_VastraGotaland;Sweden_Division2_VastraGotaland;;"Ranking gap: 0.234 | Attacco casa: 1.81/gara | Difesa trasferta subisce: 1.48/gara | Over25 casa ultime10: 0.70 | Over25 trasferta ultime10: 0.70 || V20DEF_STRONG_DEFENSE[Rule=AT_LEAST_ONE_STRONG;Threshold=1.60;Penalty=-3.00;HomeGALast5=5.40;AwayGALast5=1.20;BaseScore=58.54;FinalScore=55.54]";4.68;18.1;;;14.76;10.5;10.5;;;;2.0.def1
2026-09-18;Austria_Steiermark;SV Union Gnas;SV Wildon;55.46;MEDIA;5;2026-09-17;Austria_Steiermark;Austria_Steiermark;16 clubs, double round robin.;Ranking gap: 0.023 | Attacco casa: 3.00/gara | Difesa trasferta subisce: 1.00/gara | Over25 casa ultime10: 0.67 | Over25 trasferta ultime10: 0.67;0.46;25.0;;;10.0;10.0;10.0;;;;2.0.def1
2026-09-18;Germany_Oberliga_BadenWurttemberg;Villingen;Singen;55.38;MEDIA;10;2026-09-17;Germany_Oberliga_BadenWurttemberg;Germany_Oberliga_BadenWurttemberg;;"Ranking gap: 0.062 | Attacco casa: 2.29/gara | Difesa trasferta subisce: 1.71/gara | Over25 casa ultime10: 0.71 | Over25 trasferta ultime10: 0.43 || V20DEF_STRONG_DEFENSE[Rule=AT_LEAST_ONE_STRONG;Threshold=1.60;Penalty=-3.00;HomeGALast5=1.40;AwayGALast5=2.20;BaseScore=58.38;FinalScore=55.38]";1.24;22.86;;;17.14;10.71;6.43;;;;2.0.def1
2026-09-18;Germany_Regionalliga_Sudwest;FSV Francoforte;Kickers Stoccarda;55.14;MEDIA;10;2026-09-17;Germany_Regionalliga_Sudwest;Germany_Regionalliga_Sudwest;;"Ranking gap: 0.014 | Attacco casa: 1.86/gara | Difesa trasferta subisce: 1.57/gara | Over25 casa ultime10: 0.71 | Over25 trasferta ultime10: 0.86 || V20DEF_STRONG_DEFENSE[Rule=AT_LEAST_ONE_STRONG;Threshold=1.60;Penalty=-3.00;HomeGALast5=0.80;AwayGALast5=1.40;BaseScore=58.14;FinalScore=55.14]";0.28;18.57;;;15.71;10.71;12.86;;;;2.0.def1
2026-09-18;Austria_Burgenland;Neusiedl;Oberpullendorf;54.95;MEDIA;8;2026-09-17;Austria_Burgenland;Austria_Burgenland;;"Ranking gap: 0.064 | Attacco casa: 1.67/gara | Difesa trasferta subisce: 2.00/gara | Over25 casa ultime10: 0.50 | Over25 trasferta ultime10: 0.83 || V20DEF_STRONG_DEFENSE[Rule=AT_LEAST_ONE_STRONG;Threshold=1.60;Penalty=-3.00;HomeGALast5=0.80;AwayGALast5=2.40;BaseScore=57.95;FinalScore=54.95]";1.28;16.67;;;20.0;7.5;12.5;;;;2.0.def1
2026-09-18;NorthernIreland_NIFLChampionship;Newry City;Annagh;54.8;MEDIA;8;2026-09-17;NorthernIreland_NIFLChampionship;NorthernIreland_NIFLChampionship;;"Ranking gap: 0.033 | Attacco casa: 1.57/gara | Difesa trasferta subisce: 1.57/gara | Over25 casa ultime10: 0.86 | Over25 trasferta ultime10: 0.86 || V20DEF_STRONG_DEFENSE[Rule=AT_LEAST_ONE_STRONG;Threshold=1.60;Penalty=-3.00;HomeGALast5=1.80;AwayGALast5=1.00;BaseScore=57.80;FinalScore=54.80]";0.66;15.71;;;15.71;12.86;12.86;;;;2.0.def1
2026-09-18;Germany_3Liga;Verl;Wurzburger Kickers;54.56;MEDIA;8;2026-09-17;Germany_3Liga;Germany_3Liga;;"Ranking gap: 0.003 | Attacco casa: 1.33/gara | Difesa trasferta subisce: 2.17/gara | Over25 casa ultime10: 0.67 | Over25 trasferta ultime10: 0.83 || V20DEF_STRONG_DEFENSE[Rule=AT_LEAST_ONE_STRONG;Threshold=1.60;Penalty=-3.00;HomeGALast5=1.60;AwayGALast5=2.20;BaseScore=57.56;FinalScore=54.56]";0.06;13.33;;;21.67;10.0;12.5;;;;2.0.def1
2026-09-18;Poland_Ekstraklasa;Wisla;Slask;54.36;MEDIA;11;2026-09-17;Poland_Ekstraklasa;Poland_Ekstraklasa;;"Ranking gap: 0.087 | Attacco casa: 1.88/gara | Difesa trasferta subisce: 1.62/gara | Over25 casa ultime10: 0.62 | Over25 trasferta ultime10: 0.75 || V20DEF_STRONG_DEFENSE[Rule=AT_LEAST_ONE_STRONG;Threshold=1.60;Penalty=-3.00;HomeGALast5=1.00;AwayGALast5=2.00;BaseScore=57.36;FinalScore=54.36]";1.74;18.75;;;16.25;9.38;11.25;;;;2.0.def1
2026-09-18;Austria_Salzburg;Thalgau;Neumarkt;54.25;MEDIA;10;2026-09-17;Austria_Salzburg;Austria_Salzburg;;Ranking gap: 0.052 | Attacco casa: 1.00/gara | Difesa trasferta subisce: 3.29/gara | Over25 casa ultime10: 0.50 | Over25 trasferta ultime10: 0.71;1.04;10.0;;;25.0;7.5;10.71;;;;2.0.def1
2026-09-18;Austria_Regionalliga_East;Wiener;Leobendorf;54.22;MEDIA;8;2026-09-17;Austria_Regionalliga_East;Austria_Regionalliga_East;;"Ranking gap: 0.111 | Attacco casa: 2.43/gara | Difesa trasferta subisce: 1.57/gara | Over25 casa ultime10: 0.57 | Over25 trasferta ultime10: 0.43 || V20DEF_STRONG_DEFENSE[Rule=AT_LEAST_ONE_STRONG;Threshold=1.60;Penalty=-3.00;HomeGALast5=0.60;AwayGALast5=2.00;BaseScore=57.22;FinalScore=54.22]";2.22;24.29;;;15.71;8.57;6.43;;;;2.0.def1
2026-09-18;Sweden_Division2_NorraGotaland;Herrestads AIF;Kumla;54.07;MEDIA;24;2026-09-17;Sweden_Division2_NorraGotaland;Sweden_Division2_NorraGotaland;;"Ranking gap: 0.186 | Attacco casa: 1.77/gara | Difesa trasferta subisce: 1.76/gara | Over25 casa ultime10: 0.70 | Over25 trasferta ultime10: 0.50 || V20DEF_STRONG_DEFENSE[Rule=AT_LEAST_ONE_STRONG;Threshold=1.60;Penalty=-3.00;HomeGALast5=1.20;AwayGALast5=3.60;BaseScore=57.07;FinalScore=54.07]";3.72;17.73;;;17.62;10.5;7.5;;;;2.0.def1
2026-09-18;Netherlands_EersteDivisie;Den Bosch;Helmond;53.93;MEDIA;9;2026-09-17;Netherlands_EersteDivisie;Netherlands_EersteDivisie;;Ranking gap: 0.030 | Attacco casa: 1.67/gara | Difesa trasferta subisce: 1.67/gara | Over25 casa ultime10: 0.67 | Over25 trasferta ultime10: 0.67;0.6;16.67;;;16.67;10.0;10.0;;;;2.0.def1
2026-09-18;CzechRepublic_4Liga_GroupA;FK Komarov;SK Strakonice 1908;53.6;MEDIA;7;2026-09-17;CzechRepublic_4Liga_GroupA;CzechRepublic_4Liga_GroupA;CzechRepublic_4Liga;"Ranking gap: 0.080 | Attacco casa: 1.20/gara | Difesa trasferta subisce: 2.60/gara | Over25 casa ultime10: 0.20 | Over25 trasferta ultime10: 1.00 || V20DEF_STRONG_DEFENSE[Rule=AT_LEAST_ONE_STRONG;Threshold=1.60;Penalty=-3.00;HomeGALast5=0.60;AwayGALast5=2.60;BaseScore=56.60;FinalScore=53.60]";1.6;12.0;;;25.0;3.0;15.0;;;;2.0.def1
2026-09-18;Switzerland_ChallengeLeague;Xamax;Rapperswil-Jona;53.59;MEDIA;9;2026-09-17;Switzerland_ChallengeLeague;Switzerland_ChallengeLeague;;"Ranking gap: 0.048 | Attacco casa: 1.50/gara | Difesa trasferta subisce: 2.00/gara | Over25 casa ultime10: 0.88 | Over25 trasferta ultime10: 0.50 || V20DEF_STRONG_DEFENSE[Rule=AT_LEAST_ONE_STRONG;Threshold=1.60;Penalty=-3.00;HomeGALast5=2.20;AwayGALast5=1.60;BaseScore=56.59;FinalScore=53.59]";0.96;15.0;;;20.0;13.12;7.5;;;;2.0.def1
2026-09-18;Germany_Oberliga_Bayern_Sud;FC Schwaig;Rosenheim;53.38;MEDIA;12;2026-09-17;Germany_Oberliga_Bayern_Sud;Germany_Oberliga_Bayern_Sud;;"Ranking gap: 0.069 | Attacco casa: 2.10/gara | Difesa trasferta subisce: 1.60/gara | Over25 casa ultime10: 0.70 | Over25 trasferta ultime10: 0.50 || V20DEF_STRONG_DEFENSE[Rule=AT_LEAST_ONE_STRONG;Threshold=1.60;Penalty=-3.00;HomeGALast5=1.40;AwayGALast5=1.80;BaseScore=56.38;FinalScore=53.38]";1.38;21.0;;;16.0;10.5;7.5;;;;2.0.def1
2026-09-18;Austria_2Liga;BW Linz;Admira;53.15;MEDIA;7;2026-09-17;Austria_2Liga;Austria_2Liga;;"Ranking gap: 0.099 | Attacco casa: 2.83/gara | Difesa trasferta subisce: 1.17/gara | Over25 casa ultime10: 0.83 | Over25 trasferta ultime10: 0.33 || V20DEF_STRONG_DEFENSE[Rule=AT_LEAST_ONE_STRONG;Threshold=1.60;Penalty=-3.00;HomeGALast5=0.80;AwayGALast5=1.20;BaseScore=56.15;FinalScore=53.15]";1.98;25.0;;;11.67;12.5;5.0;;;;2.0.def1
2026-09-18;Austria_Burgenland;Pinkafeld;Bad Sauerbrunn;53.13;MEDIA;8;2026-09-17;Austria_Burgenland;Austria_Burgenland;;"Ranking gap: 0.015 | Attacco casa: 2.17/gara | Difesa trasferta subisce: 1.17/gara | Over25 casa ultime10: 0.50 | Over25 trasferta ultime10: 1.00 || V20DEF_STRONG_DEFENSE[Rule=AT_LEAST_ONE_STRONG;Threshold=1.60;Penalty=-3.00;HomeGALast5=1.40;AwayGALast5=1.40;BaseScore=56.13;FinalScore=53.13]";0.3;21.67;;;11.67;7.5;15.0;;;;2.0.def1
2026-09-18;Belarus_PershayaLiga;Gomel 2;Din. Minsk 2;52.97;MEDIA;27;2026-09-17;Belarus_PershayaLiga;Belarus_PershayaLiga;;"Ranking gap: 0.140 | Attacco casa: 1.38/gara | Difesa trasferta subisce: 1.54/gara | Over25 casa ultime10: 0.80 | Over25 trasferta ultime10: 0.80 || V20DEF_STRONG_DEFENSE[Rule=AT_LEAST_ONE_STRONG;Threshold=1.60;Penalty=-3.00;HomeGALast5=3.40;AwayGALast5=1.40;BaseScore=55.97;FinalScore=52.97]";2.8;13.75;;;15.42;12.0;12.0;;;;2.0.def1
2026-09-18;Iceland_BestaDeildKvenna;IBV Vestmannaeyjar D;Throttur D;52.88;MEDIA;21;2026-09-17;Iceland_BestaDeildKvenna;Iceland_BestaDeildKvenna;;"Ranking gap: 0.133 | Attacco casa: 1.72/gara | Difesa trasferta subisce: 1.50/gara | Over25 casa ultime10: 1.00 | Over25 trasferta ultime10: 0.40 || V20DEF_STRONG_DEFENSE[Rule=AT_LEAST_ONE_STRONG;Threshold=1.60;Penalty=-3.00;HomeGALast5=2.40;AwayGALast5=1.00;BaseScore=55.88;FinalScore=52.88]";2.66;17.22;;;15.0;15.0;6.0;;;;2.0.def1
2026-09-18;Germany_Regionalliga_West;Siegen;Wattenscheid;52.72;MEDIA;9;2026-09-17;Germany_Regionalliga_West;Germany_Regionalliga_West;;"Ranking gap: 0.036 | Attacco casa: 1.62/gara | Difesa trasferta subisce: 2.00/gara | Over25 casa ultime10: 0.62 | Over25 trasferta ultime10: 0.62 || V20DEF_STRONG_DEFENSE[Rule=AT_LEAST_ONE_STRONG;Threshold=1.60;Penalty=-3.00;HomeGALast5=1.40;AwayGALast5=2.20;BaseScore=55.72;FinalScore=52.72]";0.72;16.25;;;20.0;9.38;9.38;;;;2.0.def1
2026-09-18;Lithuania_ILyga;Hegelmann Litauen 2;Dainava Alytus;52.61;MEDIA;26;2026-09-17;Lithuania_ILyga;Lithuania_ILyga;;Ranking gap: 0.173 | Attacco casa: 1.25/gara | Difesa trasferta subisce: 1.57/gara | Over25 casa ultime10: 0.90 | Over25 trasferta ultime10: 0.50;3.46;12.5;;;15.65;13.5;7.5;;;;2.0.def1
2026-09-18;Austria_Karnten;Atus Ferlach;Lendorf;52.52;MEDIA;10;2026-09-17;Austria_Karnten;Austria_Karnten;;"Ranking gap: 0.675 | Attacco casa: 1.17/gara | Difesa trasferta subisce: 1.71/gara | Over25 casa ultime10: 0.17 | Over25 trasferta ultime10: 0.71 || V20DEF_STRONG_DEFENSE[Rule=AT_LEAST_ONE_STRONG;Threshold=1.60;Penalty=-3.00;HomeGALast5=1.00;AwayGALast5=1.60;BaseScore=55.52;FinalScore=52.52]";13.5;11.67;;;17.14;2.5;10.71;;;;2.0.def1
2026-09-18;Austria_Niederosterreich;Ebreichsdorf;Retz;52.5;MEDIA;7;2026-09-17;Austria_Niederosterreich;Austria_Niederosterreich;;"Ranking gap: 0.025 | Attacco casa: 3.33/gara | Difesa trasferta subisce: 1.00/gara | Over25 casa ultime10: 0.67 | Over25 trasferta ultime10: 0.67 || V20DEF_STRONG_DEFENSE[Rule=AT_LEAST_ONE_STRONG;Threshold=1.60;Penalty=-3.00;HomeGALast5=2.00;AwayGALast5=0.80;BaseScore=55.50;FinalScore=52.50]";0.5;25.0;;;10.0;10.0;10.0;;;;2.0.def1
2026-09-18;Austria_Niederosterreich;Langenrohr;Amstetten (Am);52.5;MEDIA;7;2026-09-17;Austria_Niederosterreich;Austria_Niederosterreich;;"Ranking gap: 0.025 | Attacco casa: 1.00/gara | Difesa trasferta subisce: 2.67/gara | Over25 casa ultime10: 0.50 | Over25 trasferta ultime10: 0.83 || V20DEF_STRONG_DEFENSE[Rule=AT_LEAST_ONE_STRONG;Threshold=1.60;Penalty=-3.00;HomeGALast5=1.20;AwayGALast5=2.80;BaseScore=55.50;FinalScore=52.50]";0.5;10.0;;;25.0;7.5;12.5;;;;2.0.def1
2026-09-18;Germany_Oberliga_Bayern_Sud;Heimstetten;Gundelfingen;52.22;MEDIA;12;2026-09-17;Germany_Oberliga_Bayern_Sud;Germany_Oberliga_Bayern_Sud;;Ranking gap: 0.011 | Attacco casa: 1.70/gara | Difesa trasferta subisce: 1.70/gara | Over25 casa ultime10: 0.70 | Over25 trasferta ultime10: 0.50;0.22;17.0;;;17.0;10.5;7.5;;;;2.0.def1
2026-09-18;Sweden_Division2_SodraGotaland;Lilla Torg;Linero IF;52.14;MEDIA;27;2026-09-17;Sweden_Division2_SodraGotaland;Sweden_Division2_SodraGotaland;;Ranking gap: 0.156 | Attacco casa: 1.24/gara | Difesa trasferta subisce: 1.71/gara | Over25 casa ultime10: 0.60 | Over25 trasferta ultime10: 0.70;3.12;12.38;;;17.14;9.0;10.5;;;;2.0.def1
2026-09-18;Poland_Ekstraklasa;Widzew Lodz;Wieczysta Krakow;52.13;MEDIA;11;2026-09-17;Poland_Ekstraklasa;Poland_Ekstraklasa;;Ranking gap: 0.044 | Attacco casa: 1.38/gara | Difesa trasferta subisce: 2.14/gara | Over25 casa ultime10: 0.50 | Over25 trasferta ultime10: 0.57;0.88;13.75;;;21.43;7.5;8.57;;;;2.0.def1
2026-09-18;Sweden_Division2_NorraGotaland;Husqvarna;IFK Skovde;51.29;MEDIA;24;2026-09-17;Sweden_Division2_NorraGotaland;Sweden_Division2_NorraGotaland;;"Ranking gap: 0.132 | Attacco casa: 2.33/gara | Difesa trasferta subisce: 1.18/gara | Over25 casa ultime10: 0.60 | Over25 trasferta ultime10: 0.50 || V20DEF_STRONG_DEFENSE[Rule=AT_LEAST_ONE_STRONG;Threshold=1.60;Penalty=-3.00;HomeGALast5=1.40;AwayGALast5=0.80;BaseScore=54.29;FinalScore=51.29]";2.64;23.33;;;11.82;9.0;7.5;;;;2.0.def1
2026-09-18;Austria_Niederosterreich;Korneuburg;Admira (Am);51.11;MEDIA;7;2026-09-17;Austria_Niederosterreich;Austria_Niederosterreich;;"Ranking gap: 0.039 | Attacco casa: 1.33/gara | Difesa trasferta subisce: 2.50/gara | Over25 casa ultime10: 0.50 | Over25 trasferta ultime10: 0.50 || V20DEF_STRONG_DEFENSE[Rule=AT_LEAST_ONE_STRONG;Threshold=1.60;Penalty=-3.00;HomeGALast5=1.40;AwayGALast5=3.00;BaseScore=54.11;FinalScore=51.11]";0.78;13.33;;;25.0;7.5;7.5;;;;2.0.def1
2026-09-18;Estonia_Meistriliiga;Harju JK Laagri;Kuressaare;51.09;MEDIA;32;2026-09-17;Estonia_Meistriliiga;Estonia_Meistriliiga;;"Ranking gap: 0.065 | Attacco casa: 1.43/gara | Difesa trasferta subisce: 1.75/gara | Over25 casa ultime10: 0.70 | Over25 trasferta ultime10: 0.70 || V20DEF_STRONG_DEFENSE[Rule=AT_LEAST_ONE_STRONG;Threshold=1.60;Penalty=-3.00;HomeGALast5=1.40;AwayGALast5=2.20;BaseScore=54.09;FinalScore=51.09]";1.3;14.29;;;17.5;10.5;10.5;;;;2.0.def1
2026-09-18;Austria_Tirol;Munster;Vols;50.95;MEDIA;9;2026-09-17;Austria_Tirol;Austria_Tirol;;"Ranking gap: 0.733 | Attacco casa: 0.71/gara | Difesa trasferta subisce: 1.29/gara | Over25 casa ultime10: 0.71 | Over25 trasferta ultime10: 0.57 || V20DEF_STRONG_DEFENSE[Rule=AT_LEAST_ONE_STRONG;Threshold=1.60;Penalty=-3.00;HomeGALast5=2.80;AwayGALast5=1.40;BaseScore=53.95;FinalScore=50.95]";14.66;7.14;;;12.86;10.71;8.57;;;;2.0.def1
2026-09-18;Belgium_JupilerProLeague;Gent;St. Liege;50.22;MEDIA;10;2026-09-17;Belgium_JupilerProLeague;Belgium_JupilerProLeague;;"Ranking gap: 0.036 | Attacco casa: 1.83/gara | Difesa trasferta subisce: 1.67/gara | Over25 casa ultime10: 0.50 | Over25 trasferta ultime10: 0.67 || V20DEF_STRONG_DEFENSE[Rule=AT_LEAST_ONE_STRONG;Threshold=1.60;Penalty=-3.00;HomeGALast5=0.60;AwayGALast5=1.60;BaseScore=53.22;FinalScore=50.22]";0.72;18.33;;;16.67;7.5;10.0;;;;2.0.def1
2026-09-18;Netherlands_EersteDivisie;Waalwijk;Maastricht;50.04;MEDIA;9;2026-09-17;Netherlands_EersteDivisie;Netherlands_EersteDivisie;;"Ranking gap: 0.027 | Attacco casa: 2.00/gara | Difesa trasferta subisce: 1.50/gara | Over25 casa ultime10: 0.50 | Over25 trasferta ultime10: 0.67 || V20DEF_STRONG_DEFENSE[Rule=AT_LEAST_ONE_STRONG;Threshold=1.60;Penalty=-3.00;HomeGALast5=1.40;AwayGALast5=1.60;BaseScore=53.04;FinalScore=50.04]";0.54;20.0;;;15.0;7.5;10.0;;;;2.0.def1
2026-09-18;Denmark_2ndDivision;Roskilde;FA 2000;49.89;MEDIA;8;2026-09-17;Denmark_2ndDivision;Denmark_2ndDivision;;"Ranking gap: 0.073 | Attacco casa: 1.43/gara | Difesa trasferta subisce: 2.00/gara | Over25 casa ultime10: 0.43 | Over25 trasferta ultime10: 0.71 || V20DEF_STRONG_DEFENSE[Rule=AT_LEAST_ONE_STRONG;Threshold=1.60;Penalty=-3.00;HomeGALast5=1.00;AwayGALast5=2.20;BaseScore=52.89;FinalScore=49.89]";1.46;14.29;;;20.0;6.43;10.71;;;;2.0.def1
2026-09-18;Germany_Oberliga_NOFV_Nord;Schwerin;Wismar;49.27;MEDIA;5;2026-09-17;Germany_Oberliga_NOFV_Nord;Germany_Oberliga_NOFV_Nord;;Ranking gap: 0.026 | Attacco casa: 1.75/gara | Difesa trasferta subisce: 1.25/gara | Over25 casa ultime10: 0.75 | Over25 trasferta ultime10: 0.50;0.52;17.5;;;12.5;11.25;7.5;;;;2.0.def1
2026-09-18;Germany_2Bundesliga;Wolfsburg;Darmstadt;49.06;MEDIA;6;2026-09-17;Germany_2Bundesliga;Germany_2Bundesliga;;"Ranking gap: 0.053 | Attacco casa: 2.00/gara | Difesa trasferta subisce: 1.60/gara | Over25 casa ultime10: 0.40 | Over25 trasferta ultime10: 0.60 || V20DEF_STRONG_DEFENSE[Rule=AT_LEAST_ONE_STRONG;Threshold=1.60;Penalty=-3.00;HomeGALast5=1.40;AwayGALast5=1.60;BaseScore=52.06;FinalScore=49.06]";1.06;20.0;;;16.0;6.0;9.0;;;;2.0.def1
2026-09-18;Austria_Regionalliga_East;SV Oberwart;Parndorf;48.77;MEDIA;8;2026-09-17;Austria_Regionalliga_East;Austria_Regionalliga_East;;"Ranking gap: 0.017 | Attacco casa: 2.00/gara | Difesa trasferta subisce: 1.43/gara | Over25 casa ultime10: 0.71 | Over25 trasferta ultime10: 0.43 || V20DEF_STRONG_DEFENSE[Rule=AT_LEAST_ONE_STRONG;Threshold=1.60;Penalty=-3.00;HomeGALast5=1.60;AwayGALast5=1.60;BaseScore=51.77;FinalScore=48.77]";0.34;20.0;;;14.29;10.71;6.43;;;;2.0.def1
2026-09-18;Kazakhstan_PremierLeague;Aktobe;Ulytau;48.38;MEDIA;38;2026-09-17;Kazakhstan_PremierLeague;Kazakhstan_PremierLeague;;"Ranking gap: 0.182 | Attacco casa: 1.52/gara | Difesa trasferta subisce: 1.15/gara | Over25 casa ultime10: 0.80 | Over25 trasferta ultime10: 0.60 || V20DEF_STRONG_DEFENSE[Rule=AT_LEAST_ONE_STRONG;Threshold=1.60;Penalty=-3.00;HomeGALast5=1.00;AwayGALast5=1.80;BaseScore=51.38;FinalScore=48.38]";3.64;15.2;;;11.54;12.0;9.0;;;;2.0.def1
2026-09-18;Germany_2Bundesliga;Furth;Magdeburg;47.78;MEDIA;6;2026-09-17;Germany_2Bundesliga;Germany_2Bundesliga;;"Ranking gap: 0.039 | Attacco casa: 1.60/gara | Difesa trasferta subisce: 1.60/gara | Over25 casa ultime10: 0.40 | Over25 trasferta ultime10: 0.80 || V20DEF_STRONG_DEFENSE[Rule=AT_LEAST_ONE_STRONG;Threshold=1.60;Penalty=-3.00;HomeGALast5=2.00;AwayGALast5=1.60;BaseScore=50.78;FinalScore=47.78]";0.78;16.0;;;16.0;6.0;12.0;;;;2.0.def1
2026-09-18;Wales_CymruPremier;Ammanford;Penybont;47.7;MEDIA;10;2026-09-17;Wales_CymruPremier;Wales_CymruPremier;;"Ranking gap: 0.896 | Attacco casa: 0.67/gara | Difesa trasferta subisce: 0.78/gara | Over25 casa ultime10: 0.67 | Over25 trasferta ultime10: 0.56 || V20DEF_STRONG_DEFENSE[Rule=AT_LEAST_ONE_STRONG;Threshold=1.60;Penalty=-3.00;HomeGALast5=3.20;AwayGALast5=1.00;BaseScore=50.70;FinalScore=47.70]";17.92;6.67;;;7.78;10.0;8.33;;;;2.0.def1
2026-09-18;Hungary_NBI;Puskas Academy;Honved;47.59;MEDIA;9;2026-09-17;Hungary_NBI;Hungary_NBI;;"Ranking gap: 0.077 | Attacco casa: 1.43/gara | Difesa trasferta subisce: 1.83/gara | Over25 casa ultime10: 0.43 | Over25 trasferta ultime10: 0.67 || V20DEF_STRONG_DEFENSE[Rule=AT_LEAST_ONE_STRONG;Threshold=1.60;Penalty=-3.00;HomeGALast5=1.40;AwayGALast5=2.00;BaseScore=50.59;FinalScore=47.59]";1.54;14.29;;;18.33;6.43;10.0;;;;2.0.def1
2026-09-18;CzechRepublic_3MSFL;SK Hranice;Slovacko B;47.45;MEDIA;9;2026-09-17;CzechRepublic_3MSFL;CzechRepublic_3MSFL;;"Ranking gap: 0.679 | Attacco casa: 1.25/gara | Difesa trasferta subisce: 1.12/gara | Over25 casa ultime10: 0.25 | Over25 trasferta ultime10: 0.62 || V20DEF_STRONG_DEFENSE[Rule=AT_LEAST_ONE_STRONG;Threshold=1.60;Penalty=-3.00;HomeGALast5=0.80;AwayGALast5=0.80;BaseScore=50.45;FinalScore=47.45]";13.58;12.5;;;11.25;3.75;9.38;;;;2.0.def1
2026-09-18;CzechRepublic_4Liga_GroupF;Valasske Mezirici;Stonava;47.37;MEDIA;7;2026-09-17;CzechRepublic_4Liga_GroupF;CzechRepublic_4Liga_GroupF;CzechRepublic_4Liga;"Ranking gap: 0.102 | Attacco casa: 1.67/gara | Difesa trasferta subisce: 1.17/gara | Over25 casa ultime10: 0.67 | Over25 trasferta ultime10: 0.67 || V20DEF_STRONG_DEFENSE[Rule=AT_LEAST_ONE_STRONG;Threshold=1.60;Penalty=-3.00;HomeGALast5=2.40;AwayGALast5=1.00;BaseScore=50.37;FinalScore=47.37]";2.04;16.67;;;11.67;10.0;10.0;;;;2.0.def1
2026-09-18;Finland_Kolmonen_Southern_Group3;Lahti/69;Futura;47.31;MEDIA;21;2026-09-17;Finland_Kolmonen_Southern_Group3;Finland_Kolmonen_Southern_Group3;;"Ranking gap: 0.305 | Attacco casa: 1.59/gara | Difesa trasferta subisce: 0.88/gara | Over25 casa ultime10: 0.60 | Over25 trasferta ultime10: 0.70 || V20DEF_STRONG_DEFENSE[Rule=AT_LEAST_ONE_STRONG;Threshold=1.60;Penalty=-3.00;HomeGALast5=2.20;AwayGALast5=1.40;BaseScore=50.31;FinalScore=47.31]";6.1;15.88;;;8.82;9.0;10.5;;;;2.0.def1
2026-09-18;Germany_Oberliga_Bayern_Nord;Weiden;Gebenbach;47.3;MEDIA;15;2026-09-17;Germany_Oberliga_Bayern_Nord;Germany_Oberliga_Bayern_Nord;;"Ranking gap: 0.115 | Attacco casa: 1.70/gara | Difesa trasferta subisce: 1.00/gara | Over25 casa ultime10: 0.80 | Over25 trasferta ultime10: 0.60 || V20DEF_STRONG_DEFENSE[Rule=AT_LEAST_ONE_STRONG;Threshold=1.60;Penalty=-3.00;HomeGALast5=2.00;AwayGALast5=1.40;BaseScore=50.30;FinalScore=47.30]";2.3;17.0;;;10.0;12.0;9.0;;;;2.0.def1
2026-09-18;Poland_Division1;Warta Poznan;Puszcza;46.68;MEDIA;9;2026-09-17;Poland_Division1;Poland_Division1;;"Ranking gap: 0.082 | Attacco casa: 1.75/gara | Difesa trasferta subisce: 1.29/gara | Over25 casa ultime10: 0.75 | Over25 trasferta ultime10: 0.43 || V20DEF_STRONG_DEFENSE[Rule=AT_LEAST_ONE_STRONG;Threshold=1.60;Penalty=-3.00;HomeGALast5=1.20;AwayGALast5=1.40;BaseScore=49.68;FinalScore=46.68]";1.64;17.5;;;12.86;11.25;6.43;;;;2.0.def1
2026-09-18;France_Ligue1;Monaco;Lens;46.66;MEDIA;5;2026-09-17;France_Ligue1;France_Ligue1;;Ranking gap: 0.062 | Attacco casa: 1.50/gara | Difesa trasferta subisce: 1.67/gara | Over25 casa ultime10: 0.25 | Over25 trasferta ultime10: 0.67;1.24;15.0;;;16.67;3.75;10.0;;;;2.0.def1
2026-09-18;Sweden_Division2_SodraGotaland;Staffanstorp United;Osterlen;46.32;MEDIA;27;2026-09-17;Sweden_Division2_SodraGotaland;Sweden_Division2_SodraGotaland;;"Ranking gap: 0.117 | Attacco casa: 1.48/gara | Difesa trasferta subisce: 1.57/gara | Over25 casa ultime10: 0.30 | Over25 trasferta ultime10: 0.80 || V20DEF_STRONG_DEFENSE[Rule=AT_LEAST_ONE_STRONG;Threshold=1.60;Penalty=-3.00;HomeGALast5=1.40;AwayGALast5=2.20;BaseScore=49.32;FinalScore=46.32]";2.34;14.76;;;15.71;4.5;12.0;;;;2.0.def1
2026-09-18;Germany_Oberliga_Bayern_Nord;Kornburg;Aschaffenburg;46.24;MEDIA;15;2026-09-17;Germany_Oberliga_Bayern_Nord;Germany_Oberliga_Bayern_Nord;;"Ranking gap: 0.037 | Attacco casa: 1.60/gara | Difesa trasferta subisce: 1.60/gara | Over25 casa ultime10: 0.30 | Over25 trasferta ultime10: 0.80 || V20DEF_STRONG_DEFENSE[Rule=AT_LEAST_ONE_STRONG;Threshold=1.60;Penalty=-3.00;HomeGALast5=1.40;AwayGALast5=1.60;BaseScore=49.24;FinalScore=46.24]";0.74;16.0;;;16.0;4.5;12.0;;;;2.0.def1
2026-09-18;Germany_Oberliga_BadenWurttemberg;Nottingen;Young Boys Reutlingen;46.2;MEDIA;10;2026-09-17;Germany_Oberliga_BadenWurttemberg;Germany_Oberliga_BadenWurttemberg;;"Ranking gap: 0.085 | Attacco casa: 1.14/gara | Difesa trasferta subisce: 1.50/gara | Over25 casa ultime10: 0.57 | Over25 trasferta ultime10: 0.83 || V20DEF_STRONG_DEFENSE[Rule=AT_LEAST_ONE_STRONG;Threshold=1.60;Penalty=-3.00;HomeGALast5=2.20;AwayGALast5=1.60;BaseScore=49.20;FinalScore=46.20]";1.7;11.43;;;15.0;8.57;12.5;;;;2.0.def1
2026-09-18;Poland_IIILiga_Group3;Bytom Odrzanski;Sulow;46.2;MEDIA;9;2026-09-17;Poland_IIILiga_Group3;Poland_IIILiga_Group3;;"Ranking gap: 0.679 | Attacco casa: 1.25/gara | Difesa trasferta subisce: 1.00/gara | Over25 casa ultime10: 0.25 | Over25 trasferta ultime10: 0.62 || V20DEF_STRONG_DEFENSE[Rule=AT_LEAST_ONE_STRONG;Threshold=1.60;Penalty=-3.00;HomeGALast5=0.80;AwayGALast5=1.00;BaseScore=49.20;FinalScore=46.20]";13.58;12.5;;;10.0;3.75;9.38;;;;2.0.def1
2026-09-18;Poland_Division2;Zawisza;Leczna;45.55;MEDIA;9;2026-09-17;Poland_Division2;Poland_Division2;;"Ranking gap: 0.021 | Attacco casa: 2.00/gara | Difesa trasferta subisce: 1.12/gara | Over25 casa ultime10: 0.62 | Over25 trasferta ultime10: 0.50 || V20DEF_STRONG_DEFENSE[Rule=AT_LEAST_ONE_STRONG;Threshold=1.60;Penalty=-3.00;HomeGALast5=1.40;AwayGALast5=0.80;BaseScore=48.55;FinalScore=45.55]";0.42;20.0;;;11.25;9.38;7.5;;;;2.0.def1
2026-09-18;Paraguay_DivisionIntermedia;Deportivo Santani;Sol De America;45.38;MEDIA;10;2026-09-17;Paraguay_DivisionIntermedia;Paraguay_DivisionIntermedia;;"Ranking gap: 0.026 | Attacco casa: 2.43/gara | Difesa trasferta subisce: 0.86/gara | Over25 casa ultime10: 0.71 | Over25 trasferta ultime10: 0.29 || V20DEF_STRONG_DEFENSE[Rule=AT_LEAST_ONE_STRONG;Threshold=1.60;Penalty=-3.00;HomeGALast5=1.60;AwayGALast5=0.80;BaseScore=48.38;FinalScore=45.38]";0.52;24.29;;;8.57;10.71;4.29;;;;2.0.def1
2026-09-18;Finland_Veikkausliiga;Lahti;Jaro;45.32;MEDIA;24;2026-09-17;Finland_Veikkausliiga;Finland_Veikkausliiga;;"Ranking gap: 0.300 | Attacco casa: 1.18/gara | Difesa trasferta subisce: 2.00/gara | Over25 casa ultime10: 0.20 | Over25 trasferta ultime10: 0.50 || V20DEF_STRONG_DEFENSE[Rule=AT_LEAST_ONE_STRONG;Threshold=1.60;Penalty=-3.00;HomeGALast5=0.60;AwayGALast5=2.20;BaseScore=48.32;FinalScore=45.32]";6.0;11.82;;;20.0;3.0;7.5;;;;2.0.def1
2026-09-18;Germany_Oberliga_NOFV_Nord;Reinickendorfer Fuchse;Klosterfelde;45.3;MEDIA;5;2026-09-17;Germany_Oberliga_NOFV_Nord;Germany_Oberliga_NOFV_Nord;;Ranking gap: 0.015 | Attacco casa: 1.25/gara | Difesa trasferta subisce: 1.75/gara | Over25 casa ultime10: 0.50 | Over25 trasferta ultime10: 0.50;0.3;12.5;;;17.5;7.5;7.5;;;;2.0.def1
2026-09-18;Finland_Veikkausliiga;SJK;Mariehamn;45.27;MEDIA;24;2026-09-17;Finland_Veikkausliiga;Finland_Veikkausliiga;;"Ranking gap: 0.118 | Attacco casa: 1.14/gara | Difesa trasferta subisce: 1.95/gara | Over25 casa ultime10: 0.60 | Over25 trasferta ultime10: 0.40 || V20DEF_STRONG_DEFENSE[Rule=AT_LEAST_ONE_STRONG;Threshold=1.60;Penalty=-3.00;HomeGALast5=1.20;AwayGALast5=1.40;BaseScore=48.27;FinalScore=45.27]";2.36;11.36;;;19.55;9.0;6.0;;;;2.0.def1
2026-09-18;Indonesia_SuperLeague;Arema;Persik Kediri;45.2;MEDIA;3;2026-09-17;Indonesia_SuperLeague;Indonesia_SuperLeague;;Ranking gap: 0.010 | Attacco casa: 3.50/gara | Difesa trasferta subisce: 0.50/gara | Over25 casa ultime10: 1.00 | Over25 trasferta ultime10: 0.00;0.2;25.0;;;5.0;15.0;0.0;;;;2.0.def1
2026-09-18;Armenia_PremierLeague;FC Gandzasar;Urartu;45.16;MEDIA;11;2026-09-17;Armenia_PremierLeague;Armenia_PremierLeague;;"Ranking gap: 0.051 | Attacco casa: 1.14/gara | Difesa trasferta subisce: 1.43/gara | Over25 casa ultime10: 0.71 | Over25 trasferta ultime10: 0.71 || V20DEF_STRONG_DEFENSE[Rule=AT_LEAST_ONE_STRONG;Threshold=1.60;Penalty=-3.00;HomeGALast5=2.40;AwayGALast5=1.20;BaseScore=48.16;FinalScore=45.16]";1.02;11.43;;;14.29;10.71;10.71;;;;2.0.def1
2026-09-18;Denmark_2ndDivision;Skive;B.93;45.1;MEDIA;8;2026-09-17;Denmark_2ndDivision;Denmark_2ndDivision;;"Ranking gap: 0.012 | Attacco casa: 1.29/gara | Difesa trasferta subisce: 1.57/gara | Over25 casa ultime10: 0.57 | Over25 trasferta ultime10: 0.71 || V20DEF_STRONG_DEFENSE[Rule=AT_LEAST_ONE_STRONG;Threshold=1.60;Penalty=-3.00;HomeGALast5=1.20;AwayGALast5=1.60;BaseScore=48.10;FinalScore=45.10]";0.24;12.86;;;15.71;8.57;10.71;;;;2.0.def1
2026-09-18;Spain_LaLiga2;Albacete;Cordoba;45.1;MEDIA;6;2026-09-17;Spain_LaLiga2;Spain_LaLiga2;;Ranking gap: 0.005 | Attacco casa: 0.50/gara | Difesa trasferta subisce: 2.75/gara | Over25 casa ultime10: 0.25 | Over25 trasferta ultime10: 0.75;0.1;5.0;;;25.0;3.75;11.25;;;;2.0.def1
2026-09-18;Germany_Oberliga_Hamburg;Vorwarts-Wacker;Suderelbe;45.04;MEDIA;8;2026-09-17;Germany_Oberliga_Hamburg;Germany_Oberliga_Hamburg;;"Ranking gap: 0.009 | Attacco casa: 1.43/gara | Difesa trasferta subisce: 1.43/gara | Over25 casa ultime10: 0.71 | Over25 trasferta ultime10: 0.57 || V20DEF_STRONG_DEFENSE[Rule=AT_LEAST_ONE_STRONG;Threshold=1.60;Penalty=-3.00;HomeGALast5=1.80;AwayGALast5=1.40;BaseScore=48.04;FinalScore=45.04]";0.18;14.29;;;14.29;10.71;8.57;;;;2.0.def1
2026-09-18;Bolivia_DivisionProfesional;Tomayapo;Oriente Petrolero;44.94;BASSA;25;2026-09-17;Bolivia_DivisionProfesional;Bolivia_DivisionProfesional;;"Ranking gap: 0.163 | Attacco casa: 0.95/gara | Difesa trasferta subisce: 1.42/gara | Over25 casa ultime10: 0.50 | Over25 trasferta ultime10: 0.90 || V20DEF_STRONG_DEFENSE[Rule=AT_LEAST_ONE_STRONG;Threshold=1.60;Penalty=-3.00;HomeGALast5=1.20;AwayGALast5=1.80;BaseScore=47.94;FinalScore=44.94]";3.26;9.47;;;14.21;7.5;13.5;;;;2.0.def1
2026-09-18;Russia_FNL;Yaroslavl;Kamaz;44.91;BASSA;12;2026-09-17;Russia_FNL;Russia_FNL;;"Ranking gap: 0.107 | Attacco casa: 1.50/gara | Difesa trasferta subisce: 1.73/gara | Over25 casa ultime10: 0.50 | Over25 trasferta ultime10: 0.40 || V20DEF_STRONG_DEFENSE[Rule=AT_LEAST_ONE_STRONG;Threshold=1.60;Penalty=-3.00;HomeGALast5=0.80;AwayGALast5=1.40;BaseScore=47.91;FinalScore=44.91]";2.14;15.0;;;17.27;7.5;6.0;;;;2.0.def1
2026-09-18;Poland_Division2;Kleczew;Avia Swidnik;44.76;BASSA;9;2026-09-17;Poland_Division2;Poland_Division2;;Ranking gap: 0.019 | Attacco casa: 1.00/gara | Difesa trasferta subisce: 1.75/gara | Over25 casa ultime10: 0.50 | Over25 trasferta ultime10: 0.62;0.38;10.0;;;17.5;7.5;9.38;;;;2.0.def1
2026-09-18;Austria_Wien;TWL Elektra;A XIII-Auhof Center;44.57;BASSA;5;2026-09-17;Austria_Wien;Austria_Wien;;Ranking gap: 0.020 | Attacco casa: 2.50/gara | Difesa trasferta subisce: 0.67/gara | Over25 casa ultime10: 0.50 | Over25 trasferta ultime10: 0.33;0.4;25.0;;;6.67;7.5;5.0;;;;2.0.def1
2026-09-18;FaroeIslands_PremierLeague;B36 Torshavn;Runavik;44.45;BASSA;27;2026-09-17;FaroeIslands_PremierLeague;FaroeIslands_PremierLeague;;"Ranking gap: 0.177 | Attacco casa: 1.45/gara | Difesa trasferta subisce: 1.14/gara | Over25 casa ultime10: 0.50 | Over25 trasferta ultime10: 0.70 || V20DEF_STRONG_DEFENSE[Rule=AT_LEAST_ONE_STRONG;Threshold=1.60;Penalty=-3.00;HomeGALast5=1.20;AwayGALast5=1.20;BaseScore=47.45;FinalScore=44.45]";3.54;14.55;;;11.36;7.5;10.5;;;;2.0.def1
2026-09-18;Poland_Division1;Polonia B.;Ruch;44.27;BASSA;9;2026-09-17;Poland_Division1;Poland_Division1;;"Ranking gap: 0.051 | Attacco casa: 1.75/gara | Difesa trasferta subisce: 1.38/gara | Over25 casa ultime10: 0.75 | Over25 trasferta ultime10: 0.25 || V20DEF_STRONG_DEFENSE[Rule=AT_LEAST_ONE_STRONG;Threshold=1.60;Penalty=-3.00;HomeGALast5=2.00;AwayGALast5=1.20;BaseScore=47.27;FinalScore=44.27]";1.02;17.5;;;13.75;11.25;3.75;;;;2.0.def1
2026-09-18;Croatia_HNL;Rudes;Slaven Belupo;43.75;BASSA;5;2026-09-17;Croatia_HNL;Croatia_HNL;10 clubs, quadruple round robin;Ranking gap: 0.021 | Attacco casa: 0.67/gara | Difesa trasferta subisce: 1.67/gara | Over25 casa ultime10: 0.67 | Over25 trasferta ultime10: 0.67;0.42;6.67;;;16.67;10.0;10.0;;;;2.0.def1
2026-09-18;CzechRepublic_ChNL;Opava;Ceska Lipa;43.71;BASSA;9;2026-09-17;CzechRepublic_ChNL;CzechRepublic_ChNL;;"Ranking gap: 0.023 | Attacco casa: 1.38/gara | Difesa trasferta subisce: 1.75/gara | Over25 casa ultime10: 0.62 | Over25 trasferta ultime10: 0.38 || V20DEF_STRONG_DEFENSE[Rule=AT_LEAST_ONE_STRONG;Threshold=1.60;Penalty=-3.00;HomeGALast5=2.40;AwayGALast5=1.60;BaseScore=46.71;FinalScore=43.71]";0.46;13.75;;;17.5;9.38;5.62;;;;2.0.def1
2026-09-18;Germany_Regionalliga_West;Rodinghausen;FC Gutersloh;43.53;BASSA;9;2026-09-17;Germany_Regionalliga_West;Germany_Regionalliga_West;;"Ranking gap: 0.139 | Attacco casa: 1.38/gara | Difesa trasferta subisce: 0.75/gara | Over25 casa ultime10: 0.75 | Over25 trasferta ultime10: 0.75 || V20DEF_STRONG_DEFENSE[Rule=AT_LEAST_ONE_STRONG;Threshold=1.60;Penalty=-3.00;HomeGALast5=2.40;AwayGALast5=1.00;BaseScore=46.53;FinalScore=43.53]";2.78;13.75;;;7.5;11.25;11.25;;;;2.0.def1
2026-09-18;Ukraine_PremierLeague;Ch. Odesa;Obolon;43.53;BASSA;7;2026-09-17;Ukraine_PremierLeague;Ukraine_PremierLeague;;"Ranking gap: 0.685 | Attacco casa: 0.40/gara | Difesa trasferta subisce: 1.83/gara | Over25 casa ultime10: 0.20 | Over25 trasferta ultime10: 0.50 || V20DEF_STRONG_DEFENSE[Rule=AT_LEAST_ONE_STRONG;Threshold=1.60;Penalty=-3.00;HomeGALast5=1.20;AwayGALast5=1.60;BaseScore=46.53;FinalScore=43.53]";13.7;4.0;;;18.33;3.0;7.5;;;;2.0.def1
2026-09-18;Bhutan_PremierLeague;Transport United;RTC;43.4;BASSA;17;2026-09-17;Bhutan_PremierLeague;Bhutan_PremierLeague;;"Ranking gap: 0.132 | Attacco casa: 1.73/gara | Difesa trasferta subisce: 1.14/gara | Over25 casa ultime10: 0.60 | Over25 trasferta ultime10: 0.40 || V20DEF_STRONG_DEFENSE[Rule=AT_LEAST_ONE_STRONG;Threshold=1.60;Penalty=-3.00;HomeGALast5=1.60;AwayGALast5=1.00;BaseScore=46.40;FinalScore=43.40]";2.64;17.33;;;11.43;9.0;6.0;;;;2.0.def1
2026-09-18;Austria_Salzburg;Schwarzach;Strasswalchen;43.34;BASSA;10;2026-09-17;Austria_Salzburg;Austria_Salzburg;;"Ranking gap: 0.183 | Attacco casa: 0.86/gara | Difesa trasferta subisce: 1.00/gara | Over25 casa ultime10: 0.86 | Over25 trasferta ultime10: 0.75 || V20DEF_STRONG_DEFENSE[Rule=AT_LEAST_ONE_STRONG;Threshold=1.60;Penalty=-3.00;HomeGALast5=2.80;AwayGALast5=1.40;BaseScore=46.34;FinalScore=43.34]";3.66;8.57;;;10.0;12.86;11.25;;;;2.0.def1
2026-09-18;Indonesia_SuperLeague;Madura United;PSIM Yogyakarta;43.16;BASSA;3;2026-09-17;Indonesia_SuperLeague;Indonesia_SuperLeague;;Ranking gap: 0.033 | Attacco casa: 2.50/gara | Difesa trasferta subisce: 1.00/gara | Over25 casa ultime10: 0.50 | Over25 trasferta ultime10: 0.00;0.66;25.0;;;10.0;7.5;0.0;;;;2.0.def1
2026-09-18;CzechRepublic_ChNL;Prostejov;Dukla Praga;43.15;BASSA;9;2026-09-17;CzechRepublic_ChNL;CzechRepublic_ChNL;;"Ranking gap: 0.120 | Attacco casa: 1.12/gara | Difesa trasferta subisce: 1.38/gara | Over25 casa ultime10: 0.50 | Over25 trasferta ultime10: 0.75 || V20DEF_STRONG_DEFENSE[Rule=AT_LEAST_ONE_STRONG;Threshold=1.60;Penalty=-3.00;HomeGALast5=1.20;AwayGALast5=1.80;BaseScore=46.15;FinalScore=43.15]";2.4;11.25;;;13.75;7.5;11.25;;;;2.0.def1
2026-09-18;CzechRepublic_ChNL;Jihlava;Slavia Praga B;42.91;BASSA;9;2026-09-17;CzechRepublic_ChNL;CzechRepublic_ChNL;;"Ranking gap: 0.014 | Attacco casa: 1.38/gara | Difesa trasferta subisce: 1.50/gara | Over25 casa ultime10: 0.50 | Over25 trasferta ultime10: 0.62 || V20DEF_STRONG_DEFENSE[Rule=AT_LEAST_ONE_STRONG;Threshold=1.60;Penalty=-3.00;HomeGALast5=1.00;AwayGALast5=1.40;BaseScore=45.91;FinalScore=42.91]";0.28;13.75;;;15.0;7.5;9.38;;;;2.0.def1
2026-09-18;Kazakhstan_PremierLeague;Zhetysu;Kaspij Aktau;42.72;BASSA;38;2026-09-17;Kazakhstan_PremierLeague;Kazakhstan_PremierLeague;;"Ranking gap: 0.051 | Attacco casa: 1.04/gara | Difesa trasferta subisce: 1.48/gara | Over25 casa ultime10: 0.60 | Over25 trasferta ultime10: 0.70 || V20DEF_STRONG_DEFENSE[Rule=AT_LEAST_ONE_STRONG;Threshold=1.60;Penalty=-3.00;HomeGALast5=2.60;AwayGALast5=1.60;BaseScore=45.72;FinalScore=42.72]";1.02;10.4;;;14.8;9.0;10.5;;;;2.0.def1
2026-09-18;Austria_Burgenland;Kohfidisch;Margarethen;42.31;BASSA;8;2026-09-17;Austria_Burgenland;Austria_Burgenland;;"Ranking gap: 0.099 | Attacco casa: 1.50/gara | Difesa trasferta subisce: 0.83/gara | Over25 casa ultime10: 0.83 | Over25 trasferta ultime10: 0.50 || V20DEF_STRONG_DEFENSE[Rule=AT_LEAST_ONE_STRONG;Threshold=1.60;Penalty=-3.00;HomeGALast5=1.80;AwayGALast5=0.80;BaseScore=45.31;FinalScore=42.31]";1.98;15.0;;;8.33;12.5;7.5;;;;2.0.def1
2026-09-18;Sweden_Division2_VastraGotaland;Boljan;Landvetter;42.27;BASSA;24;2026-09-17;Sweden_Division2_VastraGotaland;Sweden_Division2_VastraGotaland;;"Ranking gap: 0.261 | Attacco casa: 1.55/gara | Difesa trasferta subisce: 0.81/gara | Over25 casa ultime10: 0.60 | Over25 trasferta ultime10: 0.50 || V20DEF_STRONG_DEFENSE[Rule=AT_LEAST_ONE_STRONG;Threshold=1.60;Penalty=-3.00;HomeGALast5=1.20;AwayGALast5=1.40;BaseScore=45.27;FinalScore=42.27]";5.22;15.45;;;8.1;9.0;7.5;;;;2.0.def1
2026-09-18;France_Ligue2;Reims;Montpellier;42.16;BASSA;7;2026-09-17;France_Ligue2;France_Ligue2;;"Ranking gap: 0.008 | Attacco casa: 2.33/gara | Difesa trasferta subisce: 0.67/gara | Over25 casa ultime10: 0.83 | Over25 trasferta ultime10: 0.17 || V20DEF_STRONG_DEFENSE[Rule=AT_LEAST_ONE_STRONG;Threshold=1.60;Penalty=-3.00;HomeGALast5=1.60;AwayGALast5=0.60;BaseScore=45.16;FinalScore=42.16]";0.16;23.33;;;6.67;12.5;2.5;;;;2.0.def1
2026-09-18;Kazakhstan_PremierLeague;Okzhetpes;Zhenis;42.05;BASSA;38;2026-09-17;Kazakhstan_PremierLeague;Kazakhstan_PremierLeague;;"Ranking gap: 0.054 | Attacco casa: 1.52/gara | Difesa trasferta subisce: 1.08/gara | Over25 casa ultime10: 0.80 | Over25 trasferta ultime10: 0.40 || V20DEF_STRONG_DEFENSE[Rule=AT_LEAST_ONE_STRONG;Threshold=1.60;Penalty=-3.00;HomeGALast5=1.40;AwayGALast5=1.00;BaseScore=45.05;FinalScore=42.05]";1.08;15.2;;;10.77;12.0;6.0;;;;2.0.def1
2026-09-18;Norway_Eliteserien;Sarpsborg 08;KFUM Oslo;41.92;BASSA;29;2026-09-17;Norway_Eliteserien;Norway_Eliteserien;;"Ranking gap: 0.071 | Attacco casa: 1.15/gara | Difesa trasferta subisce: 1.70/gara | Over25 casa ultime10: 0.50 | Over25 trasferta ultime10: 0.50 || V20DEF_STRONG_DEFENSE[Rule=AT_LEAST_ONE_STRONG;Threshold=1.60;Penalty=-3.00;HomeGALast5=1.40;AwayGALast5=1.60;BaseScore=44.92;FinalScore=41.92]";1.42;11.5;;;17.0;7.5;7.5;;;;2.0.def1
2026-09-18;Kazakhstan_FirstLeague;Khan Tengri;Kairat Almaty 2;41.84;BASSA;32;2026-09-17;Kazakhstan_FirstLeague;Kazakhstan_FirstLeague;;"Ranking gap: 0.410 | Attacco casa: 1.32/gara | Difesa trasferta subisce: 0.55/gara | Over25 casa ultime10: 0.60 | Over25 trasferta ultime10: 0.60 || V20DEF_STRONG_DEFENSE[Rule=AT_LEAST_ONE_STRONG;Threshold=1.60;Penalty=-3.00;HomeGALast5=2.00;AwayGALast5=0.40;BaseScore=44.84;FinalScore=41.84]";8.2;13.18;;;5.45;9.0;9.0;;;;2.0.def1
2026-09-18;England_Championship;Bristol City;Watford;41.47;BASSA;9;2026-09-17;England_Championship;England_Championship;;"Ranking gap: 0.015 | Attacco casa: 1.33/gara | Difesa trasferta subisce: 1.33/gara | Over25 casa ultime10: 0.67 | Over25 trasferta ultime10: 0.50 || V20DEF_STRONG_DEFENSE[Rule=AT_LEAST_ONE_STRONG;Threshold=1.60;Penalty=-3.00;HomeGALast5=1.60;AwayGALast5=1.40;BaseScore=44.47;FinalScore=41.47]";0.3;13.33;;;13.33;10.0;7.5;;;;2.0.def1
2026-09-18;Austria_Regionalliga_East;Mattersburg SV 2020;SV Donau;41.41;BASSA;8;2026-09-17;Austria_Regionalliga_East;Austria_Regionalliga_East;;"Ranking gap: 0.006 | Attacco casa: 1.29/gara | Difesa trasferta subisce: 1.86/gara | Over25 casa ultime10: 0.43 | Over25 trasferta ultime10: 0.43 || V20DEF_STRONG_DEFENSE[Rule=AT_LEAST_ONE_STRONG;Threshold=1.60;Penalty=-3.00;HomeGALast5=1.00;AwayGALast5=1.20;BaseScore=44.41;FinalScore=41.41]";0.12;12.86;;;18.57;6.43;6.43;;;;2.0.def1
2026-09-18;Austria_Niederosterreich;Ardagger;Wieselburg;40.58;BASSA;7;2026-09-17;Austria_Niederosterreich;Austria_Niederosterreich;;"Ranking gap: 0.054 | Attacco casa: 1.33/gara | Difesa trasferta subisce: 1.17/gara | Over25 casa ultime10: 0.67 | Over25 trasferta ultime10: 0.50 || V20DEF_STRONG_DEFENSE[Rule=AT_LEAST_ONE_STRONG;Threshold=1.60;Penalty=-3.00;HomeGALast5=2.00;AwayGALast5=1.00;BaseScore=43.58;FinalScore=40.58]";1.08;13.33;;;11.67;10.0;7.5;;;;2.0.def1
2026-09-18;Kazakhstan_PremierLeague;Altai;Ertis Pavlodar;39.73;BASSA;38;2026-09-17;Kazakhstan_PremierLeague;Kazakhstan_PremierLeague;;"Ranking gap: 0.069 | Attacco casa: 0.96/gara | Difesa trasferta subisce: 1.38/gara | Over25 casa ultime10: 0.60 | Over25 trasferta ultime10: 0.60 || V20DEF_STRONG_DEFENSE[Rule=AT_LEAST_ONE_STRONG;Threshold=1.60;Penalty=-3.00;HomeGALast5=1.20;AwayGALast5=1.60;BaseScore=42.73;FinalScore=39.73]";1.38;9.6;;;13.75;9.0;9.0;;;;2.0.def1
2026-09-18;Bosnia_WWINLigaBiH;Zeljeznicar;Celik Zenica;39.29;BASSA;9;2026-09-17;Bosnia_WWINLigaBiH;Bosnia_WWINLigaBiH;;"Ranking gap: 0.056 | Attacco casa: 1.17/gara | Difesa trasferta subisce: 1.80/gara | Over25 casa ultime10: 0.17 | Over25 trasferta ultime10: 0.60 || V20DEF_STRONG_DEFENSE[Rule=AT_LEAST_ONE_STRONG;Threshold=1.60;Penalty=-3.00;HomeGALast5=1.00;AwayGALast5=1.80;BaseScore=42.29;FinalScore=39.29]";1.12;11.67;;;18.0;2.5;9.0;;;;2.0.def1
2026-09-18;Austria_2Liga;Kapfenberg;Amstetten;39.11;BASSA;7;2026-09-17;Austria_2Liga;Austria_2Liga;;"Ranking gap: 0.064 | Attacco casa: 1.00/gara | Difesa trasferta subisce: 1.33/gara | Over25 casa ultime10: 0.67 | Over25 trasferta ultime10: 0.50 || V20DEF_STRONG_DEFENSE[Rule=AT_LEAST_ONE_STRONG;Threshold=1.60;Penalty=-3.00;HomeGALast5=1.80;AwayGALast5=1.40;BaseScore=42.11;FinalScore=39.11]";1.28;10.0;;;13.33;10.0;7.5;;;;2.0.def1
2026-09-18;Turkey_1Lig;Bandirmaspor;Umraniyespor;38.97;BASSA;8;2026-09-17;Turkey_1Lig;Turkey_1Lig;;"Ranking gap: 0.063 | Attacco casa: 1.71/gara | Difesa trasferta subisce: 1.29/gara | Over25 casa ultime10: 0.29 | Over25 trasferta ultime10: 0.43 || V20DEF_STRONG_DEFENSE[Rule=AT_LEAST_ONE_STRONG;Threshold=1.60;Penalty=-3.00;HomeGALast5=0.80;AwayGALast5=1.40;BaseScore=41.97;FinalScore=38.97]";1.26;17.14;;;12.86;4.29;6.43;;;;2.0.def1
2026-09-18;Sweden_Superettan;Falkenberg;Östersund;38.85;BASSA;29;2026-09-17;Sweden_Superettan;Sweden_Superettan;;"Ranking gap: 0.034 | Attacco casa: 1.92/gara | Difesa trasferta subisce: 1.00/gara | Over25 casa ultime10: 0.70 | Over25 trasferta ultime10: 0.10 || V20DEF_STRONG_DEFENSE[Rule=AT_LEAST_ONE_STRONG;Threshold=1.60;Penalty=-3.00;HomeGALast5=1.20;AwayGALast5=0.40;BaseScore=41.85;FinalScore=38.85]";0.68;19.17;;;10.0;10.5;1.5;;;;2.0.def1
2026-09-18;France_Ligue2;Annecy;Dijon;38.73;BASSA;7;2026-09-17;France_Ligue2;France_Ligue2;;"Ranking gap: 0.045 | Attacco casa: 1.33/gara | Difesa trasferta subisce: 1.50/gara | Over25 casa ultime10: 0.50 | Over25 trasferta ultime10: 0.33 || V20DEF_STRONG_DEFENSE[Rule=AT_LEAST_ONE_STRONG;Threshold=1.60;Penalty=-3.00;HomeGALast5=1.40;AwayGALast5=1.60;BaseScore=41.73;FinalScore=38.73]";0.9;13.33;;;15.0;7.5;5.0;;;;2.0.def1
2026-09-18;Kazakhstan_PremierLeague;Kyzylzhar;Kaisar;38.72;BASSA;38;2026-09-17;Kazakhstan_PremierLeague;Kazakhstan_PremierLeague;;Ranking gap: 0.101 | Attacco casa: 1.04/gara | Difesa trasferta subisce: 1.28/gara | Over25 casa ultime10: 0.50 | Over25 trasferta ultime10: 0.40;2.02;10.4;;;12.8;7.5;6.0;;;;2.0.def1
2026-09-18;Austria_2Liga;Hertha Wels;First Vienna;38.35;BASSA;7;2026-09-17;Austria_2Liga;Austria_2Liga;;"Ranking gap: 0.109 | Attacco casa: 1.17/gara | Difesa trasferta subisce: 1.00/gara | Over25 casa ultime10: 0.67 | Over25 trasferta ultime10: 0.50 || V20DEF_STRONG_DEFENSE[Rule=AT_LEAST_ONE_STRONG;Threshold=1.60;Penalty=-3.00;HomeGALast5=2.40;AwayGALast5=1.20;BaseScore=41.35;FinalScore=38.35]";2.18;11.67;;;10.0;10.0;7.5;;;;2.0.def1
2026-09-18;Lithuania_ILyga;Jonava;Tauras;38.22;BASSA;26;2026-09-17;Lithuania_ILyga;Lithuania_ILyga;;"Ranking gap: 0.165 | Attacco casa: 1.08/gara | Difesa trasferta subisce: 1.21/gara | Over25 casa ultime10: 0.50 | Over25 trasferta ultime10: 0.50 || V20DEF_STRONG_DEFENSE[Rule=AT_LEAST_ONE_STRONG;Threshold=1.60;Penalty=-3.00;HomeGALast5=1.20;AwayGALast5=1.40;BaseScore=41.22;FinalScore=38.22]";3.3;10.83;;;12.08;7.5;7.5;;;;2.0.def1
2026-09-18;Denmark_2ndDivision;F. Amager;Naestved;38.19;BASSA;8;2026-09-17;Denmark_2ndDivision;Denmark_2ndDivision;;"Ranking gap: 0.024 | Attacco casa: 1.43/gara | Difesa trasferta subisce: 1.14/gara | Over25 casa ultime10: 0.57 | Over25 trasferta ultime10: 0.43 || V20DEF_STRONG_DEFENSE[Rule=AT_LEAST_ONE_STRONG;Threshold=1.60;Penalty=-3.00;HomeGALast5=1.00;AwayGALast5=1.00;BaseScore=41.19;FinalScore=38.19]";0.48;14.29;;;11.43;8.57;6.43;;;;2.0.def1
2026-09-18;Belarus_VysshayaLiga;Belshina;FC Minsk;38.16;BASSA;26;2026-09-17;Belarus_VysshayaLiga;Belarus_VysshayaLiga;;"Ranking gap: 0.223 | Attacco casa: 0.95/gara | Difesa trasferta subisce: 1.22/gara | Over25 casa ultime10: 0.30 | Over25 trasferta ultime10: 0.70 || V20DEF_STRONG_DEFENSE[Rule=AT_LEAST_ONE_STRONG;Threshold=1.60;Penalty=-3.00;HomeGALast5=1.00;AwayGALast5=1.00;BaseScore=41.16;FinalScore=38.16]";4.46;9.52;;;12.17;4.5;10.5;;;;2.0.def1
2026-09-18;Finland_Ykkosliiga;JaPS;Ekenas;38.05;BASSA;27;2026-09-17;Finland_Ykkosliiga;Finland_Ykkosliiga;;"Ranking gap: 0.314 | Attacco casa: 0.90/gara | Difesa trasferta subisce: 1.52/gara | Over25 casa ultime10: 0.50 | Over25 trasferta ultime10: 0.20 || V20DEF_STRONG_DEFENSE[Rule=AT_LEAST_ONE_STRONG;Threshold=1.60;Penalty=-3.00;HomeGALast5=2.00;AwayGALast5=1.00;BaseScore=41.05;FinalScore=38.05]";6.28;9.05;;;15.22;7.5;3.0;;;;2.0.def1
2026-09-18;Austria_Oberosterreich;Gmunden;ASK St.Valentin;37.96;BASSA;10;2026-09-17;Austria_Oberosterreich;Austria_Oberosterreich;;"Ranking gap: 0.048 | Attacco casa: 0.86/gara | Difesa trasferta subisce: 1.43/gara | Over25 casa ultime10: 0.57 | Over25 trasferta ultime10: 0.57 || V20DEF_STRONG_DEFENSE[Rule=AT_LEAST_ONE_STRONG;Threshold=1.60;Penalty=-3.00;HomeGALast5=2.00;AwayGALast5=1.20;BaseScore=40.96;FinalScore=37.96]";0.96;8.57;;;14.29;8.57;8.57;;;;2.0.def1
2026-09-18;Denmark_1stDivision;Kolding;Hillerod;37.88;BASSA;10;2026-09-17;Denmark_1stDivision;Denmark_1stDivision;;"Ranking gap: 0.013 | Attacco casa: 1.12/gara | Difesa trasferta subisce: 1.62/gara | Over25 casa ultime10: 0.50 | Over25 trasferta ultime10: 0.38 || V20DEF_STRONG_DEFENSE[Rule=AT_LEAST_ONE_STRONG;Threshold=1.60;Penalty=-3.00;HomeGALast5=1.60;AwayGALast5=0.80;BaseScore=40.88;FinalScore=37.88]";0.26;11.25;;;16.25;7.5;5.62;;;;2.0.def1
2026-09-18;Austria_Steiermark;Grossklein;Weindorf St. Anna;37.78;BASSA;5;2026-09-17;Austria_Steiermark;Austria_Steiermark;16 clubs, double round robin.;Ranking gap: 0.014 | Attacco casa: 1.50/gara | Difesa trasferta subisce: 1.00/gara | Over25 casa ultime10: 0.50 | Over25 trasferta ultime10: 0.33;0.28;15.0;;;10.0;7.5;5.0;;;;2.0.def1
2026-09-18;Germany_Regionalliga_Bayern;Aubstadt;Bayern 2;37.75;BASSA;11;2026-09-17;Germany_Regionalliga_Bayern;Germany_Regionalliga_Bayern;;"Ranking gap: 0.006 | Attacco casa: 1.75/gara | Difesa trasferta subisce: 1.00/gara | Over25 casa ultime10: 0.62 | Over25 trasferta ultime10: 0.25 || V20DEF_STRONG_DEFENSE[Rule=AT_LEAST_ONE_STRONG;Threshold=1.60;Penalty=-3.00;HomeGALast5=2.00;AwayGALast5=0.80;BaseScore=40.75;FinalScore=37.75]";0.12;17.5;;;10.0;9.38;3.75;;;;2.0.def1
2026-09-18;Russia_FNL;Ulyanovsk;S. Kostroma;37.44;BASSA;12;2026-09-17;Russia_FNL;Russia_FNL;;"Ranking gap: 0.097 | Attacco casa: 1.40/gara | Difesa trasferta subisce: 0.80/gara | Over25 casa ultime10: 0.70 | Over25 trasferta ultime10: 0.40 || V20DEF_STRONG_DEFENSE[Rule=AT_LEAST_ONE_STRONG;Threshold=1.60;Penalty=-3.00;HomeGALast5=1.60;AwayGALast5=0.80;BaseScore=40.44;FinalScore=37.44]";1.94;14.0;;;8.0;10.5;6.0;;;;2.0.def1
2026-09-18;Germany_Oberliga_RheinlandPfalzSaar;Ahrweiler;RW Koblenz;37.43;BASSA;11;2026-09-17;Germany_Oberliga_RheinlandPfalzSaar;Germany_Oberliga_RheinlandPfalzSaar;;"Ranking gap: 0.115 | Attacco casa: 0.75/gara | Difesa trasferta subisce: 1.38/gara | Over25 casa ultime10: 0.50 | Over25 trasferta ultime10: 0.62 || V20DEF_STRONG_DEFENSE[Rule=AT_LEAST_ONE_STRONG;Threshold=1.60;Penalty=-3.00;HomeGALast5=1.40;AwayGALast5=0.80;BaseScore=40.43;FinalScore=37.43]";2.3;7.5;;;13.75;7.5;9.38;;;;2.0.def1
2026-09-18;Germany_Oberliga_Bayern_Sud;Monaco 1860 2;Erlbach;37.41;BASSA;12;2026-09-17;Germany_Oberliga_Bayern_Sud;Germany_Oberliga_Bayern_Sud;;"Ranking gap: 0.026 | Attacco casa: 2.20/gara | Difesa trasferta subisce: 0.56/gara | Over25 casa ultime10: 0.60 | Over25 trasferta ultime10: 0.22 || V20DEF_STRONG_DEFENSE[Rule=AT_LEAST_ONE_STRONG;Threshold=1.60;Penalty=-3.00;HomeGALast5=2.80;AwayGALast5=0.20;BaseScore=40.41;FinalScore=37.41]";0.52;22.0;;;5.56;9.0;3.33;;;;2.0.def1
2026-09-18;Romania_Superliga;UTA Arad;Sepsi Sf. Gheorghe;37.3;BASSA;10;2026-09-17;Romania_Superliga;Romania_Superliga;;"Ranking gap: 0.067 | Attacco casa: 1.62/gara | Difesa trasferta subisce: 1.00/gara | Over25 casa ultime10: 0.62 | Over25 trasferta ultime10: 0.22 || V20DEF_STRONG_DEFENSE[Rule=AT_LEAST_ONE_STRONG;Threshold=1.60;Penalty=-3.00;HomeGALast5=1.60;AwayGALast5=1.40;BaseScore=40.30;FinalScore=37.30]";1.34;16.25;;;10.0;9.38;3.33;;;;2.0.def1
2026-09-18;Netherlands_EersteDivisie;Jong Ajax;Roda;37.1;BASSA;9;2026-09-17;Netherlands_EersteDivisie;Netherlands_EersteDivisie;;"Ranking gap: 0.057 | Attacco casa: 1.62/gara | Difesa trasferta subisce: 0.83/gara | Over25 casa ultime10: 0.62 | Over25 trasferta ultime10: 0.33 || V20DEF_STRONG_DEFENSE[Rule=AT_LEAST_ONE_STRONG;Threshold=1.60;Penalty=-3.00;HomeGALast5=2.20;AwayGALast5=0.80;BaseScore=40.10;FinalScore=37.10]";1.14;16.25;;;8.33;9.38;5.0;;;;2.0.def1
2026-09-18;Turkey_SuperLig;Kasimpasa;Konyaspor;36.69;BASSA;6;2026-09-17;Turkey_SuperLig;Turkey_SuperLig;;Ranking gap: 0.022 | Attacco casa: 1.50/gara | Difesa trasferta subisce: 1.00/gara | Over25 casa ultime10: 0.50 | Over25 trasferta ultime10: 0.25;0.44;15.0;;;10.0;7.5;3.75;;;;2.0.def1
2026-09-18;Slovakia_3Liga_West;MSK Senec;D. Luzna;36.23;BASSA;7;2026-09-17;Slovakia_3Liga_West;Slovakia_3Liga_West;;"Ranking gap: 0.045 | Attacco casa: 1.17/gara | Difesa trasferta subisce: 1.17/gara | Over25 casa ultime10: 0.67 | Over25 trasferta ultime10: 0.33 || V20DEF_STRONG_DEFENSE[Rule=AT_LEAST_ONE_STRONG;Threshold=1.60;Penalty=-3.00;HomeGALast5=1.80;AwayGALast5=0.80;BaseScore=39.23;FinalScore=36.23]";0.9;11.67;;;11.67;10.0;5.0;;;;2.0.def1
2026-09-18;Denmark_Superliga;Lyngby;Silkeborg;35.93;BASSA;10;2026-09-17;Denmark_Superliga;Denmark_Superliga;;"Ranking gap: 0.009 | Attacco casa: 1.25/gara | Difesa trasferta subisce: 1.50/gara | Over25 casa ultime10: 0.38 | Over25 trasferta ultime10: 0.38 || V20DEF_STRONG_DEFENSE[Rule=AT_LEAST_ONE_STRONG;Threshold=1.60;Penalty=-3.00;HomeGALast5=1.00;AwayGALast5=1.60;BaseScore=38.93;FinalScore=35.93]";0.18;12.5;;;15.0;5.62;5.62;;;;2.0.def1
2026-09-18;Germany_Oberliga_NOFV_Sud;1.FC Frankfurt;Meuselwitz;35.77;BASSA;5;2026-09-17;Germany_Oberliga_NOFV_Sud;Germany_Oberliga_NOFV_Sud;;Ranking gap: 0.101 | Attacco casa: 1.00/gara | Difesa trasferta subisce: 0.50/gara | Over25 casa ultime10: 1.00 | Over25 trasferta ultime10: 0.25;2.02;10.0;;;5.0;15.0;3.75;;;;2.0.def1
2026-09-18;Slovakia_2Liga;L. Mikulas;Z. Moravce-Vrable;35.59;BASSA;9;2026-09-17;Slovakia_2Liga;Slovakia_2Liga;;"Ranking gap: 0.023 | Attacco casa: 1.62/gara | Difesa trasferta subisce: 0.88/gara | Over25 casa ultime10: 0.38 | Over25 trasferta ultime10: 0.50 || V20DEF_STRONG_DEFENSE[Rule=AT_LEAST_ONE_STRONG;Threshold=1.60;Penalty=-3.00;HomeGALast5=2.00;AwayGALast5=0.60;BaseScore=38.59;FinalScore=35.59]";0.46;16.25;;;8.75;5.62;7.5;;;;2.0.def1
2026-09-18;Italy_SerieB;Juve Stabia;Cesena;35.48;BASSA;5;2026-09-17;Italy_SerieB;Italy_SerieB;;Ranking gap: 0.024 | Attacco casa: 0.75/gara | Difesa trasferta subisce: 1.25/gara | Over25 casa ultime10: 0.50 | Over25 trasferta ultime10: 0.50;0.48;7.5;;;12.5;7.5;7.5;;;;2.0.def1
2026-09-18;Moldova_Liga1_GroupB;Stauceni;Victoria;35.29;BASSA;7;2026-09-17;Moldova_Liga1_GroupB;Moldova_Liga1_GroupA;Moldova_Liga1;"Ranking gap: 0.098 | Attacco casa: 1.20/gara | Difesa trasferta subisce: 1.33/gara | Over25 casa ultime10: 0.40 | Over25 trasferta ultime10: 0.33 || V20DEF_STRONG_DEFENSE[Rule=AT_LEAST_ONE_STRONG;Threshold=1.60;Penalty=-3.00;HomeGALast5=1.20;AwayGALast5=NA;BaseScore=38.29;FinalScore=35.29]";1.96;12.0;;;13.33;6.0;5.0;;;;2.0.def1
2026-09-18;Russia_FNL;Chelyabinsk;Ufa;34.86;BASSA;12;2026-09-17;Russia_FNL;Russia_FNL;;"Ranking gap: 0.093 | Attacco casa: 1.00/gara | Difesa trasferta subisce: 1.10/gara | Over25 casa ultime10: 0.50 | Over25 trasferta ultime10: 0.50 || V20DEF_STRONG_DEFENSE[Rule=AT_LEAST_ONE_STRONG;Threshold=1.60;Penalty=-3.00;HomeGALast5=1.80;AwayGALast5=1.00;BaseScore=37.86;FinalScore=34.86]";1.86;10.0;;;11.0;7.5;7.5;;;;2.0.def1
2026-09-18;Austria_Regionalliga_East;Favoritner;Kremser;34.76;BASSA;8;2026-09-17;Austria_Regionalliga_East;Austria_Regionalliga_East;;"Ranking gap: 0.037 | Attacco casa: 0.86/gara | Difesa trasferta subisce: 1.67/gara | Over25 casa ultime10: 0.29 | Over25 trasferta ultime10: 0.50 || V20DEF_STRONG_DEFENSE[Rule=AT_LEAST_ONE_STRONG;Threshold=1.60;Penalty=-3.00;HomeGALast5=1.20;AwayGALast5=1.80;BaseScore=37.76;FinalScore=34.76]";0.74;8.57;;;16.67;4.29;7.5;;;;2.0.def1
2026-09-18;NorthMacedonia_1MFL;Sileks;Tikves;34.51;BASSA;7;2026-09-17;NorthMacedonia_1MFL;NorthMacedonia_1MFL;;"Ranking gap: 0.042 | Attacco casa: 1.17/gara | Difesa trasferta subisce: 1.00/gara | Over25 casa ultime10: 0.50 | Over25 trasferta ultime10: 0.50 || V20DEF_STRONG_DEFENSE[Rule=AT_LEAST_ONE_STRONG;Threshold=1.60;Penalty=-3.00;HomeGALast5=1.80;AwayGALast5=1.20;BaseScore=37.51;FinalScore=34.51]";0.84;11.67;;;10.0;7.5;7.5;;;;2.0.def1
2026-09-18;France_Ligue2;Laval;Sochaux;34.47;BASSA;7;2026-09-17;France_Ligue2;France_Ligue2;;"Ranking gap: 0.065 | Attacco casa: 1.20/gara | Difesa trasferta subisce: 0.67/gara | Over25 casa ultime10: 1.00 | Over25 trasferta ultime10: 0.17 || V20DEF_STRONG_DEFENSE[Rule=AT_LEAST_ONE_STRONG;Threshold=1.60;Penalty=-3.00;HomeGALast5=2.40;AwayGALast5=0.20;BaseScore=37.47;FinalScore=34.47]";1.3;12.0;;;6.67;15.0;2.5;;;;2.0.def1
2026-09-18;Austria_Regionalliga_East;Gloggnitz;Horn;34.26;BASSA;8;2026-09-17;Austria_Regionalliga_East;Austria_Regionalliga_East;;"Ranking gap: 0.006 | Attacco casa: 1.43/gara | Difesa trasferta subisce: 1.00/gara | Over25 casa ultime10: 0.43 | Over25 trasferta ultime10: 0.43 || V20DEF_STRONG_DEFENSE[Rule=AT_LEAST_ONE_STRONG;Threshold=1.60;Penalty=-3.00;HomeGALast5=2.20;AwayGALast5=1.00;BaseScore=37.26;FinalScore=34.26]";0.12;14.29;;;10.0;6.43;6.43;;;;2.0.def1
2026-09-18;Albania_AbissnetSuperiore;Vllaznia;Teuta;34.17;BASSA;5;2026-09-17;Albania_AbissnetSuperiore;Albania_AbissnetSuperiore;;Ranking gap: 0.125 | Attacco casa: 1.00/gara | Difesa trasferta subisce: 0.67/gara | Over25 casa ultime10: 0.33 | Over25 trasferta ultime10: 0.67;2.5;10.0;;;6.67;5.0;10.0;;;;2.0.def1
2026-09-18;Germany_Regionalliga_Sudwest;Trier;Offenbach;33.85;BASSA;10;2026-09-17;Germany_Regionalliga_Sudwest;Germany_Regionalliga_Sudwest;;"Ranking gap: 0.021 | Attacco casa: 1.14/gara | Difesa trasferta subisce: 1.00/gara | Over25 casa ultime10: 0.29 | Over25 trasferta ultime10: 0.71 || V20DEF_STRONG_DEFENSE[Rule=AT_LEAST_ONE_STRONG;Threshold=1.60;Penalty=-3.00;HomeGALast5=0.40;AwayGALast5=1.20;BaseScore=36.85;FinalScore=33.85]";0.42;11.43;;;10.0;4.29;10.71;;;;2.0.def1
2026-09-18;Kyrgyzstan_PremierLiga;Bishkek City;Alay Osh;33.84;BASSA;28;2026-09-17;Kyrgyzstan_PremierLiga;Kyrgyzstan_PremierLiga;;"Ranking gap: 0.230 | Attacco casa: 1.00/gara | Difesa trasferta subisce: 1.17/gara | Over25 casa ultime10: 0.30 | Over25 trasferta ultime10: 0.40 || V20DEF_STRONG_DEFENSE[Rule=AT_LEAST_ONE_STRONG;Threshold=1.60;Penalty=-3.00;HomeGALast5=1.80;AwayGALast5=1.40;BaseScore=36.84;FinalScore=33.84]";4.6;10.0;;;11.74;4.5;6.0;;;;2.0.def1
2026-09-18;Switzerland_ChallengeLeague;Kriens;Etoile-Carouge;33.59;BASSA;9;2026-09-17;Switzerland_ChallengeLeague;Switzerland_ChallengeLeague;;"Ranking gap: 0.017 | Attacco casa: 1.50/gara | Difesa trasferta subisce: 1.00/gara | Over25 casa ultime10: 0.38 | Over25 trasferta ultime10: 0.38 || V20DEF_STRONG_DEFENSE[Rule=AT_LEAST_ONE_STRONG;Threshold=1.60;Penalty=-3.00;HomeGALast5=1.00;AwayGALast5=1.20;BaseScore=36.59;FinalScore=33.59]";0.34;15.0;;;10.0;5.62;5.62;;;;2.0.def1
2026-09-18;Germany_Oberliga_Bayern_Nord;Grossbardorf;Bamberg;32.72;BASSA;15;2026-09-17;Germany_Oberliga_Bayern_Nord;Germany_Oberliga_Bayern_Nord;;"Ranking gap: 0.111 | Attacco casa: 1.20/gara | Difesa trasferta subisce: 0.80/gara | Over25 casa ultime10: 0.50 | Over25 trasferta ultime10: 0.40 || V20DEF_STRONG_DEFENSE[Rule=AT_LEAST_ONE_STRONG;Threshold=1.60;Penalty=-3.00;HomeGALast5=2.40;AwayGALast5=1.00;BaseScore=35.72;FinalScore=32.72]";2.22;12.0;;;8.0;7.5;6.0;;;;2.0.def1
2026-09-18;Germany_Regionalliga_Nordost;Zwickau;Hallescher;31.55;BASSA;11;2026-09-17;Germany_Regionalliga_Nordost;Germany_Regionalliga_Nordost;;"Ranking gap: 0.033 | Attacco casa: 1.22/gara | Difesa trasferta subisce: 0.67/gara | Over25 casa ultime10: 0.78 | Over25 trasferta ultime10: 0.22 || V20DEF_STRONG_DEFENSE[Rule=AT_LEAST_ONE_STRONG;Threshold=1.60;Penalty=-3.00;HomeGALast5=1.20;AwayGALast5=0.60;BaseScore=34.55;FinalScore=31.55]";0.66;12.22;;;6.67;11.67;3.33;;;;2.0.def1
2026-09-18;France_Ligue2;Grenoble;Clermont;31.45;BASSA;7;2026-09-17;France_Ligue2;France_Ligue2;;"Ranking gap: 0.031 | Attacco casa: 1.40/gara | Difesa trasferta subisce: 0.83/gara | Over25 casa ultime10: 0.60 | Over25 trasferta ultime10: 0.17 || V20DEF_STRONG_DEFENSE[Rule=AT_LEAST_ONE_STRONG;Threshold=1.60;Penalty=-3.00;HomeGALast5=1.20;AwayGALast5=1.00;BaseScore=34.45;FinalScore=31.45]";0.62;14.0;;;8.33;9.0;2.5;;;;2.0.def1
2026-09-18;Croatia_PrvaNL;Sesvete;Cibalia;31.44;BASSA;6;2026-09-17;Croatia_PrvaNL;Croatia_PrvaNL;;"Ranking gap: 0.022 | Attacco casa: 1.60/gara | Difesa trasferta subisce: 0.60/gara | Over25 casa ultime10: 0.60 | Over25 trasferta ultime10: 0.20 || V20DEF_STRONG_DEFENSE[Rule=AT_LEAST_ONE_STRONG;Threshold=1.60;Penalty=-3.00;HomeGALast5=0.80;AwayGALast5=0.60;BaseScore=34.44;FinalScore=31.44]";0.44;16.0;;;6.0;9.0;3.0;;;;2.0.def1
2026-09-18;Mexico_LigaExpansionMX_Apertura;Alacranes;Cruz Azul Hidalgo;31.27;BASSA;9;2026-09-17;Mexico_LigaExpansionMX_Apertura;Mexico_LigaExpansionMX_Apertura;;"Ranking gap: 0.026 | Attacco casa: 0.50/gara | Difesa trasferta subisce: 1.75/gara | Over25 casa ultime10: 0.25 | Over25 trasferta ultime10: 0.50 || V20DEF_STRONG_DEFENSE[Rule=AT_LEAST_ONE_STRONG;Threshold=1.60;Penalty=-3.00;HomeGALast5=1.20;AwayGALast5=2.00;BaseScore=34.27;FinalScore=31.27]";0.52;5.0;;;17.5;3.75;7.5;;;;2.0.def1
2026-09-18;France_Ligue2;Pau FC;Dunkerque;31.07;BASSA;7;2026-09-17;France_Ligue2;France_Ligue2;;"Ranking gap: 0.037 | Attacco casa: 0.67/gara | Difesa trasferta subisce: 1.67/gara | Over25 casa ultime10: 0.17 | Over25 trasferta ultime10: 0.50 || V20DEF_STRONG_DEFENSE[Rule=AT_LEAST_ONE_STRONG;Threshold=1.60;Penalty=-3.00;HomeGALast5=1.00;AwayGALast5=1.60;BaseScore=34.07;FinalScore=31.07]";0.74;6.67;;;16.67;2.5;7.5;;;;2.0.def1
2026-09-18;Azerbaijan_PremierLeague;Gabala;Neftci Baku;29.59;BASSA;6;2026-09-17;Azerbaijan_PremierLeague;Azerbaijan_PremierLeague;;"Ranking gap: 0.092 | Attacco casa: 0.50/gara | Difesa trasferta subisce: 1.00/gara | Over25 casa ultime10: 0.25 | Over25 trasferta ultime10: 0.80 || V20DEF_STRONG_DEFENSE[Rule=AT_LEAST_ONE_STRONG;Threshold=1.60;Penalty=-3.00;HomeGALast5=NA;AwayGALast5=1.00;BaseScore=32.59;FinalScore=29.59]";1.84;5.0;;;10.0;3.75;12.0;;;;2.0.def1
2026-09-18;Croatia_PrvaNL;Mladost Zdralovi;Segesta;29.06;BASSA;6;2026-09-17;Croatia_PrvaNL;Croatia_PrvaNL;;"Ranking gap: 0.053 | Attacco casa: 1.00/gara | Difesa trasferta subisce: 1.20/gara | Over25 casa ultime10: 0.20 | Over25 trasferta ultime10: 0.40 || V20DEF_STRONG_DEFENSE[Rule=AT_LEAST_ONE_STRONG;Threshold=1.60;Penalty=-3.00;HomeGALast5=0.40;AwayGALast5=1.20;BaseScore=32.06;FinalScore=29.06]";1.06;10.0;;;12.0;3.0;6.0;;;;2.0.def1
2026-09-18;Bulgaria_ParvaLiga;Slavia Sofia;CSKA 1948 Sofia;28.82;BASSA;10;2026-09-17;Bulgaria_ParvaLiga;Bulgaria_ParvaLiga;;"Ranking gap: 0.080 | Attacco casa: 0.89/gara | Difesa trasferta subisce: 0.90/gara | Over25 casa ultime10: 0.22 | Over25 trasferta ultime10: 0.60 || V20DEF_STRONG_DEFENSE[Rule=AT_LEAST_ONE_STRONG;Threshold=1.60;Penalty=-3.00;HomeGALast5=0.80;AwayGALast5=0.60;BaseScore=31.82;FinalScore=28.82]";1.6;8.89;;;9.0;3.33;9.0;;;;2.0.def1
2026-09-18;France_Ligue2;Rodez;Nancy;27.79;BASSA;7;2026-09-17;France_Ligue2;France_Ligue2;;"Ranking gap: 0.031 | Attacco casa: 1.20/gara | Difesa trasferta subisce: 0.67/gara | Over25 casa ultime10: 0.60 | Over25 trasferta ultime10: 0.17 || V20DEF_STRONG_DEFENSE[Rule=AT_LEAST_ONE_STRONG;Threshold=1.60;Penalty=-3.00;HomeGALast5=2.00;AwayGALast5=0.80;BaseScore=30.79;FinalScore=27.79]";0.62;12.0;;;6.67;9.0;2.5;;;;2.0.def1
2026-09-18;Azerbaijan_FirstLeague;Khankendi;Moik Baku;27.64;BASSA;3;2026-09-17;Azerbaijan_FirstLeague;Azerbaijan_FirstLeague;;Ranking gap: 0.007 | Attacco casa: 1.00/gara | Difesa trasferta subisce: 1.00/gara | Over25 casa ultime10: 0.50 | Over25 trasferta ultime10: 0.00;0.14;10.0;;;10.0;7.5;0.0;;;;2.0.def1
2026-09-18;Romania_Superliga;Rapid Bucarest;FC Arges;22.27;BASSA;10;2026-09-17;Romania_Superliga;Romania_Superliga;;"Ranking gap: 0.097 | Attacco casa: 1.22/gara | Difesa trasferta subisce: 0.78/gara | Over25 casa ultime10: 0.22 | Over25 trasferta ultime10: 0.00 || V20DEF_STRONG_DEFENSE[Rule=AT_LEAST_ONE_STRONG;Threshold=1.60;Penalty=-3.00;HomeGALast5=0.60;AwayGALast5=1.00;BaseScore=25.27;FinalScore=22.27]";1.94;12.22;;;7.78;3.33;0.0;;;;2.0.def1
2026-09-18;Montenegro_PrvaCrnogorskaLiga;Buducnost;Petrovac;20.32;BASSA;10;2026-09-17;Montenegro_PrvaCrnogorskaLiga;Montenegro_PrvaCrnogorskaLiga;;"Ranking gap: 0.041 | Attacco casa: 0.88/gara | Difesa trasferta subisce: 0.62/gara | Over25 casa ultime10: 0.25 | Over25 trasferta ultime10: 0.25 || V20DEF_STRONG_DEFENSE[Rule=AT_LEAST_ONE_STRONG;Threshold=1.60;Penalty=-3.00;HomeGALast5=0.80;AwayGALast5=0.80;BaseScore=23.32;FinalScore=20.32]";0.82;8.75;;;6.25;3.75;3.75;;;;2.0.def1
2026-09-18;Turkey_1Lig;Muglaspor;Igdir FK;19.88;BASSA;8;2026-09-17;Turkey_1Lig;Turkey_1Lig;;"Ranking gap: 0.037 | Attacco casa: 0.86/gara | Difesa trasferta subisce: 0.71/gara | Over25 casa ultime10: 0.14 | Over25 trasferta ultime10: 0.29 || V20DEF_STRONG_DEFENSE[Rule=AT_LEAST_ONE_STRONG;Threshold=1.60;Penalty=-3.00;HomeGALast5=0.60;AwayGALast5=0.80;BaseScore=22.88;FinalScore=19.88]";0.74;8.57;;;7.14;2.14;4.29;;;;2.0.def1
2026-09-18;Russia_FNL;Neftekhimik;Ural;18.78;BASSA;12;2026-09-17;Russia_FNL;Russia_FNL;;"Ranking gap: 0.071 | Attacco casa: 0.64/gara | Difesa trasferta subisce: 0.50/gara | Over25 casa ultime10: 0.20 | Over25 trasferta ultime10: 0.40 || V20DEF_STRONG_DEFENSE[Rule=AT_LEAST_ONE_STRONG;Threshold=1.60;Penalty=-3.00;HomeGALast5=0.80;AwayGALast5=0.80;BaseScore=21.78;FinalScore=18.78]";1.42;6.36;;;5.0;3.0;6.0;;;;2.0.def1
