MatchDate;LeagueId;Home;Away;Score;Band;Round;PredictionDate;HomeSourceLeagueId;AwaySourceLeagueId;CompetitionGroup;Reason;RankingGapScore;HomeAttackScore;AwayAttackScore;HomeDefenseWeaknessScore;AwayDefenseWeaknessScore;HomeLast10OverScore;AwayLast10OverScore;HomeVenueOverScore;AwayVenueOverScore;BTTSProfileScore;AlgorithmVersion
2026-09-06;Switzerland_PromotionLeague;Biel;Young Boys 2;87.2;ALTA;8;2026-09-06;Switzerland_PromotionLeague;Switzerland_PromotionLeague;;Ranking gap: 0.860 | Attacco casa: 2.40/gara | Difesa trasferta subisce: 2.80/gara | Over25 casa ultime10: 0.40 | Over25 trasferta ultime10: 1.00;17.2;24.0;;;25.0;6.0;15.0;;;;2.0.plus1
2026-09-06;Poland_IIILiga_Group3;Polkowice;Carina Gubin;83.22;ALTA;7;2026-09-06;Poland_IIILiga_Group3;Poland_IIILiga_Group3;;Ranking gap: 0.786 | Attacco casa: 2.33/gara | Difesa trasferta subisce: 2.17/gara | Over25 casa ultime10: 0.83 | Over25 trasferta ultime10: 0.67;15.72;23.33;;;21.67;12.5;10.0;;;;2.0.plus1
2026-09-06;CzechRepublic_4Liga_GroupB;Hostoun;Brandys n. Labem;81.32;IMM-ALTA-7;5;2026-09-06;CzechRepublic_4Liga_GroupB;CzechRepublic_4Liga_GroupB;CzechRepublic_4Liga;Ranking gap: 0.066 | Attacco casa: 3.50/gara | Difesa trasferta subisce: 3.00/gara | Over25 casa ultime10: 1.00 | Over25 trasferta ultime10: 1.00;1.32;25.0;;;25.0;15.0;15.0;;;;2.0.plus1
2026-09-06;Finland_Kakkonen_GroupC;Huima / Urho;Narpes Kraft;81.03;ALTA;21;2026-09-06;Finland_Kakkonen_GroupC;Finland_Kakkonen_GroupC;;Ranking gap: 0.316 | Attacco casa: 2.80/gara | Difesa trasferta subisce: 2.42/gara | Over25 casa ultime10: 0.70 | Over25 trasferta ultime10: 1.00;6.32;25.0;;;24.21;10.5;15.0;;;;2.0.plus1
2026-09-06;Norway_3rdDivision_Group5;Lillestrom 2;Bossekop;79.1;ALTA;20;2026-09-06;Norway_3rdDivision_Group5;Norway_3rdDivision_Group5;;Ranking gap: 0.180 | Attacco casa: 3.00/gara | Difesa trasferta subisce: 3.06/gara | Over25 casa ultime10: 0.90 | Over25 trasferta ultime10: 0.80;3.6;25.0;;;25.0;13.5;12.0;;;;2.0.plus1
2026-09-06;Estonia_EsiliigaB;Parnu JK Vaprus U21;Tallinna Kalev U21;77.82;ALTA;27;2026-09-06;Estonia_EsiliigaB;Estonia_EsiliigaB;;Ranking gap: 0.206 | Attacco casa: 2.84/gara | Difesa trasferta subisce: 2.32/gara | Over25 casa ultime10: 0.90 | Over25 trasferta ultime10: 0.80;4.12;25.0;;;23.2;13.5;12.0;;;;2.0.plus1
2026-09-06;Germany_Oberliga_Niedersachsen;Spelle-Venhaus;Luneburger Hansa;75.64;IMM-ALTA-7;5;2026-09-06;Germany_Oberliga_Niedersachsen;Germany_Oberliga_Niedersachsen;;Ranking gap: 0.053 | Attacco casa: 2.75/gara | Difesa trasferta subisce: 2.33/gara | Over25 casa ultime10: 0.75 | Over25 trasferta ultime10: 1.00;1.06;25.0;;;23.33;11.25;15.0;;;;2.0.plus1
2026-09-06;Slovakia_NikeLiga;Kosice;Banska Bystrica;75.48;ALTA;7;2026-09-06;Slovakia_NikeLiga;Slovakia_NikeLiga;;Ranking gap: 0.024 | Attacco casa: 2.80/gara | Difesa trasferta subisce: 2.50/gara | Over25 casa ultime10: 1.00 | Over25 trasferta ultime10: 0.67;0.48;25.0;;;25.0;15.0;10.0;;;;2.0.plus1
2026-09-06;Poland_IIILiga_Group1;Widzew Lodz 2;Plock 2;74.61;ALTA;7;2026-09-06;Poland_IIILiga_Group1;Poland_IIILiga_Group1;;"Ranking gap: 0.689 | Attacco casa: 2.50/gara | Difesa trasferta subisce: 1.83/gara | Over25 casa ultime10: 0.50 | Over25 trasferta ultime10: 0.67 || V20PLUS_CANDIDATE[V20Score=74.61;V20Band=MEDIA-ALTA;V22Score=76.15;V22Band=ALTA;V25Score=76.15;V25Band=ALTA;MinV20Score=71.00]";13.78;25.0;;;18.33;7.5;10.0;;;;2.0.plus1
2026-09-06;Switzerland_SuperLeague;Sion;Thun;74.42;ALTA;7;2026-09-06;Switzerland_SuperLeague;Switzerland_SuperLeague;;"Ranking gap: 0.021 | Attacco casa: 2.20/gara | Difesa trasferta subisce: 2.80/gara | Over25 casa ultime10: 1.00 | Over25 trasferta ultime10: 0.80 || V20PLUS_CANDIDATE[V20Score=74.42;V20Band=MEDIA-ALTA;V22Score=91.82;V22Band=ALTA;V25Score=91.82;V25Band=ALTA;MinV20Score=71.00]";0.42;22.0;;;25.0;15.0;12.0;;;;2.0.plus1
2026-09-06;Poland_Ekstraklasa;Lech;Rakow;74.16;ALTA;8;2026-09-06;Poland_Ekstraklasa;Poland_Ekstraklasa;;"Ranking gap: 0.108 | Attacco casa: 2.00/gara | Difesa trasferta subisce: 2.60/gara | Over25 casa ultime10: 0.80 | Over25 trasferta ultime10: 1.00 || V20PLUS_CANDIDATE[V20Score=74.16;V20Band=MEDIA-ALTA;V22Score=85.68;V22Band=ALTA;V25Score=85.68;V25Band=ALTA;MinV20Score=71.00]";2.16;20.0;;;25.0;12.0;15.0;;;;2.0.plus1
2026-09-06;CzechRepublic_3MSFL;Brno B;Polanka nad Odrou;73.95;ALTA;7;2026-09-06;CzechRepublic_3MSFL;CzechRepublic_3MSFL;;"Ranking gap: 0.864 | Attacco casa: 2.67/gara | Difesa trasferta subisce: 1.17/gara | Over25 casa ultime10: 1.00 | Over25 trasferta ultime10: 0.33 || V20PLUS_CANDIDATE[V20Score=73.95;V20Band=MEDIA-ALTA;V22Score=75.80;V22Band=ALTA;V25Score=75.80;V25Band=ALTA;MinV20Score=71.00]";17.28;25.0;;;11.67;15.0;5.0;;;;2.0.plus1
2026-09-06;Germany_2Bundesliga;Furth;Heidenheim;73.61;IMM-ALTA-6;4;2026-09-06;Germany_2Bundesliga;Germany_2Bundesliga;;"Ranking gap: 0.014 | Attacco casa: 2.33/gara | Difesa trasferta subisce: 3.33/gara | Over25 casa ultime10: 0.67 | Over25 trasferta ultime10: 1.00 || V20PLUS_CANDIDATE[V20Score=73.61;V20Band=MEDIA-ALTA;V22Score=97.06;V22Band=ALTA;V25Score=97.06;V25Band=ALTA;MinV20Score=71.00]";0.28;23.33;;;25.0;10.0;15.0;;;;2.0.plus1
2026-09-06;Germany_Oberliga_Westfalen;Eintracht Rheine;ASC 09 Dortmund;72.41;IMM-ALTA-8;5;2026-09-06;Germany_Oberliga_Westfalen;Germany_Oberliga_Westfalen;;"Ranking gap: 0.058 | Attacco casa: 2.00/gara | Difesa trasferta subisce: 3.00/gara | Over25 casa ultime10: 0.75 | Over25 trasferta ultime10: 1.00 || V20PLUS_CANDIDATE[V20Score=72.41;V20Band=MEDIA-ALTA;V22Score=95.18;V22Band=ALTA;V25Score=95.18;V25Band=ALTA;MinV20Score=71.00]";1.16;20.0;;;25.0;11.25;15.0;;;;2.0.plus1
2026-09-06;Austria_Salzburg;TSU Bramberg;UFC Siezenheim;72.06;ALTA;6;2026-09-06;Austria_Salzburg;Austria_Salzburg;;"Ranking gap: 0.053 | Attacco casa: 2.60/gara | Difesa trasferta subisce: 2.20/gara | Over25 casa ultime10: 1.00 | Over25 trasferta ultime10: 0.60 || V20PLUS_CANDIDATE[V20Score=72.06;V20Band=MEDIA-ALTA;V22Score=85.36;V22Band=ALTA;V25Score=85.36;V25Band=ALTA;MinV20Score=71.00]";1.06;25.0;;;22.0;15.0;9.0;;;;2.0.plus1
2026-09-06;Norway_3rdDivision_Group4;Odd 2;Haugesund 2;71.05;ALTA;21;2026-09-06;Norway_3rdDivision_Group4;Norway_3rdDivision_Group4;;"Ranking gap: 0.113 | Attacco casa: 1.53/gara | Difesa trasferta subisce: 2.59/gara | Over25 casa ultime10: 0.90 | Over25 trasferta ultime10: 1.00 || V20PLUS_CANDIDATE[V20Score=71.05;V20Band=MEDIA-ALTA;V22Score=91.72;V22Band=ALTA;V25Score=91.72;V25Band=ALTA;MinV20Score=71.00]";2.26;15.29;;;25.0;13.5;15.0;;;;2.0.plus1
2026-09-06;Germany_Oberliga_Niederrhein;FC Monheim;Holzheim;71.02;IMM-ALTA-6;4;2026-09-06;Germany_Oberliga_Niederrhein;Germany_Oberliga_Niederrhein;;"Ranking gap: 0.051 | Attacco casa: 2.00/gara | Difesa trasferta subisce: 3.67/gara | Over25 casa ultime10: 0.67 | Over25 trasferta ultime10: 1.00 || V20PLUS_CANDIDATE[V20Score=71.02;V20Band=MEDIA-ALTA;V22Score=81.40;V22Band=ALTA;V25Score=81.40;V25Band=ALTA;MinV20Score=71.00]";1.02;20.0;;;25.0;10.0;15.0;;;;2.0.plus1
2026-09-06;CzechRepublic_4Liga_GroupD;Zdar nad Sazavou;Chotebor;70.41;MEDIA-ALTA;5;2026-09-06;CzechRepublic_4Liga_GroupD;CzechRepublic_4Liga_GroupD;CzechRepublic_4Liga;Ranking gap: 0.083 | Attacco casa: 2.75/gara | Difesa trasferta subisce: 3.50/gara | Over25 casa ultime10: 0.75 | Over25 trasferta ultime10: 0.50;1.66;25.0;;;25.0;11.25;7.5;;;;2.0.plus1
2026-09-06;USA_MLS;FC Dallas;Sporting Kansas City;70.3;MEDIA-ALTA;26;2026-09-06;USA_MLS;USA_MLS;;Ranking gap: 0.156 | Attacco casa: 1.86/gara | Difesa trasferta subisce: 2.45/gara | Over25 casa ultime10: 0.80 | Over25 trasferta ultime10: 0.80;3.12;18.64;;;24.55;12.0;12.0;;;;2.0.plus1
2026-09-06;Poland_IIILiga_Group1;Suwalki;Lidzbark Warminski;70.21;MEDIA-ALTA;7;2026-09-06;Poland_IIILiga_Group1;Poland_IIILiga_Group1;;Ranking gap: 0.844 | Attacco casa: 1.33/gara | Difesa trasferta subisce: 2.67/gara | Over25 casa ultime10: 0.17 | Over25 trasferta ultime10: 0.83;16.88;13.33;;;25.0;2.5;12.5;;;;2.0.plus1
2026-09-06;Russia_PremierLeague;Dynamo Makhachkala;Rodina Moscow;70.15;MEDIA-ALTA;7;2026-09-06;Russia_PremierLeague;Russia_PremierLeague;;Ranking gap: 0.049 | Attacco casa: 1.67/gara | Difesa trasferta subisce: 2.83/gara | Over25 casa ultime10: 0.83 | Over25 trasferta ultime10: 1.00;0.98;16.67;;;25.0;12.5;15.0;;;;2.0.plus1
2026-09-06;Spain_LaLiga;Espanyol;Siviglia;70.04;MEDIA-ALTA;6;2026-09-06;Spain_LaLiga;Spain_LaLiga;;Ranking gap: 0.002 | Attacco casa: 2.00/gara | Difesa trasferta subisce: 2.00/gara | Over25 casa ultime10: 1.00 | Over25 trasferta ultime10: 1.00;0.04;20.0;;;20.0;15.0;15.0;;;;2.0.plus1
2026-09-06;Norway_3rdDivision_Group4;Viking 2;Stabaek 2;69.9;MEDIA-ALTA;21;2026-09-06;Norway_3rdDivision_Group4;Norway_3rdDivision_Group4;;Ranking gap: 0.033 | Attacco casa: 2.41/gara | Difesa trasferta subisce: 2.41/gara | Over25 casa ultime10: 0.70 | Over25 trasferta ultime10: 0.70;0.66;24.12;;;24.12;10.5;10.5;;;;2.0.plus1
2026-09-06;CzechRepublic_3CFL_GroupB;Jablonec B;Liberec B;69.69;MEDIA-ALTA;5;2026-09-06;CzechRepublic_3CFL_GroupB;CzechRepublic_3CFL_GroupB;CzechRepublic_3rdTier;Ranking gap: 0.047 | Attacco casa: 2.50/gara | Difesa trasferta subisce: 2.50/gara | Over25 casa ultime10: 0.25 | Over25 trasferta ultime10: 1.00;0.94;25.0;;;25.0;3.75;15.0;;;;2.0.plus1
2026-09-06;CzechRepublic_4Liga_GroupF;Pusta Polom;Bridlicna;69.55;MEDIA-ALTA;5;2026-09-06;CzechRepublic_4Liga_GroupF;CzechRepublic_4Liga_GroupF;CzechRepublic_4Liga;Ranking gap: 0.040 | Attacco casa: 1.75/gara | Difesa trasferta subisce: 2.75/gara | Over25 casa ultime10: 1.00 | Over25 trasferta ultime10: 0.75;0.8;17.5;;;25.0;15.0;11.25;;;;2.0.plus1
2026-09-06;Iceland_BestaDeildKarla;Vikingur Reykjavik;Fram;69.37;MEDIA-ALTA;27;2026-09-06;Iceland_BestaDeildKarla;Iceland_BestaDeildKarla;;Ranking gap: 0.141 | Attacco casa: 3.10/gara | Difesa trasferta subisce: 1.90/gara | Over25 casa ultime10: 0.80 | Over25 trasferta ultime10: 0.70;2.82;25.0;;;19.05;12.0;10.5;;;;2.0.plus1
2026-09-06;Scotland_Premiership;St. Johnstone;Hibernian;69.16;MEDIA-ALTA;6;2026-09-06;Scotland_Premiership;Scotland_Premiership;;Ranking gap: 0.708 | Attacco casa: 1.50/gara | Difesa trasferta subisce: 1.75/gara | Over25 casa ultime10: 0.50 | Over25 trasferta ultime10: 1.00;14.16;15.0;;;17.5;7.5;15.0;;;;2.0.plus1
2026-09-06;Sweden_Division2_NorraGotaland;Skara;Vanersborgs IF;69.13;MEDIA-ALTA;22;2026-09-06;Sweden_Division2_NorraGotaland;Sweden_Division2_NorraGotaland;;Ranking gap: 0.483 | Attacco casa: 1.95/gara | Difesa trasferta subisce: 2.55/gara | Over25 casa ultime10: 0.40 | Over25 trasferta ultime10: 0.60;9.66;19.47;;;25.0;6.0;9.0;;;;2.0.plus1
2026-09-06;Norway_3rdDivision_Group5;Tromsø 2;Harstad;68.83;MEDIA-ALTA;20;2026-09-06;Norway_3rdDivision_Group5;Norway_3rdDivision_Group5;;Ranking gap: 0.348 | Attacco casa: 1.76/gara | Difesa trasferta subisce: 1.72/gara | Over25 casa ultime10: 0.90 | Over25 trasferta ultime10: 0.90;6.96;17.65;;;17.22;13.5;13.5;;;;2.0.plus1
2026-09-06;Finland_Ykkosliiga;Haka;Mikkeli;68.64;MEDIA-ALTA;25;2026-09-06;Finland_Ykkosliiga;Finland_Ykkosliiga;;Ranking gap: 0.532 | Attacco casa: 2.00/gara | Difesa trasferta subisce: 1.55/gara | Over25 casa ultime10: 0.80 | Over25 trasferta ultime10: 0.70;10.64;20.0;;;15.5;12.0;10.5;;;;2.0.plus1
2026-09-06;USA_MLS;Inter Miami;Atlanta Utd;68.58;MEDIA-ALTA;26;2026-09-06;USA_MLS;USA_MLS;;Ranking gap: 0.173 | Attacco casa: 2.55/gara | Difesa trasferta subisce: 1.76/gara | Over25 casa ultime10: 0.80 | Over25 trasferta ultime10: 0.70;3.46;25.0;;;17.62;12.0;10.5;;;;2.0.plus1
2026-09-06;Germany_Oberliga_Westfalen;Maaslingen;SpVgg Herne Horsthausen;68.24;MEDIA-ALTA;5;2026-09-06;Germany_Oberliga_Westfalen;Germany_Oberliga_Westfalen;;Ranking gap: 0.037 | Attacco casa: 2.50/gara | Difesa trasferta subisce: 2.00/gara | Over25 casa ultime10: 0.75 | Over25 trasferta ultime10: 0.75;0.74;25.0;;;20.0;11.25;11.25;;;;2.0.plus1
2026-09-06;Finland_Kakkonen_GroupC;Jaro 2;VPS 2;68.15;MEDIA-ALTA;21;2026-09-06;Finland_Kakkonen_GroupC;Finland_Kakkonen_GroupC;;Ranking gap: 0.113 | Attacco casa: 1.79/gara | Difesa trasferta subisce: 2.25/gara | Over25 casa ultime10: 0.80 | Over25 trasferta ultime10: 0.90;2.26;17.89;;;22.5;12.0;13.5;;;;2.0.plus1
2026-09-06;Poland_IIILiga_Group1;Mlawa;LKS Lodz 2;67.55;MEDIA-ALTA;7;2026-09-06;Poland_IIILiga_Group1;Poland_IIILiga_Group1;;Ranking gap: 0.669 | Attacco casa: 1.33/gara | Difesa trasferta subisce: 2.33/gara | Over25 casa ultime10: 0.67 | Over25 trasferta ultime10: 0.50;13.38;13.33;;;23.33;10.0;7.5;;;;2.0.plus1
2026-09-06;Sweden_Division2_VastraGotaland;Qviding;Jonsereds;67.44;MEDIA-ALTA;22;2026-09-06;Sweden_Division2_VastraGotaland;Sweden_Division2_VastraGotaland;;Ranking gap: 0.181 | Attacco casa: 2.53/gara | Difesa trasferta subisce: 1.63/gara | Over25 casa ultime10: 0.90 | Over25 trasferta ultime10: 0.60;3.62;25.0;;;16.32;13.5;9.0;;;;2.0.plus1
2026-09-06;Iceland_BestaDeildKarla;Akranes;KR Reykjavik;67.35;MEDIA-ALTA;27;2026-09-06;Iceland_BestaDeildKarla;Iceland_BestaDeildKarla;;Ranking gap: 0.290 | Attacco casa: 1.71/gara | Difesa trasferta subisce: 2.19/gara | Over25 casa ultime10: 0.70 | Over25 trasferta ultime10: 0.80;5.8;17.14;;;21.9;10.5;12.0;;;;2.0.plus1
2026-09-06;Norway_3rdDivision_Group5;Skjervoy;Kongsvinger 2;67.31;MEDIA-ALTA;20;2026-09-06;Norway_3rdDivision_Group5;Norway_3rdDivision_Group5;;Ranking gap: 0.072 | Attacco casa: 1.69/gara | Difesa trasferta subisce: 2.53/gara | Over25 casa ultime10: 0.80 | Over25 trasferta ultime10: 0.80;1.44;16.88;;;25.0;12.0;12.0;;;;2.0.plus1
2026-09-06;Estonia_Esiliiga;Elva;Nomme Kalju U21;66.66;MEDIA-ALTA;31;2026-09-06;Estonia_Esiliiga;Estonia_Esiliiga;;Ranking gap: 0.268 | Attacco casa: 1.68/gara | Difesa trasferta subisce: 2.68/gara | Over25 casa ultime10: 0.60 | Over25 trasferta ultime10: 0.70;5.36;16.8;;;25.0;9.0;10.5;;;;2.0.plus1
2026-09-06;Germany_Oberliga_Niedersachsen;Hemmingen;Meppen 2;66.31;MEDIA-ALTA;5;2026-09-06;Germany_Oberliga_Niedersachsen;Germany_Oberliga_Niedersachsen;;Ranking gap: 0.003 | Attacco casa: 1.50/gara | Difesa trasferta subisce: 2.75/gara | Over25 casa ultime10: 1.00 | Over25 trasferta ultime10: 0.75;0.06;15.0;;;25.0;15.0;11.25;;;;2.0.plus1
2026-09-06;Germany_Oberliga_Hamburg;Paloma;Sasel;66.22;MEDIA-ALTA;6;2026-09-06;Germany_Oberliga_Hamburg;Germany_Oberliga_Hamburg;;Ranking gap: 0.011 | Attacco casa: 3.20/gara | Difesa trasferta subisce: 1.40/gara | Over25 casa ultime10: 1.00 | Over25 trasferta ultime10: 0.80;0.22;25.0;;;14.0;15.0;12.0;;;;2.0.plus1
2026-09-06;Estonia_EsiliigaB;Levadia U19;Johvi Phoenix;66.2;MEDIA-ALTA;27;2026-09-06;Estonia_EsiliigaB;Estonia_EsiliigaB;;Ranking gap: 0.055 | Attacco casa: 2.40/gara | Difesa trasferta subisce: 2.16/gara | Over25 casa ultime10: 0.70 | Over25 trasferta ultime10: 0.60;1.1;24.0;;;21.6;10.5;9.0;;;;2.0.plus1
2026-09-06;Norway_3rdDivision_Group3;Brann 2;V. Haugesund;66.04;MEDIA-ALTA;20;2026-09-06;Norway_3rdDivision_Group3;Norway_3rdDivision_Group3;;Ranking gap: 0.027 | Attacco casa: 2.12/gara | Difesa trasferta subisce: 1.88/gara | Over25 casa ultime10: 0.90 | Over25 trasferta ultime10: 0.80;0.54;21.18;;;18.82;13.5;12.0;;;;2.0.plus1
2026-09-06;Scotland_Premiership;Hearts;Dundee FC;65.98;MEDIA-ALTA;6;2026-09-06;Scotland_Premiership;Scotland_Premiership;;Ranking gap: 0.749 | Attacco casa: 2.50/gara | Difesa trasferta subisce: 0.80/gara | Over25 casa ultime10: 1.00 | Over25 trasferta ultime10: 0.20;14.98;25.0;;;8.0;15.0;3.0;;;;2.0.plus1
2026-09-06;Netherlands_Eredivisie;Telstar;Cambuur;65.44;MEDIA-ALTA;5;2026-09-06;Netherlands_Eredivisie;Netherlands_Eredivisie;;Ranking gap: 0.022 | Attacco casa: 1.00/gara | Difesa trasferta subisce: 4.00/gara | Over25 casa ultime10: 1.00 | Over25 trasferta ultime10: 1.00;0.44;10.0;;;25.0;15.0;15.0;;;;2.0.plus1
2026-09-06;Germany_2Bundesliga;Hertha;Magdeburg;65.34;MEDIA-ALTA;4;2026-09-06;Germany_2Bundesliga;Germany_2Bundesliga;;Ranking gap: 0.017 | Attacco casa: 3.33/gara | Difesa trasferta subisce: 2.00/gara | Over25 casa ultime10: 0.67 | Over25 trasferta ultime10: 0.67;0.34;25.0;;;20.0;10.0;10.0;;;;2.0.plus1
2026-09-06;Germany_3Liga;Wurzburger Kickers;Stoccarda 2;65.34;MEDIA-ALTA;4;2026-09-06;Germany_3Liga;Germany_3Liga;;Ranking gap: 0.017 | Attacco casa: 2.00/gara | Difesa trasferta subisce: 2.00/gara | Over25 casa ultime10: 1.00 | Over25 trasferta ultime10: 0.67;0.34;20.0;;;20.0;15.0;10.0;;;;2.0.plus1
2026-09-06;CzechRepublic_3MSFL;Zlin B;Blansko;65.34;MEDIA-ALTA;7;2026-09-06;CzechRepublic_3MSFL;CzechRepublic_3MSFL;;Ranking gap: 0.767 | Attacco casa: 1.00/gara | Difesa trasferta subisce: 2.83/gara | Over25 casa ultime10: 0.17 | Over25 trasferta ultime10: 0.83;15.34;10.0;;;25.0;2.5;12.5;;;;2.0.plus1
2026-09-06;Estonia_EsiliigaB;Tartu Kalev;Narva U21;65.28;MEDIA-ALTA;27;2026-09-06;Estonia_EsiliigaB;Estonia_EsiliigaB;;Ranking gap: 0.134 | Attacco casa: 2.50/gara | Difesa trasferta subisce: 1.36/gara | Over25 casa ultime10: 0.80 | Over25 trasferta ultime10: 0.80;2.68;25.0;;;13.6;12.0;12.0;;;;2.0.plus1
2026-09-06;FaroeIslands_1Deild;Runavik 2;Streymur 2;65.14;MEDIA-ALTA;22;2026-09-06;FaroeIslands_1Deild;FaroeIslands_1Deild;;Ranking gap: 0.168 | Attacco casa: 1.28/gara | Difesa trasferta subisce: 2.88/gara | Over25 casa ultime10: 0.80 | Over25 trasferta ultime10: 0.80;3.36;12.78;;;25.0;12.0;12.0;;;;2.0.plus1
2026-09-06;Peru_Liga1_Clausura;U. de Deportes;Comerciantes Unidos;65.02;MEDIA-ALTA;8;2026-09-06;Peru_Liga1_Clausura;Peru_Liga1_Clausura;;Ranking gap: 0.126 | Attacco casa: 2.17/gara | Difesa trasferta subisce: 1.83/gara | Over25 casa ultime10: 0.67 | Over25 trasferta ultime10: 0.83;2.52;21.67;;;18.33;10.0;12.5;;;;2.0.plus1
2026-09-06;Serbia_SuperLiga;Stella Rossa;Partizan;65.01;MEDIA-ALTA;8;2026-09-06;Serbia_SuperLiga;Serbia_SuperLiga;;Ranking gap: 0.092 | Attacco casa: 3.20/gara | Difesa trasferta subisce: 1.67/gara | Over25 casa ultime10: 0.60 | Over25 trasferta ultime10: 0.83;1.84;25.0;;;16.67;9.0;12.5;;;;2.0.plus1
2026-09-06;Iceland_BestaDeildKvenna;Hafnarfjordur D;Thor/KA D;64.25;MEDIA-ALTA;19;2026-09-06;Iceland_BestaDeildKvenna;Iceland_BestaDeildKvenna;;Ranking gap: 0.373 | Attacco casa: 3.18/gara | Difesa trasferta subisce: 1.53/gara | Over25 casa ultime10: 0.80 | Over25 trasferta ultime10: 0.30;7.46;25.0;;;15.29;12.0;4.5;;;;2.0.plus1
2026-09-06;Estonia_Esiliiga;Maardu;Nomme Utd U21;64.14;MEDIA-ALTA;31;2026-09-06;Estonia_Esiliiga;Estonia_Esiliiga;;Ranking gap: 0.190 | Attacco casa: 1.65/gara | Difesa trasferta subisce: 2.28/gara | Over25 casa ultime10: 0.80 | Over25 trasferta ultime10: 0.60;3.8;16.54;;;22.8;12.0;9.0;;;;2.0.plus1
2026-09-06;Norway_3rdDivision_Group2;Volda TI;Rosenborg 2;64.03;MEDIA-ALTA;21;2026-09-06;Norway_3rdDivision_Group2;Norway_3rdDivision_Group2;;Ranking gap: 0.153 | Attacco casa: 2.71/gara | Difesa trasferta subisce: 1.65/gara | Over25 casa ultime10: 0.60 | Over25 trasferta ultime10: 0.70;3.06;25.0;;;16.47;9.0;10.5;;;;2.0.plus1
2026-09-06;CzechRepublic_4Liga_GroupE;Breclav;Brumov;63.82;MEDIA-ALTA;5;2026-09-06;CzechRepublic_4Liga_GroupE;CzechRepublic_4Liga_GroupE;CzechRepublic_4Liga;Ranking gap: 0.066 | Attacco casa: 1.50/gara | Difesa trasferta subisce: 3.00/gara | Over25 casa ultime10: 0.75 | Over25 trasferta ultime10: 0.75;1.32;15.0;;;25.0;11.25;11.25;;;;2.0.plus1
2026-09-06;Germany_Regionalliga_Nord;Norderstedt;VfB Lubeck;63.8;MEDIA-ALTA;8;2026-09-06;Germany_Regionalliga_Nord;Germany_Regionalliga_Nord;;Ranking gap: 0.065 | Attacco casa: 2.17/gara | Difesa trasferta subisce: 2.33/gara | Over25 casa ultime10: 0.67 | Over25 trasferta ultime10: 0.50;1.3;21.67;;;23.33;10.0;7.5;;;;2.0.plus1
2026-09-06;CzechRepublic_4Liga_GroupE;FK Kozlovice;Prostejov B;63.66;MEDIA-ALTA;5;2026-09-06;CzechRepublic_4Liga_GroupE;CzechRepublic_4Liga_GroupE;CzechRepublic_4Liga;Ranking gap: 0.058 | Attacco casa: 2.25/gara | Difesa trasferta subisce: 1.75/gara | Over25 casa ultime10: 0.50 | Over25 trasferta ultime10: 1.00;1.16;22.5;;;17.5;7.5;15.0;;;;2.0.plus1
2026-09-06;Iceland_BestaDeildKarla;Stjarnan;Vestmannaeyjar;63.58;MEDIA-ALTA;27;2026-09-06;Iceland_BestaDeildKarla;Iceland_BestaDeildKarla;;Ranking gap: 0.228 | Attacco casa: 1.90/gara | Difesa trasferta subisce: 2.05/gara | Over25 casa ultime10: 0.80 | Over25 trasferta ultime10: 0.50;4.56;19.05;;;20.48;12.0;7.5;;;;2.0.plus1
2026-09-06;Sweden_Division2_SodraGotaland;IFK Berga;Lilla Torg;63.4;MEDIA-ALTA;25;2026-09-06;Sweden_Division2_SodraGotaland;Sweden_Division2_SodraGotaland;;Ranking gap: 0.233 | Attacco casa: 2.14/gara | Difesa trasferta subisce: 1.63/gara | Over25 casa ultime10: 0.90 | Over25 trasferta ultime10: 0.50;4.66;21.43;;;16.32;13.5;7.5;;;;2.0.plus1
2026-09-06;Germany_Oberliga_Hamburg;Niendorfer TSV;Suderelbe;63.2;MEDIA-ALTA;6;2026-09-06;Germany_Oberliga_Hamburg;Germany_Oberliga_Hamburg;;Ranking gap: 0.010 | Attacco casa: 1.80/gara | Difesa trasferta subisce: 1.80/gara | Over25 casa ultime10: 1.00 | Over25 trasferta ultime10: 0.80;0.2;18.0;;;18.0;15.0;12.0;;;;2.0.plus1
2026-09-06;Iceland_BestaDeildKarla;Akureyri;Breidablik;63.17;MEDIA-ALTA;27;2026-09-06;Iceland_BestaDeildKarla;Iceland_BestaDeildKarla;;Ranking gap: 0.394 | Attacco casa: 1.57/gara | Difesa trasferta subisce: 1.86/gara | Over25 casa ultime10: 0.80 | Over25 trasferta ultime10: 0.60;7.88;15.71;;;18.57;12.0;9.0;;;;2.0.plus1
2026-09-06;Sweden_Division2_NorraGotaland;Grebbestad;Lidkoping;62.93;MEDIA-ALTA;22;2026-09-06;Sweden_Division2_NorraGotaland;Sweden_Division2_NorraGotaland;;Ranking gap: 0.227 | Attacco casa: 1.79/gara | Difesa trasferta subisce: 1.95/gara | Over25 casa ultime10: 0.80 | Over25 trasferta ultime10: 0.60;4.54;17.89;;;19.5;12.0;9.0;;;;2.0.plus1
2026-09-06;USA_USLLeagueOne;Chattanooga Red Wolves;Greenville;62.33;MEDIA-ALTA;36;2026-09-06;USA_USLLeagueOne;USA_USLLeagueOne;;Ranking gap: 0.489 | Attacco casa: 1.86/gara | Difesa trasferta subisce: 1.59/gara | Over25 casa ultime10: 0.70 | Over25 trasferta ultime10: 0.50;9.78;18.64;;;15.91;10.5;7.5;;;;2.0.plus1
2026-09-06;Norway_Eliteserien;Molde;KFUM Oslo;62.32;MEDIA-ALTA;27;2026-09-06;Norway_Eliteserien;Norway_Eliteserien;;Ranking gap: 0.205 | Attacco casa: 2.00/gara | Difesa trasferta subisce: 1.72/gara | Over25 casa ultime10: 0.90 | Over25 trasferta ultime10: 0.50;4.1;20.0;;;17.22;13.5;7.5;;;;2.0.plus1
2026-09-06;Norway_OBOSLigaen;Lyn;Egersund;62.2;MEDIA-ALTA;21;2026-09-06;Norway_OBOSLigaen;Norway_OBOSLigaen;;Ranking gap: 0.035 | Attacco casa: 1.75/gara | Difesa trasferta subisce: 1.85/gara | Over25 casa ultime10: 0.90 | Over25 trasferta ultime10: 0.80;0.7;17.5;;;18.5;13.5;12.0;;;;2.0.plus1
2026-09-06;Austria_Niederosterreich;Wieselburg;Amstetten (Am);62.15;MEDIA-ALTA;5;2026-09-06;Austria_Niederosterreich;Austria_Niederosterreich;;Ranking gap: 0.045 | Attacco casa: 1.75/gara | Difesa trasferta subisce: 3.00/gara | Over25 casa ultime10: 0.50 | Over25 trasferta ultime10: 0.75;0.9;17.5;;;25.0;7.5;11.25;;;;2.0.plus1
2026-09-06;Sweden_Division2_VastraGotaland;Hestrafors;Lindome;61.73;MEDIA-ALTA;22;2026-09-06;Sweden_Division2_VastraGotaland;Sweden_Division2_VastraGotaland;;Ranking gap: 0.022 | Attacco casa: 2.16/gara | Difesa trasferta subisce: 1.42/gara | Over25 casa ultime10: 1.00 | Over25 trasferta ultime10: 0.70;0.44;21.58;;;14.21;15.0;10.5;;;;2.0.plus1
2026-09-06;USA_USLLeagueOne;Fort Wayne;New York Cosmos;61.63;MEDIA-ALTA;36;2026-09-06;USA_USLLeagueOne;USA_USLLeagueOne;;Ranking gap: 0.529 | Attacco casa: 1.45/gara | Difesa trasferta subisce: 2.00/gara | Over25 casa ultime10: 0.70 | Over25 trasferta ultime10: 0.40;10.58;14.55;;;20.0;10.5;6.0;;;;2.0.plus1
2026-09-06;Peru_Liga1_Clausura;Cusco;Moquegua;61.38;MEDIA-ALTA;8;2026-09-06;Peru_Liga1_Clausura;Peru_Liga1_Clausura;;Ranking gap: 0.194 | Attacco casa: 2.83/gara | Difesa trasferta subisce: 1.50/gara | Over25 casa ultime10: 0.83 | Over25 trasferta ultime10: 0.33;3.88;25.0;;;15.0;12.5;5.0;;;;2.0.plus1
2026-09-06;Lithuania_Toplyga;Zalgiris;FA Siauliai;61.37;MEDIA-ALTA;34;2026-09-06;Lithuania_Toplyga;Lithuania_Toplyga;;Ranking gap: 0.176 | Attacco casa: 1.38/gara | Difesa trasferta subisce: 2.16/gara | Over25 casa ultime10: 0.70 | Over25 trasferta ultime10: 0.80;3.52;13.75;;;21.6;10.5;12.0;;;;2.0.plus1
2026-09-06;USA_MLSNextPro_WesternConference_CentralDivision;Minnesota 2;Colorado Rapids 2;61.17;MEDIA-ALTA;30;2026-09-06;USA_MLSNextPro_WesternConference_CentralDivision;USA_MLSNextPro_WesternConference_PacificDivision;;Ranking gap: 0.415 | Attacco casa: 1.38/gara | Difesa trasferta subisce: 1.96/gara | Over25 casa ultime10: 0.50 | Over25 trasferta ultime10: 0.80;8.3;13.75;;;19.62;7.5;12.0;;;;2.0.plus1
2026-09-06;CzechRepublic_3CFL_GroupB;Varnsdorf;Velke Hamry;61.1;MEDIA-ALTA;5;2026-09-06;CzechRepublic_3CFL_GroupB;CzechRepublic_3CFL_GroupB;CzechRepublic_3rdTier;Ranking gap: 0.076 | Attacco casa: 1.33/gara | Difesa trasferta subisce: 3.25/gara | Over25 casa ultime10: 0.67 | Over25 trasferta ultime10: 0.75;1.52;13.33;;;25.0;10.0;11.25;;;;2.0.plus1
2026-09-06;Sweden_Division2_NorraSvealand;Sunnersta AIF;Enskede;60.96;MEDIA-ALTA;21;2026-09-06;Sweden_Division2_NorraSvealand;Sweden_Division2_NorraSvealand;;Ranking gap: 0.169 | Attacco casa: 2.50/gara | Difesa trasferta subisce: 1.16/gara | Over25 casa ultime10: 0.80 | Over25 trasferta ultime10: 0.60;3.38;25.0;;;11.58;12.0;9.0;;;;2.0.plus1
2026-09-06;USA_MLS;Cincinnati;DC United;60.88;MEDIA-ALTA;26;2026-09-06;USA_MLS;USA_MLS;;Ranking gap: 0.062 | Attacco casa: 2.23/gara | Difesa trasferta subisce: 1.64/gara | Over25 casa ultime10: 0.80 | Over25 trasferta ultime10: 0.60;1.24;22.27;;;16.36;12.0;9.0;;;;2.0.plus1
2026-09-06;Norway_3rdDivision_Group5;Alta;Skedsmo;60.66;MEDIA-ALTA;20;2026-09-06;Norway_3rdDivision_Group5;Norway_3rdDivision_Group5;;Ranking gap: 0.146 | Attacco casa: 2.47/gara | Difesa trasferta subisce: 1.35/gara | Over25 casa ultime10: 0.80 | Over25 trasferta ultime10: 0.50;2.92;24.71;;;13.53;12.0;7.5;;;;2.0.plus1
2026-09-06;Germany_Oberliga_Hessen;Pohlheim;Baunatal;60.25;MEDIA-ALTA;7;2026-09-06;Germany_Oberliga_Hessen;Germany_Oberliga_Hessen;;Ranking gap: 0.096 | Attacco casa: 1.83/gara | Difesa trasferta subisce: 2.00/gara | Over25 casa ultime10: 0.67 | Over25 trasferta ultime10: 0.67;1.92;18.33;;;20.0;10.0;10.0;;;;2.0.plus1
2026-09-06;Paraguay_DivisionIntermedia;Benjamin Aceval;12 de Junio;60.08;MEDIA-ALTA;6;2026-09-06;Paraguay_DivisionIntermedia;Paraguay_DivisionIntermedia;;Ranking gap: 0.004 | Attacco casa: 2.00/gara | Difesa trasferta subisce: 1.75/gara | Over25 casa ultime10: 1.00 | Over25 trasferta ultime10: 0.50;0.08;20.0;;;17.5;15.0;7.5;;;;2.0.plus1
2026-09-06;Poland_Division2;Slask 2;Ol. Grudziadz;59.73;MEDIA;7;2026-09-06;Poland_Division2;Poland_Division2;;Ranking gap: 0.028 | Attacco casa: 1.83/gara | Difesa trasferta subisce: 1.83/gara | Over25 casa ultime10: 0.83 | Over25 trasferta ultime10: 0.67;0.56;18.33;;;18.33;12.5;10.0;;;;2.0.plus1
2026-09-06;FaroeIslands_1Deild;B36 Torshavn 2;FC Suduroy;59.22;MEDIA;22;2026-09-06;FaroeIslands_1Deild;FaroeIslands_1Deild;;Ranking gap: 0.300 | Attacco casa: 1.59/gara | Difesa trasferta subisce: 1.33/gara | Over25 casa ultime10: 0.90 | Over25 trasferta ultime10: 0.70;6.0;15.88;;;13.33;13.5;10.5;;;;2.0.plus1
2026-09-06;Serbia_SuperLiga;Vojvodina;Zemun;59.19;MEDIA;8;2026-09-06;Serbia_SuperLiga;Serbia_SuperLiga;;Ranking gap: 0.138 | Attacco casa: 2.14/gara | Difesa trasferta subisce: 2.00/gara | Over25 casa ultime10: 0.57 | Over25 trasferta ultime10: 0.43;2.76;21.43;;;20.0;8.57;6.43;;;;2.0.plus1
2026-09-06;CzechRepublic_4Liga_GroupF;Kravare;Zabreh;59.0;MEDIA;5;2026-09-06;CzechRepublic_4Liga_GroupF;CzechRepublic_4Liga_GroupF;CzechRepublic_4Liga;Ranking gap: 0.075 | Attacco casa: 3.75/gara | Difesa trasferta subisce: 1.00/gara | Over25 casa ultime10: 1.00 | Over25 trasferta ultime10: 0.50;1.5;25.0;;;10.0;15.0;7.5;;;;2.0.plus1
2026-09-06;CzechRepublic_3MSFL;Karvina B;Hodonin;58.78;MEDIA;7;2026-09-06;CzechRepublic_3MSFL;CzechRepublic_3MSFL;;Ranking gap: 0.689 | Attacco casa: 1.33/gara | Difesa trasferta subisce: 1.67/gara | Over25 casa ultime10: 0.67 | Over25 trasferta ultime10: 0.33;13.78;13.33;;;16.67;10.0;5.0;;;;2.0.plus1
2026-09-06;USA_USLLeagueOne;FC Naples;Boise;58.66;MEDIA;36;2026-09-06;USA_USLLeagueOne;USA_USLLeagueOne;;Ranking gap: 0.492 | Attacco casa: 1.17/gara | Difesa trasferta subisce: 1.46/gara | Over25 casa ultime10: 0.70 | Over25 trasferta ultime10: 0.80;9.84;11.74;;;14.58;10.5;12.0;;;;2.0.plus1
2026-09-06;Austria_Regionalliga_West;Altach U21;Rothis;58.52;MEDIA;6;2026-09-06;Austria_Regionalliga_West;Austria_Regionalliga_West;;Ranking gap: 0.026 | Attacco casa: 1.60/gara | Difesa trasferta subisce: 1.80/gara | Over25 casa ultime10: 0.80 | Over25 trasferta ultime10: 0.80;0.52;16.0;;;18.0;12.0;12.0;;;;2.0.plus1
2026-09-06;CzechRepublic_ChNL;Ostrava B;Kromeriz;58.4;MEDIA;7;2026-09-06;CzechRepublic_ChNL;CzechRepublic_ChNL;;Ranking gap: 0.045 | Attacco casa: 1.83/gara | Difesa trasferta subisce: 2.17/gara | Over25 casa ultime10: 0.67 | Over25 trasferta ultime10: 0.50;0.9;18.33;;;21.67;10.0;7.5;;;;2.0.plus1
2026-09-06;Finland_Kakkonen_GroupC;GBK Kokkola;JBK;58.27;MEDIA;21;2026-09-06;Finland_Kakkonen_GroupC;Finland_Kakkonen_GroupC;;Ranking gap: 0.044 | Attacco casa: 2.47/gara | Difesa trasferta subisce: 1.32/gara | Over25 casa ultime10: 0.70 | Over25 trasferta ultime10: 0.60;0.88;24.74;;;13.16;10.5;9.0;;;;2.0.plus1
2026-09-06;Norway_2ndDivision_Group2;Trygg/Lade;Honefoss;58.09;MEDIA;22;2026-09-06;Norway_2ndDivision_Group2;Norway_2ndDivision_Group2;;Ranking gap: 0.386 | Attacco casa: 1.17/gara | Difesa trasferta subisce: 1.47/gara | Over25 casa ultime10: 0.70 | Over25 trasferta ultime10: 0.90;7.72;11.67;;;14.71;10.5;13.5;;;;2.0.plus1
2026-09-06;France_Ligue1;Angers;Rennes;57.68;MEDIA;4;2026-09-06;France_Ligue1;France_Ligue1;;Ranking gap: 0.009 | Attacco casa: 1.50/gara | Difesa trasferta subisce: 2.00/gara | Over25 casa ultime10: 0.50 | Over25 trasferta ultime10: 1.00;0.18;15.0;;;20.0;7.5;15.0;;;;2.0.plus1
2026-09-06;Sweden_Division2_SodraGotaland;IFK Trelleborg;Linero IF;57.68;MEDIA;25;2026-09-06;Sweden_Division2_SodraGotaland;Sweden_Division2_SodraGotaland;;Ranking gap: 0.093 | Attacco casa: 1.89/gara | Difesa trasferta subisce: 1.74/gara | Over25 casa ultime10: 0.60 | Over25 trasferta ultime10: 0.70;1.86;18.95;;;17.37;9.0;10.5;;;;2.0.plus1
2026-09-06;Netherlands_Eredivisie;Groningen;Twente;57.66;MEDIA;5;2026-09-06;Netherlands_Eredivisie;Netherlands_Eredivisie;;Ranking gap: 0.008 | Attacco casa: 2.25/gara | Difesa trasferta subisce: 1.00/gara | Over25 casa ultime10: 1.00 | Over25 trasferta ultime10: 0.67;0.16;22.5;;;10.0;15.0;10.0;;;;2.0.plus1
2026-09-06;Austria_Karnten;Kottmannsdorf;KAC 1909;57.6;MEDIA;8;2026-09-06;Austria_Karnten;Austria_Karnten;;Ranking gap: 0.930 | Attacco casa: 1.20/gara | Difesa trasferta subisce: 0.60/gara | Over25 casa ultime10: 0.80 | Over25 trasferta ultime10: 0.60;18.6;12.0;;;6.0;12.0;9.0;;;;2.0.plus1
2026-09-06;Germany_Oberliga_Niederrhein;Schonnebeck;Buderich;57.56;MEDIA;4;2026-09-06;Germany_Oberliga_Niederrhein;Germany_Oberliga_Niederrhein;;Ranking gap: 0.003 | Attacco casa: 3.50/gara | Difesa trasferta subisce: 1.00/gara | Over25 casa ultime10: 1.00 | Over25 trasferta ultime10: 0.50;0.06;25.0;;;10.0;15.0;7.5;;;;2.0.plus1
2026-09-06;Ukraine_PremierLeague;Dyn. Kyiv;LNZ Cherkasy;57.42;MEDIA;5;2026-09-06;Ukraine_PremierLeague;Ukraine_PremierLeague;;Ranking gap: 0.767 | Attacco casa: 1.33/gara | Difesa trasferta subisce: 1.00/gara | Over25 casa ultime10: 1.00 | Over25 trasferta ultime10: 0.25;15.34;13.33;;;10.0;15.0;3.75;;;;2.0.plus1
2026-09-06;Norway_3rdDivision_Group5;Strømsgodset 2;Finnsnes;57.35;MEDIA;20;2026-09-06;Norway_3rdDivision_Group5;Norway_3rdDivision_Group5;;Ranking gap: 0.200 | Attacco casa: 1.82/gara | Difesa trasferta subisce: 1.41/gara | Over25 casa ultime10: 0.80 | Over25 trasferta ultime10: 0.60;4.0;18.24;;;14.12;12.0;9.0;;;;2.0.plus1
2026-09-06;Poland_Division2;Tychy;Avia Swidnik;57.23;MEDIA;7;2026-09-06;Poland_Division2;Poland_Division2;;Ranking gap: 0.028 | Attacco casa: 1.67/gara | Difesa trasferta subisce: 2.00/gara | Over25 casa ultime10: 0.50 | Over25 trasferta ultime10: 0.83;0.56;16.67;;;20.0;7.5;12.5;;;;2.0.plus1
2026-09-06;Norway_2ndDivision_Group2;Ull/Kisa;Levanger;57.06;MEDIA;22;2026-09-06;Norway_2ndDivision_Group2;Norway_2ndDivision_Group2;;Ranking gap: 0.372 | Attacco casa: 1.29/gara | Difesa trasferta subisce: 1.12/gara | Over25 casa ultime10: 0.90 | Over25 trasferta ultime10: 0.80;7.44;12.94;;;11.18;13.5;12.0;;;;2.0.plus1
2026-09-06;Germany_2Bundesliga;Osnabruck;Braunschweig;56.87;MEDIA;4;2026-09-06;Germany_2Bundesliga;Germany_2Bundesliga;;Ranking gap: 0.010 | Attacco casa: 1.33/gara | Difesa trasferta subisce: 2.33/gara | Over25 casa ultime10: 0.67 | Over25 trasferta ultime10: 0.67;0.2;13.33;;;23.33;10.0;10.0;;;;2.0.plus1
2026-09-06;Sweden_Division2_SodraSvealand;Syrianska;Fittja;56.6;MEDIA;20;2026-09-06;Sweden_Division2_SodraSvealand;Sweden_Division2_SodraSvealand;;Ranking gap: 0.201 | Attacco casa: 1.47/gara | Difesa trasferta subisce: 1.68/gara | Over25 casa ultime10: 0.90 | Over25 trasferta ultime10: 0.50;4.02;14.74;;;16.84;13.5;7.5;;;;2.0.plus1
2026-09-06;Iceland_1DeildWomen;UMF Selfoss;HK Kopavogur;56.52;MEDIA;20;2026-09-06;Iceland_1DeildWomen;Iceland_1DeildWomen;;Ranking gap: 0.092 | Attacco casa: 1.81/gara | Difesa trasferta subisce: 1.71/gara | Over25 casa ultime10: 0.60 | Over25 trasferta ultime10: 0.70;1.84;18.12;;;17.06;9.0;10.5;;;;2.0.plus1
2026-09-06;Sweden_Division2_SodraSvealand;Forward;Farsta;56.45;MEDIA;20;2026-09-06;Sweden_Division2_SodraSvealand;Sweden_Division2_SodraSvealand;;Ranking gap: 0.045 | Attacco casa: 2.58/gara | Difesa trasferta subisce: 1.11/gara | Over25 casa ultime10: 0.70 | Over25 trasferta ultime10: 0.60;0.9;25.0;;;11.05;10.5;9.0;;;;2.0.plus1
2026-09-06;CzechRepublic_4Liga_GroupB;Ostrov;Velvary;56.26;MEDIA;5;2026-09-06;CzechRepublic_4Liga_GroupB;CzechRepublic_4Liga_GroupB;CzechRepublic_4Liga;Ranking gap: 0.084 | Attacco casa: 1.33/gara | Difesa trasferta subisce: 1.50/gara | Over25 casa ultime10: 1.00 | Over25 trasferta ultime10: 0.75;1.68;13.33;;;15.0;15.0;11.25;;;;2.0.plus1
2026-09-06;Germany_Regionalliga_Nord;Delmenhorst;Todesfelde;55.99;MEDIA;8;2026-09-06;Germany_Regionalliga_Nord;Germany_Regionalliga_Nord;;Ranking gap: 0.008 | Attacco casa: 1.33/gara | Difesa trasferta subisce: 2.50/gara | Over25 casa ultime10: 0.50 | Over25 trasferta ultime10: 0.67;0.16;13.33;;;25.0;7.5;10.0;;;;2.0.plus1
2026-09-06;USA_USLChampionship;Tampa Bay;Brooklyn;55.73;MEDIA;33;2026-09-06;USA_USLChampionship;USA_USLChampionship;;Ranking gap: 0.273 | Attacco casa: 1.73/gara | Difesa trasferta subisce: 1.80/gara | Over25 casa ultime10: 0.40 | Over25 trasferta ultime10: 0.60;5.46;17.27;;;18.0;6.0;9.0;;;;2.0.plus1
2026-09-06;Norway_2ndDivision_Group2;Grorud;Rana FK;55.68;MEDIA;22;2026-09-06;Norway_2ndDivision_Group2;Norway_2ndDivision_Group2;;Ranking gap: 0.087 | Attacco casa: 1.41/gara | Difesa trasferta subisce: 1.88/gara | Over25 casa ultime10: 0.50 | Over25 trasferta ultime10: 0.90;1.74;14.12;;;18.82;7.5;13.5;;;;2.0.plus1
2026-09-06;Norway_Eliteserien;Sarpsborg 08;Vålerenga;55.58;MEDIA;27;2026-09-06;Norway_Eliteserien;Norway_Eliteserien;;Ranking gap: 0.043 | Attacco casa: 1.11/gara | Difesa trasferta subisce: 2.11/gara | Over25 casa ultime10: 0.60 | Over25 trasferta ultime10: 0.90;0.86;11.11;;;21.11;9.0;13.5;;;;2.0.plus1
2026-09-06;Slovenia_PrvaLiga;Maribor;Mura;55.55;MEDIA;9;2026-09-06;Slovenia_PrvaLiga;Slovenia_PrvaLiga;;Ranking gap: 0.099 | Attacco casa: 1.86/gara | Difesa trasferta subisce: 2.00/gara | Over25 casa ultime10: 0.43 | Over25 trasferta ultime10: 0.57;1.98;18.57;;;20.0;6.43;8.57;;;;2.0.plus1
2026-09-06;Poland_Division2;Legia 2;Bielsko-Biala;55.24;MEDIA;7;2026-09-06;Poland_Division2;Poland_Division2;;Ranking gap: 0.012 | Attacco casa: 2.17/gara | Difesa trasferta subisce: 1.33/gara | Over25 casa ultime10: 0.67 | Over25 trasferta ultime10: 0.67;0.24;21.67;;;13.33;10.0;10.0;;;;2.0.plus1
2026-09-06;Germany_Oberliga_Hamburg;HT 16;Pinneberg;55.22;MEDIA;6;2026-09-06;Germany_Oberliga_Hamburg;Germany_Oberliga_Hamburg;;Ranking gap: 0.061 | Attacco casa: 1.80/gara | Difesa trasferta subisce: 1.20/gara | Over25 casa ultime10: 0.60 | Over25 trasferta ultime10: 1.00;1.22;18.0;;;12.0;9.0;15.0;;;;2.0.plus1
2026-09-06;USA_MLS;Philadelphia Union;CF Montreal;54.94;MEDIA;26;2026-09-06;USA_MLS;USA_MLS;;Ranking gap: 0.029 | Attacco casa: 1.55/gara | Difesa trasferta subisce: 2.09/gara | Over25 casa ultime10: 0.70 | Over25 trasferta ultime10: 0.50;0.58;15.45;;;20.91;10.5;7.5;;;;2.0.plus1
2026-09-06;Belarus_PershayaLiga;Gomel 2;FC Slonim;54.92;MEDIA;25;2026-09-06;Belarus_PershayaLiga;Belarus_PershayaLiga;;Ranking gap: 0.228 | Attacco casa: 1.36/gara | Difesa trasferta subisce: 1.27/gara | Over25 casa ultime10: 0.80 | Over25 trasferta ultime10: 0.80;4.56;13.64;;;12.73;12.0;12.0;;;;2.0.plus1
2026-09-06;Sweden_Division1_Norra;Arlanda;Umeå;54.89;MEDIA;22;2026-09-06;Sweden_Division1_Norra;Sweden_Division1_Norra;;Ranking gap: 0.209 | Attacco casa: 1.74/gara | Difesa trasferta subisce: 1.68/gara | Over25 casa ultime10: 0.60 | Over25 trasferta ultime10: 0.50;4.18;17.37;;;16.84;9.0;7.5;;;;2.0.plus1
2026-09-06;Austria_Regionalliga_West;Wolfurt;SK St. Johann;54.8;MEDIA;6;2026-09-06;Austria_Regionalliga_West;Austria_Regionalliga_West;;Ranking gap: 0.040 | Attacco casa: 1.40/gara | Difesa trasferta subisce: 1.60/gara | Over25 casa ultime10: 1.00 | Over25 trasferta ultime10: 0.60;0.8;14.0;;;16.0;15.0;9.0;;;;2.0.plus1
2026-09-06;Mexico_LigaMX_Apertura;Tigres;Necaxa;54.68;MEDIA;7;2026-09-06;Mexico_LigaMX_Apertura;Mexico_LigaMX_Apertura;;Ranking gap: 0.109 | Attacco casa: 1.33/gara | Difesa trasferta subisce: 1.67/gara | Over25 casa ultime10: 0.67 | Over25 trasferta ultime10: 0.83;2.18;13.33;;;16.67;10.0;12.5;;;;2.0.plus1
2026-09-06;USA_USLLeagueOne;Union Omaha;Charlotte Independ.;54.56;MEDIA;36;2026-09-06;USA_USLLeagueOne;USA_USLLeagueOne;;Ranking gap: 0.300 | Attacco casa: 1.71/gara | Difesa trasferta subisce: 1.35/gara | Over25 casa ultime10: 0.50 | Over25 trasferta ultime10: 0.70;6.0;17.08;;;13.48;7.5;10.5;;;;2.0.plus1
2026-09-06;Slovakia_3Liga_West;Belusa;D. Luzna;54.53;MEDIA;5;2026-09-06;Slovakia_3Liga_West;Slovakia_3Liga_West;;Ranking gap: 0.039 | Attacco casa: 3.75/gara | Difesa trasferta subisce: 1.00/gara | Over25 casa ultime10: 1.00 | Over25 trasferta ultime10: 0.25;0.78;25.0;;;10.0;15.0;3.75;;;;2.0.plus1
2026-09-06;Switzerland_ChallengeLeague;Yverdon;Nyonnais;54.42;MEDIA;7;2026-09-06;Switzerland_ChallengeLeague;Switzerland_ChallengeLeague;;Ranking gap: 0.096 | Attacco casa: 1.67/gara | Difesa trasferta subisce: 1.83/gara | Over25 casa ultime10: 0.50 | Over25 trasferta ultime10: 0.67;1.92;16.67;;;18.33;7.5;10.0;;;;2.0.plus1
2026-09-06;Poland_Division1;Polonia B.;Podbeskidzie;54.41;MEDIA;7;2026-09-06;Poland_Division1;Poland_Division1;;Ranking gap: 0.012 | Attacco casa: 2.00/gara | Difesa trasferta subisce: 1.67/gara | Over25 casa ultime10: 0.83 | Over25 trasferta ultime10: 0.33;0.24;20.0;;;16.67;12.5;5.0;;;;2.0.plus1
2026-09-06;USA_USLLeagueOne;Sarasota Paradise;Spokane Velocity;54.41;MEDIA;36;2026-09-06;USA_USLLeagueOne;USA_USLLeagueOne;;Ranking gap: 0.484 | Attacco casa: 1.09/gara | Difesa trasferta subisce: 1.29/gara | Over25 casa ultime10: 0.60 | Over25 trasferta ultime10: 0.80;9.68;10.87;;;12.86;9.0;12.0;;;;2.0.plus1
2026-09-06;USA_MLS;Vancouver Whitecaps;St. Louis City;54.33;MEDIA;26;2026-09-06;USA_MLS;USA_MLS;;Ranking gap: 0.067 | Attacco casa: 2.29/gara | Difesa trasferta subisce: 1.36/gara | Over25 casa ultime10: 0.50 | Over25 trasferta ultime10: 0.60;1.34;22.86;;;13.64;7.5;9.0;;;;2.0.plus1
2026-09-06;Germany_Oberliga_Hamburg;TSV Buchholz 08;HEBC Hamburg;54.31;MEDIA;6;2026-09-06;Germany_Oberliga_Hamburg;Germany_Oberliga_Hamburg;;Ranking gap: 0.028 | Attacco casa: 2.25/gara | Difesa trasferta subisce: 1.40/gara | Over25 casa ultime10: 0.75 | Over25 trasferta ultime10: 0.40;0.56;22.5;;;14.0;11.25;6.0;;;;2.0.plus1
2026-09-06;Sweden_Division2_SodraGotaland;Staffanstorp United;Karlskrona;54.3;MEDIA;25;2026-09-06;Sweden_Division2_SodraGotaland;Sweden_Division2_SodraGotaland;;Ranking gap: 0.402 | Attacco casa: 1.53/gara | Difesa trasferta subisce: 1.00/gara | Over25 casa ultime10: 0.50 | Over25 trasferta ultime10: 0.90;8.04;15.26;;;10.0;7.5;13.5;;;;2.0.plus1
2026-09-06;Germany_Oberliga_Niedersachsen;Verden;Lohne;54.13;MEDIA;5;2026-09-06;Germany_Oberliga_Niedersachsen;Germany_Oberliga_Niedersachsen;;Ranking gap: 0.019 | Attacco casa: 1.25/gara | Difesa trasferta subisce: 1.50/gara | Over25 casa ultime10: 0.75 | Over25 trasferta ultime10: 1.00;0.38;12.5;;;15.0;11.25;15.0;;;;2.0.plus1
2026-09-06;Hungary_NBI;Győr;Honved;54.07;MEDIA;8;2026-09-06;Hungary_NBI;Hungary_NBI;;Ranking gap: 0.037 | Attacco casa: 1.83/gara | Difesa trasferta subisce: 1.60/gara | Over25 casa ultime10: 0.67 | Over25 trasferta ultime10: 0.60;0.74;18.33;;;16.0;10.0;9.0;;;;2.0.plus1
2026-09-06;Azerbaijan_PremierLeague;Qarabag;Araz;53.92;MEDIA;4;2026-09-06;Azerbaijan_PremierLeague;Azerbaijan_PremierLeague;;Ranking gap: 0.071 | Attacco casa: 2.00/gara | Difesa trasferta subisce: 2.00/gara | Over25 casa ultime10: 0.50 | Over25 trasferta ultime10: 0.33;1.42;20.0;;;20.0;7.5;5.0;;;;2.0.plus1
2026-09-06;Germany_Regionalliga_West;Bergisch Gladbach;Bochum 2;53.89;MEDIA;7;2026-09-06;Germany_Regionalliga_West;Germany_Regionalliga_West;;Ranking gap: 0.028 | Attacco casa: 1.33/gara | Difesa trasferta subisce: 2.00/gara | Over25 casa ultime10: 0.67 | Over25 trasferta ultime10: 0.67;0.56;13.33;;;20.0;10.0;10.0;;;;2.0.plus1
2026-09-06;Germany_Oberliga_Westfalen;Ennepetal;Clarholz;53.87;MEDIA;5;2026-09-06;Germany_Oberliga_Westfalen;Germany_Oberliga_Westfalen;;Ranking gap: 0.006 | Attacco casa: 1.25/gara | Difesa trasferta subisce: 2.25/gara | Over25 casa ultime10: 0.50 | Over25 trasferta ultime10: 0.75;0.12;12.5;;;22.5;7.5;11.25;;;;2.0.plus1
2026-09-06;Norway_2ndDivision_Group2;Lørenskog;Junkeren;53.79;MEDIA;22;2026-09-06;Norway_2ndDivision_Group2;Norway_2ndDivision_Group2;;Ranking gap: 0.113 | Attacco casa: 1.59/gara | Difesa trasferta subisce: 1.76/gara | Over25 casa ultime10: 0.50 | Over25 trasferta ultime10: 0.70;2.26;15.88;;;17.65;7.5;10.5;;;;2.0.plus1
2026-09-06;Germany_Regionalliga_West;Paderborn 2;Wattenscheid;53.65;MEDIA;7;2026-09-06;Germany_Regionalliga_West;Germany_Regionalliga_West;;Ranking gap: 0.016 | Attacco casa: 1.67/gara | Difesa trasferta subisce: 1.67/gara | Over25 casa ultime10: 0.67 | Over25 trasferta ultime10: 0.67;0.32;16.67;;;16.67;10.0;10.0;;;;2.0.plus1
2026-09-06;FaroeIslands_1Deild;HB Torshavn 2;Sandur;53.56;MEDIA;22;2026-09-06;FaroeIslands_1Deild;FaroeIslands_1Deild;;Ranking gap: 0.362 | Attacco casa: 1.20/gara | Difesa trasferta subisce: 0.88/gara | Over25 casa ultime10: 0.70 | Over25 trasferta ultime10: 1.00;7.24;12.0;;;8.82;10.5;15.0;;;;2.0.plus1
2026-09-06;USA_MLSNextPro_WesternConference_PacificDivision;Los Angeles FC 2;Ventura County;53.54;MEDIA;28;2026-09-06;USA_MLSNextPro_WesternConference_PacificDivision;USA_MLSNextPro_WesternConference_PacificDivision;;Ranking gap: 0.107 | Attacco casa: 1.68/gara | Difesa trasferta subisce: 1.36/gara | Over25 casa ultime10: 0.70 | Over25 trasferta ultime10: 0.70;2.14;16.8;;;13.6;10.5;10.5;;;;2.0.plus1
2026-09-06;Peru_Liga1_Clausura;Sporting Cristal;Los Chankas;53.51;MEDIA;8;2026-09-06;Peru_Liga1_Clausura;Peru_Liga1_Clausura;;Ranking gap: 0.092 | Attacco casa: 1.50/gara | Difesa trasferta subisce: 2.17/gara | Over25 casa ultime10: 0.33 | Over25 trasferta ultime10: 0.67;1.84;15.0;;;21.67;5.0;10.0;;;;2.0.plus1
2026-09-06;England_Championship;Birmingham;Wolves;53.45;MEDIA;5;2026-09-06;England_Championship;England_Championship;;Ranking gap: 0.006 | Attacco casa: 1.00/gara | Difesa trasferta subisce: 2.33/gara | Over25 casa ultime10: 0.33 | Over25 trasferta ultime10: 1.00;0.12;10.0;;;23.33;5.0;15.0;;;;2.0.plus1
2026-09-06;Russia_FNL;Ural;Kamaz;53.41;MEDIA;10;2026-09-06;Russia_FNL;Russia_FNL;;Ranking gap: 0.115 | Attacco casa: 1.75/gara | Difesa trasferta subisce: 1.78/gara | Over25 casa ultime10: 0.50 | Over25 trasferta ultime10: 0.56;2.3;17.5;;;17.78;7.5;8.33;;;;2.0.plus1
2026-09-06;CzechRepublic_3CFL_GroupB;Teplice B;Pardubice B;53.26;MEDIA;5;2026-09-06;CzechRepublic_3CFL_GroupB;CzechRepublic_3CFL_GroupB;CzechRepublic_3rdTier;Ranking gap: 0.017 | Attacco casa: 2.50/gara | Difesa trasferta subisce: 0.67/gara | Over25 casa ultime10: 0.75 | Over25 trasferta ultime10: 0.67;0.34;25.0;;;6.67;11.25;10.0;;;;2.0.plus1
2026-09-06;Germany_Oberliga_Hessen;Kassel 2;Hummetroth;53.24;MEDIA;7;2026-09-06;Germany_Oberliga_Hessen;Germany_Oberliga_Hessen;;Ranking gap: 0.037 | Attacco casa: 1.00/gara | Difesa trasferta subisce: 2.83/gara | Over25 casa ultime10: 0.33 | Over25 trasferta ultime10: 0.83;0.74;10.0;;;25.0;5.0;12.5;;;;2.0.plus1
2026-09-06;Poland_Ekstraklasa;Jagiellonia;Slask;52.94;MEDIA;8;2026-09-06;Poland_Ekstraklasa;Poland_Ekstraklasa;;Ranking gap: 0.047 | Attacco casa: 1.80/gara | Difesa trasferta subisce: 1.50/gara | Over25 casa ultime10: 0.60 | Over25 trasferta ultime10: 0.67;0.94;18.0;;;15.0;9.0;10.0;;;;2.0.plus1
2026-09-06;CzechRepublic_3CFL_GroupA;Admira Prague;Plzen B;52.94;MEDIA;5;2026-09-06;CzechRepublic_3CFL_GroupA;CzechRepublic_3CFL_GroupA;CzechRepublic_3rdTier;Ranking gap: 0.022 | Attacco casa: 1.25/gara | Difesa trasferta subisce: 1.75/gara | Over25 casa ultime10: 0.75 | Over25 trasferta ultime10: 0.75;0.44;12.5;;;17.5;11.25;11.25;;;;2.0.plus1
2026-09-06;Sweden_Division2_NorraSvealand;Bollstanas;Angby;52.88;MEDIA;21;2026-09-06;Sweden_Division2_NorraSvealand;Sweden_Division2_NorraSvealand;;Ranking gap: 0.165 | Attacco casa: 2.00/gara | Difesa trasferta subisce: 1.16/gara | Over25 casa ultime10: 0.70 | Over25 trasferta ultime10: 0.50;3.3;20.0;;;11.58;10.5;7.5;;;;2.0.plus1
2026-09-06;CzechRepublic_4Liga_GroupC;Chlumec nad Cidlinou;Turnov;52.57;MEDIA;5;2026-09-06;CzechRepublic_4Liga_GroupC;CzechRepublic_4Liga_GroupC;CzechRepublic_4Liga;Ranking gap: 0.066 | Attacco casa: 1.00/gara | Difesa trasferta subisce: 2.25/gara | Over25 casa ultime10: 0.50 | Over25 trasferta ultime10: 0.75;1.32;10.0;;;22.5;7.5;11.25;;;;2.0.plus1
2026-09-06;USA_MLS;Austin FC;San Jose Earthquakes;52.53;MEDIA;26;2026-09-06;USA_MLS;USA_MLS;;Ranking gap: 0.115 | Attacco casa: 1.27/gara | Difesa trasferta subisce: 1.50/gara | Over25 casa ultime10: 0.80 | Over25 trasferta ultime10: 0.70;2.3;12.73;;;15.0;12.0;10.5;;;;2.0.plus1
2026-09-06;USA_MLS;Orlando City;San Diego FC;52.52;MEDIA;26;2026-09-06;USA_MLS;USA_MLS;;Ranking gap: 0.060 | Attacco casa: 1.68/gara | Difesa trasferta subisce: 1.50/gara | Over25 casa ultime10: 0.70 | Over25 trasferta ultime10: 0.60;1.2;16.82;;;15.0;10.5;9.0;;;;2.0.plus1
2026-09-06;CzechRepublic_4Liga_GroupE;Lanzhot;Kromeriz B;52.49;MEDIA;5;2026-09-06;CzechRepublic_4Liga_GroupE;CzechRepublic_4Liga_GroupE;CzechRepublic_4Liga;Ranking gap: 0.062 | Attacco casa: 1.25/gara | Difesa trasferta subisce: 2.00/gara | Over25 casa ultime10: 0.75 | Over25 trasferta ultime10: 0.50;1.24;12.5;;;20.0;11.25;7.5;;;;2.0.plus1
2026-09-06;Peru_Liga2;Alianza Huanuco;Minas;52.37;MEDIA;6;2026-09-06;Peru_Liga2;Peru_Liga2;;Ranking gap: 0.035 | Attacco casa: 1.33/gara | Difesa trasferta subisce: 1.33/gara | Over25 casa ultime10: 0.67 | Over25 trasferta ultime10: 1.00;0.7;13.33;;;13.33;10.0;15.0;;;;2.0.plus1
2026-09-06;Bolivia_DivisionProfesional;Independiente;Bolivar;52.3;MEDIA;22;2026-09-06;Bolivia_DivisionProfesional;Bolivia_DivisionProfesional;;Ranking gap: 0.121 | Attacco casa: 1.47/gara | Difesa trasferta subisce: 1.12/gara | Over25 casa ultime10: 0.80 | Over25 trasferta ultime10: 0.80;2.42;14.71;;;11.18;12.0;12.0;;;;2.0.plus1
2026-09-06;USA_MLSNextPro_WesternConference_CentralDivision;Sporting Kansas City 2;St. Louis City 2;52.2;MEDIA;30;2026-09-06;USA_MLSNextPro_WesternConference_CentralDivision;USA_MLSNextPro_WesternConference_CentralDivision;;Ranking gap: 0.295 | Attacco casa: 1.24/gara | Difesa trasferta subisce: 1.44/gara | Over25 casa ultime10: 0.80 | Over25 trasferta ultime10: 0.50;5.9;12.4;;;14.4;12.0;7.5;;;;2.0.plus1
2026-09-06;CzechRepublic_4Liga_GroupD;Bystrc;Havlickuv Brod;52.19;MEDIA;5;2026-09-06;CzechRepublic_4Liga_GroupD;CzechRepublic_4Liga_GroupD;CzechRepublic_4Liga;Ranking gap: 0.047 | Attacco casa: 1.75/gara | Difesa trasferta subisce: 1.50/gara | Over25 casa ultime10: 0.50 | Over25 trasferta ultime10: 0.75;0.94;17.5;;;15.0;7.5;11.25;;;;2.0.plus1
2026-09-06;USA_MLS;Portland Timbers;Minnesota;52.13;MEDIA;26;2026-09-06;USA_MLS;USA_MLS;;Ranking gap: 0.018 | Attacco casa: 1.77/gara | Difesa trasferta subisce: 1.45/gara | Over25 casa ultime10: 0.80 | Over25 trasferta ultime10: 0.50;0.36;17.73;;;14.55;12.0;7.5;;;;2.0.plus1
2026-09-06;Germany_Regionalliga_Nord;Schoningen;VfB Oldenburg;51.99;MEDIA;8;2026-09-06;Germany_Regionalliga_Nord;Germany_Regionalliga_Nord;;Ranking gap: 0.016 | Attacco casa: 2.00/gara | Difesa trasferta subisce: 1.17/gara | Over25 casa ultime10: 0.50 | Over25 trasferta ultime10: 0.83;0.32;20.0;;;11.67;7.5;12.5;;;;2.0.plus1
2026-09-06;Germany_Regionalliga_Nord;Bremer;Emden;51.91;MEDIA;8;2026-09-06;Germany_Regionalliga_Nord;Germany_Regionalliga_Nord;;Ranking gap: 0.012 | Attacco casa: 0.67/gara | Difesa trasferta subisce: 3.17/gara | Over25 casa ultime10: 0.50 | Over25 trasferta ultime10: 0.83;0.24;6.67;;;25.0;7.5;12.5;;;;2.0.plus1
2026-09-06;Serbia_PrvaLiga;Dubocica;Bor 1919;51.91;MEDIA;7;2026-09-06;Serbia_PrvaLiga;Serbia_PrvaLiga;;Ranking gap: 0.054 | Attacco casa: 1.50/gara | Difesa trasferta subisce: 1.83/gara | Over25 casa ultime10: 0.50 | Over25 trasferta ultime10: 0.67;1.08;15.0;;;18.33;7.5;10.0;;;;2.0.plus1
2026-09-06;Germany_Regionalliga_West;Schalke 2;FC Gutersloh;51.87;MEDIA;7;2026-09-06;Germany_Regionalliga_West;Germany_Regionalliga_West;;Ranking gap: 0.052 | Attacco casa: 2.33/gara | Difesa trasferta subisce: 0.50/gara | Over25 casa ultime10: 0.83 | Over25 trasferta ultime10: 0.67;1.04;23.33;;;5.0;12.5;10.0;;;;2.0.plus1
2026-09-06;Russia_PremierLeague;Orenburg;Akron Togliatti;51.83;MEDIA;7;2026-09-06;Russia_PremierLeague;Russia_PremierLeague;;Ranking gap: 0.050 | Attacco casa: 0.83/gara | Difesa trasferta subisce: 2.50/gara | Over25 casa ultime10: 0.33 | Over25 trasferta ultime10: 0.83;1.0;8.33;;;25.0;5.0;12.5;;;;2.0.plus1
2026-09-06;Hungary_NBI;Ferencvaros;Ujpest;51.79;MEDIA;8;2026-09-06;Hungary_NBI;Hungary_NBI;;Ranking gap: 0.018 | Attacco casa: 1.60/gara | Difesa trasferta subisce: 1.57/gara | Over25 casa ultime10: 0.60 | Over25 trasferta ultime10: 0.71;0.36;16.0;;;15.71;9.0;10.71;;;;2.0.plus1
2026-09-06;Germany_Oberliga_Niedersachsen;Drochtersen/Assel 2;Hildesheim;51.69;MEDIA;5;2026-09-06;Germany_Oberliga_Niedersachsen;Germany_Oberliga_Niedersachsen;;Ranking gap: 0.022 | Attacco casa: 1.25/gara | Difesa trasferta subisce: 2.00/gara | Over25 casa ultime10: 0.75 | Over25 trasferta ultime10: 0.50;0.44;12.5;;;20.0;11.25;7.5;;;;2.0.plus1
2026-09-06;Ukraine_PremierLeague;Veres-Rivne;Zorya;51.66;MEDIA;5;2026-09-06;Ukraine_PremierLeague;Ukraine_PremierLeague;;Ranking gap: 0.708 | Attacco casa: 0.50/gara | Difesa trasferta subisce: 1.75/gara | Over25 casa ultime10: 0.25 | Over25 trasferta ultime10: 0.75;14.16;5.0;;;17.5;3.75;11.25;;;;2.0.plus1
2026-09-06;Ukraine_PremierLeague;Epitsentr;Bukovyna;51.66;MEDIA;5;2026-09-06;Ukraine_PremierLeague;Ukraine_PremierLeague;;Ranking gap: 0.708 | Attacco casa: 1.50/gara | Difesa trasferta subisce: 0.75/gara | Over25 casa ultime10: 0.50 | Over25 trasferta ultime10: 0.50;14.16;15.0;;;7.5;7.5;7.5;;;;2.0.plus1
2026-09-06;Germany_Oberliga_SchleswigHolstein;Eichede;PSV Neumunster;51.63;MEDIA;7;2026-09-06;Germany_Oberliga_SchleswigHolstein;Germany_Oberliga_SchleswigHolstein;;Ranking gap: 0.040 | Attacco casa: 1.17/gara | Difesa trasferta subisce: 2.17/gara | Over25 casa ultime10: 0.33 | Over25 trasferta ultime10: 0.83;0.8;11.67;;;21.67;5.0;12.5;;;;2.0.plus1
2026-09-06;Turkey_SuperLig;Kocaelispor;Samsunspor;51.45;MEDIA;4;2026-09-06;Turkey_SuperLig;Turkey_SuperLig;;Ranking gap: 0.031 | Attacco casa: 1.33/gara | Difesa trasferta subisce: 2.50/gara | Over25 casa ultime10: 0.33 | Over25 trasferta ultime10: 0.50;0.62;13.33;;;25.0;5.0;7.5;;;;2.0.plus1
2026-09-06;Latvia_Virsliga;Auda;Grobina;51.43;MEDIA;30;2026-09-06;Latvia_Virsliga;Latvia_Virsliga;;Ranking gap: 0.268 | Attacco casa: 1.60/gara | Difesa trasferta subisce: 1.96/gara | Over25 casa ultime10: 0.20 | Over25 trasferta ultime10: 0.50;5.36;16.0;;;19.57;3.0;7.5;;;;2.0.plus1
2026-09-06;Mexico_LigaExpansionMX_Apertura;Jaiba Brava;Venados;51.28;MEDIA;7;2026-09-06;Mexico_LigaExpansionMX_Apertura;Mexico_LigaExpansionMX_Apertura;;Ranking gap: 0.064 | Attacco casa: 0.83/gara | Difesa trasferta subisce: 2.17/gara | Over25 casa ultime10: 0.50 | Over25 trasferta ultime10: 0.83;1.28;8.33;;;21.67;7.5;12.5;;;;2.0.plus1
2026-09-06;USA_MLSNextPro_WesternConference_PacificDivision;San Jose Earthquakes 2;Tacoma Defiance;51.26;MEDIA;28;2026-09-06;USA_MLSNextPro_WesternConference_PacificDivision;USA_MLSNextPro_WesternConference_PacificDivision;;Ranking gap: 0.062 | Attacco casa: 1.79/gara | Difesa trasferta subisce: 1.56/gara | Over25 casa ultime10: 0.30 | Over25 trasferta ultime10: 0.80;1.24;17.92;;;15.6;4.5;12.0;;;;2.0.plus1
2026-09-06;Germany_Oberliga_Bayern_Nord;Neumarkt;Regensburg 2;51.24;MEDIA;10;2026-09-06;Germany_Oberliga_Bayern_Nord;Germany_Oberliga_Bayern_Nord;;Ranking gap: 0.080 | Attacco casa: 0.86/gara | Difesa trasferta subisce: 2.12/gara | Over25 casa ultime10: 0.57 | Over25 trasferta ultime10: 0.75;1.6;8.57;;;21.25;8.57;11.25;;;;2.0.plus1
2026-09-06;CzechRepublic_3MSFL;Sigma Olomouc B;Artis Brno B;51.23;MEDIA;7;2026-09-06;CzechRepublic_3MSFL;CzechRepublic_3MSFL;;Ranking gap: 0.728 | Attacco casa: 2.17/gara | Difesa trasferta subisce: 0.00/gara | Over25 casa ultime10: 0.67 | Over25 trasferta ultime10: 0.33;14.56;21.67;;;0.0;10.0;5.0;;;;2.0.plus1
2026-09-06;Iceland_BestaDeildKvenna;Grindavik/Njardvik D;Valur D;51.2;MEDIA;19;2026-09-06;Iceland_BestaDeildKvenna;Iceland_BestaDeildKvenna;;Ranking gap: 0.222 | Attacco casa: 1.41/gara | Difesa trasferta subisce: 1.76/gara | Over25 casa ultime10: 0.50 | Over25 trasferta ultime10: 0.50;4.44;14.12;;;17.65;7.5;7.5;;;;2.0.plus1
2026-09-06;CzechRepublic_4Liga_GroupF;Frydek-Mistek B;Valasske Mezirici;51.1;MEDIA;5;2026-09-06;CzechRepublic_4Liga_GroupF;CzechRepublic_4Liga_GroupF;CzechRepublic_4Liga;Ranking gap: 0.055 | Attacco casa: 0.75/gara | Difesa trasferta subisce: 2.00/gara | Over25 casa ultime10: 1.00 | Over25 trasferta ultime10: 0.50;1.1;7.5;;;20.0;15.0;7.5;;;;2.0.plus1
2026-09-06;Norway_2ndDivision_Group1;Bjarg;Arendal;51.03;MEDIA;19;2026-09-06;Norway_2ndDivision_Group1;Norway_2ndDivision_Group1;;Ranking gap: 0.156 | Attacco casa: 1.61/gara | Difesa trasferta subisce: 1.53/gara | Over25 casa ultime10: 0.40 | Over25 trasferta ultime10: 0.70;3.12;16.11;;;15.29;6.0;10.5;;;;2.0.plus1
2026-09-06;Netherlands_Eredivisie;Den Haag;Sittard;51.0;MEDIA;5;2026-09-06;Netherlands_Eredivisie;Netherlands_Eredivisie;;Ranking gap: 0.050 | Attacco casa: 1.00/gara | Difesa trasferta subisce: 1.75/gara | Over25 casa ultime10: 0.75 | Over25 trasferta ultime10: 0.75;1.0;10.0;;;17.5;11.25;11.25;;;;2.0.plus1
2026-09-06;Mexico_LigaExpansionMX_Apertura;Atl. Morelia;Alebrijes Oaxaca;50.93;MEDIA;7;2026-09-06;Mexico_LigaExpansionMX_Apertura;Mexico_LigaExpansionMX_Apertura;;Ranking gap: 0.130 | Attacco casa: 2.00/gara | Difesa trasferta subisce: 1.33/gara | Over25 casa ultime10: 0.67 | Over25 trasferta ultime10: 0.33;2.6;20.0;;;13.33;10.0;5.0;;;;2.0.plus1
2026-09-06;Germany_Regionalliga_Sudwest;Kaiserslautern 2;Fulda-Lehnerz;50.72;MEDIA;6;2026-09-06;Germany_Regionalliga_Sudwest;Germany_Regionalliga_Sudwest;;Ranking gap: 0.036 | Attacco casa: 0.75/gara | Difesa trasferta subisce: 2.00/gara | Over25 casa ultime10: 0.75 | Over25 trasferta ultime10: 0.75;0.72;7.5;;;20.0;11.25;11.25;;;;2.0.plus1
2026-09-06;Norway_2ndDivision_Group1;Notodden;Lysekloster;50.7;MEDIA;19;2026-09-06;Norway_2ndDivision_Group1;Norway_2ndDivision_Group1;;Ranking gap: 0.213 | Attacco casa: 1.29/gara | Difesa trasferta subisce: 2.00/gara | Over25 casa ultime10: 0.30 | Over25 trasferta ultime10: 0.60;4.26;12.94;;;20.0;4.5;9.0;;;;2.0.plus1
2026-09-06;CzechRepublic_4Liga_GroupB;Meteor Prague;Usti n. L. B;50.6;MEDIA;5;2026-09-06;CzechRepublic_4Liga_GroupB;CzechRepublic_4Liga_GroupB;CzechRepublic_4Liga;Ranking gap: 0.051 | Attacco casa: 0.33/gara | Difesa trasferta subisce: 4.00/gara | Over25 casa ultime10: 0.67 | Over25 trasferta ultime10: 0.75;1.02;3.33;;;25.0;10.0;11.25;;;;2.0.plus1
2026-09-06;USA_USLLeagueOne;AV Alta;One Knoxville;50.58;MEDIA;36;2026-09-06;USA_USLLeagueOne;USA_USLLeagueOne;;Ranking gap: 0.404 | Attacco casa: 1.32/gara | Difesa trasferta subisce: 1.13/gara | Over25 casa ultime10: 0.60 | Over25 trasferta ultime10: 0.60;8.08;13.2;;;11.3;9.0;9.0;;;;2.0.plus1
2026-09-06;Turkey_1Lig;Antalyaspor;Sivasspor;50.54;MEDIA;6;2026-09-06;Turkey_1Lig;Turkey_1Lig;;Ranking gap: 0.027 | Attacco casa: 1.60/gara | Difesa trasferta subisce: 1.60/gara | Over25 casa ultime10: 0.60 | Over25 trasferta ultime10: 0.60;0.54;16.0;;;16.0;9.0;9.0;;;;2.0.plus1
2026-09-06;Belgium_JupilerProLeague;Beveren;Leuven;50.5;MEDIA;8;2026-09-06;Belgium_JupilerProLeague;Belgium_JupilerProLeague;;Ranking gap: 0.025 | Attacco casa: 0.50/gara | Difesa trasferta subisce: 2.25/gara | Over25 casa ultime10: 0.75 | Over25 trasferta ultime10: 0.75;0.5;5.0;;;22.5;11.25;11.25;;;;2.0.plus1
2026-09-06;Georgia_ErovnuliLiga;Torpedo Kutaisi;Din. Tbilisi;50.5;MEDIA;5;2026-09-06;Georgia_ErovnuliLiga;Georgia_ErovnuliLiga;;Ranking gap: 0.025 | Attacco casa: 1.33/gara | Difesa trasferta subisce: 1.67/gara | Over25 casa ultime10: 0.33 | Over25 trasferta ultime10: 1.00;0.5;13.33;;;16.67;5.0;15.0;;;;2.0.plus1
2026-09-06;Italy_SerieC_GironeC;Altamura;Savoia;50.5;MEDIA;3;2026-09-06;Italy_SerieC_GironeC;Italy_SerieC_GironeC;;Ranking gap: 0.025 | Attacco casa: 1.00/gara | Difesa trasferta subisce: 2.50/gara | Over25 casa ultime10: 0.00 | Over25 trasferta ultime10: 1.00;0.5;10.0;;;25.0;0.0;15.0;;;;2.0.plus1
2026-09-06;Serbia_PrvaLiga;Loznica;Teleoptik;50.4;MEDIA;7;2026-09-06;Serbia_PrvaLiga;Serbia_PrvaLiga;;Ranking gap: 0.020 | Attacco casa: 1.33/gara | Difesa trasferta subisce: 2.17/gara | Over25 casa ultime10: 0.50 | Over25 trasferta ultime10: 0.50;0.4;13.33;;;21.67;7.5;7.5;;;;2.0.plus1
2026-09-06;Sweden_Division1_Norra;Vasalund;Enkoping SK;50.31;MEDIA;22;2026-09-06;Sweden_Division1_Norra;Sweden_Division1_Norra;;Ranking gap: 0.085 | Attacco casa: 1.58/gara | Difesa trasferta subisce: 1.63/gara | Over25 casa ultime10: 0.60 | Over25 trasferta ultime10: 0.50;1.7;15.79;;;16.32;9.0;7.5;;;;2.0.plus1
2026-09-06;Estonia_Meistriliiga;Harju JK Laagri;Tammeka;50.29;MEDIA;29;2026-09-06;Estonia_Meistriliiga;Estonia_Meistriliiga;;Ranking gap: 0.102 | Attacco casa: 1.44/gara | Difesa trasferta subisce: 1.43/gara | Over25 casa ultime10: 0.70 | Over25 trasferta ultime10: 0.60;2.04;14.4;;;14.35;10.5;9.0;;;;2.0.plus1
2026-09-06;Turkey_SuperLig;Corum;Eyupspor;50.26;MEDIA;4;2026-09-06;Turkey_SuperLig;Turkey_SuperLig;;Ranking gap: 0.013 | Attacco casa: 2.00/gara | Difesa trasferta subisce: 1.00/gara | Over25 casa ultime10: 1.00 | Over25 trasferta ultime10: 0.33;0.26;20.0;;;10.0;15.0;5.0;;;;2.0.plus1
2026-09-06;Belgium_JupilerProLeague;Anderlecht;Genk;50.24;MEDIA;8;2026-09-06;Belgium_JupilerProLeague;Belgium_JupilerProLeague;;Ranking gap: 0.012 | Attacco casa: 0.75/gara | Difesa trasferta subisce: 2.00/gara | Over25 casa ultime10: 0.50 | Over25 trasferta ultime10: 1.00;0.24;7.5;;;20.0;7.5;15.0;;;;2.0.plus1
2026-09-06;USA_MLS;Toronto FC;Chicago Fire;50.13;MEDIA;26;2026-09-06;USA_MLS;USA_MLS;;Ranking gap: 0.154 | Attacco casa: 1.39/gara | Difesa trasferta subisce: 1.36/gara | Over25 casa ultime10: 0.50 | Over25 trasferta ultime10: 0.80;3.08;13.91;;;13.64;7.5;12.0;;;;2.0.plus1
2026-09-06;Denmark_2ndDivision;Thisted;Nykobing;49.94;MEDIA;6;2026-09-06;Denmark_2ndDivision;Denmark_2ndDivision;;Ranking gap: 0.097 | Attacco casa: 0.80/gara | Difesa trasferta subisce: 1.60/gara | Over25 casa ultime10: 0.60 | Over25 trasferta ultime10: 1.00;1.94;8.0;;;16.0;9.0;15.0;;;;2.0.plus1
2026-09-06;CzechRepublic_1Liga;Mlada Boleslav;Ostrava;49.62;MEDIA;8;2026-09-06;CzechRepublic_1Liga;CzechRepublic_1Liga;;Ranking gap: 0.031 | Attacco casa: 2.20/gara | Difesa trasferta subisce: 1.20/gara | Over25 casa ultime10: 0.60 | Over25 trasferta ultime10: 0.40;0.62;22.0;;;12.0;9.0;6.0;;;;2.0.plus1
2026-09-06;Netherlands_EersteDivisie;Maastricht;Roda;49.35;MEDIA;6;2026-09-06;Netherlands_EersteDivisie;Netherlands_EersteDivisie;;Ranking gap: 0.030 | Attacco casa: 2.00/gara | Difesa trasferta subisce: 1.00/gara | Over25 casa ultime10: 0.75 | Over25 trasferta ultime10: 0.50;0.6;20.0;;;10.0;11.25;7.5;;;;2.0.plus1
2026-09-06;CzechRepublic_4Liga_GroupC;Svitavy;Kolin;49.17;MEDIA;5;2026-09-06;CzechRepublic_4Liga_GroupC;CzechRepublic_4Liga_GroupC;CzechRepublic_4Liga;Ranking gap: 0.021 | Attacco casa: 1.00/gara | Difesa trasferta subisce: 2.00/gara | Over25 casa ultime10: 0.75 | Over25 trasferta ultime10: 0.50;0.42;10.0;;;20.0;11.25;7.5;;;;2.0.plus1
2026-09-06;Germany_Oberliga_Westfalen;Schermbeck 2020;Hiltrup;49.03;MEDIA;5;2026-09-06;Germany_Oberliga_Westfalen;Germany_Oberliga_Westfalen;;Ranking gap: 0.014 | Attacco casa: 0.50/gara | Difesa trasferta subisce: 3.00/gara | Over25 casa ultime10: 0.75 | Over25 trasferta ultime10: 0.50;0.28;5.0;;;25.0;11.25;7.5;;;;2.0.plus1
2026-09-06;USA_MLS;Seattle Sounders;New York Red Bulls;49.0;MEDIA;26;2026-09-06;USA_MLS;USA_MLS;;Ranking gap: 0.008 | Attacco casa: 1.14/gara | Difesa trasferta subisce: 2.09/gara | Over25 casa ultime10: 0.50 | Over25 trasferta ultime10: 0.60;0.16;11.43;;;20.91;7.5;9.0;;;;2.0.plus1
2026-09-06;Sweden_Division1_Sodra;Skövde;Trelleborg;48.77;MEDIA;22;2026-09-06;Sweden_Division1_Sodra;Sweden_Division1_Sodra;;Ranking gap: 0.287 | Attacco casa: 0.95/gara | Difesa trasferta subisce: 1.11/gara | Over25 casa ultime10: 0.70 | Over25 trasferta ultime10: 0.80;5.74;9.47;;;11.05;10.5;12.0;;;;2.0.plus1
2026-09-06;Switzerland_SuperLeague;Servette;St. Gallen;48.58;MEDIA;7;2026-09-06;Switzerland_SuperLeague;Switzerland_SuperLeague;;Ranking gap: 0.029 | Attacco casa: 0.80/gara | Difesa trasferta subisce: 2.20/gara | Over25 casa ultime10: 0.40 | Over25 trasferta ultime10: 0.80;0.58;8.0;;;22.0;6.0;12.0;;;;2.0.plus1
2026-09-06;Bolivia_DivisionProfesional;Oriente Petrolero;Always Ready;48.46;MEDIA;22;2026-09-06;Bolivia_DivisionProfesional;Bolivia_DivisionProfesional;;Ranking gap: 0.079 | Attacco casa: 1.88/gara | Difesa trasferta subisce: 0.71/gara | Over25 casa ultime10: 0.80 | Over25 trasferta ultime10: 0.60;1.58;18.82;;;7.06;12.0;9.0;;;;2.0.plus1
2026-09-06;Austria_Burgenland;Pama;Edelserpentin;47.96;MEDIA;5;2026-09-06;Austria_Burgenland;Austria_Burgenland;;Ranking gap: 0.023 | Attacco casa: 1.50/gara | Difesa trasferta subisce: 1.75/gara | Over25 casa ultime10: 0.50 | Over25 trasferta ultime10: 0.50;0.46;15.0;;;17.5;7.5;7.5;;;;2.0.plus1
2026-09-06;Turkey_1Lig;Batman Petrolspor;Karagumruk;47.84;MEDIA;6;2026-09-06;Turkey_1Lig;Turkey_1Lig;;Ranking gap: 0.042 | Attacco casa: 2.00/gara | Difesa trasferta subisce: 1.20/gara | Over25 casa ultime10: 0.60 | Over25 trasferta ultime10: 0.40;0.84;20.0;;;12.0;9.0;6.0;;;;2.0.plus1
2026-09-06;CzechRepublic_3CFL_GroupB;Hradec Kralove B;Neratovice;47.8;MEDIA;5;2026-09-06;CzechRepublic_3CFL_GroupB;CzechRepublic_3CFL_GroupB;CzechRepublic_3rdTier;Ranking gap: 0.015 | Attacco casa: 0.75/gara | Difesa trasferta subisce: 3.75/gara | Over25 casa ultime10: 0.25 | Over25 trasferta ultime10: 0.75;0.3;7.5;;;25.0;3.75;11.25;;;;2.0.plus1
2026-09-06;Belarus_VysshayaLiga;Naftan;FC Minsk;47.75;MEDIA;24;2026-09-06;Belarus_VysshayaLiga;Belarus_VysshayaLiga;;Ranking gap: 0.246 | Attacco casa: 0.85/gara | Difesa trasferta subisce: 1.33/gara | Over25 casa ultime10: 0.70 | Over25 trasferta ultime10: 0.70;4.92;8.5;;;13.33;10.5;10.5;;;;2.0.plus1
2026-09-06;Belgium_ChallengerProLeague;K. Lierse S.K.;RFC Liege;47.7;MEDIA;4;2026-09-06;Belgium_ChallengerProLeague;Belgium_ChallengerProLeague;;Ranking gap: 0.010 | Attacco casa: 0.50/gara | Difesa trasferta subisce: 2.00/gara | Over25 casa ultime10: 0.50 | Over25 trasferta ultime10: 1.00;0.2;5.0;;;20.0;7.5;15.0;;;;2.0.plus1
2026-09-06;Kazakhstan_PremierLeague;FC Astana;Yelimay Semey;47.69;MEDIA;35;2026-09-06;Kazakhstan_PremierLeague;Kazakhstan_PremierLeague;;Ranking gap: 0.157 | Attacco casa: 1.68/gara | Difesa trasferta subisce: 1.27/gara | Over25 casa ultime10: 0.50 | Over25 trasferta ultime10: 0.50;3.14;16.82;;;12.73;7.5;7.5;;;;2.0.plus1
2026-09-06;USA_MLS;Columbus Crew;Colorado Rapids;47.67;MEDIA;26;2026-09-06;USA_MLS;USA_MLS;;Ranking gap: 0.120 | Attacco casa: 1.41/gara | Difesa trasferta subisce: 1.32/gara | Over25 casa ultime10: 0.80 | Over25 trasferta ultime10: 0.40;2.4;14.09;;;13.18;12.0;6.0;;;;2.0.plus1
2026-09-06;USA_USLLeagueOne;Corpus Christi FC;Forward Madison;47.53;MEDIA;36;2026-09-06;USA_USLLeagueOne;USA_USLLeagueOne;;Ranking gap: 0.496 | Attacco casa: 1.22/gara | Difesa trasferta subisce: 1.04/gara | Over25 casa ultime10: 0.40 | Over25 trasferta ultime10: 0.60;9.92;12.17;;;10.43;6.0;9.0;;;;2.0.plus1
2026-09-06;Poland_Ekstraklasa;Cracovia;Gornik Zabrze;47.46;MEDIA;8;2026-09-06;Poland_Ekstraklasa;Poland_Ekstraklasa;;Ranking gap: 0.048 | Attacco casa: 1.00/gara | Difesa trasferta subisce: 1.40/gara | Over25 casa ultime10: 0.50 | Over25 trasferta ultime10: 1.00;0.96;10.0;;;14.0;7.5;15.0;;;;2.0.plus1
2026-09-06;Sweden_Allsvenskan;Orgryte;Hammarby;47.43;MEDIA;26;2026-09-06;Sweden_Allsvenskan;Sweden_Allsvenskan;;Ranking gap: 0.344 | Attacco casa: 1.16/gara | Difesa trasferta subisce: 0.95/gara | Over25 casa ultime10: 0.60 | Over25 trasferta ultime10: 0.70;6.88;11.58;;;9.47;9.0;10.5;;;;2.0.plus1
2026-09-06;Germany_Oberliga_Niederrhein;Solingen-Wald;Baumberg;47.37;MEDIA;4;2026-09-06;Germany_Oberliga_Niederrhein;Germany_Oberliga_Niederrhein;;Ranking gap: 0.035 | Attacco casa: 1.33/gara | Difesa trasferta subisce: 1.33/gara | Over25 casa ultime10: 0.67 | Over25 trasferta ultime10: 0.67;0.7;13.33;;;13.33;10.0;10.0;;;;2.0.plus1
2026-09-06;Switzerland_SuperLeague;Basilea;Lugano;47.03;MEDIA;7;2026-09-06;Switzerland_SuperLeague;Switzerland_SuperLeague;;Ranking gap: 0.035 | Attacco casa: 1.83/gara | Difesa trasferta subisce: 0.60/gara | Over25 casa ultime10: 0.67 | Over25 trasferta ultime10: 0.80;0.7;18.33;;;6.0;10.0;12.0;;;;2.0.plus1
2026-09-06;Belarus_VysshayaLiga;ML Vitebsk;Din. Minsk;46.65;MEDIA;24;2026-09-06;Belarus_VysshayaLiga;Belarus_VysshayaLiga;;Ranking gap: 0.016 | Attacco casa: 2.00/gara | Difesa trasferta subisce: 0.83/gara | Over25 casa ultime10: 0.60 | Over25 trasferta ultime10: 0.60;0.32;20.0;;;8.33;9.0;9.0;;;;2.0.plus1
2026-09-06;Russia_PremierLeague;Baltika;Lok. Mosca;46.58;MEDIA;7;2026-09-06;Russia_PremierLeague;Russia_PremierLeague;;Ranking gap: 0.079 | Attacco casa: 1.67/gara | Difesa trasferta subisce: 1.33/gara | Over25 casa ultime10: 0.67 | Over25 trasferta ultime10: 0.33;1.58;16.67;;;13.33;10.0;5.0;;;;2.0.plus1
2026-09-06;Sweden_Division1_Sodra;Jonkoping;Tvaaker;46.57;MEDIA;22;2026-09-06;Sweden_Division1_Sodra;Sweden_Division1_Sodra;;Ranking gap: 0.034 | Attacco casa: 1.32/gara | Difesa trasferta subisce: 1.47/gara | Over25 casa ultime10: 0.30 | Over25 trasferta ultime10: 0.90;0.68;13.16;;;14.74;4.5;13.5;;;;2.0.plus1
2026-09-06;SouthKorea_KLeague2;Suwon Bluewings;Asan;46.4;MEDIA;25;2026-09-06;SouthKorea_KLeague2;SouthKorea_KLeague2;;Ranking gap: 0.174 | Attacco casa: 1.57/gara | Difesa trasferta subisce: 1.23/gara | Over25 casa ultime10: 0.60 | Over25 trasferta ultime10: 0.40;3.48;15.65;;;12.27;9.0;6.0;;;;2.0.plus1
2026-09-06;Germany_Oberliga_Niedersachsen;Egestorf-Langreder;Heeslinger;46.38;MEDIA;5;2026-09-06;Germany_Oberliga_Niedersachsen;Germany_Oberliga_Niedersachsen;;Ranking gap: 0.069 | Attacco casa: 1.25/gara | Difesa trasferta subisce: 1.00/gara | Over25 casa ultime10: 0.75 | Over25 trasferta ultime10: 0.75;1.38;12.5;;;10.0;11.25;11.25;;;;2.0.plus1
2026-09-06;Denmark_Superliga;Sonderjyske;Horsens;46.32;MEDIA;8;2026-09-06;Denmark_Superliga;Denmark_Superliga;;Ranking gap: 0.066 | Attacco casa: 0.83/gara | Difesa trasferta subisce: 1.67/gara | Over25 casa ultime10: 0.67 | Over25 trasferta ultime10: 0.67;1.32;8.33;;;16.67;10.0;10.0;;;;2.0.plus1
2026-09-06;USA_USLChampionship;Rhode Island;Louisville City;45.94;MEDIA;33;2026-09-06;USA_USLChampionship;USA_USLChampionship;;Ranking gap: 0.054 | Attacco casa: 1.50/gara | Difesa trasferta subisce: 1.64/gara | Over25 casa ultime10: 0.30 | Over25 trasferta ultime10: 0.60;1.08;15.0;;;16.36;4.5;9.0;;;;2.0.plus1
2026-09-06;Estonia_Meistriliiga;Paide;Levadia;45.9;MEDIA;29;2026-09-06;Estonia_Meistriliiga;Estonia_Meistriliiga;;Ranking gap: 0.161 | Attacco casa: 1.70/gara | Difesa trasferta subisce: 0.77/gara | Over25 casa ultime10: 0.50 | Over25 trasferta ultime10: 0.70;3.22;16.96;;;7.73;7.5;10.5;;;;2.0.plus1
2026-09-06;CzechRepublic_3CFL_GroupB;Brozany;Chrudim;45.9;MEDIA;5;2026-09-06;CzechRepublic_3CFL_GroupB;CzechRepublic_3CFL_GroupB;CzechRepublic_3rdTier;Ranking gap: 0.024 | Attacco casa: 0.67/gara | Difesa trasferta subisce: 2.25/gara | Over25 casa ultime10: 0.33 | Over25 trasferta ultime10: 0.75;0.48;6.67;;;22.5;5.0;11.25;;;;2.0.plus1
2026-09-06;CzechRepublic_4Liga_GroupD;Velke Mezirici;Zdirec n. D.;45.8;MEDIA;5;2026-09-06;CzechRepublic_4Liga_GroupD;CzechRepublic_4Liga_GroupD;CzechRepublic_4Liga;Ranking gap: 0.040 | Attacco casa: 1.25/gara | Difesa trasferta subisce: 1.75/gara | Over25 casa ultime10: 0.50 | Over25 trasferta ultime10: 0.50;0.8;12.5;;;17.5;7.5;7.5;;;;2.0.plus1
2026-09-06;SriLanka_SuperLeague;Ratnam;Red Star;45.76;MEDIA;8;2026-09-06;SriLanka_SuperLeague;SriLanka_SuperLeague;;Ranking gap: 0.395 | Attacco casa: 0.57/gara | Difesa trasferta subisce: 1.29/gara | Over25 casa ultime10: 0.86 | Over25 trasferta ultime10: 0.43;7.9;5.71;;;12.86;12.86;6.43;;;;2.0.plus1
2026-09-06;Norway_Eliteserien;Kristiansund;Tromsø;45.7;MEDIA;27;2026-09-06;Norway_Eliteserien;Norway_Eliteserien;;Ranking gap: 0.282 | Attacco casa: 0.94/gara | Difesa trasferta subisce: 1.11/gara | Over25 casa ultime10: 0.80 | Over25 trasferta ultime10: 0.50;5.64;9.44;;;11.11;12.0;7.5;;;;2.0.plus1
2026-09-06;USA_USLChampionship;Sporting Jax;Lexington;45.61;MEDIA;33;2026-09-06;USA_USLChampionship;USA_USLChampionship;;Ranking gap: 0.176 | Attacco casa: 1.23/gara | Difesa trasferta subisce: 1.18/gara | Over25 casa ultime10: 0.80 | Over25 trasferta ultime10: 0.40;3.52;12.27;;;11.82;12.0;6.0;;;;2.0.plus1
2026-09-06;Germany_Oberliga_Hamburg;Tesla Hamburg;Dassendorf;45.58;MEDIA;6;2026-09-06;Germany_Oberliga_Hamburg;Germany_Oberliga_Hamburg;;Ranking gap: 0.079 | Attacco casa: 1.40/gara | Difesa trasferta subisce: 0.60/gara | Over25 casa ultime10: 0.80 | Over25 trasferta ultime10: 0.80;1.58;14.0;;;6.0;12.0;12.0;;;;2.0.plus1
2026-09-06;Sweden_Division2_VastraGotaland;Astrio;Astorps;45.47;MEDIA;22;2026-09-06;Sweden_Division2_VastraGotaland;Sweden_Division2_VastraGotaland;;Ranking gap: 0.163 | Attacco casa: 0.68/gara | Difesa trasferta subisce: 1.74/gara | Over25 casa ultime10: 0.70 | Over25 trasferta ultime10: 0.50;3.26;6.84;;;17.37;10.5;7.5;;;;2.0.plus1
2026-09-06;Germany_Regionalliga_Nord;Hannoverscher SC;SC Weiche-08;45.45;MEDIA;8;2026-09-06;Germany_Regionalliga_Nord;Germany_Regionalliga_Nord;;Ranking gap: 0.064 | Attacco casa: 1.50/gara | Difesa trasferta subisce: 1.17/gara | Over25 casa ultime10: 0.50 | Over25 trasferta ultime10: 0.67;1.28;15.0;;;11.67;7.5;10.0;;;;2.0.plus1
2026-09-06;Germany_Oberliga_BadenWurttemberg;Singen;1. FC Muhlhausen;45.4;MEDIA;6;2026-09-06;Germany_Oberliga_BadenWurttemberg;Germany_Oberliga_BadenWurttemberg;;Ranking gap: 0.020 | Attacco casa: 0.50/gara | Difesa trasferta subisce: 2.67/gara | Over25 casa ultime10: 0.00 | Over25 trasferta ultime10: 1.00;0.4;5.0;;;25.0;0.0;15.0;;;;2.0.plus1
2026-09-06;CzechRepublic_1Liga;Zlin;Teplice;45.17;MEDIA;8;2026-09-06;CzechRepublic_1Liga;CzechRepublic_1Liga;;Ranking gap: 0.092 | Attacco casa: 0.83/gara | Difesa trasferta subisce: 2.00/gara | Over25 casa ultime10: 0.50 | Over25 trasferta ultime10: 0.50;1.84;8.33;;;20.0;7.5;7.5;;;;2.0.plus1
2026-09-06;Germany_Oberliga_Westfalen;TuS Hordel;Bielefeld 2;45.12;MEDIA;5;2026-09-06;Germany_Oberliga_Westfalen;Germany_Oberliga_Westfalen;;Ranking gap: 0.006 | Attacco casa: 1.50/gara | Difesa trasferta subisce: 1.50/gara | Over25 casa ultime10: 0.25 | Over25 trasferta ultime10: 0.75;0.12;15.0;;;15.0;3.75;11.25;;;;2.0.plus1
2026-09-06;Moldova_SuperLiga;Balti;Milsami;45.12;MEDIA;11;2026-09-06;Moldova_SuperLiga;Moldova_SuperLiga;;Ranking gap: 0.256 | Attacco casa: 0.80/gara | Difesa trasferta subisce: 1.40/gara | Over25 casa ultime10: 0.80 | Over25 trasferta ultime10: 0.40;5.12;8.0;;;14.0;12.0;6.0;;;;2.0.plus1
2026-09-06;Sweden_Allsvenskan;Brommapojkarna;Elfsborg;45.03;MEDIA;26;2026-09-06;Sweden_Allsvenskan;Sweden_Allsvenskan;;Ranking gap: 0.141 | Attacco casa: 1.42/gara | Difesa trasferta subisce: 1.00/gara | Over25 casa ultime10: 0.70 | Over25 trasferta ultime10: 0.50;2.82;14.21;;;10.0;10.5;7.5;;;;2.0.plus1
2026-09-06;Denmark_Superliga;Brondby;Randers;44.93;BASSA;8;2026-09-06;Denmark_Superliga;Denmark_Superliga;;Ranking gap: 0.038 | Attacco casa: 1.83/gara | Difesa trasferta subisce: 1.33/gara | Over25 casa ultime10: 0.50 | Over25 trasferta ultime10: 0.33;0.76;18.33;;;13.33;7.5;5.0;;;;2.0.plus1
2026-09-06;Romania_Liga2;FC Bacau;CSC Dumbravita;44.51;BASSA;6;2026-09-06;Romania_Liga2;Romania_Liga2;;Ranking gap: 0.038 | Attacco casa: 1.75/gara | Difesa trasferta subisce: 1.20/gara | Over25 casa ultime10: 0.75 | Over25 trasferta ultime10: 0.20;0.76;17.5;;;12.0;11.25;3.0;;;;2.0.plus1
2026-09-06;Moldova_SuperLiga;Real Sireti;Zimbru;44.34;BASSA;11;2026-09-06;Moldova_SuperLiga;Moldova_SuperLiga;;Ranking gap: 0.592 | Attacco casa: 0.60/gara | Difesa trasferta subisce: 1.00/gara | Over25 casa ultime10: 0.40 | Over25 trasferta ultime10: 0.70;11.84;6.0;;;10.0;6.0;10.5;;;;2.0.plus1
2026-09-06;Bulgaria_VtoraLiga;Nesebar;Rilski Sportist;44.22;BASSA;7;2026-09-06;Bulgaria_VtoraLiga;Bulgaria_VtoraLiga;;Ranking gap: 0.011 | Attacco casa: 2.20/gara | Difesa trasferta subisce: 1.00/gara | Over25 casa ultime10: 0.20 | Over25 trasferta ultime10: 0.60;0.22;22.0;;;10.0;3.0;9.0;;;;2.0.plus1
2026-09-06;Austria_Burgenland;SV Eberau;Halbturn;44.21;BASSA;5;2026-09-06;Austria_Burgenland;Austria_Burgenland;;Ranking gap: 0.023 | Attacco casa: 0.75/gara | Difesa trasferta subisce: 1.75/gara | Over25 casa ultime10: 0.25 | Over25 trasferta ultime10: 1.00;0.46;7.5;;;17.5;3.75;15.0;;;;2.0.plus1
2026-09-06;Armenia_PremierLeague;Shirak;Sardarapat;44.01;BASSA;8;2026-09-06;Armenia_PremierLeague;Armenia_PremierLeague;;Ranking gap: 0.038 | Attacco casa: 1.60/gara | Difesa trasferta subisce: 1.00/gara | Over25 casa ultime10: 0.40 | Over25 trasferta ultime10: 0.75;0.76;16.0;;;10.0;6.0;11.25;;;;2.0.plus1
2026-09-06;SouthKorea_KLeague1;Gimcheon Sangmu;Gwangju;43.89;BASSA;27;2026-09-06;SouthKorea_KLeague1;SouthKorea_KLeague1;;Ranking gap: 0.112 | Attacco casa: 0.92/gara | Difesa trasferta subisce: 2.19/gara | Over25 casa ultime10: 0.20 | Over25 trasferta ultime10: 0.50;2.24;9.23;;;21.92;3.0;7.5;;;;2.0.plus1
2026-09-06;Mexico_LigaMX_Apertura;Atlas;Atlante;43.69;BASSA;7;2026-09-06;Mexico_LigaMX_Apertura;Mexico_LigaMX_Apertura;;Ranking gap: 0.143 | Attacco casa: 1.50/gara | Difesa trasferta subisce: 1.33/gara | Over25 casa ultime10: 0.50 | Over25 trasferta ultime10: 0.33;2.86;15.0;;;13.33;7.5;5.0;;;;2.0.plus1
2026-09-06;CzechRepublic_1Liga;Hradec Kralove;Sparta Praga;43.43;BASSA;8;2026-09-06;CzechRepublic_1Liga;CzechRepublic_1Liga;;Ranking gap: 0.013 | Attacco casa: 0.80/gara | Difesa trasferta subisce: 1.67/gara | Over25 casa ultime10: 0.40 | Over25 trasferta ultime10: 0.83;0.26;8.0;;;16.67;6.0;12.5;;;;2.0.plus1
2026-09-06;Norway_2ndDivision_Group1;Pors;Traeff;43.07;BASSA;19;2026-09-06;Norway_2ndDivision_Group1;Norway_2ndDivision_Group1;;Ranking gap: 0.080 | Attacco casa: 1.06/gara | Difesa trasferta subisce: 1.59/gara | Over25 casa ultime10: 0.30 | Over25 trasferta ultime10: 0.70;1.6;10.59;;;15.88;4.5;10.5;;;;2.0.plus1
2026-09-06;Italy_SerieA;Frosinone;Venezia;42.98;BASSA;3;2026-09-06;Italy_SerieA;Italy_SerieA;;Ranking gap: 0.024 | Attacco casa: 1.50/gara | Difesa trasferta subisce: 2.00/gara | Over25 casa ultime10: 0.50 | Over25 trasferta ultime10: 0.00;0.48;15.0;;;20.0;7.5;0.0;;;;2.0.plus1
2026-09-06;SouthKorea_KLeague1;Anyang;Gangwon;42.97;BASSA;27;2026-09-06;SouthKorea_KLeague1;SouthKorea_KLeague1;;Ranking gap: 0.134 | Attacco casa: 1.27/gara | Difesa trasferta subisce: 0.96/gara | Over25 casa ultime10: 0.60 | Over25 trasferta ultime10: 0.60;2.68;12.69;;;9.6;9.0;9.0;;;;2.0.plus1
2026-09-06;Slovakia_3Liga_West;Trencin B;Puchov;42.96;BASSA;5;2026-09-06;Slovakia_3Liga_West;Slovakia_3Liga_West;;Ranking gap: 0.023 | Attacco casa: 2.00/gara | Difesa trasferta subisce: 0.75/gara | Over25 casa ultime10: 0.50 | Over25 trasferta ultime10: 0.50;0.46;20.0;;;7.5;7.5;7.5;;;;2.0.plus1
2026-09-06;CzechRepublic_ChNL;Zizkov;Pribram;42.91;BASSA;7;2026-09-06;CzechRepublic_ChNL;CzechRepublic_ChNL;;Ranking gap: 0.104 | Attacco casa: 0.50/gara | Difesa trasferta subisce: 1.33/gara | Over25 casa ultime10: 0.67 | Over25 trasferta ultime10: 0.83;2.08;5.0;;;13.33;10.0;12.5;;;;2.0.plus1
2026-09-06;Lithuania_Toplyga;Transinvest;Suduva;42.88;BASSA;34;2026-09-06;Lithuania_Toplyga;Lithuania_Toplyga;;Ranking gap: 0.069 | Attacco casa: 1.63/gara | Difesa trasferta subisce: 0.72/gara | Over25 casa ultime10: 0.60 | Over25 trasferta ultime10: 0.60;1.38;16.3;;;7.2;9.0;9.0;;;;2.0.plus1
2026-09-06;Bulgaria_ParvaLiga;Lok. Plovdiv;Cherno More;42.86;BASSA;8;2026-09-06;Bulgaria_ParvaLiga;Bulgaria_ParvaLiga;;Ranking gap: 0.036 | Attacco casa: 0.43/gara | Difesa trasferta subisce: 2.29/gara | Over25 casa ultime10: 0.29 | Over25 trasferta ultime10: 0.71;0.72;4.29;;;22.86;4.29;10.71;;;;2.0.plus1
2026-09-06;USA_USLChampionship;Monterey Bay;Phoenix Rising;42.81;BASSA;33;2026-09-06;USA_USLChampionship;USA_USLChampionship;;Ranking gap: 0.112 | Attacco casa: 1.04/gara | Difesa trasferta subisce: 1.36/gara | Over25 casa ultime10: 0.50 | Over25 trasferta ultime10: 0.60;2.24;10.43;;;13.64;7.5;9.0;;;;2.0.plus1
2026-09-06;Sweden_Division1_Norra;Pitea;Karlbergs;42.79;BASSA;22;2026-09-06;Sweden_Division1_Norra;Sweden_Division1_Norra;;Ranking gap: 0.175 | Attacco casa: 1.11/gara | Difesa trasferta subisce: 1.47/gara | Over25 casa ultime10: 0.40 | Over25 trasferta ultime10: 0.50;3.5;11.05;;;14.74;6.0;7.5;;;;2.0.plus1
2026-09-06;Germany_Oberliga_Niederrhein;Sonsbeck;SSVg Velbert;42.62;BASSA;4;2026-09-06;Germany_Oberliga_Niederrhein;Germany_Oberliga_Niederrhein;;Ranking gap: 0.006 | Attacco casa: 1.00/gara | Difesa trasferta subisce: 2.50/gara | Over25 casa ultime10: 0.00 | Over25 trasferta ultime10: 0.50;0.12;10.0;;;25.0;0.0;7.5;;;;2.0.plus1
2026-09-06;Denmark_1stDivision;Aarhus Fremad;Kolding;42.47;BASSA;8;2026-09-06;Denmark_1stDivision;Denmark_1stDivision;;Ranking gap: 0.040 | Attacco casa: 1.17/gara | Difesa trasferta subisce: 1.50/gara | Over25 casa ultime10: 0.50 | Over25 trasferta ultime10: 0.50;0.8;11.67;;;15.0;7.5;7.5;;;;2.0.plus1
2026-09-06;Belarus_PershayaLiga;Orsha;Ostrovets;42.45;BASSA;25;2026-09-06;Belarus_PershayaLiga;Belarus_PershayaLiga;;Ranking gap: 0.025 | Attacco casa: 1.14/gara | Difesa trasferta subisce: 1.41/gara | Over25 casa ultime10: 0.80 | Over25 trasferta ultime10: 0.30;0.5;11.36;;;14.09;12.0;4.5;;;;2.0.plus1
2026-09-06;USA_MLS;Charlotte;Houston Dynamo;42.42;BASSA;26;2026-09-06;USA_MLS;USA_MLS;;Ranking gap: 0.017 | Attacco casa: 1.83/gara | Difesa trasferta subisce: 1.18/gara | Over25 casa ultime10: 0.60 | Over25 trasferta ultime10: 0.20;0.34;18.26;;;11.82;9.0;3.0;;;;2.0.plus1
2026-09-06;Russia_PremierLeague;Din. Mosca;Sp. Mosca;42.37;BASSA;7;2026-09-06;Russia_PremierLeague;Russia_PremierLeague;;Ranking gap: 0.035 | Attacco casa: 1.33/gara | Difesa trasferta subisce: 0.83/gara | Over25 casa ultime10: 0.67 | Over25 trasferta ultime10: 0.67;0.7;13.33;;;8.33;10.0;10.0;;;;2.0.plus1
2026-09-06;Portugal_LigaPortugal;Gil Vicente;Academico Viseu;42.15;BASSA;5;2026-09-06;Portugal_LigaPortugal;Portugal_LigaPortugal;;Ranking gap: 0.045 | Attacco casa: 1.00/gara | Difesa trasferta subisce: 2.00/gara | Over25 casa ultime10: 0.00 | Over25 trasferta ultime10: 0.75;0.9;10.0;;;20.0;0.0;11.25;;;;2.0.plus1
2026-09-06;Germany_Oberliga_Bremen;Grohn;Blumenthaler;42.03;BASSA;5;2026-09-06;Germany_Oberliga_Bremen;Germany_Oberliga_Bremen;;Ranking gap: 0.039 | Attacco casa: 1.25/gara | Difesa trasferta subisce: 1.00/gara | Over25 casa ultime10: 0.50 | Over25 trasferta ultime10: 0.75;0.78;12.5;;;10.0;7.5;11.25;;;;2.0.plus1
2026-09-06;USA_MLS;Real Salt Lake;Los Angeles FC;42.01;BASSA;26;2026-09-06;USA_MLS;USA_MLS;;Ranking gap: 0.041 | Attacco casa: 1.62/gara | Difesa trasferta subisce: 1.00/gara | Over25 casa ultime10: 0.60 | Over25 trasferta ultime10: 0.40;0.82;16.19;;;10.0;9.0;6.0;;;;2.0.plus1
2026-09-06;USA_USLChampionship;Indy Eleven;Birmingham Legion;41.84;BASSA;33;2026-09-06;USA_USLChampionship;USA_USLChampionship;;Ranking gap: 0.067 | Attacco casa: 1.20/gara | Difesa trasferta subisce: 1.50/gara | Over25 casa ultime10: 0.30 | Over25 trasferta ultime10: 0.60;1.34;12.0;;;15.0;4.5;9.0;;;;2.0.plus1
2026-09-06;Belarus_PershayaLiga;Smorgon;Slutsk;41.83;BASSA;25;2026-09-06;Belarus_PershayaLiga;Belarus_PershayaLiga;;Ranking gap: 0.303 | Attacco casa: 1.18/gara | Difesa trasferta subisce: 1.05/gara | Over25 casa ultime10: 0.30 | Over25 trasferta ultime10: 0.60;6.06;11.82;;;10.45;4.5;9.0;;;;2.0.plus1
2026-09-06;USA_MLS;Los Angeles Galaxy;New England Revolution;41.82;BASSA;26;2026-09-06;USA_MLS;USA_MLS;;Ranking gap: 0.091 | Attacco casa: 1.27/gara | Difesa trasferta subisce: 1.23/gara | Over25 casa ultime10: 0.40 | Over25 trasferta ultime10: 0.60;1.82;12.73;;;12.27;6.0;9.0;;;;2.0.plus1
2026-09-06;Germany_Regionalliga_Sudwest;VfR Mannheim;Homburg;41.75;BASSA;6;2026-09-06;Germany_Regionalliga_Sudwest;Germany_Regionalliga_Sudwest;;Ranking gap: 0.025 | Attacco casa: 0.75/gara | Difesa trasferta subisce: 1.50/gara | Over25 casa ultime10: 0.50 | Over25 trasferta ultime10: 0.75;0.5;7.5;;;15.0;7.5;11.25;;;;2.0.plus1
2026-09-06;Poland_IIILiga_Group4;Busko-Zdroj;Wislanie Skawina;41.42;BASSA;6;2026-09-06;Poland_IIILiga_Group4;Poland_IIILiga_Group4;;Ranking gap: 0.071 | Attacco casa: 1.40/gara | Difesa trasferta subisce: 0.80/gara | Over25 casa ultime10: 0.80 | Over25 trasferta ultime10: 0.40;1.42;14.0;;;8.0;12.0;6.0;;;;2.0.plus1
2026-09-06;Iceland_BestaDeildKarla;Thor Akureyri;Hafnarfjordur;41.32;BASSA;27;2026-09-06;Iceland_BestaDeildKarla;Iceland_BestaDeildKarla;;Ranking gap: 0.061 | Attacco casa: 1.00/gara | Difesa trasferta subisce: 1.81/gara | Over25 casa ultime10: 0.50 | Over25 trasferta ultime10: 0.30;1.22;10.0;;;18.1;7.5;4.5;;;;2.0.plus1
2026-09-06;Lithuania_Toplyga;Kauno Zalgiris;Dziugas Telsiai;41.29;BASSA;34;2026-09-06;Lithuania_Toplyga;Lithuania_Toplyga;;Ranking gap: 0.076 | Attacco casa: 1.92/gara | Difesa trasferta subisce: 1.16/gara | Over25 casa ultime10: 0.30 | Over25 trasferta ultime10: 0.30;1.52;19.17;;;11.6;4.5;4.5;;;;2.0.plus1
2026-09-06;USA_USLChampionship;Orange County SC;Sacramento Republic;41.17;BASSA;33;2026-09-06;USA_USLChampionship;USA_USLChampionship;;Ranking gap: 0.031 | Attacco casa: 1.50/gara | Difesa trasferta subisce: 0.90/gara | Over25 casa ultime10: 0.70 | Over25 trasferta ultime10: 0.40;0.62;15.0;;;9.05;10.5;6.0;;;;2.0.plus1
2026-09-06;Denmark_Superliga;Odense;FC Copenhagen;40.95;BASSA;8;2026-09-06;Denmark_Superliga;Denmark_Superliga;;Ranking gap: 0.089 | Attacco casa: 0.83/gara | Difesa trasferta subisce: 1.33/gara | Over25 casa ultime10: 0.33 | Over25 trasferta ultime10: 0.83;1.78;8.33;;;13.33;5.0;12.5;;;;2.0.plus1
2026-09-06;Portugal_LigaPortugal;Guimaraes;Casa Pia;40.56;BASSA;5;2026-09-06;Portugal_LigaPortugal;Portugal_LigaPortugal;;Ranking gap: 0.028 | Attacco casa: 0.75/gara | Difesa trasferta subisce: 2.75/gara | Over25 casa ultime10: 0.25 | Over25 trasferta ultime10: 0.25;0.56;7.5;;;25.0;3.75;3.75;;;;2.0.plus1
2026-09-06;Peru_Liga1_Clausura;Juan Pablo 2;A. Lima;40.51;BASSA;8;2026-09-06;Peru_Liga1_Clausura;Peru_Liga1_Clausura;;Ranking gap: 0.067 | Attacco casa: 1.83/gara | Difesa trasferta subisce: 0.83/gara | Over25 casa ultime10: 0.50 | Over25 trasferta ultime10: 0.33;1.34;18.33;;;8.33;7.5;5.0;;;;2.0.plus1
2026-09-06;Kazakhstan_PremierLeague;Altai;Kaisar;40.48;BASSA;35;2026-09-06;Kazakhstan_PremierLeague;Kazakhstan_PremierLeague;;Ranking gap: 0.059 | Attacco casa: 0.83/gara | Difesa trasferta subisce: 1.30/gara | Over25 casa ultime10: 0.70 | Over25 trasferta ultime10: 0.50;1.18;8.26;;;13.04;10.5;7.5;;;;2.0.plus1
2026-09-06;Spain_LaLiga2;Castellon;Albacete;40.42;BASSA;4;2026-09-06;Spain_LaLiga2;Spain_LaLiga2;;Ranking gap: 0.021 | Attacco casa: 1.00/gara | Difesa trasferta subisce: 1.50/gara | Over25 casa ultime10: 0.50 | Over25 trasferta ultime10: 0.50;0.42;10.0;;;15.0;7.5;7.5;;;;2.0.plus1
2026-09-06;Poland_Division2;Pruszkow;Hutnik Krakow;40.24;BASSA;7;2026-09-06;Poland_Division2;Poland_Division2;;Ranking gap: 0.012 | Attacco casa: 1.83/gara | Difesa trasferta subisce: 0.67/gara | Over25 casa ultime10: 0.50 | Over25 trasferta ultime10: 0.50;0.24;18.33;;;6.67;7.5;7.5;;;;2.0.plus1
2026-09-06;Italy_SerieC_GironeB;Grosseto;Torres;40.22;BASSA;3;2026-09-06;Italy_SerieC_GironeB;Italy_SerieC_GironeB;;Ranking gap: 0.011 | Attacco casa: 1.50/gara | Difesa trasferta subisce: 1.00/gara | Over25 casa ultime10: 0.50 | Over25 trasferta ultime10: 0.50;0.22;15.0;;;10.0;7.5;7.5;;;;2.0.plus1
2026-09-06;Sweden_Division2_NorraSvealand;Viggbyholms;Falu;40.03;BASSA;21;2026-09-06;Sweden_Division2_NorraSvealand;Sweden_Division2_NorraSvealand;;Ranking gap: 0.278 | Attacco casa: 0.89/gara | Difesa trasferta subisce: 1.05/gara | Over25 casa ultime10: 0.40 | Over25 trasferta ultime10: 0.60;5.56;8.95;;;10.53;6.0;9.0;;;;2.0.plus1
2026-09-06;Finland_Ykkosliiga;SJK Akatemia;JaPS;39.95;BASSA;25;2026-09-06;Finland_Ykkosliiga;Finland_Ykkosliiga;;Ranking gap: 0.517 | Attacco casa: 0.55/gara | Difesa trasferta subisce: 1.21/gara | Over25 casa ultime10: 0.40 | Over25 trasferta ultime10: 0.40;10.34;5.5;;;12.11;6.0;6.0;;;;2.0.plus1
2026-09-06;Bulgaria_VtoraLiga;Etar;CSKA Sofia 2;39.94;BASSA;7;2026-09-06;Bulgaria_VtoraLiga;Bulgaria_VtoraLiga;;Ranking gap: 0.047 | Attacco casa: 1.20/gara | Difesa trasferta subisce: 1.20/gara | Over25 casa ultime10: 0.60 | Over25 trasferta ultime10: 0.40;0.94;12.0;;;12.0;9.0;6.0;;;;2.0.plus1
2026-09-06;Mexico_LigaExpansionMX_Apertura;Piratas;Correcaminos;39.85;BASSA;7;2026-09-06;Mexico_LigaExpansionMX_Apertura;Mexico_LigaExpansionMX_Apertura;;Ranking gap: 0.076 | Attacco casa: 0.83/gara | Difesa trasferta subisce: 1.50/gara | Over25 casa ultime10: 0.17 | Over25 trasferta ultime10: 0.83;1.52;8.33;;;15.0;2.5;12.5;;;;2.0.plus1
2026-09-06;Germany_Regionalliga_Nord;Brema 2;Phonix Lubeck;39.55;BASSA;8;2026-09-06;Germany_Regionalliga_Nord;Germany_Regionalliga_Nord;;Ranking gap: 0.061 | Attacco casa: 1.17/gara | Difesa trasferta subisce: 0.67/gara | Over25 casa ultime10: 0.67 | Over25 trasferta ultime10: 0.67;1.22;11.67;;;6.67;10.0;10.0;;;;2.0.plus1
2026-09-06;Hungary_NBI;Zalaegerszeg;Puskas Academy;38.93;BASSA;8;2026-09-06;Hungary_NBI;Hungary_NBI;;Ranking gap: 0.119 | Attacco casa: 0.71/gara | Difesa trasferta subisce: 1.33/gara | Over25 casa ultime10: 0.57 | Over25 trasferta ultime10: 0.50;2.38;7.14;;;13.33;8.57;7.5;;;;2.0.plus1
2026-09-06;USA_USLChampionship;Las Vegas Lights;New Mexico;38.83;BASSA;33;2026-09-06;USA_USLChampionship;USA_USLChampionship;;Ranking gap: 0.130 | Attacco casa: 1.27/gara | Difesa trasferta subisce: 1.00/gara | Over25 casa ultime10: 0.40 | Over25 trasferta ultime10: 0.50;2.6;12.73;;;10.0;6.0;7.5;;;;2.0.plus1
2026-09-06;Peru_Liga2;Union Comercio;U. San Martin;38.59;BASSA;6;2026-09-06;Peru_Liga2;Peru_Liga2;;Ranking gap: 0.013 | Attacco casa: 1.00/gara | Difesa trasferta subisce: 1.33/gara | Over25 casa ultime10: 0.33 | Over25 trasferta ultime10: 0.67;0.26;10.0;;;13.33;5.0;10.0;;;;2.0.plus1
2026-09-06;Poland_Division1;Arka;LKS Lodz;38.57;BASSA;7;2026-09-06;Poland_Division1;Poland_Division1;;Ranking gap: 0.012 | Attacco casa: 1.50/gara | Difesa trasferta subisce: 0.83/gara | Over25 casa ultime10: 0.33 | Over25 trasferta ultime10: 0.67;0.24;15.0;;;8.33;5.0;10.0;;;;2.0.plus1
2026-09-06;Portugal_LigaPortugal;Santa Clara;Rio Ave;38.38;BASSA;5;2026-09-06;Portugal_LigaPortugal;Portugal_LigaPortugal;;Ranking gap: 0.044 | Attacco casa: 1.25/gara | Difesa trasferta subisce: 1.75/gara | Over25 casa ultime10: 0.25 | Over25 trasferta ultime10: 0.25;0.88;12.5;;;17.5;3.75;3.75;;;;2.0.plus1
2026-09-06;Mexico_LigaMX_Apertura;Atl. San Luis;Guadalajara;38.19;BASSA;7;2026-09-06;Mexico_LigaMX_Apertura;Mexico_LigaMX_Apertura;;Ranking gap: 0.118 | Attacco casa: 1.33/gara | Difesa trasferta subisce: 1.00/gara | Over25 casa ultime10: 0.67 | Over25 trasferta ultime10: 0.17;2.36;13.33;;;10.0;10.0;2.5;;;;2.0.plus1
2026-09-06;Belarus_VysshayaLiga;Baranovici;Dnepr Mogilev;37.73;BASSA;24;2026-09-06;Belarus_VysshayaLiga;Belarus_VysshayaLiga;;Ranking gap: 0.084 | Attacco casa: 1.11/gara | Difesa trasferta subisce: 1.45/gara | Over25 casa ultime10: 0.40 | Over25 trasferta ultime10: 0.30;1.68;11.05;;;14.5;6.0;4.5;;;;2.0.plus1
2026-09-06;USA_USLChampionship;Miami FC;Pittsburgh;37.48;BASSA;33;2026-09-06;USA_USLChampionship;USA_USLChampionship;;Ranking gap: 0.131 | Attacco casa: 1.14/gara | Difesa trasferta subisce: 1.00/gara | Over25 casa ultime10: 0.50 | Over25 trasferta ultime10: 0.40;2.62;11.36;;;10.0;7.5;6.0;;;;2.0.plus1
2026-09-06;Slovakia_NikeLiga;Ruzomberok;Trnava;37.36;BASSA;7;2026-09-06;Slovakia_NikeLiga;Slovakia_NikeLiga;;Ranking gap: 0.118 | Attacco casa: 0.67/gara | Difesa trasferta subisce: 0.83/gara | Over25 casa ultime10: 0.67 | Over25 trasferta ultime10: 0.67;2.36;6.67;;;8.33;10.0;10.0;;;;2.0.plus1
2026-09-06;Germany_Oberliga_Niedersachsen;Vorsfelde;BSV Rehden;37.13;BASSA;5;2026-09-06;Germany_Oberliga_Niedersachsen;Germany_Oberliga_Niedersachsen;;Ranking gap: 0.044 | Attacco casa: 0.75/gara | Difesa trasferta subisce: 1.00/gara | Over25 casa ultime10: 0.50 | Over25 trasferta ultime10: 0.75;0.88;7.5;;;10.0;7.5;11.25;;;;2.0.plus1
2026-09-06;SouthKorea_KLeague2;Gimpo FC;Seongnam;37.13;BASSA;25;2026-09-06;SouthKorea_KLeague2;SouthKorea_KLeague2;;Ranking gap: 0.052 | Attacco casa: 1.23/gara | Difesa trasferta subisce: 1.18/gara | Over25 casa ultime10: 0.40 | Over25 trasferta ultime10: 0.40;1.04;12.27;;;11.82;6.0;6.0;;;;2.0.plus1
2026-09-06;Iceland_1DeildWomen;Keflavik Women;Fjardab/Hottur/Leiknir;37.03;BASSA;20;2026-09-06;Iceland_1DeildWomen;Iceland_1DeildWomen;;Ranking gap: 0.183 | Attacco casa: 1.00/gara | Difesa trasferta subisce: 1.44/gara | Over25 casa ultime10: 0.00 | Over25 trasferta ultime10: 0.60;3.66;10.0;;;14.37;0.0;9.0;;;;2.0.plus1
2026-09-06;Germany_Oberliga_BadenWurttemberg;Neckarsulm;Ravensburg;36.85;BASSA;6;2026-09-06;Germany_Oberliga_BadenWurttemberg;Germany_Oberliga_BadenWurttemberg;;Ranking gap: 0.030 | Attacco casa: 0.75/gara | Difesa trasferta subisce: 1.00/gara | Over25 casa ultime10: 0.75 | Over25 trasferta ultime10: 0.50;0.6;7.5;;;10.0;11.25;7.5;;;;2.0.plus1
2026-09-06;Armenia_PremierLeague;BKMA;Urartu;36.54;BASSA;8;2026-09-06;Armenia_PremierLeague;Armenia_PremierLeague;;Ranking gap: 0.027 | Attacco casa: 0.80/gara | Difesa trasferta subisce: 1.00/gara | Over25 casa ultime10: 0.60 | Over25 trasferta ultime10: 0.60;0.54;8.0;;;10.0;9.0;9.0;;;;2.0.plus1
2026-09-06;Netherlands_Eredivisie;Heerenveen;Alkmaar;36.08;BASSA;5;2026-09-06;Netherlands_Eredivisie;Netherlands_Eredivisie;;Ranking gap: 0.054 | Attacco casa: 1.25/gara | Difesa trasferta subisce: 0.75/gara | Over25 casa ultime10: 0.50 | Over25 trasferta ultime10: 0.50;1.08;12.5;;;7.5;7.5;7.5;;;;2.0.plus1
2026-09-06;Bulgaria_ParvaLiga;Lok. Sofia;Ludogorets;35.64;BASSA;8;2026-09-06;Bulgaria_ParvaLiga;Bulgaria_ParvaLiga;;Ranking gap: 0.127 | Attacco casa: 1.17/gara | Difesa trasferta subisce: 0.71/gara | Over25 casa ultime10: 0.67 | Over25 trasferta ultime10: 0.29;2.54;11.67;;;7.14;10.0;4.29;;;;2.0.plus1
2026-09-06;Spain_LaLiga;Malaga;Levante;35.6;BASSA;6;2026-09-06;Spain_LaLiga;Spain_LaLiga;;Ranking gap: 0.030 | Attacco casa: 0.33/gara | Difesa trasferta subisce: 1.67/gara | Over25 casa ultime10: 0.33 | Over25 trasferta ultime10: 0.67;0.6;3.33;;;16.67;5.0;10.0;;;;2.0.plus1
2026-09-06;Mexico_LigaExpansionMX_Apertura;Cancun;Cruz Azul Hidalgo;35.55;BASSA;7;2026-09-06;Mexico_LigaExpansionMX_Apertura;Mexico_LigaExpansionMX_Apertura;;Ranking gap: 0.019 | Attacco casa: 1.00/gara | Difesa trasferta subisce: 1.17/gara | Over25 casa ultime10: 0.40 | Over25 trasferta ultime10: 0.50;0.38;10.0;;;11.67;6.0;7.5;;;;2.0.plus1
2026-09-06;Slovenia_PrvaLiga;Celje;Koper;35.53;BASSA;9;2026-09-06;Slovenia_PrvaLiga;Slovenia_PrvaLiga;;Ranking gap: 0.013 | Attacco casa: 1.86/gara | Difesa trasferta subisce: 0.62/gara | Over25 casa ultime10: 0.57 | Over25 trasferta ultime10: 0.12;0.26;18.57;;;6.25;8.57;1.88;;;;2.0.plus1
2026-09-06;Turkey_SuperLig;Trabzonspor;Genclerbirligi;35.5;BASSA;4;2026-09-06;Turkey_SuperLig;Turkey_SuperLig;;Ranking gap: 0.025 | Attacco casa: 1.33/gara | Difesa trasferta subisce: 0.67/gara | Over25 casa ultime10: 0.67 | Over25 trasferta ultime10: 0.33;0.5;13.33;;;6.67;10.0;5.0;;;;2.0.plus1
2026-09-06;Poland_IIILiga_Group4;Wisloka Debica;Biala Podlaska;35.42;BASSA;6;2026-09-06;Poland_IIILiga_Group4;Poland_IIILiga_Group4;;Ranking gap: 0.021 | Attacco casa: 1.20/gara | Difesa trasferta subisce: 0.80/gara | Over25 casa ultime10: 0.80 | Over25 trasferta ultime10: 0.20;0.42;12.0;;;8.0;12.0;3.0;;;;2.0.plus1
2026-09-06;USA_USLChampionship;Detroit;Hartford Athletic;35.2;BASSA;33;2026-09-06;USA_USLChampionship;USA_USLChampionship;;Ranking gap: 0.092 | Attacco casa: 1.29/gara | Difesa trasferta subisce: 1.00/gara | Over25 casa ultime10: 0.30 | Over25 trasferta ultime10: 0.40;1.84;12.86;;;10.0;4.5;6.0;;;;2.0.plus1
2026-09-06;Austria_Burgenland;Lackenbach;Bad Sauerbrunn;35.19;BASSA;5;2026-09-06;Austria_Burgenland;Austria_Burgenland;;Ranking gap: 0.072 | Attacco casa: 0.25/gara | Difesa trasferta subisce: 1.25/gara | Over25 casa ultime10: 0.25 | Over25 trasferta ultime10: 1.00;1.44;2.5;;;12.5;3.75;15.0;;;;2.0.plus1
2026-09-06;Italy_SerieB;Juve Stabia;Pisa;35.02;BASSA;3;2026-09-06;Italy_SerieB;Italy_SerieB;;Ranking gap: 0.001 | Attacco casa: 1.00/gara | Difesa trasferta subisce: 1.00/gara | Over25 casa ultime10: 0.50 | Over25 trasferta ultime10: 0.50;0.02;10.0;;;10.0;7.5;7.5;;;;2.0.plus1
2026-09-06;Kazakhstan_PremierLeague;Tobol;Ulytau;34.76;BASSA;35;2026-09-06;Kazakhstan_PremierLeague;Kazakhstan_PremierLeague;;Ranking gap: 0.073 | Attacco casa: 1.13/gara | Difesa trasferta subisce: 1.00/gara | Over25 casa ultime10: 0.40 | Over25 trasferta ultime10: 0.40;1.46;11.3;;;10.0;6.0;6.0;;;;2.0.plus1
2026-09-06;Turkey_1Lig;Muglaspor;Vanspor FK;34.66;BASSA;6;2026-09-06;Turkey_1Lig;Turkey_1Lig;;Ranking gap: 0.033 | Attacco casa: 0.60/gara | Difesa trasferta subisce: 2.20/gara | Over25 casa ultime10: 0.00 | Over25 trasferta ultime10: 0.40;0.66;6.0;;;22.0;0.0;6.0;;;;2.0.plus1
2026-09-06;Hungary_NBII;Csakvari;Szeged;34.51;BASSA;7;2026-09-06;Hungary_NBII;Hungary_NBII;;Ranking gap: 0.038 | Attacco casa: 1.00/gara | Difesa trasferta subisce: 1.00/gara | Over25 casa ultime10: 0.67 | Over25 trasferta ultime10: 0.25;0.76;10.0;;;10.0;10.0;3.75;;;;2.0.plus1
2026-09-06;CzechRepublic_3CFL_GroupA;Povltavska FA;Sparta Praga B;34.33;BASSA;5;2026-09-06;CzechRepublic_3CFL_GroupA;CzechRepublic_3CFL_GroupA;CzechRepublic_3rdTier;Ranking gap: 0.050 | Attacco casa: 0.33/gara | Difesa trasferta subisce: 1.00/gara | Over25 casa ultime10: 0.67 | Over25 trasferta ultime10: 0.67;1.0;3.33;;;10.0;10.0;10.0;;;;2.0.plus1
2026-09-06;Slovakia_3Liga_West;Velke Ludince;Nitra;34.04;BASSA;5;2026-09-06;Slovakia_3Liga_West;Slovakia_3Liga_West;;Ranking gap: 0.077 | Attacco casa: 1.00/gara | Difesa trasferta subisce: 0.75/gara | Over25 casa ultime10: 0.50 | Over25 trasferta ultime10: 0.50;1.54;10.0;;;7.5;7.5;7.5;;;;2.0.plus1
2026-09-06;Poland_Division1;Pogon Siedlce;Puszcza;33.99;BASSA;7;2026-09-06;Poland_Division1;Poland_Division1;;Ranking gap: 0.033 | Attacco casa: 1.17/gara | Difesa trasferta subisce: 1.17/gara | Over25 casa ultime10: 0.33 | Over25 trasferta ultime10: 0.33;0.66;11.67;;;11.67;5.0;5.0;;;;2.0.plus1
2026-09-06;Belgium_JupilerProLeague;Cercle Brugge;Gent;33.86;BASSA;8;2026-09-06;Belgium_JupilerProLeague;Belgium_JupilerProLeague;;Ranking gap: 0.068 | Attacco casa: 1.25/gara | Difesa trasferta subisce: 0.50/gara | Over25 casa ultime10: 0.50 | Over25 trasferta ultime10: 0.50;1.36;12.5;;;5.0;7.5;7.5;;;;2.0.plus1
2026-09-06;Belgium_JupilerProLeague;Kortrijk;Waregem;33.82;BASSA;8;2026-09-06;Belgium_JupilerProLeague;Belgium_JupilerProLeague;;Ranking gap: 0.066 | Attacco casa: 0.25/gara | Difesa trasferta subisce: 0.75/gara | Over25 casa ultime10: 0.75 | Over25 trasferta ultime10: 0.75;1.32;2.5;;;7.5;11.25;11.25;;;;2.0.plus1
2026-09-06;CzechRepublic_4Liga_GroupA;Domazlice B;Taborsko akademie;33.82;BASSA;5;2026-09-06;CzechRepublic_4Liga_GroupA;CzechRepublic_4Liga_GroupA;CzechRepublic_4Liga;Ranking gap: 0.066 | Attacco casa: 1.00/gara | Difesa trasferta subisce: 0.75/gara | Over25 casa ultime10: 0.50 | Over25 trasferta ultime10: 0.50;1.32;10.0;;;7.5;7.5;7.5;;;;2.0.plus1
2026-09-06;Portugal_Liga3_SerieA;S. Joao Ver;AD Marco 09;33.73;BASSA;4;2026-09-06;Portugal_Liga3_SerieA;Portugal_Liga3_SerieA;Portugal_Liga3;Ranking gap: 0.103 | Attacco casa: 0.67/gara | Difesa trasferta subisce: 1.00/gara | Over25 casa ultime10: 0.33 | Over25 trasferta ultime10: 0.67;2.06;6.67;;;10.0;5.0;10.0;;;;2.0.plus1
2026-09-06;Germany_3Liga;Fortuna Colonia;Dusseldorf;33.59;BASSA;4;2026-09-06;Germany_3Liga;Germany_3Liga;;Ranking gap: 0.013 | Attacco casa: 1.00/gara | Difesa trasferta subisce: 1.33/gara | Over25 casa ultime10: 0.33 | Over25 trasferta ultime10: 0.33;0.26;10.0;;;13.33;5.0;5.0;;;;2.0.plus1
2026-09-06;Germany_Oberliga_Westfalen;Erkenschwick;Westfalia Kinderhaus;32.86;BASSA;5;2026-09-06;Germany_Oberliga_Westfalen;Germany_Oberliga_Westfalen;;Ranking gap: 0.018 | Attacco casa: 1.00/gara | Difesa trasferta subisce: 1.50/gara | Over25 casa ultime10: 0.00 | Over25 trasferta ultime10: 0.50;0.36;10.0;;;15.0;0.0;7.5;;;;2.0.plus1
2026-09-06;USA_USLChampionship;San Antonio;FC Tulsa;32.67;BASSA;33;2026-09-06;USA_USLChampionship;USA_USLChampionship;;Ranking gap: 0.020 | Attacco casa: 1.27/gara | Difesa trasferta subisce: 0.90/gara | Over25 casa ultime10: 0.50 | Over25 trasferta ultime10: 0.20;0.4;12.73;;;9.05;7.5;3.0;;;;2.0.plus1
2026-09-06;Portugal_LigaPortugal2;Leiria;Portimonense;32.62;BASSA;5;2026-09-06;Portugal_LigaPortugal2;Portugal_LigaPortugal2;;Ranking gap: 0.006 | Attacco casa: 1.75/gara | Difesa trasferta subisce: 0.75/gara | Over25 casa ultime10: 0.50 | Over25 trasferta ultime10: 0.00;0.12;17.5;;;7.5;7.5;0.0;;;;2.0.plus1
2026-09-06;Belarus_VysshayaLiga;Belshina;Neman;32.33;BASSA;24;2026-09-06;Belarus_VysshayaLiga;Belarus_VysshayaLiga;;Ranking gap: 0.197 | Attacco casa: 0.89/gara | Difesa trasferta subisce: 0.89/gara | Over25 casa ultime10: 0.30 | Over25 trasferta ultime10: 0.40;3.94;8.95;;;8.95;4.5;6.0;;;;2.0.plus1
2026-09-06;Spain_LaLiga2;Oviedo;Burgos CF;31.79;BASSA;4;2026-09-06;Spain_LaLiga2;Spain_LaLiga2;;Ranking gap: 0.006 | Attacco casa: 0.50/gara | Difesa trasferta subisce: 1.67/gara | Over25 casa ultime10: 0.00 | Over25 trasferta ultime10: 0.67;0.12;5.0;;;16.67;0.0;10.0;;;;2.0.plus1
2026-09-06;Azerbaijan_PremierLeague;Turan;Sumqayit;31.63;BASSA;4;2026-09-06;Azerbaijan_PremierLeague;Azerbaijan_PremierLeague;;Ranking gap: 0.040 | Attacco casa: 0.33/gara | Difesa trasferta subisce: 2.00/gara | Over25 casa ultime10: 0.00 | Over25 trasferta ultime10: 0.50;0.8;3.33;;;20.0;0.0;7.5;;;;2.0.plus1
2026-09-06;Germany_Regionalliga_West;Hilden;Oberhausen;31.38;BASSA;7;2026-09-06;Germany_Regionalliga_West;Germany_Regionalliga_West;;Ranking gap: 0.069 | Attacco casa: 0.67/gara | Difesa trasferta subisce: 0.83/gara | Over25 casa ultime10: 0.17 | Over25 trasferta ultime10: 0.83;1.38;6.67;;;8.33;2.5;12.5;;;;2.0.plus1
2026-09-06;Bulgaria_VtoraLiga;Yantra Gabrovo;Marek;31.22;BASSA;7;2026-09-06;Bulgaria_VtoraLiga;Bulgaria_VtoraLiga;;Ranking gap: 0.061 | Attacco casa: 1.60/gara | Difesa trasferta subisce: 0.80/gara | Over25 casa ultime10: 0.20 | Over25 trasferta ultime10: 0.20;1.22;16.0;;;8.0;3.0;3.0;;;;2.0.plus1
2026-09-06;Turkey_SuperLig;Kasimpasa;Amedspor;30.54;BASSA;4;2026-09-06;Turkey_SuperLig;Turkey_SuperLig;;Ranking gap: 0.027 | Attacco casa: 1.00/gara | Difesa trasferta subisce: 1.00/gara | Over25 casa ultime10: 0.00 | Over25 trasferta ultime10: 0.67;0.54;10.0;;;10.0;0.0;10.0;;;;2.0.plus1
2026-09-06;Italy_SerieA;Bologna;Sassuolo;30.34;BASSA;3;2026-09-06;Italy_SerieA;Italy_SerieA;;Ranking gap: 0.017 | Attacco casa: 0.00/gara | Difesa trasferta subisce: 1.50/gara | Over25 casa ultime10: 0.00 | Over25 trasferta ultime10: 1.00;0.34;0.0;;;15.0;0.0;15.0;;;;2.0.plus1
2026-09-06;Spain_LaLiga;Valencia;Barcellona;30.19;BASSA;6;2026-09-06;Spain_LaLiga;Spain_LaLiga;;Ranking gap: 0.051 | Attacco casa: 0.50/gara | Difesa trasferta subisce: 0.67/gara | Over25 casa ultime10: 0.50 | Over25 trasferta ultime10: 0.67;1.02;5.0;;;6.67;7.5;10.0;;;;2.0.plus1
2026-09-06;Spain_LaLiga;Alaves;Osasuna;30.04;BASSA;6;2026-09-06;Spain_LaLiga;Spain_LaLiga;;Ranking gap: 0.002 | Attacco casa: 1.67/gara | Difesa trasferta subisce: 0.33/gara | Over25 casa ultime10: 0.33 | Over25 trasferta ultime10: 0.33;0.04;16.67;;;3.33;5.0;5.0;;;;2.0.plus1
2026-09-06;Germany_Oberliga_Bremen;Schwachhausen;Bremen I2;28.75;BASSA;5;2026-09-06;Germany_Oberliga_Bremen;Germany_Oberliga_Bremen;;Ranking gap: 0.000 | Attacco casa: 1.75/gara | Difesa trasferta subisce: 0.00/gara | Over25 casa ultime10: 0.75 | Over25 trasferta ultime10: 0.00;0.0;17.5;;;0.0;11.25;0.0;;;;2.0.plus1
2026-09-06;Portugal_LigaPortugal2;Leixoes;Amarante;27.76;BASSA;5;2026-09-06;Portugal_LigaPortugal2;Portugal_LigaPortugal2;;Ranking gap: 0.013 | Attacco casa: 1.25/gara | Difesa trasferta subisce: 0.75/gara | Over25 casa ultime10: 0.25 | Over25 trasferta ultime10: 0.25;0.26;12.5;;;7.5;3.75;3.75;;;;2.0.plus1
2026-09-06;Italy_SerieA;Juventus;Milan;27.52;BASSA;3;2026-09-06;Italy_SerieA;Italy_SerieA;;Ranking gap: 0.001 | Attacco casa: 1.50/gara | Difesa trasferta subisce: 0.50/gara | Over25 casa ultime10: 0.00 | Over25 trasferta ultime10: 0.50;0.02;15.0;;;5.0;0.0;7.5;;;;2.0.plus1
2026-09-06;Germany_3Liga;Grossaspach;Hoffenheim 2;27.37;BASSA;4;2026-09-06;Germany_3Liga;Germany_3Liga;;Ranking gap: 0.035 | Attacco casa: 0.33/gara | Difesa trasferta subisce: 1.33/gara | Over25 casa ultime10: 0.00 | Over25 trasferta ultime10: 0.67;0.7;3.33;;;13.33;0.0;10.0;;;;2.0.plus1
2026-09-06;Portugal_Liga3_SerieA;Leca;Fafe;27.25;BASSA;4;2026-09-06;Portugal_Liga3_SerieA;Portugal_Liga3_SerieA;Portugal_Liga3;Ranking gap: 0.029 | Attacco casa: 1.00/gara | Difesa trasferta subisce: 0.67/gara | Over25 casa ultime10: 0.33 | Over25 trasferta ultime10: 0.33;0.58;10.0;;;6.67;5.0;5.0;;;;2.0.plus1
2026-09-06;Romania_Superliga;Petrolul;Corvinul;26.87;BASSA;8;2026-09-06;Romania_Superliga;Romania_Superliga;;Ranking gap: 0.022 | Attacco casa: 1.00/gara | Difesa trasferta subisce: 0.57/gara | Over25 casa ultime10: 0.43 | Over25 trasferta ultime10: 0.29;0.44;10.0;;;5.71;6.43;4.29;;;;2.0.plus1
2026-09-06;Romania_Superliga;Otelul;Rapid Bucarest;26.02;BASSA;8;2026-09-06;Romania_Superliga;Romania_Superliga;;Ranking gap: 0.075 | Attacco casa: 1.17/gara | Difesa trasferta subisce: 0.57/gara | Over25 casa ultime10: 0.33 | Over25 trasferta ultime10: 0.14;1.5;11.67;;;5.71;5.0;2.14;;;;2.0.plus1
2026-09-06;Portugal_LigaPortugal2;Vizela;Felgueiras;25.3;BASSA;5;2026-09-06;Portugal_LigaPortugal2;Portugal_LigaPortugal2;;Ranking gap: 0.015 | Attacco casa: 1.00/gara | Difesa trasferta subisce: 0.75/gara | Over25 casa ultime10: 0.25 | Over25 trasferta ultime10: 0.25;0.3;10.0;;;7.5;3.75;3.75;;;;2.0.plus1
2026-09-06;Wales_CymruNorth;Gresford;Mold Alexandra;23.9;BASSA;6;2026-09-06;Wales_CymruNorth;Wales_CymruNorth;Wales_CymruTier2;Ranking gap: 0.095 | Attacco casa: 0.00/gara | Difesa trasferta subisce: 0.80/gara | Over25 casa ultime10: 0.33 | Over25 trasferta ultime10: 0.60;1.9;0.0;;;8.0;5.0;9.0;;;;2.0.plus1
2026-09-06;Peru_Liga1_Clausura;Deportivo Garcilaso;Grau;23.84;BASSA;8;2026-09-06;Peru_Liga1_Clausura;Peru_Liga1_Clausura;;Ranking gap: 0.067 | Attacco casa: 1.00/gara | Difesa trasferta subisce: 0.50/gara | Over25 casa ultime10: 0.17 | Over25 trasferta ultime10: 0.33;1.34;10.0;;;5.0;2.5;5.0;;;;2.0.plus1
2026-09-06;Spain_LaLiga2;Eibar;Granada;23.49;BASSA;4;2026-09-06;Spain_LaLiga2;Spain_LaLiga2;;Ranking gap: 0.008 | Attacco casa: 1.00/gara | Difesa trasferta subisce: 0.33/gara | Over25 casa ultime10: 0.33 | Over25 trasferta ultime10: 0.33;0.16;10.0;;;3.33;5.0;5.0;;;;2.0.plus1
2026-09-06;CzechRepublic_1Liga;Jablonec;Liberec;22.9;BASSA;8;2026-09-06;CzechRepublic_1Liga;CzechRepublic_1Liga;;Ranking gap: 0.020 | Attacco casa: 1.20/gara | Difesa trasferta subisce: 0.50/gara | Over25 casa ultime10: 0.20 | Over25 trasferta ultime10: 0.17;0.4;12.0;;;5.0;3.0;2.5;;;;2.0.plus1
2026-09-06;Italy_SerieC_GironeB;Sambenedettese;Spezia;22.84;BASSA;3;2026-09-06;Italy_SerieC_GironeB;Italy_SerieC_GironeB;;Ranking gap: 0.017 | Attacco casa: 1.00/gara | Difesa trasferta subisce: 0.50/gara | Over25 casa ultime10: 0.50 | Over25 trasferta ultime10: 0.00;0.34;10.0;;;5.0;7.5;0.0;;;;2.0.plus1
2026-09-06;Italy_SerieC_GironeB;Perugia;Pineto;22.78;BASSA;3;2026-09-06;Italy_SerieC_GironeB;Italy_SerieC_GironeB;;Ranking gap: 0.014 | Attacco casa: 1.50/gara | Difesa trasferta subisce: 0.00/gara | Over25 casa ultime10: 0.50 | Over25 trasferta ultime10: 0.00;0.28;15.0;;;0.0;7.5;0.0;;;;2.0.plus1
2026-09-06;Bulgaria_VtoraLiga;Dobrudzha;Beroe;22.08;BASSA;7;2026-09-06;Bulgaria_VtoraLiga;Bulgaria_VtoraLiga;;Ranking gap: 0.054 | Attacco casa: 0.40/gara | Difesa trasferta subisce: 0.80/gara | Over25 casa ultime10: 0.20 | Over25 trasferta ultime10: 0.40;1.08;4.0;;;8.0;3.0;6.0;;;;2.0.plus1
2026-09-06;Spain_LaLiga2;Almeria;Cadice;20.04;BASSA;4;2026-09-06;Spain_LaLiga2;Spain_LaLiga2;;Ranking gap: 0.002 | Attacco casa: 1.00/gara | Difesa trasferta subisce: 0.50/gara | Over25 casa ultime10: 0.33 | Over25 trasferta ultime10: 0.00;0.04;10.0;;;5.0;5.0;0.0;;;;2.0.plus1
2026-09-06;Belgium_ChallengerProLeague;Francs Borains;Sporting Lokeren;15.28;BASSA;4;2026-09-06;Belgium_ChallengerProLeague;Belgium_ChallengerProLeague;;Ranking gap: 0.014 | Attacco casa: 1.00/gara | Difesa trasferta subisce: 0.00/gara | Over25 casa ultime10: 0.33 | Over25 trasferta ultime10: 0.00;0.28;10.0;;;0.0;5.0;0.0;;;;2.0.plus1
2026-09-06;Romania_Liga2;CSM Satu Mare;Politehnica Timisoara;15.16;BASSA;6;2026-09-06;Romania_Liga2;Romania_Liga2;;Ranking gap: 0.158 | Attacco casa: 0.20/gara | Difesa trasferta subisce: 0.40/gara | Over25 casa ultime10: 0.00 | Over25 trasferta ultime10: 0.40;3.16;2.0;;;4.0;0.0;6.0;;;;2.0.plus1
2026-09-06;CzechRepublic_3CFL_GroupB;Caslav;Benatky;11.97;BASSA;5;2026-09-06;CzechRepublic_3CFL_GroupB;CzechRepublic_3CFL_GroupB;CzechRepublic_3rdTier;Ranking gap: 0.015 | Attacco casa: 0.00/gara | Difesa trasferta subisce: 0.67/gara | Over25 casa ultime10: 0.33 | Over25 trasferta ultime10: 0.00;0.3;0.0;;;6.67;5.0;0.0;;;;2.0.plus1
