MatchDate;LeagueId;Home;Away;Score;Band;Round;PredictionDate;HomeSourceLeagueId;AwaySourceLeagueId;CompetitionGroup;Reason;RankingGapScore;HomeAttackScore;AwayAttackScore;HomeDefenseWeaknessScore;AwayDefenseWeaknessScore;HomeLast10OverScore;AwayLast10OverScore;HomeVenueOverScore;AwayVenueOverScore;BTTSProfileScore;AlgorithmVersion
2026-10-10;Austria_Salzburg;Neumarkt;TSU Bramberg;97.21;ALTA;13;2026-10-10;Austria_Salzburg;Austria_Salzburg;;PRO: attacco casa positivo | attacco trasferta positivo | difesa trasferta vulnerabile | difesa casa vulnerabile | trend over recente casa | trend over recente trasferta | profilo over interno positivo | profilo over esterno positivo | alta tendenza BTTS || CONTRO: v22 monitora possibile sopravvalutazione weak_ga;3.2;12.41;13.0;8.0;10.0;9.6;12.0;10.0;10.0;9.0;2.3.0
2026-10-10;CzechRepublic_4Liga_GroupB;Psary;Brandys n. Labem;96.8;ALTA;11;2026-10-10;CzechRepublic_4Liga_GroupB;CzechRepublic_4Liga_GroupB;CzechRepublic_4Liga;PRO: attacco casa positivo | attacco trasferta positivo | difesa trasferta vulnerabile | difesa casa vulnerabile | trend over recente casa | trend over recente trasferta | profilo over interno positivo | profilo over esterno positivo | alta tendenza BTTS || CONTRO: v22 monitora possibile sopravvalutazione weak_ga;2.8;13.0;13.0;8.0;10.0;10.67;10.67;10.0;8.0;10.67;2.3.0
2026-10-10;Norway_3rdDivision_Group1;Vaalerenga IF 2;Frigg;94.55;ALTA;28;2026-10-10;Norway_3rdDivision_Group1;Norway_3rdDivision_Group1;;PRO: attacco casa positivo | attacco trasferta positivo | difesa trasferta vulnerabile | difesa casa vulnerabile | trend over recente casa | trend over recente trasferta | profilo over interno positivo | profilo over esterno positivo | alta tendenza BTTS || CONTRO: v22 monitora possibile sopravvalutazione weak_ga;1.85;13.0;13.0;8.0;9.74;10.8;8.4;9.09;10.0;10.67;2.3.0
2026-10-10;Austria_2Liga;Liefering;Sturm Graz 2;94.27;ALTA;8;2026-10-10;Austria_2Liga;Austria_2Liga;;PRO: attacco casa positivo | attacco trasferta positivo | difesa trasferta vulnerabile | difesa casa vulnerabile | trend over recente casa | trend over recente trasferta | profilo over interno positivo | profilo over esterno positivo | alta tendenza BTTS || CONTRO: v22 monitora possibile sopravvalutazione weak_ga;0.8;11.82;13.0;7.79;10.0;12.0;10.29;10.0;10.0;8.57;2.3.0
2026-10-10;CzechRepublic_4Liga_GroupB;Steti;Karlovy Vary;93.39;ALTA;11;2026-10-10;CzechRepublic_4Liga_GroupB;CzechRepublic_4Liga_GroupB;CzechRepublic_4Liga;PRO: attacco casa positivo | attacco trasferta positivo | difesa trasferta vulnerabile | difesa casa vulnerabile | trend over recente casa | trend over recente trasferta | profilo over interno positivo | profilo over esterno positivo | alta tendenza BTTS || CONTRO: v22 monitora possibile sopravvalutazione weak_ga;2.8;13.0;13.0;8.0;9.09;10.67;9.33;10.0;7.5;10.0;2.3.0
2026-10-10;Norway_3rdDivision_Group1;Ullern;Grei;92.62;ALTA;28;2026-10-10;Norway_3rdDivision_Group1;Norway_3rdDivision_Group1;;PRO: attacco casa positivo | attacco trasferta positivo | difesa trasferta vulnerabile | difesa casa vulnerabile | trend over recente casa | trend over recente trasferta | profilo over interno positivo | profilo over esterno positivo | alta tendenza BTTS || CONTRO: v22 monitora possibile sopravvalutazione weak_ga;1.85;11.56;10.53;8.0;10.0;12.0;9.6;10.0;9.17;9.91;2.3.0
2026-10-10;Andorra_PrimeraDivisio;Ordino;Inter Escaldes;91.76;IMM-ALTA-6;4;2026-10-10;Andorra_PrimeraDivisio;Andorra_PrimeraDivisio;;PRO: attacco casa positivo | attacco trasferta positivo | difesa trasferta vulnerabile | difesa casa vulnerabile | trend over recente casa | trend over recente trasferta | profilo over interno positivo | profilo over esterno positivo | alta tendenza BTTS || CONTRO: v22 monitora possibile sopravvalutazione weak_ga;1.33;9.85;13.0;8.0;7.58;12.0;12.0;10.0;10.0;8.0;2.3.0
2026-10-10;Iceland_BestaDeildKarla;Fram;KR Reykjavik;91.32;ALTA;30;2026-10-10;Iceland_BestaDeildKarla;Iceland_BestaDeildKarla;;PRO: attacco casa positivo | attacco trasferta positivo | difesa trasferta vulnerabile | difesa casa vulnerabile | trend over recente casa | trend over recente trasferta | profilo over interno positivo | profilo over esterno positivo | alta tendenza BTTS || CONTRO: v22 monitora possibile sopravvalutazione weak_ga;0.55;13.0;13.0;7.12;9.66;10.8;9.6;9.17;8.18;10.25;2.3.0
2026-10-10;Germany_Oberliga_SchleswigHolstein;Heider SV;Phonix Lubeck B;91.06;ALTA;13;2026-10-10;Germany_Oberliga_SchleswigHolstein;Germany_Oberliga_SchleswigHolstein;;PRO: attacco casa positivo | attacco trasferta positivo | difesa trasferta vulnerabile | difesa casa vulnerabile | trend over recente casa | trend over recente trasferta | profilo over interno positivo | profilo over esterno positivo | alta tendenza BTTS || CONTRO: v22 monitora possibile sopravvalutazione weak_ga;0.8;10.21;13.0;8.0;10.0;9.6;12.0;6.0;10.0;11.45;2.3.0
2026-10-10;CzechRepublic_4Liga_GroupC;Letohrad;Turnov;90.31;ALTA;11;2026-10-10;CzechRepublic_4Liga_GroupC;CzechRepublic_4Liga_GroupC;CzechRepublic_4Liga;PRO: attacco trasferta positivo | difesa trasferta vulnerabile | difesa casa vulnerabile | trend over recente casa | trend over recente trasferta | profilo over interno positivo | profilo over esterno positivo | alta tendenza BTTS || CONTRO: attacco casa non dominante | v22 monitora possibile sopravvalutazione weak_ga;6.0;6.57;13.0;8.0;8.08;12.0;9.33;10.0;8.0;9.33;2.3.0
2026-10-10;Germany_Bundesliga;RB Lipsia;Francoforte;89.4;IMM-ALTA-8;5;2026-10-10;Germany_Bundesliga;Germany_Bundesliga;;PRO: attacco casa positivo | attacco trasferta positivo | difesa trasferta vulnerabile | trend over recente casa | trend over recente trasferta | profilo over interno positivo | profilo over esterno positivo | alta tendenza BTTS || CONTRO: v22 monitora possibile sopravvalutazione weak_ga;0.35;13.0;13.0;4.55;10.0;9.0;12.0;10.0;10.0;7.5;2.3.0
2026-10-10;Norway_3rdDivision_Group1;Gamle Oslo;Nordstrand;89.33;ALTA;28;2026-10-10;Norway_3rdDivision_Group1;Norway_3rdDivision_Group1;;PRO: attacco casa positivo | attacco trasferta positivo | difesa trasferta vulnerabile | difesa casa vulnerabile | trend over recente casa | trend over recente trasferta | profilo over interno positivo | profilo over esterno positivo | alta tendenza BTTS || CONTRO: v22 monitora possibile sopravvalutazione weak_ga;3.23;13.0;10.28;6.96;10.0;10.8;8.4;10.0;7.27;9.39;2.3.0
2026-10-10;Germany_Oberliga_RheinlandPfalzSaar;Engers;RW Wittlich;89.28;ALTA;15;2026-10-10;Germany_Oberliga_RheinlandPfalzSaar;Germany_Oberliga_RheinlandPfalzSaar;;PRO: attacco casa positivo | attacco trasferta positivo | difesa trasferta vulnerabile | difesa casa vulnerabile | trend over recente casa | trend over recente trasferta | profilo over interno positivo | profilo over esterno positivo | alta tendenza BTTS || CONTRO: v22 monitora possibile sopravvalutazione weak_ga;0.35;13.0;13.0;7.27;9.09;8.4;9.6;10.0;10.0;8.56;2.3.0
2026-10-10;Norway_3rdDivision_Group2;Byåsen;Nardo;89.13;ALTA;26;2026-10-10;Norway_3rdDivision_Group2;Norway_3rdDivision_Group2;;PRO: attacco casa positivo | attacco trasferta positivo | difesa trasferta vulnerabile | difesa casa vulnerabile | trend over recente casa | trend over recente trasferta | profilo over interno positivo | profilo over esterno positivo | alta tendenza BTTS || CONTRO: v22 monitora possibile sopravvalutazione weak_ga;2.31;13.0;13.0;6.61;9.92;9.6;9.6;7.27;9.09;8.73;2.3.0
2026-10-10;Sweden_Division2_Norrland;Umea FF;Fransta;89.09;ALTA;29;2026-10-10;Sweden_Division2_Norrland;Sweden_Division2_Norrland;;PRO: attacco casa positivo | attacco trasferta positivo | difesa trasferta vulnerabile | difesa casa vulnerabile | trend over recente casa | trend over recente trasferta | profilo over interno positivo | profilo over esterno positivo | alta tendenza BTTS || CONTRO: v22 monitora possibile sopravvalutazione weak_ga;1.0;11.26;10.13;7.97;10.0;10.8;10.8;8.0;10.0;9.14;2.3.0
2026-10-10;Norway_3rdDivision_Group3;Åsane 2;V. Haugesund;88.7;ALTA;25;2026-10-10;Norway_3rdDivision_Group3;Norway_3rdDivision_Group3;;PRO: attacco casa positivo | attacco trasferta positivo | difesa trasferta vulnerabile | difesa casa vulnerabile | trend over recente casa | trend over recente trasferta | profilo over interno positivo | profilo over esterno positivo | alta tendenza BTTS || CONTRO: v22 monitora possibile sopravvalutazione weak_ga;3.23;10.21;13.0;8.0;8.5;10.8;12.0;7.0;6.36;9.6;2.3.0
2026-10-10;Netherlands_Eredivisie;Ajax;Nijmegen;88.36;ALTA;9;2026-10-10;Netherlands_Eredivisie;Netherlands_Eredivisie;;PRO: attacco casa positivo | attacco trasferta positivo | difesa trasferta vulnerabile | trend over recente casa | trend over recente trasferta | profilo over interno positivo | profilo over esterno positivo | alta tendenza BTTS || CONTRO: v22 monitora possibile sopravvalutazione weak_ga;2.12;13.0;10.13;4.68;8.44;10.29;10.29;10.0;10.0;9.43;2.3.0
2026-10-10;Germany_Oberliga_BadenWurttemberg;Pforzheim;Teningen;88.04;ALTA;14;2026-10-10;Germany_Oberliga_BadenWurttemberg;Germany_Oberliga_BadenWurttemberg;;PRO: attacco casa positivo | attacco trasferta positivo | difesa trasferta vulnerabile | difesa casa vulnerabile | trend over recente casa | trend over recente trasferta | profilo over interno positivo | profilo over esterno positivo | alta tendenza BTTS || CONTRO: v22 monitora possibile sopravvalutazione weak_ga;1.76;10.64;9.45;6.18;10.0;8.4;12.0;10.0;10.0;9.6;2.3.0
2026-10-10;Wales_CymruSouth;Cardiff Draconians;Carmarthen;87.84;ALTA;11;2026-10-10;Wales_CymruSouth;Wales_CymruSouth;Wales_CymruTier2;PRO: attacco casa positivo | attacco trasferta positivo | difesa trasferta vulnerabile | difesa casa vulnerabile | trend over recente casa | trend over recente trasferta | profilo over interno positivo | profilo over esterno positivo | alta tendenza BTTS || CONTRO: v22 monitora possibile sopravvalutazione weak_ga;2.4;8.86;11.82;6.67;9.09;8.0;12.0;8.0;10.0;11.0;2.3.0
2026-10-10;Germany_Regionalliga_West;Oberhausen;Bocholt;87.84;ALTA;13;2026-10-10;Germany_Regionalliga_West;Germany_Regionalliga_West;;PRO: attacco casa positivo | attacco trasferta positivo | difesa trasferta vulnerabile | trend over recente casa | trend over recente trasferta | profilo over interno positivo | profilo over esterno positivo | alta tendenza BTTS || CONTRO: v22 monitora possibile sopravvalutazione weak_ga;3.53;13.0;12.89;2.98;10.0;10.8;10.8;8.57;6.0;9.27;2.3.0
2026-10-10;Germany_Oberliga_NOFV_Sud;Eilenburg;Einheit Wernigerode;87.7;ALTA;7;2026-10-10;Germany_Oberliga_NOFV_Sud;Germany_Oberliga_NOFV_Sud;;PRO: attacco casa positivo | attacco trasferta positivo | difesa trasferta vulnerabile | difesa casa vulnerabile | trend over recente casa | trend over recente trasferta | profilo over interno positivo | profilo over esterno positivo | alta tendenza BTTS || CONTRO: v22 monitora possibile sopravvalutazione weak_ga;2.4;13.0;11.82;6.06;9.09;10.0;10.0;6.67;6.67;12.0;2.3.0
2026-10-10;CzechRepublic_4Liga_GroupA;Nyrsko;Hluboka nad Vltavou;87.66;ALTA;10;2026-10-10;CzechRepublic_4Liga_GroupA;CzechRepublic_4Liga_GroupA;CzechRepublic_4Liga;PRO: attacco trasferta positivo | difesa casa vulnerabile | trend over recente casa | trend over recente trasferta | profilo over interno positivo | profilo over esterno positivo | alta tendenza BTTS || CONTRO: attacco casa non dominante;6.0;7.39;11.82;8.0;6.49;10.5;8.57;10.0;10.0;8.89;2.3.0
2026-10-10;Switzerland_SuperLeague;Zurigo;Thun;87.58;ALTA;11;2026-10-10;Switzerland_SuperLeague;Switzerland_SuperLeague;;PRO: attacco casa positivo | attacco trasferta positivo | difesa trasferta vulnerabile | difesa casa vulnerabile | trend over recente casa | trend over recente trasferta | profilo over interno positivo | profilo over esterno positivo | alta tendenza BTTS || CONTRO: v22 monitora possibile sopravvalutazione weak_ga;0.55;9.19;10.05;8.0;10.0;10.67;9.6;10.0;10.0;9.53;2.3.0
2026-10-10;Austria_Karnten;Seeboden;TSV Grafenstein;86.67;ALTA;13;2026-10-10;Austria_Karnten;Austria_Karnten;;PRO: attacco casa positivo | attacco trasferta positivo | difesa casa vulnerabile | trend over recente casa | trend over recente trasferta | profilo over interno positivo | profilo over esterno positivo | alta tendenza BTTS || CONTRO: nessun contro rilevante;2.31;13.0;13.0;8.0;6.36;10.8;8.4;8.0;6.0;10.8;2.3.0
2026-10-10;Poland_IIILiga_Group3;ROW Rybnik;Sleza Wroclaw;86.66;ALTA;12;2026-10-10;Poland_IIILiga_Group3;Poland_IIILiga_Group3;;PRO: attacco casa positivo | attacco trasferta positivo | difesa trasferta vulnerabile | difesa casa vulnerabile | trend over recente casa | trend over recente trasferta | profilo over interno positivo | profilo over esterno positivo | alta tendenza BTTS || CONTRO: v22 monitora possibile sopravvalutazione weak_ga;4.15;12.89;9.13;8.0;10.0;8.4;8.4;10.0;7.5;8.18;2.3.0
2026-10-10;FaroeIslands_1Deild;Fuglafjordur;TB Tvoroyri;86.61;ALTA;26;2026-10-10;FaroeIslands_1Deild;FaroeIslands_1Deild;;PRO: attacco casa positivo | attacco trasferta positivo | difesa trasferta vulnerabile | difesa casa vulnerabile | trend over recente casa | trend over recente trasferta | profilo over interno positivo | profilo over esterno positivo | alta tendenza BTTS || CONTRO: v22 monitora possibile sopravvalutazione weak_ga;0.67;13.0;11.33;6.12;9.66;10.8;10.8;6.67;8.33;9.24;2.3.0
2026-10-10;CzechRepublic_4Liga_GroupF;Novy Jicin;Kravare;86.58;ALTA;10;2026-10-10;CzechRepublic_4Liga_GroupF;CzechRepublic_4Liga_GroupF;CzechRepublic_4Liga;PRO: attacco casa positivo | attacco trasferta positivo | difesa casa vulnerabile | trend over recente casa | trend over recente trasferta | profilo over interno positivo | profilo over esterno positivo | alta tendenza BTTS || CONTRO: nessun contro rilevante;6.0;11.82;13.0;6.87;6.06;8.0;9.33;10.0;7.5;8.0;2.3.0
2026-10-10;Germany_Oberliga_Bremen;Woltmershausen;Vatan Bremen;86.44;ALTA;10;2026-10-10;Germany_Oberliga_Bremen;Germany_Oberliga_Bremen;;PRO: attacco trasferta positivo | difesa trasferta vulnerabile | difesa casa vulnerabile | trend over recente casa | trend over recente trasferta | profilo over interno positivo | profilo over esterno positivo || CONTRO: attacco casa non dominante | v22 monitora possibile sopravvalutazione weak_ga | BTTS basso: possibile partita a senso unico;2.8;7.39;13.0;8.0;10.0;10.5;10.5;7.5;10.0;6.75;2.3.0
2026-10-10;England_PremierLeague;Chelsea;Bournemouth;86.14;ALTA;6;2026-10-10;England_PremierLeague;England_PremierLeague;;PRO: attacco casa positivo | difesa trasferta vulnerabile | difesa casa vulnerabile | trend over recente casa | trend over recente trasferta | profilo over interno positivo | profilo over esterno positivo | alta tendenza BTTS || CONTRO: ospite poco prolifico: rischio 1-0 / 2-0 | v22 monitora possibile sopravvalutazione weak_ga;3.16;11.82;7.09;8.0;7.27;12.0;7.2;10.0;10.0;9.6;2.3.0
2026-10-10;Germany_Oberliga_Hessen;Unter-Flockenbach;Hunfelder;86.03;ALTA;14;2026-10-10;Germany_Oberliga_Hessen;Germany_Oberliga_Hessen;;PRO: attacco casa positivo | attacco trasferta positivo | difesa trasferta vulnerabile | difesa casa vulnerabile | trend over recente casa | trend over recente trasferta | profilo over interno positivo | profilo over esterno positivo | alta tendenza BTTS || CONTRO: v22 monitora possibile sopravvalutazione weak_ga;2.12;13.0;10.34;6.97;7.2;12.0;8.4;10.0;8.0;8.0;2.3.0
2026-10-10;France_Ligue2;St. Etienne;Rodez;86.01;ALTA;8;2026-10-10;France_Ligue2;France_Ligue2;;PRO: attacco casa positivo | attacco trasferta positivo | difesa trasferta vulnerabile | trend over recente casa | trend over recente trasferta | profilo over interno positivo | alta tendenza BTTS || CONTRO: v22 monitora possibile sopravvalutazione weak_ga | profilo over esterno debole;5.29;13.0;8.86;4.85;10.0;12.0;8.0;10.0;5.0;9.0;2.3.0
2026-10-10;Germany_Oberliga_Westfalen;ASC 09 Dortmund;Gievenbeck;86.0;ALTA;10;2026-10-10;Germany_Oberliga_Westfalen;Germany_Oberliga_Westfalen;;PRO: attacco casa positivo | attacco trasferta positivo | difesa casa vulnerabile | trend over recente casa | trend over recente trasferta | profilo over interno positivo | profilo over esterno positivo | alta tendenza BTTS || CONTRO: nessun contro rilevante;2.82;13.0;12.47;7.73;6.06;10.5;8.0;10.0;7.5;7.92;2.3.0
2026-10-10;England_LeagueOne;Cambridge Utd;Blackpool;85.97;ALTA;10;2026-10-10;England_LeagueOne;England_LeagueOne;;PRO: attacco casa positivo | attacco trasferta positivo | difesa trasferta vulnerabile | trend over recente casa | trend over recente trasferta | profilo over interno positivo | profilo over esterno positivo | alta tendenza BTTS || CONTRO: v22 monitora possibile sopravvalutazione weak_ga;3.65;10.13;10.83;5.19;9.09;8.57;10.0;7.5;10.0;11.0;2.3.0
2026-10-10;Germany_Oberliga_SchleswigHolstein;Kilia Kiel;Lubeck 2;85.75;ALTA;13;2026-10-10;Germany_Oberliga_SchleswigHolstein;Germany_Oberliga_SchleswigHolstein;;PRO: attacco casa positivo | difesa trasferta vulnerabile | difesa casa vulnerabile | trend over recente casa | trend over recente trasferta | profilo over interno positivo | profilo over esterno positivo | alta tendenza BTTS || CONTRO: ospite poco prolifico: rischio 1-0 / 2-0 | v22 monitora possibile sopravvalutazione weak_ga;4.0;13.0;8.06;5.62;10.0;9.6;9.6;10.0;7.14;8.73;2.3.0
2026-10-10;Norway_3rdDivision_Group4;Brodd;Hinna;85.74;ALTA;26;2026-10-10;Norway_3rdDivision_Group4;Norway_3rdDivision_Group4;;PRO: attacco casa positivo | attacco trasferta positivo | difesa trasferta vulnerabile | difesa casa vulnerabile | trend over recente casa | trend over recente trasferta | profilo over interno positivo | profilo over esterno positivo | alta tendenza BTTS || CONTRO: v22 monitora possibile sopravvalutazione weak_ga;1.85;10.74;11.28;6.94;10.0;8.4;10.8;9.09;8.18;8.45;2.3.0
2026-10-10;Netherlands_Eredivisie;G.A. Eagles;Sparta Rotterdam;85.58;ALTA;9;2026-10-10;Netherlands_Eredivisie;Netherlands_Eredivisie;;PRO: attacco casa positivo | difesa trasferta vulnerabile | difesa casa vulnerabile | trend over recente casa | trend over recente trasferta | profilo over interno positivo | profilo over esterno positivo | alta tendenza BTTS || CONTRO: ospite poco prolifico: rischio 1-0 / 2-0 | v22 monitora possibile sopravvalutazione weak_ga;1.06;13.0;8.44;7.27;10.0;8.57;10.29;6.67;10.0;10.29;2.3.0
2026-10-10;FaroeIslands_1Deild;Streymur 2;B36 Torshavn 2;85.55;ALTA;26;2026-10-10;FaroeIslands_1Deild;FaroeIslands_1Deild;;PRO: attacco trasferta positivo | difesa trasferta vulnerabile | difesa casa vulnerabile | trend over recente casa | trend over recente trasferta | profilo over interno positivo | profilo over esterno positivo | alta tendenza BTTS || CONTRO: attacco casa non dominante | v22 monitora possibile sopravvalutazione weak_ga;2.0;8.4;11.23;8.0;10.0;10.8;10.8;8.0;8.0;8.32;2.3.0
2026-10-10;CzechRepublic_4Liga_GroupD;Bedrichov;Kurim;84.97;ALTA;10;2026-10-10;CzechRepublic_4Liga_GroupD;CzechRepublic_4Liga_GroupD;CzechRepublic_4Liga;PRO: attacco trasferta positivo | difesa trasferta vulnerabile | difesa casa vulnerabile | trend over recente casa | trend over recente trasferta | profilo over interno positivo | profilo over esterno positivo | alta tendenza BTTS || CONTRO: attacco casa non dominante | v22 monitora possibile sopravvalutazione weak_ga;6.0;5.91;13.0;8.0;6.57;10.67;9.33;7.5;10.0;8.0;2.3.0
2026-10-10;CzechRepublic_4Liga_GroupB;Slany;Hvezda Cheb;84.92;ALTA;11;2026-10-10;CzechRepublic_4Liga_GroupB;CzechRepublic_4Liga_GroupB;CzechRepublic_4Liga;PRO: attacco casa positivo | attacco trasferta positivo | difesa trasferta vulnerabile | difesa casa vulnerabile | trend over recente trasferta | profilo over interno positivo | profilo over esterno positivo | alta tendenza BTTS || CONTRO: v22 monitora possibile sopravvalutazione weak_ga | trend over casa non forte;6.0;11.82;9.85;5.25;10.0;6.67;10.67;6.0;10.0;8.67;2.3.0
2026-10-10;Spain_LaLiga;Real Madrid;Villarreal;84.83;ALTA;10;2026-10-10;Spain_LaLiga;Spain_LaLiga;;PRO: attacco casa positivo | attacco trasferta positivo | difesa trasferta vulnerabile | trend over recente casa | trend over recente trasferta | profilo over interno positivo | profilo over esterno positivo | alta tendenza BTTS || CONTRO: v22 monitora possibile sopravvalutazione weak_ga;1.89;13.0;10.97;4.24;7.79;10.0;10.29;10.0;7.5;9.14;2.3.0
2026-10-10;England_NPLPremierDivision;Quorn;Workington;84.59;ALTA;13;2026-10-10;England_NPLPremierDivision;England_NPLPremierDivision;;PRO: attacco casa positivo | attacco trasferta positivo | difesa trasferta vulnerabile | difesa casa vulnerabile | trend over recente casa | trend over recente trasferta | profilo over interno positivo | profilo over esterno positivo | alta tendenza BTTS || CONTRO: v22 monitora possibile sopravvalutazione weak_ga;4.0;9.67;11.33;8.0;7.2;8.4;10.8;8.0;8.33;8.86;2.3.0
2026-10-10;Estonia_EsiliigaB;Legion;Tulevik;84.46;ALTA;33;2026-10-10;Estonia_EsiliigaB;Estonia_EsiliigaB;;PRO: attacco trasferta positivo | difesa trasferta vulnerabile | difesa casa vulnerabile | trend over recente casa | trend over recente trasferta | profilo over interno positivo | profilo over esterno positivo | alta tendenza BTTS || CONTRO: attacco casa non dominante | v22 monitora possibile sopravvalutazione weak_ga;2.0;5.5;13.0;8.0;9.4;9.6;12.0;7.86;9.23;7.86;2.3.0
2026-10-10;Austria_Salzburg;USK Anif;Puch;84.37;ALTA;13;2026-10-10;Austria_Salzburg;Austria_Salzburg;;PRO: attacco casa positivo | attacco trasferta positivo | difesa trasferta vulnerabile | difesa casa vulnerabile | trend over recente casa | trend over recente trasferta | profilo over interno positivo | profilo over esterno positivo | alta tendenza BTTS || CONTRO: v22 monitora possibile sopravvalutazione weak_ga;0.4;13.0;13.0;5.45;6.82;10.8;9.6;7.5;10.0;7.8;2.3.0
2026-10-10;Germany_3Liga;Wurzburger Kickers;Rostock;84.23;ALTA;9;2026-10-10;Germany_3Liga;Germany_3Liga;;PRO: attacco casa positivo | attacco trasferta positivo | difesa trasferta vulnerabile | difesa casa vulnerabile | trend over recente casa | trend over recente trasferta | profilo over interno positivo | profilo over esterno positivo | alta tendenza BTTS || CONTRO: v22 monitora possibile sopravvalutazione weak_ga;3.16;9.29;12.66;7.79;9.74;10.29;8.57;6.67;7.5;8.57;2.3.0
2026-10-10;Sweden_Division2_Norrland;IFK Lulea;Gottne;84.02;ALTA;29;2026-10-10;Sweden_Division2_Norrland;Sweden_Division2_Norrland;;PRO: attacco casa positivo | attacco trasferta positivo | difesa trasferta vulnerabile | trend over recente casa | trend over recente trasferta | profilo over interno positivo | profilo over esterno positivo | alta tendenza BTTS || CONTRO: v22 monitora possibile sopravvalutazione weak_ga;2.5;13.0;11.82;4.51;9.64;8.4;9.6;6.92;9.23;8.4;2.3.0
2026-10-10;Wales_CymruSouth;Treowen;Trethomas Bluebirds;83.82;ALTA;11;2026-10-10;Wales_CymruSouth;Wales_CymruSouth;Wales_CymruTier2;PRO: attacco casa positivo | attacco trasferta positivo | difesa trasferta vulnerabile | difesa casa vulnerabile | trend over recente casa | trend over recente trasferta | profilo over interno positivo | alta tendenza BTTS || CONTRO: v22 monitora possibile sopravvalutazione weak_ga | profilo over esterno debole;2.8;11.82;12.56;6.82;9.66;9.0;9.0;6.67;5.0;10.5;2.3.0
2026-10-10;Austria_Regionalliga_South;Hartberg (Am);Deutschlandsberger;83.65;ALTA;12;2026-10-10;Austria_Regionalliga_South;Austria_Regionalliga_South;;PRO: attacco casa positivo | attacco trasferta positivo | difesa casa vulnerabile | trend over recente casa | trend over recente trasferta | profilo over interno positivo | profilo over esterno positivo || CONTRO: BTTS basso: possibile partita a senso unico;5.08;8.54;11.82;8.0;5.56;10.67;8.0;10.0;10.0;6.0;2.3.0
2026-10-10;Germany_Oberliga_SchleswigHolstein;Rotenhof;Rapid Lubeck;83.62;ALTA;13;2026-10-10;Germany_Oberliga_SchleswigHolstein;Germany_Oberliga_SchleswigHolstein;;PRO: attacco casa positivo | attacco trasferta positivo | difesa trasferta vulnerabile | difesa casa vulnerabile | trend over recente casa | trend over recente trasferta | profilo over interno positivo | profilo over esterno positivo | alta tendenza BTTS || CONTRO: v22 monitora possibile sopravvalutazione weak_ga;0.4;11.82;12.89;6.28;9.5;8.4;9.6;8.0;8.0;8.73;2.3.0
2026-10-10;Austria_Karnten;Nussdorf;SGA Sirnitz;83.57;ALTA;13;2026-10-10;Austria_Karnten;Austria_Karnten;;PRO: attacco trasferta positivo | difesa trasferta vulnerabile | difesa casa vulnerabile | trend over recente casa | trend over recente trasferta | profilo over interno positivo | profilo over esterno positivo | alta tendenza BTTS || CONTRO: attacco casa non dominante | v22 monitora possibile sopravvalutazione weak_ga;1.38;4.14;10.05;8.0;10.0;12.0;10.8;10.0;10.0;7.2;2.3.0
2026-10-10;Switzerland_SuperLeague;Lugano;Luzern;83.52;ALTA;11;2026-10-10;Switzerland_SuperLeague;Switzerland_SuperLeague;;PRO: attacco casa positivo | attacco trasferta positivo | difesa trasferta vulnerabile | trend over recente casa | trend over recente trasferta | profilo over interno positivo | profilo over esterno positivo | alta tendenza BTTS || CONTRO: v22 monitora possibile sopravvalutazione weak_ga;3.27;13.0;11.16;2.83;9.09;10.67;9.33;8.0;7.5;8.67;2.3.0
2026-10-10;Norway_3rdDivision_Group5;Skedsmo;Floeya;83.43;ALTA;26;2026-10-10;Norway_3rdDivision_Group5;Norway_3rdDivision_Group5;;PRO: attacco casa positivo | attacco trasferta positivo | difesa trasferta vulnerabile | trend over recente casa | trend over recente trasferta | profilo over interno positivo | profilo over esterno positivo | alta tendenza BTTS || CONTRO: v22 monitora possibile sopravvalutazione weak_ga;0.46;13.0;13.0;4.46;7.51;8.4;12.0;6.36;10.0;8.23;2.3.0
2026-10-10;CzechRepublic_4Liga_GroupC;Hlinsko;Kosmonosy;83.2;ALTA;11;2026-10-10;CzechRepublic_4Liga_GroupC;CzechRepublic_4Liga_GroupC;CzechRepublic_4Liga;PRO: attacco casa positivo | attacco trasferta positivo | difesa trasferta vulnerabile | difesa casa vulnerabile | trend over recente casa | trend over recente trasferta | profilo over interno positivo | profilo over esterno positivo | alta tendenza BTTS || CONTRO: v22 monitora possibile sopravvalutazione weak_ga;6.0;10.51;13.0;6.46;6.57;8.0;10.67;6.0;8.0;8.0;2.3.0
2026-10-10;Germany_Bundesliga;Union Berlino;Elversberg;83.18;IMM-ALTA-8;5;2026-10-10;Germany_Bundesliga;Germany_Bundesliga;;PRO: attacco trasferta positivo | difesa trasferta vulnerabile | difesa casa vulnerabile | trend over recente casa | trend over recente trasferta | profilo over interno positivo | alta tendenza BTTS || CONTRO: attacco casa non dominante | v22 monitora possibile sopravvalutazione weak_ga | profilo over esterno debole;6.0;5.91;11.82;8.0;7.95;12.0;9.0;10.0;5.0;7.5;2.3.0
2026-10-10;FaroeIslands_1Deild;Hoyvik;Vikingur 2;83.16;ALTA;26;2026-10-10;FaroeIslands_1Deild;FaroeIslands_1Deild;;PRO: attacco trasferta positivo | difesa trasferta vulnerabile | difesa casa vulnerabile | trend over recente casa | trend over recente trasferta | profilo over interno positivo | profilo over esterno positivo || CONTRO: attacco casa non dominante | v22 monitora possibile sopravvalutazione weak_ga | BTTS basso: possibile partita a senso unico;4.67;7.88;13.0;8.0;7.39;8.4;9.6;9.0;8.33;6.89;2.3.0
2026-10-10;Austria_Burgenland;Bad Sauerbrunn;Kohfidisch;82.96;ALTA;11;2026-10-10;Austria_Burgenland;Austria_Burgenland;;PRO: attacco casa positivo | difesa trasferta vulnerabile | trend over recente casa | trend over recente trasferta | profilo over interno positivo | profilo over esterno positivo | alta tendenza BTTS || CONTRO: ospite poco prolifico: rischio 1-0 / 2-0 | v22 monitora possibile sopravvalutazione weak_ga;5.6;13.0;7.88;3.23;8.59;9.33;9.33;10.0;8.0;8.0;2.3.0
2026-10-10;Germany_Oberliga_Hamburg;Altona;Tesla Hamburg;82.84;ALTA;12;2026-10-10;Germany_Oberliga_Hamburg;Germany_Oberliga_Hamburg;;PRO: attacco casa positivo | attacco trasferta positivo | difesa trasferta vulnerabile | difesa casa vulnerabile | trend over recente casa | trend over recente trasferta | profilo over esterno positivo | alta tendenza BTTS || CONTRO: v22 monitora possibile sopravvalutazione weak_ga | profilo over interno debole;3.53;13.0;11.23;8.0;8.18;8.0;9.6;2.5;10.0;8.8;2.3.0
2026-10-10;Slovenia_2SNL;Beltinci;Bilje;82.79;ALTA;11;2026-10-10;Slovenia_2SNL;Slovenia_2SNL;;PRO: attacco casa positivo | attacco trasferta positivo | difesa trasferta vulnerabile | trend over recente casa | trend over recente trasferta | profilo over interno positivo | profilo over esterno positivo | alta tendenza BTTS || CONTRO: v22 monitora possibile sopravvalutazione weak_ga;1.6;13.0;11.16;4.44;8.59;9.33;9.33;8.0;10.0;7.33;2.3.0
2026-10-10;Japan_J1League;Kyoto;Machida;82.78;ALTA;8;2026-10-10;Japan_J1League;Japan_J1League;;PRO: attacco trasferta positivo | difesa casa vulnerabile | trend over recente casa | trend over recente trasferta | profilo over interno positivo | profilo over esterno positivo | alta tendenza BTTS || CONTRO: attacco casa non dominante;3.16;8.12;13.0;6.82;5.68;9.0;9.0;10.0;7.5;10.5;2.3.0
2026-10-10;Belarus_PershayaLiga;Niva Dolbizno;Gomel 2;82.73;ALTA;30;2026-10-10;Belarus_PershayaLiga;Belarus_PershayaLiga;;PRO: attacco casa positivo | difesa trasferta vulnerabile | trend over recente casa | trend over recente trasferta | profilo over interno positivo | profilo over esterno positivo | alta tendenza BTTS || CONTRO: ospite poco prolifico: rischio 1-0 / 2-0 | v22 monitora possibile sopravvalutazione weak_ga;5.29;13.0;7.88;4.18;9.26;9.6;10.8;8.46;6.92;7.33;2.3.0
2026-10-10;Germany_Oberliga_Bayern_Nord;Wurzburger FV;Weiden;82.71;ALTA;18;2026-10-10;Germany_Oberliga_Bayern_Nord;Germany_Oberliga_Bayern_Nord;;PRO: attacco casa positivo | attacco trasferta positivo | difesa trasferta vulnerabile | trend over recente casa | trend over recente trasferta | profilo over interno positivo | profilo over esterno positivo | alta tendenza BTTS || CONTRO: v22 monitora possibile sopravvalutazione weak_ga;3.88;11.36;9.09;4.48;10.0;7.2;9.6;8.33;10.0;8.77;2.3.0
2026-10-10;CzechRepublic_4Liga_GroupF;Frydlant n. O.;Hlucin;82.48;ALTA;10;2026-10-10;CzechRepublic_4Liga_GroupF;CzechRepublic_4Liga_GroupF;CzechRepublic_4Liga;PRO: attacco trasferta positivo | difesa casa vulnerabile | trend over recente casa | trend over recente trasferta | profilo over interno positivo | profilo over esterno positivo | alta tendenza BTTS || CONTRO: attacco casa non dominante;6.0;5.25;13.0;8.0;6.06;10.67;8.0;7.5;10.0;8.0;2.3.0
2026-10-10;Austria_Salzburg;Thalgau;Eugendorf;82.42;ALTA;13;2026-10-10;Austria_Salzburg;Austria_Salzburg;;PRO: attacco trasferta positivo | difesa trasferta vulnerabile | difesa casa vulnerabile | trend over recente casa | trend over recente trasferta | profilo over interno positivo | profilo over esterno positivo | alta tendenza BTTS || CONTRO: attacco casa non dominante | v22 monitora possibile sopravvalutazione weak_ga;2.0;5.91;13.0;7.93;10.0;7.2;10.8;7.5;10.0;8.07;2.3.0
2026-10-10;Norway_3rdDivision_Group1;Asker;Baerum;82.41;ALTA;28;2026-10-10;Norway_3rdDivision_Group1;Norway_3rdDivision_Group1;;PRO: attacco casa positivo | attacco trasferta positivo | difesa trasferta vulnerabile | trend over recente casa | trend over recente trasferta | profilo over interno positivo | alta tendenza BTTS || CONTRO: v22 monitora possibile sopravvalutazione weak_ga | profilo over esterno debole;1.85;13.0;13.0;5.02;8.3;10.8;7.2;9.0;5.83;8.41;2.3.0
2026-10-10;Iceland_BestaDeildKarla;Stjarnan;Akureyri;82.31;ALTA;30;2026-10-10;Iceland_BestaDeildKarla;Iceland_BestaDeildKarla;;PRO: attacco casa positivo | attacco trasferta positivo | difesa trasferta vulnerabile | difesa casa vulnerabile | trend over recente casa | trend over recente trasferta | profilo over interno positivo | profilo over esterno positivo | alta tendenza BTTS || CONTRO: v22 monitora possibile sopravvalutazione weak_ga;1.64;11.33;9.36;8.0;9.66;8.4;9.6;7.5;8.33;8.5;2.3.0
2026-10-10;Latvia_NakotnesLiga;RFS 2;Marupe;82.3;ALTA;24;2026-10-10;Latvia_NakotnesLiga;Latvia_NakotnesLiga;;PRO: attacco casa positivo | attacco trasferta positivo | difesa trasferta vulnerabile | difesa casa vulnerabile | trend over recente casa | trend over recente trasferta | profilo over interno positivo | profilo over esterno positivo || CONTRO: v22 monitora possibile sopravvalutazione weak_ga | BTTS basso: possibile partita a senso unico;3.23;9.57;12.38;8.0;8.23;9.6;8.4;9.09;6.67;7.14;2.3.0
2026-10-10;Germany_2Bundesliga;Osnabruck;Dresda;82.13;ALTA;7;2026-10-10;Germany_2Bundesliga;Germany_2Bundesliga;;PRO: attacco casa positivo | difesa trasferta vulnerabile | difesa casa vulnerabile | trend over recente casa | trend over recente trasferta | profilo over interno positivo | profilo over esterno positivo | alta tendenza BTTS || CONTRO: ospite poco prolifico: rischio 1-0 / 2-0 | v22 monitora possibile sopravvalutazione weak_ga;2.12;8.86;7.88;7.27;10.0;8.0;10.0;10.0;10.0;8.0;2.3.0
2026-10-10;CzechRepublic_4Liga_GroupA;Doubravka;Taborsko akademie;82.07;ALTA;10;2026-10-10;CzechRepublic_4Liga_GroupA;CzechRepublic_4Liga_GroupA;CzechRepublic_4Liga;PRO: attacco casa positivo | attacco trasferta positivo | difesa casa vulnerabile | trend over recente casa | trend over recente trasferta | profilo over interno positivo | profilo over esterno positivo | alta tendenza BTTS || CONTRO: nessun contro rilevante;6.0;9.19;13.0;6.46;6.25;9.33;9.0;7.5;7.5;7.83;2.3.0
2026-10-10;Germany_3Liga;Regensburg;Havelse;81.98;ALTA;9;2026-10-10;Germany_3Liga;Germany_3Liga;;PRO: attacco casa positivo | difesa trasferta vulnerabile | difesa casa vulnerabile | trend over recente casa | trend over recente trasferta | profilo over interno positivo | profilo over esterno positivo | alta tendenza BTTS || CONTRO: ospite poco prolifico: rischio 1-0 / 2-0 | v22 monitora possibile sopravvalutazione weak_ga;0.63;10.97;8.44;8.0;9.74;10.29;10.29;6.67;6.67;10.29;2.3.0
2026-10-10;Austria_Regionalliga_West;Fugen;Lochau;81.9;ALTA;12;2026-10-10;Austria_Regionalliga_West;Austria_Regionalliga_West;;PRO: attacco casa positivo | difesa trasferta vulnerabile | difesa casa vulnerabile | trend over recente casa | trend over recente trasferta | profilo over interno positivo | profilo over esterno positivo | alta tendenza BTTS || CONTRO: ospite poco prolifico: rischio 1-0 / 2-0 | v22 monitora possibile sopravvalutazione weak_ga;0.8;11.82;7.68;8.0;10.0;9.6;9.6;8.0;8.0;8.4;2.3.0
2026-10-10;Germany_Regionalliga_Nord;Eimsbutteler;Hannover 2;81.79;ALTA;14;2026-10-10;Germany_Regionalliga_Nord;Germany_Regionalliga_Nord;;PRO: attacco casa positivo | attacco trasferta positivo | difesa casa vulnerabile | trend over recente casa | trend over recente trasferta | profilo over interno positivo | profilo over esterno positivo | alta tendenza BTTS || CONTRO: nessun contro rilevante;2.12;10.34;12.8;8.0;6.06;8.4;8.4;10.0;6.67;9.0;2.3.0
2026-10-10;Norway_3rdDivision_Group3;Sogndal 2;Gneist;81.72;ALTA;25;2026-10-10;Norway_3rdDivision_Group3;Norway_3rdDivision_Group3;;PRO: attacco casa positivo | attacco trasferta positivo | difesa trasferta vulnerabile | difesa casa vulnerabile | trend over recente casa | trend over recente trasferta | profilo over interno positivo | profilo over esterno positivo | alta tendenza BTTS || CONTRO: v22 monitora possibile sopravvalutazione weak_ga;1.85;13.0;8.99;7.6;10.0;9.6;8.4;8.18;6.36;7.73;2.3.0
2026-10-10;Germany_Oberliga_SchleswigHolstein;PSV Neumunster;Nordmark Satrup;81.63;ALTA;13;2026-10-10;Germany_Oberliga_SchleswigHolstein;Germany_Oberliga_SchleswigHolstein;;PRO: attacco casa positivo | difesa trasferta vulnerabile | difesa casa vulnerabile | trend over recente casa | trend over recente trasferta | profilo over interno positivo | profilo over esterno positivo | alta tendenza BTTS || CONTRO: ospite poco prolifico: rischio 1-0 / 2-0 | v22 monitora possibile sopravvalutazione weak_ga;0.4;11.28;6.98;7.93;9.5;9.6;7.2;10.0;10.0;8.73;2.3.0
2026-10-10;England_LeagueOne;Wycombe;Luton;81.62;ALTA;10;2026-10-10;England_LeagueOne;England_LeagueOne;;PRO: attacco casa positivo | attacco trasferta positivo | difesa trasferta vulnerabile | difesa casa vulnerabile | trend over recente casa | profilo over interno positivo | profilo over esterno positivo | alta tendenza BTTS || CONTRO: v22 monitora possibile sopravvalutazione weak_ga | trend over trasferta non forte;1.04;10.13;9.85;7.79;9.09;8.57;6.0;10.0;10.0;9.14;2.3.0
2026-10-10;Finland_Ykkonen;RoPS;JJK Jyvaskyla;81.59;ALTA;26;2026-10-10;Finland_Ykkonen;Finland_Ykkonen;;PRO: attacco casa positivo | attacco trasferta positivo | difesa trasferta vulnerabile | difesa casa vulnerabile | trend over recente casa | trend over recente trasferta | profilo over interno positivo | profilo over esterno positivo | alta tendenza BTTS || CONTRO: v22 monitora possibile sopravvalutazione weak_ga;2.73;12.62;13.0;5.29;8.68;8.4;9.6;6.36;7.27;7.64;2.3.0
2026-10-10;Austria_Regionalliga_West;Schwaz;Tirol (Am);81.58;ALTA;12;2026-10-10;Austria_Regionalliga_West;Austria_Regionalliga_West;;PRO: attacco casa positivo | attacco trasferta positivo | difesa casa vulnerabile | trend over recente casa | trend over recente trasferta | profilo over interno positivo | profilo over esterno positivo | alta tendenza BTTS || CONTRO: nessun contro rilevante;1.2;13.0;13.0;5.82;6.36;10.8;8.4;8.0;6.0;9.0;2.3.0
2026-10-10;Austria_Burgenland;Klingenbach;Oberpullendorf;81.52;ALTA;11;2026-10-10;Austria_Burgenland;Austria_Burgenland;;PRO: attacco casa positivo | attacco trasferta positivo | difesa trasferta vulnerabile | trend over recente trasferta | profilo over interno positivo | profilo over esterno positivo || CONTRO: v22 monitora possibile sopravvalutazione weak_ga | trend over casa non forte | BTTS basso: possibile partita a senso unico;4.4;12.47;9.19;4.04;8.08;6.67;10.67;10.0;10.0;6.0;2.3.0
2026-10-10;CzechRepublic_4Liga_GroupB;Chomutov;Tempo Prague;81.37;ALTA;11;2026-10-10;CzechRepublic_4Liga_GroupB;CzechRepublic_4Liga_GroupB;CzechRepublic_4Liga;PRO: attacco casa positivo | attacco trasferta positivo | difesa trasferta vulnerabile | trend over recente casa | trend over recente trasferta | profilo over interno positivo | profilo over esterno positivo | alta tendenza BTTS || CONTRO: v22 monitora possibile sopravvalutazione weak_ga;6.0;12.47;11.16;2.83;7.58;8.0;10.67;6.0;8.0;8.67;2.3.0
2026-10-10;Germany_Regionalliga_West;FC Gutersloh;Siegen;81.27;ALTA;13;2026-10-10;Germany_Regionalliga_West;Germany_Regionalliga_West;;PRO: attacco casa positivo | attacco trasferta positivo | difesa trasferta vulnerabile | trend over recente casa | trend over recente trasferta | profilo over interno positivo | profilo over esterno positivo | alta tendenza BTTS || CONTRO: v22 monitora possibile sopravvalutazione weak_ga;1.06;13.0;10.21;4.3;7.44;9.6;8.4;10.0;8.0;9.27;2.3.0
2026-10-10;Germany_2Bundesliga;Darmstadt;Cottbus;81.2;ALTA;7;2026-10-10;Germany_2Bundesliga;Germany_2Bundesliga;;PRO: attacco trasferta positivo | difesa trasferta vulnerabile | difesa casa vulnerabile | trend over recente casa | trend over recente trasferta | profilo over interno positivo | profilo over esterno positivo || CONTRO: attacco casa non dominante | v22 monitora possibile sopravvalutazione weak_ga | BTTS basso: possibile partita a senso unico;3.88;4.92;13.0;7.88;9.85;8.0;10.0;6.67;10.0;7.0;2.3.0
2026-10-10;Norway_3rdDivision_Group4;Staal Jorpeland;Vag;81.2;ALTA;26;2026-10-10;Norway_3rdDivision_Group4;Norway_3rdDivision_Group4;;PRO: attacco casa positivo | attacco trasferta positivo | difesa trasferta vulnerabile | difesa casa vulnerabile | trend over recente casa | trend over recente trasferta | profilo over interno positivo | profilo over esterno positivo | alta tendenza BTTS || CONTRO: v22 monitora possibile sopravvalutazione weak_ga;0.46;12.09;9.4;8.0;7.85;10.8;9.6;7.27;7.0;8.73;2.3.0
2026-10-10;England_IsthmianLeaguePremierDivision;Stanway;Three Bridges;81.17;ALTA;23;2026-10-10;England_IsthmianLeaguePremierDivision;England_IsthmianLeaguePremierDivision;;PRO: attacco trasferta positivo | difesa trasferta vulnerabile | difesa casa vulnerabile | trend over recente casa | trend over recente trasferta | profilo over interno positivo | profilo over esterno positivo | alta tendenza BTTS || CONTRO: attacco casa non dominante | v22 monitora possibile sopravvalutazione weak_ga;0.57;4.6;10.51;8.0;10.0;9.33;12.0;7.5;10.0;8.67;2.3.0
2026-10-10;Poland_Division2;Z. Gora;Legia 2;81.14;ALTA;11;2026-10-10;Poland_Division2;Poland_Division2;;PRO: attacco casa positivo | attacco trasferta positivo | difesa trasferta vulnerabile | difesa casa vulnerabile | trend over recente casa | trend over recente trasferta | profilo over interno positivo | profilo over esterno positivo | alta tendenza BTTS || CONTRO: v22 monitora possibile sopravvalutazione weak_ga;2.47;11.82;11.82;5.82;8.59;8.4;9.33;6.67;7.5;8.73;2.3.0
2026-10-10;Hungary_NBI;Paks;MTK Budapest;81.04;ALTA;10;2026-10-10;Hungary_NBI;Hungary_NBI;;PRO: attacco casa positivo | attacco trasferta positivo | difesa trasferta vulnerabile | difesa casa vulnerabile | trend over recente casa | trend over recente trasferta | profilo over interno positivo | profilo over esterno positivo | alta tendenza BTTS || CONTRO: v22 monitora possibile sopravvalutazione weak_ga;0.55;11.82;11.08;7.73;7.95;7.5;10.5;7.5;6.67;9.75;2.3.0
2026-10-10;Sweden_Division2_Norrland;Storfors;Umea FC Akademi;81.01;ALTA;29;2026-10-10;Sweden_Division2_Norrland;Sweden_Division2_Norrland;;PRO: attacco trasferta positivo | difesa trasferta vulnerabile | difesa casa vulnerabile | trend over recente casa | trend over recente trasferta | profilo over interno positivo | profilo over esterno positivo | alta tendenza BTTS || CONTRO: attacco casa non dominante | v22 monitora possibile sopravvalutazione weak_ga;1.5;8.16;12.38;7.45;9.52;8.4;9.6;8.0;8.0;8.0;2.3.0
2026-10-10;Germany_Oberliga_BadenWurttemberg;Ravensburg;Nottingen;80.96;ALTA;14;2026-10-10;Germany_Oberliga_BadenWurttemberg;Germany_Oberliga_BadenWurttemberg;;PRO: attacco casa positivo | attacco trasferta positivo | difesa trasferta vulnerabile | trend over recente casa | trend over recente trasferta | profilo over interno positivo | profilo over esterno positivo || CONTRO: v22 monitora possibile sopravvalutazione weak_ga | BTTS basso: possibile partita a senso unico;3.88;10.64;12.41;4.0;8.64;8.4;8.4;8.0;10.0;6.6;2.3.0
2026-10-10;Poland_IIILiga_Group1;Zabki;Jagiellonia 2;80.93;ALTA;12;2026-10-10;Poland_IIILiga_Group1;Poland_IIILiga_Group1;;PRO: attacco casa positivo | attacco trasferta positivo | difesa trasferta vulnerabile | difesa casa vulnerabile | trend over recente casa | trend over recente trasferta | profilo over interno positivo | profilo over esterno positivo | alta tendenza BTTS || CONTRO: v22 monitora possibile sopravvalutazione weak_ga;0.46;11.23;13.0;6.55;9.09;7.2;9.6;6.0;10.0;7.8;2.3.0
2026-10-10;Poland_IIILiga_Group2;Chemik Bydgoszcz;Gedania Gdansk;80.89;ALTA;12;2026-10-10;Poland_IIILiga_Group2;Poland_IIILiga_Group2;;PRO: attacco casa positivo | attacco trasferta positivo | difesa trasferta vulnerabile | difesa casa vulnerabile | trend over recente casa | trend over recente trasferta | profilo over interno positivo | profilo over esterno positivo | alta tendenza BTTS || CONTRO: v22 monitora possibile sopravvalutazione weak_ga;0.92;9.13;12.36;7.93;9.92;7.2;8.4;6.67;8.0;10.36;2.3.0
2026-10-10;Germany_Oberliga_SchleswigHolstein;Hohenwestedt;Kaltenkirchen;80.86;ALTA;13;2026-10-10;Germany_Oberliga_SchleswigHolstein;Germany_Oberliga_SchleswigHolstein;;PRO: attacco casa positivo | attacco trasferta positivo | difesa trasferta vulnerabile | difesa casa vulnerabile | trend over recente casa | trend over recente trasferta | profilo over interno positivo | profilo over esterno positivo | alta tendenza BTTS || CONTRO: v22 monitora possibile sopravvalutazione weak_ga;0.4;9.67;8.6;8.0;10.0;8.4;9.6;8.33;7.5;10.36;2.3.0
2026-10-10;Finland_Kakkonen_GroupA;PuiU;Lahden Reipas;80.78;ALTA;21;2026-10-10;Finland_Kakkonen_GroupA;Finland_Kakkonen_GroupA;;PRO: attacco casa positivo | attacco trasferta positivo | difesa trasferta vulnerabile | difesa casa vulnerabile | trend over recente casa | trend over recente trasferta | profilo over interno positivo | profilo over esterno positivo | alta tendenza BTTS || CONTRO: v22 monitora possibile sopravvalutazione weak_ga;2.67;8.86;12.15;7.27;8.08;8.4;9.6;6.67;8.75;8.33;2.3.0
2026-10-10;Latvia_NakotnesLiga;Metta;Riga Mariners;80.77;ALTA;24;2026-10-10;Latvia_NakotnesLiga;Latvia_NakotnesLiga;;PRO: attacco casa positivo | attacco trasferta positivo | trend over recente casa | trend over recente trasferta | profilo over interno positivo | profilo over esterno positivo || CONTRO: BTTS basso: possibile partita a senso unico;0.92;13.0;13.0;2.94;4.98;10.8;10.8;9.0;8.18;7.14;2.3.0
2026-10-10;Germany_Oberliga_Hamburg;Sasel;Pinneberg;80.76;ALTA;12;2026-10-10;Germany_Oberliga_Hamburg;Germany_Oberliga_Hamburg;;PRO: attacco casa positivo | attacco trasferta positivo | difesa trasferta vulnerabile | difesa casa vulnerabile | trend over recente casa | trend over recente trasferta | profilo over interno positivo | profilo over esterno positivo | alta tendenza BTTS || CONTRO: v22 monitora possibile sopravvalutazione weak_ga;1.76;8.86;13.0;6.55;8.18;8.4;10.8;8.0;8.0;7.2;2.3.0
2026-10-10;Sweden_Division2_Norrland;Kubikenborgs IF;IFK Ostersund;80.74;ALTA;29;2026-10-10;Sweden_Division2_Norrland;Sweden_Division2_Norrland;;PRO: attacco casa positivo | attacco trasferta positivo | difesa trasferta vulnerabile | trend over recente casa | trend over recente trasferta | profilo over interno positivo | profilo over esterno positivo | alta tendenza BTTS || CONTRO: v22 monitora possibile sopravvalutazione weak_ga;1.0;13.0;13.0;4.39;7.45;9.6;9.6;6.67;7.69;8.33;2.3.0
2026-10-10;NorthernIreland_NIFLChampionship;Annagh;Glenavon;80.64;ALTA;11;2026-10-10;NorthernIreland_NIFLChampionship;NorthernIreland_NIFLChampionship;;PRO: attacco casa positivo | attacco trasferta positivo | trend over recente casa | trend over recente trasferta | profilo over interno positivo | profilo over esterno positivo | alta tendenza BTTS || CONTRO: nessun contro rilevante;0.4;13.0;13.0;4.73;5.91;8.4;9.6;8.0;8.0;9.6;2.3.0
2026-10-10;England_IsthmianLeaguePremierDivision;Chatham;Brentwood;80.61;ALTA;23;2026-10-10;England_IsthmianLeaguePremierDivision;England_IsthmianLeaguePremierDivision;;PRO: attacco casa positivo | attacco trasferta positivo | difesa trasferta vulnerabile | difesa casa vulnerabile | trend over recente casa | trend over recente trasferta | profilo over interno positivo | profilo over esterno positivo | alta tendenza BTTS || CONTRO: v22 monitora possibile sopravvalutazione weak_ga;2.29;12.47;9.85;5.25;8.08;10.67;8.0;10.0;6.0;8.0;2.3.0
2026-10-10;FaroeIslands_1Deild;Runavik 2;Sandur;80.6;ALTA;26;2026-10-10;FaroeIslands_1Deild;FaroeIslands_1Deild;;PRO: attacco trasferta positivo | difesa casa vulnerabile | trend over recente casa | trend over recente trasferta | profilo over interno positivo | profilo over esterno positivo | alta tendenza BTTS || CONTRO: attacco casa non dominante;2.67;8.44;13.0;8.0;4.32;10.8;10.8;7.27;8.0;7.3;2.3.0
2026-10-10;Sweden_Division2_VastraGotaland;Kongahalla;Qviding;80.45;ALTA;27;2026-10-10;Sweden_Division2_VastraGotaland;Sweden_Division2_VastraGotaland;;PRO: attacco casa positivo | attacco trasferta positivo | difesa trasferta vulnerabile | difesa casa vulnerabile | trend over recente casa | trend over recente trasferta | profilo over interno positivo | profilo over esterno positivo | alta tendenza BTTS || CONTRO: v22 monitora possibile sopravvalutazione weak_ga;1.85;8.62;13.0;6.82;9.28;8.4;8.4;6.67;9.17;8.25;2.3.0
2026-10-10;England_Championship;Middlesbrough;Wolves;80.44;ALTA;10;2026-10-10;England_Championship;England_Championship;;PRO: attacco casa positivo | attacco trasferta positivo | difesa trasferta vulnerabile | trend over recente casa | trend over recente trasferta | profilo over interno positivo | profilo over esterno positivo | alta tendenza BTTS || CONTRO: v22 monitora possibile sopravvalutazione weak_ga;1.57;12.66;11.82;5.19;6.82;8.57;8.0;10.0;6.67;9.14;2.3.0
2026-10-10;England_NPLPremierDivision;Warrington;Lancaster;80.4;ALTA;13;2026-10-10;England_NPLPremierDivision;England_NPLPremierDivision;;PRO: attacco casa positivo | difesa trasferta vulnerabile | difesa casa vulnerabile | trend over recente casa | trend over recente trasferta | profilo over interno positivo | profilo over esterno positivo | alta tendenza BTTS || CONTRO: ospite poco prolifico: rischio 1-0 / 2-0 | v22 monitora possibile sopravvalutazione weak_ga;0.86;11.82;7.88;5.82;9.09;10.8;9.6;8.0;8.33;8.2;2.3.0
2026-10-10;Norway_3rdDivision_Group1;Ready;Union Carl Berner;80.24;ALTA;28;2026-10-10;Norway_3rdDivision_Group1;Norway_3rdDivision_Group1;;PRO: attacco casa positivo | attacco trasferta positivo | difesa trasferta vulnerabile | difesa casa vulnerabile | trend over recente casa | trend over recente trasferta | profilo over interno positivo | profilo over esterno positivo | alta tendenza BTTS || CONTRO: v22 monitora possibile sopravvalutazione weak_ga;0.46;13.0;10.74;7.27;6.61;10.8;8.4;8.33;6.36;8.25;2.3.0
2026-10-10;Germany_Oberliga_RheinlandPfalzSaar;Diefflen;Worms;80.21;ALTA;15;2026-10-10;Germany_Oberliga_RheinlandPfalzSaar;Germany_Oberliga_RheinlandPfalzSaar;;PRO: attacco trasferta positivo | difesa trasferta vulnerabile | difesa casa vulnerabile | trend over recente casa | trend over recente trasferta | profilo over interno positivo | profilo over esterno positivo | alta tendenza BTTS || CONTRO: attacco casa non dominante | v22 monitora possibile sopravvalutazione weak_ga;2.82;5.91;13.0;8.0;9.09;8.4;10.8;6.0;8.0;8.18;2.3.0
2026-10-10;Russia_FNL;Pari NN;Yenisey;80.07;ALTA;15;2026-10-10;Russia_FNL;Russia_FNL;;PRO: attacco casa positivo | difesa trasferta vulnerabile | trend over recente casa | trend over recente trasferta | profilo over interno positivo | profilo over esterno positivo | alta tendenza BTTS || CONTRO: ospite poco prolifico: rischio 1-0 / 2-0 | v22 monitora possibile sopravvalutazione weak_ga;3.53;13.0;7.39;4.24;7.58;10.8;7.2;10.0;8.33;8.0;2.3.0
2026-10-10;Norway_3rdDivision_Group1;Lokomotiv Oslo;Konnerud;80.06;ALTA;28;2026-10-10;Norway_3rdDivision_Group1;Norway_3rdDivision_Group1;;PRO: attacco casa positivo | attacco trasferta positivo | difesa trasferta vulnerabile | difesa casa vulnerabile | trend over recente casa | trend over recente trasferta | profilo over interno positivo | profilo over esterno positivo | alta tendenza BTTS || CONTRO: v22 monitora possibile sopravvalutazione weak_ga;1.38;10.79;8.99;8.0;10.0;10.8;7.2;6.36;8.18;8.35;2.3.0
2026-10-10;Austria_Regionalliga_North;Leonfelden;Saalfelden;79.85;ALTA;13;2026-10-10;Austria_Regionalliga_North;Austria_Regionalliga_North;;PRO: attacco casa positivo | difesa trasferta vulnerabile | difesa casa vulnerabile | trend over recente casa | trend over recente trasferta | profilo over interno positivo | profilo over esterno positivo | alta tendenza BTTS || CONTRO: ospite poco prolifico: rischio 1-0 / 2-0 | v22 monitora possibile sopravvalutazione weak_ga;1.38;10.05;7.09;8.0;10.0;8.4;9.6;8.33;8.0;9.0;2.3.0
2026-10-10;Estonia_Esiliiga;Flora U21;FC Tallinn;79.83;ALTA;35;2026-10-10;Estonia_Esiliiga;Estonia_Esiliiga;;PRO: attacco casa positivo | difesa trasferta vulnerabile | difesa casa vulnerabile | trend over recente casa | profilo over interno positivo | profilo over esterno positivo | alta tendenza BTTS || CONTRO: ospite poco prolifico: rischio 1-0 / 2-0 | v22 monitora possibile sopravvalutazione weak_ga | trend over trasferta non forte;4.67;13.0;7.68;6.57;9.85;9.6;4.8;10.0;6.0;7.66;2.3.0
2026-10-10;Norway_3rdDivision_Group3;Austevoll;Forde;79.81;ALTA;25;2026-10-10;Norway_3rdDivision_Group3;Norway_3rdDivision_Group3;;PRO: attacco casa positivo | attacco trasferta positivo | difesa trasferta vulnerabile | difesa casa vulnerabile | trend over recente casa | trend over recente trasferta | profilo over interno positivo | profilo over esterno positivo | alta tendenza BTTS || CONTRO: v22 monitora possibile sopravvalutazione weak_ga;0.46;11.05;11.05;7.75;9.68;7.2;9.6;7.27;8.18;7.57;2.3.0
2026-10-10;Germany_Oberliga_NOFV_Sud;1.FC Frankfurt;Halberstadt;79.79;ALTA;7;2026-10-10;Germany_Oberliga_NOFV_Sud;Germany_Oberliga_NOFV_Sud;;PRO: attacco trasferta positivo | difesa casa vulnerabile | trend over recente casa | trend over recente trasferta | profilo over interno positivo | profilo over esterno positivo || CONTRO: attacco casa non dominante | BTTS basso: possibile partita a senso unico;5.2;6.89;13.0;8.0;3.03;10.0;10.0;10.0;6.67;7.0;2.3.0
2026-10-10;Sweden_Division2_SodraSvealand;Haninge;Nacka FC;79.77;ALTA;25;2026-10-10;Sweden_Division2_SodraSvealand;Sweden_Division2_SodraSvealand;;PRO: attacco casa positivo | attacco trasferta positivo | difesa trasferta vulnerabile | difesa casa vulnerabile | trend over recente casa | profilo over interno positivo | profilo over esterno positivo | alta tendenza BTTS || CONTRO: v22 monitora possibile sopravvalutazione weak_ga | trend over trasferta non forte;3.23;13.0;8.62;6.82;10.0;9.6;6.0;7.5;7.5;7.5;2.3.0
2026-10-10;FaroeIslands_1Deild;FC Suduroy;HB Torshavn 2;79.68;ALTA;26;2026-10-10;FaroeIslands_1Deild;FaroeIslands_1Deild;;PRO: attacco casa positivo | difesa trasferta vulnerabile | difesa casa vulnerabile | trend over recente casa | trend over recente trasferta | profilo over interno positivo | profilo over esterno positivo | alta tendenza BTTS || CONTRO: ospite poco prolifico: rischio 1-0 / 2-0 | v22 monitora possibile sopravvalutazione weak_ga;4.0;13.0;7.45;5.37;8.1;9.6;8.4;10.0;6.36;7.39;2.3.0
2026-10-10;Norway_3rdDivision_Group2;Orkla;FK Kvik;79.53;ALTA;26;2026-10-10;Norway_3rdDivision_Group2;Norway_3rdDivision_Group2;;PRO: attacco casa positivo | attacco trasferta positivo | difesa trasferta vulnerabile | difesa casa vulnerabile | trend over recente casa | profilo over interno positivo | profilo over esterno positivo | alta tendenza BTTS || CONTRO: v22 monitora possibile sopravvalutazione weak_ga | trend over trasferta non forte;0.92;10.74;8.6;8.0;10.0;12.0;6.0;9.09;6.0;8.18;2.3.0
2026-10-10;Moldova_Liga1_GroupA;Sparta Selemet;Iskra Ribnita;79.43;ALTA;7;2026-10-10;Moldova_Liga1_GroupA;Moldova_Liga1_GroupA;Moldova_Liga1;PRO: attacco trasferta positivo | difesa casa vulnerabile | trend over recente casa | trend over recente trasferta | profilo over interno positivo | profilo over esterno positivo | alta tendenza BTTS || CONTRO: attacco casa non dominante;6.0;7.39;13.0;8.0;4.55;10.5;7.5;7.5;7.5;7.5;2.3.0
2026-10-10;Finland_Kakkonen_GroupC;Hercules;TP-47;79.37;ALTA;22;2026-10-10;Finland_Kakkonen_GroupC;Finland_Kakkonen_GroupC;;PRO: attacco casa positivo | attacco trasferta positivo | difesa trasferta vulnerabile | difesa casa vulnerabile | trend over recente casa | trend over recente trasferta | profilo over interno positivo | alta tendenza BTTS || CONTRO: v22 monitora possibile sopravvalutazione weak_ga | profilo over esterno debole;1.33;10.26;10.26;8.0;8.37;9.6;8.4;10.0;5.56;7.58;2.3.0
2026-10-10;Belgium_ChallengerProLeague;Beerschot VA;RFC Liege;79.35;ALTA;7;2026-10-10;Belgium_ChallengerProLeague;Belgium_ChallengerProLeague;;PRO: attacco casa positivo | attacco trasferta positivo | difesa trasferta vulnerabile | trend over recente casa | trend over recente trasferta | profilo over interno positivo | profilo over esterno positivo | alta tendenza BTTS || CONTRO: v22 monitora possibile sopravvalutazione weak_ga;3.2;13.0;9.85;2.18;9.85;7.2;10.0;10.0;6.67;7.4;2.3.0
2026-10-10;Finland_Kakkonen_GroupC;Vaajakoski;SJK Akatemia 2;79.34;ALTA;22;2026-10-10;Finland_Kakkonen_GroupC;Finland_Kakkonen_GroupC;;PRO: attacco casa positivo | attacco trasferta positivo | difesa trasferta vulnerabile | difesa casa vulnerabile | trend over recente casa | trend over recente trasferta | profilo over interno positivo | profilo over esterno positivo || CONTRO: v22 monitora possibile sopravvalutazione weak_ga | BTTS basso: possibile partita a senso unico;0.67;10.57;8.71;8.0;10.0;9.6;9.6;6.67;8.89;6.63;2.3.0
2026-10-10;Norway_3rdDivision_Group6;Orn;Lillehammer;79.31;ALTA;24;2026-10-10;Norway_3rdDivision_Group6;Norway_3rdDivision_Group6;;PRO: attacco casa positivo | attacco trasferta positivo | difesa trasferta vulnerabile | difesa casa vulnerabile | trend over recente trasferta | profilo over interno positivo | profilo over esterno positivo | alta tendenza BTTS || CONTRO: v22 monitora possibile sopravvalutazione weak_ga | trend over casa non forte;2.31;11.82;13.0;5.79;6.92;6.0;10.8;6.36;8.33;7.98;2.3.0
2026-10-10;Germany_Oberliga_RheinlandPfalzSaar;Cosmos Koblenz;Gonsenheim;79.24;ALTA;15;2026-10-10;Germany_Oberliga_RheinlandPfalzSaar;Germany_Oberliga_RheinlandPfalzSaar;;PRO: attacco casa positivo | attacco trasferta positivo | difesa casa vulnerabile | trend over recente casa | trend over recente trasferta | profilo over interno positivo | profilo over esterno positivo | alta tendenza BTTS || CONTRO: nessun contro rilevante;2.47;10.74;13.0;7.6;5.79;10.8;7.2;8.0;6.0;7.64;2.3.0
2026-10-10;Italy_SerieC_GironeB;Vis Pesaro;Grosseto;79.23;ALTA;9;2026-10-10;Italy_SerieC_GironeB;Italy_SerieC_GironeB;;PRO: attacco trasferta positivo | difesa casa vulnerabile | trend over recente casa | profilo over interno positivo | profilo over esterno positivo | alta tendenza BTTS || CONTRO: attacco casa non dominante | trend over trasferta non forte;5.37;7.88;10.34;8.0;3.98;12.0;6.0;10.0;6.67;9.0;2.3.0
2026-10-10;Denmark_3rdDivision;BK Frem;Næsby;79.11;ALTA;11;2026-10-10;Denmark_3rdDivision;Denmark_3rdDivision;;PRO: attacco casa positivo | attacco trasferta positivo | difesa casa vulnerabile | trend over recente casa | trend over recente trasferta | profilo over interno positivo | profilo over esterno positivo | alta tendenza BTTS || CONTRO: nessun contro rilevante;3.27;10.05;11.82;6.91;6.36;8.4;8.4;7.5;8.0;8.4;2.3.0
2026-10-10;Germany_Regionalliga_West;Bergisch Gladbach;Schalke 2;79.06;ALTA;13;2026-10-10;Germany_Regionalliga_West;Germany_Regionalliga_West;;PRO: attacco casa positivo | attacco trasferta positivo | difesa trasferta vulnerabile | difesa casa vulnerabile | trend over recente casa | trend over recente trasferta | profilo over interno positivo | profilo over esterno positivo | alta tendenza BTTS || CONTRO: v22 monitora possibile sopravvalutazione weak_ga;0.71;10.21;11.82;7.27;9.09;9.6;8.4;6.0;8.0;7.96;2.3.0
2026-10-10;Poland_Ekstraklasa;Slask;Lech;78.97;ALTA;12;2026-10-10;Poland_Ekstraklasa;Poland_Ekstraklasa;;PRO: attacco trasferta positivo | difesa casa vulnerabile | trend over recente casa | trend over recente trasferta | profilo over interno positivo | profilo over esterno positivo | alta tendenza BTTS || CONTRO: attacco casa non dominante;4.24;7.22;12.56;6.06;3.98;9.33;9.0;7.5;10.0;9.08;2.3.0
2026-10-10;Austria_Regionalliga_West;Lauterach;Wolfurt;78.95;ALTA;12;2026-10-10;Austria_Regionalliga_West;Austria_Regionalliga_West;;PRO: attacco casa positivo | difesa trasferta vulnerabile | difesa casa vulnerabile | trend over recente casa | trend over recente trasferta | profilo over interno positivo | profilo over esterno positivo | alta tendenza BTTS || CONTRO: ospite poco prolifico: rischio 1-0 / 2-0 | v22 monitora possibile sopravvalutazione weak_ga;0.8;8.86;7.09;8.0;10.0;8.4;10.8;6.0;10.0;9.0;2.3.0
2026-10-10;Wales_CymruSouth;Baglan Dragons;Pontypridd;78.9;ALTA;11;2026-10-10;Wales_CymruSouth;Wales_CymruSouth;Wales_CymruTier2;PRO: attacco trasferta positivo | difesa trasferta vulnerabile | trend over recente casa | trend over recente trasferta | profilo over interno positivo | profilo over esterno positivo | alta tendenza BTTS || CONTRO: attacco casa non dominante | v22 monitora possibile sopravvalutazione weak_ga;1.2;7.22;13.0;4.44;7.95;8.0;10.5;8.0;10.0;8.58;2.3.0
2026-10-10;Norway_3rdDivision_Group3;Varegg;Stord;78.77;ALTA;25;2026-10-10;Norway_3rdDivision_Group3;Norway_3rdDivision_Group3;;PRO: attacco casa positivo | attacco trasferta positivo | difesa trasferta vulnerabile | difesa casa vulnerabile | trend over recente casa | trend over recente trasferta | alta tendenza BTTS || CONTRO: v22 monitora possibile sopravvalutazione weak_ga | profilo over interno debole | profilo over esterno debole;0.46;9.4;10.79;7.11;10.0;10.8;9.6;5.45;5.83;9.32;2.3.0
2026-10-10;Norway_3rdDivision_Group5;Alta;Skjervoy;78.67;ALTA;26;2026-10-10;Norway_3rdDivision_Group5;Norway_3rdDivision_Group5;;PRO: attacco casa positivo | attacco trasferta positivo | difesa trasferta vulnerabile | trend over recente casa | trend over recente trasferta | profilo over interno positivo | alta tendenza BTTS || CONTRO: v22 monitora possibile sopravvalutazione weak_ga | profilo over esterno debole;2.77;13.0;9.51;5.12;10.0;8.4;8.4;8.18;5.83;7.46;2.3.0
2026-10-10;Estonia_EsiliigaB;Tartu Kalev;Levadia U19;78.66;ALTA;33;2026-10-10;Estonia_EsiliigaB;Estonia_EsiliigaB;;PRO: attacco casa positivo | attacco trasferta positivo | difesa trasferta vulnerabile | difesa casa vulnerabile | trend over recente casa | trend over recente trasferta | profilo over interno positivo | profilo over esterno positivo || CONTRO: v22 monitora possibile sopravvalutazione weak_ga | BTTS basso: possibile partita a senso unico;1.33;13.0;13.0;7.03;7.88;8.4;7.2;6.88;7.14;6.8;2.3.0
2026-10-10;France_Ligue1;PSG;Le Mans;78.65;IMM-ALTA-9;6;2026-10-10;France_Ligue1;France_Ligue1;;PRO: attacco casa positivo | attacco trasferta positivo | difesa trasferta vulnerabile | trend over recente casa | trend over recente trasferta | profilo over interno positivo | alta tendenza BTTS || CONTRO: v22 monitora possibile sopravvalutazione weak_ga | profilo over esterno debole;1.41;9.45;10.34;5.09;7.95;9.6;9.0;10.0;5.0;10.8;2.3.0
2026-10-10;Poland_IIILiga_Group1;Elblag;Mlawa;78.48;ALTA;12;2026-10-10;Poland_IIILiga_Group1;Poland_IIILiga_Group1;;PRO: attacco casa positivo | attacco trasferta positivo | difesa trasferta vulnerabile | difesa casa vulnerabile | trend over recente casa | trend over recente trasferta | profilo over interno positivo | profilo over esterno positivo | alta tendenza BTTS || CONTRO: v22 monitora possibile sopravvalutazione weak_ga;0.92;8.6;11.82;6.61;10.0;8.4;8.4;6.67;8.33;8.73;2.3.0
2026-10-10;Denmark_3rdDivision;Ringsted;Horsholm-Usserod;78.42;ALTA;11;2026-10-10;Denmark_3rdDivision;Denmark_3rdDivision;;PRO: attacco trasferta positivo | difesa trasferta vulnerabile | difesa casa vulnerabile | trend over recente casa | trend over recente trasferta | profilo over interno positivo | profilo over esterno positivo | alta tendenza BTTS || CONTRO: attacco casa non dominante | v22 monitora possibile sopravvalutazione weak_ga;2.18;7.68;11.82;8.0;8.64;8.4;7.2;8.0;7.5;9.0;2.3.0
2026-10-10;England_NPLPremierDivision;Avro;Guiseley;78.39;ALTA;13;2026-10-10;England_NPLPremierDivision;England_NPLPremierDivision;;PRO: attacco casa positivo | attacco trasferta positivo | difesa casa vulnerabile | trend over recente casa | trend over recente trasferta | profilo over interno positivo | alta tendenza BTTS || CONTRO: profilo over esterno debole;0.57;13.0;12.89;6.91;4.55;9.6;8.4;10.0;5.0;7.47;2.3.0
2026-10-10;Latvia_NakotnesLiga;Skanste;Alberts JDFS;78.37;ALTA;24;2026-10-10;Latvia_NakotnesLiga;Latvia_NakotnesLiga;;PRO: attacco casa positivo | attacco trasferta positivo | difesa trasferta vulnerabile | difesa casa vulnerabile | trend over recente casa | trend over recente trasferta | profilo over interno positivo | profilo over esterno positivo | alta tendenza BTTS || CONTRO: v22 monitora possibile sopravvalutazione weak_ga;1.38;12.1;11.82;7.27;6.71;9.6;7.2;7.0;7.0;8.29;2.3.0
2026-10-10;Austria_Tirol;SC Mils 05;SC Kundl;78.3;ALTA;12;2026-10-10;Austria_Tirol;Austria_Tirol;;PRO: attacco trasferta positivo | difesa casa vulnerabile | trend over recente casa | trend over recente trasferta | profilo over interno positivo | profilo over esterno positivo | alta tendenza BTTS || CONTRO: attacco casa non dominante;2.77;8.27;13.0;6.55;5.91;7.2;10.8;6.0;10.0;7.8;2.3.0
2026-10-10;Germany_Regionalliga_West;Westfalia Rhynern;Hilden;78.27;ALTA;13;2026-10-10;Germany_Regionalliga_West;Germany_Regionalliga_West;;PRO: attacco casa positivo | attacco trasferta positivo | difesa trasferta vulnerabile | difesa casa vulnerabile | trend over recente casa | trend over recente trasferta | profilo over interno positivo | profilo over esterno positivo | alta tendenza BTTS || CONTRO: v22 monitora possibile sopravvalutazione weak_ga;3.18;10.74;8.6;7.27;9.5;9.6;7.2;8.0;6.0;8.18;2.3.0
2026-10-10;CzechRepublic_4Liga_GroupC;Vykan;Prepere;78.17;ALTA;11;2026-10-10;CzechRepublic_4Liga_GroupC;CzechRepublic_4Liga_GroupC;CzechRepublic_4Liga;PRO: attacco casa positivo | attacco trasferta positivo | difesa casa vulnerabile | trend over recente casa | trend over recente trasferta | profilo over interno positivo | alta tendenza BTTS || CONTRO: profilo over esterno debole;6.0;11.82;13.0;6.46;5.05;9.33;8.0;8.0;2.5;8.0;2.3.0
2026-10-10;CzechRepublic_4Liga_GroupE;Hluk;FK Kozlovice;78.15;ALTA;10;2026-10-10;CzechRepublic_4Liga_GroupE;CzechRepublic_4Liga_GroupE;CzechRepublic_4Liga;PRO: attacco casa positivo | attacco trasferta positivo | trend over recente casa | profilo over interno positivo | alta tendenza BTTS || CONTRO: trend over trasferta non forte | profilo over esterno debole;6.0;13.0;13.0;4.44;4.04;8.0;6.67;10.0;5.0;8.0;2.3.0
2026-10-10;Germany_Bundesliga;Augusta;Bayern;77.93;IMM-ALTA-8;5;2026-10-10;Germany_Bundesliga;Germany_Bundesliga;;PRO: attacco casa positivo | attacco trasferta positivo | difesa casa vulnerabile | trend over recente casa | trend over recente trasferta | profilo over interno positivo | alta tendenza BTTS || CONTRO: profilo over esterno debole;0.71;13.0;13.0;5.45;2.27;12.0;9.0;10.0;5.0;7.5;2.3.0
2026-10-10;Germany_Oberliga_Bayern_Nord;Aschaffenburg;Fortuna Regensburg;77.89;ALTA;18;2026-10-10;Germany_Oberliga_Bayern_Nord;Germany_Oberliga_Bayern_Nord;;PRO: attacco casa positivo | attacco trasferta positivo | difesa trasferta vulnerabile | difesa casa vulnerabile | trend over recente casa | trend over recente trasferta | profilo over interno positivo | alta tendenza BTTS || CONTRO: v22 monitora possibile sopravvalutazione weak_ga | profilo over esterno debole;1.41;11.36;13.0;5.59;7.34;9.6;9.6;6.67;5.0;8.31;2.3.0
2026-10-10;England_IsthmianLeaguePremierDivision;Enfield Town;Dulwich Hamlet;77.89;ALTA;23;2026-10-10;England_IsthmianLeaguePremierDivision;England_IsthmianLeaguePremierDivision;;PRO: attacco casa positivo | attacco trasferta positivo | trend over recente casa | trend over recente trasferta | profilo over interno positivo | profilo over esterno positivo | alta tendenza BTTS || CONTRO: nessun contro rilevante;1.43;13.0;13.0;4.85;5.11;10.67;7.5;8.0;6.67;7.67;2.3.0
2026-10-10;CzechRepublic_4Liga_GroupE;Batov;Vsechovice;77.79;ALTA;10;2026-10-10;CzechRepublic_4Liga_GroupE;CzechRepublic_4Liga_GroupE;CzechRepublic_4Liga;PRO: attacco trasferta positivo | difesa casa vulnerabile | trend over recente casa | trend over recente trasferta | profilo over interno positivo | profilo over esterno positivo || CONTRO: attacco casa non dominante | BTTS basso: possibile partita a senso unico;6.0;5.91;13.0;8.0;4.55;9.33;9.33;7.5;7.5;6.67;2.3.0
2026-10-10;Slovakia_2Liga;Povazska Bystrica;Presov;77.79;ALTA;12;2026-10-10;Slovakia_2Liga;Slovakia_2Liga;;PRO: attacco casa positivo | difesa trasferta vulnerabile | difesa casa vulnerabile | trend over recente casa | profilo over interno positivo | profilo over esterno positivo | alta tendenza BTTS || CONTRO: ospite poco prolifico: rischio 1-0 / 2-0 | v22 monitora possibile sopravvalutazione weak_ga | trend over trasferta non forte;1.2;12.36;8.06;6.28;6.61;10.8;6.0;10.0;6.67;9.82;2.3.0
2026-10-10;Poland_IIILiga_Group4;Moravia Morawica;Wisloka Debica;77.77;ALTA;11;2026-10-10;Poland_IIILiga_Group4;Poland_IIILiga_Group4;;PRO: attacco trasferta positivo | difesa casa vulnerabile | trend over recente casa | trend over recente trasferta | profilo over interno positivo | profilo over esterno positivo | alta tendenza BTTS || CONTRO: attacco casa non dominante;5.29;7.68;8.86;7.27;5.45;9.6;8.4;10.0;8.0;7.2;2.3.0
2026-10-10;Austria_Regionalliga_West;Kufstein;Altach U21;77.54;ALTA;12;2026-10-10;Austria_Regionalliga_West;Austria_Regionalliga_West;;PRO: attacco trasferta positivo | difesa trasferta vulnerabile | difesa casa vulnerabile | trend over recente casa | trend over recente trasferta | profilo over interno positivo | profilo over esterno positivo | alta tendenza BTTS || CONTRO: attacco casa non dominante | v22 monitora possibile sopravvalutazione weak_ga;1.2;7.09;8.86;6.18;10.0;8.4;9.6;8.0;8.0;10.2;2.3.0
2026-10-10;Peru_Liga1_Clausura;AD Tarma;FC Cajamarca;77.51;ALTA;13;2026-10-10;Peru_Liga1_Clausura;Peru_Liga1_Clausura;;PRO: attacco trasferta positivo | difesa trasferta vulnerabile | difesa casa vulnerabile | trend over recente trasferta | profilo over interno positivo | profilo over esterno positivo | alta tendenza BTTS || CONTRO: attacco casa non dominante | v22 monitora possibile sopravvalutazione weak_ga | trend over casa non forte;1.41;4.6;11.16;7.68;10.0;6.67;10.67;6.0;10.0;9.33;2.3.0
2026-10-10;Austria_Salzburg;SAK 1914;Union Henndorf;77.45;ALTA;13;2026-10-10;Austria_Salzburg;Austria_Salzburg;;PRO: attacco casa positivo | attacco trasferta positivo | difesa trasferta vulnerabile | trend over recente trasferta | profilo over esterno positivo | alta tendenza BTTS || CONTRO: v22 monitora possibile sopravvalutazione weak_ga | trend over casa non forte | profilo over interno debole;1.6;8.86;13.0;5.09;10.0;6.0;10.8;2.5;10.0;9.6;2.3.0
2026-10-10;France_Ligue1;Lorient;Paris FC;77.45;IMM-ALTA-8;6;2026-10-10;France_Ligue1;France_Ligue1;;PRO: attacco trasferta positivo | difesa casa vulnerabile | trend over recente casa | trend over recente trasferta | profilo over interno positivo | profilo over esterno positivo | alta tendenza BTTS || CONTRO: attacco casa non dominante;3.88;7.39;11.82;5.45;3.41;9.0;9.0;10.0;10.0;7.5;2.3.0
2026-10-10;Austria_Tirol;Stubai;Ebbs;77.29;ALTA;12;2026-10-10;Austria_Tirol;Austria_Tirol;;PRO: attacco trasferta positivo | difesa trasferta vulnerabile | difesa casa vulnerabile | trend over recente casa | trend over recente trasferta | profilo over esterno positivo | alta tendenza BTTS || CONTRO: attacco casa non dominante | v22 monitora possibile sopravvalutazione weak_ga | profilo over interno debole;1.38;7.09;13.0;7.64;8.18;8.4;10.8;5.0;8.0;7.8;2.3.0
2026-10-10;Poland_IIILiga_Group2;Wrzesnia;Grom Nowy Staw;77.27;ALTA;12;2026-10-10;Poland_IIILiga_Group2;Poland_IIILiga_Group2;;PRO: attacco trasferta positivo | difesa trasferta vulnerabile | difesa casa vulnerabile | trend over recente trasferta | profilo over interno positivo | profilo over esterno positivo | alta tendenza BTTS || CONTRO: attacco casa non dominante | v22 monitora possibile sopravvalutazione weak_ga | trend over casa non forte;2.31;5.91;13.0;7.6;10.0;4.8;10.8;6.67;8.0;8.18;2.3.0
2026-10-10;Wales_CymruNorth;Holyhead;Caersws;77.19;ALTA;11;2026-10-10;Wales_CymruNorth;Wales_CymruNorth;Wales_CymruTier2;PRO: attacco trasferta positivo | difesa trasferta vulnerabile | difesa casa vulnerabile | trend over recente casa | trend over recente trasferta | profilo over interno positivo | profilo over esterno positivo || CONTRO: attacco casa non dominante | v22 monitora possibile sopravvalutazione weak_ga | BTTS basso: possibile partita a senso unico;6.0;6.65;13.0;7.73;6.82;7.5;7.5;6.0;10.0;6.0;2.3.0
2026-10-10;Austria_Karnten;Lendorf;Matrei;77.15;ALTA;13;2026-10-10;Austria_Karnten;Austria_Karnten;;PRO: attacco casa positivo | attacco trasferta positivo | difesa trasferta vulnerabile | difesa casa vulnerabile | trend over recente casa | trend over recente trasferta | alta tendenza BTTS || CONTRO: v22 monitora possibile sopravvalutazione weak_ga | profilo over interno debole | profilo over esterno debole;0.92;13.0;12.41;6.55;7.27;9.6;8.4;5.0;5.0;9.0;2.3.0
2026-10-10;Austria_Karnten;SC Landskron;KAC 1909;77.14;ALTA;13;2026-10-10;Austria_Karnten;Austria_Karnten;;PRO: attacco casa positivo | attacco trasferta positivo | difesa casa vulnerabile | trend over recente casa | trend over recente trasferta | profilo over esterno positivo | alta tendenza BTTS || CONTRO: profilo over interno debole;1.85;13.0;13.0;7.64;5.45;8.4;8.4;5.0;6.0;8.4;2.3.0
2026-10-10;Poland_IIILiga_Group3;Legnica 2;Rakow 2;77.14;ALTA;12;2026-10-10;Poland_IIILiga_Group3;Poland_IIILiga_Group3;;PRO: attacco casa positivo | difesa trasferta vulnerabile | difesa casa vulnerabile | trend over recente casa | profilo over interno positivo | profilo over esterno positivo | alta tendenza BTTS || CONTRO: ospite poco prolifico: rischio 1-0 / 2-0 | v22 monitora possibile sopravvalutazione weak_ga | trend over trasferta non forte;2.77;13.0;7.88;6.94;8.59;9.6;6.67;6.0;8.0;7.7;2.3.0
2026-10-10;Sweden_Division2_SodraSvealand;Syrianska;Farsta;77.06;ALTA;25;2026-10-10;Sweden_Division2_SodraSvealand;Sweden_Division2_SodraSvealand;;PRO: attacco casa positivo | attacco trasferta positivo | difesa casa vulnerabile | trend over recente casa | trend over recente trasferta | profilo over interno positivo | alta tendenza BTTS || CONTRO: profilo over esterno debole;4.62;9.36;12.06;7.88;4.92;8.4;8.4;8.33;5.83;7.25;2.3.0
2026-10-10;Germany_Oberliga_RheinlandPfalzSaar;Pirmasens;Elversberg 2;76.94;ALTA;15;2026-10-10;Germany_Oberliga_RheinlandPfalzSaar;Germany_Oberliga_RheinlandPfalzSaar;;PRO: attacco casa positivo | difesa trasferta vulnerabile | difesa casa vulnerabile | trend over recente casa | trend over recente trasferta | profilo over interno positivo | profilo over esterno positivo | alta tendenza BTTS || CONTRO: ospite poco prolifico: rischio 1-0 / 2-0 | v22 monitora possibile sopravvalutazione weak_ga;3.88;13.0;8.06;5.95;8.26;8.4;7.2;8.0;6.0;8.18;2.3.0
2026-10-10;Belarus_PershayaLiga;Soligorsk;BumProm Gomel;76.87;ALTA;30;2026-10-10;Belarus_PershayaLiga;Belarus_PershayaLiga;;PRO: attacco casa positivo | attacco trasferta positivo | difesa trasferta vulnerabile | difesa casa vulnerabile | trend over recente casa | trend over recente trasferta | profilo over interno positivo | profilo over esterno positivo | alta tendenza BTTS || CONTRO: v22 monitora possibile sopravvalutazione weak_ga;0.35;11.38;11.38;5.93;6.9;8.4;12.0;6.15;6.15;8.22;2.3.0
2026-10-10;Latvia_NakotnesLiga;Valmiera;Super Nova 2;76.76;ALTA;24;2026-10-10;Latvia_NakotnesLiga;Latvia_NakotnesLiga;;PRO: attacco casa positivo | difesa trasferta vulnerabile | difesa casa vulnerabile | trend over recente casa | profilo over interno positivo | alta tendenza BTTS || CONTRO: ospite poco prolifico: rischio 1-0 / 2-0 | v22 monitora possibile sopravvalutazione weak_ga | trend over trasferta non forte | profilo over esterno debole;3.23;13.0;7.88;5.71;6.93;12.0;6.0;8.89;4.55;8.57;2.3.0
2026-10-10;Norway_3rdDivision_Group6;Fram;Brumunddal;76.76;ALTA;24;2026-10-10;Norway_3rdDivision_Group6;Norway_3rdDivision_Group6;;PRO: attacco casa positivo | difesa trasferta vulnerabile | difesa casa vulnerabile | trend over recente casa | trend over recente trasferta | profilo over esterno positivo | alta tendenza BTTS || CONTRO: ospite poco prolifico: rischio 1-0 / 2-0 | v22 monitora possibile sopravvalutazione weak_ga | profilo over interno debole;0.46;10.48;6.71;8.0;10.0;8.4;10.8;4.55;10.0;7.36;2.3.0
2026-10-10;Germany_Oberliga_Bayern_Sud;Ismaning;Heimstetten;76.72;ALTA;15;2026-10-10;Germany_Oberliga_Bayern_Sud;Germany_Oberliga_Bayern_Sud;;PRO: attacco casa positivo | attacco trasferta positivo | difesa trasferta vulnerabile | difesa casa vulnerabile | trend over recente casa | trend over recente trasferta | profilo over interno positivo | profilo over esterno positivo || CONTRO: v22 monitora possibile sopravvalutazione weak_ga | BTTS basso: possibile partita a senso unico;0.35;11.82;10.45;5.31;8.39;8.4;8.4;8.33;8.33;6.92;2.3.0
2026-10-10;Germany_Oberliga_Niedersachsen;BSV Rehden;Hemmingen;76.62;ALTA;11;2026-10-10;Germany_Oberliga_Niedersachsen;Germany_Oberliga_Niedersachsen;;PRO: attacco casa positivo | difesa trasferta vulnerabile | trend over recente casa | trend over recente trasferta | profilo over interno positivo | profilo over esterno positivo || CONTRO: ospite poco prolifico: rischio 1-0 / 2-0 | v22 monitora possibile sopravvalutazione weak_ga | BTTS basso: possibile partita a senso unico;2.82;12.56;6.65;4.09;10.0;9.0;10.5;7.5;7.5;6.0;2.3.0
2026-10-10;Sweden_Division2_Norrland;Friska Viljor;IFK Umea;76.62;ALTA;29;2026-10-10;Sweden_Division2_Norrland;Sweden_Division2_Norrland;;PRO: attacco casa positivo | difesa trasferta vulnerabile | difesa casa vulnerabile | trend over recente casa | trend over recente trasferta | profilo over interno positivo | profilo over esterno positivo | alta tendenza BTTS || CONTRO: ospite poco prolifico: rischio 1-0 / 2-0 | v22 monitora possibile sopravvalutazione weak_ga || CONTRO V23: v23: ospite poco prolifico;3.0;12.36;5.06;6.45;10.0;9.6;10.8;7.27;8.0;8.08;2.3.0
2026-10-10;Sweden_Division2_SodraGotaland;Rappe GOIF;Nosaby;76.6;ALTA;30;2026-10-10;Sweden_Division2_SodraGotaland;Sweden_Division2_SodraGotaland;;PRO: attacco trasferta positivo | difesa trasferta vulnerabile | difesa casa vulnerabile | trend over recente casa | trend over recente trasferta | profilo over esterno positivo | alta tendenza BTTS || CONTRO: attacco casa non dominante | v22 monitora possibile sopravvalutazione weak_ga | profilo over interno debole;3.69;6.16;11.08;8.0;7.39;8.4;10.8;5.0;8.33;7.75;2.3.0
2026-10-10;Austria_Vorarlberg;Feldkirch;Admira Dornbirn;76.59;ALTA;9;2026-10-10;Austria_Vorarlberg;Austria_Vorarlberg;fourth tier;PRO: attacco trasferta positivo | difesa trasferta vulnerabile | difesa casa vulnerabile | trend over recente trasferta | profilo over esterno positivo | alta tendenza BTTS || CONTRO: attacco casa non dominante | v22 monitora possibile sopravvalutazione weak_ga | trend over casa non forte | profilo over interno debole;3.23;7.6;13.0;5.71;7.14;5.14;12.0;3.33;10.0;9.43;2.3.0
2026-10-10;Germany_Oberliga_Hessen;Friedberg;Alzenau;76.58;ALTA;14;2026-10-10;Germany_Oberliga_Hessen;Germany_Oberliga_Hessen;;PRO: attacco casa positivo | difesa trasferta vulnerabile | difesa casa vulnerabile | trend over recente casa | trend over recente trasferta | profilo over interno positivo | profilo over esterno positivo | alta tendenza BTTS || CONTRO: ospite poco prolifico: rischio 1-0 / 2-0 | v22 monitora possibile sopravvalutazione weak_ga;2.47;12.31;7.88;5.76;7.2;8.4;8.4;6.67;10.0;7.5;2.3.0
2026-10-10;Switzerland_PromotionLeague;Young Boys 2;Cham;76.57;ALTA;13;2026-10-10;Switzerland_PromotionLeague;Switzerland_PromotionLeague;;PRO: attacco casa positivo | attacco trasferta positivo | difesa casa vulnerabile | trend over recente casa | trend over recente trasferta | profilo over interno positivo | alta tendenza BTTS || CONTRO: profilo over esterno debole;4.15;11.82;9.45;8.0;5.91;10.8;7.2;7.5;3.33;8.4;2.3.0
2026-10-10;Wales_CymruSouth;Aberystwyth;Caerau Ely;76.5;ALTA;11;2026-10-10;Wales_CymruSouth;Wales_CymruSouth;Wales_CymruTier2;PRO: attacco casa positivo | attacco trasferta positivo | difesa trasferta vulnerabile | trend over recente casa | trend over recente trasferta | profilo over esterno positivo | alta tendenza BTTS || CONTRO: v22 monitora possibile sopravvalutazione weak_ga | profilo over interno debole;1.2;11.82;13.0;3.03;7.95;8.0;9.0;5.0;10.0;7.5;2.3.0
2026-10-10;Germany_Bundesliga;Magonza;Leverkusen;76.49;IMM-ALTA-8;5;2026-10-10;Germany_Bundesliga;Germany_Bundesliga;;PRO: attacco casa positivo | attacco trasferta positivo | difesa casa vulnerabile | trend over recente casa | trend over recente trasferta | profilo over esterno positivo || CONTRO: profilo over interno debole | BTTS basso: possibile partita a senso unico;0.35;13.0;13.0;5.45;5.68;9.0;9.0;5.0;10.0;6.0;2.3.0
2026-10-10;England_Championship;Swansea;Norwich;76.48;ALTA;10;2026-10-10;England_Championship;England_Championship;;PRO: attacco casa positivo | attacco trasferta positivo | difesa trasferta vulnerabile | trend over recente casa | trend over recente trasferta | profilo over esterno positivo | alta tendenza BTTS || CONTRO: v22 monitora possibile sopravvalutazione weak_ga | profilo over interno debole;2.87;10.97;13.0;3.12;9.09;8.57;10.29;3.33;6.67;8.57;2.3.0
2026-10-10;England_IsthmianLeaguePremierDivision;Carshalton;St. Albans;76.47;ALTA;23;2026-10-10;England_IsthmianLeaguePremierDivision;England_IsthmianLeaguePremierDivision;;PRO: attacco casa positivo | attacco trasferta positivo | difesa trasferta vulnerabile | difesa casa vulnerabile | trend over recente casa | trend over recente trasferta | profilo over interno positivo | profilo over esterno positivo || CONTRO: v22 monitora possibile sopravvalutazione weak_ga | BTTS basso: possibile partita a senso unico;2.0;9.67;12.56;6.28;7.39;9.6;9.0;6.0;7.5;6.48;2.3.0
2026-10-10;Poland_Division2;S. Wola;Slask 2;76.46;ALTA;11;2026-10-10;Poland_Division2;Poland_Division2;;PRO: attacco casa positivo | attacco trasferta positivo | difesa trasferta vulnerabile | difesa casa vulnerabile | trend over recente casa | trend over recente trasferta | profilo over interno positivo | profilo over esterno positivo || CONTRO: v22 monitora possibile sopravvalutazione weak_ga | BTTS basso: possibile partita a senso unico;0.71;9.45;9.85;7.64;8.59;8.4;8.0;7.5;10.0;6.33;2.3.0
2026-10-10;Norway_3rdDivision_Group3;Askoy;Fana;76.43;ALTA;25;2026-10-10;Norway_3rdDivision_Group3;Norway_3rdDivision_Group3;;PRO: attacco casa positivo | attacco trasferta positivo | difesa trasferta vulnerabile | trend over recente trasferta | profilo over esterno positivo | alta tendenza BTTS || CONTRO: v22 monitora possibile sopravvalutazione weak_ga | trend over casa non forte | profilo over interno debole;0.46;10.53;13.0;4.11;9.3;6.0;12.0;4.17;9.09;7.77;2.3.0
2026-10-10;Latvia_Virsliga;Tukums 2000;Riga FC;76.42;ALTA;34;2026-10-10;Latvia_Virsliga;Latvia_Virsliga;;PRO: attacco casa positivo | attacco trasferta positivo | difesa casa vulnerabile | trend over recente casa | trend over recente trasferta | profilo over interno positivo | profilo over esterno positivo | alta tendenza BTTS || CONTRO: nessun contro rilevante;4.67;8.65;13.0;7.4;4.39;7.2;8.4;7.33;7.14;8.23;2.3.0
2026-10-10;Norway_3rdDivision_Group2;Ntnui;Volda TI;76.37;ALTA;26;2026-10-10;Norway_3rdDivision_Group2;Norway_3rdDivision_Group2;;PRO: attacco casa positivo | attacco trasferta positivo | difesa casa vulnerabile | trend over recente casa | trend over recente trasferta | profilo over interno positivo | alta tendenza BTTS || CONTRO: profilo over esterno debole;4.62;9.13;13.0;7.93;4.96;9.6;8.4;6.36;5.0;7.36;2.3.0
2026-10-10;England_SouthernLeaguePremierCentral;Real Bedford;Bromsgrove;76.31;ALTA;11;2026-10-10;England_SouthernLeaguePremierCentral;England_SouthernLeaguePremierCentral;;PRO: attacco casa positivo | attacco trasferta positivo | trend over recente casa | trend over recente trasferta | profilo over interno positivo | profilo over esterno positivo | alta tendenza BTTS || CONTRO: nessun contro rilevante;0.57;13.0;11.16;4.04;4.04;9.33;8.0;10.0;7.5;8.67;2.3.0
2026-10-10;Belarus_PershayaLiga;Din. Minsk 2;BATE 2;76.29;ALTA;30;2026-10-10;Belarus_PershayaLiga;Belarus_PershayaLiga;;PRO: attacco casa positivo | difesa trasferta vulnerabile | difesa casa vulnerabile | trend over recente casa | trend over recente trasferta | profilo over interno positivo | alta tendenza BTTS || CONTRO: ospite poco prolifico: rischio 1-0 / 2-0 | v22 monitora possibile sopravvalutazione weak_ga | profilo over esterno debole;2.47;9.93;7.88;5.38;10.0;9.6;9.6;7.5;5.38;8.54;2.3.0
2026-10-10;CzechRepublic_4Liga_GroupE;Holesov;Nove Sady;76.25;ALTA;10;2026-10-10;CzechRepublic_4Liga_GroupE;CzechRepublic_4Liga_GroupE;CzechRepublic_4Liga;PRO: attacco casa positivo | difesa trasferta vulnerabile | trend over recente trasferta | profilo over esterno positivo | alta tendenza BTTS || CONTRO: ospite poco prolifico: rischio 1-0 / 2-0 | v22 monitora possibile sopravvalutazione weak_ga | trend over casa non forte | profilo over interno debole;6.0;9.19;7.88;4.85;10.0;6.67;9.33;5.0;10.0;7.33;2.3.0
2026-10-10;Germany_Oberliga_RheinlandPfalzSaar;RW Koblenz;Auersmacher;76.19;ALTA;15;2026-10-10;Germany_Oberliga_RheinlandPfalzSaar;Germany_Oberliga_RheinlandPfalzSaar;;PRO: attacco casa positivo | attacco trasferta positivo | difesa trasferta vulnerabile | difesa casa vulnerabile | trend over recente casa | trend over recente trasferta | profilo over esterno positivo | alta tendenza BTTS || CONTRO: v22 monitora possibile sopravvalutazione weak_ga | profilo over interno debole;0.35;11.28;11.28;5.29;9.92;7.2;9.6;4.0;8.0;9.27;2.3.0
2026-10-10;Poland_IIILiga_Group2;Blekitni Stargard;Lipno Steszew;76.18;ALTA;12;2026-10-10;Poland_IIILiga_Group2;Poland_IIILiga_Group2;;PRO: attacco casa positivo | difesa trasferta vulnerabile | difesa casa vulnerabile | trend over recente casa | trend over recente trasferta | profilo over interno positivo | alta tendenza BTTS || CONTRO: ospite poco prolifico: rischio 1-0 / 2-0 | v22 monitora possibile sopravvalutazione weak_ga | profilo over esterno debole || CONTRO V23: v23: ospite poco prolifico;6.0;13.0;5.91;6.28;9.5;9.6;8.4;6.67;5.0;9.82;2.3.0
2026-10-10;Germany_Regionalliga_Nordost;Jena;Magdeburg 2;76.17;ALTA;13;2026-10-10;Germany_Regionalliga_Nordost;Germany_Regionalliga_Nordost;;PRO: attacco casa positivo | attacco trasferta positivo | difesa trasferta vulnerabile | trend over recente casa | trend over recente trasferta | profilo over interno positivo | profilo over esterno positivo || CONTRO: v22 monitora possibile sopravvalutazione weak_ga | BTTS basso: possibile partita a senso unico;1.06;10.21;10.74;3.64;9.5;7.2;8.4;8.33;10.0;7.09;2.3.0
2026-10-10;Germany_Regionalliga_West;Dortmund 2;Wattenscheid;76.15;ALTA;13;2026-10-10;Germany_Regionalliga_West;Germany_Regionalliga_West;;PRO: attacco casa positivo | attacco trasferta positivo | difesa trasferta vulnerabile | trend over recente casa | trend over recente trasferta | profilo over interno positivo | profilo over esterno positivo | alta tendenza BTTS || CONTRO: v22 monitora possibile sopravvalutazione weak_ga;3.88;12.36;8.6;3.64;8.26;7.2;8.4;8.0;6.0;9.82;2.3.0
2026-10-10;Norway_2ndDivision_Group2;Ull/Kisa;Follo;76.14;ALTA;28;2026-10-10;Norway_2ndDivision_Group2;Norway_2ndDivision_Group2;;PRO: difesa trasferta vulnerabile | difesa casa vulnerabile | trend over recente casa | trend over recente trasferta | profilo over interno positivo | profilo over esterno positivo | alta tendenza BTTS || CONTRO: attacco casa non dominante | ospite poco prolifico: rischio 1-0 / 2-0 | v22 monitora possibile sopravvalutazione weak_ga;0.46;6.98;6.71;8.0;9.5;10.8;8.4;9.09;8.0;8.18;2.3.0
2026-10-10;England_NPLPremierDivision;Emley;Gainsborough;76.09;ALTA;13;2026-10-10;England_NPLPremierDivision;England_NPLPremierDivision;;PRO: attacco trasferta positivo | difesa casa vulnerabile | trend over recente casa | trend over recente trasferta | profilo over interno positivo | profilo over esterno positivo || CONTRO: attacco casa non dominante | BTTS basso: possibile partita a senso unico;2.57;4.92;11.82;7.58;6.36;9.6;8.4;8.33;10.0;6.5;2.3.0
2026-10-10;Germany_Oberliga_BadenWurttemberg;Essingen;Reutlingen;76.07;ALTA;14;2026-10-10;Germany_Oberliga_BadenWurttemberg;Germany_Oberliga_BadenWurttemberg;;PRO: attacco trasferta positivo | difesa casa vulnerabile | trend over recente casa | trend over recente trasferta | profilo over interno positivo | profilo over esterno positivo | alta tendenza BTTS || CONTRO: attacco casa non dominante;3.88;5.91;10.05;6.18;5.45;8.4;8.4;10.0;10.0;7.8;2.3.0
2026-10-10;Denmark_3rdDivision;Vanløse;Holbaek;76.0;ALTA;11;2026-10-10;Denmark_3rdDivision;Denmark_3rdDivision;;PRO: attacco casa positivo | attacco trasferta positivo | difesa trasferta vulnerabile | trend over recente trasferta | profilo over esterno positivo | alta tendenza BTTS || CONTRO: v22 monitora possibile sopravvalutazione weak_ga | trend over casa non forte | profilo over interno debole;1.09;9.45;13.0;3.27;8.18;6.0;12.0;4.0;10.0;9.0;2.3.0
2026-10-10;England_NPLPremierDivision;Whitby;Bamber Bridge;75.85;ALTA;13;2026-10-10;England_NPLPremierDivision;England_NPLPremierDivision;;PRO: attacco casa positivo | attacco trasferta positivo | difesa trasferta vulnerabile | difesa casa vulnerabile | trend over recente casa | trend over recente trasferta | profilo over interno positivo | profilo over esterno positivo | alta tendenza BTTS || CONTRO: v22 monitora possibile sopravvalutazione weak_ga;0.29;9.13;9.36;8.0;10.0;8.4;8.4;6.67;8.33;7.27;2.3.0
2026-10-10;Germany_3Liga;Meppen;Stoccarda 2;75.79;ALTA;9;2026-10-10;Germany_3Liga;Germany_3Liga;;PRO: attacco trasferta positivo | difesa trasferta vulnerabile | difesa casa vulnerabile | trend over recente casa | trend over recente trasferta | profilo over interno positivo | profilo over esterno positivo | alta tendenza BTTS || CONTRO: attacco casa non dominante | v22 monitora possibile sopravvalutazione weak_ga;0.63;6.75;10.13;7.79;9.74;8.57;10.29;6.67;7.5;7.71;2.3.0
2026-10-10;NorthernIreland_NIFLChampionship;Institute;H&W Welders;75.71;ALTA;11;2026-10-10;NorthernIreland_NIFLChampionship;NorthernIreland_NIFLChampionship;;PRO: attacco casa positivo | attacco trasferta positivo | difesa trasferta vulnerabile | difesa casa vulnerabile | trend over recente casa | trend over recente trasferta | profilo over interno positivo | profilo over esterno positivo || CONTRO: v22 monitora possibile sopravvalutazione weak_ga | BTTS basso: possibile partita a senso unico;0.4;11.82;10.64;6.18;7.27;7.2;9.6;6.0;10.0;6.6;2.3.0
2026-10-10;Germany_Oberliga_Hamburg;Dassendorf;Victoria Hamburg;75.69;ALTA;12;2026-10-10;Germany_Oberliga_Hamburg;Germany_Oberliga_Hamburg;;PRO: attacco casa positivo | attacco trasferta positivo | difesa trasferta vulnerabile | trend over recente casa | trend over recente trasferta | profilo over interno positivo | alta tendenza BTTS || CONTRO: v22 monitora possibile sopravvalutazione weak_ga | profilo over esterno debole;0.71;13.0;13.0;4.36;6.82;9.6;7.2;8.0;4.0;9.0;2.3.0
2026-10-10;Germany_Oberliga_Niedersachsen;Braunschweig U23;Verden;75.69;ALTA;11;2026-10-10;Germany_Oberliga_Niedersachsen;Germany_Oberliga_Niedersachsen;;PRO: attacco casa positivo | attacco trasferta positivo | difesa trasferta vulnerabile | difesa casa vulnerabile | trend over recente casa | profilo over interno positivo | alta tendenza BTTS || CONTRO: v22 monitora possibile sopravvalutazione weak_ga | trend over trasferta non forte | profilo over esterno debole;2.12;13.0;8.54;6.46;7.07;9.33;6.67;10.0;2.5;10.0;2.3.0
2026-10-10;Germany_Oberliga_Bayern_Sud;Kirchanschoring;Schwabmunchen;75.67;ALTA;15;2026-10-10;Germany_Oberliga_Bayern_Sud;Germany_Oberliga_Bayern_Sud;;PRO: attacco trasferta positivo | difesa trasferta vulnerabile | difesa casa vulnerabile | trend over recente casa | trend over recente trasferta | profilo over interno positivo | alta tendenza BTTS || CONTRO: attacco casa non dominante | v22 monitora possibile sopravvalutazione weak_ga | profilo over esterno debole;0.71;7.73;11.36;8.0;9.44;8.4;9.6;6.67;5.0;8.77;2.3.0
2026-10-10;Austria_2Liga;A. Salzburg;Floridsdorfer AC;75.61;ALTA;8;2026-10-10;Austria_2Liga;Austria_2Liga;;PRO: attacco casa positivo | attacco trasferta positivo | difesa casa vulnerabile | trend over recente casa | profilo over interno positivo | profilo over esterno positivo || CONTRO: trend over trasferta non forte | BTTS basso: possibile partita a senso unico;2.0;11.82;10.97;6.23;6.49;8.57;6.86;10.0;6.67;6.0;2.3.0
2026-10-10;Germany_Regionalliga_Bayern;Burghausen;Furth 2;75.61;ALTA;15;2026-10-10;Germany_Regionalliga_Bayern;Germany_Regionalliga_Bayern;;PRO: attacco casa positivo | difesa trasferta vulnerabile | difesa casa vulnerabile | trend over recente casa | profilo over interno positivo | profilo over esterno positivo | alta tendenza BTTS || CONTRO: ospite poco prolifico: rischio 1-0 / 2-0 | v22 monitora possibile sopravvalutazione weak_ga | trend over trasferta non forte;3.18;13.0;8.06;6.06;7.44;9.6;6.0;8.33;6.67;7.27;2.3.0
2026-10-10;Germany_Oberliga_Hessen;Giessen;Hummetroth;75.36;ALTA;14;2026-10-10;Germany_Oberliga_Hessen;Germany_Oberliga_Hessen;;PRO: attacco trasferta positivo | difesa trasferta vulnerabile | difesa casa vulnerabile | trend over recente casa | trend over recente trasferta | profilo over interno positivo | profilo over esterno positivo | alta tendenza BTTS || CONTRO: attacco casa non dominante | v22 monitora possibile sopravvalutazione weak_ga;0.35;5.91;8.86;8.0;10.0;10.8;9.6;6.67;6.67;8.5;2.3.0
2026-10-10;England_SouthernLeaguePremierSouth;Basingstoke;Malvern Town;75.29;ALTA;15;2026-10-10;England_SouthernLeaguePremierSouth;England_SouthernLeaguePremierSouth;;PRO: attacco casa positivo | attacco trasferta positivo | difesa trasferta vulnerabile | difesa casa vulnerabile | trend over recente trasferta | profilo over esterno positivo | alta tendenza BTTS || CONTRO: v22 monitora possibile sopravvalutazione weak_ga | trend over casa non forte | profilo over interno debole;1.43;9.19;8.54;6.46;10.0;6.67;10.67;5.0;8.0;9.33;2.3.0
2026-10-10;Italy_SerieB;Arezzo;Cremonese;75.27;IMM-ALTA-8;6;2026-10-10;Italy_SerieB;Italy_SerieB;;PRO: difesa trasferta vulnerabile | difesa casa vulnerabile | trend over recente casa | trend over recente trasferta | profilo over interno positivo | profilo over esterno positivo || CONTRO: attacco casa non dominante | ospite poco prolifico: rischio 1-0 / 2-0 | v22 monitora possibile sopravvalutazione weak_ga | BTTS basso: possibile partita a senso unico;3.16;5.91;7.39;8.0;6.82;9.0;9.0;10.0;10.0;6.0;2.3.0
2026-10-10;Finland_Ykkonen;KuPS Akatemia;VJS;75.24;ALTA;26;2026-10-10;Finland_Ykkonen;Finland_Ykkonen;;PRO: attacco casa positivo | attacco trasferta positivo | difesa casa vulnerabile | trend over recente casa | profilo over interno positivo | profilo over esterno positivo | alta tendenza BTTS || CONTRO: trend over trasferta non forte;1.64;9.51;10.21;8.0;6.4;10.8;6.0;8.33;6.36;7.99;2.3.0
2026-10-10;Norway_3rdDivision_Group6;Oppsal;Drobak-Frogn;75.21;ALTA;24;2026-10-10;Norway_3rdDivision_Group6;Norway_3rdDivision_Group6;;PRO: attacco casa positivo | attacco trasferta positivo | difesa casa vulnerabile | trend over recente casa | trend over recente trasferta | profilo over interno positivo | alta tendenza BTTS || CONTRO: profilo over esterno debole;0.92;10.53;13.0;5.85;6.4;8.4;10.8;6.36;5.45;7.48;2.3.0
2026-10-10;Germany_Oberliga_Bremen;Brinkumer;Bremen III;75.2;ALTA;10;2026-10-10;Germany_Oberliga_Bremen;Germany_Oberliga_Bremen;;PRO: attacco casa positivo | attacco trasferta positivo | difesa trasferta vulnerabile | trend over recente casa | trend over recente trasferta | profilo over esterno positivo || CONTRO: v22 monitora possibile sopravvalutazione weak_ga | profilo over interno debole | BTTS basso: possibile partita a senso unico;4.4;13.0;8.86;3.18;10.0;7.5;9.0;5.0;7.5;6.75;2.3.0
2026-10-10;CzechRepublic_1Liga;Plzen;Mlada Boleslav;75.17;ALTA;12;2026-10-10;CzechRepublic_1Liga;CzechRepublic_1Liga;;PRO: attacco casa positivo | attacco trasferta positivo | difesa casa vulnerabile | trend over recente casa | trend over recente trasferta | profilo over interno positivo | profilo over esterno positivo | alta tendenza BTTS || CONTRO: nessun contro rilevante;2.8;11.16;12.56;6.87;5.11;8.0;7.5;6.0;7.5;7.67;2.3.0
2026-10-10;England_IsthmianLeaguePremierDivision;Whitehawk;Ramsgate;75.16;ALTA;23;2026-10-10;England_IsthmianLeaguePremierDivision;England_IsthmianLeaguePremierDivision;;PRO: attacco trasferta positivo | difesa casa vulnerabile | trend over recente casa | trend over recente trasferta | profilo over esterno positivo | alta tendenza BTTS || CONTRO: attacco casa non dominante | profilo over interno debole;4.29;5.91;13.0;8.0;6.36;7.2;9.6;5.0;8.0;7.8;2.3.0
2026-10-10;Estonia_Esiliiga;Tallinna Kalev;Viimsi JK;75.03;ALTA;35;2026-10-10;Estonia_Esiliiga;Estonia_Esiliiga;;PRO: attacco casa positivo | attacco trasferta positivo | difesa casa vulnerabile | trend over recente casa | trend over recente trasferta | profilo over interno positivo | alta tendenza BTTS || CONTRO: profilo over esterno debole;2.67;10.6;11.82;6.9;4.88;8.4;9.6;7.33;5.38;7.46;2.3.0
2026-10-10;CzechRepublic_4Liga_GroupA;Spartak Pribram;Domazlice B;75.03;ALTA;10;2026-10-10;CzechRepublic_4Liga_GroupA;CzechRepublic_4Liga_GroupA;CzechRepublic_4Liga;PRO: attacco casa positivo | difesa trasferta vulnerabile | trend over recente casa | trend over recente trasferta || CONTRO: ospite poco prolifico: rischio 1-0 / 2-0 | v22 monitora possibile sopravvalutazione weak_ga | profilo over interno debole | profilo over esterno debole | BTTS basso: possibile partita a senso unico;6.0;13.0;6.75;5.0;9.74;9.0;8.57;5.0;5.0;6.96;2.3.0
2026-10-10;CzechRepublic_4Liga_GroupD;Zdirec n. D.;FS Trebic;74.99;MEDIA;10;2026-10-10;CzechRepublic_4Liga_GroupD;CzechRepublic_4Liga_GroupD;CzechRepublic_4Liga;PRO: attacco casa positivo | difesa trasferta vulnerabile | difesa casa vulnerabile | trend over recente casa | profilo over interno positivo | alta tendenza BTTS || CONTRO: ospite poco prolifico: rischio 1-0 / 2-0 | v22 monitora possibile sopravvalutazione weak_ga | trend over trasferta non forte | profilo over esterno debole;6.0;9.19;7.22;8.0;7.58;9.33;5.33;10.0;5.0;7.33;2.3.0
2026-10-10;Mexico_LigaExpansionMX_Apertura;Tapatio;Atletico La Paz;74.93;MEDIA;13;2026-10-10;Mexico_LigaExpansionMX_Apertura;Mexico_LigaExpansionMX_Apertura;;PRO: attacco casa positivo | attacco trasferta positivo | difesa casa vulnerabile | trend over recente casa | trend over recente trasferta | profilo over interno positivo | profilo over esterno positivo | alta tendenza BTTS || CONTRO: nessun contro rilevante;2.14;10.05;12.89;5.45;5.37;7.2;8.4;6.0;10.0;7.42;2.3.0
2026-10-10;Poland_IIILiga_Group1;Plock 2;Troszyn;74.85;MEDIA;12;2026-10-10;Poland_IIILiga_Group1;Poland_IIILiga_Group1;;PRO: attacco casa positivo | difesa trasferta vulnerabile | difesa casa vulnerabile | trend over recente casa | profilo over interno positivo | alta tendenza BTTS || CONTRO: ospite poco prolifico: rischio 1-0 / 2-0 | v22 monitora possibile sopravvalutazione weak_ga | trend over trasferta non forte | profilo over esterno debole;5.08;11.82;7.09;5.95;10.0;7.2;6.0;8.0;4.0;9.71;2.3.0
2026-10-10;CzechRepublic_3CFL_GroupA;Domazlice;Pribram B;74.85;MEDIA;12;2026-10-10;CzechRepublic_3CFL_GroupA;CzechRepublic_3CFL_GroupA;CzechRepublic_3rdTier;PRO: attacco casa positivo | difesa trasferta vulnerabile | difesa casa vulnerabile | trend over recente casa | profilo over interno positivo | profilo over esterno positivo | alta tendenza BTTS || CONTRO: ospite poco prolifico: rischio 1-0 / 2-0 | v22 monitora possibile sopravvalutazione weak_ga | trend over trasferta non forte;6.0;13.0;7.22;6.87;9.09;8.0;5.33;6.0;6.0;7.33;2.3.0
2026-10-10;Poland_IIILiga_Group2;Kotwica Kornik;Notec Czarnkow;74.84;MEDIA;12;2026-10-10;Poland_IIILiga_Group2;Poland_IIILiga_Group2;;PRO: attacco casa positivo | attacco trasferta positivo | difesa casa vulnerabile | trend over recente casa | trend over recente trasferta | profilo over interno positivo | profilo over esterno positivo || CONTRO: BTTS basso: possibile partita a senso unico;4.15;9.67;9.67;8.0;6.2;8.4;7.2;8.33;6.67;6.55;2.3.0
2026-10-10;Germany_3Liga;Duisburg;Hoffenheim 2;74.82;MEDIA;9;2026-10-10;Germany_3Liga;Germany_3Liga;;PRO: attacco casa positivo | attacco trasferta positivo | trend over recente casa | profilo over interno positivo | alta tendenza BTTS || CONTRO: trend over trasferta non forte | profilo over esterno debole;1.26;13.0;11.82;3.64;5.19;12.0;6.86;10.0;3.33;7.71;2.3.0
2026-10-10;Austria_Oberosterreich;Ostermiething;Friedburg;74.74;MEDIA;13;2026-10-10;Austria_Oberosterreich;Austria_Oberosterreich;;PRO: attacco casa positivo | attacco trasferta positivo | difesa trasferta vulnerabile | difesa casa vulnerabile | trend over recente casa | trend over recente trasferta | profilo over interno positivo | profilo over esterno positivo | alta tendenza BTTS || CONTRO: v22 monitora possibile sopravvalutazione weak_ga;2.0;8.54;10.74;6.46;6.61;9.33;8.4;7.5;6.67;8.48;2.3.0
2026-10-10;Norway_3rdDivision_Group4;Viking 2;Vindbjart;74.48;MEDIA;26;2026-10-10;Norway_3rdDivision_Group4;Norway_3rdDivision_Group4;;PRO: attacco casa positivo | attacco trasferta positivo | difesa casa vulnerabile | trend over recente casa | trend over recente trasferta | profilo over interno positivo || CONTRO: profilo over esterno debole | BTTS basso: possibile partita a senso unico;0.92;13.0;13.0;5.45;5.37;9.6;8.4;8.18;4.55;6.0;2.3.0
2026-10-10;Sweden_Division2_NorraGotaland;Tord;Grebbestad;74.47;MEDIA;28;2026-10-10;Sweden_Division2_NorraGotaland;Sweden_Division2_NorraGotaland;;PRO: attacco trasferta positivo | difesa trasferta vulnerabile | difesa casa vulnerabile | trend over recente casa | trend over recente trasferta | profilo over interno positivo | profilo over esterno positivo | alta tendenza BTTS || CONTRO: attacco casa non dominante | v22 monitora possibile sopravvalutazione weak_ga;3.23;7.14;10.59;6.52;6.82;7.2;8.4;6.67;9.17;8.75;2.3.0
2026-10-10;England_LeagueOne;Stockport;Barnsley;74.37;MEDIA;10;2026-10-10;England_LeagueOne;England_LeagueOne;;PRO: attacco casa positivo | difesa trasferta vulnerabile | trend over recente trasferta | profilo over interno positivo | profilo over esterno positivo || CONTRO: ospite poco prolifico: rischio 1-0 / 2-0 | v22 monitora possibile sopravvalutazione weak_ga | trend over casa non forte | BTTS basso: possibile partita a senso unico;3.13;13.0;6.89;4.16;9.09;6.86;8.0;6.67;10.0;6.57;2.3.0
2026-10-10;Slovakia_NikeLiga;Skalica;Slovan Bratislava;74.36;MEDIA;10;2026-10-10;Slovakia_NikeLiga;Slovakia_NikeLiga;;PRO: attacco trasferta positivo | difesa casa vulnerabile | trend over recente trasferta | profilo over interno positivo | profilo over esterno positivo || CONTRO: attacco casa non dominante | trend over casa non forte | BTTS basso: possibile partita a senso unico;2.18;7.22;13.0;7.68;5.11;6.67;10.5;7.5;7.5;7.0;2.3.0
2026-10-10;Finland_Kakkonen_GroupB;EBK;MuSa;74.34;MEDIA;21;2026-10-10;Finland_Kakkonen_GroupB;Finland_Kakkonen_GroupB;;PRO: attacco casa positivo | difesa trasferta vulnerabile | difesa casa vulnerabile | trend over recente casa | trend over recente trasferta | profilo over esterno positivo || CONTRO: ospite poco prolifico: rischio 1-0 / 2-0 | v22 monitora possibile sopravvalutazione weak_ga | profilo over interno debole | BTTS basso: possibile partita a senso unico;0.67;8.54;7.46;8.0;10.0;8.4;10.8;5.56;7.78;7.14;2.3.0
2026-10-10;Germany_Regionalliga_Sudwest;Fulda-Lehnerz;Aalen;74.3;MEDIA;13;2026-10-10;Germany_Regionalliga_Sudwest;Germany_Regionalliga_Sudwest;;PRO: attacco trasferta positivo | difesa casa vulnerabile | trend over recente casa | profilo over interno positivo | alta tendenza BTTS || CONTRO: attacco casa non dominante | trend over trasferta non forte | profilo over esterno debole;4.59;8.27;10.64;8.0;5.0;8.4;6.0;10.0;5.0;8.4;2.3.0
2026-10-10;Germany_Oberliga_Bremen;Union 60 Bremen;Blumenthaler;74.27;MEDIA;10;2026-10-10;Germany_Oberliga_Bremen;Germany_Oberliga_Bremen;;PRO: attacco casa positivo | attacco trasferta positivo | difesa casa vulnerabile | trend over recente casa | trend over recente trasferta | profilo over esterno positivo || CONTRO: profilo over interno debole | BTTS basso: possibile partita a senso unico;1.6;12.56;13.0;6.82;4.55;9.0;7.5;5.0;7.5;6.75;2.3.0
2026-10-10;England_Championship;Preston;Millwall;74.06;MEDIA;10;2026-10-10;England_Championship;England_Championship;;PRO: attacco trasferta positivo | difesa trasferta vulnerabile | difesa casa vulnerabile | trend over recente casa | trend over recente trasferta | profilo over interno positivo | profilo over esterno positivo | alta tendenza BTTS || CONTRO: attacco casa non dominante | v22 monitora possibile sopravvalutazione weak_ga;1.3;5.91;10.13;6.23;9.74;8.57;10.29;6.67;7.5;7.71;2.3.0
2026-10-10;Norway_3rdDivision_Group4;Varhaug;Madla IL;73.93;MEDIA;26;2026-10-10;Norway_3rdDivision_Group4;Norway_3rdDivision_Group4;;PRO: attacco casa positivo | attacco trasferta positivo | difesa casa vulnerabile | trend over recente casa | trend over recente trasferta | profilo over esterno positivo | alta tendenza BTTS || CONTRO: profilo over interno debole;1.85;11.01;13.0;5.62;5.58;8.4;7.2;5.45;8.18;7.64;2.3.0
2026-10-10;England_IsthmianLeaguePremierDivision;Dartford;Wingate & Finchley;73.89;MEDIA;23;2026-10-10;England_IsthmianLeaguePremierDivision;England_IsthmianLeaguePremierDivision;;PRO: attacco casa positivo | attacco trasferta positivo | difesa trasferta vulnerabile | trend over recente casa | trend over recente trasferta | profilo over interno positivo | profilo over esterno positivo | alta tendenza BTTS || CONTRO: v22 monitora possibile sopravvalutazione weak_ga;3.43;9.45;9.6;4.0;10.0;8.4;7.5;6.0;8.0;7.5;2.3.0
2026-10-10;Germany_Oberliga_RheinlandPfalzSaar;Emmelshausen-Karbach;TSV 1881 Gau-Odernheim;73.8;MEDIA;15;2026-10-10;Germany_Oberliga_RheinlandPfalzSaar;Germany_Oberliga_RheinlandPfalzSaar;;PRO: attacco casa positivo | attacco trasferta positivo | difesa casa vulnerabile | trend over recente casa | trend over recente trasferta | profilo over esterno positivo | alta tendenza BTTS || CONTRO: profilo over interno debole;2.47;10.21;13.0;8.0;5.0;7.2;8.4;4.0;7.5;8.02;2.3.0
2026-10-10;Sweden_Division1_Sodra;Trelleborg;Kristianstad;73.73;MEDIA;28;2026-10-10;Sweden_Division1_Sodra;Sweden_Division1_Sodra;;PRO: attacco casa positivo | difesa trasferta vulnerabile | trend over recente casa | profilo over interno positivo | profilo over esterno positivo | alta tendenza BTTS || CONTRO: ospite poco prolifico: rischio 1-0 / 2-0 | v22 monitora possibile sopravvalutazione weak_ga | trend over trasferta non forte;4.8;13.0;6.85;4.07;6.73;9.6;6.0;8.33;6.67;7.68;2.3.0
2026-10-10;England_SouthernLeaguePremierCentral;Needham Market;Anstey Nomads;73.64;MEDIA;11;2026-10-10;England_SouthernLeaguePremierCentral;England_SouthernLeaguePremierCentral;;PRO: attacco casa positivo | attacco trasferta positivo | difesa trasferta vulnerabile | difesa casa vulnerabile | trend over recente casa | trend over recente trasferta | profilo over interno positivo | profilo over esterno positivo | alta tendenza BTTS || CONTRO: v22 monitora possibile sopravvalutazione weak_ga;0.29;11.82;10.51;6.46;6.57;8.0;8.0;6.0;8.0;8.0;2.3.0
2026-10-10;Germany_Regionalliga_Sudwest;Walldorf;Mainz 2;73.42;MEDIA;13;2026-10-10;Germany_Regionalliga_Sudwest;Germany_Regionalliga_Sudwest;;PRO: attacco casa positivo | difesa trasferta vulnerabile | difesa casa vulnerabile | trend over recente casa | trend over recente trasferta | profilo over interno positivo | profilo over esterno positivo | alta tendenza BTTS || CONTRO: ospite poco prolifico: rischio 1-0 / 2-0 | v22 monitora possibile sopravvalutazione weak_ga || CONTRO V23: v23: ospite poco prolifico;0.35;8.86;5.91;6.55;9.55;9.6;9.6;8.0;10.0;9.0;2.3.0
2026-10-10;USA_USLLeagueOne;Portland Hearts of Pine;Boise;73.39;MEDIA;44;2026-10-10;USA_USLLeagueOne;USA_USLLeagueOne;;PRO: attacco casa positivo | attacco trasferta positivo | difesa casa vulnerabile | trend over recente casa | trend over recente trasferta | profilo over interno positivo | profilo over esterno positivo | alta tendenza BTTS || CONTRO: nessun contro rilevante;3.75;8.67;9.45;6.91;6.21;7.2;8.4;6.67;7.33;8.8;2.3.0
2026-10-10;England_SouthernLeaguePremierSouth;Chichester;Plymouth Parkway;73.36;MEDIA;15;2026-10-10;England_SouthernLeaguePremierSouth;England_SouthernLeaguePremierSouth;;PRO: attacco casa positivo | attacco trasferta positivo | difesa casa vulnerabile | trend over recente casa | profilo over interno positivo | profilo over esterno positivo || CONTRO: trend over trasferta non forte | BTTS basso: possibile partita a senso unico;2.0;9.19;13.0;6.46;4.04;9.33;6.67;10.0;6.0;6.67;2.3.0
2026-10-10;CzechRepublic_4Liga_GroupE;Sternberk;SK Krumvir;73.36;MEDIA;10;2026-10-10;CzechRepublic_4Liga_GroupE;CzechRepublic_4Liga_GroupE;CzechRepublic_4Liga;PRO: attacco casa positivo | attacco trasferta positivo | difesa casa vulnerabile | trend over recente casa | profilo over esterno positivo || CONTRO: trend over trasferta non forte | profilo over interno debole | BTTS basso: possibile partita a senso unico;6.0;11.82;9.85;6.46;6.06;8.0;6.67;5.0;7.5;6.0;2.3.0
2026-10-10;Peru_Liga1_Clausura;Comerciantes Unidos;Juan Pablo 2;73.33;MEDIA;13;2026-10-10;Peru_Liga1_Clausura;Peru_Liga1_Clausura;;PRO: attacco casa positivo | attacco trasferta positivo | difesa casa vulnerabile | trend over recente casa | profilo over interno positivo | profilo over esterno positivo | alta tendenza BTTS || CONTRO: trend over trasferta non forte;2.47;9.85;11.82;6.46;6.06;9.33;6.67;6.67;6.0;8.0;2.3.0
2026-10-10;Switzerland_PromotionLeague;Luzerna 2;Schaffhausen;73.29;MEDIA;13;2026-10-10;Switzerland_PromotionLeague;Switzerland_PromotionLeague;;PRO: attacco casa positivo | attacco trasferta positivo | difesa casa vulnerabile | trend over recente casa | trend over recente trasferta | profilo over esterno positivo || CONTRO: profilo over interno debole | BTTS basso: possibile partita a senso unico;6.0;8.86;12.41;6.91;5.91;7.2;8.4;5.0;6.0;6.6;2.3.0
2026-10-10;Austria_Regionalliga_East;SV Donau;Warth;73.28;MEDIA;12;2026-10-10;Austria_Regionalliga_East;Austria_Regionalliga_East;;PRO: attacco casa positivo | attacco trasferta positivo | difesa trasferta vulnerabile | difesa casa vulnerabile | trend over recente trasferta | profilo over interno positivo | profilo over esterno positivo | alta tendenza BTTS || CONTRO: v22 monitora possibile sopravvalutazione weak_ga | trend over casa non forte;3.2;8.86;10.05;6.55;7.73;6.0;8.4;6.0;7.5;9.0;2.3.0
2026-10-10;Wales_CymruNorth;Guilsfield;Denbigh;73.15;MEDIA;11;2026-10-10;Wales_CymruNorth;Wales_CymruNorth;Wales_CymruTier2;PRO: attacco casa positivo | attacco trasferta positivo | difesa trasferta vulnerabile | trend over recente trasferta | profilo over interno positivo | alta tendenza BTTS || CONTRO: v22 monitora possibile sopravvalutazione weak_ga | trend over casa non forte | profilo over esterno debole;6.0;9.85;9.19;4.44;10.0;5.33;9.33;6.0;5.0;8.0;2.3.0
2026-10-10;Poland_IIILiga_Group1;Mazovia Minsk Mazowiecki;Pelikan;73.04;MEDIA;12;2026-10-10;Poland_IIILiga_Group1;Poland_IIILiga_Group1;;PRO: attacco casa positivo | attacco trasferta positivo | difesa casa vulnerabile | trend over recente casa | profilo over interno positivo | profilo over esterno positivo | alta tendenza BTTS || CONTRO: trend over trasferta non forte;0.92;13.0;9.13;5.95;5.37;9.6;6.0;8.33;6.0;8.73;2.3.0
2026-10-10;CzechRepublic_ChNL;Kromeriz;Pribram;72.92;MEDIA;10;2026-10-10;CzechRepublic_ChNL;CzechRepublic_ChNL;;PRO: attacco trasferta positivo | difesa trasferta vulnerabile | difesa casa vulnerabile | trend over recente trasferta | profilo over interno positivo | profilo over esterno positivo | alta tendenza BTTS || CONTRO: attacco casa non dominante | v22 monitora possibile sopravvalutazione weak_ga | trend over casa non forte;4.4;5.25;9.85;7.68;7.07;6.67;9.33;6.0;8.0;8.67;2.3.0
2026-10-10;Switzerland_SuperLeague;Servette;Sion;72.91;MEDIA;11;2026-10-10;Switzerland_SuperLeague;Switzerland_SuperLeague;;PRO: attacco casa positivo | attacco trasferta positivo | difesa trasferta vulnerabile | difesa casa vulnerabile | trend over recente trasferta | profilo over esterno positivo | alta tendenza BTTS || CONTRO: v22 monitora possibile sopravvalutazione weak_ga | trend over casa non forte | profilo over interno debole;1.09;8.86;13.0;5.45;7.07;6.0;10.67;2.5;10.0;8.27;2.3.0
2026-10-10;Netherlands_Eredivisie;Feyenoord;Alkmaar;72.84;MEDIA;9;2026-10-10;Netherlands_Eredivisie;Netherlands_Eredivisie;;PRO: attacco casa positivo | attacco trasferta positivo | trend over recente casa | profilo over interno positivo | profilo over esterno positivo || CONTRO: trend over trasferta non forte | BTTS basso: possibile partita a senso unico;0.35;13.0;13.0;3.64;3.9;10.29;5.14;10.0;6.67;6.86;2.3.0
2026-10-10;Norway_2ndDivision_Group2;Eidsvold;Skeid;72.83;MEDIA;28;2026-10-10;Norway_2ndDivision_Group2;Norway_2ndDivision_Group2;;PRO: attacco casa positivo | attacco trasferta positivo | difesa trasferta vulnerabile | trend over recente casa | trend over recente trasferta | profilo over interno positivo || CONTRO: v22 monitora possibile sopravvalutazione weak_ga | profilo over esterno debole | BTTS basso: possibile partita a senso unico;4.62;13.0;8.74;3.0;10.0;7.2;8.4;6.67;4.17;7.04;2.3.0
2026-10-10;Austria_Regionalliga_West;Hohenems;Dornbirn;72.82;MEDIA;12;2026-10-10;Austria_Regionalliga_West;Austria_Regionalliga_West;;PRO: attacco casa positivo | attacco trasferta positivo | trend over recente casa | trend over recente trasferta | profilo over interno positivo | profilo over esterno positivo || CONTRO: BTTS basso: possibile partita a senso unico;1.6;13.0;13.0;3.27;4.55;9.6;7.2;8.0;6.0;6.6;2.3.0
2026-10-10;Sweden_Division2_Norrland;Taftea IK;Boden;72.8;MEDIA;29;2026-10-10;Sweden_Division2_Norrland;Sweden_Division2_Norrland;;PRO: attacco casa positivo | difesa trasferta vulnerabile | difesa casa vulnerabile | trend over recente casa | trend over recente trasferta | profilo over interno positivo | alta tendenza BTTS || CONTRO: ospite poco prolifico: rischio 1-0 / 2-0 | v22 monitora possibile sopravvalutazione weak_ga | profilo over esterno debole;1.0;13.0;7.8;5.91;7.45;10.8;8.4;7.5;3.33;7.6;2.3.0
2026-10-10;Germany_2Bundesliga;Norimberga;Wolfsburg;72.74;MEDIA;7;2026-10-10;Germany_2Bundesliga;Germany_2Bundesliga;;PRO: attacco casa positivo | attacco trasferta positivo | trend over recente casa | profilo over interno positivo || CONTRO: trend over trasferta non forte | profilo over esterno debole | BTTS basso: possibile partita a senso unico;0.71;13.0;13.0;3.64;6.06;10.0;6.0;10.0;3.33;7.0;2.3.0
2026-10-10;Poland_IIILiga_Group4;Ostrowiec;Busko-Zdroj;72.69;MEDIA;11;2026-10-10;Poland_IIILiga_Group4;Poland_IIILiga_Group4;;PRO: attacco casa positivo | attacco trasferta positivo | difesa trasferta vulnerabile | trend over recente trasferta | profilo over interno positivo | profilo over esterno positivo | alta tendenza BTTS || CONTRO: v22 monitora possibile sopravvalutazione weak_ga | trend over casa non forte;2.47;8.86;9.45;3.27;9.09;6.0;10.8;6.0;8.33;8.4;2.3.0
2026-10-10;Netherlands_Eredivisie;Sittard;Twente;72.64;MEDIA;9;2026-10-10;Netherlands_Eredivisie;Netherlands_Eredivisie;;PRO: attacco casa positivo | attacco trasferta positivo | difesa casa vulnerabile | trend over recente casa | profilo over interno positivo | profilo over esterno positivo | alta tendenza BTTS || CONTRO: trend over trasferta non forte;0.71;10.97;12.66;7.27;4.55;8.57;6.86;6.67;6.67;7.71;2.3.0
2026-10-10;Denmark_3rdDivision;Holstebro;Bronshoj;72.46;MEDIA;11;2026-10-10;Denmark_3rdDivision;Denmark_3rdDivision;;PRO: attacco casa positivo | attacco trasferta positivo | difesa casa vulnerabile | trend over recente casa | profilo over interno positivo | alta tendenza BTTS || CONTRO: trend over trasferta non forte | profilo over esterno debole;2.73;9.45;10.64;8.0;4.55;10.8;6.0;10.0;2.5;7.8;2.3.0
2026-10-10;Poland_IIILiga_Group1;Swit;LKS Lodz 2;72.4;MEDIA;12;2026-10-10;Poland_IIILiga_Group1;Poland_IIILiga_Group1;;PRO: attacco casa positivo | attacco trasferta positivo | difesa trasferta vulnerabile | trend over recente casa | profilo over interno positivo || CONTRO: v22 monitora possibile sopravvalutazione weak_ga | trend over trasferta non forte | profilo over esterno debole | BTTS basso: possibile partita a senso unico;4.62;10.74;9.45;3.97;8.64;8.4;6.0;8.0;5.71;6.87;2.3.0
2026-10-10;USA_USLChampionship;Sporting Jax;Birmingham Legion;72.31;MEDIA;40;2026-10-10;USA_USLChampionship;USA_USLChampionship;;PRO: difesa trasferta vulnerabile | difesa casa vulnerabile | trend over recente casa | trend over recente trasferta | profilo over interno positivo | profilo over esterno positivo | alta tendenza BTTS || CONTRO: attacco casa non dominante | ospite poco prolifico: rischio 1-0 / 2-0 | v22 monitora possibile sopravvalutazione weak_ga;0.78;7.0;8.18;8.0;7.52;8.4;9.6;8.46;6.67;7.7;2.3.0
2026-10-10;Spain_LaLiga2;Celta Vigo B;Real Sociedad B;72.23;MEDIA;9;2026-10-10;Spain_LaLiga2;Spain_LaLiga2;;PRO: attacco trasferta positivo | difesa trasferta vulnerabile | difesa casa vulnerabile | trend over recente trasferta | profilo over interno positivo | profilo over esterno positivo | alta tendenza BTTS || CONTRO: attacco casa non dominante | v22 monitora possibile sopravvalutazione weak_ga | trend over casa non forte;0.57;7.39;10.83;6.36;7.58;6.0;8.0;7.5;10.0;8.0;2.3.0
2026-10-10;Estonia_Meistriliiga;Tammeka;Nomme Utd;72.22;MEDIA;34;2026-10-10;Estonia_Meistriliiga;Estonia_Meistriliiga;;PRO: attacco trasferta positivo | difesa trasferta vulnerabile | difesa casa vulnerabile | trend over recente trasferta | profilo over esterno positivo | alta tendenza BTTS || CONTRO: attacco casa non dominante | v22 monitora possibile sopravvalutazione weak_ga | trend over casa non forte | profilo over interno debole;2.67;7.6;9.58;5.84;10.0;6.0;9.6;4.62;8.57;7.75;2.3.0
2026-10-10;England_SouthernLeaguePremierSouth;Uxbridge;Evesham;72.15;MEDIA;15;2026-10-10;England_SouthernLeaguePremierSouth;England_SouthernLeaguePremierSouth;;PRO: attacco casa positivo | attacco trasferta positivo | difesa trasferta vulnerabile | trend over recente trasferta | profilo over interno positivo | profilo over esterno positivo || CONTRO: v22 monitora possibile sopravvalutazione weak_ga | trend over casa non forte | BTTS basso: possibile partita a senso unico;2.0;12.47;9.19;3.23;8.59;5.33;9.33;6.0;10.0;6.0;2.3.0
2026-10-10;Austria_Regionalliga_North;Ried (Am);Dietach;72.14;MEDIA;13;2026-10-10;Austria_Regionalliga_North;Austria_Regionalliga_North;;PRO: difesa trasferta vulnerabile | difesa casa vulnerabile | trend over recente casa | trend over recente trasferta | profilo over interno positivo | profilo over esterno positivo || CONTRO: attacco casa non dominante | ospite poco prolifico: rischio 1-0 / 2-0 | v22 monitora possibile sopravvalutazione weak_ga | BTTS basso: possibile partita a senso unico;0.92;6.45;6.5;8.0;10.0;8.4;9.6;8.0;8.0;6.27;2.3.0
2026-10-10;Croatia_HNL;Osijek;Istra 1961;72.07;MEDIA;6;2026-10-10;Croatia_HNL;Croatia_HNL;10 clubs, quadruple round robin;PRO: attacco casa positivo | difesa trasferta vulnerabile | difesa casa vulnerabile | trend over recente casa | trend over recente trasferta | profilo over interno positivo || CONTRO: ospite poco prolifico: rischio 1-0 / 2-0 | v22 monitora possibile sopravvalutazione weak_ga | profilo over esterno debole | BTTS basso: possibile partita a senso unico;2.0;9.45;8.27;7.27;7.27;9.6;7.2;10.0;5.0;6.0;2.3.0
2026-10-10;Iceland_BestaDeildKarla;Valur;Hafnarfjordur;72.04;MEDIA;30;2026-10-10;Iceland_BestaDeildKarla;Iceland_BestaDeildKarla;;PRO: attacco casa positivo | attacco trasferta positivo | difesa trasferta vulnerabile | difesa casa vulnerabile | trend over recente casa | profilo over interno positivo | alta tendenza BTTS || CONTRO: v22 monitora possibile sopravvalutazione weak_ga | trend over trasferta non forte | profilo over esterno debole;1.64;10.83;8.62;7.12;7.77;8.4;4.8;9.17;5.45;8.25;2.3.0
2026-10-10;Germany_Oberliga_NOFV_Sud;Plauen;Sandersdorf;71.95;MEDIA;7;2026-10-10;Germany_Oberliga_NOFV_Sud;Germany_Oberliga_NOFV_Sud;;PRO: attacco casa positivo | attacco trasferta positivo | difesa trasferta vulnerabile | trend over recente trasferta | profilo over interno positivo | profilo over esterno positivo || CONTRO: v22 monitora possibile sopravvalutazione weak_ga | trend over casa non forte | BTTS basso: possibile partita a senso unico;0.8;8.86;12.8;4.24;7.58;6.0;8.0;10.0;6.67;7.0;2.3.0
2026-10-10;England_Championship;Bolton;Stoke;71.92;MEDIA;10;2026-10-10;England_Championship;England_Championship;;PRO: attacco casa positivo | attacco trasferta positivo | difesa casa vulnerabile | trend over recente casa | trend over recente trasferta | profilo over esterno positivo | alta tendenza BTTS || CONTRO: profilo over interno debole;2.35;9.29;10.13;7.79;5.84;8.57;8.57;5.0;6.67;7.71;2.3.0
2026-10-10;Germany_Oberliga_RheinlandPfalzSaar;Schott Mainz;Koblenz;71.88;MEDIA;15;2026-10-10;Germany_Oberliga_RheinlandPfalzSaar;Germany_Oberliga_RheinlandPfalzSaar;;PRO: attacco casa positivo | attacco trasferta positivo | trend over recente casa | trend over recente trasferta | profilo over interno positivo | alta tendenza BTTS || CONTRO: profilo over esterno debole;0.71;12.89;10.74;3.97;5.79;8.4;7.2;10.0;4.0;8.18;2.3.0
2026-10-10;CzechRepublic_3CFL_GroupA;Kraluv Dvur;Motorlet Prague;71.83;MEDIA;12;2026-10-10;CzechRepublic_3CFL_GroupA;CzechRepublic_3CFL_GroupA;CzechRepublic_3rdTier;PRO: attacco casa positivo | attacco trasferta positivo | trend over recente casa | profilo over interno positivo | alta tendenza BTTS || CONTRO: trend over trasferta non forte | profilo over esterno debole;0.4;13.0;12.47;5.0;4.04;10.5;6.67;10.0;2.5;7.25;2.3.0
2026-10-10;Sweden_Division1_Sodra;AFC Malmo;Skövde;71.81;MEDIA;28;2026-10-10;Sweden_Division1_Sodra;Sweden_Division1_Sodra;;PRO: attacco casa positivo | difesa trasferta vulnerabile | trend over recente casa | trend over recente trasferta | profilo over interno positivo | profilo over esterno positivo | alta tendenza BTTS || CONTRO: ospite poco prolifico: rischio 1-0 / 2-0 | v22 monitora possibile sopravvalutazione weak_ga;2.0;10.64;7.33;5.09;6.91;8.4;9.6;7.5;6.67;7.68;2.3.0
2026-10-10;England_IsthmianLeaguePremierDivision;Burgess Hill;Aveley;71.8;MEDIA;23;2026-10-10;England_IsthmianLeaguePremierDivision;England_IsthmianLeaguePremierDivision;;PRO: attacco casa positivo | attacco trasferta positivo | difesa trasferta vulnerabile | trend over recente casa | trend over recente trasferta | profilo over interno positivo | alta tendenza BTTS || CONTRO: v22 monitora possibile sopravvalutazione weak_ga | profilo over esterno debole;1.14;11.08;10.05;4.55;8.18;7.5;7.2;10.0;4.0;8.1;2.3.0
2026-10-10;Poland_Division1;Skierniewice;Termalica B-B.;71.76;MEDIA;10;2026-10-10;Poland_Division1;Poland_Division1;;PRO: attacco trasferta positivo | difesa casa vulnerabile | trend over recente trasferta | profilo over interno positivo | profilo over esterno positivo | alta tendenza BTTS || CONTRO: attacco casa non dominante | trend over casa non forte;3.88;6.57;9.19;6.06;6.06;6.67;9.33;6.0;10.0;8.0;2.3.0
2026-10-10;Sweden_Division1_Sodra;Rosengard;Atvidaberg;71.7;MEDIA;28;2026-10-10;Sweden_Division1_Sodra;Sweden_Division1_Sodra;;PRO: attacco casa positivo | attacco trasferta positivo | difesa casa vulnerabile | trend over recente trasferta | profilo over interno positivo | profilo over esterno positivo | alta tendenza BTTS || CONTRO: trend over casa non forte;1.6;9.69;11.58;5.38;6.36;6.0;8.4;8.33;6.67;7.68;2.3.0
2026-10-10;Germany_Oberliga_Bayern_Sud;Deisenhofen;Hankofen-Hailing;71.64;MEDIA;15;2026-10-10;Germany_Oberliga_Bayern_Sud;Germany_Oberliga_Bayern_Sud;;PRO: attacco casa positivo | attacco trasferta positivo | difesa casa vulnerabile | trend over recente casa | trend over recente trasferta | profilo over esterno positivo || CONTRO: profilo over interno debole | BTTS basso: possibile partita a senso unico;3.18;8.64;11.33;7.83;5.3;7.2;8.4;5.0;8.0;6.77;2.3.0
2026-10-10;Germany_Regionalliga_Sudwest;Ulm;Eint. Frankfurt 2;71.58;MEDIA;13;2026-10-10;Germany_Regionalliga_Sudwest;Germany_Regionalliga_Sudwest;;PRO: difesa trasferta vulnerabile | difesa casa vulnerabile | trend over recente casa | trend over recente trasferta | profilo over interno positivo | profilo over esterno positivo | alta tendenza BTTS || CONTRO: attacco casa non dominante | ospite poco prolifico: rischio 1-0 / 2-0 | v22 monitora possibile sopravvalutazione weak_ga;1.76;7.68;8.12;7.64;6.82;7.2;9.0;6.0;10.0;7.35;2.3.0
2026-10-10;Norway_2ndDivision_Group1;Jerv;Arendal;71.53;MEDIA;24;2026-10-10;Norway_2ndDivision_Group1;Norway_2ndDivision_Group1;;PRO: attacco casa positivo | difesa trasferta vulnerabile | trend over recente casa | trend over recente trasferta | profilo over esterno positivo || CONTRO: ospite poco prolifico: rischio 1-0 / 2-0 | v22 monitora possibile sopravvalutazione weak_ga | profilo over interno debole | BTTS basso: possibile partita a senso unico;4.15;12.33;8.06;3.32;7.85;7.2;9.6;5.45;6.36;7.2;2.3.0
2026-10-10;Germany_Bundesliga;Hoffenheim;Amburgo;71.5;MEDIA;5;2026-10-10;Germany_Bundesliga;Germany_Bundesliga;;PRO: attacco casa positivo | difesa trasferta vulnerabile | difesa casa vulnerabile | trend over recente casa | trend over recente trasferta | profilo over interno positivo | alta tendenza BTTS || CONTRO: ospite poco prolifico: rischio 1-0 / 2-0 | v22 monitora possibile sopravvalutazione weak_ga | profilo over esterno debole || CONTRO V23: v23: ospite poco prolifico;0.71;10.34;2.95;8.0;10.0;12.0;9.0;10.0;5.0;7.5;2.3.0
2026-10-10;Turkey_SuperLig;Genclerbirligi;Amedspor;71.36;MEDIA;7;2026-10-10;Turkey_SuperLig;Turkey_SuperLig;;PRO: attacco trasferta positivo | difesa casa vulnerabile | trend over recente casa | trend over recente trasferta | profilo over interno positivo || CONTRO: attacco casa non dominante | profilo over esterno debole | BTTS basso: possibile partita a senso unico;4.59;4.92;13.0;7.88;5.3;8.0;10.0;6.67;5.0;6.0;2.3.0
2026-10-10;Austria_Wien;Lac Inter;Schwechat;71.34;MEDIA;9;2026-10-10;Austria_Wien;Austria_Wien;;PRO: attacco casa positivo | attacco trasferta positivo | difesa casa vulnerabile | trend over recente casa | profilo over interno positivo || CONTRO: trend over trasferta non forte | profilo over esterno debole | BTTS basso: possibile partita a senso unico;0.4;12.8;10.83;6.67;5.3;10.0;6.0;10.0;3.33;6.0;2.3.0
2026-10-10;Sweden_Division2_NorraSvealand;IK Franke;Helges;71.34;MEDIA;26;2026-10-10;Sweden_Division2_NorraSvealand;Sweden_Division2_NorraSvealand;;PRO: attacco casa positivo | difesa trasferta vulnerabile | difesa casa vulnerabile | trend over recente casa | trend over recente trasferta | profilo over interno positivo | profilo over esterno positivo | alta tendenza BTTS || CONTRO: ospite poco prolifico: rischio 1-0 / 2-0 | v22 monitora possibile sopravvalutazione weak_ga || CONTRO V23: v23: ospite poco prolifico;2.77;9.85;4.92;6.21;10.0;8.4;9.6;8.33;7.5;7.75;2.3.0
2026-10-10;Switzerland_PromotionLeague;Zurigo 2;Breitenrain;71.34;MEDIA;13;2026-10-10;Switzerland_PromotionLeague;Switzerland_PromotionLeague;;PRO: attacco casa positivo | difesa trasferta vulnerabile | difesa casa vulnerabile | trend over recente casa | trend over recente trasferta | profilo over interno positivo | profilo over esterno positivo | alta tendenza BTTS || CONTRO: ospite poco prolifico: rischio 1-0 / 2-0 | v22 monitora possibile sopravvalutazione weak_ga;0.46;10.64;7.68;6.55;6.82;10.8;7.2;8.0;6.0;7.2;2.3.0
2026-10-10;Austria_Salzburg;Burmoos;Seekirchen U21;71.2;MEDIA;13;2026-10-10;Austria_Salzburg;Austria_Salzburg;;PRO: attacco casa positivo | attacco trasferta positivo | difesa trasferta vulnerabile | trend over recente casa | trend over recente trasferta | profilo over interno positivo | profilo over esterno positivo || CONTRO: v22 monitora possibile sopravvalutazione weak_ga | BTTS basso: possibile partita a senso unico || CONTRO V23: v23: BTTS basso;1.2;13.0;13.0;3.27;7.73;8.4;8.4;6.0;10.0;4.2;2.3.0
2026-10-10;Austria_2Liga;Hertha Wels;Bregenz;71.19;MEDIA;8;2026-10-10;Austria_2Liga;Austria_2Liga;;PRO: attacco trasferta positivo | difesa trasferta vulnerabile | difesa casa vulnerabile | trend over recente casa | trend over recente trasferta | profilo over interno positivo | alta tendenza BTTS || CONTRO: attacco casa non dominante | v22 monitora possibile sopravvalutazione weak_ga | profilo over esterno debole;2.0;6.75;9.29;8.0;7.79;8.57;8.57;7.5;5.0;7.71;2.3.0
2026-10-10;Poland_IIILiga_Group3;Sulow;Brzeg;71.09;MEDIA;12;2026-10-10;Poland_IIILiga_Group3;Poland_IIILiga_Group3;;PRO: attacco casa positivo | attacco trasferta positivo | difesa trasferta vulnerabile | trend over recente casa | profilo over interno positivo || CONTRO: v22 monitora possibile sopravvalutazione weak_ga | trend over trasferta non forte | profilo over esterno debole | BTTS basso: possibile partita a senso unico;4.15;13.0;9.67;4.63;7.02;8.4;6.0;6.67;5.0;6.55;2.3.0
2026-10-10;Italy_SerieB;L.R. Vicenza;Pisa;71.03;MEDIA;6;2026-10-10;Italy_SerieB;Italy_SerieB;;PRO: attacco trasferta positivo | difesa trasferta vulnerabile | difesa casa vulnerabile | trend over recente casa | trend over recente trasferta | profilo over esterno positivo | alta tendenza BTTS || CONTRO: attacco casa non dominante | v22 monitora possibile sopravvalutazione weak_ga | profilo over interno debole;4.42;5.91;9.45;7.27;7.27;9.0;9.6;0.0;10.0;8.1;2.3.0
2026-10-10;Germany_Oberliga_Bayern_Nord;Nordlingen;Bayern Hof;70.92;MEDIA;18;2026-10-10;Germany_Oberliga_Bayern_Nord;Germany_Oberliga_Bayern_Nord;;PRO: attacco trasferta positivo | difesa trasferta vulnerabile | difesa casa vulnerabile | trend over recente casa | trend over recente trasferta | profilo over esterno positivo | alta tendenza BTTS || CONTRO: attacco casa non dominante | v22 monitora possibile sopravvalutazione weak_ga | profilo over interno debole;3.18;5.45;11.82;7.27;7.34;7.2;9.6;3.33;8.33;7.38;2.3.0
2026-10-10;Italy_SerieA;Inter;Parma;70.88;MEDIA;6;2026-10-10;Italy_SerieA;Italy_SerieA;;PRO: attacco casa positivo | difesa trasferta vulnerabile | difesa casa vulnerabile | trend over recente casa | profilo over interno positivo | alta tendenza BTTS || CONTRO: ospite poco prolifico: rischio 1-0 / 2-0 | v22 monitora possibile sopravvalutazione weak_ga | trend over trasferta non forte | profilo over esterno debole || CONTRO V23: v23: ospite poco prolifico;3.79;13.0;5.91;6.36;6.82;9.0;6.0;10.0;5.0;9.0;2.3.0
2026-10-10;Germany_Oberliga_Bayern_Nord;Regensburg 2;Stadeln;70.87;MEDIA;18;2026-10-10;Germany_Oberliga_Bayern_Nord;Germany_Oberliga_Bayern_Nord;;PRO: attacco casa positivo | difesa trasferta vulnerabile | difesa casa vulnerabile | trend over recente casa | profilo over interno positivo | profilo over esterno positivo || CONTRO: ospite poco prolifico: rischio 1-0 / 2-0 | v22 monitora possibile sopravvalutazione weak_ga | trend over trasferta non forte | BTTS basso: possibile partita a senso unico;1.41;12.73;7.73;6.15;6.99;9.6;6.0;6.67;6.67;6.92;2.3.0
2026-10-10;USA_MLS;Toronto FC;CF Montreal;70.87;MEDIA;33;2026-10-10;USA_MLS;USA_MLS;;PRO: difesa trasferta vulnerabile | difesa casa vulnerabile | trend over recente casa | trend over recente trasferta | profilo over interno positivo | profilo over esterno positivo | alta tendenza BTTS || CONTRO: attacco casa non dominante | ospite poco prolifico: rischio 1-0 / 2-0 | v22 monitora possibile sopravvalutazione weak_ga;0.41;8.23;7.39;6.88;9.9;8.4;7.2;6.67;7.86;7.93;2.3.0
2026-10-10;Germany_Oberliga_RheinlandPfalzSaar;Eisbachtal;Hertha Wiesbach;70.77;MEDIA;15;2026-10-10;Germany_Oberliga_RheinlandPfalzSaar;Germany_Oberliga_RheinlandPfalzSaar;;PRO: attacco trasferta positivo | difesa trasferta vulnerabile | difesa casa vulnerabile | trend over recente casa | trend over recente trasferta | profilo over interno positivo | profilo over esterno positivo || CONTRO: attacco casa non dominante | v22 monitora possibile sopravvalutazione weak_ga | BTTS basso: possibile partita a senso unico;1.06;2.69;9.13;8.0;10.0;9.6;7.2;8.0;8.0;7.09;2.3.0
2026-10-10;Italy_SerieA;Genoa;Fiorentina;70.65;MEDIA;6;2026-10-10;Italy_SerieA;Italy_SerieA;;PRO: difesa trasferta vulnerabile | difesa casa vulnerabile | trend over recente trasferta | profilo over esterno positivo | alta tendenza BTTS || CONTRO: attacco casa non dominante | ospite poco prolifico: rischio 1-0 / 2-0 | v22 monitora possibile sopravvalutazione weak_ga | trend over casa non forte | profilo over interno debole;3.16;4.43;7.09;7.27;10.0;6.0;9.6;5.0;10.0;8.1;2.3.0
2026-10-10;England_SouthernLeaguePremierSouth;Hanworth;Gloucester;70.64;MEDIA;15;2026-10-10;England_SouthernLeaguePremierSouth;England_SouthernLeaguePremierSouth;;PRO: attacco casa positivo | difesa trasferta vulnerabile | profilo over interno positivo | profilo over esterno positivo | alta tendenza BTTS || CONTRO: ospite poco prolifico: rischio 1-0 / 2-0 | v22 monitora possibile sopravvalutazione weak_ga | trend over casa non forte | trend over trasferta non forte;4.29;11.16;7.88;3.23;8.59;6.67;5.33;8.0;7.5;8.0;2.3.0
2026-10-10;Germany_Regionalliga_Sudwest;FSV Francoforte;Sandhausen;70.54;MEDIA;13;2026-10-10;Germany_Regionalliga_Sudwest;Germany_Regionalliga_Sudwest;;PRO: attacco casa positivo | attacco trasferta positivo | difesa trasferta vulnerabile | difesa casa vulnerabile | trend over recente casa | trend over recente trasferta | profilo over esterno positivo | alta tendenza BTTS || CONTRO: v22 monitora possibile sopravvalutazione weak_ga | profilo over interno debole;0.35;9.19;9.45;5.25;9.09;8.0;8.4;4.0;8.0;8.8;2.3.0
2026-10-10;Russia_PremierLeague;Samara;Sp. Mosca;70.53;MEDIA;10;2026-10-10;Russia_PremierLeague;Russia_PremierLeague;;PRO: attacco casa positivo | attacco trasferta positivo | difesa casa vulnerabile | trend over recente trasferta | profilo over interno positivo | profilo over esterno positivo | alta tendenza BTTS || CONTRO: trend over casa non forte;2.8;8.54;10.51;5.66;3.54;6.67;8.0;7.5;10.0;7.33;2.3.0
2026-10-10;Poland_IIILiga_Group4;Wisla 2;Jaroslaw;70.52;MEDIA;11;2026-10-10;Poland_IIILiga_Group4;Poland_IIILiga_Group4;;PRO: attacco trasferta positivo | difesa trasferta vulnerabile | trend over recente trasferta | profilo over esterno positivo | alta tendenza BTTS || CONTRO: attacco casa non dominante | v22 monitora possibile sopravvalutazione weak_ga | trend over casa non forte | profilo over interno debole;3.53;5.32;13.0;5.09;8.18;4.8;10.8;2.0;10.0;7.8;2.3.0
2026-10-10;France_Ligue1;Monaco;Tolosa;70.36;MEDIA;6;2026-10-10;France_Ligue1;France_Ligue1;;PRO: attacco casa positivo | attacco trasferta positivo | difesa trasferta vulnerabile | trend over recente trasferta | profilo over esterno positivo | alta tendenza BTTS || CONTRO: v22 monitora possibile sopravvalutazione weak_ga | trend over casa non forte | profilo over interno debole;3.53;9.45;10.34;2.18;7.95;4.8;9.0;5.0;10.0;8.1;2.3.0
2026-10-10;Germany_Regionalliga_Nord;Schoningen;Amburgo 2;70.33;MEDIA;14;2026-10-10;Germany_Regionalliga_Nord;Germany_Regionalliga_Nord;;PRO: attacco casa positivo | difesa trasferta vulnerabile | trend over recente casa | trend over recente trasferta | profilo over esterno positivo || CONTRO: ospite poco prolifico: rischio 1-0 / 2-0 | v22 monitora possibile sopravvalutazione weak_ga | profilo over interno debole | BTTS basso: possibile partita a senso unico || CONTRO V23: v23: BTTS basso;4.24;9.36;8.06;5.15;10.0;7.2;9.6;5.0;10.0;5.73;2.3.0
2026-10-10;Poland_Division2;Avia Swidnik;Swit Szczecin;70.33;MEDIA;11;2026-10-10;Poland_Division2;Poland_Division2;;PRO: difesa trasferta vulnerabile | difesa casa vulnerabile | trend over recente casa | trend over recente trasferta | profilo over interno positivo | profilo over esterno positivo || CONTRO: attacco casa non dominante | ospite poco prolifico: rischio 1-0 / 2-0 | v22 monitora possibile sopravvalutazione weak_ga | BTTS basso: possibile partita a senso unico;1.76;7.68;6.5;6.18;10.0;7.2;8.4;8.0;8.0;6.6;2.3.0
2026-10-10;Austria_Oberosterreich;Union Unis Gschwandt;Bad Ischl;70.31;MEDIA;13;2026-10-10;Austria_Oberosterreich;Austria_Oberosterreich;;PRO: attacco casa positivo | difesa trasferta vulnerabile | difesa casa vulnerabile | trend over recente casa | trend over recente trasferta | profilo over interno positivo | profilo over esterno positivo | alta tendenza BTTS || CONTRO: ospite poco prolifico: rischio 1-0 / 2-0 | v22 monitora possibile sopravvalutazione weak_ga;0.8;8.54;8.27;6.06;8.64;8.0;8.4;6.0;8.0;7.6;2.3.0
2026-10-10;Germany_Oberliga_Bayern_Sud;Landshut;FC Schwaig;70.26;MEDIA;15;2026-10-10;Germany_Oberliga_Bayern_Sud;Germany_Oberliga_Bayern_Sud;;PRO: attacco casa positivo | attacco trasferta positivo | trend over recente trasferta | profilo over esterno positivo | alta tendenza BTTS || CONTRO: trend over casa non forte | profilo over interno debole;1.41;11.82;11.36;3.92;5.24;6.0;7.2;5.0;10.0;8.31;2.3.0
2026-10-10;Belarus_PershayaLiga;Osipovichi;Volna Pinsk;70.13;MEDIA;30;2026-10-10;Belarus_PershayaLiga;Belarus_PershayaLiga;;PRO: attacco trasferta positivo | difesa trasferta vulnerabile | difesa casa vulnerabile | trend over recente trasferta | profilo over interno positivo | profilo over esterno positivo | alta tendenza BTTS || CONTRO: attacco casa non dominante | v22 monitora possibile sopravvalutazione weak_ga | trend over casa non forte;2.47;6.35;8.75;8.0;8.42;6.0;7.2;7.69;7.69;7.56;2.3.0
2026-10-10;Slovakia_3Liga_West;Nitra;Raca;70.11;MEDIA;10;2026-10-10;Slovakia_3Liga_West;Slovakia_3Liga_West;;PRO: attacco casa positivo | attacco trasferta positivo | difesa trasferta vulnerabile | trend over recente casa | profilo over interno positivo | alta tendenza BTTS || CONTRO: v22 monitora possibile sopravvalutazione weak_ga | trend over trasferta non forte | profilo over esterno debole;4.0;13.0;8.54;2.83;7.58;9.33;6.67;7.5;3.33;7.33;2.3.0
2026-10-10;Slovakia_3Liga_West;Velke Ludince;MSK Senec;69.98;MEDIA;10;2026-10-10;Slovakia_3Liga_West;Slovakia_3Liga_West;;PRO: difesa trasferta vulnerabile | difesa casa vulnerabile | trend over recente casa | profilo over interno positivo | profilo over esterno positivo || CONTRO: attacco casa non dominante | ospite poco prolifico: rischio 1-0 / 2-0 | v22 monitora possibile sopravvalutazione weak_ga | trend over trasferta non forte | BTTS basso: possibile partita a senso unico || CONTRO V23: v23: ospite poco prolifico;1.6;7.88;5.25;8.0;8.59;9.33;6.67;10.0;10.0;6.67;2.3.0
2026-10-10;Japan_J1League;Tokyo;Urawa;69.87;MEDIA;8;2026-10-10;Japan_J1League;Japan_J1League;;PRO: attacco casa positivo | attacco trasferta positivo | difesa trasferta vulnerabile | trend over recente trasferta | profilo over esterno positivo | alta tendenza BTTS || CONTRO: v22 monitora possibile sopravvalutazione weak_ga | trend over casa non forte | profilo over interno debole;1.58;10.34;11.82;3.64;10.0;4.5;10.5;2.5;7.5;7.5;2.3.0
2026-10-10;Germany_Regionalliga_Bayern;Illertissen;Monaco 1860;69.81;MEDIA;15;2026-10-10;Germany_Regionalliga_Bayern;Germany_Regionalliga_Bayern;;PRO: attacco casa positivo | attacco trasferta positivo | trend over recente casa | trend over recente trasferta | profilo over esterno positivo || CONTRO: profilo over interno debole | BTTS basso: possibile partita a senso unico;0.71;10.74;12.89;4.96;5.37;8.4;8.4;4.0;8.33;6.0;2.3.0
2026-10-10;Sweden_Allsvenskan;AIK Stockholm;Brommapojkarna;69.79;MEDIA;30;2026-10-10;Sweden_Allsvenskan;Sweden_Allsvenskan;;PRO: difesa trasferta vulnerabile | difesa casa vulnerabile | trend over recente casa | trend over recente trasferta | profilo over interno positivo | profilo over esterno positivo | alta tendenza BTTS || CONTRO: attacco casa non dominante | ospite poco prolifico: rischio 1-0 / 2-0 | v22 monitora possibile sopravvalutazione weak_ga;1.2;8.33;8.06;5.62;7.44;7.2;8.4;6.0;9.09;8.45;2.3.0
2026-10-10;Germany_Regionalliga_Bayern;Ansbach;Norinberga 2;69.78;MEDIA;15;2026-10-10;Germany_Regionalliga_Bayern;Germany_Regionalliga_Bayern;;PRO: attacco trasferta positivo | difesa trasferta vulnerabile | difesa casa vulnerabile | trend over recente casa | trend over recente trasferta | profilo over interno positivo | profilo over esterno positivo || CONTRO: attacco casa non dominante | v22 monitora possibile sopravvalutazione weak_ga | BTTS basso: possibile partita a senso unico;1.41;5.37;11.28;8.0;7.02;7.2;8.4;8.0;6.0;7.09;2.3.0
2026-10-10;Bolivia_DivisionProfesional;Universitario de Vinto;Real Oruro;69.73;MEDIA;25;2026-10-10;Bolivia_DivisionProfesional;Bolivia_DivisionProfesional;;PRO: attacco trasferta positivo | difesa trasferta vulnerabile | difesa casa vulnerabile | trend over recente trasferta | profilo over esterno positivo | alta tendenza BTTS || CONTRO: attacco casa non dominante | v22 monitora possibile sopravvalutazione weak_ga | trend over casa non forte | profilo over interno debole;1.2;7.68;9.45;7.09;10.0;4.8;8.4;5.0;8.0;8.1;2.3.0
2026-10-10;Bosnia_PrvaLiga_FBiH;Banovici;Capljina;69.66;MEDIA;10;2026-10-10;Bosnia_PrvaLiga_FBiH;Bosnia_PrvaLiga_FBiH;double round robin inferred from league size.;PRO: difesa trasferta vulnerabile | difesa casa vulnerabile | trend over recente casa | trend over recente trasferta | profilo over esterno positivo | alta tendenza BTTS || CONTRO: attacco casa non dominante | ospite poco prolifico: rischio 1-0 / 2-0 | v22 monitora possibile sopravvalutazione weak_ga | profilo over interno debole;1.2;6.65;6.65;8.0;10.0;9.0;9.0;5.0;6.67;7.5;2.3.0
2026-10-10;Serbia_PrvaLiga;Borac 1926;Jedinstvo U.;69.66;MEDIA;13;2026-10-10;Serbia_PrvaLiga;Serbia_PrvaLiga;;PRO: attacco casa positivo | difesa trasferta vulnerabile | trend over recente casa | trend over recente trasferta | profilo over interno positivo | profilo over esterno positivo | alta tendenza BTTS || CONTRO: ospite poco prolifico: rischio 1-0 / 2-0 | v22 monitora possibile sopravvalutazione weak_ga || CONTRO V23: v23: ospite poco prolifico;5.6;10.34;5.42;4.85;7.95;9.6;8.4;8.0;6.0;7.5;2.3.0
2026-10-10;Austria_Regionalliga_North;Grodig;LASK (Am);69.63;MEDIA;13;2026-10-10;Austria_Regionalliga_North;Austria_Regionalliga_North;;PRO: attacco casa positivo | attacco trasferta positivo | trend over recente casa | trend over recente trasferta | profilo over interno positivo | profilo over esterno positivo || CONTRO: BTTS basso: possibile partita a senso unico;1.85;10.05;13.0;4.73;4.55;8.4;8.4;6.67;6.0;6.0;2.3.0
2026-10-10;Norway_Eliteserien;Bodo/Glimt;Kristiansund;69.51;MEDIA;30;2026-10-10;Norway_Eliteserien;Norway_Eliteserien;;PRO: attacco casa positivo | difesa trasferta vulnerabile | trend over recente casa | trend over recente trasferta | profilo over interno positivo || CONTRO: ospite poco prolifico: rischio 1-0 / 2-0 | v22 monitora possibile sopravvalutazione weak_ga | profilo over esterno debole | BTTS basso: possibile partita a senso unico || CONTRO V23: v23: ospite poco prolifico;5.2;13.0;5.91;3.29;8.66;9.6;8.4;8.0;5.45;6.0;2.3.0
2026-10-10;Lithuania_ILyga;Neptunas;Hegelmann Litauen 2;69.45;MEDIA;28;2026-10-10;Lithuania_ILyga;Lithuania_ILyga;;PRO: difesa trasferta vulnerabile | trend over recente trasferta | profilo over interno positivo | profilo over esterno positivo || CONTRO: attacco casa non dominante | ospite poco prolifico: rischio 1-0 / 2-0 | v22 monitora possibile sopravvalutazione weak_ga | trend over casa non forte | BTTS basso: possibile partita a senso unico;3.6;7.8;7.09;4.36;10.0;6.0;9.6;7.5;7.5;6.0;2.3.0
2026-10-10;Germany_Oberliga_NOFV_Sud;Freital;Glauchau;69.39;MEDIA;7;2026-10-10;Germany_Oberliga_NOFV_Sud;Germany_Oberliga_NOFV_Sud;;PRO: attacco casa positivo | difesa trasferta vulnerabile | difesa casa vulnerabile | trend over recente casa | profilo over interno positivo | profilo over esterno positivo | alta tendenza BTTS || CONTRO: ospite poco prolifico: rischio 1-0 / 2-0 | v22 monitora possibile sopravvalutazione weak_ga | trend over trasferta non forte || CONTRO V23: v23: ospite poco prolifico;1.6;10.83;4.92;7.27;9.09;8.0;6.0;10.0;6.67;9.0;2.3.0
2026-10-10;Austria_Vorarlberg;Rotenberg;Brauerei Egg;69.3;MEDIA;9;2026-10-10;Austria_Vorarlberg;Austria_Vorarlberg;fourth tier;PRO: attacco casa positivo | attacco trasferta positivo | trend over recente trasferta | profilo over esterno positivo | alta tendenza BTTS || CONTRO: trend over casa non forte | profilo over interno debole;0.92;11.82;13.0;4.09;5.19;6.0;8.57;5.0;6.67;8.04;2.3.0
2026-10-10;Sweden_Division1_Sodra;Eskilsminne;Olympic;69.25;MEDIA;28;2026-10-10;Sweden_Division1_Sodra;Sweden_Division1_Sodra;;PRO: attacco casa positivo | attacco trasferta positivo | difesa trasferta vulnerabile | difesa casa vulnerabile | trend over recente casa | trend over recente trasferta | profilo over esterno positivo | alta tendenza BTTS || CONTRO: v22 monitora possibile sopravvalutazione weak_ga | profilo over interno debole;0.4;9.45;9.69;6.4;8.73;7.2;7.2;5.83;6.67;7.68;2.3.0
2026-10-10;England_LeagueOne;Huddersfield;Sheffield Wed;69.03;MEDIA;10;2026-10-10;England_LeagueOne;England_LeagueOne;;PRO: attacco casa positivo | attacco trasferta positivo | trend over recente casa | profilo over interno positivo | profilo over esterno positivo | alta tendenza BTTS || CONTRO: trend over trasferta non forte;0.26;10.97;10.97;3.12;3.9;8.57;6.86;6.67;10.0;7.71;2.3.0
2026-10-10;Germany_Oberliga_NOFV_Nord;Mahlsdorf;Neustrelitz;68.92;MEDIA;8;2026-10-10;Germany_Oberliga_NOFV_Nord;Germany_Oberliga_NOFV_Nord;;PRO: attacco trasferta positivo | difesa trasferta vulnerabile | trend over recente trasferta | profilo over esterno positivo | alta tendenza BTTS || CONTRO: attacco casa non dominante | v22 monitora possibile sopravvalutazione weak_ga | trend over casa non forte | profilo over interno debole;4.8;6.89;8.86;3.03;10.0;2.0;12.0;3.33;10.0;8.0;2.3.0
2026-10-10;Wales_CymruNorth;Newtown;Bangor 1876;68.86;MEDIA;11;2026-10-10;Wales_CymruNorth;Wales_CymruNorth;Wales_CymruTier2;PRO: attacco casa positivo | attacco trasferta positivo | difesa trasferta vulnerabile | trend over recente trasferta | profilo over esterno positivo || CONTRO: v22 monitora possibile sopravvalutazione weak_ga | trend over casa non forte | profilo over interno debole | BTTS basso: possibile partita a senso unico;2.0;11.08;13.0;1.36;8.08;4.5;10.67;4.0;8.0;6.17;2.3.0
2026-10-10;England_LeagueOne;Mansfield;Bromley;68.8;MEDIA;10;2026-10-10;England_LeagueOne;England_LeagueOne;;PRO: attacco casa positivo | difesa trasferta vulnerabile | difesa casa vulnerabile | trend over recente casa | trend over recente trasferta | profilo over interno positivo | profilo over esterno positivo || CONTRO: ospite poco prolifico: rischio 1-0 / 2-0 | v22 monitora possibile sopravvalutazione weak_ga | BTTS basso: possibile partita a senso unico;1.04;8.86;6.89;6.67;10.0;8.0;8.0;6.67;6.67;6.0;2.3.0
2026-10-10;Slovakia_NikeLiga;Kosice;Komarno;68.79;MEDIA;10;2026-10-10;Slovakia_NikeLiga;Slovakia_NikeLiga;;PRO: attacco casa positivo | difesa trasferta vulnerabile | difesa casa vulnerabile | trend over recente casa | profilo over interno positivo | alta tendenza BTTS || CONTRO: ospite poco prolifico: rischio 1-0 / 2-0 | v22 monitora possibile sopravvalutazione weak_ga | trend over trasferta non forte | profilo over esterno debole || CONTRO V23: v23: ospite poco prolifico;1.64;13.0;5.25;8.0;7.07;10.5;6.67;7.5;4.0;9.17;2.3.0
2026-10-10;England_SouthernLeaguePremierCentral;Racing Club Warwick;Leiston;68.78;MEDIA;11;2026-10-10;England_SouthernLeaguePremierCentral;England_SouthernLeaguePremierCentral;;PRO: attacco trasferta positivo | difesa trasferta vulnerabile | trend over recente trasferta | profilo over esterno positivo | alta tendenza BTTS || CONTRO: attacco casa non dominante | v22 monitora possibile sopravvalutazione weak_ga | trend over casa non forte | profilo over interno debole;0.57;6.5;11.16;5.09;8.59;6.0;9.33;4.0;8.0;9.53;2.3.0
2026-10-10;England_LeagueOne;Milton Keynes;Reading;68.61;MEDIA;10;2026-10-10;England_LeagueOne;England_LeagueOne;;PRO: attacco trasferta positivo | difesa casa vulnerabile | trend over recente trasferta | profilo over esterno positivo | alta tendenza BTTS || CONTRO: attacco casa non dominante | trend over casa non forte | profilo over interno debole;3.91;6.89;13.0;5.45;6.49;6.0;8.57;0.0;10.0;8.29;2.3.0
2026-10-10;England_SouthernLeaguePremierSouth;Poole;Bracknell;68.52;MEDIA;15;2026-10-10;England_SouthernLeaguePremierSouth;England_SouthernLeaguePremierSouth;;PRO: attacco casa positivo | difesa trasferta vulnerabile | trend over recente casa | trend over recente trasferta | profilo over esterno positivo | alta tendenza BTTS || CONTRO: ospite poco prolifico: rischio 1-0 / 2-0 | v22 monitora possibile sopravvalutazione weak_ga | profilo over interno debole;4.0;10.05;7.22;4.36;9.09;7.2;8.0;5.0;6.0;7.6;2.3.0
2026-10-10;Austria_Bundesliga;Tirol;Ried;68.48;MEDIA;9;2026-10-10;Austria_Bundesliga;Austria_Bundesliga;;PRO: attacco trasferta positivo | difesa trasferta vulnerabile | difesa casa vulnerabile | trend over recente casa | profilo over interno positivo | profilo over esterno positivo | alta tendenza BTTS || CONTRO: attacco casa non dominante | v22 monitora possibile sopravvalutazione weak_ga | trend over trasferta non forte;1.09;7.6;9.29;6.23;7.79;8.57;6.86;6.67;6.67;7.71;2.3.0
2026-10-10;Germany_Oberliga_NOFV_Nord;Reinickendorfer Fuchse;Stendal;68.47;MEDIA;8;2026-10-10;Germany_Oberliga_NOFV_Nord;Germany_Oberliga_NOFV_Nord;;PRO: attacco trasferta positivo | difesa trasferta vulnerabile | trend over recente casa | trend over recente trasferta | profilo over esterno positivo | alta tendenza BTTS || CONTRO: attacco casa non dominante | v22 monitora possibile sopravvalutazione weak_ga | profilo over interno debole;0.8;7.88;9.85;4.85;9.09;8.0;8.0;3.33;6.67;10.0;2.3.0
2026-10-10;Poland_IIILiga_Group2;Luzino;Wda Swiecie;68.42;MEDIA;12;2026-10-10;Poland_IIILiga_Group2;Poland_IIILiga_Group2;;PRO: attacco casa positivo | attacco trasferta positivo | trend over recente casa | trend over recente trasferta | profilo over interno positivo | alta tendenza BTTS || CONTRO: profilo over esterno debole;1.38;13.0;8.86;4.3;6.36;9.6;7.2;6.0;2.0;9.71;2.3.0
2026-10-10;Spain_LaLiga2;Eldense;Cordoba;68.32;MEDIA;9;2026-10-10;Spain_LaLiga2;Spain_LaLiga2;;PRO: attacco trasferta positivo | difesa trasferta vulnerabile | trend over recente trasferta | profilo over interno positivo | profilo over esterno positivo || CONTRO: attacco casa non dominante | v22 monitora possibile sopravvalutazione weak_ga | trend over casa non forte | BTTS basso: possibile partita a senso unico;0.86;5.06;9.29;4.16;10.0;5.14;10.29;6.67;10.0;6.86;2.3.0
2026-10-10;England_SouthernLeaguePremierSouth;Taunton;Hanwell Town;68.21;MEDIA;15;2026-10-10;England_SouthernLeaguePremierSouth;England_SouthernLeaguePremierSouth;;PRO: attacco casa positivo | difesa casa vulnerabile | trend over recente casa | profilo over interno positivo | alta tendenza BTTS || CONTRO: ospite poco prolifico: rischio 1-0 / 2-0 | trend over trasferta non forte | profilo over esterno debole || CONTRO V23: v23: ospite poco prolifico;2.86;13.0;5.17;8.0;5.68;10.67;4.5;10.0;4.0;8.33;2.3.0
2026-10-10;England_IsthmianLeaguePremierDivision;Cray Wanderers;Lewes;68.15;MEDIA;23;2026-10-10;England_IsthmianLeaguePremierDivision;England_IsthmianLeaguePremierDivision;;PRO: attacco casa positivo | attacco trasferta positivo | difesa casa vulnerabile | trend over recente casa | profilo over interno positivo || CONTRO: trend over trasferta non forte | profilo over esterno debole | BTTS basso: possibile partita a senso unico;2.29;13.0;8.86;5.45;5.0;9.0;6.0;7.5;4.0;7.05;2.3.0
2026-10-10;England_SouthernLeaguePremierSouth;Chertsey;Chippenham;68.04;MEDIA;15;2026-10-10;England_SouthernLeaguePremierSouth;England_SouthernLeaguePremierSouth;;PRO: attacco casa positivo | difesa trasferta vulnerabile | difesa casa vulnerabile | trend over recente casa | profilo over interno positivo | alta tendenza BTTS || CONTRO: ospite poco prolifico: rischio 1-0 / 2-0 | v22 monitora possibile sopravvalutazione weak_ga | trend over trasferta non forte | profilo over esterno debole || CONTRO V23: v23: ospite poco prolifico;3.71;13.0;5.17;6.06;9.09;9.33;6.0;8.0;4.0;7.67;2.3.0
2026-10-10;CzechRepublic_4Liga_GroupD;Havlickuv Brod;Znojmo;68.03;MEDIA;10;2026-10-10;CzechRepublic_4Liga_GroupD;CzechRepublic_4Liga_GroupD;CzechRepublic_4Liga;PRO: attacco casa positivo | attacco trasferta positivo | profilo over interno positivo || CONTRO: trend over casa non forte | trend over trasferta non forte | profilo over esterno debole | BTTS basso: possibile partita a senso unico;3.2;10.51;11.16;4.44;5.05;6.67;5.33;10.0;5.0;6.67;2.3.0
2026-10-10;England_LeagueOne;Doncaster;Burton;67.93;MEDIA;10;2026-10-10;England_LeagueOne;England_LeagueOne;;PRO: attacco trasferta positivo | difesa trasferta vulnerabile | difesa casa vulnerabile | trend over recente trasferta | profilo over esterno positivo | alta tendenza BTTS || CONTRO: attacco casa non dominante | v22 monitora possibile sopravvalutazione weak_ga | trend over casa non forte | profilo over interno debole;2.61;7.88;8.86;5.45;7.95;6.0;9.0;5.0;6.67;8.5;2.3.0
2026-10-10;Finland_Ykkonen;Keski-Uusimaa;SalPa;67.78;MEDIA;26;2026-10-10;Finland_Ykkonen;Finland_Ykkonen;;PRO: attacco casa positivo | attacco trasferta positivo | difesa trasferta vulnerabile | trend over recente trasferta | profilo over interno positivo | profilo over esterno positivo | alta tendenza BTTS || CONTRO: v22 monitora possibile sopravvalutazione weak_ga | trend over casa non forte;0.55;10.74;11.01;4.96;7.23;6.0;7.2;6.36;6.36;7.36;2.3.0
2026-10-10;Hungary_NBI;Vasas;Kisvarda;67.78;MEDIA;10;2026-10-10;Hungary_NBI;Hungary_NBI;;PRO: attacco casa positivo | trend over recente casa | profilo over interno positivo | profilo over esterno positivo | alta tendenza BTTS || CONTRO: ospite poco prolifico: rischio 1-0 / 2-0 | trend over trasferta non forte;2.73;12.56;6.65;5.0;5.68;9.0;4.5;7.5;6.67;7.5;2.3.0
2026-10-10;Germany_2Bundesliga;Magdeburg;Hannover;67.75;MEDIA;7;2026-10-10;Germany_2Bundesliga;Germany_2Bundesliga;;PRO: attacco casa positivo | difesa trasferta vulnerabile | difesa casa vulnerabile | trend over recente casa | trend over recente trasferta | profilo over interno positivo | profilo over esterno positivo || CONTRO: ospite poco prolifico: rischio 1-0 / 2-0 | v22 monitora possibile sopravvalutazione weak_ga | BTTS basso: possibile partita a senso unico;1.41;10.83;6.89;5.45;6.82;8.0;8.0;6.67;6.67;7.0;2.3.0
2026-10-10;Norway_2ndDivision_Group1;Sotra;Halden;67.73;MEDIA;24;2026-10-10;Norway_2ndDivision_Group1;Norway_2ndDivision_Group1;;PRO: attacco casa positivo | attacco trasferta positivo | trend over recente casa | profilo over interno positivo || CONTRO: trend over trasferta non forte | profilo over esterno debole | BTTS basso: possibile partita a senso unico;0.92;12.09;9.13;4.79;5.58;10.8;3.6;9.09;5.45;6.27;2.3.0
2026-10-10;England_IsthmianLeaguePremierDivision;Maldon & Tiptree;Whyteleafe;67.68;MEDIA;23;2026-10-10;England_IsthmianLeaguePremierDivision;England_IsthmianLeaguePremierDivision;;PRO: difesa trasferta vulnerabile | difesa casa vulnerabile | trend over recente casa | trend over recente trasferta | profilo over interno positivo | profilo over esterno positivo || CONTRO: attacco casa non dominante | ospite poco prolifico: rischio 1-0 / 2-0 | v22 monitora possibile sopravvalutazione weak_ga | BTTS basso: possibile partita a senso unico;0.29;7.52;6.5;8.0;9.09;8.4;8.4;6.67;6.0;6.82;2.3.0
2026-10-10;Austria_Niederosterreich;Amstetten (Am);Wiener Neustadt;67.6;MEDIA;10;2026-10-10;Austria_Niederosterreich;Austria_Niederosterreich;;PRO: attacco trasferta positivo | difesa casa vulnerabile | trend over recente casa | profilo over interno positivo | alta tendenza BTTS || CONTRO: attacco casa non dominante | trend over trasferta non forte | profilo over esterno debole;6.0;6.57;10.51;8.0;2.53;8.0;4.0;10.0;4.0;8.0;2.3.0
2026-10-10;Croatia_HNL;Hajduk Split;Din. Zagabria;67.46;MEDIA;6;2026-10-10;Croatia_HNL;Croatia_HNL;10 clubs, quadruple round robin;PRO: attacco casa positivo | attacco trasferta positivo | difesa trasferta vulnerabile | trend over recente casa | trend over recente trasferta | profilo over esterno positivo || CONTRO: v22 monitora possibile sopravvalutazione weak_ga | profilo over interno debole | BTTS basso: possibile partita a senso unico || CONTRO V23: v23: BTTS basso;1.33;13.0;11.82;2.18;9.09;7.2;9.0;3.33;10.0;4.5;2.3.0
2026-10-10;Germany_Bundesliga;Paderborn;Stoccarda;67.37;MEDIA;5;2026-10-10;Germany_Bundesliga;Germany_Bundesliga;;PRO: attacco trasferta positivo | difesa trasferta vulnerabile | trend over recente trasferta | profilo over esterno positivo || CONTRO: attacco casa non dominante | v22 monitora possibile sopravvalutazione weak_ga | trend over casa non forte | profilo over interno debole | BTTS basso: possibile partita a senso unico;3.53;4.43;8.86;4.55;10.0;6.0;9.0;5.0;10.0;6.0;2.3.0
2026-10-10;Georgia_ErovnuliLiga;Spaeri;Torpedo Kutaisi;67.3;MEDIA;12;2026-10-10;Georgia_ErovnuliLiga;Georgia_ErovnuliLiga;;PRO: attacco trasferta positivo | difesa trasferta vulnerabile | difesa casa vulnerabile | trend over recente casa | profilo over interno positivo | alta tendenza BTTS || CONTRO: attacco casa non dominante | v22 monitora possibile sopravvalutazione weak_ga | trend over trasferta non forte | profilo over esterno debole;2.67;6.65;9.29;8.0;8.44;7.5;5.14;7.5;3.33;8.79;2.3.0
2026-10-10;CzechRepublic_3MSFL;Nove Mesto na Morave;Unicov;67.3;MEDIA;12;2026-10-10;CzechRepublic_3MSFL;CzechRepublic_3MSFL;;PRO: attacco trasferta positivo | difesa casa vulnerabile | trend over recente casa | trend over recente trasferta | profilo over interno positivo || CONTRO: attacco casa non dominante | profilo over esterno debole | BTTS basso: possibile partita a senso unico;4.62;6.98;11.82;6.61;5.79;7.2;7.2;6.0;4.0;7.09;2.3.0
2026-10-10;USA_USLLeagueOne;Union Omaha;Fort Wayne;67.28;MEDIA;44;2026-10-10;USA_USLLeagueOne;USA_USLLeagueOne;;PRO: attacco casa positivo | attacco trasferta positivo | trend over recente casa | trend over recente trasferta | profilo over interno positivo | alta tendenza BTTS || CONTRO: profilo over esterno debole;2.62;10.8;9.65;3.89;5.76;7.2;8.4;6.0;5.62;7.33;2.3.0
2026-10-10;Switzerland_PromotionLeague;Bulle;Paradiso;67.26;MEDIA;13;2026-10-10;Switzerland_PromotionLeague;Switzerland_PromotionLeague;;PRO: attacco casa positivo | attacco trasferta positivo | trend over recente casa | alta tendenza BTTS || CONTRO: trend over trasferta non forte | profilo over interno debole | profilo over esterno debole;0.46;13.0;11.82;5.09;4.09;9.6;6.0;5.0;5.0;7.2;2.3.0
2026-10-10;Sweden_Division2_SodraGotaland;Solvesborgs;Lilla Torg;67.19;MEDIA;30;2026-10-10;Sweden_Division2_SodraGotaland;Sweden_Division2_SodraGotaland;;PRO: attacco casa positivo | difesa trasferta vulnerabile | difesa casa vulnerabile | trend over recente casa | trend over recente trasferta | profilo over interno positivo | alta tendenza BTTS || CONTRO: ospite poco prolifico: rischio 1-0 / 2-0 | v22 monitora possibile sopravvalutazione weak_ga | profilo over esterno debole;0.46;8.62;8.12;6.97;7.77;9.6;8.4;6.67;3.33;7.25;2.3.0
2026-10-10;Germany_Regionalliga_Bayern;Schwaben Augsburg;Bayreuth;67.12;MEDIA;15;2026-10-10;Germany_Regionalliga_Bayern;Germany_Regionalliga_Bayern;;PRO: attacco trasferta positivo | difesa trasferta vulnerabile | difesa casa vulnerabile | trend over recente casa | trend over recente trasferta | profilo over esterno positivo || CONTRO: attacco casa non dominante | v22 monitora possibile sopravvalutazione weak_ga | profilo over interno debole | BTTS basso: possibile partita a senso unico;2.47;6.89;10.83;6.97;6.82;8.4;8.4;3.33;6.0;7.0;2.3.0
2026-10-10;Finland_Ykkonen;OLS Oulu;Tampere Utd;67.11;MEDIA;26;2026-10-10;Finland_Ykkonen;Finland_Ykkonen;;PRO: attacco casa positivo | attacco trasferta positivo | difesa casa vulnerabile | trend over recente casa | trend over recente trasferta | profilo over interno positivo || CONTRO: profilo over esterno debole | BTTS basso: possibile partita a senso unico || CONTRO V23: v23: BTTS basso;2.18;11.55;12.62;5.79;3.72;9.6;7.2;8.18;4.55;5.73;2.3.0
2026-10-10;Portugal_LigaPortugal;Maritimo;FC Porto;67.08;MEDIA;10;2026-10-10;Portugal_LigaPortugal;Portugal_LigaPortugal;;PRO: attacco trasferta positivo | difesa casa vulnerabile | trend over recente casa | profilo over interno positivo | profilo over esterno positivo || CONTRO: attacco casa non dominante | trend over trasferta non forte | BTTS basso: possibile partita a senso unico;3.53;6.75;13.0;6.23;1.95;8.57;6.86;6.67;6.67;6.86;2.3.0
2026-10-10;Sweden_Division2_SodraSvealand;Ragsved;Smedby;66.94;MEDIA;25;2026-10-10;Sweden_Division2_SodraSvealand;Sweden_Division2_SodraSvealand;;PRO: attacco casa positivo | attacco trasferta positivo | difesa casa vulnerabile | trend over recente casa | profilo over interno positivo | alta tendenza BTTS || CONTRO: trend over trasferta non forte | profilo over esterno debole;0.46;11.08;10.09;5.61;6.25;8.4;4.8;7.5;5.0;7.75;2.3.0
2026-10-10;Germany_Regionalliga_Sudwest;Kaiserslautern 2;Kassel;66.93;MEDIA;13;2026-10-10;Germany_Regionalliga_Sudwest;Germany_Regionalliga_Sudwest;;PRO: attacco trasferta positivo | difesa trasferta vulnerabile | difesa casa vulnerabile | trend over recente trasferta | profilo over esterno positivo || CONTRO: attacco casa non dominante | v22 monitora possibile sopravvalutazione weak_ga | trend over casa non forte | profilo over interno debole | BTTS basso: possibile partita a senso unico;1.41;4.6;10.05;7.27;8.64;6.67;9.6;5.0;7.5;6.2;2.3.0
2026-10-10;Denmark_3rdDivision;Helsingor;ASA Aarhus;66.91;MEDIA;11;2026-10-10;Denmark_3rdDivision;Denmark_3rdDivision;;PRO: attacco casa positivo | trend over recente casa | trend over recente trasferta | profilo over interno positivo | profilo over esterno positivo | alta tendenza BTTS || CONTRO: ospite poco prolifico: rischio 1-0 / 2-0;0.55;10.64;8.27;5.09;6.36;8.4;7.2;6.0;6.0;8.4;2.3.0
2026-10-10;Sweden_Division2_NorraSvealand;Taby;Lidingo IFK;66.91;MEDIA;26;2026-10-10;Sweden_Division2_NorraSvealand;Sweden_Division2_NorraSvealand;;PRO: attacco casa positivo | difesa trasferta vulnerabile | trend over recente casa | trend over recente trasferta | profilo over interno positivo || CONTRO: ospite poco prolifico: rischio 1-0 / 2-0 | v22 monitora possibile sopravvalutazione weak_ga | profilo over esterno debole | BTTS basso: possibile partita a senso unico || CONTRO V23: v23: ospite poco prolifico;2.77;10.34;6.4;3.79;9.28;8.4;9.6;7.5;5.83;7.0;2.3.0
2026-10-10;NorthernIreland_NIFLChampionship;Queens Univ.;Ballinamallard;66.89;MEDIA;11;2026-10-10;NorthernIreland_NIFLChampionship;NorthernIreland_NIFLChampionship;;PRO: attacco casa positivo | attacco trasferta positivo | difesa trasferta vulnerabile | trend over recente trasferta | profilo over interno positivo | profilo over esterno positivo || CONTRO: v22 monitora possibile sopravvalutazione weak_ga | trend over casa non forte | BTTS basso: possibile partita a senso unico;2.0;11.82;9.45;2.55;7.27;6.0;7.2;6.0;8.0;6.6;2.3.0
2026-10-10;England_NPLPremierDivision;Leek;Ashton Utd;66.86;MEDIA;13;2026-10-10;England_NPLPremierDivision;England_NPLPremierDivision;;PRO: attacco casa positivo | difesa casa vulnerabile | trend over recente casa | profilo over interno positivo | alta tendenza BTTS || CONTRO: ospite poco prolifico: rischio 1-0 / 2-0 | trend over trasferta non forte | profilo over esterno debole;1.14;11.82;7.09;7.6;5.0;9.6;3.6;10.0;2.0;9.0;2.3.0
2026-10-10;Italy_SerieC_GironeA;Arzignano;Juventus U23;66.69;MEDIA;9;2026-10-10;Italy_SerieC_GironeA;Italy_SerieC_GironeA;;PRO: attacco casa positivo | difesa trasferta vulnerabile | trend over recente casa | profilo over interno positivo || CONTRO: ospite poco prolifico: rischio 1-0 / 2-0 | v22 monitora possibile sopravvalutazione weak_ga | trend over trasferta non forte | profilo over esterno debole | BTTS basso: possibile partita a senso unico || CONTRO V23: v23: ospite poco prolifico;5.05;10.13;5.91;4.68;9.85;10.29;6.0;7.5;5.0;6.29;2.3.0
2026-10-10;Sweden_Division2_SodraGotaland;Linero IF;Vaxjo Norra;66.62;MEDIA;30;2026-10-10;Sweden_Division2_SodraGotaland;Sweden_Division2_SodraGotaland;;PRO: attacco casa positivo | difesa casa vulnerabile | trend over recente casa | profilo over interno positivo | profilo over esterno positivo | alta tendenza BTTS || CONTRO: ospite poco prolifico: rischio 1-0 / 2-0 | trend over trasferta non forte;0.46;11.08;7.63;6.21;6.25;8.4;6.0;6.67;6.67;7.25;2.3.0
2026-10-10;Denmark_2ndDivision;FA 2000;Naestved;66.56;MEDIA;11;2026-10-10;Denmark_2ndDivision;Denmark_2ndDivision;;PRO: difesa casa vulnerabile | trend over recente casa | profilo over interno positivo | alta tendenza BTTS || CONTRO: attacco casa non dominante | ospite poco prolifico: rischio 1-0 / 2-0 | trend over trasferta non forte | profilo over esterno debole;2.73;5.91;8.27;8.0;5.45;8.4;4.8;10.0;4.0;9.0;2.3.0
2026-10-10;Sweden_Division2_NorraSvealand;Enskede;Skiljebo;66.53;MEDIA;26;2026-10-10;Sweden_Division2_NorraSvealand;Sweden_Division2_NorraSvealand;;PRO: attacco casa positivo | attacco trasferta positivo | trend over recente trasferta | profilo over esterno positivo | alta tendenza BTTS || CONTRO: trend over casa non forte | profilo over interno debole;1.38;10.09;13.0;3.64;4.73;4.8;10.8;4.17;6.67;7.25;2.3.0
2026-10-10;Austria_Burgenland;Halbturn;Margarethen;66.52;MEDIA;11;2026-10-10;Austria_Burgenland;Austria_Burgenland;;PRO: attacco trasferta positivo | difesa casa vulnerabile | trend over recente casa | profilo over interno positivo | profilo over esterno positivo || CONTRO: attacco casa non dominante | trend over trasferta non forte | BTTS basso: possibile partita a senso unico;1.6;5.91;10.51;6.46;4.55;9.33;6.67;7.5;8.0;6.0;2.3.0
2026-10-10;CzechRepublic_3CFL_GroupB;Velke Hamry;Teplice B;66.52;MEDIA;12;2026-10-10;CzechRepublic_3CFL_GroupB;CzechRepublic_3CFL_GroupB;CzechRepublic_3rdTier;PRO: attacco trasferta positivo | difesa trasferta vulnerabile | difesa casa vulnerabile | trend over recente casa | profilo over interno positivo | profilo over esterno positivo || CONTRO: attacco casa non dominante | v22 monitora possibile sopravvalutazione weak_ga | trend over trasferta non forte | BTTS basso: possibile partita a senso unico || CONTRO V23: v23: BTTS basso;6.0;4.6;10.51;8.0;8.08;9.33;6.67;6.0;6.0;5.33;2.3.0
2026-10-10;Sweden_Division2_NorraGotaland;Ahlafors IF;Stenungsunds;66.52;MEDIA;28;2026-10-10;Sweden_Division2_NorraGotaland;Sweden_Division2_NorraGotaland;;PRO: attacco casa positivo | attacco trasferta positivo | profilo over interno positivo || CONTRO: trend over casa non forte | trend over trasferta non forte | profilo over esterno debole | BTTS basso: possibile partita a senso unico;1.38;13.0;10.83;4.24;6.06;6.0;6.0;6.67;5.83;6.5;2.3.0
2026-10-10;Mexico_LigaExpansionMX_Apertura;Tepatitlan de Morelos;Atl. Morelia;66.25;MEDIA;13;2026-10-10;Mexico_LigaExpansionMX_Apertura;Mexico_LigaExpansionMX_Apertura;;PRO: attacco trasferta positivo | difesa casa vulnerabile | trend over recente casa | profilo over interno positivo || CONTRO: attacco casa non dominante | trend over trasferta non forte | profilo over esterno debole | BTTS basso: possibile partita a senso unico;6.0;4.73;11.28;8.0;4.96;8.4;6.0;6.67;4.0;6.22;2.3.0
2026-10-10;Switzerland_PromotionLeague;Bavois;Amical Saint-Prex;66.25;MEDIA;13;2026-10-10;Switzerland_PromotionLeague;Switzerland_PromotionLeague;;PRO: difesa trasferta vulnerabile | trend over recente trasferta | profilo over esterno positivo || CONTRO: attacco casa non dominante | ospite poco prolifico: rischio 1-0 / 2-0 | v22 monitora possibile sopravvalutazione weak_ga | trend over casa non forte | profilo over interno debole | BTTS basso: possibile partita a senso unico;2.31;5.91;8.27;4.36;10.0;4.8;9.6;5.0;10.0;6.0;2.3.0
2026-10-10;Hungary_NBII;Kazincbarcika;Karcagi;66.25;MEDIA;9;2026-10-10;Hungary_NBII;Hungary_NBII;;PRO: attacco casa positivo | attacco trasferta positivo | trend over recente casa | profilo over interno positivo | alta tendenza BTTS || CONTRO: trend over trasferta non forte | profilo over esterno debole;0.8;9.6;9.6;5.0;6.25;7.5;6.0;10.0;2.5;9.0;2.3.0
2026-10-10;Belarus_PershayaLiga;SKA-1938;Molodechno;66.22;MEDIA;30;2026-10-10;Belarus_PershayaLiga;Belarus_PershayaLiga;;PRO: attacco casa positivo | attacco trasferta positivo | difesa trasferta vulnerabile | trend over recente casa | trend over recente trasferta | profilo over interno positivo || CONTRO: v22 monitora possibile sopravvalutazione weak_ga | profilo over esterno debole | BTTS basso: possibile partita a senso unico || CONTRO V23: v23: BTTS basso;0.71;12.26;10.23;4.18;6.99;8.4;9.6;6.15;5.83;5.87;2.3.0
2026-10-10;Wales_CymruNorth;Brickfield;Mold Alexandra;66.21;MEDIA;11;2026-10-10;Wales_CymruNorth;Wales_CymruNorth;Wales_CymruTier2;PRO: attacco casa positivo | attacco trasferta positivo | trend over recente trasferta | profilo over esterno positivo || CONTRO: trend over casa non forte | profilo over interno debole | BTTS basso: possibile partita a senso unico;0.8;13.0;13.0;2.27;5.56;6.0;9.33;0.0;10.0;6.25;2.3.0
2026-10-10;England_NPLPremierDivision;Curzon Ashton;Hyde;66.21;MEDIA;13;2026-10-10;England_NPLPremierDivision;England_NPLPremierDivision;;PRO: attacco casa positivo | difesa trasferta vulnerabile | trend over recente casa | trend over recente trasferta | profilo over interno positivo | profilo over esterno positivo || CONTRO: ospite poco prolifico: rischio 1-0 / 2-0 | v22 monitora possibile sopravvalutazione weak_ga | BTTS basso: possibile partita a senso unico || CONTRO V23: v23: ospite poco prolifico;1.71;12.41;6.4;4.0;7.95;8.4;8.4;6.0;8.33;6.6;2.3.0
2026-10-10;Germany_Oberliga_Hessen;Baunatal;Hanauer SC;66.17;MEDIA;14;2026-10-10;Germany_Oberliga_Hessen;Germany_Oberliga_Hessen;;PRO: attacco trasferta positivo | difesa trasferta vulnerabile | difesa casa vulnerabile | trend over recente casa | trend over recente trasferta | alta tendenza BTTS || CONTRO: attacco casa non dominante | v22 monitora possibile sopravvalutazione weak_ga | profilo over interno debole | profilo over esterno debole;0.35;7.39;9.36;6.97;10.0;8.4;7.2;4.0;5.0;7.5;2.3.0
2026-10-10;Germany_Oberliga_Bayern_Sud;Gundelfingen;Schalding;66.14;MEDIA;15;2026-10-10;Germany_Oberliga_Bayern_Sud;Germany_Oberliga_Bayern_Sud;;PRO: difesa trasferta vulnerabile | difesa casa vulnerabile | trend over recente casa | trend over recente trasferta | alta tendenza BTTS || CONTRO: attacco casa non dominante | ospite poco prolifico: rischio 1-0 / 2-0 | v22 monitora possibile sopravvalutazione weak_ga | profilo over interno debole | profilo over esterno debole;2.12;7.73;8.18;5.87;10.0;7.2;8.4;5.0;3.33;8.31;2.3.0
2026-10-10;England_IsthmianLeaguePremierDivision;Eastbourne Boro;Welling;66.14;MEDIA;23;2026-10-10;England_IsthmianLeaguePremierDivision;England_IsthmianLeaguePremierDivision;;PRO: attacco casa positivo | attacco trasferta positivo | trend over recente casa | profilo over interno positivo | profilo over esterno positivo || CONTRO: trend over trasferta non forte | BTTS basso: possibile partita a senso unico || CONTRO V23: v23: BTTS basso;2.0;11.82;11.82;4.44;4.09;9.33;6.0;8.0;7.5;5.13;2.3.0
2026-10-10;Sweden_Division2_NorraSvealand;Bollstanas;Kungsangen;66.09;MEDIA;26;2026-10-10;Sweden_Division2_NorraSvealand;Sweden_Division2_NorraSvealand;;PRO: attacco casa positivo | difesa trasferta vulnerabile | difesa casa vulnerabile | trend over recente casa | profilo over interno positivo | alta tendenza BTTS || CONTRO: ospite poco prolifico: rischio 1-0 / 2-0 | v22 monitora possibile sopravvalutazione weak_ga | trend over trasferta non forte | profilo over esterno debole;0.46;10.59;6.65;6.82;7.01;9.6;4.8;6.67;5.0;8.5;2.3.0
2026-10-10;Hungary_NBII;Kozarmisleny;DVTK;65.92;MEDIA;9;2026-10-10;Hungary_NBII;Hungary_NBII;;PRO: difesa trasferta vulnerabile | difesa casa vulnerabile | trend over recente casa | profilo over esterno positivo || CONTRO: attacco casa non dominante | ospite poco prolifico: rischio 1-0 / 2-0 | v22 monitora possibile sopravvalutazione weak_ga | trend over trasferta non forte | profilo over interno debole | BTTS basso: possibile partita a senso unico;1.2;5.17;6.75;7.27;9.74;7.5;6.86;5.0;10.0;6.43;2.3.0
2026-10-10;England_Championship;Blackburn;Cardiff;65.85;MEDIA;10;2026-10-10;England_Championship;England_Championship;;PRO: difesa casa vulnerabile | trend over recente casa | profilo over interno positivo | alta tendenza BTTS || CONTRO: attacco casa non dominante | ospite poco prolifico: rischio 1-0 / 2-0 | trend over trasferta non forte | profilo over esterno debole;0.26;8.44;6.75;5.71;6.49;10.29;5.14;10.0;3.33;9.43;2.3.0
2026-10-10;Belgium_JupilerProLeague;RAAL La Louviere;Club Brugge;65.77;MEDIA;11;2026-10-10;Belgium_JupilerProLeague;Belgium_JupilerProLeague;;PRO: attacco trasferta positivo | difesa casa vulnerabile | trend over recente casa | trend over recente trasferta | profilo over interno positivo | profilo over esterno positivo || CONTRO: attacco casa non dominante | BTTS basso: possibile partita a senso unico || CONTRO V23: v23: BTTS basso;3.88;5.91;12.66;7.27;1.95;8.57;8.57;10.0;6.67;4.29;2.3.0
2026-10-10;Austria_Tirol;Kolsass Weer;Munster;65.69;MEDIA;12;2026-10-10;Austria_Tirol;Austria_Tirol;;PRO: difesa trasferta vulnerabile | difesa casa vulnerabile | trend over recente casa | trend over recente trasferta | profilo over interno positivo | profilo over esterno positivo | alta tendenza BTTS || CONTRO: attacco casa non dominante | ospite poco prolifico: rischio 1-0 / 2-0 | v22 monitora possibile sopravvalutazione weak_ga || CONTRO V23: v23: ospite poco prolifico;0.46;5.91;5.32;8.0;10.0;8.4;8.4;8.0;8.0;7.2;2.3.0
2026-10-10;Sweden_Division1_Norra;Karlbergs;Vasalund;65.67;MEDIA;28;2026-10-10;Sweden_Division1_Norra;Sweden_Division1_Norra;;PRO: attacco trasferta positivo | difesa trasferta vulnerabile | difesa casa vulnerabile | trend over recente trasferta | profilo over esterno positivo | alta tendenza BTTS || CONTRO: attacco casa non dominante | v22 monitora possibile sopravvalutazione weak_ga | trend over casa non forte | profilo over interno debole;0.8;7.8;8.51;5.96;9.45;6.0;7.2;5.0;7.5;7.44;2.3.0
2026-10-10;Slovakia_NikeLiga;Trencin;Banska Bystrica;65.64;MEDIA;10;2026-10-10;Slovakia_NikeLiga;Slovakia_NikeLiga;;PRO: difesa trasferta vulnerabile | difesa casa vulnerabile | trend over recente casa | trend over recente trasferta | profilo over interno positivo | alta tendenza BTTS || CONTRO: attacco casa non dominante | ospite poco prolifico: rischio 1-0 / 2-0 | v22 monitora possibile sopravvalutazione weak_ga | profilo over esterno debole || CONTRO V23: v23: ospite poco prolifico;1.09;7.39;5.91;8.0;10.0;10.5;8.0;7.5;4.0;7.25;2.3.0
2026-10-10;CzechRepublic_4Liga_GroupE;Breclav;Lanzhot;65.52;MEDIA;10;2026-10-10;CzechRepublic_4Liga_GroupE;CzechRepublic_4Liga_GroupE;CzechRepublic_4Liga;PRO: attacco trasferta positivo | profilo over interno positivo | profilo over esterno positivo || CONTRO: attacco casa non dominante | trend over casa non forte | trend over trasferta non forte | BTTS basso: possibile partita a senso unico;6.0;7.88;9.85;3.23;5.56;5.33;6.67;7.5;7.5;6.0;2.3.0
2026-10-10;Russia_PremierLeague;Orenburg;Dynamo Makhachkala;65.5;MEDIA;10;2026-10-10;Russia_PremierLeague;Russia_PremierLeague;;PRO: attacco trasferta positivo | difesa trasferta vulnerabile | trend over recente trasferta | profilo over interno positivo | profilo over esterno positivo | alta tendenza BTTS || CONTRO: attacco casa non dominante | v22 monitora possibile sopravvalutazione weak_ga | trend over casa non forte;1.6;4.6;9.85;4.04;8.08;4.0;9.33;6.0;10.0;8.0;2.3.0
2026-10-10;Sweden_Division1_Norra;AFC Eskilstuna;Stockholm Internazionale;65.46;MEDIA;28;2026-10-10;Sweden_Division1_Norra;Sweden_Division1_Norra;;PRO: attacco casa positivo | attacco trasferta positivo | trend over recente casa | trend over recente trasferta | profilo over esterno positivo || CONTRO: profilo over interno debole | BTTS basso: possibile partita a senso unico;0.8;11.11;13.0;4.95;3.64;8.4;8.4;2.5;6.67;6.0;2.3.0
2026-10-10;Sweden_Division2_NorraSvealand;Falu;Gute;65.45;MEDIA;26;2026-10-10;Sweden_Division2_NorraSvealand;Sweden_Division2_NorraSvealand;;PRO: attacco casa positivo | attacco trasferta positivo | difesa trasferta vulnerabile | trend over recente casa | trend over recente trasferta | profilo over interno positivo | alta tendenza BTTS || CONTRO: v22 monitora possibile sopravvalutazione weak_ga | profilo over esterno debole;0.46;9.11;8.62;4.55;6.63;9.6;8.4;6.67;4.17;7.25;2.3.0
2026-10-10;Bosnia_PrvaLiga_RS;Laktasi;Omarska;65.42;MEDIA;11;2026-10-10;Bosnia_PrvaLiga_RS;Bosnia_PrvaLiga_RS;;PRO: attacco casa positivo | difesa trasferta vulnerabile | trend over recente casa | profilo over interno positivo | profilo over esterno positivo || CONTRO: ospite poco prolifico: rischio 1-0 / 2-0 | v22 monitora possibile sopravvalutazione weak_ga | trend over trasferta non forte | BTTS basso: possibile partita a senso unico || CONTRO V23: v23: ospite poco prolifico;5.08;13.0;4.43;2.42;6.82;9.33;4.5;10.0;7.5;6.33;2.3.0
2026-10-10;Germany_Regionalliga_Sudwest;VfR Mannheim;Kickers Stoccarda;65.35;MEDIA;13;2026-10-10;Germany_Regionalliga_Sudwest;Germany_Regionalliga_Sudwest;;PRO: attacco casa positivo | attacco trasferta positivo | trend over recente trasferta | profilo over esterno positivo | alta tendenza BTTS || CONTRO: trend over casa non forte | profilo over interno debole;2.12;9.19;11.23;3.64;5.91;6.67;8.4;4.0;6.0;8.2;2.3.0
2026-10-10;Denmark_1stDivision;Esbjerg;Aalborg;65.34;MEDIA;11;2026-10-10;Denmark_1stDivision;Denmark_1stDivision;;PRO: difesa casa vulnerabile | trend over recente casa | profilo over esterno positivo | alta tendenza BTTS || CONTRO: attacco casa non dominante | ospite poco prolifico: rischio 1-0 / 2-0 | trend over trasferta non forte | profilo over interno debole;3.82;6.57;7.22;7.68;5.56;8.0;6.67;5.0;7.5;7.33;2.3.0
2026-10-10;Austria_Regionalliga_West;Reichenau;Kitzbuhel;65.28;MEDIA;12;2026-10-10;Austria_Regionalliga_West;Austria_Regionalliga_West;;PRO: attacco trasferta positivo | difesa casa vulnerabile | trend over recente casa | trend over recente trasferta | profilo over esterno positivo || CONTRO: attacco casa non dominante | profilo over interno debole | BTTS basso: possibile partita a senso unico;2.4;5.91;13.0;6.55;5.45;8.4;8.4;2.5;6.67;6.0;2.3.0
2026-10-10;Estonia_Meistriliiga;Kalju;Harju JK Laagri;65.28;MEDIA;34;2026-10-10;Estonia_Meistriliiga;Estonia_Meistriliiga;;PRO: attacco casa positivo | difesa trasferta vulnerabile | trend over recente casa | trend over recente trasferta | profilo over interno positivo | profilo over esterno positivo || CONTRO: ospite poco prolifico: rischio 1-0 / 2-0 | v22 monitora possibile sopravvalutazione weak_ga | BTTS basso: possibile partita a senso unico;1.33;10.76;8.15;3.38;7.37;7.2;7.2;6.43;7.14;6.32;2.3.0
2026-10-10;USA_MLS;Chicago Fire;New York City;65.26;MEDIA;33;2026-10-10;USA_MLS;USA_MLS;;PRO: attacco casa positivo | attacco trasferta positivo | difesa casa vulnerabile | trend over recente casa | profilo over interno positivo | alta tendenza BTTS || CONTRO: trend over trasferta non forte | profilo over esterno debole;1.66;10.72;8.86;5.25;6.01;8.4;4.8;7.69;3.57;8.29;2.3.0
2026-10-10;Japan_J1League;Avispa Fukuoka;Okayama;65.25;MEDIA;8;2026-10-10;Japan_J1League;Japan_J1League;;PRO: difesa casa vulnerabile | trend over recente trasferta | profilo over esterno positivo | alta tendenza BTTS || CONTRO: attacco casa non dominante | ospite poco prolifico: rischio 1-0 / 2-0 | trend over casa non forte | profilo over interno debole;2.84;6.65;8.12;5.45;5.68;6.0;9.0;4.0;10.0;7.5;2.3.0
2026-10-10;Hungary_NBII;Videoton;Szentlorinc;65.24;MEDIA;9;2026-10-10;Hungary_NBII;Hungary_NBII;;PRO: difesa casa vulnerabile | trend over recente casa | profilo over interno positivo || CONTRO: attacco casa non dominante | ospite poco prolifico: rischio 1-0 / 2-0 | trend over trasferta non forte | profilo over esterno debole | BTTS basso: possibile partita a senso unico;1.2;8.44;6.75;5.71;5.84;10.29;5.14;10.0;5.0;6.86;2.3.0
2026-10-10;Kazakhstan_PremierLeague;Kairat Almaty;Zhetysu;65.23;MEDIA;39;2026-10-10;Kazakhstan_PremierLeague;Kazakhstan_PremierLeague;;PRO: attacco casa positivo | difesa trasferta vulnerabile | trend over recente casa | profilo over interno positivo | profilo over esterno positivo || CONTRO: ospite poco prolifico: rischio 1-0 / 2-0 | v22 monitora possibile sopravvalutazione weak_ga | trend over trasferta non forte | BTTS basso: possibile partita a senso unico || CONTRO V23: v23: ospite poco prolifico;5.6;11.59;5.91;2.8;7.69;9.6;6.0;6.67;7.14;6.23;2.3.0
2026-10-10;England_SouthernLeaguePremierCentral;Redditch;Bishop's Stortford;65.17;MEDIA;11;2026-10-10;England_SouthernLeaguePremierCentral;England_SouthernLeaguePremierCentral;;PRO: difesa trasferta vulnerabile | difesa casa vulnerabile | trend over recente casa | trend over recente trasferta | profilo over interno positivo | profilo over esterno positivo | alta tendenza BTTS || CONTRO: attacco casa non dominante | ospite poco prolifico: rischio 1-0 / 2-0 | v22 monitora possibile sopravvalutazione weak_ga;0.57;7.88;6.57;5.25;6.57;8.0;8.0;7.5;7.5;7.33;2.3.0
2026-10-10;NorthernIreland_NIFLPremiership;Linfield;Bangor FC;65.17;MEDIA;13;2026-10-10;NorthernIreland_NIFLPremiership;NorthernIreland_NIFLPremiership;;PRO: attacco casa positivo | difesa trasferta vulnerabile | trend over recente trasferta | profilo over interno positivo || CONTRO: ospite poco prolifico: rischio 1-0 / 2-0 | v22 monitora possibile sopravvalutazione weak_ga | trend over casa non forte | profilo over esterno debole | BTTS basso: possibile partita a senso unico;4.91;8.54;6.57;2.83;10.0;5.33;9.33;6.0;5.0;6.67;2.3.0
2026-10-10;Germany_Oberliga_Bayern_Nord;Bamberg;Ammerthal;65.13;MEDIA;18;2026-10-10;Germany_Oberliga_Bayern_Nord;Germany_Oberliga_Bayern_Nord;;PRO: attacco casa positivo | difesa trasferta vulnerabile | trend over recente trasferta | alta tendenza BTTS || CONTRO: ospite poco prolifico: rischio 1-0 / 2-0 | v22 monitora possibile sopravvalutazione weak_ga | trend over casa non forte | profilo over interno debole | profilo over esterno debole;3.53;10.0;7.39;3.08;9.47;4.8;9.6;5.0;5.0;7.27;2.3.0
2026-10-10;Latvia_NakotnesLiga;JFK Ventspils;Leevon PPK;65.11;MEDIA;24;2026-10-10;Latvia_NakotnesLiga;Latvia_NakotnesLiga;;PRO: attacco trasferta positivo | difesa casa vulnerabile | trend over recente trasferta | alta tendenza BTTS || CONTRO: attacco casa non dominante | trend over casa non forte | profilo over interno debole | profilo over esterno debole;3.69;5.91;11.52;7.1;5.91;6.0;9.6;3.0;4.44;7.93;2.3.0
2026-10-10;Germany_Oberliga_NOFV_Nord;Berliner AK 07;Klosterfelde;65.08;MEDIA;8;2026-10-10;Germany_Oberliga_NOFV_Nord;Germany_Oberliga_NOFV_Nord;;PRO: attacco casa positivo | difesa trasferta vulnerabile | trend over recente casa | trend over recente trasferta | profilo over interno positivo | profilo over esterno positivo | alta tendenza BTTS || CONTRO: ospite poco prolifico: rischio 1-0 / 2-0 | v22 monitora possibile sopravvalutazione weak_ga || CONTRO V23: v23: ospite poco prolifico;4.4;10.83;5.91;3.03;7.58;8.0;8.0;6.67;6.67;8.0;2.3.0
2026-10-10;Sweden_Division2_VastraGotaland;Dalstorps IF;Jonsereds;64.98;MEDIA;27;2026-10-10;Sweden_Division2_VastraGotaland;Sweden_Division2_VastraGotaland;;PRO: attacco casa positivo | attacco trasferta positivo | difesa trasferta vulnerabile | trend over recente casa | profilo over interno positivo | alta tendenza BTTS || CONTRO: v22 monitora possibile sopravvalutazione weak_ga | trend over trasferta non forte | profilo over esterno debole;0.46;11.57;9.85;3.94;7.01;8.4;6.0;6.67;3.33;7.75;2.3.0
2026-10-10;NorthernIreland_NIFLPremiership;Crusaders;Larne;64.92;MEDIA;13;2026-10-10;NorthernIreland_NIFLPremiership;NorthernIreland_NIFLPremiership;;PRO: attacco casa positivo | attacco trasferta positivo | difesa casa vulnerabile | trend over recente casa | profilo over interno positivo || CONTRO: trend over trasferta non forte | profilo over esterno debole | BTTS basso: possibile partita a senso unico;1.09;8.86;11.82;6.55;2.27;10.8;4.0;10.0;3.33;6.2;2.3.0
2026-10-10;FaroeIslands_PremierLeague;07 Vestur Sorvagur;Streymur;64.85;MEDIA;28;2026-10-10;FaroeIslands_PremierLeague;FaroeIslands_PremierLeague;;PRO: difesa trasferta vulnerabile | difesa casa vulnerabile | trend over recente trasferta | profilo over esterno positivo || CONTRO: attacco casa non dominante | ospite poco prolifico: rischio 1-0 / 2-0 | v22 monitora possibile sopravvalutazione weak_ga | trend over casa non forte | profilo over interno debole | BTTS basso: possibile partita a senso unico;2.0;5.4;7.71;6.48;7.51;6.0;9.6;5.45;8.18;6.52;2.3.0
2026-10-10;Lithuania_ILyga;Transinvest 2;Ekranas;64.78;MEDIA;28;2026-10-10;Lithuania_ILyga;Lithuania_ILyga;;PRO: difesa trasferta vulnerabile | difesa casa vulnerabile | trend over recente casa | trend over recente trasferta | profilo over esterno positivo || CONTRO: attacco casa non dominante | ospite poco prolifico: rischio 1-0 / 2-0 | v22 monitora possibile sopravvalutazione weak_ga | profilo over interno debole | BTTS basso: possibile partita a senso unico || CONTRO V23: v23: ospite poco prolifico;0.8;6.85;5.91;8.0;10.0;9.6;8.4;5.0;7.5;6.72;2.3.0
2026-10-10;Germany_Regionalliga_Bayern;Vilzing;Buchbach;64.74;MEDIA;15;2026-10-10;Germany_Regionalliga_Bayern;Germany_Regionalliga_Bayern;;PRO: attacco casa positivo | attacco trasferta positivo | difesa casa vulnerabile | alta tendenza BTTS || CONTRO: trend over casa non forte | trend over trasferta non forte | profilo over interno debole | profilo over esterno debole;2.82;9.67;12.31;5.95;4.17;6.0;6.0;5.0;5.0;7.82;2.3.0
2026-10-10;Poland_Ekstraklasa;Jagiellonia;Gornik Zabrze;64.74;MEDIA;12;2026-10-10;Poland_Ekstraklasa;Poland_Ekstraklasa;;PRO: attacco casa positivo | attacco trasferta positivo | difesa casa vulnerabile | trend over recente casa | trend over recente trasferta | alta tendenza BTTS || CONTRO: profilo over interno debole | profilo over esterno debole;3.18;8.86;10.51;5.91;4.04;7.5;8.0;5.0;4.0;7.75;2.3.0
2026-10-10;CzechRepublic_ChNL;Trinec;Kladno;64.71;MEDIA;10;2026-10-10;CzechRepublic_ChNL;CzechRepublic_ChNL;;PRO: attacco trasferta positivo | difesa trasferta vulnerabile | difesa casa vulnerabile | trend over recente casa | profilo over esterno positivo | alta tendenza BTTS || CONTRO: attacco casa non dominante | v22 monitora possibile sopravvalutazione weak_ga | trend over trasferta non forte | profilo over interno debole;2.0;6.57;8.54;6.87;7.07;8.0;6.67;5.0;6.0;8.0;2.3.0
2026-10-10;Hungary_NBI;Ferencvaros;Debrecen;64.71;MEDIA;10;2026-10-10;Hungary_NBI;Hungary_NBI;;PRO: attacco casa positivo | attacco trasferta positivo | difesa trasferta vulnerabile | profilo over esterno positivo || CONTRO: v22 monitora possibile sopravvalutazione weak_ga | trend over casa non forte | trend over trasferta non forte | profilo over interno debole | BTTS basso: possibile partita a senso unico;2.18;9.29;8.86;4.16;8.52;6.86;6.0;5.0;6.67;7.18;2.3.0
2026-10-10;England_SouthernLeaguePremierSouth;Yate Town;Berkhamsted;64.7;MEDIA;15;2026-10-10;England_SouthernLeaguePremierSouth;England_SouthernLeaguePremierSouth;;PRO: attacco casa positivo | difesa casa vulnerabile | trend over recente casa | profilo over interno positivo | profilo over esterno positivo | alta tendenza BTTS || CONTRO: ospite poco prolifico: rischio 1-0 / 2-0 | trend over trasferta non forte;0.86;8.54;6.5;7.27;6.36;8.0;6.0;7.5;6.0;7.67;2.3.0
2026-10-10;England_Championship;Watford;Burnley;64.68;MEDIA;10;2026-10-10;England_Championship;England_Championship;;PRO: difesa trasferta vulnerabile | trend over recente trasferta | profilo over interno positivo | profilo over esterno positivo | alta tendenza BTTS || CONTRO: attacco casa non dominante | ospite poco prolifico: rischio 1-0 / 2-0 | v22 monitora possibile sopravvalutazione weak_ga | trend over casa non forte;1.57;5.06;6.65;4.68;9.66;5.14;7.5;7.5;7.5;9.43;2.3.0
2026-10-10;Germany_Regionalliga_West;Lotte;Paderborn 2;64.61;MEDIA;13;2026-10-10;Germany_Regionalliga_West;Germany_Regionalliga_West;;PRO: attacco trasferta positivo | difesa trasferta vulnerabile | difesa casa vulnerabile | trend over recente casa | trend over recente trasferta | profilo over esterno positivo || CONTRO: attacco casa non dominante | v22 monitora possibile sopravvalutazione weak_ga | profilo over interno debole | BTTS basso: possibile partita a senso unico;2.12;3.76;10.21;7.27;9.09;7.2;7.2;4.0;6.67;7.09;2.3.0
2026-10-10;Azerbaijan_FirstLeague;Gancabasar;Baku Sporting;64.48;MEDIA;5;2026-10-10;Azerbaijan_FirstLeague;Azerbaijan_FirstLeague;;PRO: attacco casa positivo | difesa trasferta vulnerabile | trend over recente casa | trend over recente trasferta | profilo over interno positivo | profilo over esterno positivo || CONTRO: ospite poco prolifico: rischio 1-0 / 2-0 | v22 monitora possibile sopravvalutazione weak_ga | BTTS basso: possibile partita a senso unico || CONTRO V23: v23: ospite poco prolifico | v23: BTTS basso;4.67;13.0;0.0;1.82;10.0;12.0;8.0;10.0;10.0;3.0;2.3.0
2026-10-10;Germany_Oberliga_Bayern_Sud;Kottern-St. Mang;Monaco 1860 2;64.41;MEDIA;15;2026-10-10;Germany_Oberliga_Bayern_Sud;Germany_Oberliga_Bayern_Sud;;PRO: attacco trasferta positivo | difesa trasferta vulnerabile | trend over recente trasferta | profilo over esterno positivo | alta tendenza BTTS || CONTRO: attacco casa non dominante | v22 monitora possibile sopravvalutazione weak_ga | trend over casa non forte | profilo over interno debole;0.71;5.45;12.73;5.03;9.44;4.8;7.2;3.33;8.33;7.38;2.3.0
2026-10-10;Denmark_1stDivision;Hobro;Kolding;64.15;MEDIA;11;2026-10-10;Denmark_1stDivision;Denmark_1stDivision;;PRO: difesa casa vulnerabile | trend over recente casa | profilo over interno positivo | alta tendenza BTTS || CONTRO: attacco casa non dominante | ospite poco prolifico: rischio 1-0 / 2-0 | trend over trasferta non forte | profilo over esterno debole;2.18;7.88;6.57;6.46;6.06;9.33;5.33;6.0;5.0;9.33;2.3.0
2026-10-10;Sweden_Superettan;Norrby;Öster;64.14;MEDIA;30;2026-10-10;Sweden_Superettan;Sweden_Superettan;;PRO: attacco trasferta positivo | trend over recente trasferta | profilo over interno positivo | profilo over esterno positivo | alta tendenza BTTS || CONTRO: attacco casa non dominante | trend over casa non forte;2.4;6.62;9.11;5.09;6.44;6.0;7.2;6.67;7.27;7.34;2.3.0
2026-10-10;Turkey_1Lig;Kayserispor;Manisa FK;64.08;MEDIA;9;2026-10-10;Turkey_1Lig;Turkey_1Lig;;PRO: attacco casa positivo | attacco trasferta positivo | difesa trasferta vulnerabile | trend over recente trasferta | profilo over interno positivo | profilo over esterno positivo || CONTRO: v22 monitora possibile sopravvalutazione weak_ga | trend over casa non forte | BTTS basso: possibile partita a senso unico;3.79;11.08;8.86;1.36;6.82;4.5;7.5;6.67;7.5;6.0;2.3.0
2026-10-10;Austria_Bundesliga;Grazer;Salzburg;63.91;MEDIA;9;2026-10-10;Austria_Bundesliga;Austria_Bundesliga;;PRO: attacco trasferta positivo | difesa casa vulnerabile | trend over recente casa | profilo over interno positivo || CONTRO: attacco casa non dominante | trend over trasferta non forte | profilo over esterno debole | BTTS basso: possibile partita a senso unico;3.82;5.06;13.0;8.0;2.6;8.57;6.86;6.67;3.33;6.0;2.3.0
2026-10-10;Finland_Ykkonen;TPV;KPV;63.9;MEDIA;26;2026-10-10;Finland_Ykkonen;Finland_Ykkonen;;PRO: difesa trasferta vulnerabile | difesa casa vulnerabile | trend over recente trasferta | profilo over esterno positivo || CONTRO: attacco casa non dominante | ospite poco prolifico: rischio 1-0 / 2-0 | v22 monitora possibile sopravvalutazione weak_ga | trend over casa non forte | profilo over interno debole | BTTS basso: possibile partita a senso unico || CONTRO V23: v23: ospite poco prolifico;1.64;8.06;6.45;6.61;10.0;6.0;9.6;4.55;8.18;6.82;2.3.0
2026-10-10;Slovenia_2SNL;NK Jesenice;Brezice;63.83;MEDIA;11;2026-10-10;Slovenia_2SNL;Slovenia_2SNL;;PRO: attacco casa positivo | difesa trasferta vulnerabile | profilo over interno positivo | profilo over esterno positivo || CONTRO: ospite poco prolifico: rischio 1-0 / 2-0 | v22 monitora possibile sopravvalutazione weak_ga | trend over casa non forte | trend over trasferta non forte | BTTS basso: possibile partita a senso unico || CONTRO V23: v23: ospite poco prolifico;4.8;10.51;5.25;4.85;9.09;6.67;6.67;8.0;6.0;6.0;2.3.0
2026-10-10;Bosnia_PrvaLiga_RS;Romanija Pale;Leotar;63.77;MEDIA;11;2026-10-10;Bosnia_PrvaLiga_RS;Bosnia_PrvaLiga_RS;;PRO: attacco trasferta positivo | difesa casa vulnerabile | trend over recente casa | trend over recente trasferta || CONTRO: attacco casa non dominante | profilo over interno debole | profilo over esterno debole | BTTS basso: possibile partita a senso unico || CONTRO V23: v23: BTTS basso;4.62;7.39;13.0;8.0;2.02;9.0;8.0;5.0;5.0;5.75;2.3.0
2026-10-10;CzechRepublic_4Liga_GroupA;Rokycany;Horovice;63.74;MEDIA;10;2026-10-10;CzechRepublic_4Liga_GroupA;CzechRepublic_4Liga_GroupA;CzechRepublic_4Liga;PRO: attacco trasferta positivo | difesa trasferta vulnerabile | difesa casa vulnerabile | trend over recente casa | trend over recente trasferta || CONTRO: attacco casa non dominante | v22 monitora possibile sopravvalutazione weak_ga | profilo over interno debole | profilo over esterno debole | BTTS basso: possibile partita a senso unico;6.0;3.69;9.85;6.36;8.59;7.5;8.0;5.0;2.5;6.25;2.3.0
2026-10-10;Paraguay_DivisionIntermedia;Independiente F.B.C.;Atl. Tembetary;63.72;MEDIA;13;2026-10-10;Paraguay_DivisionIntermedia;Paraguay_DivisionIntermedia;;PRO: attacco casa positivo | attacco trasferta positivo | difesa trasferta vulnerabile | trend over recente trasferta | profilo over esterno positivo | alta tendenza BTTS || CONTRO: v22 monitora possibile sopravvalutazione weak_ga | trend over casa non forte | profilo over interno debole;2.0;8.86;8.86;4.0;9.09;6.0;9.6;0.0;7.5;7.8;2.3.0
2026-10-10;Italy_SerieC_GironeC;Savoia;Inter U23;63.64;MEDIA;9;2026-10-10;Italy_SerieC_GironeC;Italy_SerieC_GironeC;;PRO: attacco trasferta positivo | difesa trasferta vulnerabile | trend over recente trasferta | profilo over esterno positivo | alta tendenza BTTS || CONTRO: attacco casa non dominante | v22 monitora possibile sopravvalutazione weak_ga | trend over casa non forte | profilo over interno debole;1.58;6.65;10.83;5.0;8.33;4.5;8.0;3.33;6.67;8.75;2.3.0
2026-10-10;France_Ligue2;Nantes;Reims;63.51;MEDIA;8;2026-10-10;France_Ligue2;France_Ligue2;;PRO: attacco trasferta positivo | trend over recente trasferta | profilo over esterno positivo | alta tendenza BTTS || CONTRO: attacco casa non dominante | trend over casa non forte | profilo over interno debole;3.88;6.89;12.66;4.85;5.84;6.0;8.57;0.0;6.67;8.14;2.3.0
2026-10-10;Sweden_Division2_VastraGotaland;Onsala;Astorps;63.44;MEDIA;27;2026-10-10;Sweden_Division2_VastraGotaland;Sweden_Division2_VastraGotaland;;PRO: difesa trasferta vulnerabile | difesa casa vulnerabile | profilo over esterno positivo | alta tendenza BTTS || CONTRO: attacco casa non dominante | ospite poco prolifico: rischio 1-0 / 2-0 | v22 monitora possibile sopravvalutazione weak_ga | trend over casa non forte | trend over trasferta non forte | profilo over interno debole;1.38;8.12;7.14;5.61;7.77;6.0;6.0;5.83;8.33;7.25;2.3.0
2026-10-10;Poland_IIILiga_Group1;Lidzbark Warminski;LKS Lomza;63.42;MEDIA;12;2026-10-10;Poland_IIILiga_Group1;Poland_IIILiga_Group1;;PRO: attacco casa positivo | difesa trasferta vulnerabile | difesa casa vulnerabile | trend over recente casa | profilo over interno positivo | profilo over esterno positivo | alta tendenza BTTS || CONTRO: ospite poco prolifico: rischio 1-0 / 2-0 | v22 monitora possibile sopravvalutazione weak_ga | trend over trasferta non forte || CONTRO V23: v23: ospite poco prolifico;0.92;8.6;5.37;7.27;10.0;8.4;4.8;6.67;6.67;8.73;2.3.0
2026-10-10;NorthernIreland_NIFLPremiership;Coleraine;Cliftonville;63.4;MEDIA;13;2026-10-10;NorthernIreland_NIFLPremiership;NorthernIreland_NIFLPremiership;;PRO: attacco casa positivo | trend over recente casa | profilo over interno positivo || CONTRO: ospite poco prolifico: rischio 1-0 / 2-0 | trend over trasferta non forte | profilo over esterno debole | BTTS basso: possibile partita a senso unico;3.82;13.0;7.09;3.64;5.45;8.4;6.0;6.0;4.0;6.0;2.3.0
2026-10-10;Slovakia_3Liga_West;Puchov;Banik Prievidza;63.33;MEDIA;10;2026-10-10;Slovakia_3Liga_West;Slovakia_3Liga_West;;PRO: attacco casa positivo | attacco trasferta positivo | difesa trasferta vulnerabile | trend over recente trasferta || CONTRO: v22 monitora possibile sopravvalutazione weak_ga | trend over casa non forte | profilo over interno debole | profilo over esterno debole | BTTS basso: possibile partita a senso unico;2.4;11.82;9.85;2.02;7.58;6.67;8.0;4.0;5.0;6.0;2.3.0
2026-10-10;Austria_Vorarlberg;Ludesch;Bizau;63.08;MEDIA;9;2026-10-10;Austria_Vorarlberg;Austria_Vorarlberg;fourth tier;PRO: difesa casa vulnerabile | trend over recente casa | profilo over interno positivo || CONTRO: attacco casa non dominante | ospite poco prolifico: rischio 1-0 / 2-0 | trend over trasferta non forte | profilo over esterno debole | BTTS basso: possibile partita a senso unico;4.15;8.12;6.75;8.0;3.9;9.0;5.14;7.5;3.33;7.18;2.3.0
2026-10-10;CzechRepublic_3MSFL;Blansko;Vsetin;63.03;MEDIA;12;2026-10-10;CzechRepublic_3MSFL;CzechRepublic_3MSFL;;PRO: attacco casa positivo | difesa trasferta vulnerabile | difesa casa vulnerabile | trend over recente casa | trend over recente trasferta | profilo over interno positivo | profilo over esterno positivo || CONTRO: ospite poco prolifico: rischio 1-0 / 2-0 | v22 monitora possibile sopravvalutazione weak_ga | BTTS basso: possibile partita a senso unico || CONTRO V23: v23: ospite poco prolifico;0.46;8.6;5.91;8.0;9.92;8.4;7.2;6.0;6.0;6.55;2.3.0
2026-10-10;Norway_2ndDivision_Group1;Mjoendalen;Pors;62.71;MEDIA;24;2026-10-10;Norway_2ndDivision_Group1;Norway_2ndDivision_Group1;;PRO: attacco casa positivo | trend over recente casa | profilo over interno positivo || CONTRO: ospite poco prolifico: rischio 1-0 / 2-0 | trend over trasferta non forte | profilo over esterno debole | BTTS basso: possibile partita a senso unico;2.77;12.08;7.19;4.27;6.32;7.2;4.8;7.27;4.55;6.26;2.3.0
2026-10-10;Finland_Kakkonen_GroupB;GrIFK;NJS;62.55;MEDIA;21;2026-10-10;Finland_Kakkonen_GroupB;Finland_Kakkonen_GroupB;;PRO: difesa trasferta vulnerabile | difesa casa vulnerabile | trend over recente casa | trend over recente trasferta | profilo over esterno positivo || CONTRO: attacco casa non dominante | ospite poco prolifico: rischio 1-0 / 2-0 | v22 monitora possibile sopravvalutazione weak_ga | profilo over interno debole | BTTS basso: possibile partita a senso unico || CONTRO V23: v23: ospite poco prolifico;2.0;7.78;4.04;7.08;10.0;7.2;9.6;4.44;7.78;6.63;2.3.0
2026-10-10;England_SouthernLeaguePremierCentral;Rushall;Worcester;62.52;MEDIA;11;2026-10-10;England_SouthernLeaguePremierCentral;England_SouthernLeaguePremierCentral;;PRO: attacco casa positivo | difesa casa vulnerabile | trend over recente casa | profilo over interno positivo | alta tendenza BTTS || CONTRO: ospite poco prolifico: rischio 1-0 / 2-0 | trend over trasferta non forte | profilo over esterno debole || CONTRO V23: v23: ospite poco prolifico;3.14;12.41;4.6;6.18;6.06;9.6;4.0;8.0;5.0;7.53;2.3.0
2026-10-10;Austria_Karnten;Saint Michael Lavanttal;Atus Ferlach;62.48;MEDIA;13;2026-10-10;Austria_Karnten;Austria_Karnten;;PRO: attacco casa positivo | attacco trasferta positivo | difesa casa vulnerabile | trend over recente casa | alta tendenza BTTS || CONTRO: trend over trasferta non forte | profilo over interno debole | profilo over esterno debole;1.85;10.05;10.51;7.27;4.55;8.4;5.33;5.0;2.0;7.53;2.3.0
2026-10-10;Spain_LaLiga;Alaves;Atl. Madrid;62.47;MEDIA;10;2026-10-10;Spain_LaLiga;Spain_LaLiga;;PRO: attacco casa positivo | attacco trasferta positivo | trend over recente trasferta | profilo over esterno positivo || CONTRO: trend over casa non forte | profilo over interno debole | BTTS basso: possibile partita a senso unico || CONTRO V23: v23: BTTS basso;0.95;9.29;13.0;3.12;4.55;5.14;10.29;5.0;10.0;5.14;2.3.0
2026-10-10;Germany_3Liga;Fortuna Colonia;Saarbrucken;62.32;MEDIA;9;2026-10-10;Germany_3Liga;Germany_3Liga;;PRO: attacco trasferta positivo | difesa trasferta vulnerabile | trend over recente trasferta | profilo over esterno positivo | alta tendenza BTTS || CONTRO: attacco casa non dominante | v22 monitora possibile sopravvalutazione weak_ga | trend over casa non forte | profilo over interno debole;2.53;6.75;13.0;4.16;7.79;5.14;8.57;0.0;6.67;7.71;2.3.0
2026-10-10;Belarus_PershayaLiga;Ostrovets;FC Slonim;62.2;MEDIA;30;2026-10-10;Belarus_PershayaLiga;Belarus_PershayaLiga;;PRO: attacco trasferta positivo | difesa casa vulnerabile | trend over recente trasferta | alta tendenza BTTS || CONTRO: attacco casa non dominante | trend over casa non forte | profilo over interno debole | profilo over esterno debole;1.76;8.1;10.72;5.25;5.39;6.0;7.2;5.38;4.62;7.78;2.3.0
2026-10-10;Finland_Kakkonen_GroupA;Union Plaani;MyPa;62.19;MEDIA;21;2026-10-10;Finland_Kakkonen_GroupA;Finland_Kakkonen_GroupA;;PRO: difesa trasferta vulnerabile | difesa casa vulnerabile | trend over recente trasferta | profilo over esterno positivo || CONTRO: attacco casa non dominante | ospite poco prolifico: rischio 1-0 / 2-0 | v22 monitora possibile sopravvalutazione weak_ga | trend over casa non forte | profilo over interno debole | BTTS basso: possibile partita a senso unico;0.67;5.58;6.57;8.0;9.34;6.0;7.2;5.0;7.5;6.33;2.3.0
2026-10-10;Denmark_2ndDivision;B.93;Middelfart;62.11;MEDIA;11;2026-10-10;Denmark_2ndDivision;Denmark_2ndDivision;;PRO: attacco casa positivo | attacco trasferta positivo | trend over recente casa | alta tendenza BTTS || CONTRO: trend over trasferta non forte | profilo over interno debole | profilo over esterno debole;0.55;9.45;10.64;4.73;4.55;8.4;6.0;5.0;5.0;7.8;2.3.0
2026-10-10;Indonesia_SuperLeague;Bali United;Persijap Jepara;61.98;MEDIA;5;2026-10-10;Indonesia_SuperLeague;Indonesia_SuperLeague;;PRO: attacco casa positivo | difesa trasferta vulnerabile | trend over recente casa | profilo over interno positivo | alta tendenza BTTS || CONTRO: ospite poco prolifico: rischio 1-0 / 2-0 | v22 monitora possibile sopravvalutazione weak_ga | trend over trasferta non forte | profilo over esterno debole || CONTRO V23: v23: ospite poco prolifico;4.59;13.0;1.97;4.85;7.58;12.0;4.0;10.0;0.0;8.0;2.3.0
2026-10-10;Scotland_Premiership;Hearts;St. Mirren;61.78;MEDIA;9;2026-10-10;Scotland_Premiership;Scotland_Premiership;;PRO: attacco casa positivo | trend over recente casa | profilo over interno positivo || CONTRO: ospite poco prolifico: rischio 1-0 / 2-0 | trend over trasferta non forte | profilo over esterno debole | BTTS basso: possibile partita a senso unico;0.92;11.82;6.75;4.16;5.84;10.29;5.14;10.0;0.0;6.86;2.3.0
2026-10-10;Bosnia_PrvaLiga_RS;Zvijezda 09;Drina Zvornik;61.65;MEDIA;11;2026-10-10;Bosnia_PrvaLiga_RS;Bosnia_PrvaLiga_RS;;PRO: attacco trasferta positivo | difesa casa vulnerabile | trend over recente casa | profilo over interno positivo || CONTRO: attacco casa non dominante | trend over trasferta non forte | profilo over esterno debole | BTTS basso: possibile partita a senso unico || CONTRO V23: v23: BTTS basso;5.08;4.6;12.56;8.0;2.84;8.0;6.0;8.0;5.0;5.58;2.3.0
2026-10-10;Slovakia_3Liga_West;D. Luzna;Dun. Streda B;61.58;MEDIA;10;2026-10-10;Slovakia_3Liga_West;Slovakia_3Liga_West;;PRO: attacco trasferta positivo | difesa trasferta vulnerabile | trend over recente trasferta | profilo over esterno positivo | alta tendenza BTTS || CONTRO: attacco casa non dominante | v22 monitora possibile sopravvalutazione weak_ga | trend over casa non forte | profilo over interno debole;2.0;7.22;12.47;3.64;7.58;4.0;9.33;0.0;8.0;7.33;2.3.0
2026-10-10;Sweden_Division2_VastraGotaland;Landvetter;Astrio;61.5;MEDIA;27;2026-10-10;Sweden_Division2_VastraGotaland;Sweden_Division2_VastraGotaland;;PRO: attacco casa positivo | difesa trasferta vulnerabile | trend over recente trasferta | profilo over esterno positivo || CONTRO: ospite poco prolifico: rischio 1-0 / 2-0 | v22 monitora possibile sopravvalutazione weak_ga | trend over casa non forte | profilo over interno debole | BTTS basso: possibile partita a senso unico || CONTRO V23: v23: ospite poco prolifico;6.0;10.34;5.42;2.88;10.0;6.0;7.2;5.0;6.67;6.0;2.3.0
2026-10-10;NorthernIreland_NIFLChampionship;Loughgall;Moyola;61.38;MEDIA;11;2026-10-10;NorthernIreland_NIFLChampionship;NorthernIreland_NIFLChampionship;;PRO: difesa trasferta vulnerabile | difesa casa vulnerabile | trend over recente casa | profilo over interno positivo || CONTRO: attacco casa non dominante | ospite poco prolifico: rischio 1-0 / 2-0 | v22 monitora possibile sopravvalutazione weak_ga | trend over trasferta non forte | profilo over esterno debole | BTTS basso: possibile partita a senso unico || CONTRO V23: v23: ospite poco prolifico;1.2;8.27;5.91;6.91;9.09;8.4;6.0;8.0;5.0;6.6;2.3.0
2026-10-10;Sweden_Superettan;Oddevold;Nordic United;61.38;MEDIA;30;2026-10-10;Sweden_Superettan;Sweden_Superettan;;PRO: attacco casa positivo | attacco trasferta positivo | difesa trasferta vulnerabile | trend over recente trasferta | profilo over interno positivo | alta tendenza BTTS || CONTRO: v22 monitora possibile sopravvalutazione weak_ga | trend over casa non forte | profilo over esterno debole;0.8;8.98;8.98;4.95;7.27;4.8;7.2;6.67;3.33;8.4;2.3.0
2026-10-10;Georgia_ErovnuliLiga;Rustavi;Dila Gori;61.26;MEDIA;12;2026-10-10;Georgia_ErovnuliLiga;Georgia_ErovnuliLiga;;PRO: attacco trasferta positivo | trend over recente trasferta | profilo over esterno positivo || CONTRO: attacco casa non dominante | trend over casa non forte | profilo over interno debole | BTTS basso: possibile partita a senso unico;0.67;7.39;12.66;2.27;5.84;3.0;10.29;2.5;10.0;6.64;2.3.0
2026-10-10;Kazakhstan_PremierLeague;Yelimay Semey;Aktobe;61.25;MEDIA;39;2026-10-10;Kazakhstan_PremierLeague;Kazakhstan_PremierLeague;;PRO: attacco trasferta positivo | trend over recente trasferta || CONTRO: attacco casa non dominante | trend over casa non forte | profilo over interno debole | profilo over esterno debole | BTTS basso: possibile partita a senso unico;0.8;8.27;9.09;4.8;5.24;6.0;9.6;5.0;5.38;7.06;2.3.0
2026-10-10;Poland_IIILiga_Group2;Koszalin;Unia Swarzedz;61.08;MEDIA;12;2026-10-10;Poland_IIILiga_Group2;Poland_IIILiga_Group2;;PRO: attacco trasferta positivo | difesa trasferta vulnerabile || CONTRO: attacco casa non dominante | v22 monitora possibile sopravvalutazione weak_ga | trend over casa non forte | trend over trasferta non forte | profilo over interno debole | profilo over esterno debole | BTTS basso: possibile partita a senso unico;0.92;8.06;10.74;4.96;7.85;6.0;6.0;5.0;5.0;6.55;2.3.0
2026-10-10;Turkey_1Lig;Boluspor;Antalyaspor;61.07;MEDIA;9;2026-10-10;Turkey_1Lig;Turkey_1Lig;;PRO: attacco trasferta positivo | difesa trasferta vulnerabile | difesa casa vulnerabile | trend over recente trasferta || CONTRO: attacco casa non dominante | v22 monitora possibile sopravvalutazione weak_ga | trend over casa non forte | profilo over interno debole | profilo over esterno debole | BTTS basso: possibile partita a senso unico;3.79;2.22;10.34;8.0;7.39;6.0;9.0;5.0;3.33;6.0;2.3.0
2026-10-10;Austria_Regionalliga_South;Treibach;Wolfsberger (Am);61.03;MEDIA;12;2026-10-10;Austria_Regionalliga_South;Austria_Regionalliga_South;;PRO: attacco casa positivo | attacco trasferta positivo | difesa trasferta vulnerabile | trend over recente casa | trend over recente trasferta | profilo over interno positivo || CONTRO: v22 monitora possibile sopravvalutazione weak_ga | profilo over esterno debole | BTTS basso: possibile partita a senso unico || CONTRO V23: v23: BTTS basso;0.92;10.64;9.45;4.0;6.82;9.6;7.2;6.0;5.0;5.4;2.3.0
2026-10-10;Ukraine_PershaLiga;Inhulets;Ahrobiznes Volochysk;60.95;MEDIA;11;2026-10-10;Ukraine_PershaLiga;Ukraine_PershaLiga;;PRO: attacco trasferta positivo | trend over recente casa | trend over recente trasferta | profilo over interno positivo | profilo over esterno positivo || CONTRO: attacco casa non dominante | BTTS basso: possibile partita a senso unico || CONTRO V23: v23: BTTS basso;1.6;6.57;10.05;4.44;6.36;8.0;7.2;7.5;7.5;5.73;2.3.0
2026-10-10;Mexico_LigaMX_Apertura;Tigres;Toluca;60.89;MEDIA;12;2026-10-10;Mexico_LigaMX_Apertura;Mexico_LigaMX_Apertura;;PRO: attacco trasferta positivo | trend over recente trasferta || CONTRO: attacco casa non dominante | trend over casa non forte | profilo over interno debole | profilo over esterno debole | BTTS basso: possibile partita a senso unico;4.59;5.91;13.0;4.73;6.36;4.8;8.4;2.5;4.0;6.6;2.3.0
2026-10-10;Iceland_BestaDeildKarla;Thor Akureyri;Vestmannaeyjar;60.76;MEDIA;30;2026-10-10;Iceland_BestaDeildKarla;Iceland_BestaDeildKarla;;PRO: difesa trasferta vulnerabile | difesa casa vulnerabile | alta tendenza BTTS || CONTRO: attacco casa non dominante | ospite poco prolifico: rischio 1-0 / 2-0 | v22 monitora possibile sopravvalutazione weak_ga | trend over casa non forte | trend over trasferta non forte | profilo over interno debole | profilo over esterno debole;0.55;5.66;8.12;8.0;9.09;4.8;6.0;5.45;5.83;7.25;2.3.0
2026-10-10;Estonia_Meistriliiga;Parnu JK Vaprus;Narva;60.74;MEDIA;34;2026-10-10;Estonia_Meistriliiga;Estonia_Meistriliiga;;PRO: difesa trasferta vulnerabile | difesa casa vulnerabile | trend over recente casa | profilo over esterno positivo || CONTRO: attacco casa non dominante | ospite poco prolifico: rischio 1-0 / 2-0 | v22 monitora possibile sopravvalutazione weak_ga | trend over trasferta non forte | profilo over interno debole | BTTS basso: possibile partita a senso unico || CONTRO V23: v23: ospite poco prolifico;2.0;7.95;4.48;7.15;10.0;8.4;6.0;5.71;6.43;6.62;2.3.0
2026-10-10;Sweden_Division2_NorraGotaland;Motala;Lidkoping;60.71;MEDIA;28;2026-10-10;Sweden_Division2_NorraGotaland;Sweden_Division2_NorraGotaland;;PRO: attacco casa positivo | difesa trasferta vulnerabile | difesa casa vulnerabile | trend over recente casa || CONTRO: ospite poco prolifico: rischio 1-0 / 2-0 | v22 monitora possibile sopravvalutazione weak_ga | trend over trasferta non forte | profilo over interno debole | profilo over esterno debole | BTTS basso: possibile partita a senso unico;0.46;8.62;7.14;5.76;7.95;8.4;4.8;5.83;5.0;6.75;2.3.0
2026-10-10;Italy_SerieC_GironeB;Spezia;Gubbio;60.7;MEDIA;9;2026-10-10;Italy_SerieC_GironeB;Italy_SerieC_GironeB;;PRO: attacco casa positivo | difesa trasferta vulnerabile | alta tendenza BTTS || CONTRO: ospite poco prolifico: rischio 1-0 / 2-0 | v22 monitora possibile sopravvalutazione weak_ga | trend over casa non forte | trend over trasferta non forte | profilo over interno debole | profilo over esterno debole;4.11;11.08;8.44;1.82;8.44;6.0;6.86;3.33;3.33;7.29;2.3.0
2026-10-10;Switzerland_PromotionLeague;Bruhl SG;Grand-Saconnex;60.67;MEDIA;13;2026-10-10;Switzerland_PromotionLeague;Switzerland_PromotionLeague;;PRO: attacco trasferta positivo | difesa casa vulnerabile | trend over recente trasferta | profilo over esterno positivo || CONTRO: attacco casa non dominante | trend over casa non forte | profilo over interno debole | BTTS basso: possibile partita a senso unico || CONTRO V23: v23: BTTS basso;3.23;7.09;11.23;5.45;6.36;6.0;8.4;4.0;7.5;5.4;2.3.0
2026-10-10;England_SouthernLeaguePremierCentral;Stratford;Leamington;60.61;MEDIA;11;2026-10-10;England_SouthernLeaguePremierCentral;England_SouthernLeaguePremierCentral;;PRO: difesa trasferta vulnerabile | difesa casa vulnerabile | profilo over interno positivo | profilo over esterno positivo | alta tendenza BTTS || CONTRO: attacco casa non dominante | ospite poco prolifico: rischio 1-0 / 2-0 | v22 monitora possibile sopravvalutazione weak_ga | trend over casa non forte | trend over trasferta non forte;1.14;5.91;7.88;7.27;7.07;6.67;5.33;6.0;6.0;7.33;2.3.0
2026-10-10;Norway_3rdDivision_Group6;Bjorkelangen;SK Gjovik-Lyn;60.61;MEDIA;24;2026-10-10;Norway_3rdDivision_Group6;Norway_3rdDivision_Group6;;PRO: attacco trasferta positivo | difesa casa vulnerabile | trend over recente casa | trend over recente trasferta | profilo over interno positivo || CONTRO: attacco casa non dominante | profilo over esterno debole | BTTS basso: possibile partita a senso unico || CONTRO V23: v23: BTTS basso;4.62;4.3;9.67;8.0;4.13;9.6;7.2;7.27;5.45;4.36;2.3.0
2026-10-10;Russia_FNL;R. Volgograd;Ulyanovsk;60.48;MEDIA;15;2026-10-10;Russia_FNL;Russia_FNL;;PRO: attacco casa positivo | difesa trasferta vulnerabile | trend over recente trasferta | profilo over esterno positivo || CONTRO: ospite poco prolifico: rischio 1-0 / 2-0 | v22 monitora possibile sopravvalutazione weak_ga | trend over casa non forte | profilo over interno debole | BTTS basso: possibile partita a senso unico;0.71;9.85;7.27;4.24;6.64;6.0;7.2;4.0;8.33;6.23;2.3.0
2026-10-10;Scotland_Premiership;Dundee Utd;Hibernian;60.42;MEDIA;9;2026-10-10;Scotland_Premiership;Scotland_Premiership;;PRO: difesa trasferta vulnerabile | difesa casa vulnerabile | trend over recente trasferta | profilo over esterno positivo || CONTRO: attacco casa non dominante | ospite poco prolifico: rischio 1-0 / 2-0 | v22 monitora possibile sopravvalutazione weak_ga | trend over casa non forte | profilo over interno debole | BTTS basso: possibile partita a senso unico;0.92;7.6;6.75;5.71;7.14;6.86;8.57;0.0;10.0;6.86;2.3.0
2026-10-10;Turkey_1Lig;Igdir FK;Batman Petrolspor;60.33;MEDIA;9;2026-10-10;Turkey_1Lig;Turkey_1Lig;;PRO: attacco casa positivo | attacco trasferta positivo | difesa trasferta vulnerabile | trend over recente trasferta | profilo over esterno positivo || CONTRO: v22 monitora possibile sopravvalutazione weak_ga | trend over casa non forte | profilo over interno debole | BTTS basso: possibile partita a senso unico;0.32;8.86;11.08;3.18;7.39;4.5;9.0;2.5;7.5;6.0;2.3.0
2026-10-10;Poland_IIILiga_Group4;Korona 2;Biala Podlaska;60.18;MEDIA;11;2026-10-10;Poland_IIILiga_Group4;Poland_IIILiga_Group4;;PRO: attacco casa positivo | difesa casa vulnerabile | trend over recente casa | profilo over interno positivo | alta tendenza BTTS || CONTRO: ospite poco prolifico: rischio 1-0 / 2-0 | trend over trasferta non forte | profilo over esterno debole || CONTRO V23: v23: ospite poco prolifico;1.06;11.23;5.91;8.0;5.45;9.6;4.8;8.33;2.0;7.8;2.3.0
2026-10-10;Croatia_PrvaNL;Vukovar 1991;Hrvace;60.13;MEDIA;8;2026-10-10;Croatia_PrvaNL;Croatia_PrvaNL;;PRO: attacco casa positivo | difesa trasferta vulnerabile | difesa casa vulnerabile | trend over recente trasferta | profilo over esterno positivo || CONTRO: ospite poco prolifico: rischio 1-0 / 2-0 | v22 monitora possibile sopravvalutazione weak_ga | trend over casa non forte | profilo over interno debole | BTTS basso: possibile partita a senso unico || CONTRO V23: v23: ospite poco prolifico;0.8;9.29;5.91;7.27;7.79;5.14;8.57;5.0;7.5;6.86;2.3.0
2026-10-10;Moldova_SuperLiga;Dacia Buiucani;S. Tiraspol;60.08;MEDIA;14;2026-10-10;Moldova_SuperLiga;Moldova_SuperLiga;;PRO: attacco trasferta positivo | trend over recente casa | trend over recente trasferta | profilo over interno positivo || CONTRO: attacco casa non dominante | profilo over esterno debole | BTTS basso: possibile partita a senso unico || CONTRO V23: v23: BTTS basso;2.57;7.73;13.0;4.48;3.5;7.2;7.2;8.33;5.0;5.08;2.3.0
2026-10-10;Norway_Eliteserien;Rosenborg;Sandefjord;60.02;MEDIA;30;2026-10-10;Norway_Eliteserien;Norway_Eliteserien;;PRO: attacco casa positivo | trend over recente casa | trend over recente trasferta | profilo over interno positivo | profilo over esterno positivo || CONTRO: ospite poco prolifico: rischio 1-0 / 2-0 | BTTS basso: possibile partita a senso unico || CONTRO V23: v23: ospite poco prolifico | v23: BTTS basso;2.4;10.97;5.91;5.19;5.84;10.8;7.2;7.27;7.0;5.43;2.3.0
2026-10-10;England_PremierLeague;Sunderland;Brighton;59.99;BASSA;6;2026-10-10;England_PremierLeague;England_PremierLeague;;PRO: attacco trasferta positivo | difesa casa vulnerabile | trend over recente trasferta | profilo over esterno positivo || CONTRO: attacco casa non dominante | trend over casa non forte | profilo over interno debole | BTTS basso: possibile partita a senso unico || CONTRO V23: v23: BTTS basso;3.79;7.39;13.0;7.27;4.55;3.0;9.6;0.0;10.0;5.4;2.3.0
2026-10-10;Belarus_PershayaLiga;Slutsk;Uni X Labs;59.94;BASSA;30;2026-10-10;Belarus_PershayaLiga;Belarus_PershayaLiga;;PRO: attacco casa positivo | trend over recente casa | profilo over interno positivo | profilo over esterno positivo || CONTRO: ospite poco prolifico: rischio 1-0 / 2-0 | trend over trasferta non forte | BTTS basso: possibile partita a senso unico || CONTRO V23: v23: ospite poco prolifico;4.94;12.26;5.68;3.77;6.12;7.2;3.6;6.15;7.69;6.53;2.3.0
2026-10-10;Russia_PremierLeague;Krasnodar;Zenit;59.81;BASSA;10;2026-10-10;Russia_PremierLeague;Russia_PremierLeague;;PRO: attacco casa positivo | attacco trasferta positivo | trend over recente trasferta | profilo over esterno positivo || CONTRO: trend over casa non forte | profilo over interno debole | BTTS basso: possibile partita a senso unico;1.6;9.19;12.47;2.83;4.55;5.33;9.33;2.5;6.0;6.0;2.3.0
2026-10-10;England_SouthernLeaguePremierSouth;Frome;Sholing;59.63;BASSA;15;2026-10-10;England_SouthernLeaguePremierSouth;England_SouthernLeaguePremierSouth;;PRO: attacco casa positivo | difesa trasferta vulnerabile | trend over recente casa | profilo over interno positivo || CONTRO: ospite poco prolifico: rischio 1-0 / 2-0 | v22 monitora possibile sopravvalutazione weak_ga | trend over trasferta non forte | profilo over esterno debole | BTTS basso: possibile partita a senso unico;2.86;10.05;6.65;4.73;6.82;7.2;6.0;6.0;3.33;6.0;2.3.0
2026-10-10;Ukraine_PershaLiga;Probiy Horodenka;SC Poltava;59.56;BASSA;11;2026-10-10;Ukraine_PershaLiga;Ukraine_PershaLiga;;PRO: attacco trasferta positivo | difesa casa vulnerabile | trend over recente casa | trend over recente trasferta | profilo over esterno positivo || CONTRO: attacco casa non dominante | profilo over interno debole | BTTS basso: possibile partita a senso unico || CONTRO V23: v23: BTTS basso;5.2;4.73;9.45;8.0;3.18;8.4;7.2;4.0;8.0;5.4;2.3.0
2026-10-10;Italy_SerieC_GironeA;Lumezzane;AlbinoLeffe;59.46;BASSA;9;2026-10-10;Italy_SerieC_GironeA;Italy_SerieC_GironeA;;PRO: trend over recente casa | profilo over esterno positivo | alta tendenza BTTS || CONTRO: attacco casa non dominante | ospite poco prolifico: rischio 1-0 / 2-0 | trend over trasferta non forte | profilo over interno debole;0.95;6.89;8.44;4.24;5.84;8.0;5.14;5.0;6.67;8.29;2.3.0
2026-10-10;Germany_Oberliga_BadenWurttemberg;Bahlinger;Oberachern;59.34;BASSA;14;2026-10-10;Germany_Oberliga_BadenWurttemberg;Germany_Oberliga_BadenWurttemberg;;PRO: attacco casa positivo | attacco trasferta positivo | difesa casa vulnerabile | alta tendenza BTTS || CONTRO: trend over casa non forte | trend over trasferta non forte | profilo over interno debole | profilo over esterno debole;2.82;8.86;13.0;5.82;3.64;6.0;6.0;4.0;2.0;7.2;2.3.0
2026-10-10;Germany_Regionalliga_Bayern;Landsberg;Aubstadt;59.2;BASSA;15;2026-10-10;Germany_Regionalliga_Bayern;Germany_Regionalliga_Bayern;;PRO: difesa trasferta vulnerabile | difesa casa vulnerabile | trend over recente casa | profilo over interno positivo || CONTRO: attacco casa non dominante | ospite poco prolifico: rischio 1-0 / 2-0 | v22 monitora possibile sopravvalutazione weak_ga | trend over trasferta non forte | profilo over esterno debole | BTTS basso: possibile partita a senso unico;0.35;5.37;7.52;6.94;8.26;7.2;6.0;6.0;5.0;6.55;2.3.0
2026-10-10;Armenia_PremierLeague;Ararat-Armenia;Alashkert;59.15;BASSA;12;2026-10-10;Armenia_PremierLeague;Armenia_PremierLeague;;PRO: attacco casa positivo | attacco trasferta positivo | trend over recente casa | trend over recente trasferta || CONTRO: profilo over interno debole | profilo over esterno debole | BTTS basso: possibile partita a senso unico;0.55;12.56;13.0;3.64;3.41;7.5;7.5;5.0;0.0;6.0;2.3.0
2026-10-10;England_Championship;West Brom;Birmingham;59.1;BASSA;10;2026-10-10;England_Championship;England_Championship;;PRO: trend over recente trasferta | profilo over esterno positivo | alta tendenza BTTS || CONTRO: attacco casa non dominante | ospite poco prolifico: rischio 1-0 / 2-0 | trend over casa non forte | profilo over interno debole;1.83;7.39;8.44;3.64;5.84;4.5;8.57;2.5;7.5;8.89;2.3.0
2026-10-10;SouthKorea_KLeague2;Jeonnam;Yongin;59.06;BASSA;28;2026-10-10;SouthKorea_KLeague2;SouthKorea_KLeague2;;PRO: difesa casa vulnerabile | trend over recente casa | profilo over esterno positivo || CONTRO: attacco casa non dominante | ospite poco prolifico: rischio 1-0 / 2-0 | trend over trasferta non forte | profilo over interno debole | BTTS basso: possibile partita a senso unico;1.12;6.62;7.33;6.25;6.36;7.2;6.0;4.55;6.67;6.96;2.3.0
2026-10-10;Germany_Oberliga_NOFV_Nord;Rathenow;Makkabi Berlin;58.98;BASSA;8;2026-10-10;Germany_Oberliga_NOFV_Nord;Germany_Oberliga_NOFV_Nord;;PRO: difesa trasferta vulnerabile | profilo over interno positivo | profilo over esterno positivo || CONTRO: attacco casa non dominante | ospite poco prolifico: rischio 1-0 / 2-0 | v22 monitora possibile sopravvalutazione weak_ga | trend over casa non forte | trend over trasferta non forte | BTTS basso: possibile partita a senso unico || CONTRO V23: v23: ospite poco prolifico;4.0;7.88;4.92;4.85;10.0;6.0;6.0;6.67;6.67;6.0;2.3.0
2026-10-10;Wales_CymruNorth;Gresford;Porthmadog;58.81;BASSA;11;2026-10-10;Wales_CymruNorth;Wales_CymruNorth;Wales_CymruTier2;PRO: attacco trasferta positivo | difesa casa vulnerabile | profilo over interno positivo || CONTRO: attacco casa non dominante | trend over casa non forte | trend over trasferta non forte | profilo over esterno debole | BTTS basso: possibile partita a senso unico || CONTRO V23: v23: BTTS basso | v23: storico Over 2.5 non forte;6.0;5.06;9.19;7.79;5.05;5.14;6.67;10.0;5.0;5.9;2.3.0
2026-10-10;Romania_Superliga;FCSB;Otelul;58.81;BASSA;12;2026-10-10;Romania_Superliga;Romania_Superliga;;PRO: difesa trasferta vulnerabile | difesa casa vulnerabile | trend over recente casa | profilo over interno positivo | profilo over esterno positivo || CONTRO: attacco casa non dominante | ospite poco prolifico: rischio 1-0 / 2-0 | v22 monitora possibile sopravvalutazione weak_ga | trend over trasferta non forte | BTTS basso: possibile partita a senso unico || CONTRO V23: v23: ospite poco prolifico;1.6;7.68;5.91;6.18;7.07;7.2;5.33;8.0;7.5;6.33;2.3.0
2026-10-10;England_PremierLeague;Aston Villa;Brentford;58.79;BASSA;6;2026-10-10;England_PremierLeague;England_PremierLeague;;PRO: attacco trasferta positivo | difesa casa vulnerabile | trend over recente casa || CONTRO: attacco casa non dominante | trend over trasferta non forte | profilo over interno debole | profilo over esterno debole | BTTS basso: possibile partita a senso unico;2.53;4.73;10.34;6.55;4.55;7.2;6.0;5.0;5.0;6.9;2.3.0
2026-10-10;England_LeagueOne;Notts County;Oxford Utd;58.72;BASSA;10;2026-10-10;England_LeagueOne;England_LeagueOne;;PRO: attacco trasferta positivo | trend over recente trasferta | profilo over esterno positivo | alta tendenza BTTS || CONTRO: attacco casa non dominante | trend over casa non forte | profilo over interno debole || CONTRO V23: v23: storico Over 2.5 non forte;1.57;4.92;13.0;4.24;5.45;2.0;9.6;3.33;10.0;7.6;2.3.0
2026-10-10;Wales_CymruPremier;Flint;Colwyn Bay;58.56;BASSA;14;2026-10-10;Wales_CymruPremier;Wales_CymruPremier;;PRO: attacco trasferta positivo | difesa casa vulnerabile | profilo over interno positivo | profilo over esterno positivo || CONTRO: attacco casa non dominante | trend over casa non forte | trend over trasferta non forte | BTTS basso: possibile partita a senso unico || CONTRO V23: v23: BTTS basso;3.69;5.91;10.34;7.27;5.68;6.0;6.0;6.0;6.67;5.0;2.3.0
2026-10-10;Bosnia_PrvaLiga_FBiH;Sloboda;Travnik;58.47;BASSA;10;2026-10-10;Bosnia_PrvaLiga_FBiH;Bosnia_PrvaLiga_FBiH;double round robin inferred from league size.;PRO: attacco casa positivo | attacco trasferta positivo | profilo over interno positivo || CONTRO: trend over casa non forte | trend over trasferta non forte | profilo over esterno debole | BTTS basso: possibile partita a senso unico || CONTRO V23: v23: BTTS basso;1.6;11.08;11.82;3.64;2.84;6.0;6.0;10.0;5.0;4.5;2.3.0
2026-10-10;England_LeagueTwo;Newport;Colchester;58.44;BASSA;4;2026-10-10;England_LeagueTwo;England_LeagueTwo;;PRO: attacco trasferta positivo | difesa trasferta vulnerabile | profilo over interno positivo | profilo over esterno positivo | alta tendenza BTTS || CONTRO: attacco casa non dominante | v22 monitora possibile sopravvalutazione weak_ga | trend over casa non forte | trend over trasferta non forte || CONTRO V23: v23: storico Over 2.5 non forte;2.61;3.94;8.86;1.21;6.82;4.0;6.0;10.0;10.0;8.0;2.3.0
2026-10-10;Lithuania_ILyga;Garliava;Atmosfera;58.44;BASSA;28;2026-10-10;Lithuania_ILyga;Lithuania_ILyga;;PRO: attacco trasferta positivo | trend over recente trasferta | profilo over esterno positivo || CONTRO: attacco casa non dominante | trend over casa non forte | profilo over interno debole | BTTS basso: possibile partita a senso unico || CONTRO V23: v23: storico Over 2.5 non forte;0.8;6.85;12.31;4.51;6.44;4.8;7.2;4.62;7.27;6.64;2.3.0
2026-10-10;NorthMacedonia_1MFL;Tikves;Bregalnica;58.41;BASSA;8;2026-10-10;NorthMacedonia_1MFL;NorthMacedonia_1MFL;;PRO: attacco casa positivo | attacco trasferta positivo | difesa trasferta vulnerabile | trend over recente trasferta | profilo over esterno positivo || CONTRO: v22 monitora possibile sopravvalutazione weak_ga | trend over casa non forte | profilo over interno debole | BTTS basso: possibile partita a senso unico || CONTRO V23: v23: BTTS basso;0.55;10.13;9.29;3.12;7.14;5.14;8.57;3.33;10.0;5.14;2.3.0
2026-10-10;England_Championship;Derby;Wrexham;58.34;BASSA;10;2026-10-10;England_Championship;England_Championship;;PRO: difesa trasferta vulnerabile | difesa casa vulnerabile | profilo over interno positivo || CONTRO: attacco casa non dominante | ospite poco prolifico: rischio 1-0 / 2-0 | v22 monitora possibile sopravvalutazione weak_ga | trend over casa non forte | trend over trasferta non forte | profilo over esterno debole | BTTS basso: possibile partita a senso unico;2.61;4.22;6.75;6.23;7.14;6.86;6.86;6.67;5.0;6.0;2.3.0
2026-10-10;Denmark_2ndDivision;Brabrand;F. Amager;58.28;BASSA;11;2026-10-10;Denmark_2ndDivision;Denmark_2ndDivision;;PRO: difesa trasferta vulnerabile | difesa casa vulnerabile | trend over recente trasferta | profilo over esterno positivo | alta tendenza BTTS || CONTRO: attacco casa non dominante | ospite poco prolifico: rischio 1-0 / 2-0 | v22 monitora possibile sopravvalutazione weak_ga | trend over casa non forte | profilo over interno debole;0.55;7.09;7.68;6.55;6.82;6.0;7.2;2.0;6.0;8.4;2.3.0
2026-10-10;Italy_SerieB;Empoli;Palermo;58.25;BASSA;6;2026-10-10;Italy_SerieB;Italy_SerieB;;PRO: attacco trasferta positivo | difesa casa vulnerabile | trend over recente trasferta | alta tendenza BTTS || CONTRO: attacco casa non dominante | trend over casa non forte | profilo over interno debole | profilo over esterno debole;6.0;4.43;11.82;5.45;4.55;6.0;7.2;0.0;5.0;7.8;2.3.0
2026-10-10;NorthernIreland_NIFLChampionship;Warrenpoint;Strabane Athletic;58.24;BASSA;11;2026-10-10;NorthernIreland_NIFLChampionship;NorthernIreland_NIFLChampionship;;PRO: attacco casa positivo | difesa trasferta vulnerabile | difesa casa vulnerabile | trend over recente trasferta | profilo over esterno positivo || CONTRO: ospite poco prolifico: rischio 1-0 / 2-0 | v22 monitora possibile sopravvalutazione weak_ga | trend over casa non forte | profilo over interno debole | BTTS basso: possibile partita a senso unico || CONTRO V23: v23: ospite poco prolifico;2.4;10.64;5.91;5.45;8.64;6.0;7.2;4.0;6.0;6.0;2.3.0
2026-10-10;Sweden_Division1_Norra;Karlstad;Arlanda;58.23;BASSA;28;2026-10-10;Sweden_Division1_Norra;Sweden_Division1_Norra;;PRO: attacco casa positivo | attacco trasferta positivo | trend over recente casa | trend over recente trasferta || CONTRO: profilo over interno debole | profilo over esterno debole | BTTS basso: possibile partita a senso unico || CONTRO V23: v23: storico Over 2.5 non forte;2.0;8.75;10.87;3.64;5.09;7.2;7.2;4.17;5.83;6.48;2.3.0
2026-10-10;Turkey_SuperLig;Samsunspor;Trabzonspor;58.11;BASSA;7;2026-10-10;Turkey_SuperLig;Turkey_SuperLig;;PRO: attacco trasferta positivo | difesa casa vulnerabile | trend over recente trasferta | profilo over interno positivo || CONTRO: attacco casa non dominante | trend over casa non forte | profilo over esterno debole | BTTS basso: possibile partita a senso unico || CONTRO V23: v23: BTTS basso;4.59;4.73;12.8;8.0;3.79;4.8;8.0;6.67;3.33;5.4;2.3.0
2026-10-10;England_IsthmianLeaguePremierDivision;Leatherhead;Cheshunt;58.06;BASSA;23;2026-10-10;England_IsthmianLeaguePremierDivision;England_IsthmianLeaguePremierDivision;;PRO: attacco casa positivo | difesa casa vulnerabile | trend over recente casa | profilo over interno positivo | alta tendenza BTTS || CONTRO: ospite poco prolifico: rischio 1-0 / 2-0 | trend over trasferta non forte | profilo over esterno debole || CONTRO V23: v23: ospite poco prolifico;1.14;10.05;5.32;6.55;5.91;9.6;4.8;7.5;4.0;7.2;2.3.0
2026-10-10;England_LeagueTwo;Cheltenham;Salford;57.96;BASSA;4;2026-10-10;England_LeagueTwo;England_LeagueTwo;;PRO: attacco trasferta positivo | profilo over interno positivo | profilo over esterno positivo || CONTRO: attacco casa non dominante | trend over casa non forte | trend over trasferta non forte | BTTS basso: possibile partita a senso unico || CONTRO V23: v23: storico Over 2.5 non forte;2.87;5.91;11.82;4.85;1.52;4.0;4.0;10.0;10.0;6.0;2.3.0
2026-10-10;Armenia_PremierLeague;Van;FC Gandzasar;57.91;BASSA;12;2026-10-10;Armenia_PremierLeague;Armenia_PremierLeague;;PRO: difesa trasferta vulnerabile | difesa casa vulnerabile | trend over recente casa | trend over recente trasferta | profilo over interno positivo | profilo over esterno positivo || CONTRO: attacco casa non dominante | ospite poco prolifico: rischio 1-0 / 2-0 | v22 monitora possibile sopravvalutazione weak_ga | BTTS basso: possibile partita a senso unico || CONTRO V23: v23: ospite poco prolifico | v23: BTTS basso;0.55;2.95;5.91;8.0;10.0;7.5;9.0;7.5;10.0;4.5;2.3.0
2026-10-10;Italy_SerieB;Entella;Juve Stabia;57.84;BASSA;6;2026-10-10;Italy_SerieB;Italy_SerieB;;PRO: attacco casa positivo | trend over recente casa | profilo over interno positivo | alta tendenza BTTS || CONTRO: ospite poco prolifico: rischio 1-0 / 2-0 | trend over trasferta non forte | profilo over esterno debole || CONTRO V23: v23: ospite poco prolifico;0.63;10.34;4.73;4.55;6.36;9.0;4.8;10.0;3.33;8.1;2.3.0
2026-10-10;England_NPLPremierDivision;Ilkeston;Redcar Athletic;57.83;BASSA;13;2026-10-10;England_NPLPremierDivision;England_NPLPremierDivision;;PRO: attacco trasferta positivo | difesa casa vulnerabile | trend over recente trasferta || CONTRO: attacco casa non dominante | trend over casa non forte | profilo over interno debole | profilo over esterno debole | BTTS basso: possibile partita a senso unico;5.14;3.45;11.33;7.88;4.17;6.0;7.2;3.33;3.33;6.0;2.3.0
2026-10-10;Sweden_Superettan;Landskrona;Sandviken;57.82;BASSA;30;2026-10-10;Sweden_Superettan;Sweden_Superettan;;PRO: attacco casa positivo | attacco trasferta positivo | alta tendenza BTTS || CONTRO: trend over casa non forte | trend over trasferta non forte | profilo over interno debole | profilo over esterno debole;1.6;9.22;9.69;3.78;6.36;6.0;4.8;4.17;5.0;7.2;2.3.0
2026-10-10;Germany_Oberliga_Niederrhein;SW Essen;Germania Ratingen;57.81;BASSA;12;2026-10-10;Germany_Oberliga_Niederrhein;Germany_Oberliga_Niederrhein;;PRO: attacco trasferta positivo | difesa trasferta vulnerabile | difesa casa vulnerabile | profilo over esterno positivo | alta tendenza BTTS || CONTRO: attacco casa non dominante | v22 monitora possibile sopravvalutazione weak_ga | trend over casa non forte | trend over trasferta non forte | profilo over interno debole || CONTRO V23: v23: storico Over 2.5 non forte;1.06;6.89;9.29;5.45;7.14;4.0;6.86;3.33;7.5;9.29;2.3.0
2026-10-10;Romania_Superliga;Botosani;UTA Arad;57.78;BASSA;12;2026-10-10;Romania_Superliga;Romania_Superliga;;PRO: attacco trasferta positivo | profilo over esterno positivo || CONTRO: attacco casa non dominante | trend over casa non forte | trend over trasferta non forte | profilo over interno debole | BTTS basso: possibile partita a senso unico;0.8;8.27;9.19;4.36;5.56;6.0;6.67;2.5;7.5;6.93;2.3.0
2026-10-10;Poland_Division1;Arka;Polonia W.;57.69;BASSA;10;2026-10-10;Poland_Division1;Poland_Division1;;PRO: attacco trasferta positivo || CONTRO: attacco casa non dominante | trend over casa non forte | trend over trasferta non forte | profilo over interno debole | profilo over esterno debole | BTTS basso: possibile partita a senso unico;2.12;7.22;9.85;4.44;6.06;5.33;6.67;5.0;5.0;6.0;2.3.0
2026-10-10;Denmark_2ndDivision;Hellerup;Thisted;57.64;BASSA;11;2026-10-10;Denmark_2ndDivision;Denmark_2ndDivision;;PRO: difesa trasferta vulnerabile | difesa casa vulnerabile | trend over recente casa | trend over recente trasferta | profilo over interno positivo | profilo over esterno positivo || CONTRO: attacco casa non dominante | ospite poco prolifico: rischio 1-0 / 2-0 | v22 monitora possibile sopravvalutazione weak_ga | BTTS basso: possibile partita a senso unico || CONTRO V23: v23: ospite poco prolifico;1.09;4.73;4.73;6.55;9.55;7.2;7.2;6.0;8.0;6.6;2.3.0
2026-10-10;Poland_IIILiga_Group2;KKS Kalisz;Lech 2;57.62;BASSA;12;2026-10-10;Poland_IIILiga_Group2;Poland_IIILiga_Group2;;PRO: attacco casa positivo | attacco trasferta positivo | difesa trasferta vulnerabile | profilo over esterno positivo | alta tendenza BTTS || CONTRO: v22 monitora possibile sopravvalutazione weak_ga | trend over casa non forte | trend over trasferta non forte | profilo over interno debole || CONTRO V23: v23: storico Over 2.5 non forte;0.92;8.6;11.16;4.96;7.58;4.8;6.67;2.0;6.0;7.94;2.3.0
2026-10-10;Sweden_Division1_Sodra;Lunds;Trollhättan;57.55;BASSA;28;2026-10-10;Sweden_Division1_Sodra;Sweden_Division1_Sodra;;PRO: attacco casa positivo | attacco trasferta positivo | difesa trasferta vulnerabile | trend over recente trasferta | alta tendenza BTTS || CONTRO: v22 monitora possibile sopravvalutazione weak_ga | trend over casa non forte | profilo over interno debole | profilo over esterno debole || CONTRO V23: v23: storico Over 2.5 non forte;0.8;10.87;9.93;4.22;6.73;3.6;7.2;5.0;5.0;7.2;2.3.0
2026-10-10;England_LeagueTwo;Bristol Rovers;Barnet;57.54;BASSA;4;2026-10-10;England_LeagueTwo;England_LeagueTwo;;PRO: attacco trasferta positivo | difesa casa vulnerabile | trend over recente casa | trend over recente trasferta | alta tendenza BTTS || CONTRO: attacco casa non dominante | profilo over interno debole | profilo over esterno debole;0.78;3.94;13.0;7.27;4.55;8.0;12.0;0.0;0.0;8.0;2.3.0
2026-10-10;England_NPLPremierDivision;Cleethorpes;Warrington Rylands;57.54;BASSA;13;2026-10-10;England_NPLPremierDivision;England_NPLPremierDivision;;PRO: attacco casa positivo | attacco trasferta positivo | trend over recente trasferta || CONTRO: trend over casa non forte | profilo over interno debole | profilo over esterno debole | BTTS basso: possibile partita a senso unico || CONTRO V23: v23: BTTS basso;1.43;13.0;9.85;2.12;6.44;6.0;7.2;5.0;5.0;5.5;2.3.0
2026-10-10;Wales_CymruNorth;Llanuwchllyn;Penrhyncoch;57.47;BASSA;11;2026-10-10;Wales_CymruNorth;Wales_CymruNorth;Wales_CymruTier2;PRO: difesa trasferta vulnerabile | difesa casa vulnerabile | trend over recente casa | trend over recente trasferta | profilo over interno positivo | profilo over esterno positivo || CONTRO: attacco casa non dominante | ospite poco prolifico: rischio 1-0 / 2-0 | v22 monitora possibile sopravvalutazione weak_ga | BTTS basso: possibile partita a senso unico || CONTRO V23: v23: ospite poco prolifico | v23: BTTS basso;5.6;7.88;2.22;7.27;10.0;8.0;7.5;6.0;7.5;3.5;2.3.0
2026-10-10;Paraguay_DivisionIntermedia;3 de Noviembre;Fernando de la Mora;57.34;BASSA;13;2026-10-10;Paraguay_DivisionIntermedia;Paraguay_DivisionIntermedia;;PRO: attacco casa positivo | trend over recente casa || CONTRO: ospite poco prolifico: rischio 1-0 / 2-0 | trend over trasferta non forte | profilo over interno debole | profilo over esterno debole | BTTS basso: possibile partita a senso unico;1.6;11.82;6.5;4.36;5.45;7.2;4.8;5.0;4.0;6.6;2.3.0
2026-10-10;Austria_Regionalliga_West;SC Imst;FC Lustenau;57.31;BASSA;12;2026-10-10;Austria_Regionalliga_West;Austria_Regionalliga_West;;PRO: attacco casa positivo | difesa trasferta vulnerabile | profilo over interno positivo || CONTRO: ospite poco prolifico: rischio 1-0 / 2-0 | v22 monitora possibile sopravvalutazione weak_ga | trend over casa non forte | trend over trasferta non forte | profilo over esterno debole | BTTS basso: possibile partita a senso unico || CONTRO V23: v23: ospite poco prolifico;4.4;10.05;5.32;2.55;10.0;6.0;6.0;6.0;5.0;6.0;2.3.0
2026-10-10;Kyrgyzstan_PremierLiga;Kyrgyzaltyn;Bishkek City;57.22;BASSA;30;2026-10-10;Kyrgyzstan_PremierLiga;Kyrgyzstan_PremierLiga;;PRO: difesa trasferta vulnerabile | difesa casa vulnerabile | trend over recente casa | profilo over interno positivo || CONTRO: attacco casa non dominante | ospite poco prolifico: rischio 1-0 / 2-0 | v22 monitora possibile sopravvalutazione weak_ga | trend over trasferta non forte | profilo over esterno debole | BTTS basso: possibile partita a senso unico;1.2;4.68;6.68;8.0;6.52;7.2;4.8;7.5;4.0;6.64;2.3.0
2026-10-10;England_NPLPremierDivision;Stockton;FC United;57.13;BASSA;13;2026-10-10;England_NPLPremierDivision;England_NPLPremierDivision;;PRO: difesa trasferta vulnerabile | difesa casa vulnerabile | trend over recente trasferta || CONTRO: attacco casa non dominante | ospite poco prolifico: rischio 1-0 / 2-0 | v22 monitora possibile sopravvalutazione weak_ga | trend over casa non forte | profilo over interno debole | profilo over esterno debole | BTTS basso: possibile partita a senso unico;1.43;7.39;7.09;6.67;9.09;6.0;7.2;1.67;4.0;6.6;2.3.0
2026-10-10;Austria_Regionalliga_East;Wienerberger;Gloggnitz;57.07;BASSA;12;2026-10-10;Austria_Regionalliga_East;Austria_Regionalliga_East;;PRO: difesa trasferta vulnerabile | difesa casa vulnerabile | trend over recente casa | profilo over interno positivo || CONTRO: attacco casa non dominante | ospite poco prolifico: rischio 1-0 / 2-0 | v22 monitora possibile sopravvalutazione weak_ga | trend over trasferta non forte | profilo over esterno debole | BTTS basso: possibile partita a senso unico || CONTRO V23: v23: BTTS basso;0.8;3.55;7.09;8.0;8.64;9.6;6.0;8.0;4.0;5.4;2.3.0
2026-10-10;Lithuania_Toplyga;Zalgiris;Suduva;56.99;BASSA;39;2026-10-10;Lithuania_Toplyga;Lithuania_Toplyga;;PRO: attacco trasferta positivo | trend over recente casa | profilo over interno positivo | profilo over esterno positivo || CONTRO: attacco casa non dominante | trend over trasferta non forte | BTTS basso: possibile partita a senso unico || CONTRO V23: v23: BTTS basso;2.67;7.81;9.58;4.55;3.92;7.2;6.0;7.14;6.25;5.88;2.3.0
2026-10-10;England_LeagueOne;Stevenage;Wigan;56.97;BASSA;10;2026-10-10;England_LeagueOne;England_LeagueOne;;PRO: attacco casa positivo | difesa trasferta vulnerabile | profilo over interno positivo || CONTRO: ospite poco prolifico: rischio 1-0 / 2-0 | v22 monitora possibile sopravvalutazione weak_ga | trend over casa non forte | trend over trasferta non forte | profilo over esterno debole | BTTS basso: possibile partita a senso unico || CONTRO V23: v23: ospite poco prolifico;3.65;9.85;4.92;3.64;7.58;6.0;6.0;10.0;3.33;6.0;2.3.0
2026-10-10;Bulgaria_VtoraLiga;Pirin Blagoevgrad;Spartak Pleven;56.96;BASSA;12;2026-10-10;Bulgaria_VtoraLiga;Bulgaria_VtoraLiga;;PRO: difesa trasferta vulnerabile | difesa casa vulnerabile | trend over recente casa | trend over recente trasferta | profilo over interno positivo | profilo over esterno positivo || CONTRO: attacco casa non dominante | ospite poco prolifico: rischio 1-0 / 2-0 | v22 monitora possibile sopravvalutazione weak_ga | BTTS basso: possibile partita a senso unico || CONTRO V23: v23: ospite poco prolifico | v23: BTTS basso;1.06;1.97;4.6;8.0;10.0;8.0;8.0;10.0;10.0;3.33;2.3.0
2026-10-10;Germany_Oberliga_NOFV_Nord;Lichtenberg;Wismar;56.95;BASSA;8;2026-10-10;Germany_Oberliga_NOFV_Nord;Germany_Oberliga_NOFV_Nord;;PRO: attacco casa positivo | difesa trasferta vulnerabile | trend over recente trasferta | profilo over esterno positivo || CONTRO: ospite poco prolifico: rischio 1-0 / 2-0 | v22 monitora possibile sopravvalutazione weak_ga | trend over casa non forte | profilo over interno debole | BTTS basso: possibile partita a senso unico;1.6;8.86;7.88;3.03;7.58;4.0;8.0;3.33;6.67;6.0;2.3.0
2026-10-10;Austria_Regionalliga_South;Donau Klagenfurt;Volkermarkt;56.9;BASSA;12;2026-10-10;Austria_Regionalliga_South;Austria_Regionalliga_South;;PRO: attacco trasferta positivo | difesa casa vulnerabile | trend over recente casa || CONTRO: attacco casa non dominante | trend over trasferta non forte | profilo over interno debole | profilo over esterno debole | BTTS basso: possibile partita a senso unico || CONTRO V23: v23: BTTS basso;5.54;4.73;11.82;7.27;4.55;7.2;6.0;5.0;4.0;4.8;2.3.0
2026-10-10;Belgium_JupilerProLeague;Genk;Kortrijk;56.86;BASSA;11;2026-10-10;Belgium_JupilerProLeague;Belgium_JupilerProLeague;;PRO: attacco casa positivo | difesa trasferta vulnerabile | difesa casa vulnerabile | trend over recente casa | profilo over interno positivo | profilo over esterno positivo || CONTRO: ospite poco prolifico: rischio 1-0 / 2-0 | v22 monitora possibile sopravvalutazione weak_ga | trend over trasferta non forte | BTTS basso: possibile partita a senso unico || CONTRO V23: v23: ospite poco prolifico | v23: BTTS basso;3.18;10.97;1.69;6.23;9.74;8.57;6.86;6.67;6.67;4.29;2.3.0
2026-10-10;Kyrgyzstan_PremierLiga;Aldier;Talant;56.76;BASSA;30;2026-10-10;Kyrgyzstan_PremierLiga;Kyrgyzstan_PremierLiga;;PRO: attacco casa positivo | difesa casa vulnerabile | trend over recente casa | profilo over interno positivo | alta tendenza BTTS || CONTRO: ospite poco prolifico: rischio 1-0 / 2-0 | trend over trasferta non forte | profilo over esterno debole || CONTRO V23: v23: storico Over 2.5 non forte;0.8;8.62;7.45;6.52;4.94;9.6;3.6;7.27;3.33;7.63;2.3.0
2026-10-10;SriLanka_SuperLeague;Renown;Red Star;56.63;BASSA;11;2026-10-10;SriLanka_SuperLeague;SriLanka_SuperLeague;;PRO: attacco casa positivo | attacco trasferta positivo | profilo over interno positivo || CONTRO: trend over casa non forte | trend over trasferta non forte | profilo over esterno debole | BTTS basso: possibile partita a senso unico || CONTRO V23: v23: BTTS basso;0.67;13.0;10.51;3.23;5.56;6.67;6.67;6.0;5.0;3.33;2.3.0
2026-10-10;France_Ligue1;Brest;Angers;56.59;BASSA;6;2026-10-10;France_Ligue1;France_Ligue1;;PRO: difesa casa vulnerabile | trend over recente casa || CONTRO: attacco casa non dominante | ospite poco prolifico: rischio 1-0 / 2-0 | trend over trasferta non forte | profilo over interno debole | profilo over esterno debole | BTTS basso: possibile partita a senso unico;1.41;7.39;7.09;5.45;4.55;9.0;4.8;5.0;5.0;6.9;2.3.0
2026-10-10;Slovakia_2Liga;Lehota p. V.;Zvolen;56.27;BASSA;12;2026-10-10;Slovakia_2Liga;Slovakia_2Liga;;PRO: attacco casa positivo | difesa trasferta vulnerabile | difesa casa vulnerabile | trend over recente casa | alta tendenza BTTS || CONTRO: ospite poco prolifico: rischio 1-0 / 2-0 | v22 monitora possibile sopravvalutazione weak_ga | trend over trasferta non forte | profilo over interno debole | profilo over esterno debole || CONTRO V23: v23: ospite poco prolifico;2.0;9.13;3.76;6.28;8.26;7.2;6.0;5.0;5.0;7.64;2.3.0
2026-10-10;Finland_Veikkausliiga;Mariehamn;Ilves;56.15;BASSA;25;2026-10-10;Finland_Veikkausliiga;Finland_Veikkausliiga;;PRO: attacco trasferta positivo | difesa trasferta vulnerabile | difesa casa vulnerabile | trend over recente trasferta | profilo over esterno positivo || CONTRO: attacco casa non dominante | v22 monitora possibile sopravvalutazione weak_ga | trend over casa non forte | profilo over interno debole | BTTS basso: possibile partita a senso unico || CONTRO V23: v23: BTTS basso;1.64;4.62;9.13;7.11;7.64;6.0;7.2;2.73;8.18;5.89;2.3.0
2026-10-10;Serbia_SuperLiga;Radnicki 1923;Stella Rossa;56.13;BASSA;13;2026-10-10;Serbia_SuperLiga;Serbia_SuperLiga;;PRO: attacco casa positivo | attacco trasferta positivo | trend over recente trasferta | profilo over interno positivo || CONTRO: trend over casa non forte | profilo over esterno debole | BTTS basso: possibile partita a senso unico || CONTRO V23: v23: BTTS basso;0.8;11.16;13.0;3.64;1.36;6.67;7.2;10.0;2.5;3.8;2.3.0
2026-10-10;Slovakia_3Liga_West;FKM Nove Zamky;Gabcikovo;55.97;BASSA;10;2026-10-10;Slovakia_3Liga_West;Slovakia_3Liga_West;;PRO: attacco trasferta positivo | difesa trasferta vulnerabile | difesa casa vulnerabile | profilo over interno positivo | alta tendenza BTTS || CONTRO: attacco casa non dominante | v22 monitora possibile sopravvalutazione weak_ga | trend over casa non forte | trend over trasferta non forte | profilo over esterno debole || CONTRO V23: v23: storico Over 2.5 non forte;1.2;7.22;9.85;6.46;6.57;5.33;4.0;6.0;5.0;7.33;2.3.0
2026-10-10;Denmark_2ndDivision;Roskilde;Skive;55.74;BASSA;11;2026-10-10;Denmark_2ndDivision;Denmark_2ndDivision;;PRO: attacco casa positivo | alta tendenza BTTS || CONTRO: ospite poco prolifico: rischio 1-0 / 2-0 | trend over casa non forte | trend over trasferta non forte | profilo over interno debole | profilo over esterno debole || CONTRO V23: v23: storico Over 2.5 non forte;2.73;10.64;7.68;3.64;5.45;4.8;6.0;5.0;5.0;7.8;2.3.0
2026-10-10;Italy_SerieA;Napoli;Frosinone;55.6;BASSA;6;2026-10-10;Italy_SerieA;Italy_SerieA;;PRO: attacco trasferta positivo | difesa casa vulnerabile || CONTRO: attacco casa non dominante | trend over casa non forte | trend over trasferta non forte | profilo over interno debole | profilo over esterno debole | BTTS basso: possibile partita a senso unico || CONTRO V23: v23: storico Over 2.5 non forte;3.79;7.39;10.64;5.45;3.64;6.0;4.8;5.0;5.0;6.9;2.3.0
2026-10-10;England_Championship;Charlton;Bristol City;55.57;BASSA;10;2026-10-10;England_Championship;England_Championship;;PRO: profilo over esterno positivo || CONTRO: attacco casa non dominante | ospite poco prolifico: rischio 1-0 / 2-0 | trend over casa non forte | trend over trasferta non forte | profilo over interno debole | BTTS basso: possibile partita a senso unico;2.09;4.22;7.6;4.68;6.49;5.14;6.86;2.5;10.0;6.0;2.3.0
2026-10-10;Germany_Oberliga_Bayern_Nord;Gebenbach;Grossbardorf;55.56;BASSA;18;2026-10-10;Germany_Oberliga_Bayern_Nord;Germany_Oberliga_Bayern_Nord;;PRO: attacco casa positivo | difesa trasferta vulnerabile | trend over recente casa | trend over recente trasferta | profilo over interno positivo || CONTRO: ospite poco prolifico: rischio 1-0 / 2-0 | v22 monitora possibile sopravvalutazione weak_ga | profilo over esterno debole | BTTS basso: possibile partita a senso unico || CONTRO V23: v23: ospite poco prolifico | v23: BTTS basso;4.59;10.0;5.45;3.64;8.74;7.2;7.2;8.33;3.33;5.08;2.3.0
2026-10-10;Wales_CymruSouth;Llantwit Major;Pontardawe;55.41;BASSA;11;2026-10-10;Wales_CymruSouth;Wales_CymruSouth;Wales_CymruTier2;PRO: attacco trasferta positivo | difesa trasferta vulnerabile | difesa casa vulnerabile | trend over recente trasferta | profilo over esterno positivo || CONTRO: attacco casa non dominante | v22 monitora possibile sopravvalutazione weak_ga | trend over casa non forte | profilo over interno debole | BTTS basso: possibile partita a senso unico || CONTRO V23: v23: BTTS basso;0.8;5.91;9.29;7.27;10.0;6.0;8.57;0.0;6.0;5.57;2.3.0
2026-10-10;Belgium_JupilerProLeague;Waregem;Gent;55.25;BASSA;11;2026-10-10;Belgium_JupilerProLeague;Belgium_JupilerProLeague;;PRO: attacco trasferta positivo | profilo over interno positivo | profilo over esterno positivo || CONTRO: attacco casa non dominante | trend over casa non forte | trend over trasferta non forte | BTTS basso: possibile partita a senso unico || CONTRO V23: v23: BTTS basso;1.41;8.44;10.97;3.64;2.6;6.86;6.86;6.67;6.67;5.14;2.3.0
2026-10-10;Sweden_Allsvenskan;GAIS;Sirius;55.18;BASSA;30;2026-10-10;Sweden_Allsvenskan;Sweden_Allsvenskan;;PRO: attacco trasferta positivo | trend over recente trasferta | profilo over esterno positivo || CONTRO: attacco casa non dominante | trend over casa non forte | profilo over interno debole | BTTS basso: possibile partita a senso unico || CONTRO V23: v23: BTTS basso;3.6;7.52;13.0;3.31;5.79;2.4;7.2;2.73;8.18;5.45;2.3.0
2026-10-10;Indonesia_Championship;Tornado Pekanbaru;PSBS Biak Numfor;55.1;BASSA;5;2026-10-10;Indonesia_Championship;Indonesia_Championship;;PRO: difesa trasferta vulnerabile | trend over recente trasferta | profilo over interno positivo | profilo over esterno positivo || CONTRO: attacco casa non dominante | ospite poco prolifico: rischio 1-0 / 2-0 | v22 monitora possibile sopravvalutazione weak_ga | trend over casa non forte | BTTS basso: possibile partita a senso unico || CONTRO V23: v23: ospite poco prolifico | v23: BTTS basso;4.42;7.39;1.48;1.82;10.0;3.0;12.0;10.0;10.0;3.0;2.3.0
2026-10-10;Slovakia_2Liga;MFK Bytca;FK Humenne;55.06;BASSA;12;2026-10-10;Slovakia_2Liga;Slovakia_2Liga;;PRO: difesa casa vulnerabile | trend over recente casa | profilo over interno positivo | profilo over esterno positivo || CONTRO: attacco casa non dominante | ospite poco prolifico: rischio 1-0 / 2-0 | trend over trasferta non forte | BTTS basso: possibile partita a senso unico || CONTRO V23: v23: ospite poco prolifico;0.4;4.83;3.22;8.0;6.2;10.8;3.6;10.0;6.0;6.0;2.3.0
2026-10-10;Italy_SerieC_GironeA;Novara;Cittadella;55.05;BASSA;9;2026-10-10;Italy_SerieC_GironeA;Italy_SerieC_GironeA;;PRO: attacco trasferta positivo || CONTRO: attacco casa non dominante | trend over casa non forte | trend over trasferta non forte | profilo over interno debole | profilo over esterno debole | BTTS basso: possibile partita a senso unico;2.84;6.75;10.13;4.68;2.6;6.86;6.86;5.0;3.33;6.0;2.3.0
2026-10-10;Austria_Burgenland;Lackenbach;Pama;55.0;BASSA;11;2026-10-10;Austria_Burgenland;Austria_Burgenland;;PRO: difesa trasferta vulnerabile | difesa casa vulnerabile | trend over recente trasferta | profilo over esterno positivo || CONTRO: attacco casa non dominante | ospite poco prolifico: rischio 1-0 / 2-0 | v22 monitora possibile sopravvalutazione weak_ga | trend over casa non forte | profilo over interno debole | BTTS basso: possibile partita a senso unico || CONTRO V23: v23: BTTS basso;2.8;3.28;7.88;6.87;10.0;4.0;8.0;4.0;7.5;4.67;2.3.0
2026-10-10;Austria_Bundesliga;Austria Vienna;Sturm Graz;54.87;BASSA;9;2026-10-10;Austria_Bundesliga;Austria_Bundesliga;;PRO: difesa casa vulnerabile || CONTRO: attacco casa non dominante | ospite poco prolifico: rischio 1-0 / 2-0 | trend over casa non forte | trend over trasferta non forte | profilo over interno debole | profilo over esterno debole | BTTS basso: possibile partita a senso unico;3.27;5.91;6.75;6.75;5.84;6.86;5.14;3.33;5.0;6.0;2.3.0
2026-10-10;Albania_AbissnetSuperiore;AF Elbasani;Vora;54.82;BASSA;6;2026-10-10;Albania_AbissnetSuperiore;Albania_AbissnetSuperiore;;PRO: attacco casa positivo | difesa trasferta vulnerabile | difesa casa vulnerabile | trend over recente casa | alta tendenza BTTS || CONTRO: ospite poco prolifico: rischio 1-0 / 2-0 | v22 monitora possibile sopravvalutazione weak_ga | trend over trasferta non forte | profilo over interno debole | profilo over esterno debole || CONTRO V23: v23: ospite poco prolifico;1.33;8.86;3.55;5.45;9.09;9.0;4.8;5.0;3.33;8.4;2.3.0
2026-10-10;Moldova_SuperLiga;Balti;Real Sireti;54.63;BASSA;14;2026-10-10;Moldova_SuperLiga;Moldova_SuperLiga;;PRO: difesa trasferta vulnerabile | difesa casa vulnerabile | trend over recente casa | profilo over interno positivo | profilo over esterno positivo || CONTRO: attacco casa non dominante | ospite poco prolifico: rischio 1-0 / 2-0 | v22 monitora possibile sopravvalutazione weak_ga | trend over trasferta non forte | BTTS basso: possibile partita a senso unico || CONTRO V23: v23: ospite poco prolifico;0.86;4.09;3.64;8.0;6.64;10.8;3.6;8.33;6.67;6.0;2.3.0
2026-10-10;Poland_Ekstraklasa;Cracovia;Zaglebie;54.62;BASSA;12;2026-10-10;Poland_Ekstraklasa;Poland_Ekstraklasa;;PRO: difesa casa vulnerabile || CONTRO: attacco casa non dominante | ospite poco prolifico: rischio 1-0 / 2-0 | trend over casa non forte | trend over trasferta non forte | profilo over interno debole | profilo over esterno debole | BTTS basso: possibile partita a senso unico;2.12;5.91;7.22;5.66;5.05;6.67;5.33;5.0;5.0;6.67;2.3.0
2026-10-10;Sweden_Superettan;Östersund;Varberg;54.52;BASSA;30;2026-10-10;Sweden_Superettan;Sweden_Superettan;;PRO: attacco trasferta positivo | trend over recente trasferta | profilo over esterno positivo | alta tendenza BTTS || CONTRO: attacco casa non dominante | trend over casa non forte | profilo over interno debole;0.4;7.8;10.4;3.49;6.0;1.2;7.2;3.33;7.5;7.2;2.3.0
2026-10-10;Austria_Vorarlberg;Hard;Alberschwende;54.46;BASSA;9;2026-10-10;Austria_Vorarlberg;Austria_Vorarlberg;fourth tier;PRO: attacco casa positivo | difesa casa vulnerabile | trend over recente casa | profilo over interno positivo | alta tendenza BTTS || CONTRO: ospite poco prolifico: rischio 1-0 / 2-0 | trend over trasferta non forte | profilo over esterno debole || CONTRO V23: v23: ospite poco prolifico;1.85;10.13;4.22;8.0;4.55;8.57;3.43;10.0;0.0;7.71;2.3.0
2026-10-10;Germany_Oberliga_NOFV_Nord;Siedenbollentin;TB Berlin;54.46;BASSA;8;2026-10-10;Germany_Oberliga_NOFV_Nord;Germany_Oberliga_NOFV_Nord;;PRO: attacco casa positivo | profilo over esterno positivo || CONTRO: ospite poco prolifico: rischio 1-0 / 2-0 | trend over casa non forte | trend over trasferta non forte | profilo over interno debole | BTTS basso: possibile partita a senso unico || CONTRO V23: v23: ospite poco prolifico;4.4;11.82;5.91;3.03;5.3;6.0;6.0;3.33;6.67;6.0;2.3.0
2026-10-10;Indonesia_Championship;Barito Putera;Balikpapan;54.42;BASSA;5;2026-10-10;Indonesia_Championship;Indonesia_Championship;;PRO: attacco casa positivo | difesa trasferta vulnerabile | difesa casa vulnerabile | trend over recente casa || CONTRO: ospite poco prolifico: rischio 1-0 / 2-0 | v22 monitora possibile sopravvalutazione weak_ga | trend over trasferta non forte | profilo over interno debole | profilo over esterno debole | BTTS basso: possibile partita a senso unico || CONTRO V23: v23: ospite poco prolifico;1.89;10.34;2.95;7.27;7.95;9.0;3.0;5.0;5.0;6.0;2.3.0
2026-10-10;Serbia_PrvaLiga;Metalac;Teleoptik;54.42;BASSA;13;2026-10-10;Serbia_PrvaLiga;Serbia_PrvaLiga;;PRO: difesa trasferta vulnerabile | profilo over interno positivo || CONTRO: attacco casa non dominante | ospite poco prolifico: rischio 1-0 / 2-0 | v22 monitora possibile sopravvalutazione weak_ga | trend over casa non forte | trend over trasferta non forte | profilo over esterno debole | BTTS basso: possibile partita a senso unico || CONTRO V23: v23: storico Over 2.5 non forte;3.2;7.88;6.89;3.64;8.71;4.8;4.8;6.0;5.0;6.5;2.3.0
2026-10-10;Sweden_Division2_SodraSvealand;Lindo FF;Orebro Syr.;54.35;BASSA;25;2026-10-10;Sweden_Division2_SodraSvealand;Sweden_Division2_SodraSvealand;;PRO: difesa casa vulnerabile | trend over recente casa | profilo over interno positivo || CONTRO: attacco casa non dominante | ospite poco prolifico: rischio 1-0 / 2-0 | trend over trasferta non forte | profilo over esterno debole | BTTS basso: possibile partita a senso unico || CONTRO V23: v23: BTTS basso;1.38;7.88;6.65;7.58;5.49;8.4;4.8;7.5;4.17;4.5;2.3.0
2026-10-10;Poland_IIILiga_Group3;Warta Gorzow;Nysa;54.3;BASSA;12;2026-10-10;Poland_IIILiga_Group3;Poland_IIILiga_Group3;;PRO: difesa trasferta vulnerabile | difesa casa vulnerabile | trend over recente trasferta | profilo over esterno positivo | alta tendenza BTTS || CONTRO: attacco casa non dominante | ospite poco prolifico: rischio 1-0 / 2-0 | v22 monitora possibile sopravvalutazione weak_ga | trend over casa non forte | profilo over interno debole || CONTRO V23: v23: ospite poco prolifico;2.77;5.91;6.45;5.62;9.92;3.6;8.4;2.0;6.0;7.64;2.3.0
2026-10-10;England_SouthernLeaguePremierCentral;Stourbridge;Leighton Town;54.02;BASSA;11;2026-10-10;England_SouthernLeaguePremierCentral;England_SouthernLeaguePremierCentral;;PRO: difesa trasferta vulnerabile | alta tendenza BTTS || CONTRO: attacco casa non dominante | ospite poco prolifico: rischio 1-0 / 2-0 | v22 monitora possibile sopravvalutazione weak_ga | trend over casa non forte | trend over trasferta non forte | profilo over interno debole | profilo over esterno debole || CONTRO V23: v23: storico Over 2.5 non forte;1.71;5.91;7.88;4.85;10.0;4.0;6.67;4.0;4.0;8.0;2.3.0
2026-10-10;Kyrgyzstan_PremierLiga;Alay Osh;Abdysh-Ata;54.0;BASSA;30;2026-10-10;Kyrgyzstan_PremierLiga;Kyrgyzstan_PremierLiga;;PRO: difesa trasferta vulnerabile | trend over recente trasferta || CONTRO: attacco casa non dominante | ospite poco prolifico: rischio 1-0 / 2-0 | v22 monitora possibile sopravvalutazione weak_ga | trend over casa non forte | profilo over interno debole | profilo over esterno debole | BTTS basso: possibile partita a senso unico || CONTRO V23: v23: ospite poco prolifico;3.6;7.88;4.62;4.7;9.68;6.0;7.2;2.73;5.45;6.13;2.3.0
2026-10-10;Germany_Regionalliga_Sudwest;Steinbach Haiger;Trier;53.88;BASSA;13;2026-10-10;Germany_Regionalliga_Sudwest;Germany_Regionalliga_Sudwest;;PRO: attacco casa positivo | difesa casa vulnerabile | trend over recente casa || CONTRO: ospite poco prolifico: rischio 1-0 / 2-0 | trend over trasferta non forte | profilo over interno debole | profilo over esterno debole | BTTS basso: possibile partita a senso unico;1.06;8.86;6.5;5.45;5.0;7.2;4.8;5.0;4.0;6.0;2.3.0
2026-10-10;Bosnia_WWINLigaBiH;Borac Banja Luka;BSK Banja Luka;53.76;BASSA;11;2026-10-10;Bosnia_WWINLigaBiH;Bosnia_WWINLigaBiH;;PRO: attacco casa positivo | attacco trasferta positivo | difesa trasferta vulnerabile || CONTRO: v22 monitora possibile sopravvalutazione weak_ga | trend over casa non forte | trend over trasferta non forte | profilo over interno debole | profilo over esterno debole | BTTS basso: possibile partita a senso unico || CONTRO V23: v23: storico Over 2.5 non forte;1.64;10.13;10.83;3.12;8.33;5.14;6.0;0.0;5.0;6.57;2.3.0
2026-10-10;Germany_Regionalliga_Nordost;BFC Preussen;Hertha 2;53.0;BASSA;13;2026-10-10;Germany_Regionalliga_Nordost;Germany_Regionalliga_Nordost;;PRO: difesa trasferta vulnerabile | difesa casa vulnerabile | profilo over esterno positivo | alta tendenza BTTS || CONTRO: attacco casa non dominante | ospite poco prolifico: rischio 1-0 / 2-0 | v22 monitora possibile sopravvalutazione weak_ga | trend over casa non forte | trend over trasferta non forte | profilo over interno debole || CONTRO V23: v23: ospite poco prolifico;0.71;7.52;4.83;5.62;8.68;6.0;6.0;4.0;6.0;7.64;2.3.0
2026-10-10;England_NPLPremierDivision;Alfreton;Bury;52.86;BASSA;13;2026-10-10;England_NPLPremierDivision;England_NPLPremierDivision;;PRO: attacco casa positivo | attacco trasferta positivo | trend over recente casa | profilo over interno positivo || CONTRO: trend over trasferta non forte | profilo over esterno debole | BTTS basso: possibile partita a senso unico || CONTRO V23: v23: BTTS basso;0.57;8.86;11.23;3.94;4.09;7.2;6.0;6.67;4.0;4.3;2.3.0
2026-10-10;England_SouthernLeaguePremierCentral;Hitchin;Peterborough Sports;52.74;BASSA;11;2026-10-10;England_SouthernLeaguePremierCentral;England_SouthernLeaguePremierCentral;;PRO: attacco trasferta positivo | difesa trasferta vulnerabile | difesa casa vulnerabile | trend over recente trasferta | alta tendenza BTTS || CONTRO: attacco casa non dominante | v22 monitora possibile sopravvalutazione weak_ga | trend over casa non forte | profilo over interno debole | profilo over esterno debole || CONTRO V23: v23: storico Over 2.5 non forte;3.14;4.14;11.23;5.82;6.82;3.6;7.2;2.0;4.0;7.8;2.3.0
2026-10-10;Hungary_NBII;Gyirmot;Nagykanizsa;52.57;BASSA;9;2026-10-10;Hungary_NBII;Hungary_NBII;;PRO: attacco casa positivo | difesa casa vulnerabile | trend over recente casa | profilo over interno positivo || CONTRO: ospite poco prolifico: rischio 1-0 / 2-0 | trend over trasferta non forte | profilo over esterno debole | BTTS basso: possibile partita a senso unico || CONTRO V23: v23: ospite poco prolifico;0.8;9.6;5.17;6.82;5.68;7.5;4.5;8.0;2.5;6.0;2.3.0
2026-10-10;Austria_Wien;A XIII-Auhof Center;1980 Wien;52.46;BASSA;9;2026-10-10;Austria_Wien;Austria_Wien;;PRO: difesa trasferta vulnerabile | trend over recente trasferta | profilo over esterno positivo || CONTRO: attacco casa non dominante | ospite poco prolifico: rischio 1-0 / 2-0 | v22 monitora possibile sopravvalutazione weak_ga | trend over casa non forte | profilo over interno debole | BTTS basso: possibile partita a senso unico || CONTRO V23: v23: ospite poco prolifico;0.4;6.89;4.92;4.24;10.0;6.0;8.0;0.0;10.0;6.0;2.3.0
2026-10-10;Kazakhstan_PremierLeague;Ertis Pavlodar;Kyzylzhar;52.43;BASSA;39;2026-10-10;Kazakhstan_PremierLeague;Kazakhstan_PremierLeague;;PRO: difesa trasferta vulnerabile | trend over recente casa || CONTRO: attacco casa non dominante | ospite poco prolifico: rischio 1-0 / 2-0 | v22 monitora possibile sopravvalutazione weak_ga | trend over trasferta non forte | profilo over interno debole | profilo over esterno debole | BTTS basso: possibile partita a senso unico || CONTRO V23: v23: ospite poco prolifico;2.0;6.15;6.14;4.95;7.17;7.2;6.0;5.0;5.0;6.83;2.3.0
2026-10-10;Bosnia_PrvaLiga_FBiH;Tomislav;Kakanj;52.33;BASSA;10;2026-10-10;Bosnia_PrvaLiga_FBiH;Bosnia_PrvaLiga_FBiH;double round robin inferred from league size.;PRO: difesa casa vulnerabile | trend over recente casa | profilo over interno positivo || CONTRO: attacco casa non dominante | ospite poco prolifico: rischio 1-0 / 2-0 | trend over trasferta non forte | profilo over esterno debole | BTTS basso: possibile partita a senso unico || CONTRO V23: v23: ospite poco prolifico | v23: BTTS basso;2.0;7.39;4.22;8.0;4.55;12.0;1.71;10.0;5.0;5.46;2.3.0
2026-10-10;Italy_SerieC_GironeC;Bari;Giugliano;52.24;BASSA;9;2026-10-10;Italy_SerieC_GironeC;Italy_SerieC_GironeC;;PRO: attacco trasferta positivo | difesa trasferta vulnerabile | profilo over esterno positivo || CONTRO: attacco casa non dominante | v22 monitora possibile sopravvalutazione weak_ga | trend over casa non forte | trend over trasferta non forte | profilo over interno debole | BTTS basso: possibile partita a senso unico || CONTRO V23: v23: BTTS basso;4.42;6.75;8.86;3.12;9.85;6.86;6.0;0.0;6.67;3.71;2.3.0
2026-10-10;Austria_2Liga;SK Rapid 2;Innsbruck;52.22;BASSA;8;2026-10-10;Austria_2Liga;Austria_2Liga;;PRO: difesa casa vulnerabile || CONTRO: attacco casa non dominante | ospite poco prolifico: rischio 1-0 / 2-0 | trend over casa non forte | trend over trasferta non forte | profilo over interno debole | profilo over esterno debole | BTTS basso: possibile partita a senso unico || CONTRO V23: v23: BTTS basso;3.2;5.91;8.44;8.0;5.19;6.86;5.14;3.33;5.0;5.14;2.3.0
2026-10-10;Kazakhstan_PremierLeague;Tobol;FC Astana;51.95;BASSA;39;2026-10-10;Kazakhstan_PremierLeague;Kazakhstan_PremierLeague;;PRO: attacco trasferta positivo || CONTRO: attacco casa non dominante | trend over casa non forte | trend over trasferta non forte | profilo over interno debole | profilo over esterno debole | BTTS basso: possibile partita a senso unico || CONTRO V23: v23: storico Over 2.5 non forte;2.0;7.5;9.93;4.9;4.55;4.8;6.0;5.83;3.33;6.11;2.3.0
2026-10-10;Peru_Liga1_Clausura;Deportivo Garcilaso;Huancayo;51.39;BASSA;13;2026-10-10;Peru_Liga1_Clausura;Peru_Liga1_Clausura;;PRO: attacco casa positivo | attacco trasferta positivo | difesa trasferta vulnerabile | profilo over interno positivo | profilo over esterno positivo || CONTRO: v22 monitora possibile sopravvalutazione weak_ga | trend over casa non forte | trend over trasferta non forte | BTTS basso: possibile partita a senso unico || CONTRO V23: v23: BTTS basso | v23: storico Over 2.5 non forte;0.71;9.19;9.19;3.23;6.57;4.0;6.67;7.5;6.0;5.33;2.3.0
2026-10-10;Denmark_1stDivision;Hillerod;Fredericia;51.37;BASSA;11;2026-10-10;Denmark_1stDivision;Denmark_1stDivision;;PRO: attacco casa positivo | difesa casa vulnerabile || CONTRO: ospite poco prolifico: rischio 1-0 / 2-0 | trend over casa non forte | trend over trasferta non forte | profilo over interno debole | profilo over esterno debole | BTTS basso: possibile partita a senso unico || CONTRO V23: v23: storico Over 2.5 non forte;3.27;8.54;7.88;5.66;3.03;4.0;5.33;5.0;5.0;6.67;2.3.0
2026-10-10;Portugal_LigaPortugal2;Tondela;Torreense;51.34;BASSA;8;2026-10-10;Portugal_LigaPortugal2;Portugal_LigaPortugal2;;PRO: difesa trasferta vulnerabile | trend over recente trasferta | profilo over interno positivo | profilo over esterno positivo || CONTRO: attacco casa non dominante | ospite poco prolifico: rischio 1-0 / 2-0 | v22 monitora possibile sopravvalutazione weak_ga | trend over casa non forte | BTTS basso: possibile partita a senso unico || CONTRO V23: v23: BTTS basso;1.76;6.89;6.89;3.64;6.82;4.0;8.0;6.67;6.67;4.0;2.3.0
2026-10-10;Wales_CymruSouth;Ynyshir Albions;Llanelli;51.33;BASSA;11;2026-10-10;Wales_CymruSouth;Wales_CymruSouth;Wales_CymruTier2;PRO: difesa trasferta vulnerabile | trend over recente trasferta | profilo over esterno positivo || CONTRO: attacco casa non dominante | ospite poco prolifico: rischio 1-0 / 2-0 | v22 monitora possibile sopravvalutazione weak_ga | trend over casa non forte | profilo over interno debole | BTTS basso: possibile partita a senso unico || CONTRO V23: v23: ospite poco prolifico;4.8;6.89;3.94;3.03;10.0;4.0;8.0;0.0;8.0;6.67;2.3.0
2026-10-10;England_SouthernLeaguePremierCentral;Alvechurch;Bury Town;51.21;BASSA;11;2026-10-10;England_SouthernLeaguePremierCentral;England_SouthernLeaguePremierCentral;;PRO: attacco casa positivo | attacco trasferta positivo | profilo over esterno positivo || CONTRO: trend over casa non forte | trend over trasferta non forte | profilo over interno debole | BTTS basso: possibile partita a senso unico || CONTRO V23: v23: BTTS basso;0.57;11.16;11.82;1.62;4.04;5.33;6.67;4.0;6.0;4.0;2.3.0
2026-10-10;CzechRepublic_3MSFL;Vitkovice;Karvina B;51.14;BASSA;12;2026-10-10;CzechRepublic_3MSFL;CzechRepublic_3MSFL;;PRO: difesa trasferta vulnerabile | trend over recente trasferta | profilo over esterno positivo || CONTRO: attacco casa non dominante | ospite poco prolifico: rischio 1-0 / 2-0 | v22 monitora possibile sopravvalutazione weak_ga | trend over casa non forte | profilo over interno debole | BTTS basso: possibile partita a senso unico || CONTRO V23: v23: BTTS basso;3.23;6.45;8.06;2.98;8.68;3.6;7.2;2.0;7.5;5.45;2.3.0
2026-10-10;SaudiArabia_ProfessionalLeague;Al Hazem;Neom SC;51.01;BASSA;9;2026-10-10;SaudiArabia_ProfessionalLeague;SaudiArabia_ProfessionalLeague;18 clubs, double round robin, 34 rounds (306 matches).;PRO: attacco trasferta positivo | trend over recente trasferta || CONTRO: attacco casa non dominante | trend over casa non forte | profilo over interno debole | profilo over esterno debole | BTTS basso: possibile partita a senso unico;2.12;6.89;13.0;4.85;4.55;6.0;7.2;0.0;0.0;6.4;2.3.0
2026-10-10;NorthernIreland_NIFLPremiership;Limavady;Ballymena;50.97;BASSA;13;2026-10-10;NorthernIreland_NIFLPremiership;NorthernIreland_NIFLPremiership;;PRO: attacco trasferta positivo | difesa casa vulnerabile | profilo over esterno positivo || CONTRO: attacco casa non dominante | trend over casa non forte | trend over trasferta non forte | profilo over interno debole | BTTS basso: possibile partita a senso unico || CONTRO V23: v23: storico Over 2.5 non forte;1.64;5.25;8.54;5.66;5.56;5.33;5.33;4.0;6.67;6.0;2.3.0
2026-10-10;Austria_Wien;Dinamo Helfort;Post Wien;50.96;BASSA;9;2026-10-10;Austria_Wien;Austria_Wien;;PRO: attacco trasferta positivo || CONTRO: attacco casa non dominante | trend over casa non forte | trend over trasferta non forte | profilo over interno debole | profilo over esterno debole | BTTS basso: possibile partita a senso unico || CONTRO V23: v23: storico Over 2.5 non forte;1.6;5.91;11.82;4.24;6.06;4.0;6.0;3.33;5.0;6.0;2.3.0
2026-10-10;Bulgaria_VtoraLiga;Svoge;Hebar;50.96;BASSA;12;2026-10-10;Bulgaria_VtoraLiga;Bulgaria_VtoraLiga;;PRO: attacco trasferta positivo | difesa trasferta vulnerabile | trend over recente trasferta | profilo over esterno positivo || CONTRO: attacco casa non dominante | v22 monitora possibile sopravvalutazione weak_ga | trend over casa non forte | profilo over interno debole | BTTS basso: possibile partita a senso unico || CONTRO V23: v23: storico Over 2.5 non forte;0.71;3.28;13.0;3.23;7.07;2.67;8.0;2.0;8.0;6.0;2.3.0
2026-10-10;CzechRepublic_1Liga;Hradec Kralove;Artis Brno;50.91;BASSA;12;2026-10-10;CzechRepublic_1Liga;CzechRepublic_1Liga;;PRO: difesa trasferta vulnerabile | trend over recente trasferta | profilo over interno positivo || CONTRO: attacco casa non dominante | ospite poco prolifico: rischio 1-0 / 2-0 | v22 monitora possibile sopravvalutazione weak_ga | trend over casa non forte | profilo over esterno debole | BTTS basso: possibile partita a senso unico || CONTRO V23: v23: ospite poco prolifico;2.0;5.25;4.6;3.64;9.09;5.33;8.0;6.0;5.0;6.0;2.3.0
2026-10-10;USA_USLChampionship;Lexington;FC Tulsa;50.77;BASSA;40;2026-10-10;USA_USLChampionship;USA_USLChampionship;;PRO: attacco casa positivo | trend over recente casa || CONTRO: ospite poco prolifico: rischio 1-0 / 2-0 | trend over trasferta non forte | profilo over interno debole | profilo over esterno debole | BTTS basso: possibile partita a senso unico || CONTRO V23: v23: storico Over 2.5 non forte;0.26;10.72;7.0;4.44;4.21;7.2;3.6;5.71;4.62;6.0;2.3.0
2026-10-10;Bosnia_PrvaLiga_FBiH;Gradacac;Bratstvo Gracanica;50.66;BASSA;10;2026-10-10;Bosnia_PrvaLiga_FBiH;Bosnia_PrvaLiga_FBiH;double round robin inferred from league size.;PRO: difesa trasferta vulnerabile | trend over recente trasferta | profilo over esterno positivo | alta tendenza BTTS || CONTRO: attacco casa non dominante | ospite poco prolifico: rischio 1-0 / 2-0 | v22 monitora possibile sopravvalutazione weak_ga | trend over casa non forte | profilo over interno debole || CONTRO V23: v23: storico Over 2.5 non forte;0.4;5.91;8.44;3.12;7.79;1.71;8.57;3.33;6.67;7.71;2.3.0
2026-10-10;Sweden_Division1_Sodra;Hassleholms IF;Jonkoping;50.59;BASSA;28;2026-10-10;Sweden_Division1_Sodra;Sweden_Division1_Sodra;;PRO: attacco casa positivo | trend over recente casa || CONTRO: ospite poco prolifico: rischio 1-0 / 2-0 | trend over trasferta non forte | profilo over interno debole | profilo over esterno debole | BTTS basso: possibile partita a senso unico || CONTRO V23: v23: BTTS basso;2.4;11.36;6.85;4.48;4.73;7.2;2.4;5.38;4.17;5.62;2.3.0
2026-10-10;Switzerland_PromotionLeague;YF Juventus;Bellinzona;50.58;BASSA;13;2026-10-10;Switzerland_PromotionLeague;Switzerland_PromotionLeague;;PRO: difesa trasferta vulnerabile | trend over recente trasferta || CONTRO: attacco casa non dominante | ospite poco prolifico: rischio 1-0 / 2-0 | v22 monitora possibile sopravvalutazione weak_ga | trend over casa non forte | profilo over interno debole | profilo over esterno debole | BTTS basso: possibile partita a senso unico || CONTRO V23: v23: ospite poco prolifico | v23: BTTS basso;5.08;8.27;4.14;5.09;10.0;6.0;7.2;4.0;4.0;4.8;2.3.0
2026-10-10;England_SouthernLeaguePremierCentral;Banbury;Stamford;50.55;BASSA;11;2026-10-10;England_SouthernLeaguePremierCentral;England_SouthernLeaguePremierCentral;;PRO: difesa trasferta vulnerabile | difesa casa vulnerabile | trend over recente casa | trend over recente trasferta | profilo over interno positivo | profilo over esterno positivo || CONTRO: attacco casa non dominante | ospite poco prolifico: rischio 1-0 / 2-0 | v22 monitora possibile sopravvalutazione weak_ga | BTTS basso: possibile partita a senso unico || CONTRO V23: v23: ospite poco prolifico | v23: BTTS basso;0.86;5.91;0.66;6.46;10.0;8.0;8.0;8.0;6.0;4.67;2.3.0
2026-10-10;Scotland_Premiership;Falkirk;Dundee FC;50.11;BASSA;9;2026-10-10;Scotland_Premiership;Scotland_Premiership;;PRO: profilo over interno positivo | alta tendenza BTTS || CONTRO: attacco casa non dominante | ospite poco prolifico: rischio 1-0 / 2-0 | trend over casa non forte | trend over trasferta non forte | profilo over esterno debole || CONTRO V23: v23: storico Over 2.5 non forte;3.23;5.06;7.6;4.68;4.55;5.14;5.14;6.67;3.33;7.71;2.3.0
2026-10-10;SouthKorea_KLeague1;Seoul;Jeju SK;50.1;BASSA;32;2026-10-10;SouthKorea_KLeague1;SouthKorea_KLeague1;;PRO: attacco casa positivo || CONTRO: ospite poco prolifico: rischio 1-0 / 2-0 | trend over casa non forte | trend over trasferta non forte | profilo over interno debole | profilo over esterno debole | BTTS basso: possibile partita a senso unico || CONTRO V23: v23: storico Over 2.5 non forte;1.09;11.03;6.89;3.03;4.39;6.0;6.0;4.62;3.85;6.2;2.3.0
2026-10-10;Italy_SerieC_GironeB;Pineto;Reggiana;50.0;BASSA;9;2026-10-10;Italy_SerieC_GironeB;Italy_SerieC_GironeB;;PRO: attacco trasferta positivo || CONTRO: attacco casa non dominante | trend over casa non forte | trend over trasferta non forte | profilo over interno debole | profilo over esterno debole | BTTS basso: possibile partita a senso unico || CONTRO V23: v23: storico Over 2.5 non forte;3.47;4.43;8.86;5.0;3.98;6.0;4.5;5.0;5.0;6.75;2.3.0
2026-10-10;Slovenia_2SNL;Ilirija;NK Krka;49.88;BASSA;11;2026-10-10;Slovenia_2SNL;Slovenia_2SNL;;PRO: attacco casa positivo | difesa trasferta vulnerabile | trend over recente trasferta | profilo over esterno positivo || CONTRO: ospite poco prolifico: rischio 1-0 / 2-0 | v22 monitora possibile sopravvalutazione weak_ga | trend over casa non forte | profilo over interno debole | BTTS basso: possibile partita a senso unico || CONTRO V23: v23: ospite poco prolifico | v23: BTTS basso;2.0;9.85;5.91;4.04;8.08;5.33;8.0;2.0;8.0;4.67;2.3.0
2026-10-10;Albania_AbissnetSuperiore;Teuta;Skenderbeu;49.77;BASSA;6;2026-10-10;Albania_AbissnetSuperiore;Albania_AbissnetSuperiore;;PRO: attacco casa positivo | alta tendenza BTTS || CONTRO: ospite poco prolifico: rischio 1-0 / 2-0 | trend over casa non forte | trend over trasferta non forte | profilo over interno debole | profilo over esterno debole || CONTRO V23: v23: ospite poco prolifico | v23: storico Over 2.5 non forte;5.33;13.0;4.43;1.82;5.68;6.0;3.0;5.0;5.0;7.5;2.3.0
2026-10-10;Finland_Veikkausliiga;TPS Turku;Jaro;49.53;BASSA;25;2026-10-10;Finland_Veikkausliiga;Finland_Veikkausliiga;;PRO: difesa trasferta vulnerabile | trend over recente casa || CONTRO: attacco casa non dominante | ospite poco prolifico: rischio 1-0 / 2-0 | v22 monitora possibile sopravvalutazione weak_ga | trend over trasferta non forte | profilo over interno debole | profilo over esterno debole | BTTS basso: possibile partita a senso unico || CONTRO V23: v23: ospite poco prolifico | v23: storico Over 2.5 non forte;1.64;7.52;4.88;3.8;8.89;7.2;6.0;5.45;5.0;6.14;2.3.0
2026-10-10;Poland_IIILiga_Group4;Lubaczow;Wieczysta Krakow 2;49.5;BASSA;11;2026-10-10;Poland_IIILiga_Group4;Poland_IIILiga_Group4;;PRO: difesa casa vulnerabile | trend over recente casa | profilo over esterno positivo || CONTRO: attacco casa non dominante | ospite poco prolifico: rischio 1-0 / 2-0 | trend over trasferta non forte | profilo over interno debole | BTTS basso: possibile partita a senso unico || CONTRO V23: v23: ospite poco prolifico;1.41;6.5;5.32;7.27;5.0;7.2;4.8;4.0;6.0;6.0;2.3.0
2026-10-10;England_SouthernLeaguePremierSouth;Bath;Gosport;49.48;BASSA;15;2026-10-10;England_SouthernLeaguePremierSouth;England_SouthernLeaguePremierSouth;;PRO: attacco casa positivo | alta tendenza BTTS || CONTRO: ospite poco prolifico: rischio 1-0 / 2-0 | trend over casa non forte | trend over trasferta non forte | profilo over interno debole | profilo over esterno debole || CONTRO V23: v23: storico Over 2.5 non forte;2.29;8.54;7.68;3.23;5.91;5.33;4.8;4.0;2.5;8.2;2.3.0
2026-10-10;Montenegro_DrugaLiga;Grbalj;Mogren;49.45;BASSA;11;2026-10-10;Montenegro_DrugaLiga;Montenegro_DrugaLiga;;PRO: trend over recente trasferta || CONTRO: attacco casa non dominante | ospite poco prolifico: rischio 1-0 / 2-0 | trend over casa non forte | profilo over interno debole | profilo over esterno debole | BTTS basso: possibile partita a senso unico || CONTRO V23: v23: storico Over 2.5 non forte;3.33;7.22;7.09;2.83;5.91;4.0;7.2;4.0;4.0;6.87;2.3.0
2026-10-10;Bulgaria_VtoraLiga;Nesebar;CSKA Sofia 2;49.2;BASSA;12;2026-10-10;Bulgaria_VtoraLiga;Bulgaria_VtoraLiga;;PRO: attacco casa positivo | attacco trasferta positivo | profilo over interno positivo || CONTRO: trend over casa non forte | trend over trasferta non forte | profilo over esterno debole | BTTS basso: possibile partita a senso unico || CONTRO V23: v23: BTTS basso | v23: storico Over 2.5 non forte;1.06;11.82;12.47;3.64;4.04;4.0;5.33;6.0;2.5;5.33;2.3.0
2026-10-10;Bosnia_PrvaLiga_RS;Majevica;Nevesinje;48.91;BASSA;11;2026-10-10;Bosnia_PrvaLiga_RS;Bosnia_PrvaLiga_RS;;PRO: attacco casa positivo | difesa trasferta vulnerabile | profilo over interno positivo || CONTRO: ospite poco prolifico: rischio 1-0 / 2-0 | v22 monitora possibile sopravvalutazione weak_ga | trend over casa non forte | trend over trasferta non forte | profilo over esterno debole | BTTS basso: possibile partita a senso unico || CONTRO V23: v23: ospite poco prolifico | v23: BTTS basso;2.31;11.16;5.17;4.85;9.09;6.67;6.0;6.0;0.0;5.67;2.3.0
2026-10-10;Bulgaria_VtoraLiga;Dobrudzha;Chernomorets 1919;48.72;BASSA;12;2026-10-10;Bulgaria_VtoraLiga;Bulgaria_VtoraLiga;;PRO: attacco trasferta positivo | difesa casa vulnerabile | profilo over esterno positivo || CONTRO: attacco casa non dominante | trend over casa non forte | trend over trasferta non forte | profilo over interno debole | BTTS basso: possibile partita a senso unico || CONTRO V23: v23: BTTS basso | v23: storico Over 2.5 non forte;3.88;4.6;10.51;6.87;3.54;5.33;5.33;5.0;6.0;4.67;2.3.0
2026-10-10;Poland_IIILiga_Group3;Sosnowiec;Kluczbork;48.6;BASSA;12;2026-10-10;Poland_IIILiga_Group3;Poland_IIILiga_Group3;;PRO: attacco casa positivo | difesa trasferta vulnerabile | trend over recente trasferta || CONTRO: ospite poco prolifico: rischio 1-0 / 2-0 | v22 monitora possibile sopravvalutazione weak_ga | trend over casa non forte | profilo over interno debole | profilo over esterno debole | BTTS basso: possibile partita a senso unico || CONTRO V23: v23: ospite poco prolifico | v23: BTTS basso;3.23;8.86;5.91;3.27;7.73;6.0;7.2;5.0;4.0;5.4;2.3.0
2026-10-10;England_LeagueTwo;Tranmere;Rochdale;48.51;BASSA;4;2026-10-10;England_LeagueTwo;England_LeagueTwo;;PRO: attacco trasferta positivo | difesa casa vulnerabile | profilo over esterno positivo || CONTRO: attacco casa non dominante | trend over casa non forte | trend over trasferta non forte | profilo over interno debole | BTTS basso: possibile partita a senso unico || CONTRO V23: v23: storico Over 2.5 non forte;4.17;5.91;9.85;6.06;1.52;4.0;4.0;0.0;10.0;6.0;2.3.0
2026-10-10;Georgia_ErovnuliLiga;Meshakhte Tkibuli;Iberia 1999;48.33;BASSA;12;2026-10-10;Georgia_ErovnuliLiga;Georgia_ErovnuliLiga;;PRO: difesa trasferta vulnerabile || CONTRO: attacco casa non dominante | ospite poco prolifico: rischio 1-0 / 2-0 | v22 monitora possibile sopravvalutazione weak_ga | trend over casa non forte | trend over trasferta non forte | profilo over interno debole | profilo over esterno debole | BTTS basso: possibile partita a senso unico || CONTRO V23: v23: storico Over 2.5 non forte;2.67;5.17;8.12;4.55;6.82;4.5;6.0;5.0;2.5;6.0;2.3.0
2026-10-10;Russia_FNL;Leningradets;Torpedo Moscow;48.32;BASSA;15;2026-10-10;Russia_FNL;Russia_FNL;;PRO: attacco trasferta positivo | difesa casa vulnerabile || CONTRO: attacco casa non dominante | trend over casa non forte | trend over trasferta non forte | profilo over interno debole | profilo over esterno debole | BTTS basso: possibile partita a senso unico || CONTRO V23: v23: BTTS basso;2.47;4.92;10.34;6.06;3.41;6.0;6.0;4.29;3.33;5.5;2.3.0
2026-10-10;England_LeagueTwo;Fleetwood;Walsall;48.26;BASSA;4;2026-10-10;England_LeagueTwo;England_LeagueTwo;;PRO: attacco trasferta positivo | difesa casa vulnerabile | trend over recente casa | profilo over interno positivo || CONTRO: attacco casa non dominante | trend over trasferta non forte | profilo over esterno debole | BTTS basso: possibile partita a senso unico || CONTRO V23: v23: storico Over 2.5 non forte;3.91;3.94;8.86;7.27;2.27;8.0;0.0;10.0;0.0;7.0;2.3.0
2026-10-10;Spain_LaLiga;Rayo Vallecano;Ath. Bilbao;48.08;BASSA;10;2026-10-10;Spain_LaLiga;Spain_LaLiga;;PRO: attacco casa positivo | profilo over interno positivo | alta tendenza BTTS || CONTRO: ospite poco prolifico: rischio 1-0 / 2-0 | trend over casa non forte | trend over trasferta non forte | profilo over esterno debole || CONTRO V23: v23: storico Over 2.5 non forte;3.16;8.86;7.09;3.64;2.73;6.0;2.4;10.0;0.0;7.2;2.3.0
2026-10-10;Italy_SerieB;Benevento;Cesena;47.96;BASSA;6;2026-10-10;Italy_SerieB;Italy_SerieB;;PRO: alta tendenza BTTS || CONTRO: attacco casa non dominante | ospite poco prolifico: rischio 1-0 / 2-0 | trend over casa non forte | trend over trasferta non forte | profilo over interno debole | profilo over esterno debole || CONTRO V23: v23: storico Over 2.5 non forte;0.32;7.39;8.27;2.73;5.45;3.0;4.8;5.0;5.0;9.0;2.3.0
2026-10-10;Slovakia_NikeLiga;Michalovce;Dun. Streda;47.92;BASSA;10;2026-10-10;Slovakia_NikeLiga;Slovakia_NikeLiga;;PRO: attacco trasferta positivo | trend over recente trasferta | profilo over esterno positivo || CONTRO: attacco casa non dominante | trend over casa non forte | profilo over interno debole | BTTS basso: possibile partita a senso unico || CONTRO V23: v23: BTTS basso | v23: storico Over 2.5 non forte;2.73;5.91;13.0;4.44;2.84;4.0;7.5;2.0;7.5;5.0;2.3.0
2026-10-10;Hungary_NBII;Mezokovesd;Szeged;47.83;BASSA;9;2026-10-10;Hungary_NBII;Hungary_NBII;;PRO: attacco casa positivo | profilo over interno positivo || CONTRO: ospite poco prolifico: rischio 1-0 / 2-0 | trend over casa non forte | trend over trasferta non forte | profilo over esterno debole | BTTS basso: possibile partita a senso unico || CONTRO V23: v23: ospite poco prolifico | v23: storico Over 2.5 non forte;2.8;9.29;5.91;4.16;5.3;5.14;4.0;6.67;5.0;6.57;2.3.0
2026-10-10;Belgium_ChallengerProLeague;K. Lierse S.K.;Francs Borains;47.59;BASSA;7;2026-10-10;Belgium_ChallengerProLeague;Belgium_ChallengerProLeague;;PRO: attacco trasferta positivo | difesa casa vulnerabile | trend over recente trasferta || CONTRO: attacco casa non dominante | trend over casa non forte | profilo over interno debole | profilo over esterno debole | BTTS basso: possibile partita a senso unico || CONTRO V23: v23: BTTS basso;4.4;2.95;10.64;6.36;3.64;6.0;7.2;0.0;5.0;5.4;2.3.0
2026-10-10;Bulgaria_VtoraLiga;Marek;Beroe;47.25;BASSA;12;2026-10-10;Bulgaria_VtoraLiga;Bulgaria_VtoraLiga;;PRO: attacco trasferta positivo | profilo over interno positivo | profilo over esterno positivo || CONTRO: attacco casa non dominante | trend over casa non forte | trend over trasferta non forte | BTTS basso: possibile partita a senso unico || CONTRO V23: v23: BTTS basso | v23: storico Over 2.5 non forte;1.06;5.91;9.19;4.04;5.05;5.33;5.33;7.5;7.5;3.33;2.3.0
2026-10-10;Poland_IIILiga_Group4;Chelmianka Chelm;Star Starachowice;47.11;BASSA;11;2026-10-10;Poland_IIILiga_Group4;Poland_IIILiga_Group4;;PRO: attacco casa positivo | profilo over esterno positivo || CONTRO: ospite poco prolifico: rischio 1-0 / 2-0 | trend over casa non forte | trend over trasferta non forte | profilo over interno debole | BTTS basso: possibile partita a senso unico || CONTRO V23: v23: BTTS basso | v23: storico Over 2.5 non forte;4.24;10.05;6.5;1.82;5.91;4.8;6.0;4.0;6.0;4.8;2.3.0
2026-10-10;CzechRepublic_ChNL;Ceska Lipa;Zizkov;47.1;BASSA;10;2026-10-10;CzechRepublic_ChNL;CzechRepublic_ChNL;;PRO: difesa trasferta vulnerabile | difesa casa vulnerabile | profilo over esterno positivo || CONTRO: attacco casa non dominante | ospite poco prolifico: rischio 1-0 / 2-0 | v22 monitora possibile sopravvalutazione weak_ga | trend over casa non forte | trend over trasferta non forte | profilo over interno debole | BTTS basso: possibile partita a senso unico || CONTRO V23: v23: ospite poco prolifico | v23: BTTS basso;0.4;6.57;5.25;6.46;8.08;5.33;6.67;5.0;6.0;5.33;2.3.0
2026-10-10;SouthKorea_KLeague2;Paju Frontier;Busan;46.9;BASSA;28;2026-10-10;SouthKorea_KLeague2;SouthKorea_KLeague2;;PRO: attacco trasferta positivo | profilo over esterno positivo || CONTRO: attacco casa non dominante | trend over casa non forte | trend over trasferta non forte | profilo over interno debole | BTTS basso: possibile partita a senso unico || CONTRO V23: v23: storico Over 2.5 non forte;1.88;5.67;9.32;4.07;5.94;3.6;3.6;3.33;6.15;6.33;2.3.0
2026-10-10;Spain_LaLiga;Barcellona;Getafe;46.86;BASSA;10;2026-10-10;Spain_LaLiga;Spain_LaLiga;;PRO: attacco casa positivo | trend over recente casa | profilo over interno positivo || CONTRO: ospite poco prolifico: rischio 1-0 / 2-0 | trend over trasferta non forte | profilo over esterno debole | BTTS basso: possibile partita a senso unico || CONTRO V23: v23: ospite poco prolifico | v23: BTTS basso;3.16;13.0;3.38;3.64;4.55;10.29;1.71;6.67;3.33;5.14;2.3.0
2026-10-10;Portugal_LigaPortugal2;Leixoes;FC Porto B;46.83;BASSA;8;2026-10-10;Portugal_LigaPortugal2;Portugal_LigaPortugal2;;PRO: difesa trasferta vulnerabile | trend over recente trasferta | profilo over interno positivo || CONTRO: attacco casa non dominante | ospite poco prolifico: rischio 1-0 / 2-0 | v22 monitora possibile sopravvalutazione weak_ga | trend over casa non forte | profilo over esterno debole | BTTS basso: possibile partita a senso unico || CONTRO V23: v23: ospite poco prolifico | v23: BTTS basso;3.53;7.88;3.94;3.64;9.85;4.0;8.0;6.67;3.33;4.0;2.3.0
2026-10-10;Germany_3Liga;Grossaspach;Mannheim;46.74;BASSA;9;2026-10-10;Germany_3Liga;Germany_3Liga;;PRO: attacco trasferta positivo | profilo over esterno positivo || CONTRO: attacco casa non dominante | trend over casa non forte | trend over trasferta non forte | profilo over interno debole | BTTS basso: possibile partita a senso unico || CONTRO V23: v23: storico Over 2.5 non forte;1.26;5.06;9.29;4.68;6.49;3.43;6.86;0.0;6.67;6.0;2.3.0
2026-10-10;Lithuania_ILyga;Babrungas;Jonava;46.74;BASSA;28;2026-10-10;Lithuania_ILyga;Lithuania_ILyga;;PRO: attacco casa positivo | profilo over esterno positivo || CONTRO: ospite poco prolifico: rischio 1-0 / 2-0 | trend over casa non forte | trend over trasferta non forte | profilo over interno debole | BTTS basso: possibile partita a senso unico || CONTRO V23: v23: BTTS basso | v23: storico Over 2.5 non forte;3.2;10.16;6.62;1.6;6.0;4.8;6.0;4.17;6.15;5.04;2.3.0
2026-10-10;France_Ligue1;Lilla;Le Havre;46.64;BASSA;6;2026-10-10;France_Ligue1;France_Ligue1;;PRO: attacco casa positivo || CONTRO: ospite poco prolifico: rischio 1-0 / 2-0 | trend over casa non forte | trend over trasferta non forte | profilo over interno debole | profilo over esterno debole | BTTS basso: possibile partita a senso unico || CONTRO V23: v23: ospite poco prolifico | v23: storico Over 2.5 non forte;4.59;9.45;4.73;2.91;6.36;4.8;4.8;5.0;5.0;6.0;2.3.0
2026-10-10;England_PremierLeague;Arsenal;Leeds;46.56;BASSA;6;2026-10-10;England_PremierLeague;England_PremierLeague;;PRO: attacco trasferta positivo | profilo over interno positivo || CONTRO: attacco casa non dominante | trend over casa non forte | trend over trasferta non forte | profilo over esterno debole | BTTS basso: possibile partita a senso unico || CONTRO V23: v23: storico Over 2.5 non forte;1.26;7.39;8.86;3.64;3.41;6.0;3.0;10.0;0.0;6.0;2.3.0
2026-10-10;Serbia_SuperLiga;IMT Novi Beograd;Radnik;46.23;BASSA;13;2026-10-10;Serbia_SuperLiga;Serbia_SuperLiga;;PRO: difesa trasferta vulnerabile || CONTRO: attacco casa non dominante | ospite poco prolifico: rischio 1-0 / 2-0 | v22 monitora possibile sopravvalutazione weak_ga | trend over casa non forte | trend over trasferta non forte | profilo over interno debole | profilo over esterno debole | BTTS basso: possibile partita a senso unico || CONTRO V23: v23: storico Over 2.5 non forte;0.8;7.09;8.27;2.55;6.82;3.6;6.0;2.5;5.0;6.6;2.3.0
2026-10-10;Germany_Oberliga_Hessen;Hadamar;VfB Marburg;46.05;BASSA;14;2026-10-10;Germany_Oberliga_Hessen;Germany_Oberliga_Hessen;;PRO: profilo over interno positivo || CONTRO: attacco casa non dominante | ospite poco prolifico: rischio 1-0 / 2-0 | trend over casa non forte | trend over trasferta non forte | profilo over esterno debole | BTTS basso: possibile partita a senso unico || CONTRO V23: v23: BTTS basso | v23: storico Over 2.5 non forte;0.35;8.37;8.37;4.85;5.3;6.0;4.8;6.67;3.33;5.0;2.3.0
2026-10-10;England_LeagueTwo;Crawley;Chesterfield;46.03;BASSA;4;2026-10-10;England_LeagueTwo;England_LeagueTwo;;PRO: attacco trasferta positivo | difesa casa vulnerabile | trend over recente trasferta | profilo over esterno positivo || CONTRO: attacco casa non dominante | trend over casa non forte | profilo over interno debole | BTTS basso: possibile partita a senso unico || CONTRO V23: v23: BTTS basso | v23: storico Over 2.5 non forte;4.7;0.0;13.0;7.27;6.06;0.0;8.0;0.0;10.0;4.0;2.3.0
2026-10-10;CzechRepublic_3MSFL;Hodonin;FK Frydek-Mistek;45.83;BASSA;12;2026-10-10;CzechRepublic_3MSFL;CzechRepublic_3MSFL;;PRO: attacco trasferta positivo | profilo over esterno positivo || CONTRO: attacco casa non dominante | trend over casa non forte | trend over trasferta non forte | profilo over interno debole | BTTS basso: possibile partita a senso unico || CONTRO V23: v23: BTTS basso | v23: storico Over 2.5 non forte;3.69;7.52;10.21;4.3;4.13;2.4;6.0;1.67;8.0;4.91;2.3.0
2026-10-10;Belarus_VysshayaLiga;FC Minsk;Zhodino;45.66;BASSA;27;2026-10-10;Belarus_VysshayaLiga;Belarus_VysshayaLiga;;PRO: trend over recente casa || CONTRO: attacco casa non dominante | ospite poco prolifico: rischio 1-0 / 2-0 | trend over trasferta non forte | profilo over interno debole | profilo over esterno debole | BTTS basso: possibile partita a senso unico || CONTRO V23: v23: BTTS basso | v23: storico Over 2.5 non forte;0.4;7.71;7.52;4.43;5.99;7.2;6.0;3.64;5.0;4.78;2.3.0
2026-10-10;Slovenia_PrvaLiga;Celje;Aluminij;45.63;BASSA;12;2026-10-10;Slovenia_PrvaLiga;Slovenia_PrvaLiga;;PRO: profilo over esterno positivo || CONTRO: attacco casa non dominante | ospite poco prolifico: rischio 1-0 / 2-0 | trend over casa non forte | trend over trasferta non forte | profilo over interno debole | BTTS basso: possibile partita a senso unico || CONTRO V23: v23: BTTS basso | v23: storico Over 2.5 non forte;2.0;8.27;7.88;4.0;5.68;6.0;4.8;2.5;6.0;5.5;2.3.0
2026-10-10;England_Championship;Sheffield Utd;Lincoln;45.55;BASSA;10;2026-10-10;England_Championship;England_Championship;;PRO: difesa casa vulnerabile | trend over recente casa || CONTRO: attacco casa non dominante | ospite poco prolifico: rischio 1-0 / 2-0 | trend over trasferta non forte | profilo over interno debole | profilo over esterno debole | BTTS basso: possibile partita a senso unico || CONTRO V23: v23: ospite poco prolifico;1.57;7.6;5.06;5.71;3.25;8.57;3.43;5.0;2.5;6.86;2.3.0
2026-10-10;Belgium_JupilerProLeague;Cercle Brugge;Anderlecht;45.35;BASSA;11;2026-10-10;Belgium_JupilerProLeague;Belgium_JupilerProLeague;;PRO: difesa casa vulnerabile | profilo over interno positivo || CONTRO: attacco casa non dominante | ospite poco prolifico: rischio 1-0 / 2-0 | trend over casa non forte | trend over trasferta non forte | profilo over esterno debole | BTTS basso: possibile partita a senso unico || CONTRO V23: v23: ospite poco prolifico | v23: BTTS basso;3.88;6.75;5.91;7.27;3.25;6.86;5.14;6.67;3.33;4.29;2.3.0
2026-10-10;Poland_IIILiga_Group3;Bytom Odrzanski;Zaglebie 2;45.13;BASSA;12;2026-10-10;Poland_IIILiga_Group3;Poland_IIILiga_Group3;;PRO: attacco trasferta positivo | trend over recente trasferta | profilo over esterno positivo || CONTRO: attacco casa non dominante | trend over casa non forte | profilo over interno debole | BTTS basso: possibile partita a senso unico || CONTRO V23: v23: BTTS basso | v23: storico Over 2.5 non forte;0.46;6.45;12.36;1.65;5.37;1.2;8.4;3.33;8.0;4.91;2.3.0
2026-10-10;NorthernIreland_NIFLPremiership;Dungannon;C. Rangers;45.11;BASSA;13;2026-10-10;NorthernIreland_NIFLPremiership;NorthernIreland_NIFLPremiership;;PRO: attacco trasferta positivo | difesa trasferta vulnerabile | trend over recente trasferta | profilo over esterno positivo || CONTRO: attacco casa non dominante | v22 monitora possibile sopravvalutazione weak_ga | trend over casa non forte | profilo over interno debole | BTTS basso: possibile partita a senso unico || CONTRO V23: v23: BTTS basso | v23: storico Over 2.5 non forte;1.64;5.17;9.45;4.55;7.27;3.0;7.2;3.33;6.0;4.5;2.3.0
2026-10-10;Turkey_SuperLig;Rizespor;Fenerbahce;45.01;BASSA;7;2026-10-10;Turkey_SuperLig;Turkey_SuperLig;;PRO: attacco trasferta positivo | trend over recente trasferta || CONTRO: attacco casa non dominante | trend over casa non forte | profilo over interno debole | profilo over esterno debole | BTTS basso: possibile partita a senso unico || CONTRO V23: v23: BTTS basso;1.06;8.27;13.0;2.91;3.64;4.8;7.2;0.0;3.33;4.8;2.3.0
2026-10-10;Hungary_NBII;Tiszakecske;Ajka;45.0;BASSA;9;2026-10-10;Hungary_NBII;Hungary_NBII;;PRO: attacco casa positivo || CONTRO: ospite poco prolifico: rischio 1-0 / 2-0 | trend over casa non forte | trend over trasferta non forte | profilo over interno debole | profilo over esterno debole | BTTS basso: possibile partita a senso unico || CONTRO V23: v23: storico Over 2.5 non forte;0.4;12.56;7.6;4.55;3.9;6.0;3.43;2.5;0.0;7.07;2.3.0
2026-10-10;Bulgaria_ParvaLiga;Botev Vratsa;Spartak Varna;44.75;BASSA;12;2026-10-10;Bulgaria_ParvaLiga;Bulgaria_ParvaLiga;;PRO: difesa trasferta vulnerabile | difesa casa vulnerabile | trend over recente casa | profilo over esterno positivo || CONTRO: attacco casa non dominante | ospite poco prolifico: rischio 1-0 / 2-0 | v22 monitora possibile sopravvalutazione weak_ga | trend over trasferta non forte | profilo over interno debole | BTTS basso: possibile partita a senso unico || CONTRO V23: v23: ospite poco prolifico | v23: BTTS basso;0.4;5.32;5.91;6.91;6.82;7.2;4.8;2.5;7.5;5.4;2.3.0
2026-10-10;Italy_SerieB;Südtirol;Ascoli;44.67;BASSA;6;2026-10-10;Italy_SerieB;Italy_SerieB;;PRO: attacco casa positivo | alta tendenza BTTS || CONTRO: ospite poco prolifico: rischio 1-0 / 2-0 | trend over casa non forte | trend over trasferta non forte | profilo over interno debole | profilo over esterno debole || CONTRO V23: v23: storico Over 2.5 non forte;0.32;11.82;8.27;2.73;3.64;3.0;4.8;0.0;5.0;8.1;2.3.0
2026-10-10;Portugal_LigaPortugal;Casa Pia;Santa Clara;44.58;BASSA;10;2026-10-10;Portugal_LigaPortugal;Portugal_LigaPortugal;;PRO: attacco trasferta positivo | difesa casa vulnerabile | profilo over interno positivo || CONTRO: attacco casa non dominante | trend over casa non forte | trend over trasferta non forte | profilo over esterno debole | BTTS basso: possibile partita a senso unico || CONTRO V23: v23: BTTS basso | v23: storico Over 2.5 non forte;4.59;2.53;9.29;8.0;2.6;5.14;5.14;6.67;3.33;4.29;2.3.0
2026-10-10;CzechRepublic_1Liga;Bohemians;Ostrava;44.23;BASSA;12;2026-10-10;CzechRepublic_1Liga;CzechRepublic_1Liga;;PRO: difesa trasferta vulnerabile | trend over recente trasferta | profilo over esterno positivo || CONTRO: attacco casa non dominante | ospite poco prolifico: rischio 1-0 / 2-0 | v22 monitora possibile sopravvalutazione weak_ga | trend over casa non forte | profilo over interno debole | BTTS basso: possibile partita a senso unico || CONTRO V23: v23: ospite poco prolifico | v23: BTTS basso;0.4;6.65;4.6;5.0;8.59;6.0;8.0;0.0;8.0;5.0;2.3.0
2026-10-10;Mexico_LigaMX_Apertura;Puebla;Leon;44.05;BASSA;12;2026-10-10;Mexico_LigaMX_Apertura;Mexico_LigaMX_Apertura;;PRO: nessun indicatore over forte || CONTRO: attacco casa non dominante | ospite poco prolifico: rischio 1-0 / 2-0 | trend over casa non forte | trend over trasferta non forte | profilo over interno debole | profilo over esterno debole | BTTS basso: possibile partita a senso unico || CONTRO V23: v23: storico Over 2.5 non forte;1.41;6.5;8.27;4.36;5.0;3.6;4.8;2.5;4.0;6.6;2.3.0
2026-10-10;Serbia_SuperLiga;Cukaricki;Macva;43.31;BASSA;13;2026-10-10;Serbia_SuperLiga;Serbia_SuperLiga;;PRO: difesa trasferta vulnerabile | difesa casa vulnerabile | trend over recente casa || CONTRO: attacco casa non dominante | ospite poco prolifico: rischio 1-0 / 2-0 | v22 monitora possibile sopravvalutazione weak_ga | trend over trasferta non forte | profilo over interno debole | profilo over esterno debole | BTTS basso: possibile partita a senso unico || CONTRO V23: v23: ospite poco prolifico | v23: BTTS basso;1.6;7.09;3.55;6.55;7.73;7.2;4.8;4.0;4.0;4.8;2.3.0
2026-10-10;Italy_SerieC_GironeC;Crotone;Audace Cerignola;43.2;BASSA;9;2026-10-10;Italy_SerieC_GironeC;Italy_SerieC_GironeC;;PRO: difesa casa vulnerabile || CONTRO: attacco casa non dominante | ospite poco prolifico: rischio 1-0 / 2-0 | trend over casa non forte | trend over trasferta non forte | profilo over interno debole | profilo over esterno debole | BTTS basso: possibile partita a senso unico || CONTRO V23: v23: BTTS basso | v23: storico Over 2.5 non forte;1.58;5.91;6.75;5.45;3.9;6.0;5.14;5.0;5.0;5.46;2.3.0
2026-10-10;Poland_IIILiga_Group3;Carina Gubin;Goczalkowice Zdroj;43.18;BASSA;12;2026-10-10;Poland_IIILiga_Group3;Poland_IIILiga_Group3;;PRO: difesa trasferta vulnerabile | difesa casa vulnerabile | trend over recente casa || CONTRO: attacco casa non dominante | ospite poco prolifico: rischio 1-0 / 2-0 | v22 monitora possibile sopravvalutazione weak_ga | trend over trasferta non forte | profilo over interno debole | profilo over esterno debole | BTTS basso: possibile partita a senso unico || CONTRO V23: v23: ospite poco prolifico | v23: BTTS basso;1.85;4.3;5.91;7.27;6.61;7.2;4.8;5.0;3.33;4.91;2.3.0
2026-10-10;England_LeagueOne;Bradford City;Leyton Orient;42.88;BASSA;10;2026-10-10;England_LeagueOne;England_LeagueOne;;PRO: attacco trasferta positivo | difesa trasferta vulnerabile || CONTRO: attacco casa non dominante | v22 monitora possibile sopravvalutazione weak_ga | trend over casa non forte | trend over trasferta non forte | profilo over interno debole | profilo over esterno debole | BTTS basso: possibile partita a senso unico || CONTRO V23: v23: BTTS basso | v23: storico Over 2.5 non forte;3.65;5.91;9.29;2.27;7.14;1.5;6.86;3.33;5.0;4.93;2.3.0
2026-10-10;Ukraine_PremierLeague;Ch. Odesa;FC Kharkiv;42.7;BASSA;9;2026-10-10;Ukraine_PremierLeague;Ukraine_PremierLeague;;PRO: attacco trasferta positivo | profilo over esterno positivo || CONTRO: attacco casa non dominante | trend over casa non forte | trend over trasferta non forte | profilo over interno debole | BTTS basso: possibile partita a senso unico || CONTRO V23: v23: BTTS basso | v23: storico Over 2.5 non forte;4.15;2.95;11.82;4.24;3.03;2.0;6.0;2.5;10.0;3.0;2.3.0
2026-10-10;Bosnia_PrvaLiga_FBiH;Hadzici;Stupcanica;42.57;BASSA;10;2026-10-10;Bosnia_PrvaLiga_FBiH;Bosnia_PrvaLiga_FBiH;double round robin inferred from league size.;PRO: attacco trasferta positivo | trend over recente trasferta || CONTRO: attacco casa non dominante | trend over casa non forte | profilo over interno debole | profilo over esterno debole | BTTS basso: possibile partita a senso unico || CONTRO V23: v23: BTTS basso | v23: storico Over 2.5 non forte;5.6;2.53;13.0;4.68;3.98;3.43;7.5;0.0;5.0;3.86;2.3.0
2026-10-10;Belarus_VysshayaLiga;Naftan;Belshina;42.48;BASSA;27;2026-10-10;Belarus_VysshayaLiga;Belarus_VysshayaLiga;;PRO: difesa trasferta vulnerabile | difesa casa vulnerabile | trend over recente casa || CONTRO: attacco casa non dominante | ospite poco prolifico: rischio 1-0 / 2-0 | v22 monitora possibile sopravvalutazione weak_ga | trend over trasferta non forte | profilo over interno debole | profilo over esterno debole | BTTS basso: possibile partita a senso unico || CONTRO V23: v23: ospite poco prolifico | v23: BTTS basso | v23: storico Over 2.5 non forte;1.2;5.14;5.91;8.0;7.44;8.4;3.6;3.64;4.55;5.61;2.3.0
2026-10-10;England_PremierLeague;Manchester Utd;Tottenham;42.07;BASSA;6;2026-10-10;England_PremierLeague;England_PremierLeague;;PRO: attacco casa positivo | difesa casa vulnerabile || CONTRO: ospite poco prolifico: rischio 1-0 / 2-0 | trend over casa non forte | trend over trasferta non forte | profilo over interno debole | profilo over esterno debole | BTTS basso: possibile partita a senso unico || CONTRO V23: v23: ospite poco prolifico | v23: storico Over 2.5 non forte;3.16;11.82;2.95;5.45;5.68;6.0;3.0;5.0;0.0;6.0;2.3.0
2026-10-10;Slovenia_PrvaLiga;Radomlje;Koper;41.3;BASSA;12;2026-10-10;Slovenia_PrvaLiga;Slovenia_PrvaLiga;;PRO: difesa casa vulnerabile | trend over recente casa | profilo over interno positivo || CONTRO: attacco casa non dominante | ospite poco prolifico: rischio 1-0 / 2-0 | trend over trasferta non forte | profilo over esterno debole | BTTS basso: possibile partita a senso unico || CONTRO V23: v23: ospite poco prolifico | v23: BTTS basso | v23: storico Over 2.5 non forte;6.0;5.91;6.45;7.27;3.31;9.33;2.4;6.0;0.0;5.64;2.3.0
2026-10-10;Turkey_SuperLig;Alanyaspor;Erzurumspor;41.27;BASSA;7;2026-10-10;Turkey_SuperLig;Turkey_SuperLig;;PRO: profilo over esterno positivo || CONTRO: attacco casa non dominante | ospite poco prolifico: rischio 1-0 / 2-0 | trend over casa non forte | trend over trasferta non forte | profilo over interno debole | BTTS basso: possibile partita a senso unico || CONTRO V23: v23: ospite poco prolifico | v23: BTTS basso | v23: storico Over 2.5 non forte;3.18;7.88;3.55;3.64;6.36;6.0;4.8;5.0;6.67;5.2;2.3.0
2026-10-10;Russia_FNL;Ural;Veles Moscow;41.21;BASSA;15;2026-10-10;Russia_FNL;Russia_FNL;;PRO: attacco casa positivo || CONTRO: ospite poco prolifico: rischio 1-0 / 2-0 | trend over casa non forte | trend over trasferta non forte | profilo over interno debole | profilo over esterno debole | BTTS basso: possibile partita a senso unico || CONTRO V23: v23: BTTS basso | v23: storico Over 2.5 non forte;1.06;9.85;7.73;1.82;5.59;4.8;6.0;4.0;1.67;5.69;2.3.0
2026-10-10;Austria_Vorarlberg;Schlins;Andelsbuch;41.14;BASSA;9;2026-10-10;Austria_Vorarlberg;Austria_Vorarlberg;fourth tier;PRO: difesa casa vulnerabile | alta tendenza BTTS || CONTRO: attacco casa non dominante | ospite poco prolifico: rischio 1-0 / 2-0 | trend over casa non forte | trend over trasferta non forte | profilo over interno debole | profilo over esterno debole || CONTRO V23: v23: ospite poco prolifico | v23: storico Over 2.5 non forte;1.85;6.89;5.91;5.45;6.49;4.0;3.43;3.33;2.5;8.29;2.3.0
2026-10-10;Poland_Division1;Chrobry Glogow;Grodzisk M.;41.0;BASSA;10;2026-10-10;Poland_Division1;Poland_Division1;;PRO: attacco trasferta positivo | profilo over esterno positivo || CONTRO: attacco casa non dominante | trend over casa non forte | trend over trasferta non forte | profilo over interno debole | BTTS basso: possibile partita a senso unico || CONTRO V23: v23: BTTS basso | v23: storico Over 2.5 non forte;2.82;7.22;9.85;3.23;4.04;2.67;5.33;0.0;7.5;5.33;2.3.0
2026-10-10;Turkey_1Lig;Istanbulspor;Erokspor;40.54;BASSA;9;2026-10-10;Turkey_1Lig;Turkey_1Lig;;PRO: difesa casa vulnerabile | trend over recente casa | profilo over interno positivo || CONTRO: attacco casa non dominante | ospite poco prolifico: rischio 1-0 / 2-0 | trend over trasferta non forte | profilo over esterno debole | BTTS basso: possibile partita a senso unico || CONTRO V23: v23: ospite poco prolifico | v23: BTTS basso;0.32;5.17;2.95;8.0;5.68;9.0;3.0;6.67;2.5;5.25;2.3.0
2026-10-10;Romania_Liga2;CSM Resita;CSM Slatina;40.52;BASSA;10;2026-10-10;Romania_Liga2;Romania_Liga2;;PRO: attacco casa positivo | attacco trasferta positivo || CONTRO: trend over casa non forte | trend over trasferta non forte | profilo over interno debole | profilo over esterno debole | BTTS basso: possibile partita a senso unico || CONTRO V23: v23: BTTS basso | v23: storico Over 2.5 non forte;0.57;9.29;12.66;3.64;2.6;5.14;5.14;3.33;0.0;5.14;2.3.0
2026-10-10;Italy_SerieC_GironeB;Ostiamare;Pianese;39.97;BASSA;9;2026-10-10;Italy_SerieC_GironeB;Italy_SerieC_GironeB;;PRO: nessun indicatore over forte || CONTRO: attacco casa non dominante | ospite poco prolifico: rischio 1-0 / 2-0 | trend over casa non forte | trend over trasferta non forte | profilo over interno debole | profilo over esterno debole | BTTS basso: possibile partita a senso unico || CONTRO V23: v23: ospite poco prolifico | v23: storico Over 2.5 non forte;1.58;6.65;4.43;4.55;5.68;4.5;4.5;3.33;5.0;6.75;2.3.0
2026-10-10;England_LeagueOne;Plymouth;Wimbledon;39.84;BASSA;10;2026-10-10;England_LeagueOne;England_LeagueOne;;PRO: attacco casa positivo || CONTRO: ospite poco prolifico: rischio 1-0 / 2-0 | trend over casa non forte | trend over trasferta non forte | profilo over interno debole | profilo over esterno debole | BTTS basso: possibile partita a senso unico || CONTRO V23: v23: ospite poco prolifico | v23: BTTS basso | v23: storico Over 2.5 non forte;1.57;11.08;5.06;4.55;5.19;6.0;3.43;5.0;5.0;3.96;2.3.0
2026-10-10;Russia_PremierLeague;F. Voronezh;Lok. Mosca;39.8;BASSA;10;2026-10-10;Russia_PremierLeague;Russia_PremierLeague;;PRO: difesa casa vulnerabile | profilo over esterno positivo || CONTRO: attacco casa non dominante | ospite poco prolifico: rischio 1-0 / 2-0 | trend over casa non forte | trend over trasferta non forte | profilo over interno debole | BTTS basso: possibile partita a senso unico || CONTRO V23: v23: ospite poco prolifico | v23: storico Over 2.5 non forte;0.8;3.94;5.25;5.25;5.56;5.33;4.0;4.0;6.0;6.67;2.3.0
2026-10-10;Portugal_LigaPortugal;Academico Viseu;Estoril;39.61;BASSA;10;2026-10-10;Portugal_LigaPortugal;Portugal_LigaPortugal;;PRO: profilo over interno positivo || CONTRO: attacco casa non dominante | ospite poco prolifico: rischio 1-0 / 2-0 | trend over casa non forte | trend over trasferta non forte | profilo over esterno debole | BTTS basso: possibile partita a senso unico || CONTRO V23: v23: ospite poco prolifico | v23: BTTS basso | v23: storico Over 2.5 non forte;3.88;7.6;2.53;4.68;6.49;6.86;3.43;6.67;3.33;5.14;2.3.0
2026-10-10;England_PremierLeague;Ipswich;Fulham;39.6;BASSA;6;2026-10-10;England_PremierLeague;England_PremierLeague;;PRO: difesa trasferta vulnerabile | difesa casa vulnerabile || CONTRO: attacco casa non dominante | ospite poco prolifico: rischio 1-0 / 2-0 | v22 monitora possibile sopravvalutazione weak_ga | trend over casa non forte | trend over trasferta non forte | profilo over interno debole | profilo over esterno debole | BTTS basso: possibile partita a senso unico || CONTRO V23: v23: ospite poco prolifico | v23: storico Over 2.5 non forte;0.63;7.39;5.91;8.0;7.27;6.0;4.8;0.0;0.0;6.6;2.3.0
2026-10-10;France_Ligue2;Clermont;Red Star;39.29;BASSA;8;2026-10-10;France_Ligue2;France_Ligue2;;PRO: nessun indicatore over forte || CONTRO: attacco casa non dominante | ospite poco prolifico: rischio 1-0 / 2-0 | trend over casa non forte | trend over trasferta non forte | profilo over interno debole | profilo over esterno debole | BTTS basso: possibile partita a senso unico || CONTRO V23: v23: storico Over 2.5 non forte;4.94;3.38;7.6;3.12;4.55;1.71;5.14;0.0;5.0;6.86;2.3.0
2026-10-10;Spain_LaLiga2;Ceuta;Sabadell;39.11;BASSA;9;2026-10-10;Spain_LaLiga2;Spain_LaLiga2;;PRO: difesa casa vulnerabile || CONTRO: attacco casa non dominante | ospite poco prolifico: rischio 1-0 / 2-0 | trend over casa non forte | trend over trasferta non forte | profilo over interno debole | profilo over esterno debole | BTTS basso: possibile partita a senso unico || CONTRO V23: v23: ospite poco prolifico | v23: storico Over 2.5 non forte;4.0;5.06;5.91;8.0;3.41;6.86;3.0;3.33;0.0;6.54;2.3.0
2026-10-10;Bulgaria_ParvaLiga;Botev Plovdiv;Slavia Sofia;39.0;BASSA;12;2026-10-10;Bulgaria_ParvaLiga;Bulgaria_ParvaLiga;;PRO: attacco casa positivo || CONTRO: ospite poco prolifico: rischio 1-0 / 2-0 | trend over casa non forte | trend over trasferta non forte | profilo over interno debole | profilo over esterno debole | BTTS basso: possibile partita a senso unico || CONTRO V23: v23: ospite poco prolifico | v23: storico Over 2.5 non forte;0.4;9.45;5.32;5.09;3.64;6.0;3.6;4.0;2.5;6.0;2.3.0
2026-10-10;CzechRepublic_1Liga;Brno;Jablonec;38.96;BASSA;12;2026-10-10;CzechRepublic_1Liga;CzechRepublic_1Liga;;PRO: profilo over interno positivo || CONTRO: attacco casa non dominante | ospite poco prolifico: rischio 1-0 / 2-0 | trend over casa non forte | trend over trasferta non forte | profilo over esterno debole | BTTS basso: possibile partita a senso unico || CONTRO V23: v23: BTTS basso | v23: storico Over 2.5 non forte;0.8;7.88;7.22;4.85;4.55;5.33;4.0;6.0;0.0;5.33;2.3.0
2026-10-10;Slovenia_PrvaLiga;O. Ljubljana;Mura;38.94;BASSA;12;2026-10-10;Slovenia_PrvaLiga;Slovenia_PrvaLiga;;PRO: difesa trasferta vulnerabile | profilo over esterno positivo || CONTRO: attacco casa non dominante | ospite poco prolifico: rischio 1-0 / 2-0 | v22 monitora possibile sopravvalutazione weak_ga | trend over casa non forte | trend over trasferta non forte | profilo over interno debole | BTTS basso: possibile partita a senso unico || CONTRO V23: v23: ospite poco prolifico | v23: BTTS basso | v23: storico Over 2.5 non forte;2.67;5.91;5.91;2.91;9.55;3.6;6.0;2.0;6.0;5.4;2.3.0
2026-10-10;England_SouthernLeaguePremierCentral;Kettering;Halesowen;38.45;BASSA;11;2026-10-10;England_SouthernLeaguePremierCentral;England_SouthernLeaguePremierCentral;;PRO: attacco casa positivo || CONTRO: ospite poco prolifico: rischio 1-0 / 2-0 | trend over casa non forte | trend over trasferta non forte | profilo over interno debole | profilo over esterno debole | BTTS basso: possibile partita a senso unico || CONTRO V23: v23: BTTS basso | v23: storico Over 2.5 non forte;1.43;10.51;6.75;2.42;5.19;4.0;3.43;4.0;3.33;4.38;2.3.0
2026-10-10;Sweden_Allsvenskan;Mjallby;Degerfors;38.42;BASSA;30;2026-10-10;Sweden_Allsvenskan;Sweden_Allsvenskan;;PRO: difesa trasferta vulnerabile | difesa casa vulnerabile || CONTRO: attacco casa non dominante | ospite poco prolifico: rischio 1-0 / 2-0 | v22 monitora possibile sopravvalutazione weak_ga | trend over casa non forte | trend over trasferta non forte | profilo over interno debole | profilo over esterno debole | BTTS basso: possibile partita a senso unico || CONTRO V23: v23: ospite poco prolifico | v23: BTTS basso | v23: storico Over 2.5 non forte;0.8;7.25;5.1;6.28;7.02;6.0;3.6;4.55;3.64;5.18;2.3.0
2026-10-10;England_LeagueTwo;Port Vale;Grimsby;38.04;BASSA;4;2026-10-10;England_LeagueTwo;England_LeagueTwo;;PRO: difesa casa vulnerabile | trend over recente trasferta | profilo over esterno positivo || CONTRO: attacco casa non dominante | ospite poco prolifico: rischio 1-0 / 2-0 | trend over casa non forte | profilo over interno debole | BTTS basso: possibile partita a senso unico || CONTRO V23: v23: BTTS basso | v23: storico Over 2.5 non forte;1.83;0.0;7.88;7.27;6.06;0.0;8.0;0.0;10.0;4.0;2.3.0
2026-10-10;Latvia_Virsliga;Super Nova;Grobina;38.0;BASSA;34;2026-10-10;Latvia_Virsliga;Latvia_Virsliga;;PRO: difesa trasferta vulnerabile || CONTRO: attacco casa non dominante | ospite poco prolifico: rischio 1-0 / 2-0 | v22 monitora possibile sopravvalutazione weak_ga | trend over casa non forte | trend over trasferta non forte | profilo over interno debole | profilo over esterno debole | BTTS basso: possibile partita a senso unico || CONTRO V23: v23: ospite poco prolifico | v23: BTTS basso | v23: storico Over 2.5 non forte;2.0;5.68;4.32;5.17;8.22;3.6;6.0;5.38;2.86;5.77;2.3.0
2026-10-10;Belgium_ChallengerProLeague;Virton;Hasselt;37.67;BASSA;7;2026-10-10;Belgium_ChallengerProLeague;Belgium_ChallengerProLeague;;PRO: attacco casa positivo | profilo over interno positivo | profilo over esterno positivo || CONTRO: ospite poco prolifico: rischio 1-0 / 2-0 | trend over casa non forte | trend over trasferta non forte | BTTS basso: possibile partita a senso unico || CONTRO V23: v23: ospite poco prolifico | v23: BTTS basso | v23: storico Over 2.5 non forte;0.4;10.34;4.73;1.82;4.55;6.0;4.8;6.67;6.67;2.7;2.3.0
2026-10-10;Japan_J1League;C-Osaka;Yokohama M.;37.67;BASSA;8;2026-10-10;Japan_J1League;Japan_J1League;;PRO: attacco trasferta positivo | difesa casa vulnerabile || CONTRO: attacco casa non dominante | trend over casa non forte | trend over trasferta non forte | profilo over interno debole | profilo over esterno debole | BTTS basso: possibile partita a senso unico || CONTRO V23: v23: BTTS basso | v23: storico Over 2.5 non forte;1.58;5.17;9.6;5.45;5.11;4.5;3.0;2.5;2.5;5.25;2.3.0
2026-10-10;Scotland_Premiership;Rangers;Kilmarnock;37.63;BASSA;9;2026-10-10;Scotland_Premiership;Scotland_Premiership;;PRO: difesa trasferta vulnerabile || CONTRO: attacco casa non dominante | ospite poco prolifico: rischio 1-0 / 2-0 | v22 monitora possibile sopravvalutazione weak_ga | trend over casa non forte | trend over trasferta non forte | profilo over interno debole | profilo over esterno debole | BTTS basso: possibile partita a senso unico || CONTRO V23: v23: ospite poco prolifico | v23: BTTS basso | v23: storico Over 2.5 non forte;4.62;6.75;5.06;2.08;9.74;3.43;5.14;3.33;3.33;5.14;2.3.0
2026-10-10;Ukraine_PremierLeague;Kolos Kovalivka;Epitsentr;37.49;BASSA;9;2026-10-10;Ukraine_PremierLeague;Ukraine_PremierLeague;;PRO: difesa casa vulnerabile | profilo over esterno positivo || CONTRO: attacco casa non dominante | ospite poco prolifico: rischio 1-0 / 2-0 | trend over casa non forte | trend over trasferta non forte | profilo over interno debole | BTTS basso: possibile partita a senso unico || CONTRO V23: v23: ospite poco prolifico | v23: BTTS basso | v23: storico Over 2.5 non forte;2.77;5.91;5.06;6.06;4.55;6.0;5.14;0.0;10.0;3.0;2.3.0
2026-10-10;Ukraine_PremierLeague;Obolon;Kryvbas;36.97;BASSA;9;2026-10-10;Ukraine_PremierLeague;Ukraine_PremierLeague;;PRO: difesa trasferta vulnerabile | difesa casa vulnerabile || CONTRO: attacco casa non dominante | ospite poco prolifico: rischio 1-0 / 2-0 | v22 monitora possibile sopravvalutazione weak_ga | trend over casa non forte | trend over trasferta non forte | profilo over interno debole | profilo over esterno debole | BTTS basso: possibile partita a senso unico || CONTRO V23: v23: BTTS basso | v23: storico Over 2.5 non forte;1.38;1.69;6.89;6.23;7.58;5.14;6.0;0.0;3.33;5.71;2.3.0
2026-10-10;England_SouthernLeaguePremierSouth;Wimborne;Havant & W;36.68;BASSA;15;2026-10-10;England_SouthernLeaguePremierSouth;England_SouthernLeaguePremierSouth;;PRO: difesa trasferta vulnerabile | profilo over esterno positivo || CONTRO: attacco casa non dominante | ospite poco prolifico: rischio 1-0 / 2-0 | v22 monitora possibile sopravvalutazione weak_ga | trend over casa non forte | trend over trasferta non forte | profilo over interno debole | BTTS basso: possibile partita a senso unico || CONTRO V23: v23: ospite poco prolifico | v23: BTTS basso | v23: storico Over 2.5 non forte;2.57;7.39;5.91;1.82;8.08;3.0;5.33;2.0;7.5;4.08;2.3.0
2026-10-10;Poland_IIILiga_Group3;Jelenia Gora;BKS Sparta Katowice;36.59;BASSA;12;2026-10-10;Poland_IIILiga_Group3;Poland_IIILiga_Group3;;PRO: attacco trasferta positivo || CONTRO: attacco casa non dominante | trend over casa non forte | trend over trasferta non forte | profilo over interno debole | profilo over esterno debole | BTTS basso: possibile partita a senso unico || CONTRO V23: v23: BTTS basso | v23: storico Over 2.5 non forte;3.23;6.45;10.21;2.98;2.89;3.6;6.0;3.33;0.0;4.91;2.3.0
2026-10-10;England_LeagueTwo;Shrewsbury;Exeter;36.49;BASSA;4;2026-10-10;England_LeagueTwo;England_LeagueTwo;;PRO: attacco casa positivo | trend over recente casa | profilo over interno positivo || CONTRO: ospite poco prolifico: rischio 1-0 / 2-0 | trend over trasferta non forte | profilo over esterno debole | BTTS basso: possibile partita a senso unico || CONTRO V23: v23: ospite poco prolifico | v23: storico Over 2.5 non forte;1.3;9.85;1.97;4.85;1.52;8.0;0.0;10.0;0.0;6.0;2.3.0
2026-10-10;Bulgaria_ParvaLiga;Lok. Sofia;Lok. Plovdiv;36.4;BASSA;12;2026-10-10;Bulgaria_ParvaLiga;Bulgaria_ParvaLiga;;PRO: difesa casa vulnerabile | trend over recente casa | profilo over interno positivo || CONTRO: attacco casa non dominante | ospite poco prolifico: rischio 1-0 / 2-0 | trend over trasferta non forte | profilo over esterno debole | BTTS basso: possibile partita a senso unico || CONTRO V23: v23: ospite poco prolifico | v23: storico Over 2.5 non forte;0.4;5.91;2.69;6.61;6.2;7.2;2.4;6.0;0.0;6.0;2.3.0
2026-10-10;Austria_Regionalliga_East;Horn;Favoritner;36.37;BASSA;12;2026-10-10;Austria_Regionalliga_East;Austria_Regionalliga_East;;PRO: difesa casa vulnerabile | trend over recente casa || CONTRO: attacco casa non dominante | ospite poco prolifico: rischio 1-0 / 2-0 | trend over trasferta non forte | profilo over interno debole | profilo over esterno debole | BTTS basso: possibile partita a senso unico || CONTRO V23: v23: ospite poco prolifico | v23: BTTS basso | v23: storico Over 2.5 non forte;1.6;8.27;4.14;5.45;5.91;7.2;3.6;5.0;2.0;4.2;2.3.0
2026-10-10;Belarus_VysshayaLiga;Neman;Baranovici;36.22;BASSA;27;2026-10-10;Belarus_VysshayaLiga;Belarus_VysshayaLiga;;PRO: difesa trasferta vulnerabile || CONTRO: attacco casa non dominante | ospite poco prolifico: rischio 1-0 / 2-0 | v22 monitora possibile sopravvalutazione weak_ga | trend over casa non forte | trend over trasferta non forte | profilo over interno debole | profilo over esterno debole | BTTS basso: possibile partita a senso unico || CONTRO V23: v23: ospite poco prolifico | v23: BTTS basso | v23: storico Over 2.5 non forte;2.0;6.98;6.18;3.31;7.64;3.6;3.6;4.55;3.64;5.73;2.3.0
2026-10-10;Belarus_VysshayaLiga;BATE;Slavia Mozyr;35.89;BASSA;27;2026-10-10;Belarus_VysshayaLiga;Belarus_VysshayaLiga;;PRO: profilo over interno positivo || CONTRO: attacco casa non dominante | ospite poco prolifico: rischio 1-0 / 2-0 | trend over casa non forte | trend over trasferta non forte | profilo over esterno debole | BTTS basso: possibile partita a senso unico || CONTRO V23: v23: ospite poco prolifico | v23: BTTS basso | v23: storico Over 2.5 non forte;1.6;4.3;6.18;4.46;5.37;4.8;6.0;6.0;3.0;5.18;2.3.0
2026-10-10;Russia_FNL;Yaroslavl;Tekstilshtik;35.8;BASSA;15;2026-10-10;Russia_FNL;Russia_FNL;;PRO: difesa trasferta vulnerabile || CONTRO: attacco casa non dominante | ospite poco prolifico: rischio 1-0 / 2-0 | v22 monitora possibile sopravvalutazione weak_ga | trend over casa non forte | trend over trasferta non forte | profilo over interno debole | profilo over esterno debole | BTTS basso: possibile partita a senso unico || CONTRO V23: v23: ospite poco prolifico | v23: BTTS basso | v23: storico Over 2.5 non forte;2.82;7.39;3.94;3.94;7.2;4.8;3.6;4.29;3.33;5.5;2.3.0
2026-10-10;Italy_SerieC_GironeA;Desenzano;Dolomiti Bellunesi;35.66;BASSA;9;2026-10-10;Italy_SerieC_GironeA;Italy_SerieC_GironeA;;PRO: nessun indicatore over forte || CONTRO: attacco casa non dominante | ospite poco prolifico: rischio 1-0 / 2-0 | trend over casa non forte | trend over trasferta non forte | profilo over interno debole | profilo over esterno debole | BTTS basso: possibile partita a senso unico || CONTRO V23: v23: ospite poco prolifico | v23: storico Over 2.5 non forte;0.32;4.43;5.17;3.18;3.98;4.5;6.0;3.33;5.0;6.75;2.3.0
2026-10-10;England_LeagueOne;Leicester;Peterborough;35.11;BASSA;10;2026-10-10;England_LeagueOne;England_LeagueOne;;PRO: difesa trasferta vulnerabile | difesa casa vulnerabile || CONTRO: attacco casa non dominante | ospite poco prolifico: rischio 1-0 / 2-0 | v22 monitora possibile sopravvalutazione weak_ga | trend over casa non forte | trend over trasferta non forte | profilo over interno debole | profilo over esterno debole | BTTS basso: possibile partita a senso unico || CONTRO V23: v23: ospite poco prolifico | v23: BTTS basso | v23: storico Over 2.5 non forte;3.65;7.88;1.69;5.45;7.79;4.0;3.43;5.0;2.5;4.71;2.3.0
2026-10-10;Bulgaria_VtoraLiga;Rilski Sportist;Lok. Gorna;34.49;BASSA;12;2026-10-10;Bulgaria_VtoraLiga;Bulgaria_VtoraLiga;;PRO: attacco casa positivo | profilo over interno positivo || CONTRO: ospite poco prolifico: rischio 1-0 / 2-0 | trend over casa non forte | trend over trasferta non forte | profilo over esterno debole | BTTS basso: possibile partita a senso unico || CONTRO V23: v23: ospite poco prolifico | v23: BTTS basso | v23: storico Over 2.5 non forte;1.76;9.19;4.6;3.23;3.54;6.67;2.67;6.0;2.5;5.33;2.3.0
2026-10-10;Bosnia_PrvaLiga_FBiH;NK Vitez;Posusje;34.09;BASSA;10;2026-10-10;Bosnia_PrvaLiga_FBiH;Bosnia_PrvaLiga_FBiH;double round robin inferred from league size.;PRO: nessun indicatore over forte || CONTRO: attacco casa non dominante | ospite poco prolifico: rischio 1-0 / 2-0 | trend over casa non forte | trend over trasferta non forte | profilo over interno debole | profilo over esterno debole | BTTS basso: possibile partita a senso unico || CONTRO V23: v23: BTTS basso | v23: storico Over 2.5 non forte;3.6;3.69;8.44;5.0;3.25;3.0;3.43;2.5;2.5;5.68;2.3.0
2026-10-10;Paraguay_DivisionIntermedia;Sol De America;Sp. Carapegua;33.95;BASSA;13;2026-10-10;Paraguay_DivisionIntermedia;Paraguay_DivisionIntermedia;;PRO: nessun indicatore over forte || CONTRO: attacco casa non dominante | ospite poco prolifico: rischio 1-0 / 2-0 | trend over casa non forte | trend over trasferta non forte | profilo over interno debole | profilo over esterno debole | BTTS basso: possibile partita a senso unico || CONTRO V23: v23: BTTS basso | v23: storico Over 2.5 non forte;0.4;7.68;7.09;3.64;4.55;3.6;3.6;2.5;2.5;5.4;2.3.0
2026-10-10;Azerbaijan_PremierLeague;Zira;Shamakhi;33.93;BASSA;7;2026-10-10;Azerbaijan_PremierLeague;Azerbaijan_PremierLeague;;PRO: nessun indicatore over forte || CONTRO: attacco casa non dominante | ospite poco prolifico: rischio 1-0 / 2-0 | trend over casa non forte | trend over trasferta non forte | profilo over interno debole | profilo over esterno debole | BTTS basso: possibile partita a senso unico || CONTRO V23: v23: BTTS basso | v23: storico Over 2.5 non forte;1.09;4.73;7.88;5.09;4.55;2.4;6.0;0.0;4.0;5.2;2.3.0
2026-10-10;NorthMacedonia_1MFL;Arsimi;Sileks;33.82;BASSA;8;2026-10-10;NorthMacedonia_1MFL;NorthMacedonia_1MFL;;PRO: difesa casa vulnerabile || CONTRO: attacco casa non dominante | ospite poco prolifico: rischio 1-0 / 2-0 | trend over casa non forte | trend over trasferta non forte | profilo over interno debole | profilo over esterno debole | BTTS basso: possibile partita a senso unico || CONTRO V23: v23: ospite poco prolifico | v23: BTTS basso | v23: storico Over 2.5 non forte;0.55;4.22;5.91;7.27;6.49;5.14;5.14;3.33;3.33;3.43;2.3.0
2026-10-10;England_LeagueTwo;Oldham;Accrington;33.34;BASSA;4;2026-10-10;England_LeagueTwo;England_LeagueTwo;;PRO: difesa casa vulnerabile | profilo over interno positivo || CONTRO: attacco casa non dominante | ospite poco prolifico: rischio 1-0 / 2-0 | trend over casa non forte | trend over trasferta non forte | profilo over esterno debole | BTTS basso: possibile partita a senso unico || CONTRO V23: v23: ospite poco prolifico | v23: BTTS basso | v23: storico Over 2.5 non forte;4.96;2.95;5.91;8.0;1.52;6.0;0.0;10.0;0.0;5.0;2.3.0
2026-10-10;Paraguay_DivisionIntermedia;Guairena;Encarnacion FC;33.01;BASSA;13;2026-10-10;Paraguay_DivisionIntermedia;Paraguay_DivisionIntermedia;;PRO: difesa trasferta vulnerabile | difesa casa vulnerabile || CONTRO: attacco casa non dominante | ospite poco prolifico: rischio 1-0 / 2-0 | v22 monitora possibile sopravvalutazione weak_ga | trend over casa non forte | trend over trasferta non forte | profilo over interno debole | profilo over esterno debole | BTTS basso: possibile partita a senso unico || CONTRO V23: v23: ospite poco prolifico | v23: BTTS basso | v23: storico Over 2.5 non forte;1.2;2.36;5.91;5.82;6.82;4.8;4.8;5.0;2.5;4.8;2.3.0
2026-10-10;Italy_SerieC_GironeA;Pergolettese;Carpi;32.95;BASSA;9;2026-10-10;Italy_SerieC_GironeA;Italy_SerieC_GironeA;;PRO: difesa trasferta vulnerabile | trend over recente trasferta || CONTRO: attacco casa non dominante | ospite poco prolifico: rischio 1-0 / 2-0 | v22 monitora possibile sopravvalutazione weak_ga | trend over casa non forte | profilo over interno debole | profilo over esterno debole | BTTS basso: possibile partita a senso unico || CONTRO V23: v23: BTTS basso | v23: storico Over 2.5 non forte;1.26;2.53;7.6;1.56;9.09;1.71;8.57;0.0;3.33;4.29;2.3.0
2026-10-10;England_LeagueTwo;Swindon;Crewe;32.91;BASSA;4;2026-10-10;England_LeagueTwo;England_LeagueTwo;;PRO: attacco trasferta positivo | alta tendenza BTTS || CONTRO: attacco casa non dominante | trend over casa non forte | trend over trasferta non forte | profilo over interno debole | profilo over esterno debole || CONTRO V23: v23: storico Over 2.5 non forte;3.91;1.97;9.85;3.64;4.55;0.0;4.0;0.0;0.0;8.0;2.3.0
2026-10-10;Germany_Regionalliga_Bayern;Memmingen;Eichstatt;32.8;BASSA;15;2026-10-10;Germany_Regionalliga_Bayern;Germany_Regionalliga_Bayern;;PRO: nessun indicatore over forte || CONTRO: attacco casa non dominante | ospite poco prolifico: rischio 1-0 / 2-0 | trend over casa non forte | trend over trasferta non forte | profilo over interno debole | profilo over esterno debole | BTTS basso: possibile partita a senso unico || CONTRO V23: v23: BTTS basso | v23: storico Over 2.5 non forte;0.35;6.89;7.39;2.12;5.68;3.6;3.6;3.33;3.33;3.5;2.3.0
2026-10-10;Portugal_LigaPortugal2;Vizela;Sporting B;32.78;BASSA;8;2026-10-10;Portugal_LigaPortugal2;Portugal_LigaPortugal2;;PRO: nessun indicatore over forte || CONTRO: attacco casa non dominante | ospite poco prolifico: rischio 1-0 / 2-0 | trend over casa non forte | trend over trasferta non forte | profilo over interno debole | profilo over esterno debole | BTTS basso: possibile partita a senso unico || CONTRO V23: v23: BTTS basso | v23: storico Over 2.5 non forte;0.71;6.89;7.88;2.42;4.55;4.0;6.0;0.0;3.33;4.0;2.3.0
2026-10-10;Kazakhstan_PremierLeague;Zhenis;Atyrau;32.41;BASSA;39;2026-10-10;Kazakhstan_PremierLeague;Kazakhstan_PremierLeague;;PRO: nessun indicatore over forte || CONTRO: attacco casa non dominante | ospite poco prolifico: rischio 1-0 / 2-0 | trend over casa non forte | trend over trasferta non forte | profilo over interno debole | profilo over esterno debole | BTTS basso: possibile partita a senso unico || CONTRO V23: v23: ospite poco prolifico | v23: BTTS basso | v23: storico Over 2.5 non forte;2.4;6.14;4.25;4.34;5.09;6.0;4.8;3.08;1.67;5.65;2.3.0
2026-10-10;Finland_Kolmonen_North;Keuruun Pallo;KajHa;31.37;BASSA;24;2026-10-10;Finland_Kolmonen_North;Finland_Kolmonen_North;;PRO: attacco trasferta positivo | trend over recente trasferta | profilo over esterno positivo || CONTRO: attacco casa non dominante | trend over casa non forte | profilo over interno debole | BTTS basso: possibile partita a senso unico || CONTRO V23: v23: BTTS basso | v23: storico Over 2.5 non forte;0.0;0.0;13.0;0.0;4.81;0.0;9.6;0.0;7.78;3.18;2.3.0
2026-10-10;Slovenia_2SNL;Jadran Dekani;Vrhnika;30.86;BASSA;11;2026-10-10;Slovenia_2SNL;Slovenia_2SNL;;PRO: nessun indicatore over forte || CONTRO: attacco casa non dominante | ospite poco prolifico: rischio 1-0 / 2-0 | trend over casa non forte | trend over trasferta non forte | profilo over interno debole | profilo over esterno debole | BTTS basso: possibile partita a senso unico || CONTRO V23: v23: BTTS basso | v23: storico Over 2.5 non forte;1.2;3.94;6.57;2.42;6.06;2.67;5.33;2.0;5.0;2.67;2.3.0
2026-10-10;Azerbaijan_PremierLeague;Sumqayit;Gabala;30.84;BASSA;7;2026-10-10;Azerbaijan_PremierLeague;Azerbaijan_PremierLeague;;PRO: difesa casa vulnerabile || CONTRO: attacco casa non dominante | ospite poco prolifico: rischio 1-0 / 2-0 | trend over casa non forte | trend over trasferta non forte | profilo over interno debole | profilo over esterno debole | BTTS basso: possibile partita a senso unico || CONTRO V23: v23: ospite poco prolifico | v23: storico Over 2.5 non forte;0.55;4.73;2.36;5.82;5.45;4.8;4.8;3.33;0.0;6.0;2.3.0
2026-10-10;Croatia_PrvaNL;Orijent;Dubrava;29.89;BASSA;8;2026-10-10;Croatia_PrvaNL;Croatia_PrvaNL;;PRO: nessun indicatore over forte || CONTRO: attacco casa non dominante | ospite poco prolifico: rischio 1-0 / 2-0 | trend over casa non forte | trend over trasferta non forte | profilo over interno debole | profilo over esterno debole | BTTS basso: possibile partita a senso unico || CONTRO V23: v23: ospite poco prolifico | v23: BTTS basso | v23: storico Over 2.5 non forte;0.8;5.06;5.06;4.16;4.55;5.14;5.14;3.33;2.5;5.14;2.3.0
2026-10-10;Montenegro_PrvaCrnogorskaLiga;Buducnost;Sutjeska;28.81;BASSA;12;2026-10-10;Montenegro_PrvaCrnogorskaLiga;Montenegro_PrvaCrnogorskaLiga;;PRO: nessun indicatore over forte || CONTRO: attacco casa non dominante | ospite poco prolifico: rischio 1-0 / 2-0 | trend over casa non forte | trend over trasferta non forte | profilo over interno debole | profilo over esterno debole | BTTS basso: possibile partita a senso unico || CONTRO V23: v23: BTTS basso | v23: storico Over 2.5 non forte;0.67;7.22;7.22;2.83;3.54;4.0;2.67;5.0;0.0;2.67;2.3.0
2026-10-10;Italy_SerieC_GironeC;Casertana;Monopoli;28.44;BASSA;9;2026-10-10;Italy_SerieC_GironeC;Italy_SerieC_GironeC;;PRO: profilo over interno positivo || CONTRO: attacco casa non dominante | ospite poco prolifico: rischio 1-0 / 2-0 | trend over casa non forte | trend over trasferta non forte | profilo over esterno debole | BTTS basso: possibile partita a senso unico || CONTRO V23: v23: ospite poco prolifico | v23: BTTS basso | v23: storico Over 2.5 non forte;1.26;7.6;4.43;4.68;2.27;6.86;1.5;6.67;0.0;4.18;2.3.0
2026-10-10;Bosnia_PrvaLiga_RS;Famos Vojkovici;Sutjeska Foca;27.88;BASSA;11;2026-10-10;Bosnia_PrvaLiga_RS;Bosnia_PrvaLiga_RS;;PRO: difesa casa vulnerabile || CONTRO: attacco casa non dominante | ospite poco prolifico: rischio 1-0 / 2-0 | trend over casa non forte | trend over trasferta non forte | profilo over interno debole | profilo over esterno debole | BTTS basso: possibile partita a senso unico || CONTRO V23: v23: ospite poco prolifico | v23: BTTS basso | v23: storico Over 2.5 non forte;1.85;6.65;2.63;5.45;5.05;4.5;2.67;2.5;4.0;3.58;2.3.0
2026-10-10;SaudiArabia_ProfessionalLeague;Al Hilal;Al-Ittihad FC;26.38;BASSA;9;2026-10-10;SaudiArabia_ProfessionalLeague;SaudiArabia_ProfessionalLeague;18 clubs, double round robin, 34 rounds (306 matches).;PRO: attacco trasferta positivo | trend over recente trasferta || CONTRO: attacco casa non dominante | trend over casa non forte | profilo over interno debole | profilo over esterno debole | BTTS basso: possibile partita a senso unico || CONTRO V23: v23: BTTS basso | v23: storico Over 2.5 non forte;0.0;0.0;10.83;0.0;4.55;0.0;8.0;0.0;5.0;5.0;2.3.0
2026-10-10;England_LeagueTwo;Rotherham;Gillingham FC;26.08;BASSA;4;2026-10-10;England_LeagueTwo;England_LeagueTwo;;PRO: trend over recente trasferta | profilo over esterno positivo || CONTRO: attacco casa non dominante | ospite poco prolifico: rischio 1-0 / 2-0 | trend over casa non forte | profilo over interno debole | BTTS basso: possibile partita a senso unico || CONTRO V23: v23: ospite poco prolifico | v23: BTTS basso | v23: storico Over 2.5 non forte;0.26;3.94;5.91;2.42;4.55;0.0;8.0;0.0;10.0;2.0;2.3.0
2026-10-10;Moldova_Liga1_GroupB;Falesti;National Ialoveni;23.91;BASSA;8;2026-10-10;Moldova_Liga1_GroupB;Moldova_Liga1_GroupB;Moldova_Liga1;PRO: nessun indicatore over forte || CONTRO: attacco casa non dominante | ospite poco prolifico: rischio 1-0 / 2-0 | trend over casa non forte | trend over trasferta non forte | profilo over interno debole | profilo over esterno debole | BTTS basso: possibile partita a senso unico || CONTRO V23: v23: ospite poco prolifico | v23: BTTS basso | v23: storico Over 2.5 non forte;1.2;3.94;4.92;3.64;4.55;4.0;2.0;3.33;3.33;4.0;2.3.0
2026-10-10;Portugal_LigaPortugal2;Amarante;Portimonense;22.0;BASSA;8;2026-10-10;Portugal_LigaPortugal2;Portugal_LigaPortugal2;;PRO: nessun indicatore over forte || CONTRO: attacco casa non dominante | ospite poco prolifico: rischio 1-0 / 2-0 | trend over casa non forte | trend over trasferta non forte | profilo over interno debole | profilo over esterno debole | BTTS basso: possibile partita a senso unico || CONTRO V23: v23: ospite poco prolifico | v23: BTTS basso | v23: storico Over 2.5 non forte;1.41;4.92;3.94;4.85;4.55;6.0;0.0;3.33;0.0;4.0;2.3.0
2026-10-10;Norway_3rdDivision_Group3;Fyllingsdalen;OS;20.02;BASSA;25;2026-10-10;Norway_3rdDivision_Group3;Norway_3rdDivision_Group3;;PRO: difesa casa vulnerabile | trend over recente casa | profilo over interno positivo || CONTRO: attacco casa non dominante | ospite poco prolifico: rischio 1-0 / 2-0 | trend over trasferta non forte | profilo over esterno debole | BTTS basso: possibile partita a senso unico || CONTRO V23: v23: ospite poco prolifico | v23: BTTS basso | v23: storico Over 2.5 non forte;0.46;4.88;0.0;8.0;0.0;8.4;0.0;6.67;0.0;2.61;2.3.0
2026-10-10;SaudiArabia_ProfessionalLeague;Al Ettifaq;Al Khaleej;4.04;BASSA;9;2026-10-10;SaudiArabia_ProfessionalLeague;SaudiArabia_ProfessionalLeague;18 clubs, double round robin, 34 rounds (306 matches).;PRO: nessun indicatore over forte || CONTRO: attacco casa non dominante | ospite poco prolifico: rischio 1-0 / 2-0 | trend over casa non forte | trend over trasferta non forte | profilo over interno debole | profilo over esterno debole | BTTS basso: possibile partita a senso unico || CONTRO V23: v23: ospite poco prolifico | v23: BTTS basso | v23: storico Over 2.5 non forte;0.0;0.0;2.36;0.0;4.55;0.0;2.4;0.0;3.33;2.4;2.3.0
