PredictionDate;MatchDate;LeagueId;Round;Home;Away;Score;Band;MatchStatus;HG;AG;Goals;Over25;BTTS;Reason;RankingGapScore;HomeAttackScore;AwayAttackScore;HomeDefenseWeaknessScore;AwayDefenseWeaknessScore;HomeLast10OverScore;AwayLast10OverScore;HomeVenueOverScore;AwayVenueOverScore;BTTSProfileScore;AlgorithmVersion;2026-08-12;Sweden_Division2_Norrland;17;Lucksta;Kubikenborgs IF;81.5;PROX-ALTA;FINAL;1;3;4;OK;PRO: attacco casa positivo | attacco trasferta positivo | difesa casa vulnerabile | trend over recente casa | trend over recente trasferta | profilo over interno positivo | alta tendenza BTTS || CONTRO: profilo over esterno debole;1.0;12.24;10.97;7.53;6.49;12.0;8.4;8.57;5.71;2.6.0;;HomeSourceLeagueId;AwaySourceLeagueId;CompetitionGroup
;;;;;;;;;;;;;;;;;;;;;;;;;;2026-09-05;Finland_Kolmonen_Western_Group1;20;IFK Mariehamn 2;Jyrkkälän Tykit;0;BASSA;SCHEDULED;;;;;PRO: nessun indicatore over forte || CONTRO: attacco casa non dominante | ospite poco prolifico: rischio 1-0 / 2-0 | trend over casa non forte | trend over trasferta non forte | profilo over interno debole | profilo over esterno debole | BTTS basso: possibile partita a senso unico || CONTRO V25: v25: sfida equilibrata di alta classifica (gap punti 0.0, gap PPG 0.00) con difesa casa sotto 1 gol subito a partita | v25 extra: difesa stagionale molto solida (0.00 GA per partita);0.0;0.0;0.0;0.0;0.0;0.0;0.0;0.0;0.0;2.6.0;;;;
2026-09-06;2026-09-06;CzechRepublic_4Liga_GroupB;5;Hostoun;Brandys n. Labem;98.64;IMM-ALTA-7;FINAL;4;2;6;OK;OK;PRO: attacco casa positivo | attacco trasferta positivo | difesa trasferta vulnerabile | trend over recente casa | trend over recente trasferta | profilo over interno positivo | profilo over esterno positivo | alta tendenza BTTS || CONTRO: v22 monitora possibile sopravvalutazione weak_ga;6.0;13.0;13.0;3.64;10.0;12.0;12.0;10.0;10.0;9.0;2.6.0;;;;;;;;;;;;;;;;;;;;;;;;;CzechRepublic_4Liga_GroupB;CzechRepublic_4Liga_GroupB;CzechRepublic_4Liga
2026-09-06;2026-09-06;Germany_2Bundesliga;4;Furth;Heidenheim;97.06;IMM-ALTA-6;FINAL;0;1;1;KO;KO;PRO: attacco casa positivo | attacco trasferta positivo | difesa trasferta vulnerabile | difesa casa vulnerabile | trend over recente casa | trend over recente trasferta | profilo over interno positivo | profilo over esterno positivo | alta tendenza BTTS || CONTRO: v22 monitora possibile sopravvalutazione weak_ga;1.06;13.0;13.0;8.0;10.0;8.0;12.0;10.0;10.0;12.0;2.6.0;;;;;;;;;;;;;;;;;;;;;;;;;Germany_2Bundesliga;Germany_2Bundesliga;
2026-09-06;2026-09-06;Germany_Oberliga_Westfalen;5;Eintracht Rheine;ASC 09 Dortmund;95.18;IMM-ALTA-8;FINAL;0;2;2;KO;KO;PRO: attacco casa positivo | attacco trasferta positivo | difesa trasferta vulnerabile | difesa casa vulnerabile | trend over recente casa | trend over recente trasferta | profilo over interno positivo | profilo over esterno positivo | alta tendenza BTTS || CONTRO: v22 monitora possibile sopravvalutazione weak_ga;4.59;11.82;11.82;5.45;10.0;9.0;12.0;10.0;10.0;10.5;2.6.0;;;;;;;;;;;;;;;;;;;;;;;;;Germany_Oberliga_Westfalen;Germany_Oberliga_Westfalen;
2026-09-06;2026-09-06;Estonia_EsiliigaB;27;Parnu JK Vaprus U21;Tallinna Kalev U21;93.41;ALTA;FINAL;7;0;7;OK;KO;PRO: attacco casa positivo | attacco trasferta positivo | difesa trasferta vulnerabile | difesa casa vulnerabile | trend over recente casa | trend over recente trasferta | profilo over interno positivo | profilo over esterno positivo | alta tendenza BTTS || CONTRO: v22 monitora possibile sopravvalutazione weak_ga;2.67;13.0;12.29;7.27;10.0;10.8;9.6;9.0;8.46;10.32;2.6.0;;;;;;;;;;;;;;;;;;;;;;;;;Estonia_EsiliigaB;Estonia_EsiliigaB;
2026-09-06;2026-09-06;Norway_3rdDivision_Group5;20;Tromsø 2;Harstad;92.84;ALTA;FINAL;0;1;1;KO;KO;PRO: attacco casa positivo | attacco trasferta positivo | difesa trasferta vulnerabile | difesa casa vulnerabile | trend over recente casa | trend over recente trasferta | profilo over interno positivo | profilo over esterno positivo | alta tendenza BTTS || CONTRO: v22 monitora possibile sopravvalutazione weak_ga;5.08;10.43;13.0;7.91;7.83;10.8;10.8;7.5;8.89;10.61;2.6.0;;;;;;;;;;;;;;;;;;;;;;;;;Norway_3rdDivision_Group5;Norway_3rdDivision_Group5;
2026-09-06;2026-09-06;CzechRepublic_4Liga_GroupB;5;Ostrov;Velvary;92.7;IMM-ALTA-7;FINAL;3;1;4;OK;OK;PRO: attacco trasferta positivo | difesa trasferta vulnerabile | difesa casa vulnerabile | trend over recente casa | trend over recente trasferta | profilo over interno positivo | profilo over esterno positivo | alta tendenza BTTS || CONTRO: attacco casa non dominante | v22 monitora possibile sopravvalutazione weak_ga;6.0;7.88;13.0;8.0;6.82;12.0;9.0;10.0;10.0;10.0;2.6.0;;;;;;;;;;;;;;;;;;;;;;;;;CzechRepublic_4Liga_GroupB;CzechRepublic_4Liga_GroupB;CzechRepublic_4Liga
2026-09-06;2026-09-06;Switzerland_SuperLeague;7;Sion;Thun;91.82;ALTA;FINAL;3;2;5;OK;OK;PRO: attacco casa positivo | attacco trasferta positivo | difesa trasferta vulnerabile | difesa casa vulnerabile | trend over recente casa | trend over recente trasferta | profilo over interno positivo | profilo over esterno positivo | alta tendenza BTTS || CONTRO: v22 monitora possibile sopravvalutazione weak_ga;1.64;13.0;10.64;6.55;10.0;12.0;9.6;10.0;10.0;8.4;2.6.0;;;;;;;;;;;;;;;;;;;;;;;;;Switzerland_SuperLeague;Switzerland_SuperLeague;
2026-09-06;2026-09-06;Germany_Oberliga_Niedersachsen;5;Spelle-Venhaus;Luneburger Hansa;91.78;IMM-ALTA-7;FINAL;2;2;4;OK;OK;PRO: attacco casa positivo | attacco trasferta positivo | difesa trasferta vulnerabile | trend over recente casa | trend over recente trasferta | profilo over interno positivo | profilo over esterno positivo | alta tendenza BTTS || CONTRO: v22 monitora possibile sopravvalutazione weak_ga;4.24;13.0;11.82;2.73;10.0;9.0;12.0;10.0;10.0;9.0;2.6.0;;;;;;;;;;;;;;;;;;;;;;;;;Germany_Oberliga_Niedersachsen;Germany_Oberliga_Niedersachsen;
2026-09-06;2026-09-06;Norway_3rdDivision_Group5;20;Lillestrom 2;Bossekop;91.77;ALTA;FINAL;11;0;11;OK;KO;PRO: attacco casa positivo | attacco trasferta positivo | difesa trasferta vulnerabile | difesa casa vulnerabile | trend over recente casa | trend over recente trasferta | profilo over interno positivo | profilo over esterno positivo | alta tendenza BTTS || CONTRO: v22 monitora possibile sopravvalutazione weak_ga;2.77;13.0;10.08;8.0;10.0;10.8;9.6;8.89;8.75;9.88;2.6.0;;;;;;;;;;;;;;;;;;;;;;;;;Norway_3rdDivision_Group5;Norway_3rdDivision_Group5;
2026-09-06;2026-09-06;Norway_3rdDivision_Group4;21;Odd 2;Haugesund 2;91.72;PROX-ALTA;FINAL;7;0;7;OK;KO;PRO: attacco casa positivo | attacco trasferta positivo | difesa trasferta vulnerabile | difesa casa vulnerabile | trend over recente casa | trend over recente trasferta | profilo over interno positivo | profilo over esterno positivo | alta tendenza BTTS || CONTRO: v22 monitora possibile sopravvalutazione weak_ga;1.85;9.04;12.51;8.0;10.0;10.8;12.0;8.75;8.89;9.88;2.6.0;;;;;;;;;;;;;;;;;;;;;;;;;Norway_3rdDivision_Group4;Norway_3rdDivision_Group4;
2026-09-06;2026-09-06;Finland_Kakkonen_GroupC;21;Huima / Urho;Narpes Kraft;91.63;ALTA;FINAL;5;0;5;OK;KO;PRO: attacco casa positivo | attacco trasferta positivo | difesa trasferta vulnerabile | trend over recente casa | trend over recente trasferta | profilo over interno positivo | profilo over esterno positivo | alta tendenza BTTS || CONTRO: v22 monitora possibile sopravvalutazione weak_ga;2.67;13.0;13.0;4.91;10.0;8.4;12.0;9.0;10.0;8.65;2.6.0;;;;;;;;;;;;;;;;;;;;;;;;;Finland_Kakkonen_GroupC;Finland_Kakkonen_GroupC;
2026-09-06;2026-09-06;Germany_Oberliga_Niedersachsen;5;Hemmingen;Meppen 2;89.03;IMM-ALTA-8;FINAL;3;2;5;OK;OK;PRO: attacco casa positivo | attacco trasferta positivo | difesa trasferta vulnerabile | difesa casa vulnerabile | trend over recente casa | trend over recente trasferta | profilo over interno positivo | profilo over esterno positivo | alta tendenza BTTS || CONTRO: v22 monitora possibile sopravvalutazione weak_ga;0.35;8.86;11.82;8.0;10.0;12.0;9.0;10.0;10.0;9.0;2.6.0;;;;;;;;;;;;;;;;;;;;;;;;;Germany_Oberliga_Niedersachsen;Germany_Oberliga_Niedersachsen;
2026-09-06;2026-09-06;Switzerland_PromotionLeague;8;Biel;Young Boys 2;88.47;ALTA;FINAL;2;4;6;OK;OK;PRO: attacco casa positivo | attacco trasferta positivo | difesa trasferta vulnerabile | trend over recente trasferta | profilo over interno positivo | profilo over esterno positivo | alta tendenza BTTS || CONTRO: v22 monitora possibile sopravvalutazione weak_ga | trend over casa non forte;6.0;13.0;10.64;3.64;10.0;4.8;12.0;10.0;10.0;8.4;2.6.0;;;;;;;;;;;;;;;;;;;;;;;;;Switzerland_PromotionLeague;Switzerland_PromotionLeague;
2026-09-06;2026-09-06;CzechRepublic_4Liga_GroupF;5;Pusta Polom;Bridlicna;88.23;IMM-ALTA-8;FINAL;1;0;1;KO;KO;PRO: attacco casa positivo | difesa trasferta vulnerabile | difesa casa vulnerabile | trend over recente casa | trend over recente trasferta | profilo over interno positivo | profilo over esterno positivo | alta tendenza BTTS || CONTRO: ospite poco prolifico: rischio 1-0 / 2-0 | v22 monitora possibile sopravvalutazione weak_ga;4.0;10.34;7.39;8.0;10.0;12.0;9.0;10.0;10.0;7.5;2.6.0;;;;;;;;;;;;;;;;;;;;;;;;;CzechRepublic_4Liga_GroupF;CzechRepublic_4Liga_GroupF;CzechRepublic_4Liga
2026-09-06;2026-09-06;Finland_Kakkonen_GroupC;21;Jaro 2;VPS 2;87.88;PROX-ALTA;FINAL;1;4;5;OK;OK;PRO: attacco casa positivo | attacco trasferta positivo | difesa trasferta vulnerabile | difesa casa vulnerabile | trend over recente casa | trend over recente trasferta | profilo over interno positivo | profilo over esterno positivo | alta tendenza BTTS || CONTRO: v22 monitora possibile sopravvalutazione weak_ga;1.33;10.57;13.0;8.0;10.0;9.6;10.8;6.67;9.0;8.91;2.6.0;;;;;;;;;;;;;;;;;;;;;;;;;Finland_Kakkonen_GroupC;Finland_Kakkonen_GroupC;
2026-09-06;2026-09-06;Germany_Oberliga_Hamburg;6;HT 16;Pinneberg;86.77;ALTA;FINAL;5;1;6;OK;OK;PRO: attacco casa positivo | attacco trasferta positivo | difesa casa vulnerabile | trend over recente casa | trend over recente trasferta | profilo over interno positivo | profilo over esterno positivo | alta tendenza BTTS || CONTRO: nessun contro rilevante;3.53;10.64;13.0;6.55;5.45;7.2;12.0;10.0;10.0;8.4;2.6.0;;;;;;;;;;;;;;;;;;;;;;;;;Germany_Oberliga_Hamburg;Germany_Oberliga_Hamburg;
2026-09-06;2026-09-06;Norway_2ndDivision_Group2;22;Trygg/Lade;Honefoss;86.11;ALTA;FINAL;2;3;5;OK;OK;PRO: attacco trasferta positivo | difesa trasferta vulnerabile | difesa casa vulnerabile | trend over recente casa | trend over recente trasferta | profilo over interno positivo | profilo over esterno positivo | alta tendenza BTTS || CONTRO: attacco casa non dominante | v22 monitora possibile sopravvalutazione weak_ga;4.62;6.89;13.0;8.0;6.68;8.4;10.8;7.78;10.0;9.94;2.6.0;;;;;;;;;;;;;;;;;;;;;;;;;Norway_2ndDivision_Group2;Norway_2ndDivision_Group2;
2026-09-06;2026-09-06;Poland_Ekstraklasa;8;Lech;Rakow;85.68;ALTA;FINAL;1;0;1;KO;KO;PRO: attacco casa positivo | difesa trasferta vulnerabile | trend over recente casa | trend over recente trasferta | profilo over interno positivo | profilo over esterno positivo | alta tendenza BTTS || CONTRO: ospite poco prolifico: rischio 1-0 / 2-0 | v22 monitora possibile sopravvalutazione weak_ga;6.0;11.82;7.09;2.91;10.0;9.6;12.0;6.67;10.0;9.6;2.6.0;;;;;;;;;;;;;;;;;;;;;;;;;Poland_Ekstraklasa;Poland_Ekstraklasa;
2026-09-06;2026-09-06;Austria_Salzburg;6;TSU Bramberg;UFC Siezenheim;85.36;ALTA;FINAL;2;2;4;OK;OK;PRO: attacco casa positivo | attacco trasferta positivo | difesa trasferta vulnerabile | trend over recente casa | trend over recente trasferta | profilo over interno positivo | alta tendenza BTTS || CONTRO: v22 monitora possibile sopravvalutazione weak_ga | profilo over esterno debole;2.4;13.0;13.0;4.36;10.0;12.0;7.2;10.0;5.0;8.4;2.6.0;;;;;;;;;;;;;;;;;;;;;;;;;Austria_Salzburg;Austria_Salzburg;
2026-09-06;2026-09-06;Germany_Oberliga_Hamburg;6;Niendorfer TSV;Suderelbe;84.68;ALTA;FINAL;1;0;1;KO;KO;PRO: attacco casa positivo | attacco trasferta positivo | difesa trasferta vulnerabile | difesa casa vulnerabile | trend over recente casa | trend over recente trasferta | profilo over interno positivo | alta tendenza BTTS || CONTRO: v22 monitora possibile sopravvalutazione weak_ga | profilo over esterno debole;1.06;10.64;13.0;8.0;8.18;12.0;9.6;10.0;5.0;7.2;2.6.0;;;;;;;;;;;;;;;;;;;;;;;;;Germany_Oberliga_Hamburg;Germany_Oberliga_Hamburg;
2026-09-06;2026-09-06;Germany_Oberliga_Niedersachsen;5;Verden;Lohne;84.63;IMM-ALTA-8;FINAL;2;2;4;OK;OK;PRO: attacco trasferta positivo | difesa trasferta vulnerabile | difesa casa vulnerabile | trend over recente casa | trend over recente trasferta | profilo over interno positivo | profilo over esterno positivo | alta tendenza BTTS || CONTRO: attacco casa non dominante | v22 monitora possibile sopravvalutazione weak_ga;1.06;7.39;13.0;6.36;6.82;9.0;12.0;10.0;10.0;9.0;2.6.0;;;;;;;;;;;;;;;;;;;;;;;;;Germany_Oberliga_Niedersachsen;Germany_Oberliga_Niedersachsen;
2026-09-06;2026-09-06;Poland_IIILiga_Group3;7;Polkowice;Carina Gubin;84.53;ALTA;FINAL;2;1;3;OK;OK;PRO: attacco casa positivo | difesa trasferta vulnerabile | difesa casa vulnerabile | trend over recente casa | trend over recente trasferta | profilo over interno positivo | profilo over esterno positivo | alta tendenza BTTS || CONTRO: ospite poco prolifico: rischio 1-0 / 2-0 | v22 monitora possibile sopravvalutazione weak_ga;5.08;13.0;3.94;6.67;9.85;10.0;8.0;10.0;10.0;8.0;2.6.0;;;;;;;;;;;;;;;;;;;;;;;;;Poland_IIILiga_Group3;Poland_IIILiga_Group3;
2026-09-06;2026-09-06;CzechRepublic_4Liga_GroupE;5;FK Kozlovice;Prostejov B;84.28;IMM-ALTA-8;FINAL;4;1;5;OK;OK;PRO: attacco casa positivo | attacco trasferta positivo | difesa trasferta vulnerabile | trend over recente trasferta | profilo over esterno positivo | alta tendenza BTTS || CONTRO: v22 monitora possibile sopravvalutazione weak_ga | trend over casa non forte | profilo over interno debole;5.6;13.0;13.0;2.73;7.95;6.0;12.0;5.0;10.0;9.0;2.6.0;;;;;;;;;;;;;;;;;;;;;;;;;CzechRepublic_4Liga_GroupE;CzechRepublic_4Liga_GroupE;CzechRepublic_4Liga
2026-09-06;2026-09-06;Germany_Oberliga_Hamburg;6;Paloma;Sasel;84.26;ALTA;FINAL;3;2;5;OK;OK;PRO: attacco casa positivo | attacco trasferta positivo | difesa casa vulnerabile | trend over recente casa | trend over recente trasferta | profilo over interno positivo | alta tendenza BTTS || CONTRO: profilo over esterno debole;0.35;13.0;13.0;6.55;6.36;12.0;9.6;10.0;5.0;8.4;2.6.0;;;;;;;;;;;;;;;;;;;;;;;;;Germany_Oberliga_Hamburg;Germany_Oberliga_Hamburg;
2026-09-06;2026-09-06;Netherlands_Eredivisie;5;Den Haag;Sittard;84.21;IMM-ALTA-8;FINAL;2;3;5;OK;OK;PRO: attacco trasferta positivo | difesa trasferta vulnerabile | difesa casa vulnerabile | trend over recente casa | trend over recente trasferta | profilo over interno positivo | profilo over esterno positivo | alta tendenza BTTS || CONTRO: attacco casa non dominante | v22 monitora possibile sopravvalutazione weak_ga;3.53;5.91;11.82;8.0;7.95;9.0;9.0;10.0;10.0;9.0;2.6.0;;;;;;;;;;;;;;;;;;;;;;;;;Netherlands_Eredivisie;Netherlands_Eredivisie;
2026-09-06;2026-09-06;Norway_3rdDivision_Group5;20;Skjervoy;Kongsvinger 2;83.99;PROX-ALTA;FINAL;3;1;4;OK;OK;PRO: attacco casa positivo | attacco trasferta positivo | difesa trasferta vulnerabile | difesa casa vulnerabile | trend over recente casa | trend over recente trasferta | profilo over interno positivo | profilo over esterno positivo | alta tendenza BTTS || CONTRO: v22 monitora possibile sopravvalutazione weak_ga;1.38;9.97;11.82;8.0;10.0;9.6;9.6;7.5;7.78;8.34;2.6.0;;;;;;;;;;;;;;;;;;;;;;;;;Norway_3rdDivision_Group5;Norway_3rdDivision_Group5;
2026-09-06;2026-09-06;Netherlands_Eredivisie;5;Groningen;Twente;83.9;IMM-ALTA-7;FINAL;2;2;4;OK;OK;PRO: attacco casa positivo | attacco trasferta positivo | difesa casa vulnerabile | trend over recente casa | trend over recente trasferta | profilo over interno positivo | alta tendenza BTTS || CONTRO: profilo over esterno debole;0.35;13.0;13.0;8.0;4.55;12.0;8.0;10.0;5.0;10.0;2.6.0;;;;;;;;;;;;;;;;;;;;;;;;;Netherlands_Eredivisie;Netherlands_Eredivisie;
2026-09-06;2026-09-06;CzechRepublic_3CFL_GroupA;5;Admira Prague;Plzen B;83.84;IMM-ALTA-8;FINAL;0;1;1;KO;KO;PRO: attacco trasferta positivo | difesa trasferta vulnerabile | difesa casa vulnerabile | trend over recente casa | trend over recente trasferta | profilo over interno positivo | profilo over esterno positivo | alta tendenza BTTS || CONTRO: attacco casa non dominante | v22 monitora possibile sopravvalutazione weak_ga;2.0;7.39;13.0;8.0;7.95;9.0;9.0;10.0;10.0;7.5;2.6.0;;;;;;;;;;;;;;;;;;;;;;;;;CzechRepublic_3CFL_GroupA;CzechRepublic_3CFL_GroupA;CzechRepublic_3rdTier
2026-09-06;2026-09-06;Germany_Oberliga_Niederrhein;4;Solingen-Wald;Baumberg;83.74;IMM-ALTA-6;FINAL;1;4;5;OK;OK;PRO: attacco trasferta positivo | difesa casa vulnerabile | trend over recente casa | trend over recente trasferta | profilo over interno positivo | profilo over esterno positivo | alta tendenza BTTS || CONTRO: attacco casa non dominante;3.53;7.88;13.0;7.27;6.06;8.0;8.0;10.0;10.0;10.0;2.6.0;;;;;;;;;;;;;;;;;;;;;;;;;Germany_Oberliga_Niederrhein;Germany_Oberliga_Niederrhein;
2026-09-06;2026-09-06;Netherlands_Eredivisie;5;Telstar;Cambuur;83.73;IMM-ALTA-7;FINAL;2;2;4;OK;OK;PRO: difesa trasferta vulnerabile | difesa casa vulnerabile | trend over recente casa | trend over recente trasferta | profilo over interno positivo | profilo over esterno positivo | alta tendenza BTTS || CONTRO: attacco casa non dominante | ospite poco prolifico: rischio 1-0 / 2-0 | v22 monitora possibile sopravvalutazione weak_ga;1.41;5.91;5.91;8.0;10.0;12.0;12.0;10.0;10.0;8.5;2.6.0;;;;;;;;;;;;;;;;;;;;;;;;;Netherlands_Eredivisie;Netherlands_Eredivisie;
2026-09-06;2026-09-06;Norway_3rdDivision_Group4;21;Viking 2;Stabaek 2;83.19;PROX-ALTA;FINAL;3;1;4;OK;OK;PRO: attacco casa positivo | attacco trasferta positivo | difesa trasferta vulnerabile | difesa casa vulnerabile | trend over recente casa | trend over recente trasferta | profilo over interno positivo | profilo over esterno positivo | alta tendenza BTTS || CONTRO: v22 monitora possibile sopravvalutazione weak_ga;0.46;13.0;12.86;5.35;10.0;8.4;8.4;7.5;8.75;8.47;2.6.0;;;;;;;;;;;;;;;;;;;;;;;;;Norway_3rdDivision_Group4;Norway_3rdDivision_Group4;
2026-09-06;2026-09-06;Iceland_BestaDeildKarla;27;Akranes;KR Reykjavik;82.91;ALTA;FINAL;3;1;4;OK;OK;PRO: attacco casa positivo | attacco trasferta positivo | difesa trasferta vulnerabile | difesa casa vulnerabile | trend over recente casa | trend over recente trasferta | profilo over esterno positivo | alta tendenza BTTS || CONTRO: v22 monitora possibile sopravvalutazione weak_ga | profilo over interno debole;2.18;10.13;13.0;6.93;9.96;8.4;9.6;5.0;8.0;9.71;2.6.0;;;;;;;;;;;;;;;;;;;;;;;;;Iceland_BestaDeildKarla;Iceland_BestaDeildKarla;
2026-09-06;2026-09-06;Germany_2Bundesliga;4;Osnabruck;Braunschweig;82.64;IMM-ALTA-6;FINAL;3;1;4;OK;OK;PRO: attacco trasferta positivo | difesa trasferta vulnerabile | difesa casa vulnerabile | trend over recente casa | trend over recente trasferta | profilo over interno positivo | profilo over esterno positivo || CONTRO: attacco casa non dominante | v22 monitora possibile sopravvalutazione weak_ga | BTTS basso: possibile partita a senso unico;1.76;7.88;13.0;8.0;10.0;8.0;8.0;10.0;10.0;6.0;2.6.0;;;;;;;;;;;;;;;;;;;;;;;;;Germany_2Bundesliga;Germany_2Bundesliga;
2026-09-06;2026-09-06;Sweden_Division2_VastraGotaland;22;Qviding;Jonsereds;82.58;ALTA;FINAL;1;0;1;KO;KO;PRO: attacco casa positivo | attacco trasferta positivo | difesa trasferta vulnerabile | difesa casa vulnerabile | trend over recente casa | trend over recente trasferta | profilo over interno positivo | alta tendenza BTTS || CONTRO: v22 monitora possibile sopravvalutazione weak_ga | profilo over esterno debole;2.31;13.0;10.89;8.0;7.42;10.8;7.2;10.0;4.44;8.53;2.6.0;;;;;;;;;;;;;;;;;;;;;;;;;Sweden_Division2_VastraGotaland;Sweden_Division2_VastraGotaland;
2026-09-06;2026-09-06;Norway_3rdDivision_Group3;20;Brann 2;V. Haugesund;82.34;PROX-ALTA;FINAL;4;4;8;OK;OK;PRO: attacco casa positivo | attacco trasferta positivo | difesa trasferta vulnerabile | difesa casa vulnerabile | trend over recente casa | trend over recente trasferta | profilo over interno positivo | alta tendenza BTTS || CONTRO: v22 monitora possibile sopravvalutazione weak_ga | profilo over esterno debole;0.46;12.51;12.17;7.27;8.56;10.8;9.6;7.5;5.0;8.47;2.6.0;;;;;;;;;;;;;;;;;;;;;;;;;Norway_3rdDivision_Group3;Norway_3rdDivision_Group3;
2026-09-06;2026-09-06;CzechRepublic_4Liga_GroupE;5;Breclav;Brumov;82.32;IMM-ALTA-8;FINAL;5;2;7;OK;OK;PRO: attacco casa positivo | attacco trasferta positivo | difesa trasferta vulnerabile | trend over recente casa | trend over recente trasferta | profilo over interno positivo | alta tendenza BTTS || CONTRO: v22 monitora possibile sopravvalutazione weak_ga | profilo over esterno debole;6.0;8.86;11.82;3.64;10.0;9.0;9.0;10.0;5.0;9.0;2.6.0;;;;;;;;;;;;;;;;;;;;;;;;;CzechRepublic_4Liga_GroupE;CzechRepublic_4Liga_GroupE;CzechRepublic_4Liga
2026-09-06;2026-09-06;Sweden_Division2_VastraGotaland;22;Hestrafors;Lindome;82.29;PROX-ALTA;FINAL;2;0;2;KO;KO;PRO: attacco casa positivo | attacco trasferta positivo | difesa casa vulnerabile | trend over recente casa | trend over recente trasferta | profilo over interno positivo | profilo over esterno positivo | alta tendenza BTTS || CONTRO: nessun contro rilevante;0.46;12.75;11.82;6.32;6.46;12.0;8.4;8.89;6.67;8.53;2.6.0;;;;;;;;;;;;;;;;;;;;;;;;;Sweden_Division2_VastraGotaland;Sweden_Division2_VastraGotaland;
2026-09-06;2026-09-06;Estonia_EsiliigaB;27;Tartu Kalev;Narva U21;82.25;ALTA;FINAL;0;1;1;KO;KO;PRO: attacco casa positivo | attacco trasferta positivo | difesa casa vulnerabile | trend over recente casa | trend over recente trasferta | profilo over interno positivo | profilo over esterno positivo || CONTRO: BTTS basso: possibile partita a senso unico;2.0;13.0;13.0;6.99;6.18;9.6;9.6;7.33;7.5;7.04;2.6.0;;;;;;;;;;;;;;;;;;;;;;;;;Estonia_EsiliigaB;Estonia_EsiliigaB;
2026-09-06;2026-09-06;Norway_2ndDivision_Group2;22;Ull/Kisa;Levanger;81.92;ALTA;FINAL;0;5;5;OK;KO;PRO: attacco trasferta positivo | difesa casa vulnerabile | trend over recente casa | trend over recente trasferta | profilo over interno positivo | profilo over esterno positivo | alta tendenza BTTS || CONTRO: attacco casa non dominante;4.62;7.65;13.0;8.0;5.08;10.8;9.6;8.75;6.67;7.76;2.6.0;;;;;;;;;;;;;;;;;;;;;;;;;Norway_2ndDivision_Group2;Norway_2ndDivision_Group2;
2026-09-06;2026-09-06;Germany_2Bundesliga;4;Hertha;Magdeburg;81.82;IMM-ALTA-6;FINAL;2;1;3;OK;OK;PRO: attacco casa positivo | attacco trasferta positivo | difesa trasferta vulnerabile | trend over recente casa | trend over recente trasferta | profilo over interno positivo | profilo over esterno positivo || CONTRO: v22 monitora possibile sopravvalutazione weak_ga | BTTS basso: possibile partita a senso unico;1.06;13.0;11.82;4.85;9.09;8.0;8.0;10.0;10.0;6.0;2.6.0;;;;;;;;;;;;;;;;;;;;;;;;;Germany_2Bundesliga;Germany_2Bundesliga;
2026-09-06;2026-09-06;Russia_PremierLeague;7;Dynamo Makhachkala;Rodina Moscow;81.79;ALTA;FINAL;2;0;2;KO;KO;PRO: attacco casa positivo | difesa trasferta vulnerabile | difesa casa vulnerabile | trend over recente casa | trend over recente trasferta | profilo over esterno positivo | alta tendenza BTTS || CONTRO: ospite poco prolifico: rischio 1-0 / 2-0 | v22 monitora possibile sopravvalutazione weak_ga | profilo over interno debole;2.0;9.85;7.88;6.06;10.0;10.0;12.0;5.0;10.0;9.0;2.6.0;;;;;;;;;;;;;;;;;;;;;;;;;Russia_PremierLeague;Russia_PremierLeague;
2026-09-06;2026-09-06;Germany_Oberliga_Niederrhein;4;FC Monheim;Holzheim;81.4;IMM-ALTA-6;FINAL;5;0;5;OK;KO;PRO: attacco casa positivo | difesa trasferta vulnerabile | difesa casa vulnerabile | trend over recente casa | trend over recente trasferta | profilo over esterno positivo | alta tendenza BTTS || CONTRO: ospite poco prolifico: rischio 1-0 / 2-0 | v22 monitora possibile sopravvalutazione weak_ga | profilo over interno debole;5.65;11.82;7.88;6.06;10.0;8.0;12.0;0.0;10.0;10.0;2.6.0;;;;;;;;;;;;;;;;;;;;;;;;;Germany_Oberliga_Niederrhein;Germany_Oberliga_Niederrhein;
2026-09-06;2026-09-06;Germany_Oberliga_Hessen;7;Pohlheim;Baunatal;81.27;ALTA;FINAL;2;3;5;OK;OK;PRO: attacco casa positivo | difesa trasferta vulnerabile | trend over recente casa | trend over recente trasferta | profilo over interno positivo | profilo over esterno positivo | alta tendenza BTTS || CONTRO: ospite poco prolifico: rischio 1-0 / 2-0 | v22 monitora possibile sopravvalutazione weak_ga;4.59;10.83;5.91;4.85;9.09;8.0;8.0;10.0;10.0;10.0;2.6.0;;;;;;;;;;;;;;;;;;;;;;;;;Germany_Oberliga_Hessen;Germany_Oberliga_Hessen;
2026-09-06;2026-09-06;Estonia_Esiliiga;31;Maardu;Nomme Utd U21;81.22;ALTA;FINAL;2;1;3;OK;OK;PRO: attacco casa positivo | attacco trasferta positivo | difesa trasferta vulnerabile | difesa casa vulnerabile | trend over recente casa | trend over recente trasferta | profilo over interno positivo | profilo over esterno positivo | alta tendenza BTTS || CONTRO: v22 monitora possibile sopravvalutazione weak_ga;2.67;9.77;9.93;7.55;10.0;9.6;7.2;6.15;9.17;9.18;2.6.0;;;;;;;;;;;;;;;;;;;;;;;;;Estonia_Esiliiga;Estonia_Esiliiga;
2026-09-06;2026-09-06;Norway_3rdDivision_Group5;20;Alta;Skedsmo;81.18;ALTA;FINAL;0;0;0;KO;KO;PRO: attacco casa positivo | attacco trasferta positivo | difesa casa vulnerabile | trend over recente casa | profilo over interno positivo | profilo over esterno positivo || CONTRO: trend over trasferta non forte | BTTS basso: possibile partita a senso unico;1.85;13.0;13.0;5.78;6.15;9.6;6.0;10.0;8.75;7.06;2.6.0;;;;;;;;;;;;;;;;;;;;;;;;;Norway_3rdDivision_Group5;Norway_3rdDivision_Group5;
2026-09-06;2026-09-06;FaroeIslands_1Deild;22;B36 Torshavn 2;FC Suduroy;81.15;ALTA;FINAL;2;4;6;OK;OK;PRO: attacco casa positivo | attacco trasferta positivo | difesa casa vulnerabile | trend over recente casa | trend over recente trasferta | profilo over interno positivo || CONTRO: profilo over esterno debole | BTTS basso: possibile partita a senso unico;4.0;9.39;13.0;8.0;6.06;10.8;8.4;8.75;5.56;7.2;2.6.0;;;;;;;;;;;;;;;;;;;;;;;;;FaroeIslands_1Deild;FaroeIslands_1Deild;
2026-09-06;2026-09-06;Scotland_Premiership;6;St. Johnstone;Hibernian;81.01;IMM-ALTA-8;FINAL;2;1;3;OK;OK;PRO: attacco casa positivo | attacco trasferta positivo | difesa trasferta vulnerabile | difesa casa vulnerabile | trend over recente trasferta | profilo over interno positivo | profilo over esterno positivo | alta tendenza BTTS || CONTRO: v22 monitora possibile sopravvalutazione weak_ga | trend over casa non forte;0.46;8.86;8.86;6.36;7.95;6.0;12.0;10.0;10.0;10.5;2.6.0;;;;;;;;;;;;;;;;;;;;;;;;;Scotland_Premiership;Scotland_Premiership;
2026-09-06;2026-09-06;USA_MLS;26;FC Dallas;Sporting Kansas City;80.89;ALTA;FINAL;4;3;7;OK;OK;PRO: attacco casa positivo | difesa trasferta vulnerabile | difesa casa vulnerabile | trend over recente casa | trend over recente trasferta | profilo over interno positivo | profilo over esterno positivo | alta tendenza BTTS || CONTRO: ospite poco prolifico: rischio 1-0 / 2-0 | v22 monitora possibile sopravvalutazione weak_ga;4.34;11.01;5.91;6.12;10.0;9.6;9.6;6.67;10.0;7.64;2.6.0;;;;;;;;;;;;;;;;;;;;;;;;;USA_MLS;USA_MLS;
2026-09-06;2026-09-06;FaroeIslands_1Deild;22;Runavik 2;Streymur 2;80.75;ALTA;FINAL;4;1;5;OK;OK;PRO: difesa trasferta vulnerabile | difesa casa vulnerabile | trend over recente casa | trend over recente trasferta | profilo over interno positivo | profilo over esterno positivo | alta tendenza BTTS || CONTRO: attacco casa non dominante | ospite poco prolifico: rischio 1-0 / 2-0 | v22 monitora possibile sopravvalutazione weak_ga;2.67;7.55;8.12;8.0;10.0;9.6;9.6;6.67;10.0;8.54;2.6.0;;;;;;;;;;;;;;;;;;;;;;;;;FaroeIslands_1Deild;FaroeIslands_1Deild;
2026-09-06;2026-09-06;Germany_Oberliga_Westfalen;5;Maaslingen;SpVgg Herne Horsthausen;80.66;IMM-ALTA-8;FINAL;2;0;2;KO;KO;PRO: attacco casa positivo | difesa trasferta vulnerabile | difesa casa vulnerabile | trend over recente casa | trend over recente trasferta | profilo over interno positivo | alta tendenza BTTS || CONTRO: ospite poco prolifico: rischio 1-0 / 2-0 | v22 monitora possibile sopravvalutazione weak_ga | profilo over esterno debole;2.82;13.0;7.39;6.36;9.09;9.0;9.0;10.0;5.0;9.0;2.6.0;;;;;;;;;;;;;;;;;;;;;;;;;Germany_Oberliga_Westfalen;Germany_Oberliga_Westfalen;
2026-09-06;2026-09-06;Peru_Liga1_Clausura;8;U. de Deportes;Comerciantes Unidos;80.48;ALTA;FINAL;2;2;4;OK;OK;PRO: attacco casa positivo | attacco trasferta positivo | difesa trasferta vulnerabile | trend over recente casa | trend over recente trasferta | profilo over esterno positivo | alta tendenza BTTS || CONTRO: v22 monitora possibile sopravvalutazione weak_ga | profilo over interno debole;3.18;12.8;11.82;4.85;8.33;8.0;10.0;5.0;7.5;9.0;2.6.0;;;;;;;;;;;;;;;;;;;;;;;;;Peru_Liga1_Clausura;Peru_Liga1_Clausura;
2026-09-06;2026-09-06;Sweden_Division2_SodraGotaland;25;Staffanstorp United;Karlskrona;80.48;ALTA;FINAL;0;2;2;KO;KO;PRO: attacco casa positivo | attacco trasferta positivo | difesa casa vulnerabile | trend over recente trasferta | profilo over interno positivo | profilo over esterno positivo | alta tendenza BTTS || CONTRO: trend over casa non forte;4.62;9.02;13.0;6.51;4.55;6.0;10.8;7.78;10.0;8.21;2.6.0;;;;;;;;;;;;;;;;;;;;;;;;;Sweden_Division2_SodraGotaland;Sweden_Division2_SodraGotaland;
2026-09-06;2026-09-06;Norway_OBOSLigaen;21;Lyn;Egersund;80.01;PROX-ALTA;FINAL;1;1;2;KO;OK;PRO: attacco casa positivo | attacco trasferta positivo | difesa trasferta vulnerabile | difesa casa vulnerabile | trend over recente casa | trend over recente trasferta | profilo over interno positivo | profilo over esterno positivo || CONTRO: v22 monitora possibile sopravvalutazione weak_ga | BTTS basso: possibile partita a senso unico;0.4;10.34;9.75;7.82;8.41;10.8;9.6;8.0;8.89;6.0;2.6.0;;;;;;;;;;;;;;;;;;;;;;;;;Norway_OBOSLigaen;Norway_OBOSLigaen;
2026-09-06;2026-09-06;USA_MLS;26;Inter Miami;Atlanta Utd;79.42;ALTA;FINAL;2;2;4;OK;OK;PRO: attacco casa positivo | difesa trasferta vulnerabile | difesa casa vulnerabile | trend over recente casa | trend over recente trasferta | profilo over interno positivo | alta tendenza BTTS || CONTRO: ospite poco prolifico: rischio 1-0 / 2-0 | v22 monitora possibile sopravvalutazione weak_ga | profilo over esterno debole;4.97;13.0;7.03;6.78;8.01;9.6;8.4;8.0;5.0;8.64;2.6.0;;;;;;;;;;;;;;;;;;;;;;;;;USA_MLS;USA_MLS;
2026-09-06;2026-09-06;Slovakia_NikeLiga;7;Kosice;Banska Bystrica;79.33;ALTA;FINAL;3;0;3;OK;KO;PRO: attacco casa positivo | difesa trasferta vulnerabile | difesa casa vulnerabile | trend over recente casa | trend over recente trasferta | profilo over interno positivo | alta tendenza BTTS || CONTRO: ospite poco prolifico: rischio 1-0 / 2-0 | v22 monitora possibile sopravvalutazione weak_ga | profilo over esterno debole;1.09;13.0;5.91;8.0;10.0;12.0;8.0;10.0;3.33;8.0;2.6.0;;;;;;;;;;;;;;;;;;;;;;;;;Slovakia_NikeLiga;Slovakia_NikeLiga;
2026-09-06;2026-09-06;Norway_3rdDivision_Group5;20;Strømsgodset 2;Finnsnes;79.32;ALTA;FINAL;5;1;6;OK;OK;PRO: attacco casa positivo | attacco trasferta positivo | difesa casa vulnerabile | trend over recente casa | trend over recente trasferta | profilo over interno positivo | profilo over esterno positivo | alta tendenza BTTS || CONTRO: nessun contro rilevante;2.77;10.78;11.82;7.7;6.42;9.6;7.2;7.78;7.5;7.76;2.6.0;;;;;;;;;;;;;;;;;;;;;;;;;Norway_3rdDivision_Group5;Norway_3rdDivision_Group5;
2026-09-06;2026-09-06;Germany_Oberliga_Hamburg;6;Tesla Hamburg;Dassendorf;79.19;ALTA;FINAL;0;1;1;KO;KO;PRO: attacco trasferta positivo | difesa casa vulnerabile | trend over recente casa | trend over recente trasferta | profilo over esterno positivo | alta tendenza BTTS || CONTRO: attacco casa non dominante | profilo over interno debole;4.59;8.27;13.0;8.0;2.73;9.6;9.6;5.0;10.0;8.4;2.6.0;;;;;;;;;;;;;;;;;;;;;;;;;Germany_Oberliga_Hamburg;Germany_Oberliga_Hamburg;
2026-09-06;2026-09-06;Estonia_EsiliigaB;27;Levadia U19;Johvi Phoenix;78.99;PROX-ALTA;FINAL;6;2;8;OK;OK;PRO: attacco casa positivo | attacco trasferta positivo | difesa trasferta vulnerabile | difesa casa vulnerabile | trend over recente casa | trend over recente trasferta | profilo over interno positivo | profilo over esterno positivo | alta tendenza BTTS || CONTRO: v22 monitora possibile sopravvalutazione weak_ga;0.67;13.0;13.0;6.4;9.82;8.4;7.2;6.15;6.43;7.92;2.6.0;;;;;;;;;;;;;;;;;;;;;;;;;Estonia_EsiliigaB;Estonia_EsiliigaB;
2026-09-06;2026-09-06;Germany_3Liga;4;Wurzburger Kickers;Stoccarda 2;78.37;IMM-ALTA-6;FINAL;1;2;3;OK;OK;PRO: attacco casa positivo | difesa trasferta vulnerabile | difesa casa vulnerabile | trend over recente casa | trend over recente trasferta | profilo over interno positivo || CONTRO: ospite poco prolifico: rischio 1-0 / 2-0 | v22 monitora possibile sopravvalutazione weak_ga | profilo over esterno debole | BTTS basso: possibile partita a senso unico;2.53;11.82;7.88;6.06;9.09;12.0;8.0;10.0;5.0;6.0;2.6.0;;;;;;;;;;;;;;;;;;;;;;;;;Germany_3Liga;Germany_3Liga;
2026-09-06;2026-09-06;Germany_Oberliga_Niedersachsen;5;Egestorf-Langreder;Heeslinger;78.37;IMM-ALTA-8;FINAL;0;3;3;OK;KO;PRO: attacco trasferta positivo | difesa casa vulnerabile | trend over recente casa | trend over recente trasferta | profilo over esterno positivo | alta tendenza BTTS || CONTRO: attacco casa non dominante | profilo over interno debole;4.94;7.39;13.0;8.0;4.55;9.0;9.0;5.0;10.0;7.5;2.6.0;;;;;;;;;;;;;;;;;;;;;;;;;Germany_Oberliga_Niedersachsen;Germany_Oberliga_Niedersachsen;
2026-09-06;2026-09-06;Iceland_BestaDeildKarla;27;Vikingur Reykjavik;Fram;78.32;ALTA;FINAL;2;2;4;OK;OK;PRO: attacco casa positivo | attacco trasferta positivo | difesa trasferta vulnerabile | trend over recente casa | trend over recente trasferta | profilo over interno positivo | profilo over esterno positivo | alta tendenza BTTS || CONTRO: v22 monitora possibile sopravvalutazione weak_ga;1.09;13.0;13.0;3.29;8.66;9.6;8.4;7.0;6.0;8.29;2.6.0;;;;;;;;;;;;;;;;;;;;;;;;;Iceland_BestaDeildKarla;Iceland_BestaDeildKarla;
2026-09-06;2026-09-06;Iceland_BestaDeildKarla;27;Stjarnan;Vestmannaeyjar;77.93;ALTA;FINAL;2;2;4;OK;OK;PRO: attacco casa positivo | difesa trasferta vulnerabile | difesa casa vulnerabile | trend over recente casa | profilo over interno positivo | profilo over esterno positivo | alta tendenza BTTS || CONTRO: ospite poco prolifico: rischio 1-0 / 2-0 | v22 monitora possibile sopravvalutazione weak_ga | trend over trasferta non forte;2.18;11.26;8.44;8.0;9.31;9.6;6.0;8.0;6.0;9.14;2.6.0;;;;;;;;;;;;;;;;;;;;;;;;;Iceland_BestaDeildKarla;Iceland_BestaDeildKarla;
2026-09-06;2026-09-06;Iceland_BestaDeildKarla;27;Akureyri;Breidablik;77.71;ALTA;FINAL;2;1;3;OK;OK;PRO: attacco casa positivo | attacco trasferta positivo | difesa trasferta vulnerabile | difesa casa vulnerabile | trend over recente casa | trend over recente trasferta | profilo over esterno positivo | alta tendenza BTTS || CONTRO: v22 monitora possibile sopravvalutazione weak_ga | profilo over interno debole;4.36;9.29;11.82;8.0;8.44;9.6;7.2;5.0;6.0;8.0;2.6.0;;;;;;;;;;;;;;;;;;;;;;;;;Iceland_BestaDeildKarla;Iceland_BestaDeildKarla;
2026-09-06;2026-09-06;CzechRepublic_3CFL_GroupB;5;Teplice B;Pardubice B;77.49;IMM-ALTA-7;FINAL;1;1;2;KO;OK;PRO: attacco casa positivo | attacco trasferta positivo | difesa casa vulnerabile | trend over recente casa | trend over recente trasferta | profilo over interno positivo | profilo over esterno positivo || CONTRO: BTTS basso: possibile partita a senso unico;1.6;13.0;13.0;6.36;3.03;9.0;8.0;10.0;10.0;3.5;2.6.0;;;;;;;;;;;;;;;;;;;;;;;;;CzechRepublic_3CFL_GroupB;CzechRepublic_3CFL_GroupB;CzechRepublic_3rdTier
2026-09-06;2026-09-06;Germany_Regionalliga_Nord;8;Norderstedt;VfB Lubeck;77.14;ALTA;FINAL;1;1;2;KO;OK;PRO: attacco casa positivo | difesa trasferta vulnerabile | difesa casa vulnerabile | trend over recente casa | profilo over interno positivo | alta tendenza BTTS || CONTRO: ospite poco prolifico: rischio 1-0 / 2-0 | v22 monitora possibile sopravvalutazione weak_ga | trend over trasferta non forte | profilo over esterno debole;3.53;12.8;4.92;7.88;10.0;8.0;6.0;10.0;5.0;9.0;2.6.0;;;;;;;;;;;;;;;;;;;;;;;;;Germany_Regionalliga_Nord;Germany_Regionalliga_Nord;
2026-09-06;2026-09-06;Spain_LaLiga;6;Espanyol;Siviglia;77.04;IMM-ALTA-4;FINAL;1;1;2;KO;OK;PRO: attacco casa positivo | attacco trasferta positivo | difesa trasferta vulnerabile | trend over recente casa | trend over recente trasferta | profilo over interno positivo | alta tendenza BTTS || CONTRO: v22 monitora possibile sopravvalutazione weak_ga | profilo over esterno debole;0.63;11.82;8.86;3.64;9.09;12.0;12.0;10.0;0.0;9.0;2.6.0;;;;;;;;;;;;;;;;;;;;;;;;;Spain_LaLiga;Spain_LaLiga;
2026-09-06;2026-09-06;Sweden_Division2_SodraSvealand;20;Syrianska;Fittja;76.87;ALTA;FINAL;0;0;0;KO;KO;PRO: attacco casa positivo | attacco trasferta positivo | difesa trasferta vulnerabile | difesa casa vulnerabile | trend over recente casa | profilo over interno positivo | profilo over esterno positivo | alta tendenza BTTS || CONTRO: v22 monitora possibile sopravvalutazione weak_ga | trend over trasferta non forte;2.31;8.71;10.26;8.0;7.66;10.8;6.0;8.89;6.67;7.58;2.6.0;;;;;;;;;;;;;;;;;;;;;;;;;Sweden_Division2_SodraSvealand;Sweden_Division2_SodraSvealand;
2026-09-06;2026-09-06;CzechRepublic_4Liga_GroupF;5;Kravare;Zabreh;76.55;IMM-ALTA-8;FINAL;1;0;1;KO;KO;PRO: attacco casa positivo | attacco trasferta positivo | trend over recente casa | profilo over interno positivo | alta tendenza BTTS || CONTRO: trend over trasferta non forte | profilo over esterno debole;6.0;13.0;8.86;3.64;4.55;12.0;6.0;10.0;5.0;7.5;2.6.0;;;;;;;;;;;;;;;;;;;;;;;;;CzechRepublic_4Liga_GroupF;CzechRepublic_4Liga_GroupF;CzechRepublic_4Liga
2026-09-06;2026-09-06;Austria_Regionalliga_West;6;Altach U21;Rothis;76.53;ALTA;FINAL;3;3;6;OK;OK;PRO: attacco casa positivo | difesa trasferta vulnerabile | difesa casa vulnerabile | trend over recente casa | trend over recente trasferta | profilo over esterno positivo | alta tendenza BTTS || CONTRO: ospite poco prolifico: rischio 1-0 / 2-0 | v22 monitora possibile sopravvalutazione weak_ga | profilo over interno debole;1.2;9.45;7.09;8.0;8.18;9.6;9.6;5.0;10.0;8.4;2.6.0;;;;;;;;;;;;;;;;;;;;;;;;;Austria_Regionalliga_West;Austria_Regionalliga_West;
2026-09-06;2026-09-06;Poland_IIILiga_Group1;7;Widzew Lodz 2;Plock 2;76.15;ALTA;FINAL;0;2;2;KO;KO;PRO: attacco casa positivo | attacco trasferta positivo | difesa trasferta vulnerabile | trend over recente trasferta | profilo over interno positivo | profilo over esterno positivo | alta tendenza BTTS || CONTRO: v22 monitora possibile sopravvalutazione weak_ga | trend over casa non forte;1.85;13.0;13.0;3.64;8.33;6.0;8.0;6.67;6.67;9.0;2.6.0;;;;;;;;;;;;;;;;;;;;;;;;;Poland_IIILiga_Group1;Poland_IIILiga_Group1;
2026-09-06;2026-09-06;Denmark_2ndDivision;6;Thisted;Nykobing;76.05;ALTA;FINAL;0;3;3;OK;KO;PRO: attacco trasferta positivo | difesa trasferta vulnerabile | difesa casa vulnerabile | trend over recente casa | trend over recente trasferta | profilo over esterno positivo | alta tendenza BTTS || CONTRO: attacco casa non dominante | v22 monitora possibile sopravvalutazione weak_ga | profilo over interno debole;5.45;4.73;13.0;8.0;7.27;7.2;12.0;0.0;10.0;8.4;2.6.0;;;;;;;;;;;;;;;;;;;;;;;;;Denmark_2ndDivision;Denmark_2ndDivision;
2026-09-06;2026-09-06;Serbia_SuperLiga;8;Stella Rossa;Partizan;76.05;ALTA;FINAL;2;1;3;OK;OK;PRO: attacco casa positivo | attacco trasferta positivo | difesa trasferta vulnerabile | trend over recente casa | trend over recente trasferta | profilo over interno positivo | profilo over esterno positivo || CONTRO: v22 monitora possibile sopravvalutazione weak_ga | BTTS basso: possibile partita a senso unico;4.0;13.0;9.85;0.73;7.58;7.2;10.0;7.5;10.0;6.2;2.6.0;;;;;;;;;;;;;;;;;;;;;;;;;Serbia_SuperLiga;Serbia_SuperLiga;
2026-09-06;2026-09-06;Norway_3rdDivision_Group2;21;Volda TI;Rosenborg 2;75.93;ALTA;FINAL;2;1;3;OK;OK;PRO: attacco casa positivo | attacco trasferta positivo | difesa trasferta vulnerabile | trend over recente casa | trend over recente trasferta | profilo over interno positivo | profilo over esterno positivo || CONTRO: v22 monitora possibile sopravvalutazione weak_ga | BTTS basso: possibile partita a senso unico;1.85;13.0;12.17;3.85;7.49;7.2;8.4;7.78;7.5;6.71;2.6.0;;;;;;;;;;;;;;;;;;;;;;;;;Norway_3rdDivision_Group2;Norway_3rdDivision_Group2;
2026-09-06;2026-09-06;CzechRepublic_3MSFL;7;Brno B;Polanka nad Odrou;75.8;ALTA;FINAL;3;1;4;OK;OK;PRO: attacco casa positivo | difesa casa vulnerabile | trend over recente casa | profilo over interno positivo | profilo over esterno positivo | alta tendenza BTTS || CONTRO: ospite poco prolifico: rischio 1-0 / 2-0 | trend over trasferta non forte;6.0;13.0;2.95;7.88;5.3;12.0;4.0;10.0;6.67;8.0;2.6.0;;;;;;;;;;;;;;;;;;;;;;;;;CzechRepublic_3MSFL;CzechRepublic_3MSFL;
2026-09-06;2026-09-06;Germany_Oberliga_Bayern_Nord;10;Neumarkt;Regensburg 2;75.75;ALTA;FINAL;0;2;2;KO;KO;PRO: attacco trasferta positivo | difesa trasferta vulnerabile | difesa casa vulnerabile | trend over recente trasferta | profilo over esterno positivo || CONTRO: attacco casa non dominante | v22 monitora possibile sopravvalutazione weak_ga | trend over casa non forte | profilo over interno debole | BTTS basso: possibile partita a senso unico;3.18;5.06;11.82;8.0;9.66;6.86;9.0;5.0;10.0;7.18;2.6.0;;;;;;;;;;;;;;;;;;;;;;;;;Germany_Oberliga_Bayern_Nord;Germany_Oberliga_Bayern_Nord;
2026-09-06;2026-09-06;Poland_Division2;7;Slask 2;Ol. Grudziadz;75.75;ALTA;FINAL;0;1;1;KO;KO;PRO: attacco casa positivo | difesa trasferta vulnerabile | difesa casa vulnerabile | trend over recente casa | trend over recente trasferta | profilo over interno positivo | profilo over esterno positivo | alta tendenza BTTS || CONTRO: ospite poco prolifico: rischio 1-0 / 2-0 | v22 monitora possibile sopravvalutazione weak_ga;1.76;10.83;7.88;7.27;8.33;10.0;8.0;6.67;6.0;9.0;2.6.0;;;;;;;;;;;;;;;;;;;;;;;;;Poland_Division2;Poland_Division2;
2026-09-06;2026-09-06;Poland_Ekstraklasa;8;Cracovia;Gornik Zabrze;75.65;ALTA;FINAL;0;1;1;KO;KO;PRO: attacco trasferta positivo | trend over recente trasferta | profilo over interno positivo | profilo over esterno positivo | alta tendenza BTTS || CONTRO: attacco casa non dominante | trend over casa non forte;2.47;5.91;13.0;4.24;6.36;6.0;12.0;6.67;10.0;9.0;2.6.0;;;;;;;;;;;;;;;;;;;;;;;;;Poland_Ekstraklasa;Poland_Ekstraklasa;
2026-09-06;2026-09-06;Peru_Liga2;6;Alianza Huanuco;Minas;75.64;IMM-ALTA-6;FINAL;1;1;2;KO;OK;PRO: attacco trasferta positivo | difesa casa vulnerabile | trend over recente casa | trend over recente trasferta | profilo over esterno positivo | alta tendenza BTTS || CONTRO: attacco casa non dominante | profilo over interno debole;3.43;7.88;13.0;7.27;6.06;8.0;12.0;0.0;10.0;8.0;2.6.0;;;;;;;;;;;;;;;;;;;;;;;;;Peru_Liga2;Peru_Liga2;
2026-09-06;2026-09-06;Norway_Eliteserien;27;Molde;KFUM Oslo;75.55;ALTA;FINAL;2;0;2;KO;KO;PRO: attacco casa positivo | difesa trasferta vulnerabile | difesa casa vulnerabile | trend over recente casa | profilo over interno positivo | profilo over esterno positivo | alta tendenza BTTS || CONTRO: ospite poco prolifico: rischio 1-0 / 2-0 | v22 monitora possibile sopravvalutazione weak_ga | trend over trasferta non forte;3.6;11.82;6.57;5.86;7.83;10.8;6.0;6.67;8.75;7.67;2.6.0;;;;;;;;;;;;;;;;;;;;;;;;;Norway_Eliteserien;Norway_Eliteserien;
2026-09-06;2026-09-06;Switzerland_SuperLeague;7;Basilea;Lugano;74.97;MEDIA;FINAL;1;3;4;OK;OK;PRO: attacco casa positivo | attacco trasferta positivo | difesa casa vulnerabile | trend over recente casa | trend over recente trasferta | profilo over interno positivo | profilo over esterno positivo | alta tendenza BTTS || CONTRO: nessun contro rilevante;1.09;10.83;13.0;5.45;2.73;8.0;9.6;6.67;10.0;7.6;2.6.0;;;;;;;;;;;;;;;;;;;;;;;;;Switzerland_SuperLeague;Switzerland_SuperLeague;
2026-09-06;2026-09-06;Sweden_Division2_SodraSvealand;20;Forward;Farsta;74.68;PROX-MEDIA;FINAL;1;2;3;OK;OK;PRO: attacco casa positivo | attacco trasferta positivo | difesa casa vulnerabile | trend over recente casa | trend over recente trasferta | profilo over interno positivo | profilo over esterno positivo | alta tendenza BTTS || CONTRO: nessun contro rilevante;0.92;13.0;13.0;6.89;5.02;8.4;7.2;6.67;6.0;7.58;2.6.0;;;;;;;;;;;;;;;;;;;;;;;;;Sweden_Division2_SodraSvealand;Sweden_Division2_SodraSvealand;
2026-09-06;2026-09-06;USA_MLS;26;Toronto FC;Chicago Fire;74.68;MEDIA;FINAL;4;4;8;OK;OK;PRO: attacco trasferta positivo | difesa casa vulnerabile | trend over recente trasferta | profilo over interno positivo | profilo over esterno positivo | alta tendenza BTTS || CONTRO: attacco casa non dominante | trend over casa non forte;4.34;8.22;11.01;6.32;6.2;6.0;9.6;6.15;7.5;9.32;2.6.0;;;;;;;;;;;;;;;;;;;;;;;;;USA_MLS;USA_MLS;
2026-09-06;2026-09-06;CzechRepublic_4Liga_GroupF;5;Frydek-Mistek B;Valasske Mezirici;74.63;MEDIA;FINAL;2;4;6;OK;OK;PRO: difesa trasferta vulnerabile | difesa casa vulnerabile | trend over recente casa | profilo over interno positivo | alta tendenza BTTS || CONTRO: attacco casa non dominante | ospite poco prolifico: rischio 1-0 / 2-0 | v22 monitora possibile sopravvalutazione weak_ga | trend over trasferta non forte | profilo over esterno debole;5.2;4.43;5.91;8.0;9.09;12.0;6.0;10.0;5.0;9.0;2.6.0;;;;;;;;;;;;;;;;;;;;;;;;;CzechRepublic_4Liga_GroupF;CzechRepublic_4Liga_GroupF;CzechRepublic_4Liga
2026-09-06;2026-09-06;CzechRepublic_4Liga_GroupC;5;Chlumec nad Cidlinou;Turnov;74.23;MEDIA;FINAL;1;0;1;KO;KO;PRO: attacco trasferta positivo | difesa trasferta vulnerabile | difesa casa vulnerabile | trend over recente trasferta | profilo over esterno positivo | alta tendenza BTTS || CONTRO: attacco casa non dominante | v22 monitora possibile sopravvalutazione weak_ga | trend over casa non forte | profilo over interno debole;6.0;5.91;11.82;8.0;10.0;6.0;9.0;0.0;10.0;7.5;2.6.0;;;;;;;;;;;;;;;;;;;;;;;;;CzechRepublic_4Liga_GroupC;CzechRepublic_4Liga_GroupC;CzechRepublic_4Liga
2026-09-06;2026-09-06;Austria_Regionalliga_West;6;Wolfurt;SK St. Johann;74.2;MEDIA;FINAL;0;1;1;KO;KO;PRO: attacco trasferta positivo | difesa trasferta vulnerabile | difesa casa vulnerabile | trend over recente casa | trend over recente trasferta | profilo over interno positivo | alta tendenza BTTS || CONTRO: attacco casa non dominante | v22 monitora possibile sopravvalutazione weak_ga | profilo over esterno debole;2.4;8.27;9.45;8.0;7.27;12.0;7.2;10.0;0.0;9.6;2.6.0;;;;;;;;;;;;;;;;;;;;;;;;;Austria_Regionalliga_West;Austria_Regionalliga_West;
2026-09-06;2026-09-06;Germany_Oberliga_Westfalen;5;Ennepetal;Clarholz;74.03;MEDIA;FINAL;1;6;7;OK;OK;PRO: attacco trasferta positivo | difesa trasferta vulnerabile | difesa casa vulnerabile | trend over recente trasferta | profilo over esterno positivo | alta tendenza BTTS || CONTRO: attacco casa non dominante | v22 monitora possibile sopravvalutazione weak_ga | trend over casa non forte | profilo over interno debole;0.35;7.39;10.34;5.45;10.0;6.0;9.0;5.0;10.0;10.5;2.6.0;;;;;;;;;;;;;;;;;;;;;;;;;Germany_Oberliga_Westfalen;Germany_Oberliga_Westfalen;
2026-09-06;2026-09-06;Paraguay_DivisionIntermedia;6;Benjamin Aceval;12 de Junio;73.88;MEDIA;FINAL;1;1;2;KO;OK;PRO: attacco casa positivo | attacco trasferta positivo | difesa trasferta vulnerabile | difesa casa vulnerabile | trend over recente casa | profilo over interno positivo | alta tendenza BTTS || CONTRO: v22 monitora possibile sopravvalutazione weak_ga | trend over trasferta non forte | profilo over esterno debole;0.4;11.82;10.34;6.36;7.95;12.0;6.0;10.0;0.0;9.0;2.6.0;;;;;;;;;;;;;;;;;;;;;;;;;Paraguay_DivisionIntermedia;Paraguay_DivisionIntermedia;
2026-09-06;2026-09-06;USA_MLSNextPro_WesternConference_PacificDivision;28;Los Angeles FC 2;Ventura County;73.85;PROX-MEDIA;FINAL;1;1;2;KO;OK;PRO: attacco casa positivo | attacco trasferta positivo | difesa casa vulnerabile | trend over recente casa | trend over recente trasferta | profilo over interno positivo | alta tendenza BTTS || CONTRO: profilo over esterno debole;1.0;9.93;12.53;6.25;6.18;8.4;8.4;6.92;5.83;8.4;2.6.0;;;;;;;;;;;;;;;;;;;;;;;;;USA_MLSNextPro_WesternConference_PacificDivision;USA_MLSNextPro_WesternConference_PacificDivision;
2026-09-06;2026-09-06;Germany_Regionalliga_Nord;8;Hannoverscher SC;SC Weiche-08;73.72;MEDIA;FINAL;1;6;7;OK;OK;PRO: attacco casa positivo | attacco trasferta positivo | difesa casa vulnerabile | trend over recente trasferta | profilo over interno positivo | profilo over esterno positivo || CONTRO: trend over casa non forte | BTTS basso: possibile partita a senso unico;2.82;8.86;13.0;6.06;5.3;6.0;8.0;10.0;6.67;7.0;2.6.0;;;;;;;;;;;;;;;;;;;;;;;;;Germany_Regionalliga_Nord;Germany_Regionalliga_Nord;
2026-09-06;2026-09-06;FaroeIslands_1Deild;22;HB Torshavn 2;Sandur;73.6;MEDIA;FINAL;0;2;2;KO;KO;PRO: attacco trasferta positivo | difesa casa vulnerabile | trend over recente casa | trend over recente trasferta | profilo over esterno positivo || CONTRO: attacco casa non dominante | profilo over interno debole | BTTS basso: possibile partita a senso unico;3.33;7.09;13.0;6.18;4.01;8.4;12.0;4.0;8.75;6.83;2.6.0;;;;;;;;;;;;;;;;;;;;;;;;;FaroeIslands_1Deild;FaroeIslands_1Deild;
2026-09-06;2026-09-06;USA_MLS;26;Portland Timbers;Minnesota;73.54;PROX-MEDIA;FINAL;5;4;9;OK;OK;PRO: attacco casa positivo | difesa trasferta vulnerabile | difesa casa vulnerabile | trend over recente casa | profilo over interno positivo | profilo over esterno positivo | alta tendenza BTTS || CONTRO: ospite poco prolifico: rischio 1-0 / 2-0 | v22 monitora possibile sopravvalutazione weak_ga | trend over trasferta non forte;0.62;10.48;8.06;6.45;6.61;9.6;6.0;9.09;8.18;8.45;2.6.0;;;;;;;;;;;;;;;;;;;;;;;;;USA_MLS;USA_MLS;
2026-09-06;2026-09-06;Estonia_Esiliiga;31;Elva;Nomme Kalju U21;73.48;MEDIA;FINAL;1;0;1;KO;KO;PRO: attacco casa positivo | difesa trasferta vulnerabile | difesa casa vulnerabile | trend over recente casa | trend over recente trasferta | profilo over esterno positivo || CONTRO: ospite poco prolifico: rischio 1-0 / 2-0 | v22 monitora possibile sopravvalutazione weak_ga | profilo over interno debole | BTTS basso: possibile partita a senso unico;4.0;9.93;8.27;5.38;10.0;7.2;8.4;5.83;7.5;6.96;2.6.0;;;;;;;;;;;;;;;;;;;;;;;;;Estonia_Esiliiga;Estonia_Esiliiga;
2026-09-06;2026-09-06;Poland_Division1;7;Polonia B.;Podbeskidzie;73.48;MEDIA;FINAL;0;0;0;KO;KO;PRO: attacco casa positivo | difesa trasferta vulnerabile | difesa casa vulnerabile | trend over recente casa | profilo over interno positivo | alta tendenza BTTS || CONTRO: ospite poco prolifico: rischio 1-0 / 2-0 | v22 monitora possibile sopravvalutazione weak_ga | trend over trasferta non forte | profilo over esterno debole;0.71;11.82;7.88;8.0;7.58;10.0;4.0;10.0;2.5;11.0;2.6.0;;;;;;;;;;;;;;;;;;;;;;;;;Poland_Division1;Poland_Division1;
2026-09-06;2026-09-06;Germany_Regionalliga_West;7;Schalke 2;FC Gutersloh;73.39;MEDIA;FINAL;1;3;4;OK;OK;PRO: attacco casa positivo | attacco trasferta positivo | difesa casa vulnerabile | trend over recente casa | trend over recente trasferta | profilo over interno positivo || CONTRO: profilo over esterno debole | BTTS basso: possibile partita a senso unico;2.12;13.0;13.0;8.0;2.27;10.0;8.0;6.67;3.33;7.0;2.6.0;;;;;;;;;;;;;;;;;;;;;;;;;Germany_Regionalliga_West;Germany_Regionalliga_West;
2026-09-06;2026-09-06;CzechRepublic_4Liga_GroupD;5;Bystrc;Havlickuv Brod;73.23;MEDIA;FINAL;0;0;0;KO;KO;PRO: attacco casa positivo | attacco trasferta positivo | difesa trasferta vulnerabile | difesa casa vulnerabile | trend over recente trasferta | alta tendenza BTTS || CONTRO: v22 monitora possibile sopravvalutazione weak_ga | trend over casa non forte | profilo over interno debole | profilo over esterno debole;4.8;10.34;11.82;5.45;6.82;6.0;9.0;5.0;5.0;9.0;2.6.0;;;;;;;;;;;;;;;;;;;;;;;;;CzechRepublic_4Liga_GroupD;CzechRepublic_4Liga_GroupD;CzechRepublic_4Liga
2026-09-06;2026-09-06;Bolivia_DivisionProfesional;22;Independiente;Bolivar;73.05;MEDIA;FINAL;0;4;4;OK;KO;PRO: attacco casa positivo | attacco trasferta positivo | difesa casa vulnerabile | trend over recente casa | trend over recente trasferta | profilo over interno positivo | alta tendenza BTTS || CONTRO: profilo over esterno debole;1.6;8.69;13.0;5.35;5.08;9.6;9.6;6.67;5.0;8.47;2.6.0;;;;;;;;;;;;;;;;;;;;;;;;;Bolivia_DivisionProfesional;Bolivia_DivisionProfesional;
2026-09-06;2026-09-06;USA_MLS;26;Cincinnati;DC United;72.8;PROX-MEDIA;POSTPONED;;;;;;PRO: attacco casa positivo | difesa trasferta vulnerabile | difesa casa vulnerabile | trend over recente casa | trend over recente trasferta | profilo over interno positivo | alta tendenza BTTS || CONTRO: ospite poco prolifico: rischio 1-0 / 2-0 | v22 monitora possibile sopravvalutazione weak_ga | profilo over esterno debole;1.86;13.0;7.52;8.0;7.44;9.6;7.2;6.36;3.64;8.18;2.6.0;;;;;;;;;;;;;;;;;;;;;;;;;USA_MLS;USA_MLS;
2026-09-06;2026-09-06;CzechRepublic_3CFL_GroupB;5;Jablonec B;Liberec B;72.73;MEDIA;FINAL;2;0;2;KO;KO;PRO: attacco casa positivo | difesa trasferta vulnerabile | trend over recente trasferta | profilo over esterno positivo || CONTRO: ospite poco prolifico: rischio 1-0 / 2-0 | v22 monitora possibile sopravvalutazione weak_ga | trend over casa non forte | profilo over interno debole | BTTS basso: possibile partita a senso unico;6.0;13.0;5.91;1.82;10.0;3.0;12.0;5.0;10.0;6.0;2.6.0;;;;;;;;;;;;;;;;;;;;;;;;;CzechRepublic_3CFL_GroupB;CzechRepublic_3CFL_GroupB;CzechRepublic_3rdTier
2026-09-06;2026-09-06;CzechRepublic_ChNL;7;Zizkov;Pribram;72.65;MEDIA;FINAL;1;1;2;KO;OK;PRO: attacco trasferta positivo | difesa casa vulnerabile | trend over recente casa | trend over recente trasferta | profilo over esterno positivo || CONTRO: attacco casa non dominante | profilo over interno debole | BTTS basso: possibile partita a senso unico;4.8;2.95;10.83;8.0;6.06;8.0;10.0;5.0;10.0;7.0;2.6.0;;;;;;;;;;;;;;;;;;;;;;;;;CzechRepublic_ChNL;CzechRepublic_ChNL;
2026-09-06;2026-09-06;Norway_2ndDivision_Group2;22;Grorud;Rana FK;72.54;PROX-MEDIA;FINAL;4;2;6;OK;OK;PRO: attacco trasferta positivo | difesa trasferta vulnerabile | trend over recente trasferta | profilo over esterno positivo | alta tendenza BTTS || CONTRO: attacco casa non dominante | v22 monitora possibile sopravvalutazione weak_ga | trend over casa non forte | profilo over interno debole;1.38;8.34;11.12;3.21;8.56;6.0;10.8;5.71;10.0;7.41;2.6.0;;;;;;;;;;;;;;;;;;;;;;;;;Norway_2ndDivision_Group2;Norway_2ndDivision_Group2;
2026-09-06;2026-09-06;Hungary_NBI;8;Győr;Honved;72.53;MEDIA;FINAL;3;2;5;OK;OK;PRO: attacco casa positivo | attacco trasferta positivo | difesa trasferta vulnerabile | trend over recente casa | trend over recente trasferta | profilo over interno positivo | alta tendenza BTTS || CONTRO: v22 monitora possibile sopravvalutazione weak_ga | profilo over esterno debole;2.73;10.83;9.45;4.24;7.27;8.0;7.2;10.0;5.0;7.8;2.6.0;;;;;;;;;;;;;;;;;;;;;;;;;Hungary_NBI;Hungary_NBI;
2026-09-06;2026-09-06;Germany_Oberliga_Bremen;5;Grohn;Blumenthaler;72.43;MEDIA;FINAL;2;5;7;OK;OK;PRO: attacco trasferta positivo | difesa casa vulnerabile | trend over recente trasferta | profilo over esterno positivo | alta tendenza BTTS || CONTRO: attacco casa non dominante | trend over casa non forte | profilo over interno debole;2.0;7.39;13.0;8.0;4.55;6.0;9.0;5.0;10.0;7.5;2.6.0;;;;;;;;;;;;;;;;;;;;;;;;;Germany_Oberliga_Bremen;Germany_Oberliga_Bremen;
2026-09-06;2026-09-06;Iceland_1DeildWomen;20;UMF Selfoss;HK Kopavogur;72.34;PROX-MEDIA;FINAL;3;3;6;OK;OK;PRO: attacco casa positivo | attacco trasferta positivo | difesa trasferta vulnerabile | difesa casa vulnerabile | trend over recente casa | trend over recente trasferta | profilo over esterno positivo | alta tendenza BTTS || CONTRO: v22 monitora possibile sopravvalutazione weak_ga | profilo over interno debole;1.33;10.71;13.0;5.45;7.75;7.2;8.4;3.75;7.5;7.24;2.6.0;;;;;;;;;;;;;;;;;;;;;;;;;Iceland_1DeildWomen;Iceland_1DeildWomen;
2026-09-06;2026-09-06;Sweden_Division2_NorraSvealand;21;Bollstanas;Angby;72.32;MEDIA;FINAL;0;5;5;OK;KO;PRO: attacco casa positivo | attacco trasferta positivo | difesa casa vulnerabile | trend over recente casa | profilo over esterno positivo | alta tendenza BTTS || CONTRO: trend over trasferta non forte | profilo over interno debole;1.85;11.82;10.89;5.93;5.26;8.4;6.0;5.56;7.78;8.84;2.6.0;;;;;;;;;;;;;;;;;;;;;;;;;Sweden_Division2_NorraSvealand;Sweden_Division2_NorraSvealand;
2026-09-06;2026-09-06;Denmark_Superliga;8;Sonderjyske;Horsens;72.2;MEDIA;FINAL;2;5;7;OK;OK;PRO: difesa trasferta vulnerabile | difesa casa vulnerabile | trend over recente casa | trend over recente trasferta | profilo over interno positivo | profilo over esterno positivo | alta tendenza BTTS || CONTRO: attacco casa non dominante | ospite poco prolifico: rischio 1-0 / 2-0 | v22 monitora possibile sopravvalutazione weak_ga;3.27;4.92;7.88;7.88;7.58;8.0;8.0;6.67;10.0;8.0;2.6.0;;;;;;;;;;;;;;;;;;;;;;;;;Denmark_Superliga;Denmark_Superliga;
2026-09-06;2026-09-06;Mexico_LigaMX_Apertura;7;Tigres;Necaxa;72.19;MEDIA;FINAL;1;1;2;KO;OK;PRO: attacco trasferta positivo | difesa trasferta vulnerabile | difesa casa vulnerabile | trend over recente casa | trend over recente trasferta | alta tendenza BTTS || CONTRO: attacco casa non dominante | v22 monitora possibile sopravvalutazione weak_ga | profilo over interno debole | profilo over esterno debole;2.82;7.88;9.85;6.06;7.58;8.0;10.0;5.0;5.0;10.0;2.6.0;;;;;;;;;;;;;;;;;;;;;;;;;Mexico_LigaMX_Apertura;Mexico_LigaMX_Apertura;
2026-09-06;2026-09-06;Germany_Oberliga_Niederrhein;4;Schonnebeck;Buderich;72.11;MEDIA;FINAL;7;1;8;OK;OK;PRO: attacco casa positivo | attacco trasferta positivo | difesa casa vulnerabile | trend over recente casa | profilo over interno positivo | alta tendenza BTTS || CONTRO: trend over trasferta non forte | profilo over esterno debole;0.71;13.0;8.86;8.0;4.55;12.0;6.0;10.0;0.0;9.0;2.6.0;;;;;;;;;;;;;;;;;;;;;;;;;Germany_Oberliga_Niederrhein;Germany_Oberliga_Niederrhein;
2026-09-06;2026-09-06;Germany_Regionalliga_Nord;8;Bremer;Emden;72.1;MEDIA;FINAL;2;3;5;OK;OK;PRO: attacco trasferta positivo | difesa trasferta vulnerabile | difesa casa vulnerabile | trend over recente trasferta | profilo over esterno positivo | alta tendenza BTTS || CONTRO: attacco casa non dominante | v22 monitora possibile sopravvalutazione weak_ga | trend over casa non forte | profilo over interno debole;0.71;3.94;13.0;5.45;10.0;6.0;10.0;5.0;10.0;8.0;2.6.0;;;;;;;;;;;;;;;;;;;;;;;;;Germany_Regionalliga_Nord;Germany_Regionalliga_Nord;
2026-09-06;2026-09-06;Finland_Kakkonen_GroupC;21;GBK Kokkola;JBK;71.96;PROX-MEDIA;FINAL;3;0;3;OK;KO;PRO: attacco casa positivo | attacco trasferta positivo | difesa casa vulnerabile | trend over recente casa | trend over recente trasferta || CONTRO: profilo over interno debole | profilo over esterno debole | BTTS basso: possibile partita a senso unico;0.67;13.0;11.82;7.46;5.98;8.4;7.2;5.56;5.56;6.32;2.6.0;;;;;;;;;;;;;;;;;;;;;;;;;Finland_Kakkonen_GroupC;Finland_Kakkonen_GroupC;
2026-09-06;2026-09-06;Sweden_Division2_NorraGotaland;22;Skara;Vanersborgs IF;71.93;MEDIA;FINAL;5;0;5;OK;KO;PRO: attacco casa positivo | difesa trasferta vulnerabile | trend over recente trasferta | profilo over interno positivo | profilo over esterno positivo || CONTRO: ospite poco prolifico: rischio 1-0 / 2-0 | v22 monitora possibile sopravvalutazione weak_ga | trend over casa non forte | BTTS basso: possibile partita a senso unico;5.54;11.51;6.2;4.02;10.0;4.8;7.2;6.67;8.89;7.11;2.6.0;;;;;;;;;;;;;;;;;;;;;;;;;Sweden_Division2_NorraGotaland;Sweden_Division2_NorraGotaland;
2026-09-06;2026-09-06;Sweden_Division2_SodraGotaland;25;IFK Trelleborg;Linero IF;71.58;MEDIA;FINAL;1;2;3;OK;OK;PRO: attacco casa positivo | attacco trasferta positivo | difesa trasferta vulnerabile | trend over recente casa | trend over recente trasferta | profilo over esterno positivo | alta tendenza BTTS || CONTRO: v22 monitora possibile sopravvalutazione weak_ga | profilo over interno debole;0.92;11.2;10.89;3.06;7.89;7.2;8.4;5.56;8.89;7.58;2.6.0;;;;;;;;;;;;;;;;;;;;;;;;;Sweden_Division2_SodraGotaland;Sweden_Division2_SodraGotaland;
2026-09-06;2026-09-06;Belarus_PershayaLiga;25;Gomel 2;FC Slonim;71.49;MEDIA;FINAL;2;5;7;OK;OK;PRO: attacco trasferta positivo | difesa casa vulnerabile | trend over recente casa | trend over recente trasferta | profilo over interno positivo || CONTRO: attacco casa non dominante | profilo over esterno debole | BTTS basso: possibile partita a senso unico;3.53;8.06;10.74;6.45;5.79;9.6;9.6;6.36;4.55;6.82;2.6.0;;;;;;;;;;;;;;;;;;;;;;;;;Belarus_PershayaLiga;Belarus_PershayaLiga;
2026-09-06;2026-09-06;Iceland_BestaDeildKvenna;19;Hafnarfjordur D;Thor/KA D;71.38;MEDIA;FINAL;2;1;3;OK;OK;PRO: attacco casa positivo | difesa trasferta vulnerabile | difesa casa vulnerabile | trend over recente casa | profilo over interno positivo | alta tendenza BTTS || CONTRO: ospite poco prolifico: rischio 1-0 / 2-0 | v22 monitora possibile sopravvalutazione weak_ga | trend over trasferta non forte | profilo over esterno debole;3.33;13.0;7.99;6.63;6.95;9.6;3.6;7.5;5.0;7.76;2.6.0;;;;;;;;;;;;;;;;;;;;;;;;;Iceland_BestaDeildKvenna;Iceland_BestaDeildKvenna;
2026-09-06;2026-09-06;CzechRepublic_3CFL_GroupA;5;Povltavska FA;Sparta Praga B;71.21;MEDIA;FINAL;0;0;0;KO;KO;PRO: attacco trasferta positivo | difesa casa vulnerabile | trend over recente casa | trend over recente trasferta | profilo over interno positivo | profilo over esterno positivo || CONTRO: attacco casa non dominante | BTTS basso: possibile partita a senso unico;5.6;1.97;11.82;7.27;4.55;8.0;8.0;10.0;10.0;4.0;2.6.0;;;;;;;;;;;;;;;;;;;;;;;;;CzechRepublic_3CFL_GroupA;CzechRepublic_3CFL_GroupA;CzechRepublic_3rdTier
2026-09-06;2026-09-06;Belgium_JupilerProLeague;8;Anderlecht;Genk;71.13;MEDIA;FINAL;0;0;0;KO;KO;PRO: attacco trasferta positivo | difesa trasferta vulnerabile | trend over recente trasferta | profilo over esterno positivo || CONTRO: attacco casa non dominante | v22 monitora possibile sopravvalutazione weak_ga | trend over casa non forte | profilo over interno debole | BTTS basso: possibile partita a senso unico;1.06;4.43;13.0;4.55;9.09;6.0;12.0;5.0;10.0;6.0;2.6.0;;;;;;;;;;;;;;;;;;;;;;;;;Belgium_JupilerProLeague;Belgium_JupilerProLeague;
2026-09-06;2026-09-06;USA_MLS;26;Austin FC;San Jose Earthquakes;70.93;MEDIA;FINAL;1;1;2;KO;OK;PRO: attacco trasferta positivo | difesa trasferta vulnerabile | difesa casa vulnerabile | trend over recente casa | trend over recente trasferta | alta tendenza BTTS || CONTRO: attacco casa non dominante | v22 monitora possibile sopravvalutazione weak_ga | profilo over interno debole | profilo over esterno debole;3.52;7.52;10.48;6.78;6.82;9.6;8.4;5.0;5.45;7.36;2.6.0;;;;;;;;;;;;;;;;;;;;;;;;;USA_MLS;USA_MLS;
2026-09-06;2026-09-06;Poland_IIILiga_Group4;6;Busko-Zdroj;Wislanie Skawina;70.92;MEDIA;FINAL;2;1;3;OK;OK;PRO: difesa casa vulnerabile | trend over recente casa | profilo over interno positivo | alta tendenza BTTS || CONTRO: attacco casa non dominante | ospite poco prolifico: rischio 1-0 / 2-0 | trend over trasferta non forte | profilo over esterno debole;4.94;8.27;8.27;8.0;3.64;9.6;4.8;10.0;5.0;8.4;2.6.0;;;;;;;;;;;;;;;;;;;;;;;;;Poland_IIILiga_Group4;Poland_IIILiga_Group4;
2026-09-06;2026-09-06;Sweden_Division2_NorraGotaland;22;Grebbestad;Lidkoping;70.74;MEDIA;FINAL;0;1;1;KO;KO;PRO: attacco casa positivo | difesa trasferta vulnerabile | difesa casa vulnerabile | trend over recente casa | trend over recente trasferta | profilo over esterno positivo | alta tendenza BTTS || CONTRO: ospite poco prolifico: rischio 1-0 / 2-0 | v22 monitora possibile sopravvalutazione weak_ga | profilo over interno debole;2.77;10.57;6.5;5.55;8.86;9.6;7.2;5.0;6.36;8.32;2.6.0;;;;;;;;;;;;;;;;;;;;;;;;;Sweden_Division2_NorraGotaland;Sweden_Division2_NorraGotaland;
2026-09-06;2026-09-06;USA_MLS;26;Orlando City;San Diego FC;70.69;PROX-MEDIA;FINAL;1;0;1;KO;KO;PRO: attacco casa positivo | attacco trasferta positivo | difesa trasferta vulnerabile | difesa casa vulnerabile | trend over recente casa | trend over recente trasferta | profilo over interno positivo | alta tendenza BTTS || CONTRO: v22 monitora possibile sopravvalutazione weak_ga | profilo over esterno debole;1.86;9.94;10.74;8.0;6.82;8.4;7.2;6.36;4.0;7.36;2.6.0;;;;;;;;;;;;;;;;;;;;;;;;;USA_MLS;USA_MLS;
2026-09-06;2026-09-06;Germany_Regionalliga_Sudwest;6;Kaiserslautern 2;Fulda-Lehnerz;70.52;MEDIA;FINAL;1;0;1;KO;KO;PRO: attacco trasferta positivo | difesa trasferta vulnerabile | difesa casa vulnerabile | trend over recente casa | trend over recente trasferta || CONTRO: attacco casa non dominante | v22 monitora possibile sopravvalutazione weak_ga | profilo over interno debole | profilo over esterno debole | BTTS basso: possibile partita a senso unico;3.18;4.43;11.82;8.0;9.09;9.0;9.0;5.0;5.0;6.0;2.6.0;;;;;;;;;;;;;;;;;;;;;;;;;Germany_Regionalliga_Sudwest;Germany_Regionalliga_Sudwest;
2026-09-06;2026-09-06;CzechRepublic_4Liga_GroupD;5;Zdar nad Sazavou;Chotebor;70.48;MEDIA;FINAL;0;2;2;KO;KO;PRO: attacco casa positivo | difesa trasferta vulnerabile | trend over recente casa | alta tendenza BTTS || CONTRO: ospite poco prolifico: rischio 1-0 / 2-0 | v22 monitora possibile sopravvalutazione weak_ga | trend over trasferta non forte | profilo over interno debole | profilo over esterno debole;6.0;13.0;4.43;4.55;10.0;9.0;6.0;5.0;5.0;7.5;2.6.0;;;;;;;;;;;;;;;;;;;;;;;;;CzechRepublic_4Liga_GroupD;CzechRepublic_4Liga_GroupD;CzechRepublic_4Liga
2026-09-06;2026-09-06;Portugal_Liga3_SerieA;4;S. Joao Ver;AD Marco 09;70.39;MEDIA;FINAL;0;0;0;KO;KO;PRO: attacco trasferta positivo | difesa casa vulnerabile | trend over recente trasferta | profilo over interno positivo | profilo over esterno positivo | alta tendenza BTTS || CONTRO: attacco casa non dominante | trend over casa non forte;6.0;3.94;9.85;6.06;4.55;4.0;8.0;10.0;10.0;8.0;2.6.0;;;;;;;;;;;;;;;;;;;;;;;;;Portugal_Liga3_SerieA;Portugal_Liga3_SerieA;Portugal_Liga3
2026-09-06;2026-09-06;Slovakia_NikeLiga;7;Ruzomberok;Trnava;70.32;MEDIA;FINAL;1;1;2;KO;OK;PRO: attacco trasferta positivo | difesa casa vulnerabile | trend over recente casa | trend over recente trasferta | profilo over esterno positivo || CONTRO: attacco casa non dominante | profilo over interno debole | BTTS basso: possibile partita a senso unico;5.45;3.94;12.8;8.0;3.79;8.0;8.0;3.33;10.0;7.0;2.6.0;;;;;;;;;;;;;;;;;;;;;;;;;Slovakia_NikeLiga;Slovakia_NikeLiga;
2026-09-06;2026-09-06;Georgia_ErovnuliLiga;5;Torpedo Kutaisi;Din. Tbilisi;70.27;MEDIA;FINAL;1;1;2;KO;OK;PRO: difesa trasferta vulnerabile | difesa casa vulnerabile | trend over recente trasferta | profilo over esterno positivo || CONTRO: attacco casa non dominante | ospite poco prolifico: rischio 1-0 / 2-0 | v22 monitora possibile sopravvalutazione weak_ga | trend over casa non forte | profilo over interno debole | BTTS basso: possibile partita a senso unico;2.67;7.88;7.88;7.27;7.58;4.0;12.0;5.0;10.0;6.0;2.6.0;;;;;;;;;;;;;;;;;;;;;;;;;Georgia_ErovnuliLiga;Georgia_ErovnuliLiga;
2026-09-06;2026-09-06;Germany_Regionalliga_West;7;Paderborn 2;Wattenscheid;70.24;MEDIA;FINAL;5;2;7;OK;OK;PRO: attacco casa positivo | difesa trasferta vulnerabile | difesa casa vulnerabile | trend over recente casa | trend over recente trasferta | profilo over interno positivo | alta tendenza BTTS || CONTRO: ospite poco prolifico: rischio 1-0 / 2-0 | v22 monitora possibile sopravvalutazione weak_ga | profilo over esterno debole;1.06;9.85;7.88;7.88;7.58;8.0;8.0;6.67;3.33;10.0;2.6.0;;;;;;;;;;;;;;;;;;;;;;;;;Germany_Regionalliga_West;Germany_Regionalliga_West;
2026-09-06;2026-09-06;Germany_Regionalliga_West;7;Bergisch Gladbach;Bochum 2;70.23;MEDIA;FINAL;1;0;1;KO;KO;PRO: difesa trasferta vulnerabile | difesa casa vulnerabile | trend over recente casa | trend over recente trasferta | profilo over interno positivo | profilo over esterno positivo | alta tendenza BTTS || CONTRO: attacco casa non dominante | ospite poco prolifico: rischio 1-0 / 2-0 | v22 monitora possibile sopravvalutazione weak_ga;1.76;7.88;6.89;7.27;9.09;8.0;8.0;6.67;6.67;8.0;2.6.0;;;;;;;;;;;;;;;;;;;;;;;;;Germany_Regionalliga_West;Germany_Regionalliga_West;
2026-09-06;2026-09-06;USA_MLS;26;Philadelphia Union;CF Montreal;70.1;PROX-MEDIA;FINAL;2;0;2;KO;KO;PRO: attacco casa positivo | difesa trasferta vulnerabile | difesa casa vulnerabile | trend over recente casa | profilo over esterno positivo | alta tendenza BTTS || CONTRO: ospite poco prolifico: rischio 1-0 / 2-0 | v22 monitora possibile sopravvalutazione weak_ga | trend over trasferta non forte | profilo over interno debole;0.83;9.13;8.06;6.45;9.5;8.4;6.0;5.0;9.09;7.64;2.6.0;;;;;;;;;;;;;;;;;;;;;;;;;USA_MLS;USA_MLS;
2026-09-06;2026-09-06;Sweden_Division2_SodraGotaland;25;IFK Berga;Lilla Torg;69.79;MEDIA;FINAL;1;3;4;OK;OK;PRO: attacco casa positivo | difesa trasferta vulnerabile | trend over recente casa | profilo over interno positivo | alta tendenza BTTS || CONTRO: ospite poco prolifico: rischio 1-0 / 2-0 | v22 monitora possibile sopravvalutazione weak_ga | trend over trasferta non forte | profilo over esterno debole;2.77;12.66;6.84;5.19;7.42;10.8;6.0;8.18;2.22;7.7;2.6.0;;;;;;;;;;;;;;;;;;;;;;;;;Sweden_Division2_SodraGotaland;Sweden_Division2_SodraGotaland;
2026-09-06;2026-09-06;Austria_Karnten;8;Kottmannsdorf;KAC 1909;69.62;MEDIA;FINAL;1;3;4;OK;OK;PRO: attacco trasferta positivo | difesa casa vulnerabile | trend over recente casa | trend over recente trasferta | profilo over interno positivo || CONTRO: attacco casa non dominante | profilo over esterno debole | BTTS basso: possibile partita a senso unico;6.0;7.09;13.0;8.0;2.73;9.6;7.2;10.0;0.0;6.0;2.6.0;;;;;;;;;;;;;;;;;;;;;;;;;Austria_Karnten;Austria_Karnten;
2026-09-06;2026-09-06;Germany_Regionalliga_Nord;8;Schoningen;VfB Oldenburg;69.46;MEDIA;FINAL;1;0;1;KO;KO;PRO: attacco casa positivo | attacco trasferta positivo | trend over recente trasferta | profilo over esterno positivo | alta tendenza BTTS || CONTRO: trend over casa non forte | profilo over interno debole;0.71;11.82;13.0;3.64;5.3;6.0;10.0;3.33;6.67;9.0;2.6.0;;;;;;;;;;;;;;;;;;;;;;;;;Germany_Regionalliga_Nord;Germany_Regionalliga_Nord;
2026-09-06;2026-09-06;USA_USLLeagueOne;36;Union Omaha;Charlotte Independ.;69.11;PROX-MEDIA;FINAL;2;0;2;KO;KO;PRO: attacco casa positivo | attacco trasferta positivo | trend over recente trasferta | profilo over esterno positivo | alta tendenza BTTS || CONTRO: trend over casa non forte | profilo over interno debole;0.38;10.09;13.0;4.09;6.13;6.0;8.4;5.83;7.0;8.18;2.6.0;;;;;;;;;;;;;;;;;;;;;;;;;USA_USLLeagueOne;USA_USLLeagueOne;
2026-09-06;2026-09-06;Mexico_LigaExpansionMX_Apertura;7;Jaiba Brava;Venados;69.04;MEDIA;FINAL;4;3;7;OK;OK;PRO: attacco trasferta positivo | difesa trasferta vulnerabile | trend over recente trasferta | profilo over interno positivo | profilo over esterno positivo || CONTRO: attacco casa non dominante | v22 monitora possibile sopravvalutazione weak_ga | trend over casa non forte | BTTS basso: possibile partita a senso unico;1.29;4.92;12.8;4.85;9.85;6.0;10.0;6.67;6.67;6.0;2.6.0;;;;;;;;;;;;;;;;;;;;;;;;;Mexico_LigaExpansionMX_Apertura;Mexico_LigaExpansionMX_Apertura;
2026-09-06;2026-09-06;Sweden_Division1_Sodra;22;Skövde;Trelleborg;69.03;MEDIA;FINAL;2;1;3;OK;OK;PRO: attacco trasferta positivo | difesa casa vulnerabile | trend over recente casa | trend over recente trasferta | profilo over esterno positivo | alta tendenza BTTS || CONTRO: attacco casa non dominante | profilo over interno debole;4.4;5.6;12.75;5.36;5.02;8.4;9.6;3.33;6.67;7.89;2.6.0;;;;;;;;;;;;;;;;;;;;;;;;;Sweden_Division1_Sodra;Sweden_Division1_Sodra;
2026-09-06;2026-09-06;Slovakia_3Liga_West;5;Belusa;D. Luzna;68.98;MEDIA;FINAL;2;2;4;OK;OK;PRO: attacco casa positivo | trend over recente casa | profilo over interno positivo | alta tendenza BTTS || CONTRO: ospite poco prolifico: rischio 1-0 / 2-0 | trend over trasferta non forte | profilo over esterno debole;2.0;13.0;7.39;4.55;4.55;12.0;3.0;10.0;5.0;7.5;2.6.0;;;;;;;;;;;;;;;;;;;;;;;;;Slovakia_3Liga_West;Slovakia_3Liga_West;
2026-09-06;2026-09-06;Sweden_Allsvenskan;26;Orgryte;Hammarby;68.95;MEDIA;FINAL;1;1;2;KO;OK;PRO: attacco trasferta positivo | difesa casa vulnerabile | trend over recente casa | trend over recente trasferta || CONTRO: attacco casa non dominante | profilo over interno debole | profilo over esterno debole | BTTS basso: possibile partita a senso unico;5.2;6.84;13.0;8.0;4.31;7.2;8.4;5.56;4.44;6.0;2.6.0;;;;;;;;;;;;;;;;;;;;;;;;;Sweden_Allsvenskan;Sweden_Allsvenskan;
2026-09-06;2026-09-06;USA_USLLeagueOne;36;FC Naples;Boise;68.87;MEDIA;FINAL;0;2;2;KO;KO;PRO: attacco trasferta positivo | difesa trasferta vulnerabile | difesa casa vulnerabile | trend over recente casa | trend over recente trasferta | profilo over esterno positivo || CONTRO: attacco casa non dominante | v22 monitora possibile sopravvalutazione weak_ga | profilo over interno debole | BTTS basso: possibile partita a senso unico;2.62;6.94;9.6;6.17;6.63;8.4;9.6;4.55;7.5;6.87;2.6.0;;;;;;;;;;;;;;;;;;;;;;;;;USA_USLLeagueOne;USA_USLLeagueOne;
2026-09-06;2026-09-06;CzechRepublic_4Liga_GroupC;5;Svitavy;Kolin;68.81;MEDIA;FINAL;1;3;4;OK;OK;PRO: difesa trasferta vulnerabile | difesa casa vulnerabile | trend over recente casa | profilo over interno positivo | alta tendenza BTTS || CONTRO: attacco casa non dominante | ospite poco prolifico: rischio 1-0 / 2-0 | v22 monitora possibile sopravvalutazione weak_ga | trend over trasferta non forte | profilo over esterno debole;2.4;5.91;5.91;8.0;9.09;9.0;6.0;10.0;5.0;7.5;2.6.0;;;;;;;;;;;;;;;;;;;;;;;;;CzechRepublic_4Liga_GroupC;CzechRepublic_4Liga_GroupC;CzechRepublic_4Liga
2026-09-06;2026-09-06;USA_MLSNextPro_WesternConference_CentralDivision;30;Sporting Kansas City 2;St. Louis City 2;68.8;MEDIA;FINAL;1;2;3;OK;OK;PRO: attacco trasferta positivo | difesa trasferta vulnerabile | difesa casa vulnerabile | trend over recente casa | profilo over interno positivo | alta tendenza BTTS || CONTRO: attacco casa non dominante | v22 monitora possibile sopravvalutazione weak_ga | trend over trasferta non forte | profilo over esterno debole;3.0;7.33;9.22;8.0;6.55;9.6;6.0;6.67;5.0;7.44;2.6.0;;;;;;;;;;;;;;;;;;;;;;;;;USA_MLSNextPro_WesternConference_CentralDivision;USA_MLSNextPro_WesternConference_CentralDivision;
2026-09-06;2026-09-06;Lithuania_Toplyga;34;Zalgiris;FA Siauliai;68.61;MEDIA;FINAL;1;0;1;KO;KO;PRO: difesa trasferta vulnerabile | trend over recente casa | trend over recente trasferta | profilo over interno positivo | profilo over esterno positivo || CONTRO: attacco casa non dominante | ospite poco prolifico: rischio 1-0 / 2-0 | v22 monitora possibile sopravvalutazione weak_ga | BTTS basso: possibile partita a senso unico;2.0;8.12;6.15;4.55;9.82;8.4;9.6;7.5;6.36;6.11;2.6.0;;;;;;;;;;;;;;;;;;;;;;;;;Lithuania_Toplyga;Lithuania_Toplyga;
2026-09-06;2026-09-06;Turkey_1Lig;6;Antalyaspor;Sivasspor;68.4;MEDIA;FINAL;1;2;3;OK;OK;PRO: attacco casa positivo | difesa trasferta vulnerabile | difesa casa vulnerabile | trend over recente casa | trend over recente trasferta | profilo over interno positivo | alta tendenza BTTS || CONTRO: ospite poco prolifico: rischio 1-0 / 2-0 | v22 monitora possibile sopravvalutazione weak_ga | profilo over esterno debole;1.89;9.45;5.91;7.27;7.27;7.2;7.2;10.0;5.0;7.2;2.6.0;;;;;;;;;;;;;;;;;;;;;;;;;Turkey_1Lig;Turkey_1Lig;
2026-09-06;2026-09-06;Austria_Burgenland;5;Pama;Edelserpentin;68.15;MEDIA;FINAL;4;0;4;OK;KO;PRO: attacco casa positivo | attacco trasferta positivo | difesa trasferta vulnerabile | difesa casa vulnerabile | profilo over esterno positivo | alta tendenza BTTS || CONTRO: v22 monitora possibile sopravvalutazione weak_ga | trend over casa non forte | trend over trasferta non forte | profilo over interno debole;1.6;8.86;8.86;6.36;7.95;6.0;6.0;5.0;10.0;7.5;2.6.0;;;;;;;;;;;;;;;;;;;;;;;;;Austria_Burgenland;Austria_Burgenland;
2026-09-06;2026-09-06;England_Championship;5;Birmingham;Wolves;68.12;MEDIA;FINAL;2;2;4;OK;OK;PRO: attacco trasferta positivo | difesa trasferta vulnerabile | trend over recente trasferta | profilo over esterno positivo | alta tendenza BTTS || CONTRO: attacco casa non dominante | v22 monitora possibile sopravvalutazione weak_ga | trend over casa non forte | profilo over interno debole;0.78;5.91;13.0;2.42;10.0;4.0;12.0;0.0;10.0;10.0;2.6.0;;;;;;;;;;;;;;;;;;;;;;;;;England_Championship;England_Championship;
2026-09-06;2026-09-06;Slovakia_3Liga_West;5;Velke Ludince;Nitra;68.12;MEDIA;FINAL;0;5;5;OK;KO;PRO: attacco trasferta positivo | difesa casa vulnerabile | profilo over interno positivo || CONTRO: attacco casa non dominante | trend over casa non forte | trend over trasferta non forte | profilo over esterno debole | BTTS basso: possibile partita a senso unico;4.8;5.91;13.0;8.0;3.41;6.0;6.0;10.0;5.0;6.0;2.6.0;;;;;;;;;;;;;;;;;;;;;;;;;Slovakia_3Liga_West;Slovakia_3Liga_West;
2026-09-06;2026-09-06;Russia_PremierLeague;7;Din. Mosca;Sp. Mosca;68.01;MEDIA;FINAL;2;1;3;OK;OK;PRO: attacco trasferta positivo | trend over recente casa | trend over recente trasferta | profilo over interno positivo | profilo over esterno positivo || CONTRO: attacco casa non dominante | BTTS basso: possibile partita a senso unico;1.6;7.88;10.83;4.24;3.79;8.0;8.0;6.67;10.0;7.0;2.6.0;;;;;;;;;;;;;;;;;;;;;;;;;Russia_PremierLeague;Russia_PremierLeague;
2026-09-06;2026-09-06;Estonia_Meistriliiga;29;Paide;Levadia;67.99;MEDIA;FINAL;0;2;2;KO;KO;PRO: attacco casa positivo | attacco trasferta positivo | trend over recente trasferta | profilo over esterno positivo | alta tendenza BTTS || CONTRO: trend over casa non forte | profilo over interno debole;2.0;10.02;13.0;4.74;3.51;6.0;8.4;4.55;7.5;8.26;2.6.0;;;;;;;;;;;;;;;;;;;;;;;;;Estonia_Meistriliiga;Estonia_Meistriliiga;
2026-09-06;2026-09-06;Slovenia_PrvaLiga;9;Maribor;Mura;67.77;MEDIA;FINAL;1;1;2;KO;OK;PRO: attacco casa positivo | difesa trasferta vulnerabile | profilo over interno positivo | profilo over esterno positivo || CONTRO: ospite poco prolifico: rischio 1-0 / 2-0 | v22 monitora possibile sopravvalutazione weak_ga | trend over casa non forte | trend over trasferta non forte | BTTS basso: possibile partita a senso unico;5.33;10.97;6.75;2.6;9.09;5.14;6.86;6.67;7.5;6.86;2.6.0;;;;;;;;;;;;;;;;;;;;;;;;;Slovenia_PrvaLiga;Slovenia_PrvaLiga;
2026-09-06;2026-09-06;Germany_Regionalliga_Nord;8;Brema 2;Phonix Lubeck;67.75;MEDIA;FINAL;0;2;2;KO;KO;PRO: attacco trasferta positivo | difesa casa vulnerabile | trend over recente casa | trend over recente trasferta | profilo over interno positivo | profilo over esterno positivo || CONTRO: attacco casa non dominante | BTTS basso: possibile partita a senso unico;3.18;6.89;11.82;6.67;3.03;8.0;8.0;6.67;7.5;6.0;2.6.0;;;;;;;;;;;;;;;;;;;;;;;;;Germany_Regionalliga_Nord;Germany_Regionalliga_Nord;
2026-09-06;2026-09-06;Austria_Burgenland;5;Lackenbach;Bad Sauerbrunn;67.72;MEDIA;FINAL;2;3;5;OK;OK;PRO: attacco trasferta positivo | difesa casa vulnerabile | trend over recente trasferta | profilo over esterno positivo || CONTRO: attacco casa non dominante | trend over casa non forte | profilo over interno debole | BTTS basso: possibile partita a senso unico;5.2;1.48;13.0;6.36;5.68;3.0;12.0;5.0;10.0;6.0;2.6.0;;;;;;;;;;;;;;;;;;;;;;;;;Austria_Burgenland;Austria_Burgenland;
2026-09-06;2026-09-06;Germany_Oberliga_Niedersachsen;5;Drochtersen/Assel 2;Hildesheim;67.64;MEDIA;FINAL;0;2;2;KO;KO;PRO: difesa trasferta vulnerabile | difesa casa vulnerabile | trend over recente casa | profilo over interno positivo || CONTRO: attacco casa non dominante | ospite poco prolifico: rischio 1-0 / 2-0 | v22 monitora possibile sopravvalutazione weak_ga | trend over trasferta non forte | profilo over esterno debole | BTTS basso: possibile partita a senso unico;1.41;7.39;7.39;6.36;9.09;9.0;6.0;10.0;5.0;6.0;2.6.0;;;;;;;;;;;;;;;;;;;;;;;;;Germany_Oberliga_Niedersachsen;Germany_Oberliga_Niedersachsen;
2026-09-06;2026-09-06;Sweden_Division2_NorraSvealand;21;Sunnersta AIF;Enskede;67.55;MEDIA;FINAL;0;1;1;KO;KO;PRO: attacco casa positivo | attacco trasferta positivo | trend over recente casa | trend over recente trasferta || CONTRO: profilo over interno debole | profilo over esterno debole | BTTS basso: possibile partita a senso unico;1.85;13.0;9.64;3.14;5.26;9.6;7.2;5.56;5.56;6.75;2.6.0;;;;;;;;;;;;;;;;;;;;;;;;;Sweden_Division2_NorraSvealand;Sweden_Division2_NorraSvealand;
2026-09-06;2026-09-06;Austria_Niederosterreich;5;Wieselburg;Amstetten (Am);67.4;MEDIA;FINAL;3;1;4;OK;OK;PRO: attacco casa positivo | difesa trasferta vulnerabile | difesa casa vulnerabile | trend over recente trasferta | alta tendenza BTTS || CONTRO: ospite poco prolifico: rischio 1-0 / 2-0 | v22 monitora possibile sopravvalutazione weak_ga | trend over casa non forte | profilo over interno debole | profilo over esterno debole;3.2;10.34;5.91;5.45;10.0;6.0;9.0;5.0;5.0;7.5;2.6.0;;;;;;;;;;;;;;;;;;;;;;;;;Austria_Niederosterreich;Austria_Niederosterreich;
2026-09-06;2026-09-06;USA_USLChampionship;33;Tampa Bay;Brooklyn;67.35;MEDIA;FINAL;2;0;2;KO;KO;PRO: attacco casa positivo | difesa trasferta vulnerabile | trend over recente trasferta | profilo over interno positivo | profilo over esterno positivo || CONTRO: ospite poco prolifico: rischio 1-0 / 2-0 | v22 monitora possibile sopravvalutazione weak_ga | trend over casa non forte | BTTS basso: possibile partita a senso unico;6.0;10.21;6.5;3.31;8.18;4.8;7.2;7.0;9.0;5.15;2.6.0;;;;;;;;;;;;;;;;;;;;;;;;;USA_USLChampionship;USA_USLChampionship;
2026-09-06;2026-09-06;Denmark_Superliga;8;Odense;FC Copenhagen;67.05;MEDIA;FINAL;0;5;5;OK;KO;PRO: attacco trasferta positivo | trend over recente trasferta | profilo over esterno positivo || CONTRO: attacco casa non dominante | trend over casa non forte | profilo over interno debole | BTTS basso: possibile partita a senso unico;3.82;4.92;13.0;4.24;6.06;4.0;10.0;5.0;10.0;6.0;2.6.0;;;;;;;;;;;;;;;;;;;;;;;;;Denmark_Superliga;Denmark_Superliga;
2026-09-06;2026-09-06;Norway_2ndDivision_Group2;22;Lørenskog;Junkeren;67.05;PROX-MEDIA;FINAL;1;1;2;KO;OK;PRO: attacco casa positivo | difesa trasferta vulnerabile | difesa casa vulnerabile | trend over recente trasferta | profilo over interno positivo || CONTRO: ospite poco prolifico: rischio 1-0 / 2-0 | v22 monitora possibile sopravvalutazione weak_ga | trend over casa non forte | profilo over esterno debole | BTTS basso: possibile partita a senso unico;1.85;9.39;8.34;6.2;8.02;6.0;8.4;7.5;5.0;6.35;2.6.0;;;;;;;;;;;;;;;;;;;;;;;;;Norway_2ndDivision_Group2;Norway_2ndDivision_Group2;
2026-09-06;2026-09-06;Germany_Regionalliga_Nord;8;Delmenhorst;Todesfelde;67.04;MEDIA;FINAL;5;2;7;OK;OK;PRO: attacco trasferta positivo | difesa trasferta vulnerabile | difesa casa vulnerabile | trend over recente trasferta || CONTRO: attacco casa non dominante | v22 monitora possibile sopravvalutazione weak_ga | trend over casa non forte | profilo over interno debole | profilo over esterno debole | BTTS basso: possibile partita a senso unico;0.71;7.88;13.0;5.45;10.0;6.0;8.0;5.0;5.0;6.0;2.6.0;;;;;;;;;;;;;;;;;;;;;;;;;Germany_Regionalliga_Nord;Germany_Regionalliga_Nord;
2026-09-06;2026-09-06;USA_MLSNextPro_WesternConference_CentralDivision;30;Minnesota 2;Colorado Rapids 2;67.01;MEDIA;FINAL;2;0;2;KO;KO;PRO: difesa trasferta vulnerabile | difesa casa vulnerabile | trend over recente trasferta || CONTRO: attacco casa non dominante | ospite poco prolifico: rischio 1-0 / 2-0 | v22 monitora possibile sopravvalutazione weak_ga | trend over casa non forte | profilo over interno debole | profilo over esterno debole | BTTS basso: possibile partita a senso unico;5.0;8.12;6.36;5.45;8.92;6.0;9.6;4.55;5.83;7.17;2.6.0;;;;;;;;;;;;;;;;;;;;;;;;;USA_MLSNextPro_WesternConference_CentralDivision;USA_MLSNextPro_WesternConference_PacificDivision;
2026-09-06;2026-09-06;Belgium_ChallengerProLeague;4;K. Lierse S.K.;RFC Liege;66.97;MEDIA;FINAL;0;0;0;KO;KO;PRO: attacco trasferta positivo | difesa trasferta vulnerabile | difesa casa vulnerabile | trend over recente trasferta | profilo over esterno positivo | alta tendenza BTTS || CONTRO: attacco casa non dominante | v22 monitora possibile sopravvalutazione weak_ga | trend over casa non forte | profilo over interno debole;0.8;2.95;9.85;7.27;9.09;6.0;12.0;0.0;10.0;9.0;2.6.0;;;;;;;;;;;;;;;;;;;;;;;;;Belgium_ChallengerProLeague;Belgium_ChallengerProLeague;
2026-09-06;2026-09-06;Bolivia_DivisionProfesional;22;Oriente Petrolero;Always Ready;66.97;MEDIA;FINAL;1;2;3;OK;OK;PRO: attacco casa positivo | attacco trasferta positivo | trend over recente casa | trend over recente trasferta | profilo over interno positivo || CONTRO: profilo over esterno debole | BTTS basso: possibile partita a senso unico;0.8;11.12;12.17;4.92;3.21;9.6;7.2;6.25;5.0;6.71;2.6.0;;;;;;;;;;;;;;;;;;;;;;;;;Bolivia_DivisionProfesional;Bolivia_DivisionProfesional;
2026-09-06;2026-09-06;Sweden_Division1_Norra;22;Vasalund;Enkoping SK;66.93;MEDIA;FINAL;2;3;5;OK;OK;PRO: attacco casa positivo | difesa trasferta vulnerabile | difesa casa vulnerabile | trend over recente casa | profilo over interno positivo | alta tendenza BTTS || CONTRO: ospite poco prolifico: rischio 1-0 / 2-0 | v22 monitora possibile sopravvalutazione weak_ga | trend over trasferta non forte | profilo over esterno debole;1.2;9.33;8.4;7.27;7.42;7.2;6.0;6.67;5.56;7.89;2.6.0;;;;;;;;;;;;;;;;;;;;;;;;;Sweden_Division1_Norra;Sweden_Division1_Norra;
2026-09-06;2026-09-06;Germany_Oberliga_Westfalen;5;TuS Hordel;Bielefeld 2;66.92;MEDIA;FINAL;1;3;4;OK;OK;PRO: attacco casa positivo | attacco trasferta positivo | difesa trasferta vulnerabile | trend over recente trasferta | profilo over esterno positivo | alta tendenza BTTS || CONTRO: v22 monitora possibile sopravvalutazione weak_ga | trend over casa non forte | profilo over interno debole;0.35;8.86;10.34;4.55;6.82;3.0;9.0;5.0;10.0;9.0;2.6.0;;;;;;;;;;;;;;;;;;;;;;;;;Germany_Oberliga_Westfalen;Germany_Oberliga_Westfalen;
2026-09-06;2026-09-06;Poland_IIILiga_Group1;7;Mlawa;LKS Lodz 2;66.89;MEDIA;FINAL;0;2;2;KO;KO;PRO: difesa trasferta vulnerabile | difesa casa vulnerabile | trend over recente casa | profilo over esterno positivo || CONTRO: attacco casa non dominante | ospite poco prolifico: rischio 1-0 / 2-0 | v22 monitora possibile sopravvalutazione weak_ga | trend over trasferta non forte | profilo over interno debole | BTTS basso: possibile partita a senso unico;0.46;7.88;7.88;8.0;10.0;8.0;6.0;5.0;6.67;7.0;2.6.0;;;;;;;;;;;;;;;;;;;;;;;;;Poland_IIILiga_Group1;Poland_IIILiga_Group1;
2026-09-06;2026-09-06;Belgium_JupilerProLeague;8;Kortrijk;Waregem;66.79;MEDIA;FINAL;0;2;2;KO;KO;PRO: attacco trasferta positivo | difesa casa vulnerabile | trend over recente casa | trend over recente trasferta | profilo over interno positivo || CONTRO: attacco casa non dominante | profilo over esterno debole | BTTS basso: possibile partita a senso unico;4.59;1.48;11.82;8.0;3.41;9.0;9.0;10.0;5.0;4.5;2.6.0;;;;;;;;;;;;;;;;;;;;;;;;;Belgium_JupilerProLeague;Belgium_JupilerProLeague;
2026-09-06;2026-09-06;USA_USLChampionship;33;Sporting Jax;Lexington;66.56;MEDIA;FINAL;3;2;5;OK;OK;PRO: difesa casa vulnerabile | trend over recente casa | profilo over interno positivo || CONTRO: attacco casa non dominante | ospite poco prolifico: rischio 1-0 / 2-0 | trend over trasferta non forte | profilo over esterno debole | BTTS basso: possibile partita a senso unico;3.39;7.25;8.33;8.0;5.37;9.6;4.8;8.0;5.0;6.82;2.6.0;;;;;;;;;;;;;;;;;;;;;;;;;USA_USLChampionship;USA_USLChampionship;
2026-09-06;2026-09-06;Bulgaria_ParvaLiga;8;Lok. Sofia;Ludogorets;66.53;MEDIA;FINAL;1;2;3;OK;OK;PRO: attacco trasferta positivo | difesa casa vulnerabile | trend over recente casa | profilo over interno positivo | alta tendenza BTTS || CONTRO: attacco casa non dominante | trend over trasferta non forte | profilo over esterno debole;4.8;6.89;10.13;7.27;3.25;8.0;3.43;10.0;3.33;9.43;2.6.0;;;;;;;;;;;;;;;;;;;;;;;;;Bulgaria_ParvaLiga;Bulgaria_ParvaLiga;
2026-09-06;2026-09-06;Germany_Oberliga_SchleswigHolstein;7;Eichede;PSV Neumunster;66.42;MEDIA;FINAL;0;0;0;KO;KO;PRO: attacco trasferta positivo | difesa trasferta vulnerabile | trend over recente trasferta | profilo over esterno positivo | alta tendenza BTTS || CONTRO: attacco casa non dominante | v22 monitora possibile sopravvalutazione weak_ga | trend over casa non forte | profilo over interno debole;2.0;6.89;10.83;4.85;9.85;4.0;10.0;3.33;6.67;8.0;2.6.0;;;;;;;;;;;;;;;;;;;;;;;;;Germany_Oberliga_SchleswigHolstein;Germany_Oberliga_SchleswigHolstein;
2026-09-06;2026-09-06;Poland_Division2;7;Tychy;Avia Swidnik;66.23;MEDIA;FINAL;1;0;1;KO;KO;PRO: attacco casa positivo | attacco trasferta positivo | difesa trasferta vulnerabile | trend over recente trasferta || CONTRO: v22 monitora possibile sopravvalutazione weak_ga | trend over casa non forte | profilo over interno debole | profilo over esterno debole | BTTS basso: possibile partita a senso unico;1.41;9.85;9.85;3.03;9.09;6.0;10.0;5.0;5.0;7.0;2.6.0;;;;;;;;;;;;;;;;;;;;;;;;;Poland_Division2;Poland_Division2;
2026-09-06;2026-09-06;Poland_Division2;7;Legia 2;Bielsko-Biala;66.11;MEDIA;FINAL;1;2;3;OK;OK;PRO: attacco casa positivo | difesa casa vulnerabile | trend over recente casa | trend over recente trasferta | profilo over interno positivo || CONTRO: ospite poco prolifico: rischio 1-0 / 2-0 | profilo over esterno debole | BTTS basso: possibile partita a senso unico;0.71;12.8;7.88;6.67;6.06;8.0;8.0;6.67;3.33;6.0;2.6.0;;;;;;;;;;;;;;;;;;;;;;;;;Poland_Division2;Poland_Division2;
2026-09-06;2026-09-06;CzechRepublic_3CFL_GroupB;5;Hradec Kralove B;Neratovice;65.86;MEDIA;FINAL;0;0;0;KO;KO;PRO: attacco trasferta positivo | difesa trasferta vulnerabile | trend over recente trasferta | profilo over esterno positivo | alta tendenza BTTS || CONTRO: attacco casa non dominante | v22 monitora possibile sopravvalutazione weak_ga | trend over casa non forte | profilo over interno debole;1.2;4.43;13.0;2.73;10.0;3.0;9.0;5.0;10.0;7.5;2.6.0;;;;;;;;;;;;;;;;;;;;;;;;;CzechRepublic_3CFL_GroupB;CzechRepublic_3CFL_GroupB;CzechRepublic_3rdTier
2026-09-06;2026-09-06;Norway_Eliteserien;27;Kristiansund;Tromsø;65.82;MEDIA;FINAL;2;0;2;KO;KO;PRO: attacco trasferta positivo | difesa casa vulnerabile | trend over recente casa | profilo over interno positivo | profilo over esterno positivo || CONTRO: attacco casa non dominante | trend over trasferta non forte | BTTS basso: possibile partita a senso unico;4.4;5.58;11.16;5.86;5.05;9.6;6.0;6.25;6.25;5.67;2.6.0;;;;;;;;;;;;;;;;;;;;;;;;;Norway_Eliteserien;Norway_Eliteserien;
2026-09-06;2026-09-06;Finland_Ykkosliiga;25;Haka;Mikkeli;65.74;MEDIA;FINAL;0;2;2;KO;KO;PRO: attacco casa positivo | difesa trasferta vulnerabile | trend over recente casa | trend over recente trasferta | profilo over interno positivo || CONTRO: ospite poco prolifico: rischio 1-0 / 2-0 | v22 monitora possibile sopravvalutazione weak_ga | profilo over esterno debole | BTTS basso: possibile partita a senso unico;2.67;11.82;6.2;3.83;7.05;9.6;8.4;7.0;3.0;6.17;2.6.0;;;;;;;;;;;;;;;;;;;;;;;;;Finland_Ykkosliiga;Finland_Ykkosliiga;
2026-09-06;2026-09-06;CzechRepublic_4Liga_GroupE;5;Lanzhot;Kromeriz B;65.73;MEDIA;FINAL;3;2;5;OK;OK;PRO: difesa trasferta vulnerabile | difesa casa vulnerabile | trend over recente casa | profilo over esterno positivo || CONTRO: attacco casa non dominante | ospite poco prolifico: rischio 1-0 / 2-0 | v22 monitora possibile sopravvalutazione weak_ga | trend over trasferta non forte | profilo over interno debole | BTTS basso: possibile partita a senso unico;6.0;7.39;1.48;7.27;9.09;9.0;6.0;5.0;10.0;4.5;2.6.0;;;;;;;;;;;;;;;;;;;;;;;;;CzechRepublic_4Liga_GroupE;CzechRepublic_4Liga_GroupE;CzechRepublic_4Liga
2026-09-06;2026-09-06;Poland_IIILiga_Group1;7;Suwalki;Lidzbark Warminski;65.56;MEDIA;FINAL;1;3;4;OK;OK;PRO: attacco trasferta positivo | difesa trasferta vulnerabile | trend over recente trasferta | profilo over esterno positivo | alta tendenza BTTS || CONTRO: attacco casa non dominante | v22 monitora possibile sopravvalutazione weak_ga | trend over casa non forte | profilo over interno debole;6.0;7.88;8.86;1.82;10.0;2.0;10.0;0.0;10.0;9.0;2.6.0;;;;;;;;;;;;;;;;;;;;;;;;;Poland_IIILiga_Group1;Poland_IIILiga_Group1;
2026-09-06;2026-09-06;USA_MLS;26;Columbus Crew;Colorado Rapids;65.55;MEDIA;FINAL;3;0;3;OK;KO;PRO: attacco trasferta positivo | difesa casa vulnerabile | trend over recente casa | alta tendenza BTTS || CONTRO: attacco casa non dominante | trend over trasferta non forte | profilo over interno debole | profilo over esterno debole;3.52;8.33;8.6;6.45;5.99;9.6;4.8;5.45;5.45;7.36;2.6.0;;;;;;;;;;;;;;;;;;;;;;;;;USA_MLS;USA_MLS;
2026-09-06;2026-09-06;Armenia_PremierLeague;8;Shirak;Sardarapat;65.48;MEDIA;FINAL;2;0;2;KO;KO;PRO: attacco casa positivo | attacco trasferta positivo | trend over recente trasferta | profilo over esterno positivo | alta tendenza BTTS || CONTRO: trend over casa non forte | profilo over interno debole;2.18;9.45;13.0;3.64;4.55;4.8;9.0;5.0;6.67;7.2;2.6.0;;;;;;;;;;;;;;;;;;;;;;;;;Armenia_PremierLeague;Armenia_PremierLeague;
2026-09-06;2026-09-06;CzechRepublic_1Liga;8;Hradec Kralove;Sparta Praga;65.42;MEDIA;FINAL;2;1;3;OK;OK;PRO: attacco trasferta positivo | difesa trasferta vulnerabile | trend over recente trasferta | profilo over interno positivo | profilo over esterno positivo || CONTRO: attacco casa non dominante | v22 monitora possibile sopravvalutazione weak_ga | trend over casa non forte | BTTS basso: possibile partita a senso unico;0.8;4.73;11.82;3.64;7.58;4.8;10.0;10.0;6.67;5.4;2.6.0;;;;;;;;;;;;;;;;;;;;;;;;;CzechRepublic_1Liga;CzechRepublic_1Liga;
2026-09-06;2026-09-06;Mexico_LigaExpansionMX_Apertura;7;Atl. Morelia;Alebrijes Oaxaca;65.32;MEDIA;FINAL;4;1;5;OK;OK;PRO: attacco casa positivo | trend over recente casa | profilo over interno positivo | profilo over esterno positivo || CONTRO: ospite poco prolifico: rischio 1-0 / 2-0 | trend over trasferta non forte | BTTS basso: possibile partita a senso unico;3.0;11.82;4.92;4.85;6.06;8.0;4.0;10.0;6.67;6.0;2.6.0;;;;;;;;;;;;;;;;;;;;;;;;;Mexico_LigaExpansionMX_Apertura;Mexico_LigaExpansionMX_Apertura;
2026-09-06;2026-09-06;Norway_Eliteserien;27;Sarpsborg 08;Vålerenga;65.2;PROX-MEDIA;FINAL;2;2;4;OK;OK;PRO: attacco trasferta positivo | difesa trasferta vulnerabile | trend over recente casa | trend over recente trasferta || CONTRO: attacco casa non dominante | v22 monitora possibile sopravvalutazione weak_ga | profilo over interno debole | profilo over esterno debole | BTTS basso: possibile partita a senso unico;0.8;6.57;10.18;4.65;9.6;7.2;10.8;3.75;5.0;6.67;2.6.0;;;;;;;;;;;;;;;;;;;;;;;;;Norway_Eliteserien;Norway_Eliteserien;
2026-09-06;2026-09-06;USA_MLS;26;Seattle Sounders;New York Red Bulls;65.07;PROX-MEDIA;FINAL;0;0;0;KO;KO;PRO: attacco trasferta positivo | difesa trasferta vulnerabile | trend over recente trasferta | profilo over interno positivo | profilo over esterno positivo | alta tendenza BTTS || CONTRO: attacco casa non dominante | v22 monitora possibile sopravvalutazione weak_ga | trend over casa non forte;0.21;6.75;8.6;5.02;9.5;6.0;7.2;6.0;8.0;7.79;2.6.0;;;;;;;;;;;;;;;;;;;;;;;;;USA_MLS;USA_MLS;
2026-09-06;2026-09-06;Norway_2ndDivision_Group1;19;Bjarg;Arendal;64.98;MEDIA;FINAL;4;0;4;OK;KO;PRO: attacco casa positivo | attacco trasferta positivo | difesa trasferta vulnerabile | trend over recente trasferta | profilo over interno positivo | profilo over esterno positivo | alta tendenza BTTS || CONTRO: v22 monitora possibile sopravvalutazione weak_ga | trend over casa non forte;2.31;9.52;8.69;4.85;6.95;4.8;8.4;6.0;6.25;7.22;2.6.0;;;;;;;;;;;;;;;;;;;;;;;;;Norway_2ndDivision_Group1;Norway_2ndDivision_Group1;
2026-09-06;2026-09-06;USA_USLLeagueOne;36;Sarasota Paradise;Spokane Velocity;64.97;MEDIA;FINAL;1;1;2;KO;OK;PRO: attacco trasferta positivo | difesa casa vulnerabile | trend over recente casa | trend over recente trasferta | profilo over interno positivo || CONTRO: attacco casa non dominante | profilo over esterno debole | BTTS basso: possibile partita a senso unico;2.25;6.42;9.0;5.85;5.84;7.2;9.6;7.0;5.0;6.8;2.6.0;;;;;;;;;;;;;;;;;;;;;;;;;USA_USLLeagueOne;USA_USLLeagueOne;
2026-09-06;2026-09-06;France_Ligue1;4;Angers;Rennes;64.82;MEDIA;FINAL;1;2;3;OK;OK;PRO: attacco casa positivo | attacco trasferta positivo | difesa trasferta vulnerabile | difesa casa vulnerabile | trend over recente trasferta | alta tendenza BTTS || CONTRO: v22 monitora possibile sopravvalutazione weak_ga | trend over casa non forte | profilo over interno debole | profilo over esterno debole;1.41;8.86;13.0;5.45;9.09;6.0;12.0;0.0;0.0;9.0;2.6.0;;;;;;;;;;;;;;;;;;;;;;;;;France_Ligue1;France_Ligue1;
2026-09-06;2026-09-06;Estonia_Meistriliiga;29;Harju JK Laagri;Tammeka;64.38;MEDIA;FINAL;0;2;2;KO;KO;PRO: attacco casa positivo | difesa trasferta vulnerabile | difesa casa vulnerabile | trend over recente casa | trend over recente trasferta | profilo over interno positivo || CONTRO: ospite poco prolifico: rischio 1-0 / 2-0 | v22 monitora possibile sopravvalutazione weak_ga | profilo over esterno debole | BTTS basso: possibile partita a senso unico;1.33;8.51;7.71;5.96;6.52;8.4;7.2;6.92;5.83;5.99;2.6.0;;;;;;;;;;;;;;;;;;;;;;;;;Estonia_Meistriliiga;Estonia_Meistriliiga;
2026-09-06;2026-09-06;Hungary_NBI;8;Ferencvaros;Ujpest;64.31;MEDIA;FINAL;2;2;4;OK;OK;PRO: attacco casa positivo | attacco trasferta positivo | difesa trasferta vulnerabile | trend over recente casa | trend over recente trasferta | profilo over esterno positivo | alta tendenza BTTS || CONTRO: v22 monitora possibile sopravvalutazione weak_ga | profilo over interno debole;1.09;9.45;13.0;3.64;7.14;7.2;8.57;0.0;6.67;7.54;2.6.0;;;;;;;;;;;;;;;;;;;;;;;;;Hungary_NBI;Hungary_NBI;
2026-09-06;2026-09-06;Switzerland_SuperLeague;7;Servette;St. Gallen;64.22;MEDIA;FINAL;0;2;2;KO;KO;PRO: attacco trasferta positivo | difesa trasferta vulnerabile | trend over recente trasferta | alta tendenza BTTS || CONTRO: attacco casa non dominante | v22 monitora possibile sopravvalutazione weak_ga | trend over casa non forte | profilo over interno debole | profilo over esterno debole;2.18;4.73;11.82;4.36;10.0;4.8;9.6;3.33;5.0;8.4;2.6.0;;;;;;;;;;;;;;;;;;;;;;;;;Switzerland_SuperLeague;Switzerland_SuperLeague;
2026-09-06;2026-09-06;Peru_Liga1_Clausura;8;Cusco;Moquegua;64.18;MEDIA;FINAL;2;0;2;KO;KO;PRO: attacco casa positivo | difesa trasferta vulnerabile | trend over recente casa | profilo over interno positivo | alta tendenza BTTS || CONTRO: ospite poco prolifico: rischio 1-0 / 2-0 | v22 monitora possibile sopravvalutazione weak_ga | trend over trasferta non forte | profilo over esterno debole;4.94;13.0;5.91;4.85;6.82;10.0;4.0;6.67;0.0;8.0;2.6.0;;;;;;;;;;;;;;;;;;;;;;;;;Peru_Liga1_Clausura;Peru_Liga1_Clausura;
2026-09-06;2026-09-06;Sweden_Division2_VastraGotaland;22;Astrio;Astorps;64.06;MEDIA;FINAL;1;2;3;OK;OK;PRO: difesa trasferta vulnerabile | difesa casa vulnerabile | trend over recente casa | profilo over esterno positivo || CONTRO: attacco casa non dominante | ospite poco prolifico: rischio 1-0 / 2-0 | v22 monitora possibile sopravvalutazione weak_ga | trend over trasferta non forte | profilo over interno debole | BTTS basso: possibile partita a senso unico;1.38;4.04;7.15;8.0;7.89;8.4;6.0;5.56;9.0;6.63;2.6.0;;;;;;;;;;;;;;;;;;;;;;;;;Sweden_Division2_VastraGotaland;Sweden_Division2_VastraGotaland;
2026-09-06;2026-09-06;USA_MLSNextPro_WesternConference_PacificDivision;28;San Jose Earthquakes 2;Tacoma Defiance;64.0;PROX-MEDIA;FINAL;1;2;3;OK;OK;PRO: attacco casa positivo | attacco trasferta positivo | difesa trasferta vulnerabile | trend over recente trasferta | profilo over esterno positivo || CONTRO: v22 monitora possibile sopravvalutazione weak_ga | trend over casa non forte | profilo over interno debole | BTTS basso: possibile partita a senso unico;1.0;10.59;8.75;4.7;7.09;3.6;9.6;4.55;7.5;6.63;2.6.0;;;;;;;;;;;;;;;;;;;;;;;;;USA_MLSNextPro_WesternConference_PacificDivision;USA_MLSNextPro_WesternConference_PacificDivision;
2026-09-06;2026-09-06;USA_USLLeagueOne;36;Chattanooga Red Wolves;Greenville;63.94;MEDIA;FINAL;3;1;4;OK;OK;PRO: attacco casa positivo | difesa trasferta vulnerabile | difesa casa vulnerabile | trend over recente casa || CONTRO: ospite poco prolifico: rischio 1-0 / 2-0 | v22 monitora possibile sopravvalutazione weak_ga | trend over trasferta non forte | profilo over interno debole | profilo over esterno debole | BTTS basso: possibile partita a senso unico;2.62;11.01;7.25;5.79;7.23;8.4;6.0;5.45;3.64;6.55;2.6.0;;;;;;;;;;;;;;;;;;;;;;;;;USA_USLLeagueOne;USA_USLLeagueOne;
2026-09-06;2026-09-06;Poland_Ekstraklasa;8;Jagiellonia;Slask;63.71;MEDIA;FINAL;2;1;3;OK;OK;PRO: attacco casa positivo | difesa trasferta vulnerabile | trend over recente casa | trend over recente trasferta | profilo over esterno positivo | alta tendenza BTTS || CONTRO: ospite poco prolifico: rischio 1-0 / 2-0 | v22 monitora possibile sopravvalutazione weak_ga | profilo over interno debole;2.82;10.64;7.88;5.09;6.82;7.2;8.0;0.0;6.67;8.6;2.6.0;;;;;;;;;;;;;;;;;;;;;;;;;Poland_Ekstraklasa;Poland_Ekstraklasa;
2026-09-06;2026-09-06;USA_USLLeagueOne;36;Fort Wayne;New York Cosmos;63.58;MEDIA;FINAL;2;4;6;OK;OK;PRO: attacco casa positivo | difesa trasferta vulnerabile | trend over recente casa | profilo over esterno positivo || CONTRO: ospite poco prolifico: rischio 1-0 / 2-0 | v22 monitora possibile sopravvalutazione weak_ga | trend over trasferta non forte | profilo over interno debole | BTTS basso: possibile partita a senso unico;3.0;8.6;6.68;4.13;9.09;8.4;4.8;5.0;7.5;6.38;2.6.0;;;;;;;;;;;;;;;;;;;;;;;;;USA_USLLeagueOne;USA_USLLeagueOne;
2026-09-06;2026-09-06;Belgium_JupilerProLeague;8;Cercle Brugge;Gent;63.25;MEDIA;FINAL;0;3;3;OK;KO;PRO: attacco trasferta positivo | difesa casa vulnerabile | profilo over esterno positivo || CONTRO: attacco casa non dominante | trend over casa non forte | trend over trasferta non forte | profilo over interno debole | BTTS basso: possibile partita a senso unico;3.88;7.39;10.34;6.36;2.27;6.0;6.0;5.0;10.0;6.0;2.6.0;;;;;;;;;;;;;;;;;;;;;;;;;Belgium_JupilerProLeague;Belgium_JupilerProLeague;
2026-09-06;2026-09-06;Switzerland_ChallengeLeague;7;Yverdon;Nyonnais;63.09;MEDIA;FINAL;4;1;5;OK;OK;PRO: attacco casa positivo | difesa trasferta vulnerabile | trend over recente trasferta | profilo over esterno positivo | alta tendenza BTTS || CONTRO: ospite poco prolifico: rischio 1-0 / 2-0 | v22 monitora possibile sopravvalutazione weak_ga | trend over casa non forte | profilo over interno debole;5.33;9.85;3.94;3.64;8.33;6.0;8.0;3.33;6.67;8.0;2.6.0;;;;;;;;;;;;;;;;;;;;;;;;;Switzerland_ChallengeLeague;Switzerland_ChallengeLeague;
2026-09-06;2026-09-06;Belarus_VysshayaLiga;24;Naftan;FC Minsk;63.08;MEDIA;FINAL;0;3;3;OK;KO;PRO: difesa casa vulnerabile | trend over recente casa | trend over recente trasferta | profilo over esterno positivo || CONTRO: attacco casa non dominante | ospite poco prolifico: rischio 1-0 / 2-0 | profilo over interno debole | BTTS basso: possibile partita a senso unico;3.2;5.02;7.6;8.0;6.06;8.4;8.4;3.0;7.27;6.13;2.6.0;;;;;;;;;;;;;;;;;;;;;;;;;Belarus_VysshayaLiga;Belarus_VysshayaLiga;
2026-09-06;2026-09-06;Wales_CymruNorth;6;Gresford;Mold Alexandra;63.05;MEDIA;FINAL;1;5;6;OK;OK;PRO: attacco trasferta positivo | difesa casa vulnerabile | trend over recente trasferta | profilo over interno positivo | profilo over esterno positivo || CONTRO: attacco casa non dominante | trend over casa non forte | BTTS basso: possibile partita a senso unico;6.0;0.0;11.82;8.0;3.64;4.0;7.2;10.0;10.0;2.4;2.6.0;;;;;;;;;;;;;;;;;;;;;;;;;Wales_CymruNorth;Wales_CymruNorth;Wales_CymruTier2
2026-09-06;2026-09-06;Iceland_BestaDeildKvenna;19;Grindavik/Njardvik D;Valur D;63.05;PROX-MEDIA;FINAL;1;4;5;OK;OK;PRO: difesa trasferta vulnerabile | difesa casa vulnerabile | profilo over interno positivo || CONTRO: attacco casa non dominante | ospite poco prolifico: rischio 1-0 / 2-0 | v22 monitora possibile sopravvalutazione weak_ga | trend over casa non forte | trend over trasferta non forte | profilo over esterno debole | BTTS basso: possibile partita a senso unico;2.67;8.34;6.26;6.2;8.02;6.0;6.0;7.5;5.0;7.06;2.6.0;;;;;;;;;;;;;;;;;;;;;;;;;Iceland_BestaDeildKvenna;Iceland_BestaDeildKvenna;
2026-09-06;2026-09-06;USA_USLLeagueOne;36;AV Alta;One Knoxville;62.83;MEDIA;FINAL;1;2;3;OK;OK;PRO: attacco trasferta positivo | trend over recente casa | trend over recente trasferta | profilo over esterno positivo | alta tendenza BTTS || CONTRO: attacco casa non dominante | profilo over interno debole;1.5;7.8;9.76;4.95;5.14;7.2;7.2;5.38;6.36;7.53;2.6.0;;;;;;;;;;;;;;;;;;;;;;;;;USA_USLLeagueOne;USA_USLLeagueOne;
2026-09-06;2026-09-06;USA_MLS;26;Los Angeles Galaxy;New England Revolution;62.72;MEDIA;FINAL;2;1;3;OK;OK;PRO: attacco trasferta positivo | difesa casa vulnerabile | trend over recente trasferta | profilo over esterno positivo | alta tendenza BTTS || CONTRO: attacco casa non dominante | trend over casa non forte | profilo over interno debole;2.48;7.52;9.67;5.29;5.58;4.8;7.2;5.0;7.0;8.18;2.6.0;;;;;;;;;;;;;;;;;;;;;;;;;USA_MLS;USA_MLS;
2026-09-06;2026-09-06;CzechRepublic_3CFL_GroupB;5;Varnsdorf;Velke Hamry;62.7;MEDIA;FINAL;3;1;4;OK;OK;PRO: difesa trasferta vulnerabile | trend over recente casa | trend over recente trasferta | profilo over esterno positivo || CONTRO: attacco casa non dominante | ospite poco prolifico: rischio 1-0 / 2-0 | v22 monitora possibile sopravvalutazione weak_ga | profilo over interno debole | BTTS basso: possibile partita a senso unico;6.0;7.88;1.48;4.85;10.0;8.0;9.0;0.0;10.0;5.5;2.6.0;;;;;;;;;;;;;;;;;;;;;;;;;CzechRepublic_3CFL_GroupB;CzechRepublic_3CFL_GroupB;CzechRepublic_3rdTier
2026-09-06;2026-09-06;Slovakia_3Liga_West;5;Trencin B;Puchov;62.67;MEDIA;FINAL;0;3;3;OK;KO;PRO: attacco casa positivo | difesa casa vulnerabile | profilo over esterno positivo || CONTRO: ospite poco prolifico: rischio 1-0 / 2-0 | trend over casa non forte | trend over trasferta non forte | profilo over interno debole | BTTS basso: possibile partita a senso unico;1.6;11.82;7.39;5.45;3.41;6.0;6.0;5.0;10.0;6.0;2.6.0;;;;;;;;;;;;;;;;;;;;;;;;;Slovakia_3Liga_West;Slovakia_3Liga_West;
2026-09-06;2026-09-06;CzechRepublic_ChNL;7;Ostrava B;Kromeriz;62.55;MEDIA;FINAL;1;1;2;KO;OK;PRO: attacco casa positivo | difesa trasferta vulnerabile | trend over recente casa | profilo over interno positivo || CONTRO: ospite poco prolifico: rischio 1-0 / 2-0 | v22 monitora possibile sopravvalutazione weak_ga | trend over trasferta non forte | profilo over esterno debole | BTTS basso: possibile partita a senso unico;2.4;10.83;2.95;4.85;9.85;8.0;6.0;6.67;5.0;6.0;2.6.0;;;;;;;;;;;;;;;;;;;;;;;;;CzechRepublic_ChNL;CzechRepublic_ChNL;
2026-09-06;2026-09-06;CzechRepublic_3MSFL;7;Zlin B;Blansko;62.46;MEDIA;FINAL;4;1;5;OK;OK;PRO: difesa trasferta vulnerabile | trend over recente trasferta | profilo over esterno positivo | alta tendenza BTTS || CONTRO: attacco casa non dominante | ospite poco prolifico: rischio 1-0 / 2-0 | v22 monitora possibile sopravvalutazione weak_ga | trend over casa non forte | profilo over interno debole;2.31;5.91;7.88;3.03;10.0;2.0;10.0;3.33;10.0;8.0;2.6.0;;;;;;;;;;;;;;;;;;;;;;;;;CzechRepublic_3MSFL;CzechRepublic_3MSFL;
2026-09-06;2026-09-06;Sweden_Allsvenskan;26;Brommapojkarna;Elfsborg;62.28;MEDIA;FINAL;2;1;3;OK;OK;PRO: difesa casa vulnerabile | trend over recente casa | alta tendenza BTTS || CONTRO: attacco casa non dominante | ospite poco prolifico: rischio 1-0 / 2-0 | trend over trasferta non forte | profilo over interno debole | profilo over esterno debole;2.4;8.4;8.4;5.93;4.55;8.4;6.0;5.56;4.44;8.21;2.6.0;;;;;;;;;;;;;;;;;;;;;;;;;Sweden_Allsvenskan;Sweden_Allsvenskan;
2026-09-06;2026-09-06;Sweden_Division1_Norra;22;Pitea;Karlbergs;61.93;MEDIA;FINAL;3;0;3;OK;KO;PRO: attacco trasferta positivo | difesa trasferta vulnerabile | difesa casa vulnerabile | profilo over esterno positivo | alta tendenza BTTS || CONTRO: attacco casa non dominante | v22 monitora possibile sopravvalutazione weak_ga | trend over casa non forte | trend over trasferta non forte | profilo over interno debole;2.4;6.53;8.71;7.66;6.7;4.8;6.0;5.56;6.0;7.58;2.6.0;;;;;;;;;;;;;;;;;;;;;;;;;Sweden_Division1_Norra;Sweden_Division1_Norra;
2026-09-06;2026-09-06;Belarus_PershayaLiga;25;Smorgon;Slutsk;61.58;MEDIA;FINAL;1;1;2;KO;OK;PRO: attacco trasferta positivo | difesa casa vulnerabile | trend over recente trasferta | profilo over esterno positivo || CONTRO: attacco casa non dominante | trend over casa non forte | profilo over interno debole | BTTS basso: possibile partita a senso unico;4.59;6.98;11.55;5.45;4.75;3.6;7.2;3.64;7.27;6.55;2.6.0;;;;;;;;;;;;;;;;;;;;;;;;;Belarus_PershayaLiga;Belarus_PershayaLiga;
2026-09-06;2026-09-06;USA_USLLeagueOne;36;Corpus Christi FC;Forward Madison;61.52;MEDIA;FINAL;0;2;2;KO;KO;PRO: attacco trasferta positivo | trend over recente trasferta | alta tendenza BTTS || CONTRO: attacco casa non dominante | trend over casa non forte | profilo over interno debole | profilo over esterno debole;2.62;7.19;11.3;5.06;4.74;4.8;7.2;5.45;5.83;7.3;2.6.0;;;;;;;;;;;;;;;;;;;;;;;;;USA_USLLeagueOne;USA_USLLeagueOne;
2026-09-06;2026-09-06;Sweden_Division1_Norra;22;Arlanda;Umeå;61.41;MEDIA;FINAL;1;2;3;OK;OK;PRO: attacco casa positivo | difesa trasferta vulnerabile | trend over recente casa | alta tendenza BTTS || CONTRO: ospite poco prolifico: rischio 1-0 / 2-0 | v22 monitora possibile sopravvalutazione weak_ga | trend over trasferta non forte | profilo over interno debole | profilo over esterno debole;2.8;10.26;7.46;4.21;7.66;7.2;6.0;3.0;5.56;7.26;2.6.0;;;;;;;;;;;;;;;;;;;;;;;;;Sweden_Division1_Norra;Sweden_Division1_Norra;
2026-09-06;2026-09-06;Russia_PremierLeague;7;Baltika;Lok. Mosca;61.4;MEDIA;FINAL;0;1;1;KO;KO;PRO: attacco casa positivo | trend over recente casa | profilo over interno positivo | profilo over esterno positivo | alta tendenza BTTS || CONTRO: ospite poco prolifico: rischio 1-0 / 2-0 | trend over trasferta non forte;3.6;9.85;4.92;3.64;6.06;8.0;4.0;6.67;6.67;8.0;2.6.0;;;;;;;;;;;;;;;;;;;;;;;;;Russia_PremierLeague;Russia_PremierLeague;
2026-09-06;2026-09-06;Spain_LaLiga;6;Valencia;Barcellona;61.26;MEDIA;FINAL;0;5;5;OK;KO;PRO: attacco trasferta positivo | difesa casa vulnerabile | trend over recente trasferta | profilo over esterno positivo || CONTRO: attacco casa non dominante | trend over casa non forte | profilo over interno debole | BTTS basso: possibile partita a senso unico;6.0;2.95;13.0;7.27;3.03;6.0;8.0;0.0;10.0;5.0;2.6.0;;;;;;;;;;;;;;;;;;;;;;;;;Spain_LaLiga;Spain_LaLiga;
2026-09-06;2026-09-06;USA_USLChampionship;33;Rhode Island;Louisville City;61.18;PROX-MEDIA;FINAL;1;1;2;KO;OK;PRO: attacco casa positivo | attacco trasferta positivo | difesa trasferta vulnerabile | trend over recente trasferta | profilo over esterno positivo || CONTRO: v22 monitora possibile sopravvalutazione weak_ga | trend over casa non forte | profilo over interno debole | BTTS basso: possibile partita a senso unico;1.57;8.86;9.94;4.18;7.44;3.6;7.2;4.0;7.27;7.12;2.6.0;;;;;;;;;;;;;;;;;;;;;;;;;USA_USLChampionship;USA_USLChampionship;
2026-09-06;2026-09-06;Italy_SerieC_GironeC;3;Altamura;Savoia;61.06;MEDIA;FINAL;0;2;2;KO;KO;PRO: attacco trasferta positivo | difesa trasferta vulnerabile | trend over recente trasferta | profilo over esterno positivo | alta tendenza BTTS || CONTRO: attacco casa non dominante | v22 monitora possibile sopravvalutazione weak_ga | trend over casa non forte | profilo over interno debole;3.47;5.91;8.86;1.82;10.0;0.0;12.0;0.0;10.0;9.0;2.6.0;;;;;;;;;;;;;;;;;;;;;;;;;Italy_SerieC_GironeC;Italy_SerieC_GironeC;
2026-09-06;2026-09-06;Kazakhstan_PremierLeague;35;FC Astana;Yelimay Semey;60.93;MEDIA;FINAL;4;0;4;OK;KO;PRO: attacco casa positivo | profilo over interno positivo || CONTRO: ospite poco prolifico: rischio 1-0 / 2-0 | trend over casa non forte | trend over trasferta non forte | profilo over esterno debole | BTTS basso: possibile partita a senso unico;2.0;9.94;8.33;3.97;5.79;6.0;6.0;6.36;5.45;7.09;2.6.0;;;;;;;;;;;;;;;;;;;;;;;;;Kazakhstan_PremierLeague;Kazakhstan_PremierLeague;
2026-09-06;2026-09-06;USA_MLS;26;Vancouver Whitecaps;St. Louis City;60.88;MEDIA;FINAL;1;3;4;OK;OK;PRO: attacco casa positivo | attacco trasferta positivo | trend over recente trasferta || CONTRO: trend over casa non forte | profilo over interno debole | profilo over esterno debole | BTTS basso: possibile partita a senso unico;1.66;13.0;8.86;3.12;6.2;6.0;7.2;5.45;2.73;6.66;2.6.0;;;;;;;;;;;;;;;;;;;;;;;;;USA_MLS;USA_MLS;
2026-09-06;2026-09-06;Germany_Oberliga_Hamburg;6;TSV Buchholz 08;HEBC Hamburg;60.84;MEDIA;FINAL;3;2;5;OK;OK;PRO: attacco casa positivo | difesa casa vulnerabile | trend over recente casa || CONTRO: ospite poco prolifico: rischio 1-0 / 2-0 | trend over trasferta non forte | profilo over interno debole | profilo over esterno debole | BTTS basso: possibile partita a senso unico;2.12;13.0;5.91;5.45;6.36;9.0;4.8;5.0;5.0;4.2;2.6.0;;;;;;;;;;;;;;;;;;;;;;;;;Germany_Oberliga_Hamburg;Germany_Oberliga_Hamburg;
2026-09-06;2026-09-06;Lithuania_Toplyga;34;Transinvest;Suduva;60.66;MEDIA;FINAL;1;2;3;OK;OK;PRO: attacco casa positivo | attacco trasferta positivo | trend over recente casa | trend over recente trasferta | profilo over esterno positivo || CONTRO: profilo over interno debole | BTTS basso: possibile partita a senso unico;0.67;9.63;10.16;4.31;3.27;7.2;7.2;5.38;6.15;6.68;2.6.0;;;;;;;;;;;;;;;;;;;;;;;;;Lithuania_Toplyga;Lithuania_Toplyga;
2026-09-06;2026-09-06;Serbia_PrvaLiga;7;Loznica;Teleoptik;60.65;MEDIA;FINAL;1;1;2;KO;OK;PRO: difesa trasferta vulnerabile | profilo over esterno positivo | alta tendenza BTTS || CONTRO: attacco casa non dominante | ospite poco prolifico: rischio 1-0 / 2-0 | v22 monitora possibile sopravvalutazione weak_ga | trend over casa non forte | trend over trasferta non forte | profilo over interno debole;0.8;7.88;7.88;4.24;9.85;6.0;6.0;3.33;6.67;8.0;2.6.0;;;;;;;;;;;;;;;;;;;;;;;;;Serbia_PrvaLiga;Serbia_PrvaLiga;
2026-09-06;2026-09-06;Germany_Oberliga_Hessen;7;Kassel 2;Hummetroth;60.33;MEDIA;FINAL;1;1;2;KO;OK;PRO: difesa trasferta vulnerabile | difesa casa vulnerabile | trend over recente trasferta | alta tendenza BTTS || CONTRO: attacco casa non dominante | ospite poco prolifico: rischio 1-0 / 2-0 | v22 monitora possibile sopravvalutazione weak_ga | trend over casa non forte | profilo over interno debole | profilo over esterno debole;2.12;5.91;5.91;6.06;10.0;4.0;10.0;3.33;5.0;8.0;2.6.0;;;;;;;;;;;;;;;;;;;;;;;;;Germany_Oberliga_Hessen;Germany_Oberliga_Hessen;
2026-09-06;2026-09-06;CzechRepublic_1Liga;8;Zlin;Teplice;60.31;MEDIA;FINAL;1;3;4;OK;OK;PRO: attacco trasferta positivo | difesa trasferta vulnerabile | difesa casa vulnerabile || CONTRO: attacco casa non dominante | v22 monitora possibile sopravvalutazione weak_ga | trend over casa non forte | trend over trasferta non forte | profilo over interno debole | profilo over esterno debole | BTTS basso: possibile partita a senso unico;3.6;4.92;11.82;7.88;9.09;6.0;6.0;0.0;5.0;6.0;2.6.0;;;;;;;;;;;;;;;;;;;;;;;;;CzechRepublic_1Liga;CzechRepublic_1Liga;
2026-09-06;2026-09-06;Russia_PremierLeague;7;Orenburg;Akron Togliatti;60.14;MEDIA;FINAL;2;2;4;OK;OK;PRO: difesa trasferta vulnerabile | trend over recente trasferta | profilo over interno positivo || CONTRO: attacco casa non dominante | ospite poco prolifico: rischio 1-0 / 2-0 | v22 monitora possibile sopravvalutazione weak_ga | trend over casa non forte | profilo over esterno debole | BTTS basso: possibile partita a senso unico;2.4;4.92;5.91;4.24;10.0;4.0;10.0;6.67;5.0;7.0;2.6.0;;;;;;;;;;;;;;;;;;;;;;;;;Russia_PremierLeague;Russia_PremierLeague;
2026-09-06;2026-09-06;Azerbaijan_PremierLeague;4;Qarabag;Araz;60.09;MEDIA;FINAL;3;2;5;OK;OK;PRO: attacco casa positivo | difesa trasferta vulnerabile | profilo over interno positivo | profilo over esterno positivo || CONTRO: ospite poco prolifico: rischio 1-0 / 2-0 | v22 monitora possibile sopravvalutazione weak_ga | trend over casa non forte | trend over trasferta non forte | BTTS basso: possibile partita a senso unico;4.36;11.82;0.0;1.82;9.09;6.0;4.0;10.0;10.0;3.0;2.6.0;;;;;;;;;;;;;;;;;;;;;;;;;Azerbaijan_PremierLeague;Azerbaijan_PremierLeague;
2026-09-06;2026-09-06;CzechRepublic_4Liga_GroupA;5;Domazlice B;Taborsko akademie;60.09;MEDIA;FINAL;0;3;3;OK;KO;PRO: attacco trasferta positivo | difesa casa vulnerabile | alta tendenza BTTS || CONTRO: attacco casa non dominante | trend over casa non forte | trend over trasferta non forte | profilo over interno debole | profilo over esterno debole;6.0;5.91;13.0;7.27;3.41;6.0;6.0;0.0;5.0;7.5;2.6.0;;;;;;;;;;;;;;;;;;;;;;;;;CzechRepublic_4Liga_GroupA;CzechRepublic_4Liga_GroupA;CzechRepublic_4Liga
2026-09-06;2026-09-06;Germany_Regionalliga_Sudwest;6;VfR Mannheim;Homburg;60.04;MEDIA;FINAL;1;1;2;KO;OK;PRO: difesa trasferta vulnerabile | trend over recente trasferta | profilo over esterno positivo || CONTRO: attacco casa non dominante | ospite poco prolifico: rischio 1-0 / 2-0 | v22 monitora possibile sopravvalutazione weak_ga | trend over casa non forte | profilo over interno debole | BTTS basso: possibile partita a senso unico;1.76;4.43;7.39;3.64;6.82;6.0;9.0;5.0;10.0;6.0;2.6.0;;;;;;;;;;;;;;;;;;;;;;;;;Germany_Regionalliga_Sudwest;Germany_Regionalliga_Sudwest;
2026-09-06;2026-09-06;Belarus_PershayaLiga;25;Orsha;Ostrovets;59.99;BASSA;FINAL;2;3;5;OK;OK;PRO: difesa casa vulnerabile | trend over recente casa | profilo over interno positivo | alta tendenza BTTS || CONTRO: attacco casa non dominante | ospite poco prolifico: rischio 1-0 / 2-0 | trend over trasferta non forte | profilo over esterno debole;0.35;6.71;7.25;6.61;6.4;9.6;3.6;7.27;4.0;8.18;2.6.0;;;;;;;;;;;;;;;;;;;;;;;;;Belarus_PershayaLiga;Belarus_PershayaLiga;
2026-09-06;2026-09-06;USA_MLS;26;Real Salt Lake;Los Angeles FC;59.96;BASSA;FINAL;2;2;4;OK;OK;PRO: attacco casa positivo | attacco trasferta positivo | difesa casa vulnerabile | trend over recente casa | profilo over interno positivo || CONTRO: trend over trasferta non forte | profilo over esterno debole | BTTS basso: possibile partita a senso unico;1.24;9.57;8.86;5.71;4.55;7.2;4.8;7.0;4.0;7.03;2.6.0;;;;;;;;;;;;;;;;;;;;;;;;;USA_MLS;USA_MLS;
2026-09-06;2026-09-06;Germany_Oberliga_Niedersachsen;5;Vorsfelde;BSV Rehden;59.93;BASSA;FINAL;0;3;3;OK;KO;PRO: attacco trasferta positivo | difesa casa vulnerabile | trend over recente trasferta | alta tendenza BTTS || CONTRO: attacco casa non dominante | trend over casa non forte | profilo over interno debole | profilo over esterno debole;3.18;4.43;13.0;7.27;4.55;6.0;9.0;0.0;5.0;7.5;2.6.0;;;;;;;;;;;;;;;;;;;;;;;;;Germany_Oberliga_Niedersachsen;Germany_Oberliga_Niedersachsen;
2026-09-06;2026-09-06;Mexico_LigaMX_Apertura;7;Atlas;Atlante;59.9;BASSA;FINAL;1;1;2;KO;OK;PRO: attacco casa positivo | profilo over interno positivo | profilo over esterno positivo || CONTRO: ospite poco prolifico: rischio 1-0 / 2-0 | trend over casa non forte | trend over trasferta non forte | BTTS basso: possibile partita a senso unico;3.88;8.86;5.91;4.85;6.06;6.0;4.0;6.67;6.67;7.0;2.6.0;;;;;;;;;;;;;;;;;;;;;;;;;Mexico_LigaMX_Apertura;Mexico_LigaMX_Apertura;
2026-09-06;2026-09-06;Norway_2ndDivision_Group1;19;Notodden;Lysekloster;59.66;BASSA;FINAL;3;0;3;OK;KO;PRO: difesa trasferta vulnerabile | trend over recente trasferta | profilo over esterno positivo || CONTRO: attacco casa non dominante | ospite poco prolifico: rischio 1-0 / 2-0 | v22 monitora possibile sopravvalutazione weak_ga | trend over casa non forte | profilo over interno debole | BTTS basso: possibile partita a senso unico;2.77;7.65;6.6;2.99;9.09;3.6;7.2;3.75;10.0;6.0;2.6.0;;;;;;;;;;;;;;;;;;;;;;;;;Norway_2ndDivision_Group1;Norway_2ndDivision_Group1;
2026-09-06;2026-09-06;USA_USLChampionship;33;Monterey Bay;Phoenix Rising;59.66;BASSA;FINAL;1;1;2;KO;OK;PRO: difesa casa vulnerabile | trend over recente trasferta || CONTRO: attacco casa non dominante | ospite poco prolifico: rischio 1-0 / 2-0 | trend over casa non forte | profilo over interno debole | profilo over esterno debole | BTTS basso: possibile partita a senso unico;2.09;6.17;8.33;6.48;6.2;6.0;7.2;5.45;4.55;7.2;2.6.0;;;;;;;;;;;;;;;;;;;;;;;;;USA_USLChampionship;USA_USLChampionship;
2026-09-06;2026-09-06;Scotland_Premiership;6;Hearts;Dundee FC;59.59;BASSA;FINAL;2;1;3;OK;OK;PRO: attacco casa positivo | trend over recente casa | profilo over interno positivo || CONTRO: ospite poco prolifico: rischio 1-0 / 2-0 | trend over trasferta non forte | profilo over esterno debole | BTTS basso: possibile partita a senso unico;0.92;13.0;7.09;3.64;3.64;12.0;2.4;10.0;0.0;6.9;2.6.0;;;;;;;;;;;;;;;;;;;;;;;;;Scotland_Premiership;Scotland_Premiership;
2026-09-06;2026-09-06;Germany_Oberliga_BadenWurttemberg;6;Neckarsulm;Ravensburg;59.48;BASSA;FINAL;1;0;1;KO;KO;PRO: difesa casa vulnerabile | trend over recente casa | profilo over interno positivo || CONTRO: attacco casa non dominante | ospite poco prolifico: rischio 1-0 / 2-0 | trend over trasferta non forte | profilo over esterno debole | BTTS basso: possibile partita a senso unico;2.82;4.43;5.91;7.27;4.55;9.0;6.0;10.0;5.0;4.5;2.6.0;;;;;;;;;;;;;;;;;;;;;;;;;Germany_Oberliga_BadenWurttemberg;Germany_Oberliga_BadenWurttemberg;
2026-09-06;2026-09-06;Peru_Liga1_Clausura;8;Sporting Cristal;Los Chankas;59.38;BASSA;FINAL;5;0;5;OK;KO;PRO: attacco casa positivo | difesa trasferta vulnerabile | trend over recente trasferta || CONTRO: ospite poco prolifico: rischio 1-0 / 2-0 | v22 monitora possibile sopravvalutazione weak_ga | trend over casa non forte | profilo over interno debole | profilo over esterno debole | BTTS basso: possibile partita a senso unico;2.82;8.86;7.88;3.64;9.85;4.0;8.0;3.33;5.0;6.0;2.6.0;;;;;;;;;;;;;;;;;;;;;;;;;Peru_Liga1_Clausura;Peru_Liga1_Clausura;
2026-09-06;2026-09-06;Germany_Oberliga_BadenWurttemberg;6;Singen;1. FC Muhlhausen;59.24;BASSA;FINAL;1;4;5;OK;OK;PRO: attacco trasferta positivo | difesa trasferta vulnerabile | trend over recente trasferta | profilo over esterno positivo | alta tendenza BTTS || CONTRO: attacco casa non dominante | v22 monitora possibile sopravvalutazione weak_ga | trend over casa non forte | profilo over interno debole;1.06;2.95;13.0;2.73;10.0;0.0;12.0;0.0;10.0;7.5;2.6.0;;;;;;;;;;;;;;;;;;;;;;;;;Germany_Oberliga_BadenWurttemberg;Germany_Oberliga_BadenWurttemberg;
2026-09-06;2026-09-06;Hungary_NBI;8;Zalaegerszeg;Puskas Academy;59.18;BASSA;FINAL;1;0;1;KO;KO;PRO: attacco trasferta positivo | difesa casa vulnerabile || CONTRO: attacco casa non dominante | trend over casa non forte | trend over trasferta non forte | profilo over interno debole | profilo over esterno debole | BTTS basso: possibile partita a senso unico;6.0;4.22;9.85;8.0;6.06;6.86;6.0;5.0;3.33;3.86;2.6.0;;;;;;;;;;;;;;;;;;;;;;;;;Hungary_NBI;Hungary_NBI;
2026-09-06;2026-09-06;Sweden_Division2_NorraSvealand;21;Viggbyholms;Falu;59.09;BASSA;FINAL;0;2;2;KO;KO;PRO: attacco trasferta positivo | difesa casa vulnerabile | trend over recente trasferta | profilo over interno positivo || CONTRO: attacco casa non dominante | trend over casa non forte | profilo over esterno debole | BTTS basso: possibile partita a senso unico;2.77;5.29;9.33;6.7;4.78;4.8;7.2;6.67;5.56;6.0;2.6.0;;;;;;;;;;;;;;;;;;;;;;;;;Sweden_Division2_NorraSvealand;Sweden_Division2_NorraSvealand;
2026-09-06;2026-09-06;Sweden_Division1_Sodra;22;Jonkoping;Tvaaker;59.05;BASSA;FINAL;0;1;1;KO;KO;PRO: difesa trasferta vulnerabile | trend over recente trasferta || CONTRO: attacco casa non dominante | ospite poco prolifico: rischio 1-0 / 2-0 | v22 monitora possibile sopravvalutazione weak_ga | trend over casa non forte | profilo over interno debole | profilo over esterno debole | BTTS basso: possibile partita a senso unico;0.4;7.78;8.4;3.64;6.7;3.6;10.8;5.56;5.56;6.63;2.6.0;;;;;;;;;;;;;;;;;;;;;;;;;Sweden_Division1_Sodra;Sweden_Division1_Sodra;
2026-09-06;2026-09-06;Iceland_BestaDeildKarla;27;Thor Akureyri;Hafnarfjordur;59.02;BASSA;FINAL;1;0;1;KO;KO;PRO: difesa trasferta vulnerabile | difesa casa vulnerabile | profilo over interno positivo | profilo over esterno positivo || CONTRO: attacco casa non dominante | ospite poco prolifico: rischio 1-0 / 2-0 | v22 monitora possibile sopravvalutazione weak_ga | trend over casa non forte | trend over trasferta non forte | BTTS basso: possibile partita a senso unico;0.55;5.91;7.6;8.0;8.23;6.0;3.6;6.0;6.0;7.14;2.6.0;;;;;;;;;;;;;;;;;;;;;;;;;Iceland_BestaDeildKarla;Iceland_BestaDeildKarla;
2026-09-06;2026-09-06;CzechRepublic_3MSFL;7;Karvina B;Hodonin;59.0;BASSA;FINAL;1;0;1;KO;KO;PRO: difesa trasferta vulnerabile | difesa casa vulnerabile | trend over recente casa | profilo over interno positivo || CONTRO: attacco casa non dominante | ospite poco prolifico: rischio 1-0 / 2-0 | v22 monitora possibile sopravvalutazione weak_ga | trend over trasferta non forte | profilo over esterno debole | BTTS basso: possibile partita a senso unico;0.92;7.88;6.89;6.06;7.58;8.0;4.0;6.67;5.0;6.0;2.6.0;;;;;;;;;;;;;;;;;;;;;;;;;CzechRepublic_3MSFL;CzechRepublic_3MSFL;
2026-09-06;2026-09-06;Bulgaria_VtoraLiga;7;Etar;CSKA Sofia 2;58.65;BASSA;FINAL;1;0;1;KO;KO;PRO: attacco trasferta positivo | difesa casa vulnerabile | trend over recente casa | alta tendenza BTTS || CONTRO: attacco casa non dominante | trend over trasferta non forte | profilo over interno debole | profilo over esterno debole;2.82;7.09;13.0;6.55;5.45;7.2;4.8;3.33;0.0;8.4;2.6.0;;;;;;;;;;;;;;;;;;;;;;;;;Bulgaria_VtoraLiga;Bulgaria_VtoraLiga;
2026-09-06;2026-09-06;Russia_FNL;10;Ural;Kamaz;58.55;BASSA;FINAL;2;0;2;KO;KO;PRO: attacco casa positivo | difesa trasferta vulnerabile || CONTRO: ospite poco prolifico: rischio 1-0 / 2-0 | v22 monitora possibile sopravvalutazione weak_ga | trend over casa non forte | trend over trasferta non forte | profilo over interno debole | profilo over esterno debole | BTTS basso: possibile partita a senso unico;4.24;10.34;5.91;1.82;8.08;6.0;6.67;5.0;5.0;5.5;2.6.0;;;;;;;;;;;;;;;;;;;;;;;;;Russia_FNL;Russia_FNL;
2026-09-06;2026-09-06;Ukraine_PremierLeague;5;Veres-Rivne;Zorya;58.45;BASSA;FINAL;1;1;2;KO;OK;PRO: difesa trasferta vulnerabile | trend over recente trasferta | profilo over interno positivo | profilo over esterno positivo || CONTRO: attacco casa non dominante | ospite poco prolifico: rischio 1-0 / 2-0 | v22 monitora possibile sopravvalutazione weak_ga | trend over casa non forte | BTTS basso: possibile partita a senso unico;0.92;2.95;7.39;2.73;7.95;3.0;9.0;10.0;10.0;4.5;2.6.0;;;;;;;;;;;;;;;;;;;;;;;;;Ukraine_PremierLeague;Ukraine_PremierLeague;
2026-09-06;2026-09-06;Germany_Regionalliga_West;7;Hilden;Oberhausen;58.12;BASSA;FINAL;0;3;3;OK;KO;PRO: attacco trasferta positivo | difesa casa vulnerabile | trend over recente trasferta | profilo over esterno positivo || CONTRO: attacco casa non dominante | trend over casa non forte | profilo over interno debole | BTTS basso: possibile partita a senso unico;3.53;3.94;12.8;6.06;3.79;2.0;10.0;0.0;10.0;6.0;2.6.0;;;;;;;;;;;;;;;;;;;;;;;;;Germany_Regionalliga_West;Germany_Regionalliga_West;
2026-09-06;2026-09-06;Turkey_SuperLig;4;Trabzonspor;Genclerbirligi;58.11;BASSA;FINAL;5;0;5;OK;KO;PRO: trend over recente casa | profilo over interno positivo | alta tendenza BTTS || CONTRO: attacco casa non dominante | ospite poco prolifico: rischio 1-0 / 2-0 | trend over trasferta non forte | profilo over esterno debole;2.47;7.88;7.88;4.85;3.03;8.0;4.0;10.0;0.0;10.0;2.6.0;;;;;;;;;;;;;;;;;;;;;;;;;Turkey_SuperLig;Turkey_SuperLig;
2026-09-06;2026-09-06;SouthKorea_KLeague1;27;Anyang;Gangwon;58.02;BASSA;FINAL;0;3;3;OK;KO;PRO: difesa casa vulnerabile | trend over recente casa | trend over recente trasferta || CONTRO: attacco casa non dominante | ospite poco prolifico: rischio 1-0 / 2-0 | profilo over interno debole | profilo over esterno debole | BTTS basso: possibile partita a senso unico;2.18;7.5;7.09;5.45;4.36;7.2;7.2;5.38;4.62;7.02;2.6.0;;;;;;;;;;;;;;;;;;;;;;;;;SouthKorea_KLeague1;SouthKorea_KLeague1;
2026-09-06;2026-09-06;Austria_Burgenland;5;SV Eberau;Halbturn;58.01;BASSA;FINAL;1;2;3;OK;OK;PRO: difesa trasferta vulnerabile | trend over recente trasferta | profilo over esterno positivo || CONTRO: attacco casa non dominante | ospite poco prolifico: rischio 1-0 / 2-0 | v22 monitora possibile sopravvalutazione weak_ga | trend over casa non forte | profilo over interno debole | BTTS basso: possibile partita a senso unico;1.6;4.43;7.39;3.64;7.95;3.0;12.0;5.0;10.0;3.0;2.6.0;;;;;;;;;;;;;;;;;;;;;;;;;Austria_Burgenland;Austria_Burgenland;
2026-09-06;2026-09-06;SriLanka_SuperLeague;8;Ratnam;Red Star;57.89;BASSA;FINAL;0;3;3;OK;KO;PRO: attacco trasferta positivo | difesa casa vulnerabile | trend over recente casa || CONTRO: attacco casa non dominante | trend over trasferta non forte | profilo over interno debole | profilo over esterno debole | BTTS basso: possibile partita a senso unico;3.33;3.38;9.29;8.0;5.84;10.29;5.14;5.0;3.33;4.29;2.6.0;;;;;;;;;;;;;;;;;;;;;;;;;SriLanka_SuperLeague;SriLanka_SuperLeague;
2026-09-06;2026-09-06;Denmark_1stDivision;8;Aarhus Fremad;Kolding;57.8;BASSA;FINAL;2;1;3;OK;OK;PRO: difesa trasferta vulnerabile | profilo over interno positivo | alta tendenza BTTS || CONTRO: attacco casa non dominante | ospite poco prolifico: rischio 1-0 / 2-0 | v22 monitora possibile sopravvalutazione weak_ga | trend over casa non forte | trend over trasferta non forte | profilo over esterno debole;2.18;6.89;7.88;3.03;6.82;6.0;6.0;6.67;3.33;9.0;2.6.0;;;;;;;;;;;;;;;;;;;;;;;;;Denmark_1stDivision;Denmark_1stDivision;
2026-09-06;2026-09-06;Ukraine_PremierLeague;5;Dyn. Kyiv;LNZ Cherkasy;57.75;BASSA;FINAL;0;0;0;KO;KO;PRO: difesa casa vulnerabile | trend over recente casa | profilo over interno positivo || CONTRO: attacco casa non dominante | ospite poco prolifico: rischio 1-0 / 2-0 | trend over trasferta non forte | profilo over esterno debole | BTTS basso: possibile partita a senso unico;2.31;7.88;2.95;6.06;4.55;12.0;3.0;10.0;5.0;4.0;2.6.0;;;;;;;;;;;;;;;;;;;;;;;;;Ukraine_PremierLeague;Ukraine_PremierLeague;
2026-09-06;2026-09-06;Norway_2ndDivision_Group1;19;Pors;Traeff;57.63;BASSA;FINAL;2;3;5;OK;OK;PRO: attacco trasferta positivo | difesa trasferta vulnerabile | trend over recente trasferta | alta tendenza BTTS || CONTRO: attacco casa non dominante | v22 monitora possibile sopravvalutazione weak_ga | trend over casa non forte | profilo over interno debole | profilo over esterno debole;0.92;6.26;10.78;4.71;7.22;3.6;8.4;3.33;5.0;7.41;2.6.0;;;;;;;;;;;;;;;;;;;;;;;;;Norway_2ndDivision_Group1;Norway_2ndDivision_Group1;
2026-09-06;2026-09-06;Serbia_SuperLiga;8;Vojvodina;Zemun;57.6;BASSA;FINAL;2;1;3;OK;OK;PRO: attacco casa positivo | difesa trasferta vulnerabile | profilo over esterno positivo || CONTRO: ospite poco prolifico: rischio 1-0 / 2-0 | v22 monitora possibile sopravvalutazione weak_ga | trend over casa non forte | trend over trasferta non forte | profilo over interno debole | BTTS basso: possibile partita a senso unico;4.8;12.66;1.69;3.12;9.09;6.86;5.14;5.0;6.67;2.57;2.6.0;;;;;;;;;;;;;;;;;;;;;;;;;Serbia_SuperLiga;Serbia_SuperLiga;
2026-09-06;2026-09-06;CzechRepublic_1Liga;8;Mlada Boleslav;Ostrava;57.55;BASSA;FINAL;4;0;4;OK;KO;PRO: attacco casa positivo | trend over recente casa || CONTRO: ospite poco prolifico: rischio 1-0 / 2-0 | trend over trasferta non forte | profilo over interno debole | profilo over esterno debole | BTTS basso: possibile partita a senso unico;2.0;13.0;4.73;4.36;5.45;7.2;4.8;5.0;5.0;6.0;2.6.0;;;;;;;;;;;;;;;;;;;;;;;;;CzechRepublic_1Liga;CzechRepublic_1Liga;
2026-09-06;2026-09-06;USA_MLS;26;Charlotte;Houston Dynamo;57.43;BASSA;FINAL;0;0;0;KO;KO;PRO: attacco casa positivo | trend over recente casa | profilo over interno positivo || CONTRO: ospite poco prolifico: rischio 1-0 / 2-0 | trend over trasferta non forte | profilo over esterno debole | BTTS basso: possibile partita a senso unico;0.41;10.79;8.06;5.06;5.37;7.2;2.4;7.5;4.55;6.09;2.6.0;;;;;;;;;;;;;;;;;;;;;;;;;USA_MLS;USA_MLS;
2026-09-06;2026-09-06;Moldova_SuperLiga;11;Balti;Milsami;57.33;BASSA;FINAL;1;3;4;OK;OK;PRO: difesa casa vulnerabile | trend over recente casa | profilo over interno positivo || CONTRO: attacco casa non dominante | ospite poco prolifico: rischio 1-0 / 2-0 | trend over trasferta non forte | profilo over esterno debole | BTTS basso: possibile partita a senso unico;1.71;4.73;4.73;8.0;6.36;9.6;4.8;8.0;4.0;5.4;2.6.0;;;;;;;;;;;;;;;;;;;;;;;;;Moldova_SuperLiga;Moldova_SuperLiga;
2026-09-06;2026-09-06;Moldova_SuperLiga;11;Real Sireti;Zimbru;57.3;BASSA;FINAL;0;2;2;KO;KO;PRO: attacco trasferta positivo | trend over recente trasferta | profilo over esterno positivo || CONTRO: attacco casa non dominante | trend over casa non forte | profilo over interno debole | BTTS basso: possibile partita a senso unico;4.29;3.55;13.0;4.73;4.55;4.8;8.4;2.0;6.0;6.0;2.6.0;;;;;;;;;;;;;;;;;;;;;;;;;Moldova_SuperLiga;Moldova_SuperLiga;
2026-09-06;2026-09-06;Germany_Oberliga_Westfalen;5;Schermbeck 2020;Hiltrup;57.26;BASSA;FINAL;1;1;2;KO;OK;PRO: difesa trasferta vulnerabile | difesa casa vulnerabile | trend over recente casa | profilo over interno positivo || CONTRO: attacco casa non dominante | ospite poco prolifico: rischio 1-0 / 2-0 | v22 monitora possibile sopravvalutazione weak_ga | trend over trasferta non forte | profilo over esterno debole | BTTS basso: possibile partita a senso unico;0.35;2.95;2.95;8.0;10.0;9.0;6.0;10.0;5.0;3.0;2.6.0;;;;;;;;;;;;;;;;;;;;;;;;;Germany_Oberliga_Westfalen;Germany_Oberliga_Westfalen;
2026-09-06;2026-09-06;Mexico_LigaExpansionMX_Apertura;7;Piratas;Correcaminos;56.88;BASSA;FINAL;4;1;5;OK;OK;PRO: attacco trasferta positivo | difesa trasferta vulnerabile | trend over recente trasferta | profilo over esterno positivo || CONTRO: attacco casa non dominante | v22 monitora possibile sopravvalutazione weak_ga | trend over casa non forte | profilo over interno debole | BTTS basso: possibile partita a senso unico;1.71;4.92;13.0;2.42;6.82;2.0;10.0;0.0;10.0;6.0;2.6.0;;;;;;;;;;;;;;;;;;;;;;;;;Mexico_LigaExpansionMX_Apertura;Mexico_LigaExpansionMX_Apertura;
2026-09-06;2026-09-06;Netherlands_EersteDivisie;6;Maastricht;Roda;56.78;BASSA;FINAL;1;1;2;KO;OK;PRO: attacco casa positivo | trend over recente casa | alta tendenza BTTS || CONTRO: ospite poco prolifico: rischio 1-0 / 2-0 | trend over trasferta non forte | profilo over interno debole | profilo over esterno debole;1.89;11.82;7.39;3.64;4.55;9.0;6.0;5.0;0.0;7.5;2.6.0;;;;;;;;;;;;;;;;;;;;;;;;;Netherlands_EersteDivisie;Netherlands_EersteDivisie;
2026-09-06;2026-09-06;CzechRepublic_3MSFL;7;Sigma Olomouc B;Artis Brno B;56.45;BASSA;FINAL;0;2;2;KO;KO;PRO: attacco casa positivo | attacco trasferta positivo | trend over recente casa | profilo over interno positivo || CONTRO: trend over trasferta non forte | profilo over esterno debole | BTTS basso: possibile partita a senso unico;1.85;12.8;10.83;3.64;0.0;8.0;4.0;10.0;3.33;2.0;2.6.0;;;;;;;;;;;;;;;;;;;;;;;;;CzechRepublic_3MSFL;CzechRepublic_3MSFL;
2026-09-06;2026-09-06;USA_USLChampionship;33;Indy Eleven;Birmingham Legion;56.37;BASSA;FINAL;2;2;4;OK;OK;PRO: difesa trasferta vulnerabile | trend over recente trasferta | profilo over esterno positivo | alta tendenza BTTS || CONTRO: attacco casa non dominante | ospite poco prolifico: rischio 1-0 / 2-0 | v22 monitora possibile sopravvalutazione weak_ga | trend over casa non forte | profilo over interno debole;1.04;7.09;7.09;4.36;6.82;3.6;7.2;5.0;6.67;7.5;2.6.0;;;;;;;;;;;;;;;;;;;;;;;;;USA_USLChampionship;USA_USLChampionship;
2026-09-06;2026-09-06;Italy_SerieC_GironeB;3;Grosseto;Torres;56.17;BASSA;FINAL;2;0;2;KO;KO;PRO: attacco casa positivo | profilo over esterno positivo | alta tendenza BTTS || CONTRO: ospite poco prolifico: rischio 1-0 / 2-0 | trend over casa non forte | trend over trasferta non forte | profilo over interno debole;2.21;8.86;5.91;3.64;4.55;6.0;6.0;0.0;10.0;9.0;2.6.0;;;;;;;;;;;;;;;;;;;;;;;;;Italy_SerieC_GironeB;Italy_SerieC_GironeB;
2026-09-06;2026-09-06;Bulgaria_ParvaLiga;8;Lok. Plovdiv;Cherno More;56.15;BASSA;FINAL;1;0;1;KO;KO;PRO: difesa trasferta vulnerabile | trend over recente trasferta | profilo over interno positivo || CONTRO: attacco casa non dominante | ospite poco prolifico: rischio 1-0 / 2-0 | v22 monitora possibile sopravvalutazione weak_ga | trend over casa non forte | profilo over esterno debole | BTTS basso: possibile partita a senso unico;2.0;2.53;6.75;5.19;10.0;3.43;8.57;6.67;5.0;6.0;2.6.0;;;;;;;;;;;;;;;;;;;;;;;;;Bulgaria_ParvaLiga;Bulgaria_ParvaLiga;
2026-09-06;2026-09-06;Netherlands_Eredivisie;5;Heerenveen;Alkmaar;55.78;BASSA;FINAL;2;3;5;OK;OK;PRO: attacco trasferta positivo | difesa casa vulnerabile || CONTRO: attacco casa non dominante | trend over casa non forte | trend over trasferta non forte | profilo over interno debole | profilo over esterno debole | BTTS basso: possibile partita a senso unico;3.53;7.39;13.0;5.45;3.41;6.0;6.0;0.0;5.0;6.0;2.6.0;;;;;;;;;;;;;;;;;;;;;;;;;Netherlands_Eredivisie;Netherlands_Eredivisie;
2026-09-06;2026-09-06;Turkey_1Lig;6;Batman Petrolspor;Karagumruk;55.51;BASSA;FINAL;4;3;7;OK;OK;PRO: attacco casa positivo | trend over recente casa | alta tendenza BTTS || CONTRO: ospite poco prolifico: rischio 1-0 / 2-0 | trend over trasferta non forte | profilo over interno debole | profilo over esterno debole;2.84;11.82;7.09;2.91;5.45;7.2;4.8;5.0;0.0;8.4;2.6.0;;;;;;;;;;;;;;;;;;;;;;;;;Turkey_1Lig;Turkey_1Lig;
2026-09-06;2026-09-06;Serbia_PrvaLiga;7;Dubocica;Bor 1919;55.43;BASSA;FINAL;1;2;3;OK;OK;PRO: attacco casa positivo | difesa trasferta vulnerabile | trend over recente trasferta | profilo over esterno positivo || CONTRO: ospite poco prolifico: rischio 1-0 / 2-0 | v22 monitora possibile sopravvalutazione weak_ga | trend over casa non forte | profilo over interno debole | BTTS basso: possibile partita a senso unico;2.4;8.86;4.92;4.24;8.33;6.0;8.0;0.0;6.67;6.0;2.6.0;;;;;;;;;;;;;;;;;;;;;;;;;Serbia_PrvaLiga;Serbia_PrvaLiga;
2026-09-06;2026-09-06;CzechRepublic_4Liga_GroupB;5;Meteor Prague;Usti n. L. B;55.15;BASSA;FINAL;1;3;4;OK;OK;PRO: difesa trasferta vulnerabile | difesa casa vulnerabile | trend over recente casa | trend over recente trasferta | profilo over esterno positivo || CONTRO: attacco casa non dominante | ospite poco prolifico: rischio 1-0 / 2-0 | v22 monitora possibile sopravvalutazione weak_ga | profilo over interno debole | BTTS basso: possibile partita a senso unico;5.2;1.97;1.48;8.0;10.0;8.0;9.0;0.0;10.0;1.5;2.6.0;;;;;;;;;;;;;;;;;;;;;;;;;CzechRepublic_4Liga_GroupB;CzechRepublic_4Liga_GroupB;CzechRepublic_4Liga
2026-09-06;2026-09-06;Belarus_VysshayaLiga;24;ML Vitebsk;Din. Minsk;54.82;BASSA;FINAL;0;0;0;KO;KO;PRO: attacco casa positivo | attacco trasferta positivo | trend over recente casa | trend over recente trasferta || CONTRO: profilo over interno debole | profilo over esterno debole | BTTS basso: possibile partita a senso unico || CONTRO V25: v25: sfida equilibrata di alta classifica (gap punti 0.0, gap PPG 0.00) con difesa casa sotto 1 gol subito a partita;0.4;11.82;11.49;3.03;3.79;7.2;7.2;3.33;5.56;7.0;2.6.0;;;;;;;;;;;;;;;;;;;;;;;;;Belarus_VysshayaLiga;Belarus_VysshayaLiga;
2026-09-06;2026-09-06;USA_USLChampionship;33;Las Vegas Lights;New Mexico;54.75;BASSA;FINAL;1;2;3;OK;OK;PRO: attacco trasferta positivo | difesa casa vulnerabile || CONTRO: attacco casa non dominante | trend over casa non forte | trend over trasferta non forte | profilo over interno debole | profilo over esterno debole | BTTS basso: possibile partita a senso unico;3.13;7.52;8.57;5.29;4.55;4.8;6.0;3.64;4.44;6.82;2.6.0;;;;;;;;;;;;;;;;;;;;;;;;;USA_USLChampionship;USA_USLChampionship;
2026-09-06;2026-09-06;SouthKorea_KLeague2;25;Suwon Bluewings;Asan;54.62;BASSA;FINAL;2;0;2;KO;KO;PRO: attacco casa positivo | trend over recente casa || CONTRO: ospite poco prolifico: rischio 1-0 / 2-0 | trend over trasferta non forte | profilo over interno debole | profilo over esterno debole | BTTS basso: possibile partita a senso unico;2.25;9.25;8.33;3.16;5.58;7.2;4.8;3.64;4.0;6.42;2.6.0;;;;;;;;;;;;;;;;;;;;;;;;;SouthKorea_KLeague2;SouthKorea_KLeague2;
2026-09-06;2026-09-06;Romania_Liga2;6;FC Bacau;CSC Dumbravita;54.5;BASSA;FINAL;6;1;7;OK;OK;PRO: attacco casa positivo | trend over recente casa || CONTRO: ospite poco prolifico: rischio 1-0 / 2-0 | trend over trasferta non forte | profilo over interno debole | profilo over esterno debole | BTTS basso: possibile partita a senso unico;1.43;10.34;4.73;4.55;5.45;9.0;2.4;5.0;5.0;6.6;2.6.0;;;;;;;;;;;;;;;;;;;;;;;;;Romania_Liga2;Romania_Liga2;
2026-09-06;2026-09-06;CzechRepublic_3CFL_GroupB;5;Brozany;Chrudim;54.29;BASSA;FINAL;1;1;2;KO;OK;PRO: difesa trasferta vulnerabile | difesa casa vulnerabile | trend over recente trasferta || CONTRO: attacco casa non dominante | ospite poco prolifico: rischio 1-0 / 2-0 | v22 monitora possibile sopravvalutazione weak_ga | trend over casa non forte | profilo over interno debole | profilo over esterno debole | BTTS basso: possibile partita a senso unico;2.4;3.94;7.39;6.06;10.0;4.0;9.0;0.0;5.0;6.5;2.6.0;;;;;;;;;;;;;;;;;;;;;;;;;CzechRepublic_3CFL_GroupB;CzechRepublic_3CFL_GroupB;CzechRepublic_3rdTier
2026-09-06;2026-09-06;Turkey_SuperLig;4;Corum;Eyupspor;54.07;BASSA;FINAL;3;0;3;OK;KO;PRO: attacco casa positivo | difesa casa vulnerabile | trend over recente casa | alta tendenza BTTS || CONTRO: ospite poco prolifico: rischio 1-0 / 2-0 | trend over trasferta non forte | profilo over interno debole | profilo over esterno debole;1.76;11.82;3.94;8.0;4.55;12.0;4.0;0.0;0.0;8.0;2.6.0;;;;;;;;;;;;;;;;;;;;;;;;;Turkey_SuperLig;Turkey_SuperLig;
2026-09-06;2026-09-06;USA_USLChampionship;33;Miami FC;Pittsburgh;54.06;BASSA;FINAL;2;2;4;OK;OK;PRO: difesa casa vulnerabile | profilo over interno positivo || CONTRO: attacco casa non dominante | ospite poco prolifico: rischio 1-0 / 2-0 | trend over casa non forte | trend over trasferta non forte | profilo over esterno debole | BTTS basso: possibile partita a senso unico;2.87;6.71;6.42;6.45;4.55;6.0;4.8;6.36;4.55;5.35;2.6.0;;;;;;;;;;;;;;;;;;;;;;;;;USA_USLChampionship;USA_USLChampionship;
2026-09-06;2026-09-06;Peru_Liga2;6;Union Comercio;U. San Martin;53.53;BASSA;FINAL;1;0;1;KO;KO;PRO: attacco trasferta positivo | trend over recente trasferta | profilo over esterno positivo || CONTRO: attacco casa non dominante | trend over casa non forte | profilo over interno debole | BTTS basso: possibile partita a senso unico;1.29;5.91;9.85;2.42;6.06;4.0;8.0;0.0;10.0;6.0;2.6.0;;;;;;;;;;;;;;;;;;;;;;;;;Peru_Liga2;Peru_Liga2;
2026-09-06;2026-09-06;Latvia_Virsliga;30;Auda;Grobina;53.26;BASSA;FINAL;1;0;1;KO;KO;PRO: attacco casa positivo | difesa trasferta vulnerabile || CONTRO: ospite poco prolifico: rischio 1-0 / 2-0 | v22 monitora possibile sopravvalutazione weak_ga | trend over casa non forte | trend over trasferta non forte | profilo over interno debole | profilo over esterno debole | BTTS basso: possibile partita a senso unico;3.33;9.45;4.62;3.78;8.89;2.4;6.0;5.71;3.33;5.73;2.6.0;;;;;;;;;;;;;;;;;;;;;;;;;Latvia_Virsliga;Latvia_Virsliga;
2026-09-06;2026-09-06;Hungary_NBII;7;Csakvari;Szeged;53.2;BASSA;FINAL;2;2;4;OK;OK;PRO: difesa casa vulnerabile | trend over recente casa | alta tendenza BTTS || CONTRO: attacco casa non dominante | ospite poco prolifico: rischio 1-0 / 2-0 | trend over trasferta non forte | profilo over interno debole | profilo over esterno debole;2.0;5.91;5.91;8.0;4.55;8.0;3.0;3.33;5.0;7.5;2.6.0;;;;;;;;;;;;;;;;;;;;;;;;;Hungary_NBII;Hungary_NBII;
2026-09-06;2026-09-06;Belgium_JupilerProLeague;8;Beveren;Leuven;53.17;BASSA;FINAL;3;0;3;OK;KO;PRO: difesa trasferta vulnerabile | difesa casa vulnerabile | trend over recente casa | trend over recente trasferta || CONTRO: attacco casa non dominante | ospite poco prolifico: rischio 1-0 / 2-0 | v22 monitora possibile sopravvalutazione weak_ga | profilo over interno debole | profilo over esterno debole | BTTS basso: possibile partita a senso unico;1.76;2.95;2.95;8.0;10.0;9.0;9.0;0.0;5.0;4.5;2.6.0;;;;;;;;;;;;;;;;;;;;;;;;;Belgium_JupilerProLeague;Belgium_JupilerProLeague;
2026-09-06;2026-09-06;USA_USLChampionship;33;Orange County SC;Sacramento Republic;52.74;BASSA;FINAL;1;1;2;KO;OK;PRO: attacco casa positivo | trend over recente casa || CONTRO: ospite poco prolifico: rischio 1-0 / 2-0 | trend over trasferta non forte | profilo over interno debole | profilo over esterno debole | BTTS basso: possibile partita a senso unico;0.78;8.86;7.88;5.12;4.11;8.4;4.8;4.0;1.82;6.96;2.6.0;;;;;;;;;;;;;;;;;;;;;;;;;USA_USLChampionship;USA_USLChampionship;
2026-09-06;2026-09-06;CzechRepublic_4Liga_GroupD;5;Velke Mezirici;Zdirec n. D.;52.61;BASSA;FINAL;3;2;5;OK;OK;PRO: difesa trasferta vulnerabile | difesa casa vulnerabile | alta tendenza BTTS || CONTRO: attacco casa non dominante | ospite poco prolifico: rischio 1-0 / 2-0 | v22 monitora possibile sopravvalutazione weak_ga | trend over casa non forte | trend over trasferta non forte | profilo over interno debole | profilo over esterno debole;4.0;7.39;5.91;6.36;7.95;6.0;6.0;0.0;0.0;9.0;2.6.0;;;;;;;;;;;;;;;;;;;;;;;;;CzechRepublic_4Liga_GroupD;CzechRepublic_4Liga_GroupD;CzechRepublic_4Liga
2026-09-06;2026-09-06;Peru_Liga1_Clausura;8;Juan Pablo 2;A. Lima;52.33;BASSA;FINAL;1;1;2;KO;OK;PRO: attacco casa positivo | difesa casa vulnerabile || CONTRO: ospite poco prolifico: rischio 1-0 / 2-0 | trend over casa non forte | trend over trasferta non forte | profilo over interno debole | profilo over esterno debole | BTTS basso: possibile partita a senso unico;1.76;10.83;7.88;6.06;3.79;6.0;4.0;5.0;0.0;7.0;2.6.0;;;;;;;;;;;;;;;;;;;;;;;;;Peru_Liga1_Clausura;Peru_Liga1_Clausura;
2026-09-06;2026-09-06;Iceland_1DeildWomen;20;Keflavik Women;Fjardab/Hottur/Leiknir;52.3;BASSA;FINAL;3;3;6;OK;OK;PRO: attacco trasferta positivo | difesa trasferta vulnerabile | trend over recente trasferta | alta tendenza BTTS || CONTRO: attacco casa non dominante | v22 monitora possibile sopravvalutazione weak_ga | trend over casa non forte | profilo over interno debole | profilo over esterno debole;3.33;5.91;12.19;3.64;6.53;0.0;7.2;0.0;3.75;9.75;2.6.0;;;;;;;;;;;;;;;;;;;;;;;;;Iceland_1DeildWomen;Iceland_1DeildWomen;
2026-09-06;2026-09-06;Spain_LaLiga;6;Malaga;Levante;52.18;BASSA;FINAL;0;0;0;KO;KO;PRO: attacco trasferta positivo | difesa trasferta vulnerabile | difesa casa vulnerabile | trend over recente trasferta || CONTRO: attacco casa non dominante | v22 monitora possibile sopravvalutazione weak_ga | trend over casa non forte | profilo over interno debole | profilo over esterno debole | BTTS basso: possibile partita a senso unico;3.79;1.97;9.85;8.0;7.58;4.0;8.0;0.0;5.0;4.0;2.6.0;;;;;;;;;;;;;;;;;;;;;;;;;Spain_LaLiga;Spain_LaLiga;
2026-09-06;2026-09-06;Poland_IIILiga_Group4;6;Wisloka Debica;Biala Podlaska;51.87;BASSA;FINAL;1;0;1;KO;KO;PRO: difesa casa vulnerabile | trend over recente casa | profilo over interno positivo || CONTRO: attacco casa non dominante | ospite poco prolifico: rischio 1-0 / 2-0 | trend over trasferta non forte | profilo over esterno debole | BTTS basso: possibile partita a senso unico;1.41;7.09;5.91;5.82;3.64;9.6;2.4;10.0;0.0;6.0;2.6.0;;;;;;;;;;;;;;;;;;;;;;;;;Poland_IIILiga_Group4;Poland_IIILiga_Group4;
2026-09-06;2026-09-06;Belarus_VysshayaLiga;24;Baranovici;Dnepr Mogilev;51.78;BASSA;FINAL;2;1;3;OK;OK;PRO: difesa trasferta vulnerabile | difesa casa vulnerabile | profilo over interno positivo || CONTRO: attacco casa non dominante | ospite poco prolifico: rischio 1-0 / 2-0 | v22 monitora possibile sopravvalutazione weak_ga | trend over casa non forte | trend over trasferta non forte | profilo over esterno debole | BTTS basso: possibile partita a senso unico;1.2;6.53;4.73;6.51;6.59;4.8;3.6;6.67;5.0;6.16;2.6.0;;;;;;;;;;;;;;;;;;;;;;;;;Belarus_VysshayaLiga;Belarus_VysshayaLiga;
2026-09-06;2026-09-06;Armenia_PremierLeague;8;BKMA;Urartu;51.72;BASSA;FINAL;2;1;3;OK;OK;PRO: attacco trasferta positivo | trend over recente casa | trend over recente trasferta || CONTRO: attacco casa non dominante | profilo over interno debole | profilo over esterno debole | BTTS basso: possibile partita a senso unico;1.09;4.73;9.45;4.36;4.55;7.2;7.2;3.33;5.0;4.8;2.6.0;;;;;;;;;;;;;;;;;;;;;;;;;Armenia_PremierLeague;Armenia_PremierLeague;
2026-09-06;2026-09-06;Kazakhstan_PremierLeague;35;Altai;Kaisar;51.26;BASSA;FINAL;2;0;2;KO;KO;PRO: difesa casa vulnerabile | trend over recente casa || CONTRO: attacco casa non dominante | ospite poco prolifico: rischio 1-0 / 2-0 | trend over trasferta non forte | profilo over interno debole | profilo over esterno debole | BTTS basso: possibile partita a senso unico;0.8;4.88;5.14;5.69;5.93;8.4;6.0;3.64;4.0;6.78;2.6.0;;;;;;;;;;;;;;;;;;;;;;;;;Kazakhstan_PremierLeague;Kazakhstan_PremierLeague;
2026-09-06;2026-09-06;Mexico_LigaMX_Apertura;7;Atl. San Luis;Guadalajara;50.86;BASSA;FINAL;0;3;3;OK;KO;PRO: attacco trasferta positivo | difesa casa vulnerabile | trend over recente casa || CONTRO: attacco casa non dominante | trend over trasferta non forte | profilo over interno debole | profilo over esterno debole | BTTS basso: possibile partita a senso unico;3.18;7.88;8.86;6.06;4.55;8.0;2.0;3.33;0.0;7.0;2.6.0;;;;;;;;;;;;;;;;;;;;;;;;;Mexico_LigaMX_Apertura;Mexico_LigaMX_Apertura;
2026-09-06;2026-09-06;SouthKorea_KLeague2;25;Gimpo FC;Seongnam;50.29;BASSA;FINAL;1;2;3;OK;OK;PRO: alta tendenza BTTS || CONTRO: attacco casa non dominante | ospite poco prolifico: rischio 1-0 / 2-0 | trend over casa non forte | trend over trasferta non forte | profilo over interno debole | profilo over esterno debole;0.75;7.25;6.45;4.3;5.37;4.8;4.8;3.75;5.45;7.36;2.6.0;;;;;;;;;;;;;;;;;;;;;;;;;SouthKorea_KLeague2;SouthKorea_KLeague2;
2026-09-06;2026-09-06;Denmark_Superliga;8;Brondby;Randers;49.82;BASSA;FINAL;0;3;3;OK;KO;PRO: attacco casa positivo | profilo over interno positivo || CONTRO: ospite poco prolifico: rischio 1-0 / 2-0 | trend over casa non forte | trend over trasferta non forte | profilo over esterno debole | BTTS basso: possibile partita a senso unico;1.09;10.83;4.92;4.24;6.06;6.0;4.0;6.67;0.0;6.0;2.6.0;;;;;;;;;;;;;;;;;;;;;;;;;Denmark_Superliga;Denmark_Superliga;
2026-09-06;2026-09-06;Portugal_Liga3_SerieA;4;Leca;Fafe;49.67;BASSA;FINAL;0;3;3;OK;KO;PRO: profilo over esterno positivo | alta tendenza BTTS || CONTRO: attacco casa non dominante | ospite poco prolifico: rischio 1-0 / 2-0 | trend over casa non forte | trend over trasferta non forte | profilo over interno debole;2.0;5.91;7.88;4.85;3.03;4.0;4.0;0.0;10.0;8.0;2.6.0;;;;;;;;;;;;;;;;;;;;;;;;;Portugal_Liga3_SerieA;Portugal_Liga3_SerieA;Portugal_Liga3
2026-09-06;2026-09-06;Italy_SerieA;3;Bologna;Sassuolo;49.53;BASSA;FINAL;2;2;4;OK;OK;PRO: attacco trasferta positivo | difesa trasferta vulnerabile | trend over recente trasferta | profilo over esterno positivo || CONTRO: attacco casa non dominante | v22 monitora possibile sopravvalutazione weak_ga | trend over casa non forte | profilo over interno debole | BTTS basso: possibile partita a senso unico;2.21;0.0;8.86;3.64;6.82;0.0;12.0;0.0;10.0;6.0;2.6.0;;;;;;;;;;;;;;;;;;;;;;;;;Italy_SerieA;Italy_SerieA;
2026-09-06;2026-09-06;Mexico_LigaExpansionMX_Apertura;7;Cancun;Cruz Azul Hidalgo;49.19;BASSA;FINAL;6;0;6;OK;KO;PRO: attacco trasferta positivo | difesa casa vulnerabile || CONTRO: attacco casa non dominante | trend over casa non forte | trend over trasferta non forte | profilo over interno debole | profilo over esterno debole | BTTS basso: possibile partita a senso unico;0.43;5.91;8.86;5.82;5.3;4.8;6.0;3.33;3.33;5.4;2.6.0;;;;;;;;;;;;;;;;;;;;;;;;;Mexico_LigaExpansionMX_Apertura;Mexico_LigaExpansionMX_Apertura;
2026-09-06;2026-09-06;Turkey_SuperLig;4;Kocaelispor;Samsunspor;48.91;BASSA;FINAL;1;0;1;KO;KO;PRO: attacco trasferta positivo | difesa trasferta vulnerabile || CONTRO: attacco casa non dominante | v22 monitora possibile sopravvalutazione weak_ga | trend over casa non forte | trend over trasferta non forte | profilo over interno debole | profilo over esterno debole | BTTS basso: possibile partita a senso unico;3.53;7.88;8.86;3.64;10.0;4.0;6.0;0.0;0.0;5.0;2.6.0;;;;;;;;;;;;;;;;;;;;;;;;;Turkey_SuperLig;Turkey_SuperLig;
2026-09-06;2026-09-06;Spain_LaLiga2;4;Castellon;Albacete;48.36;BASSA;FINAL;2;0;2;KO;KO;PRO: difesa trasferta vulnerabile | profilo over esterno positivo || CONTRO: attacco casa non dominante | ospite poco prolifico: rischio 1-0 / 2-0 | v22 monitora possibile sopravvalutazione weak_ga | trend over casa non forte | trend over trasferta non forte | profilo over interno debole | BTTS basso: possibile partita a senso unico;2.86;5.91;2.95;1.82;6.82;6.0;6.0;0.0;10.0;6.0;2.6.0;;;;;;;;;;;;;;;;;;;;;;;;;Spain_LaLiga2;Spain_LaLiga2;
2026-09-06;2026-09-06;Kazakhstan_PremierLeague;35;Tobol;Ulytau;47.95;BASSA;FINAL;3;1;4;OK;OK;PRO: profilo over interno positivo || CONTRO: attacco casa non dominante | ospite poco prolifico: rischio 1-0 / 2-0 | trend over casa non forte | trend over trasferta non forte | profilo over esterno debole | BTTS basso: possibile partita a senso unico;0.8;6.68;5.91;4.9;4.55;4.8;4.8;6.0;3.64;5.88;2.6.0;;;;;;;;;;;;;;;;;;;;;;;;;Kazakhstan_PremierLeague;Kazakhstan_PremierLeague;
2026-09-06;2026-09-06;USA_USLChampionship;33;San Antonio;FC Tulsa;47.35;BASSA;FINAL;0;0;0;KO;KO;PRO: nessun indicatore over forte || CONTRO: attacco casa non dominante | ospite poco prolifico: rischio 1-0 / 2-0 | trend over casa non forte | trend over trasferta non forte | profilo over interno debole | profilo over esterno debole | BTTS basso: possibile partita a senso unico;0.52;7.52;7.32;4.3;4.11;6.0;2.4;5.45;4.44;5.29;2.6.0;;;;;;;;;;;;;;;;;;;;;;;;;USA_USLChampionship;USA_USLChampionship;
2026-09-06;2026-09-06;SouthKorea_KLeague1;27;Gimcheon Sangmu;Gwangju;47.04;BASSA;FINAL;2;2;4;OK;OK;PRO: difesa trasferta vulnerabile || CONTRO: attacco casa non dominante | ospite poco prolifico: rischio 1-0 / 2-0 | v22 monitora possibile sopravvalutazione weak_ga | trend over casa non forte | trend over trasferta non forte | profilo over interno debole | profilo over esterno debole | BTTS basso: possibile partita a senso unico;0.55;5.45;3.64;4.48;9.97;2.4;6.0;3.33;5.0;6.23;2.6.0;;;;;;;;;;;;;;;;;;;;;;;;;SouthKorea_KLeague1;SouthKorea_KLeague1;
2026-09-06;2026-09-06;Bulgaria_VtoraLiga;7;Nesebar;Rilski Sportist;46.91;BASSA;FINAL;2;1;3;OK;OK;PRO: attacco casa positivo | trend over recente trasferta || CONTRO: ospite poco prolifico: rischio 1-0 / 2-0 | trend over casa non forte | profilo over interno debole | profilo over esterno debole | BTTS basso: possibile partita a senso unico;0.71;13.0;8.27;1.45;4.55;2.4;7.2;3.33;0.0;6.0;2.6.0;;;;;;;;;;;;;;;;;;;;;;;;;Bulgaria_VtoraLiga;Bulgaria_VtoraLiga;
2026-09-06;2026-09-06;Poland_Division2;7;Pruszkow;Hutnik Krakow;46.84;BASSA;FINAL;4;2;6;OK;OK;PRO: attacco casa positivo | attacco trasferta positivo || CONTRO: trend over casa non forte | trend over trasferta non forte | profilo over interno debole | profilo over esterno debole | BTTS basso: possibile partita a senso unico || CONTRO V25: v25: sfida equilibrata di alta classifica (gap punti 1.0, gap PPG 0.17) con difesa trasferta sotto 1 gol subito a partita | v25 extra: difesa stagionale molto solida (0.67 GA per partita);0.71;10.83;12.8;3.64;3.03;6.0;6.0;2.5;3.33;7.0;2.6.0;;;;;;;;;;;;;;;;;;;;;;;;;Poland_Division2;Poland_Division2;
2026-09-06;2026-09-06;Germany_Oberliga_Niederrhein;4;Sonsbeck;SSVg Velbert;46.72;BASSA;FINAL;4;2;6;OK;OK;PRO: attacco trasferta positivo | difesa trasferta vulnerabile | alta tendenza BTTS || CONTRO: attacco casa non dominante | v22 monitora possibile sopravvalutazione weak_ga | trend over casa non forte | trend over trasferta non forte | profilo over interno debole | profilo over esterno debole;0.35;5.91;11.82;3.64;10.0;0.0;6.0;0.0;0.0;9.0;2.6.0;;;;;;;;;;;;;;;;;;;;;;;;;Germany_Oberliga_Niederrhein;Germany_Oberliga_Niederrhein;
2026-09-06;2026-09-06;Portugal_LigaPortugal;5;Gil Vicente;Academico Viseu;46.09;BASSA;FINAL;0;1;1;KO;KO;PRO: difesa trasferta vulnerabile | trend over recente trasferta | profilo over esterno positivo || CONTRO: attacco casa non dominante | ospite poco prolifico: rischio 1-0 / 2-0 | v22 monitora possibile sopravvalutazione weak_ga | trend over casa non forte | profilo over interno debole | BTTS basso: possibile partita a senso unico;3.18;5.91;5.91;0.0;9.09;0.0;9.0;0.0;10.0;3.0;2.6.0;;;;;;;;;;;;;;;;;;;;;;;;;Portugal_LigaPortugal;Portugal_LigaPortugal;
2026-09-06;2026-09-06;Ukraine_PremierLeague;5;Epitsentr;Bukovyna;45.7;BASSA;FINAL;0;0;0;KO;KO;PRO: attacco casa positivo | profilo over esterno positivo || CONTRO: ospite poco prolifico: rischio 1-0 / 2-0 | trend over casa non forte | trend over trasferta non forte | profilo over interno debole | BTTS basso: possibile partita a senso unico;1.85;8.86;4.43;1.82;3.41;6.0;6.0;3.33;10.0;0.0;2.6.0;;;;;;;;;;;;;;;;;;;;;;;;;Ukraine_PremierLeague;Ukraine_PremierLeague;
2026-09-06;2026-09-06;Germany_3Liga;4;Fortuna Colonia;Dusseldorf;45.44;BASSA;FINAL;0;0;0;KO;KO;PRO: profilo over esterno positivo || CONTRO: attacco casa non dominante | ospite poco prolifico: rischio 1-0 / 2-0 | trend over casa non forte | trend over trasferta non forte | profilo over interno debole | BTTS basso: possibile partita a senso unico;1.89;5.91;3.94;3.64;6.06;4.0;4.0;0.0;10.0;6.0;2.6.0;;;;;;;;;;;;;;;;;;;;;;;;;Germany_3Liga;Germany_3Liga;
2026-09-06;2026-09-06;Spain_LaLiga2;4;Eibar;Granada;44.05;BASSA;FINAL;3;0;3;OK;KO;PRO: attacco trasferta positivo || CONTRO: attacco casa non dominante | trend over casa non forte | trend over trasferta non forte | profilo over interno debole | profilo over esterno debole | BTTS basso: possibile partita a senso unico;1.14;5.91;9.85;3.64;1.52;4.0;4.0;5.0;5.0;4.0;2.6.0;;;;;;;;;;;;;;;;;;;;;;;;;Spain_LaLiga2;Spain_LaLiga2;
2026-09-06;2026-09-06;Poland_Division1;7;Arka;LKS Lodz;43.9;BASSA;FINAL;1;1;2;KO;OK;PRO: attacco casa positivo | attacco trasferta positivo | trend over recente trasferta | profilo over interno positivo || CONTRO: trend over casa non forte | profilo over esterno debole | BTTS basso: possibile partita a senso unico || CONTRO V25: v25: sfida equilibrata di alta classifica (gap punti 1.0, gap PPG 0.17) con difesa trasferta sotto 1 gol subito a partita;0.71;8.86;9.85;3.03;3.79;4.0;8.0;6.67;0.0;5.0;2.6.0;;;;;;;;;;;;;;;;;;;;;;;;;Poland_Division1;Poland_Division1;
2026-09-06;2026-09-06;Italy_SerieC_GironeB;3;Sambenedettese;Spezia;43.76;BASSA;FINAL;1;2;3;OK;OK;PRO: difesa casa vulnerabile | profilo over interno positivo || CONTRO: attacco casa non dominante | ospite poco prolifico: rischio 1-0 / 2-0 | trend over casa non forte | trend over trasferta non forte | profilo over esterno debole | BTTS basso: possibile partita a senso unico;2.21;5.91;5.91;5.45;2.27;6.0;0.0;10.0;0.0;6.0;2.6.0;;;;;;;;;;;;;;;;;;;;;;;;;Italy_SerieC_GironeB;Italy_SerieC_GironeB;
2026-09-06;2026-09-06;Turkey_SuperLig;4;Kasimpasa;Amedspor;43.47;BASSA;FINAL;2;2;4;OK;OK;PRO: attacco trasferta positivo | trend over recente trasferta | alta tendenza BTTS || CONTRO: attacco casa non dominante | trend over casa non forte | profilo over interno debole | profilo over esterno debole;3.53;5.91;9.85;3.64;4.55;0.0;8.0;0.0;0.0;8.0;2.6.0;;;;;;;;;;;;;;;;;;;;;;;;;Turkey_SuperLig;Turkey_SuperLig;
2026-09-06;2026-09-06;Belarus_VysshayaLiga;24;Belshina;Neman;43.21;BASSA;FINAL;2;2;4;OK;OK;PRO: difesa casa vulnerabile || CONTRO: attacco casa non dominante | ospite poco prolifico: rischio 1-0 / 2-0 | trend over casa non forte | trend over trasferta non forte | profilo over interno debole | profilo over esterno debole | BTTS basso: possibile partita a senso unico;2.8;5.29;6.53;6.32;4.07;3.6;4.8;2.22;2.22;5.37;2.6.0;;;;;;;;;;;;;;;;;;;;;;;;;Belarus_VysshayaLiga;Belarus_VysshayaLiga;
2026-09-06;2026-09-06;Germany_3Liga;4;Grossaspach;Hoffenheim 2;42.62;BASSA;FINAL;1;0;1;KO;KO;PRO: attacco trasferta positivo | trend over recente trasferta || CONTRO: attacco casa non dominante | trend over casa non forte | profilo over interno debole | profilo over esterno debole | BTTS basso: possibile partita a senso unico;4.74;1.97;13.0;4.85;6.06;0.0;8.0;0.0;0.0;4.0;2.6.0;;;;;;;;;;;;;;;;;;;;;;;;;Germany_3Liga;Germany_3Liga;
2026-09-06;2026-09-06;Finland_Ykkosliiga;25;SJK Akatemia;JaPS;42.47;BASSA;FINAL;2;3;5;OK;OK;PRO: difesa casa vulnerabile || CONTRO: attacco casa non dominante | ospite poco prolifico: rischio 1-0 / 2-0 | trend over casa non forte | trend over trasferta non forte | profilo over interno debole | profilo over esterno debole | BTTS basso: possibile partita a senso unico;2.67;3.25;4.98;5.64;5.5;4.8;4.8;2.22;5.56;3.06;2.6.0;;;;;;;;;;;;;;;;;;;;;;;;;Finland_Ykkosliiga;Finland_Ykkosliiga;
2026-09-06;2026-09-06;Poland_Division1;7;Pogon Siedlce;Puszcza;42.38;BASSA;POSTPONED;;;;;;PRO: nessun indicatore over forte || CONTRO: attacco casa non dominante | ospite poco prolifico: rischio 1-0 / 2-0 | trend over casa non forte | trend over trasferta non forte | profilo over interno debole | profilo over esterno debole | BTTS basso: possibile partita a senso unico;2.12;6.89;4.92;3.64;5.3;4.0;4.0;2.5;5.0;4.0;2.6.0;;;;;;;;;;;;;;;;;;;;;;;;;Poland_Division1;Poland_Division1;
2026-09-06;2026-09-06;USA_USLChampionship;33;Detroit;Hartford Athletic;41.82;BASSA;FINAL;1;1;2;KO;OK;PRO: nessun indicatore over forte || CONTRO: attacco casa non dominante | ospite poco prolifico: rischio 1-0 / 2-0 | trend over casa non forte | trend over trasferta non forte | profilo over interno debole | profilo over esterno debole | BTTS basso: possibile partita a senso unico;2.35;7.6;5.63;2.94;4.55;3.6;4.8;3.0;2.5;4.86;2.6.0;;;;;;;;;;;;;;;;;;;;;;;;;USA_USLChampionship;USA_USLChampionship;
2026-09-06;2026-09-06;Lithuania_Toplyga;34;Kauno Zalgiris;Dziugas Telsiai;41.56;BASSA;FINAL;5;0;5;OK;KO;PRO: attacco casa positivo | attacco trasferta positivo || CONTRO: trend over casa non forte | trend over trasferta non forte | profilo over interno debole | profilo over esterno debole | BTTS basso: possibile partita a senso unico || CONTRO V25: v25: sfida equilibrata di alta classifica (gap punti 2.0, gap PPG 0.15) con difesa casa sotto 1 gol subito a partita | v25 extra: difesa stagionale molto solida (0.71 GA per partita);1.33;11.33;8.75;2.58;5.27;3.6;3.6;5.38;3.33;5.39;2.6.0;;;;;;;;;;;;;;;;;;;;;;;;;Lithuania_Toplyga;Lithuania_Toplyga;
2026-09-06;2026-09-06;Germany_Oberliga_Bremen;5;Schwachhausen;Bremen I2;40.34;BASSA;FINAL;1;0;1;KO;KO;PRO: attacco casa positivo | difesa casa vulnerabile | trend over recente casa | profilo over interno positivo || CONTRO: ospite poco prolifico: rischio 1-0 / 2-0 | trend over trasferta non forte | profilo over esterno debole | BTTS basso: possibile partita a senso unico;0.0;10.34;0.0;8.0;0.0;9.0;0.0;10.0;0.0;3.0;2.6.0;;;;;;;;;;;;;;;;;;;;;;;;;Germany_Oberliga_Bremen;Germany_Oberliga_Bremen;
2026-09-06;2026-09-06;Portugal_LigaPortugal2;5;Leiria;Portimonense;40.06;BASSA;FINAL;1;0;1;KO;KO;PRO: attacco casa positivo || CONTRO: ospite poco prolifico: rischio 1-0 / 2-0 | trend over casa non forte | trend over trasferta non forte | profilo over interno debole | profilo over esterno debole | BTTS basso: possibile partita a senso unico;0.35;10.34;5.91;4.55;3.41;6.0;0.0;5.0;0.0;4.5;2.6.0;;;;;;;;;;;;;;;;;;;;;;;;;Portugal_LigaPortugal2;Portugal_LigaPortugal2;
2026-09-06;2026-09-06;Peru_Liga1_Clausura;8;Deportivo Garcilaso;Grau;39.86;BASSA;FINAL;4;2;6;OK;OK;PRO: nessun indicatore over forte || CONTRO: attacco casa non dominante | ospite poco prolifico: rischio 1-0 / 2-0 | trend over casa non forte | trend over trasferta non forte | profilo over interno debole | profilo over esterno debole | BTTS basso: possibile partita a senso unico;1.76;5.91;7.88;3.03;2.27;2.0;4.0;5.0;5.0;3.0;2.6.0;;;;;;;;;;;;;;;;;;;;;;;;;Peru_Liga1_Clausura;Peru_Liga1_Clausura;
2026-09-06;2026-09-06;Germany_Oberliga_Westfalen;5;Erkenschwick;Westfalia Kinderhaus;39.2;BASSA;FINAL;2;1;3;OK;OK;PRO: difesa trasferta vulnerabile || CONTRO: attacco casa non dominante | ospite poco prolifico: rischio 1-0 / 2-0 | v22 monitora possibile sopravvalutazione weak_ga | trend over casa non forte | trend over trasferta non forte | profilo over interno debole | profilo over esterno debole | BTTS basso: possibile partita a senso unico;1.76;5.91;7.39;1.82;6.82;0.0;6.0;0.0;5.0;4.5;2.6.0;;;;;;;;;;;;;;;;;;;;;;;;;Germany_Oberliga_Westfalen;Germany_Oberliga_Westfalen;
2026-09-06;2026-09-06;Romania_Liga2;6;CSM Satu Mare;Politehnica Timisoara;39.19;BASSA;FINAL;1;1;2;KO;OK;PRO: attacco trasferta positivo || CONTRO: attacco casa non dominante | trend over casa non forte | trend over trasferta non forte | profilo over interno debole | profilo over esterno debole | BTTS basso: possibile partita a senso unico;5.43;1.18;13.0;4.36;1.82;0.0;4.8;0.0;5.0;3.6;2.6.0;;;;;;;;;;;;;;;;;;;;;;;;;Romania_Liga2;Romania_Liga2;
2026-09-06;2026-09-06;CzechRepublic_1Liga;8;Jablonec;Liberec;38.48;BASSA;FINAL;1;2;3;OK;OK;PRO: nessun indicatore over forte || CONTRO: attacco casa non dominante | ospite poco prolifico: rischio 1-0 / 2-0 | trend over casa non forte | trend over trasferta non forte | profilo over interno debole | profilo over esterno debole | BTTS basso: possibile partita a senso unico;1.2;7.09;7.88;2.91;2.27;2.4;2.0;5.0;3.33;4.4;2.6.0;;;;;;;;;;;;;;;;;;;;;;;;;CzechRepublic_1Liga;CzechRepublic_1Liga;
2026-09-06;2026-09-06;Italy_SerieB;3;Juve Stabia;Pisa;38.32;BASSA;FINAL;0;3;3;OK;KO;PRO: nessun indicatore over forte || CONTRO: attacco casa non dominante | ospite poco prolifico: rischio 1-0 / 2-0 | trend over casa non forte | trend over trasferta non forte | profilo over interno debole | profilo over esterno debole | BTTS basso: possibile partita a senso unico;0.32;5.91;5.91;3.64;4.55;6.0;6.0;0.0;0.0;6.0;2.6.0;;;;;;;;;;;;;;;;;;;;;;;;;Italy_SerieB;Italy_SerieB;
2026-09-06;2026-09-06;Bulgaria_VtoraLiga;7;Dobrudzha;Beroe;38.24;BASSA;FINAL;2;2;4;OK;OK;PRO: difesa casa vulnerabile || CONTRO: attacco casa non dominante | ospite poco prolifico: rischio 1-0 / 2-0 | trend over casa non forte | trend over trasferta non forte | profilo over interno debole | profilo over esterno debole | BTTS basso: possibile partita a senso unico;2.82;2.36;8.27;6.55;3.64;2.4;4.8;0.0;5.0;2.4;2.6.0;;;;;;;;;;;;;;;;;;;;;;;;;Bulgaria_VtoraLiga;Bulgaria_VtoraLiga;
2026-09-06;2026-09-06;Portugal_LigaPortugal;5;Santa Clara;Rio Ave;38.2;BASSA;FINAL;4;0;4;OK;KO;PRO: difesa trasferta vulnerabile || CONTRO: attacco casa non dominante | ospite poco prolifico: rischio 1-0 / 2-0 | v22 monitora possibile sopravvalutazione weak_ga | trend over casa non forte | trend over trasferta non forte | profilo over interno debole | profilo over esterno debole | BTTS basso: possibile partita a senso unico;3.18;7.39;2.95;2.73;7.95;3.0;3.0;5.0;0.0;3.0;2.6.0;;;;;;;;;;;;;;;;;;;;;;;;;Portugal_LigaPortugal;Portugal_LigaPortugal;
2026-09-06;2026-09-06;Portugal_LigaPortugal2;5;Leixoes;Amarante;38.0;BASSA;FINAL;3;1;4;OK;OK;PRO: nessun indicatore over forte || CONTRO: attacco casa non dominante | ospite poco prolifico: rischio 1-0 / 2-0 | trend over casa non forte | trend over trasferta non forte | profilo over interno debole | profilo over esterno debole | BTTS basso: possibile partita a senso unico;0.71;7.39;2.95;4.55;3.41;3.0;3.0;5.0;5.0;3.0;2.6.0;;;;;;;;;;;;;;;;;;;;;;;;;Portugal_LigaPortugal2;Portugal_LigaPortugal2;
2026-09-06;2026-09-06;Bulgaria_VtoraLiga;7;Yantra Gabrovo;Marek;36.8;BASSA;FINAL;3;0;3;OK;KO;PRO: attacco casa positivo || CONTRO: ospite poco prolifico: rischio 1-0 / 2-0 | trend over casa non forte | trend over trasferta non forte | profilo over interno debole | profilo over esterno debole | BTTS basso: possibile partita a senso unico;3.88;9.45;5.91;2.18;3.64;2.4;2.4;3.33;0.0;3.6;2.6.0;;;;;;;;;;;;;;;;;;;;;;;;;Bulgaria_VtoraLiga;Bulgaria_VtoraLiga;
2026-09-06;2026-09-06;Spain_LaLiga;6;Alaves;Osasuna;36.8;BASSA;FINAL;5;2;7;OK;OK;PRO: attacco casa positivo | profilo over esterno positivo || CONTRO: ospite poco prolifico: rischio 1-0 / 2-0 | trend over casa non forte | trend over trasferta non forte | profilo over interno debole | BTTS basso: possibile partita a senso unico || CONTRO V25: v25: sfida equilibrata di alta classifica (gap punti 0.0, gap PPG 0.00) con difesa casa sotto 1 gol subito a partita | v25 extra: difesa stagionale molto solida (0.33 GA per partita);0.32;9.85;5.91;1.21;1.52;4.0;4.0;5.0;10.0;4.0;2.6.0;;;;;;;;;;;;;;;;;;;;;;;;;Spain_LaLiga;Spain_LaLiga;
2026-09-06;2026-09-06;Romania_Superliga;8;Otelul;Rapid Bucarest;36.77;BASSA;FINAL;0;1;1;KO;KO;PRO: nessun indicatore over forte || CONTRO: attacco casa non dominante | ospite poco prolifico: rischio 1-0 / 2-0 | trend over casa non forte | trend over trasferta non forte | profilo over interno debole | profilo over esterno debole | BTTS basso: possibile partita a senso unico;4.0;6.89;6.75;4.24;2.6;4.0;1.71;0.0;0.0;6.57;2.6.0;;;;;;;;;;;;;;;;;;;;;;;;;Romania_Superliga;Romania_Superliga;
2026-09-06;2026-09-06;Turkey_1Lig;6;Muglaspor;Vanspor FK;36.52;BASSA;FINAL;2;2;4;OK;OK;PRO: difesa trasferta vulnerabile || CONTRO: attacco casa non dominante | ospite poco prolifico: rischio 1-0 / 2-0 | v22 monitora possibile sopravvalutazione weak_ga | trend over casa non forte | trend over trasferta non forte | profilo over interno debole | profilo over esterno debole | BTTS basso: possibile partita a senso unico;2.21;3.55;5.91;1.45;10.0;0.0;4.8;0.0;5.0;3.6;2.6.0;;;;;;;;;;;;;;;;;;;;;;;;;Turkey_1Lig;Turkey_1Lig;
2026-09-06;2026-09-06;Italy_SerieA;3;Juventus;Milan;33.27;BASSA;FINAL;1;1;2;KO;OK;PRO: attacco casa positivo | attacco trasferta positivo | profilo over esterno positivo || CONTRO: trend over casa non forte | trend over trasferta non forte | profilo over interno debole | BTTS basso: possibile partita a senso unico || CONTRO V25: v25: sfida equilibrata di alta classifica (gap punti 0.0, gap PPG 0.00) con difesa trasferta sotto 1 gol subito a partita | v25 extra: difesa stagionale molto solida (0.50 GA per partita);0.32;8.86;11.82;0.0;2.27;0.0;6.0;0.0;10.0;3.0;2.6.0;;;;;;;;;;;;;;;;;;;;;;;;;Italy_SerieA;Italy_SerieA;
2026-09-06;2026-09-06;Romania_Superliga;8;Petrolul;Corvinul;33.25;BASSA;FINAL;2;0;2;KO;KO;PRO: nessun indicatore over forte || CONTRO: attacco casa non dominante | ospite poco prolifico: rischio 1-0 / 2-0 | trend over casa non forte | trend over trasferta non forte | profilo over interno debole | profilo over esterno debole | BTTS basso: possibile partita a senso unico;0.8;5.91;6.75;5.19;2.6;5.14;3.43;0.0;0.0;3.43;2.6.0;;;;;;;;;;;;;;;;;;;;;;;;;Romania_Superliga;Romania_Superliga;
2026-09-06;2026-09-06;Spain_LaLiga2;4;Oviedo;Burgos CF;32.66;BASSA;FINAL;0;0;0;KO;KO;PRO: attacco trasferta positivo | difesa trasferta vulnerabile | trend over recente trasferta || CONTRO: attacco casa non dominante | v22 monitora possibile sopravvalutazione weak_ga | trend over casa non forte | profilo over interno debole | profilo over esterno debole | BTTS basso: possibile partita a senso unico;0.29;2.95;9.85;0.0;7.58;0.0;8.0;0.0;0.0;4.0;2.6.0;;;;;;;;;;;;;;;;;;;;;;;;;Spain_LaLiga2;Spain_LaLiga2;
2026-09-06;2026-09-06;Slovenia_PrvaLiga;9;Celje;Koper;32.17;BASSA;FINAL;0;1;1;KO;KO;PRO: attacco casa positivo || CONTRO: ospite poco prolifico: rischio 1-0 / 2-0 | trend over casa non forte | trend over trasferta non forte | profilo over interno debole | profilo over esterno debole | BTTS basso: possibile partita a senso unico || CONTRO V25: v25: sfida equilibrata di alta classifica (gap punti 1.0, gap PPG 0.12) con difesa trasferta sotto 1 gol subito a partita | v25 extra: difesa stagionale molto solida (0.62 GA per partita);0.67;10.97;5.91;4.16;2.84;6.86;1.5;3.33;0.0;4.93;2.6.0;;;;;;;;;;;;;;;;;;;;;;;;;Slovenia_PrvaLiga;Slovenia_PrvaLiga;
2026-09-06;2026-09-06;Spain_LaLiga2;4;Almeria;Cadice;31.13;BASSA;FINAL;3;2;5;OK;OK;PRO: profilo over interno positivo || CONTRO: attacco casa non dominante | ospite poco prolifico: rischio 1-0 / 2-0 | trend over casa non forte | trend over trasferta non forte | profilo over esterno debole | BTTS basso: possibile partita a senso unico;0.57;5.91;2.95;2.42;2.27;4.0;0.0;10.0;0.0;3.0;2.6.0;;;;;;;;;;;;;;;;;;;;;;;;;Spain_LaLiga2;Spain_LaLiga2;
2026-09-06;2026-09-06;Italy_SerieA;3;Frosinone;Venezia;29.88;BASSA;FINAL;3;2;5;OK;OK;PRO: attacco casa positivo | difesa trasferta vulnerabile || CONTRO: ospite poco prolifico: rischio 1-0 / 2-0 | v22 monitora possibile sopravvalutazione weak_ga | trend over casa non forte | trend over trasferta non forte | profilo over interno debole | profilo over esterno debole | BTTS basso: possibile partita a senso unico;4.11;8.86;0.0;1.82;9.09;6.0;0.0;0.0;0.0;0.0;2.6.0;;;;;;;;;;;;;;;;;;;;;;;;;Italy_SerieA;Italy_SerieA;
2026-09-06;2026-09-06;Portugal_LigaPortugal2;5;Vizela;Felgueiras;28.96;BASSA;FINAL;1;0;1;KO;KO;PRO: nessun indicatore over forte || CONTRO: attacco casa non dominante | ospite poco prolifico: rischio 1-0 / 2-0 | trend over casa non forte | trend over trasferta non forte | profilo over interno debole | profilo over esterno debole | BTTS basso: possibile partita a senso unico;1.41;5.91;5.91;1.82;3.41;3.0;3.0;0.0;0.0;4.5;2.6.0;;;;;;;;;;;;;;;;;;;;;;;;;Portugal_LigaPortugal2;Portugal_LigaPortugal2;
2026-09-06;2026-09-06;Portugal_LigaPortugal;5;Guimaraes;Casa Pia;28.59;BASSA;FINAL;0;0;0;KO;KO;PRO: difesa trasferta vulnerabile || CONTRO: attacco casa non dominante | ospite poco prolifico: rischio 1-0 / 2-0 | v22 monitora possibile sopravvalutazione weak_ga | trend over casa non forte | trend over trasferta non forte | profilo over interno debole | profilo over esterno debole | BTTS basso: possibile partita a senso unico;2.12;4.43;0.0;4.55;10.0;3.0;3.0;0.0;0.0;1.5;2.6.0;;;;;;;;;;;;;;;;;;;;;;;;;Portugal_LigaPortugal;Portugal_LigaPortugal;
2026-09-06;2026-09-06;Belgium_ChallengerProLeague;4;Francs Borains;Sporting Lokeren;27.35;BASSA;FINAL;3;0;3;OK;KO;PRO: attacco trasferta positivo || CONTRO: attacco casa non dominante | trend over casa non forte | trend over trasferta non forte | profilo over interno debole | profilo over esterno debole | BTTS basso: possibile partita a senso unico;1.2;5.91;11.82;2.42;0.0;4.0;0.0;0.0;0.0;2.0;2.6.0;;;;;;;;;;;;;;;;;;;;;;;;;Belgium_ChallengerProLeague;Belgium_ChallengerProLeague;
2026-09-06;2026-09-06;Azerbaijan_PremierLeague;4;Turan;Sumqayit;26.95;BASSA;FINAL;2;1;3;OK;OK;PRO: difesa trasferta vulnerabile || CONTRO: attacco casa non dominante | ospite poco prolifico: rischio 1-0 / 2-0 | v22 monitora possibile sopravvalutazione weak_ga | trend over casa non forte | trend over trasferta non forte | profilo over interno debole | profilo over esterno debole | BTTS basso: possibile partita a senso unico;2.73;1.97;2.95;1.21;9.09;0.0;6.0;0.0;0.0;3.0;2.6.0;;;;;;;;;;;;;;;;;;;;;;;;;Azerbaijan_PremierLeague;Azerbaijan_PremierLeague;
2026-09-06;2026-09-06;Italy_SerieC_GironeB;3;Perugia;Pineto;23.71;BASSA;FINAL;2;1;3;OK;OK;PRO: attacco casa positivo || CONTRO: ospite poco prolifico: rischio 1-0 / 2-0 | trend over casa non forte | trend over trasferta non forte | profilo over interno debole | profilo over esterno debole | BTTS basso: possibile partita a senso unico;2.21;8.86;0.0;3.64;0.0;6.0;0.0;0.0;0.0;3.0;2.6.0;;;;;;;;;;;;;;;;;;;;;;;;;Italy_SerieC_GironeB;Italy_SerieC_GironeB;
2026-09-06;2026-09-06;CzechRepublic_3CFL_GroupB;5;Caslav;Benatky;20.6;BASSA;FINAL;0;2;2;KO;KO;PRO: difesa casa vulnerabile || CONTRO: attacco casa non dominante | ospite poco prolifico: rischio 1-0 / 2-0 | trend over casa non forte | trend over trasferta non forte | profilo over interno debole | profilo over esterno debole | BTTS basso: possibile partita a senso unico;1.6;0.0;1.97;8.0;3.03;4.0;0.0;0.0;0.0;2.0;2.6.0;;;;;;;;;;;;;;;;;;;;;;;;;CzechRepublic_3CFL_GroupB;CzechRepublic_3CFL_GroupB;CzechRepublic_3rdTier
2026-09-07;2026-09-07;Norway_3rdDivision_Group2;22;Molde 2;Aalesund 2;89.38;PROX-ALTA;FINAL;3;2;5;OK;OK;PRO: attacco casa positivo | attacco trasferta positivo | difesa trasferta vulnerabile | difesa casa vulnerabile | trend over recente casa | trend over recente trasferta | profilo over interno positivo | profilo over esterno positivo | alta tendenza BTTS || CONTRO: v22 monitora possibile sopravvalutazione weak_ga;2.77;13.0;10.78;8.0;10.0;12.0;8.4;10.0;6.67;7.76;2.6.0;;;;;;;;;;;;;;;;;;;;;;;;;Norway_3rdDivision_Group2;Norway_3rdDivision_Group2;
2026-09-07;2026-09-07;Norway_3rdDivision_Group1;23;K. Oslo 2;Lokomotiv Oslo;86.82;PROX-ALTA;FINAL;0;3;3;OK;KO;PRO: attacco casa positivo | attacco trasferta positivo | difesa trasferta vulnerabile | difesa casa vulnerabile | trend over recente casa | trend over recente trasferta | profilo over interno positivo | profilo over esterno positivo | alta tendenza BTTS || CONTRO: v22 monitora possibile sopravvalutazione weak_ga;0.92;12.56;9.39;8.0;10.0;10.8;8.4;8.75;10.0;8.01;2.6.0;;;;;;;;;;;;;;;;;;;;;;;;;Norway_3rdDivision_Group1;Norway_3rdDivision_Group1;
2026-09-07;2026-09-07;FaroeIslands_1Deild;22;TB Tvoroyri;Vikingur 2;86.25;ALTA;SCHEDULED;;;;;;PRO: attacco casa positivo | attacco trasferta positivo | difesa casa vulnerabile | trend over recente casa | trend over recente trasferta | profilo over interno positivo | profilo over esterno positivo | alta tendenza BTTS || CONTRO: nessun contro rilevante;2.0;11.26;13.0;7.62;6.49;12.0;9.6;8.0;8.0;8.29;2.6.0;;;;;;;;;;;;;;;;;;;;;;;;;FaroeIslands_1Deild;FaroeIslands_1Deild;
2026-09-07;2026-09-07;Norway_3rdDivision_Group6;20;Drobak-Frogn;Lyn 2;84.5;ALTA;FINAL;4;1;5;OK;OK;PRO: attacco casa positivo | attacco trasferta positivo | difesa trasferta vulnerabile | difesa casa vulnerabile | trend over recente casa | trend over recente trasferta | profilo over interno positivo | profilo over esterno positivo | alta tendenza BTTS || CONTRO: v22 monitora possibile sopravvalutazione weak_ga;2.31;10.78;13.0;5.35;10.0;8.4;9.6;7.5;8.75;8.82;2.6.0;;;;;;;;;;;;;;;;;;;;;;;;;Norway_3rdDivision_Group6;Norway_3rdDivision_Group6;
2026-09-07;2026-09-07;Armenia_FirstLeague;6;Ararat 2;Olympia Yerevan;83.88;IMM-ALTA-8;FINAL;0;1;1;KO;KO;PRO: attacco trasferta positivo | difesa casa vulnerabile | trend over recente casa | trend over recente trasferta | profilo over interno positivo | profilo over esterno positivo | alta tendenza BTTS || CONTRO: attacco casa non dominante;5.2;3.94;13.0;8.0;4.55;12.0;9.6;10.0;10.0;7.6;2.6.0;;;;;;;;;;;;;;;;;;;;;;;;;Armenia_FirstLeague;Armenia_FirstLeague;seconda divisione armena
2026-09-07;2026-09-07;Norway_3rdDivision_Group2;22;FK Kvik;Ranheim 2;82.43;PROX-ALTA;FINAL;0;7;7;OK;KO;PRO: attacco casa positivo | attacco trasferta positivo | difesa trasferta vulnerabile | difesa casa vulnerabile | trend over recente trasferta | profilo over interno positivo | profilo over esterno positivo | alta tendenza BTTS || CONTRO: v22 monitora possibile sopravvalutazione weak_ga | trend over casa non forte;0.46;10.78;13.0;8.0;10.0;6.0;9.6;6.67;8.75;9.18;2.6.0;;;;;;;;;;;;;;;;;;;;;;;;;Norway_3rdDivision_Group2;Norway_3rdDivision_Group2;
2026-09-07;2026-09-07;Norway_3rdDivision_Group3;21;Gneist;Åsane 2;81.46;PROX-ALTA;FINAL;3;3;6;OK;OK;PRO: attacco casa positivo | attacco trasferta positivo | difesa trasferta vulnerabile | difesa casa vulnerabile | trend over recente casa | trend over recente trasferta | profilo over interno positivo | profilo over esterno positivo | alta tendenza BTTS || CONTRO: v22 monitora possibile sopravvalutazione weak_ga;1.38;9.19;9.73;8.0;9.89;7.2;10.8;8.89;7.78;8.59;2.6.0;;;;;;;;;;;;;;;;;;;;;;;;;Norway_3rdDivision_Group3;Norway_3rdDivision_Group3;
2026-09-07;2026-09-07;Netherlands_EersteDivisie;7;Jong PSV;Den Bosch;80.5;IMM-ALTA-9;FINAL;3;1;4;OK;OK;PRO: attacco casa positivo | attacco trasferta positivo | difesa trasferta vulnerabile | difesa casa vulnerabile | trend over recente casa | trend over recente trasferta | profilo over esterno positivo | alta tendenza BTTS || CONTRO: v22 monitora possibile sopravvalutazione weak_ga | profilo over interno debole;1.89;9.45;13.0;5.82;10.0;7.2;9.0;3.33;10.0;10.8;2.6.0;;;;;;;;;;;;;;;;;;;;;;;;;Netherlands_EersteDivisie;Netherlands_EersteDivisie;
2026-09-07;2026-09-07;Hungary_NBII;8;Videoton;DVTK;80.31;ALTA;FINAL;2;1;3;OK;OK;PRO: attacco casa positivo | difesa trasferta vulnerabile | difesa casa vulnerabile | trend over recente casa | trend over recente trasferta | profilo over interno positivo | profilo over esterno positivo | alta tendenza BTTS || CONTRO: ospite poco prolifico: rischio 1-0 / 2-0 | v22 monitora possibile sopravvalutazione weak_ga;0.8;9.45;5.91;6.55;10.0;12.0;7.2;10.0;10.0;8.4;2.6.0;;;;;;;;;;;;;;;;;;;;;;;;;Hungary_NBII;Hungary_NBII;
2026-09-07;2026-09-07;Netherlands_EersteDivisie;7;Jong Utrecht;Eindhoven;80.22;IMM-ALTA-9;FINAL;0;0;0;KO;KO;PRO: attacco trasferta positivo | difesa trasferta vulnerabile | difesa casa vulnerabile | trend over recente casa | trend over recente trasferta | profilo over interno positivo | alta tendenza BTTS || CONTRO: attacco casa non dominante | v22 monitora possibile sopravvalutazione weak_ga | profilo over esterno debole;0.95;5.91;8.86;8.0;10.0;12.0;9.0;10.0;5.0;10.5;2.6.0;;;;;;;;;;;;;;;;;;;;;;;;;Netherlands_EersteDivisie;Netherlands_EersteDivisie;
2026-09-07;2026-09-07;Armenia_FirstLeague;6;Araks Ararat;Noah 2;79.39;IMM-ALTA-8;FINAL;1;1;2;KO;OK;PRO: attacco casa positivo | difesa trasferta vulnerabile | trend over recente casa | trend over recente trasferta | profilo over interno positivo | profilo over esterno positivo | alta tendenza BTTS || CONTRO: ospite poco prolifico: rischio 1-0 / 2-0 | v22 monitora possibile sopravvalutazione weak_ga;0.4;9.85;7.09;4.85;10.0;8.0;9.6;10.0;10.0;9.6;2.6.0;;;;;;;;;;;;;;;;;;;;;;;;;Armenia_FirstLeague;Armenia_FirstLeague;seconda divisione armena
2026-09-07;2026-09-07;Norway_3rdDivision_Group6;20;Orn;Sarpsborg 08 2;79.35;ALTA;FINAL;3;4;7;OK;OK;PRO: attacco casa positivo | attacco trasferta positivo | difesa trasferta vulnerabile | difesa casa vulnerabile | trend over recente trasferta | profilo over interno positivo | profilo over esterno positivo | alta tendenza BTTS || CONTRO: v22 monitora possibile sopravvalutazione weak_ga | trend over casa non forte;2.77;11.12;12.86;5.56;10.0;6.0;9.6;6.25;7.78;7.41;2.6.0;;;;;;;;;;;;;;;;;;;;;;;;;Norway_3rdDivision_Group6;Norway_3rdDivision_Group6;
2026-09-07;2026-09-07;Armenia_FirstLeague;6;Andranik;Pyunik 2;77.7;IMM-ALTA-9;FINAL;3;1;4;OK;OK;PRO: attacco casa positivo | attacco trasferta positivo | trend over recente casa | trend over recente trasferta | profilo over interno positivo | profilo over esterno positivo || CONTRO: BTTS basso: possibile partita a senso unico;0.4;13.0;13.0;3.64;6.36;9.0;7.2;10.0;10.0;5.1;2.6.0;;;;;;;;;;;;;;;;;;;;;;;;;Armenia_FirstLeague;Armenia_FirstLeague;seconda divisione armena
2026-09-07;2026-09-07;Latvia_NakotnesLiga;21;Riga FC 2;Skanste;76.06;PROX-ALTA;FINAL;3;2;5;OK;OK;PRO: attacco casa positivo | attacco trasferta positivo | difesa trasferta vulnerabile | difesa casa vulnerabile | trend over recente casa | trend over recente trasferta | profilo over interno positivo | profilo over esterno positivo | alta tendenza BTTS || CONTRO: v22 monitora possibile sopravvalutazione weak_ga;0.46;8.54;12.15;6.67;8.84;7.2;9.6;7.78;7.5;7.33;2.6.0;;;;;;;;;;;;;;;;;;;;;;;;;Latvia_NakotnesLiga;Latvia_NakotnesLiga;
2026-09-07;2026-09-07;Kyrgyzstan_PremierLiga;27;Asia Talas;Alga;76.03;PROX-ALTA;FINAL;1;2;3;OK;OK;PRO: attacco casa positivo | attacco trasferta positivo | difesa casa vulnerabile | trend over recente casa | trend over recente trasferta | profilo over interno positivo | profilo over esterno positivo | alta tendenza BTTS || CONTRO: nessun contro rilevante;0.4;13.0;10.97;5.89;4.76;7.2;7.2;9.0;8.18;9.43;2.6.0;;;;;;;;;;;;;;;;;;;;;;;;;Kyrgyzstan_PremierLiga;Kyrgyzstan_PremierLiga;
2026-09-07;2026-09-07;Sweden_Allsvenskan;26;Malmo FF;AIK Stockholm;75.2;PROX-ALTA;FINAL;0;0;0;KO;KO;PRO: attacco casa positivo | attacco trasferta positivo | difesa trasferta vulnerabile | difesa casa vulnerabile | trend over recente casa | trend over recente trasferta | profilo over interno positivo | profilo over esterno positivo | alta tendenza BTTS || CONTRO: v22 monitora possibile sopravvalutazione weak_ga;0.4;10.26;9.19;5.74;6.82;8.4;9.6;10.0;7.0;7.79;2.6.0;;;;;;;;;;;;;;;;;;;;;;;;;Sweden_Allsvenskan;Sweden_Allsvenskan;
2026-09-07;2026-09-07;USA_MLSNextPro_EasternConference_NortheastDivision;30;Portland Timbers 2;Vancouver 2;74.76;MEDIA;FINAL;0;0;0;KO;KO;PRO: attacco casa positivo | attacco trasferta positivo | difesa trasferta vulnerabile | trend over recente casa | trend over recente trasferta | profilo over esterno positivo || CONTRO: v22 monitora possibile sopravvalutazione weak_ga | profilo over interno debole | BTTS basso: possibile partita a senso unico;6.0;8.64;8.86;3.78;10.0;7.2;9.6;5.83;7.69;7.15;2.6.0;;;;;;;;;;;;;;;;;;;;;;;;;USA_MLSNextPro_WesternConference_PacificDivision;USA_MLSNextPro_WesternConference_PacificDivision;
2026-09-07;2026-09-07;Spain_LaLiga;6;Elche;Real Sociedad;73.92;MEDIA;FINAL;2;3;5;OK;OK;PRO: difesa trasferta vulnerabile | difesa casa vulnerabile | trend over recente casa | trend over recente trasferta | profilo over interno positivo | profilo over esterno positivo | alta tendenza BTTS || CONTRO: attacco casa non dominante | ospite poco prolifico: rischio 1-0 / 2-0 | v22 monitora possibile sopravvalutazione weak_ga;2.53;5.91;5.91;8.0;7.58;8.0;8.0;10.0;10.0;8.0;2.6.0;;;;;;;;;;;;;;;;;;;;;;;;;Spain_LaLiga;Spain_LaLiga;
2026-09-07;2026-09-07;Italy_SerieC_GironeC;4;Picerno;Inter U23;71.99;MEDIA;FINAL;4;1;5;OK;OK;PRO: attacco casa positivo | attacco trasferta positivo | profilo over interno positivo | profilo over esterno positivo | alta tendenza BTTS || CONTRO: trend over casa non forte | trend over trasferta non forte;0.95;13.0;8.86;3.64;4.55;6.0;6.0;10.0;10.0;9.0;2.6.0;;;;;;;;;;;;;;;;;;;;;;;;;Italy_SerieC_GironeC;Italy_SerieC_GironeC;
2026-09-07;2026-09-07;Mexico_LigaMX_Apertura;8;Cruz Azul;Santos Laguna;71.56;MEDIA;FINAL;1;0;1;KO;KO;PRO: attacco casa positivo | difesa trasferta vulnerabile | difesa casa vulnerabile | trend over recente casa | profilo over interno positivo | profilo over esterno positivo || CONTRO: ospite poco prolifico: rischio 1-0 / 2-0 | v22 monitora possibile sopravvalutazione weak_ga | trend over trasferta non forte | BTTS basso: possibile partita a senso unico;2.12;10.83;3.94;6.67;8.33;10.0;6.0;6.67;10.0;7.0;2.6.0;;;;;;;;;;;;;;;;;;;;;;;;;Mexico_LigaMX_Apertura;Mexico_LigaMX_Apertura;
2026-09-07;2026-09-07;Turkey_1Lig;7;Manisa FK;Bursaspor;70.06;MEDIA;FINAL;1;2;3;OK;OK;PRO: attacco casa positivo | attacco trasferta positivo | difesa casa vulnerabile | trend over recente casa | trend over recente trasferta | profilo over esterno positivo | alta tendenza BTTS || CONTRO: profilo over interno debole;2.21;11.82;11.82;5.82;2.73;9.6;7.2;5.0;6.67;7.2;2.6.0;;;;;;;;;;;;;;;;;;;;;;;;;Turkey_1Lig;Turkey_1Lig;
2026-09-07;2026-09-07;England_LeagueOne;6;Bromley;Wimbledon;68.11;MEDIA;FINAL;0;2;2;KO;KO;PRO: difesa trasferta vulnerabile | difesa casa vulnerabile | trend over recente casa | trend over recente trasferta | profilo over interno positivo | profilo over esterno positivo || CONTRO: attacco casa non dominante | ospite poco prolifico: rischio 1-0 / 2-0 | v22 monitora possibile sopravvalutazione weak_ga | BTTS basso: possibile partita a senso unico;0.26;5.91;3.94;8.0;10.0;8.0;8.0;10.0;10.0;4.0;2.6.0;;;;;;;;;;;;;;;;;;;;;;;;;England_LeagueOne;England_LeagueOne;
2026-09-07;2026-09-07;Romania_Superliga;9;Univ. Craiova;U. Cluj;68.05;MEDIA;FINAL;4;0;4;OK;KO;PRO: attacco casa positivo | attacco trasferta positivo | difesa trasferta vulnerabile | difesa casa vulnerabile | trend over recente trasferta | profilo over interno positivo | alta tendenza BTTS || CONTRO: v22 monitora possibile sopravvalutazione weak_ga | trend over casa non forte | profilo over esterno debole;0.4;9.85;8.86;5.45;6.82;6.0;10.0;6.67;5.0;9.0;2.6.0;;;;;;;;;;;;;;;;;;;;;;;;;Romania_Superliga;Romania_Superliga;
2026-09-07;2026-09-07;Latvia_Virsliga;31;RFS;FK Liepaja;67.78;MEDIA;FINAL;0;0;0;KO;KO;PRO: attacco casa positivo | attacco trasferta positivo | difesa trasferta vulnerabile | trend over recente trasferta | profilo over interno positivo || CONTRO: v22 monitora possibile sopravvalutazione weak_ga | trend over casa non forte | profilo over esterno debole | BTTS basso: possibile partita a senso unico;2.0;13.0;8.86;2.91;6.82;6.0;8.4;7.5;5.71;6.57;2.6.0;;;;;;;;;;;;;;;;;;;;;;;;;Latvia_Virsliga;Latvia_Virsliga;
2026-09-07;2026-09-07;Mexico_LigaExpansionMX_Apertura;8;Tapatio;Leones Negros;67.7;MEDIA;FINAL;1;3;4;OK;OK;PRO: attacco casa positivo | attacco trasferta positivo | trend over recente trasferta | profilo over esterno positivo | alta tendenza BTTS || CONTRO: trend over casa non forte | profilo over interno debole;1.71;10.83;13.0;4.85;5.3;6.0;8.0;3.33;6.67;8.0;2.6.0;;;;;;;;;;;;;;;;;;;;;;;;;Mexico_LigaExpansionMX_Apertura;Mexico_LigaExpansionMX_Apertura;
2026-09-07;2026-09-07;Iceland_BestaDeildKvenna;20;Stjarnan D;Vikingur Reykjavik D;67.36;MEDIA;FINAL;1;2;3;OK;OK;PRO: attacco casa positivo | attacco trasferta positivo | difesa trasferta vulnerabile | difesa casa vulnerabile | trend over recente casa | trend over recente trasferta | alta tendenza BTTS || CONTRO: v22 monitora possibile sopravvalutazione weak_ga | profilo over interno debole | profilo over esterno debole;3.33;10.43;8.69;5.35;9.89;7.2;7.2;3.75;3.75;7.76;2.6.0;;;;;;;;;;;;;;;;;;;;;;;;;Iceland_BestaDeildKvenna;Iceland_BestaDeildKvenna;
2026-09-07;2026-09-07;Kyrgyzstan_PremierLiga;27;Dordoi Bishkek;Aldier;66.95;PROX-MEDIA;FINAL;2;2;4;OK;OK;PRO: attacco casa positivo | attacco trasferta positivo | difesa trasferta vulnerabile | trend over recente casa | trend over recente trasferta | profilo over interno positivo | alta tendenza BTTS || CONTRO: v22 monitora possibile sopravvalutazione weak_ga | profilo over esterno debole;0.4;9.57;8.6;5.19;8.06;8.4;8.4;6.0;4.55;7.79;2.6.0;;;;;;;;;;;;;;;;;;;;;;;;;Kyrgyzstan_PremierLiga;Kyrgyzstan_PremierLiga;
2026-09-07;2026-09-07;Slovakia_2Liga;8;Zilina B;S. Bratislava B;66.85;MEDIA;FINAL;2;0;2;KO;KO;PRO: attacco trasferta positivo | difesa trasferta vulnerabile | trend over recente trasferta | profilo over interno positivo | profilo over esterno positivo || CONTRO: attacco casa non dominante | v22 monitora possibile sopravvalutazione weak_ga | trend over casa non forte | BTTS basso: possibile partita a senso unico;3.2;5.91;8.86;3.64;7.58;6.0;8.0;6.67;10.0;7.0;2.6.0;;;;;;;;;;;;;;;;;;;;;;;;;Slovakia_2Liga;Slovakia_2Liga;
2026-09-07;2026-09-07;Iceland_BestaDeildKvenna;20;Throttur D;Breidablik D;66.62;MEDIA;FINAL;1;1;2;KO;OK;PRO: attacco trasferta positivo | difesa casa vulnerabile | trend over recente trasferta | profilo over esterno positivo || CONTRO: attacco casa non dominante | trend over casa non forte | profilo over interno debole | BTTS basso: possibile partita a senso unico;2.67;7.99;13.0;5.56;5.35;4.8;8.4;3.75;8.75;6.35;2.6.0;;;;;;;;;;;;;;;;;;;;;;;;;Iceland_BestaDeildKvenna;Iceland_BestaDeildKvenna;
2026-09-07;2026-09-07;Poland_Ekstraklasa;8;Wieczysta Krakow;Zaglebie;66.42;MEDIA;FINAL;1;1;2;KO;OK;PRO: attacco casa positivo | difesa casa vulnerabile | trend over recente casa | profilo over interno positivo | alta tendenza BTTS || CONTRO: ospite poco prolifico: rischio 1-0 / 2-0 | trend over trasferta non forte | profilo over esterno debole;2.82;9.45;5.91;8.0;3.64;9.6;4.8;10.0;5.0;7.2;2.6.0;;;;;;;;;;;;;;;;;;;;;;;;;Poland_Ekstraklasa;Poland_Ekstraklasa;
2026-09-07;2026-09-07;Latvia_Virsliga;31;Riga FC;BFC Daugavpils;66.13;MEDIA;FINAL;1;1;2;KO;OK;PRO: attacco casa positivo | trend over recente casa | profilo over interno positivo || CONTRO: ospite poco prolifico: rischio 1-0 / 2-0 | trend over trasferta non forte | profilo over esterno debole | BTTS basso: possibile partita a senso unico;2.0;13.0;7.45;3.64;4.94;9.6;4.8;9.23;5.0;6.47;2.6.0;;;;;;;;;;;;;;;;;;;;;;;;;Latvia_Virsliga;Latvia_Virsliga;
2026-09-07;2026-09-07;Bolivia_DivisionProfesional;23;The Strongest;Tomayapo;65.34;MEDIA;FINAL;3;1;4;OK;OK;PRO: attacco casa positivo | difesa trasferta vulnerabile | trend over recente casa | profilo over interno positivo | profilo over esterno positivo | alta tendenza BTTS || CONTRO: ospite poco prolifico: rischio 1-0 / 2-0 | v22 monitora possibile sopravvalutazione weak_ga | trend over trasferta non forte;3.6;10.08;5.56;4.28;8.29;7.2;6.0;6.25;6.67;7.41;2.6.0;;;;;;;;;;;;;;;;;;;;;;;;;Bolivia_DivisionProfesional;Bolivia_DivisionProfesional;
2026-09-07;2026-09-07;SaudiArabia_ProfessionalLeague;5;Al Khaleej;Al Riyadh;65.23;MEDIA;FINAL;0;0;0;KO;KO;PRO: attacco trasferta positivo | difesa trasferta vulnerabile | trend over recente trasferta | profilo over esterno positivo | alta tendenza BTTS || CONTRO: attacco casa non dominante | v22 monitora possibile sopravvalutazione weak_ga | trend over casa non forte | profilo over interno debole;1.41;1.97;13.0;4.85;10.0;4.0;12.0;0.0;10.0;8.0;2.6.0;;;;;;;;;;;;;;;;;;;;;;;;;SaudiArabia_ProfessionalLeague;SaudiArabia_ProfessionalLeague;18 clubs, double round robin, 34 rounds (306 matches).
2026-09-07;2026-09-07;SaudiArabia_ProfessionalLeague;5;Al-Hilal;Neom SC;65.23;MEDIA;FINAL;0;2;2;KO;KO;PRO: attacco casa positivo | attacco trasferta positivo | trend over recente casa | trend over recente trasferta | profilo over interno positivo || CONTRO: profilo over esterno debole | BTTS basso: possibile partita a senso unico;1.41;13.0;9.85;2.42;4.55;12.0;8.0;10.0;0.0;4.0;2.6.0;;;;;;;;;;;;;;;;;;;;;;;;;SaudiArabia_ProfessionalLeague;SaudiArabia_ProfessionalLeague;18 clubs, double round robin, 34 rounds (306 matches).
2026-09-07;2026-09-07;USA_USLLeagueOne;36;Portland Hearts of Pine;Westchester SC;65.17;PROX-MEDIA;FINAL;2;1;3;OK;OK;PRO: attacco casa positivo | attacco trasferta positivo | difesa trasferta vulnerabile | difesa casa vulnerabile | trend over recente casa | profilo over interno positivo | alta tendenza BTTS || CONTRO: v22 monitora possibile sopravvalutazione weak_ga | trend over trasferta non forte | profilo over esterno debole;0.75;8.51;8.74;6.98;6.92;8.4;6.0;6.67;4.55;7.67;2.6.0;;;;;;;;;;;;;;;;;;;;;;;;;USA_USLLeagueOne;USA_USLLeagueOne;
2026-09-07;2026-09-07;Sweden_Allsvenskan;26;Kalmar;Djurgarden;64.51;MEDIA;FINAL;0;1;1;KO;KO;PRO: attacco trasferta positivo | difesa casa vulnerabile | trend over recente casa | trend over recente trasferta | profilo over interno positivo || CONTRO: attacco casa non dominante | profilo over esterno debole | BTTS basso: possibile partita a senso unico;4.0;6.53;13.0;5.55;4.55;7.2;7.2;6.67;4.44;5.37;2.6.0;;;;;;;;;;;;;;;;;;;;;;;;;Sweden_Allsvenskan;Sweden_Allsvenskan;
2026-09-07;2026-09-07;Sweden_Allsvenskan;26;Mjallby;Göteborg;61.47;PROX-MEDIA;FINAL;1;4;5;OK;OK;PRO: difesa trasferta vulnerabile | difesa casa vulnerabile | trend over recente trasferta | profilo over esterno positivo || CONTRO: attacco casa non dominante | ospite poco prolifico: rischio 1-0 / 2-0 | v22 monitora possibile sopravvalutazione weak_ga | trend over casa non forte | profilo over interno debole | BTTS basso: possibile partita a senso unico;0.4;7.88;7.46;5.86;9.33;6.0;8.4;3.33;6.67;6.14;2.6.0;;;;;;;;;;;;;;;;;;;;;;;;;Sweden_Allsvenskan;Sweden_Allsvenskan;
2026-09-07;2026-09-07;Kyrgyzstan_PremierLiga;27;Asiagoal Bishkek;Kyrgyzaltyn;61.41;MEDIA;FINAL;2;0;2;KO;KO;PRO: difesa trasferta vulnerabile | difesa casa vulnerabile | trend over recente trasferta | profilo over esterno positivo | alta tendenza BTTS || CONTRO: attacco casa non dominante | ospite poco prolifico: rischio 1-0 / 2-0 | v22 monitora possibile sopravvalutazione weak_ga | trend over casa non forte | profilo over interno debole;0.8;6.75;5.35;6.23;10.0;4.8;9.6;4.17;6.0;7.71;2.6.0;;;;;;;;;;;;;;;;;;;;;;;;;Kyrgyzstan_PremierLiga;Kyrgyzstan_PremierLiga;
2026-09-07;2026-09-07;Lithuania_ILyga;25;Zalgiris 2;Neptunas;60.54;PROX-MEDIA;FINAL;1;0;1;KO;KO;PRO: attacco casa positivo | trend over recente casa | trend over recente trasferta | profilo over interno positivo || CONTRO: ospite poco prolifico: rischio 1-0 / 2-0 | profilo over esterno debole | BTTS basso: possibile partita a senso unico;0.8;9.67;8.06;5.12;5.58;7.2;7.2;7.27;3.64;6.0;2.6.0;;;;;;;;;;;;;;;;;;;;;;;;;Lithuania_ILyga;Lithuania_ILyga;
2026-09-07;2026-09-07;Peru_Liga1_Clausura;8;Melgar;AD Tarma;60.35;MEDIA;FINAL;3;0;3;OK;KO;PRO: attacco casa positivo | difesa trasferta vulnerabile | alta tendenza BTTS || CONTRO: ospite poco prolifico: rischio 1-0 / 2-0 | v22 monitora possibile sopravvalutazione weak_ga | trend over casa non forte | trend over trasferta non forte | profilo over interno debole | profilo over esterno debole;2.47;8.86;4.92;4.24;9.85;6.0;6.0;5.0;5.0;8.0;2.6.0;;;;;;;;;;;;;;;;;;;;;;;;;Peru_Liga1_Clausura;Peru_Liga1_Clausura;
2026-09-07;2026-09-07;Poland_Ekstraklasa;8;Pogon Szczecin;Plock;60.11;MEDIA;FINAL;1;1;2;KO;OK;PRO: difesa trasferta vulnerabile | trend over recente trasferta | profilo over interno positivo | profilo over esterno positivo || CONTRO: attacco casa non dominante | ospite poco prolifico: rischio 1-0 / 2-0 | v22 monitora possibile sopravvalutazione weak_ga | trend over casa non forte | BTTS basso: possibile partita a senso unico;2.82;8.27;3.55;2.91;9.09;4.8;7.2;6.67;10.0;4.8;2.6.0;;;;;;;;;;;;;;;;;;;;;;;;;Poland_Ekstraklasa;Poland_Ekstraklasa;
2026-09-07;2026-09-07;Belarus_VysshayaLiga;24;Isloch;Arsenal Dzerzhinsk;60.01;MEDIA;FINAL;1;1;2;KO;OK;PRO: attacco casa positivo | difesa trasferta vulnerabile | trend over recente trasferta || CONTRO: ospite poco prolifico: rischio 1-0 / 2-0 | v22 monitora possibile sopravvalutazione weak_ga | trend over casa non forte | profilo over interno debole | profilo over esterno debole | BTTS basso: possibile partita a senso unico;4.0;10.26;6.75;2.68;8.44;4.8;8.4;5.0;4.0;5.67;2.6.0;;;;;;;;;;;;;;;;;;;;;;;;;Belarus_VysshayaLiga;Belarus_VysshayaLiga;
2026-09-07;2026-09-07;NorthMacedonia_1MFL;6;Struga;Sileks;59.68;BASSA;FINAL;1;0;1;KO;KO;PRO: attacco casa positivo | difesa trasferta vulnerabile || CONTRO: ospite poco prolifico: rischio 1-0 / 2-0 | v22 monitora possibile sopravvalutazione weak_ga | trend over casa non forte | trend over trasferta non forte | profilo over interno debole | profilo over esterno debole | BTTS basso: possibile partita a senso unico;3.27;10.34;7.39;2.73;7.95;6.0;6.0;5.0;5.0;6.0;2.6.0;;;;;;;;;;;;;;;;;;;;;;;;;NorthMacedonia_1MFL;NorthMacedonia_1MFL;
2026-09-07;2026-09-07;Russia_PremierLeague;8;Kazan;Akhmat Grozny;59.3;BASSA;FINAL;1;1;2;KO;OK;PRO: attacco casa positivo | attacco trasferta positivo | profilo over interno positivo | alta tendenza BTTS || CONTRO: trend over casa non forte | trend over trasferta non forte | profilo over esterno debole;2.0;8.86;8.86;4.85;6.06;6.0;6.0;6.67;0.0;10.0;2.6.0;;;;;;;;;;;;;;;;;;;;;;;;;Russia_PremierLeague;Russia_PremierLeague;
2026-09-07;2026-09-07;Bulgaria_VtoraLiga;7;Spartak Pleven;Hebar;58.14;BASSA;FINAL;3;2;5;OK;OK;PRO: attacco trasferta positivo | difesa trasferta vulnerabile | difesa casa vulnerabile | trend over recente casa | profilo over esterno positivo | alta tendenza BTTS || CONTRO: attacco casa non dominante | v22 monitora possibile sopravvalutazione weak_ga | trend over trasferta non forte | profilo over interno debole;2.82;3.55;10.64;8.0;7.27;7.2;4.8;0.0;6.67;7.2;2.6.0;;;;;;;;;;;;;;;;;;;;;;;;;Bulgaria_VtoraLiga;Bulgaria_VtoraLiga;
2026-09-07;2026-09-07;Italy_SerieC_GironeA;3;Pro Vercelli;Folgore Caratese;55.86;BASSA;FINAL;1;0;1;KO;KO;PRO: attacco trasferta positivo | difesa trasferta vulnerabile | trend over recente trasferta | profilo over esterno positivo | alta tendenza BTTS || CONTRO: attacco casa non dominante | v22 monitora possibile sopravvalutazione weak_ga | trend over casa non forte | profilo over interno debole;0.32;2.95;8.86;3.64;9.09;0.0;12.0;0.0;10.0;9.0;2.6.0;;;;;;;;;;;;;;;;;;;;;;;;;Italy_SerieC_GironeA;Italy_SerieC_GironeA;
2026-09-07;2026-09-07;Finland_Ykkosliiga;25;Klubi 04;KaPa;55.34;BASSA;FINAL;2;2;4;OK;OK;PRO: difesa trasferta vulnerabile | trend over recente trasferta | profilo over esterno positivo || CONTRO: attacco casa non dominante | ospite poco prolifico: rischio 1-0 / 2-0 | v22 monitora possibile sopravvalutazione weak_ga | trend over casa non forte | profilo over interno debole | BTTS basso: possibile partita a senso unico;0.67;7.03;5.91;5.02;7.58;3.6;8.4;3.0;7.27;6.86;2.6.0;;;;;;;;;;;;;;;;;;;;;;;;;Finland_Ykkosliiga;Finland_Ykkosliiga;
2026-09-07;2026-09-07;SriLanka_SuperLeague;9;New Young's SC;Sea Hawks;54.81;BASSA;FINAL;0;2;2;KO;KO;PRO: attacco trasferta positivo | difesa casa vulnerabile | trend over recente casa | profilo over interno positivo || CONTRO: attacco casa non dominante | trend over trasferta non forte | profilo over esterno debole | BTTS basso: possibile partita a senso unico;2.67;5.91;10.97;8.0;2.6;10.29;3.43;6.67;0.0;4.29;2.6.0;;;;;;;;;;;;;;;;;;;;;;;;;SriLanka_SuperLeague;SriLanka_SuperLeague;
2026-09-07;2026-09-07;Belarus_VysshayaLiga;24;Dynamo Brest;BATE;54.1;BASSA;FINAL;1;0;1;KO;KO;PRO: attacco casa positivo | trend over recente casa | profilo over interno positivo || CONTRO: ospite poco prolifico: rischio 1-0 / 2-0 | trend over trasferta non forte | profilo over esterno debole | BTTS basso: possibile partita a senso unico;2.8;9.45;4.35;3.82;5.26;8.4;4.8;8.0;2.0;5.21;2.6.0;;;;;;;;;;;;;;;;;;;;;;;;;Belarus_VysshayaLiga;Belarus_VysshayaLiga;
2026-09-07;2026-09-07;Bulgaria_ParvaLiga;9;Dunav Ruse;Slavia Sofia;53.22;BASSA;FINAL;0;1;1;KO;KO;PRO: difesa casa vulnerabile | trend over recente casa | alta tendenza BTTS || CONTRO: attacco casa non dominante | ospite poco prolifico: rischio 1-0 / 2-0 | trend over trasferta non forte | profilo over interno debole | profilo over esterno debole;0.8;6.65;5.91;7.27;3.9;9.0;3.43;5.0;3.33;7.93;2.6.0;;;;;;;;;;;;;;;;;;;;;;;;;Bulgaria_ParvaLiga;Bulgaria_ParvaLiga;
2026-09-07;2026-09-07;Sweden_Superettan;25;Örebro;Östersund;52.71;BASSA;FINAL;0;1;1;KO;KO;PRO: difesa casa vulnerabile | alta tendenza BTTS || CONTRO: attacco casa non dominante | ospite poco prolifico: rischio 1-0 / 2-0 | trend over casa non forte | trend over trasferta non forte | profilo over interno debole | profilo over esterno debole;4.4;5.91;8.44;5.71;4.98;6.0;1.2;5.0;3.64;7.43;2.6.0;;;;;;;;;;;;;;;;;;;;;;;;;Sweden_Superettan;Sweden_Superettan;
2026-09-07;2026-09-07;Lithuania_Toplyga;34;Hegelmann;FK Panevezys;52.7;BASSA;FINAL;1;3;4;OK;OK;PRO: difesa casa vulnerabile | profilo over esterno positivo || CONTRO: attacco casa non dominante | ospite poco prolifico: rischio 1-0 / 2-0 | trend over casa non forte | trend over trasferta non forte | profilo over interno debole | BTTS basso: possibile partita a senso unico;0.67;6.4;6.57;6.06;6.4;4.8;4.8;4.17;6.43;6.42;2.6.0;;;;;;;;;;;;;;;;;;;;;;;;;Lithuania_Toplyga;Lithuania_Toplyga;
2026-09-07;2026-09-07;Spain_LaLiga2;5;Sabadell;Cordoba;52.55;BASSA;FINAL;3;2;5;OK;OK;PRO: attacco trasferta positivo | difesa trasferta vulnerabile | trend over recente trasferta | profilo over esterno positivo || CONTRO: attacco casa non dominante | v22 monitora possibile sopravvalutazione weak_ga | trend over casa non forte | profilo over interno debole | BTTS basso: possibile partita a senso unico;3.71;1.97;8.86;0.0;10.0;0.0;12.0;0.0;10.0;6.0;2.6.0;;;;;;;;;;;;;;;;;;;;;;;;;Spain_LaLiga2;Spain_LaLiga2;
2026-09-07;2026-09-07;Italy_SerieB;4;Palermo;Sampdoria;52.34;BASSA;FINAL;3;1;4;OK;OK;PRO: attacco casa positivo | difesa trasferta vulnerabile | alta tendenza BTTS || CONTRO: ospite poco prolifico: rischio 1-0 / 2-0 | v22 monitora possibile sopravvalutazione weak_ga | trend over casa non forte | trend over trasferta non forte | profilo over interno debole | profilo over esterno debole;3.16;11.82;5.91;3.64;6.82;6.0;6.0;0.0;0.0;9.0;2.6.0;;;;;;;;;;;;;;;;;;;;;;;;;Italy_SerieB;Italy_SerieB;
2026-09-07;2026-09-07;Serbia_PrvaLiga;8;Vozdovac;TSC;52.31;BASSA;FINAL;2;3;5;OK;OK;PRO: attacco trasferta positivo | profilo over esterno positivo || CONTRO: attacco casa non dominante | trend over casa non forte | trend over trasferta non forte | profilo over interno debole | BTTS basso: possibile partita a senso unico;1.6;4.92;9.85;3.64;5.3;4.0;6.0;0.0;10.0;7.0;2.6.0;;;;;;;;;;;;;;;;;;;;;;;;;Serbia_PrvaLiga;Serbia_PrvaLiga;
2026-09-07;2026-09-07;Serbia_SuperLiga;9;OFK Belgrado;IMT Novi Beograd;51.45;BASSA;FINAL;1;1;2;KO;OK;PRO: difesa casa vulnerabile || CONTRO: attacco casa non dominante | ospite poco prolifico: rischio 1-0 / 2-0 | trend over casa non forte | trend over trasferta non forte | profilo over interno debole | profilo over esterno debole | BTTS basso: possibile partita a senso unico;2.8;6.75;8.44;6.23;2.6;6.86;5.14;3.33;5.0;4.29;2.6.0;;;;;;;;;;;;;;;;;;;;;;;;;Serbia_SuperLiga;Serbia_SuperLiga;
2026-09-07;2026-09-07;Turkey_1Lig;7;Istanbulspor;Igdir FK;51.09;BASSA;FINAL;1;2;3;OK;OK;PRO: difesa casa vulnerabile | trend over recente casa || CONTRO: attacco casa non dominante | ospite poco prolifico: rischio 1-0 / 2-0 | trend over trasferta non forte | profilo over interno debole | profilo over esterno debole | BTTS basso: possibile partita a senso unico;3.47;5.91;8.27;8.0;3.64;9.6;2.4;5.0;0.0;4.8;2.6.0;;;;;;;;;;;;;;;;;;;;;;;;;Turkey_1Lig;Turkey_1Lig;
2026-09-07;2026-09-07;Turkey_SuperLig;5;Goztepe;Gaziantep;50.07;BASSA;FINAL;2;4;6;OK;OK;PRO: attacco casa positivo | difesa casa vulnerabile | trend over recente casa | alta tendenza BTTS || CONTRO: ospite poco prolifico: rischio 1-0 / 2-0 | trend over trasferta non forte | profilo over interno debole | profilo over esterno debole;1.76;9.85;5.91;8.0;4.55;8.0;4.0;0.0;0.0;8.0;2.6.0;;;;;;;;;;;;;;;;;;;;;;;;;Turkey_SuperLig;Turkey_SuperLig;
2026-09-07;2026-09-07;Bolivia_DivisionProfesional;23;Nacional Potosi;Blooming;49.53;BASSA;FINAL;2;1;3;OK;OK;PRO: attacco casa positivo || CONTRO: ospite poco prolifico: rischio 1-0 / 2-0 | trend over casa non forte | trend over trasferta non forte | profilo over interno debole | profilo over esterno debole | BTTS basso: possibile partita a senso unico;0.8;8.69;7.65;4.92;4.81;6.0;1.2;5.0;3.75;6.71;2.6.0;;;;;;;;;;;;;;;;;;;;;;;;;Bolivia_DivisionProfesional;Bolivia_DivisionProfesional;
2026-09-07;2026-09-07;Portugal_LigaPortugal2;6;Lusitania FC;AFS;48.47;BASSA;FINAL;2;1;3;OK;OK;PRO: attacco casa positivo || CONTRO: ospite poco prolifico: rischio 1-0 / 2-0 | trend over casa non forte | trend over trasferta non forte | profilo over interno debole | profilo over esterno debole | BTTS basso: possibile partita a senso unico;3.88;10.34;7.39;1.82;4.55;3.0;3.0;5.0;5.0;4.5;2.6.0;;;;;;;;;;;;;;;;;;;;;;;;;Portugal_LigaPortugal2;Portugal_LigaPortugal2;
2026-09-07;2026-09-07;Romania_Superliga;9;FC Voluntari;FC Arges;45.4;BASSA;FINAL;1;0;1;KO;KO;PRO: difesa casa vulnerabile | trend over recente casa | profilo over interno positivo || CONTRO: attacco casa non dominante | ospite poco prolifico: rischio 1-0 / 2-0 | trend over trasferta non forte | profilo over esterno debole | BTTS basso: possibile partita a senso unico;2.8;5.91;3.38;8.0;3.25;10.29;0.0;7.5;0.0;4.29;2.6.0;;;;;;;;;;;;;;;;;;;;;;;;;Romania_Superliga;Romania_Superliga;
2026-09-07;2026-09-07;Turkey_SuperLig;5;Rizespor;Alanyaspor;44.9;BASSA;FINAL;0;1;1;KO;KO;PRO: attacco casa positivo || CONTRO: ospite poco prolifico: rischio 1-0 / 2-0 | trend over casa non forte | trend over trasferta non forte | profilo over interno debole | profilo over esterno debole | BTTS basso: possibile partita a senso unico;1.76;8.86;5.91;1.82;4.55;6.0;4.0;0.0;5.0;7.0;2.6.0;;;;;;;;;;;;;;;;;;;;;;;;;Turkey_SuperLig;Turkey_SuperLig;
2026-09-07;2026-09-07;Peru_Liga2;7;Pirata;Carlos Mannucci;43.37;BASSA;FINAL;2;4;6;OK;OK;PRO: profilo over interno positivo || CONTRO: attacco casa non dominante | ospite poco prolifico: rischio 1-0 / 2-0 | trend over casa non forte | trend over trasferta non forte | profilo over esterno debole | BTTS basso: possibile partita a senso unico;5.57;5.91;5.91;4.85;1.14;4.0;0.0;10.0;0.0;6.0;2.6.0;;;;;;;;;;;;;;;;;;;;;;;;;Peru_Liga2;Peru_Liga2;
2026-09-07;2026-09-07;Denmark_Superliga;9;Midtjylland;Nordsjaelland;42.2;BASSA;FINAL;2;2;4;OK;OK;PRO: attacco casa positivo | attacco trasferta positivo || CONTRO: trend over casa non forte | trend over trasferta non forte | profilo over interno debole | profilo over esterno debole | BTTS basso: possibile partita a senso unico || CONTRO V25: v25: sfida equilibrata di alta classifica (gap punti 1.0, gap PPG 0.17) con difesa casa sotto 1 gol subito a partita;1.09;9.85;8.86;3.03;3.03;4.0;4.0;5.0;3.33;6.0;2.6.0;;;;;;;;;;;;;;;;;;;;;;;;;Denmark_Superliga;Denmark_Superliga;
2026-09-07;2026-09-07;NorthMacedonia_1MFL;6;Vardar;Arsimi;41.55;BASSA;FINAL;2;0;2;KO;KO;PRO: nessun indicatore over forte || CONTRO: attacco casa non dominante | ospite poco prolifico: rischio 1-0 / 2-0 | trend over casa non forte | trend over trasferta non forte | profilo over interno debole | profilo over esterno debole | BTTS basso: possibile partita a senso unico;1.64;7.39;4.43;4.55;4.55;3.0;3.0;5.0;5.0;3.0;2.6.0;;;;;;;;;;;;;;;;;;;;;;;;;NorthMacedonia_1MFL;NorthMacedonia_1MFL;
2026-09-07;2026-09-07;Portugal_LigaPortugal;6;Estoril;Arouca;41.16;BASSA;FINAL;0;0;0;KO;KO;PRO: attacco trasferta positivo | difesa casa vulnerabile || CONTRO: attacco casa non dominante | trend over casa non forte | trend over trasferta non forte | profilo over interno debole | profilo over esterno debole | BTTS basso: possibile partita a senso unico;4.59;2.95;10.34;6.36;3.41;3.0;6.0;0.0;0.0;4.5;2.6.0;;;;;;;;;;;;;;;;;;;;;;;;;Portugal_LigaPortugal;Portugal_LigaPortugal;
2026-09-07;2026-09-07;Bulgaria_VtoraLiga;7;Pirin Blagoevgrad;Ludogorets 2;40.95;BASSA;FINAL;0;3;3;OK;KO;PRO: difesa casa vulnerabile | trend over recente casa | profilo over interno positivo || CONTRO: attacco casa non dominante | ospite poco prolifico: rischio 1-0 / 2-0 | trend over trasferta non forte | profilo over esterno debole | BTTS basso: possibile partita a senso unico;1.06;2.36;2.36;8.0;6.36;7.2;0.0;10.0;0.0;3.6;2.6.0;;;;;;;;;;;;;;;;;;;;;;;;;Bulgaria_VtoraLiga;Bulgaria_VtoraLiga;
2026-09-07;2026-09-07;France_Ligue2;6;Nantes;Nancy;37.31;BASSA;FINAL;1;0;1;KO;KO;PRO: difesa casa vulnerabile | trend over recente casa || CONTRO: attacco casa non dominante | ospite poco prolifico: rischio 1-0 / 2-0 | trend over trasferta non forte | profilo over interno debole | profilo over esterno debole | BTTS basso: possibile partita a senso unico;4.59;7.88;4.43;7.27;1.14;8.0;0.0;0.0;0.0;4.0;2.6.0;;;;;;;;;;;;;;;;;;;;;;;;;France_Ligue2;France_Ligue2;
2026-09-07;2026-09-07;Turkey_1Lig;7;Mardin 1969;Bodrumspor;35.96;BASSA;FINAL;1;0;1;KO;KO;PRO: attacco casa positivo || CONTRO: ospite poco prolifico: rischio 1-0 / 2-0 | trend over casa non forte | trend over trasferta non forte | profilo over interno debole | profilo over esterno debole | BTTS basso: possibile partita a senso unico;2.53;9.45;2.36;2.18;3.64;4.8;2.4;0.0;5.0;3.6;2.6.0;;;;;;;;;;;;;;;;;;;;;;;;;Turkey_1Lig;Turkey_1Lig;
2026-09-07;2026-09-07;Bulgaria_VtoraLiga;7;Fratria;Chernomorets 1919;34.83;BASSA;FINAL;2;2;4;OK;OK;PRO: attacco casa positivo || CONTRO: ospite poco prolifico: rischio 1-0 / 2-0 | trend over casa non forte | trend over trasferta non forte | profilo over interno debole | profilo over esterno debole | BTTS basso: possibile partita a senso unico;2.82;9.45;5.91;2.18;2.73;2.4;2.4;0.0;3.33;3.6;2.6.0;;;;;;;;;;;;;;;;;;;;;;;;;Bulgaria_VtoraLiga;Bulgaria_VtoraLiga;
2026-09-07;2026-09-07;Poland_Division1;8;Ruch;Skierniewice;34.0;BASSA;FINAL;3;1;4;OK;OK;PRO: difesa trasferta vulnerabile || CONTRO: attacco casa non dominante | ospite poco prolifico: rischio 1-0 / 2-0 | v22 monitora possibile sopravvalutazione weak_ga | trend over casa non forte | trend over trasferta non forte | profilo over interno debole | profilo over esterno debole | BTTS basso: possibile partita a senso unico;1.06;2.95;4.92;4.24;6.82;0.0;6.0;0.0;5.0;3.0;2.6.0;;;;;;;;;;;;;;;;;;;;;;;;;Poland_Division1;Poland_Division1;
2026-09-07;2026-09-07;Bulgaria_VtoraLiga;7;Svoge;Lok. Gorna;33.71;BASSA;FINAL;0;0;0;KO;KO;PRO: nessun indicatore over forte || CONTRO: attacco casa non dominante | ospite poco prolifico: rischio 1-0 / 2-0 | trend over casa non forte | trend over trasferta non forte | profilo over interno debole | profilo over esterno debole | BTTS basso: possibile partita a senso unico;2.47;2.36;5.91;2.91;5.45;2.4;4.8;0.0;5.0;2.4;2.6.0;;;;;;;;;;;;;;;;;;;;;;;;;Bulgaria_VtoraLiga;Bulgaria_VtoraLiga;
2026-09-07;2026-09-07;Turkey_1Lig;7;Erokspor;Kayserispor;25.9;BASSA;FINAL;0;3;3;OK;KO;PRO: nessun indicatore over forte || CONTRO: attacco casa non dominante | ospite poco prolifico: rischio 1-0 / 2-0 | trend over casa non forte | trend over trasferta non forte | profilo over interno debole | profilo over esterno debole | BTTS basso: possibile partita a senso unico;3.16;2.36;8.27;2.18;2.73;0.0;2.4;0.0;0.0;4.8;2.6.0;;;;;;;;;;;;;;;;;;;;;;;;;Turkey_1Lig;Turkey_1Lig;
2026-09-07;2026-09-07;Spain_LaLiga;6;Getafe;Celta Vigo;25.48;BASSA;FINAL;1;1;2;KO;OK;PRO: nessun indicatore over forte || CONTRO: attacco casa non dominante | ospite poco prolifico: rischio 1-0 / 2-0 | trend over casa non forte | trend over trasferta non forte | profilo over interno debole | profilo over esterno debole | BTTS basso: possibile partita a senso unico;0.63;1.97;1.97;4.85;6.06;4.0;4.0;0.0;0.0;2.0;2.6.0;;;;;;;;;;;;;;;;;;;;;;;;;Spain_LaLiga;Spain_LaLiga;
2026-09-07;2026-09-07;Finland_Kolmonen_Southern_Group2;20;VJS 2;ToTe;0;BASSA;FINAL;3;3;6;OK;OK;PRO: nessun indicatore over forte || CONTRO: attacco casa non dominante | ospite poco prolifico: rischio 1-0 / 2-0 | trend over casa non forte | trend over trasferta non forte | profilo over interno debole | profilo over esterno debole | BTTS basso: possibile partita a senso unico || CONTRO V25: v25: sfida equilibrata di alta classifica (gap punti 0.0, gap PPG 0.00) con difesa casa sotto 1 gol subito a partita | v25 extra: difesa stagionale molto solida (0.00 GA per partita);0.0;0.0;0.0;0.0;0.0;0.0;0.0;0.0;0.0;0.0;2.6.0;;;;;;;;;;;;;;;;;;;;;;;;;Finland_Kolmonen_Southern_Group2;Finland_Kolmonen_Southern_Group2;
2026-09-08;2026-09-08;Netherlands_Eredivisie;6;Utrecht;G.A. Eagles;98.69;IMM-ALTA-8;SCHEDULED;;;;;;PRO: attacco casa positivo | attacco trasferta positivo | difesa trasferta vulnerabile | difesa casa vulnerabile | trend over recente casa | trend over recente trasferta | profilo over interno positivo | profilo over esterno positivo | alta tendenza BTTS || CONTRO: v22 monitora possibile sopravvalutazione weak_ga;2.82;8.86;13.0;8.0;10.0;12.0;12.0;10.0;10.0;12.0;2.6.0;;;;;;;;;;;;;;;;;;;;;;;;;Netherlands_Eredivisie;Netherlands_Eredivisie;
2026-09-08;2026-09-08;Netherlands_Eredivisie;6;Nijmegen;Excelsior;90.54;IMM-ALTA-8;SCHEDULED;;;;;;PRO: attacco casa positivo | attacco trasferta positivo | difesa casa vulnerabile | trend over recente casa | trend over recente trasferta | profilo over interno positivo | profilo over esterno positivo | alta tendenza BTTS || CONTRO: nessun contro rilevante;1.76;13.0;13.0;6.36;3.41;12.0;12.0;10.0;10.0;9.0;2.6.0;;;;;;;;;;;;;;;;;;;;;;;;;Netherlands_Eredivisie;Netherlands_Eredivisie;
2026-09-08;2026-09-08;Germany_Oberliga_RheinlandPfalzSaar;8;Gonsenheim;Diefflen;89.24;ALTA;SCHEDULED;;;;;;PRO: attacco casa positivo | attacco trasferta positivo | difesa trasferta vulnerabile | difesa casa vulnerabile | trend over recente casa | trend over recente trasferta | profilo over interno positivo | profilo over esterno positivo | alta tendenza BTTS || CONTRO: v22 monitora possibile sopravvalutazione weak_ga;1.06;11.82;11.82;7.88;10.0;8.0;12.0;6.67;10.0;10.0;2.6.0;;;;;;;;;;;;;;;;;;;;;;;;;Germany_Oberliga_RheinlandPfalzSaar;Germany_Oberliga_RheinlandPfalzSaar;
2026-09-08;2026-09-08;Austria_Burgenland;6;Rust;Leithaprodersdorf;87.12;IMM-ALTA-8;SCHEDULED;;;;;;PRO: attacco casa positivo | attacco trasferta positivo | difesa trasferta vulnerabile | difesa casa vulnerabile | trend over recente casa | trend over recente trasferta | profilo over interno positivo | profilo over esterno positivo | alta tendenza BTTS || CONTRO: v22 monitora possibile sopravvalutazione weak_ga;1.6;8.86;10.34;8.0;6.82;12.0;9.0;10.0;10.0;10.5;2.6.0;;;;;;;;;;;;;;;;;;;;;;;;;Austria_Burgenland;Austria_Burgenland;
2026-09-08;2026-09-08;Austria_Regionalliga_North;7;Wallern/St Marienkirchen;Wals-Grunau;84.19;ALTA;SCHEDULED;;;;;;PRO: attacco casa positivo | attacco trasferta positivo | difesa trasferta vulnerabile | trend over recente casa | trend over recente trasferta | profilo over interno positivo | profilo over esterno positivo | alta tendenza BTTS || CONTRO: v22 monitora possibile sopravvalutazione weak_ga;0.46;13.0;13.0;4.24;6.82;12.0;10.0;10.0;6.67;8.0;2.6.0;;;;;;;;;;;;;;;;;;;;;;;;;Austria_Regionalliga_North;Austria_Regionalliga_North;
2026-09-08;2026-09-08;SaudiArabia_ProfessionalLeague;6;Al-Ettifaq;Al-Faysaly;83.44;IMM-ALTA-7;SCHEDULED;;;;;;PRO: attacco casa positivo | difesa trasferta vulnerabile | difesa casa vulnerabile | trend over recente casa | profilo over interno positivo | profilo over esterno positivo | alta tendenza BTTS || CONTRO: ospite poco prolifico: rischio 1-0 / 2-0 | v22 monitora possibile sopravvalutazione weak_ga | trend over trasferta non forte;2.12;11.82;5.91;8.0;9.09;12.0;6.0;10.0;10.0;8.5;2.6.0;;;;;;;;;;;;;;;;;;;;;;;;;SaudiArabia_ProfessionalLeague;SaudiArabia_ProfessionalLeague;18 clubs, double round robin, 34 rounds (306 matches).
2026-09-08;2026-09-08;Armenia_FirstLeague;7;Bentonit;Lernayin Artsakh;81.87;IMM-ALTA-8;SCHEDULED;;;;;;PRO: attacco casa positivo | attacco trasferta positivo | difesa trasferta vulnerabile | difesa casa vulnerabile | trend over recente casa | trend over recente trasferta | profilo over interno positivo | profilo over esterno positivo || CONTRO: v22 monitora possibile sopravvalutazione weak_ga | BTTS basso: possibile partita a senso unico;0.8;13.0;10.34;7.27;7.95;9.0;9.0;10.0;10.0;4.5;2.6.0;;;;;;;;;;;;;;;;;;;;;;;;;Armenia_FirstLeague;Armenia_FirstLeague;seconda divisione armena
2026-09-08;2026-09-08;Germany_Regionalliga_Sudwest;7;FSV Francoforte;Kassel;81.26;ALTA;SCHEDULED;;;;;;PRO: attacco casa positivo | attacco trasferta positivo | difesa trasferta vulnerabile | trend over recente casa | trend over recente trasferta | profilo over interno positivo | profilo over esterno positivo | alta tendenza BTTS || CONTRO: v22 monitora possibile sopravvalutazione weak_ga;0.35;10.64;11.82;5.09;9.09;9.6;9.6;6.67;10.0;8.4;2.6.0;;;;;;;;;;;;;;;;;;;;;;;;;Germany_Regionalliga_Sudwest;Germany_Regionalliga_Sudwest;
2026-09-08;2026-09-08;Estonia_Meistriliiga;30;Kalju;Nomme Utd;77.42;ALTA;SCHEDULED;;;;;;PRO: attacco casa positivo | attacco trasferta positivo | difesa trasferta vulnerabile | trend over recente casa | trend over recente trasferta | profilo over interno positivo | profilo over esterno positivo | alta tendenza BTTS || CONTRO: v22 monitora possibile sopravvalutazione weak_ga;4.0;10.64;9.55;3.35;10.0;7.2;9.6;6.67;8.46;7.97;2.6.0;;;;;;;;;;;;;;;;;;;;;;;;;Estonia_Meistriliiga;Estonia_Meistriliiga;
2026-09-08;2026-09-08;Germany_Regionalliga_Sudwest;7;Sandhausen;Freiberg;77.26;IMM-ALTA-9;SCHEDULED;;;;;;PRO: attacco casa positivo | attacco trasferta positivo | difesa casa vulnerabile | trend over recente casa | trend over recente trasferta | profilo over interno positivo || CONTRO: profilo over esterno debole | BTTS basso: possibile partita a senso unico;4.59;10.64;13.0;8.0;1.14;9.6;9.0;10.0;5.0;6.3;2.6.0;;;;;;;;;;;;;;;;;;;;;;;;;Germany_Regionalliga_Sudwest;Germany_Regionalliga_Sudwest;
2026-09-08;2026-09-08;England_Championship;6;Blackburn;Sheffield Utd;77.01;IMM-ALTA-8;SCHEDULED;;;;;;PRO: attacco trasferta positivo | difesa trasferta vulnerabile | difesa casa vulnerabile | trend over recente casa | trend over recente trasferta | profilo over interno positivo | profilo over esterno positivo | alta tendenza BTTS || CONTRO: attacco casa non dominante | v22 monitora possibile sopravvalutazione weak_ga;1.83;5.91;8.86;5.45;7.95;9.0;9.0;10.0;10.0;9.0;2.6.0;;;;;;;;;;;;;;;;;;;;;;;;;England_Championship;England_Championship;
2026-09-08;2026-09-08;Germany_Oberliga_RheinlandPfalzSaar;8;RW Koblenz;Engers;76.8;ALTA;SCHEDULED;;;;;;PRO: attacco casa positivo | attacco trasferta positivo | difesa casa vulnerabile | trend over recente casa | trend over recente trasferta | profilo over interno positivo | profilo over esterno positivo | alta tendenza BTTS || CONTRO: nessun contro rilevante;0.35;13.0;13.0;5.45;5.45;8.0;9.6;6.67;6.67;8.6;2.6.0;;;;;;;;;;;;;;;;;;;;;;;;;Germany_Oberliga_RheinlandPfalzSaar;Germany_Oberliga_RheinlandPfalzSaar;
2026-09-08;2026-09-08;Germany_Regionalliga_Sudwest;7;Walldorf;Kickers Stoccarda;75.15;IMM-ALTA-9;SCHEDULED;;;;;;PRO: attacco trasferta positivo | difesa trasferta vulnerabile | difesa casa vulnerabile | trend over recente casa | trend over recente trasferta | alta tendenza BTTS || CONTRO: attacco casa non dominante | v22 monitora possibile sopravvalutazione weak_ga | profilo over interno debole | profilo over esterno debole;5.29;5.91;13.0;7.27;7.27;9.0;9.6;5.0;5.0;7.8;2.6.0;;;;;;;;;;;;;;;;;;;;;;;;;Germany_Regionalliga_Sudwest;Germany_Regionalliga_Sudwest;
2026-09-08;2026-09-08;England_Championship;6;Wrexham;Burnley;74.93;MEDIA;SCHEDULED;;;;;;PRO: difesa trasferta vulnerabile | trend over recente trasferta | profilo over interno positivo | profilo over esterno positivo | alta tendenza BTTS || CONTRO: attacco casa non dominante | ospite poco prolifico: rischio 1-0 / 2-0 | v22 monitora possibile sopravvalutazione weak_ga | trend over casa non forte;3.13;7.39;7.09;2.73;10.0;6.0;9.6;10.0;10.0;9.0;2.6.0;;;;;;;;;;;;;;;;;;;;;;;;;England_Championship;England_Championship;
2026-09-08;2026-09-08;Finland_Kolmonen_Eastern_Group1;21;FC Metso;SAPA;74.65;PROX-MEDIA;POSTPONED;;;;;;PRO: attacco casa positivo | attacco trasferta positivo | difesa casa vulnerabile | trend over recente casa | trend over recente trasferta | profilo over interno positivo || CONTRO: profilo over esterno debole | BTTS basso: possibile partita a senso unico;0.86;13.0;13.0;6.82;2.94;9.6;7.2;8.75;5.56;6.93;2.6.0;;;;;;;;;;;;;;;;;;;;;;;;;Finland_Kolmonen_Eastern_Group1;Finland_Kolmonen_Eastern_Group1;
2026-09-08;2026-09-08;Germany_Regionalliga_Sudwest;7;Offenbach;Steinbach Haiger;74.55;MEDIA;SCHEDULED;;;;;;PRO: attacco casa positivo | attacco trasferta positivo | difesa trasferta vulnerabile | trend over recente casa | trend over recente trasferta | profilo over interno positivo | profilo over esterno positivo | alta tendenza BTTS || CONTRO: v22 monitora possibile sopravvalutazione weak_ga;3.18;13.0;9.45;2.18;7.27;7.2;7.2;10.0;6.67;8.4;2.6.0;;;;;;;;;;;;;;;;;;;;;;;;;Germany_Regionalliga_Sudwest;Germany_Regionalliga_Sudwest;
2026-09-08;2026-09-08;Germany_Oberliga_Hessen;8;Friedberg;Eddersheim;73.92;MEDIA;SCHEDULED;;;;;;PRO: attacco casa positivo | attacco trasferta positivo | difesa trasferta vulnerabile | trend over recente trasferta | profilo over interno positivo | alta tendenza BTTS || CONTRO: v22 monitora possibile sopravvalutazione weak_ga | trend over casa non forte | profilo over esterno debole;1.41;10.13;12.8;5.19;7.58;6.86;8.0;6.67;5.0;10.29;2.6.0;;;;;;;;;;;;;;;;;;;;;;;;;Germany_Oberliga_Hessen;Germany_Oberliga_Hessen;
2026-09-08;2026-09-08;Estonia_Meistriliiga;30;Narva;Flora;73.81;MEDIA;SCHEDULED;;;;;;PRO: attacco trasferta positivo | difesa casa vulnerabile | trend over recente casa | trend over recente trasferta | profilo over interno positivo | profilo over esterno positivo || CONTRO: attacco casa non dominante | BTTS basso: possibile partita a senso unico;5.33;4.32;11.58;8.0;5.82;7.2;10.8;6.92;8.18;5.66;2.6.0;;;;;;;;;;;;;;;;;;;;;;;;;Estonia_Meistriliiga;Estonia_Meistriliiga;
2026-09-08;2026-09-08;England_Championship;6;Bolton;West Ham;71.74;MEDIA;SCHEDULED;;;;;;PRO: attacco trasferta positivo | difesa casa vulnerabile | trend over recente casa | trend over recente trasferta | alta tendenza BTTS || CONTRO: attacco casa non dominante | profilo over interno debole | profilo over esterno debole;3.65;5.91;13.0;8.0;5.68;9.0;9.0;5.0;5.0;7.5;2.6.0;;;;;;;;;;;;;;;;;;;;;;;;;England_Championship;England_Championship;
2026-09-08;2026-09-08;SouthKorea_KLeague1;28;Ulsan HD;Seoul;70.66;MEDIA;SCHEDULED;;;;;;PRO: attacco casa positivo | attacco trasferta positivo | difesa casa vulnerabile | trend over recente casa | trend over recente trasferta | profilo over interno positivo | profilo over esterno positivo || CONTRO: BTTS basso: possibile partita a senso unico;0.55;11.16;11.6;5.79;3.54;9.6;7.2;7.69;6.43;7.11;2.6.0;;;;;;;;;;;;;;;;;;;;;;;;;SouthKorea_KLeague1;SouthKorea_KLeague1;
2026-09-08;2026-09-08;England_Championship;6;Cardiff;Stoke;70.58;MEDIA;SCHEDULED;;;;;;PRO: attacco trasferta positivo | difesa trasferta vulnerabile | difesa casa vulnerabile | trend over recente trasferta | profilo over esterno positivo | alta tendenza BTTS || CONTRO: attacco casa non dominante | v22 monitora possibile sopravvalutazione weak_ga | trend over casa non forte | profilo over interno debole;3.65;5.91;10.34;6.36;6.82;6.0;9.0;5.0;10.0;7.5;2.6.0;;;;;;;;;;;;;;;;;;;;;;;;;England_Championship;England_Championship;
2026-09-08;2026-09-08;England_Championship;6;Southampton;Swansea;69.95;MEDIA;SCHEDULED;;;;;;PRO: attacco casa positivo | attacco trasferta positivo | profilo over interno positivo | profilo over esterno positivo | alta tendenza BTTS || CONTRO: trend over casa non forte | trend over trasferta non forte;2.61;11.82;10.34;4.55;1.14;6.0;6.0;10.0;10.0;7.5;2.6.0;;;;;;;;;;;;;;;;;;;;;;;;;England_Championship;England_Championship;
2026-09-08;2026-09-08;Bhutan_PremierLeague;15;Ugyen Academy;Paro;68.11;MEDIA;SCHEDULED;;;;;;PRO: attacco trasferta positivo | difesa casa vulnerabile | trend over recente trasferta | profilo over esterno positivo || CONTRO: attacco casa non dominante | trend over casa non forte | profilo over interno debole | BTTS basso: possibile partita a senso unico;6.0;4.09;13.0;8.0;3.5;4.8;9.6;5.71;8.33;5.08;2.6.0;;;;;;;;;;;;;;;;;;;;;;;;;Bhutan_PremierLeague;Bhutan_PremierLeague;
2026-09-08;2026-09-08;SaudiArabia_ProfessionalLeague;6;Al Qadsiah;Al Ahli SC;67.75;MEDIA;SCHEDULED;;;;;;PRO: attacco casa positivo | difesa trasferta vulnerabile | trend over recente trasferta | profilo over interno positivo | profilo over esterno positivo || CONTRO: ospite poco prolifico: rischio 1-0 / 2-0 | v22 monitora possibile sopravvalutazione weak_ga | trend over casa non forte | BTTS basso: possibile partita a senso unico;4.24;13.0;3.94;1.82;9.09;6.0;8.0;10.0;6.67;5.0;2.6.0;;;;;;;;;;;;;;;;;;;;;;;;;SaudiArabia_ProfessionalLeague;SaudiArabia_ProfessionalLeague;18 clubs, double round robin, 34 rounds (306 matches).
2026-09-08;2026-09-08;SaudiArabia_ProfessionalLeague;6;Al-Ittihad FC;Al Fayha;63.64;MEDIA;SCHEDULED;;;;;;PRO: attacco casa positivo | difesa trasferta vulnerabile | trend over recente trasferta | profilo over interno positivo | alta tendenza BTTS || CONTRO: ospite poco prolifico: rischio 1-0 / 2-0 | v22 monitora possibile sopravvalutazione weak_ga | trend over casa non forte | profilo over esterno debole;4.59;8.86;4.43;3.64;7.95;6.0;9.0;6.67;5.0;7.5;2.6.0;;;;;;;;;;;;;;;;;;;;;;;;;SaudiArabia_ProfessionalLeague;SaudiArabia_ProfessionalLeague;18 clubs, double round robin, 34 rounds (306 matches).
2026-09-08;2026-09-08;Paraguay_DivisionIntermedia;6;3 de Noviembre;Sol De America;62.89;MEDIA;SCHEDULED;;;;;;PRO: attacco casa positivo | attacco trasferta positivo | difesa casa vulnerabile | trend over recente casa | profilo over interno positivo || CONTRO: trend over trasferta non forte | profilo over esterno debole | BTTS basso: possibile partita a senso unico;0.4;13.0;8.86;5.82;2.27;9.6;3.0;10.0;3.33;6.6;2.6.0;;;;;;;;;;;;;;;;;;;;;;;;;Paraguay_DivisionIntermedia;Paraguay_DivisionIntermedia;
2026-09-08;2026-09-08;Armenia_FirstLeague;7;Sardarapat 2;BKMA 2;61.15;MEDIA;SCHEDULED;;;;;;PRO: attacco trasferta positivo | difesa casa vulnerabile | trend over recente trasferta | profilo over interno positivo || CONTRO: attacco casa non dominante | trend over casa non forte | profilo over esterno debole | BTTS basso: possibile partita a senso unico;4.0;2.95;13.0;5.45;3.64;6.0;7.2;10.0;5.0;3.9;2.6.0;;;;;;;;;;;;;;;;;;;;;;;;;Armenia_FirstLeague;Armenia_FirstLeague;seconda divisione armena
2026-09-08;2026-09-08;Austria_Regionalliga_South;7;Atus Velden;A. Klagenfurt;58.53;BASSA;SCHEDULED;;;;;;PRO: attacco casa positivo | attacco trasferta positivo | trend over recente trasferta || CONTRO: trend over casa non forte | profilo over interno debole | profilo over esterno debole | BTTS basso: possibile partita a senso unico;0.46;10.64;13.0;2.18;5.45;4.8;7.2;5.0;5.0;4.8;2.6.0;;;;;;;;;;;;;;;;;;;;;;;;;Austria_Regionalliga_South;Austria_Regionalliga_South;
2026-09-08;2026-09-08;Germany_Regionalliga_Sudwest;7;Aalen;Ulm;57.25;BASSA;SCHEDULED;;;;;;PRO: difesa trasferta vulnerabile || CONTRO: attacco casa non dominante | ospite poco prolifico: rischio 1-0 / 2-0 | v22 monitora possibile sopravvalutazione weak_ga | trend over casa non forte | trend over trasferta non forte | profilo over interno debole | profilo over esterno debole | BTTS basso: possibile partita a senso unico;3.88;8.27;5.91;4.36;9.09;4.8;6.0;3.33;5.0;6.6;2.6.0;;;;;;;;;;;;;;;;;;;;;;;;;Germany_Regionalliga_Sudwest;Germany_Regionalliga_Sudwest;
2026-09-08;2026-09-08;Austria_Salzburg;7;Strasswalchen;Thalgau;56.52;BASSA;SCHEDULED;;;;;;PRO: attacco casa positivo | difesa trasferta vulnerabile | trend over recente casa | profilo over interno positivo || CONTRO: ospite poco prolifico: rischio 1-0 / 2-0 | v22 monitora possibile sopravvalutazione weak_ga | trend over trasferta non forte | profilo over esterno debole | BTTS basso: possibile partita a senso unico;3.6;13.0;6.89;2.18;7.58;7.2;4.0;6.67;0.0;5.4;2.6.0;;;;;;;;;;;;;;;;;;;;;;;;;Austria_Salzburg;Austria_Salzburg;
2026-09-08;2026-09-08;SriLanka_SuperLeague;9;Colombo;UP Country Lions;56.41;BASSA;SCHEDULED;;;;;;PRO: attacco casa positivo | attacco trasferta positivo | trend over recente trasferta | profilo over esterno positivo || CONTRO: trend over casa non forte | profilo over interno debole | BTTS basso: possibile partita a senso unico;2.0;10.13;13.0;0.52;1.95;3.43;10.29;5.0;6.67;3.43;2.6.0;;;;;;;;;;;;;;;;;;;;;;;;;SriLanka_SuperLeague;SriLanka_SuperLeague;
2026-09-08;2026-09-08;Bulgaria_VtoraLiga;8;Montana;Vihren;54.37;BASSA;SCHEDULED;;;;;;PRO: attacco trasferta positivo | trend over recente casa || CONTRO: attacco casa non dominante | trend over trasferta non forte | profilo over interno debole | profilo over esterno debole | BTTS basso: possibile partita a senso unico;2.82;8.27;13.0;3.64;3.64;7.2;4.8;5.0;0.0;6.0;2.6.0;;;;;;;;;;;;;;;;;;;;;;;;;Bulgaria_VtoraLiga;Bulgaria_VtoraLiga;
2026-09-08;2026-09-08;England_Championship;6;Watford;Preston;52.86;BASSA;SCHEDULED;;;;;;PRO: difesa trasferta vulnerabile | trend over recente trasferta | alta tendenza BTTS || CONTRO: attacco casa non dominante | ospite poco prolifico: rischio 1-0 / 2-0 | v22 monitora possibile sopravvalutazione weak_ga | trend over casa non forte | profilo over interno debole | profilo over esterno debole;0.52;4.43;5.91;4.55;7.95;3.0;9.0;5.0;5.0;7.5;2.6.0;;;;;;;;;;;;;;;;;;;;;;;;;England_Championship;England_Championship;
2026-09-08;2026-09-08;Montenegro_PrvaCrnogorskaLiga;7;Sutjeska;Mornar;51.96;BASSA;SCHEDULED;;;;;;PRO: profilo over interno positivo || CONTRO: attacco casa non dominante | ospite poco prolifico: rischio 1-0 / 2-0 | trend over casa non forte | trend over trasferta non forte | profilo over esterno debole | BTTS basso: possibile partita a senso unico;4.67;7.09;7.88;5.09;3.03;4.8;4.0;6.67;3.33;5.4;2.6.0;;;;;;;;;;;;;;;;;;;;;;;;;Montenegro_PrvaCrnogorskaLiga;Montenegro_PrvaCrnogorskaLiga;
2026-09-08;2026-09-08;Armenia_FirstLeague;7;Urartu 2;Ararat-Armenia 2;49.33;BASSA;SCHEDULED;;;;;;PRO: difesa casa vulnerabile | trend over recente casa | profilo over interno positivo || CONTRO: attacco casa non dominante | ospite poco prolifico: rischio 1-0 / 2-0 | trend over trasferta non forte | profilo over esterno debole | BTTS basso: possibile partita a senso unico;1.2;8.27;1.48;8.0;5.68;9.6;0.0;10.0;0.0;5.1;2.6.0;;;;;;;;;;;;;;;;;;;;;;;;;Armenia_FirstLeague;Armenia_FirstLeague;seconda divisione armena
2026-09-08;2026-09-08;Germany_Regionalliga_Sudwest;7;Trier;Freiburg 2;49.13;BASSA;SCHEDULED;;;;;;PRO: attacco trasferta positivo | trend over recente trasferta || CONTRO: attacco casa non dominante | trend over casa non forte | profilo over interno debole | profilo over esterno debole | BTTS basso: possibile partita a senso unico;0.35;5.91;13.0;2.91;6.36;2.4;7.2;0.0;5.0;6.0;2.6.0;;;;;;;;;;;;;;;;;;;;;;;;;Germany_Regionalliga_Sudwest;Germany_Regionalliga_Sudwest;
2026-09-08;2026-09-08;SouthKorea_KLeague1;28;Incheon;Bucheon;47.93;BASSA;SCHEDULED;;;;;;PRO: trend over recente trasferta || CONTRO: attacco casa non dominante | ospite poco prolifico: rischio 1-0 / 2-0 | trend over casa non forte | profilo over interno debole | profilo over esterno debole | BTTS basso: possibile partita a senso unico;1.09;7.27;6.13;4.06;5.72;3.6;7.2;3.85;3.33;5.68;2.6.0;;;;;;;;;;;;;;;;;;;;;;;;;SouthKorea_KLeague1;SouthKorea_KLeague1;
2026-09-08;2026-09-08;Paraguay_DivisionIntermedia;6;Paraguari AC;Guairena;38.97;BASSA;SCHEDULED;;;;;;PRO: nessun indicatore over forte || CONTRO: attacco casa non dominante | ospite poco prolifico: rischio 1-0 / 2-0 | trend over casa non forte | trend over trasferta non forte | profilo over interno debole | profilo over esterno debole | BTTS basso: possibile partita a senso unico;3.6;7.39;2.36;3.64;5.45;3.0;4.8;0.0;3.33;5.4;2.6.0;;;;;;;;;;;;;;;;;;;;;;;;;Paraguay_DivisionIntermedia;Paraguay_DivisionIntermedia;
2026-09-08;2026-09-08;NorthernIreland_NIFLPremiership;6;Larne;Bangor FC;28.48;BASSA;SCHEDULED;;;;;;PRO: difesa trasferta vulnerabile | trend over recente trasferta || CONTRO: attacco casa non dominante | ospite poco prolifico: rischio 1-0 / 2-0 | v22 monitora possibile sopravvalutazione weak_ga | trend over casa non forte | profilo over interno debole | profilo over esterno debole | BTTS basso: possibile partita a senso unico;0.55;0.0;3.94;0.0;10.0;0.0;12.0;0.0;0.0;2.0;2.6.0;;;;;;;;;;;;;;;;;;;;;;;;;NorthernIreland_NIFLPremiership;NorthernIreland_NIFLPremiership;
2026-09-08;2026-09-08;SaudiArabia_ProfessionalLeague;6;Al Hazem;Al-Taawon;23.14;BASSA;SCHEDULED;;;;;;PRO: nessun indicatore over forte || CONTRO: attacco casa non dominante | ospite poco prolifico: rischio 1-0 / 2-0 | trend over casa non forte | trend over trasferta non forte | profilo over interno debole | profilo over esterno debole | BTTS basso: possibile partita a senso unico;0.71;7.39;0.0;4.55;0.0;6.0;0.0;0.0;0.0;4.5;2.6.0;;;;;;;;;;;;;;;;;;;;;;;;;SaudiArabia_ProfessionalLeague;SaudiArabia_ProfessionalLeague;18 clubs, double round robin, 34 rounds (306 matches).
