MatchDate;LeagueId;Home;Away;Score;Band;Round;PredictionDate;HomeSourceLeagueId;AwaySourceLeagueId;CompetitionGroup;Reason;RankingGapScore;HomeAttackScore;AwayAttackScore;HomeDefenseWeaknessScore;AwayDefenseWeaknessScore;HomeLast10OverScore;AwayLast10OverScore;HomeVenueOverScore;AwayVenueOverScore;BTTSProfileScore;AlgorithmVersion
2026-09-19;Austria_Regionalliga_North;LASK (Am);Schallerbach;90.0;ALTA;10;2026-09-19;Austria_Regionalliga_North;Austria_Regionalliga_North;;V30 STRONG: maturity=7 (home=7, away=7), MinOverL5=0.80, AvgGFL5=3.30, AvgGFFull=2.57, DeltaGFL5=+0.73;0.0;0.0;0.0;0.0;0.0;0.0;0.0;0.0;0.0;0.0;3.0.0
2026-09-19;Moldova_Liga1_GroupA;Sparta Selemet;Vulturii Cutezatori;80.0;ALTA;6;2026-09-19;Moldova_Liga1_GroupA;Moldova_Liga1_GroupA;Moldova_Liga1;V30 CORE: maturity=7 (home=7, away=7), MinOverL5=1.00, AvgGFL5=2.70, AvgGFFull=2.43, DeltaGFL5=+0.27;0.0;0.0;0.0;0.0;0.0;0.0;0.0;0.0;0.0;0.0;3.0.0
2026-09-19;Poland_Ekstraklasa;Katowice;Cracovia;80.0;ALTA;11;2026-09-19;Poland_Ekstraklasa;Poland_Ekstraklasa;;V30 CORE: maturity=7 (home=7, away=8), MinOverL5=0.80, AvgGFL5=1.60, AvgGFFull=1.37, DeltaGFL5=+0.23;0.0;0.0;0.0;0.0;0.0;0.0;0.0;0.0;0.0;0.0;3.0.0
2026-09-19;Poland_IIILiga_Group1;Warta Sieradz;Zambrow;80.0;ALTA;9;2026-09-19;Poland_IIILiga_Group1;Poland_IIILiga_Group1;;V30 CORE: maturity=8 (home=8, away=8), MinOverL5=0.80, AvgGFL5=2.20, AvgGFFull=2.00, DeltaGFL5=+0.20;0.0;0.0;0.0;0.0;0.0;0.0;0.0;0.0;0.0;0.0;3.0.0
2026-09-19;Switzerland_SuperLeague;Sion;Zurigo;80.0;ALTA;10;2026-09-19;Switzerland_SuperLeague;Switzerland_SuperLeague;;V30 CORE: maturity=8 (home=8, away=8), MinOverL5=1.00, AvgGFL5=2.40, AvgGFFull=2.19, DeltaGFL5=+0.21;0.0;0.0;0.0;0.0;0.0;0.0;0.0;0.0;0.0;0.0;3.0.0
2026-09-19;Poland_IIILiga_Group3;Sleza Wroclaw;Legnica 2;72.95;MEDIA;9;2026-09-19;Poland_IIILiga_Group3;Poland_IIILiga_Group3;;V30 NO-SIGNAL: maturity=8 (home=8, away=8), MinOverL5=0.80, AvgGFL5=2.00, AvgGFFull=1.81, DeltaGFL5=+0.19;0.0;0.0;0.0;0.0;0.0;0.0;0.0;0.0;0.0;0.0;3.0.0
2026-09-19;Poland_IIILiga_Group2;Notec Czarnkow;Sroda;72.64;MEDIA;9;2026-09-19;Poland_IIILiga_Group2;Poland_IIILiga_Group2;;V30 NO-SIGNAL: maturity=8 (home=8, away=8), MinOverL5=0.80, AvgGFL5=2.80, AvgGFFull=2.62, DeltaGFL5=+0.17;0.0;0.0;0.0;0.0;0.0;0.0;0.0;0.0;0.0;0.0;3.0.0
2026-09-19;Germany_Oberliga_RheinlandPfalzSaar;Pirmasens;Cosmos Koblenz;72.03;MEDIA;12;2026-09-19;Germany_Oberliga_RheinlandPfalzSaar;Germany_Oberliga_RheinlandPfalzSaar;;V30 NO-SIGNAL: maturity=8 (home=8, away=8), MinOverL5=0.80, AvgGFL5=2.40, AvgGFFull=2.25, DeltaGFL5=+0.15;0.0;0.0;0.0;0.0;0.0;0.0;0.0;0.0;0.0;0.0;3.0.0
2026-09-19;Germany_Oberliga_BadenWurttemberg;Reutlingen;Bahlinger;71.85;MEDIA;10;2026-09-19;Germany_Oberliga_BadenWurttemberg;Germany_Oberliga_BadenWurttemberg;;V30 NO-SIGNAL: maturity=7 (home=7, away=7), MinOverL5=0.80, AvgGFL5=2.00, AvgGFFull=1.86, DeltaGFL5=+0.14;0.0;0.0;0.0;0.0;0.0;0.0;0.0;0.0;0.0;0.0;3.0.0
2026-09-19;Germany_Regionalliga_Nord;SC Weiche-08;Phonix Lubeck;71.78;MEDIA;11;2026-09-19;Germany_Regionalliga_Nord;Germany_Regionalliga_Nord;;V30 NO-SIGNAL: maturity=9 (home=9, away=9), MinOverL5=0.80, AvgGFL5=3.50, AvgGFFull=3.06, DeltaGFL5=+0.44;0.0;0.0;0.0;0.0;0.0;0.0;0.0;0.0;0.0;0.0;3.0.0
2026-09-19;Germany_Regionalliga_Nord;Drochtersen/Assel;St. Pauli 2;71.78;MEDIA;11;2026-09-19;Germany_Regionalliga_Nord;Germany_Regionalliga_Nord;;V30 NO-SIGNAL: maturity=9 (home=9, away=9), MinOverL5=0.80, AvgGFL5=3.50, AvgGFFull=2.72, DeltaGFL5=+0.78;0.0;0.0;0.0;0.0;0.0;0.0;0.0;0.0;0.0;0.0;3.0.0
2026-09-19;Germany_Regionalliga_Nord;VfB Oldenburg;Jeddeloh;71.78;MEDIA;11;2026-09-19;Germany_Regionalliga_Nord;Germany_Regionalliga_Nord;;V30 NO-SIGNAL: maturity=9 (home=9, away=9), MinOverL5=0.80, AvgGFL5=2.80, AvgGFFull=2.39, DeltaGFL5=+0.41;0.0;0.0;0.0;0.0;0.0;0.0;0.0;0.0;0.0;0.0;3.0.0
2026-09-19;Germany_Oberliga_BadenWurttemberg;Pforzheim;Balingen;71.78;MEDIA;10;2026-09-19;Germany_Oberliga_BadenWurttemberg;Germany_Oberliga_BadenWurttemberg;;V30 NO-SIGNAL: maturity=6 (home=6, away=7), MinOverL5=0.80, AvgGFL5=2.10, AvgGFFull=1.86, DeltaGFL5=+0.24;0.0;0.0;0.0;0.0;0.0;0.0;0.0;0.0;0.0;0.0;3.0.0
2026-09-19;CzechRepublic_4Liga_GroupB;Steti;Usti n. L. B;71.78;MEDIA;7;2026-09-19;CzechRepublic_4Liga_GroupB;CzechRepublic_4Liga_GroupB;CzechRepublic_4Liga;V30 NO-SIGNAL: maturity=6 (home=6, away=6), MinOverL5=0.80, AvgGFL5=2.70, AvgGFFull=2.33, DeltaGFL5=+0.37;0.0;0.0;0.0;0.0;0.0;0.0;0.0;0.0;0.0;0.0;3.0.0
2026-09-19;Poland_Division2;Legia 2;Podhale Nowy Targ;71.72;MEDIA;9;2026-09-19;Poland_Division2;Poland_Division2;;V30 NO-SIGNAL: maturity=8 (home=8, away=8), MinOverL5=0.80, AvgGFL5=2.20, AvgGFFull=2.06, DeltaGFL5=+0.14;0.0;0.0;0.0;0.0;0.0;0.0;0.0;0.0;0.0;0.0;3.0.0
2026-09-19;CzechRepublic_4Liga_GroupF;Rymarov;Opava B;70.96;MEDIA;7;2026-09-19;CzechRepublic_4Liga_GroupF;CzechRepublic_4Liga_GroupF;CzechRepublic_4Liga;V30 NO-SIGNAL: maturity=6 (home=6, away=6), MinOverL5=0.80, AvgGFL5=2.50, AvgGFFull=2.33, DeltaGFL5=+0.17;0.0;0.0;0.0;0.0;0.0;0.0;0.0;0.0;0.0;0.0;3.0.0
2026-09-19;Austria_Regionalliga_South;Hartberg (Am);Tillmitsch;70.86;MEDIA;9;2026-09-19;Austria_Regionalliga_South;Austria_Regionalliga_South;;V30 NO-SIGNAL: maturity=6 (home=6, away=6), MinOverL5=1.00, AvgGFL5=1.90, AvgGFFull=1.58, DeltaGFL5=+0.32;0.0;0.0;0.0;0.0;0.0;0.0;0.0;0.0;0.0;0.0;3.0.0
2026-09-19;Slovakia_3Liga_West;Banik Prievidza;Raca;70.86;MEDIA;7;2026-09-19;Slovakia_3Liga_West;Slovakia_3Liga_West;;V30 NO-SIGNAL: maturity=6 (home=6, away=6), MinOverL5=0.80, AvgGFL5=1.90, AvgGFFull=1.67, DeltaGFL5=+0.23;0.0;0.0;0.0;0.0;0.0;0.0;0.0;0.0;0.0;0.0;3.0.0
2026-09-19;Turkey_1Lig;Batman Petrolspor;Bursaspor;70.79;MEDIA;8;2026-09-19;Turkey_1Lig;Turkey_1Lig;;V30 NO-SIGNAL: maturity=7 (home=7, away=7), MinOverL5=0.80, AvgGFL5=2.10, AvgGFFull=2.00, DeltaGFL5=+0.10;0.0;0.0;0.0;0.0;0.0;0.0;0.0;0.0;0.0;0.0;3.0.0
2026-09-19;Germany_Oberliga_Hessen;Stadtallendorf;Darmstadt U21;70.41;MEDIA;11;2026-09-19;Germany_Oberliga_Hessen;Germany_Oberliga_Hessen;;V30 NO-SIGNAL: maturity=9 (home=9, away=9), MinOverL5=0.80, AvgGFL5=2.70, AvgGFFull=2.56, DeltaGFL5=+0.14;0.0;0.0;0.0;0.0;0.0;0.0;0.0;0.0;0.0;0.0;3.0.0
2026-09-19;CzechRepublic_4Liga_GroupA;Sobeslav;Taborsko akademie;70.3;MEDIA;7;2026-09-19;CzechRepublic_4Liga_GroupA;CzechRepublic_4Liga_GroupA;CzechRepublic_4Liga;V30 NO-SIGNAL: maturity=5 (home=5, away=6), MinOverL5=0.80, AvgGFL5=3.20, AvgGFFull=2.98, DeltaGFL5=+0.22;0.0;0.0;0.0;0.0;0.0;0.0;0.0;0.0;0.0;0.0;3.0.0
2026-09-19;CzechRepublic_4Liga_GroupB;Ostrov;Psary;70.3;MEDIA;7;2026-09-19;CzechRepublic_4Liga_GroupB;CzechRepublic_4Liga_GroupB;CzechRepublic_4Liga;V30 NO-SIGNAL: maturity=5 (home=5, away=6), MinOverL5=1.00, AvgGFL5=3.10, AvgGFFull=2.82, DeltaGFL5=+0.28;0.0;0.0;0.0;0.0;0.0;0.0;0.0;0.0;0.0;0.0;3.0.0
2026-09-19;Austria_Regionalliga_North;Grodig;Leonfelden;70.22;MEDIA;10;2026-09-19;Austria_Regionalliga_North;Austria_Regionalliga_North;;V30 NO-SIGNAL: maturity=7 (home=7, away=7), MinOverL5=0.80, AvgGFL5=1.90, AvgGFFull=1.79, DeltaGFL5=+0.11;0.0;0.0;0.0;0.0;0.0;0.0;0.0;0.0;0.0;0.0;3.0.0
2026-09-19;CzechRepublic_4Liga_GroupE;Bzenec-Vracov;Strani;70.14;MEDIA;7;2026-09-19;CzechRepublic_4Liga_GroupE;CzechRepublic_4Liga_GroupE;CzechRepublic_4Liga;V30 NO-SIGNAL: maturity=6 (home=6, away=6), MinOverL5=1.00, AvgGFL5=2.80, AvgGFFull=2.67, DeltaGFL5=+0.13;0.0;0.0;0.0;0.0;0.0;0.0;0.0;0.0;0.0;0.0;3.0.0
2026-09-19;Austria_Salzburg;Seekirchen U21;USV 1960 Berndorf;69.74;MEDIA;10;2026-09-19;Austria_Salzburg;Austria_Salzburg;;V30 NO-SIGNAL: maturity=7 (home=7, away=7), MinOverL5=0.80, AvgGFL5=2.20, AvgGFFull=2.14, DeltaGFL5=+0.06;0.0;0.0;0.0;0.0;0.0;0.0;0.0;0.0;0.0;0.0;3.0.0
2026-09-19;Slovakia_NikeLiga;Zilina;Trencin;69.43;MEDIA;9;2026-09-19;Slovakia_NikeLiga;Slovakia_NikeLiga;;V30 NO-SIGNAL: maturity=7 (home=8, away=7), MinOverL5=1.00, AvgGFL5=2.00, AvgGFFull=1.96, DeltaGFL5=+0.04;0.0;0.0;0.0;0.0;0.0;0.0;0.0;0.0;0.0;0.0;3.0.0
2026-09-19;Germany_Oberliga_RheinlandPfalzSaar;RW Wittlich;Eisbachtal;69.25;MEDIA;12;2026-09-19;Germany_Oberliga_RheinlandPfalzSaar;Germany_Oberliga_RheinlandPfalzSaar;;V30 NO-SIGNAL: maturity=7 (home=7, away=8), MinOverL5=1.00, AvgGFL5=1.80, AvgGFFull=1.69, DeltaGFL5=+0.11;0.0;0.0;0.0;0.0;0.0;0.0;0.0;0.0;0.0;0.0;3.0.0
2026-09-19;Austria_Oberosterreich;St. Martin im Muhlreis;Friedburg;69.16;MEDIA;10;2026-09-19;Austria_Oberosterreich;Austria_Oberosterreich;;V30 NO-SIGNAL: maturity=7 (home=7, away=8), MinOverL5=0.80, AvgGFL5=1.70, AvgGFFull=1.55, DeltaGFL5=+0.15;0.0;0.0;0.0;0.0;0.0;0.0;0.0;0.0;0.0;0.0;3.0.0
2026-09-19;Germany_Regionalliga_West;Oberhausen;Monchengladbach 2;69.03;MEDIA;10;2026-09-19;Germany_Regionalliga_West;Germany_Regionalliga_West;;V30 NO-SIGNAL: maturity=8 (home=8, away=8), MinOverL5=0.60, AvgGFL5=2.50, AvgGFFull=2.25, DeltaGFL5=+0.25;0.0;0.0;0.0;0.0;0.0;0.0;0.0;0.0;0.0;0.0;3.0.0
2026-09-19;Germany_Oberliga_RheinlandPfalzSaar;Koblenz;Mechtersheim;69.03;MEDIA;12;2026-09-19;Germany_Oberliga_RheinlandPfalzSaar;Germany_Oberliga_RheinlandPfalzSaar;;V30 NO-SIGNAL: maturity=8 (home=8, away=8), MinOverL5=0.60, AvgGFL5=2.50, AvgGFFull=2.25, DeltaGFL5=+0.25;0.0;0.0;0.0;0.0;0.0;0.0;0.0;0.0;0.0;0.0;3.0.0
2026-09-19;NorthernIreland_NIFLChampionship;Institute;Warrenpoint;69.03;MEDIA;8;2026-09-19;NorthernIreland_NIFLChampionship;NorthernIreland_NIFLChampionship;;V30 NO-SIGNAL: maturity=7 (home=7, away=7), MinOverL5=0.60, AvgGFL5=2.20, AvgGFFull=1.86, DeltaGFL5=+0.34;0.0;0.0;0.0;0.0;0.0;0.0;0.0;0.0;0.0;0.0;3.0.0
2026-09-19;Peru_Liga1_Clausura;Sporting Cristal;Grau;69.03;MEDIA;10;2026-09-19;Peru_Liga1_Clausura;Peru_Liga1_Clausura;;V30 NO-SIGNAL: maturity=8 (home=8, away=8), MinOverL5=0.60, AvgGFL5=2.20, AvgGFFull=1.81, DeltaGFL5=+0.39;0.0;0.0;0.0;0.0;0.0;0.0;0.0;0.0;0.0;0.0;3.0.0
2026-09-19;Poland_IIILiga_Group1;Jagiellonia 2;LKS Lodz 2;69.03;MEDIA;9;2026-09-19;Poland_IIILiga_Group1;Poland_IIILiga_Group1;;V30 NO-SIGNAL: maturity=8 (home=8, away=8), MinOverL5=0.60, AvgGFL5=2.40, AvgGFFull=1.94, DeltaGFL5=+0.46;0.0;0.0;0.0;0.0;0.0;0.0;0.0;0.0;0.0;0.0;3.0.0
2026-09-19;Poland_IIILiga_Group2;Grom Nowy Staw;Swinoujscie;69.03;MEDIA;9;2026-09-19;Poland_IIILiga_Group2;Poland_IIILiga_Group2;;V30 NO-SIGNAL: maturity=8 (home=8, away=8), MinOverL5=0.60, AvgGFL5=2.50, AvgGFFull=2.12, DeltaGFL5=+0.38;0.0;0.0;0.0;0.0;0.0;0.0;0.0;0.0;0.0;0.0;3.0.0
2026-09-19;Poland_IIILiga_Group4;Jaroslaw;Lubaczow;69.03;MEDIA;8;2026-09-19;Poland_IIILiga_Group4;Poland_IIILiga_Group4;;V30 NO-SIGNAL: maturity=7 (home=7, away=7), MinOverL5=0.60, AvgGFL5=2.20, AvgGFFull=1.79, DeltaGFL5=+0.41;0.0;0.0;0.0;0.0;0.0;0.0;0.0;0.0;0.0;0.0;3.0.0
2026-09-19;Switzerland_PromotionLeague;Basilea 2;Bulle;69.03;MEDIA;10;2026-09-19;Switzerland_PromotionLeague;Switzerland_PromotionLeague;;V30 NO-SIGNAL: maturity=7 (home=7, away=7), MinOverL5=0.80, AvgGFL5=2.10, AvgGFFull=2.07, DeltaGFL5=+0.03;0.0;0.0;0.0;0.0;0.0;0.0;0.0;0.0;0.0;0.0;3.0.0
2026-09-19;Switzerland_PromotionLeague;Paradiso;YF Juventus;69.03;MEDIA;10;2026-09-19;Switzerland_PromotionLeague;Switzerland_PromotionLeague;;V30 NO-SIGNAL: maturity=7 (home=7, away=7), MinOverL5=0.60, AvgGFL5=2.30, AvgGFFull=2.00, DeltaGFL5=+0.30;0.0;0.0;0.0;0.0;0.0;0.0;0.0;0.0;0.0;0.0;3.0.0
2026-09-19;Germany_Oberliga_Hessen;Friedberg;Giessen;69.01;MEDIA;11;2026-09-19;Germany_Oberliga_Hessen;Germany_Oberliga_Hessen;;V30 NO-SIGNAL: maturity=9 (home=9, away=9), MinOverL5=1.00, AvgGFL5=1.70, AvgGFFull=1.50, DeltaGFL5=+0.20;0.0;0.0;0.0;0.0;0.0;0.0;0.0;0.0;0.0;0.0;3.0.0
2026-09-19;England_Championship;Millwall;West Ham;68.9;MEDIA;9;2026-09-19;England_Championship;England_Championship;;V30 NO-SIGNAL: maturity=6 (home=6, away=6), MinOverL5=0.80, AvgGFL5=2.50, AvgGFFull=2.42, DeltaGFL5=+0.08;0.0;0.0;0.0;0.0;0.0;0.0;0.0;0.0;0.0;0.0;3.0.0
2026-09-19;Germany_Regionalliga_Sudwest;Eint. Frankfurt 2;Steinbach Haiger;68.72;MEDIA;10;2026-09-19;Germany_Regionalliga_Sudwest;Germany_Regionalliga_Sudwest;;V30 NO-SIGNAL: maturity=7 (home=7, away=7), MinOverL5=0.80, AvgGFL5=1.70, AvgGFFull=1.57, DeltaGFL5=+0.13;0.0;0.0;0.0;0.0;0.0;0.0;0.0;0.0;0.0;0.0;3.0.0
2026-09-19;Austria_Karnten;SGA Sirnitz;KAC 1909;68.68;MEDIA;10;2026-09-19;Austria_Karnten;Austria_Karnten;;V30 NO-SIGNAL: maturity=7 (home=7, away=7), MinOverL5=0.60, AvgGFL5=2.40, AvgGFFull=2.21, DeltaGFL5=+0.19;0.0;0.0;0.0;0.0;0.0;0.0;0.0;0.0;0.0;0.0;3.0.0
2026-09-19;Austria_Salzburg;Union Henndorf;USK Anif;68.68;MEDIA;10;2026-09-19;Austria_Salzburg;Austria_Salzburg;;V30 NO-SIGNAL: maturity=7 (home=7, away=7), MinOverL5=0.80, AvgGFL5=2.30, AvgGFFull=2.29, DeltaGFL5=+0.01;0.0;0.0;0.0;0.0;0.0;0.0;0.0;0.0;0.0;0.0;3.0.0
2026-09-19;CzechRepublic_3CFL_GroupA;Pribram B;Dukla Praga B;68.08;MEDIA;9;2026-09-19;CzechRepublic_3CFL_GroupA;CzechRepublic_3CFL_GroupA;CzechRepublic_3rdTier;V30 NO-SIGNAL: maturity=6 (home=6, away=6), MinOverL5=0.80, AvgGFL5=1.60, AvgGFFull=1.33, DeltaGFL5=+0.27;0.0;0.0;0.0;0.0;0.0;0.0;0.0;0.0;0.0;0.0;3.0.0
2026-09-19;NorthernIreland_NIFLChampionship;H&W Welders;Ballinamallard;67.62;MEDIA;8;2026-09-19;NorthernIreland_NIFLChampionship;NorthernIreland_NIFLChampionship;;V30 NO-SIGNAL: maturity=7 (home=7, away=7), MinOverL5=0.60, AvgGFL5=2.00, AvgGFFull=1.86, DeltaGFL5=+0.14;0.0;0.0;0.0;0.0;0.0;0.0;0.0;0.0;0.0;0.0;3.0.0
2026-09-19;Germany_Oberliga_Bremen;Woltmershausen;Aumund-Vegesack;67.57;MEDIA;7;2026-09-19;Germany_Oberliga_Bremen;Germany_Oberliga_Bremen;;V30 NO-SIGNAL: maturity=6 (home=6, away=6), MinOverL5=0.80, AvgGFL5=1.90, AvgGFFull=1.83, DeltaGFL5=+0.07;0.0;0.0;0.0;0.0;0.0;0.0;0.0;0.0;0.0;0.0;3.0.0
2026-09-19;Germany_Oberliga_Hessen;Fernwald;Eddersheim;67.55;MEDIA;11;2026-09-19;Germany_Oberliga_Hessen;Germany_Oberliga_Hessen;;V30 NO-SIGNAL: maturity=9 (home=9, away=9), MinOverL5=0.60, AvgGFL5=2.60, AvgGFFull=2.17, DeltaGFL5=+0.43;0.0;0.0;0.0;0.0;0.0;0.0;0.0;0.0;0.0;0.0;3.0.0
2026-09-19;NorthernIreland_NIFLPremiership;Coleraine;Limavady;67.55;MEDIA;10;2026-09-19;NorthernIreland_NIFLPremiership;NorthernIreland_NIFLPremiership;;V30 NO-SIGNAL: maturity=6 (home=7, away=6), MinOverL5=0.60, AvgGFL5=2.00, AvgGFFull=1.71, DeltaGFL5=+0.29;0.0;0.0;0.0;0.0;0.0;0.0;0.0;0.0;0.0;0.0;3.0.0
2026-09-19;CzechRepublic_4Liga_GroupA;Petrin Plzen;Krimice;67.55;MEDIA;7;2026-09-19;CzechRepublic_4Liga_GroupA;CzechRepublic_4Liga_GroupA;CzechRepublic_4Liga;V30 NO-SIGNAL: maturity=6 (home=6, away=6), MinOverL5=0.60, AvgGFL5=2.70, AvgGFFull=2.42, DeltaGFL5=+0.28;0.0;0.0;0.0;0.0;0.0;0.0;0.0;0.0;0.0;0.0;3.0.0
2026-09-19;CzechRepublic_4Liga_GroupC;Prepere;Hlinsko;67.55;MEDIA;7;2026-09-19;CzechRepublic_4Liga_GroupC;CzechRepublic_4Liga_GroupC;CzechRepublic_4Liga;V30 NO-SIGNAL: maturity=6 (home=6, away=6), MinOverL5=0.60, AvgGFL5=3.00, AvgGFFull=2.75, DeltaGFL5=+0.25;0.0;0.0;0.0;0.0;0.0;0.0;0.0;0.0;0.0;0.0;3.0.0
2026-09-19;Romania_Liga2;Unirea Slobozia;Chindia Targoviste;67.55;MEDIA;8;2026-09-19;Romania_Liga2;Romania_Liga2;;V30 NO-SIGNAL: maturity=6 (home=6, away=7), MinOverL5=0.60, AvgGFL5=2.30, AvgGFFull=1.98, DeltaGFL5=+0.32;0.0;0.0;0.0;0.0;0.0;0.0;0.0;0.0;0.0;0.0;3.0.0
2026-09-19;Poland_IIILiga_Group1;Mazovia Minsk Mazowiecki;Plock 2;67.49;MEDIA;9;2026-09-19;Poland_IIILiga_Group1;Poland_IIILiga_Group1;;V30 NO-SIGNAL: maturity=8 (home=8, away=8), MinOverL5=0.60, AvgGFL5=2.70, AvgGFFull=2.56, DeltaGFL5=+0.14;0.0;0.0;0.0;0.0;0.0;0.0;0.0;0.0;0.0;0.0;3.0.0
2026-09-19;NorthernIreland_NIFLChampionship;Glenavon;Newington;67.27;MEDIA;8;2026-09-19;NorthernIreland_NIFLChampionship;NorthernIreland_NIFLChampionship;;V30 NO-SIGNAL: maturity=7 (home=7, away=7), MinOverL5=0.80, AvgGFL5=2.60, AvgGFFull=2.64, DeltaGFL5=-0.04;0.0;0.0;0.0;0.0;0.0;0.0;0.0;0.0;0.0;0.0;3.0.0
2026-09-19;Austria_Regionalliga_South;Bleiburg;Atus Velden;67.18;MEDIA;9;2026-09-19;Austria_Regionalliga_South;Austria_Regionalliga_South;;V30 NO-SIGNAL: maturity=7 (home=7, away=7), MinOverL5=0.60, AvgGFL5=1.80, AvgGFFull=1.57, DeltaGFL5=+0.23;0.0;0.0;0.0;0.0;0.0;0.0;0.0;0.0;0.0;0.0;3.0.0
2026-09-19;Poland_IIILiga_Group4;Czarni Polaniec;Naprzod Jedrzejow;67.18;MEDIA;8;2026-09-19;Poland_IIILiga_Group4;Poland_IIILiga_Group4;;V30 NO-SIGNAL: maturity=7 (home=7, away=7), MinOverL5=0.60, AvgGFL5=1.80, AvgGFFull=1.50, DeltaGFL5=+0.30;0.0;0.0;0.0;0.0;0.0;0.0;0.0;0.0;0.0;0.0;3.0.0
2026-09-19;Switzerland_SuperLeague;Luzern;Grasshoppers;67.18;MEDIA;10;2026-09-19;Switzerland_SuperLeague;Switzerland_SuperLeague;;V30 NO-SIGNAL: maturity=8 (home=8, away=8), MinOverL5=0.60, AvgGFL5=1.80, AvgGFFull=1.50, DeltaGFL5=+0.30;0.0;0.0;0.0;0.0;0.0;0.0;0.0;0.0;0.0;0.0;3.0.0
2026-09-19;Netherlands_Eredivisie;Den Haag;Cambuur;67.16;MEDIA;8;2026-09-19;Netherlands_Eredivisie;Netherlands_Eredivisie;;V30 NO-SIGNAL: maturity=6 (home=6, away=6), MinOverL5=0.80, AvgGFL5=1.50, AvgGFFull=1.25, DeltaGFL5=+0.25;0.0;0.0;0.0;0.0;0.0;0.0;0.0;0.0;0.0;0.0;3.0.0
2026-09-19;CzechRepublic_4Liga_GroupA;Cesky Krumlov;Spartak Pribram;67.01;MEDIA;7;2026-09-19;CzechRepublic_4Liga_GroupA;CzechRepublic_4Liga_GroupA;CzechRepublic_4Liga;V30 NO-SIGNAL: maturity=5 (home=6, away=5), MinOverL5=0.80, AvgGFL5=2.50, AvgGFFull=2.43, DeltaGFL5=+0.07;0.0;0.0;0.0;0.0;0.0;0.0;0.0;0.0;0.0;0.0;3.0.0
2026-09-19;CzechRepublic_4Liga_GroupC;Vykan;Kolin;67.01;MEDIA;7;2026-09-19;CzechRepublic_4Liga_GroupC;CzechRepublic_4Liga_GroupC;CzechRepublic_4Liga;V30 NO-SIGNAL: maturity=5 (home=5, away=6), MinOverL5=0.80, AvgGFL5=2.30, AvgGFFull=2.23, DeltaGFL5=+0.07;0.0;0.0;0.0;0.0;0.0;0.0;0.0;0.0;0.0;0.0;3.0.0
2026-09-19;Switzerland_PromotionLeague;Amical Saint-Prex;Young Boys 2;66.96;MEDIA;10;2026-09-19;Switzerland_PromotionLeague;Switzerland_PromotionLeague;;V30 NO-SIGNAL: maturity=7 (home=7, away=7), MinOverL5=0.80, AvgGFL5=1.70, AvgGFFull=1.64, DeltaGFL5=+0.06;0.0;0.0;0.0;0.0;0.0;0.0;0.0;0.0;0.0;0.0;3.0.0
2026-09-19;Germany_Oberliga_SchleswigHolstein;Phonix Lubeck B;PSV Neumunster;66.79;MEDIA;9;2026-09-19;Germany_Oberliga_SchleswigHolstein;Germany_Oberliga_SchleswigHolstein;;V30 NO-SIGNAL: maturity=8 (home=8, away=8), MinOverL5=0.80, AvgGFL5=2.00, AvgGFFull=2.06, DeltaGFL5=-0.06;0.0;0.0;0.0;0.0;0.0;0.0;0.0;0.0;0.0;0.0;3.0.0
2026-09-19;Austria_Burgenland;Neudorf/Parndorf;Klingenbach;66.63;MEDIA;8;2026-09-19;Austria_Burgenland;Austria_Burgenland;;V30 NO-SIGNAL: maturity=6 (home=6, away=6), MinOverL5=0.60, AvgGFL5=1.90, AvgGFFull=1.58, DeltaGFL5=+0.32;0.0;0.0;0.0;0.0;0.0;0.0;0.0;0.0;0.0;0.0;3.0.0
2026-09-19;Austria_Tirol;Haiming;SC Mils 05;66.56;MEDIA;9;2026-09-19;Austria_Tirol;Austria_Tirol;;V30 NO-SIGNAL: maturity=7 (home=7, away=7), MinOverL5=0.60, AvgGFL5=2.60, AvgGFFull=2.50, DeltaGFL5=+0.10;0.0;0.0;0.0;0.0;0.0;0.0;0.0;0.0;0.0;0.0;3.0.0
2026-09-19;Austria_Burgenland;Rust;Halbturn;66.33;MEDIA;8;2026-09-19;Austria_Burgenland;Austria_Burgenland;;V30 NO-SIGNAL: maturity=6 (home=6, away=6), MinOverL5=0.80, AvgGFL5=1.50, AvgGFFull=1.33, DeltaGFL5=+0.17;0.0;0.0;0.0;0.0;0.0;0.0;0.0;0.0;0.0;0.0;3.0.0
2026-09-19;Romania_Liga2;Popesti Leordeni;Politehnica Timisoara;66.32;MEDIA;8;2026-09-19;Romania_Liga2;Romania_Liga2;;V30 NO-SIGNAL: maturity=6 (home=6, away=7), MinOverL5=0.60, AvgGFL5=2.40, AvgGFFull=2.25, DeltaGFL5=+0.15;0.0;0.0;0.0;0.0;0.0;0.0;0.0;0.0;0.0;0.0;3.0.0
2026-09-19;Poland_IIILiga_Group3;BKS Sparta Katowice;Kluczbork;66.26;MEDIA;9;2026-09-19;Poland_IIILiga_Group3;Poland_IIILiga_Group3;;V30 NO-SIGNAL: maturity=8 (home=8, away=8), MinOverL5=0.60, AvgGFL5=1.70, AvgGFFull=1.38, DeltaGFL5=+0.33;0.0;0.0;0.0;0.0;0.0;0.0;0.0;0.0;0.0;0.0;3.0.0
2026-09-19;Germany_Oberliga_Bayern_Sud;Pfaffenhofen;Hankofen-Hailing;66.18;MEDIA;12;2026-09-19;Germany_Oberliga_Bayern_Sud;Germany_Oberliga_Bayern_Sud;;V30 NO-SIGNAL: maturity=9 (home=10, away=9), MinOverL5=0.60, AvgGFL5=2.10, AvgGFFull=1.96, DeltaGFL5=+0.14;0.0;0.0;0.0;0.0;0.0;0.0;0.0;0.0;0.0;0.0;3.0.0
2026-09-19;Germany_Oberliga_Hamburg;Altona;HEBC Hamburg;66.08;MEDIA;8;2026-09-19;Germany_Oberliga_Hamburg;Germany_Oberliga_Hamburg;;V30 NO-SIGNAL: maturity=6 (home=6, away=7), MinOverL5=0.60, AvgGFL5=2.20, AvgGFFull=2.06, DeltaGFL5=+0.14;0.0;0.0;0.0;0.0;0.0;0.0;0.0;0.0;0.0;0.0;3.0.0
2026-09-19;Germany_Oberliga_Bayern_Nord;Fortuna Regensburg;Stadeln;66.07;MEDIA;15;2026-09-19;Germany_Oberliga_Bayern_Nord;Germany_Oberliga_Bayern_Nord;;V30 NO-SIGNAL: maturity=10 (home=10, away=10), MinOverL5=0.60, AvgGFL5=2.10, AvgGFFull=1.90, DeltaGFL5=+0.20;0.0;0.0;0.0;0.0;0.0;0.0;0.0;0.0;0.0;0.0;3.0.0
2026-09-19;Germany_Oberliga_Bayern_Nord;Bayern Hof;Regensburg 2;66.07;MEDIA;15;2026-09-19;Germany_Oberliga_Bayern_Nord;Germany_Oberliga_Bayern_Nord;;V30 NO-SIGNAL: maturity=10 (home=10, away=10), MinOverL5=0.60, AvgGFL5=2.90, AvgGFFull=2.10, DeltaGFL5=+0.80;0.0;0.0;0.0;0.0;0.0;0.0;0.0;0.0;0.0;0.0;3.0.0
2026-09-19;Germany_Oberliga_Bayern_Sud;Schalding;Landshut;66.07;MEDIA;12;2026-09-19;Germany_Oberliga_Bayern_Sud;Germany_Oberliga_Bayern_Sud;;V30 NO-SIGNAL: maturity=10 (home=10, away=10), MinOverL5=0.60, AvgGFL5=2.00, AvgGFFull=1.70, DeltaGFL5=+0.30;0.0;0.0;0.0;0.0;0.0;0.0;0.0;0.0;0.0;0.0;3.0.0
2026-09-19;Germany_Oberliga_Bayern_Sud;Schwabmunchen;Deisenhofen;66.07;MEDIA;12;2026-09-19;Germany_Oberliga_Bayern_Sud;Germany_Oberliga_Bayern_Sud;;V30 NO-SIGNAL: maturity=10 (home=10, away=10), MinOverL5=0.60, AvgGFL5=2.50, AvgGFFull=1.70, DeltaGFL5=+0.80;0.0;0.0;0.0;0.0;0.0;0.0;0.0;0.0;0.0;0.0;3.0.0
2026-09-19;Germany_Oberliga_Bayern_Sud;Geretsried;TSV 1880 Wasserburg;66.07;MEDIA;12;2026-09-19;Germany_Oberliga_Bayern_Sud;Germany_Oberliga_Bayern_Sud;;V30 NO-SIGNAL: maturity=10 (home=10, away=10), MinOverL5=0.60, AvgGFL5=2.00, AvgGFFull=1.65, DeltaGFL5=+0.35;0.0;0.0;0.0;0.0;0.0;0.0;0.0;0.0;0.0;0.0;3.0.0
2026-09-19;CzechRepublic_3CFL_GroupA;Loko Praha;Sparta Praga B;66.07;MEDIA;9;2026-09-19;CzechRepublic_3CFL_GroupA;CzechRepublic_3CFL_GroupA;CzechRepublic_3rdTier;V30 NO-SIGNAL: maturity=5 (home=6, away=5), MinOverL5=0.60, AvgGFL5=3.40, AvgGFFull=3.08, DeltaGFL5=+0.32;0.0;0.0;0.0;0.0;0.0;0.0;0.0;0.0;0.0;0.0;3.0.0
2026-09-19;Germany_Oberliga_Westfalen;ASC 09 Dortmund;Lippstadt;65.66;MEDIA;7;2026-09-19;Germany_Oberliga_Westfalen;Germany_Oberliga_Westfalen;;V30 NO-SIGNAL: maturity=5 (home=5, away=6), MinOverL5=0.60, AvgGFL5=2.10, AvgGFFull=1.92, DeltaGFL5=+0.18;0.0;0.0;0.0;0.0;0.0;0.0;0.0;0.0;0.0;0.0;3.0.0
2026-09-19;Germany_Oberliga_Westfalen;Gievenbeck;Bielefeld 2;65.5;MEDIA;7;2026-09-19;Germany_Oberliga_Westfalen;Germany_Oberliga_Westfalen;;V30 NO-SIGNAL: maturity=6 (home=6, away=6), MinOverL5=0.60, AvgGFL5=2.20, AvgGFFull=2.08, DeltaGFL5=+0.12;0.0;0.0;0.0;0.0;0.0;0.0;0.0;0.0;0.0;0.0;3.0.0
2026-09-19;Austria_Regionalliga_West;Reichenau;Rothis;65.46;MEDIA;9;2026-09-19;Austria_Regionalliga_West;Austria_Regionalliga_West;;V30 NO-SIGNAL: maturity=7 (home=7, away=7), MinOverL5=0.80, AvgGFL5=1.50, AvgGFFull=1.43, DeltaGFL5=+0.07;0.0;0.0;0.0;0.0;0.0;0.0;0.0;0.0;0.0;0.0;3.0.0
2026-09-19;England_Championship;Birmingham;Middlesbrough;65.39;MEDIA;9;2026-09-19;England_Championship;England_Championship;;V30 NO-SIGNAL: maturity=6 (home=6, away=6), MinOverL5=0.60, AvgGFL5=1.90, AvgGFFull=1.75, DeltaGFL5=+0.15;0.0;0.0;0.0;0.0;0.0;0.0;0.0;0.0;0.0;0.0;3.0.0
2026-09-19;England_Championship;Wrexham;Southampton;65.39;MEDIA;9;2026-09-19;England_Championship;England_Championship;;V30 NO-SIGNAL: maturity=6 (home=6, away=6), MinOverL5=0.60, AvgGFL5=1.90, AvgGFFull=1.75, DeltaGFL5=+0.15;0.0;0.0;0.0;0.0;0.0;0.0;0.0;0.0;0.0;0.0;3.0.0
2026-09-19;Germany_2Bundesliga;Karlsruher;Norimberga;65.37;MEDIA;6;2026-09-19;Germany_2Bundesliga;Germany_2Bundesliga;;V30 NO-SIGNAL: maturity=5 (home=5, away=5), MinOverL5=0.80, AvgGFL5=2.10, AvgGFFull=2.10, DeltaGFL5=+0.00;0.0;0.0;0.0;0.0;0.0;0.0;0.0;0.0;0.0;0.0;3.0.0
2026-09-19;Germany_2Bundesliga;Dresda;Hertha;65.37;MEDIA;6;2026-09-19;Germany_2Bundesliga;Germany_2Bundesliga;;V30 NO-SIGNAL: maturity=5 (home=5, away=5), MinOverL5=0.80, AvgGFL5=2.20, AvgGFFull=2.20, DeltaGFL5=+0.00;0.0;0.0;0.0;0.0;0.0;0.0;0.0;0.0;0.0;0.0;3.0.0
2026-09-19;Germany_Oberliga_Niederrhein;FC Monheim;Baumberg;65.37;MEDIA;9;2026-09-19;Germany_Oberliga_Niederrhein;Germany_Oberliga_Niederrhein;;V30 NO-SIGNAL: maturity=5 (home=5, away=5), MinOverL5=0.80, AvgGFL5=2.90, AvgGFFull=2.90, DeltaGFL5=+0.00;0.0;0.0;0.0;0.0;0.0;0.0;0.0;0.0;0.0;0.0;3.0.0
2026-09-19;CzechRepublic_4Liga_GroupB;Brandys n. Labem;Ujezd Prague;65.37;MEDIA;7;2026-09-19;CzechRepublic_4Liga_GroupB;CzechRepublic_4Liga_GroupB;CzechRepublic_4Liga;V30 NO-SIGNAL: maturity=5 (home=5, away=6), MinOverL5=0.80, AvgGFL5=2.40, AvgGFFull=2.40, DeltaGFL5=+0.00;0.0;0.0;0.0;0.0;0.0;0.0;0.0;0.0;0.0;0.0;3.0.0
2026-09-19;Slovakia_NikeLiga;Michalovce;Banska Bystrica;65.33;MEDIA;9;2026-09-19;Slovakia_NikeLiga;Slovakia_NikeLiga;;V30 NO-SIGNAL: maturity=8 (home=8, away=8), MinOverL5=0.60, AvgGFL5=1.60, AvgGFFull=1.06, DeltaGFL5=+0.54;0.0;0.0;0.0;0.0;0.0;0.0;0.0;0.0;0.0;0.0;3.0.0
2026-09-19;Netherlands_Eredivisie;Ajax;Excelsior;65.2;MEDIA;8;2026-09-19;Netherlands_Eredivisie;Netherlands_Eredivisie;;V30 NO-SIGNAL: maturity=6 (home=6, away=6), MinOverL5=1.00, AvgGFL5=2.60, AvgGFFull=2.67, DeltaGFL5=-0.07;0.0;0.0;0.0;0.0;0.0;0.0;0.0;0.0;0.0;0.0;3.0.0
2026-09-19;Germany_Oberliga_Bremen;Brinkumer;Blumenthaler;65.08;MEDIA;7;2026-09-19;Germany_Oberliga_Bremen;Germany_Oberliga_Bremen;;V30 NO-SIGNAL: maturity=6 (home=6, away=6), MinOverL5=0.60, AvgGFL5=4.10, AvgGFFull=4.00, DeltaGFL5=+0.10;0.0;0.0;0.0;0.0;0.0;0.0;0.0;0.0;0.0;0.0;3.0.0
2026-09-19;Germany_Oberliga_SchleswigHolstein;Rapid Lubeck;VfR Neumunster;65.02;MEDIA;9;2026-09-19;Germany_Oberliga_SchleswigHolstein;Germany_Oberliga_SchleswigHolstein;;V30 NO-SIGNAL: maturity=8 (home=8, away=8), MinOverL5=0.60, AvgGFL5=2.60, AvgGFFull=2.56, DeltaGFL5=+0.04;0.0;0.0;0.0;0.0;0.0;0.0;0.0;0.0;0.0;0.0;3.0.0
2026-09-19;Poland_IIILiga_Group2;Blekitni Stargard;Wrzesnia;65.02;MEDIA;9;2026-09-19;Poland_IIILiga_Group2;Poland_IIILiga_Group2;;V30 NO-SIGNAL: maturity=8 (home=8, away=8), MinOverL5=0.60, AvgGFL5=1.80, AvgGFFull=1.69, DeltaGFL5=+0.11;0.0;0.0;0.0;0.0;0.0;0.0;0.0;0.0;0.0;0.0;3.0.0
2026-09-19;CzechRepublic_4Liga_GroupD;Bedrichov;Pelhrimov;65.0;MEDIA;7;2026-09-19;CzechRepublic_4Liga_GroupD;CzechRepublic_4Liga_GroupD;CzechRepublic_4Liga;V30 NO-SIGNAL: maturity=6 (home=6, away=6), MinOverL5=0.80, AvgGFL5=1.40, AvgGFFull=1.25, DeltaGFL5=+0.15;0.0;0.0;0.0;0.0;0.0;0.0;0.0;0.0;0.0;0.0;3.0.0
2026-09-19;CzechRepublic_4Liga_GroupB;Tempo Prague;Vysehrad;64.89;MEDIA;7;2026-09-19;CzechRepublic_4Liga_GroupB;CzechRepublic_4Liga_GroupB;CzechRepublic_4Liga;V30 NO-SIGNAL: maturity=6 (home=6, away=6), MinOverL5=0.80, AvgGFL5=1.70, AvgGFFull=1.67, DeltaGFL5=+0.03;0.0;0.0;0.0;0.0;0.0;0.0;0.0;0.0;0.0;0.0;3.0.0
2026-09-19;England_Championship;Stoke;Sheffield Utd;64.78;MEDIA;9;2026-09-19;England_Championship;England_Championship;;V30 NO-SIGNAL: maturity=6 (home=6, away=6), MinOverL5=0.60, AvgGFL5=1.70, AvgGFFull=1.50, DeltaGFL5=+0.20;0.0;0.0;0.0;0.0;0.0;0.0;0.0;0.0;0.0;0.0;3.0.0
2026-09-19;CzechRepublic_4Liga_GroupE;Slavicin;Kromeriz B;64.78;MEDIA;7;2026-09-19;CzechRepublic_4Liga_GroupE;CzechRepublic_4Liga_GroupE;CzechRepublic_4Liga;V30 NO-SIGNAL: maturity=6 (home=6, away=6), MinOverL5=0.60, AvgGFL5=1.70, AvgGFFull=1.50, DeltaGFL5=+0.20;0.0;0.0;0.0;0.0;0.0;0.0;0.0;0.0;0.0;0.0;3.0.0
2026-09-19;Portugal_LigaPortugal;Sporting;Arouca;64.67;MEDIA;9;2026-09-19;Portugal_LigaPortugal;Portugal_LigaPortugal;;V30 NO-SIGNAL: maturity=6 (home=6, away=6), MinOverL5=0.60, AvgGFL5=2.00, AvgGFFull=1.92, DeltaGFL5=+0.08;0.0;0.0;0.0;0.0;0.0;0.0;0.0;0.0;0.0;0.0;3.0.0
2026-09-19;Austria_Regionalliga_East;Wiener Viktoria;Wienerberger;64.41;MEDIA;8;2026-09-19;Austria_Regionalliga_East;Austria_Regionalliga_East;;V30 NO-SIGNAL: maturity=7 (home=7, away=7), MinOverL5=0.60, AvgGFL5=1.50, AvgGFFull=1.14, DeltaGFL5=+0.36;0.0;0.0;0.0;0.0;0.0;0.0;0.0;0.0;0.0;0.0;3.0.0
2026-09-19;Austria_Regionalliga_West;Kufstein;Kitzbuhel;64.36;MEDIA;9;2026-09-19;Austria_Regionalliga_West;Austria_Regionalliga_West;;V30 NO-SIGNAL: maturity=7 (home=7, away=7), MinOverL5=0.60, AvgGFL5=1.80, AvgGFFull=1.71, DeltaGFL5=+0.09;0.0;0.0;0.0;0.0;0.0;0.0;0.0;0.0;0.0;0.0;3.0.0
2026-09-19;Germany_Oberliga_RheinlandPfalzSaar;Elversberg 2;Engers;64.36;MEDIA;12;2026-09-19;Germany_Oberliga_RheinlandPfalzSaar;Germany_Oberliga_RheinlandPfalzSaar;;V30 NO-SIGNAL: maturity=7 (home=7, away=8), MinOverL5=0.60, AvgGFL5=2.10, AvgGFFull=2.09, DeltaGFL5=+0.01;0.0;0.0;0.0;0.0;0.0;0.0;0.0;0.0;0.0;0.0;3.0.0
2026-09-19;Switzerland_PromotionLeague;Schaffhausen;Lugano 2;64.23;MEDIA;10;2026-09-19;Switzerland_PromotionLeague;Switzerland_PromotionLeague;;V30 NO-SIGNAL: maturity=7 (home=7, away=7), MinOverL5=0.60, AvgGFL5=1.90, AvgGFFull=1.86, DeltaGFL5=+0.04;0.0;0.0;0.0;0.0;0.0;0.0;0.0;0.0;0.0;0.0;3.0.0
2026-09-19;Denmark_3rdDivision;Horsholm-Usserod;Vanløse;64.1;MEDIA;8;2026-09-19;Denmark_3rdDivision;Denmark_3rdDivision;;V30 NO-SIGNAL: maturity=7 (home=7, away=7), MinOverL5=0.60, AvgGFL5=2.00, AvgGFFull=2.00, DeltaGFL5=+0.00;0.0;0.0;0.0;0.0;0.0;0.0;0.0;0.0;0.0;0.0;3.0.0
2026-09-19;Poland_IIILiga_Group2;Gedania Gdansk;Kotwica Kornik;64.1;MEDIA;9;2026-09-19;Poland_IIILiga_Group2;Poland_IIILiga_Group2;;V30 NO-SIGNAL: maturity=8 (home=8, away=8), MinOverL5=0.60, AvgGFL5=2.00, AvgGFFull=2.00, DeltaGFL5=+0.00;0.0;0.0;0.0;0.0;0.0;0.0;0.0;0.0;0.0;0.0;3.0.0
2026-09-19;Germany_Oberliga_Bremen;Union 60 Bremen;OSC Bremerhaven;63.97;MEDIA;7;2026-09-19;Germany_Oberliga_Bremen;Germany_Oberliga_Bremen;;V30 NO-SIGNAL: maturity=6 (home=6, away=6), MinOverL5=0.80, AvgGFL5=3.30, AvgGFFull=3.42, DeltaGFL5=-0.12;0.0;0.0;0.0;0.0;0.0;0.0;0.0;0.0;0.0;0.0;3.0.0
2026-09-19;Bosnia_PrvaLiga_RS;Laktasi;Drina Zvornik;63.89;MEDIA;7;2026-09-19;Bosnia_PrvaLiga_RS;Bosnia_PrvaLiga_RS;;V30 NO-SIGNAL: maturity=4 (home=5, away=4), MinOverL5=0.75, AvgGFL5=3.23, AvgGFFull=3.23, DeltaGFL5=+0.00;0.0;0.0;0.0;0.0;0.0;0.0;0.0;0.0;0.0;0.0;3.0.0
2026-09-19;Germany_Oberliga_NOFV_Nord;Siedenbollentin;Stendal;63.89;MEDIA;5;2026-09-19;Germany_Oberliga_NOFV_Nord;Germany_Oberliga_NOFV_Nord;;V30 NO-SIGNAL: maturity=4 (home=4, away=4), MinOverL5=0.75, AvgGFL5=2.00, AvgGFFull=2.00, DeltaGFL5=+0.00;0.0;0.0;0.0;0.0;0.0;0.0;0.0;0.0;0.0;0.0;3.0.0
2026-09-19;England_LeagueOne;Oxford Utd;Cambridge Utd;63.89;MEDIA;8;2026-09-19;England_LeagueOne;England_LeagueOne;;V30 NO-SIGNAL: maturity=4 (home=4, away=5), MinOverL5=1.00, AvgGFL5=2.25, AvgGFFull=2.25, DeltaGFL5=+0.00;0.0;0.0;0.0;0.0;0.0;0.0;0.0;0.0;0.0;0.0;3.0.0
2026-09-19;Poland_IIILiga_Group2;Wda Swiecie;Kluczevia Stargard;63.48;MEDIA;9;2026-09-19;Poland_IIILiga_Group2;Poland_IIILiga_Group2;;V30 NO-SIGNAL: maturity=8 (home=8, away=8), MinOverL5=0.60, AvgGFL5=2.10, AvgGFFull=2.12, DeltaGFL5=-0.02;0.0;0.0;0.0;0.0;0.0;0.0;0.0;0.0;0.0;0.0;3.0.0
2026-09-19;Netherlands_Eredivisie;Sparta Rotterdam;Heerenveen;63.44;MEDIA;8;2026-09-19;Netherlands_Eredivisie;Netherlands_Eredivisie;;V30 NO-SIGNAL: maturity=6 (home=6, away=6), MinOverL5=0.60, AvgGFL5=1.60, AvgGFFull=1.42, DeltaGFL5=+0.18;0.0;0.0;0.0;0.0;0.0;0.0;0.0;0.0;0.0;0.0;3.0.0
2026-09-19;Romania_Liga2;FC Bacau;Cetatea Suceava;63.44;MEDIA;8;2026-09-19;Romania_Liga2;Romania_Liga2;;V30 NO-SIGNAL: maturity=6 (home=6, away=6), MinOverL5=0.60, AvgGFL5=2.20, AvgGFFull=2.17, DeltaGFL5=+0.03;0.0;0.0;0.0;0.0;0.0;0.0;0.0;0.0;0.0;0.0;3.0.0
2026-09-19;France_National;Fleury-Merogis;Thionville;63.34;MEDIA;8;2026-09-19;France_National;France_National;;V30 NO-SIGNAL: maturity=6 (home=6, away=6), MinOverL5=0.60, AvgGFL5=1.90, AvgGFFull=1.83, DeltaGFL5=+0.07;0.0;0.0;0.0;0.0;0.0;0.0;0.0;0.0;0.0;0.0;3.0.0
2026-09-19;Germany_Regionalliga_West;Bonner;Bergisch Gladbach;63.17;MEDIA;10;2026-09-19;Germany_Regionalliga_West;Germany_Regionalliga_West;;V30 NO-SIGNAL: maturity=8 (home=8, away=8), MinOverL5=0.60, AvgGFL5=1.70, AvgGFFull=1.62, DeltaGFL5=+0.08;0.0;0.0;0.0;0.0;0.0;0.0;0.0;0.0;0.0;0.0;3.0.0
2026-09-19;Poland_Division1;Grodzisk M.;LKS Lodz;63.17;MEDIA;9;2026-09-19;Poland_Division1;Poland_Division1;;V30 NO-SIGNAL: maturity=8 (home=8, away=8), MinOverL5=0.60, AvgGFL5=1.70, AvgGFFull=1.62, DeltaGFL5=+0.08;0.0;0.0;0.0;0.0;0.0;0.0;0.0;0.0;0.0;0.0;3.0.0
2026-09-19;Moldova_SuperLiga;Zimbru;Dacia Buiucani;63.11;MEDIA;13;2026-09-19;Moldova_SuperLiga;Moldova_SuperLiga;;V30 NO-SIGNAL: maturity=12 (home=12, away=12), MinOverL5=0.60, AvgGFL5=2.00, AvgGFFull=1.79, DeltaGFL5=+0.21;0.0;0.0;0.0;0.0;0.0;0.0;0.0;0.0;0.0;0.0;3.0.0
2026-09-19;Romania_Liga2;Stefanesti;Metaloglobus Bucharest;62.94;MEDIA;8;2026-09-19;Romania_Liga2;Romania_Liga2;;V30 NO-SIGNAL: maturity=6 (home=6, away=6), MinOverL5=0.80, AvgGFL5=1.40, AvgGFFull=1.33, DeltaGFL5=+0.07;0.0;0.0;0.0;0.0;0.0;0.0;0.0;0.0;0.0;0.0;3.0.0
2026-09-19;Bhutan_PremierLeague;BFF Academy U19;Thimphu City;62.9;MEDIA;17;2026-09-19;Bhutan_PremierLeague;Bhutan_PremierLeague;;V30 NO-SIGNAL: maturity=15 (home=15, away=15), MinOverL5=0.80, AvgGFL5=2.80, AvgGFFull=2.33, DeltaGFL5=+0.47;0.0;0.0;0.0;0.0;0.0;0.0;0.0;0.0;0.0;0.0;3.0.0
2026-09-19;Belarus_PershayaLiga;BumProm Gomel;Lida;62.9;MEDIA;27;2026-09-19;Belarus_PershayaLiga;Belarus_PershayaLiga;;V30 NO-SIGNAL: maturity=24 (home=24, away=24), MinOverL5=1.00, AvgGFL5=2.10, AvgGFFull=1.88, DeltaGFL5=+0.23;0.0;0.0;0.0;0.0;0.0;0.0;0.0;0.0;0.0;0.0;3.0.0
2026-09-19;Estonia_Esiliiga;Levadia U21;Maardu;62.9;MEDIA;35;2026-09-19;Estonia_Esiliiga;Estonia_Esiliiga;;V30 NO-SIGNAL: maturity=27 (home=27, away=28), MinOverL5=0.80, AvgGFL5=2.60, AvgGFFull=1.93, DeltaGFL5=+0.67;0.0;0.0;0.0;0.0;0.0;0.0;0.0;0.0;0.0;0.0;3.0.0
2026-09-19;FaroeIslands_1Deild;TB Tvoroyri;Hoyvik;62.9;MEDIA;25;2026-09-19;FaroeIslands_1Deild;FaroeIslands_1Deild;;V30 NO-SIGNAL: maturity=20 (home=23, away=20), MinOverL5=1.00, AvgGFL5=2.10, AvgGFFull=1.70, DeltaGFL5=+0.40;0.0;0.0;0.0;0.0;0.0;0.0;0.0;0.0;0.0;0.0;3.0.0
2026-09-19;FaroeIslands_1Deild;B36 Torshavn 2;Runavik 2;62.9;MEDIA;25;2026-09-19;FaroeIslands_1Deild;FaroeIslands_1Deild;;V30 NO-SIGNAL: maturity=19 (home=19, away=20), MinOverL5=1.00, AvgGFL5=2.50, AvgGFFull=1.57, DeltaGFL5=+0.93;0.0;0.0;0.0;0.0;0.0;0.0;0.0;0.0;0.0;0.0;3.0.0
2026-09-19;FaroeIslands_1Deild;Vikingur 2;FC Suduroy;62.9;MEDIA;25;2026-09-19;FaroeIslands_1Deild;FaroeIslands_1Deild;;V30 NO-SIGNAL: maturity=20 (home=23, away=20), MinOverL5=0.80, AvgGFL5=3.00, AvgGFFull=2.66, DeltaGFL5=+0.34;0.0;0.0;0.0;0.0;0.0;0.0;0.0;0.0;0.0;0.0;3.0.0
2026-09-19;Latvia_NakotnesLiga;Valmiera;Riga Mariners;62.9;MEDIA;22;2026-09-19;Latvia_NakotnesLiga;Latvia_NakotnesLiga;;V30 NO-SIGNAL: maturity=20 (home=20, away=20), MinOverL5=1.00, AvgGFL5=4.00, AvgGFFull=2.75, DeltaGFL5=+1.25;0.0;0.0;0.0;0.0;0.0;0.0;0.0;0.0;0.0;0.0;3.0.0
2026-09-19;Norway_2ndDivision_Group2;Rana FK;Honefoss;62.9;MEDIA;25;2026-09-19;Norway_2ndDivision_Group2;Norway_2ndDivision_Group2;;V30 NO-SIGNAL: maturity=19 (home=19, away=19), MinOverL5=0.80, AvgGFL5=2.70, AvgGFFull=2.21, DeltaGFL5=+0.49;0.0;0.0;0.0;0.0;0.0;0.0;0.0;0.0;0.0;0.0;3.0.0
2026-09-19;Norway_3rdDivision_Group1;Grei;Heming;62.9;MEDIA;24;2026-09-19;Norway_3rdDivision_Group1;Norway_3rdDivision_Group1;;V30 NO-SIGNAL: maturity=20 (home=20, away=20), MinOverL5=0.80, AvgGFL5=2.70, AvgGFFull=2.10, DeltaGFL5=+0.60;0.0;0.0;0.0;0.0;0.0;0.0;0.0;0.0;0.0;0.0;3.0.0
2026-09-19;Norway_3rdDivision_Group1;Ullern;Vaalerenga IF 2;62.9;MEDIA;24;2026-09-19;Norway_3rdDivision_Group1;Norway_3rdDivision_Group1;;V30 NO-SIGNAL: maturity=20 (home=20, away=21), MinOverL5=1.00, AvgGFL5=2.70, AvgGFFull=2.19, DeltaGFL5=+0.51;0.0;0.0;0.0;0.0;0.0;0.0;0.0;0.0;0.0;0.0;3.0.0
2026-09-19;Norway_3rdDivision_Group3;Sogndal 2;V. Haugesund;62.9;MEDIA;23;2026-09-19;Norway_3rdDivision_Group3;Norway_3rdDivision_Group3;;V30 NO-SIGNAL: maturity=19 (home=19, away=20), MinOverL5=0.80, AvgGFL5=3.00, AvgGFFull=2.57, DeltaGFL5=+0.43;0.0;0.0;0.0;0.0;0.0;0.0;0.0;0.0;0.0;0.0;3.0.0
2026-09-19;Sweden_Division2_Norrland;Umea FC Akademi;Umea FF;62.9;MEDIA;26;2026-09-19;Sweden_Division2_Norrland;Sweden_Division2_Norrland;;V30 NO-SIGNAL: maturity=18 (home=18, away=18), MinOverL5=0.80, AvgGFL5=2.70, AvgGFFull=1.89, DeltaGFL5=+0.81;0.0;0.0;0.0;0.0;0.0;0.0;0.0;0.0;0.0;0.0;3.0.0
2026-09-19;Sweden_Division2_Norrland;Friska Viljor;Fransta;62.9;MEDIA;26;2026-09-19;Sweden_Division2_Norrland;Sweden_Division2_Norrland;;V30 NO-SIGNAL: maturity=18 (home=19, away=18), MinOverL5=0.80, AvgGFL5=2.10, AvgGFFull=1.86, DeltaGFL5=+0.24;0.0;0.0;0.0;0.0;0.0;0.0;0.0;0.0;0.0;0.0;3.0.0
2026-09-19;Sweden_Division2_SodraSvealand;Forward;Lindo FF;62.9;MEDIA;22;2026-09-19;Sweden_Division2_SodraSvealand;Sweden_Division2_SodraSvealand;;V30 NO-SIGNAL: maturity=21 (home=21, away=21), MinOverL5=0.80, AvgGFL5=2.70, AvgGFFull=1.88, DeltaGFL5=+0.82;0.0;0.0;0.0;0.0;0.0;0.0;0.0;0.0;0.0;0.0;3.0.0
2026-09-19;Sweden_Division2_SodraSvealand;Farsta;Karlslund;62.9;MEDIA;22;2026-09-19;Sweden_Division2_SodraSvealand;Sweden_Division2_SodraSvealand;;V30 NO-SIGNAL: maturity=21 (home=21, away=21), MinOverL5=0.80, AvgGFL5=2.40, AvgGFFull=1.79, DeltaGFL5=+0.61;0.0;0.0;0.0;0.0;0.0;0.0;0.0;0.0;0.0;0.0;3.0.0
2026-09-19;Sweden_Division2_VastraGotaland;Hestrafors;Kongahalla;62.9;MEDIA;24;2026-09-19;Sweden_Division2_VastraGotaland;Sweden_Division2_VastraGotaland;;V30 NO-SIGNAL: maturity=21 (home=21, away=21), MinOverL5=0.80, AvgGFL5=2.60, AvgGFFull=1.79, DeltaGFL5=+0.81;0.0;0.0;0.0;0.0;0.0;0.0;0.0;0.0;0.0;0.0;3.0.0
2026-09-19;Denmark_3rdDivision;Bronshoj;ASA Aarhus;62.86;MEDIA;8;2026-09-19;Denmark_3rdDivision;Denmark_3rdDivision;;V30 NO-SIGNAL: maturity=7 (home=7, away=7), MinOverL5=0.60, AvgGFL5=1.60, AvgGFFull=1.50, DeltaGFL5=+0.10;0.0;0.0;0.0;0.0;0.0;0.0;0.0;0.0;0.0;0.0;3.0.0
2026-09-19;CzechRepublic_4Liga_GroupC;Kosmonosy;Chrudim B;62.74;MEDIA;7;2026-09-19;CzechRepublic_4Liga_GroupC;CzechRepublic_4Liga_GroupC;CzechRepublic_4Liga;V30 NO-SIGNAL: maturity=6 (home=6, away=6), MinOverL5=0.80, AvgGFL5=2.00, AvgGFFull=2.17, DeltaGFL5=-0.17;0.0;0.0;0.0;0.0;0.0;0.0;0.0;0.0;0.0;0.0;3.0.0
2026-09-19;NorthernIreland_NIFLChampionship;Rathfriland;Queens Univ.;62.73;MEDIA;8;2026-09-19;NorthernIreland_NIFLChampionship;NorthernIreland_NIFLChampionship;;V30 NO-SIGNAL: maturity=7 (home=7, away=7), MinOverL5=0.60, AvgGFL5=1.70, AvgGFFull=1.64, DeltaGFL5=+0.06;0.0;0.0;0.0;0.0;0.0;0.0;0.0;0.0;0.0;0.0;3.0.0
2026-09-19;Italy_SerieC_GironeC;Catania;Barletta;62.73;MEDIA;6;2026-09-19;Italy_SerieC_GironeC;Italy_SerieC_GironeC;;V30 NO-SIGNAL: maturity=4 (home=5, away=4), MinOverL5=0.75, AvgGFL5=1.88, AvgGFFull=1.88, DeltaGFL5=+0.00;0.0;0.0;0.0;0.0;0.0;0.0;0.0;0.0;0.0;0.0;3.0.0
2026-09-19;Germany_3Liga;Hoffenheim 2;Meppen;62.59;MEDIA;8;2026-09-19;Germany_3Liga;Germany_3Liga;;V30 NO-SIGNAL: maturity=6 (home=6, away=7), MinOverL5=0.60, AvgGFL5=1.80, AvgGFFull=1.73, DeltaGFL5=+0.07;0.0;0.0;0.0;0.0;0.0;0.0;0.0;0.0;0.0;0.0;3.0.0
2026-09-19;Germany_Oberliga_SchleswigHolstein;Heider SV;Kilia Kiel;62.56;MEDIA;9;2026-09-19;Germany_Oberliga_SchleswigHolstein;Germany_Oberliga_SchleswigHolstein;;V30 NO-SIGNAL: maturity=8 (home=8, away=8), MinOverL5=0.60, AvgGFL5=2.00, AvgGFFull=2.06, DeltaGFL5=-0.06;0.0;0.0;0.0;0.0;0.0;0.0;0.0;0.0;0.0;0.0;3.0.0
2026-09-19;Italy_SerieB;Cremonese;Entella;62.41;MEDIA;5;2026-09-19;Italy_SerieB;Italy_SerieB;;V30 NO-SIGNAL: maturity=3 (home=3, away=3), MinOverL5=1.00, AvgGFL5=2.00, AvgGFFull=2.00, DeltaGFL5=+0.00;0.0;0.0;0.0;0.0;0.0;0.0;0.0;0.0;0.0;0.0;3.0.0
2026-09-19;Paraguay_DivisionIntermedia;Paraguari AC;General Caballero JLM;62.34;MEDIA;10;2026-09-19;Paraguay_DivisionIntermedia;Paraguay_DivisionIntermedia;;V30 NO-SIGNAL: maturity=7 (home=7, away=7), MinOverL5=0.60, AvgGFL5=2.00, AvgGFFull=2.07, DeltaGFL5=-0.07;0.0;0.0;0.0;0.0;0.0;0.0;0.0;0.0;0.0;0.0;3.0.0
2026-09-19;Netherlands_Eredivisie;Willem 2;Sittard;62.22;MEDIA;8;2026-09-19;Netherlands_Eredivisie;Netherlands_Eredivisie;;V30 NO-SIGNAL: maturity=6 (home=6, away=6), MinOverL5=0.80, AvgGFL5=1.50, AvgGFFull=1.50, DeltaGFL5=+0.00;0.0;0.0;0.0;0.0;0.0;0.0;0.0;0.0;0.0;0.0;3.0.0
2026-09-19;Germany_Regionalliga_Nord;Emden;Schoningen;62.07;MEDIA;11;2026-09-19;Germany_Regionalliga_Nord;Germany_Regionalliga_Nord;;V30 NO-SIGNAL: maturity=9 (home=9, away=9), MinOverL5=0.60, AvgGFL5=2.20, AvgGFFull=2.22, DeltaGFL5=-0.02;0.0;0.0;0.0;0.0;0.0;0.0;0.0;0.0;0.0;0.0;3.0.0
2026-09-19;Austria_2Liga;Voitsberg;A. Salzburg;62.0;MEDIA;7;2026-09-19;Austria_2Liga;Austria_2Liga;;V30 NO-SIGNAL: maturity=6 (home=6, away=6), MinOverL5=0.60, AvgGFL5=1.80, AvgGFFull=1.75, DeltaGFL5=+0.05;0.0;0.0;0.0;0.0;0.0;0.0;0.0;0.0;0.0;0.0;3.0.0
2026-09-19;Germany_Regionalliga_Nord;VfB Lubeck;Bremer;62.0;MEDIA;11;2026-09-19;Germany_Regionalliga_Nord;Germany_Regionalliga_Nord;;V30 NO-SIGNAL: maturity=9 (home=9, away=9), MinOverL5=0.60, AvgGFL5=1.40, AvgGFFull=0.94, DeltaGFL5=+0.46;0.0;0.0;0.0;0.0;0.0;0.0;0.0;0.0;0.0;0.0;3.0.0
2026-09-19;Germany_Regionalliga_Nordost;Erfurt;Aue;61.64;MEDIA;11;2026-09-19;Germany_Regionalliga_Nordost;Germany_Regionalliga_Nordost;;V30 NO-SIGNAL: maturity=9 (home=9, away=9), MinOverL5=0.80, AvgGFL5=2.40, AvgGFFull=2.61, DeltaGFL5=-0.21;0.0;0.0;0.0;0.0;0.0;0.0;0.0;0.0;0.0;0.0;3.0.0
2026-09-19;Germany_Regionalliga_West;Westfalia Rhynern;Colonia 2;61.63;MEDIA;10;2026-09-19;Germany_Regionalliga_West;Germany_Regionalliga_West;;V30 NO-SIGNAL: maturity=8 (home=8, away=8), MinOverL5=0.60, AvgGFL5=1.70, AvgGFFull=1.69, DeltaGFL5=+0.01;0.0;0.0;0.0;0.0;0.0;0.0;0.0;0.0;0.0;0.0;3.0.0
2026-09-19;England_LeagueOne;Sheffield Wed;Stockport;61.55;MEDIA;8;2026-09-19;England_LeagueOne;England_LeagueOne;;V30 NO-SIGNAL: maturity=5 (home=6, away=5), MinOverL5=0.60, AvgGFL5=2.60, AvgGFFull=2.58, DeltaGFL5=+0.02;0.0;0.0;0.0;0.0;0.0;0.0;0.0;0.0;0.0;0.0;3.0.0
2026-09-19;CzechRepublic_4Liga_GroupD;FS Trebic;Havlickuv Brod;61.38;MEDIA;7;2026-09-19;CzechRepublic_4Liga_GroupD;CzechRepublic_4Liga_GroupD;CzechRepublic_4Liga;V30 NO-SIGNAL: maturity=6 (home=6, away=6), MinOverL5=0.60, AvgGFL5=1.60, AvgGFFull=1.50, DeltaGFL5=+0.10;0.0;0.0;0.0;0.0;0.0;0.0;0.0;0.0;0.0;0.0;3.0.0
2026-09-19;Netherlands_EersteDivisie;Vitesse;Jong PSV;61.18;MEDIA;9;2026-09-19;Netherlands_EersteDivisie;Netherlands_EersteDivisie;;V30 NO-SIGNAL: maturity=6 (home=6, away=8), MinOverL5=0.60, AvgGFL5=1.70, AvgGFFull=1.65, DeltaGFL5=+0.05;0.0;0.0;0.0;0.0;0.0;0.0;0.0;0.0;0.0;0.0;3.0.0
2026-09-19;Austria_Oberosterreich;Weisskirchen;Mondsee;61.15;MEDIA;10;2026-09-19;Austria_Oberosterreich;Austria_Oberosterreich;;V30 NO-SIGNAL: maturity=7 (home=8, away=7), MinOverL5=0.60, AvgGFL5=1.90, AvgGFFull=1.98, DeltaGFL5=-0.08;0.0;0.0;0.0;0.0;0.0;0.0;0.0;0.0;0.0;0.0;3.0.0
2026-09-19;England_LeagueOne;Leyton Orient;Stevenage;61.14;MEDIA;8;2026-09-19;England_LeagueOne;England_LeagueOne;;V30 NO-SIGNAL: maturity=5 (home=5, away=5), MinOverL5=0.60, AvgGFL5=2.00, AvgGFFull=2.00, DeltaGFL5=+0.00;0.0;0.0;0.0;0.0;0.0;0.0;0.0;0.0;0.0;0.0;3.0.0
2026-09-19;Germany_Regionalliga_Sudwest;Homburg;Kassel;61.1;MEDIA;10;2026-09-19;Germany_Regionalliga_Sudwest;Germany_Regionalliga_Sudwest;;V30 NO-SIGNAL: maturity=7 (home=7, away=7), MinOverL5=0.60, AvgGFL5=1.60, AvgGFFull=1.57, DeltaGFL5=+0.03;0.0;0.0;0.0;0.0;0.0;0.0;0.0;0.0;0.0;0.0;3.0.0
2026-09-19;Portugal_LigaPortugal;Alverca;Rio Ave;61.08;MEDIA;9;2026-09-19;Portugal_LigaPortugal;Portugal_LigaPortugal;;V30 NO-SIGNAL: maturity=6 (home=6, away=6), MinOverL5=0.60, AvgGFL5=1.30, AvgGFFull=1.08, DeltaGFL5=+0.22;0.0;0.0;0.0;0.0;0.0;0.0;0.0;0.0;0.0;0.0;3.0.0
2026-09-19;Poland_Division1;Lechia;Stal Mielec;61.01;MEDIA;9;2026-09-19;Poland_Division1;Poland_Division1;;V30 NO-SIGNAL: maturity=8 (home=8, away=8), MinOverL5=0.60, AvgGFL5=1.50, AvgGFFull=1.44, DeltaGFL5=+0.06;0.0;0.0;0.0;0.0;0.0;0.0;0.0;0.0;0.0;0.0;3.0.0
2026-09-19;Belgium_ChallengerProLeague;Eupen;RFC Liege;61.0;MEDIA;6;2026-09-19;Belgium_ChallengerProLeague;Belgium_ChallengerProLeague;;V30 NO-SIGNAL: maturity=3 (home=3, away=5), MinOverL5=0.67, AvgGFL5=2.07, AvgGFFull=2.07, DeltaGFL5=+0.00;0.0;0.0;0.0;0.0;0.0;0.0;0.0;0.0;0.0;0.0;3.0.0
2026-09-19;France_Ligue1;Paris FC;Strasburgo;61.0;MEDIA;5;2026-09-19;France_Ligue1;France_Ligue1;;V30 NO-SIGNAL: maturity=3 (home=3, away=3), MinOverL5=0.67, AvgGFL5=2.50, AvgGFFull=2.50, DeltaGFL5=+0.00;0.0;0.0;0.0;0.0;0.0;0.0;0.0;0.0;0.0;0.0;3.0.0
2026-09-19;Germany_Bundesliga;Brema;Augusta;61.0;MEDIA;4;2026-09-19;Germany_Bundesliga;Germany_Bundesliga;;V30 NO-SIGNAL: maturity=3 (home=3, away=3), MinOverL5=0.67, AvgGFL5=2.33, AvgGFFull=2.33, DeltaGFL5=+0.00;0.0;0.0;0.0;0.0;0.0;0.0;0.0;0.0;0.0;0.0;3.0.0
2026-09-19;Germany_Bundesliga;Francoforte;Friburgo;61.0;MEDIA;4;2026-09-19;Germany_Bundesliga;Germany_Bundesliga;;V30 NO-SIGNAL: maturity=3 (home=3, away=3), MinOverL5=0.67, AvgGFL5=2.83, AvgGFFull=2.83, DeltaGFL5=+0.00;0.0;0.0;0.0;0.0;0.0;0.0;0.0;0.0;0.0;0.0;3.0.0
2026-09-19;Germany_Bundesliga;Stoccarda;Dortmund;61.0;MEDIA;4;2026-09-19;Germany_Bundesliga;Germany_Bundesliga;;V30 NO-SIGNAL: maturity=3 (home=3, away=3), MinOverL5=0.67, AvgGFL5=2.33, AvgGFFull=2.33, DeltaGFL5=+0.00;0.0;0.0;0.0;0.0;0.0;0.0;0.0;0.0;0.0;0.0;3.0.0
2026-09-19;Italy_SerieA;Roma;Inter;61.0;MEDIA;5;2026-09-19;Italy_SerieA;Italy_SerieA;;V30 NO-SIGNAL: maturity=3 (home=4, away=3), MinOverL5=0.67, AvgGFL5=3.00, AvgGFFull=3.00, DeltaGFL5=+0.00;0.0;0.0;0.0;0.0;0.0;0.0;0.0;0.0;0.0;0.0;3.0.0
2026-09-19;Denmark_3rdDivision;Næsby;Helsingor;60.97;MEDIA;8;2026-09-19;Denmark_3rdDivision;Denmark_3rdDivision;;V30 NO-SIGNAL: maturity=7 (home=7, away=7), MinOverL5=0.60, AvgGFL5=1.70, AvgGFFull=1.71, DeltaGFL5=-0.01;0.0;0.0;0.0;0.0;0.0;0.0;0.0;0.0;0.0;0.0;3.0.0
2026-09-19;Denmark_3rdDivision;Sundby;Holstebro;60.97;MEDIA;8;2026-09-19;Denmark_3rdDivision;Denmark_3rdDivision;;V30 NO-SIGNAL: maturity=7 (home=7, away=7), MinOverL5=0.60, AvgGFL5=1.70, AvgGFFull=1.71, DeltaGFL5=-0.01;0.0;0.0;0.0;0.0;0.0;0.0;0.0;0.0;0.0;0.0;3.0.0
2026-09-19;CzechRepublic_4Liga_GroupB;Slany;Meteor Prague;60.93;MEDIA;7;2026-09-19;CzechRepublic_4Liga_GroupB;CzechRepublic_4Liga_GroupB;CzechRepublic_4Liga;V30 NO-SIGNAL: maturity=5 (home=6, away=5), MinOverL5=0.60, AvgGFL5=1.80, AvgGFFull=1.73, DeltaGFL5=+0.07;0.0;0.0;0.0;0.0;0.0;0.0;0.0;0.0;0.0;0.0;3.0.0
2026-09-19;Estonia_EsiliigaB;Johvi Phoenix;Tabasalu;60.87;MEDIA;30;2026-09-19;Estonia_EsiliigaB;Estonia_EsiliigaB;;V30 NO-SIGNAL: maturity=27 (home=28, away=27), MinOverL5=0.80, AvgGFL5=2.00, AvgGFFull=1.88, DeltaGFL5=+0.12;0.0;0.0;0.0;0.0;0.0;0.0;0.0;0.0;0.0;0.0;3.0.0
2026-09-19;Poland_IIILiga_Group4;Wisloka Debica;Korona 2;60.84;MEDIA;8;2026-09-19;Poland_IIILiga_Group4;Poland_IIILiga_Group4;;V30 NO-SIGNAL: maturity=7 (home=7, away=7), MinOverL5=0.60, AvgGFL5=1.80, AvgGFFull=1.86, DeltaGFL5=-0.06;0.0;0.0;0.0;0.0;0.0;0.0;0.0;0.0;0.0;0.0;3.0.0
2026-09-19;Slovenia_2SNL;Brezice;Rudar;60.77;MEDIA;8;2026-09-19;Slovenia_2SNL;Slovenia_2SNL;;V30 NO-SIGNAL: maturity=6 (home=6, away=6), MinOverL5=0.60, AvgGFL5=1.40, AvgGFFull=1.25, DeltaGFL5=+0.15;0.0;0.0;0.0;0.0;0.0;0.0;0.0;0.0;0.0;0.0;3.0.0
2026-09-19;Georgia_ErovnuliLiga;Samgurali;Din. Tbilisi;60.5;MEDIA;10;2026-09-19;Georgia_ErovnuliLiga;Georgia_ErovnuliLiga;;V30 NO-SIGNAL: maturity=6 (home=7, away=6), MinOverL5=0.60, AvgGFL5=1.60, AvgGFFull=1.54, DeltaGFL5=+0.06;0.0;0.0;0.0;0.0;0.0;0.0;0.0;0.0;0.0;0.0;3.0.0
2026-09-19;Sweden_Division2_SodraGotaland;IFK Berga;IFK Karlshamn;60.23;MEDIA;27;2026-09-19;Sweden_Division2_SodraGotaland;Sweden_Division2_SodraGotaland;;V30 NO-SIGNAL: maturity=22 (home=23, away=22), MinOverL5=0.80, AvgGFL5=1.80, AvgGFFull=1.63, DeltaGFL5=+0.17;0.0;0.0;0.0;0.0;0.0;0.0;0.0;0.0;0.0;0.0;3.0.0
2026-09-19;Kazakhstan_FirstLeague;Tobol 2;Kaspij Aktau 2;60.12;MEDIA;33;2026-09-19;Kazakhstan_FirstLeague;Kazakhstan_FirstLeague;;V30 NO-SIGNAL: maturity=22 (home=22, away=22), MinOverL5=0.80, AvgGFL5=1.70, AvgGFFull=1.50, DeltaGFL5=+0.20;0.0;0.0;0.0;0.0;0.0;0.0;0.0;0.0;0.0;0.0;3.0.0
2026-09-19;Germany_Regionalliga_West;Bocholt;Wiedenbruck;60.09;MEDIA;10;2026-09-19;Germany_Regionalliga_West;Germany_Regionalliga_West;;V30 NO-SIGNAL: maturity=8 (home=8, away=8), MinOverL5=0.60, AvgGFL5=1.70, AvgGFFull=1.75, DeltaGFL5=-0.05;0.0;0.0;0.0;0.0;0.0;0.0;0.0;0.0;0.0;0.0;3.0.0
2026-09-19;Slovakia_2Liga;Presov;Samorin;60.09;MEDIA;9;2026-09-19;Slovakia_2Liga;Slovakia_2Liga;;V30 NO-SIGNAL: maturity=8 (home=8, away=8), MinOverL5=0.60, AvgGFL5=1.70, AvgGFFull=1.75, DeltaGFL5=-0.05;0.0;0.0;0.0;0.0;0.0;0.0;0.0;0.0;0.0;0.0;3.0.0
2026-09-19;Austria_Salzburg;Golling;SAK 1914;59.87;BASSA;10;2026-09-19;Austria_Salzburg;Austria_Salzburg;;V30 NO-SIGNAL: maturity=7 (home=7, away=7), MinOverL5=0.40, AvgGFL5=2.10, AvgGFFull=1.93, DeltaGFL5=+0.17;0.0;0.0;0.0;0.0;0.0;0.0;0.0;0.0;0.0;0.0;3.0.0
2026-09-19;Turkey_SuperLig;Trabzonspor;Galatasaray;59.66;BASSA;6;2026-09-19;Turkey_SuperLig;Turkey_SuperLig;;V30 NO-SIGNAL: maturity=4 (home=5, away=4), MinOverL5=0.60, AvgGFL5=2.02, AvgGFFull=2.02, DeltaGFL5=+0.00;0.0;0.0;0.0;0.0;0.0;0.0;0.0;0.0;0.0;0.0;3.0.0
2026-09-19;Austria_Bundesliga;A. Lustenau;Altach;59.65;BASSA;8;2026-09-19;Austria_Bundesliga;Austria_Bundesliga;;V30 NO-SIGNAL: maturity=6 (home=6, away=6), MinOverL5=0.80, AvgGFL5=1.00, AvgGFFull=0.92, DeltaGFL5=+0.08;0.0;0.0;0.0;0.0;0.0;0.0;0.0;0.0;0.0;0.0;3.0.0
2026-09-19;Japan_J1League;Okayama;Kyoto;59.61;BASSA;7;2026-09-19;Japan_J1League;Japan_J1League;;V30 NO-SIGNAL: maturity=7 (home=7, away=7), MinOverL5=0.60, AvgGFL5=1.40, AvgGFFull=1.36, DeltaGFL5=+0.04;0.0;0.0;0.0;0.0;0.0;0.0;0.0;0.0;0.0;0.0;3.0.0
2026-09-19;Paraguay_DivisionIntermedia;3 de Noviembre;Guairena;59.61;BASSA;10;2026-09-19;Paraguay_DivisionIntermedia;Paraguay_DivisionIntermedia;;V30 NO-SIGNAL: maturity=7 (home=7, away=7), MinOverL5=0.60, AvgGFL5=1.40, AvgGFFull=1.36, DeltaGFL5=+0.04;0.0;0.0;0.0;0.0;0.0;0.0;0.0;0.0;0.0;0.0;3.0.0
2026-09-19;Poland_IIILiga_Group3;Brzeg;Jelenia Gora;59.47;BASSA;9;2026-09-19;Poland_IIILiga_Group3;Poland_IIILiga_Group3;;V30 NO-SIGNAL: maturity=8 (home=8, away=8), MinOverL5=0.60, AvgGFL5=1.50, AvgGFFull=1.50, DeltaGFL5=+0.00;0.0;0.0;0.0;0.0;0.0;0.0;0.0;0.0;0.0;0.0;3.0.0
2026-09-19;Moldova_SuperLiga;Politehnica UTM;Petrocub;59.43;BASSA;13;2026-09-19;Moldova_SuperLiga;Moldova_SuperLiga;;V30 NO-SIGNAL: maturity=12 (home=12, away=12), MinOverL5=0.80, AvgGFL5=1.70, AvgGFFull=1.71, DeltaGFL5=-0.01;0.0;0.0;0.0;0.0;0.0;0.0;0.0;0.0;0.0;0.0;3.0.0
2026-09-19;Austria_Steiermark;Stadtwerke Bruck/Mur;Hohenhaus Schladming;59.32;BASSA;5;2026-09-19;Austria_Steiermark;Austria_Steiermark;16 clubs, double round robin.;V30 NO-SIGNAL: maturity=3 (home=3, away=3), MinOverL5=1.00, AvgGFL5=1.67, AvgGFFull=1.67, DeltaGFL5=+0.00;0.0;0.0;0.0;0.0;0.0;0.0;0.0;0.0;0.0;0.0;3.0.0
2026-09-19;England_LeagueOne;Blackpool;Plymouth;59.29;BASSA;8;2026-09-19;England_LeagueOne;England_LeagueOne;;V30 NO-SIGNAL: maturity=5 (home=5, away=5), MinOverL5=0.60, AvgGFL5=1.80, AvgGFFull=1.80, DeltaGFL5=+0.00;0.0;0.0;0.0;0.0;0.0;0.0;0.0;0.0;0.0;0.0;3.0.0
2026-09-19;Italy_SerieC_GironeB;Forlì;Torres;59.29;BASSA;6;2026-09-19;Italy_SerieC_GironeB;Italy_SerieC_GironeB;;V30 NO-SIGNAL: maturity=5 (home=5, away=5), MinOverL5=0.60, AvgGFL5=1.80, AvgGFFull=1.80, DeltaGFL5=+0.00;0.0;0.0;0.0;0.0;0.0;0.0;0.0;0.0;0.0;0.0;3.0.0
2026-09-19;CzechRepublic_3CFL_GroupA;Ceske Budejovice;Aritma Prague;59.23;BASSA;9;2026-09-19;CzechRepublic_3CFL_GroupA;CzechRepublic_3CFL_GroupA;CzechRepublic_3rdTier;V30 NO-SIGNAL: maturity=6 (home=6, away=6), MinOverL5=0.60, AvgGFL5=1.90, AvgGFFull=2.00, DeltaGFL5=-0.10;0.0;0.0;0.0;0.0;0.0;0.0;0.0;0.0;0.0;0.0;3.0.0
2026-09-19;Poland_IIILiga_Group3;Stilon Gorzow;ROW Rybnik;59.16;BASSA;9;2026-09-19;Poland_IIILiga_Group3;Poland_IIILiga_Group3;;V30 NO-SIGNAL: maturity=8 (home=8, away=8), MinOverL5=0.60, AvgGFL5=1.90, AvgGFFull=2.06, DeltaGFL5=-0.16;0.0;0.0;0.0;0.0;0.0;0.0;0.0;0.0;0.0;0.0;3.0.0
2026-09-19;Slovakia_3Liga_West;FKM Nove Zamky;Nitra;59.09;BASSA;7;2026-09-19;Slovakia_3Liga_West;Slovakia_3Liga_West;;V30 NO-SIGNAL: maturity=6 (home=6, away=6), MinOverL5=0.40, AvgGFL5=2.40, AvgGFFull=2.08, DeltaGFL5=+0.32;0.0;0.0;0.0;0.0;0.0;0.0;0.0;0.0;0.0;0.0;3.0.0
2026-09-19;Japan_J1League;Kawasaki;Kashima;59.08;BASSA;7;2026-09-19;Japan_J1League;Japan_J1League;;V30 NO-SIGNAL: maturity=7 (home=7, away=7), MinOverL5=0.60, AvgGFL5=1.80, AvgGFFull=1.93, DeltaGFL5=-0.13;0.0;0.0;0.0;0.0;0.0;0.0;0.0;0.0;0.0;0.0;3.0.0
2026-09-19;Poland_IIILiga_Group4;Busko-Zdroj;Moravia Morawica;58.81;BASSA;8;2026-09-19;Poland_IIILiga_Group4;Poland_IIILiga_Group4;;V30 NO-SIGNAL: maturity=7 (home=7, away=7), MinOverL5=0.80, AvgGFL5=1.20, AvgGFFull=1.29, DeltaGFL5=-0.09;0.0;0.0;0.0;0.0;0.0;0.0;0.0;0.0;0.0;0.0;3.0.0
2026-09-19;Germany_Oberliga_Hessen;Hunfelder;Hadamar;58.76;BASSA;11;2026-09-19;Germany_Oberliga_Hessen;Germany_Oberliga_Hessen;;V30 NO-SIGNAL: maturity=9 (home=9, away=9), MinOverL5=0.80, AvgGFL5=1.60, AvgGFFull=1.78, DeltaGFL5=-0.18;0.0;0.0;0.0;0.0;0.0;0.0;0.0;0.0;0.0;0.0;3.0.0
2026-09-19;Poland_Division2;Chojniczanka;Ol. Grudziadz;58.72;BASSA;9;2026-09-19;Poland_Division2;Poland_Division2;;V30 NO-SIGNAL: maturity=8 (home=8, away=8), MinOverL5=0.40, AvgGFL5=1.80, AvgGFFull=1.44, DeltaGFL5=+0.36;0.0;0.0;0.0;0.0;0.0;0.0;0.0;0.0;0.0;0.0;3.0.0
2026-09-19;France_National;Versailles;Quevilly Rouen;58.71;BASSA;8;2026-09-19;France_National;France_National;;V30 NO-SIGNAL: maturity=6 (home=6, away=6), MinOverL5=0.60, AvgGFL5=1.40, AvgGFFull=1.33, DeltaGFL5=+0.07;0.0;0.0;0.0;0.0;0.0;0.0;0.0;0.0;0.0;0.0;3.0.0
2026-09-19;Finland_Ykkosliiga;PK-35;KTP;58.67;BASSA;27;2026-09-19;Finland_Ykkosliiga;Finland_Ykkosliiga;;V30 NO-SIGNAL: maturity=22 (home=22, away=23), MinOverL5=0.60, AvgGFL5=2.10, AvgGFFull=1.71, DeltaGFL5=+0.39;0.0;0.0;0.0;0.0;0.0;0.0;0.0;0.0;0.0;0.0;3.0.0
2026-09-19;Iceland_Division_1;Throttur;Fylkir;58.67;BASSA;35;2026-09-19;Iceland_Division_1;Iceland_Division_1;;V30 NO-SIGNAL: maturity=24 (home=24, away=26), MinOverL5=0.60, AvgGFL5=2.70, AvgGFFull=2.16, DeltaGFL5=+0.54;0.0;0.0;0.0;0.0;0.0;0.0;0.0;0.0;0.0;0.0;3.0.0
2026-09-19;Kyrgyzstan_PremierLiga;Asia Talas;Neftchi Kochkor-Ata;58.67;BASSA;29;2026-09-19;Kyrgyzstan_PremierLiga;Kyrgyzstan_PremierLiga;;V30 NO-SIGNAL: maturity=23 (home=23, away=23), MinOverL5=0.60, AvgGFL5=2.10, AvgGFFull=1.80, DeltaGFL5=+0.30;0.0;0.0;0.0;0.0;0.0;0.0;0.0;0.0;0.0;0.0;3.0.0
2026-09-19;Latvia_NakotnesLiga;Alberts JDFS;Metta;58.67;BASSA;22;2026-09-19;Latvia_NakotnesLiga;Latvia_NakotnesLiga;;V30 NO-SIGNAL: maturity=20 (home=20, away=20), MinOverL5=0.60, AvgGFL5=4.00, AvgGFFull=3.17, DeltaGFL5=+0.83;0.0;0.0;0.0;0.0;0.0;0.0;0.0;0.0;0.0;0.0;3.0.0
2026-09-19;Latvia_NakotnesLiga;Leevon PPK;RFS 2;58.67;BASSA;22;2026-09-19;Latvia_NakotnesLiga;Latvia_NakotnesLiga;;V30 NO-SIGNAL: maturity=19 (home=19, away=20), MinOverL5=0.60, AvgGFL5=2.00, AvgGFFull=1.64, DeltaGFL5=+0.36;0.0;0.0;0.0;0.0;0.0;0.0;0.0;0.0;0.0;0.0;3.0.0
2026-09-19;Lithuania_ILyga;Atmosfera;BFA Vilnius;58.67;BASSA;26;2026-09-19;Lithuania_ILyga;Lithuania_ILyga;;V30 NO-SIGNAL: maturity=23 (home=23, away=23), MinOverL5=0.60, AvgGFL5=2.90, AvgGFFull=1.87, DeltaGFL5=+1.03;0.0;0.0;0.0;0.0;0.0;0.0;0.0;0.0;0.0;0.0;3.0.0
2026-09-19;Norway_Eliteserien;Kristiansund;Rosenborg;58.67;BASSA;29;2026-09-19;Norway_Eliteserien;Norway_Eliteserien;;V30 NO-SIGNAL: maturity=20 (home=20, away=20), MinOverL5=0.60, AvgGFL5=2.20, AvgGFFull=1.40, DeltaGFL5=+0.80;0.0;0.0;0.0;0.0;0.0;0.0;0.0;0.0;0.0;0.0;3.0.0
2026-09-19;Norway_Eliteserien;Molde;Aalesund;58.67;BASSA;29;2026-09-19;Norway_Eliteserien;Norway_Eliteserien;;V30 NO-SIGNAL: maturity=20 (home=20, away=20), MinOverL5=0.60, AvgGFL5=2.50, AvgGFFull=1.85, DeltaGFL5=+0.65;0.0;0.0;0.0;0.0;0.0;0.0;0.0;0.0;0.0;0.0;3.0.0
2026-09-19;Norway_2ndDivision_Group2;Follo;Eidsvold;58.67;BASSA;25;2026-09-19;Norway_2ndDivision_Group2;Norway_2ndDivision_Group2;;V30 NO-SIGNAL: maturity=19 (home=19, away=21), MinOverL5=0.60, AvgGFL5=2.10, AvgGFFull=1.77, DeltaGFL5=+0.33;0.0;0.0;0.0;0.0;0.0;0.0;0.0;0.0;0.0;0.0;3.0.0
2026-09-19;Norway_3rdDivision_Group1;Nordstrand;Lokomotiv Oslo;58.67;BASSA;24;2026-09-19;Norway_3rdDivision_Group1;Norway_3rdDivision_Group1;;V30 NO-SIGNAL: maturity=20 (home=20, away=20), MinOverL5=0.60, AvgGFL5=2.40, AvgGFFull=1.80, DeltaGFL5=+0.60;0.0;0.0;0.0;0.0;0.0;0.0;0.0;0.0;0.0;0.0;3.0.0
2026-09-19;CzechRepublic_3CFL_GroupA;Kraluv Dvur;Povltavska FA;58.67;BASSA;9;2026-09-19;CzechRepublic_3CFL_GroupA;CzechRepublic_3CFL_GroupA;CzechRepublic_3rdTier;V30 NO-SIGNAL: maturity=5 (home=6, away=5), MinOverL5=0.60, AvgGFL5=1.60, AvgGFFull=1.55, DeltaGFL5=+0.05;0.0;0.0;0.0;0.0;0.0;0.0;0.0;0.0;0.0;0.0;3.0.0
2026-09-19;Sweden_Division2_NorraGotaland;Skara;Ahlafors IF;58.67;BASSA;24;2026-09-19;Sweden_Division2_NorraGotaland;Sweden_Division2_NorraGotaland;;V30 NO-SIGNAL: maturity=22 (home=22, away=22), MinOverL5=0.60, AvgGFL5=3.00, AvgGFFull=2.32, DeltaGFL5=+0.68;0.0;0.0;0.0;0.0;0.0;0.0;0.0;0.0;0.0;0.0;3.0.0
2026-09-19;Sweden_Division2_NorraSvealand;Taby;Angby;58.67;BASSA;23;2026-09-19;Sweden_Division2_NorraSvealand;Sweden_Division2_NorraSvealand;;V30 NO-SIGNAL: maturity=21 (home=21, away=21), MinOverL5=0.60, AvgGFL5=2.30, AvgGFFull=1.95, DeltaGFL5=+0.35;0.0;0.0;0.0;0.0;0.0;0.0;0.0;0.0;0.0;0.0;3.0.0
2026-09-19;Sweden_Division2_SodraGotaland;Karlskrona;Oskarshamn;58.67;BASSA;27;2026-09-19;Sweden_Division2_SodraGotaland;Sweden_Division2_SodraGotaland;;V30 NO-SIGNAL: maturity=21 (home=21, away=21), MinOverL5=0.60, AvgGFL5=3.70, AvgGFFull=2.62, DeltaGFL5=+1.08;0.0;0.0;0.0;0.0;0.0;0.0;0.0;0.0;0.0;0.0;3.0.0
2026-09-19;Sweden_Division2_VastraGotaland;Qviding;Dalstorps IF;58.67;BASSA;24;2026-09-19;Sweden_Division2_VastraGotaland;Sweden_Division2_VastraGotaland;;V30 NO-SIGNAL: maturity=21 (home=21, away=23), MinOverL5=0.60, AvgGFL5=2.80, AvgGFFull=2.19, DeltaGFL5=+0.61;0.0;0.0;0.0;0.0;0.0;0.0;0.0;0.0;0.0;0.0;3.0.0
2026-09-19;CzechRepublic_4Liga_GroupC;Usti nad Orlici;Svitavy;58.61;BASSA;7;2026-09-19;CzechRepublic_4Liga_GroupC;CzechRepublic_4Liga_GroupC;CzechRepublic_4Liga;V30 NO-SIGNAL: maturity=6 (home=6, away=6), MinOverL5=0.60, AvgGFL5=1.70, AvgGFFull=1.75, DeltaGFL5=-0.05;0.0;0.0;0.0;0.0;0.0;0.0;0.0;0.0;0.0;0.0;3.0.0
2026-09-19;Austria_Oberosterreich;Bad Ischl;Ostermiething;58.58;BASSA;10;2026-09-19;Austria_Oberosterreich;Austria_Oberosterreich;;V30 NO-SIGNAL: maturity=6 (home=7, away=6), MinOverL5=0.60, AvgGFL5=1.50, AvgGFFull=1.48, DeltaGFL5=+0.02;0.0;0.0;0.0;0.0;0.0;0.0;0.0;0.0;0.0;0.0;3.0.0
2026-09-19;Austria_Tirol;Absam;Ebbs;58.46;BASSA;9;2026-09-19;Austria_Tirol;Austria_Tirol;;V30 NO-SIGNAL: maturity=7 (home=7, away=7), MinOverL5=0.80, AvgGFL5=2.00, AvgGFFull=2.43, DeltaGFL5=-0.43;0.0;0.0;0.0;0.0;0.0;0.0;0.0;0.0;0.0;0.0;3.0.0
2026-09-19;Norway_3rdDivision_Group6;Fram;Rade;58.41;BASSA;21;2026-09-19;Norway_3rdDivision_Group6;Norway_3rdDivision_Group6;;V30 NO-SIGNAL: maturity=19 (home=19, away=19), MinOverL5=0.60, AvgGFL5=2.90, AvgGFFull=2.71, DeltaGFL5=+0.19;0.0;0.0;0.0;0.0;0.0;0.0;0.0;0.0;0.0;0.0;3.0.0
2026-09-19;Germany_2Bundesliga;Kaiserslautern;Braunschweig;58.36;BASSA;6;2026-09-19;Germany_2Bundesliga;Germany_2Bundesliga;;V30 NO-SIGNAL: maturity=5 (home=5, away=5), MinOverL5=0.60, AvgGFL5=1.70, AvgGFFull=1.70, DeltaGFL5=+0.00;0.0;0.0;0.0;0.0;0.0;0.0;0.0;0.0;0.0;0.0;3.0.0
2026-09-19;CzechRepublic_1Liga;Mlada Boleslav;Brno;58.33;BASSA;11;2026-09-19;CzechRepublic_1Liga;CzechRepublic_1Liga;;V30 NO-SIGNAL: maturity=7 (home=7, away=8), MinOverL5=0.60, AvgGFL5=1.70, AvgGFFull=1.82, DeltaGFL5=-0.12;0.0;0.0;0.0;0.0;0.0;0.0;0.0;0.0;0.0;0.0;3.0.0
2026-09-19;CzechRepublic_4Liga_GroupC;Vysoke Myto;Slavia HK;58.26;BASSA;7;2026-09-19;CzechRepublic_4Liga_GroupC;CzechRepublic_4Liga_GroupC;CzechRepublic_4Liga;V30 NO-SIGNAL: maturity=5 (home=6, away=5), MinOverL5=0.60, AvgGFL5=2.20, AvgGFFull=2.32, DeltaGFL5=-0.12;0.0;0.0;0.0;0.0;0.0;0.0;0.0;0.0;0.0;0.0;3.0.0
2026-09-19;Germany_Oberliga_RheinlandPfalzSaar;Auersmacher;Emmelshausen-Karbach;58.24;BASSA;12;2026-09-19;Germany_Oberliga_RheinlandPfalzSaar;Germany_Oberliga_RheinlandPfalzSaar;;V30 NO-SIGNAL: maturity=8 (home=8, away=8), MinOverL5=0.60, AvgGFL5=1.60, AvgGFFull=1.69, DeltaGFL5=-0.09;0.0;0.0;0.0;0.0;0.0;0.0;0.0;0.0;0.0;0.0;3.0.0
2026-09-19;CzechRepublic_4Liga_GroupC;Trutnov;Dvur Kralove;57.99;BASSA;7;2026-09-19;CzechRepublic_4Liga_GroupC;CzechRepublic_4Liga_GroupC;CzechRepublic_4Liga;V30 NO-SIGNAL: maturity=6 (home=6, away=6), MinOverL5=0.60, AvgGFL5=1.50, AvgGFFull=1.50, DeltaGFL5=+0.00;0.0;0.0;0.0;0.0;0.0;0.0;0.0;0.0;0.0;0.0;3.0.0
2026-09-19;Poland_IIILiga_Group1;Pelikan;Lidzbark Warminski;57.93;BASSA;9;2026-09-19;Poland_IIILiga_Group1;Poland_IIILiga_Group1;;V30 NO-SIGNAL: maturity=8 (home=8, away=8), MinOverL5=0.60, AvgGFL5=1.50, AvgGFFull=1.56, DeltaGFL5=-0.06;0.0;0.0;0.0;0.0;0.0;0.0;0.0;0.0;0.0;0.0;3.0.0
2026-09-19;Poland_IIILiga_Group1;Mlawa;Troszyn;57.8;BASSA;9;2026-09-19;Poland_IIILiga_Group1;Poland_IIILiga_Group1;;V30 NO-SIGNAL: maturity=8 (home=8, away=8), MinOverL5=0.40, AvgGFL5=1.70, AvgGFFull=1.38, DeltaGFL5=+0.33;0.0;0.0;0.0;0.0;0.0;0.0;0.0;0.0;0.0;0.0;3.0.0
2026-09-19;CzechRepublic_4Liga_GroupE;Nove Sady;Prostejov B;57.49;BASSA;7;2026-09-19;CzechRepublic_4Liga_GroupE;CzechRepublic_4Liga_GroupE;CzechRepublic_4Liga;V30 NO-SIGNAL: maturity=6 (home=6, away=6), MinOverL5=1.00, AvgGFL5=1.30, AvgGFFull=1.42, DeltaGFL5=-0.12;0.0;0.0;0.0;0.0;0.0;0.0;0.0;0.0;0.0;0.0;3.0.0
2026-09-19;Slovakia_NikeLiga;Kosice;Ruzomberok;57.45;BASSA;9;2026-09-19;Slovakia_NikeLiga;Slovakia_NikeLiga;;V30 NO-SIGNAL: maturity=7 (home=7, away=8), MinOverL5=0.60, AvgGFL5=1.70, AvgGFFull=1.86, DeltaGFL5=-0.16;0.0;0.0;0.0;0.0;0.0;0.0;0.0;0.0;0.0;0.0;3.0.0
2026-09-19;Austria_Tirol;Kematen;SV Oberperfuss;57.31;BASSA;9;2026-09-19;Austria_Tirol;Austria_Tirol;;V30 NO-SIGNAL: maturity=7 (home=7, away=7), MinOverL5=0.60, AvgGFL5=1.80, AvgGFFull=2.00, DeltaGFL5=-0.20;0.0;0.0;0.0;0.0;0.0;0.0;0.0;0.0;0.0;0.0;3.0.0
2026-09-19;Japan_J1League;Avispa Fukuoka;Hiroshima;57.31;BASSA;7;2026-09-19;Japan_J1League;Japan_J1League;;V30 NO-SIGNAL: maturity=7 (home=7, away=7), MinOverL5=0.60, AvgGFL5=1.80, AvgGFFull=2.00, DeltaGFL5=-0.20;0.0;0.0;0.0;0.0;0.0;0.0;0.0;0.0;0.0;0.0;3.0.0
2026-09-19;CzechRepublic_4Liga_GroupB;Hvezda Cheb;Chomutov;57.17;BASSA;7;2026-09-19;CzechRepublic_4Liga_GroupB;CzechRepublic_4Liga_GroupB;CzechRepublic_4Liga;V30 NO-SIGNAL: maturity=6 (home=6, away=6), MinOverL5=0.60, AvgGFL5=1.90, AvgGFFull=2.08, DeltaGFL5=-0.18;0.0;0.0;0.0;0.0;0.0;0.0;0.0;0.0;0.0;0.0;3.0.0
2026-09-19;CzechRepublic_4Liga_GroupE;SK Krumvir;Breclav;57.17;BASSA;7;2026-09-19;CzechRepublic_4Liga_GroupE;CzechRepublic_4Liga_GroupE;CzechRepublic_4Liga;V30 NO-SIGNAL: maturity=6 (home=6, away=6), MinOverL5=0.60, AvgGFL5=1.90, AvgGFFull=2.08, DeltaGFL5=-0.18;0.0;0.0;0.0;0.0;0.0;0.0;0.0;0.0;0.0;0.0;3.0.0
2026-09-19;Germany_Regionalliga_Bayern;Eichstatt;Furth 2;56.87;BASSA;11;2026-09-19;Germany_Regionalliga_Bayern;Germany_Regionalliga_Bayern;;V30 NO-SIGNAL: maturity=8 (home=9, away=8), MinOverL5=0.40, AvgGFL5=1.60, AvgGFFull=1.18, DeltaGFL5=+0.42;0.0;0.0;0.0;0.0;0.0;0.0;0.0;0.0;0.0;0.0;3.0.0
2026-09-19;Norway_3rdDivision_Group3;Austevoll;Askoy;56.82;BASSA;23;2026-09-19;Norway_3rdDivision_Group3;Norway_3rdDivision_Group3;;V30 NO-SIGNAL: maturity=20 (home=20, away=20), MinOverL5=0.60, AvgGFL5=2.00, AvgGFFull=1.88, DeltaGFL5=+0.12;0.0;0.0;0.0;0.0;0.0;0.0;0.0;0.0;0.0;0.0;3.0.0
2026-09-19;Sweden_Superettan;Nordic United;Landskrona;56.82;BASSA;29;2026-09-19;Sweden_Superettan;Sweden_Superettan;;V30 NO-SIGNAL: maturity=24 (home=24, away=24), MinOverL5=0.60, AvgGFL5=1.80, AvgGFFull=1.50, DeltaGFL5=+0.30;0.0;0.0;0.0;0.0;0.0;0.0;0.0;0.0;0.0;0.0;3.0.0
2026-09-19;Austria_Regionalliga_West;Wolfurt;FC Lustenau;56.61;BASSA;9;2026-09-19;Austria_Regionalliga_West;Austria_Regionalliga_West;;V30 NO-SIGNAL: maturity=7 (home=7, away=7), MinOverL5=0.60, AvgGFL5=1.00, AvgGFFull=0.93, DeltaGFL5=+0.07;0.0;0.0;0.0;0.0;0.0;0.0;0.0;0.0;0.0;0.0;3.0.0
2026-09-19;Germany_Oberliga_SchleswigHolstein;Oldenburger;Eichede;56.57;BASSA;9;2026-09-19;Germany_Oberliga_SchleswigHolstein;Germany_Oberliga_SchleswigHolstein;;V30 NO-SIGNAL: maturity=8 (home=8, away=8), MinOverL5=0.40, AvgGFL5=1.80, AvgGFFull=1.69, DeltaGFL5=+0.11;0.0;0.0;0.0;0.0;0.0;0.0;0.0;0.0;0.0;0.0;3.0.0
2026-09-19;Bosnia_PrvaLiga_RS;Zvijezda 09;Leotar;56.51;BASSA;7;2026-09-19;Bosnia_PrvaLiga_RS;Bosnia_PrvaLiga_RS;;V30 NO-SIGNAL: maturity=5 (home=5, away=5), MinOverL5=0.60, AvgGFL5=1.50, AvgGFFull=1.50, DeltaGFL5=+0.00;0.0;0.0;0.0;0.0;0.0;0.0;0.0;0.0;0.0;0.0;3.0.0
2026-09-19;England_LeagueOne;Burton;Mansfield;56.51;BASSA;8;2026-09-19;England_LeagueOne;England_LeagueOne;;V30 NO-SIGNAL: maturity=5 (home=5, away=5), MinOverL5=0.60, AvgGFL5=1.50, AvgGFFull=1.50, DeltaGFL5=+0.00;0.0;0.0;0.0;0.0;0.0;0.0;0.0;0.0;0.0;0.0;3.0.0
2026-09-19;France_Ligue1;Le Mans;Lorient;56.37;BASSA;5;2026-09-19;France_Ligue1;France_Ligue1;;V30 NO-SIGNAL: maturity=3 (home=3, away=3), MinOverL5=0.67, AvgGFL5=1.50, AvgGFFull=1.50, DeltaGFL5=+0.00;0.0;0.0;0.0;0.0;0.0;0.0;0.0;0.0;0.0;0.0;3.0.0
2026-09-19;Germany_Bundesliga;Monchengladbach;Magonza;56.37;BASSA;4;2026-09-19;Germany_Bundesliga;Germany_Bundesliga;;V30 NO-SIGNAL: maturity=3 (home=3, away=3), MinOverL5=0.67, AvgGFL5=1.50, AvgGFFull=1.50, DeltaGFL5=+0.00;0.0;0.0;0.0;0.0;0.0;0.0;0.0;0.0;0.0;0.0;3.0.0
2026-09-19;Austria_Niederosterreich;Ortmann;Wiener Neustadt;56.32;BASSA;7;2026-09-19;Austria_Niederosterreich;Austria_Niederosterreich;;V30 NO-SIGNAL: maturity=6 (home=6, away=6), MinOverL5=0.40, AvgGFL5=1.70, AvgGFFull=1.50, DeltaGFL5=+0.20;0.0;0.0;0.0;0.0;0.0;0.0;0.0;0.0;0.0;0.0;3.0.0
2026-09-19;Germany_Oberliga_Hessen;VfB Marburg;Hummetroth;56.32;BASSA;11;2026-09-19;Germany_Oberliga_Hessen;Germany_Oberliga_Hessen;;V30 NO-SIGNAL: maturity=9 (home=9, away=9), MinOverL5=0.40, AvgGFL5=1.70, AvgGFFull=1.50, DeltaGFL5=+0.20;0.0;0.0;0.0;0.0;0.0;0.0;0.0;0.0;0.0;0.0;3.0.0
2026-09-19;CzechRepublic_3CFL_GroupA;Motorlet Prague;Benesov;56.31;BASSA;9;2026-09-19;CzechRepublic_3CFL_GroupA;CzechRepublic_3CFL_GroupA;CzechRepublic_3rdTier;V30 NO-SIGNAL: maturity=5 (home=6, away=5), MinOverL5=0.60, AvgGFL5=1.70, AvgGFFull=1.78, DeltaGFL5=-0.08;0.0;0.0;0.0;0.0;0.0;0.0;0.0;0.0;0.0;0.0;3.0.0
2026-09-19;NorthernIreland_NIFLChampionship;Loughgall;Armagh;56.21;BASSA;8;2026-09-19;NorthernIreland_NIFLChampionship;NorthernIreland_NIFLChampionship;;V30 NO-SIGNAL: maturity=7 (home=7, away=7), MinOverL5=0.60, AvgGFL5=1.30, AvgGFFull=1.36, DeltaGFL5=-0.06;0.0;0.0;0.0;0.0;0.0;0.0;0.0;0.0;0.0;0.0;3.0.0
2026-09-19;Bosnia_PrvaLiga_FBiH;Bratstvo Gracanica;Tomislav;56.02;BASSA;7;2026-09-19;Bosnia_PrvaLiga_FBiH;Bosnia_PrvaLiga_FBiH;double round robin inferred from league size.;V30 NO-SIGNAL: maturity=4 (home=4, away=5), MinOverL5=0.75, AvgGFL5=1.15, AvgGFFull=1.15, DeltaGFL5=+0.00;0.0;0.0;0.0;0.0;0.0;0.0;0.0;0.0;0.0;0.0;3.0.0
2026-09-19;NorthernIreland_NIFLPremiership;Bangor FC;Portadown;55.98;BASSA;10;2026-09-19;NorthernIreland_NIFLPremiership;NorthernIreland_NIFLPremiership;;V30 NO-SIGNAL: maturity=6 (home=6, away=7), MinOverL5=0.60, AvgGFL5=0.80, AvgGFFull=0.62, DeltaGFL5=+0.18;0.0;0.0;0.0;0.0;0.0;0.0;0.0;0.0;0.0;0.0;3.0.0
2026-09-19;Denmark_Superliga;Odense;Midtjylland;55.95;BASSA;10;2026-09-19;Denmark_Superliga;Denmark_Superliga;;V30 NO-SIGNAL: maturity=8 (home=8, away=8), MinOverL5=0.40, AvgGFL5=1.60, AvgGFFull=1.44, DeltaGFL5=+0.16;0.0;0.0;0.0;0.0;0.0;0.0;0.0;0.0;0.0;0.0;3.0.0
2026-09-19;Norway_3rdDivision_Group5;Harstad;Skjetten;55.95;BASSA;22;2026-09-19;Norway_3rdDivision_Group5;Norway_3rdDivision_Group5;;V30 NO-SIGNAL: maturity=19 (home=20, away=19), MinOverL5=0.80, AvgGFL5=2.70, AvgGFFull=2.78, DeltaGFL5=-0.08;0.0;0.0;0.0;0.0;0.0;0.0;0.0;0.0;0.0;0.0;3.0.0
2026-09-19;Poland_IIILiga_Group2;Unia Swarzedz;Luzino;55.95;BASSA;9;2026-09-19;Poland_IIILiga_Group2;Poland_IIILiga_Group2;;V30 NO-SIGNAL: maturity=8 (home=8, away=8), MinOverL5=0.40, AvgGFL5=2.20, AvgGFFull=2.19, DeltaGFL5=+0.01;0.0;0.0;0.0;0.0;0.0;0.0;0.0;0.0;0.0;0.0;3.0.0
2026-09-19;CzechRepublic_3CFL_GroupA;Slavia Praga U20;Domazlice;55.79;BASSA;9;2026-09-19;CzechRepublic_3CFL_GroupA;CzechRepublic_3CFL_GroupA;CzechRepublic_3rdTier;V30 NO-SIGNAL: maturity=5 (home=6, away=5), MinOverL5=0.60, AvgGFL5=1.60, AvgGFFull=1.67, DeltaGFL5=-0.07;0.0;0.0;0.0;0.0;0.0;0.0;0.0;0.0;0.0;0.0;3.0.0
2026-09-19;Mexico_LigaExpansionMX_Apertura;Tepatitlan de Morelos;Zacatecas Mineros;55.77;BASSA;10;2026-09-19;Mexico_LigaExpansionMX_Apertura;Mexico_LigaExpansionMX_Apertura;;V30 NO-SIGNAL: maturity=8 (home=8, away=8), MinOverL5=0.60, AvgGFL5=1.30, AvgGFFull=1.38, DeltaGFL5=-0.07;0.0;0.0;0.0;0.0;0.0;0.0;0.0;0.0;0.0;0.0;3.0.0
2026-09-19;Germany_Oberliga_Bayern_Sud;Kottern-St. Mang;Ismaning;55.76;BASSA;12;2026-09-19;Germany_Oberliga_Bayern_Sud;Germany_Oberliga_Bayern_Sud;;V30 NO-SIGNAL: maturity=10 (home=10, away=10), MinOverL5=0.40, AvgGFL5=1.80, AvgGFFull=1.40, DeltaGFL5=+0.40;0.0;0.0;0.0;0.0;0.0;0.0;0.0;0.0;0.0;0.0;3.0.0
2026-09-19;Hungary_NBII;Kecskemeti;Szeged;55.76;BASSA;8;2026-09-19;Hungary_NBII;Hungary_NBII;;V30 NO-SIGNAL: maturity=5 (home=7, away=5), MinOverL5=0.40, AvgGFL5=1.80, AvgGFFull=1.60, DeltaGFL5=+0.20;0.0;0.0;0.0;0.0;0.0;0.0;0.0;0.0;0.0;0.0;3.0.0
2026-09-19;Norway_3rdDivision_Group4;Vindbjart;Mandalskameratene;55.69;BASSA;23;2026-09-19;Norway_3rdDivision_Group4;Norway_3rdDivision_Group4;;V30 NO-SIGNAL: maturity=19 (home=19, away=19), MinOverL5=0.60, AvgGFL5=2.50, AvgGFFull=2.42, DeltaGFL5=+0.08;0.0;0.0;0.0;0.0;0.0;0.0;0.0;0.0;0.0;0.0;3.0.0
2026-09-19;Croatia_PrvaNL;Dugopolje;Din. Zagabria 2;55.59;BASSA;6;2026-09-19;Croatia_PrvaNL;Croatia_PrvaNL;;V30 NO-SIGNAL: maturity=5 (home=5, away=5), MinOverL5=0.60, AvgGFL5=1.40, AvgGFFull=1.40, DeltaGFL5=+0.00;0.0;0.0;0.0;0.0;0.0;0.0;0.0;0.0;0.0;0.0;3.0.0
2026-09-19;Germany_2Bundesliga;Kiel;Osnabruck;55.59;BASSA;6;2026-09-19;Germany_2Bundesliga;Germany_2Bundesliga;;V30 NO-SIGNAL: maturity=5 (home=5, away=5), MinOverL5=0.60, AvgGFL5=1.40, AvgGFFull=1.40, DeltaGFL5=+0.00;0.0;0.0;0.0;0.0;0.0;0.0;0.0;0.0;0.0;0.0;3.0.0
2026-09-19;England_LeagueOne;Bromley;Huddersfield;55.59;BASSA;8;2026-09-19;England_LeagueOne;England_LeagueOne;;V30 NO-SIGNAL: maturity=5 (home=5, away=5), MinOverL5=0.60, AvgGFL5=1.40, AvgGFFull=1.40, DeltaGFL5=+0.00;0.0;0.0;0.0;0.0;0.0;0.0;0.0;0.0;0.0;0.0;3.0.0
2026-09-19;England_LeagueOne;Wigan;Wycombe;55.59;BASSA;8;2026-09-19;England_LeagueOne;England_LeagueOne;;V30 NO-SIGNAL: maturity=5 (home=5, away=5), MinOverL5=0.60, AvgGFL5=1.40, AvgGFFull=1.40, DeltaGFL5=+0.00;0.0;0.0;0.0;0.0;0.0;0.0;0.0;0.0;0.0;0.0;3.0.0
2026-09-19;Austria_Vorarlberg;Admira Dornbirn;Hard;55.43;BASSA;6;2026-09-19;Austria_Vorarlberg;Austria_Vorarlberg;fourth tier;V30 NO-SIGNAL: maturity=4 (home=4, away=4), MinOverL5=0.50, AvgGFL5=2.00, AvgGFFull=2.00, DeltaGFL5=+0.00;0.0;0.0;0.0;0.0;0.0;0.0;0.0;0.0;0.0;0.0;3.0.0
2026-09-19;Belgium_ChallengerProLeague;Hasselt;Beerschot VA;55.43;BASSA;6;2026-09-19;Belgium_ChallengerProLeague;Belgium_ChallengerProLeague;;V30 NO-SIGNAL: maturity=4 (home=4, away=4), MinOverL5=0.50, AvgGFL5=2.00, AvgGFFull=2.00, DeltaGFL5=+0.00;0.0;0.0;0.0;0.0;0.0;0.0;0.0;0.0;0.0;0.0;3.0.0
2026-09-19;Netherlands_EredivisieWomen;PSV D;Twente D;55.43;BASSA;5;2026-09-19;Netherlands_EredivisieWomen;Netherlands_EredivisieWomen;;V30 NO-SIGNAL: maturity=4 (home=4, away=4), MinOverL5=0.50, AvgGFL5=3.50, AvgGFFull=3.50, DeltaGFL5=+0.00;0.0;0.0;0.0;0.0;0.0;0.0;0.0;0.0;0.0;0.0;3.0.0
2026-09-19;Germany_Regionalliga_Bayern;Burghausen;Augsburg 2;55.37;BASSA;11;2026-09-19;Germany_Regionalliga_Bayern;Germany_Regionalliga_Bayern;;V30 NO-SIGNAL: maturity=9 (home=9, away=9), MinOverL5=0.80, AvgGFL5=1.50, AvgGFFull=1.78, DeltaGFL5=-0.28;0.0;0.0;0.0;0.0;0.0;0.0;0.0;0.0;0.0;0.0;3.0.0
2026-09-19;CzechRepublic_4Liga_GroupF;Novy Jicin;Bilovec;55.32;BASSA;7;2026-09-19;CzechRepublic_4Liga_GroupF;CzechRepublic_4Liga_GroupF;CzechRepublic_4Liga;V30 NO-SIGNAL: maturity=6 (home=6, away=6), MinOverL5=0.60, AvgGFL5=1.30, AvgGFFull=1.33, DeltaGFL5=-0.03;0.0;0.0;0.0;0.0;0.0;0.0;0.0;0.0;0.0;0.0;3.0.0
2026-09-19;Germany_Regionalliga_Bayern;Ansbach;Eltersdorf;55.02;BASSA;11;2026-09-19;Germany_Regionalliga_Bayern;Germany_Regionalliga_Bayern;;V30 NO-SIGNAL: maturity=8 (home=8, away=8), MinOverL5=0.40, AvgGFL5=1.40, AvgGFFull=1.00, DeltaGFL5=+0.40;0.0;0.0;0.0;0.0;0.0;0.0;0.0;0.0;0.0;0.0;3.0.0
2026-09-19;Latvia_NakotnesLiga;Super Nova 2;FK Smiltene;54.97;BASSA;22;2026-09-19;Latvia_NakotnesLiga;Latvia_NakotnesLiga;;V30 NO-SIGNAL: maturity=20 (home=20, away=20), MinOverL5=0.60, AvgGFL5=1.60, AvgGFFull=1.38, DeltaGFL5=+0.23;0.0;0.0;0.0;0.0;0.0;0.0;0.0;0.0;0.0;0.0;3.0.0
2026-09-19;Sweden_Division1_Norra;FBK Karlstad;Sollentuna;54.97;BASSA;25;2026-09-19;Sweden_Division1_Norra;Sweden_Division1_Norra;;V30 NO-SIGNAL: maturity=22 (home=22, away=23), MinOverL5=0.60, AvgGFL5=1.60, AvgGFFull=1.30, DeltaGFL5=+0.30;0.0;0.0;0.0;0.0;0.0;0.0;0.0;0.0;0.0;0.0;3.0.0
2026-09-19;Austria_Steiermark;Lebring;Ilzer SV;54.83;BASSA;5;2026-09-19;Austria_Steiermark;Austria_Steiermark;16 clubs, double round robin.;V30 NO-SIGNAL: maturity=3 (home=4, away=3), MinOverL5=0.67, AvgGFL5=1.33, AvgGFFull=1.33, DeltaGFL5=+0.00;0.0;0.0;0.0;0.0;0.0;0.0;0.0;0.0;0.0;0.0;3.0.0
2026-09-19;Poland_IIILiga_Group2;Chemik Bydgoszcz;KKS Kalisz;54.72;BASSA;9;2026-09-19;Poland_IIILiga_Group2;Poland_IIILiga_Group2;;V30 NO-SIGNAL: maturity=8 (home=8, away=8), MinOverL5=0.40, AvgGFL5=1.70, AvgGFFull=1.62, DeltaGFL5=+0.07;0.0;0.0;0.0;0.0;0.0;0.0;0.0;0.0;0.0;0.0;3.0.0
2026-09-19;Hungary_NBII;Mezokovesd;Kazincbarcika;54.4;BASSA;8;2026-09-19;Hungary_NBII;Hungary_NBII;;V30 NO-SIGNAL: maturity=6 (home=6, away=7), MinOverL5=0.40, AvgGFL5=1.60, AvgGFFull=1.44, DeltaGFL5=+0.16;0.0;0.0;0.0;0.0;0.0;0.0;0.0;0.0;0.0;0.0;3.0.0
2026-09-19;Azerbaijan_PremierLeague;Sabah Baku;Imisli FK;54.27;BASSA;6;2026-09-19;Azerbaijan_PremierLeague;Azerbaijan_PremierLeague;;V30 NO-SIGNAL: maturity=4 (home=4, away=4), MinOverL5=0.50, AvgGFL5=1.88, AvgGFFull=1.88, DeltaGFL5=+0.00;0.0;0.0;0.0;0.0;0.0;0.0;0.0;0.0;0.0;0.0;3.0.0
2026-09-19;Italy_SerieC_GironeC;Audace Cerignola;Casertana;54.27;BASSA;6;2026-09-19;Italy_SerieC_GironeC;Italy_SerieC_GironeC;;V30 NO-SIGNAL: maturity=4 (home=4, away=4), MinOverL5=0.50, AvgGFL5=1.88, AvgGFFull=1.88, DeltaGFL5=+0.00;0.0;0.0;0.0;0.0;0.0;0.0;0.0;0.0;0.0;0.0;3.0.0
2026-09-19;Sweden_Allsvenskan;Brommapojkarna;Göteborg;54.27;BASSA;29;2026-09-19;Sweden_Allsvenskan;Sweden_Allsvenskan;;V30 NO-SIGNAL: maturity=21 (home=21, away=21), MinOverL5=0.60, AvgGFL5=1.60, AvgGFFull=1.43, DeltaGFL5=+0.17;0.0;0.0;0.0;0.0;0.0;0.0;0.0;0.0;0.0;0.0;3.0.0
2026-09-19;Slovakia_3Liga_West;Gabcikovo;Puchov;54.26;BASSA;7;2026-09-19;Slovakia_3Liga_West;Slovakia_3Liga_West;;V30 NO-SIGNAL: maturity=6 (home=6, away=6), MinOverL5=0.40, AvgGFL5=1.70, AvgGFFull=1.58, DeltaGFL5=+0.12;0.0;0.0;0.0;0.0;0.0;0.0;0.0;0.0;0.0;0.0;3.0.0
2026-09-19;Mexico_LigaExpansionMX_Apertura;Atletico La Paz;Correcaminos;54.23;BASSA;10;2026-09-19;Mexico_LigaExpansionMX_Apertura;Mexico_LigaExpansionMX_Apertura;;V30 NO-SIGNAL: maturity=8 (home=8, away=8), MinOverL5=0.60, AvgGFL5=1.80, AvgGFFull=2.12, DeltaGFL5=-0.32;0.0;0.0;0.0;0.0;0.0;0.0;0.0;0.0;0.0;0.0;3.0.0
2026-09-19;Hungary_NBI;Kisvarda;Paks;54.19;BASSA;9;2026-09-19;Hungary_NBI;Hungary_NBI;;V30 NO-SIGNAL: maturity=7 (home=7, away=7), MinOverL5=0.60, AvgGFL5=1.50, AvgGFFull=1.71, DeltaGFL5=-0.21;0.0;0.0;0.0;0.0;0.0;0.0;0.0;0.0;0.0;0.0;3.0.0
2026-09-19;Austria_Regionalliga_North;TSV St. Johann;Ried (Am);54.14;BASSA;10;2026-09-19;Austria_Regionalliga_North;Austria_Regionalliga_North;;V30 NO-SIGNAL: maturity=8 (home=8, away=8), MinOverL5=0.80, AvgGFL5=0.90, AvgGFFull=1.06, DeltaGFL5=-0.16;0.0;0.0;0.0;0.0;0.0;0.0;0.0;0.0;0.0;0.0;3.0.0
2026-09-19;Denmark_3rdDivision;Ishoj;BK Frem;54.1;BASSA;8;2026-09-19;Denmark_3rdDivision;Denmark_3rdDivision;;V30 NO-SIGNAL: maturity=7 (home=7, away=7), MinOverL5=0.40, AvgGFL5=1.30, AvgGFFull=1.07, DeltaGFL5=+0.23;0.0;0.0;0.0;0.0;0.0;0.0;0.0;0.0;0.0;0.0;3.0.0
2026-09-19;Sweden_Division2_Norrland;Storfors;IFK Umea;54.1;BASSA;26;2026-09-19;Sweden_Division2_Norrland;Sweden_Division2_Norrland;;V30 NO-SIGNAL: maturity=18 (home=18, away=18), MinOverL5=0.80, AvgGFL5=1.30, AvgGFFull=1.19, DeltaGFL5=+0.11;0.0;0.0;0.0;0.0;0.0;0.0;0.0;0.0;0.0;0.0;3.0.0
2026-09-19;Belarus_PershayaLiga;Uni X Labs;FC Slonim;54.05;BASSA;27;2026-09-19;Belarus_PershayaLiga;Belarus_PershayaLiga;;V30 NO-SIGNAL: maturity=24 (home=24, away=24), MinOverL5=0.60, AvgGFL5=1.60, AvgGFFull=1.44, DeltaGFL5=+0.16;0.0;0.0;0.0;0.0;0.0;0.0;0.0;0.0;0.0;0.0;3.0.0
2026-09-19;Slovakia_NikeLiga;Komarno;Slovan Bratislava;53.97;BASSA;9;2026-09-19;Slovakia_NikeLiga;Slovakia_NikeLiga;;V30 NO-SIGNAL: maturity=7 (home=8, away=7), MinOverL5=0.60, AvgGFL5=1.50, AvgGFFull=1.72, DeltaGFL5=-0.22;0.0;0.0;0.0;0.0;0.0;0.0;0.0;0.0;0.0;0.0;3.0.0
2026-09-19;Romania_Superliga;Univ. Craiova;FCSB;53.86;BASSA;10;2026-09-19;Romania_Superliga;Romania_Superliga;;V30 NO-SIGNAL: maturity=8 (home=8, away=9), MinOverL5=0.40, AvgGFL5=1.70, AvgGFFull=1.66, DeltaGFL5=+0.04;0.0;0.0;0.0;0.0;0.0;0.0;0.0;0.0;0.0;0.0;3.0.0
2026-09-19;Sweden_Division2_Norrland;Gottne;Kubikenborgs IF;53.8;BASSA;26;2026-09-19;Sweden_Division2_Norrland;Sweden_Division2_Norrland;;V30 NO-SIGNAL: maturity=21 (home=22, away=21), MinOverL5=0.60, AvgGFL5=2.10, AvgGFFull=2.10, DeltaGFL5=+0.00;0.0;0.0;0.0;0.0;0.0;0.0;0.0;0.0;0.0;0.0;3.0.0
2026-09-19;Norway_3rdDivision_Group1;Frigg;Konnerud;53.74;BASSA;24;2026-09-19;Norway_3rdDivision_Group1;Norway_3rdDivision_Group1;;V30 NO-SIGNAL: maturity=18 (home=18, away=20), MinOverL5=0.60, AvgGFL5=2.00, AvgGFFull=2.00, DeltaGFL5=+0.00;0.0;0.0;0.0;0.0;0.0;0.0;0.0;0.0;0.0;0.0;3.0.0
2026-09-19;Germany_Oberliga_BadenWurttemberg;Teningen;Essingen;53.66;BASSA;10;2026-09-19;Germany_Oberliga_BadenWurttemberg;Germany_Oberliga_BadenWurttemberg;;V30 NO-SIGNAL: maturity=7 (home=7, away=7), MinOverL5=0.80, AvgGFL5=1.10, AvgGFFull=1.36, DeltaGFL5=-0.26;0.0;0.0;0.0;0.0;0.0;0.0;0.0;0.0;0.0;0.0;3.0.0
2026-09-19;Sweden_Division2_SodraGotaland;Torns;Rappe GOIF;53.61;BASSA;27;2026-09-19;Sweden_Division2_SodraGotaland;Sweden_Division2_SodraGotaland;;V30 NO-SIGNAL: maturity=21 (home=21, away=21), MinOverL5=0.80, AvgGFL5=1.30, AvgGFFull=1.21, DeltaGFL5=+0.09;0.0;0.0;0.0;0.0;0.0;0.0;0.0;0.0;0.0;0.0;3.0.0
2026-09-19;Norway_3rdDivision_Group3;Forde;Fana;53.32;BASSA;23;2026-09-19;Norway_3rdDivision_Group3;Norway_3rdDivision_Group3;;V30 NO-SIGNAL: maturity=19 (home=20, away=19), MinOverL5=0.60, AvgGFL5=2.20, AvgGFFull=2.22, DeltaGFL5=-0.02;0.0;0.0;0.0;0.0;0.0;0.0;0.0;0.0;0.0;0.0;3.0.0
2026-09-19;Poland_IIILiga_Group2;Elana Torun;Lech 2;53.31;BASSA;9;2026-09-19;Poland_IIILiga_Group2;Poland_IIILiga_Group2;;V30 NO-SIGNAL: maturity=8 (home=8, away=8), MinOverL5=0.60, AvgGFL5=1.50, AvgGFFull=1.75, DeltaGFL5=-0.25;0.0;0.0;0.0;0.0;0.0;0.0;0.0;0.0;0.0;0.0;3.0.0
2026-09-19;Bulgaria_ParvaLiga;Arda;Cherno More;53.1;BASSA;11;2026-09-19;Bulgaria_ParvaLiga;Bulgaria_ParvaLiga;;V30 NO-SIGNAL: maturity=9 (home=10, away=9), MinOverL5=0.40, AvgGFL5=1.50, AvgGFFull=1.36, DeltaGFL5=+0.14;0.0;0.0;0.0;0.0;0.0;0.0;0.0;0.0;0.0;0.0;3.0.0
2026-09-19;Slovakia_2Liga;Zvolen;Malzenice;53.0;BASSA;9;2026-09-19;Slovakia_2Liga;Slovakia_2Liga;;V30 NO-SIGNAL: maturity=8 (home=8, away=8), MinOverL5=0.60, AvgGFL5=0.90, AvgGFFull=0.94, DeltaGFL5=-0.04;0.0;0.0;0.0;0.0;0.0;0.0;0.0;0.0;0.0;0.0;3.0.0
2026-09-19;Austria_Salzburg;Eugendorf;ATSV Salzburg;52.95;BASSA;10;2026-09-19;Austria_Salzburg;Austria_Salzburg;;V30 NO-SIGNAL: maturity=7 (home=7, away=7), MinOverL5=0.60, AvgGFL5=1.10, AvgGFFull=1.21, DeltaGFL5=-0.11;0.0;0.0;0.0;0.0;0.0;0.0;0.0;0.0;0.0;0.0;3.0.0
2026-09-19;CzechRepublic_1Liga;Pardubice;Bohemians;52.95;BASSA;11;2026-09-19;CzechRepublic_1Liga;CzechRepublic_1Liga;;V30 NO-SIGNAL: maturity=7 (home=8, away=7), MinOverL5=0.40, AvgGFL5=1.20, AvgGFFull=1.01, DeltaGFL5=+0.19;0.0;0.0;0.0;0.0;0.0;0.0;0.0;0.0;0.0;0.0;3.0.0
2026-09-19;Slovenia_2SNL;Beltinci;Tabor Sezana;52.93;BASSA;8;2026-09-19;Slovenia_2SNL;Slovenia_2SNL;;V30 NO-SIGNAL: maturity=6 (home=6, away=6), MinOverL5=0.40, AvgGFL5=2.20, AvgGFFull=2.25, DeltaGFL5=-0.05;0.0;0.0;0.0;0.0;0.0;0.0;0.0;0.0;0.0;0.0;3.0.0
2026-09-19;Norway_3rdDivision_Group5;Ulfstind;Bossekop;52.84;BASSA;22;2026-09-19;Norway_3rdDivision_Group5;Norway_3rdDivision_Group5;;V30 NO-SIGNAL: maturity=19 (home=19, away=19), MinOverL5=0.80, AvgGFL5=1.60, AvgGFFull=1.66, DeltaGFL5=-0.06;0.0;0.0;0.0;0.0;0.0;0.0;0.0;0.0;0.0;0.0;3.0.0
2026-09-19;Turkey_SuperLig;Basaksehir;Genclerbirligi;52.81;BASSA;6;2026-09-19;Turkey_SuperLig;Turkey_SuperLig;;V30 NO-SIGNAL: maturity=5 (home=5, away=5), MinOverL5=0.60, AvgGFL5=1.10, AvgGFFull=1.10, DeltaGFL5=+0.00;0.0;0.0;0.0;0.0;0.0;0.0;0.0;0.0;0.0;0.0;3.0.0
2026-09-19;France_Ligue2;Metz;St. Etienne;52.68;BASSA;7;2026-09-19;France_Ligue2;France_Ligue2;;V30 NO-SIGNAL: maturity=5 (home=5, away=5), MinOverL5=0.40, AvgGFL5=2.00, AvgGFFull=2.00, DeltaGFL5=+0.00;0.0;0.0;0.0;0.0;0.0;0.0;0.0;0.0;0.0;0.0;3.0.0
2026-09-19;Spain_LaLiga;Osasuna;Rayo Vallecano;52.65;BASSA;9;2026-09-19;Spain_LaLiga;Spain_LaLiga;;V30 NO-SIGNAL: maturity=1 (home=6, away=1), MinOverL5=0.60, AvgGFL5=1.50, AvgGFFull=1.42, DeltaGFL5=+0.08;0.0;0.0;0.0;0.0;0.0;0.0;0.0;0.0;0.0;0.0;3.0.0
2026-09-19;Germany_Regionalliga_Bayern;Bayreuth;Unterhaching;52.63;BASSA;11;2026-09-19;Germany_Regionalliga_Bayern;Germany_Regionalliga_Bayern;;V30 NO-SIGNAL: maturity=7 (home=9, away=7), MinOverL5=0.60, AvgGFL5=1.20, AvgGFFull=1.37, DeltaGFL5=-0.17;0.0;0.0;0.0;0.0;0.0;0.0;0.0;0.0;0.0;0.0;3.0.0
2026-09-19;Turkey_1Lig;Keciorengucu;Sivasspor;52.51;BASSA;8;2026-09-19;Turkey_1Lig;Turkey_1Lig;;V30 NO-SIGNAL: maturity=7 (home=7, away=7), MinOverL5=0.40, AvgGFL5=1.70, AvgGFFull=1.71, DeltaGFL5=-0.01;0.0;0.0;0.0;0.0;0.0;0.0;0.0;0.0;0.0;0.0;3.0.0
2026-09-19;CzechRepublic_4Liga_GroupA;Horovice;Nyrsko;52.5;BASSA;7;2026-09-19;CzechRepublic_4Liga_GroupA;CzechRepublic_4Liga_GroupA;CzechRepublic_4Liga;V30 NO-SIGNAL: maturity=5 (home=6, away=5), MinOverL5=0.60, AvgGFL5=1.20, AvgGFFull=1.25, DeltaGFL5=-0.05;0.0;0.0;0.0;0.0;0.0;0.0;0.0;0.0;0.0;0.0;3.0.0
2026-09-19;Indonesia_SuperLeague;PSM Makassar;Persita;52.47;BASSA;4;2026-09-19;Indonesia_SuperLeague;Indonesia_SuperLeague;;V30 NO-SIGNAL: maturity=2 (home=2, away=2), MinOverL5=0.50, AvgGFL5=2.00, AvgGFFull=2.00, DeltaGFL5=+0.00;0.0;0.0;0.0;0.0;0.0;0.0;0.0;0.0;0.0;0.0;3.0.0
2026-09-19;Slovenia_2SNL;Vrhnika;Primorje;52.31;BASSA;8;2026-09-19;Slovenia_2SNL;Slovenia_2SNL;;V30 NO-SIGNAL: maturity=6 (home=6, away=6), MinOverL5=0.40, AvgGFL5=1.40, AvgGFFull=1.25, DeltaGFL5=+0.15;0.0;0.0;0.0;0.0;0.0;0.0;0.0;0.0;0.0;0.0;3.0.0
2026-09-19;Slovakia_2Liga;FK Humenne;Inter Bratislava;52.25;BASSA;9;2026-09-19;Slovakia_2Liga;Slovakia_2Liga;;V30 NO-SIGNAL: maturity=8 (home=8, away=8), MinOverL5=0.40, AvgGFL5=1.40, AvgGFFull=1.31, DeltaGFL5=+0.09;0.0;0.0;0.0;0.0;0.0;0.0;0.0;0.0;0.0;0.0;3.0.0
2026-09-19;CzechRepublic_3CFL_GroupB;Banik Most-Sous;Velke Hamry;52.09;BASSA;8;2026-09-19;CzechRepublic_3CFL_GroupB;CzechRepublic_3CFL_GroupB;CzechRepublic_3rdTier;V30 NO-SIGNAL: maturity=5 (home=5, away=6), MinOverL5=0.60, AvgGFL5=1.20, AvgGFFull=1.27, DeltaGFL5=-0.07;0.0;0.0;0.0;0.0;0.0;0.0;0.0;0.0;0.0;0.0;3.0.0
2026-09-19;Germany_Oberliga_BadenWurttemberg;Normannia Gmund;FC Holzhausen;52.03;BASSA;10;2026-09-19;Germany_Oberliga_BadenWurttemberg;Germany_Oberliga_BadenWurttemberg;;V30 NO-SIGNAL: maturity=7 (home=7, away=7), MinOverL5=0.80, AvgGFL5=1.00, AvgGFFull=1.29, DeltaGFL5=-0.29;0.0;0.0;0.0;0.0;0.0;0.0;0.0;0.0;0.0;0.0;3.0.0
2026-09-19;Germany_Oberliga_SchleswigHolstein;Eckernforder SV;Rotenhof;51.98;BASSA;9;2026-09-19;Germany_Oberliga_SchleswigHolstein;Germany_Oberliga_SchleswigHolstein;;V30 NO-SIGNAL: maturity=7 (home=7, away=8), MinOverL5=0.60, AvgGFL5=1.50, AvgGFFull=1.80, DeltaGFL5=-0.30;0.0;0.0;0.0;0.0;0.0;0.0;0.0;0.0;0.0;0.0;3.0.0
2026-09-19;Bosnia_PrvaLiga_FBiH;Jedinstvo Bihac;TOSK Tesanj;51.96;BASSA;7;2026-09-19;Bosnia_PrvaLiga_FBiH;Bosnia_PrvaLiga_FBiH;double round robin inferred from league size.;V30 NO-SIGNAL: maturity=4 (home=4, away=4), MinOverL5=0.50, AvgGFL5=1.62, AvgGFFull=1.62, DeltaGFL5=+0.00;0.0;0.0;0.0;0.0;0.0;0.0;0.0;0.0;0.0;0.0;3.0.0
2026-09-19;Norway_3rdDivision_Group6;Elverum;Raelingen;51.92;BASSA;21;2026-09-19;Norway_3rdDivision_Group6;Norway_3rdDivision_Group6;;V30 NO-SIGNAL: maturity=19 (home=20, away=19), MinOverL5=0.60, AvgGFL5=2.20, AvgGFFull=2.27, DeltaGFL5=-0.07;0.0;0.0;0.0;0.0;0.0;0.0;0.0;0.0;0.0;0.0;3.0.0
2026-09-19;Spain_LaLiga;Siviglia;Barcellona;51.86;BASSA;9;2026-09-19;Spain_LaLiga;Spain_LaLiga;;V30 NO-SIGNAL: maturity=5 (home=5, away=6), MinOverL5=0.40, AvgGFL5=2.90, AvgGFFull=2.93, DeltaGFL5=-0.03;0.0;0.0;0.0;0.0;0.0;0.0;0.0;0.0;0.0;0.0;3.0.0
2026-09-19;Germany_Regionalliga_Nord;Hannover 2;Todesfelde;51.79;BASSA;11;2026-09-19;Germany_Regionalliga_Nord;Germany_Regionalliga_Nord;;V30 NO-SIGNAL: maturity=9 (home=9, away=9), MinOverL5=0.60, AvgGFL5=1.60, AvgGFFull=1.89, DeltaGFL5=-0.29;0.0;0.0;0.0;0.0;0.0;0.0;0.0;0.0;0.0;0.0;3.0.0
2026-09-19;Bosnia_PrvaLiga_RS;Potkozarje;Majevica;51.73;BASSA;7;2026-09-19;Bosnia_PrvaLiga_RS;Bosnia_PrvaLiga_RS;;V30 NO-SIGNAL: maturity=4 (home=4, away=5), MinOverL5=0.50, AvgGFL5=1.60, AvgGFFull=1.60, DeltaGFL5=+0.00;0.0;0.0;0.0;0.0;0.0;0.0;0.0;0.0;0.0;0.0;3.0.0
2026-09-19;Ukraine_PremierLeague;Zorya;Dyn. Kyiv;51.68;BASSA;7;2026-09-19;Ukraine_PremierLeague;Ukraine_PremierLeague;;V30 NO-SIGNAL: maturity=5 (home=6, away=5), MinOverL5=0.60, AvgGFL5=1.20, AvgGFFull=1.28, DeltaGFL5=-0.08;0.0;0.0;0.0;0.0;0.0;0.0;0.0;0.0;0.0;0.0;3.0.0
2026-09-19;Norway_2ndDivision_Group1;Mjoendalen;Sotra;51.55;BASSA;21;2026-09-19;Norway_2ndDivision_Group1;Norway_2ndDivision_Group1;;V30 NO-SIGNAL: maturity=19 (home=20, away=19), MinOverL5=0.60, AvgGFL5=1.90, AvgGFFull=1.95, DeltaGFL5=-0.05;0.0;0.0;0.0;0.0;0.0;0.0;0.0;0.0;0.0;0.0;3.0.0
2026-09-19;Germany_Oberliga_SchleswigHolstein;Nordmark Satrup;Hohenwestedt;51.54;BASSA;9;2026-09-19;Germany_Oberliga_SchleswigHolstein;Germany_Oberliga_SchleswigHolstein;;V30 NO-SIGNAL: maturity=7 (home=8, away=7), MinOverL5=0.60, AvgGFL5=1.50, AvgGFFull=1.82, DeltaGFL5=-0.32;0.0;0.0;0.0;0.0;0.0;0.0;0.0;0.0;0.0;0.0;3.0.0
2026-09-19;Bulgaria_ParvaLiga;Septemvri Sofia;Botev Plovdiv;51.52;BASSA;11;2026-09-19;Bulgaria_ParvaLiga;Bulgaria_ParvaLiga;;V30 NO-SIGNAL: maturity=9 (home=9, away=10), MinOverL5=0.40, AvgGFL5=1.30, AvgGFFull=1.14, DeltaGFL5=+0.16;0.0;0.0;0.0;0.0;0.0;0.0;0.0;0.0;0.0;0.0;3.0.0
2026-09-19;Albania_AbissnetSuperiore;Dinamo City;Laci;51.25;BASSA;5;2026-09-19;Albania_AbissnetSuperiore;Albania_AbissnetSuperiore;;V30 NO-SIGNAL: maturity=3 (home=4, away=3), MinOverL5=0.50, AvgGFL5=1.71, AvgGFFull=1.71, DeltaGFL5=+0.00;0.0;0.0;0.0;0.0;0.0;0.0;0.0;0.0;0.0;0.0;3.0.0
2026-09-19;Turkey_SuperLig;Corum;Alanyaspor;51.2;BASSA;6;2026-09-19;Turkey_SuperLig;Turkey_SuperLig;;V30 NO-SIGNAL: maturity=4 (home=4, away=5), MinOverL5=0.40, AvgGFL5=2.10, AvgGFFull=2.10, DeltaGFL5=+0.00;0.0;0.0;0.0;0.0;0.0;0.0;0.0;0.0;0.0;0.0;3.0.0
2026-09-19;Germany_Regionalliga_Sudwest;Sandhausen;Ulm;51.06;BASSA;10;2026-09-19;Germany_Regionalliga_Sudwest;Germany_Regionalliga_Sudwest;;V30 NO-SIGNAL: maturity=7 (home=7, away=7), MinOverL5=0.60, AvgGFL5=1.20, AvgGFFull=1.43, DeltaGFL5=-0.23;0.0;0.0;0.0;0.0;0.0;0.0;0.0;0.0;0.0;0.0;3.0.0
2026-09-19;Austria_Karnten;Kottmannsdorf;SAK Klagenfurt;51.02;BASSA;10;2026-09-19;Austria_Karnten;Austria_Karnten;;V30 NO-SIGNAL: maturity=7 (home=7, away=7), MinOverL5=0.40, AvgGFL5=1.50, AvgGFFull=1.50, DeltaGFL5=+0.00;0.0;0.0;0.0;0.0;0.0;0.0;0.0;0.0;0.0;0.0;3.0.0
2026-09-19;Peru_Liga1_Clausura;FC Cajamarca;Cusco;51.02;BASSA;10;2026-09-19;Peru_Liga1_Clausura;Peru_Liga1_Clausura;;V30 NO-SIGNAL: maturity=8 (home=8, away=8), MinOverL5=0.40, AvgGFL5=2.00, AvgGFFull=2.19, DeltaGFL5=-0.19;0.0;0.0;0.0;0.0;0.0;0.0;0.0;0.0;0.0;0.0;3.0.0
2026-09-19;Germany_Regionalliga_West;Schalke 2;Lotte;50.84;BASSA;10;2026-09-19;Germany_Regionalliga_West;Germany_Regionalliga_West;;V30 NO-SIGNAL: maturity=8 (home=8, away=8), MinOverL5=0.60, AvgGFL5=1.20, AvgGFFull=1.44, DeltaGFL5=-0.24;0.0;0.0;0.0;0.0;0.0;0.0;0.0;0.0;0.0;0.0;3.0.0
2026-09-19;Germany_Oberliga_NOFV_Sud;Freital;Auerbach;50.8;BASSA;5;2026-09-19;Germany_Oberliga_NOFV_Sud;Germany_Oberliga_NOFV_Sud;;V30 NO-SIGNAL: maturity=4 (home=4, away=4), MinOverL5=0.50, AvgGFL5=1.50, AvgGFFull=1.50, DeltaGFL5=+0.00;0.0;0.0;0.0;0.0;0.0;0.0;0.0;0.0;0.0;0.0;3.0.0
2026-09-19;Switzerland_PromotionLeague;Breitenrain;Biel;50.75;BASSA;10;2026-09-19;Switzerland_PromotionLeague;Switzerland_PromotionLeague;;V30 NO-SIGNAL: maturity=7 (home=7, away=7), MinOverL5=0.40, AvgGFL5=1.70, AvgGFFull=1.79, DeltaGFL5=-0.09;0.0;0.0;0.0;0.0;0.0;0.0;0.0;0.0;0.0;0.0;3.0.0
2026-09-19;Belgium_JupilerProLeague;Leuven;RAAL La Louviere;50.7;BASSA;10;2026-09-19;Belgium_JupilerProLeague;Belgium_JupilerProLeague;;V30 NO-SIGNAL: maturity=6 (home=6, away=6), MinOverL5=0.60, AvgGFL5=0.80, AvgGFFull=0.83, DeltaGFL5=-0.03;0.0;0.0;0.0;0.0;0.0;0.0;0.0;0.0;0.0;0.0;3.0.0
2026-09-19;Romania_Liga2;Steaua Bucuresti;Gloria Bistrita;50.59;BASSA;8;2026-09-19;Romania_Liga2;Romania_Liga2;;V30 NO-SIGNAL: maturity=6 (home=6, away=6), MinOverL5=0.60, AvgGFL5=1.10, AvgGFFull=1.25, DeltaGFL5=-0.15;0.0;0.0;0.0;0.0;0.0;0.0;0.0;0.0;0.0;0.0;3.0.0
2026-09-19;Germany_Oberliga_SchleswigHolstein;Flensburg;Lubeck 2;50.53;BASSA;9;2026-09-19;Germany_Oberliga_SchleswigHolstein;Germany_Oberliga_SchleswigHolstein;;V30 NO-SIGNAL: maturity=8 (home=8, away=8), MinOverL5=0.60, AvgGFL5=1.60, AvgGFFull=2.06, DeltaGFL5=-0.46;0.0;0.0;0.0;0.0;0.0;0.0;0.0;0.0;0.0;0.0;3.0.0
2026-09-19;Germany_Bundesliga;Amburgo;Colonia;50.21;BASSA;4;2026-09-19;Germany_Bundesliga;Germany_Bundesliga;;V30 NO-SIGNAL: maturity=3 (home=3, away=3), MinOverL5=0.67, AvgGFL5=0.83, AvgGFFull=0.83, DeltaGFL5=+0.00;0.0;0.0;0.0;0.0;0.0;0.0;0.0;0.0;0.0;0.0;3.0.0
2026-09-19;Sweden_Division1_Sodra;Atvidaberg;Lunds;50.21;BASSA;25;2026-09-19;Sweden_Division1_Sodra;Sweden_Division1_Sodra;;V30 NO-SIGNAL: maturity=22 (home=22, away=22), MinOverL5=0.40, AvgGFL5=2.80, AvgGFFull=2.07, DeltaGFL5=+0.73;0.0;0.0;0.0;0.0;0.0;0.0;0.0;0.0;0.0;0.0;3.0.0
2026-09-19;Sweden_Division2_SodraSvealand;Nacka FC;Ragsved;50.21;BASSA;22;2026-09-19;Sweden_Division2_SodraSvealand;Sweden_Division2_SodraSvealand;;V30 NO-SIGNAL: maturity=21 (home=21, away=21), MinOverL5=0.40, AvgGFL5=2.00, AvgGFFull=1.69, DeltaGFL5=+0.31;0.0;0.0;0.0;0.0;0.0;0.0;0.0;0.0;0.0;0.0;3.0.0
2026-09-19;Slovakia_2Liga;MFK Bytca;Lehota p. V.;50.09;BASSA;9;2026-09-19;Slovakia_2Liga;Slovakia_2Liga;;V30 NO-SIGNAL: maturity=8 (home=8, away=8), MinOverL5=0.40, AvgGFL5=1.20, AvgGFFull=1.12, DeltaGFL5=+0.07;0.0;0.0;0.0;0.0;0.0;0.0;0.0;0.0;0.0;0.0;3.0.0
2026-09-19;Germany_Oberliga_Bayern_Nord;Neumarkt;Wurzburger FV;49.98;BASSA;15;2026-09-19;Germany_Oberliga_Bayern_Nord;Germany_Oberliga_Bayern_Nord;;V30 NO-SIGNAL: maturity=9 (home=9, away=10), MinOverL5=0.60, AvgGFL5=1.30, AvgGFFull=1.55, DeltaGFL5=-0.25;0.0;0.0;0.0;0.0;0.0;0.0;0.0;0.0;0.0;0.0;3.0.0
2026-09-19;Croatia_PrvaNL;Vukovar 1991;Jadran LP;49.91;BASSA;6;2026-09-19;Croatia_PrvaNL;Croatia_PrvaNL;;V30 NO-SIGNAL: maturity=5 (home=5, away=5), MinOverL5=0.40, AvgGFL5=1.70, AvgGFFull=1.70, DeltaGFL5=+0.00;0.0;0.0;0.0;0.0;0.0;0.0;0.0;0.0;0.0;0.0;3.0.0
2026-09-19;Norway_3rdDivision_Group2;Byåsen;Herd;49.84;BASSA;23;2026-09-19;Norway_3rdDivision_Group2;Norway_3rdDivision_Group2;;V30 NO-SIGNAL: maturity=19 (home=19, away=19), MinOverL5=0.60, AvgGFL5=2.00, AvgGFFull=2.16, DeltaGFL5=-0.16;0.0;0.0;0.0;0.0;0.0;0.0;0.0;0.0;0.0;0.0;3.0.0
2026-09-19;Turkey_1Lig;Erokspor;Karagumruk;49.78;BASSA;8;2026-09-19;Turkey_1Lig;Turkey_1Lig;;V30 NO-SIGNAL: maturity=7 (home=7, away=7), MinOverL5=0.40, AvgGFL5=1.10, AvgGFFull=1.00, DeltaGFL5=+0.10;0.0;0.0;0.0;0.0;0.0;0.0;0.0;0.0;0.0;0.0;3.0.0
2026-09-19;CzechRepublic_4Liga_GroupF;Vratimov;Zabreh;49.54;BASSA;7;2026-09-19;CzechRepublic_4Liga_GroupF;CzechRepublic_4Liga_GroupF;CzechRepublic_4Liga;V30 NO-SIGNAL: maturity=6 (home=6, away=6), MinOverL5=0.40, AvgGFL5=1.50, AvgGFFull=1.50, DeltaGFL5=+0.00;0.0;0.0;0.0;0.0;0.0;0.0;0.0;0.0;0.0;0.0;3.0.0
2026-09-19;Switzerland_PromotionLeague;Grand-Saconnex;Bellinzona;49.43;BASSA;10;2026-09-19;Switzerland_PromotionLeague;Switzerland_PromotionLeague;;V30 NO-SIGNAL: maturity=7 (home=7, away=7), MinOverL5=0.60, AvgGFL5=1.10, AvgGFFull=1.36, DeltaGFL5=-0.26;0.0;0.0;0.0;0.0;0.0;0.0;0.0;0.0;0.0;0.0;3.0.0
2026-09-19;Armenia_PremierLeague;BKMA;Sardarapat;49.39;BASSA;11;2026-09-19;Armenia_PremierLeague;Armenia_PremierLeague;;V30 NO-SIGNAL: maturity=7 (home=7, away=7), MinOverL5=0.40, AvgGFL5=1.40, AvgGFFull=1.43, DeltaGFL5=-0.03;0.0;0.0;0.0;0.0;0.0;0.0;0.0;0.0;0.0;0.0;3.0.0
2026-09-19;Austria_Regionalliga_West;SK St. Johann;Lochau;49.39;BASSA;9;2026-09-19;Austria_Regionalliga_West;Austria_Regionalliga_West;;V30 NO-SIGNAL: maturity=7 (home=7, away=7), MinOverL5=0.40, AvgGFL5=1.40, AvgGFFull=1.43, DeltaGFL5=-0.03;0.0;0.0;0.0;0.0;0.0;0.0;0.0;0.0;0.0;0.0;3.0.0
2026-09-19;Italy_SerieC_GironeC;Salernitana;Giugliano;49.35;BASSA;6;2026-09-19;Italy_SerieC_GironeC;Italy_SerieC_GironeC;;V30 NO-SIGNAL: maturity=4 (home=5, away=4), MinOverL5=0.40, AvgGFL5=1.80, AvgGFFull=1.80, DeltaGFL5=+0.00;0.0;0.0;0.0;0.0;0.0;0.0;0.0;0.0;0.0;0.0;3.0.0
2026-09-19;Germany_Regionalliga_Sudwest;Fulda-Lehnerz;Freiburg 2;49.17;BASSA;10;2026-09-19;Germany_Regionalliga_Sudwest;Germany_Regionalliga_Sudwest;;V30 NO-SIGNAL: maturity=7 (home=7, away=7), MinOverL5=0.60, AvgGFL5=1.30, AvgGFFull=1.64, DeltaGFL5=-0.34;0.0;0.0;0.0;0.0;0.0;0.0;0.0;0.0;0.0;0.0;3.0.0
2026-09-19;Serbia_SuperLiga;OFK Belgrado;Radnicki 1923;49.03;BASSA;12;2026-09-19;Serbia_SuperLiga;Serbia_SuperLiga;;V30 NO-SIGNAL: maturity=8 (home=9, away=8), MinOverL5=0.40, AvgGFL5=1.30, AvgGFFull=1.31, DeltaGFL5=-0.01;0.0;0.0;0.0;0.0;0.0;0.0;0.0;0.0;0.0;0.0;3.0.0
2026-09-19;England_Championship;Burnley;Derby;48.93;BASSA;9;2026-09-19;England_Championship;England_Championship;;V30 NO-SIGNAL: maturity=6 (home=7, away=6), MinOverL5=0.60, AvgGFL5=0.80, AvgGFFull=0.90, DeltaGFL5=-0.10;0.0;0.0;0.0;0.0;0.0;0.0;0.0;0.0;0.0;0.0;3.0.0
2026-09-19;France_Ligue2;Guingamp;Red Star;48.92;BASSA;7;2026-09-19;France_Ligue2;France_Ligue2;;V30 NO-SIGNAL: maturity=6 (home=6, away=6), MinOverL5=0.40, AvgGFL5=1.30, AvgGFFull=1.25, DeltaGFL5=+0.05;0.0;0.0;0.0;0.0;0.0;0.0;0.0;0.0;0.0;0.0;3.0.0
2026-09-19;Scotland_Premiership;Dundee FC;Motherwell;48.92;BASSA;8;2026-09-19;Scotland_Premiership;Scotland_Premiership;;V30 NO-SIGNAL: maturity=6 (home=6, away=6), MinOverL5=0.40, AvgGFL5=1.30, AvgGFFull=1.25, DeltaGFL5=+0.05;0.0;0.0;0.0;0.0;0.0;0.0;0.0;0.0;0.0;0.0;3.0.0
2026-09-19;Germany_Regionalliga_Sudwest;Aalen;Freiberg;48.86;BASSA;10;2026-09-19;Germany_Regionalliga_Sudwest;Germany_Regionalliga_Sudwest;;V30 NO-SIGNAL: maturity=7 (home=7, away=7), MinOverL5=0.40, AvgGFL5=1.80, AvgGFFull=2.00, DeltaGFL5=-0.20;0.0;0.0;0.0;0.0;0.0;0.0;0.0;0.0;0.0;0.0;3.0.0
2026-09-19;Hungary_NBI;Debrecen;Vasas;48.81;BASSA;9;2026-09-19;Hungary_NBI;Hungary_NBI;;V30 NO-SIGNAL: maturity=7 (home=7, away=8), MinOverL5=0.40, AvgGFL5=1.50, AvgGFFull=1.59, DeltaGFL5=-0.09;0.0;0.0;0.0;0.0;0.0;0.0;0.0;0.0;0.0;0.0;3.0.0
2026-09-19;Germany_Oberliga_Bayern_Nord;DJK Bamberg;Ingolstadt 2;48.8;BASSA;15;2026-09-19;Germany_Oberliga_Bayern_Nord;Germany_Oberliga_Bayern_Nord;;V30 NO-SIGNAL: maturity=10 (home=10, away=10), MinOverL5=0.60, AvgGFL5=1.20, AvgGFFull=1.40, DeltaGFL5=-0.20;0.0;0.0;0.0;0.0;0.0;0.0;0.0;0.0;0.0;0.0;3.0.0
2026-09-19;CzechRepublic_4Liga_GroupD;Chotebor;Znojmo;48.79;BASSA;7;2026-09-19;CzechRepublic_4Liga_GroupD;CzechRepublic_4Liga_GroupD;CzechRepublic_4Liga;V30 NO-SIGNAL: maturity=6 (home=6, away=6), MinOverL5=0.20, AvgGFL5=1.80, AvgGFFull=1.58, DeltaGFL5=+0.22;0.0;0.0;0.0;0.0;0.0;0.0;0.0;0.0;0.0;0.0;3.0.0
2026-09-19;Ukraine_PremierLeague;FC Kharkiv;Bukovyna;48.78;BASSA;7;2026-09-19;Ukraine_PremierLeague;Ukraine_PremierLeague;;V30 NO-SIGNAL: maturity=5 (home=5, away=6), MinOverL5=0.40, AvgGFL5=1.40, AvgGFFull=1.33, DeltaGFL5=+0.07;0.0;0.0;0.0;0.0;0.0;0.0;0.0;0.0;0.0;0.0;3.0.0
2026-09-19;Armenia_PremierLeague;Alashkert;Pyunik;48.73;BASSA;11;2026-09-19;Armenia_PremierLeague;Armenia_PremierLeague;;V30 NO-SIGNAL: maturity=7 (home=7, away=7), MinOverL5=0.40, AvgGFL5=1.90, AvgGFFull=2.14, DeltaGFL5=-0.24;0.0;0.0;0.0;0.0;0.0;0.0;0.0;0.0;0.0;0.0;3.0.0
2026-09-19;Mexico_LigaExpansionMX_Apertura;Piratas;Venados;48.73;BASSA;10;2026-09-19;Mexico_LigaExpansionMX_Apertura;Mexico_LigaExpansionMX_Apertura;;V30 NO-SIGNAL: maturity=8 (home=8, away=8), MinOverL5=0.20, AvgGFL5=2.00, AvgGFFull=1.94, DeltaGFL5=+0.06;0.0;0.0;0.0;0.0;0.0;0.0;0.0;0.0;0.0;0.0;3.0.0
2026-09-19;Germany_3Liga;Stoccarda 2;Regensburg;48.66;BASSA;8;2026-09-19;Germany_3Liga;Germany_3Liga;;V30 NO-SIGNAL: maturity=6 (home=6, away=6), MinOverL5=0.80, AvgGFL5=1.10, AvgGFFull=1.58, DeltaGFL5=-0.48;0.0;0.0;0.0;0.0;0.0;0.0;0.0;0.0;0.0;0.0;3.0.0
2026-09-19;Norway_3rdDivision_Group4;Hinna;Akra;48.65;BASSA;23;2026-09-19;Norway_3rdDivision_Group4;Norway_3rdDivision_Group4;;V30 NO-SIGNAL: maturity=19 (home=19, away=19), MinOverL5=0.80, AvgGFL5=1.40, AvgGFFull=1.55, DeltaGFL5=-0.15;0.0;0.0;0.0;0.0;0.0;0.0;0.0;0.0;0.0;0.0;3.0.0
2026-09-19;Belarus_PershayaLiga;Minsk 2;Osipovichi;48.5;BASSA;27;2026-09-19;Belarus_PershayaLiga;Belarus_PershayaLiga;;V30 NO-SIGNAL: maturity=24 (home=24, away=24), MinOverL5=0.60, AvgGFL5=1.30, AvgGFFull=1.25, DeltaGFL5=+0.05;0.0;0.0;0.0;0.0;0.0;0.0;0.0;0.0;0.0;0.0;3.0.0
2026-09-19;Italy_SerieA;Venezia;Lazio;48.49;BASSA;5;2026-09-19;Italy_SerieA;Italy_SerieA;;V30 NO-SIGNAL: maturity=4 (home=4, away=4), MinOverL5=0.50, AvgGFL5=1.25, AvgGFFull=1.25, DeltaGFL5=+0.00;0.0;0.0;0.0;0.0;0.0;0.0;0.0;0.0;0.0;0.0;3.0.0
2026-09-19;Norway_3rdDivision_Group2;Volda TI;Strindheim;48.42;BASSA;23;2026-09-19;Norway_3rdDivision_Group2;Norway_3rdDivision_Group2;;V30 NO-SIGNAL: maturity=19 (home=19, away=20), MinOverL5=0.60, AvgGFL5=2.30, AvgGFFull=2.52, DeltaGFL5=-0.22;0.0;0.0;0.0;0.0;0.0;0.0;0.0;0.0;0.0;0.0;3.0.0
2026-09-19;Poland_IIILiga_Group4;Wieczysta Krakow 2;Star Starachowice;48.15;BASSA;8;2026-09-19;Poland_IIILiga_Group4;Poland_IIILiga_Group4;;V30 NO-SIGNAL: maturity=7 (home=7, away=7), MinOverL5=0.40, AvgGFL5=1.00, AvgGFFull=0.93, DeltaGFL5=+0.07;0.0;0.0;0.0;0.0;0.0;0.0;0.0;0.0;0.0;0.0;3.0.0
2026-09-19;Lithuania_ILyga;FK Minija;Neptunas;47.93;BASSA;26;2026-09-19;Lithuania_ILyga;Lithuania_ILyga;;V30 NO-SIGNAL: maturity=23 (home=23, away=24), MinOverL5=0.40, AvgGFL5=2.10, AvgGFFull=1.99, DeltaGFL5=+0.11;0.0;0.0;0.0;0.0;0.0;0.0;0.0;0.0;0.0;0.0;3.0.0
2026-09-19;Indonesia_SuperLeague;Persija Jakarta;Java United;47.84;BASSA;4;2026-09-19;Indonesia_SuperLeague;Indonesia_SuperLeague;;V30 NO-SIGNAL: maturity=2 (home=2, away=2), MinOverL5=0.50, AvgGFL5=1.50, AvgGFFull=1.50, DeltaGFL5=+0.00;0.0;0.0;0.0;0.0;0.0;0.0;0.0;0.0;0.0;0.0;3.0.0
2026-09-19;Japan_J1League;Tokyo;Nagoya;47.71;BASSA;7;2026-09-19;Japan_J1League;Japan_J1League;;V30 NO-SIGNAL: maturity=7 (home=7, away=7), MinOverL5=0.20, AvgGFL5=1.60, AvgGFFull=1.43, DeltaGFL5=+0.17;0.0;0.0;0.0;0.0;0.0;0.0;0.0;0.0;0.0;0.0;3.0.0
2026-09-19;Austria_Bundesliga;Grazer;Austria Vienna;47.69;BASSA;8;2026-09-19;Austria_Bundesliga;Austria_Bundesliga;;V30 NO-SIGNAL: maturity=6 (home=6, away=6), MinOverL5=0.40, AvgGFL5=0.90, AvgGFFull=0.75, DeltaGFL5=+0.15;0.0;0.0;0.0;0.0;0.0;0.0;0.0;0.0;0.0;0.0;3.0.0
2026-09-19;NorthernIreland_NIFLPremiership;Linfield;Crusaders;47.58;BASSA;10;2026-09-19;NorthernIreland_NIFLPremiership;NorthernIreland_NIFLPremiership;;V30 NO-SIGNAL: maturity=7 (home=7, away=7), MinOverL5=0.20, AvgGFL5=1.70, AvgGFFull=1.57, DeltaGFL5=+0.13;0.0;0.0;0.0;0.0;0.0;0.0;0.0;0.0;0.0;0.0;3.0.0
2026-09-19;Austria_Salzburg;TSU Bramberg;Burmoos;47.54;BASSA;10;2026-09-19;Austria_Salzburg;Austria_Salzburg;;V30 NO-SIGNAL: maturity=7 (home=7, away=7), MinOverL5=0.40, AvgGFL5=2.10, AvgGFFull=2.43, DeltaGFL5=-0.33;0.0;0.0;0.0;0.0;0.0;0.0;0.0;0.0;0.0;0.0;3.0.0
2026-09-19;Italy_SerieC_GironeC;Savoia;Casarano;47.5;BASSA;6;2026-09-19;Italy_SerieC_GironeC;Italy_SerieC_GironeC;;V30 NO-SIGNAL: maturity=4 (home=5, away=4), MinOverL5=0.40, AvgGFL5=1.60, AvgGFFull=1.60, DeltaGFL5=+0.00;0.0;0.0;0.0;0.0;0.0;0.0;0.0;0.0;0.0;0.0;3.0.0
2026-09-19;Serbia_SuperLiga;Radnik;Partizan;47.49;BASSA;12;2026-09-19;Serbia_SuperLiga;Serbia_SuperLiga;;V30 NO-SIGNAL: maturity=8 (home=9, away=8), MinOverL5=0.40, AvgGFL5=1.30, AvgGFFull=1.37, DeltaGFL5=-0.07;0.0;0.0;0.0;0.0;0.0;0.0;0.0;0.0;0.0;0.0;3.0.0
2026-09-19;Romania_Superliga;CFR Cluj;Botosani;47.43;BASSA;10;2026-09-19;Romania_Superliga;Romania_Superliga;;V30 NO-SIGNAL: maturity=7 (home=7, away=9), MinOverL5=0.40, AvgGFL5=1.40, AvgGFFull=1.51, DeltaGFL5=-0.11;0.0;0.0;0.0;0.0;0.0;0.0;0.0;0.0;0.0;0.0;3.0.0
2026-09-19;CzechRepublic_4Liga_GroupD;Kurim;Zdirec n. D.;47.2;BASSA;7;2026-09-19;CzechRepublic_4Liga_GroupD;CzechRepublic_4Liga_GroupD;CzechRepublic_4Liga;V30 NO-SIGNAL: maturity=6 (home=6, away=6), MinOverL5=0.60, AvgGFL5=1.40, AvgGFFull=1.92, DeltaGFL5=-0.52;0.0;0.0;0.0;0.0;0.0;0.0;0.0;0.0;0.0;0.0;3.0.0
2026-09-19;Bosnia_WWINLigaBiH;BSK Banja Luka;Radnik Bijeljina;47.13;BASSA;10;2026-09-19;Bosnia_WWINLigaBiH;Bosnia_WWINLigaBiH;;V30 NO-SIGNAL: maturity=5 (home=5, away=5), MinOverL5=0.40, AvgGFL5=1.40, AvgGFFull=1.40, DeltaGFL5=+0.00;0.0;0.0;0.0;0.0;0.0;0.0;0.0;0.0;0.0;0.0;3.0.0
2026-09-19;Sweden_Superettan;Öster;Norrkoping;47.08;BASSA;29;2026-09-19;Sweden_Superettan;Sweden_Superettan;;V30 NO-SIGNAL: maturity=23 (home=23, away=24), MinOverL5=0.60, AvgGFL5=1.60, AvgGFFull=1.72, DeltaGFL5=-0.12;0.0;0.0;0.0;0.0;0.0;0.0;0.0;0.0;0.0;0.0;3.0.0
2026-09-19;Germany_Oberliga_NOFV_Nord;Lichtenberg;Makkabi Berlin;47.01;BASSA;5;2026-09-19;Germany_Oberliga_NOFV_Nord;Germany_Oberliga_NOFV_Nord;;V30 NO-SIGNAL: maturity=3 (home=4, away=3), MinOverL5=0.50, AvgGFL5=1.25, AvgGFFull=1.25, DeltaGFL5=+0.00;0.0;0.0;0.0;0.0;0.0;0.0;0.0;0.0;0.0;0.0;3.0.0
2026-09-19;CzechRepublic_1Liga;Artis Brno;Liberec;47.01;BASSA;11;2026-09-19;CzechRepublic_1Liga;CzechRepublic_1Liga;;V30 NO-SIGNAL: maturity=8 (home=8, away=8), MinOverL5=0.40, AvgGFL5=1.20, AvgGFFull=1.25, DeltaGFL5=-0.05;0.0;0.0;0.0;0.0;0.0;0.0;0.0;0.0;0.0;0.0;3.0.0
2026-09-19;Belgium_JupilerProLeague;Lommel SK;KV Mechelen;46.97;BASSA;10;2026-09-19;Belgium_JupilerProLeague;Belgium_JupilerProLeague;;V30 NO-SIGNAL: maturity=6 (home=6, away=6), MinOverL5=0.40, AvgGFL5=1.00, AvgGFFull=0.92, DeltaGFL5=+0.08;0.0;0.0;0.0;0.0;0.0;0.0;0.0;0.0;0.0;0.0;3.0.0
2026-09-19;Germany_Oberliga_Hessen;Alzenau;Baunatal;46.93;BASSA;11;2026-09-19;Germany_Oberliga_Hessen;Germany_Oberliga_Hessen;;V30 NO-SIGNAL: maturity=9 (home=9, away=9), MinOverL5=0.40, AvgGFL5=1.10, AvgGFFull=1.06, DeltaGFL5=+0.04;0.0;0.0;0.0;0.0;0.0;0.0;0.0;0.0;0.0;0.0;3.0.0
2026-09-19;Austria_Wien;Post Wien;Slovan HAC;46.9;BASSA;5;2026-09-19;Austria_Wien;Austria_Wien;;V30 NO-SIGNAL: maturity=3 (home=3, away=3), MinOverL5=0.33, AvgGFL5=2.83, AvgGFFull=2.83, DeltaGFL5=+0.00;0.0;0.0;0.0;0.0;0.0;0.0;0.0;0.0;0.0;0.0;3.0.0
2026-09-19;England_PremierLeague;Brighton;Arsenal;46.9;BASSA;5;2026-09-19;England_PremierLeague;England_PremierLeague;;V30 NO-SIGNAL: maturity=3 (home=4, away=3), MinOverL5=0.33, AvgGFL5=2.46, AvgGFFull=2.46, DeltaGFL5=+0.00;0.0;0.0;0.0;0.0;0.0;0.0;0.0;0.0;0.0;0.0;3.0.0
2026-09-19;Slovenia_2SNL;Ilirija;Krsko Posavje;46.86;BASSA;8;2026-09-19;Slovenia_2SNL;Slovenia_2SNL;;V30 NO-SIGNAL: maturity=6 (home=6, away=6), MinOverL5=0.40, AvgGFL5=1.30, AvgGFFull=1.33, DeltaGFL5=-0.03;0.0;0.0;0.0;0.0;0.0;0.0;0.0;0.0;0.0;0.0;3.0.0
2026-09-19;Germany_Oberliga_Bayern_Sud;Pipinsried;Kirchanschoring;46.65;BASSA;12;2026-09-19;Germany_Oberliga_Bayern_Sud;Germany_Oberliga_Bayern_Sud;;V30 NO-SIGNAL: maturity=10 (home=10, away=10), MinOverL5=0.60, AvgGFL5=1.50, AvgGFFull=2.10, DeltaGFL5=-0.60;0.0;0.0;0.0;0.0;0.0;0.0;0.0;0.0;0.0;0.0;3.0.0
2026-09-19;Poland_Division1;Legnica;S. Rzeszow;46.57;BASSA;9;2026-09-19;Poland_Division1;Poland_Division1;;V30 NO-SIGNAL: maturity=8 (home=8, away=8), MinOverL5=0.20, AvgGFL5=1.40, AvgGFFull=1.19, DeltaGFL5=+0.21;0.0;0.0;0.0;0.0;0.0;0.0;0.0;0.0;0.0;0.0;3.0.0
2026-09-19;Finland_Ykkosliiga;Mikkeli;Jippo;46.51;BASSA;27;2026-09-19;Finland_Ykkosliiga;Finland_Ykkosliiga;;V30 NO-SIGNAL: maturity=23 (home=23, away=24), MinOverL5=0.40, AvgGFL5=1.60, AvgGFFull=1.25, DeltaGFL5=+0.35;0.0;0.0;0.0;0.0;0.0;0.0;0.0;0.0;0.0;0.0;3.0.0
2026-09-19;Iceland_BestaDeildKarla;Akureyri;Thor Akureyri;46.51;BASSA;29;2026-09-19;Iceland_BestaDeildKarla;Iceland_BestaDeildKarla;;V30 NO-SIGNAL: maturity=23 (home=23, away=23), MinOverL5=0.40, AvgGFL5=1.60, AvgGFFull=1.26, DeltaGFL5=+0.34;0.0;0.0;0.0;0.0;0.0;0.0;0.0;0.0;0.0;0.0;3.0.0
2026-09-19;Iceland_BestaDeildKvenna;Valur D;Thor/KA D;46.51;BASSA;22;2026-09-19;Iceland_BestaDeildKvenna;Iceland_BestaDeildKvenna;;V30 NO-SIGNAL: maturity=18 (home=18, away=18), MinOverL5=0.40, AvgGFL5=1.60, AvgGFFull=1.28, DeltaGFL5=+0.32;0.0;0.0;0.0;0.0;0.0;0.0;0.0;0.0;0.0;0.0;3.0.0
2026-09-19;Germany_Regionalliga_Sudwest;Mainz 2;Kaiserslautern 2;46.44;BASSA;10;2026-09-19;Germany_Regionalliga_Sudwest;Germany_Regionalliga_Sudwest;;V30 NO-SIGNAL: maturity=7 (home=7, away=7), MinOverL5=0.60, AvgGFL5=0.70, AvgGFFull=0.93, DeltaGFL5=-0.23;0.0;0.0;0.0;0.0;0.0;0.0;0.0;0.0;0.0;0.0;3.0.0
2026-09-19;Norway_3rdDivision_Group6;Orn;Oppsal;46.27;BASSA;21;2026-09-19;Norway_3rdDivision_Group6;Norway_3rdDivision_Group6;;V30 NO-SIGNAL: maturity=19 (home=19, away=20), MinOverL5=0.40, AvgGFL5=1.90, AvgGFFull=1.82, DeltaGFL5=+0.08;0.0;0.0;0.0;0.0;0.0;0.0;0.0;0.0;0.0;0.0;3.0.0
2026-09-19;France_Ligue1;Angers;Troyes;46.24;BASSA;5;2026-09-19;France_Ligue1;France_Ligue1;;V30 NO-SIGNAL: maturity=3 (home=4, away=3), MinOverL5=0.50, AvgGFL5=1.17, AvgGFFull=1.17, DeltaGFL5=+0.00;0.0;0.0;0.0;0.0;0.0;0.0;0.0;0.0;0.0;0.0;3.0.0
2026-09-19;England_LeagueOne;Barnsley;Leicester;46.21;BASSA;8;2026-09-19;England_LeagueOne;England_LeagueOne;;V30 NO-SIGNAL: maturity=5 (home=5, away=5), MinOverL5=0.40, AvgGFL5=1.30, AvgGFFull=1.30, DeltaGFL5=+0.00;0.0;0.0;0.0;0.0;0.0;0.0;0.0;0.0;0.0;0.0;3.0.0
2026-09-19;Hungary_NBII;DVTK;Gyirmot;46.19;BASSA;8;2026-09-19;Hungary_NBII;Hungary_NBII;;V30 NO-SIGNAL: maturity=6 (home=6, away=7), MinOverL5=0.60, AvgGFL5=1.10, AvgGFFull=1.43, DeltaGFL5=-0.33;0.0;0.0;0.0;0.0;0.0;0.0;0.0;0.0;0.0;0.0;3.0.0
2026-09-19;Germany_Oberliga_NOFV_Sud;Plauen;Krieschow;46.18;BASSA;5;2026-09-19;Germany_Oberliga_NOFV_Sud;Germany_Oberliga_NOFV_Sud;;V30 NO-SIGNAL: maturity=4 (home=4, away=4), MinOverL5=0.50, AvgGFL5=1.00, AvgGFFull=1.00, DeltaGFL5=+0.00;0.0;0.0;0.0;0.0;0.0;0.0;0.0;0.0;0.0;0.0;3.0.0
2026-09-19;Scotland_Premiership;Kilmarnock;Hearts;46.14;BASSA;8;2026-09-19;Scotland_Premiership;Scotland_Premiership;;V30 NO-SIGNAL: maturity=6 (home=6, away=6), MinOverL5=0.40, AvgGFL5=1.40, AvgGFFull=1.50, DeltaGFL5=-0.10;0.0;0.0;0.0;0.0;0.0;0.0;0.0;0.0;0.0;0.0;3.0.0
2026-09-19;Norway_2ndDivision_Group1;Sandviken;Vidar;46.08;BASSA;21;2026-09-19;Norway_2ndDivision_Group1;Norway_2ndDivision_Group1;;V30 NO-SIGNAL: maturity=19 (home=19, away=19), MinOverL5=0.60, AvgGFL5=1.20, AvgGFFull=1.21, DeltaGFL5=-0.01;0.0;0.0;0.0;0.0;0.0;0.0;0.0;0.0;0.0;0.0;3.0.0
2026-09-19;Poland_Ekstraklasa;Motor Lublin;Gornik Zabrze;46.08;BASSA;11;2026-09-19;Poland_Ekstraklasa;Poland_Ekstraklasa;;V30 NO-SIGNAL: maturity=8 (home=8, away=8), MinOverL5=0.40, AvgGFL5=1.40, AvgGFFull=1.56, DeltaGFL5=-0.16;0.0;0.0;0.0;0.0;0.0;0.0;0.0;0.0;0.0;0.0;3.0.0
2026-09-19;CzechRepublic_3MSFL;Vsetin;Nove Mesto na Morave;46.08;BASSA;9;2026-09-19;CzechRepublic_3MSFL;CzechRepublic_3MSFL;;V30 NO-SIGNAL: maturity=8 (home=8, away=8), MinOverL5=0.40, AvgGFL5=0.90, AvgGFFull=0.88, DeltaGFL5=+0.02;0.0;0.0;0.0;0.0;0.0;0.0;0.0;0.0;0.0;0.0;3.0.0
2026-09-19;France_National;Rouen;Aubagne;46.01;BASSA;8;2026-09-19;France_National;France_National;;V30 NO-SIGNAL: maturity=6 (home=6, away=6), MinOverL5=0.20, AvgGFL5=1.50, AvgGFFull=1.25, DeltaGFL5=+0.25;0.0;0.0;0.0;0.0;0.0;0.0;0.0;0.0;0.0;0.0;3.0.0
2026-09-19;Germany_Regionalliga_Nordost;BFC Preussen;Tasmania Berlin;46.01;BASSA;11;2026-09-19;Germany_Regionalliga_Nordost;Germany_Regionalliga_Nordost;;V30 NO-SIGNAL: maturity=9 (home=9, away=9), MinOverL5=0.20, AvgGFL5=1.50, AvgGFFull=1.17, DeltaGFL5=+0.33;0.0;0.0;0.0;0.0;0.0;0.0;0.0;0.0;0.0;0.0;3.0.0
2026-09-19;Norway_3rdDivision_Group2;FK Kvik;Ntnui;45.91;BASSA;23;2026-09-19;Norway_3rdDivision_Group2;Norway_3rdDivision_Group2;;V30 NO-SIGNAL: maturity=19 (home=19, away=19), MinOverL5=0.80, AvgGFL5=1.30, AvgGFFull=1.53, DeltaGFL5=-0.23;0.0;0.0;0.0;0.0;0.0;0.0;0.0;0.0;0.0;0.0;3.0.0
2026-09-19;CzechRepublic_3MSFL;Hlubina;Polanka nad Odrou;45.91;BASSA;9;2026-09-19;CzechRepublic_3MSFL;CzechRepublic_3MSFL;;V30 NO-SIGNAL: maturity=8 (home=8, away=8), MinOverL5=0.60, AvgGFL5=1.10, AvgGFFull=1.62, DeltaGFL5=-0.52;0.0;0.0;0.0;0.0;0.0;0.0;0.0;0.0;0.0;0.0;3.0.0
2026-09-19;Slovenia_PrvaLiga;Maribor;Aluminij;45.87;BASSA;11;2026-09-19;Slovenia_PrvaLiga;Slovenia_PrvaLiga;;V30 NO-SIGNAL: maturity=9 (home=9, away=11), MinOverL5=0.20, AvgGFL5=1.70, AvgGFFull=1.58, DeltaGFL5=+0.12;0.0;0.0;0.0;0.0;0.0;0.0;0.0;0.0;0.0;0.0;3.0.0
2026-09-19;Switzerland_PromotionLeague;Cham;Bruhl SG;45.86;BASSA;10;2026-09-19;Switzerland_PromotionLeague;Switzerland_PromotionLeague;;V30 NO-SIGNAL: maturity=7 (home=7, away=7), MinOverL5=0.40, AvgGFL5=1.40, AvgGFFull=1.57, DeltaGFL5=-0.17;0.0;0.0;0.0;0.0;0.0;0.0;0.0;0.0;0.0;0.0;3.0.0
2026-09-19;Sweden_Division2_NorraSvealand;Bollstanas;Skiljebo;45.85;BASSA;23;2026-09-19;Sweden_Division2_NorraSvealand;Sweden_Division2_NorraSvealand;;V30 NO-SIGNAL: maturity=21 (home=21, away=23), MinOverL5=0.80, AvgGFL5=1.70, AvgGFFull=2.08, DeltaGFL5=-0.38;0.0;0.0;0.0;0.0;0.0;0.0;0.0;0.0;0.0;0.0;3.0.0
2026-09-19;Germany_Oberliga_BadenWurttemberg;Backnang;Oberachern;45.77;BASSA;10;2026-09-19;Germany_Oberliga_BadenWurttemberg;Germany_Oberliga_BadenWurttemberg;;V30 NO-SIGNAL: maturity=7 (home=7, away=7), MinOverL5=0.40, AvgGFL5=2.10, AvgGFFull=2.71, DeltaGFL5=-0.61;0.0;0.0;0.0;0.0;0.0;0.0;0.0;0.0;0.0;0.0;3.0.0
2026-09-19;Italy_SerieC_GironeC;Sorrento;Bari;45.65;BASSA;6;2026-09-19;Italy_SerieC_GironeC;Italy_SerieC_GironeC;;V30 NO-SIGNAL: maturity=4 (home=5, away=4), MinOverL5=0.40, AvgGFL5=1.40, AvgGFFull=1.40, DeltaGFL5=+0.00;0.0;0.0;0.0;0.0;0.0;0.0;0.0;0.0;0.0;0.0;3.0.0
2026-09-19;Montenegro_PrvaCrnogorskaLiga;Arsenal Tivat;Sutjeska;45.64;BASSA;10;2026-09-19;Montenegro_PrvaCrnogorskaLiga;Montenegro_PrvaCrnogorskaLiga;;V30 NO-SIGNAL: maturity=8 (home=8, away=8), MinOverL5=0.20, AvgGFL5=1.30, AvgGFFull=0.88, DeltaGFL5=+0.43;0.0;0.0;0.0;0.0;0.0;0.0;0.0;0.0;0.0;0.0;3.0.0
2026-09-19;Norway_3rdDivision_Group5;Skjervoy;Skedsmo;45.51;BASSA;22;2026-09-19;Norway_3rdDivision_Group5;Norway_3rdDivision_Group5;;V30 NO-SIGNAL: maturity=19 (home=19, away=19), MinOverL5=0.60, AvgGFL5=1.70, AvgGFFull=1.92, DeltaGFL5=-0.22;0.0;0.0;0.0;0.0;0.0;0.0;0.0;0.0;0.0;0.0;3.0.0
2026-09-19;Poland_IIILiga_Group1;Weszlo;Elblag;45.47;BASSA;9;2026-09-19;Poland_IIILiga_Group1;Poland_IIILiga_Group1;;V30 NO-SIGNAL: maturity=8 (home=8, away=8), MinOverL5=0.40, AvgGFL5=1.70, AvgGFFull=2.00, DeltaGFL5=-0.30;0.0;0.0;0.0;0.0;0.0;0.0;0.0;0.0;0.0;0.0;3.0.0
2026-09-19;Sweden_Division1_Norra;Enkoping SK;Karlstad;45.44;BASSA;25;2026-09-19;Sweden_Division1_Norra;Sweden_Division1_Norra;;V30 NO-SIGNAL: maturity=22 (home=22, away=22), MinOverL5=0.80, AvgGFL5=1.30, AvgGFFull=1.55, DeltaGFL5=-0.25;0.0;0.0;0.0;0.0;0.0;0.0;0.0;0.0;0.0;0.0;3.0.0
2026-09-19;Slovakia_3Liga_West;Castkovce;Komarno B;45.42;BASSA;7;2026-09-19;Slovakia_3Liga_West;Slovakia_3Liga_West;;V30 NO-SIGNAL: maturity=6 (home=6, away=6), MinOverL5=0.40, AvgGFL5=1.50, AvgGFFull=1.67, DeltaGFL5=-0.17;0.0;0.0;0.0;0.0;0.0;0.0;0.0;0.0;0.0;0.0;3.0.0
2026-09-19;Croatia_PrvaNL;Orijent;Opatija;45.28;BASSA;6;2026-09-19;Croatia_PrvaNL;Croatia_PrvaNL;;V30 NO-SIGNAL: maturity=5 (home=5, away=5), MinOverL5=0.40, AvgGFL5=1.20, AvgGFFull=1.20, DeltaGFL5=+0.00;0.0;0.0;0.0;0.0;0.0;0.0;0.0;0.0;0.0;0.0;3.0.0
2026-09-19;Austria_Regionalliga_West;Hohenems;SC Imst;45.2;BASSA;9;2026-09-19;Austria_Regionalliga_West;Austria_Regionalliga_West;;V30 NO-SIGNAL: maturity=7 (home=7, away=7), MinOverL5=0.40, AvgGFL5=1.90, AvgGFFull=2.29, DeltaGFL5=-0.39;0.0;0.0;0.0;0.0;0.0;0.0;0.0;0.0;0.0;0.0;3.0.0
2026-09-19;NorthMacedonia_1MFL;Vardar;Shkendija Haracine;45.19;BASSA;7;2026-09-19;NorthMacedonia_1MFL;NorthMacedonia_1MFL;;V30 NO-SIGNAL: maturity=6 (home=6, away=6), MinOverL5=0.20, AvgGFL5=1.50, AvgGFFull=1.33, DeltaGFL5=+0.17;0.0;0.0;0.0;0.0;0.0;0.0;0.0;0.0;0.0;0.0;3.0.0
2026-09-19;CzechRepublic_3MSFL;FK Frydek-Mistek;Havirov;45.16;BASSA;9;2026-09-19;CzechRepublic_3MSFL;CzechRepublic_3MSFL;;V30 NO-SIGNAL: maturity=8 (home=8, away=8), MinOverL5=0.40, AvgGFL5=1.10, AvgGFFull=1.19, DeltaGFL5=-0.09;0.0;0.0;0.0;0.0;0.0;0.0;0.0;0.0;0.0;0.0;3.0.0
2026-09-19;Austria_2Liga;St. Polten;Bregenz;45.09;BASSA;7;2026-09-19;Austria_2Liga;Austria_2Liga;;V30 NO-SIGNAL: maturity=6 (home=6, away=6), MinOverL5=0.20, AvgGFL5=1.40, AvgGFFull=1.17, DeltaGFL5=+0.23;0.0;0.0;0.0;0.0;0.0;0.0;0.0;0.0;0.0;0.0;3.0.0
2026-09-19;Ukraine_PershaLiga;Kolos Kovalivka 2;Probiy Horodenka;45.07;BASSA;8;2026-09-19;Ukraine_PershaLiga;Ukraine_PershaLiga;;V30 NO-SIGNAL: maturity=7 (home=7, away=7), MinOverL5=0.60, AvgGFL5=0.40, AvgGFFull=0.57, DeltaGFL5=-0.17;0.0;0.0;0.0;0.0;0.0;0.0;0.0;0.0;0.0;0.0;3.0.0
2026-09-19;Bosnia_PrvaLiga_RS;Kozara;Nevesinje;45.02;BASSA;7;2026-09-19;Bosnia_PrvaLiga_RS;Bosnia_PrvaLiga_RS;;V30 NO-SIGNAL: maturity=4 (home=4, away=4), MinOverL5=0.50, AvgGFL5=0.88, AvgGFFull=0.88, DeltaGFL5=+0.00;0.0;0.0;0.0;0.0;0.0;0.0;0.0;0.0;0.0;0.0;3.0.0
2026-09-19;Italy_SerieC_GironeC;Cosenza;Scafatese;45.02;BASSA;6;2026-09-19;Italy_SerieC_GironeC;Italy_SerieC_GironeC;;V30 NO-SIGNAL: maturity=4 (home=4, away=4), MinOverL5=0.50, AvgGFL5=0.88, AvgGFFull=0.88, DeltaGFL5=+0.00;0.0;0.0;0.0;0.0;0.0;0.0;0.0;0.0;0.0;0.0;3.0.0
2026-09-19;France_National;Amiens;Orleans;44.91;BASSA;8;2026-09-19;France_National;France_National;;V30 NO-SIGNAL: maturity=6 (home=6, away=6), MinOverL5=0.40, AvgGFL5=1.00, AvgGFFull=1.00, DeltaGFL5=+0.00;0.0;0.0;0.0;0.0;0.0;0.0;0.0;0.0;0.0;0.0;3.0.0
2026-09-19;Paraguay_DivisionIntermedia;Fernando de la Mora;Resistencia;44.76;BASSA;10;2026-09-19;Paraguay_DivisionIntermedia;Paraguay_DivisionIntermedia;;V30 NO-SIGNAL: maturity=7 (home=7, away=7), MinOverL5=0.40, AvgGFL5=0.90, AvgGFFull=0.93, DeltaGFL5=-0.03;0.0;0.0;0.0;0.0;0.0;0.0;0.0;0.0;0.0;0.0;3.0.0
2026-09-19;FaroeIslands_PremierLeague;HB Torshavn;Argir;44.72;BASSA;27;2026-09-19;FaroeIslands_PremierLeague;FaroeIslands_PremierLeague;;V30 NO-SIGNAL: maturity=21 (home=21, away=22), MinOverL5=0.40, AvgGFL5=1.70, AvgGFFull=1.61, DeltaGFL5=+0.09;0.0;0.0;0.0;0.0;0.0;0.0;0.0;0.0;0.0;0.0;3.0.0
2026-09-19;Switzerland_SuperLeague;Young Boys;Servette;44.41;BASSA;10;2026-09-19;Switzerland_SuperLeague;Switzerland_SuperLeague;;V30 NO-SIGNAL: maturity=8 (home=8, away=8), MinOverL5=0.20, AvgGFL5=2.20, AvgGFFull=2.31, DeltaGFL5=-0.11;0.0;0.0;0.0;0.0;0.0;0.0;0.0;0.0;0.0;0.0;3.0.0
2026-09-19;Norway_3rdDivision_Group6;Lillehammer;Bjorkelangen;44.4;BASSA;21;2026-09-19;Norway_3rdDivision_Group6;Norway_3rdDivision_Group6;;V30 NO-SIGNAL: maturity=19 (home=20, away=19), MinOverL5=0.80, AvgGFL5=1.60, AvgGFFull=2.07, DeltaGFL5=-0.47;0.0;0.0;0.0;0.0;0.0;0.0;0.0;0.0;0.0;0.0;3.0.0
2026-09-19;Latvia_NakotnesLiga;Tukums 2000 2;Rezekne;44.37;BASSA;22;2026-09-19;Latvia_NakotnesLiga;Latvia_NakotnesLiga;;V30 NO-SIGNAL: maturity=18 (home=18, away=20), MinOverL5=0.80, AvgGFL5=0.90, AvgGFFull=1.04, DeltaGFL5=-0.14;0.0;0.0;0.0;0.0;0.0;0.0;0.0;0.0;0.0;0.0;3.0.0
2026-09-19;Germany_Oberliga_Niederrhein;Uerdingen;Sonsbeck;44.22;BASSA;9;2026-09-19;Germany_Oberliga_Niederrhein;Germany_Oberliga_Niederrhein;;V30 NO-SIGNAL: maturity=5 (home=5, away=5), MinOverL5=0.20, AvgGFL5=2.20, AvgGFFull=2.20, DeltaGFL5=+0.00;0.0;0.0;0.0;0.0;0.0;0.0;0.0;0.0;0.0;0.0;3.0.0
2026-09-19;Japan_J1League;Yokohama M.;Mito;44.19;BASSA;7;2026-09-19;Japan_J1League;Japan_J1League;;V30 NO-SIGNAL: maturity=7 (home=7, away=7), MinOverL5=0.20, AvgGFL5=1.60, AvgGFFull=1.57, DeltaGFL5=+0.03;0.0;0.0;0.0;0.0;0.0;0.0;0.0;0.0;0.0;0.0;3.0.0
2026-09-19;Scotland_Premiership;St. Mirren;Dundee Utd;44.19;BASSA;8;2026-09-19;Scotland_Premiership;Scotland_Premiership;;V30 NO-SIGNAL: maturity=6 (home=6, away=6), MinOverL5=0.40, AvgGFL5=1.10, AvgGFFull=1.17, DeltaGFL5=-0.07;0.0;0.0;0.0;0.0;0.0;0.0;0.0;0.0;0.0;0.0;3.0.0
2026-09-19;Poland_IIILiga_Group4;Ostrowiec;Chelmianka Chelm;43.92;BASSA;8;2026-09-19;Poland_IIILiga_Group4;Poland_IIILiga_Group4;;V30 NO-SIGNAL: maturity=7 (home=7, away=7), MinOverL5=0.20, AvgGFL5=1.80, AvgGFFull=1.86, DeltaGFL5=-0.06;0.0;0.0;0.0;0.0;0.0;0.0;0.0;0.0;0.0;0.0;3.0.0
2026-09-19;Iceland_BestaDeildKarla;KR Reykjavik;Vikingur Reykjavik;43.87;BASSA;29;2026-09-19;Iceland_BestaDeildKarla;Iceland_BestaDeildKarla;;V30 NO-SIGNAL: maturity=23 (home=23, away=23), MinOverL5=0.60, AvgGFL5=2.80, AvgGFFull=3.26, DeltaGFL5=-0.46;0.0;0.0;0.0;0.0;0.0;0.0;0.0;0.0;0.0;0.0;3.0.0
2026-09-19;Croatia_HNL;Varazdin;Osijek;43.82;BASSA;5;2026-09-19;Croatia_HNL;Croatia_HNL;10 clubs, quadruple round robin;V30 NO-SIGNAL: maturity=3 (home=3, away=4), MinOverL5=0.33, AvgGFL5=1.67, AvgGFFull=1.67, DeltaGFL5=+0.00;0.0;0.0;0.0;0.0;0.0;0.0;0.0;0.0;0.0;0.0;3.0.0
2026-09-19;France_Ligue1;Lione;Rennes;43.82;BASSA;5;2026-09-19;France_Ligue1;France_Ligue1;;V30 NO-SIGNAL: maturity=3 (home=3, away=4), MinOverL5=0.33, AvgGFL5=1.67, AvgGFFull=1.67, DeltaGFL5=+0.00;0.0;0.0;0.0;0.0;0.0;0.0;0.0;0.0;0.0;0.0;3.0.0
2026-09-19;Italy_SerieA;Udinese;Cagliari;43.82;BASSA;5;2026-09-19;Italy_SerieA;Italy_SerieA;;V30 NO-SIGNAL: maturity=3 (home=3, away=3), MinOverL5=0.33, AvgGFL5=1.67, AvgGFFull=1.67, DeltaGFL5=+0.00;0.0;0.0;0.0;0.0;0.0;0.0;0.0;0.0;0.0;0.0;3.0.0
2026-09-19;Wales_CymruPremier;TNS;Llandudno;43.79;BASSA;10;2026-09-19;Wales_CymruPremier;Wales_CymruPremier;;V30 NO-SIGNAL: maturity=9 (home=9, away=9), MinOverL5=0.20, AvgGFL5=2.20, AvgGFFull=2.28, DeltaGFL5=-0.08;0.0;0.0;0.0;0.0;0.0;0.0;0.0;0.0;0.0;0.0;3.0.0
2026-09-19;Sweden_Division2_Norrland;Boden;Skelleftea;43.78;BASSA;26;2026-09-19;Sweden_Division2_Norrland;Sweden_Division2_Norrland;;V30 NO-SIGNAL: maturity=22 (home=22, away=22), MinOverL5=0.80, AvgGFL5=1.40, AvgGFFull=1.75, DeltaGFL5=-0.35;0.0;0.0;0.0;0.0;0.0;0.0;0.0;0.0;0.0;0.0;3.0.0
2026-09-19;Poland_Ekstraklasa;Korona;Rakow;43.48;BASSA;11;2026-09-19;Poland_Ekstraklasa;Poland_Ekstraklasa;;V30 NO-SIGNAL: maturity=8 (home=8, away=8), MinOverL5=0.20, AvgGFL5=1.30, AvgGFFull=1.19, DeltaGFL5=+0.11;0.0;0.0;0.0;0.0;0.0;0.0;0.0;0.0;0.0;0.0;3.0.0
2026-09-19;CzechRepublic_4Liga_GroupD;Sparta Brno;Tasovice;43.47;BASSA;7;2026-09-19;CzechRepublic_4Liga_GroupD;CzechRepublic_4Liga_GroupD;CzechRepublic_4Liga;V30 NO-SIGNAL: maturity=6 (home=6, away=6), MinOverL5=0.40, AvgGFL5=1.20, AvgGFFull=1.33, DeltaGFL5=-0.13;0.0;0.0;0.0;0.0;0.0;0.0;0.0;0.0;0.0;0.0;3.0.0
2026-09-19;Bosnia_PrvaLiga_RS;Prijedor;Sutjeska Foca;43.43;BASSA;7;2026-09-19;Bosnia_PrvaLiga_RS;Bosnia_PrvaLiga_RS;;V30 NO-SIGNAL: maturity=5 (home=5, away=5), MinOverL5=0.40, AvgGFL5=1.00, AvgGFFull=1.00, DeltaGFL5=+0.00;0.0;0.0;0.0;0.0;0.0;0.0;0.0;0.0;0.0;0.0;3.0.0
2026-09-19;Norway_2ndDivision_Group1;Brattvag;Eik-Tonsberg;43.4;BASSA;21;2026-09-19;Norway_2ndDivision_Group1;Norway_2ndDivision_Group1;;V30 NO-SIGNAL: maturity=19 (home=19, away=19), MinOverL5=0.40, AvgGFL5=1.60, AvgGFFull=1.53, DeltaGFL5=+0.07;0.0;0.0;0.0;0.0;0.0;0.0;0.0;0.0;0.0;0.0;3.0.0
2026-09-19;Bosnia_PrvaLiga_FBiH;Igman K.;NK Vitez;43.34;BASSA;7;2026-09-19;Bosnia_PrvaLiga_FBiH;Bosnia_PrvaLiga_FBiH;double round robin inferred from league size.;V30 NO-SIGNAL: maturity=4 (home=4, away=5), MinOverL5=0.40, AvgGFL5=1.15, AvgGFFull=1.15, DeltaGFL5=+0.00;0.0;0.0;0.0;0.0;0.0;0.0;0.0;0.0;0.0;0.0;3.0.0
2026-09-19;Denmark_1stDivision;AB Copenhagen;Esbjerg;43.31;BASSA;10;2026-09-19;Denmark_1stDivision;Denmark_1stDivision;;V30 NO-SIGNAL: maturity=8 (home=8, away=8), MinOverL5=0.40, AvgGFL5=1.00, AvgGFFull=1.12, DeltaGFL5=-0.12;0.0;0.0;0.0;0.0;0.0;0.0;0.0;0.0;0.0;0.0;3.0.0
2026-09-19;Indonesia_SuperLeague;FC Bhayangkara;Isenmulang Kalteng;43.22;BASSA;4;2026-09-19;Indonesia_SuperLeague;Indonesia_SuperLeague;;V30 NO-SIGNAL: maturity=2 (home=2, away=2), MinOverL5=0.50, AvgGFL5=1.00, AvgGFFull=1.00, DeltaGFL5=+0.00;0.0;0.0;0.0;0.0;0.0;0.0;0.0;0.0;0.0;0.0;3.0.0
2026-09-19;Scotland_Premiership;Hibernian;Aberdeen;42.86;BASSA;8;2026-09-19;Scotland_Premiership;Scotland_Premiership;;V30 NO-SIGNAL: maturity=6 (home=6, away=6), MinOverL5=0.40, AvgGFL5=1.00, AvgGFFull=1.08, DeltaGFL5=-0.08;0.0;0.0;0.0;0.0;0.0;0.0;0.0;0.0;0.0;0.0;3.0.0
2026-09-19;Belgium_JupilerProLeague;Charleroi;Cercle Brugge;42.75;BASSA;10;2026-09-19;Belgium_JupilerProLeague;Belgium_JupilerProLeague;;V30 NO-SIGNAL: maturity=6 (home=6, away=6), MinOverL5=0.40, AvgGFL5=1.30, AvgGFFull=1.50, DeltaGFL5=-0.20;0.0;0.0;0.0;0.0;0.0;0.0;0.0;0.0;0.0;0.0;3.0.0
2026-09-19;England_LeagueOne;Reading;Notts County;42.74;BASSA;8;2026-09-19;England_LeagueOne;England_LeagueOne;;V30 NO-SIGNAL: maturity=4 (home=4, away=5), MinOverL5=0.20, AvgGFL5=2.00, AvgGFFull=2.00, DeltaGFL5=+0.00;0.0;0.0;0.0;0.0;0.0;0.0;0.0;0.0;0.0;0.0;3.0.0
2026-09-19;Sweden_Superettan;Oddevold;Värnamo;42.71;BASSA;29;2026-09-19;Sweden_Superettan;Sweden_Superettan;;V30 NO-SIGNAL: maturity=24 (home=24, away=24), MinOverL5=0.40, AvgGFL5=1.50, AvgGFFull=1.42, DeltaGFL5=+0.08;0.0;0.0;0.0;0.0;0.0;0.0;0.0;0.0;0.0;0.0;3.0.0
2026-09-19;Germany_Regionalliga_West;Hilden;Bochum 2;42.69;BASSA;10;2026-09-19;Germany_Regionalliga_West;Germany_Regionalliga_West;;V30 NO-SIGNAL: maturity=8 (home=8, away=8), MinOverL5=0.40, AvgGFL5=0.80, AvgGFFull=0.88, DeltaGFL5=-0.07;0.0;0.0;0.0;0.0;0.0;0.0;0.0;0.0;0.0;0.0;3.0.0
2026-09-19;NorthernIreland_NIFLPremiership;Cliftonville;Glentoran;42.6;BASSA;10;2026-09-19;NorthernIreland_NIFLPremiership;NorthernIreland_NIFLPremiership;;V30 NO-SIGNAL: maturity=7 (home=7, away=7), MinOverL5=0.40, AvgGFL5=1.20, AvgGFFull=1.43, DeltaGFL5=-0.23;0.0;0.0;0.0;0.0;0.0;0.0;0.0;0.0;0.0;0.0;3.0.0
2026-09-19;NorthernIreland_NIFLChampionship;Moyola;Ards;42.6;BASSA;8;2026-09-19;NorthernIreland_NIFLChampionship;NorthernIreland_NIFLChampionship;;V30 NO-SIGNAL: maturity=7 (home=7, away=7), MinOverL5=0.40, AvgGFL5=1.20, AvgGFFull=1.43, DeltaGFL5=-0.23;0.0;0.0;0.0;0.0;0.0;0.0;0.0;0.0;0.0;0.0;3.0.0
2026-09-19;Austria_Oberosterreich;Andorf;Perg;42.29;BASSA;10;2026-09-19;Austria_Oberosterreich;Austria_Oberosterreich;;V30 NO-SIGNAL: maturity=7 (home=7, away=7), MinOverL5=0.20, AvgGFL5=1.70, AvgGFFull=1.79, DeltaGFL5=-0.09;0.0;0.0;0.0;0.0;0.0;0.0;0.0;0.0;0.0;0.0;3.0.0
2026-09-19;Poland_Division2;Z. Gora;Pruszkow;42.07;BASSA;9;2026-09-19;Poland_Division2;Poland_Division2;;V30 NO-SIGNAL: maturity=8 (home=8, away=8), MinOverL5=0.40, AvgGFL5=1.60, AvgGFFull=2.00, DeltaGFL5=-0.40;0.0;0.0;0.0;0.0;0.0;0.0;0.0;0.0;0.0;0.0;3.0.0
2026-09-19;CzechRepublic_1Liga;Slovacko;Ostrava;42.07;BASSA;11;2026-09-19;CzechRepublic_1Liga;CzechRepublic_1Liga;;V30 NO-SIGNAL: maturity=8 (home=8, away=8), MinOverL5=0.40, AvgGFL5=0.60, AvgGFFull=0.62, DeltaGFL5=-0.03;0.0;0.0;0.0;0.0;0.0;0.0;0.0;0.0;0.0;0.0;3.0.0
2026-09-19;Norway_3rdDivision_Group4;Vag;Brodd;42.01;BASSA;23;2026-09-19;Norway_3rdDivision_Group4;Norway_3rdDivision_Group4;;V30 NO-SIGNAL: maturity=19 (home=19, away=19), MinOverL5=0.80, AvgGFL5=1.30, AvgGFFull=1.68, DeltaGFL5=-0.38;0.0;0.0;0.0;0.0;0.0;0.0;0.0;0.0;0.0;0.0;3.0.0
2026-09-19;Poland_Division1;Termalica B-B.;Odra Opole;41.94;BASSA;9;2026-09-19;Poland_Division1;Poland_Division1;;V30 NO-SIGNAL: maturity=8 (home=8, away=8), MinOverL5=0.20, AvgGFL5=1.30, AvgGFFull=1.25, DeltaGFL5=+0.05;0.0;0.0;0.0;0.0;0.0;0.0;0.0;0.0;0.0;0.0;3.0.0
2026-09-19;Finland_Ykkosliiga;SJK Akatemia;KaPa;41.89;BASSA;27;2026-09-19;Finland_Ykkosliiga;Finland_Ykkosliiga;;V30 NO-SIGNAL: maturity=22 (home=22, away=23), MinOverL5=0.40, AvgGFL5=1.10, AvgGFFull=0.84, DeltaGFL5=+0.26;0.0;0.0;0.0;0.0;0.0;0.0;0.0;0.0;0.0;0.0;3.0.0
2026-09-19;England_Championship;Portsmouth;Blackburn;41.79;BASSA;9;2026-09-19;England_Championship;England_Championship;;V30 NO-SIGNAL: maturity=5 (home=5, away=6), MinOverL5=0.40, AvgGFL5=1.00, AvgGFFull=1.07, DeltaGFL5=-0.07;0.0;0.0;0.0;0.0;0.0;0.0;0.0;0.0;0.0;0.0;3.0.0
2026-09-19;Belarus_PershayaLiga;Smorgon;Niva Dolbizno;41.76;BASSA;27;2026-09-19;Belarus_PershayaLiga;Belarus_PershayaLiga;;V30 NO-SIGNAL: maturity=24 (home=24, away=24), MinOverL5=0.20, AvgGFL5=2.70, AvgGFFull=1.92, DeltaGFL5=+0.78;0.0;0.0;0.0;0.0;0.0;0.0;0.0;0.0;0.0;0.0;3.0.0
2026-09-19;Sweden_Division2_NorraGotaland;Motala;Grebbestad;41.74;BASSA;24;2026-09-19;Sweden_Division2_NorraGotaland;Sweden_Division2_NorraGotaland;;V30 NO-SIGNAL: maturity=21 (home=21, away=21), MinOverL5=0.60, AvgGFL5=1.30, AvgGFFull=1.52, DeltaGFL5=-0.22;0.0;0.0;0.0;0.0;0.0;0.0;0.0;0.0;0.0;0.0;3.0.0
2026-09-19;Japan_J1League;Shimizu;Chiba;41.59;BASSA;7;2026-09-19;Japan_J1League;Japan_J1League;;V30 NO-SIGNAL: maturity=7 (home=7, away=7), MinOverL5=0.20, AvgGFL5=0.90, AvgGFFull=0.71, DeltaGFL5=+0.19;0.0;0.0;0.0;0.0;0.0;0.0;0.0;0.0;0.0;0.0;3.0.0
2026-09-19;England_LeagueOne;Peterborough;Doncaster;41.58;BASSA;8;2026-09-19;England_LeagueOne;England_LeagueOne;;V30 NO-SIGNAL: maturity=5 (home=5, away=5), MinOverL5=0.40, AvgGFL5=0.80, AvgGFFull=0.80, DeltaGFL5=+0.00;0.0;0.0;0.0;0.0;0.0;0.0;0.0;0.0;0.0;0.0;3.0.0
2026-09-19;Portugal_LigaPortugal;Nacional;Famalicao;41.52;BASSA;9;2026-09-19;Portugal_LigaPortugal;Portugal_LigaPortugal;;V30 NO-SIGNAL: maturity=6 (home=6, away=6), MinOverL5=0.40, AvgGFL5=0.90, AvgGFFull=1.00, DeltaGFL5=-0.10;0.0;0.0;0.0;0.0;0.0;0.0;0.0;0.0;0.0;0.0;3.0.0
2026-09-19;Turkey_1Lig;Sariyer;Boluspor;41.5;BASSA;8;2026-09-19;Turkey_1Lig;Turkey_1Lig;;V30 NO-SIGNAL: maturity=7 (home=7, away=7), MinOverL5=0.40, AvgGFL5=0.70, AvgGFFull=0.79, DeltaGFL5=-0.09;0.0;0.0;0.0;0.0;0.0;0.0;0.0;0.0;0.0;0.0;3.0.0
2026-09-19;Norway_3rdDivision_Group3;Gneist;Varegg;41.45;BASSA;23;2026-09-19;Norway_3rdDivision_Group3;Norway_3rdDivision_Group3;;V30 NO-SIGNAL: maturity=19 (home=20, away=19), MinOverL5=0.60, AvgGFL5=1.30, AvgGFFull=1.54, DeltaGFL5=-0.24;0.0;0.0;0.0;0.0;0.0;0.0;0.0;0.0;0.0;0.0;3.0.0
2026-09-19;Austria_Regionalliga_South;Wolfsberger (Am);ATSV Wolfsberger;41.41;BASSA;9;2026-09-19;Austria_Regionalliga_South;Austria_Regionalliga_South;;V30 NO-SIGNAL: maturity=7 (home=7, away=7), MinOverL5=0.60, AvgGFL5=0.50, AvgGFFull=0.86, DeltaGFL5=-0.36;0.0;0.0;0.0;0.0;0.0;0.0;0.0;0.0;0.0;0.0;3.0.0
2026-09-19;Poland_IIILiga_Group2;Lipno Steszew;Koszalin;41.33;BASSA;9;2026-09-19;Poland_IIILiga_Group2;Poland_IIILiga_Group2;;V30 NO-SIGNAL: maturity=8 (home=8, away=8), MinOverL5=0.20, AvgGFL5=1.10, AvgGFFull=1.00, DeltaGFL5=+0.10;0.0;0.0;0.0;0.0;0.0;0.0;0.0;0.0;0.0;0.0;3.0.0
2026-09-19;England_PremierLeague;Newcastle;Hull;41.12;BASSA;5;2026-09-19;England_PremierLeague;England_PremierLeague;;V30 NO-SIGNAL: maturity=3 (home=4, away=3), MinOverL5=0.33, AvgGFL5=1.38, AvgGFFull=1.38, DeltaGFL5=+0.00;0.0;0.0;0.0;0.0;0.0;0.0;0.0;0.0;0.0;0.0;3.0.0
2026-09-19;SouthKorea_KLeague1;Anyang;Ulsan HD;41.05;BASSA;30;2026-09-19;SouthKorea_KLeague1;SouthKorea_KLeague1;;V30 NO-SIGNAL: maturity=29 (home=29, away=29), MinOverL5=0.60, AvgGFL5=1.30, AvgGFFull=1.55, DeltaGFL5=-0.25;0.0;0.0;0.0;0.0;0.0;0.0;0.0;0.0;0.0;0.0;3.0.0
2026-09-19;Austria_2Liga;Sturm Graz 2;Innsbruck;40.98;BASSA;7;2026-09-19;Austria_2Liga;Austria_2Liga;;V30 NO-SIGNAL: maturity=6 (home=6, away=6), MinOverL5=0.20, AvgGFL5=1.80, AvgGFFull=1.92, DeltaGFL5=-0.12;0.0;0.0;0.0;0.0;0.0;0.0;0.0;0.0;0.0;0.0;3.0.0
2026-09-19;Norway_3rdDivision_Group6;Drobak-Frogn;SK Gjovik-Lyn;40.83;BASSA;21;2026-09-19;Norway_3rdDivision_Group6;Norway_3rdDivision_Group6;;V30 NO-SIGNAL: maturity=19 (home=19, away=19), MinOverL5=0.20, AvgGFL5=1.90, AvgGFFull=1.68, DeltaGFL5=+0.22;0.0;0.0;0.0;0.0;0.0;0.0;0.0;0.0;0.0;0.0;3.0.0
2026-09-19;Norway_3rdDivision_Group4;Flekkeroy;Varhaug;40.82;BASSA;23;2026-09-19;Norway_3rdDivision_Group4;Norway_3rdDivision_Group4;;V30 NO-SIGNAL: maturity=19 (home=19, away=19), MinOverL5=0.60, AvgGFL5=1.60, AvgGFFull=1.97, DeltaGFL5=-0.37;0.0;0.0;0.0;0.0;0.0;0.0;0.0;0.0;0.0;0.0;3.0.0
2026-09-19;England_PremierLeague;Everton;Ipswich;40.74;BASSA;5;2026-09-19;England_PremierLeague;England_PremierLeague;;V30 NO-SIGNAL: maturity=3 (home=3, away=3), MinOverL5=0.33, AvgGFL5=1.33, AvgGFFull=1.33, DeltaGFL5=+0.00;0.0;0.0;0.0;0.0;0.0;0.0;0.0;0.0;0.0;0.0;3.0.0
2026-09-19;Austria_Vorarlberg;Andelsbuch;Rotenberg;40.7;BASSA;6;2026-09-19;Austria_Vorarlberg;Austria_Vorarlberg;fourth tier;V30 NO-SIGNAL: maturity=4 (home=4, away=5), MinOverL5=0.25, AvgGFL5=1.55, AvgGFFull=1.55, DeltaGFL5=+0.00;0.0;0.0;0.0;0.0;0.0;0.0;0.0;0.0;0.0;0.0;3.0.0
2026-09-19;SouthKorea_KLeague1;Bucheon;Gimcheon Sangmu;40.67;BASSA;30;2026-09-19;SouthKorea_KLeague1;SouthKorea_KLeague1;;V30 NO-SIGNAL: maturity=29 (home=29, away=29), MinOverL5=0.60, AvgGFL5=0.90, AvgGFFull=1.02, DeltaGFL5=-0.12;0.0;0.0;0.0;0.0;0.0;0.0;0.0;0.0;0.0;0.0;3.0.0
2026-09-19;Austria_Burgenland;Lackenbach;SV Eberau;40.56;BASSA;8;2026-09-19;Austria_Burgenland;Austria_Burgenland;;V30 NO-SIGNAL: maturity=6 (home=6, away=6), MinOverL5=0.20, AvgGFL5=1.00, AvgGFFull=0.83, DeltaGFL5=+0.17;0.0;0.0;0.0;0.0;0.0;0.0;0.0;0.0;0.0;0.0;3.0.0
2026-09-19;Sweden_Division2_NorraSvealand;Korsnas;Lidingo IFK;40.51;BASSA;23;2026-09-19;Sweden_Division2_NorraSvealand;Sweden_Division2_NorraSvealand;;V30 NO-SIGNAL: maturity=21 (home=21, away=21), MinOverL5=0.60, AvgGFL5=0.90, AvgGFFull=1.02, DeltaGFL5=-0.12;0.0;0.0;0.0;0.0;0.0;0.0;0.0;0.0;0.0;0.0;3.0.0
2026-09-19;Italy_SerieB;Palermo;Padova;40.23;BASSA;5;2026-09-19;Italy_SerieB;Italy_SerieB;;V30 NO-SIGNAL: maturity=4 (home=4, away=4), MinOverL5=0.25, AvgGFL5=1.50, AvgGFFull=1.50, DeltaGFL5=+0.00;0.0;0.0;0.0;0.0;0.0;0.0;0.0;0.0;0.0;0.0;3.0.0
2026-09-19;Netherlands_EredivisieWomen;Ajax D;Alkmaar D;40.23;BASSA;5;2026-09-19;Netherlands_EredivisieWomen;Netherlands_EredivisieWomen;;V30 NO-SIGNAL: maturity=4 (home=4, away=4), MinOverL5=0.25, AvgGFL5=1.50, AvgGFFull=1.50, DeltaGFL5=+0.00;0.0;0.0;0.0;0.0;0.0;0.0;0.0;0.0;0.0;0.0;3.0.0
2026-09-19;Spain_LaLiga2;Cadice;Girona;40.23;BASSA;6;2026-09-19;Spain_LaLiga2;Spain_LaLiga2;;V30 NO-SIGNAL: maturity=4 (home=4, away=4), MinOverL5=0.25, AvgGFL5=1.50, AvgGFFull=1.50, DeltaGFL5=+0.00;0.0;0.0;0.0;0.0;0.0;0.0;0.0;0.0;0.0;0.0;3.0.0
2026-09-19;Germany_3Liga;Aachen;Dusseldorf;40.08;BASSA;8;2026-09-19;Germany_3Liga;Germany_3Liga;;V30 NO-SIGNAL: maturity=6 (home=6, away=6), MinOverL5=0.40, AvgGFL5=1.10, AvgGFFull=1.33, DeltaGFL5=-0.23;0.0;0.0;0.0;0.0;0.0;0.0;0.0;0.0;0.0;0.0;3.0.0
2026-09-19;Sweden_Division2_NorraSvealand;Gute;Enskede;39.91;BASSA;23;2026-09-19;Sweden_Division2_NorraSvealand;Sweden_Division2_NorraSvealand;;V30 NO-SIGNAL: maturity=21 (home=21, away=21), MinOverL5=0.20, AvgGFL5=1.80, AvgGFFull=1.52, DeltaGFL5=+0.28;0.0;0.0;0.0;0.0;0.0;0.0;0.0;0.0;0.0;0.0;3.0.0
2026-09-19;Lithuania_ILyga;Ekranas;Siauliai 2;39.76;BASSA;26;2026-09-19;Lithuania_ILyga;Lithuania_ILyga;;V30 NO-SIGNAL: maturity=24 (home=24, away=24), MinOverL5=0.60, AvgGFL5=0.80, AvgGFFull=0.92, DeltaGFL5=-0.12;0.0;0.0;0.0;0.0;0.0;0.0;0.0;0.0;0.0;0.0;3.0.0
2026-09-19;Romania_Liga2;Concordia;Metalul Buzau;39.64;BASSA;8;2026-09-19;Romania_Liga2;Romania_Liga2;;V30 NO-SIGNAL: maturity=6 (home=6, away=6), MinOverL5=0.20, AvgGFL5=1.70, AvgGFFull=1.83, DeltaGFL5=-0.13;0.0;0.0;0.0;0.0;0.0;0.0;0.0;0.0;0.0;0.0;3.0.0
2026-09-19;Sweden_Division2_SodraSvealand;Orebro Syr.;Nykopings;39.61;BASSA;22;2026-09-19;Sweden_Division2_SodraSvealand;Sweden_Division2_SodraSvealand;;V30 NO-SIGNAL: maturity=21 (home=21, away=21), MinOverL5=0.40, AvgGFL5=1.40, AvgGFFull=1.40, DeltaGFL5=-0.00;0.0;0.0;0.0;0.0;0.0;0.0;0.0;0.0;0.0;0.0;3.0.0
2026-09-19;Croatia_HNL;Istra 1961;Gorica;39.58;BASSA;5;2026-09-19;Croatia_HNL;Croatia_HNL;10 clubs, quadruple round robin;V30 NO-SIGNAL: maturity=3 (home=4, away=3), MinOverL5=0.33, AvgGFL5=1.21, AvgGFFull=1.21, DeltaGFL5=+0.00;0.0;0.0;0.0;0.0;0.0;0.0;0.0;0.0;0.0;0.0;3.0.0
2026-09-19;Japan_J1League;V-Varen Nagasaki;C-Osaka;39.56;BASSA;7;2026-09-19;Japan_J1League;Japan_J1League;;V30 NO-SIGNAL: maturity=7 (home=7, away=7), MinOverL5=0.20, AvgGFL5=1.10, AvgGFFull=1.07, DeltaGFL5=+0.03;0.0;0.0;0.0;0.0;0.0;0.0;0.0;0.0;0.0;0.0;3.0.0
2026-09-19;Germany_Regionalliga_Nordost;Babelsberg;Hertha 2;39.5;BASSA;11;2026-09-19;Germany_Regionalliga_Nordost;Germany_Regionalliga_Nordost;;V30 NO-SIGNAL: maturity=9 (home=9, away=9), MinOverL5=0.40, AvgGFL5=0.80, AvgGFFull=0.94, DeltaGFL5=-0.14;0.0;0.0;0.0;0.0;0.0;0.0;0.0;0.0;0.0;0.0;3.0.0
2026-09-19;England_Championship;QPR;Preston;39.46;BASSA;9;2026-09-19;England_Championship;England_Championship;;V30 NO-SIGNAL: maturity=6 (home=6, away=6), MinOverL5=0.40, AvgGFL5=0.90, AvgGFFull=1.08, DeltaGFL5=-0.18;0.0;0.0;0.0;0.0;0.0;0.0;0.0;0.0;0.0;0.0;3.0.0
2026-09-19;Scotland_Premiership;St. Johnstone;Falkirk;39.46;BASSA;8;2026-09-19;Scotland_Premiership;Scotland_Premiership;;V30 NO-SIGNAL: maturity=6 (home=6, away=6), MinOverL5=0.40, AvgGFL5=0.90, AvgGFFull=1.08, DeltaGFL5=-0.18;0.0;0.0;0.0;0.0;0.0;0.0;0.0;0.0;0.0;0.0;3.0.0
2026-09-19;Austria_Wien;Kagran;Stammersdorf;39.43;BASSA;5;2026-09-19;Austria_Wien;Austria_Wien;;V30 NO-SIGNAL: maturity=1 (home=4, away=1), MinOverL5=0.50, AvgGFL5=0.75, AvgGFFull=0.75, DeltaGFL5=+0.00;0.0;0.0;0.0;0.0;0.0;0.0;0.0;0.0;0.0;0.0;3.0.0
2026-09-19;Austria_Tirol;Innsbrucker AC;Kolsass Weer;39.3;BASSA;9;2026-09-19;Austria_Tirol;Austria_Tirol;;V30 NO-SIGNAL: maturity=7 (home=7, away=7), MinOverL5=0.20, AvgGFL5=1.30, AvgGFFull=1.36, DeltaGFL5=-0.06;0.0;0.0;0.0;0.0;0.0;0.0;0.0;0.0;0.0;0.0;3.0.0
2026-09-19;Denmark_2ndDivision;Middelfart;VSK Aarhus;39.3;BASSA;8;2026-09-19;Denmark_2ndDivision;Denmark_2ndDivision;;V30 NO-SIGNAL: maturity=7 (home=7, away=7), MinOverL5=0.40, AvgGFL5=1.30, AvgGFFull=1.86, DeltaGFL5=-0.56;0.0;0.0;0.0;0.0;0.0;0.0;0.0;0.0;0.0;0.0;3.0.0
2026-09-19;Austria_Vorarlberg;Feldkirch;Schlins;39.19;BASSA;6;2026-09-19;Austria_Vorarlberg;Austria_Vorarlberg;fourth tier;V30 NO-SIGNAL: maturity=3 (home=4, away=3), MinOverL5=0.33, AvgGFL5=1.17, AvgGFFull=1.17, DeltaGFL5=+0.00;0.0;0.0;0.0;0.0;0.0;0.0;0.0;0.0;0.0;0.0;3.0.0
2026-09-19;Estonia_EsiliigaB;Tallinna Kalev U21;Narva U21;39.11;BASSA;30;2026-09-19;Estonia_EsiliigaB;Estonia_EsiliigaB;;V30 NO-SIGNAL: maturity=28 (home=28, away=28), MinOverL5=0.40, AvgGFL5=2.00, AvgGFFull=2.25, DeltaGFL5=-0.25;0.0;0.0;0.0;0.0;0.0;0.0;0.0;0.0;0.0;0.0;3.0.0
2026-09-19;SouthKorea_KLeague2;Jeonnam;Suwon FC;39.11;BASSA;27;2026-09-19;SouthKorea_KLeague2;SouthKorea_KLeague2;;V30 NO-SIGNAL: maturity=24 (home=24, away=24), MinOverL5=0.40, AvgGFL5=1.50, AvgGFFull=1.56, DeltaGFL5=-0.06;0.0;0.0;0.0;0.0;0.0;0.0;0.0;0.0;0.0;0.0;3.0.0
2026-09-19;Austria_Niederosterreich;ASK Ybbs;SCU Kilb;39.02;BASSA;7;2026-09-19;Austria_Niederosterreich;Austria_Niederosterreich;;V30 NO-SIGNAL: maturity=6 (home=6, away=6), MinOverL5=0.20, AvgGFL5=1.50, AvgGFFull=1.58, DeltaGFL5=-0.08;0.0;0.0;0.0;0.0;0.0;0.0;0.0;0.0;0.0;0.0;3.0.0
2026-09-19;France_National;Concarneau;Caen;39.02;BASSA;8;2026-09-19;France_National;France_National;;V30 NO-SIGNAL: maturity=6 (home=6, away=6), MinOverL5=0.20, AvgGFL5=1.50, AvgGFFull=1.58, DeltaGFL5=-0.08;0.0;0.0;0.0;0.0;0.0;0.0;0.0;0.0;0.0;0.0;3.0.0
2026-09-19;Germany_Regionalliga_Bayern;Schwaben Augsburg;Landsberg;38.96;BASSA;11;2026-09-19;Germany_Regionalliga_Bayern;Germany_Regionalliga_Bayern;;V30 NO-SIGNAL: maturity=8 (home=9, away=8), MinOverL5=0.40, AvgGFL5=0.70, AvgGFFull=0.89, DeltaGFL5=-0.19;0.0;0.0;0.0;0.0;0.0;0.0;0.0;0.0;0.0;0.0;3.0.0
2026-09-19;CzechRepublic_4Liga_GroupD;Bystrc;Bohunice;38.92;BASSA;7;2026-09-19;CzechRepublic_4Liga_GroupD;CzechRepublic_4Liga_GroupD;CzechRepublic_4Liga;V30 NO-SIGNAL: maturity=6 (home=6, away=6), MinOverL5=0.20, AvgGFL5=1.80, AvgGFFull=2.00, DeltaGFL5=-0.20;0.0;0.0;0.0;0.0;0.0;0.0;0.0;0.0;0.0;0.0;3.0.0
2026-09-19;Bulgaria_ParvaLiga;Dunav Ruse;Botev Vratsa;38.67;BASSA;11;2026-09-19;Bulgaria_ParvaLiga;Bulgaria_ParvaLiga;;V30 NO-SIGNAL: maturity=10 (home=10, away=10), MinOverL5=0.20, AvgGFL5=1.00, AvgGFFull=0.85, DeltaGFL5=+0.15;0.0;0.0;0.0;0.0;0.0;0.0;0.0;0.0;0.0;0.0;3.0.0
2026-09-19;Spain_LaLiga2;Real Sociedad B;Maiorca;38.49;BASSA;6;2026-09-19;Spain_LaLiga2;Spain_LaLiga2;;V30 NO-SIGNAL: maturity=3 (home=3, away=5), MinOverL5=0.20, AvgGFL5=1.70, AvgGFFull=1.70, DeltaGFL5=+0.00;0.0;0.0;0.0;0.0;0.0;0.0;0.0;0.0;0.0;0.0;3.0.0
2026-09-19;NorthernIreland_NIFLPremiership;C. Rangers;Larne;38.32;BASSA;10;2026-09-19;NorthernIreland_NIFLPremiership;NorthernIreland_NIFLPremiership;;V30 NO-SIGNAL: maturity=5 (home=7, away=5), MinOverL5=0.20, AvgGFL5=1.40, AvgGFFull=1.41, DeltaGFL5=-0.01;0.0;0.0;0.0;0.0;0.0;0.0;0.0;0.0;0.0;0.0;3.0.0
2026-09-19;Sweden_Division2_Norrland;IFK Lulea;Lucksta;38.32;BASSA;26;2026-09-19;Sweden_Division2_Norrland;Sweden_Division2_Norrland;;V30 NO-SIGNAL: maturity=22 (home=22, away=22), MinOverL5=0.60, AvgGFL5=1.40, AvgGFFull=1.98, DeltaGFL5=-0.58;0.0;0.0;0.0;0.0;0.0;0.0;0.0;0.0;0.0;0.0;3.0.0
2026-09-19;Lithuania_Toplyga;Banga;Dziugas Telsiai;38.09;BASSA;38;2026-09-19;Lithuania_Toplyga;Lithuania_Toplyga;;V30 NO-SIGNAL: maturity=26 (home=27, away=26), MinOverL5=0.60, AvgGFL5=1.10, AvgGFFull=1.40, DeltaGFL5=-0.30;0.0;0.0;0.0;0.0;0.0;0.0;0.0;0.0;0.0;0.0;3.0.0
2026-09-19;Germany_Regionalliga_Nordost;Altglienicke;RSV Eintracht;37.99;BASSA;11;2026-09-19;Germany_Regionalliga_Nordost;Germany_Regionalliga_Nordost;;V30 NO-SIGNAL: maturity=9 (home=9, away=9), MinOverL5=0.40, AvgGFL5=1.20, AvgGFFull=1.56, DeltaGFL5=-0.36;0.0;0.0;0.0;0.0;0.0;0.0;0.0;0.0;0.0;0.0;3.0.0
2026-09-19;Spain_LaLiga;Ath. Bilbao;Alaves;37.82;BASSA;9;2026-09-19;Spain_LaLiga;Spain_LaLiga;;V30 NO-SIGNAL: maturity=4 (home=4, away=6), MinOverL5=0.25, AvgGFL5=1.55, AvgGFFull=1.67, DeltaGFL5=-0.12;0.0;0.0;0.0;0.0;0.0;0.0;0.0;0.0;0.0;0.0;3.0.0
2026-09-19;Sweden_Division1_Sodra;AFC Malmo;Utsikten;37.76;BASSA;25;2026-09-19;Sweden_Division1_Sodra;Sweden_Division1_Sodra;;V30 NO-SIGNAL: maturity=22 (home=22, away=22), MinOverL5=0.60, AvgGFL5=1.00, AvgGFFull=1.27, DeltaGFL5=-0.27;0.0;0.0;0.0;0.0;0.0;0.0;0.0;0.0;0.0;0.0;3.0.0
2026-09-19;Italy_SerieC_GironeC;Altamura;Picerno;37.75;BASSA;6;2026-09-19;Italy_SerieC_GironeC;Italy_SerieC_GironeC;;V30 NO-SIGNAL: maturity=5 (home=5, away=5), MinOverL5=0.20, AvgGFL5=1.30, AvgGFFull=1.30, DeltaGFL5=+0.00;0.0;0.0;0.0;0.0;0.0;0.0;0.0;0.0;0.0;0.0;3.0.0
2026-09-19;Austria_Niederosterreich;Hohenau;Zwettl;37.69;BASSA;7;2026-09-19;Austria_Niederosterreich;Austria_Niederosterreich;;V30 NO-SIGNAL: maturity=6 (home=6, away=6), MinOverL5=0.20, AvgGFL5=1.40, AvgGFFull=1.50, DeltaGFL5=-0.10;0.0;0.0;0.0;0.0;0.0;0.0;0.0;0.0;0.0;0.0;3.0.0
2026-09-19;Spain_LaLiga2;Castellon;Tenerife;37.66;BASSA;6;2026-09-19;Spain_LaLiga2;Spain_LaLiga2;;V30 NO-SIGNAL: maturity=4 (home=4, away=5), MinOverL5=0.20, AvgGFL5=1.45, AvgGFFull=1.45, DeltaGFL5=+0.00;0.0;0.0;0.0;0.0;0.0;0.0;0.0;0.0;0.0;0.0;3.0.0
2026-09-19;Italy_SerieB;Ascoli;Avellino;37.21;BASSA;5;2026-09-19;Italy_SerieB;Italy_SerieB;;V30 NO-SIGNAL: maturity=3 (home=4, away=3), MinOverL5=0.25, AvgGFL5=1.33, AvgGFFull=1.33, DeltaGFL5=+0.00;0.0;0.0;0.0;0.0;0.0;0.0;0.0;0.0;0.0;0.0;3.0.0
2026-09-19;Turkey_SuperLig;Kocaelispor;Gaziantep;36.82;BASSA;6;2026-09-19;Turkey_SuperLig;Turkey_SuperLig;;V30 NO-SIGNAL: maturity=5 (home=5, away=5), MinOverL5=0.20, AvgGFL5=1.20, AvgGFFull=1.20, DeltaGFL5=+0.00;0.0;0.0;0.0;0.0;0.0;0.0;0.0;0.0;0.0;0.0;3.0.0
2026-09-19;Bosnia_PrvaLiga_FBiH;Sloboda;Hadzici;36.76;BASSA;7;2026-09-19;Bosnia_PrvaLiga_FBiH;Bosnia_PrvaLiga_FBiH;double round robin inferred from league size.;V30 NO-SIGNAL: maturity=4 (home=5, away=4), MinOverL5=0.25, AvgGFL5=1.12, AvgGFFull=1.12, DeltaGFL5=+0.00;0.0;0.0;0.0;0.0;0.0;0.0;0.0;0.0;0.0;0.0;3.0.0
2026-09-19;Bosnia_PrvaLiga_RS;Famos Vojkovici;Romanija Pale;36.76;BASSA;7;2026-09-19;Bosnia_PrvaLiga_RS;Bosnia_PrvaLiga_RS;;V30 NO-SIGNAL: maturity=4 (home=4, away=4), MinOverL5=0.25, AvgGFL5=1.12, AvgGFFull=1.12, DeltaGFL5=+0.00;0.0;0.0;0.0;0.0;0.0;0.0;0.0;0.0;0.0;0.0;3.0.0
2026-09-19;Spain_LaLiga2;Eldense;Eibar;36.76;BASSA;6;2026-09-19;Spain_LaLiga2;Spain_LaLiga2;;V30 NO-SIGNAL: maturity=4 (home=4, away=5), MinOverL5=0.25, AvgGFL5=1.12, AvgGFFull=1.12, DeltaGFL5=+0.00;0.0;0.0;0.0;0.0;0.0;0.0;0.0;0.0;0.0;0.0;3.0.0
2026-09-19;Belarus_PershayaLiga;Volna Pinsk;SKA-1938;36.47;BASSA;27;2026-09-19;Belarus_PershayaLiga;Belarus_PershayaLiga;;V30 NO-SIGNAL: maturity=24 (home=24, away=24), MinOverL5=0.60, AvgGFL5=1.20, AvgGFFull=1.75, DeltaGFL5=-0.55;0.0;0.0;0.0;0.0;0.0;0.0;0.0;0.0;0.0;0.0;3.0.0
2026-09-19;Spain_LaLiga;Celta Vigo;Racing Santander;36.41;BASSA;9;2026-09-19;Spain_LaLiga;Spain_LaLiga;;V30 NO-SIGNAL: maturity=5 (home=5, away=6), MinOverL5=0.20, AvgGFL5=1.20, AvgGFFull=1.22, DeltaGFL5=-0.02;0.0;0.0;0.0;0.0;0.0;0.0;0.0;0.0;0.0;0.0;3.0.0
2026-09-19;Andorra_PrimeraDivisio;Carroi;Penya;36.28;BASSA;3;2026-09-19;Andorra_PrimeraDivisio;Andorra_PrimeraDivisio;;V30 NO-SIGNAL: maturity=2 (home=2, away=2), MinOverL5=0.50, AvgGFL5=0.25, AvgGFFull=0.25, DeltaGFL5=+0.00;0.0;0.0;0.0;0.0;0.0;0.0;0.0;0.0;0.0;0.0;3.0.0
2026-09-19;Germany_3Liga;Saarbrucken;Grossaspach;36.25;BASSA;8;2026-09-19;Germany_3Liga;Germany_3Liga;;V30 NO-SIGNAL: maturity=6 (home=6, away=6), MinOverL5=0.20, AvgGFL5=1.60, AvgGFFull=1.83, DeltaGFL5=-0.23;0.0;0.0;0.0;0.0;0.0;0.0;0.0;0.0;0.0;0.0;3.0.0
2026-09-19;England_LeagueOne;Luton;Bradford City;36.21;BASSA;8;2026-09-19;England_LeagueOne;England_LeagueOne;;V30 NO-SIGNAL: maturity=5 (home=5, away=6), MinOverL5=0.20, AvgGFL5=1.40, AvgGFFull=1.50, DeltaGFL5=-0.10;0.0;0.0;0.0;0.0;0.0;0.0;0.0;0.0;0.0;0.0;3.0.0
2026-09-19;Denmark_1stDivision;Aarhus Fremad;Hvidovre IF;35.78;BASSA;10;2026-09-19;Denmark_1stDivision;Denmark_1stDivision;;V30 NO-SIGNAL: maturity=8 (home=8, away=8), MinOverL5=0.20, AvgGFL5=1.30, AvgGFFull=1.50, DeltaGFL5=-0.20;0.0;0.0;0.0;0.0;0.0;0.0;0.0;0.0;0.0;0.0;3.0.0
2026-09-19;Slovenia_PrvaLiga;Koper;Nafta;35.67;BASSA;11;2026-09-19;Slovenia_PrvaLiga;Slovenia_PrvaLiga;;V30 NO-SIGNAL: maturity=9 (home=10, away=9), MinOverL5=0.20, AvgGFL5=1.30, AvgGFFull=1.44, DeltaGFL5=-0.14;0.0;0.0;0.0;0.0;0.0;0.0;0.0;0.0;0.0;0.0;3.0.0
2026-09-19;Azerbaijan_PremierLeague;Turan;Zira;35.61;BASSA;6;2026-09-19;Azerbaijan_PremierLeague;Azerbaijan_PremierLeague;;V30 NO-SIGNAL: maturity=4 (home=5, away=4), MinOverL5=0.25, AvgGFL5=1.00, AvgGFFull=1.00, DeltaGFL5=+0.00;0.0;0.0;0.0;0.0;0.0;0.0;0.0;0.0;0.0;0.0;3.0.0
2026-09-19;Belgium_ChallengerProLeague;Genk U23;Seraing;35.61;BASSA;6;2026-09-19;Belgium_ChallengerProLeague;Belgium_ChallengerProLeague;;V30 NO-SIGNAL: maturity=4 (home=4, away=4), MinOverL5=0.25, AvgGFL5=1.00, AvgGFFull=1.00, DeltaGFL5=+0.00;0.0;0.0;0.0;0.0;0.0;0.0;0.0;0.0;0.0;0.0;3.0.0
2026-09-19;Serbia_SuperLiga;Vojvodina;IMT Novi Beograd;35.6;BASSA;12;2026-09-19;Serbia_SuperLiga;Serbia_SuperLiga;;V30 NO-SIGNAL: maturity=9 (home=9, away=9), MinOverL5=0.20, AvgGFL5=1.50, AvgGFFull=1.72, DeltaGFL5=-0.22;0.0;0.0;0.0;0.0;0.0;0.0;0.0;0.0;0.0;0.0;3.0.0
2026-09-19;Austria_Wien;Sportunion Mauer;1980 Wien;35.4;BASSA;5;2026-09-19;Austria_Wien;Austria_Wien;;V30 NO-SIGNAL: maturity=2 (home=2, away=3), MinOverL5=0.33, AvgGFL5=0.92, AvgGFFull=0.92, DeltaGFL5=+0.00;0.0;0.0;0.0;0.0;0.0;0.0;0.0;0.0;0.0;0.0;3.0.0
2026-09-19;Portugal_LigaPortugal;Gil Vicente;Maritimo;35.38;BASSA;9;2026-09-19;Portugal_LigaPortugal;Portugal_LigaPortugal;;V30 NO-SIGNAL: maturity=5 (home=5, away=6), MinOverL5=0.20, AvgGFL5=1.00, AvgGFFull=0.98, DeltaGFL5=+0.02;0.0;0.0;0.0;0.0;0.0;0.0;0.0;0.0;0.0;0.0;3.0.0
2026-09-19;Italy_SerieB;Sampdoria;Catanzaro;34.95;BASSA;5;2026-09-19;Italy_SerieB;Italy_SerieB;;V30 NO-SIGNAL: maturity=3 (home=4, away=3), MinOverL5=0.33, AvgGFL5=0.71, AvgGFFull=0.71, DeltaGFL5=+0.00;0.0;0.0;0.0;0.0;0.0;0.0;0.0;0.0;0.0;0.0;3.0.0
2026-09-19;England_PremierLeague;Nottingham;Coventry;34.57;BASSA;5;2026-09-19;England_PremierLeague;England_PremierLeague;;V30 NO-SIGNAL: maturity=3 (home=3, away=3), MinOverL5=0.33, AvgGFL5=0.67, AvgGFFull=0.67, DeltaGFL5=+0.00;0.0;0.0;0.0;0.0;0.0;0.0;0.0;0.0;0.0;0.0;3.0.0
2026-09-19;Germany_Oberliga_NOFV_Nord;Rathenow;Hertha Zehlendorf;34.45;BASSA;5;2026-09-19;Germany_Oberliga_NOFV_Nord;Germany_Oberliga_NOFV_Nord;;V30 NO-SIGNAL: maturity=4 (home=4, away=4), MinOverL5=0.25, AvgGFL5=0.88, AvgGFFull=0.88, DeltaGFL5=+0.00;0.0;0.0;0.0;0.0;0.0;0.0;0.0;0.0;0.0;0.0;3.0.0
2026-09-19;Netherlands_EredivisieWomen;Utrecht D;Feyenoord D;34.45;BASSA;5;2026-09-19;Netherlands_EredivisieWomen;Netherlands_EredivisieWomen;;V30 NO-SIGNAL: maturity=4 (home=4, away=4), MinOverL5=0.25, AvgGFL5=0.88, AvgGFFull=0.88, DeltaGFL5=+0.00;0.0;0.0;0.0;0.0;0.0;0.0;0.0;0.0;0.0;0.0;3.0.0
2026-09-19;Germany_Oberliga_Niederrhein;Wuppertaler;Holzheim;34.05;BASSA;9;2026-09-19;Germany_Oberliga_Niederrhein;Germany_Oberliga_Niederrhein;;V30 NO-SIGNAL: maturity=5 (home=5, away=5), MinOverL5=0.20, AvgGFL5=0.90, AvgGFFull=0.90, DeltaGFL5=+0.00;0.0;0.0;0.0;0.0;0.0;0.0;0.0;0.0;0.0;0.0;3.0.0
2026-09-19;Moldova_Liga1_GroupB;Falesti;Oguzsport;34.05;BASSA;7;2026-09-19;Moldova_Liga1_GroupB;Moldova_Liga1_GroupB;Moldova_Liga1;V30 NO-SIGNAL: maturity=5 (home=5, away=6), MinOverL5=0.20, AvgGFL5=0.90, AvgGFFull=0.90, DeltaGFL5=+0.00;0.0;0.0;0.0;0.0;0.0;0.0;0.0;0.0;0.0;0.0;3.0.0
2026-09-19;Hungary_NBII;Ajka;Csakvari;33.97;BASSA;8;2026-09-19;Hungary_NBII;Hungary_NBII;;V30 NO-SIGNAL: maturity=6 (home=6, away=7), MinOverL5=0.20, AvgGFL5=1.10, AvgGFFull=1.24, DeltaGFL5=-0.14;0.0;0.0;0.0;0.0;0.0;0.0;0.0;0.0;0.0;0.0;3.0.0
2026-09-19;Albania_AbissnetSuperiore;Vora;Skenderbeu;33.8;BASSA;5;2026-09-19;Albania_AbissnetSuperiore;Albania_AbissnetSuperiore;;V30 NO-SIGNAL: maturity=3 (home=4, away=3), MinOverL5=0.33, AvgGFL5=0.58, AvgGFFull=0.58, DeltaGFL5=+0.00;0.0;0.0;0.0;0.0;0.0;0.0;0.0;0.0;0.0;0.0;3.0.0
2026-09-19;NorthernIreland_NIFLPremiership;Dungannon;Ballymena;33.68;BASSA;10;2026-09-19;NorthernIreland_NIFLPremiership;NorthernIreland_NIFLPremiership;;V30 NO-SIGNAL: maturity=6 (home=6, away=6), MinOverL5=0.20, AvgGFL5=1.10, AvgGFFull=1.25, DeltaGFL5=-0.15;0.0;0.0;0.0;0.0;0.0;0.0;0.0;0.0;0.0;0.0;3.0.0
2026-09-19;France_Ligue1;Tolosa;Le Havre;33.36;BASSA;5;2026-09-19;France_Ligue1;France_Ligue1;;V30 NO-SIGNAL: maturity=3 (home=3, away=4), MinOverL5=0.25, AvgGFL5=0.92, AvgGFFull=0.92, DeltaGFL5=+0.00;0.0;0.0;0.0;0.0;0.0;0.0;0.0;0.0;0.0;0.0;3.0.0
2026-09-19;Austria_Vorarlberg;Alberschwende;Bizau;33.3;BASSA;6;2026-09-19;Austria_Vorarlberg;Austria_Vorarlberg;fourth tier;V30 NO-SIGNAL: maturity=4 (home=4, away=4), MinOverL5=0.25, AvgGFL5=0.75, AvgGFFull=0.75, DeltaGFL5=+0.00;0.0;0.0;0.0;0.0;0.0;0.0;0.0;0.0;0.0;0.0;3.0.0
2026-09-19;Italy_SerieA;Bologna;Torino;33.3;BASSA;5;2026-09-19;Italy_SerieA;Italy_SerieA;;V30 NO-SIGNAL: maturity=4 (home=4, away=4), MinOverL5=0.25, AvgGFL5=0.75, AvgGFFull=0.75, DeltaGFL5=+0.00;0.0;0.0;0.0;0.0;0.0;0.0;0.0;0.0;0.0;0.0;3.0.0
2026-09-19;FaroeIslands_PremierLeague;Vikingur;07 Vestur Sorvagur;33.23;BASSA;27;2026-09-19;FaroeIslands_PremierLeague;FaroeIslands_PremierLeague;;V30 NO-SIGNAL: maturity=22 (home=22, away=22), MinOverL5=0.40, AvgGFL5=1.00, AvgGFFull=1.11, DeltaGFL5=-0.11;0.0;0.0;0.0;0.0;0.0;0.0;0.0;0.0;0.0;0.0;3.0.0
2026-09-19;Croatia_PrvaNL;Bijelo Brdo;Hrvace;33.12;BASSA;6;2026-09-19;Croatia_PrvaNL;Croatia_PrvaNL;;V30 NO-SIGNAL: maturity=5 (home=5, away=5), MinOverL5=0.20, AvgGFL5=0.80, AvgGFFull=0.80, DeltaGFL5=+0.00;0.0;0.0;0.0;0.0;0.0;0.0;0.0;0.0;0.0;0.0;3.0.0
2026-09-19;Mexico_LigaMX_Apertura;Puebla;Atlante;33.0;BASSA;10;2026-09-19;Mexico_LigaMX_Apertura;Mexico_LigaMX_Apertura;;V30 NO-SIGNAL: maturity=8 (home=8, away=8), MinOverL5=0.20, AvgGFL5=0.90, AvgGFFull=1.06, DeltaGFL5=-0.16;0.0;0.0;0.0;0.0;0.0;0.0;0.0;0.0;0.0;0.0;3.0.0
2026-09-19;Norway_3rdDivision_Group1;Baerum;Union Carl Berner;32.64;BASSA;24;2026-09-19;Norway_3rdDivision_Group1;Norway_3rdDivision_Group1;;V30 NO-SIGNAL: maturity=19 (home=20, away=19), MinOverL5=0.40, AvgGFL5=1.70, AvgGFFull=2.26, DeltaGFL5=-0.56;0.0;0.0;0.0;0.0;0.0;0.0;0.0;0.0;0.0;0.0;3.0.0
2026-09-19;Mexico_LigaMX_Apertura;Juarez;Tigres;32.38;BASSA;10;2026-09-19;Mexico_LigaMX_Apertura;Mexico_LigaMX_Apertura;;V30 NO-SIGNAL: maturity=8 (home=8, away=8), MinOverL5=0.20, AvgGFL5=0.70, AvgGFFull=0.81, DeltaGFL5=-0.11;0.0;0.0;0.0;0.0;0.0;0.0;0.0;0.0;0.0;0.0;3.0.0
2026-09-19;Belgium_JupilerProLeague;Anderlecht;Waregem;32.34;BASSA;10;2026-09-19;Belgium_JupilerProLeague;Belgium_JupilerProLeague;;V30 NO-SIGNAL: maturity=6 (home=6, away=6), MinOverL5=0.20, AvgGFL5=1.00, AvgGFFull=1.17, DeltaGFL5=-0.17;0.0;0.0;0.0;0.0;0.0;0.0;0.0;0.0;0.0;0.0;3.0.0
2026-09-19;Latvia_Virsliga;Jelgava;Riga FC;32.15;BASSA;33;2026-09-19;Latvia_Virsliga;Latvia_Virsliga;;V30 NO-SIGNAL: maturity=28 (home=28, away=28), MinOverL5=0.40, AvgGFL5=1.60, AvgGFFull=1.98, DeltaGFL5=-0.38;0.0;0.0;0.0;0.0;0.0;0.0;0.0;0.0;0.0;0.0;3.0.0
2026-09-19;Peru_Liga1_Clausura;A. Lima;AD Tarma;31.59;BASSA;10;2026-09-19;Peru_Liga1_Clausura;Peru_Liga1_Clausura;;V30 NO-SIGNAL: maturity=7 (home=8, away=7), MinOverL5=0.20, AvgGFL5=0.80, AvgGFFull=0.98, DeltaGFL5=-0.18;0.0;0.0;0.0;0.0;0.0;0.0;0.0;0.0;0.0;0.0;3.0.0
2026-09-19;Estonia_Esiliiga;Elva;FC Tallinn;31.5;BASSA;35;2026-09-19;Estonia_Esiliiga;Estonia_Esiliiga;;V30 NO-SIGNAL: maturity=28 (home=28, away=29), MinOverL5=0.40, AvgGFL5=1.20, AvgGFFull=1.46, DeltaGFL5=-0.26;0.0;0.0;0.0;0.0;0.0;0.0;0.0;0.0;0.0;0.0;3.0.0
2026-09-19;Georgia_ErovnuliLiga;Gagra;Meshakhte Tkibuli;31.28;BASSA;10;2026-09-19;Georgia_ErovnuliLiga;Georgia_ErovnuliLiga;;V30 NO-SIGNAL: maturity=7 (home=7, away=7), MinOverL5=0.20, AvgGFL5=0.70, AvgGFFull=0.86, DeltaGFL5=-0.16;0.0;0.0;0.0;0.0;0.0;0.0;0.0;0.0;0.0;0.0;3.0.0
2026-09-19;Norway_OBOSLigaen;Åsane;Bryne;31.05;BASSA;23;2026-09-19;Norway_OBOSLigaen;Norway_OBOSLigaen;;V30 NO-SIGNAL: maturity=22 (home=22, away=22), MinOverL5=0.20, AvgGFL5=1.40, AvgGFFull=1.41, DeltaGFL5=-0.01;0.0;0.0;0.0;0.0;0.0;0.0;0.0;0.0;0.0;0.0;3.0.0
2026-09-19;Poland_IIILiga_Group4;Siarka Tarnobrzeg;Biala Podlaska;31.02;BASSA;8;2026-09-19;Poland_IIILiga_Group4;Poland_IIILiga_Group4;;V30 NO-SIGNAL: maturity=7 (home=7, away=7), MinOverL5=0.20, AvgGFL5=0.90, AvgGFFull=1.14, DeltaGFL5=-0.24;0.0;0.0;0.0;0.0;0.0;0.0;0.0;0.0;0.0;0.0;3.0.0
2026-09-19;Bolivia_DivisionProfesional;Independiente;SA Bulo Bulo;30.92;BASSA;25;2026-09-19;Bolivia_DivisionProfesional;Bolivia_DivisionProfesional;;V30 NO-SIGNAL: maturity=19 (home=19, away=19), MinOverL5=0.60, AvgGFL5=0.60, AvgGFFull=1.16, DeltaGFL5=-0.56;0.0;0.0;0.0;0.0;0.0;0.0;0.0;0.0;0.0;0.0;3.0.0
2026-09-19;Romania_Liga2;CSM Slatina;Selimbar;30.9;BASSA;8;2026-09-19;Romania_Liga2;Romania_Liga2;;V30 NO-SIGNAL: maturity=6 (home=6, away=6), MinOverL5=0.20, AvgGFL5=1.20, AvgGFFull=1.50, DeltaGFL5=-0.30;0.0;0.0;0.0;0.0;0.0;0.0;0.0;0.0;0.0;0.0;3.0.0
2026-09-19;CzechRepublic_3MSFL;Sigma Olomouc B;Zlin B;30.84;BASSA;9;2026-09-19;CzechRepublic_3MSFL;CzechRepublic_3MSFL;;V30 NO-SIGNAL: maturity=8 (home=8, away=8), MinOverL5=0.20, AvgGFL5=1.20, AvgGFFull=1.56, DeltaGFL5=-0.36;0.0;0.0;0.0;0.0;0.0;0.0;0.0;0.0;0.0;0.0;3.0.0
2026-09-19;Estonia_Meistriliiga;Nomme Utd;Paide;30.51;BASSA;33;2026-09-19;Estonia_Meistriliiga;Estonia_Meistriliiga;;V30 NO-SIGNAL: maturity=27 (home=28, away=27), MinOverL5=0.40, AvgGFL5=1.30, AvgGFFull=1.64, DeltaGFL5=-0.34;0.0;0.0;0.0;0.0;0.0;0.0;0.0;0.0;0.0;0.0;3.0.0
2026-09-19;Sweden_Allsvenskan;Västerås SK;Malmo FF;30.35;BASSA;29;2026-09-19;Sweden_Allsvenskan;Sweden_Allsvenskan;;V30 NO-SIGNAL: maturity=21 (home=21, away=21), MinOverL5=0.40, AvgGFL5=1.30, AvgGFFull=1.64, DeltaGFL5=-0.34;0.0;0.0;0.0;0.0;0.0;0.0;0.0;0.0;0.0;0.0;3.0.0
2026-09-19;Bosnia_WWINLigaBiH;Zrinjski;Velez Mostar;30.24;BASSA;10;2026-09-19;Bosnia_WWINLigaBiH;Bosnia_WWINLigaBiH;;V30 NO-SIGNAL: maturity=4 (home=6, away=4), MinOverL5=0.25, AvgGFL5=1.18, AvgGFFull=1.46, DeltaGFL5=-0.28;0.0;0.0;0.0;0.0;0.0;0.0;0.0;0.0;0.0;0.0;3.0.0
2026-09-19;England_Championship;Lincoln;Swansea;29.95;BASSA;9;2026-09-19;England_Championship;England_Championship;;V30 NO-SIGNAL: maturity=6 (home=6, away=6), MinOverL5=0.00, AvgGFL5=1.30, AvgGFFull=1.33, DeltaGFL5=-0.03;0.0;0.0;0.0;0.0;0.0;0.0;0.0;0.0;0.0;0.0;3.0.0
2026-09-19;Sweden_Division2_NorraSvealand;Kungsangen;Falu;29.6;BASSA;23;2026-09-19;Sweden_Division2_NorraSvealand;Sweden_Division2_NorraSvealand;;V30 NO-SIGNAL: maturity=21 (home=22, away=21), MinOverL5=0.00, AvgGFL5=1.60, AvgGFFull=1.31, DeltaGFL5=+0.29;0.0;0.0;0.0;0.0;0.0;0.0;0.0;0.0;0.0;0.0;3.0.0
2026-09-19;Serbia_SuperLiga;Novi Pazar;Zemun;29.44;BASSA;12;2026-09-19;Serbia_SuperLiga;Serbia_SuperLiga;;V30 NO-SIGNAL: maturity=9 (home=9, away=9), MinOverL5=0.00, AvgGFL5=0.80, AvgGFFull=0.67, DeltaGFL5=+0.13;0.0;0.0;0.0;0.0;0.0;0.0;0.0;0.0;0.0;0.0;3.0.0
2026-09-19;FaroeIslands_PremierLeague;Toftir;Streymur;29.34;BASSA;27;2026-09-19;FaroeIslands_PremierLeague;FaroeIslands_PremierLeague;;V30 NO-SIGNAL: maturity=21 (home=21, away=22), MinOverL5=0.20, AvgGFL5=1.10, AvgGFFull=1.07, DeltaGFL5=+0.03;0.0;0.0;0.0;0.0;0.0;0.0;0.0;0.0;0.0;0.0;3.0.0
2026-09-19;England_Championship;Cardiff;Charlton;29.05;BASSA;9;2026-09-19;England_Championship;England_Championship;;V30 NO-SIGNAL: maturity=6 (home=6, away=6), MinOverL5=0.20, AvgGFL5=0.60, AvgGFFull=0.75, DeltaGFL5=-0.15;0.0;0.0;0.0;0.0;0.0;0.0;0.0;0.0;0.0;0.0;3.0.0
2026-09-19;Lithuania_Toplyga;Transinvest;Zalgiris;28.49;BASSA;38;2026-09-19;Lithuania_Toplyga;Lithuania_Toplyga;;V30 NO-SIGNAL: maturity=27 (home=29, away=27), MinOverL5=0.20, AvgGFL5=1.40, AvgGFFull=1.51, DeltaGFL5=-0.11;0.0;0.0;0.0;0.0;0.0;0.0;0.0;0.0;0.0;0.0;3.0.0
2026-09-19;Sweden_Division2_VastraGotaland;Astrio;Onsala;28.48;BASSA;24;2026-09-19;Sweden_Division2_VastraGotaland;Sweden_Division2_VastraGotaland;;V30 NO-SIGNAL: maturity=21 (home=21, away=23), MinOverL5=0.40, AvgGFL5=0.80, AvgGFFull=1.03, DeltaGFL5=-0.23;0.0;0.0;0.0;0.0;0.0;0.0;0.0;0.0;0.0;0.0;3.0.0
2026-09-19;Germany_Regionalliga_Sudwest;Walldorf;VfR Mannheim;27.76;BASSA;10;2026-09-19;Germany_Regionalliga_Sudwest;Germany_Regionalliga_Sudwest;;V30 NO-SIGNAL: maturity=7 (home=7, away=7), MinOverL5=0.20, AvgGFL5=0.70, AvgGFFull=1.00, DeltaGFL5=-0.30;0.0;0.0;0.0;0.0;0.0;0.0;0.0;0.0;0.0;0.0;3.0.0
2026-09-19;Poland_IIILiga_Group3;Goczalkowice Zdroj;Warta Gorzow;27.63;BASSA;9;2026-09-19;Poland_IIILiga_Group3;Poland_IIILiga_Group3;;V30 NO-SIGNAL: maturity=8 (home=8, away=8), MinOverL5=0.00, AvgGFL5=0.90, AvgGFFull=0.94, DeltaGFL5=-0.04;0.0;0.0;0.0;0.0;0.0;0.0;0.0;0.0;0.0;0.0;3.0.0
2026-09-19;Lithuania_ILyga;Kauno Zalgiris 2;Garliava;27.62;BASSA;26;2026-09-19;Lithuania_ILyga;Lithuania_ILyga;;V30 NO-SIGNAL: maturity=22 (home=22, away=23), MinOverL5=0.20, AvgGFL5=1.00, AvgGFFull=1.00, DeltaGFL5=+0.00;0.0;0.0;0.0;0.0;0.0;0.0;0.0;0.0;0.0;0.0;3.0.0
2026-09-19;Romania_Liga2;CSM Satu Mare;Afumati;27.54;BASSA;8;2026-09-19;Romania_Liga2;Romania_Liga2;;V30 NO-SIGNAL: maturity=6 (home=7, away=6), MinOverL5=0.00, AvgGFL5=0.90, AvgGFFull=0.88, DeltaGFL5=+0.02;0.0;0.0;0.0;0.0;0.0;0.0;0.0;0.0;0.0;0.0;3.0.0
2026-09-19;Belarus_VysshayaLiga;Isloch;Neman;27.26;BASSA;26;2026-09-19;Belarus_VysshayaLiga;Belarus_VysshayaLiga;;V30 NO-SIGNAL: maturity=21 (home=21, away=22), MinOverL5=0.20, AvgGFL5=1.30, AvgGFFull=1.43, DeltaGFL5=-0.13;0.0;0.0;0.0;0.0;0.0;0.0;0.0;0.0;0.0;0.0;3.0.0
2026-09-19;Sweden_Superettan;Varberg;Brage;27.09;BASSA;29;2026-09-19;Sweden_Superettan;Sweden_Superettan;;V30 NO-SIGNAL: maturity=24 (home=24, away=25), MinOverL5=0.40, AvgGFL5=1.10, AvgGFFull=1.63, DeltaGFL5=-0.53;0.0;0.0;0.0;0.0;0.0;0.0;0.0;0.0;0.0;0.0;3.0.0
2026-09-19;France_National;Le Puy-en-Velay;Villefranche;27.0;BASSA;8;2026-09-19;France_National;France_National;;V30 NO-SIGNAL: maturity=6 (home=6, away=6), MinOverL5=0.20, AvgGFL5=0.60, AvgGFFull=0.83, DeltaGFL5=-0.23;0.0;0.0;0.0;0.0;0.0;0.0;0.0;0.0;0.0;0.0;3.0.0
2026-09-19;Germany_Regionalliga_Bayern;Illertissen;Memmingen;26.59;BASSA;11;2026-09-19;Germany_Regionalliga_Bayern;Germany_Regionalliga_Bayern;;V30 NO-SIGNAL: maturity=9 (home=9, away=9), MinOverL5=0.20, AvgGFL5=1.00, AvgGFFull=1.56, DeltaGFL5=-0.56;0.0;0.0;0.0;0.0;0.0;0.0;0.0;0.0;0.0;0.0;3.0.0
2026-09-19;Spain_LaLiga2;Andorra;Gijon;26.52;BASSA;6;2026-09-19;Spain_LaLiga2;Spain_LaLiga2;;V30 NO-SIGNAL: maturity=5 (home=5, away=5), MinOverL5=0.00, AvgGFL5=1.00, AvgGFFull=1.00, DeltaGFL5=+0.00;0.0;0.0;0.0;0.0;0.0;0.0;0.0;0.0;0.0;0.0;3.0.0
2026-09-19;Sweden_Allsvenskan;Orgryte;Sirius;26.16;BASSA;29;2026-09-19;Sweden_Allsvenskan;Sweden_Allsvenskan;;V30 NO-SIGNAL: maturity=21 (home=21, away=21), MinOverL5=0.40, AvgGFL5=1.00, AvgGFFull=1.76, DeltaGFL5=-0.76;0.0;0.0;0.0;0.0;0.0;0.0;0.0;0.0;0.0;0.0;3.0.0
2026-09-19;Japan_J1League;Urawa;Verdy;25.95;BASSA;7;2026-09-19;Japan_J1League;Japan_J1League;;V30 NO-SIGNAL: maturity=7 (home=7, away=7), MinOverL5=0.00, AvgGFL5=1.00, AvgGFFull=1.14, DeltaGFL5=-0.14;0.0;0.0;0.0;0.0;0.0;0.0;0.0;0.0;0.0;0.0;3.0.0
2026-09-19;Sweden_Division2_NorraGotaland;Vanersborgs FK;Tord;25.68;BASSA;24;2026-09-19;Sweden_Division2_NorraGotaland;Sweden_Division2_NorraGotaland;;V30 NO-SIGNAL: maturity=21 (home=21, away=21), MinOverL5=0.20, AvgGFL5=1.10, AvgGFFull=1.21, DeltaGFL5=-0.11;0.0;0.0;0.0;0.0;0.0;0.0;0.0;0.0;0.0;0.0;3.0.0
2026-09-19;Latvia_Virsliga;FK Liepaja;BFC Daugavpils;25.67;BASSA;33;2026-09-19;Latvia_Virsliga;Latvia_Virsliga;;V30 NO-SIGNAL: maturity=25 (home=28, away=25), MinOverL5=0.20, AvgGFL5=1.20, AvgGFFull=1.35, DeltaGFL5=-0.15;0.0;0.0;0.0;0.0;0.0;0.0;0.0;0.0;0.0;0.0;3.0.0
2026-09-19;SouthKorea_KLeague2;Seoul E-Land;Daegu;24.8;BASSA;27;2026-09-19;SouthKorea_KLeague2;SouthKorea_KLeague2;;V30 NO-SIGNAL: maturity=25 (home=25, away=25), MinOverL5=0.20, AvgGFL5=1.50, AvgGFFull=1.80, DeltaGFL5=-0.30;0.0;0.0;0.0;0.0;0.0;0.0;0.0;0.0;0.0;0.0;3.0.0
2026-09-19;Hungary_NBII;Nagykanizsa;Videoton;24.74;BASSA;8;2026-09-19;Hungary_NBII;Hungary_NBII;;V30 NO-SIGNAL: maturity=6 (home=7, away=6), MinOverL5=0.20, AvgGFL5=0.80, AvgGFFull=1.26, DeltaGFL5=-0.46;0.0;0.0;0.0;0.0;0.0;0.0;0.0;0.0;0.0;0.0;3.0.0
2026-09-19;France_National;La Roche;Valenciennes;24.61;BASSA;8;2026-09-19;France_National;France_National;;V30 NO-SIGNAL: maturity=6 (home=6, away=6), MinOverL5=0.00, AvgGFL5=0.90, AvgGFFull=1.00, DeltaGFL5=-0.10;0.0;0.0;0.0;0.0;0.0;0.0;0.0;0.0;0.0;0.0;3.0.0
2026-09-19;France_Ligue2;Boulogne;Nantes;24.56;BASSA;7;2026-09-19;France_Ligue2;France_Ligue2;;V30 NO-SIGNAL: maturity=5 (home=6, away=5), MinOverL5=0.00, AvgGFL5=0.70, AvgGFFull=0.67, DeltaGFL5=+0.03;0.0;0.0;0.0;0.0;0.0;0.0;0.0;0.0;0.0;0.0;3.0.0
2026-09-19;Poland_IIILiga_Group4;Hetman Zamosc;Wisla 2;24.19;BASSA;8;2026-09-19;Poland_IIILiga_Group4;Poland_IIILiga_Group4;;V30 NO-SIGNAL: maturity=7 (home=7, away=7), MinOverL5=0.00, AvgGFL5=1.00, AvgGFFull=1.21, DeltaGFL5=-0.21;0.0;0.0;0.0;0.0;0.0;0.0;0.0;0.0;0.0;0.0;3.0.0
2026-09-19;Belarus_VysshayaLiga;Din. Minsk;BATE;23.96;BASSA;26;2026-09-19;Belarus_VysshayaLiga;Belarus_VysshayaLiga;;V30 NO-SIGNAL: maturity=20 (home=20, away=22), MinOverL5=0.20, AvgGFL5=1.10, AvgGFFull=1.28, DeltaGFL5=-0.18;0.0;0.0;0.0;0.0;0.0;0.0;0.0;0.0;0.0;0.0;3.0.0
2026-09-19;Poland_Division1;Polonia W.;Chrobry Glogow;23.93;BASSA;9;2026-09-19;Poland_Division1;Poland_Division1;;V30 NO-SIGNAL: maturity=8 (home=8, away=8), MinOverL5=0.00, AvgGFL5=1.20, AvgGFFull=1.50, DeltaGFL5=-0.30;0.0;0.0;0.0;0.0;0.0;0.0;0.0;0.0;0.0;0.0;3.0.0
2026-09-19;Austria_Steiermark;SV Schermann Rorhrbach;Furstenfeld;23.68;BASSA;5;2026-09-19;Austria_Steiermark;Austria_Steiermark;16 clubs, double round robin.;V30 NO-SIGNAL: maturity=1 (home=1, away=3), MinOverL5=0.00, AvgGFL5=1.33, AvgGFFull=1.33, DeltaGFL5=+0.00;0.0;0.0;0.0;0.0;0.0;0.0;0.0;0.0;0.0;0.0;3.0.0
2026-09-19;SouthKorea_KLeague2;Gimpo FC;Busan;23.38;BASSA;27;2026-09-19;SouthKorea_KLeague2;SouthKorea_KLeague2;;V30 NO-SIGNAL: maturity=24 (home=24, away=25), MinOverL5=0.20, AvgGFL5=1.20, AvgGFFull=1.44, DeltaGFL5=-0.24;0.0;0.0;0.0;0.0;0.0;0.0;0.0;0.0;0.0;0.0;3.0.0
2026-09-19;Belarus_PershayaLiga;Orsha;Slutsk;22.02;BASSA;27;2026-09-19;Belarus_PershayaLiga;Belarus_PershayaLiga;;V30 NO-SIGNAL: maturity=24 (home=24, away=24), MinOverL5=0.20, AvgGFL5=1.20, AvgGFFull=1.50, DeltaGFL5=-0.30;0.0;0.0;0.0;0.0;0.0;0.0;0.0;0.0;0.0;0.0;3.0.0
2026-09-19;Italy_SerieB;Carrarese;Benevento;22.02;BASSA;5;2026-09-19;Italy_SerieB;Italy_SerieB;;V30 NO-SIGNAL: maturity=3 (home=3, away=3), MinOverL5=0.00, AvgGFL5=0.83, AvgGFFull=0.83, DeltaGFL5=+0.00;0.0;0.0;0.0;0.0;0.0;0.0;0.0;0.0;0.0;0.0;3.0.0
2026-09-19;Indonesia_SuperLeague;Persebaya;Garudayaksa;19.76;BASSA;4;2026-09-19;Indonesia_SuperLeague;Indonesia_SuperLeague;;V30 NO-SIGNAL: maturity=2 (home=2, away=2), MinOverL5=0.00, AvgGFL5=0.75, AvgGFFull=0.75, DeltaGFL5=+0.00;0.0;0.0;0.0;0.0;0.0;0.0;0.0;0.0;0.0;0.0;3.0.0
2026-09-19;Bosnia_PrvaLiga_FBiH;Capljina;Kakanj;19.49;BASSA;7;2026-09-19;Bosnia_PrvaLiga_FBiH;Bosnia_PrvaLiga_FBiH;double round robin inferred from league size.;V30 NO-SIGNAL: maturity=4 (home=5, away=4), MinOverL5=0.00, AvgGFL5=0.40, AvgGFFull=0.40, DeltaGFL5=+0.00;0.0;0.0;0.0;0.0;0.0;0.0;0.0;0.0;0.0;0.0;3.0.0
2026-09-19;Sweden_Superettan;Sandviken;Örebro;18.71;BASSA;29;2026-09-19;Sweden_Superettan;Sweden_Superettan;;V30 NO-SIGNAL: maturity=24 (home=24, away=24), MinOverL5=0.00, AvgGFL5=1.20, AvgGFFull=1.29, DeltaGFL5=-0.09;0.0;0.0;0.0;0.0;0.0;0.0;0.0;0.0;0.0;0.0;3.0.0
2026-09-19;Sweden_Division2_SodraSvealand;Smedby;Fittja;18.63;BASSA;22;2026-09-19;Sweden_Division2_SodraSvealand;Sweden_Division2_SodraSvealand;;V30 NO-SIGNAL: maturity=21 (home=21, away=21), MinOverL5=0.20, AvgGFL5=1.10, AvgGFFull=1.74, DeltaGFL5=-0.64;0.0;0.0;0.0;0.0;0.0;0.0;0.0;0.0;0.0;0.0;3.0.0
2026-09-19;Ukraine_PremierLeague;Epitsentr;Livyi Bereg;16.96;BASSA;7;2026-09-19;Ukraine_PremierLeague;Ukraine_PremierLeague;;V30 NO-SIGNAL: maturity=5 (home=6, away=5), MinOverL5=0.00, AvgGFL5=0.50, AvgGFFull=0.70, DeltaGFL5=-0.20;0.0;0.0;0.0;0.0;0.0;0.0;0.0;0.0;0.0;0.0;3.0.0
2026-09-19;USA_MLS;New York City;New York Red Bulls;15.86;BASSA;29;2026-09-19;USA_MLS;USA_MLS;;V30 NO-SIGNAL: maturity=25 (home=26, away=25), MinOverL5=0.20, AvgGFL5=0.80, AvgGFFull=1.43, DeltaGFL5=-0.63;0.0;0.0;0.0;0.0;0.0;0.0;0.0;0.0;0.0;0.0;3.0.0
2026-09-19;England_PremierLeague;Tottenham;Aston Villa;15.46;BASSA;5;2026-09-19;England_PremierLeague;England_PremierLeague;;V30 NO-SIGNAL: maturity=3 (home=3, away=4), MinOverL5=0.00, AvgGFL5=0.12, AvgGFFull=0.12, DeltaGFL5=+0.00;0.0;0.0;0.0;0.0;0.0;0.0;0.0;0.0;0.0;0.0;3.0.0
2026-09-19;Belarus_VysshayaLiga;Slavia Mozyr;Naftan;15.13;BASSA;26;2026-09-19;Belarus_VysshayaLiga;Belarus_VysshayaLiga;;V30 NO-SIGNAL: maturity=22 (home=22, away=22), MinOverL5=0.20, AvgGFL5=0.60, AvgGFFull=0.95, DeltaGFL5=-0.35;0.0;0.0;0.0;0.0;0.0;0.0;0.0;0.0;0.0;0.0;3.0.0
2026-09-19;France_National;Paris 13 Atl.;Bourg en Bresse;14.53;BASSA;8;2026-09-19;France_National;France_National;;V30 NO-SIGNAL: maturity=6 (home=6, away=6), MinOverL5=0.00, AvgGFL5=0.30, AvgGFFull=0.58, DeltaGFL5=-0.28;0.0;0.0;0.0;0.0;0.0;0.0;0.0;0.0;0.0;0.0;3.0.0
2026-09-19;Germany_3Liga;Viktoria Colonia;Ingolstadt;12.44;BASSA;8;2026-09-19;Germany_3Liga;Germany_3Liga;;V30 NO-SIGNAL: maturity=0 (home=0, away=6), MinOverL5=0.00, AvgGFL5=0.50, AvgGFFull=0.58, DeltaGFL5=-0.08;0.0;0.0;0.0;0.0;0.0;0.0;0.0;0.0;0.0;0.0;3.0.0
2026-09-19;Norway_2ndDivision_Group1;Halden;Jerv;10.18;BASSA;21;2026-09-19;Norway_2ndDivision_Group1;Norway_2ndDivision_Group1;;V30 NO-SIGNAL: maturity=19 (home=19, away=20), MinOverL5=0.00, AvgGFL5=1.10, AvgGFFull=1.79, DeltaGFL5=-0.69;0.0;0.0;0.0;0.0;0.0;0.0;0.0;0.0;0.0;0.0;3.0.0
2026-09-19;SouthKorea_KLeague2;Asan;Cheonan City;5.55;BASSA;27;2026-09-19;SouthKorea_KLeague2;SouthKorea_KLeague2;;V30 NO-SIGNAL: maturity=24 (home=24, away=25), MinOverL5=0.00, AvgGFL5=0.60, AvgGFFull=1.23, DeltaGFL5=-0.63;0.0;0.0;0.0;0.0;0.0;0.0;0.0;0.0;0.0;0.0;3.0.0
