MatchDate;LeagueId;Home;Away;Score;Band;Round;PredictionDate;HomeSourceLeagueId;AwaySourceLeagueId;CompetitionGroup;Reason;RankingGapScore;HomeAttackScore;AwayAttackScore;HomeDefenseWeaknessScore;AwayDefenseWeaknessScore;HomeLast10OverScore;AwayLast10OverScore;HomeVenueOverScore;AwayVenueOverScore;BTTSProfileScore;AlgorithmVersion
2026-09-18;Finland_Kolmonen_Eastern_Group3;Savonlinnan Seudun Palloseura;Mikkelin Palloilijat 2;101.48;IMM-ALTA-21;23;2026-09-17;Finland_Kolmonen_Eastern_Group3;Finland_Kolmonen_Eastern_Group3;;PRO: attacco casa positivo | attacco trasferta positivo | difesa trasferta vulnerabile | difesa casa vulnerabile | trend over recente casa | trend over recente trasferta | profilo over interno positivo | profilo over esterno positivo | alta tendenza BTTS || CONTRO: v22 monitora possibile sopravvalutazione weak_ga;4.36;13.0;13.0;8.0;9.81;12.0;12.0;10.0;8.89;10.42;2.2.def1
2026-09-18;Finland_Kolmonen_Eastern_Group1;FC Metso;FC Vaajakoski/2;93.88;ALTA;24;2026-09-17;Finland_Kolmonen_Eastern_Group1;Finland_Kolmonen_Eastern_Group1;;PRO: attacco casa positivo | attacco trasferta positivo | difesa trasferta vulnerabile | difesa casa vulnerabile | trend over recente casa | trend over recente trasferta | profilo over interno positivo | profilo over esterno positivo | alta tendenza BTTS || CONTRO: v22 monitora possibile sopravvalutazione weak_ga;5.14;13.0;9.52;7.66;10.0;10.8;12.0;8.89;8.75;8.12;2.2.def1
2026-09-18;Italy_SerieA;Monza;Sassuolo;92.15;IMM-ALTA-7;5;2026-09-17;Italy_SerieA;Italy_SerieA;;PRO: attacco casa positivo | attacco trasferta positivo | difesa trasferta vulnerabile | difesa casa vulnerabile | trend over recente casa | trend over recente trasferta | profilo over interno positivo | profilo over esterno positivo | alta tendenza BTTS || CONTRO: v22 monitora possibile sopravvalutazione weak_ga;2.53;9.85;11.82;8.0;7.95;8.0;12.0;10.0;10.0;12.0;2.2.def1
2026-09-18;Finland_Kolmonen_Western_Group3;FC Ylivieska;KPV/Akatemia;91.43;ALTA;16;2026-09-17;Finland_Kolmonen_Western_Group3;Finland_Kolmonen_Western_Group3;;PRO: attacco casa positivo | attacco trasferta positivo | difesa trasferta vulnerabile | difesa casa vulnerabile | trend over recente casa | trend over recente trasferta | profilo over interno positivo | profilo over esterno positivo | alta tendenza BTTS || CONTRO: v22 monitora possibile sopravvalutazione weak_ga;4.8;13.0;11.16;7.85;10.0;7.2;10.8;8.0;8.89;9.74;2.2.def1
2026-09-18;Austria_Salzburg;Puch;UFC Siezenheim;90.51;ALTA;10;2026-09-17;Austria_Salzburg;Austria_Salzburg;;PRO: attacco casa positivo | attacco trasferta positivo | difesa trasferta vulnerabile | difesa casa vulnerabile | trend over recente casa | trend over recente trasferta | profilo over interno positivo | profilo over esterno positivo | alta tendenza BTTS || CONTRO: v22 monitora possibile sopravvalutazione weak_ga;2.0;13.0;12.66;6.23;9.09;12.0;8.57;10.0;6.67;10.29;2.2.def1
2026-09-18;Germany_Oberliga_Bremen;Oberneuland;Vatan Bremen;89.47;ALTA;7;2026-09-17;Germany_Oberliga_Bremen;Germany_Oberliga_Bremen;;PRO: attacco trasferta positivo | difesa trasferta vulnerabile | difesa casa vulnerabile | trend over recente casa | trend over recente trasferta | profilo over interno positivo | profilo over esterno positivo | alta tendenza BTTS || CONTRO: attacco casa non dominante | v22 monitora possibile sopravvalutazione weak_ga;2.8;8.27;13.0;8.0;10.0;9.6;10.0;10.0;10.0;7.8;2.2.def1
2026-09-18;FaroeIslands_1Deild;Sandur;Streymur 2;89.46;ALTA;25;2026-09-17;FaroeIslands_1Deild;FaroeIslands_1Deild;;PRO: attacco casa positivo | attacco trasferta positivo | difesa trasferta vulnerabile | trend over recente casa | trend over recente trasferta | profilo over interno positivo | profilo over esterno positivo | alta tendenza BTTS || CONTRO: v22 monitora possibile sopravvalutazione weak_ga;5.33;13.0;8.86;3.64;10.0;10.8;10.8;8.89;10.0;8.14;2.2.def1
2026-09-18;Moldova_Liga1_GroupA;Iskra Ribnita;Zimbru 2;89.07;ALTA;6;2026-09-17;Moldova_Liga1_GroupA;Moldova_Liga1_GroupA;Moldova_Liga1;PRO: attacco casa positivo | attacco trasferta positivo | difesa trasferta vulnerabile | trend over recente casa | trend over recente trasferta | profilo over interno positivo | profilo over esterno positivo | alta tendenza BTTS || CONTRO: v22 monitora possibile sopravvalutazione weak_ga;6.0;13.0;11.82;4.16;10.0;8.57;10.29;6.67;10.0;8.57;2.2.def1
2026-09-18;Finland_Kolmonen_Eastern_Group3;PeKa;Edustus IPS;88.66;ALTA;23;2026-09-17;Finland_Kolmonen_Eastern_Group3;Finland_Kolmonen_Eastern_Group3;;PRO: attacco casa positivo | attacco trasferta positivo | difesa trasferta vulnerabile | trend over recente casa | trend over recente trasferta | profilo over interno positivo | profilo over esterno positivo | alta tendenza BTTS || CONTRO: v22 monitora possibile sopravvalutazione weak_ga;1.09;13.0;13.0;4.98;7.66;10.8;12.0;10.0;6.67;9.47;2.2.def1
2026-09-18;NorthernIreland_NIFLChampionship;Dundela;Strabane Athletic;88.22;ALTA;8;2026-09-17;NorthernIreland_NIFLChampionship;NorthernIreland_NIFLChampionship;;PRO: attacco casa positivo | difesa trasferta vulnerabile | difesa casa vulnerabile | trend over recente casa | trend over recente trasferta | profilo over interno positivo | profilo over esterno positivo | alta tendenza BTTS || CONTRO: ospite poco prolifico: rischio 1-0 / 2-0 | v22 monitora possibile sopravvalutazione weak_ga;0.8;12.66;6.75;8.0;10.0;10.29;10.29;10.0;10.0;9.43;2.2.def1
2026-09-18;Austria_Oberosterreich;Garsten;Vocklamarkt;88.12;ALTA;10;2026-09-17;Austria_Oberosterreich;Austria_Oberosterreich;;PRO: attacco casa positivo | difesa trasferta vulnerabile | difesa casa vulnerabile | trend over recente casa | trend over recente trasferta | profilo over interno positivo | profilo over esterno positivo | alta tendenza BTTS || CONTRO: ospite poco prolifico: rischio 1-0 / 2-0 | v22 monitora possibile sopravvalutazione weak_ga;2.8;11.82;6.75;6.75;10.0;10.29;12.0;10.0;10.0;7.71;2.2.def1
2026-09-18;Netherlands_EersteDivisie;Eindhoven;FC Emmen;87.31;ALTA;9;2026-09-17;Netherlands_EersteDivisie;Netherlands_EersteDivisie;;PRO: attacco trasferta positivo | difesa trasferta vulnerabile | difesa casa vulnerabile | trend over recente casa | trend over recente trasferta | profilo over interno positivo | profilo over esterno positivo | alta tendenza BTTS || CONTRO: attacco casa non dominante | v22 monitora possibile sopravvalutazione weak_ga;3.16;7.88;13.0;7.27;10.0;8.0;10.0;10.0;10.0;8.0;2.2.def1
2026-09-18;Moldova_Liga1_GroupA;Univer Comrat;FCM Ungheni;86.9;ALTA;6;2026-09-17;Moldova_Liga1_GroupA;Moldova_Liga1_GroupA;Moldova_Liga1;PRO: attacco casa positivo | attacco trasferta positivo | difesa trasferta vulnerabile | difesa casa vulnerabile | trend over recente trasferta | profilo over interno positivo | profilo over esterno positivo | alta tendenza BTTS || CONTRO: v22 monitora possibile sopravvalutazione weak_ga | trend over casa non forte;2.4;13.0;13.0;8.0;9.74;6.86;10.29;6.67;6.67;10.29;2.2.def1
2026-09-18;Austria_Regionalliga_West;Dornbirn;Lauterach;86.6;ALTA;9;2026-09-17;Austria_Regionalliga_West;Austria_Regionalliga_West;;PRO: attacco casa positivo | attacco trasferta positivo | difesa trasferta vulnerabile | trend over recente casa | trend over recente trasferta | profilo over interno positivo | profilo over esterno positivo | alta tendenza BTTS || CONTRO: v22 monitora possibile sopravvalutazione weak_ga;6.0;13.0;9.29;2.6;10.0;8.57;8.57;10.0;10.0;8.57;2.2.def1
2026-09-18;Germany_Oberliga_Hamburg;Norderstedt 2;ETSV Hamburg;85.82;ALTA;8;2026-09-17;Germany_Oberliga_Hamburg;Germany_Oberliga_Hamburg;;PRO: attacco trasferta positivo | difesa trasferta vulnerabile | difesa casa vulnerabile | trend over recente casa | trend over recente trasferta | profilo over interno positivo | alta tendenza BTTS || CONTRO: attacco casa non dominante | v22 monitora possibile sopravvalutazione weak_ga | profilo over esterno debole;2.12;6.75;11.82;8.0;9.85;12.0;10.0;10.0;5.0;10.29;2.2.def1
2026-09-18;Germany_Bundesliga;Bayern;Union Berlino;85.54;IMM-ALTA-6;4;2026-09-17;Germany_Bundesliga;Germany_Bundesliga;;PRO: attacco casa positivo | difesa trasferta vulnerabile | trend over recente casa | trend over recente trasferta | profilo over interno positivo | profilo over esterno positivo | alta tendenza BTTS || CONTRO: ospite poco prolifico: rischio 1-0 / 2-0 | v22 monitora possibile sopravvalutazione weak_ga;4.24;13.0;7.88;2.42;10.0;8.0;12.0;10.0;10.0;8.0;2.2.def1
2026-09-18;Germany_Oberliga_Hamburg;Victoria Hamburg;Pinneberg;85.46;ALTA;8;2026-09-17;Germany_Oberliga_Hamburg;Germany_Oberliga_Hamburg;;PRO: attacco casa positivo | attacco trasferta positivo | difesa trasferta vulnerabile | difesa casa vulnerabile | trend over recente trasferta | profilo over interno positivo | profilo over esterno positivo | alta tendenza BTTS || CONTRO: v22 monitora possibile sopravvalutazione weak_ga | trend over casa non forte;0.35;13.0;13.0;5.71;8.44;6.86;12.0;6.67;10.0;9.43;2.2.def1
2026-09-18;Austria_Regionalliga_South;Allerheiligen;Lafnitz;85.33;ALTA;9;2026-09-17;Austria_Regionalliga_South;Austria_Regionalliga_South;;PRO: attacco casa positivo | attacco trasferta positivo | difesa trasferta vulnerabile | difesa casa vulnerabile | trend over recente trasferta | profilo over esterno positivo | alta tendenza BTTS || CONTRO: v22 monitora possibile sopravvalutazione weak_ga | trend over casa non forte | profilo over interno debole;0.46;12.8;13.0;6.06;10.0;6.0;12.0;5.0;10.0;10.0;2.2.def1
2026-09-18;Finland_Kolmonen_Eastern_Group2;Kings;KuPS/Akatemia 2;84.95;ALTA;22;2026-09-17;Finland_Kolmonen_Eastern_Group2;Finland_Kolmonen_Eastern_Group2;;PRO: attacco casa positivo | attacco trasferta positivo | difesa trasferta vulnerabile | difesa casa vulnerabile | trend over recente casa | trend over recente trasferta | profilo over interno positivo | profilo over esterno positivo | alta tendenza BTTS || CONTRO: v22 monitora possibile sopravvalutazione weak_ga;5.14;13.0;10.93;5.27;10.0;9.6;7.2;8.0;8.0;7.8;2.2.def1
2026-09-18;Germany_Oberliga_Hamburg;Harksheide;TSV Buchholz 08;84.78;ALTA;8;2026-09-17;Germany_Oberliga_Hamburg;Germany_Oberliga_Hamburg;;PRO: attacco trasferta positivo | difesa trasferta vulnerabile | difesa casa vulnerabile | trend over recente casa | trend over recente trasferta | profilo over interno positivo | profilo over esterno positivo | alta tendenza BTTS || CONTRO: attacco casa non dominante | v22 monitora possibile sopravvalutazione weak_ga;3.53;6.75;13.0;7.27;9.85;8.57;10.0;6.67;10.0;9.14;2.2.def1
2026-09-18;Kyrgyzstan_PremierLiga;Bars;Aldier;84.51;ALTA;28;2026-09-17;Kyrgyzstan_PremierLiga;Kyrgyzstan_PremierLiga;;PRO: attacco casa positivo | attacco trasferta positivo | difesa trasferta vulnerabile | trend over recente casa | trend over recente trasferta | profilo over interno positivo | alta tendenza BTTS || CONTRO: v22 monitora possibile sopravvalutazione weak_ga | profilo over esterno debole;3.6;13.0;8.74;5.12;8.1;12.0;9.6;10.0;5.0;9.34;2.2.def1
2026-09-18;Estonia_Esiliiga;Tallinna Kalev;Flora U21;83.12;ALTA;34;2026-09-17;Estonia_Esiliiga;Estonia_Esiliiga;;PRO: attacco casa positivo | attacco trasferta positivo | difesa trasferta vulnerabile | difesa casa vulnerabile | trend over recente casa | trend over recente trasferta | profilo over interno positivo | profilo over esterno positivo | alta tendenza BTTS || CONTRO: v22 monitora possibile sopravvalutazione weak_ga;3.33;10.55;13.0;6.88;7.99;8.4;9.6;7.14;8.0;8.22;2.2.def1
2026-09-18;Austria_Wien;Schwechat;First Vienna (Am);82.72;IMM-ALTA-5;5;2026-09-17;Austria_Wien;Austria_Wien;;PRO: attacco casa positivo | attacco trasferta positivo | difesa trasferta vulnerabile | trend over recente trasferta | profilo over interno positivo | profilo over esterno positivo | alta tendenza BTTS || CONTRO: v22 monitora possibile sopravvalutazione weak_ga | trend over casa non forte;3.6;13.0;11.82;1.21;9.09;4.0;12.0;10.0;10.0;8.0;2.2.def1
2026-09-18;Finland_Kolmonen_Southern_Group2;Laajasalon Palloseura;ToTe;82.65;ALTA;22;2026-09-17;Finland_Kolmonen_Southern_Group2;Finland_Kolmonen_Southern_Group2;;PRO: attacco casa positivo | attacco trasferta positivo | difesa casa vulnerabile | trend over recente casa | trend over recente trasferta | profilo over interno positivo | alta tendenza BTTS || CONTRO: profilo over esterno debole;1.09;13.0;13.0;7.27;5.61;10.8;8.4;10.0;5.0;8.47;2.2.def1
2026-09-18;Finland_Kolmonen_Western_Group2;Sääksjärven Loiske;ACE;82.51;ALTA;22;2026-09-17;Finland_Kolmonen_Western_Group2;Finland_Kolmonen_Western_Group2;;PRO: attacco trasferta positivo | difesa trasferta vulnerabile | difesa casa vulnerabile | trend over recente casa | trend over recente trasferta | profilo over interno positivo | profilo over esterno positivo | alta tendenza BTTS || CONTRO: attacco casa non dominante | v22 monitora possibile sopravvalutazione weak_ga;1.64;8.4;11.51;8.0;10.0;8.4;10.8;6.67;8.89;8.21;2.2.def1
2026-09-18;Netherlands_EersteDivisie;Den Bosch;Helmond;82.49;ALTA;9;2026-09-17;Netherlands_EersteDivisie;Netherlands_EersteDivisie;;PRO: attacco casa positivo | attacco trasferta positivo | difesa trasferta vulnerabile | difesa casa vulnerabile | trend over recente casa | trend over recente trasferta | profilo over interno positivo | profilo over esterno positivo | alta tendenza BTTS || CONTRO: v22 monitora possibile sopravvalutazione weak_ga;1.58;9.85;11.82;8.0;7.58;8.0;8.0;6.67;10.0;11.0;2.2.def1
2026-09-18;CzechRepublic_4Liga_GroupB;Karlovy Vary;Sokolov;81.84;ALTA;7;2026-09-17;CzechRepublic_4Liga_GroupB;CzechRepublic_4Liga_GroupB;CzechRepublic_4Liga;"PRO: attacco casa positivo | attacco trasferta positivo | difesa casa vulnerabile | trend over recente casa | trend over recente trasferta | profilo over interno positivo | profilo over esterno positivo | alta tendenza BTTS || CONTRO: nessun contro rilevante || V22DEF_STRONG_DEFENSE[Rule=AWAY_STRONG;Threshold=1.60;Penalty=-13.00;HomeGALast5=2.40;AwayGALast5=0.80;BaseScore=94.84;FinalScore=81.84]";6.0;13.0;13.0;8.0;3.64;12.0;9.6;10.0;10.0;9.6;2.2.def1
2026-09-18;Netherlands_Eredivisie;Groningen;Zwolle;81.74;ALTA;8;2026-09-17;Netherlands_Eredivisie;Netherlands_Eredivisie;;PRO: attacco casa positivo | difesa trasferta vulnerabile | difesa casa vulnerabile | trend over recente casa | trend over recente trasferta | profilo over interno positivo | profilo over esterno positivo | alta tendenza BTTS || CONTRO: ospite poco prolifico: rischio 1-0 / 2-0 | v22 monitora possibile sopravvalutazione weak_ga;2.47;11.82;5.91;7.88;10.0;10.0;8.0;10.0;6.67;9.0;2.2.def1
2026-09-18;Austria_Karnten;Matrei;Seeboden;81.63;ALTA;10;2026-09-17;Austria_Karnten;Austria_Karnten;;PRO: attacco trasferta positivo | difesa trasferta vulnerabile | trend over recente trasferta | profilo over interno positivo | profilo over esterno positivo | alta tendenza BTTS || CONTRO: attacco casa non dominante | v22 monitora possibile sopravvalutazione weak_ga | trend over casa non forte;0.92;8.44;13.0;5.19;10.0;6.86;10.29;7.5;10.0;9.43;2.2.def1
2026-09-18;Denmark_2ndDivision;Nykobing;Hellerup;81.55;ALTA;8;2026-09-17;Denmark_2ndDivision;Denmark_2ndDivision;;PRO: attacco casa positivo | difesa trasferta vulnerabile | trend over recente casa | trend over recente trasferta | profilo over interno positivo | profilo over esterno positivo | alta tendenza BTTS || CONTRO: ospite poco prolifico: rischio 1-0 / 2-0 | v22 monitora possibile sopravvalutazione weak_ga;4.36;13.0;5.91;4.68;7.79;12.0;8.57;10.0;6.67;8.57;2.2.def1
2026-09-18;Estonia_EsiliigaB;Parnu JK Vaprus U21;Legion;81.29;ALTA;30;2026-09-17;Estonia_EsiliigaB;Estonia_EsiliigaB;;PRO: attacco casa positivo | difesa trasferta vulnerabile | difesa casa vulnerabile | trend over recente casa | trend over recente trasferta | profilo over interno positivo | profilo over esterno positivo | alta tendenza BTTS || CONTRO: ospite poco prolifico: rischio 1-0 / 2-0 | v22 monitora possibile sopravvalutazione weak_ga;3.33;13.0;5.45;7.4;10.0;10.8;7.2;9.23;7.14;7.73;2.2.def1
2026-09-18;Denmark_3rdDivision;Holbaek;Ringsted;81.16;ALTA;8;2026-09-17;Denmark_3rdDivision;Denmark_3rdDivision;;PRO: attacco casa positivo | difesa trasferta vulnerabile | trend over recente casa | profilo over interno positivo | alta tendenza BTTS || CONTRO: ospite poco prolifico: rischio 1-0 / 2-0 | v22 monitora possibile sopravvalutazione weak_ga | trend over trasferta non forte | profilo over esterno debole;5.45;13.0;6.75;5.19;10.0;12.0;6.86;10.0;3.33;8.57;2.2.def1
2026-09-18;Germany_3Liga;Verl;Wurzburger Kickers;81.16;ALTA;8;2026-09-17;Germany_3Liga;Germany_3Liga;;PRO: attacco trasferta positivo | difesa trasferta vulnerabile | difesa casa vulnerabile | trend over recente casa | trend over recente trasferta | profilo over interno positivo | profilo over esterno positivo | alta tendenza BTTS || CONTRO: attacco casa non dominante | v22 monitora possibile sopravvalutazione weak_ga;0.32;7.88;9.85;7.27;9.85;8.0;10.0;10.0;10.0;8.0;2.2.def1
2026-09-18;Netherlands_EersteDivisie;Oss;Dordrecht;80.69;ALTA;9;2026-09-17;Netherlands_EersteDivisie;Netherlands_EersteDivisie;;PRO: attacco trasferta positivo | difesa trasferta vulnerabile | difesa casa vulnerabile | trend over recente casa | trend over recente trasferta | profilo over interno positivo | profilo over esterno positivo | alta tendenza BTTS || CONTRO: attacco casa non dominante | v22 monitora possibile sopravvalutazione weak_ga;0.63;4.92;8.86;7.27;10.0;10.0;10.0;10.0;10.0;9.0;2.2.def1
2026-09-18;FaroeIslands_1Deild;Fuglafjordur;HB Torshavn 2;80.55;ALTA;25;2026-09-17;FaroeIslands_1Deild;FaroeIslands_1Deild;;PRO: attacco casa positivo | difesa trasferta vulnerabile | difesa casa vulnerabile | trend over recente casa | trend over recente trasferta | profilo over interno positivo | profilo over esterno positivo | alta tendenza BTTS || CONTRO: ospite poco prolifico: rischio 1-0 / 2-0 | v22 monitora possibile sopravvalutazione weak_ga;2.67;13.0;7.52;6.26;8.26;10.8;9.6;7.5;7.0;7.94;2.2.def1
2026-09-18;Austria_Oberosterreich;Pregarten;Micheldorf;80.03;ALTA;10;2026-09-17;Austria_Oberosterreich;Austria_Oberosterreich;;PRO: difesa trasferta vulnerabile | difesa casa vulnerabile | trend over recente casa | trend over recente trasferta | profilo over interno positivo | profilo over esterno positivo | alta tendenza BTTS || CONTRO: attacco casa non dominante | ospite poco prolifico: rischio 1-0 / 2-0 | v22 monitora possibile sopravvalutazione weak_ga;2.4;8.44;8.44;8.0;7.79;8.57;10.29;6.67;10.0;9.43;2.2.def1
2026-09-18;Austria_Tirol;SV Worgl;Stubai;79.91;ALTA;9;2026-09-17;Austria_Tirol;Austria_Tirol;;PRO: difesa trasferta vulnerabile | difesa casa vulnerabile | trend over recente casa | trend over recente trasferta | profilo over interno positivo | profilo over esterno positivo | alta tendenza BTTS || CONTRO: attacco casa non dominante | ospite poco prolifico: rischio 1-0 / 2-0 | v22 monitora possibile sopravvalutazione weak_ga;0.92;8.44;7.6;8.0;10.0;8.57;10.29;6.67;10.0;9.43;2.2.def1
2026-09-18;Austria_Regionalliga_North;Kuchl;UFC Hallein;79.7;ALTA;10;2026-09-17;Austria_Regionalliga_North;Austria_Regionalliga_North;;PRO: attacco casa positivo | difesa trasferta vulnerabile | trend over recente casa | trend over recente trasferta | profilo over interno positivo | profilo over esterno positivo | alta tendenza BTTS || CONTRO: ospite poco prolifico: rischio 1-0 / 2-0 | v22 monitora possibile sopravvalutazione weak_ga;3.23;10.97;6.75;4.68;10.0;8.57;10.29;7.5;10.0;7.71;2.2.def1
2026-09-18;Finland_Kolmonen_Southern_Group2;Valtti;PPS;79.32;ALTA;22;2026-09-17;Finland_Kolmonen_Southern_Group2;Finland_Kolmonen_Southern_Group2;;PRO: attacco casa positivo | difesa trasferta vulnerabile | difesa casa vulnerabile | trend over recente casa | trend over recente trasferta | profilo over esterno positivo | alta tendenza BTTS || CONTRO: ospite poco prolifico: rischio 1-0 / 2-0 | v22 monitora possibile sopravvalutazione weak_ga | profilo over interno debole;2.73;10.89;5.6;7.46;10.0;8.4;10.8;5.56;10.0;7.89;2.2.def1
2026-09-18;NorthMacedonia_1MFL;Shkendija;Bashkimi;78.98;ALTA;7;2026-09-17;NorthMacedonia_1MFL;NorthMacedonia_1MFL;;PRO: attacco casa positivo | difesa trasferta vulnerabile | trend over recente casa | trend over recente trasferta | profilo over interno positivo | profilo over esterno positivo || CONTRO: ospite poco prolifico: rischio 1-0 / 2-0 | v22 monitora possibile sopravvalutazione weak_ga | BTTS basso: possibile partita a senso unico;4.36;12.8;5.91;4.24;10.0;8.0;10.0;10.0;6.67;7.0;2.2.def1
2026-09-18;Finland_Kolmonen_Western_Group3;VIFK;Kiisto;78.42;ALTA;16;2026-09-17;Finland_Kolmonen_Western_Group3;Finland_Kolmonen_Western_Group3;;PRO: attacco casa positivo | attacco trasferta positivo | trend over recente casa | trend over recente trasferta | profilo over interno positivo | profilo over esterno positivo | alta tendenza BTTS || CONTRO: nessun contro rilevante;0.6;13.0;13.0;2.83;6.46;10.8;8.4;7.78;7.78;7.77;2.2.def1
2026-09-18;Iceland_BestaDeildKvenna;Hafnarfjordur D;Stjarnan D;78.04;ALTA;21;2026-09-17;Iceland_BestaDeildKvenna;Iceland_BestaDeildKvenna;;PRO: attacco casa positivo | attacco trasferta positivo | difesa trasferta vulnerabile | difesa casa vulnerabile | trend over recente casa | trend over recente trasferta | profilo over interno positivo | profilo over esterno positivo | alta tendenza BTTS || CONTRO: v22 monitora possibile sopravvalutazione weak_ga;1.33;13.0;10.18;6.46;6.82;9.6;7.2;7.78;6.67;9.0;2.2.def1
2026-09-18;Austria_Regionalliga_South;Weiz;Gleisdorf;77.24;ALTA;9;2026-09-17;Austria_Regionalliga_South;Austria_Regionalliga_South;;PRO: attacco casa positivo | difesa trasferta vulnerabile | trend over recente casa | trend over recente trasferta | profilo over interno positivo | profilo over esterno positivo | alta tendenza BTTS || CONTRO: ospite poco prolifico: rischio 1-0 / 2-0 | v22 monitora possibile sopravvalutazione weak_ga;2.77;9.85;6.89;3.64;9.09;8.0;8.0;10.0;10.0;9.0;2.2.def1
2026-09-18;Bolivia_DivisionProfesional;Bolivar;GV San Jose;76.97;ALTA;25;2026-09-17;Bolivia_DivisionProfesional;Bolivia_DivisionProfesional;;PRO: attacco casa positivo | difesa trasferta vulnerabile | trend over recente casa | trend over recente trasferta | profilo over interno positivo | alta tendenza BTTS || CONTRO: ospite poco prolifico: rischio 1-0 / 2-0 | v22 monitora possibile sopravvalutazione weak_ga | profilo over esterno debole;6.0;13.0;5.91;3.83;7.89;10.8;7.2;8.89;5.56;7.89;2.2.def1
2026-09-18;Finland_Kolmonen_Eastern_Group1;JJK/2;Komeetat;76.85;ALTA;24;2026-09-17;Finland_Kolmonen_Eastern_Group1;Finland_Kolmonen_Eastern_Group1;;PRO: attacco casa positivo | difesa trasferta vulnerabile | difesa casa vulnerabile | trend over recente casa | profilo over interno positivo | profilo over esterno positivo | alta tendenza BTTS || CONTRO: ospite poco prolifico: rischio 1-0 / 2-0 | v22 monitora possibile sopravvalutazione weak_ga | trend over trasferta non forte;1.71;12.86;8.34;8.0;10.0;9.6;6.0;6.67;6.25;7.41;2.2.def1
2026-09-18;Austria_2Liga;Floridsdorfer AC;Liefering;76.59;ALTA;7;2026-09-17;Austria_2Liga;Austria_2Liga;;PRO: attacco casa positivo | attacco trasferta positivo | difesa trasferta vulnerabile | difesa casa vulnerabile | trend over recente trasferta | profilo over esterno positivo || CONTRO: v22 monitora possibile sopravvalutazione weak_ga | trend over casa non forte | profilo over interno debole | BTTS basso: possibile partita a senso unico;2.0;8.86;13.0;6.06;8.33;6.0;12.0;3.33;10.0;7.0;2.2.def1
2026-09-18;Austria_Karnten;Dellach/Gail;Nussdorf;76.47;ALTA;10;2026-09-17;Austria_Karnten;Austria_Karnten;;PRO: difesa trasferta vulnerabile | difesa casa vulnerabile | trend over recente casa | trend over recente trasferta | profilo over interno positivo | profilo over esterno positivo || CONTRO: attacco casa non dominante | ospite poco prolifico: rischio 1-0 / 2-0 | v22 monitora possibile sopravvalutazione weak_ga | BTTS basso: possibile partita a senso unico;0.92;6.75;4.22;8.0;10.0;8.57;12.0;10.0;10.0;6.0;2.2.def1
2026-09-18;Poland_IIILiga_Group3;Nysa;Rakow 2;76.34;ALTA;9;2026-09-17;Poland_IIILiga_Group3;Poland_IIILiga_Group3;;PRO: difesa trasferta vulnerabile | difesa casa vulnerabile | trend over recente casa | trend over recente trasferta | profilo over interno positivo | profilo over esterno positivo | alta tendenza BTTS || CONTRO: attacco casa non dominante | ospite poco prolifico: rischio 1-0 / 2-0 | v22 monitora possibile sopravvalutazione weak_ga;1.38;5.91;7.39;8.0;9.66;9.0;7.5;10.0;10.0;7.5;2.2.def1
2026-09-18;England_PremierLeague;Brentford;Chelsea;76.25;IMM-ALTA-7;5;2026-09-17;England_PremierLeague;England_PremierLeague;;PRO: attacco trasferta positivo | difesa trasferta vulnerabile | trend over recente trasferta | profilo over esterno positivo | alta tendenza BTTS || CONTRO: attacco casa non dominante | v22 monitora possibile sopravvalutazione weak_ga | trend over casa non forte | profilo over interno debole;2.53;7.88;13.0;4.85;10.0;4.0;12.0;0.0;10.0;12.0;2.2.def1
2026-09-18;Switzerland_ChallengeLeague;Winterthur;Aarau;76.13;ALTA;9;2026-09-17;Switzerland_ChallengeLeague;Switzerland_ChallengeLeague;;PRO: attacco casa positivo | attacco trasferta positivo | difesa trasferta vulnerabile | trend over recente trasferta | profilo over interno positivo | profilo over esterno positivo | alta tendenza BTTS || CONTRO: v22 monitora possibile sopravvalutazione weak_ga | trend over casa non forte;1.33;12.56;9.6;3.18;7.95;6.0;10.5;7.5;10.0;7.5;2.2.def1
2026-09-18;Kazakhstan_FirstLeague;FC Astana 2;FC Batyr;75.66;ALTA;32;2026-09-17;Kazakhstan_FirstLeague;Kazakhstan_FirstLeague;;PRO: attacco casa positivo | difesa trasferta vulnerabile | difesa casa vulnerabile | trend over recente casa | trend over recente trasferta | profilo over interno positivo | profilo over esterno positivo || CONTRO: ospite poco prolifico: rischio 1-0 / 2-0 | v22 monitora possibile sopravvalutazione weak_ga | BTTS basso: possibile partita a senso unico;0.92;9.4;8.06;6.94;9.5;9.6;9.6;7.27;7.27;7.09;2.2.def1
2026-09-18;Albania_AbissnetSuperiore;Vllaznia;Teuta;75.21;IMM-ALTA-6;5;2026-09-17;Albania_AbissnetSuperiore;Albania_AbissnetSuperiore;;PRO: attacco trasferta positivo | difesa casa vulnerabile | trend over recente trasferta | profilo over interno positivo | profilo over esterno positivo | alta tendenza BTTS || CONTRO: attacco casa non dominante | trend over casa non forte;6.0;5.91;13.0;7.27;3.03;4.0;8.0;10.0;10.0;8.0;2.2.def1
2026-09-18;Finland_Kolmonen_Southern_Group3;Atlantis 2;ToTe/Tapio;74.9;MEDIA;21;2026-09-17;Finland_Kolmonen_Southern_Group3;Finland_Kolmonen_Southern_Group3;;PRO: attacco casa positivo | difesa trasferta vulnerabile | difesa casa vulnerabile | trend over recente casa | trend over recente trasferta | profilo over esterno positivo | alta tendenza BTTS || CONTRO: ospite poco prolifico: rischio 1-0 / 2-0 | v22 monitora possibile sopravvalutazione weak_ga | profilo over interno debole;0.6;10.08;7.22;8.0;10.0;8.4;9.6;5.0;7.78;8.22;2.2.def1
2026-09-18;Germany_Oberliga_Bremen;Leher;Geestemunde;74.46;MEDIA;7;2026-09-17;Germany_Oberliga_Bremen;Germany_Oberliga_Bremen;;PRO: attacco trasferta positivo | difesa trasferta vulnerabile | difesa casa vulnerabile | trend over recente casa | trend over recente trasferta | profilo over interno positivo | profilo over esterno positivo || CONTRO: attacco casa non dominante | v22 monitora possibile sopravvalutazione weak_ga | BTTS basso: possibile partita a senso unico;1.2;4.92;13.0;8.0;10.0;8.0;10.0;6.67;6.67;6.0;2.2.def1
2026-09-18;NorthernIreland_NIFLChampionship;Newry City;Annagh;74.38;MEDIA-ALTA;8;2026-09-17;NorthernIreland_NIFLChampionship;NorthernIreland_NIFLChampionship;;"PRO: attacco casa positivo | attacco trasferta positivo | difesa trasferta vulnerabile | difesa casa vulnerabile | trend over recente casa | trend over recente trasferta | profilo over interno positivo | profilo over esterno positivo | alta tendenza BTTS || CONTRO: v22 monitora possibile sopravvalutazione weak_ga || V22DEF_STRONG_DEFENSE[Rule=AWAY_STRONG;Threshold=1.60;Penalty=-13.00;HomeGALast5=1.80;AwayGALast5=1.00;BaseScore=87.38;FinalScore=74.38]";1.2;9.29;13.0;6.75;7.14;10.29;10.29;10.0;10.0;9.43;2.2.def1
2026-09-18;Austria_Niederosterreich;St. Peter in der Au;St. Polten (Am);73.95;MEDIA;7;2026-09-17;Austria_Niederosterreich;Austria_Niederosterreich;;PRO: attacco casa positivo | difesa trasferta vulnerabile | difesa casa vulnerabile | trend over recente casa | profilo over interno positivo | profilo over esterno positivo | alta tendenza BTTS || CONTRO: ospite poco prolifico: rischio 1-0 / 2-0 | v22 monitora possibile sopravvalutazione weak_ga | trend over trasferta non forte;0.4;8.86;4.92;8.0;9.09;12.0;6.0;10.0;6.67;8.0;2.2.def1
2026-09-18;Ukraine_PremierLeague;Polissya Zhytomyr;Kryvbas;73.6;MEDIA;7;2026-09-17;Ukraine_PremierLeague;Ukraine_PremierLeague;;PRO: attacco casa positivo | difesa trasferta vulnerabile | trend over recente casa | trend over recente trasferta | profilo over interno positivo | alta tendenza BTTS || CONTRO: ospite poco prolifico: rischio 1-0 / 2-0 | v22 monitora possibile sopravvalutazione weak_ga | profilo over esterno debole;4.62;13.0;8.27;3.03;8.18;8.0;7.2;7.5;5.0;8.8;2.2.def1
2026-09-18;Germany_Oberliga_Hessen;Hanauer SC;RW Walldorf;73.25;MEDIA;11;2026-09-17;Germany_Oberliga_Hessen;Germany_Oberliga_Hessen;;PRO: attacco casa positivo | difesa trasferta vulnerabile | difesa casa vulnerabile | trend over recente casa | trend over recente trasferta | profilo over interno positivo | alta tendenza BTTS || CONTRO: ospite poco prolifico: rischio 1-0 / 2-0 | v22 monitora possibile sopravvalutazione weak_ga | profilo over esterno debole;0.35;10.51;7.22;8.0;10.0;8.0;9.33;7.5;5.0;7.33;2.2.def1
2026-09-18;Germany_Oberliga_Niederrhein;Schonnebeck;SC St.Tonis;73.18;MEDIA-ALTA;9;2026-09-17;Germany_Oberliga_Niederrhein;Germany_Oberliga_Niederrhein;;"PRO: attacco casa positivo | attacco trasferta positivo | difesa trasferta vulnerabile | difesa casa vulnerabile | trend over recente casa | trend over recente trasferta | profilo over interno positivo | alta tendenza BTTS || CONTRO: v22 monitora possibile sopravvalutazione weak_ga | profilo over esterno debole || V22DEF_STRONG_DEFENSE[Rule=AWAY_STRONG;Threshold=1.60;Penalty=-13.00;HomeGALast5=NA;AwayGALast5=1.60;BaseScore=86.18;FinalScore=73.18]";0.35;13.0;13.0;5.45;7.27;12.0;9.6;10.0;5.0;10.5;2.2.def1
2026-09-18;Poland_Ekstraklasa;Wisla;Slask;73.13;MEDIA;11;2026-09-17;Poland_Ekstraklasa;Poland_Ekstraklasa;;PRO: attacco casa positivo | difesa trasferta vulnerabile | trend over recente casa | trend over recente trasferta | profilo over esterno positivo | alta tendenza BTTS || CONTRO: ospite poco prolifico: rischio 1-0 / 2-0 | v22 monitora possibile sopravvalutazione weak_ga | profilo over interno debole;3.53;11.08;7.39;5.0;7.39;7.5;9.0;5.0;7.5;9.75;2.2.def1
2026-09-18;Poland_IIILiga_Group3;Zaglebie 2;Carina Gubin;72.93;MEDIA;9;2026-09-17;Poland_IIILiga_Group3;Poland_IIILiga_Group3;;PRO: attacco casa positivo | difesa trasferta vulnerabile | trend over recente casa | trend over recente trasferta | profilo over esterno positivo | alta tendenza BTTS || CONTRO: ospite poco prolifico: rischio 1-0 / 2-0 | v22 monitora possibile sopravvalutazione weak_ga | profilo over interno debole;6.0;11.82;4.43;4.09;9.09;7.5;7.5;5.0;10.0;7.5;2.2.def1
2026-09-18;CzechRepublic_ChNL;Prostejov;Dukla Praga;72.66;MEDIA;9;2026-09-17;CzechRepublic_ChNL;CzechRepublic_ChNL;;PRO: attacco trasferta positivo | trend over recente trasferta | profilo over esterno positivo | alta tendenza BTTS || CONTRO: attacco casa non dominante | trend over casa non forte | profilo over interno debole;4.4;6.65;11.82;4.55;6.25;6.0;9.0;5.0;10.0;9.0;2.2.def1
2026-09-18;Wales_CymruPremier;Haverfordwest;Holywell;72.58;MEDIA;10;2026-09-17;Wales_CymruPremier;Wales_CymruPremier;;PRO: difesa trasferta vulnerabile | difesa casa vulnerabile | trend over recente trasferta | profilo over interno positivo | profilo over esterno positivo | alta tendenza BTTS || CONTRO: attacco casa non dominante | ospite poco prolifico: rischio 1-0 / 2-0 | v22 monitora possibile sopravvalutazione weak_ga | trend over casa non forte;2.31;4.43;7.22;6.36;10.0;6.0;10.67;8.0;10.0;7.58;2.2.def1
2026-09-18;Finland_Kolmonen_Southern_Group1;Nummelan Palloseura;Pöxyt;72.52;MEDIA;20;2026-09-17;Finland_Kolmonen_Southern_Group1;Finland_Kolmonen_Southern_Group1;;PRO: attacco trasferta positivo | difesa trasferta vulnerabile | difesa casa vulnerabile | trend over recente trasferta | profilo over esterno positivo || CONTRO: attacco casa non dominante | v22 monitora possibile sopravvalutazione weak_ga | trend over casa non forte | profilo over interno debole | BTTS basso: possibile partita a senso unico;6.0;5.91;12.75;8.0;9.57;6.0;10.8;0.0;8.75;4.74;2.2.def1
2026-09-18;Austria_Steiermark;SV Union Gnas;SV Wildon;72.18;MEDIA;5;2026-09-17;Austria_Steiermark;Austria_Steiermark;16 clubs, double round robin.;PRO: attacco casa positivo | attacco trasferta positivo | trend over recente casa | trend over recente trasferta | profilo over interno positivo | profilo over esterno positivo || CONTRO: BTTS basso: possibile partita a senso unico;1.6;13.0;11.82;1.21;4.55;8.0;8.0;10.0;10.0;4.0;2.2.def1
2026-09-18;Germany_Oberliga_Bayern_Nord;Cham;Neudrossenfeld;71.4;MEDIA;15;2026-09-17;Germany_Oberliga_Bayern_Nord;Germany_Oberliga_Bayern_Nord;;PRO: attacco casa positivo | difesa trasferta vulnerabile | trend over recente casa | trend over recente trasferta | profilo over interno positivo | profilo over esterno positivo || CONTRO: ospite poco prolifico: rischio 1-0 / 2-0 | v22 monitora possibile sopravvalutazione weak_ga | BTTS basso: possibile partita a senso unico;3.53;13.0;7.09;2.91;7.27;8.4;7.2;8.0;8.0;6.0;2.2.def1
2026-09-18;Netherlands_EersteDivisie;Jong Utrecht;Venlo;71.32;MEDIA-ALTA;9;2026-09-17;Netherlands_EersteDivisie;Netherlands_EersteDivisie;;"PRO: attacco casa positivo | attacco trasferta positivo | difesa trasferta vulnerabile | difesa casa vulnerabile | trend over recente casa | trend over recente trasferta | profilo over interno positivo | alta tendenza BTTS || CONTRO: v22 monitora possibile sopravvalutazione weak_ga | profilo over esterno debole || V22DEF_STRONG_DEFENSE[Rule=AWAY_STRONG;Threshold=1.60;Penalty=-13.00;HomeGALast5=1.40;AwayGALast5=1.20;BaseScore=84.32;FinalScore=71.32]";3.16;10.34;13.0;8.0;7.58;10.5;10.0;7.5;5.0;9.25;2.2.def1
2026-09-18;Poland_Division2;Bielsko-Biala;Swit Szczecin;71.29;MEDIA;9;2026-09-17;Poland_Division2;Poland_Division2;;PRO: difesa trasferta vulnerabile | trend over recente casa | trend over recente trasferta | profilo over interno positivo | profilo over esterno positivo || CONTRO: attacco casa non dominante | ospite poco prolifico: rischio 1-0 / 2-0 | v22 monitora possibile sopravvalutazione weak_ga | BTTS basso: possibile partita a senso unico;3.18;8.12;6.65;4.09;10.0;7.5;7.5;10.0;7.5;6.75;2.2.def1
2026-09-18;Lithuania_ILyga;BE1 NFA;Transinvest 2;71.23;MEDIA;26;2026-09-17;Lithuania_ILyga;Lithuania_ILyga;;PRO: attacco casa positivo | difesa trasferta vulnerabile | trend over recente trasferta | profilo over interno positivo | profilo over esterno positivo || CONTRO: ospite poco prolifico: rischio 1-0 / 2-0 | v22 monitora possibile sopravvalutazione weak_ga | trend over casa non forte | BTTS basso: possibile partita a senso unico;4.0;10.53;6.89;3.79;10.0;6.0;8.4;6.0;10.0;5.61;2.2.def1
2026-09-18;CzechRepublic_4Liga_GroupA;Hluboka nad Vltavou;Milevsko;71.17;MEDIA;7;2026-09-17;CzechRepublic_4Liga_GroupA;CzechRepublic_4Liga_GroupA;CzechRepublic_4Liga;PRO: attacco casa positivo | difesa trasferta vulnerabile | trend over recente casa | trend over recente trasferta | profilo over esterno positivo || CONTRO: ospite poco prolifico: rischio 1-0 / 2-0 | v22 monitora possibile sopravvalutazione weak_ga | profilo over interno debole | BTTS basso: possibile partita a senso unico;6.0;11.82;1.97;4.55;8.33;9.0;8.0;5.0;10.0;6.5;2.2.def1
2026-09-18;Austria_Burgenland;Deutschkreutz;Edelserpentin;70.92;MEDIA;8;2026-09-17;Austria_Burgenland;Austria_Burgenland;;PRO: attacco casa positivo | difesa trasferta vulnerabile | trend over recente casa | trend over recente trasferta | profilo over esterno positivo || CONTRO: ospite poco prolifico: rischio 1-0 / 2-0 | v22 monitora possibile sopravvalutazione weak_ga | profilo over interno debole | BTTS basso: possibile partita a senso unico;3.6;8.86;7.88;4.24;10.0;8.0;8.0;3.33;10.0;7.0;2.2.def1
2026-09-18;Austria_Burgenland;Neusiedl;Oberpullendorf;70.65;MEDIA;8;2026-09-17;Austria_Burgenland;Austria_Burgenland;;PRO: attacco casa positivo | difesa trasferta vulnerabile | trend over recente trasferta | profilo over esterno positivo || CONTRO: ospite poco prolifico: rischio 1-0 / 2-0 | v22 monitora possibile sopravvalutazione weak_ga | trend over casa non forte | profilo over interno debole | BTTS basso: possibile partita a senso unico;2.8;9.85;7.88;3.03;9.09;6.0;10.0;5.0;10.0;7.0;2.2.def1
2026-09-18;Sweden_Division2_SodraGotaland;Lilla Torg;Linero IF;70.54;MEDIA;27;2026-09-17;Sweden_Division2_SodraGotaland;Sweden_Division2_SodraGotaland;;PRO: attacco trasferta positivo | difesa trasferta vulnerabile | difesa casa vulnerabile | trend over recente casa | trend over recente trasferta | profilo over interno positivo | profilo over esterno positivo || CONTRO: attacco casa non dominante | v22 monitora possibile sopravvalutazione weak_ga | BTTS basso: possibile partita a senso unico;1.85;7.32;10.41;5.71;7.79;7.2;8.4;6.0;9.0;6.86;2.2.def1
2026-09-18;CzechRepublic_4Liga_GroupF;Hlucin;Pusta Polom;70.09;MEDIA;7;2026-09-17;CzechRepublic_4Liga_GroupF;CzechRepublic_4Liga_GroupF;CzechRepublic_4Liga;PRO: attacco casa positivo | difesa trasferta vulnerabile | trend over recente casa | trend over recente trasferta | profilo over esterno positivo || CONTRO: ospite poco prolifico: rischio 1-0 / 2-0 | v22 monitora possibile sopravvalutazione weak_ga | profilo over interno debole | BTTS basso: possibile partita a senso unico;6.0;13.0;7.88;3.64;7.58;8.0;8.0;3.33;6.67;6.0;2.2.def1
2026-09-18;Germany_Regionalliga_Bayern;Buchbach;Schweinfurt;69.95;MEDIA;11;2026-09-17;Germany_Regionalliga_Bayern;Germany_Regionalliga_Bayern;;PRO: attacco casa positivo | attacco trasferta positivo | difesa trasferta vulnerabile | trend over recente trasferta | alta tendenza BTTS || CONTRO: v22 monitora possibile sopravvalutazione weak_ga | trend over casa non forte | profilo over interno debole | profilo over esterno debole;3.53;13.0;9.19;2.73;10.0;6.0;8.0;5.0;4.0;8.5;2.2.def1
2026-09-18;Finland_Kolmonen_Southern_Group1;Malmin Palloseura;EPS Reservi;69.85;MEDIA-ALTA;20;2026-09-17;Finland_Kolmonen_Southern_Group1;Finland_Kolmonen_Southern_Group1;;"PRO: attacco casa positivo | attacco trasferta positivo | difesa trasferta vulnerabile | trend over recente casa | trend over recente trasferta | profilo over interno positivo | profilo over esterno positivo | alta tendenza BTTS || CONTRO: v22 monitora possibile sopravvalutazione weak_ga || V22DEF_STRONG_DEFENSE[Rule=AWAY_STRONG;Threshold=1.60;Penalty=-13.00;HomeGALast5=NA;AwayGALast5=1.40;BaseScore=82.85;FinalScore=69.85]";2.18;13.0;8.57;3.64;10.0;12.0;7.2;10.0;6.67;9.6;2.2.def1
2026-09-18;Hungary_NBI;Puskas Academy;Honved;69.71;MEDIA;9;2026-09-17;Hungary_NBI;Hungary_NBI;;PRO: attacco trasferta positivo | difesa trasferta vulnerabile | trend over recente trasferta | profilo over interno positivo | profilo over esterno positivo | alta tendenza BTTS || CONTRO: attacco casa non dominante | v22 monitora possibile sopravvalutazione weak_ga | trend over casa non forte;4.36;8.44;9.85;4.68;8.33;5.14;8.0;6.67;6.67;7.57;2.2.def1
2026-09-18;Russia_FNL;Sochi;SKA Khabarovsk;69.68;MEDIA;12;2026-09-17;Russia_FNL;Russia_FNL;;PRO: attacco casa positivo | difesa trasferta vulnerabile | trend over recente casa | trend over recente trasferta | profilo over esterno positivo || CONTRO: ospite poco prolifico: rischio 1-0 / 2-0 | v22 monitora possibile sopravvalutazione weak_ga | profilo over interno debole | BTTS basso: possibile partita a senso unico;5.65;10.74;5.91;4.3;10.0;8.4;7.2;4.0;6.67;6.82;2.2.def1
2026-09-18;Sweden_Division2_NorraGotaland;Herrestads AIF;Kumla;69.62;MEDIA;24;2026-09-17;Sweden_Division2_NorraGotaland;Sweden_Division2_NorraGotaland;;PRO: attacco casa positivo | difesa trasferta vulnerabile | difesa casa vulnerabile | trend over recente casa | profilo over interno positivo | profilo over esterno positivo | alta tendenza BTTS || CONTRO: ospite poco prolifico: rischio 1-0 / 2-0 | v22 monitora possibile sopravvalutazione weak_ga | trend over trasferta non forte;2.31;10.48;5.63;6.28;8.01;8.4;6.0;8.0;7.0;7.52;2.2.def1
2026-09-18;Armenia_PremierLeague;Noah;Van;69.48;MEDIA;11;2026-09-17;Armenia_PremierLeague;Armenia_PremierLeague;;PRO: attacco casa positivo | difesa trasferta vulnerabile | trend over recente casa | trend over recente trasferta | profilo over interno positivo | profilo over esterno positivo || CONTRO: ospite poco prolifico: rischio 1-0 / 2-0 | v22 monitora possibile sopravvalutazione weak_ga | BTTS basso: possibile partita a senso unico;4.91;13.0;3.38;2.6;10.0;8.57;8.57;7.5;6.67;4.29;2.2.def1
2026-09-18;CzechRepublic_4Liga_GroupE;Hluk;Holesov;69.46;MEDIA-ALTA;7;2026-09-17;CzechRepublic_4Liga_GroupE;CzechRepublic_4Liga_GroupE;CzechRepublic_4Liga;"PRO: attacco casa positivo | attacco trasferta positivo | difesa casa vulnerabile | trend over recente casa | trend over recente trasferta | profilo over interno positivo | profilo over esterno positivo | alta tendenza BTTS || CONTRO: nessun contro rilevante || V22DEF_STRONG_DEFENSE[Rule=AWAY_STRONG;Threshold=1.60;Penalty=-13.00;HomeGALast5=1.20;AwayGALast5=1.40;BaseScore=82.46;FinalScore=69.46]";5.2;13.0;10.83;5.45;5.3;10.0;8.0;10.0;6.67;8.0;2.2.def1
2026-09-18;Austria_Steiermark;Pachern;Kindberg Murzhofen;69.26;MEDIA;5;2026-09-17;Austria_Steiermark;Austria_Steiermark;16 clubs, double round robin.;PRO: attacco casa positivo | attacco trasferta positivo | difesa trasferta vulnerabile | trend over recente trasferta | profilo over esterno positivo || CONTRO: v22 monitora possibile sopravvalutazione weak_ga | trend over casa non forte | profilo over interno debole | BTTS basso: possibile partita a senso unico;3.2;9.85;13.0;1.21;10.0;4.0;12.0;0.0;10.0;6.0;2.2.def1
2026-09-18;Finland_Kolmonen_Western_Group1;ÅCF;KaaPo;69.23;MEDIA;22;2026-09-17;Finland_Kolmonen_Western_Group1;Finland_Kolmonen_Western_Group1;;PRO: attacco trasferta positivo | difesa trasferta vulnerabile | difesa casa vulnerabile | trend over recente casa | trend over recente trasferta | profilo over esterno positivo || CONTRO: attacco casa non dominante | v22 monitora possibile sopravvalutazione weak_ga | profilo over interno debole | BTTS basso: possibile partita a senso unico;1.64;5.29;9.64;8.0;10.0;8.4;9.6;4.0;6.67;6.0;2.2.def1
2026-09-18;Austria_Regionalliga_East;Traiskirchen;Marchfeld;69.2;MEDIA-ALTA;8;2026-09-17;Austria_Regionalliga_East;Austria_Regionalliga_East;;"PRO: attacco casa positivo | attacco trasferta positivo | difesa casa vulnerabile | trend over recente casa | trend over recente trasferta | profilo over esterno positivo | alta tendenza BTTS || CONTRO: profilo over interno debole || V22DEF_STRONG_DEFENSE[Rule=AWAY_STRONG;Threshold=1.60;Penalty=-13.00;HomeGALast5=2.00;AwayGALast5=1.20;BaseScore=82.20;FinalScore=69.20]";1.2;13.0;13.0;7.88;4.55;8.0;10.29;5.0;10.0;9.29;2.2.def1
2026-09-18;Germany_Oberliga_NOFV_Nord;Schwerin;Wismar;68.95;MEDIA;5;2026-09-17;Germany_Oberliga_NOFV_Nord;Germany_Oberliga_NOFV_Nord;;PRO: attacco casa positivo | trend over recente casa | profilo over interno positivo | alta tendenza BTTS || CONTRO: ospite poco prolifico: rischio 1-0 / 2-0 | trend over trasferta non forte | profilo over esterno debole;2.0;10.34;7.39;4.55;5.68;9.0;6.0;10.0;5.0;9.0;2.2.def1
2026-09-18;Belgium_ChallengerProLeague;Francs Borains;Anderlecht U23;68.87;MEDIA;6;2026-09-17;Belgium_ChallengerProLeague;Belgium_ChallengerProLeague;;PRO: attacco casa positivo | difesa trasferta vulnerabile | trend over recente trasferta | profilo over esterno positivo || CONTRO: ospite poco prolifico: rischio 1-0 / 2-0 | v22 monitora possibile sopravvalutazione weak_ga | trend over casa non forte | profilo over interno debole | BTTS basso: possibile partita a senso unico;4.8;8.86;7.39;1.82;10.0;6.0;9.0;5.0;10.0;6.0;2.2.def1
2026-09-18;CzechRepublic_4Liga_GroupA;FK Komarov;SK Strakonice 1908;68.69;MEDIA;7;2026-09-17;CzechRepublic_4Liga_GroupA;CzechRepublic_4Liga_GroupA;CzechRepublic_4Liga;PRO: attacco trasferta positivo | difesa trasferta vulnerabile | trend over recente trasferta | profilo over esterno positivo | alta tendenza BTTS || CONTRO: attacco casa non dominante | v22 monitora possibile sopravvalutazione weak_ga | trend over casa non forte | profilo over interno debole;6.0;7.09;11.82;2.18;10.0;2.4;12.0;0.0;10.0;7.2;2.2.def1
2026-09-18;Switzerland_ChallengeLeague;Wil;Nyonnais;68.65;MEDIA;9;2026-09-17;Switzerland_ChallengeLeague;Switzerland_ChallengeLeague;;PRO: difesa trasferta vulnerabile | difesa casa vulnerabile | trend over recente casa | trend over recente trasferta | profilo over interno positivo | profilo over esterno positivo | alta tendenza BTTS || CONTRO: attacco casa non dominante | ospite poco prolifico: rischio 1-0 / 2-0 | v22 monitora possibile sopravvalutazione weak_ga;0.67;7.39;4.43;8.0;10.0;7.5;9.0;6.67;7.5;7.5;2.2.def1
2026-09-18;Germany_Regionalliga_West;Siegen;Wattenscheid;68.49;MEDIA;9;2026-09-17;Germany_Regionalliga_West;Germany_Regionalliga_West;;PRO: attacco casa positivo | difesa trasferta vulnerabile | difesa casa vulnerabile | trend over recente casa | trend over recente trasferta | alta tendenza BTTS || CONTRO: ospite poco prolifico: rischio 1-0 / 2-0 | v22 monitora possibile sopravvalutazione weak_ga | profilo over interno debole | profilo over esterno debole;1.76;9.6;8.12;5.91;9.09;7.5;7.5;5.0;5.0;9.0;2.2.def1
2026-09-18;Austria_Salzburg;Thalgau;Neumarkt;68.32;MEDIA;10;2026-09-17;Austria_Salzburg;Austria_Salzburg;;PRO: attacco trasferta positivo | difesa trasferta vulnerabile | difesa casa vulnerabile | trend over recente trasferta | profilo over interno positivo | alta tendenza BTTS || CONTRO: attacco casa non dominante | v22 monitora possibile sopravvalutazione weak_ga | trend over casa non forte | profilo over esterno debole;1.6;5.91;9.29;8.0;10.0;6.0;8.57;6.67;5.0;7.29;2.2.def1
2026-09-18;Italy_SerieB;Juve Stabia;Cesena;67.96;MEDIA;5;2026-09-17;Italy_SerieB;Italy_SerieB;;PRO: attacco trasferta positivo | difesa casa vulnerabile | profilo over interno positivo | profilo over esterno positivo | alta tendenza BTTS || CONTRO: attacco casa non dominante | trend over casa non forte | trend over trasferta non forte;2.53;4.43;8.86;5.45;5.68;6.0;6.0;10.0;10.0;9.0;2.2.def1
2026-09-18;Germany_Oberliga_Bayern_Sud;Heimstetten;Gundelfingen;67.8;MEDIA;12;2026-09-17;Germany_Oberliga_Bayern_Sud;Germany_Oberliga_Bayern_Sud;;PRO: attacco casa positivo | difesa trasferta vulnerabile | difesa casa vulnerabile | trend over recente casa | profilo over interno positivo | alta tendenza BTTS || CONTRO: ospite poco prolifico: rischio 1-0 / 2-0 | v22 monitora possibile sopravvalutazione weak_ga | trend over trasferta non forte | profilo over esterno debole;0.35;10.05;8.27;8.0;7.73;8.4;6.0;6.0;4.0;9.0;2.2.def1
2026-09-18;Bolivia_DivisionProfesional;Tomayapo;Oriente Petrolero;67.72;MEDIA;25;2026-09-17;Bolivia_DivisionProfesional;Bolivia_DivisionProfesional;;PRO: attacco trasferta positivo | difesa casa vulnerabile | trend over recente trasferta | profilo over esterno positivo | alta tendenza BTTS || CONTRO: attacco casa non dominante | trend over casa non forte | profilo over interno debole;2.8;5.6;10.57;6.89;6.46;6.0;10.8;3.33;8.0;7.26;2.2.def1
2026-09-18;Lithuania_ILyga;Hegelmann Litauen 2;Dainava Alytus;67.69;MEDIA;26;2026-09-17;Lithuania_ILyga;Lithuania_ILyga;;PRO: attacco trasferta positivo | difesa trasferta vulnerabile | difesa casa vulnerabile | trend over recente casa | profilo over interno positivo || CONTRO: attacco casa non dominante | v22 monitora possibile sopravvalutazione weak_ga | trend over trasferta non forte | profilo over esterno debole | BTTS basso: possibile partita a senso unico;1.6;7.39;8.74;8.0;7.11;10.8;6.0;7.5;4.44;6.11;2.2.def1
2026-09-18;Spain_LaLiga;Espanyol;Elche;67.52;MEDIA;9;2026-09-17;Spain_LaLiga;Spain_LaLiga;;PRO: attacco casa positivo | difesa trasferta vulnerabile | trend over recente casa | trend over recente trasferta | alta tendenza BTTS || CONTRO: ospite poco prolifico: rischio 1-0 / 2-0 | v22 monitora possibile sopravvalutazione weak_ga | profilo over interno debole | profilo over esterno debole;4.42;9.45;7.88;3.64;10.0;7.2;8.0;5.0;3.33;8.6;2.2.def1
2026-09-18;Peru_Liga1_Clausura;Alianza Atl.;Comerciantes Unidos;67.37;MEDIA-ALTA;10;2026-09-17;Peru_Liga1_Clausura;Peru_Liga1_Clausura;;"PRO: attacco casa positivo | attacco trasferta positivo | difesa trasferta vulnerabile | difesa casa vulnerabile | trend over recente casa | trend over recente trasferta | profilo over interno positivo | profilo over esterno positivo | alta tendenza BTTS || CONTRO: v22 monitora possibile sopravvalutazione weak_ga || V22DEF_STRONG_DEFENSE[Rule=AWAY_STRONG;Threshold=1.60;Penalty=-13.00;HomeGALast5=1.60;AwayGALast5=1.60;BaseScore=80.37;FinalScore=67.37]";1.76;11.08;10.34;6.82;7.95;9.0;9.0;6.67;8.0;9.75;2.2.def1
2026-09-18;Austria_Wien;Red Star-Penzing;Lac Inter;67.13;MEDIA;5;2026-09-17;Austria_Wien;Austria_Wien;;PRO: attacco casa positivo | attacco trasferta positivo | difesa trasferta vulnerabile | trend over recente trasferta | profilo over esterno positivo || CONTRO: v22 monitora possibile sopravvalutazione weak_ga | trend over casa non forte | profilo over interno debole | BTTS basso: possibile partita a senso unico;0.4;11.82;11.82;0.0;9.09;6.0;12.0;0.0;10.0;6.0;2.2.def1
2026-09-18;Netherlands_EersteDivisie;Jong AZ;FC Volendam;67.06;MEDIA-ALTA;9;2026-09-17;Netherlands_EersteDivisie;Netherlands_EersteDivisie;;"PRO: attacco casa positivo | attacco trasferta positivo | difesa trasferta vulnerabile | difesa casa vulnerabile | trend over recente casa | trend over recente trasferta | profilo over interno positivo | profilo over esterno positivo | alta tendenza BTTS || CONTRO: v22 monitora possibile sopravvalutazione weak_ga || V22DEF_STRONG_DEFENSE[Rule=AWAY_STRONG;Threshold=1.60;Penalty=-13.00;HomeGALast5=2.00;AwayGALast5=1.40;BaseScore=80.06;FinalScore=67.06]";0.63;13.0;13.0;7.27;7.58;9.0;8.0;6.67;6.67;8.25;2.2.def1
2026-09-18;Poland_Ekstraklasa;Widzew Lodz;Wieczysta Krakow;66.97;MEDIA;11;2026-09-17;Poland_Ekstraklasa;Poland_Ekstraklasa;;PRO: difesa trasferta vulnerabile | profilo over interno positivo | profilo over esterno positivo | alta tendenza BTTS || CONTRO: attacco casa non dominante | ospite poco prolifico: rischio 1-0 / 2-0 | v22 monitora possibile sopravvalutazione weak_ga | trend over casa non forte | trend over trasferta non forte;2.12;8.12;7.6;5.0;9.74;6.0;6.86;7.5;6.0;8.04;2.2.def1
2026-09-18;Wales_CymruPremier;Caernarfon;Cambrian United;66.82;MEDIA-ALTA;10;2026-09-17;Wales_CymruPremier;Wales_CymruPremier;;"PRO: attacco casa positivo | attacco trasferta positivo | trend over recente casa | trend over recente trasferta | profilo over interno positivo | profilo over esterno positivo || CONTRO: BTTS basso: possibile partita a senso unico || V22DEF_STRONG_DEFENSE[Rule=AWAY_STRONG;Threshold=1.60;Penalty=-13.00;HomeGALast5=1.40;AwayGALast5=1.60;BaseScore=79.82;FinalScore=66.82]";1.38;13.0;10.51;4.04;5.56;9.33;9.33;10.0;10.0;6.67;2.2.def1
2026-09-18;Belgium_ChallengerProLeague;Club Brugge U23;Gent U23;66.63;MEDIA;6;2026-09-17;Belgium_ChallengerProLeague;Belgium_ChallengerProLeague;;PRO: attacco casa positivo | difesa trasferta vulnerabile | difesa casa vulnerabile | trend over recente casa | trend over recente trasferta | profilo over esterno positivo || CONTRO: ospite poco prolifico: rischio 1-0 / 2-0 | v22 monitora possibile sopravvalutazione weak_ga | profilo over interno debole | BTTS basso: possibile partita a senso unico;1.6;11.82;3.94;7.27;10.0;8.0;8.0;0.0;10.0;6.0;2.2.def1
2026-09-18;Austria_Oberosterreich;Edelweiss;Union Unis Gschwandt;66.46;MEDIA-ALTA;10;2026-09-17;Austria_Oberosterreich;Austria_Oberosterreich;;"PRO: attacco casa positivo | attacco trasferta positivo | difesa trasferta vulnerabile | trend over recente casa | trend over recente trasferta | profilo over interno positivo | alta tendenza BTTS || CONTRO: v22 monitora possibile sopravvalutazione weak_ga | profilo over esterno debole || V22DEF_STRONG_DEFENSE[Rule=AWAY_STRONG;Threshold=1.60;Penalty=-13.00;HomeGALast5=1.80;AwayGALast5=1.60;BaseScore=79.46;FinalScore=66.46]";2.4;13.0;8.86;5.19;7.58;10.29;8.0;10.0;5.0;9.14;2.2.def1
2026-09-18;Germany_Oberliga_BadenWurttemberg;Villingen;Singen;66.14;MEDIA;10;2026-09-17;Germany_Oberliga_BadenWurttemberg;Germany_Oberliga_BadenWurttemberg;;PRO: attacco casa positivo | difesa trasferta vulnerabile | trend over recente casa | profilo over interno positivo || CONTRO: ospite poco prolifico: rischio 1-0 / 2-0 | v22 monitora possibile sopravvalutazione weak_ga | trend over trasferta non forte | profilo over esterno debole | BTTS basso: possibile partita a senso unico;2.82;13.0;6.75;5.19;7.79;8.57;5.14;6.67;3.33;6.86;2.2.def1
2026-09-18;Austria_Karnten;SV Spittal;SC St. Veit;66.04;MEDIA-ALTA;10;2026-09-17;Austria_Karnten;Austria_Karnten;;"PRO: attacco casa positivo | attacco trasferta positivo | trend over recente trasferta | profilo over esterno positivo || CONTRO: trend over casa non forte | profilo over interno debole | BTTS basso: possibile partita a senso unico || V22DEF_STRONG_DEFENSE[Rule=AWAY_STRONG;Threshold=1.60;Penalty=-13.00;HomeGALast5=1.40;AwayGALast5=1.20;BaseScore=79.04;FinalScore=66.04]";4.15;10.13;13.0;5.19;5.84;6.86;12.0;5.0;10.0;6.86;2.2.def1
2026-09-18;Germany_Oberliga_Bayern_Sud;FC Schwaig;Rosenheim;65.94;MEDIA;12;2026-09-17;Germany_Oberliga_Bayern_Sud;Germany_Oberliga_Bayern_Sud;;PRO: attacco casa positivo | attacco trasferta positivo | difesa trasferta vulnerabile | trend over recente casa | alta tendenza BTTS || CONTRO: v22 monitora possibile sopravvalutazione weak_ga | trend over trasferta non forte | profilo over interno debole | profilo over esterno debole;2.47;12.41;8.86;4.73;7.27;8.4;6.0;4.0;4.0;7.8;2.2.def1
2026-09-18;Austria_Niederosterreich;Langenrohr;Amstetten (Am);65.58;MEDIA;7;2026-09-17;Austria_Niederosterreich;Austria_Niederosterreich;;PRO: difesa trasferta vulnerabile | trend over recente trasferta | profilo over interno positivo | profilo over esterno positivo | alta tendenza BTTS || CONTRO: attacco casa non dominante | ospite poco prolifico: rischio 1-0 / 2-0 | v22 monitora possibile sopravvalutazione weak_ga | trend over casa non forte;1.2;5.91;6.89;4.24;10.0;6.0;10.0;6.67;6.67;8.0;2.2.def1
2026-09-18;Netherlands_EersteDivisie;Almere City;Heracles;65.56;MEDIA-ALTA;9;2026-09-17;Netherlands_EersteDivisie;Netherlands_EersteDivisie;;"PRO: attacco casa positivo | attacco trasferta positivo | difesa trasferta vulnerabile | trend over recente casa | trend over recente trasferta | profilo over esterno positivo | alta tendenza BTTS || CONTRO: v22 monitora possibile sopravvalutazione weak_ga | profilo over interno debole || V22DEF_STRONG_DEFENSE[Rule=AWAY_STRONG;Threshold=1.60;Penalty=-13.00;HomeGALast5=0.60;AwayGALast5=1.20;BaseScore=78.56;FinalScore=65.56]";0.32;13.0;13.0;2.42;6.82;8.0;12.0;5.0;10.0;8.0;2.2.def1
2026-09-18;Estonia_Meistriliiga;Harju JK Laagri;Kuressaare;65.08;MEDIA;32;2026-09-17;Estonia_Meistriliiga;Estonia_Meistriliiga;;PRO: difesa trasferta vulnerabile | difesa casa vulnerabile | trend over recente casa | trend over recente trasferta | profilo over interno positivo || CONTRO: attacco casa non dominante | ospite poco prolifico: rischio 1-0 / 2-0 | v22 monitora possibile sopravvalutazione weak_ga | profilo over esterno debole | BTTS basso: possibile partita a senso unico;0.67;8.44;6.54;6.1;7.95;8.4;8.4;6.43;5.71;6.43;2.2.def1
2026-09-18;Azerbaijan_PremierLeague;Qarabag;Safa Baku;64.84;MEDIA;6;2026-09-17;Azerbaijan_PremierLeague;Azerbaijan_PremierLeague;;PRO: attacco casa positivo | difesa trasferta vulnerabile | profilo over interno positivo || CONTRO: ospite poco prolifico: rischio 1-0 / 2-0 | v22 monitora possibile sopravvalutazione weak_ga | trend over casa non forte | trend over trasferta non forte | profilo over esterno debole | BTTS basso: possibile partita a senso unico;4.91;11.82;1.48;3.64;10.0;6.0;6.0;10.0;5.0;6.0;2.2.def1
2026-09-18;Kazakhstan_FirstLeague;Turan;Yelimay Semey 2;64.77;MEDIA;32;2026-09-17;Kazakhstan_FirstLeague;Kazakhstan_FirstLeague;;PRO: attacco casa positivo | difesa trasferta vulnerabile | trend over recente casa | profilo over interno positivo || CONTRO: ospite poco prolifico: rischio 1-0 / 2-0 | v22 monitora possibile sopravvalutazione weak_ga | trend over trasferta non forte | profilo over esterno debole | BTTS basso: possibile partita a senso unico;5.08;12.62;4.3;3.31;8.88;8.4;6.0;7.27;4.55;4.36;2.2.def1
2026-09-18;Sweden_Division2_SodraGotaland;Staffanstorp United;Osterlen;64.69;MEDIA;27;2026-09-17;Sweden_Division2_SodraGotaland;Sweden_Division2_SodraGotaland;;PRO: attacco casa positivo | attacco trasferta positivo | difesa trasferta vulnerabile | difesa casa vulnerabile | trend over recente trasferta | profilo over interno positivo | alta tendenza BTTS || CONTRO: v22 monitora possibile sopravvalutazione weak_ga | trend over casa non forte | profilo over esterno debole;1.38;8.72;9.0;6.23;7.14;3.6;9.6;7.0;4.0;8.0;2.2.def1
2026-09-18;Sweden_Division2_VastraGotaland;Torslanda;Lindome;64.52;MEDIA-ALTA;24;2026-09-17;Sweden_Division2_VastraGotaland;Sweden_Division2_VastraGotaland;;"PRO: attacco casa positivo | attacco trasferta positivo | difesa trasferta vulnerabile | difesa casa vulnerabile | trend over recente casa | trend over recente trasferta | profilo over interno positivo | profilo over esterno positivo | alta tendenza BTTS || CONTRO: v22 monitora possibile sopravvalutazione weak_ga || V22DEF_STRONG_DEFENSE[Rule=AWAY_STRONG;Threshold=1.60;Penalty=-13.00;HomeGALast5=5.40;AwayGALast5=1.20;BaseScore=77.52;FinalScore=64.52]";2.77;10.69;10.97;8.0;6.71;8.4;8.4;7.0;6.0;8.57;2.2.def1
2026-09-18;Switzerland_ChallengeLeague;Xamax;Rapperswil-Jona;64.43;MEDIA-ALTA;9;2026-09-17;Switzerland_ChallengeLeague;Switzerland_ChallengeLeague;;"PRO: attacco casa positivo | attacco trasferta positivo | difesa trasferta vulnerabile | difesa casa vulnerabile | trend over recente casa | profilo over interno positivo | profilo over esterno positivo | alta tendenza BTTS || CONTRO: v22 monitora possibile sopravvalutazione weak_ga | trend over trasferta non forte || V22DEF_STRONG_DEFENSE[Rule=AWAY_STRONG;Threshold=1.60;Penalty=-13.00;HomeGALast5=2.20;AwayGALast5=1.60;BaseScore=77.43;FinalScore=64.43]";2.0;8.86;8.86;6.36;9.09;10.5;6.0;10.0;7.5;8.25;2.2.def1
2026-09-18;Finland_Ykkosliiga;Haka;Klubi 04;64.11;MEDIA;27;2026-09-17;Finland_Ykkosliiga;Finland_Ykkosliiga;;PRO: attacco casa positivo | difesa trasferta vulnerabile | trend over recente casa | profilo over interno positivo || CONTRO: ospite poco prolifico: rischio 1-0 / 2-0 | v22 monitora possibile sopravvalutazione weak_ga | trend over trasferta non forte | profilo over esterno debole | BTTS basso: possibile partita a senso unico;2.67;11.26;7.19;4.16;6.72;9.6;6.0;6.36;3.33;6.82;2.2.def1
2026-09-18;Austria_Burgenland;Pinkafeld;Bad Sauerbrunn;64.09;MEDIA-ALTA;8;2026-09-17;Austria_Burgenland;Austria_Burgenland;;"PRO: attacco casa positivo | attacco trasferta positivo | trend over recente trasferta | profilo over esterno positivo | alta tendenza BTTS || CONTRO: trend over casa non forte | profilo over interno debole || V22DEF_STRONG_DEFENSE[Rule=AWAY_STRONG;Threshold=1.60;Penalty=-13.00;HomeGALast5=1.40;AwayGALast5=1.40;BaseScore=77.09;FinalScore=64.09]";0.8;12.8;13.0;4.85;5.3;6.0;12.0;3.33;10.0;9.0;2.2.def1
2026-09-18;Netherlands_EersteDivisie;Waalwijk;Maastricht;63.93;MEDIA-ALTA;9;2026-09-17;Netherlands_EersteDivisie;Netherlands_EersteDivisie;;"PRO: attacco casa positivo | attacco trasferta positivo | difesa trasferta vulnerabile | trend over recente trasferta | profilo over interno positivo | profilo over esterno positivo | alta tendenza BTTS || CONTRO: v22 monitora possibile sopravvalutazione weak_ga | trend over casa non forte || V22DEF_STRONG_DEFENSE[Rule=AWAY_STRONG;Threshold=1.60;Penalty=-13.00;HomeGALast5=1.40;AwayGALast5=1.60;BaseScore=76.93;FinalScore=63.93]";1.58;11.82;8.86;4.85;6.82;6.0;8.0;10.0;10.0;9.0;2.2.def1
2026-09-18;Germany_Regionalliga_West;Rodinghausen;FC Gutersloh;63.6;MEDIA-ALTA;9;2026-09-17;Germany_Regionalliga_West;Germany_Regionalliga_West;;"PRO: attacco trasferta positivo | difesa casa vulnerabile | trend over recente casa | trend over recente trasferta | profilo over interno positivo | alta tendenza BTTS || CONTRO: attacco casa non dominante | profilo over esterno debole || V22DEF_STRONG_DEFENSE[Rule=AWAY_STRONG;Threshold=1.60;Penalty=-13.00;HomeGALast5=2.40;AwayGALast5=1.00;BaseScore=76.60;FinalScore=63.60]";5.29;8.12;13.0;7.27;3.41;9.0;9.0;7.5;5.0;9.0;2.2.def1
2026-09-18;Austria_Regionalliga_North;Seekirchen;Wals-Grunau;63.42;MEDIA-ALTA;10;2026-09-17;Austria_Regionalliga_North;Austria_Regionalliga_North;;"PRO: attacco trasferta positivo | difesa casa vulnerabile | trend over recente casa | trend over recente trasferta | profilo over esterno positivo | alta tendenza BTTS || CONTRO: attacco casa non dominante | profilo over interno debole || V22DEF_STRONG_DEFENSE[Rule=AWAY_STRONG;Threshold=1.60;Penalty=-13.00;HomeGALast5=1.20;AwayGALast5=1.60;BaseScore=76.42;FinalScore=63.42]";5.54;5.91;13.0;7.73;6.25;7.5;10.5;5.0;7.5;7.5;2.2.def1
2026-09-18;Denmark_2ndDivision;Roskilde;FA 2000;63.19;MEDIA;8;2026-09-17;Denmark_2ndDivision;Denmark_2ndDivision;;PRO: difesa trasferta vulnerabile | trend over recente trasferta | alta tendenza BTTS || CONTRO: attacco casa non dominante | ospite poco prolifico: rischio 1-0 / 2-0 | v22 monitora possibile sopravvalutazione weak_ga | trend over casa non forte | profilo over interno debole | profilo over esterno debole;3.27;8.44;6.75;4.16;9.09;5.14;8.57;3.33;5.0;9.43;2.2.def1
2026-09-18;Austria_Salzburg;Schwarzach;Strasswalchen;63.09;MEDIA-ALTA;10;2026-09-17;Austria_Salzburg;Austria_Salzburg;;"PRO: attacco trasferta positivo | difesa casa vulnerabile | trend over recente casa | trend over recente trasferta | profilo over interno positivo | profilo over esterno positivo || CONTRO: attacco casa non dominante | BTTS basso: possibile partita a senso unico || V22DEF_STRONG_DEFENSE[Rule=AWAY_STRONG;Threshold=1.60;Penalty=-13.00;HomeGALast5=2.80;AwayGALast5=1.40;BaseScore=76.09;FinalScore=63.09]";5.6;5.06;13.0;8.0;4.55;10.29;9.0;7.5;6.67;6.43;2.2.def1
2026-09-18;Belarus_PershayaLiga;Gomel 2;Din. Minsk 2;62.73;MEDIA-ALTA;27;2026-09-17;Belarus_PershayaLiga;Belarus_PershayaLiga;;"PRO: attacco trasferta positivo | difesa trasferta vulnerabile | difesa casa vulnerabile | trend over recente casa | trend over recente trasferta | profilo over interno positivo | profilo over esterno positivo | alta tendenza BTTS || CONTRO: attacco casa non dominante | v22 monitora possibile sopravvalutazione weak_ga || V22DEF_STRONG_DEFENSE[Rule=AWAY_STRONG;Threshold=1.60;Penalty=-13.00;HomeGALast5=3.40;AwayGALast5=1.40;BaseScore=75.73;FinalScore=62.73]";1.76;8.12;10.09;7.12;7.01;9.6;9.6;6.67;7.5;8.25;2.2.def1
2026-09-18;Austria_Karnten;TSV Grafenstein;Saint Michael Lavanttal;62.68;MEDIA-ALTA;10;2026-09-17;Austria_Karnten;Austria_Karnten;;"PRO: attacco casa positivo | attacco trasferta positivo | difesa trasferta vulnerabile | trend over recente trasferta | profilo over interno positivo | profilo over esterno positivo | alta tendenza BTTS || CONTRO: v22 monitora possibile sopravvalutazione weak_ga | trend over casa non forte || V22DEF_STRONG_DEFENSE[Rule=AWAY_STRONG;Threshold=1.60;Penalty=-13.00;HomeGALast5=1.00;AwayGALast5=1.60;BaseScore=75.68;FinalScore=62.68]";4.15;12.66;10.13;3.64;7.79;6.86;8.57;6.67;7.5;7.71;2.2.def1
2026-09-18;Austria_Regionalliga_North;Wallern/St Marienkirchen;Union Gurten;62.42;MEDIA-ALTA;10;2026-09-17;Austria_Regionalliga_North;Austria_Regionalliga_North;;"PRO: attacco casa positivo | attacco trasferta positivo | trend over recente casa | profilo over interno positivo || CONTRO: trend over trasferta non forte | profilo over esterno debole | BTTS basso: possibile partita a senso unico || V22DEF_STRONG_DEFENSE[Rule=AWAY_STRONG;Threshold=1.60;Penalty=-13.00;HomeGALast5=1.00;AwayGALast5=0.80;BaseScore=75.42;FinalScore=62.42]";0.46;13.0;13.0;4.09;5.11;12.0;6.0;10.0;5.0;6.75;2.2.def1
2026-09-18;CzechRepublic_4Liga_GroupF;Valasske Mezirici;Stonava;62.35;MEDIA-ALTA;7;2026-09-17;CzechRepublic_4Liga_GroupF;CzechRepublic_4Liga_GroupF;CzechRepublic_4Liga;"PRO: attacco casa positivo | attacco trasferta positivo | difesa casa vulnerabile | trend over recente casa | trend over recente trasferta | profilo over interno positivo | profilo over esterno positivo | alta tendenza BTTS || CONTRO: nessun contro rilevante || V22DEF_STRONG_DEFENSE[Rule=AWAY_STRONG;Threshold=1.60;Penalty=-13.00;HomeGALast5=2.40;AwayGALast5=1.00;BaseScore=75.35;FinalScore=62.35]";6.0;9.85;8.86;8.0;5.3;8.0;8.0;6.67;6.67;8.0;2.2.def1
2026-09-18;Austria_Regionalliga_South;Deutschlandsberger;Kalsdorf;62.26;MEDIA-ALTA;9;2026-09-17;Austria_Regionalliga_South;Austria_Regionalliga_South;;"PRO: attacco casa positivo | attacco trasferta positivo | difesa casa vulnerabile | trend over recente casa | trend over recente trasferta | profilo over interno positivo | profilo over esterno positivo || CONTRO: BTTS basso: possibile partita a senso unico || V22DEF_STRONG_DEFENSE[Rule=AWAY_STRONG;Threshold=1.60;Penalty=-13.00;HomeGALast5=1.60;AwayGALast5=1.20;BaseScore=75.26;FinalScore=62.26]";0.92;13.0;13.0;5.45;4.55;10.0;8.0;6.67;6.67;7.0;2.2.def1
2026-09-18;Austria_Wien;TWL Elektra;A XIII-Auhof Center;61.93;MEDIA;5;2026-09-17;Austria_Wien;Austria_Wien;;PRO: attacco casa positivo | profilo over interno positivo | profilo over esterno positivo || CONTRO: ospite poco prolifico: rischio 1-0 / 2-0 | trend over casa non forte | trend over trasferta non forte | BTTS basso: possibile partita a senso unico;1.2;13.0;7.88;1.82;3.03;6.0;4.0;10.0;10.0;5.0;2.2.def1
2026-09-18;Germany_2Bundesliga;Furth;Magdeburg;61.89;MEDIA-ALTA;6;2026-09-17;Germany_2Bundesliga;Germany_2Bundesliga;;"PRO: attacco casa positivo | attacco trasferta positivo | difesa trasferta vulnerabile | difesa casa vulnerabile | trend over recente trasferta | profilo over esterno positivo | alta tendenza BTTS || CONTRO: v22 monitora possibile sopravvalutazione weak_ga | trend over casa non forte | profilo over interno debole || V22DEF_STRONG_DEFENSE[Rule=AWAY_STRONG;Threshold=1.60;Penalty=-13.00;HomeGALast5=2.00;AwayGALast5=1.60;BaseScore=74.89;FinalScore=61.89]";2.47;9.45;11.82;7.27;7.27;4.8;9.6;5.0;10.0;7.2;2.2.def1
2026-09-18;Germany_Regionalliga_Sudwest;FSV Francoforte;Kickers Stoccarda;61.75;MEDIA-ALTA;10;2026-09-17;Germany_Regionalliga_Sudwest;Germany_Regionalliga_Sudwest;;"PRO: attacco casa positivo | attacco trasferta positivo | difesa trasferta vulnerabile | trend over recente casa | trend over recente trasferta | profilo over esterno positivo | alta tendenza BTTS || CONTRO: v22 monitora possibile sopravvalutazione weak_ga | profilo over interno debole || V22DEF_STRONG_DEFENSE[Rule=AWAY_STRONG;Threshold=1.60;Penalty=-13.00;HomeGALast5=0.80;AwayGALast5=1.40;BaseScore=74.75;FinalScore=61.75]";0.71;10.97;11.82;4.16;7.14;8.57;10.29;5.0;6.67;9.43;2.2.def1
2026-09-18;CzechRepublic_ChNL;Karvina;Kromeriz;61.65;MEDIA;9;2026-09-17;CzechRepublic_ChNL;CzechRepublic_ChNL;;PRO: attacco casa positivo | difesa trasferta vulnerabile | trend over recente casa || CONTRO: ospite poco prolifico: rischio 1-0 / 2-0 | v22 monitora possibile sopravvalutazione weak_ga | trend over trasferta non forte | profilo over interno debole | profilo over esterno debole | BTTS basso: possibile partita a senso unico;5.6;11.82;4.43;4.55;9.09;7.5;6.0;3.33;3.33;6.0;2.2.def1
2026-09-18;Germany_Oberliga_NOFV_Sud;1.FC Frankfurt;Meuselwitz;61.62;MEDIA;5;2026-09-17;Germany_Oberliga_NOFV_Sud;Germany_Oberliga_NOFV_Sud;;PRO: attacco trasferta positivo | difesa casa vulnerabile | trend over recente casa | profilo over interno positivo || CONTRO: attacco casa non dominante | trend over trasferta non forte | profilo over esterno debole | BTTS basso: possibile partita a senso unico;5.6;5.91;10.34;8.0;2.27;12.0;3.0;10.0;0.0;4.5;2.2.def1
2026-09-18;Austria_Burgenland;Kohfidisch;Margarethen;61.61;MEDIA-ALTA;8;2026-09-17;Austria_Burgenland;Austria_Burgenland;;"PRO: attacco casa positivo | attacco trasferta positivo | difesa casa vulnerabile | trend over recente casa | profilo over interno positivo | profilo over esterno positivo | alta tendenza BTTS || CONTRO: trend over trasferta non forte || V22DEF_STRONG_DEFENSE[Rule=AWAY_STRONG;Threshold=1.60;Penalty=-13.00;HomeGALast5=1.80;AwayGALast5=0.80;BaseScore=74.61;FinalScore=61.61]";4.4;8.86;10.83;6.06;3.79;10.0;6.0;10.0;6.67;8.0;2.2.def1
2026-09-18;Austria_Niederosterreich;Ebreichsdorf;Retz;61.5;MEDIA-ALTA;7;2026-09-17;Austria_Niederosterreich;Austria_Niederosterreich;;"PRO: attacco casa positivo | attacco trasferta positivo | difesa casa vulnerabile | trend over recente casa | trend over recente trasferta | profilo over esterno positivo | alta tendenza BTTS || CONTRO: profilo over interno debole || V22DEF_STRONG_DEFENSE[Rule=AWAY_STRONG;Threshold=1.60;Penalty=-13.00;HomeGALast5=2.00;AwayGALast5=0.80;BaseScore=74.50;FinalScore=61.50]";1.2;13.0;11.82;7.27;4.55;8.0;8.0;5.0;6.67;9.0;2.2.def1
2026-09-18;Austria_Regionalliga_East;Wiener;Leobendorf;61.21;MEDIA;8;2026-09-17;Austria_Regionalliga_East;Austria_Regionalliga_East;;PRO: attacco casa positivo | difesa trasferta vulnerabile | profilo over esterno positivo || CONTRO: ospite poco prolifico: rischio 1-0 / 2-0 | v22 monitora possibile sopravvalutazione weak_ga | trend over casa non forte | trend over trasferta non forte | profilo over interno debole | BTTS basso: possibile partita a senso unico;4.8;13.0;6.75;1.56;7.14;6.86;5.14;5.0;6.67;4.29;2.2.def1
2026-09-18;Austria_Niederosterreich;Korneuburg;Admira (Am);60.52;MEDIA;7;2026-09-17;Austria_Niederosterreich;Austria_Niederosterreich;;PRO: attacco trasferta positivo | difesa trasferta vulnerabile || CONTRO: attacco casa non dominante | v22 monitora possibile sopravvalutazione weak_ga | trend over casa non forte | trend over trasferta non forte | profilo over interno debole | profilo over esterno debole | BTTS basso: possibile partita a senso unico;1.6;7.88;8.86;4.85;10.0;6.0;6.0;5.0;3.33;7.0;2.2.def1
2026-09-18;Croatia_HNL;Rudes;Slaven Belupo;60.45;MEDIA;5;2026-09-17;Croatia_HNL;Croatia_HNL;10 clubs, quadruple round robin;PRO: difesa trasferta vulnerabile | difesa casa vulnerabile | trend over recente casa | trend over recente trasferta | profilo over interno positivo || CONTRO: attacco casa non dominante | ospite poco prolifico: rischio 1-0 / 2-0 | v22 monitora possibile sopravvalutazione weak_ga | profilo over esterno debole | BTTS basso: possibile partita a senso unico;2.0;3.94;3.94;8.0;7.58;8.0;8.0;10.0;5.0;4.0;2.2.def1
2026-09-18;Germany_Oberliga_BadenWurttemberg;Nottingen;Young Boys Reutlingen;60.01;MEDIA-ALTA;10;2026-09-17;Germany_Oberliga_BadenWurttemberg;Germany_Oberliga_BadenWurttemberg;;"PRO: attacco trasferta positivo | difesa trasferta vulnerabile | difesa casa vulnerabile | trend over recente trasferta | profilo over esterno positivo | alta tendenza BTTS || CONTRO: attacco casa non dominante | v22 monitora possibile sopravvalutazione weak_ga | trend over casa non forte | profilo over interno debole || V22DEF_STRONG_DEFENSE[Rule=AWAY_STRONG;Threshold=1.60;Penalty=-13.00;HomeGALast5=2.20;AwayGALast5=1.60;BaseScore=73.01;FinalScore=60.01]";3.88;6.75;13.0;7.27;6.82;6.86;10.0;0.0;10.0;8.43;2.2.def1
2026-09-18;Iceland_BestaDeildKvenna;Fram D;Vikingur Reykjavik D;60.01;MEDIA-ALTA;21;2026-09-17;Iceland_BestaDeildKvenna;Iceland_BestaDeildKvenna;;"PRO: attacco casa positivo | attacco trasferta positivo | difesa trasferta vulnerabile | difesa casa vulnerabile | trend over recente casa | trend over recente trasferta | profilo over interno positivo || CONTRO: v22 monitora possibile sopravvalutazione weak_ga | profilo over esterno debole | BTTS basso: possibile partita a senso unico || V22DEF_STRONG_DEFENSE[Rule=AWAY_STRONG;Threshold=1.60;Penalty=-13.00;HomeGALast5=3.20;AwayGALast5=1.00;BaseScore=73.01;FinalScore=60.01]";1.33;9.19;8.86;8.0;9.6;9.6;7.2;7.78;4.44;7.0;2.2.def1
2026-09-18;Austria_Bundesliga;SK Rapid;Tirol;58.89;MEDIA;8;2026-09-17;Austria_Bundesliga;Austria_Bundesliga;;"PRO: attacco casa positivo | attacco trasferta positivo | difesa trasferta vulnerabile | trend over recente casa | trend over recente trasferta | profilo over interno positivo | profilo over esterno positivo || CONTRO: v22 monitora possibile sopravvalutazione weak_ga | BTTS basso: possibile partita a senso unico || V22DEF_STRONG_DEFENSE[Rule=AWAY_STRONG;Threshold=1.60;Penalty=-13.00;HomeGALast5=1.40;AwayGALast5=1.60;BaseScore=71.89;FinalScore=58.89]";1.64;13.0;8.86;4.24;6.82;10.0;8.0;6.67;6.67;6.0;2.2.def1
2026-09-18;Poland_IIILiga_Group3;Polkowice;Sosnowiec;58.79;MEDIA;9;2026-09-17;Poland_IIILiga_Group3;Poland_IIILiga_Group3;;"PRO: attacco casa positivo | attacco trasferta positivo | difesa casa vulnerabile | trend over recente casa | profilo over interno positivo | alta tendenza BTTS || CONTRO: trend over trasferta non forte | profilo over esterno debole || V22DEF_STRONG_DEFENSE[Rule=AWAY_STRONG;Threshold=1.60;Penalty=-13.00;HomeGALast5=1.00;AwayGALast5=0.80;BaseScore=71.79;FinalScore=58.79]";0.46;12.56;8.86;6.36;4.55;10.5;6.0;10.0;5.0;7.5;2.2.def1
2026-09-18;Belarus_VysshayaLiga;ML Vitebsk;Arsenal Dzerzhinsk;58.74;BASSA;26;2026-09-17;Belarus_VysshayaLiga;Belarus_VysshayaLiga;;PRO: attacco casa positivo | difesa trasferta vulnerabile | trend over recente trasferta || CONTRO: ospite poco prolifico: rischio 1-0 / 2-0 | v22 monitora possibile sopravvalutazione weak_ga | trend over casa non forte | profilo over interno debole | profilo over esterno debole | BTTS basso: possibile partita a senso unico;4.0;10.93;6.42;2.91;7.91;6.0;7.2;3.0;3.64;6.73;2.2.def1
2026-09-18;Germany_Oberliga_RheinlandPfalzSaar;Ahrweiler;RW Koblenz;58.04;MEDIA;11;2026-09-17;Germany_Oberliga_RheinlandPfalzSaar;Germany_Oberliga_RheinlandPfalzSaar;;"PRO: attacco trasferta positivo | difesa casa vulnerabile | trend over recente trasferta | profilo over interno positivo | profilo over esterno positivo | alta tendenza BTTS || CONTRO: attacco casa non dominante | trend over casa non forte || V22DEF_STRONG_DEFENSE[Rule=AWAY_STRONG;Threshold=1.60;Penalty=-13.00;HomeGALast5=1.40;AwayGALast5=0.80;BaseScore=71.04;FinalScore=58.04]";4.24;4.43;12.56;6.82;6.25;6.0;7.5;7.5;7.5;8.25;2.2.def1
2026-09-18;Iceland_BestaDeildKvenna;IBV Vestmannaeyjar D;Throttur D;57.88;MEDIA;21;2026-09-17;Iceland_BestaDeildKvenna;Iceland_BestaDeildKvenna;;"PRO: attacco casa positivo | difesa trasferta vulnerabile | difesa casa vulnerabile | trend over recente casa | profilo over interno positivo | alta tendenza BTTS || CONTRO: ospite poco prolifico: rischio 1-0 / 2-0 | v22 monitora possibile sopravvalutazione weak_ga | trend over trasferta non forte | profilo over esterno debole || V22DEF_STRONG_DEFENSE[Rule=AWAY_STRONG;Threshold=1.60;Penalty=-13.00;HomeGALast5=2.40;AwayGALast5=1.00;BaseScore=70.88;FinalScore=57.88]";1.33;10.18;7.88;6.87;6.82;12.0;4.8;7.78;5.56;7.67;2.2.def1
2026-09-18;Finland_Kolmonen_Southern_Group3;Lahti/69;Futura;57.77;MEDIA;21;2026-09-17;Finland_Kolmonen_Southern_Group3;Finland_Kolmonen_Southern_Group3;;"PRO: attacco casa positivo | attacco trasferta positivo | difesa casa vulnerabile | trend over recente casa | trend over recente trasferta | profilo over interno positivo | profilo over esterno positivo || CONTRO: BTTS basso: possibile partita a senso unico || V22DEF_STRONG_DEFENSE[Rule=AWAY_STRONG;Threshold=1.60;Penalty=-13.00;HomeGALast5=2.20;AwayGALast5=1.40;BaseScore=70.77;FinalScore=57.77]";2.4;9.39;13.0;5.56;4.01;7.2;8.4;7.5;6.25;7.06;2.2.def1
2026-09-18;Austria_Regionalliga_North;Vorwarts Steyr;Dietach;57.71;BASSA;10;2026-09-17;Austria_Regionalliga_North;Austria_Regionalliga_North;;PRO: difesa trasferta vulnerabile | trend over recente trasferta | profilo over esterno positivo || CONTRO: attacco casa non dominante | ospite poco prolifico: rischio 1-0 / 2-0 | v22 monitora possibile sopravvalutazione weak_ga | trend over casa non forte | profilo over interno debole | BTTS basso: possibile partita a senso unico;0.46;6.75;8.44;5.19;10.0;5.14;8.57;0.0;7.14;6.0;2.2.def1
2026-09-18;Kazakhstan_PremierLeague;Aktobe;Ulytau;57.24;BASSA;38;2026-09-17;Kazakhstan_PremierLeague;Kazakhstan_PremierLeague;;PRO: attacco casa positivo | trend over recente casa | trend over recente trasferta || CONTRO: ospite poco prolifico: rischio 1-0 / 2-0 | profilo over interno debole | profilo over esterno debole | BTTS basso: possibile partita a senso unico;2.0;8.98;5.68;4.07;5.24;9.6;7.2;4.17;4.17;6.13;2.2.def1
2026-09-18;France_Ligue1;Monaco;Lens;57.11;BASSA;5;2026-09-17;France_Ligue1;France_Ligue1;;PRO: attacco casa positivo | difesa trasferta vulnerabile | trend over recente trasferta | profilo over esterno positivo || CONTRO: ospite poco prolifico: rischio 1-0 / 2-0 | v22 monitora possibile sopravvalutazione weak_ga | trend over casa non forte | profilo over interno debole | BTTS basso: possibile partita a senso unico;4.94;8.86;5.91;1.82;7.58;3.0;8.0;0.0;10.0;7.0;2.2.def1
2026-09-18;Poland_IIILiga_Group1;T. Mazowiecki;Swit;56.94;MEDIA;9;2026-09-17;Poland_IIILiga_Group1;Poland_IIILiga_Group1;;"PRO: attacco casa positivo | difesa casa vulnerabile | trend over recente casa | trend over recente trasferta | profilo over interno positivo | alta tendenza BTTS || CONTRO: ospite poco prolifico: rischio 1-0 / 2-0 | profilo over esterno debole || V22DEF_STRONG_DEFENSE[Rule=AWAY_STRONG;Threshold=1.60;Penalty=-13.00;HomeGALast5=2.40;AwayGALast5=1.60;BaseScore=69.94;FinalScore=56.94]";0.46;12.56;7.39;8.0;5.11;9.0;7.5;6.67;5.0;8.25;2.2.def1
2026-09-18;Poland_Division2;Kleczew;Avia Swidnik;56.79;BASSA;9;2026-09-17;Poland_Division2;Poland_Division2;;PRO: difesa trasferta vulnerabile | difesa casa vulnerabile | trend over recente trasferta || CONTRO: attacco casa non dominante | ospite poco prolifico: rischio 1-0 / 2-0 | v22 monitora possibile sopravvalutazione weak_ga | trend over casa non forte | profilo over interno debole | profilo over esterno debole | BTTS basso: possibile partita a senso unico;0.71;5.91;7.39;8.0;7.95;6.0;7.5;4.0;3.33;6.0;2.2.def1
2026-09-18;Wales_CymruPremier;Connah's Q.;Cardiff Metropolitan;56.73;MEDIA;10;2026-09-17;Wales_CymruPremier;Wales_CymruPremier;;"PRO: attacco casa positivo | attacco trasferta positivo | trend over recente casa | trend over recente trasferta | profilo over interno positivo || CONTRO: profilo over esterno debole | BTTS basso: possibile partita a senso unico || V22DEF_STRONG_DEFENSE[Rule=AWAY_STRONG;Threshold=1.60;Penalty=-13.00;HomeGALast5=0.80;AwayGALast5=1.60;BaseScore=69.73;FinalScore=56.73]";2.31;13.0;13.0;2.83;5.68;9.33;7.5;8.0;2.5;5.58;2.2.def1
2026-09-18;Poland_IIILiga_Group1;LKS Lomza;Zabki;56.4;MEDIA;9;2026-09-17;Poland_IIILiga_Group1;Poland_IIILiga_Group1;;"PRO: attacco trasferta positivo | difesa trasferta vulnerabile | difesa casa vulnerabile | trend over recente trasferta | profilo over esterno positivo | alta tendenza BTTS || CONTRO: attacco casa non dominante | v22 monitora possibile sopravvalutazione weak_ga | trend over casa non forte | profilo over interno debole || V22DEF_STRONG_DEFENSE[Rule=AWAY_STRONG;Threshold=1.60;Penalty=-13.00;HomeGALast5=1.60;AwayGALast5=1.20;BaseScore=69.40;FinalScore=56.40]";4.15;7.39;10.34;7.73;7.95;6.0;7.5;3.33;7.5;7.5;2.2.def1
2026-09-18;Wales_CymruPremier;Briton Ferry;Trefelin;55.95;BASSA;10;2026-09-17;Wales_CymruPremier;Wales_CymruPremier;;PRO: difesa trasferta vulnerabile | difesa casa vulnerabile | profilo over interno positivo || CONTRO: attacco casa non dominante | ospite poco prolifico: rischio 1-0 / 2-0 | v22 monitora possibile sopravvalutazione weak_ga | trend over casa non forte | trend over trasferta non forte | profilo over esterno debole | BTTS basso: possibile partita a senso unico;0.46;5.25;2.63;7.27;10.0;6.67;6.67;6.67;5.0;5.33;2.2.def1
2026-09-18;Germany_Oberliga_Bayern_Nord;Weiden;Gebenbach;55.76;MEDIA;15;2026-09-17;Germany_Oberliga_Bayern_Nord;Germany_Oberliga_Bayern_Nord;;"PRO: attacco casa positivo | attacco trasferta positivo | difesa casa vulnerabile | trend over recente casa | trend over recente trasferta | profilo over interno positivo | alta tendenza BTTS || CONTRO: profilo over esterno debole || V22DEF_STRONG_DEFENSE[Rule=AWAY_STRONG;Threshold=1.60;Penalty=-13.00;HomeGALast5=2.00;AwayGALast5=1.40;BaseScore=68.76;FinalScore=55.76]";3.53;10.05;10.64;8.0;4.55;9.6;7.2;6.0;2.0;7.2;2.2.def1
2026-09-18;Spain_LaLiga2;Albacete;Cordoba;55.58;BASSA;6;2026-09-17;Spain_LaLiga2;Spain_LaLiga2;;PRO: difesa trasferta vulnerabile | difesa casa vulnerabile | trend over recente trasferta | profilo over esterno positivo | alta tendenza BTTS || CONTRO: attacco casa non dominante | ospite poco prolifico: rischio 1-0 / 2-0 | v22 monitora possibile sopravvalutazione weak_ga | trend over casa non forte | profilo over interno debole;0.29;2.95;7.39;5.45;10.0;3.0;9.0;0.0;10.0;7.5;2.2.def1
2026-09-18;Wales_CymruPremier;Colwyn Bay;Barry;55.23;MEDIA;10;2026-09-17;Wales_CymruPremier;Wales_CymruPremier;;"PRO: attacco casa positivo | attacco trasferta positivo | trend over recente trasferta | profilo over esterno positivo || CONTRO: trend over casa non forte | profilo over interno debole | BTTS basso: possibile partita a senso unico || V22DEF_STRONG_DEFENSE[Rule=AWAY_STRONG;Threshold=1.60;Penalty=-13.00;HomeGALast5=1.40;AwayGALast5=1.40;BaseScore=68.23;FinalScore=55.23]";2.31;9.85;13.0;4.85;5.56;6.67;9.33;2.5;7.5;6.67;2.2.def1
2026-09-18;Finland_Kolmonen_Western_Group1;PiPS;JyTy;54.98;MEDIA;22;2026-09-17;Finland_Kolmonen_Western_Group1;Finland_Kolmonen_Western_Group1;;"PRO: difesa trasferta vulnerabile | difesa casa vulnerabile | trend over recente casa | trend over recente trasferta | profilo over interno positivo | alta tendenza BTTS || CONTRO: attacco casa non dominante | ospite poco prolifico: rischio 1-0 / 2-0 | v22 monitora possibile sopravvalutazione weak_ga | profilo over esterno debole || V22DEF_STRONG_DEFENSE[Rule=AWAY_STRONG;Threshold=1.60;Penalty=-13.00;HomeGALast5=1.00;AwayGALast5=1.60;BaseScore=67.98;FinalScore=54.98]";0.55;6.8;6.53;7.27;10.0;10.8;7.2;6.67;4.44;7.72;2.2.def1
2026-09-18;Belgium_JupilerProLeague;Gent;St. Liege;54.79;MEDIA;10;2026-09-17;Belgium_JupilerProLeague;Belgium_JupilerProLeague;;"PRO: attacco casa positivo | attacco trasferta positivo | difesa trasferta vulnerabile | trend over recente trasferta | profilo over esterno positivo || CONTRO: v22 monitora possibile sopravvalutazione weak_ga | trend over casa non forte | profilo over interno debole | BTTS basso: possibile partita a senso unico || V22DEF_STRONG_DEFENSE[Rule=AWAY_STRONG;Threshold=1.60;Penalty=-13.00;HomeGALast5=0.60;AwayGALast5=1.60;BaseScore=67.79;FinalScore=54.79]";1.41;10.83;11.82;1.82;7.58;6.0;8.0;3.33;10.0;7.0;2.2.def1
2026-09-18;Wales_CymruPremier;Airbus;Flint;54.47;BASSA;10;2026-09-17;Wales_CymruPremier;Wales_CymruPremier;;PRO: attacco casa positivo | difesa trasferta vulnerabile | difesa casa vulnerabile | profilo over esterno positivo || CONTRO: ospite poco prolifico: rischio 1-0 / 2-0 | v22 monitora possibile sopravvalutazione weak_ga | trend over casa non forte | trend over trasferta non forte | profilo over interno debole | BTTS basso: possibile partita a senso unico;1.85;8.54;4.6;5.66;10.0;4.0;6.67;2.5;6.0;4.67;2.2.def1
2026-09-18;Poland_Division2;Zawisza;Leczna;53.99;MEDIA;9;2026-09-17;Poland_Division2;Poland_Division2;;"PRO: attacco casa positivo | attacco trasferta positivo | trend over recente casa | alta tendenza BTTS || CONTRO: trend over trasferta non forte | profilo over interno debole | profilo over esterno debole || V22DEF_STRONG_DEFENSE[Rule=AWAY_STRONG;Threshold=1.60;Penalty=-13.00;HomeGALast5=1.40;AwayGALast5=0.80;BaseScore=66.99;FinalScore=53.99]";1.06;11.82;13.0;5.0;5.11;7.5;6.0;5.0;5.0;7.5;2.2.def1
2026-09-18;Armenia_PremierLeague;FC Gandzasar;Urartu;53.84;MEDIA;11;2026-09-17;Armenia_PremierLeague;Armenia_PremierLeague;;"PRO: difesa casa vulnerabile | trend over recente casa | trend over recente trasferta | profilo over interno positivo | profilo over esterno positivo || CONTRO: attacco casa non dominante | ospite poco prolifico: rischio 1-0 / 2-0 | BTTS basso: possibile partita a senso unico || V22DEF_STRONG_DEFENSE[Rule=AWAY_STRONG;Threshold=1.60;Penalty=-13.00;HomeGALast5=2.40;AwayGALast5=1.20;BaseScore=66.84;FinalScore=53.84]";2.18;6.75;7.6;8.0;6.49;8.57;8.57;6.0;6.67;6.0;2.2.def1
2026-09-18;Wales_CymruPremier;Ammanford;Penybont;53.53;MEDIA;10;2026-09-17;Wales_CymruPremier;Wales_CymruPremier;;"PRO: attacco trasferta positivo | difesa casa vulnerabile | trend over recente casa | profilo over interno positivo | profilo over esterno positivo || CONTRO: attacco casa non dominante | trend over trasferta non forte | BTTS basso: possibile partita a senso unico || V22DEF_STRONG_DEFENSE[Rule=AWAY_STRONG;Threshold=1.60;Penalty=-13.00;HomeGALast5=3.20;AwayGALast5=1.00;BaseScore=66.53;FinalScore=53.53]";5.54;3.94;9.85;8.0;3.54;8.0;6.67;7.5;7.5;6.0;2.2.def1
2026-09-18;Austria_2Liga;Hertha Wels;First Vienna;53.47;MEDIA;7;2026-09-17;Austria_2Liga;Austria_2Liga;;"PRO: attacco trasferta positivo | difesa casa vulnerabile | trend over recente casa | profilo over interno positivo || CONTRO: attacco casa non dominante | trend over trasferta non forte | profilo over esterno debole | BTTS basso: possibile partita a senso unico || V22DEF_STRONG_DEFENSE[Rule=AWAY_STRONG;Threshold=1.60;Penalty=-13.00;HomeGALast5=2.40;AwayGALast5=1.20;BaseScore=66.47;FinalScore=53.47]";5.2;6.89;10.83;8.0;4.55;8.0;6.0;6.67;3.33;7.0;2.2.def1
2026-09-18;Indonesia_SuperLeague;Arema;Persik Kediri;53.4;BASSA;3;2026-09-17;Indonesia_SuperLeague;Indonesia_SuperLeague;;PRO: attacco casa positivo | difesa casa vulnerabile | trend over recente casa | profilo over interno positivo || CONTRO: ospite poco prolifico: rischio 1-0 / 2-0 | trend over trasferta non forte | profilo over esterno debole | BTTS basso: possibile partita a senso unico;1.76;13.0;5.91;5.45;2.27;12.0;0.0;10.0;0.0;3.0;2.2.def1
2026-09-18;Germany_Oberliga_Hamburg;Vorwarts-Wacker;Suderelbe;53.17;MEDIA;8;2026-09-17;Germany_Oberliga_Hamburg;Germany_Oberliga_Hamburg;;"PRO: attacco trasferta positivo | difesa casa vulnerabile | trend over recente casa | profilo over interno positivo | alta tendenza BTTS || CONTRO: attacco casa non dominante | trend over trasferta non forte | profilo over esterno debole || V22DEF_STRONG_DEFENSE[Rule=AWAY_STRONG;Threshold=1.60;Penalty=-13.00;HomeGALast5=1.80;AwayGALast5=1.40;BaseScore=66.17;FinalScore=53.17]";0.35;8.44;10.13;6.75;6.49;8.57;6.86;6.67;3.33;8.57;2.2.def1
2026-09-18;Austria_2Liga;BW Linz;Admira;52.72;MEDIA;7;2026-09-17;Austria_2Liga;Austria_2Liga;;"PRO: attacco casa positivo | trend over recente casa | profilo over interno positivo | profilo over esterno positivo || CONTRO: ospite poco prolifico: rischio 1-0 / 2-0 | trend over trasferta non forte | BTTS basso: possibile partita a senso unico || V22DEF_STRONG_DEFENSE[Rule=AWAY_STRONG;Threshold=1.60;Penalty=-13.00;HomeGALast5=0.80;AwayGALast5=1.20;BaseScore=65.72;FinalScore=52.72]";4.4;13.0;4.92;2.42;5.3;10.0;4.0;10.0;6.67;5.0;2.2.def1
2026-09-18;Denmark_2ndDivision;Skive;B.93;52.41;MEDIA;8;2026-09-17;Denmark_2ndDivision;Denmark_2ndDivision;;"PRO: attacco trasferta positivo | difesa trasferta vulnerabile | trend over recente trasferta | profilo over esterno positivo | alta tendenza BTTS || CONTRO: attacco casa non dominante | v22 monitora possibile sopravvalutazione weak_ga | trend over casa non forte | profilo over interno debole || V22DEF_STRONG_DEFENSE[Rule=AWAY_STRONG;Threshold=1.60;Penalty=-13.00;HomeGALast5=1.20;AwayGALast5=1.60;BaseScore=65.41;FinalScore=52.41]";0.55;7.6;9.29;5.19;7.14;6.86;8.57;5.0;7.5;7.71;2.2.def1
2026-09-18;Kazakhstan_FirstLeague;Khan Tengri;Kairat Almaty 2;52.39;MEDIA;32;2026-09-17;Kazakhstan_FirstLeague;Kazakhstan_FirstLeague;;"PRO: attacco trasferta positivo | difesa casa vulnerabile | trend over recente casa | trend over recente trasferta | profilo over esterno positivo || CONTRO: attacco casa non dominante | profilo over interno debole | BTTS basso: possibile partita a senso unico || V22DEF_STRONG_DEFENSE[Rule=AWAY_STRONG;Threshold=1.60;Penalty=-13.00;HomeGALast5=2.00;AwayGALast5=0.40;BaseScore=65.39;FinalScore=52.39]";3.69;7.79;13.0;6.94;2.48;7.2;7.2;5.45;7.0;4.64;2.2.def1
2026-09-18;Austria_Niederosterreich;Ardagger;Wieselburg;52.14;MEDIA;7;2026-09-17;Austria_Niederosterreich;Austria_Niederosterreich;;"PRO: attacco trasferta positivo | difesa casa vulnerabile | trend over recente casa | profilo over interno positivo || CONTRO: attacco casa non dominante | trend over trasferta non forte | profilo over esterno debole | BTTS basso: possibile partita a senso unico || V22DEF_STRONG_DEFENSE[Rule=AWAY_STRONG;Threshold=1.60;Penalty=-13.00;HomeGALast5=2.00;AwayGALast5=1.00;BaseScore=65.14;FinalScore=52.14]";2.4;7.88;10.83;6.06;5.3;8.0;6.0;6.67;5.0;7.0;2.2.def1
2026-09-18;Austria_Regionalliga_East;SV Oberwart;Parndorf;51.75;MEDIA;8;2026-09-17;Austria_Regionalliga_East;Austria_Regionalliga_East;;"PRO: attacco casa positivo | attacco trasferta positivo | difesa casa vulnerabile | trend over recente casa | profilo over interno positivo | alta tendenza BTTS || CONTRO: trend over trasferta non forte | profilo over esterno debole || V22DEF_STRONG_DEFENSE[Rule=AWAY_STRONG;Threshold=1.60;Penalty=-13.00;HomeGALast5=1.60;AwayGALast5=1.60;BaseScore=64.75;FinalScore=51.75]";0.8;11.82;10.97;5.71;6.49;8.57;5.14;6.67;0.0;8.57;2.2.def1
2026-09-18;Sweden_Division2_NorraGotaland;Husqvarna;IFK Skovde;51.7;MEDIA;24;2026-09-17;Sweden_Division2_NorraGotaland;Sweden_Division2_NorraGotaland;;"PRO: attacco casa positivo | attacco trasferta positivo | trend over recente casa | profilo over interno positivo || CONTRO: trend over trasferta non forte | profilo over esterno debole | BTTS basso: possibile partita a senso unico || V22DEF_STRONG_DEFENSE[Rule=AWAY_STRONG;Threshold=1.60;Penalty=-13.00;HomeGALast5=1.40;AwayGALast5=0.80;BaseScore=64.70;FinalScore=51.70]";0.92;13.0;10.48;3.29;5.37;7.2;6.0;7.0;5.0;6.44;2.2.def1
2026-09-18;Germany_Oberliga_NOFV_Nord;Reinickendorfer Fuchse;Klosterfelde;51.52;BASSA;5;2026-09-17;Germany_Oberliga_NOFV_Nord;Germany_Oberliga_NOFV_Nord;;PRO: difesa trasferta vulnerabile | alta tendenza BTTS || CONTRO: attacco casa non dominante | ospite poco prolifico: rischio 1-0 / 2-0 | v22 monitora possibile sopravvalutazione weak_ga | trend over casa non forte | trend over trasferta non forte | profilo over interno debole | profilo over esterno debole;1.2;7.39;4.43;4.55;7.95;6.0;6.0;0.0;5.0;9.0;2.2.def1
2026-09-18;Austria_2Liga;Kapfenberg;Amstetten;51.5;MEDIA;7;2026-09-17;Austria_2Liga;Austria_2Liga;;"PRO: attacco trasferta positivo | difesa casa vulnerabile | trend over recente casa | profilo over interno positivo | alta tendenza BTTS || CONTRO: attacco casa non dominante | trend over trasferta non forte | profilo over esterno debole || V22DEF_STRONG_DEFENSE[Rule=AWAY_STRONG;Threshold=1.60;Penalty=-13.00;HomeGALast5=1.80;AwayGALast5=1.40;BaseScore=64.50;FinalScore=51.50]";2.8;5.91;9.85;7.88;6.06;8.0;6.0;6.67;3.33;8.0;2.2.def1
2026-09-18;Austria_Karnten;Atus Ferlach;Lendorf;51.5;MEDIA;10;2026-09-17;Austria_Karnten;Austria_Karnten;;"PRO: attacco trasferta positivo | difesa trasferta vulnerabile | trend over recente trasferta | profilo over esterno positivo | alta tendenza BTTS || CONTRO: attacco casa non dominante | v22 monitora possibile sopravvalutazione weak_ga | trend over casa non forte | profilo over interno debole || V22DEF_STRONG_DEFENSE[Rule=AWAY_STRONG;Threshold=1.60;Penalty=-13.00;HomeGALast5=1.00;AwayGALast5=1.60;BaseScore=64.50;FinalScore=51.50]";0.92;6.89;13.0;3.03;7.79;2.0;8.57;5.0;10.0;7.29;2.2.def1
2026-09-18;Kazakhstan_PremierLeague;Kyzylzhar;Kaisar;51.42;BASSA;38;2026-09-17;Kazakhstan_PremierLeague;Kazakhstan_PremierLeague;;PRO: difesa casa vulnerabile | profilo over interno positivo || CONTRO: attacco casa non dominante | ospite poco prolifico: rischio 1-0 / 2-0 | trend over casa non forte | trend over trasferta non forte | profilo over esterno debole | BTTS basso: possibile partita a senso unico;1.6;6.15;4.96;5.82;5.82;6.0;4.8;6.15;3.64;6.48;2.2.def1
2026-09-18;Poland_Division1;Warta Poznan;Puszcza;51.34;MEDIA;9;2026-09-17;Poland_Division1;Poland_Division1;;"PRO: attacco casa positivo | trend over recente casa | profilo over interno positivo || CONTRO: ospite poco prolifico: rischio 1-0 / 2-0 | trend over trasferta non forte | profilo over esterno debole | BTTS basso: possibile partita a senso unico || V22DEF_STRONG_DEFENSE[Rule=AWAY_STRONG;Threshold=1.60;Penalty=-13.00;HomeGALast5=1.20;AwayGALast5=1.40;BaseScore=64.34;FinalScore=51.34]";4.24;10.34;5.06;5.0;5.84;9.0;5.14;10.0;5.0;4.71;2.2.def1
2026-09-18;Austria_Steiermark;Grossklein;Weindorf St. Anna;51.08;BASSA;5;2026-09-17;Austria_Steiermark;Austria_Steiermark;16 clubs, double round robin.;PRO: attacco casa positivo | difesa casa vulnerabile | profilo over interno positivo || CONTRO: ospite poco prolifico: rischio 1-0 / 2-0 | trend over casa non forte | trend over trasferta non forte | profilo over esterno debole | BTTS basso: possibile partita a senso unico;0.4;8.86;5.91;6.36;4.55;6.0;4.0;10.0;0.0;5.0;2.2.def1
2026-09-18;Bosnia_WWINLigaBiH;Zeljeznicar;Celik Zenica;51.06;BASSA;9;2026-09-17;Bosnia_WWINLigaBiH;Bosnia_WWINLigaBiH;;PRO: difesa trasferta vulnerabile | trend over recente trasferta || CONTRO: attacco casa non dominante | ospite poco prolifico: rischio 1-0 / 2-0 | v22 monitora possibile sopravvalutazione weak_ga | trend over casa non forte | profilo over interno debole | profilo over esterno debole | BTTS basso: possibile partita a senso unico;2.18;6.89;7.09;4.24;8.18;2.0;7.2;3.33;3.33;6.6;2.2.def1
2026-09-18;NorthMacedonia_1MFL;Sileks;Tikves;50.83;MEDIA;7;2026-09-17;NorthMacedonia_1MFL;NorthMacedonia_1MFL;;"PRO: attacco trasferta positivo | difesa casa vulnerabile | profilo over interno positivo | profilo over esterno positivo || CONTRO: attacco casa non dominante | trend over casa non forte | trend over trasferta non forte | BTTS basso: possibile partita a senso unico || V22DEF_STRONG_DEFENSE[Rule=AWAY_STRONG;Threshold=1.60;Penalty=-13.00;HomeGALast5=1.80;AwayGALast5=1.20;BaseScore=63.83;FinalScore=50.83]";2.18;6.89;11.82;6.06;4.55;6.0;6.0;6.67;6.67;7.0;2.2.def1
2026-09-18;Austria_Regionalliga_South;Volkermarkt;Treibach;50.62;MEDIA;9;2026-09-17;Austria_Regionalliga_South;Austria_Regionalliga_South;;"PRO: attacco casa positivo | attacco trasferta positivo | trend over recente trasferta | profilo over esterno positivo || CONTRO: trend over casa non forte | profilo over interno debole | BTTS basso: possibile partita a senso unico || V22DEF_STRONG_DEFENSE[Rule=AWAY_STRONG;Threshold=1.60;Penalty=-13.00;HomeGALast5=1.00;AwayGALast5=1.00;BaseScore=63.62;FinalScore=50.62]";0.92;10.97;11.82;4.68;3.9;5.14;8.57;3.33;10.0;4.29;2.2.def1
2026-09-18;FaroeIslands_PremierLeague;B36 Torshavn;Runavik;49.82;MEDIA;27;2026-09-17;FaroeIslands_PremierLeague;FaroeIslands_PremierLeague;;"PRO: attacco casa positivo | attacco trasferta positivo | trend over recente trasferta | profilo over esterno positivo || CONTRO: trend over casa non forte | profilo over interno debole | BTTS basso: possibile partita a senso unico || V22DEF_STRONG_DEFENSE[Rule=AWAY_STRONG;Threshold=1.60;Penalty=-13.00;HomeGALast5=1.20;AwayGALast5=1.20;BaseScore=62.82;FinalScore=49.82]";2.0;8.6;12.09;4.3;5.17;6.0;8.4;3.0;7.0;6.27;2.2.def1
2026-09-18;Austria_Regionalliga_East;Favoritner;Kremser;49.72;BASSA;8;2026-09-17;Austria_Regionalliga_East;Austria_Regionalliga_East;;PRO: difesa trasferta vulnerabile | profilo over esterno positivo || CONTRO: attacco casa non dominante | ospite poco prolifico: rischio 1-0 / 2-0 | v22 monitora possibile sopravvalutazione weak_ga | trend over casa non forte | trend over trasferta non forte | profilo over interno debole | BTTS basso: possibile partita a senso unico;1.6;5.06;6.89;4.16;7.58;3.43;6.0;3.33;6.67;5.0;2.2.def1
2026-09-18;Germany_Oberliga_Bayern_Nord;Kornburg;Aschaffenburg;49.44;MEDIA;15;2026-09-17;Germany_Oberliga_Bayern_Nord;Germany_Oberliga_Bayern_Nord;;"PRO: attacco casa positivo | attacco trasferta positivo | difesa trasferta vulnerabile | trend over recente trasferta | profilo over esterno positivo || CONTRO: v22 monitora possibile sopravvalutazione weak_ga | trend over casa non forte | profilo over interno debole | BTTS basso: possibile partita a senso unico || V22DEF_STRONG_DEFENSE[Rule=AWAY_STRONG;Threshold=1.60;Penalty=-13.00;HomeGALast5=1.40;AwayGALast5=1.60;BaseScore=62.44;FinalScore=49.44]";1.06;9.45;11.82;3.64;7.27;3.6;9.6;0.0;10.0;6.0;2.2.def1
2026-09-18;FaroeIslands_PremierLeague;Klaksvik;Skala Itrottarfelag;48.94;MEDIA;27;2026-09-17;FaroeIslands_PremierLeague;FaroeIslands_PremierLeague;;"PRO: attacco casa positivo | difesa trasferta vulnerabile | trend over recente trasferta || CONTRO: ospite poco prolifico: rischio 1-0 / 2-0 | v22 monitora possibile sopravvalutazione weak_ga | trend over casa non forte | profilo over interno debole | profilo over esterno debole | BTTS basso: possibile partita a senso unico || V22DEF_STRONG_DEFENSE[Rule=AWAY_STRONG;Threshold=1.60;Penalty=-13.00;HomeGALast5=1.40;AwayGALast5=1.60;BaseScore=61.94;FinalScore=48.94]";4.0;11.55;6.18;3.14;7.23;6.0;7.2;4.55;5.0;7.09;2.2.def1
2026-09-18;Finland_Veikkausliiga;Lahti;Jaro;48.9;BASSA;24;2026-09-17;Finland_Veikkausliiga;Finland_Veikkausliiga;;PRO: difesa trasferta vulnerabile || CONTRO: attacco casa non dominante | ospite poco prolifico: rischio 1-0 / 2-0 | v22 monitora possibile sopravvalutazione weak_ga | trend over casa non forte | trend over trasferta non forte | profilo over interno debole | profilo over esterno debole | BTTS basso: possibile partita a senso unico;2.18;6.98;4.83;3.14;9.09;2.4;6.0;3.64;5.45;5.18;2.2.def1
2026-09-18;Sweden_Division2_VastraGotaland;Boljan;Landvetter;48.83;MEDIA;24;2026-09-17;Sweden_Division2_VastraGotaland;Sweden_Division2_VastraGotaland;;"PRO: attacco casa positivo | attacco trasferta positivo | trend over recente casa | profilo over interno positivo || CONTRO: trend over trasferta non forte | profilo over esterno debole | BTTS basso: possibile partita a senso unico || V22DEF_STRONG_DEFENSE[Rule=AWAY_STRONG;Threshold=1.60;Penalty=-13.00;HomeGALast5=1.20;AwayGALast5=1.40;BaseScore=61.83;FinalScore=48.83]";2.77;9.13;10.41;4.79;3.68;7.2;6.0;8.0;4.0;5.84;2.2.def1
2026-09-18;Mexico_LigaExpansionMX_Apertura;Alacranes;Cruz Azul Hidalgo;47.98;BASSA;9;2026-09-17;Mexico_LigaExpansionMX_Apertura;Mexico_LigaExpansionMX_Apertura;;PRO: difesa trasferta vulnerabile | profilo over interno positivo || CONTRO: attacco casa non dominante | ospite poco prolifico: rischio 1-0 / 2-0 | v22 monitora possibile sopravvalutazione weak_ga | trend over casa non forte | trend over trasferta non forte | profilo over esterno debole | BTTS basso: possibile partita a senso unico;0.43;2.95;7.39;4.09;7.95;3.0;6.0;6.67;5.0;4.5;2.2.def1
2026-09-18;Denmark_2ndDivision;F. Amager;Naestved;47.6;MEDIA;8;2026-09-17;Denmark_2ndDivision;Denmark_2ndDivision;;"PRO: profilo over interno positivo | alta tendenza BTTS || CONTRO: attacco casa non dominante | ospite poco prolifico: rischio 1-0 / 2-0 | trend over casa non forte | trend over trasferta non forte | profilo over esterno debole || V22DEF_STRONG_DEFENSE[Rule=AWAY_STRONG;Threshold=1.60;Penalty=-13.00;HomeGALast5=1.00;AwayGALast5=1.00;BaseScore=60.60;FinalScore=47.60]";1.09;8.44;8.44;5.19;5.19;6.86;5.14;6.67;5.0;8.57;2.2.def1
2026-09-18;Russia_FNL;Chelyabinsk;Ufa;47.48;MEDIA;12;2026-09-17;Russia_FNL;Russia_FNL;;"PRO: attacco trasferta positivo | difesa casa vulnerabile | profilo over interno positivo | alta tendenza BTTS || CONTRO: attacco casa non dominante | trend over casa non forte | trend over trasferta non forte | profilo over esterno debole || V22DEF_STRONG_DEFENSE[Rule=AWAY_STRONG;Threshold=1.60;Penalty=-13.00;HomeGALast5=1.80;AwayGALast5=1.00;BaseScore=60.48;FinalScore=47.48]";2.82;5.91;8.86;6.18;5.0;6.0;6.0;7.5;5.0;7.2;2.2.def1
2026-09-18;Poland_Division1;Polonia B.;Ruch;47.44;MEDIA;9;2026-09-17;Poland_Division1;Poland_Division1;;"PRO: attacco casa positivo | difesa casa vulnerabile | trend over recente casa | profilo over interno positivo | alta tendenza BTTS || CONTRO: ospite poco prolifico: rischio 1-0 / 2-0 | trend over trasferta non forte | profilo over esterno debole || V22DEF_STRONG_DEFENSE[Rule=AWAY_STRONG;Threshold=1.60;Penalty=-13.00;HomeGALast5=2.00;AwayGALast5=1.20;BaseScore=60.44;FinalScore=47.44]";2.47;10.34;6.65;7.73;6.25;9.0;3.0;7.5;0.0;7.5;2.2.def1
2026-09-18;Austria_Tirol;SC Kundl;FC Volders;47.02;MEDIA;9;2026-09-17;Austria_Tirol;Austria_Tirol;;"PRO: attacco casa positivo | trend over recente casa | profilo over interno positivo | alta tendenza BTTS || CONTRO: ospite poco prolifico: rischio 1-0 / 2-0 | trend over trasferta non forte | profilo over esterno debole || V22DEF_STRONG_DEFENSE[Rule=AWAY_STRONG;Threshold=1.60;Penalty=-13.00;HomeGALast5=1.60;AwayGALast5=1.00;BaseScore=60.02;FinalScore=47.02]";2.31;13.0;5.91;4.68;5.19;10.29;3.43;7.5;0.0;7.71;2.2.def1
2026-09-18;Austria_Tirol;Munster;Vols;46.87;MEDIA;9;2026-09-17;Austria_Tirol;Austria_Tirol;;"PRO: difesa casa vulnerabile | trend over recente casa | profilo over esterno positivo || CONTRO: attacco casa non dominante | ospite poco prolifico: rischio 1-0 / 2-0 | trend over trasferta non forte | profilo over interno debole | BTTS basso: possibile partita a senso unico || V22DEF_STRONG_DEFENSE[Rule=AWAY_STRONG;Threshold=1.60;Penalty=-13.00;HomeGALast5=2.80;AwayGALast5=1.40;BaseScore=59.87;FinalScore=46.87]";2.77;4.22;6.75;8.0;5.84;8.57;6.86;3.33;6.67;6.86;2.2.def1
2026-09-18;Germany_2Bundesliga;Wolfsburg;Darmstadt;46.59;MEDIA;6;2026-09-17;Germany_2Bundesliga;Germany_2Bundesliga;;"PRO: attacco casa positivo | difesa trasferta vulnerabile | trend over recente trasferta || CONTRO: ospite poco prolifico: rischio 1-0 / 2-0 | v22 monitora possibile sopravvalutazione weak_ga | trend over casa non forte | profilo over interno debole | profilo over esterno debole | BTTS basso: possibile partita a senso unico || V22DEF_STRONG_DEFENSE[Rule=AWAY_STRONG;Threshold=1.60;Penalty=-13.00;HomeGALast5=1.40;AwayGALast5=1.60;BaseScore=59.59;FinalScore=46.59]";3.88;11.82;4.73;5.09;7.27;4.8;7.2;5.0;5.0;4.8;2.2.def1
2026-09-18;Paraguay_DivisionIntermedia;Deportivo Santani;Sol De America;46.36;MEDIA;10;2026-09-17;Paraguay_DivisionIntermedia;Paraguay_DivisionIntermedia;;"PRO: attacco casa positivo | trend over recente casa | profilo over interno positivo || CONTRO: ospite poco prolifico: rischio 1-0 / 2-0 | trend over trasferta non forte | profilo over esterno debole | BTTS basso: possibile partita a senso unico || V22DEF_STRONG_DEFENSE[Rule=AWAY_STRONG;Threshold=1.60;Penalty=-13.00;HomeGALast5=1.60;AwayGALast5=0.80;BaseScore=59.36;FinalScore=46.36]";0.8;13.0;8.44;5.19;3.9;8.57;3.43;6.67;2.5;6.86;2.2.def1
2026-09-18;Slovakia_3Liga_West;MSK Senec;D. Luzna;46.14;MEDIA;7;2026-09-17;Slovakia_3Liga_West;Slovakia_3Liga_West;;"PRO: difesa casa vulnerabile | trend over recente casa | profilo over esterno positivo | alta tendenza BTTS || CONTRO: attacco casa non dominante | ospite poco prolifico: rischio 1-0 / 2-0 | trend over trasferta non forte | profilo over interno debole || V22DEF_STRONG_DEFENSE[Rule=AWAY_STRONG;Threshold=1.60;Penalty=-13.00;HomeGALast5=1.80;AwayGALast5=0.80;BaseScore=59.14;FinalScore=46.14]";2.4;6.89;7.88;6.67;5.3;8.0;4.0;3.33;6.67;8.0;2.2.def1
2026-09-18;Austria_Oberosterreich;Gmunden;ASK St.Valentin;45.87;MEDIA;10;2026-09-17;Austria_Oberosterreich;Austria_Oberosterreich;;"PRO: difesa casa vulnerabile | profilo over interno positivo | profilo over esterno positivo || CONTRO: attacco casa non dominante | ospite poco prolifico: rischio 1-0 / 2-0 | trend over casa non forte | trend over trasferta non forte | BTTS basso: possibile partita a senso unico || V22DEF_STRONG_DEFENSE[Rule=AWAY_STRONG;Threshold=1.60;Penalty=-13.00;HomeGALast5=2.00;AwayGALast5=1.20;BaseScore=58.87;FinalScore=45.87]";1.6;5.06;5.91;6.75;6.49;6.86;6.86;6.67;6.67;6.0;2.2.def1
2026-09-18;France_Ligue2;Reims;Montpellier;45.49;MEDIA;7;2026-09-17;France_Ligue2;France_Ligue2;;"PRO: attacco casa positivo | trend over recente casa | profilo over interno positivo || CONTRO: ospite poco prolifico: rischio 1-0 / 2-0 | trend over trasferta non forte | profilo over esterno debole | BTTS basso: possibile partita a senso unico || V22DEF_STRONG_DEFENSE[Rule=AWAY_STRONG;Threshold=1.60;Penalty=-13.00;HomeGALast5=1.60;AwayGALast5=0.60;BaseScore=58.49;FinalScore=45.49]";0.35;13.0;4.92;4.85;3.03;10.0;2.0;10.0;3.33;7.0;2.2.def1
2026-09-18;CzechRepublic_ChNL;Jihlava;Slavia Praga B;45.32;MEDIA;9;2026-09-17;CzechRepublic_ChNL;CzechRepublic_ChNL;;"PRO: attacco trasferta positivo | difesa trasferta vulnerabile | trend over recente trasferta | alta tendenza BTTS || CONTRO: attacco casa non dominante | v22 monitora possibile sopravvalutazione weak_ga | trend over casa non forte | profilo over interno debole | profilo over esterno debole || V22DEF_STRONG_DEFENSE[Rule=AWAY_STRONG;Threshold=1.60;Penalty=-13.00;HomeGALast5=1.00;AwayGALast5=1.40;BaseScore=58.32;FinalScore=45.32]";0.8;8.12;12.56;3.18;6.82;6.0;7.5;2.5;3.33;7.5;2.2.def1
2026-09-18;Norway_Eliteserien;Sarpsborg 08;KFUM Oslo;45.07;MEDIA;29;2026-09-17;Norway_Eliteserien;Norway_Eliteserien;;"PRO: difesa trasferta vulnerabile | profilo over esterno positivo || CONTRO: attacco casa non dominante | ospite poco prolifico: rischio 1-0 / 2-0 | v22 monitora possibile sopravvalutazione weak_ga | trend over casa non forte | trend over trasferta non forte | profilo over interno debole | BTTS basso: possibile partita a senso unico || V22DEF_STRONG_DEFENSE[Rule=AWAY_STRONG;Threshold=1.60;Penalty=-13.00;HomeGALast5=1.40;AwayGALast5=1.60;BaseScore=58.07;FinalScore=45.07]";1.2;6.8;6.5;4.73;7.73;6.0;6.0;4.44;7.78;6.9;2.2.def1
2026-09-18;Russia_FNL;Ulyanovsk;S. Kostroma;45.02;MEDIA;12;2026-09-17;Russia_FNL;Russia_FNL;;"PRO: difesa casa vulnerabile | trend over recente casa | profilo over interno positivo || CONTRO: attacco casa non dominante | ospite poco prolifico: rischio 1-0 / 2-0 | trend over trasferta non forte | profilo over esterno debole | BTTS basso: possibile partita a senso unico || V22DEF_STRONG_DEFENSE[Rule=AWAY_STRONG;Threshold=1.60;Penalty=-13.00;HomeGALast5=1.60;AwayGALast5=0.80;BaseScore=58.02;FinalScore=45.02]";2.82;8.27;8.27;5.82;3.64;8.4;4.8;6.0;4.0;6.0;2.2.def1
2026-09-18;Russia_FNL;Yaroslavl;Kamaz;44.85;BASSA;12;2026-09-17;Russia_FNL;Russia_FNL;;"PRO: attacco casa positivo | difesa trasferta vulnerabile | profilo over interno positivo | alta tendenza BTTS || CONTRO: ospite poco prolifico: rischio 1-0 / 2-0 | v22 monitora possibile sopravvalutazione weak_ga | trend over casa non forte | trend over trasferta non forte | profilo over esterno debole || V22DEF_STRONG_DEFENSE[Rule=AWAY_STRONG;Threshold=1.60;Penalty=-13.00;HomeGALast5=0.80;AwayGALast5=1.40;BaseScore=57.85;FinalScore=44.85]";3.18;8.86;5.37;4.36;7.85;6.0;4.8;6.0;4.0;7.42;2.2.def1
2026-09-18;Kazakhstan_PremierLeague;Okzhetpes;Zhenis;44.45;BASSA;38;2026-09-17;Kazakhstan_PremierLeague;Kazakhstan_PremierLeague;;"PRO: attacco casa positivo | trend over recente casa || CONTRO: ospite poco prolifico: rischio 1-0 / 2-0 | trend over trasferta non forte | profilo over interno debole | profilo over esterno debole | BTTS basso: possibile partita a senso unico || V22DEF_STRONG_DEFENSE[Rule=AWAY_STRONG;Threshold=1.60;Penalty=-13.00;HomeGALast5=1.40;AwayGALast5=1.00;BaseScore=57.45;FinalScore=44.45]";0.4;8.98;6.14;4.95;4.9;9.6;4.8;5.83;5.0;6.86;2.2.def1
2026-09-18;Belarus_VysshayaLiga;Belshina;FC Minsk;43.93;BASSA;26;2026-09-17;Belarus_VysshayaLiga;Belarus_VysshayaLiga;;"PRO: difesa casa vulnerabile | trend over recente trasferta | profilo over esterno positivo || CONTRO: attacco casa non dominante | ospite poco prolifico: rischio 1-0 / 2-0 | trend over casa non forte | profilo over interno debole | BTTS basso: possibile partita a senso unico || V22DEF_STRONG_DEFENSE[Rule=AWAY_STRONG;Threshold=1.60;Penalty=-13.00;HomeGALast5=1.00;AwayGALast5=1.00;BaseScore=56.93;FinalScore=43.93]";2.8;5.63;7.96;6.23;5.53;3.6;8.4;3.0;7.5;6.27;2.2.def1
2026-09-18;Finland_Veikkausliiga;SJK;Mariehamn;43.89;BASSA;24;2026-09-17;Finland_Veikkausliiga;Finland_Veikkausliiga;;"PRO: difesa trasferta vulnerabile | difesa casa vulnerabile | trend over recente casa | profilo over interno positivo | profilo over esterno positivo || CONTRO: attacco casa non dominante | ospite poco prolifico: rischio 1-0 / 2-0 | v22 monitora possibile sopravvalutazione weak_ga | trend over trasferta non forte | BTTS basso: possibile partita a senso unico || V22DEF_STRONG_DEFENSE[Rule=AWAY_STRONG;Threshold=1.60;Penalty=-13.00;HomeGALast5=1.20;AwayGALast5=1.40;BaseScore=56.89;FinalScore=43.89]";1.09;6.71;4.57;5.45;8.88;7.2;4.8;6.36;6.36;5.45;2.2.def1
2026-09-18;Turkey_SuperLig;Kasimpasa;Konyaspor;43.82;BASSA;6;2026-09-17;Turkey_SuperLig;Turkey_SuperLig;;PRO: attacco casa positivo | alta tendenza BTTS || CONTRO: ospite poco prolifico: rischio 1-0 / 2-0 | trend over casa non forte | trend over trasferta non forte | profilo over interno debole | profilo over esterno debole;1.41;8.86;2.95;4.55;4.55;6.0;3.0;5.0;0.0;7.5;2.2.def1
2026-09-18;Netherlands_EersteDivisie;Jong Ajax;Roda;43.79;BASSA;9;2026-09-17;Netherlands_EersteDivisie;Netherlands_EersteDivisie;;"PRO: attacco casa positivo | difesa casa vulnerabile | trend over recente casa | profilo over interno positivo | alta tendenza BTTS || CONTRO: ospite poco prolifico: rischio 1-0 / 2-0 | trend over trasferta non forte | profilo over esterno debole || V22DEF_STRONG_DEFENSE[Rule=AWAY_STRONG;Threshold=1.60;Penalty=-13.00;HomeGALast5=2.20;AwayGALast5=0.80;BaseScore=56.79;FinalScore=43.79]";2.84;9.6;6.89;8.0;3.79;7.5;4.0;6.67;0.0;7.5;2.2.def1
2026-09-18;Azerbaijan_PremierLeague;Gabala;Neftci Baku;43.41;BASSA;6;2026-09-17;Azerbaijan_PremierLeague;Azerbaijan_PremierLeague;;"PRO: attacco trasferta positivo | trend over recente trasferta | profilo over esterno positivo || CONTRO: attacco casa non dominante | trend over casa non forte | profilo over interno debole | BTTS basso: possibile partita a senso unico || V22DEF_STRONG_DEFENSE[Rule=AWAY_STRONG;Threshold=1.60;Penalty=-13.00;HomeGALast5=NA;AwayGALast5=1.00;BaseScore=56.41;FinalScore=43.41]";3.82;2.95;13.0;2.73;4.55;3.0;9.6;5.0;6.67;5.1;2.2.def1
2026-09-18;Germany_Oberliga_Bayern_Nord;Grossbardorf;Bamberg;43.37;BASSA;15;2026-09-17;Germany_Oberliga_Bayern_Nord;Germany_Oberliga_Bayern_Nord;;"PRO: attacco trasferta positivo | difesa casa vulnerabile | profilo over interno positivo || CONTRO: attacco casa non dominante | trend over casa non forte | trend over trasferta non forte | profilo over esterno debole | BTTS basso: possibile partita a senso unico || V22DEF_STRONG_DEFENSE[Rule=AWAY_STRONG;Threshold=1.60;Penalty=-13.00;HomeGALast5=2.40;AwayGALast5=1.00;BaseScore=56.37;FinalScore=43.37]";3.53;7.09;10.64;7.27;3.64;6.0;4.8;6.0;2.0;5.4;2.2.def1
2026-09-18;CzechRepublic_ChNL;Opava;Ceska Lipa;43.14;BASSA;9;2026-09-17;CzechRepublic_ChNL;CzechRepublic_ChNL;;"PRO: difesa trasferta vulnerabile | difesa casa vulnerabile | trend over recente casa || CONTRO: attacco casa non dominante | ospite poco prolifico: rischio 1-0 / 2-0 | v22 monitora possibile sopravvalutazione weak_ga | trend over trasferta non forte | profilo over interno debole | profilo over esterno debole | BTTS basso: possibile partita a senso unico || V22DEF_STRONG_DEFENSE[Rule=AWAY_STRONG;Threshold=1.60;Penalty=-13.00;HomeGALast5=2.40;AwayGALast5=1.60;BaseScore=56.14;FinalScore=43.14]";0.8;8.12;6.65;6.36;7.95;7.5;4.5;5.0;2.5;6.75;2.2.def1
2026-09-18;Bhutan_PremierLeague;Transport United;RTC;42.93;BASSA;17;2026-09-17;Bhutan_PremierLeague;Bhutan_PremierLeague;;"PRO: attacco casa positivo | trend over recente casa | profilo over interno positivo || CONTRO: ospite poco prolifico: rischio 1-0 / 2-0 | trend over trasferta non forte | profilo over esterno debole | BTTS basso: possibile partita a senso unico || V22DEF_STRONG_DEFENSE[Rule=AWAY_STRONG;Threshold=1.60;Penalty=-13.00;HomeGALast5=1.60;AwayGALast5=1.00;BaseScore=55.93;FinalScore=42.93]";1.33;10.24;7.18;4.61;5.19;7.2;4.8;7.5;3.33;4.54;2.2.def1
2026-09-18;Sweden_Superettan;Falkenberg;Östersund;42.58;BASSA;29;2026-09-17;Sweden_Superettan;Sweden_Superettan;;"PRO: attacco casa positivo | trend over recente casa | alta tendenza BTTS || CONTRO: ospite poco prolifico: rischio 1-0 / 2-0 | trend over trasferta non forte | profilo over interno debole | profilo over esterno debole || V22DEF_STRONG_DEFENSE[Rule=AWAY_STRONG;Threshold=1.60;Penalty=-13.00;HomeGALast5=1.20;AwayGALast5=0.40;BaseScore=55.58;FinalScore=42.58]";0.4;11.33;8.12;5.0;4.55;8.4;1.2;5.0;3.33;8.25;2.2.def1
2026-09-18;Moldova_Liga1_GroupB;Stauceni;Victoria;42.42;BASSA;7;2026-09-17;Moldova_Liga1_GroupB;Moldova_Liga1_GroupA;Moldova_Liga1;PRO: nessun indicatore over forte || CONTRO: attacco casa non dominante | ospite poco prolifico: rischio 1-0 / 2-0 | trend over casa non forte | trend over trasferta non forte | profilo over interno debole | profilo over esterno debole | BTTS basso: possibile partita a senso unico;3.6;7.09;5.91;4.36;6.06;4.8;4.0;0.0;0.0;6.6;2.2.def1
2026-09-18;Lithuania_ILyga;Jonava;Tauras;42.27;BASSA;26;2026-09-17;Lithuania_ILyga;Lithuania_ILyga;;"PRO: attacco trasferta positivo || CONTRO: attacco casa non dominante | trend over casa non forte | trend over trasferta non forte | profilo over interno debole | profilo over esterno debole | BTTS basso: possibile partita a senso unico || V22DEF_STRONG_DEFENSE[Rule=AWAY_STRONG;Threshold=1.60;Penalty=-13.00;HomeGALast5=1.20;AwayGALast5=1.40;BaseScore=55.27;FinalScore=42.27]";1.6;6.4;9.85;4.55;5.49;6.0;6.0;3.64;5.0;6.75;2.2.def1
2026-09-18;France_Ligue2;Laval;Sochaux;42.11;BASSA;7;2026-09-17;France_Ligue2;France_Ligue2;;"PRO: difesa casa vulnerabile | trend over recente casa | profilo over interno positivo || CONTRO: attacco casa non dominante | ospite poco prolifico: rischio 1-0 / 2-0 | trend over trasferta non forte | profilo over esterno debole | BTTS basso: possibile partita a senso unico || V22DEF_STRONG_DEFENSE[Rule=AWAY_STRONG;Threshold=1.60;Penalty=-13.00;HomeGALast5=2.40;AwayGALast5=0.20;BaseScore=55.11;FinalScore=42.11]";4.24;7.09;2.95;8.0;3.03;12.0;2.0;10.0;0.0;5.8;2.2.def1
2026-09-18;Germany_Regionalliga_Nordost;Zwickau;Hallescher;41.96;BASSA;11;2026-09-17;Germany_Regionalliga_Nordost;Germany_Regionalliga_Nordost;;"PRO: difesa casa vulnerabile | trend over recente casa | profilo over interno positivo || CONTRO: attacco casa non dominante | ospite poco prolifico: rischio 1-0 / 2-0 | trend over trasferta non forte | profilo over esterno debole | BTTS basso: possibile partita a senso unico || V22DEF_STRONG_DEFENSE[Rule=AWAY_STRONG;Threshold=1.60;Penalty=-13.00;HomeGALast5=1.20;AwayGALast5=0.60;BaseScore=54.96;FinalScore=41.96]";1.41;7.22;7.88;5.25;3.03;9.33;2.67;7.5;4.0;6.67;2.2.def1
2026-09-18;Kazakhstan_PremierLeague;Zhetysu;Kaspij Aktau;41.89;BASSA;38;2026-09-17;Kazakhstan_PremierLeague;Kazakhstan_PremierLeague;;"PRO: difesa trasferta vulnerabile | difesa casa vulnerabile | trend over recente casa | trend over recente trasferta || CONTRO: attacco casa non dominante | ospite poco prolifico: rischio 1-0 / 2-0 | v22 monitora possibile sopravvalutazione weak_ga | profilo over interno debole | profilo over esterno debole | BTTS basso: possibile partita a senso unico || V22DEF_STRONG_DEFENSE[Rule=AWAY_STRONG;Threshold=1.60;Penalty=-13.00;HomeGALast5=2.60;AwayGALast5=1.60;BaseScore=54.89;FinalScore=41.89]";0.8;6.15;5.91;6.25;6.73;7.2;8.4;3.64;3.33;6.48;2.2.def1
2026-09-18;Poland_IIILiga_Group3;Bytom Odrzanski;Sulow;41.8;BASSA;9;2026-09-17;Poland_IIILiga_Group3;Poland_IIILiga_Group3;;"PRO: attacco trasferta positivo | trend over recente trasferta | profilo over esterno positivo || CONTRO: attacco casa non dominante | trend over casa non forte | profilo over interno debole | BTTS basso: possibile partita a senso unico || V22DEF_STRONG_DEFENSE[Rule=AWAY_STRONG;Threshold=1.60;Penalty=-13.00;HomeGALast5=0.80;AwayGALast5=1.00;BaseScore=54.80;FinalScore=41.80]";1.38;7.39;13.0;1.82;4.55;3.0;7.5;5.0;6.67;4.5;2.2.def1
2026-09-18;Denmark_1stDivision;Kolding;Hillerod;41.69;BASSA;10;2026-09-17;Denmark_1stDivision;Denmark_1stDivision;;"PRO: attacco trasferta positivo | difesa trasferta vulnerabile | alta tendenza BTTS || CONTRO: attacco casa non dominante | v22 monitora possibile sopravvalutazione weak_ga | trend over casa non forte | trend over trasferta non forte | profilo over interno debole | profilo over esterno debole || V22DEF_STRONG_DEFENSE[Rule=AWAY_STRONG;Threshold=1.60;Penalty=-13.00;HomeGALast5=1.60;AwayGALast5=0.80;BaseScore=54.69;FinalScore=41.69]";0.55;6.65;8.86;5.0;7.39;6.0;4.5;5.0;2.5;8.25;2.2.def1
2026-09-18;Austria_Regionalliga_East;Gloggnitz;Horn;41.34;BASSA;8;2026-09-17;Austria_Regionalliga_East;Austria_Regionalliga_East;;"PRO: difesa casa vulnerabile | profilo over interno positivo || CONTRO: attacco casa non dominante | ospite poco prolifico: rischio 1-0 / 2-0 | trend over casa non forte | trend over trasferta non forte | profilo over esterno debole | BTTS basso: possibile partita a senso unico || V22DEF_STRONG_DEFENSE[Rule=AWAY_STRONG;Threshold=1.60;Penalty=-13.00;HomeGALast5=2.20;AwayGALast5=1.00;BaseScore=54.34;FinalScore=41.34]";0.4;8.44;5.91;6.23;4.55;5.14;5.14;6.67;5.0;6.86;2.2.def1
2026-09-18;CzechRepublic_3MSFL;SK Hranice;Slovacko B;40.9;BASSA;9;2026-09-17;CzechRepublic_3MSFL;CzechRepublic_3MSFL;;"PRO: attacco trasferta positivo | trend over recente trasferta || CONTRO: attacco casa non dominante | trend over casa non forte | profilo over interno debole | profilo over esterno debole | BTTS basso: possibile partita a senso unico || V22DEF_STRONG_DEFENSE[Rule=AWAY_STRONG;Threshold=1.60;Penalty=-13.00;HomeGALast5=0.80;AwayGALast5=0.80;BaseScore=53.90;FinalScore=40.90]";1.38;7.39;11.08;3.18;5.11;3.0;7.5;5.0;5.0;5.25;2.2.def1
2026-09-18;Slovakia_2Liga;L. Mikulas;Z. Moravce-Vrable;40.43;BASSA;9;2026-09-17;Slovakia_2Liga;Slovakia_2Liga;;"PRO: attacco casa positivo | profilo over interno positivo || CONTRO: ospite poco prolifico: rischio 1-0 / 2-0 | trend over casa non forte | trend over trasferta non forte | profilo over esterno debole | BTTS basso: possibile partita a senso unico || V22DEF_STRONG_DEFENSE[Rule=AWAY_STRONG;Threshold=1.60;Penalty=-13.00;HomeGALast5=2.00;AwayGALast5=0.60;BaseScore=53.43;FinalScore=40.43]";0.8;9.6;7.39;5.0;3.98;4.5;6.0;6.67;5.0;4.5;2.2.def1
2026-09-18;Kazakhstan_PremierLeague;Altai;Ertis Pavlodar;40.38;BASSA;38;2026-09-17;Kazakhstan_PremierLeague;Kazakhstan_PremierLeague;;"PRO: difesa casa vulnerabile | trend over recente casa | trend over recente trasferta || CONTRO: attacco casa non dominante | ospite poco prolifico: rischio 1-0 / 2-0 | profilo over interno debole | profilo over esterno debole | BTTS basso: possibile partita a senso unico || V22DEF_STRONG_DEFENSE[Rule=AWAY_STRONG;Threshold=1.60;Penalty=-13.00;HomeGALast5=1.20;AwayGALast5=1.60;BaseScore=53.38;FinalScore=40.38]";1.2;5.67;5.91;5.24;6.25;7.2;7.2;3.33;5.0;6.38;2.2.def1
2026-09-18;Germany_Oberliga_Bayern_Sud;Monaco 1860 2;Erlbach;40.03;BASSA;12;2026-09-17;Germany_Oberliga_Bayern_Sud;Germany_Oberliga_Bayern_Sud;;"PRO: attacco casa positivo | difesa casa vulnerabile | trend over recente casa || CONTRO: ospite poco prolifico: rischio 1-0 / 2-0 | trend over trasferta non forte | profilo over interno debole | profilo over esterno debole | BTTS basso: possibile partita a senso unico || V22DEF_STRONG_DEFENSE[Rule=AWAY_STRONG;Threshold=1.60;Penalty=-13.00;HomeGALast5=2.80;AwayGALast5=0.20;BaseScore=53.03;FinalScore=40.03]";0.71;13.0;6.57;7.64;2.53;7.2;2.67;4.0;2.0;6.73;2.2.def1
2026-09-18;England_Championship;Bristol City;Watford;39.29;BASSA;9;2026-09-17;England_Championship;England_Championship;;"PRO: difesa casa vulnerabile | trend over recente casa | alta tendenza BTTS || CONTRO: attacco casa non dominante | ospite poco prolifico: rischio 1-0 / 2-0 | trend over trasferta non forte | profilo over interno debole | profilo over esterno debole || V22DEF_STRONG_DEFENSE[Rule=AWAY_STRONG;Threshold=1.60;Penalty=-13.00;HomeGALast5=1.60;AwayGALast5=1.40;BaseScore=52.29;FinalScore=39.29]";1.04;7.88;5.91;6.06;6.06;8.0;6.0;3.33;0.0;8.0;2.2.def1
2026-09-18;Austria_Regionalliga_East;Mattersburg SV 2020;SV Donau;39.0;BASSA;8;2026-09-17;Austria_Regionalliga_East;Austria_Regionalliga_East;;"PRO: attacco trasferta positivo | difesa trasferta vulnerabile || CONTRO: attacco casa non dominante | v22 monitora possibile sopravvalutazione weak_ga | trend over casa non forte | trend over trasferta non forte | profilo over interno debole | profilo over esterno debole | BTTS basso: possibile partita a senso unico || V22DEF_STRONG_DEFENSE[Rule=AWAY_STRONG;Threshold=1.60;Penalty=-13.00;HomeGALast5=1.00;AwayGALast5=1.20;BaseScore=52.00;FinalScore=39.00]";0.4;7.6;9.29;4.16;8.44;5.14;5.14;2.5;3.33;6.0;2.2.def1
2026-09-18;Turkey_1Lig;Bandirmaspor;Umraniyespor;38.67;BASSA;8;2026-09-17;Turkey_1Lig;Turkey_1Lig;;"PRO: attacco casa positivo | profilo over esterno positivo || CONTRO: ospite poco prolifico: rischio 1-0 / 2-0 | trend over casa non forte | trend over trasferta non forte | profilo over interno debole | BTTS basso: possibile partita a senso unico || V22DEF_STRONG_DEFENSE[Rule=AWAY_STRONG;Threshold=1.60;Penalty=-13.00;HomeGALast5=0.80;AwayGALast5=1.40;BaseScore=51.67;FinalScore=38.67]";3.16;10.13;4.22;2.08;5.84;3.43;5.14;5.0;6.67;6.0;2.2.def1
2026-09-18;Denmark_Superliga;Lyngby;Silkeborg;38.61;BASSA;10;2026-09-17;Denmark_Superliga;Denmark_Superliga;;"PRO: difesa trasferta vulnerabile | difesa casa vulnerabile | alta tendenza BTTS || CONTRO: attacco casa non dominante | ospite poco prolifico: rischio 1-0 / 2-0 | v22 monitora possibile sopravvalutazione weak_ga | trend over casa non forte | trend over trasferta non forte | profilo over interno debole | profilo over esterno debole || V22DEF_STRONG_DEFENSE[Rule=AWAY_STRONG;Threshold=1.60;Penalty=-13.00;HomeGALast5=1.00;AwayGALast5=1.60;BaseScore=51.61;FinalScore=38.61]";0.55;7.39;5.91;5.45;6.82;4.5;4.5;2.5;5.0;9.0;2.2.def1
2026-09-18;Indonesia_SuperLeague;Madura United;PSIM Yogyakarta;38.2;BASSA;3;2026-09-17;Indonesia_SuperLeague;Indonesia_SuperLeague;;PRO: attacco casa positivo || CONTRO: ospite poco prolifico: rischio 1-0 / 2-0 | trend over casa non forte | trend over trasferta non forte | profilo over interno debole | profilo over esterno debole | BTTS basso: possibile partita a senso unico;3.88;13.0;2.95;1.82;4.55;6.0;0.0;0.0;0.0;6.0;2.2.def1
2026-09-18;Germany_Regionalliga_Bayern;Aubstadt;Bayern 2;37.52;BASSA;11;2026-09-17;Germany_Regionalliga_Bayern;Germany_Regionalliga_Bayern;;"PRO: attacco casa positivo | difesa casa vulnerabile | trend over recente casa | profilo over interno positivo || CONTRO: ospite poco prolifico: rischio 1-0 / 2-0 | trend over trasferta non forte | profilo over esterno debole | BTTS basso: possibile partita a senso unico || V22DEF_STRONG_DEFENSE[Rule=AWAY_STRONG;Threshold=1.60;Penalty=-13.00;HomeGALast5=2.00;AwayGALast5=0.80;BaseScore=50.52;FinalScore=37.52]";0.35;10.34;5.17;6.36;4.55;7.5;3.0;8.0;0.0;5.25;2.2.def1
2026-09-18;Kyrgyzstan_PremierLiga;Bishkek City;Alay Osh;36.75;BASSA;28;2026-09-17;Kyrgyzstan_PremierLiga;Kyrgyzstan_PremierLiga;;"PRO: nessun indicatore over forte || CONTRO: attacco casa non dominante | ospite poco prolifico: rischio 1-0 / 2-0 | trend over casa non forte | trend over trasferta non forte | profilo over interno debole | profilo over esterno debole | BTTS basso: possibile partita a senso unico || V22DEF_STRONG_DEFENSE[Rule=AWAY_STRONG;Threshold=1.60;Penalty=-13.00;HomeGALast5=1.80;AwayGALast5=1.40;BaseScore=49.75;FinalScore=36.75]";2.8;5.91;7.71;5.12;5.34;3.6;4.8;3.33;5.0;6.14;2.2.def1
2026-09-18;Romania_Superliga;UTA Arad;Sepsi Sf. Gheorghe;36.46;BASSA;10;2026-09-17;Romania_Superliga;Romania_Superliga;;"PRO: attacco casa positivo | trend over recente casa || CONTRO: ospite poco prolifico: rischio 1-0 / 2-0 | trend over trasferta non forte | profilo over interno debole | profilo over esterno debole | BTTS basso: possibile partita a senso unico || V22DEF_STRONG_DEFENSE[Rule=AWAY_STRONG;Threshold=1.60;Penalty=-13.00;HomeGALast5=1.60;AwayGALast5=1.40;BaseScore=49.46;FinalScore=36.46]";2.8;9.6;4.6;5.0;4.55;7.5;2.67;5.0;2.0;5.75;2.2.def1
2026-09-18;France_Ligue2;Annecy;Dijon;35.29;BASSA;7;2026-09-17;France_Ligue2;France_Ligue2;;"PRO: difesa trasferta vulnerabile | alta tendenza BTTS || CONTRO: attacco casa non dominante | ospite poco prolifico: rischio 1-0 / 2-0 | v22 monitora possibile sopravvalutazione weak_ga | trend over casa non forte | trend over trasferta non forte | profilo over interno debole | profilo over esterno debole || V22DEF_STRONG_DEFENSE[Rule=AWAY_STRONG;Threshold=1.60;Penalty=-13.00;HomeGALast5=1.40;AwayGALast5=1.60;BaseScore=48.29;FinalScore=35.29]";2.47;7.88;7.88;4.24;6.82;6.0;4.0;0.0;0.0;9.0;2.2.def1
2026-09-18;Azerbaijan_FirstLeague;Khankendi;Moik Baku;35.2;BASSA;3;2026-09-17;Azerbaijan_FirstLeague;Azerbaijan_FirstLeague;;PRO: difesa casa vulnerabile | alta tendenza BTTS || CONTRO: attacco casa non dominante | ospite poco prolifico: rischio 1-0 / 2-0 | trend over casa non forte | trend over trasferta non forte | profilo over interno debole | profilo over esterno debole;1.33;5.91;2.95;5.45;4.55;6.0;0.0;0.0;0.0;9.0;2.2.def1
2026-09-18;Bulgaria_ParvaLiga;Slavia Sofia;CSKA 1948 Sofia;34.73;BASSA;10;2026-09-17;Bulgaria_ParvaLiga;Bulgaria_ParvaLiga;;"PRO: attacco trasferta positivo | trend over recente trasferta || CONTRO: attacco casa non dominante | trend over casa non forte | profilo over interno debole | profilo over esterno debole | BTTS basso: possibile partita a senso unico || V22DEF_STRONG_DEFENSE[Rule=AWAY_STRONG;Threshold=1.60;Penalty=-13.00;HomeGALast5=0.80;AwayGALast5=0.60;BaseScore=47.73;FinalScore=34.73]";1.6;5.25;11.23;2.42;4.09;2.67;7.2;2.0;5.0;6.27;2.2.def1
2026-09-18;Germany_Regionalliga_Sudwest;Trier;Offenbach;34.56;BASSA;10;2026-09-17;Germany_Regionalliga_Sudwest;Germany_Regionalliga_Sudwest;;"PRO: attacco trasferta positivo | trend over recente trasferta || CONTRO: attacco casa non dominante | trend over casa non forte | profilo over interno debole | profilo over esterno debole | BTTS basso: possibile partita a senso unico || V22DEF_STRONG_DEFENSE[Rule=AWAY_STRONG;Threshold=1.60;Penalty=-13.00;HomeGALast5=0.40;AwayGALast5=1.20;BaseScore=47.56;FinalScore=34.56]";0.71;6.75;13.0;2.08;4.55;3.43;8.57;0.0;3.33;5.14;2.2.def1
2026-09-18;France_Ligue2;Pau FC;Dunkerque;33.12;BASSA;7;2026-09-17;France_Ligue2;France_Ligue2;;"PRO: attacco trasferta positivo | difesa trasferta vulnerabile || CONTRO: attacco casa non dominante | v22 monitora possibile sopravvalutazione weak_ga | trend over casa non forte | trend over trasferta non forte | profilo over interno debole | profilo over esterno debole | BTTS basso: possibile partita a senso unico || V22DEF_STRONG_DEFENSE[Rule=AWAY_STRONG;Threshold=1.60;Penalty=-13.00;HomeGALast5=1.00;AwayGALast5=1.60;BaseScore=46.12;FinalScore=33.12]";2.12;3.94;9.85;3.64;7.58;2.0;6.0;0.0;5.0;6.0;2.2.def1
2026-09-18;France_Ligue2;Grenoble;Clermont;32.74;BASSA;7;2026-09-17;France_Ligue2;France_Ligue2;;"PRO: trend over recente casa || CONTRO: attacco casa non dominante | ospite poco prolifico: rischio 1-0 / 2-0 | trend over trasferta non forte | profilo over interno debole | profilo over esterno debole | BTTS basso: possibile partita a senso unico || V22DEF_STRONG_DEFENSE[Rule=AWAY_STRONG;Threshold=1.60;Penalty=-13.00;HomeGALast5=1.20;AwayGALast5=1.00;BaseScore=45.74;FinalScore=32.74]";1.76;8.27;2.95;4.36;3.79;7.2;2.0;5.0;5.0;5.4;2.2.def1
2026-09-18;France_Ligue2;Rodez;Nancy;30.92;BASSA;7;2026-09-17;France_Ligue2;France_Ligue2;;"PRO: difesa casa vulnerabile | trend over recente casa | profilo over interno positivo || CONTRO: attacco casa non dominante | ospite poco prolifico: rischio 1-0 / 2-0 | trend over trasferta non forte | profilo over esterno debole | BTTS basso: possibile partita a senso unico || V22DEF_STRONG_DEFENSE[Rule=AWAY_STRONG;Threshold=1.60;Penalty=-13.00;HomeGALast5=2.00;AwayGALast5=0.80;BaseScore=43.92;FinalScore=30.92]";2.12;7.09;3.94;7.27;3.03;7.2;2.0;6.67;0.0;4.6;2.2.def1
2026-09-18;Finland_Ykkosliiga;JaPS;Ekenas;30.69;BASSA;27;2026-09-17;Finland_Ykkosliiga;Finland_Ykkosliiga;;"PRO: difesa trasferta vulnerabile || CONTRO: attacco casa non dominante | ospite poco prolifico: rischio 1-0 / 2-0 | v22 monitora possibile sopravvalutazione weak_ga | trend over casa non forte | trend over trasferta non forte | profilo over interno debole | profilo over esterno debole | BTTS basso: possibile partita a senso unico || V22DEF_STRONG_DEFENSE[Rule=AWAY_STRONG;Threshold=1.60;Penalty=-13.00;HomeGALast5=2.00;AwayGALast5=1.00;BaseScore=43.69;FinalScore=30.69]";0.67;5.35;7.19;4.85;6.92;6.0;2.4;2.0;4.55;3.78;2.2.def1
2026-09-18;Croatia_PrvaNL;Sesvete;Cibalia;30.28;BASSA;6;2026-09-17;Croatia_PrvaNL;Croatia_PrvaNL;;"PRO: attacco casa positivo | trend over recente casa | profilo over interno positivo || CONTRO: ospite poco prolifico: rischio 1-0 / 2-0 | trend over trasferta non forte | profilo over esterno debole | BTTS basso: possibile partita a senso unico || V22DEF_STRONG_DEFENSE[Rule=AWAY_STRONG;Threshold=1.60;Penalty=-13.00;HomeGALast5=0.80;AwayGALast5=0.60;BaseScore=43.28;FinalScore=30.28]";1.2;9.45;4.73;2.91;2.73;7.2;2.4;6.67;0.0;6.0;2.2.def1
2026-09-18;Switzerland_ChallengeLeague;Kriens;Etoile-Carouge;30.12;BASSA;9;2026-09-17;Switzerland_ChallengeLeague;Switzerland_ChallengeLeague;;"PRO: attacco casa positivo || CONTRO: ospite poco prolifico: rischio 1-0 / 2-0 | trend over casa non forte | trend over trasferta non forte | profilo over interno debole | profilo over esterno debole | BTTS basso: possibile partita a senso unico || V22DEF_STRONG_DEFENSE[Rule=AWAY_STRONG;Threshold=1.60;Penalty=-13.00;HomeGALast5=1.00;AwayGALast5=1.20;BaseScore=43.12;FinalScore=30.12]";0.67;8.86;5.17;4.55;4.55;4.5;4.5;2.5;3.33;4.5;2.2.def1
2026-09-18;Russia_FNL;Neftekhimik;Ural;25.56;BASSA;12;2026-09-17;Russia_FNL;Russia_FNL;;"PRO: attacco trasferta positivo || CONTRO: attacco casa non dominante | trend over casa non forte | trend over trasferta non forte | profilo over interno debole | profilo over esterno debole | BTTS basso: possibile partita a senso unico || V22DEF_STRONG_DEFENSE[Rule=AWAY_STRONG;Threshold=1.60;Penalty=-13.00;HomeGALast5=0.80;AwayGALast5=0.80;BaseScore=38.56;FinalScore=25.56]";1.76;3.76;10.05;4.63;2.27;2.4;4.8;2.0;4.0;2.89;2.2.def1
2026-09-18;Turkey_1Lig;Muglaspor;Igdir FK;23.17;BASSA;8;2026-09-17;Turkey_1Lig;Turkey_1Lig;;"PRO: nessun indicatore over forte || CONTRO: attacco casa non dominante | ospite poco prolifico: rischio 1-0 / 2-0 | trend over casa non forte | trend over trasferta non forte | profilo over interno debole | profilo over esterno debole | BTTS basso: possibile partita a senso unico || V22DEF_STRONG_DEFENSE[Rule=AWAY_STRONG;Threshold=1.60;Penalty=-13.00;HomeGALast5=0.60;AwayGALast5=0.80;BaseScore=36.17;FinalScore=23.17]";1.58;5.06;8.44;2.6;3.25;1.71;3.43;3.33;3.33;3.43;2.2.def1
2026-09-18;Ukraine_PremierLeague;Ch. Odesa;Obolon;22.44;BASSA;7;2026-09-17;Ukraine_PremierLeague;Ukraine_PremierLeague;;"PRO: difesa trasferta vulnerabile || CONTRO: attacco casa non dominante | ospite poco prolifico: rischio 1-0 / 2-0 | v22 monitora possibile sopravvalutazione weak_ga | trend over casa non forte | trend over trasferta non forte | profilo over interno debole | profilo over esterno debole | BTTS basso: possibile partita a senso unico || V22DEF_STRONG_DEFENSE[Rule=AWAY_STRONG;Threshold=1.60;Penalty=-13.00;HomeGALast5=1.20;AwayGALast5=1.60;BaseScore=35.44;FinalScore=22.44]";0.46;2.36;0.98;4.36;8.33;2.4;6.0;3.33;5.0;2.2;2.2.def1
2026-09-18;Croatia_PrvaNL;Mladost Zdralovi;Segesta;20.93;BASSA;6;2026-09-17;Croatia_PrvaNL;Croatia_PrvaNL;;"PRO: nessun indicatore over forte || CONTRO: attacco casa non dominante | ospite poco prolifico: rischio 1-0 / 2-0 | trend over casa non forte | trend over trasferta non forte | profilo over interno debole | profilo over esterno debole | BTTS basso: possibile partita a senso unico || V22DEF_STRONG_DEFENSE[Rule=AWAY_STRONG;Threshold=1.60;Penalty=-13.00;HomeGALast5=0.40;AwayGALast5=1.20;BaseScore=33.93;FinalScore=20.93]";3.2;5.91;5.91;1.45;5.45;2.4;4.8;0.0;0.0;4.8;2.2.def1
2026-09-18;Romania_Superliga;Rapid Bucarest;FC Arges;16.93;BASSA;10;2026-09-17;Romania_Superliga;Romania_Superliga;;"PRO: nessun indicatore over forte || CONTRO: attacco casa non dominante | ospite poco prolifico: rischio 1-0 / 2-0 | trend over casa non forte | trend over trasferta non forte | profilo over interno debole | profilo over esterno debole | BTTS basso: possibile partita a senso unico || V22DEF_STRONG_DEFENSE[Rule=AWAY_STRONG;Threshold=1.60;Penalty=-13.00;HomeGALast5=0.60;AwayGALast5=1.00;BaseScore=29.93;FinalScore=16.93]";3.2;7.22;3.28;2.02;3.54;2.67;0.0;4.0;0.0;4.0;2.2.def1
2026-09-18;Montenegro_PrvaCrnogorskaLiga;Buducnost;Petrovac;16.5;BASSA;10;2026-09-17;Montenegro_PrvaCrnogorskaLiga;Montenegro_PrvaCrnogorskaLiga;;"PRO: nessun indicatore over forte || CONTRO: attacco casa non dominante | ospite poco prolifico: rischio 1-0 / 2-0 | trend over casa non forte | trend over trasferta non forte | profilo over interno debole | profilo over esterno debole | BTTS basso: possibile partita a senso unico || V22DEF_STRONG_DEFENSE[Rule=AWAY_STRONG;Threshold=1.60;Penalty=-13.00;HomeGALast5=0.80;AwayGALast5=0.80;BaseScore=29.50;FinalScore=16.50]";2.0;5.17;4.43;2.73;2.84;3.0;3.0;3.33;0.0;3.0;2.2.def1
