Rank;Engine;LeagueId;OK;KO;FirstMatchDate;LastMatchDate;Total;HitRate
1;v13;Norway_3rdDivision_Group5;30;5;2026-06-26;2026-09-27;35;85.71
2;v13;Finland_Kolmonen_Southern_Group2;26;4;2026-07-24;2026-09-25;30;86.67
3;v13;Finland_Kolmonen_Western_Group2;26;4;2026-07-24;2026-09-25;30;86.67
4;v13;Norway_OBOSLigaen;25;5;2026-07-03;2026-09-20;30;83.33
5;v13;Norway_3rdDivision_Group3;24;8;2026-06-25;2026-09-26;32;75.0
6;v13;Norway_3rdDivision_Group1;23;4;2026-06-25;2026-09-26;27;85.19
7;v13;Estonia_EsiliigaB;23;8;2026-07-05;2026-09-26;31;74.19
8;v13;Iceland_BestaDeildKarla;23;8;2026-06-25;2026-09-20;31;74.19
9;v13;Norway_3rdDivision_Group4;22;3;2026-06-26;2026-09-26;25;88.0
10;v13;Norway_3rdDivision_Group6;22;3;2026-06-25;2026-09-26;25;88.0
11;v13;Finland_Kolmonen_Eastern_Group3;19;2;2026-07-26;2026-09-24;21;90.48
12;v13;Estonia_Esiliiga;19;6;2026-06-30;2026-09-14;25;76.0
13;v13;Norway_2ndDivision_Group2;19;6;2026-06-26;2026-09-27;25;76.0
14;v13;Iceland_Division_2;18;3;2026-06-26;2026-08-28;21;85.71
15;v13;Finland_Kolmonen_Southern_Group1;18;4;2026-07-26;2026-09-25;22;81.82
16;v13;FaroeIslands_1Deild;17;4;2026-07-04;2026-09-18;21;80.95
17;v13;USA_MLS;17;5;2026-07-23;2026-09-28;22;77.27
18;v13;Norway_3rdDivision_Group2;17;9;2026-07-26;2026-09-26;26;65.38
19;v13;Austria_Salzburg;15;2;2026-09-04;2026-09-26;17;88.24
20;v13;Latvia_NakotnesLiga;15;3;2026-07-25;2026-09-19;18;83.33
21;v13;Finland_Kakkonen_GroupC;15;5;2026-07-04;2026-09-06;20;75.0
22;v13;Germany_Oberliga_SchleswigHolstein;14;1;2026-08-30;2026-09-27;15;93.33
23;v13;CzechRepublic_4Liga_GroupF;14;3;2026-09-12;2026-09-27;17;82.35
24;v13;Finland_Kolmonen_Southern_Group3;14;4;2026-07-26;2026-09-25;18;77.78
25;v13;Belarus_PershayaLiga;14;5;2026-07-04;2026-09-27;19;73.68
26;v13;Finland_Ykkonen;14;5;2026-06-28;2026-08-29;19;73.68
27;v13;Poland_IIILiga_Group2;13;4;2026-09-04;2026-09-26;17;76.47
28;v13;Kazakhstan_FirstLeague;13;8;2026-07-10;2026-09-18;21;61.9
29;v13;Germany_Regionalliga_Nord;12;2;2026-09-06;2026-09-27;14;85.71
30;v13;Germany_Oberliga_Bayern_Sud;12;6;2026-07-25;2026-09-26;18;66.67
31;v13;Germany_Oberliga_RheinlandPfalzSaar;12;7;2026-09-04;2026-09-26;19;63.16
32;v13;Finland_Kolmonen_North;11;1;2026-07-29;2026-09-19;12;91.67
33;v13;Germany_Oberliga_Hessen;11;1;2026-08-30;2026-09-26;12;91.67
34;v13;Norway_2ndDivision_Group1;11;2;2026-07-26;2026-09-27;13;84.62
35;v13;Bolivia_DivisionProfesional;11;3;2026-07-12;2026-09-18;14;78.57
36;v13;Germany_Regionalliga_Nordost;11;3;2026-07-30;2026-09-26;14;78.57
37;v13;Sweden_Division2_SodraGotaland;11;3;2026-06-28;2026-09-27;14;78.57
38;v13;Sweden_Division2_SodraSvealand;11;4;2026-06-25;2026-09-20;15;73.33
39;v13;CzechRepublic_4Liga_GroupC;11;5;2026-09-12;2026-09-27;16;68.75
40;v13;Sweden_Division2_NorraSvealand;10;0;2026-06-25;2026-09-26;10;100.0
41;v13;Austria_Karnten;10;2;2026-09-04;2026-09-26;12;83.33
42;v13;Iceland_Division_1;10;6;2026-06-29;2026-08-29;16;62.5
43;v13;CzechRepublic_4Liga_GroupB;10;8;2026-09-12;2026-09-26;18;55.56
44;v13;Somalia_NationalLeague;9;0;2026-07-11;2026-08-09;9;100.0
45;v13;Estonia_Meistriliiga;9;1;2026-07-04;2026-09-20;10;90.0
46;v13;Finland_Kolmonen_Eastern_Group2;9;1;2026-07-29;2026-09-18;10;90.0
47;v13;CzechRepublic_4Liga_GroupE;9;5;2026-09-11;2026-09-27;14;64.29
48;v13;Germany_Oberliga_Bayern_Nord;9;5;2026-07-23;2026-09-26;14;64.29
49;v13;Netherlands_EersteDivisie;8;2;2026-09-11;2026-09-26;10;80.0
50;v13;Finland_Kakkonen_GroupB;8;3;2026-07-02;2026-08-22;11;72.73
51;v13;Lithuania_ILyga;8;3;2026-07-01;2026-09-18;11;72.73
52;v13;Germany_Oberliga_Bremen;8;4;2026-09-12;2026-09-27;12;66.67
53;v13;Sweden_Division2_Norrland;7;1;2026-08-22;2026-09-27;8;87.5
54;v13;Switzerland_SuperLeague;7;1;2026-09-01;2026-09-20;8;87.5
55;v13;Germany_Oberliga_Niedersachsen;7;2;2026-09-11;2026-09-27;9;77.78
56;v13;USA_MLSNextPro_WesternConference_CentralDivision;7;2;2026-07-06;2026-08-23;9;77.78
57;v13;Sweden_Division2_NorraGotaland;7;3;2026-06-25;2026-09-25;10;70.0
58;v13;USA_MLSNextPro_EasternConference_SoutheastDivision;7;4;2026-07-05;2026-08-31;11;63.64
59;v13;Kyrgyzstan_PremierLiga;7;5;2026-07-03;2026-09-18;12;58.33
60;v13;Poland_IIILiga_Group1;7;5;2026-09-05;2026-09-26;12;58.33
61;v13;Germany_Regionalliga_Sudwest;6;0;2026-09-08;2026-09-12;6;100.0
62;v13;Finland_Kolmonen_Western_Group3;6;1;2026-07-28;2026-09-18;7;85.71
63;v13;Peru_Liga1_Clausura;6;1;2026-08-31;2026-09-20;7;85.71
64;v13;Russia_FNL;6;1;2026-08-15;2026-09-18;7;85.71
65;v13;CzechRepublic_3CFL_GroupA;6;2;2026-09-11;2026-09-26;8;75.0
66;v13;CzechRepublic_4Liga_GroupA;6;2;2026-09-19;2026-09-27;8;75.0
67;v13;Finland_Kolmonen_Eastern_Group1;6;2;2026-07-24;2026-09-19;8;75.0
68;v13;Wales_CymruPremier;6;2;2026-09-04;2026-09-26;8;75.0
69;v13;Germany_Oberliga_BadenWurttemberg;6;3;2026-09-09;2026-09-27;9;66.67
70;v13;Germany_Oberliga_Westfalen;6;3;2026-09-13;2026-09-27;9;66.67
71;v13;Germany_Regionalliga_West;6;3;2026-09-01;2026-09-27;9;66.67
72;v13;Norway_Eliteserien;6;3;2026-07-12;2026-09-20;9;66.67
73;v13;Latvia_Virsliga;6;4;2026-07-03;2026-09-19;10;60.0
74;v13;Netherlands_Eredivisie;6;4;2026-09-12;2026-09-20;10;60.0
75;v13;Austria_Tirol;6;5;2026-09-04;2026-09-26;11;54.55
76;v13;Sweden_Allsvenskan;6;6;2026-07-11;2026-09-19;12;50.0
77;v13;Germany_Oberliga_Hamburg;6;7;2026-07-30;2026-09-27;13;46.15
78;v13;CzechRepublic_4Liga_GroupD;5;0;2026-09-19;2026-09-25;5;100.0
79;v13;Austria_Regionalliga_East;5;1;2026-09-04;2026-09-26;6;83.33
80;v13;Slovakia_2Liga;5;1;2026-07-30;2026-09-26;6;83.33
81;v13;Sweden_Division2_VastraGotaland;5;1;2026-08-14;2026-09-25;6;83.33
82;v13;USA_USLLeagueOne;5;2;2026-07-01;2026-09-13;7;71.43
83;v13;Bhutan_PremierLeague;5;3;2026-07-12;2026-09-19;8;62.5
84;v13;Finland_Kolmonen_Western_Group1;5;3;2026-08-01;2026-08-29;8;62.5
85;v13;Finland_Kakkonen_GroupA;5;5;2026-07-18;2026-08-30;10;50.0
86;v13;Sweden_Division1_Norra;5;5;2026-08-09;2026-09-26;10;50.0
87;v13;Germany_Oberliga_Niederrhein;4;0;2026-09-25;2026-09-27;4;100.0
88;v13;Austria_Regionalliga_West;4;1;2026-09-13;2026-09-27;5;80.0
89;v13;Germany_Regionalliga_Bayern;4;1;2026-09-05;2026-09-18;5;80.0
90;v13;Poland_IIILiga_Group3;4;1;2026-09-05;2026-09-18;5;80.0
91;v13;Austria_Oberosterreich;4;2;2026-09-15;2026-09-25;6;66.67
92;v13;Slovakia_NikeLiga;4;2;2026-09-05;2026-09-19;6;66.67
93;v13;Austria_Regionalliga_South;4;3;2026-09-04;2026-09-22;7;57.14
94;v13;Switzerland_PromotionLeague;4;4;2026-09-05;2026-09-26;8;50.0
95;v13;Sweden_Division1_Sodra;4;5;2026-06-26;2026-09-27;9;44.44
96;v13;England_Championship;3;0;2026-09-12;2026-09-19;3;100.0
97;v13;Serbia_SuperLiga;3;0;2026-07-26;2026-09-13;3;100.0
98;v13;Wales_CymruSouth;3;0;2026-09-11;2026-09-26;3;100.0
99;v13;Austria_Bundesliga;3;1;2026-09-11;2026-09-20;4;75.0
100;v13;CzechRepublic_3CFL_GroupB;3;1;2026-09-19;2026-09-26;4;75.0
101;v13;Denmark_2ndDivision;3;1;2026-09-06;2026-09-26;4;75.0
102;v13;Moldova_SuperLiga;3;1;2026-08-16;2026-09-20;4;75.0
103;v13;Slovakia_3Liga_West;3;1;2026-09-12;2026-09-27;4;75.0
104;v13;Austria_Regionalliga_North;3;2;2026-09-04;2026-09-25;5;60.0
105;v13;Germany_3Liga;3;2;2026-09-15;2026-09-20;5;60.0
106;v13;USA_MLSNextPro_EasternConference_NortheastDivision;3;2;2026-07-12;2026-09-08;5;60.0
107;v13;Denmark_3rdDivision;3;4;2026-09-05;2026-09-19;7;42.86
108;v13;Bulgaria_ParvaLiga;3;5;2016-09-16;2026-09-16;8;37.5
109;v13;NorthernIreland_NIFLChampionship;3;6;2026-09-04;2026-09-26;9;33.33
110;v13;Armenia_FirstLeague;2;0;2026-09-21;2026-09-22;2;100.0
111;v13;Austria_2Liga;2;0;2026-09-12;2026-09-18;2;100.0
112;v13;Bosnia_PrvaLiga_RS;2;0;2026-09-19;2026-09-26;2;100.0
113;v13;CzechRepublic_1Liga;2;0;2026-09-06;2026-09-20;2;100.0
114;v13;Iceland_BestaDeildKvenna;2;0;2026-09-17;2026-09-27;2;100.0
115;v13;Spain_LaLiga;2;0;2026-09-16;2026-09-18;2;100.0
116;v13;SriLanka_SuperLeague;2;0;2026-08-22;2026-09-06;2;100.0
117;v13;Sweden_Superettan;2;0;2026-07-21;2026-07-26;2;100.0
118;v13;Germany_2Bundesliga;2;1;2026-09-19;2026-09-20;3;66.67
119;v13;Poland_IIILiga_Group4;2;1;2026-09-19;2026-09-27;3;66.67
120;v13;Serbia_PrvaLiga;2;1;2026-09-05;2026-09-20;3;66.67
121;v13;USA_MLSNextPro_WesternConference_PacificDivision;2;1;2026-07-08;2026-08-29;3;66.67
122;v13;Armenia_PremierLeague;2;2;2026-09-04;2026-09-18;4;50.0
123;v13;England_LeagueOne;2;2;2026-09-19;2026-09-26;4;50.0
124;v13;Mexico_LigaExpansionMX_Apertura;2;2;2026-09-13;2026-09-26;4;50.0
125;v13;Mexico_LigaMX_Apertura;2;2;2026-07-25;2026-09-21;4;50.0
126;v13;Romania_Liga2;2;2;2026-09-12;2026-09-19;4;50.0
127;v13;CzechRepublic_ChNL;2;3;2026-07-30;2026-09-18;5;40.0
128;v13;Moldova_Liga1_GroupA;2;3;2026-09-11;2026-09-19;5;40.0
129;v13;Poland_Division2;2;3;2026-08-30;2026-09-20;5;40.0
130;v13;Austria_Niederosterreich;1;0;2026-09-25;2026-09-25;1;100.0
131;v13;Austria_Vorarlberg;1;0;2026-09-26;2026-09-26;1;100.0
132;v13;Bosnia_PrvaLiga_FBiH;1;0;2026-09-20;2026-09-20;1;100.0
133;v13;England_IsthmianLeaguePremierDivision;1;0;2026-09-22;2026-09-22;1;100.0
134;v13;Estonia_MeistriliigaWomen;1;0;2026-09-20;2026-09-20;1;100.0
135;v13;Georgia_ErovnuliLiga;1;0;2026-09-21;2026-09-21;1;100.0
136;v13;Germany_Oberliga_NOFV_Nord;1;0;2026-09-27;2026-09-27;1;100.0
137;v13;Lithuania_Toplyga;1;0;2026-08-30;2026-08-30;1;100.0
138;v13;NorthMacedonia_1MFL;1;0;2026-09-18;2026-09-18;1;100.0
139;v13;Portugal_LigaPortugal;1;0;2026-09-14;2026-09-14;1;100.0
140;v13;SaudiArabia_ProfessionalLeague;1;0;2026-09-11;2026-09-11;1;100.0
141;v13;Slovenia_2SNL;1;0;2026-09-28;2026-09-28;1;100.0
142;v13;Austria_Burgenland;1;1;2026-09-11;2026-09-18;2;50.0
143;v13;Belgium_JupilerProLeague;1;1;2026-09-12;2026-09-20;2;50.0
144;v13;Bulgaria_VtoraLiga;1;1;2026-09-13;2026-09-27;2;50.0
145;v13;Hungary_NBI;1;1;2026-09-06;2026-09-20;2;50.0
146;v13;Hungary_NBII;1;1;2026-08-30;2026-09-19;2;50.0
147;v13;Belarus_VysshayaLiga;1;2;2026-08-19;2026-09-02;3;33.33
148;v13;Iceland_1DeildWomen;1;2;2026-08-21;2026-08-27;3;33.33
149;v13;Paraguay_DivisionIntermedia;1;2;2026-09-13;2026-09-28;3;33.33
150;v13;Romania_Superliga;1;2;2026-07-25;2026-09-11;3;33.33
151;v13;Turkey_1Lig;1;2;2026-09-12;2026-09-20;3;33.33
152;v13;Poland_Ekstraklasa;1;3;2026-07-30;2026-09-19;4;25.0
153;v13;Switzerland_ChallengeLeague;1;3;2026-07-30;2026-09-11;4;25.0
154;v13;CzechRepublic_3MSFL;1;4;2026-09-02;2026-09-20;5;20.0
155;v13;Wales_CymruNorth;1;4;2026-09-12;2026-09-26;5;20.0
156;v13;Denmark_1stDivision;0;2;2026-07-30;2026-07-30;2;0.0
157;v13;Denmark_Superliga;0;2;2026-09-11;2026-09-20;2;0.0
158;v13;Russia_PremierLeague;0;2;2026-09-06;2026-09-13;2;0.0
159;v13;Scotland_Premiership;0;2;2026-09-09;2026-09-19;2;0.0
160;v13;FaroeIslands_PremierLeague;0;1;2026-08-16;2026-08-16;1;0.0
161;v13;Germany_Oberliga_NOFV_Sud;0;1;2026-09-26;2026-09-26;1;0.0
162;v13;Japan_J1League;0;1;2026-09-19;2026-09-19;1;0.0
163;v13;NorthernIreland_NIFLPremiership;0;1;2026-09-19;2026-09-19;1;0.0
164;v13;Peru_Liga2;0;1;2026-09-26;2026-09-26;1;0.0
165;v13;SouthKorea_KLeague2;0;1;2026-08-22;2026-08-22;1;0.0
166;v13;Ukraine_PremierLeague;0;1;2026-09-18;2026-09-18;1;0.0
1;v20;Finland_Kolmonen_Southern_Group2;14;1;2026-07-24;2026-09-25;15;93.33
2;v20;Finland_Kolmonen_Western_Group2;13;0;2026-08-06;2026-09-17;13;100.0
3;v20;Norway_3rdDivision_Group1;12;2;2026-07-25;2026-09-26;14;85.71
4;v20;Norway_3rdDivision_Group5;11;1;2026-06-26;2026-09-27;12;91.67
5;v20;Finland_Kolmonen_Eastern_Group3;10;0;2026-07-27;2026-09-19;10;100.0
6;v20;Finland_Kakkonen_GroupC;9;1;2026-07-04;2026-09-06;10;90.0
7;v20;Austria_Karnten;8;3;2026-09-04;2026-09-26;11;72.73
8;v20;Poland_IIILiga_Group2;8;4;2026-09-05;2026-09-26;12;66.67
9;v20;Poland_IIILiga_Group1;7;3;2026-09-05;2026-09-25;10;70.0
10;v20;Estonia_EsiliigaB;7;4;2026-07-12;2026-09-18;11;63.64
11;v20;Norway_2ndDivision_Group2;6;0;2026-07-25;2026-09-27;6;100.0
12;v20;Austria_Regionalliga_North;6;1;2026-09-04;2026-09-25;7;85.71
13;v20;Finland_Kolmonen_Eastern_Group2;6;1;2026-07-29;2026-09-18;7;85.71
14;v20;Finland_Kolmonen_Southern_Group3;6;1;2026-07-31;2026-09-16;7;85.71
15;v20;Norway_OBOSLigaen;6;1;2026-08-09;2026-09-13;7;85.71
16;v20;Switzerland_PromotionLeague;6;2;2026-09-05;2026-09-26;8;75.0
17;v20;Iceland_BestaDeildKarla;5;1;2026-07-12;2026-08-30;6;83.33
18;v20;Poland_IIILiga_Group3;5;1;2026-09-05;2026-09-19;6;83.33
19;v20;Austria_Regionalliga_South;5;3;2026-09-04;2026-09-26;8;62.5
20;v20;Austria_Tirol;5;5;2026-09-04;2026-09-19;10;50.0
21;v20;Finland_Kakkonen_GroupB;4;0;2026-07-04;2026-08-15;4;100.0
22;v20;Finland_Kolmonen_North;4;0;2026-08-29;2026-09-19;4;100.0
23;v20;Norway_3rdDivision_Group3;4;0;2026-08-08;2026-09-26;4;100.0
24;v20;Norway_3rdDivision_Group6;4;0;2026-08-01;2026-09-19;4;100.0
25;v20;Germany_Oberliga_SchleswigHolstein;4;1;2026-08-30;2026-09-26;5;80.0
26;v20;Norway_3rdDivision_Group4;4;2;2026-08-01;2026-09-21;6;66.67
27;v20;CzechRepublic_4Liga_GroupB;3;0;2026-09-12;2026-09-26;3;100.0
28;v20;Finland_Kolmonen_Southern_Group1;3;0;2026-07-29;2026-09-24;3;100.0
29;v20;Finland_Ykkonen;3;0;2026-07-11;2026-08-29;3;100.0
30;v20;Estonia_Esiliiga;3;1;2026-07-18;2026-09-14;4;75.0
31;v20;FaroeIslands_1Deild;3;1;2026-08-01;2026-09-18;4;75.0
32;v20;Netherlands_Eredivisie;3;1;2026-09-12;2026-09-20;4;75.0
33;v20;Norway_3rdDivision_Group2;3;3;2026-08-03;2026-09-26;6;50.0
34;v20;Wales_CymruPremier;3;3;2026-09-04;2026-09-15;6;50.0
35;v20;Austria_Salzburg;2;0;2026-09-13;2026-09-26;2;100.0
36;v20;CzechRepublic_4Liga_GroupC;2;0;2026-09-19;2026-09-23;2;100.0
37;v20;CzechRepublic_4Liga_GroupF;2;0;2026-09-20;2026-09-26;2;100.0
38;v20;Estonia_Meistriliiga;2;0;2026-07-16;2026-08-09;2;100.0
39;v20;Germany_Oberliga_RheinlandPfalzSaar;2;0;2026-09-19;2026-09-20;2;100.0
40;v20;Iceland_Division_2;2;0;2026-07-28;2026-08-08;2;100.0
41;v20;Latvia_NakotnesLiga;2;0;2026-07-26;2026-08-08;2;100.0
42;v20;Latvia_Virsliga;2;0;2026-07-18;2026-08-09;2;100.0
43;v20;Slovakia_NikeLiga;2;0;2026-09-06;2026-09-19;2;100.0
44;v20;Sweden_Division2_NorraSvealand;2;0;2026-08-16;2026-09-13;2;100.0
45;v20;Finland_Kolmonen_Eastern_Group1;2;1;2026-07-24;2026-09-19;3;66.67
46;v20;Finland_Kolmonen_Western_Group3;2;1;2026-08-28;2026-09-18;3;66.67
47;v20;USA_USLLeagueOne;2;1;2026-07-26;2026-09-03;3;66.67
48;v20;Belarus_PershayaLiga;1;0;2026-08-30;2026-08-30;1;100.0
49;v20;Bhutan_PremierLeague;1;0;2026-09-13;2026-09-13;1;100.0
50;v20;CzechRepublic_3CFL_GroupB;1;0;2026-09-20;2026-09-20;1;100.0
51;v20;CzechRepublic_4Liga_GroupA;1;0;2026-09-27;2026-09-27;1;100.0
52;v20;CzechRepublic_4Liga_GroupE;1;0;2026-09-20;2026-09-20;1;100.0
53;v20;Denmark_3rdDivision;1;0;2026-09-18;2026-09-18;1;100.0
54;v20;Germany_Oberliga_Hessen;1;0;2026-09-09;2026-09-09;1;100.0
55;v20;Germany_Regionalliga_Nord;1;0;2026-09-15;2026-09-15;1;100.0
56;v20;Iceland_Division_1;1;0;2026-08-28;2026-08-28;1;100.0
57;v20;Kyrgyzstan_PremierLiga;1;0;2026-09-18;2026-09-18;1;100.0
58;v20;Lithuania_ILyga;1;0;2026-09-05;2026-09-05;1;100.0
59;v20;Mexico_LigaExpansionMX_Apertura;1;0;2026-09-13;2026-09-13;1;100.0
60;v20;Moldova_SuperLiga;1;0;2026-09-20;2026-09-20;1;100.0
61;v20;Netherlands_EersteDivisie;1;0;2026-09-11;2026-09-11;1;100.0
62;v20;Norway_2ndDivision_Group1;1;0;2026-08-08;2026-08-08;1;100.0
63;v20;Norway_Eliteserien;1;0;2026-08-30;2026-08-30;1;100.0
64;v20;Somalia_NationalLeague;1;0;2026-08-09;2026-08-09;1;100.0
65;v20;SriLanka_SuperLeague;1;0;2026-08-22;2026-08-22;1;100.0
66;v20;Sweden_Allsvenskan;1;0;2026-07-26;2026-07-26;1;100.0
67;v20;Sweden_Division1_Norra;1;0;2026-09-17;2026-09-17;1;100.0
68;v20;Sweden_Division2_SodraGotaland;1;0;2026-09-19;2026-09-19;1;100.0
69;v20;Switzerland_ChallengeLeague;1;0;2026-07-30;2026-07-30;1;100.0
70;v20;USA_MLSNextPro_EasternConference_NortheastDivision;1;0;2026-07-25;2026-07-25;1;100.0
71;v20;USA_MLSNextPro_EasternConference_SoutheastDivision;1;0;2026-08-02;2026-08-02;1;100.0
72;v20;Germany_Oberliga_Bayern_Sud;1;1;2026-07-27;2026-07-30;2;50.0
73;v20;Germany_Oberliga_Bremen;1;1;2026-09-25;2026-09-26;2;50.0
74;v20;Kazakhstan_FirstLeague;1;1;2026-07-23;2026-08-27;2;50.0
75;v20;Moldova_Liga1_GroupA;1;1;2026-09-12;2026-09-18;2;50.0
76;v20;CzechRepublic_3MSFL;1;3;2026-09-02;2026-09-20;4;25.0
77;v20;Sweden_Division2_SodraSvealand;0;2;2026-09-12;2026-09-14;2;0.0
78;v20;Germany_Oberliga_Hamburg;0;1;2026-09-27;2026-09-27;1;0.0
79;v20;Mexico_LigaMX_Apertura;0;1;2026-07-25;2026-07-25;1;0.0
80;v20;Scotland_Premiership;0;1;2026-09-15;2026-09-15;1;0.0
81;v20;Switzerland_SuperLeague;0;1;2026-09-19;2026-09-19;1;0.0
82;v20;Ukraine_PremierLeague;0;1;2026-09-18;2026-09-18;1;0.0
1;v20def;Finland_Kolmonen_Southern_Group2;7;0;2026-08-21;2026-09-24;7;100.0
2;v20def;Finland_Kolmonen_Western_Group2;7;0;2026-08-20;2026-09-17;7;100.0
3;v20def;Poland_IIILiga_Group2;7;3;2026-09-05;2026-09-26;10;70.0
4;v20def;Finland_Kolmonen_Eastern_Group3;6;0;2026-08-28;2026-09-19;6;100.0
5;v20def;Austria_Regionalliga_North;6;1;2026-09-04;2026-09-25;7;85.71
6;v20def;Austria_Karnten;6;3;2026-09-11;2026-09-26;9;66.67
7;v20def;Norway_3rdDivision_Group5;5;0;2026-09-06;2026-09-27;5;100.0
8;v20def;Poland_IIILiga_Group1;5;1;2026-09-05;2026-09-19;6;83.33
9;v20def;Norway_3rdDivision_Group1;5;2;2026-09-12;2026-09-26;7;71.43
10;v20def;Switzerland_PromotionLeague;5;2;2026-09-05;2026-09-26;7;71.43
11;v20def;Austria_Regionalliga_South;5;3;2026-09-04;2026-09-26;8;62.5
12;v20def;Finland_Kakkonen_GroupC;4;0;2026-08-16;2026-09-06;4;100.0
13;v20def;Finland_Kolmonen_Southern_Group3;4;0;2026-08-16;2026-09-16;4;100.0
14;v20def;Norway_OBOSLigaen;4;1;2026-08-26;2026-09-13;5;80.0
15;v20def;Austria_Tirol;4;3;2026-09-04;2026-09-19;7;57.14
16;v20def;Finland_Kolmonen_North;3;0;2026-08-29;2026-09-19;3;100.0
17;v20def;Norway_3rdDivision_Group2;3;0;2026-09-07;2026-09-26;3;100.0
18;v20def;Germany_Oberliga_SchleswigHolstein;3;1;2026-08-30;2026-09-19;4;75.0
19;v20def;Wales_CymruPremier;3;3;2026-09-04;2026-09-15;6;50.0
20;v20def;CzechRepublic_4Liga_GroupB;2;0;2026-09-12;2026-09-19;2;100.0
21;v20def;FaroeIslands_1Deild;2;0;2026-09-04;2026-09-18;2;100.0
22;v20def;Finland_Kolmonen_Eastern_Group1;2;0;2026-09-18;2026-09-19;2;100.0
23;v20def;Slovakia_NikeLiga;2;0;2026-09-06;2026-09-19;2;100.0
24;v20def;Sweden_Division2_NorraSvealand;2;0;2026-08-16;2026-09-13;2;100.0
25;v20def;Finland_Kolmonen_Eastern_Group2;2;1;2026-08-19;2026-09-18;3;66.67
26;v20def;Finland_Kolmonen_Western_Group3;2;1;2026-08-28;2026-09-18;3;66.67
27;v20def;Iceland_BestaDeildKarla;2;1;2026-08-17;2026-08-30;3;66.67
28;v20def;Netherlands_Eredivisie;2;1;2026-09-12;2026-09-20;3;66.67
29;v20def;Poland_IIILiga_Group3;2;1;2026-09-05;2026-09-19;3;66.67
30;v20def;Estonia_EsiliigaB;2;2;2026-08-24;2026-09-18;4;50.0
31;v20def;Bhutan_PremierLeague;1;0;2026-09-13;2026-09-13;1;100.0
32;v20def;CzechRepublic_3CFL_GroupB;1;0;2026-09-20;2026-09-20;1;100.0
33;v20def;CzechRepublic_3MSFL;1;0;2026-09-02;2026-09-02;1;100.0
34;v20def;CzechRepublic_4Liga_GroupA;1;0;2026-09-27;2026-09-27;1;100.0
35;v20def;CzechRepublic_4Liga_GroupC;1;0;2026-09-19;2026-09-19;1;100.0
36;v20def;CzechRepublic_4Liga_GroupF;1;0;2026-09-26;2026-09-26;1;100.0
37;v20def;Estonia_Esiliiga;1;0;2026-09-14;2026-09-14;1;100.0
38;v20def;Finland_Kolmonen_Southern_Group1;1;0;2026-09-24;2026-09-24;1;100.0
39;v20def;Finland_Ykkonen;1;0;2026-08-29;2026-08-29;1;100.0
40;v20def;Germany_Oberliga_Hessen;1;0;2026-09-09;2026-09-09;1;100.0
41;v20def;Germany_Oberliga_RheinlandPfalzSaar;1;0;2026-09-19;2026-09-19;1;100.0
42;v20def;Mexico_LigaExpansionMX_Apertura;1;0;2026-09-13;2026-09-13;1;100.0
43;v20def;Moldova_SuperLiga;1;0;2026-09-20;2026-09-20;1;100.0
44;v20def;Netherlands_EersteDivisie;1;0;2026-09-11;2026-09-11;1;100.0
45;v20def;Norway_2ndDivision_Group2;1;0;2026-09-11;2026-09-11;1;100.0
46;v20def;Norway_3rdDivision_Group3;1;0;2026-09-21;2026-09-21;1;100.0
47;v20def;Norway_3rdDivision_Group6;1;0;2026-09-19;2026-09-19;1;100.0
48;v20def;SriLanka_SuperLeague;1;0;2026-08-22;2026-08-22;1;100.0
49;v20def;Sweden_Division2_SodraGotaland;1;0;2026-09-19;2026-09-19;1;100.0
50;v20def;Moldova_Liga1_GroupA;1;1;2026-09-12;2026-09-18;2;50.0
51;v20def;Norway_3rdDivision_Group4;1;1;2026-08-31;2026-09-21;2;50.0
52;v20def;Sweden_Division2_SodraSvealand;0;2;2026-09-12;2026-09-14;2;0.0
53;v20def;Germany_Oberliga_Hamburg;0;1;2026-09-27;2026-09-27;1;0.0
54;v20def;Scotland_Premiership;0;1;2026-09-15;2026-09-15;1;0.0
55;v20def;Switzerland_SuperLeague;0;1;2026-09-19;2026-09-19;1;0.0
1;v20defplus;Finland_Kolmonen_Southern_Group2;12;1;2026-08-21;2026-09-25;13;92.31
2;v20defplus;Finland_Kolmonen_Western_Group2;8;1;2026-08-20;2026-09-17;9;88.89
3;v20defplus;Austria_Karnten;8;3;2026-09-04;2026-09-26;11;72.73
4;v20defplus;Poland_IIILiga_Group1;8;3;2026-09-05;2026-09-25;11;72.73
5;v20defplus;Poland_IIILiga_Group2;8;4;2026-09-05;2026-09-26;12;66.67
6;v20defplus;Finland_Kolmonen_Eastern_Group3;7;0;2026-08-20;2026-09-19;7;100.0
7;v20defplus;Germany_Oberliga_SchleswigHolstein;7;1;2026-08-30;2026-09-26;8;87.5
8;v20defplus;Estonia_EsiliigaB;7;2;2026-08-21;2026-09-19;9;77.78
9;v20defplus;Norway_3rdDivision_Group2;7;3;2026-08-31;2026-09-26;10;70.0
10;v20defplus;Switzerland_PromotionLeague;7;3;2026-09-05;2026-09-26;10;70.0
11;v20defplus;Norway_2ndDivision_Group2;6;0;2026-08-29;2026-09-27;6;100.0
12;v20defplus;CzechRepublic_4Liga_GroupB;6;1;2026-09-12;2026-09-26;7;85.71
13;v20defplus;Austria_Regionalliga_North;6;2;2026-09-04;2026-09-25;8;75.0
14;v20defplus;Norway_3rdDivision_Group1;6;2;2026-09-01;2026-09-26;8;75.0
15;v20defplus;Austria_Regionalliga_South;6;3;2026-09-04;2026-09-26;9;66.67
16;v20defplus;Norway_3rdDivision_Group5;5;1;2026-08-30;2026-09-27;6;83.33
17;v20defplus;Norway_OBOSLigaen;5;1;2026-08-26;2026-09-13;6;83.33
18;v20defplus;Austria_Tirol;5;4;2026-09-04;2026-09-19;9;55.56
19;v20defplus;Finland_Kakkonen_GroupC;4;0;2026-08-22;2026-09-06;4;100.0
20;v20defplus;Norway_3rdDivision_Group3;4;0;2026-08-31;2026-09-26;4;100.0
21;v20defplus;Finland_Kolmonen_North;4;1;2026-08-29;2026-09-19;5;80.0
22;v20defplus;Wales_CymruPremier;4;3;2026-09-04;2026-09-26;7;57.14
23;v20defplus;Finland_Kolmonen_Eastern_Group1;3;0;2026-09-12;2026-09-19;3;100.0
24;v20defplus;Finland_Kolmonen_Southern_Group1;3;0;2026-08-21;2026-09-24;3;100.0
25;v20defplus;Finland_Kolmonen_Southern_Group3;3;0;2026-08-28;2026-09-16;3;100.0
26;v20defplus;Germany_Oberliga_RheinlandPfalzSaar;3;0;2026-09-09;2026-09-20;3;100.0
27;v20defplus;Norway_3rdDivision_Group6;3;0;2026-08-31;2026-09-21;3;100.0
28;v20defplus;Sweden_Division2_SodraGotaland;3;0;2026-08-22;2026-09-27;3;100.0
29;v20defplus;Netherlands_Eredivisie;3;1;2026-09-12;2026-09-20;4;75.0
30;v20defplus;Poland_IIILiga_Group3;3;1;2026-09-05;2026-09-19;4;75.0
31;v20defplus;FaroeIslands_1Deild;3;2;2026-08-22;2026-09-19;5;60.0
32;v20defplus;CzechRepublic_4Liga_GroupC;2;0;2026-09-19;2026-09-23;2;100.0
33;v20defplus;CzechRepublic_4Liga_GroupF;2;0;2026-09-20;2026-09-26;2;100.0
34;v20defplus;Moldova_SuperLiga;2;0;2026-08-30;2026-09-20;2;100.0
35;v20defplus;Norway_Eliteserien;2;0;2026-08-30;2026-09-19;2;100.0
36;v20defplus;Slovakia_NikeLiga;2;0;2026-09-06;2026-09-19;2;100.0
37;v20defplus;Sweden_Division2_Norrland;2;0;2026-08-22;2026-09-26;2;100.0
38;v20defplus;CzechRepublic_4Liga_GroupE;2;1;2026-09-12;2026-09-26;3;66.67
39;v20defplus;Finland_Kolmonen_Eastern_Group2;2;1;2026-08-22;2026-09-18;3;66.67
40;v20defplus;Finland_Kolmonen_Western_Group3;2;1;2026-08-28;2026-09-18;3;66.67
41;v20defplus;Germany_Oberliga_Bremen;2;1;2026-09-12;2026-09-26;3;66.67
42;v20defplus;Norway_3rdDivision_Group4;2;1;2026-08-31;2026-09-21;3;66.67
43;v20defplus;Switzerland_SuperLeague;2;1;2026-09-06;2026-09-20;3;66.67
44;v20defplus;Austria_Salzburg;1;0;2026-09-13;2026-09-13;1;100.0
45;v20defplus;Bhutan_PremierLeague;1;0;2026-09-13;2026-09-13;1;100.0
46;v20defplus;CzechRepublic_3CFL_GroupB;1;0;2026-09-20;2026-09-20;1;100.0
47;v20defplus;CzechRepublic_3MSFL;1;0;2026-09-02;2026-09-02;1;100.0
48;v20defplus;CzechRepublic_4Liga_GroupA;1;0;2026-09-27;2026-09-27;1;100.0
49;v20defplus;Denmark_3rdDivision;1;0;2026-09-18;2026-09-18;1;100.0
50;v20defplus;Estonia_Esiliiga;1;0;2026-09-14;2026-09-14;1;100.0
51;v20defplus;Finland_Ykkonen;1;0;2026-08-29;2026-08-29;1;100.0
52;v20defplus;Germany_Oberliga_Bayern_Sud;1;0;2026-09-19;2026-09-19;1;100.0
53;v20defplus;Germany_Oberliga_Hessen;1;0;2026-09-09;2026-09-09;1;100.0
54;v20defplus;Germany_Oberliga_Niederrhein;1;0;2026-09-27;2026-09-27;1;100.0
55;v20defplus;Germany_Regionalliga_Nord;1;0;2026-09-15;2026-09-15;1;100.0
56;v20defplus;Germany_Regionalliga_West;1;0;2026-09-11;2026-09-11;1;100.0
57;v20defplus;Iceland_BestaDeildKvenna;1;0;2026-09-05;2026-09-05;1;100.0
58;v20defplus;Kyrgyzstan_PremierLiga;1;0;2026-09-18;2026-09-18;1;100.0
59;v20defplus;Lithuania_ILyga;1;0;2026-09-05;2026-09-05;1;100.0
60;v20defplus;Mexico_LigaExpansionMX_Apertura;1;0;2026-09-13;2026-09-13;1;100.0
61;v20defplus;Slovakia_2Liga;1;0;2026-09-26;2026-09-26;1;100.0
62;v20defplus;SriLanka_SuperLeague;1;0;2026-08-22;2026-08-22;1;100.0
63;v20defplus;Sweden_Division1_Norra;1;0;2026-09-17;2026-09-17;1;100.0
64;v20defplus;Sweden_Division2_NorraSvealand;1;0;2026-09-13;2026-09-13;1;100.0
65;v20defplus;USA_MLSNextPro_EasternConference_NortheastDivision;1;0;2026-08-24;2026-08-24;1;100.0
66;v20defplus;USA_USLLeagueOne;1;0;2026-09-03;2026-09-03;1;100.0
67;v20defplus;Germany_Oberliga_Hamburg;1;1;2026-09-13;2026-09-27;2;50.0
68;v20defplus;Germany_Oberliga_Niedersachsen;1;1;2026-09-13;2026-09-26;2;50.0
69;v20defplus;Netherlands_EersteDivisie;1;1;2026-09-11;2026-09-13;2;50.0
70;v20defplus;Iceland_BestaDeildKarla;1;2;2026-08-23;2026-08-31;3;33.33
71;v20defplus;Moldova_Liga1_GroupA;1;2;2026-09-11;2026-09-18;3;33.33
72;v20defplus;Sweden_Division2_SodraSvealand;0;3;2026-09-12;2026-09-19;3;0.0
73;v20defplus;Austria_Oberosterreich;0;1;2026-09-18;2026-09-18;1;0.0
74;v20defplus;Germany_Regionalliga_Nordost;0;1;2026-08-26;2026-08-26;1;0.0
75;v20defplus;Iceland_Division_2;0;1;2026-08-23;2026-08-23;1;0.0
76;v20defplus;NorthernIreland_NIFLChampionship;0;1;2026-09-18;2026-09-18;1;0.0
77;v20defplus;Poland_Ekstraklasa;0;1;2026-09-06;2026-09-06;1;0.0
78;v20defplus;Scotland_Premiership;0;1;2026-09-15;2026-09-15;1;0.0
1;v20defplus_v2;Finland_Kolmonen_Southern_Group2;11;1;2026-08-21;2026-09-25;12;91.67
2;v20defplus_v2;Norway_3rdDivision_Group1;9;2;2026-09-01;2026-09-26;11;81.82
3;v20defplus_v2;Germany_Oberliga_SchleswigHolstein;8;1;2026-08-30;2026-09-26;9;88.89
4;v20defplus_v2;Austria_Karnten;8;3;2026-09-04;2026-09-26;11;72.73
5;v20defplus_v2;Norway_3rdDivision_Group5;8;3;2026-08-29;2026-09-27;11;72.73
6;v20defplus_v2;Poland_IIILiga_Group2;8;4;2026-09-05;2026-09-26;12;66.67
7;v20defplus_v2;Finland_Kolmonen_Western_Group2;7;1;2026-08-27;2026-09-17;8;87.5
8;v20defplus_v2;Poland_IIILiga_Group1;7;2;2026-09-05;2026-09-25;9;77.78
9;v20defplus_v2;Estonia_EsiliigaB;7;3;2026-08-21;2026-09-21;10;70.0
10;v20defplus_v2;Norway_3rdDivision_Group2;7;3;2026-08-31;2026-09-26;10;70.0
11;v20defplus_v2;Switzerland_PromotionLeague;7;3;2026-09-05;2026-09-26;10;70.0
12;v20defplus_v2;Finland_Kolmonen_Eastern_Group3;6;0;2026-08-28;2026-09-19;6;100.0
13;v20defplus_v2;Norway_2ndDivision_Group2;6;0;2026-08-29;2026-09-26;6;100.0
14;v20defplus_v2;Austria_Regionalliga_North;6;1;2026-09-04;2026-09-25;7;85.71
15;v20defplus_v2;CzechRepublic_4Liga_GroupB;6;1;2026-09-12;2026-09-26;7;85.71
16;v20defplus_v2;Austria_Regionalliga_South;6;3;2026-09-04;2026-09-26;9;66.67
17;v20defplus_v2;Norway_OBOSLigaen;5;1;2026-08-26;2026-09-13;6;83.33
18;v20defplus_v2;Austria_Tirol;5;3;2026-09-04;2026-09-19;8;62.5
19;v20defplus_v2;Finland_Kakkonen_GroupC;4;0;2026-08-22;2026-09-06;4;100.0
20;v20defplus_v2;Germany_Oberliga_RheinlandPfalzSaar;4;0;2026-09-08;2026-09-20;4;100.0
21;v20defplus_v2;Norway_3rdDivision_Group3;4;0;2026-08-31;2026-09-26;4;100.0
22;v20defplus_v2;Finland_Kolmonen_North;4;1;2026-08-29;2026-09-19;5;80.0
23;v20defplus_v2;Finland_Kolmonen_Eastern_Group1;3;0;2026-09-12;2026-09-19;3;100.0
24;v20defplus_v2;Finland_Kolmonen_Southern_Group1;3;0;2026-08-21;2026-09-24;3;100.0
25;v20defplus_v2;Finland_Kolmonen_Southern_Group3;3;0;2026-08-28;2026-09-16;3;100.0
26;v20defplus_v2;Germany_Oberliga_Bremen;3;0;2026-09-12;2026-09-27;3;100.0
27;v20defplus_v2;Norway_3rdDivision_Group6;3;0;2026-08-31;2026-09-21;3;100.0
28;v20defplus_v2;Sweden_Division2_Norrland;3;0;2026-08-22;2026-09-26;3;100.0
29;v20defplus_v2;Sweden_Division2_SodraGotaland;3;0;2026-08-22;2026-09-27;3;100.0
30;v20defplus_v2;Netherlands_Eredivisie;3;1;2026-09-12;2026-09-20;4;75.0
31;v20defplus_v2;Switzerland_SuperLeague;3;1;2026-09-06;2026-09-20;4;75.0
32;v20defplus_v2;FaroeIslands_1Deild;3;2;2026-08-22;2026-09-19;5;60.0
33;v20defplus_v2;Wales_CymruPremier;3;3;2026-09-04;2026-09-15;6;50.0
34;v20defplus_v2;CzechRepublic_4Liga_GroupC;2;0;2026-09-19;2026-09-23;2;100.0
35;v20defplus_v2;Germany_Regionalliga_West;2;0;2026-09-01;2026-09-11;2;100.0
36;v20defplus_v2;Norway_Eliteserien;2;0;2026-08-30;2026-09-19;2;100.0
37;v20defplus_v2;Finland_Kolmonen_Eastern_Group2;2;1;2026-08-22;2026-09-18;3;66.67
38;v20defplus_v2;Finland_Kolmonen_Western_Group3;2;1;2026-08-28;2026-09-18;3;66.67
39;v20defplus_v2;Germany_Oberliga_Hamburg;2;1;2026-09-13;2026-09-27;3;66.67
40;v20defplus_v2;Germany_Oberliga_Niedersachsen;2;1;2026-09-13;2026-09-27;3;66.67
41;v20defplus_v2;Netherlands_EersteDivisie;2;1;2026-09-11;2026-09-13;3;66.67
42;v20defplus_v2;Norway_3rdDivision_Group4;2;1;2026-08-31;2026-09-21;3;66.67
43;v20defplus_v2;Poland_IIILiga_Group3;2;1;2026-09-05;2026-09-19;3;66.67
44;v20defplus_v2;Slovakia_NikeLiga;2;1;2026-09-06;2026-09-19;3;66.67
45;v20defplus_v2;CzechRepublic_4Liga_GroupE;2;2;2026-09-12;2026-09-26;4;50.0
46;v20defplus_v2;Austria_Salzburg;1;0;2026-09-13;2026-09-13;1;100.0
47;v20defplus_v2;Bhutan_PremierLeague;1;0;2026-09-13;2026-09-13;1;100.0
48;v20defplus_v2;CzechRepublic_3CFL_GroupB;1;0;2026-09-20;2026-09-20;1;100.0
49;v20defplus_v2;CzechRepublic_3MSFL;1;0;2026-09-02;2026-09-02;1;100.0
50;v20defplus_v2;CzechRepublic_4Liga_GroupA;1;0;2026-09-27;2026-09-27;1;100.0
51;v20defplus_v2;CzechRepublic_4Liga_GroupF;1;0;2026-09-26;2026-09-26;1;100.0
52;v20defplus_v2;Denmark_3rdDivision;1;0;2026-09-18;2026-09-18;1;100.0
53;v20defplus_v2;Estonia_Esiliiga;1;0;2026-09-14;2026-09-14;1;100.0
54;v20defplus_v2;Finland_Ykkonen;1;0;2026-08-29;2026-08-29;1;100.0
55;v20defplus_v2;Germany_3Liga;1;0;2026-09-15;2026-09-15;1;100.0
56;v20defplus_v2;Germany_Oberliga_Bayern_Sud;1;0;2026-09-19;2026-09-19;1;100.0
57;v20defplus_v2;Germany_Oberliga_Hessen;1;0;2026-09-09;2026-09-09;1;100.0
58;v20defplus_v2;Germany_Oberliga_Niederrhein;1;0;2026-09-27;2026-09-27;1;100.0
59;v20defplus_v2;Germany_Regionalliga_Nord;1;0;2026-09-15;2026-09-15;1;100.0
60;v20defplus_v2;Iceland_Division_1;1;0;2026-09-05;2026-09-05;1;100.0
61;v20defplus_v2;Kyrgyzstan_PremierLiga;1;0;2026-09-18;2026-09-18;1;100.0
62;v20defplus_v2;Mexico_LigaExpansionMX_Apertura;1;0;2026-09-13;2026-09-13;1;100.0
63;v20defplus_v2;Moldova_SuperLiga;1;0;2026-09-20;2026-09-20;1;100.0
64;v20defplus_v2;Slovakia_2Liga;1;0;2026-09-26;2026-09-26;1;100.0
65;v20defplus_v2;SriLanka_SuperLeague;1;0;2026-08-22;2026-08-22;1;100.0
66;v20defplus_v2;Sweden_Division2_NorraSvealand;1;0;2026-09-13;2026-09-13;1;100.0
67;v20defplus_v2;USA_MLS;1;0;2026-09-06;2026-09-06;1;100.0
68;v20defplus_v2;USA_MLSNextPro_EasternConference_NortheastDivision;1;0;2026-08-24;2026-08-24;1;100.0
69;v20defplus_v2;Iceland_BestaDeildKarla;1;2;2026-08-23;2026-08-31;3;33.33
70;v20defplus_v2;Moldova_Liga1_GroupA;1;2;2026-09-11;2026-09-18;3;33.33
71;v20defplus_v2;NorthernIreland_NIFLChampionship;0;2;2026-09-12;2026-09-18;2;0.0
72;v20defplus_v2;Sweden_Division2_SodraSvealand;0;2;2026-09-12;2026-09-14;2;0.0
73;v20defplus_v2;Austria_Oberosterreich;0;1;2026-09-18;2026-09-18;1;0.0
74;v20defplus_v2;Austria_Regionalliga_West;0;1;2026-09-18;2026-09-18;1;0.0
75;v20defplus_v2;Belgium_JupilerProLeague;0;1;2026-09-20;2026-09-20;1;0.0
76;v20defplus_v2;Finland_Kakkonen_GroupA;0;1;2026-09-04;2026-09-04;1;0.0
77;v20defplus_v2;Germany_Oberliga_BadenWurttemberg;0;1;2026-09-12;2026-09-12;1;0.0
78;v20defplus_v2;Germany_Regionalliga_Nordost;0;1;2026-08-26;2026-08-26;1;0.0
79;v20defplus_v2;Iceland_Division_2;0;1;2026-08-23;2026-08-23;1;0.0
80;v20defplus_v2;Poland_Ekstraklasa;0;1;2026-09-06;2026-09-06;1;0.0
81;v20defplus_v2;Russia_PremierLeague;0;1;2026-09-06;2026-09-06;1;0.0
82;v20defplus_v2;Scotland_Premiership;0;1;2026-09-15;2026-09-15;1;0.0
1;v20defplus_v3;Norway_3rdDivision_Group1;12;2;2026-08-29;2026-09-26;14;85.71
2;v20defplus_v3;Finland_Kolmonen_Southern_Group2;11;1;2026-08-21;2026-09-25;12;91.67
3;v20defplus_v3;Norway_3rdDivision_Group5;10;3;2026-08-29;2026-09-27;13;76.92
4;v20defplus_v3;Germany_Oberliga_SchleswigHolstein;9;1;2026-08-30;2026-09-26;10;90.0
5;v20defplus_v3;Estonia_EsiliigaB;9;4;2026-08-21;2026-09-21;13;69.23
6;v20defplus_v3;Finland_Kolmonen_Western_Group2;8;1;2026-08-27;2026-09-17;9;88.89
7;v20defplus_v3;Austria_Karnten;8;3;2026-09-04;2026-09-26;11;72.73
8;v20defplus_v3;Poland_IIILiga_Group2;8;4;2026-09-05;2026-09-26;12;66.67
9;v20defplus_v3;Finland_Kolmonen_Eastern_Group3;7;0;2026-08-28;2026-09-19;7;100.0
10;v20defplus_v3;Poland_IIILiga_Group1;7;2;2026-09-05;2026-09-25;9;77.78
11;v20defplus_v3;Norway_3rdDivision_Group2;7;3;2026-08-31;2026-09-26;10;70.0
12;v20defplus_v3;Switzerland_PromotionLeague;7;4;2026-09-05;2026-09-26;11;63.64
13;v20defplus_v3;Norway_2ndDivision_Group2;6;0;2026-08-29;2026-09-26;6;100.0
14;v20defplus_v3;Austria_Regionalliga_North;6;1;2026-09-04;2026-09-25;7;85.71
15;v20defplus_v3;CzechRepublic_4Liga_GroupB;6;2;2026-09-12;2026-09-26;8;75.0
16;v20defplus_v3;Austria_Regionalliga_South;6;3;2026-09-04;2026-09-26;9;66.67
17;v20defplus_v3;Norway_3rdDivision_Group4;5;1;2026-08-31;2026-09-28;6;83.33
18;v20defplus_v3;Norway_OBOSLigaen;5;1;2026-08-26;2026-09-13;6;83.33
19;v20defplus_v3;Austria_Tirol;5;3;2026-09-04;2026-09-19;8;62.5
20;v20defplus_v3;Austria_Salzburg;4;0;2026-09-06;2026-09-26;4;100.0
21;v20defplus_v3;Finland_Kakkonen_GroupC;4;0;2026-08-22;2026-09-06;4;100.0
22;v20defplus_v3;Germany_Oberliga_RheinlandPfalzSaar;4;0;2026-09-08;2026-09-20;4;100.0
23;v20defplus_v3;Norway_3rdDivision_Group3;4;0;2026-08-31;2026-09-26;4;100.0
24;v20defplus_v3;Finland_Kolmonen_North;4;1;2026-08-29;2026-09-19;5;80.0
25;v20defplus_v3;Switzerland_SuperLeague;4;1;2026-09-06;2026-09-20;5;80.0
26;v20defplus_v3;Finland_Kolmonen_Eastern_Group1;3;0;2026-09-12;2026-09-19;3;100.0
27;v20defplus_v3;Finland_Kolmonen_Southern_Group1;3;0;2026-08-21;2026-09-24;3;100.0
28;v20defplus_v3;Finland_Kolmonen_Southern_Group3;3;0;2026-08-28;2026-09-16;3;100.0
29;v20defplus_v3;Germany_Oberliga_Bremen;3;0;2026-09-12;2026-09-27;3;100.0
30;v20defplus_v3;Norway_3rdDivision_Group6;3;0;2026-08-31;2026-09-21;3;100.0
31;v20defplus_v3;Sweden_Division2_Norrland;3;0;2026-08-22;2026-09-26;3;100.0
32;v20defplus_v3;Sweden_Division2_SodraGotaland;3;0;2026-08-22;2026-09-27;3;100.0
33;v20defplus_v3;Finland_Kolmonen_Western_Group3;3;1;2026-08-28;2026-09-18;4;75.0
34;v20defplus_v3;Netherlands_Eredivisie;3;1;2026-09-12;2026-09-20;4;75.0
35;v20defplus_v3;FaroeIslands_1Deild;3;2;2026-08-22;2026-09-19;5;60.0
36;v20defplus_v3;Wales_CymruPremier;3;3;2026-09-04;2026-09-15;6;50.0
37;v20defplus_v3;CzechRepublic_4Liga_GroupC;2;0;2026-09-19;2026-09-23;2;100.0
38;v20defplus_v3;Germany_Regionalliga_West;2;0;2026-09-01;2026-09-11;2;100.0
39;v20defplus_v3;Iceland_Division_1;2;0;2026-09-05;2026-09-13;2;100.0
40;v20defplus_v3;Kyrgyzstan_PremierLiga;2;0;2026-08-23;2026-09-18;2;100.0
41;v20defplus_v3;Norway_Eliteserien;2;0;2026-08-30;2026-09-19;2;100.0
42;v20defplus_v3;Finland_Kolmonen_Eastern_Group2;2;1;2026-08-22;2026-09-18;3;66.67
43;v20defplus_v3;Germany_Oberliga_Hamburg;2;1;2026-09-13;2026-09-27;3;66.67
44;v20defplus_v3;Germany_Oberliga_Niedersachsen;2;1;2026-09-13;2026-09-27;3;66.67
45;v20defplus_v3;Netherlands_EersteDivisie;2;1;2026-09-11;2026-09-13;3;66.67
46;v20defplus_v3;Poland_IIILiga_Group3;2;1;2026-09-05;2026-09-19;3;66.67
47;v20defplus_v3;Slovakia_NikeLiga;2;1;2026-09-06;2026-09-19;3;66.67
48;v20defplus_v3;CzechRepublic_4Liga_GroupE;2;2;2026-09-12;2026-09-26;4;50.0
49;v20defplus_v3;Bhutan_PremierLeague;1;0;2026-09-13;2026-09-13;1;100.0
50;v20defplus_v3;CzechRepublic_3CFL_GroupB;1;0;2026-09-20;2026-09-20;1;100.0
51;v20defplus_v3;CzechRepublic_3MSFL;1;0;2026-09-02;2026-09-02;1;100.0
52;v20defplus_v3;CzechRepublic_4Liga_GroupA;1;0;2026-09-27;2026-09-27;1;100.0
53;v20defplus_v3;CzechRepublic_4Liga_GroupF;1;0;2026-09-26;2026-09-26;1;100.0
54;v20defplus_v3;Denmark_3rdDivision;1;0;2026-09-18;2026-09-18;1;100.0
55;v20defplus_v3;Estonia_Esiliiga;1;0;2026-09-14;2026-09-14;1;100.0
56;v20defplus_v3;Finland_Ykkonen;1;0;2026-08-29;2026-08-29;1;100.0
57;v20defplus_v3;Germany_3Liga;1;0;2026-09-15;2026-09-15;1;100.0
58;v20defplus_v3;Germany_Oberliga_Hessen;1;0;2026-09-09;2026-09-09;1;100.0
59;v20defplus_v3;Germany_Oberliga_Niederrhein;1;0;2026-09-27;2026-09-27;1;100.0
60;v20defplus_v3;Germany_Oberliga_Westfalen;1;0;2026-09-20;2026-09-20;1;100.0
61;v20defplus_v3;Germany_Regionalliga_Nord;1;0;2026-09-15;2026-09-15;1;100.0
62;v20defplus_v3;Latvia_NakotnesLiga;1;0;2026-09-12;2026-09-12;1;100.0
63;v20defplus_v3;Mexico_LigaExpansionMX_Apertura;1;0;2026-09-13;2026-09-13;1;100.0
64;v20defplus_v3;Moldova_SuperLiga;1;0;2026-09-20;2026-09-20;1;100.0
65;v20defplus_v3;Slovakia_2Liga;1;0;2026-09-26;2026-09-26;1;100.0
66;v20defplus_v3;SriLanka_SuperLeague;1;0;2026-08-22;2026-08-22;1;100.0
67;v20defplus_v3;Sweden_Division1_Sodra;1;0;2026-09-12;2026-09-12;1;100.0
68;v20defplus_v3;Sweden_Division2_NorraSvealand;1;0;2026-09-13;2026-09-13;1;100.0
69;v20defplus_v3;Sweden_Division2_VastraGotaland;1;0;2026-09-19;2026-09-19;1;100.0
70;v20defplus_v3;USA_MLS;1;0;2026-09-06;2026-09-06;1;100.0
71;v20defplus_v3;USA_MLSNextPro_EasternConference_NortheastDivision;1;0;2026-08-24;2026-08-24;1;100.0
72;v20defplus_v3;Armenia_FirstLeague;1;1;2026-09-13;2026-09-21;2;50.0
73;v20defplus_v3;Austria_Regionalliga_West;1;1;2026-09-18;2026-09-26;2;50.0
74;v20defplus_v3;Germany_Oberliga_Bayern_Sud;1;1;2026-09-19;2026-09-26;2;50.0
75;v20defplus_v3;Iceland_BestaDeildKarla;1;2;2026-08-23;2026-08-31;3;33.33
76;v20defplus_v3;Moldova_Liga1_GroupA;1;2;2026-09-11;2026-09-18;3;33.33
77;v20defplus_v3;NorthernIreland_NIFLChampionship;1;3;2026-09-04;2026-09-18;4;25.0
78;v20defplus_v3;Iceland_Division_2;0;2;2026-08-23;2026-08-28;2;0.0
79;v20defplus_v3;Sweden_Division2_SodraSvealand;0;2;2026-09-12;2026-09-14;2;0.0
80;v20defplus_v3;Austria_Oberosterreich;0;1;2026-09-18;2026-09-18;1;0.0
81;v20defplus_v3;Belgium_JupilerProLeague;0;1;2026-09-20;2026-09-20;1;0.0
82;v20defplus_v3;Finland_Kakkonen_GroupA;0;1;2026-09-04;2026-09-04;1;0.0
83;v20defplus_v3;Germany_Oberliga_BadenWurttemberg;0;1;2026-09-12;2026-09-12;1;0.0
84;v20defplus_v3;Germany_Regionalliga_Nordost;0;1;2026-08-26;2026-08-26;1;0.0
85;v20defplus_v3;Iceland_1DeildWomen;0;1;2026-08-27;2026-08-27;1;0.0
86;v20defplus_v3;Poland_Ekstraklasa;0;1;2026-09-06;2026-09-06;1;0.0
87;v20defplus_v3;Russia_PremierLeague;0;1;2026-09-06;2026-09-06;1;0.0
88;v20defplus_v3;Scotland_Premiership;0;1;2026-09-15;2026-09-15;1;0.0
1;v20defselect;Estonia_EsiliigaB;5;0;2026-08-21;2026-09-19;5;100.0
2;v20defselect;Norway_2ndDivision_Group2;5;0;2026-08-29;2026-09-27;5;100.0
3;v20defselect;Finland_Kolmonen_Southern_Group2;5;1;2026-08-28;2026-09-25;6;83.33
4;v20defselect;Germany_Oberliga_SchleswigHolstein;4;0;2026-09-12;2026-09-26;4;100.0
5;v20defselect;CzechRepublic_4Liga_GroupB;4;1;2026-09-19;2026-09-26;5;80.0
6;v20defselect;Norway_3rdDivision_Group2;4;3;2026-08-31;2026-09-26;7;57.14
7;v20defselect;Norway_3rdDivision_Group3;3;0;2026-08-31;2026-09-26;3;100.0
8;v20defselect;Poland_IIILiga_Group1;3;2;2026-09-06;2026-09-25;5;60.0
9;v20defselect;Austria_Karnten;2;0;2026-09-04;2026-09-26;2;100.0
10;v20defselect;Finland_Kolmonen_Southern_Group1;2;0;2026-08-21;2026-08-30;2;100.0
11;v20defselect;Germany_Oberliga_RheinlandPfalzSaar;2;0;2026-09-09;2026-09-20;2;100.0
12;v20defselect;Norway_3rdDivision_Group6;2;0;2026-08-31;2026-09-21;2;100.0
13;v20defselect;Norway_Eliteserien;2;0;2026-08-30;2026-09-19;2;100.0
14;v20defselect;Sweden_Division2_Norrland;2;0;2026-08-22;2026-09-26;2;100.0
15;v20defselect;Sweden_Division2_SodraGotaland;2;0;2026-08-22;2026-09-27;2;100.0
16;v20defselect;Switzerland_SuperLeague;2;0;2026-09-06;2026-09-20;2;100.0
17;v20defselect;CzechRepublic_4Liga_GroupE;2;1;2026-09-12;2026-09-26;3;66.67
18;v20defselect;Germany_Oberliga_Bremen;2;1;2026-09-12;2026-09-26;3;66.67
19;v20defselect;Switzerland_PromotionLeague;2;1;2026-09-05;2026-09-19;3;66.67
20;v20defselect;Austria_Regionalliga_South;1;0;2026-09-19;2026-09-19;1;100.0
21;v20defselect;Austria_Salzburg;1;0;2026-09-13;2026-09-13;1;100.0
22;v20defselect;CzechRepublic_4Liga_GroupC;1;0;2026-09-23;2026-09-23;1;100.0
23;v20defselect;CzechRepublic_4Liga_GroupF;1;0;2026-09-20;2026-09-20;1;100.0
24;v20defselect;Denmark_3rdDivision;1;0;2026-09-18;2026-09-18;1;100.0
25;v20defselect;Finland_Kakkonen_GroupC;1;0;2026-08-22;2026-08-22;1;100.0
26;v20defselect;Finland_Kolmonen_Eastern_Group1;1;0;2026-09-12;2026-09-12;1;100.0
27;v20defselect;Finland_Kolmonen_Eastern_Group2;1;0;2026-08-22;2026-08-22;1;100.0
28;v20defselect;Finland_Kolmonen_Eastern_Group3;1;0;2026-08-20;2026-08-20;1;100.0
29;v20defselect;Germany_Oberliga_Bayern_Sud;1;0;2026-09-19;2026-09-19;1;100.0
30;v20defselect;Germany_Oberliga_Hamburg;1;0;2026-09-13;2026-09-13;1;100.0
31;v20defselect;Germany_Oberliga_Niederrhein;1;0;2026-09-27;2026-09-27;1;100.0
32;v20defselect;Germany_Regionalliga_Nord;1;0;2026-09-15;2026-09-15;1;100.0
33;v20defselect;Germany_Regionalliga_West;1;0;2026-09-11;2026-09-11;1;100.0
34;v20defselect;Iceland_BestaDeildKvenna;1;0;2026-09-05;2026-09-05;1;100.0
35;v20defselect;Kyrgyzstan_PremierLiga;1;0;2026-09-18;2026-09-18;1;100.0
36;v20defselect;Lithuania_ILyga;1;0;2026-09-05;2026-09-05;1;100.0
37;v20defselect;Moldova_SuperLiga;1;0;2026-08-30;2026-08-30;1;100.0
38;v20defselect;Netherlands_Eredivisie;1;0;2026-09-15;2026-09-15;1;100.0
39;v20defselect;Norway_3rdDivision_Group1;1;0;2026-09-01;2026-09-01;1;100.0
40;v20defselect;Norway_3rdDivision_Group4;1;0;2026-09-06;2026-09-06;1;100.0
41;v20defselect;Norway_OBOSLigaen;1;0;2026-08-30;2026-08-30;1;100.0
42;v20defselect;Poland_IIILiga_Group3;1;0;2026-09-05;2026-09-05;1;100.0
43;v20defselect;Slovakia_2Liga;1;0;2026-09-26;2026-09-26;1;100.0
44;v20defselect;Sweden_Division1_Norra;1;0;2026-09-17;2026-09-17;1;100.0
45;v20defselect;USA_MLSNextPro_EasternConference_NortheastDivision;1;0;2026-08-24;2026-08-24;1;100.0
46;v20defselect;USA_USLLeagueOne;1;0;2026-09-03;2026-09-03;1;100.0
47;v20defselect;Wales_CymruPremier;1;0;2026-09-26;2026-09-26;1;100.0
48;v20defselect;Austria_Tirol;1;1;2026-09-18;2026-09-19;2;50.0
49;v20defselect;Finland_Kolmonen_North;1;1;2026-08-29;2026-09-09;2;50.0
50;v20defselect;Finland_Kolmonen_Western_Group2;1;1;2026-08-20;2026-08-27;2;50.0
51;v20defselect;Germany_Oberliga_Niedersachsen;1;1;2026-09-13;2026-09-26;2;50.0
52;v20defselect;Poland_IIILiga_Group2;1;1;2026-09-05;2026-09-19;2;50.0
53;v20defselect;FaroeIslands_1Deild;1;2;2026-08-22;2026-09-19;3;33.33
54;v20defselect;Austria_Oberosterreich;0;1;2026-09-18;2026-09-18;1;0.0
55;v20defselect;Austria_Regionalliga_North;0;1;2026-09-19;2026-09-19;1;0.0
56;v20defselect;Germany_Regionalliga_Nordost;0;1;2026-08-26;2026-08-26;1;0.0
57;v20defselect;Iceland_BestaDeildKarla;0;1;2026-08-31;2026-08-31;1;0.0
58;v20defselect;Iceland_Division_2;0;1;2026-08-23;2026-08-23;1;0.0
59;v20defselect;Moldova_Liga1_GroupA;0;1;2026-09-11;2026-09-11;1;0.0
60;v20defselect;Netherlands_EersteDivisie;0;1;2026-09-13;2026-09-13;1;0.0
61;v20defselect;NorthernIreland_NIFLChampionship;0;1;2026-09-18;2026-09-18;1;0.0
62;v20defselect;Norway_3rdDivision_Group5;0;1;2026-08-30;2026-08-30;1;0.0
63;v20defselect;Poland_Ekstraklasa;0;1;2026-09-06;2026-09-06;1;0.0
64;v20defselect;Sweden_Division2_SodraSvealand;0;1;2026-09-19;2026-09-19;1;0.0
1;v20plus;Finland_Kolmonen_Southern_Group2;17;1;2026-08-09;2026-09-25;18;94.44
2;v20plus;Austria_Karnten;13;3;2026-09-04;2026-09-26;16;81.25
3;v20plus;Finland_Kolmonen_Western_Group2;12;1;2026-08-13;2026-09-17;13;92.31
4;v20plus;Norway_3rdDivision_Group1;12;2;2026-08-08;2026-09-26;14;85.71
5;v20plus;Norway_OBOSLigaen;11;1;2026-08-09;2026-09-20;12;91.67
6;v20plus;Norway_3rdDivision_Group5;11;2;2026-08-08;2026-09-27;13;84.62
7;v20plus;Poland_IIILiga_Group2;11;4;2026-09-05;2026-09-26;15;73.33
8;v20plus;Estonia_EsiliigaB;11;5;2026-08-10;2026-09-19;16;68.75
9;v20plus;Finland_Kolmonen_Eastern_Group3;10;0;2026-08-13;2026-09-19;10;100.0
10;v20plus;Poland_IIILiga_Group1;10;4;2026-09-05;2026-09-25;14;71.43
11;v20plus;Norway_2ndDivision_Group2;8;0;2026-08-08;2026-09-27;8;100.0
12;v20plus;Norway_3rdDivision_Group3;8;0;2026-08-08;2026-09-26;8;100.0
13;v20plus;Germany_Oberliga_SchleswigHolstein;8;1;2026-08-30;2026-09-26;9;88.89
14;v20plus;Norway_3rdDivision_Group2;8;5;2026-08-08;2026-09-26;13;61.54
15;v20plus;Norway_3rdDivision_Group6;7;0;2026-08-15;2026-09-26;7;100.0
16;v20plus;Poland_IIILiga_Group3;7;1;2026-09-05;2026-09-19;8;87.5
17;v20plus;Norway_3rdDivision_Group4;7;2;2026-08-08;2026-09-26;9;77.78
18;v20plus;Austria_Regionalliga_South;7;3;2026-09-04;2026-09-26;10;70.0
19;v20plus;Switzerland_PromotionLeague;7;6;2026-09-05;2026-09-26;13;53.85
20;v20plus;Finland_Kakkonen_GroupC;6;0;2026-08-15;2026-09-06;6;100.0
21;v20plus;CzechRepublic_4Liga_GroupB;6;2;2026-09-12;2026-09-26;8;75.0
22;v20plus;Austria_Regionalliga_North;6;3;2026-09-04;2026-09-25;9;66.67
23;v20plus;Austria_Tirol;6;5;2026-09-04;2026-09-19;11;54.55
24;v20plus;Finland_Kolmonen_Southern_Group3;5;0;2026-08-14;2026-09-16;5;100.0
25;v20plus;Germany_Oberliga_RheinlandPfalzSaar;5;0;2026-09-09;2026-09-26;5;100.0
26;v20plus;Finland_Kolmonen_North;5;1;2026-08-29;2026-09-19;6;83.33
27;v20plus;Iceland_BestaDeildKarla;5;2;2026-08-09;2026-09-14;7;71.43
28;v20plus;Wales_CymruPremier;5;3;2026-09-04;2026-09-26;8;62.5
29;v20plus;Finland_Kolmonen_Eastern_Group1;4;0;2026-09-11;2026-09-19;4;100.0
30;v20plus;Finland_Kolmonen_Southern_Group1;4;0;2026-08-20;2026-09-24;4;100.0
31;v20plus;Sweden_Division2_SodraGotaland;4;0;2026-08-08;2026-09-27;4;100.0
32;v20plus;Austria_Salzburg;4;1;2026-09-06;2026-09-26;5;80.0
33;v20plus;Finland_Kolmonen_Eastern_Group2;4;1;2026-08-11;2026-09-18;5;80.0
34;v20plus;Netherlands_Eredivisie;4;1;2026-09-12;2026-09-20;5;80.0
35;v20plus;FaroeIslands_1Deild;4;2;2026-08-15;2026-09-19;6;66.67
36;v20plus;Estonia_Esiliiga;3;0;2026-08-10;2026-09-14;3;100.0
37;v20plus;Latvia_NakotnesLiga;3;0;2026-08-08;2026-09-19;3;100.0
38;v20plus;Switzerland_SuperLeague;3;1;2026-09-06;2026-09-20;4;75.0
39;v20plus;Iceland_Division_2;3;2;2026-08-08;2026-08-28;5;60.0
40;v20plus;CzechRepublic_4Liga_GroupF;2;0;2026-09-20;2026-09-26;2;100.0
41;v20plus;Estonia_Meistriliiga;2;0;2026-08-09;2026-09-12;2;100.0
42;v20plus;Finland_Kakkonen_GroupB;2;0;2026-08-08;2026-08-15;2;100.0
43;v20plus;Finland_Ykkonen;2;0;2026-08-11;2026-08-29;2;100.0
44;v20plus;Moldova_SuperLiga;2;0;2026-08-30;2026-09-20;2;100.0
45;v20plus;Norway_2ndDivision_Group1;2;0;2026-08-08;2026-09-05;2;100.0
46;v20plus;Norway_Eliteserien;2;0;2026-08-30;2026-09-19;2;100.0
47;v20plus;Slovakia_NikeLiga;2;0;2026-09-06;2026-09-19;2;100.0
48;v20plus;Somalia_NationalLeague;2;0;2026-08-08;2026-08-09;2;100.0
49;v20plus;Sweden_Division2_NorraSvealand;2;0;2026-08-16;2026-09-13;2;100.0
50;v20plus;Sweden_Division2_Norrland;2;0;2026-08-22;2026-09-26;2;100.0
51;v20plus;Sweden_Division2_VastraGotaland;2;0;2026-08-14;2026-09-19;2;100.0
52;v20plus;CzechRepublic_4Liga_GroupE;2;1;2026-09-12;2026-09-26;3;66.67
53;v20plus;Finland_Kolmonen_Western_Group3;2;1;2026-08-28;2026-09-18;3;66.67
54;v20plus;Germany_Oberliga_Bremen;2;1;2026-09-12;2026-09-26;3;66.67
55;v20plus;Germany_Oberliga_Hamburg;2;1;2026-09-13;2026-09-27;3;66.67
56;v20plus;Netherlands_EersteDivisie;2;1;2026-09-11;2026-09-13;3;66.67
57;v20plus;Sweden_Division1_Norra;2;1;2026-08-21;2026-09-25;3;66.67
58;v20plus;CzechRepublic_4Liga_GroupC;2;2;2026-09-12;2026-09-23;4;50.0
59;v20plus;CzechRepublic_3MSFL;2;4;2026-09-02;2026-09-20;6;33.33
60;v20plus;Armenia_FirstLeague;1;0;2026-09-21;2026-09-21;1;100.0
61;v20plus;Belarus_PershayaLiga;1;0;2026-08-30;2026-08-30;1;100.0
62;v20plus;Bhutan_PremierLeague;1;0;2026-09-13;2026-09-13;1;100.0
63;v20plus;Bolivia_DivisionProfesional;1;0;2026-09-18;2026-09-18;1;100.0
64;v20plus;Bosnia_PrvaLiga_FBiH;1;0;2026-09-20;2026-09-20;1;100.0
65;v20plus;CzechRepublic_3CFL_GroupA;1;0;2026-09-19;2026-09-19;1;100.0
66;v20plus;CzechRepublic_3CFL_GroupB;1;0;2026-09-20;2026-09-20;1;100.0
67;v20plus;Denmark_3rdDivision;1;0;2026-09-18;2026-09-18;1;100.0
68;v20plus;Finland_Kakkonen_GroupA;1;0;2026-08-30;2026-08-30;1;100.0
69;v20plus;Germany_3Liga;1;0;2026-09-15;2026-09-15;1;100.0
70;v20plus;Germany_Oberliga_Hessen;1;0;2026-09-09;2026-09-09;1;100.0
71;v20plus;Germany_Oberliga_Niederrhein;1;0;2026-09-27;2026-09-27;1;100.0
72;v20plus;Germany_Oberliga_Westfalen;1;0;2026-09-20;2026-09-20;1;100.0
73;v20plus;Germany_Regionalliga_West;1;0;2026-09-11;2026-09-11;1;100.0
74;v20plus;Iceland_1DeildWomen;1;0;2026-08-29;2026-08-29;1;100.0
75;v20plus;Iceland_BestaDeildKvenna;1;0;2026-09-05;2026-09-05;1;100.0
76;v20plus;Iceland_Division_1;1;0;2026-08-28;2026-08-28;1;100.0
77;v20plus;Kyrgyzstan_PremierLiga;1;0;2026-09-18;2026-09-18;1;100.0
78;v20plus;Latvia_Virsliga;1;0;2026-08-09;2026-08-09;1;100.0
79;v20plus;Lithuania_ILyga;1;0;2026-09-05;2026-09-05;1;100.0
80;v20plus;Mexico_LigaExpansionMX_Apertura;1;0;2026-09-13;2026-09-13;1;100.0
81;v20plus;Slovakia_2Liga;1;0;2026-09-26;2026-09-26;1;100.0
82;v20plus;SriLanka_SuperLeague;1;0;2026-08-22;2026-08-22;1;100.0
83;v20plus;Sweden_Division1_Sodra;1;0;2026-08-30;2026-08-30;1;100.0
84;v20plus;USA_MLSNextPro_EasternConference_NortheastDivision;1;0;2026-08-24;2026-08-24;1;100.0
85;v20plus;CzechRepublic_4Liga_GroupA;1;1;2026-09-26;2026-09-27;2;50.0
86;v20plus;Germany_Oberliga_Bayern_Sud;1;1;2026-09-19;2026-09-26;2;50.0
87;v20plus;Germany_Oberliga_Niedersachsen;1;1;2026-09-13;2026-09-26;2;50.0
88;v20plus;Germany_Regionalliga_Nord;1;1;2026-09-15;2026-09-19;2;50.0
89;v20plus;Germany_Regionalliga_Nordost;1;1;2026-08-26;2026-09-20;2;50.0
90;v20plus;USA_USLLeagueOne;1;1;2026-08-09;2026-09-03;2;50.0
91;v20plus;Moldova_Liga1_GroupA;1;2;2026-09-11;2026-09-18;3;33.33
92;v20plus;NorthernIreland_NIFLChampionship;1;2;2026-09-12;2026-09-18;3;33.33
93;v20plus;Sweden_Division2_SodraSvealand;1;3;2026-08-08;2026-09-19;4;25.0
94;v20plus;Austria_Oberosterreich;0;1;2026-09-18;2026-09-18;1;0.0
95;v20plus;Austria_Regionalliga_West;0;1;2026-09-18;2026-09-18;1;0.0
96;v20plus;Germany_Oberliga_BadenWurttemberg;0;1;2026-09-12;2026-09-12;1;0.0
97;v20plus;Germany_Oberliga_Bayern_Nord;0;1;2026-08-08;2026-08-08;1;0.0
98;v20plus;Kazakhstan_FirstLeague;0;1;2026-08-27;2026-08-27;1;0.0
99;v20plus;Poland_Ekstraklasa;0;1;2026-09-06;2026-09-06;1;0.0
100;v20plus;Scotland_Premiership;0;1;2026-09-15;2026-09-15;1;0.0
101;v20plus;Sweden_Allsvenskan;0;1;2026-08-31;2026-08-31;1;0.0
102;v20plus;USA_MLSNextPro_WesternConference_CentralDivision;0;1;2026-08-10;2026-08-10;1;0.0
103;v20plus;Ukraine_PremierLeague;0;1;2026-09-18;2026-09-18;1;0.0
1;v20select;Finland_Kolmonen_Southern_Group2;7;0;2026-08-09;2026-09-18;7;100.0
2;v20select;Estonia_EsiliigaB;7;2;2026-08-15;2026-09-19;9;77.78
3;v20select;Austria_Karnten;5;0;2026-09-04;2026-09-26;5;100.0
4;v20select;Norway_3rdDivision_Group4;5;0;2026-08-08;2026-09-26;5;100.0
5;v20select;Norway_OBOSLigaen;5;0;2026-08-16;2026-09-20;5;100.0
6;v20select;Norway_3rdDivision_Group5;5;2;2026-08-08;2026-09-27;7;71.43
7;v20select;Norway_3rdDivision_Group2;5;3;2026-08-31;2026-09-26;8;62.5
8;v20select;Germany_Oberliga_SchleswigHolstein;4;0;2026-08-30;2026-09-20;4;100.0
9;v20select;Norway_3rdDivision_Group3;4;0;2026-08-17;2026-09-26;4;100.0
10;v20select;Norway_3rdDivision_Group6;4;0;2026-08-17;2026-09-26;4;100.0
11;v20select;Finland_Kolmonen_Southern_Group1;3;0;2026-08-20;2026-08-30;3;100.0
12;v20select;Germany_Oberliga_RheinlandPfalzSaar;3;0;2026-09-09;2026-09-26;3;100.0
13;v20select;Norway_2ndDivision_Group2;3;0;2026-08-29;2026-09-26;3;100.0
14;v20select;Norway_3rdDivision_Group1;3;0;2026-09-01;2026-09-12;3;100.0
15;v20select;Poland_IIILiga_Group2;3;0;2026-09-05;2026-09-19;3;100.0
16;v20select;Sweden_Division2_SodraGotaland;3;0;2026-08-08;2026-09-27;3;100.0
17;v20select;Switzerland_SuperLeague;3;0;2026-09-06;2026-09-20;3;100.0
18;v20select;Poland_IIILiga_Group1;3;1;2026-09-06;2026-09-25;4;75.0
19;v20select;CzechRepublic_4Liga_GroupB;3;2;2026-09-19;2026-09-26;5;60.0
20;v20select;Austria_Regionalliga_South;2;0;2026-09-18;2026-09-19;2;100.0
21;v20select;Finland_Kolmonen_Eastern_Group1;2;0;2026-09-11;2026-09-12;2;100.0
22;v20select;Germany_Oberliga_Hamburg;2;0;2026-09-13;2026-09-13;2;100.0
23;v20select;Latvia_NakotnesLiga;2;0;2026-09-12;2026-09-19;2;100.0
24;v20select;Poland_IIILiga_Group3;2;0;2026-09-12;2026-09-19;2;100.0
25;v20select;Sweden_Division2_Norrland;2;0;2026-08-22;2026-09-26;2;100.0
26;v20select;Sweden_Division2_VastraGotaland;2;0;2026-08-14;2026-09-19;2;100.0
27;v20select;Wales_CymruPremier;2;0;2026-09-18;2026-09-26;2;100.0
28;v20select;Austria_Salzburg;2;1;2026-09-06;2026-09-18;3;66.67
29;v20select;Finland_Kolmonen_Western_Group2;2;1;2026-08-13;2026-08-27;3;66.67
30;v20select;Iceland_BestaDeildKarla;2;1;2026-08-31;2026-09-14;3;66.67
31;v20select;Iceland_Division_2;2;2;2026-08-14;2026-08-28;4;50.0
32;v20select;Armenia_FirstLeague;1;0;2026-09-21;2026-09-21;1;100.0
33;v20select;Austria_Tirol;1;0;2026-09-13;2026-09-13;1;100.0
34;v20select;Bolivia_DivisionProfesional;1;0;2026-09-18;2026-09-18;1;100.0
35;v20select;Bosnia_PrvaLiga_FBiH;1;0;2026-09-20;2026-09-20;1;100.0
36;v20select;CzechRepublic_3CFL_GroupA;1;0;2026-09-19;2026-09-19;1;100.0
37;v20select;Estonia_Esiliiga;1;0;2026-08-20;2026-08-20;1;100.0
38;v20select;Estonia_Meistriliiga;1;0;2026-09-12;2026-09-12;1;100.0
39;v20select;Finland_Kakkonen_GroupA;1;0;2026-08-30;2026-08-30;1;100.0
40;v20select;Finland_Kakkonen_GroupC;1;0;2026-08-22;2026-08-22;1;100.0
41;v20select;Finland_Kolmonen_Eastern_Group3;1;0;2026-09-18;2026-09-18;1;100.0
42;v20select;Germany_3Liga;1;0;2026-09-15;2026-09-15;1;100.0
43;v20select;Germany_Oberliga_Bremen;1;0;2026-09-12;2026-09-12;1;100.0
44;v20select;Germany_Oberliga_Niederrhein;1;0;2026-09-27;2026-09-27;1;100.0
45;v20select;Germany_Oberliga_Westfalen;1;0;2026-09-20;2026-09-20;1;100.0
46;v20select;Germany_Regionalliga_West;1;0;2026-09-11;2026-09-11;1;100.0
47;v20select;Iceland_1DeildWomen;1;0;2026-08-29;2026-08-29;1;100.0
48;v20select;Iceland_BestaDeildKvenna;1;0;2026-09-05;2026-09-05;1;100.0
49;v20select;Moldova_SuperLiga;1;0;2026-08-30;2026-08-30;1;100.0
50;v20select;Netherlands_Eredivisie;1;0;2026-09-13;2026-09-13;1;100.0
51;v20select;Norway_2ndDivision_Group1;1;0;2026-09-05;2026-09-05;1;100.0
52;v20select;Norway_Eliteserien;1;0;2026-09-19;2026-09-19;1;100.0
53;v20select;Slovakia_2Liga;1;0;2026-09-26;2026-09-26;1;100.0
54;v20select;Sweden_Division1_Sodra;1;0;2026-08-30;2026-08-30;1;100.0
55;v20select;USA_MLSNextPro_EasternConference_NortheastDivision;1;0;2026-08-24;2026-08-24;1;100.0
56;v20select;CzechRepublic_3MSFL;1;1;2026-09-05;2026-09-06;2;50.0
57;v20select;CzechRepublic_4Liga_GroupE;1;1;2026-09-12;2026-09-26;2;50.0
58;v20select;Finland_Kolmonen_North;1;1;2026-09-09;2026-09-12;2;50.0
59;v20select;Germany_Oberliga_Bayern_Sud;1;1;2026-09-19;2026-09-26;2;50.0
60;v20select;Germany_Oberliga_Niedersachsen;1;1;2026-09-13;2026-09-26;2;50.0
61;v20select;Germany_Regionalliga_Nordost;1;1;2026-08-26;2026-09-20;2;50.0
62;v20select;Netherlands_EersteDivisie;1;1;2026-09-11;2026-09-13;2;50.0
63;v20select;Sweden_Division1_Norra;1;1;2026-08-21;2026-09-25;2;50.0
64;v20select;Sweden_Division2_SodraSvealand;1;1;2026-08-08;2026-09-19;2;50.0
65;v20select;FaroeIslands_1Deild;1;2;2026-08-22;2026-09-19;3;33.33
66;v20select;NorthernIreland_NIFLChampionship;1;2;2026-09-12;2026-09-18;3;33.33
67;v20select;Switzerland_PromotionLeague;1;4;2026-09-05;2026-09-26;5;20.0
68;v20select;Austria_Regionalliga_North;0;2;2026-09-04;2026-09-19;2;0.0
69;v20select;CzechRepublic_4Liga_GroupC;0;2;2026-09-12;2026-09-19;2;0.0
70;v20select;Austria_Oberosterreich;0;1;2026-09-18;2026-09-18;1;0.0
71;v20select;Austria_Regionalliga_West;0;1;2026-09-18;2026-09-18;1;0.0
72;v20select;CzechRepublic_4Liga_GroupA;0;1;2026-09-26;2026-09-26;1;0.0
73;v20select;Germany_Oberliga_BadenWurttemberg;0;1;2026-09-12;2026-09-12;1;0.0
74;v20select;Germany_Regionalliga_Nord;0;1;2026-09-19;2026-09-19;1;0.0
75;v20select;Moldova_Liga1_GroupA;0;1;2026-09-11;2026-09-11;1;0.0
76;v20select;Poland_Ekstraklasa;0;1;2026-09-06;2026-09-06;1;0.0
77;v20select;Sweden_Allsvenskan;0;1;2026-08-31;2026-08-31;1;0.0
78;v20select;USA_MLSNextPro_WesternConference_CentralDivision;0;1;2026-08-10;2026-08-10;1;0.0
1;v21;Norway_3rdDivision_Group5;53;7;2026-06-28;2026-09-27;60;88.33
2;v21;Norway_3rdDivision_Group1;47;9;2026-06-28;2026-09-26;56;83.93
3;v21;Norway_3rdDivision_Group4;47;13;2026-06-28;2026-09-28;60;78.33
4;v21;Estonia_EsiliigaB;45;16;2026-07-05;2026-09-26;61;73.77
5;v21;Norway_3rdDivision_Group2;43;15;2026-07-25;2026-09-26;58;74.14
6;v21;Norway_3rdDivision_Group3;42;11;2026-06-28;2026-09-26;53;79.25
7;v21;Norway_OBOSLigaen;41;14;2026-07-03;2026-09-20;55;74.55
8;v21;Iceland_BestaDeildKarla;40;20;2026-06-28;2026-09-20;60;66.67
9;v21;Finland_Kolmonen_Western_Group2;38;7;2026-07-24;2026-09-25;45;84.44
10;v21;Norway_3rdDivision_Group6;37;9;2026-06-28;2026-09-28;46;80.43
11;v21;Estonia_Esiliiga;37;17;2026-06-30;2026-09-21;54;68.52
12;v21;Finland_Kakkonen_GroupC;35;11;2026-06-30;2026-09-06;46;76.09
13;v21;Finland_Kolmonen_Southern_Group2;34;10;2026-07-24;2026-09-25;44;77.27
14;v21;Belarus_PershayaLiga;34;12;2026-07-04;2026-09-27;46;73.91
15;v21;Iceland_Division_2;34;12;2026-07-01;2026-08-28;46;73.91
16;v21;Sweden_Division2_Norrland;34;12;2026-08-08;2026-09-27;46;73.91
17;v21;USA_MLS;32;10;2026-07-23;2026-09-28;42;76.19
18;v21;Finland_Kolmonen_Eastern_Group3;29;1;2026-07-26;2026-09-24;30;96.67
19;v21;FaroeIslands_1Deild;28;5;2026-07-03;2026-09-19;33;84.85
20;v21;Germany_Oberliga_SchleswigHolstein;27;4;2026-08-30;2026-09-27;31;87.1
21;v21;Norway_2ndDivision_Group2;26;12;2026-06-28;2026-09-27;38;68.42
22;v21;Finland_Kolmonen_Southern_Group3;25;7;2026-07-26;2026-09-25;32;78.12
23;v21;Germany_Oberliga_RheinlandPfalzSaar;23;11;2026-09-04;2026-09-26;34;67.65
24;v21;Latvia_NakotnesLiga;22;6;2026-07-25;2026-09-20;28;78.57
25;v21;Finland_Kolmonen_Southern_Group1;22;7;2026-07-26;2026-09-25;29;75.86
26;v21;Sweden_Division2_VastraGotaland;20;6;2026-08-01;2026-09-27;26;76.92
27;v21;Bolivia_DivisionProfesional;20;8;2026-07-08;2026-09-18;28;71.43
28;v21;Sweden_Division2_SodraGotaland;19;7;2026-06-28;2026-09-27;26;73.08
29;v21;Germany_Oberliga_Hessen;18;5;2026-08-30;2026-09-27;23;78.26
30;v21;Germany_Regionalliga_Nord;18;5;2026-08-30;2026-09-27;23;78.26
31;v21;Finland_Kakkonen_GroupA;18;7;2026-07-02;2026-09-04;25;72.0
32;v21;Poland_IIILiga_Group2;18;7;2026-09-04;2026-09-26;25;72.0
33;v21;Netherlands_EersteDivisie;18;8;2026-09-11;2026-09-27;26;69.23
34;v21;Sweden_Division2_SodraSvealand;18;9;2026-06-28;2026-09-27;27;66.67
35;v21;Iceland_Division_1;18;11;2026-06-29;2026-09-19;29;62.07
36;v21;Finland_Kolmonen_Eastern_Group2;17;2;2026-07-29;2026-09-19;19;89.47
37;v21;Austria_Salzburg;17;4;2026-09-04;2026-09-27;21;80.95
38;v21;Finland_Kolmonen_North;17;6;2026-07-29;2026-09-19;23;73.91
39;v21;Finland_Ykkonen;17;9;2026-06-28;2026-08-29;26;65.38
40;v21;Germany_Oberliga_Bayern_Sud;17;10;2026-07-25;2026-09-26;27;62.96
41;v21;Finland_Kolmonen_Western_Group3;16;2;2026-07-28;2026-09-19;18;88.89
42;v21;CzechRepublic_4Liga_GroupF;16;3;2026-09-12;2026-09-27;19;84.21
43;v21;Austria_Karnten;15;2;2026-09-04;2026-09-26;17;88.24
44;v21;USA_MLSNextPro_EasternConference_NortheastDivision;15;2;2026-07-12;2026-09-08;17;88.24
45;v21;Finland_Kakkonen_GroupB;15;6;2026-07-04;2026-09-02;21;71.43
46;v21;Germany_Regionalliga_Nordost;15;6;2026-07-30;2026-09-26;21;71.43
47;v21;Sweden_Division1_Sodra;15;9;2026-08-01;2026-09-27;24;62.5
48;v21;Switzerland_SuperLeague;14;2;2026-09-01;2026-09-20;16;87.5
49;v21;Estonia_Meistriliiga;14;3;2026-07-03;2026-09-20;17;82.35
50;v21;CzechRepublic_4Liga_GroupC;14;6;2026-09-12;2026-09-27;20;70.0
51;v21;Poland_IIILiga_Group1;14;7;2026-09-04;2026-09-26;21;66.67
52;v21;Germany_Oberliga_Hamburg;14;10;2026-07-30;2026-09-27;24;58.33
53;v21;Kazakhstan_FirstLeague;13;4;2026-07-09;2026-09-19;17;76.47
54;v21;Germany_Oberliga_Bremen;13;5;2026-09-12;2026-09-27;18;72.22
55;v21;CzechRepublic_4Liga_GroupB;13;7;2026-09-12;2026-09-26;20;65.0
56;v21;Germany_Regionalliga_West;13;7;2026-09-01;2026-09-27;20;65.0
57;v21;USA_MLSNextPro_EasternConference_SoutheastDivision;13;10;2026-07-05;2026-09-05;23;56.52
58;v21;Somalia_NationalLeague;12;1;2026-07-09;2026-08-12;13;92.31
59;v21;Germany_Oberliga_BadenWurttemberg;12;6;2026-09-09;2026-09-27;18;66.67
60;v21;Austria_Regionalliga_North;12;7;2026-09-04;2026-09-26;19;63.16
61;v21;Austria_Regionalliga_West;11;3;2026-09-04;2026-09-26;14;78.57
62;v21;Norway_Eliteserien;11;6;2026-07-12;2026-09-20;17;64.71
63;v21;Kyrgyzstan_PremierLiga;10;3;2026-07-03;2026-09-19;13;76.92
64;v21;Austria_Regionalliga_South;10;5;2026-09-04;2026-09-26;15;66.67
65;v21;Germany_Oberliga_Niedersachsen;10;5;2026-09-11;2026-09-27;15;66.67
66;v21;Germany_Oberliga_Bayern_Nord;10;6;2026-08-21;2026-09-26;16;62.5
67;v21;CzechRepublic_4Liga_GroupE;10;7;2026-09-12;2026-09-27;17;58.82
68;v21;Switzerland_PromotionLeague;10;9;2026-09-05;2026-09-26;19;52.63
69;v21;Netherlands_Eredivisie;9;5;2026-09-12;2026-09-20;14;64.29
70;v21;Sweden_Division1_Norra;9;5;2026-08-01;2026-09-26;14;64.29
71;v21;Austria_Tirol;9;11;2026-09-04;2026-09-26;20;45.0
72;v21;CzechRepublic_4Liga_GroupD;8;1;2026-09-12;2026-09-27;9;88.89
73;v21;Wales_CymruPremier;8;2;2026-09-04;2026-09-26;10;80.0
74;v21;Germany_Oberliga_Westfalen;8;3;2026-09-13;2026-09-27;11;72.73
75;v21;USA_MLSNextPro_WesternConference_PacificDivision;8;3;2026-07-06;2026-09-06;11;72.73
76;v21;Finland_Kolmonen_Eastern_Group1;8;4;2026-07-24;2026-09-19;12;66.67
77;v21;Sweden_Allsvenskan;8;4;2026-07-06;2026-09-19;12;66.67
78;v21;Germany_Regionalliga_Bayern;8;5;2026-09-04;2026-09-26;13;61.54
79;v21;Austria_Burgenland;7;2;2026-09-11;2026-09-25;9;77.78
80;v21;CzechRepublic_4Liga_GroupA;7;3;2026-09-11;2026-09-27;10;70.0
81;v21;Norway_2ndDivision_Group1;7;3;2026-06-28;2026-09-19;10;70.0
82;v21;Denmark_3rdDivision;7;4;2026-09-05;2026-09-26;11;63.64
83;v21;Germany_Regionalliga_Sudwest;7;4;2026-09-08;2026-09-26;11;63.64
84;v21;NorthernIreland_NIFLChampionship;7;9;2026-09-04;2026-09-26;16;43.75
85;v21;Latvia_Virsliga;6;1;2026-06-30;2026-09-11;7;85.71
86;v21;Finland_Kolmonen_Western_Group1;6;2;2026-08-01;2026-09-12;8;75.0
87;v21;Poland_IIILiga_Group3;6;2;2026-09-05;2026-09-19;8;75.0
88;v21;Sweden_Superettan;6;2;2026-07-21;2026-09-19;8;75.0
89;v21;CzechRepublic_3CFL_GroupA;6;3;2026-09-13;2026-09-26;9;66.67
90;v21;Sweden_Division2_NorraSvealand;6;3;2026-08-09;2026-09-26;9;66.67
91;v21;Austria_Oberosterreich;6;4;2026-09-04;2026-09-25;10;60.0
92;v21;Germany_3Liga;6;4;2026-09-15;2026-09-20;10;60.0
93;v21;Iceland_1DeildWomen;6;4;2026-08-21;2026-09-06;10;60.0
94;v21;USA_USLLeagueOne;6;6;2026-07-01;2026-09-26;12;50.0
95;v21;CzechRepublic_1Liga;5;0;2026-08-30;2026-09-20;5;100.0
96;v21;Germany_Oberliga_Niederrhein;5;0;2026-09-19;2026-09-27;5;100.0
97;v21;Peru_Liga1_Clausura;5;1;2026-09-04;2026-09-19;6;83.33
98;v21;Slovakia_2Liga;5;1;2026-07-30;2026-09-26;6;83.33
99;v21;Slovakia_NikeLiga;5;3;2026-09-05;2026-09-20;8;62.5
100;v21;USA_MLSNextPro_WesternConference_CentralDivision;5;3;2026-07-26;2026-08-23;8;62.5
101;v21;Mexico_LigaExpansionMX_Apertura;5;5;2026-08-30;2026-09-26;10;50.0
102;v21;Wales_CymruSouth;4;0;2026-09-11;2026-09-26;4;100.0
103;v21;Iceland_BestaDeildKvenna;4;1;2026-09-05;2026-09-27;5;80.0
104;v21;Russia_FNL;4;1;2026-08-24;2026-09-17;5;80.0
105;v21;Poland_IIILiga_Group4;4;2;2026-09-19;2026-09-27;6;66.67
106;v21;Moldova_Liga1_GroupA;4;3;2026-09-04;2026-09-19;7;57.14
107;v21;Poland_Division2;4;3;2026-09-04;2026-09-19;7;57.14
108;v21;Slovakia_3Liga_West;4;4;2026-09-11;2026-09-27;8;50.0
109;v21;Poland_Ekstraklasa;4;5;2026-07-30;2026-09-18;9;44.44
110;v21;Austria_2Liga;3;0;2026-09-12;2026-09-18;3;100.0
111;v21;Hungary_NBI;3;0;2026-09-05;2026-09-20;3;100.0
112;v21;Moldova_SuperLiga;3;0;2026-08-22;2026-09-20;3;100.0
113;v21;Netherlands_EredivisieWomen;3;0;2026-09-26;2026-09-27;3;100.0
114;v21;Serbia_SuperLiga;3;0;2026-07-26;2026-09-13;3;100.0
115;v21;Armenia_FirstLeague;3;1;2026-09-13;2026-09-22;4;75.0
116;v21;England_Championship;3;1;2026-09-15;2026-09-20;4;75.0
117;v21;Switzerland_ChallengeLeague;3;1;2026-07-30;2026-09-18;4;75.0
118;v21;Denmark_2ndDivision;3;2;2026-09-06;2026-09-26;5;60.0
119;v21;Paraguay_DivisionIntermedia;3;2;2026-09-11;2026-09-28;5;60.0
120;v21;Poland_Division1;3;2;2026-07-30;2026-09-14;5;60.0
121;v21;Austria_Niederosterreich;3;3;2026-09-11;2026-09-25;6;50.0
122;v21;Austria_Regionalliga_East;3;3;2026-09-04;2026-09-26;6;50.0
123;v21;Mexico_LigaMX_Apertura;3;4;2026-07-25;2026-09-13;7;42.86
124;v21;CzechRepublic_3MSFL;3;5;2026-09-02;2026-09-25;8;37.5
125;v21;Bhutan_PremierLeague;2;0;2026-09-19;2026-09-20;2;100.0
126;v21;Germany_Oberliga_NOFV_Sud;2;0;2026-09-25;2026-09-26;2;100.0
127;v21;SouthKorea_KLeague2;2;0;2026-07-25;2026-08-16;2;100.0
128;v21;CzechRepublic_3CFL_GroupB;2;1;2026-09-13;2026-09-26;3;66.67
129;v21;Japan_J1League;2;1;2026-09-12;2026-09-19;3;66.67
130;v21;Portugal_LigaPortugal;2;1;2026-09-14;2026-09-20;3;66.67
131;v21;Hungary_NBII;2;2;2026-08-30;2026-09-20;4;50.0
132;v21;Wales_CymruNorth;2;3;2026-09-12;2026-09-26;5;40.0
133;v21;Germany_2Bundesliga;2;4;2026-09-18;2026-09-20;6;33.33
134;v21;Sweden_Division2_NorraGotaland;2;4;2026-07-01;2026-09-06;6;33.33
135;v21;Armenia_PremierLeague;1;0;2026-09-04;2026-09-04;1;100.0
136;v21;Austria_Vorarlberg;1;0;2026-09-26;2026-09-26;1;100.0
137;v21;Bulgaria_VtoraLiga;1;0;2026-09-21;2026-09-21;1;100.0
138;v21;England_IsthmianLeaguePremierDivision;1;0;2026-09-22;2026-09-22;1;100.0
139;v21;England_NPLPremierDivision;1;0;2026-09-22;2026-09-22;1;100.0
140;v21;England_SouthernLeaguePremierSouth;1;0;2026-09-22;2026-09-22;1;100.0
141;v21;Estonia_MeistriliigaWomen;1;0;2026-09-20;2026-09-20;1;100.0
142;v21;France_Ligue2;1;0;2026-09-19;2026-09-19;1;100.0
143;v21;Georgia_ErovnuliLiga;1;0;2026-09-21;2026-09-21;1;100.0
144;v21;Germany_Oberliga_NOFV_Nord;1;0;2026-09-27;2026-09-27;1;100.0
145;v21;Italy_SerieC_GironeA;1;0;2026-09-27;2026-09-27;1;100.0
146;v21;Lithuania_Toplyga;1;0;2026-06-30;2026-06-30;1;100.0
147;v21;NorthMacedonia_1MFL;1;0;2026-09-18;2026-09-18;1;100.0
148;v21;NorthernIreland_NIFLPremiership;1;0;2026-09-26;2026-09-26;1;100.0
149;v21;Slovenia_PrvaLiga;1;0;2026-09-20;2026-09-20;1;100.0
150;v21;Spain_LaLiga;1;0;2026-09-16;2026-09-16;1;100.0
151;v21;SriLanka_SuperLeague;1;0;2026-08-22;2026-08-22;1;100.0
152;v21;Ukraine_PershaLiga;1;0;2026-09-14;2026-09-14;1;100.0
153;v21;Bosnia_PrvaLiga_FBiH;1;1;2026-09-20;2026-09-26;2;50.0
154;v21;Lithuania_ILyga;1;1;2026-08-02;2026-09-05;2;50.0
155;v21;Russia_PremierLeague;1;1;2026-08-30;2026-09-06;2;50.0
156;v21;Romania_Liga2;1;2;2026-09-19;2026-09-19;3;33.33
157;v21;Slovenia_2SNL;1;2;2026-09-11;2026-09-27;3;33.33
158;v21;Belgium_JupilerProLeague;1;4;2026-09-12;2026-09-20;5;20.0
159;v21;England_LeagueOne;1;4;2026-09-19;2026-09-26;5;20.0
160;v21;CzechRepublic_ChNL;0;4;2026-07-30;2026-09-13;4;0.0
161;v21;Scotland_Premiership;0;3;2026-09-09;2026-09-19;3;0.0
162;v21;Bulgaria_ParvaLiga;0;2;2026-08-23;2026-09-16;2;0.0
163;v21;Denmark_Superliga;0;2;2026-09-11;2026-09-20;2;0.0
164;v21;Turkey_1Lig;0;2;2026-09-13;2026-09-20;2;0.0
165;v21;Bosnia_PrvaLiga_RS;0;1;2026-09-23;2026-09-23;1;0.0
166;v21;Denmark_1stDivision;0;1;2026-09-11;2026-09-11;1;0.0
167;v21;England_SouthernLeaguePremierCentral;0;1;2026-09-22;2026-09-22;1;0.0
168;v21;Serbia_PrvaLiga;0;1;2026-09-05;2026-09-05;1;0.0
169;v21;USA_USLChampionship;0;1;2026-07-26;2026-07-26;1;0.0
170;v21;Ukraine_PremierLeague;0;1;2026-09-18;2026-09-18;1;0.0
1;v21dev;Norway_3rdDivision_Group5;53;7;2026-08-01;2026-09-27;60;88.33
2;v21dev;Norway_3rdDivision_Group1;47;9;2026-08-01;2026-09-26;56;83.93
3;v21dev;Norway_3rdDivision_Group4;47;13;2026-08-01;2026-09-28;60;78.33
4;v21dev;Estonia_EsiliigaB;45;16;2026-08-01;2026-09-26;61;73.77
5;v21dev;Norway_3rdDivision_Group2;43;15;2026-08-01;2026-09-26;58;74.14
6;v21dev;Norway_3rdDivision_Group3;42;10;2026-08-01;2026-09-26;52;80.77
7;v21dev;Norway_OBOSLigaen;41;14;2026-08-03;2026-09-20;55;74.55
8;v21dev;Iceland_BestaDeildKarla;41;19;2026-08-01;2026-09-20;60;68.33
9;v21dev;Finland_Kolmonen_Western_Group2;38;7;2026-08-05;2026-09-25;45;84.44
10;v21dev;Norway_3rdDivision_Group6;37;9;2026-08-01;2026-09-28;46;80.43
11;v21dev;Estonia_Esiliiga;36;17;2026-08-01;2026-09-21;53;67.92
12;v21dev;Finland_Kolmonen_Southern_Group2;34;10;2026-08-01;2026-09-25;44;77.27
13;v21dev;Finland_Kakkonen_GroupC;34;11;2026-08-01;2026-09-06;45;75.56
14;v21dev;Belarus_PershayaLiga;34;12;2026-08-01;2026-09-27;46;73.91
15;v21dev;Sweden_Division2_Norrland;34;12;2026-08-08;2026-09-27;46;73.91
16;v21dev;Iceland_Division_2;33;12;2026-08-08;2026-08-28;45;73.33
17;v21dev;USA_MLS;32;10;2026-08-01;2026-09-28;42;76.19
18;v21dev;Finland_Kolmonen_Eastern_Group3;29;1;2026-08-06;2026-09-24;30;96.67
19;v21dev;FaroeIslands_1Deild;28;5;2026-08-01;2026-09-19;33;84.85
20;v21dev;Germany_Oberliga_SchleswigHolstein;27;4;2026-08-30;2026-09-27;31;87.1
21;v21dev;Norway_2ndDivision_Group2;27;11;2026-08-01;2026-09-27;38;71.05
22;v21dev;Finland_Kolmonen_Southern_Group3;25;7;2026-08-01;2026-09-25;32;78.12
23;v21dev;Germany_Oberliga_RheinlandPfalzSaar;23;11;2026-09-04;2026-09-26;34;67.65
24;v21dev;Latvia_NakotnesLiga;22;6;2026-08-01;2026-09-20;28;78.57
25;v21dev;Finland_Kolmonen_Southern_Group1;22;7;2026-08-06;2026-09-25;29;75.86
26;v21dev;Sweden_Division2_VastraGotaland;20;6;2026-08-01;2026-09-27;26;76.92
27;v21dev;Bolivia_DivisionProfesional;20;8;2026-08-01;2026-09-18;28;71.43
28;v21dev;Sweden_Division2_SodraGotaland;19;7;2026-08-01;2026-09-27;26;73.08
29;v21dev;Sweden_Division2_SodraSvealand;19;9;2026-08-01;2026-09-27;28;67.86
30;v21dev;Germany_Oberliga_Hessen;18;5;2026-08-30;2026-09-27;23;78.26
31;v21dev;Germany_Regionalliga_Nord;18;5;2026-08-30;2026-09-27;23;78.26
32;v21dev;Finland_Kakkonen_GroupA;18;7;2026-08-01;2026-09-04;25;72.0
33;v21dev;Poland_IIILiga_Group2;18;7;2026-09-04;2026-09-26;25;72.0
34;v21dev;Netherlands_EersteDivisie;18;8;2026-09-11;2026-09-27;26;69.23
35;v21dev;Finland_Kolmonen_Eastern_Group2;17;2;2026-08-05;2026-09-19;19;89.47
36;v21dev;Austria_Salzburg;17;4;2026-09-04;2026-09-27;21;80.95
37;v21dev;Finland_Kolmonen_North;17;6;2026-08-08;2026-09-19;23;73.91
38;v21dev;Finland_Ykkonen;17;9;2026-08-01;2026-08-29;26;65.38
39;v21dev;Germany_Oberliga_Bayern_Sud;17;10;2026-08-18;2026-09-26;27;62.96
40;v21dev;Iceland_Division_1;17;11;2026-08-03;2026-09-19;28;60.71
41;v21dev;Finland_Kolmonen_Western_Group3;16;2;2026-08-13;2026-09-19;18;88.89
42;v21dev;CzechRepublic_4Liga_GroupF;16;3;2026-09-12;2026-09-27;19;84.21
43;v21dev;Austria_Karnten;15;2;2026-09-04;2026-09-26;17;88.24
44;v21dev;USA_MLSNextPro_EasternConference_NortheastDivision;15;2;2026-08-02;2026-09-08;17;88.24
45;v21dev;Finland_Kakkonen_GroupB;15;6;2026-08-01;2026-09-02;21;71.43
46;v21dev;Germany_Regionalliga_Nordost;15;6;2026-08-25;2026-09-26;21;71.43
47;v21dev;Sweden_Division1_Sodra;15;9;2026-08-01;2026-09-27;24;62.5
48;v21dev;Switzerland_SuperLeague;14;2;2026-09-01;2026-09-20;16;87.5
49;v21dev;Estonia_Meistriliiga;14;3;2026-08-02;2026-09-20;17;82.35
50;v21dev;CzechRepublic_4Liga_GroupC;14;6;2026-09-12;2026-09-27;20;70.0
51;v21dev;Poland_IIILiga_Group1;14;7;2026-09-04;2026-09-26;21;66.67
52;v21dev;Germany_Oberliga_Hamburg;14;10;2026-09-04;2026-09-27;24;58.33
53;v21dev;Kazakhstan_FirstLeague;13;4;2026-08-06;2026-09-19;17;76.47
54;v21dev;Germany_Oberliga_Bremen;13;5;2026-09-12;2026-09-27;18;72.22
55;v21dev;CzechRepublic_4Liga_GroupB;13;7;2026-09-12;2026-09-26;20;65.0
56;v21dev;Germany_Regionalliga_West;13;7;2026-09-01;2026-09-27;20;65.0
57;v21dev;USA_MLSNextPro_EasternConference_SoutheastDivision;13;10;2026-08-01;2026-09-05;23;56.52
58;v21dev;Somalia_NationalLeague;12;1;2026-08-07;2026-08-12;13;92.31
59;v21dev;Germany_Oberliga_BadenWurttemberg;12;6;2026-09-09;2026-09-27;18;66.67
60;v21dev;Austria_Regionalliga_North;12;7;2026-09-04;2026-09-26;19;63.16
61;v21dev;Austria_Regionalliga_West;11;3;2026-09-04;2026-09-26;14;78.57
62;v21dev;Norway_Eliteserien;11;6;2026-08-01;2026-09-20;17;64.71
63;v21dev;Kyrgyzstan_PremierLiga;10;3;2026-08-02;2026-09-19;13;76.92
64;v21dev;Austria_Regionalliga_South;10;5;2026-09-04;2026-09-26;15;66.67
65;v21dev;Germany_Oberliga_Niedersachsen;10;5;2026-09-11;2026-09-27;15;66.67
66;v21dev;Germany_Oberliga_Bayern_Nord;10;6;2026-08-21;2026-09-26;16;62.5
67;v21dev;CzechRepublic_4Liga_GroupE;10;7;2026-09-12;2026-09-27;17;58.82
68;v21dev;Switzerland_PromotionLeague;10;9;2026-09-05;2026-09-26;19;52.63
69;v21dev;Netherlands_Eredivisie;9;5;2026-09-12;2026-09-20;14;64.29
70;v21dev;Sweden_Division1_Norra;9;5;2026-08-01;2026-09-26;14;64.29
71;v21dev;Austria_Tirol;9;11;2026-09-04;2026-09-26;20;45.0
72;v21dev;CzechRepublic_4Liga_GroupD;8;1;2026-09-12;2026-09-27;9;88.89
73;v21dev;Wales_CymruPremier;8;2;2026-09-04;2026-09-26;10;80.0
74;v21dev;Germany_Oberliga_Westfalen;8;3;2026-09-13;2026-09-27;11;72.73
75;v21dev;USA_MLSNextPro_WesternConference_PacificDivision;8;3;2026-08-21;2026-09-06;11;72.73
76;v21dev;Finland_Kolmonen_Eastern_Group1;8;4;2026-08-07;2026-09-19;12;66.67
77;v21dev;Sweden_Allsvenskan;8;4;2026-08-03;2026-09-19;12;66.67
78;v21dev;Germany_Regionalliga_Bayern;8;5;2026-09-04;2026-09-26;13;61.54
79;v21dev;Austria_Burgenland;7;2;2026-09-11;2026-09-25;9;77.78
80;v21dev;Sweden_Superettan;7;2;2026-08-01;2026-09-19;9;77.78
81;v21dev;CzechRepublic_4Liga_GroupA;7;3;2026-09-11;2026-09-27;10;70.0
82;v21dev;Norway_2ndDivision_Group1;7;3;2026-08-08;2026-09-19;10;70.0
83;v21dev;Denmark_3rdDivision;7;4;2026-09-05;2026-09-26;11;63.64
84;v21dev;Germany_Regionalliga_Sudwest;7;4;2026-09-08;2026-09-26;11;63.64
85;v21dev;NorthernIreland_NIFLChampionship;7;9;2026-09-04;2026-09-26;16;43.75
86;v21dev;Finland_Kolmonen_Western_Group1;6;2;2026-08-01;2026-09-12;8;75.0
87;v21dev;Poland_IIILiga_Group3;6;2;2026-09-05;2026-09-19;8;75.0
88;v21dev;CzechRepublic_3CFL_GroupA;6;3;2026-09-13;2026-09-26;9;66.67
89;v21dev;Sweden_Division2_NorraSvealand;6;3;2026-08-09;2026-09-26;9;66.67
90;v21dev;Austria_Oberosterreich;6;4;2026-09-04;2026-09-25;10;60.0
91;v21dev;Germany_3Liga;6;4;2026-09-15;2026-09-20;10;60.0
92;v21dev;Iceland_1DeildWomen;6;4;2026-08-21;2026-09-06;10;60.0
93;v21dev;CzechRepublic_1Liga;5;0;2026-08-30;2026-09-20;5;100.0
94;v21dev;Germany_Oberliga_Niederrhein;5;0;2026-09-19;2026-09-27;5;100.0
95;v21dev;Latvia_Virsliga;5;1;2026-08-02;2026-09-11;6;83.33
96;v21dev;Peru_Liga1_Clausura;5;1;2026-09-04;2026-09-19;6;83.33
97;v21dev;Slovakia_2Liga;5;1;2026-08-30;2026-09-26;6;83.33
98;v21dev;Slovakia_NikeLiga;5;3;2026-09-05;2026-09-20;8;62.5
99;v21dev;USA_MLSNextPro_WesternConference_CentralDivision;5;3;2026-08-01;2026-08-23;8;62.5
100;v21dev;Mexico_LigaExpansionMX_Apertura;5;5;2026-08-30;2026-09-26;10;50.0
101;v21dev;USA_USLLeagueOne;5;6;2026-08-02;2026-09-26;11;45.45
102;v21dev;Wales_CymruSouth;4;0;2026-09-11;2026-09-26;4;100.0
103;v21dev;Iceland_BestaDeildKvenna;4;1;2026-09-05;2026-09-27;5;80.0
104;v21dev;Russia_FNL;4;1;2026-08-24;2026-09-17;5;80.0
105;v21dev;Poland_IIILiga_Group4;4;2;2026-09-19;2026-09-27;6;66.67
106;v21dev;Moldova_Liga1_GroupA;4;3;2026-09-04;2026-09-19;7;57.14
107;v21dev;Poland_Division2;4;3;2026-09-04;2026-09-19;7;57.14
108;v21dev;Slovakia_3Liga_West;4;4;2026-09-11;2026-09-27;8;50.0
109;v21dev;Poland_Ekstraklasa;4;5;2026-09-04;2026-09-18;9;44.44
110;v21dev;Austria_2Liga;3;0;2026-09-12;2026-09-18;3;100.0
111;v21dev;Hungary_NBI;3;0;2026-09-05;2026-09-20;3;100.0
112;v21dev;Moldova_SuperLiga;3;0;2026-08-22;2026-09-20;3;100.0
113;v21dev;Netherlands_EredivisieWomen;3;0;2026-09-26;2026-09-27;3;100.0
114;v21dev;Serbia_SuperLiga;3;0;2026-09-06;2026-09-13;3;100.0
115;v21dev;Armenia_FirstLeague;3;1;2026-09-13;2026-09-22;4;75.0
116;v21dev;England_Championship;3;1;2026-09-15;2026-09-20;4;75.0
117;v21dev;Switzerland_ChallengeLeague;3;1;2026-09-18;2026-09-18;4;75.0
118;v21dev;Denmark_2ndDivision;3;2;2026-09-06;2026-09-26;5;60.0
119;v21dev;Paraguay_DivisionIntermedia;3;2;2026-09-11;2026-09-28;5;60.0
120;v21dev;Poland_Division1;3;2;2026-08-30;2026-09-14;5;60.0
121;v21dev;Austria_Niederosterreich;3;3;2026-09-11;2026-09-25;6;50.0
122;v21dev;Austria_Regionalliga_East;3;3;2026-09-04;2026-09-26;6;50.0
123;v21dev;Mexico_LigaMX_Apertura;3;4;2026-08-31;2026-09-13;7;42.86
124;v21dev;CzechRepublic_3MSFL;3;5;2026-09-02;2026-09-25;8;37.5
125;v21dev;Bhutan_PremierLeague;2;0;2026-09-19;2026-09-20;2;100.0
126;v21dev;Germany_Oberliga_NOFV_Sud;2;0;2026-09-25;2026-09-26;2;100.0
127;v21dev;SouthKorea_KLeague2;2;0;2026-08-16;2026-08-16;2;100.0
128;v21dev;CzechRepublic_3CFL_GroupB;2;1;2026-09-13;2026-09-26;3;66.67
129;v21dev;Japan_J1League;2;1;2026-09-12;2026-09-19;3;66.67
130;v21dev;Portugal_LigaPortugal;2;1;2026-09-14;2026-09-20;3;66.67
131;v21dev;Hungary_NBII;2;2;2026-08-30;2026-09-20;4;50.0
132;v21dev;Sweden_Division2_NorraGotaland;2;3;2026-08-21;2026-09-06;5;40.0
133;v21dev;Wales_CymruNorth;2;3;2026-09-12;2026-09-26;5;40.0
134;v21dev;Germany_2Bundesliga;2;4;2026-09-18;2026-09-20;6;33.33
135;v21dev;Armenia_PremierLeague;1;0;2026-09-04;2026-09-04;1;100.0
136;v21dev;Austria_Vorarlberg;1;0;2026-09-26;2026-09-26;1;100.0
137;v21dev;Bulgaria_VtoraLiga;1;0;2026-09-21;2026-09-21;1;100.0
138;v21dev;England_IsthmianLeaguePremierDivision;1;0;2026-09-22;2026-09-22;1;100.0
139;v21dev;England_NPLPremierDivision;1;0;2026-09-22;2026-09-22;1;100.0
140;v21dev;England_SouthernLeaguePremierSouth;1;0;2026-09-22;2026-09-22;1;100.0
141;v21dev;Estonia_MeistriliigaWomen;1;0;2026-09-20;2026-09-20;1;100.0
142;v21dev;France_Ligue2;1;0;2026-09-19;2026-09-19;1;100.0
143;v21dev;Georgia_ErovnuliLiga;1;0;2026-09-21;2026-09-21;1;100.0
144;v21dev;Germany_Oberliga_NOFV_Nord;1;0;2026-09-27;2026-09-27;1;100.0
145;v21dev;Italy_SerieC_GironeA;1;0;2026-09-27;2026-09-27;1;100.0
146;v21dev;NorthMacedonia_1MFL;1;0;2026-09-18;2026-09-18;1;100.0
147;v21dev;NorthernIreland_NIFLPremiership;1;0;2026-09-26;2026-09-26;1;100.0
148;v21dev;Slovenia_PrvaLiga;1;0;2026-09-20;2026-09-20;1;100.0
149;v21dev;Spain_LaLiga;1;0;2026-09-16;2026-09-16;1;100.0
150;v21dev;SriLanka_SuperLeague;1;0;2026-08-22;2026-08-22;1;100.0
151;v21dev;Ukraine_PershaLiga;1;0;2026-09-14;2026-09-14;1;100.0
152;v21dev;Bosnia_PrvaLiga_FBiH;1;1;2026-09-20;2026-09-26;2;50.0
153;v21dev;Lithuania_ILyga;1;1;2026-08-02;2026-09-05;2;50.0
154;v21dev;Russia_PremierLeague;1;1;2026-08-30;2026-09-06;2;50.0
155;v21dev;Romania_Liga2;1;2;2026-09-19;2026-09-19;3;33.33
156;v21dev;Slovenia_2SNL;1;2;2026-09-11;2026-09-27;3;33.33
157;v21dev;Belgium_JupilerProLeague;1;4;2026-09-12;2026-09-20;5;20.0
158;v21dev;England_LeagueOne;1;4;2026-09-19;2026-09-26;5;20.0
159;v21dev;CzechRepublic_ChNL;0;4;2026-09-04;2026-09-13;4;0.0
160;v21dev;Scotland_Premiership;0;3;2026-09-09;2026-09-19;3;0.0
161;v21dev;Bulgaria_ParvaLiga;0;2;2026-08-23;2026-09-16;2;0.0
162;v21dev;Denmark_Superliga;0;2;2026-09-11;2026-09-20;2;0.0
163;v21dev;Turkey_1Lig;0;2;2026-09-13;2026-09-20;2;0.0
164;v21dev;Bosnia_PrvaLiga_RS;0;1;2026-09-23;2026-09-23;1;0.0
165;v21dev;Denmark_1stDivision;0;1;2026-09-11;2026-09-11;1;0.0
166;v21dev;England_SouthernLeaguePremierCentral;0;1;2026-09-22;2026-09-22;1;0.0
167;v21dev;Serbia_PrvaLiga;0;1;2026-09-05;2026-09-05;1;0.0
168;v21dev;USA_USLChampionship;0;1;;;1;0.0
169;v21dev;Ukraine_PremierLeague;0;1;2026-09-18;2026-09-18;1;0.0
1;v22;Norway_3rdDivision_Group5;52;7;2026-06-28;2026-09-27;59;88.14
2;v22;Norway_3rdDivision_Group1;46;9;2026-06-28;2026-09-26;55;83.64
3;v22;Norway_3rdDivision_Group4;44;13;2026-06-28;2026-09-28;57;77.19
4;v22;Estonia_EsiliigaB;44;15;2026-07-05;2026-09-26;59;74.58
5;v22;Norway_3rdDivision_Group2;42;14;2026-07-25;2026-09-26;56;75.0
6;v22;Norway_3rdDivision_Group3;36;7;2026-07-25;2026-09-26;43;83.72
7;v22;Norway_OBOSLigaen;36;11;2026-07-03;2026-09-20;47;76.6
8;v22;Iceland_BestaDeildKarla;36;13;2026-06-28;2026-09-20;49;73.47
9;v22;Finland_Kolmonen_Western_Group2;35;7;2026-07-24;2026-09-25;42;83.33
10;v22;Finland_Kakkonen_GroupC;34;10;2026-07-04;2026-09-06;44;77.27
11;v22;Finland_Kolmonen_Southern_Group2;34;10;2026-07-24;2026-09-25;44;77.27
12;v22;Estonia_Esiliiga;32;15;2026-07-03;2026-09-21;47;68.09
13;v22;Iceland_Division_2;31;11;2026-07-03;2026-08-28;42;73.81
14;v22;Sweden_Division2_Norrland;30;11;2026-08-08;2026-09-27;41;73.17
15;v22;Norway_3rdDivision_Group6;29;7;2026-06-28;2026-09-28;36;80.56
16;v22;FaroeIslands_1Deild;28;4;2026-07-03;2026-09-19;32;87.5
17;v22;Finland_Kolmonen_Eastern_Group3;25;1;2026-07-26;2026-09-24;26;96.15
18;v22;Germany_Oberliga_SchleswigHolstein;24;4;2026-08-30;2026-09-27;28;85.71
19;v22;Finland_Kolmonen_Southern_Group3;23;6;2026-07-26;2026-09-25;29;79.31
20;v22;USA_MLS;21;7;2026-07-23;2026-09-28;28;75.0
21;v22;Norway_2ndDivision_Group2;21;8;2026-06-28;2026-09-27;29;72.41
22;v22;Germany_Oberliga_RheinlandPfalzSaar;21;9;2026-09-04;2026-09-26;30;70.0
23;v22;Finland_Kolmonen_Southern_Group1;20;7;2026-07-26;2026-09-25;27;74.07
24;v22;Latvia_NakotnesLiga;19;3;2026-07-25;2026-09-19;22;86.36
25;v22;Belarus_PershayaLiga;19;5;2026-07-04;2026-09-26;24;79.17
26;v22;Finland_Kolmonen_North;17;5;2026-07-30;2026-09-19;22;77.27
27;v22;Bolivia_DivisionProfesional;17;6;2026-07-08;2026-09-18;23;73.91
28;v22;Austria_Salzburg;16;4;2026-09-04;2026-09-27;20;80.0
29;v22;Sweden_Division2_VastraGotaland;15;4;2026-08-01;2026-09-27;19;78.95
30;v22;Netherlands_EersteDivisie;15;8;2026-09-11;2026-09-27;23;65.22
31;v22;CzechRepublic_4Liga_GroupF;14;1;2026-09-12;2026-09-27;15;93.33
32;v22;Finland_Kolmonen_Eastern_Group2;14;2;2026-07-30;2026-09-19;16;87.5
33;v22;Finland_Kolmonen_Western_Group3;14;2;2026-07-29;2026-09-19;16;87.5
34;v22;Sweden_Division2_SodraGotaland;14;5;2026-06-28;2026-09-27;19;73.68
35;v22;Finland_Kakkonen_GroupA;14;6;2026-07-02;2026-09-04;20;70.0
36;v22;Finland_Ykkonen;14;7;2026-06-28;2026-08-29;21;66.67
37;v22;Iceland_Division_1;14;8;2026-07-03;2026-09-19;22;63.64
38;v22;Austria_Karnten;13;1;2026-09-04;2026-09-26;14;92.86
39;v22;USA_MLSNextPro_EasternConference_NortheastDivision;13;1;2026-07-12;2026-09-08;14;92.86
40;v22;Germany_Regionalliga_Nordost;13;5;2026-07-31;2026-09-26;18;72.22
41;v22;CzechRepublic_4Liga_GroupB;13;7;2026-09-12;2026-09-26;20;65.0
42;v22;Germany_Oberliga_Hamburg;13;9;2026-09-04;2026-09-27;22;59.09
43;v22;Germany_Regionalliga_Nord;12;5;2026-08-30;2026-09-26;17;70.59
44;v22;Poland_IIILiga_Group1;12;5;2026-09-04;2026-09-26;17;70.59
45;v22;Poland_IIILiga_Group2;12;5;2026-09-05;2026-09-26;17;70.59
46;v22;CzechRepublic_4Liga_GroupC;12;6;2026-09-12;2026-09-27;18;66.67
47;v22;Germany_Oberliga_Bayern_Sud;12;7;2026-07-25;2026-09-26;19;63.16
48;v22;Germany_Oberliga_Hessen;11;2;2026-09-04;2026-09-26;13;84.62
49;v22;Switzerland_SuperLeague;11;2;2026-09-01;2026-09-20;13;84.62
50;v22;Austria_Regionalliga_North;11;6;2026-09-04;2026-09-26;17;64.71
51;v22;Germany_Oberliga_BadenWurttemberg;10;6;2026-09-09;2026-09-27;16;62.5
52;v22;Germany_Oberliga_Bremen;10;6;2026-09-12;2026-09-27;16;62.5
53;v22;Germany_Regionalliga_West;10;6;2026-09-01;2026-09-27;16;62.5
54;v22;CzechRepublic_4Liga_GroupE;10;7;2026-09-12;2026-09-27;17;58.82
55;v22;Austria_Regionalliga_South;9;2;2026-09-04;2026-09-26;11;81.82
56;v22;Estonia_Meistriliiga;9;3;2026-07-11;2026-09-20;12;75.0
57;v22;Germany_Oberliga_Niedersachsen;9;3;2026-09-11;2026-09-27;12;75.0
58;v22;Austria_Regionalliga_West;8;2;2026-09-05;2026-09-26;10;80.0
59;v22;Kyrgyzstan_PremierLiga;8;2;2026-07-03;2026-09-18;10;80.0
60;v22;Kazakhstan_FirstLeague;8;4;2026-07-16;2026-09-18;12;66.67
61;v22;USA_MLSNextPro_EasternConference_SoutheastDivision;8;6;2026-07-06;2026-08-31;14;57.14
62;v22;Sweden_Division2_SodraSvealand;8;7;2026-06-28;2026-09-20;15;53.33
63;v22;Austria_Tirol;8;8;2026-09-04;2026-09-26;16;50.0
64;v22;Switzerland_PromotionLeague;8;9;2026-09-05;2026-09-26;17;47.06
65;v22;Somalia_NationalLeague;7;0;2026-07-11;2026-08-11;7;100.0
66;v22;CzechRepublic_4Liga_GroupA;7;3;2026-09-11;2026-09-27;10;70.0
67;v22;Finland_Kolmonen_Eastern_Group1;7;3;2026-07-24;2026-09-19;10;70.0
68;v22;Finland_Kakkonen_GroupB;7;4;2026-07-05;2026-09-02;11;63.64
69;v22;Germany_Oberliga_Bayern_Nord;7;4;2026-08-22;2026-09-26;11;63.64
70;v22;Netherlands_Eredivisie;7;4;2026-09-12;2026-09-20;11;63.64
71;v22;Norway_Eliteserien;7;4;2026-07-12;2026-09-20;11;63.64
72;v22;Norway_2ndDivision_Group1;6;1;2026-06-28;2026-09-19;7;85.71
73;v22;Germany_Oberliga_Westfalen;6;2;2026-09-13;2026-09-27;8;75.0
74;v22;Denmark_3rdDivision;6;3;2026-09-05;2026-09-26;9;66.67
75;v22;Sweden_Division1_Norra;6;4;2026-08-01;2026-09-26;10;60.0
76;v22;NorthernIreland_NIFLChampionship;6;7;2026-09-04;2026-09-26;13;46.15
77;v22;Germany_Oberliga_Niederrhein;5;0;2026-09-19;2026-09-27;5;100.0
78;v22;Poland_IIILiga_Group3;5;2;2026-09-05;2026-09-19;7;71.43
79;v22;Slovakia_NikeLiga;5;2;2026-09-05;2026-09-20;7;71.43
80;v22;USA_MLSNextPro_WesternConference_PacificDivision;5;2;2026-07-06;2026-08-31;7;71.43
81;v22;Sweden_Allsvenskan;5;3;2026-07-06;2026-09-07;8;62.5
82;v22;Sweden_Division1_Sodra;5;4;2026-08-01;2026-09-16;9;55.56
83;v22;CzechRepublic_1Liga;4;0;2026-08-30;2026-09-20;4;100.0
84;v22;CzechRepublic_3CFL_GroupA;4;0;2026-09-19;2026-09-26;4;100.0
85;v22;Finland_Kolmonen_Western_Group1;4;1;2026-08-06;2026-09-12;5;80.0
86;v22;Peru_Liga1_Clausura;4;1;2026-09-06;2026-09-19;5;80.0
87;v22;Slovakia_2Liga;4;1;2026-07-31;2026-09-26;5;80.0
88;v22;Wales_CymruPremier;4;1;2026-09-04;2026-09-26;5;80.0
89;v22;Iceland_1DeildWomen;4;2;2026-08-21;2026-08-29;6;66.67
90;v22;Sweden_Division2_NorraSvealand;4;2;2026-08-16;2026-09-26;6;66.67
91;v22;Sweden_Superettan;4;2;2026-07-21;2026-09-13;6;66.67
92;v22;Germany_Regionalliga_Bayern;4;3;2026-09-04;2026-09-26;7;57.14
93;v22;Germany_Regionalliga_Sudwest;4;3;2026-09-08;2026-09-26;7;57.14
94;v22;Moldova_Liga1_GroupA;4;3;2026-09-04;2026-09-19;7;57.14
95;v22;Poland_Division2;4;3;2026-09-04;2026-09-19;7;57.14
96;v22;Austria_Oberosterreich;4;4;2026-09-04;2026-09-25;8;50.0
97;v22;Germany_3Liga;4;4;2026-09-15;2026-09-20;8;50.0
98;v22;Austria_2Liga;3;0;2026-09-12;2026-09-18;3;100.0
99;v22;Netherlands_EredivisieWomen;3;0;2026-09-26;2026-09-27;3;100.0
100;v22;Wales_CymruSouth;3;0;2026-09-11;2026-09-25;3;100.0
101;v22;CzechRepublic_4Liga_GroupD;3;1;2026-09-12;2026-09-27;4;75.0
102;v22;England_Championship;3;1;2026-09-15;2026-09-20;4;75.0
103;v22;Iceland_BestaDeildKvenna;3;1;2026-09-05;2026-09-27;4;75.0
104;v22;Latvia_Virsliga;3;1;2026-07-18;2026-09-05;4;75.0
105;v22;Poland_Division1;3;1;2026-07-31;2026-09-14;4;75.0
106;v22;Switzerland_ChallengeLeague;3;1;2026-07-31;2026-09-18;4;75.0
107;v22;Austria_Burgenland;3;2;2026-09-11;2026-09-25;5;60.0
108;v22;Denmark_2ndDivision;3;2;2026-09-06;2026-09-26;5;60.0
109;v22;Poland_IIILiga_Group4;3;2;2026-09-19;2026-09-27;5;60.0
110;v22;Mexico_LigaExpansionMX_Apertura;3;3;2026-08-30;2026-09-21;6;50.0
111;v22;Slovakia_3Liga_West;3;3;2026-09-12;2026-09-27;6;50.0
112;v22;Armenia_FirstLeague;2;1;2026-09-13;2026-09-22;3;66.67
113;v22;Japan_J1League;2;1;2026-09-12;2026-09-19;3;66.67
114;v22;Paraguay_DivisionIntermedia;2;1;2026-09-13;2026-09-28;3;66.67
115;v22;USA_USLLeagueOne;2;1;2026-08-02;2026-09-03;3;66.67
116;v22;Germany_2Bundesliga;2;2;2026-09-19;2026-09-20;4;50.0
117;v22;USA_MLSNextPro_WesternConference_CentralDivision;2;2;2026-08-09;2026-08-10;4;50.0
118;v22;Austria_Regionalliga_East;2;3;2026-09-04;2026-09-25;5;40.0
119;v22;CzechRepublic_3MSFL;2;3;2026-09-02;2026-09-25;5;40.0
120;v22;Mexico_LigaMX_Apertura;2;3;2026-07-25;2026-09-13;5;40.0
121;v22;Austria_Vorarlberg;1;0;2026-09-26;2026-09-26;1;100.0
122;v22;Bhutan_PremierLeague;1;0;2026-09-19;2026-09-19;1;100.0
123;v22;England_IsthmianLeaguePremierDivision;1;0;2026-09-22;2026-09-22;1;100.0
124;v22;England_NPLPremierDivision;1;0;2026-09-22;2026-09-22;1;100.0
125;v22;England_SouthernLeaguePremierSouth;1;0;2026-09-22;2026-09-22;1;100.0
126;v22;Estonia_MeistriliigaWomen;1;0;2026-09-20;2026-09-20;1;100.0
127;v22;France_Ligue2;1;0;2026-09-19;2026-09-19;1;100.0
128;v22;Georgia_ErovnuliLiga;1;0;2026-09-21;2026-09-21;1;100.0
129;v22;Germany_Oberliga_NOFV_Nord;1;0;2026-09-27;2026-09-27;1;100.0
130;v22;Germany_Oberliga_NOFV_Sud;1;0;2026-09-25;2026-09-25;1;100.0
131;v22;Hungary_NBI;1;0;2026-09-20;2026-09-20;1;100.0
132;v22;Italy_SerieC_GironeA;1;0;2026-09-27;2026-09-27;1;100.0
133;v22;Lithuania_ILyga;1;0;2026-09-05;2026-09-05;1;100.0
134;v22;Moldova_SuperLiga;1;0;2026-08-30;2026-08-30;1;100.0
135;v22;NorthMacedonia_1MFL;1;0;2026-09-18;2026-09-18;1;100.0
136;v22;Serbia_SuperLiga;1;0;2026-09-06;2026-09-06;1;100.0
137;v22;Slovenia_2SNL;1;0;2026-09-11;2026-09-11;1;100.0
138;v22;SouthKorea_KLeague2;1;0;2026-07-25;2026-07-25;1;100.0
139;v22;SriLanka_SuperLeague;1;0;2026-08-22;2026-08-22;1;100.0
140;v22;Bosnia_PrvaLiga_FBiH;1;1;2026-09-20;2026-09-26;2;50.0
141;v22;CzechRepublic_3CFL_GroupB;1;1;2026-09-20;2026-09-26;2;50.0
142;v22;Hungary_NBII;1;1;2026-09-05;2026-09-07;2;50.0
143;v22;Russia_FNL;1;1;2026-08-30;2026-09-05;2;50.0
144;v22;Russia_PremierLeague;1;1;2026-08-30;2026-09-06;2;50.0
145;v22;Wales_CymruNorth;1;1;2026-09-15;2026-09-25;2;50.0
146;v22;Austria_Niederosterreich;1;2;2026-09-11;2026-09-25;3;33.33
147;v22;Romania_Liga2;1;2;2026-09-19;2026-09-19;3;33.33
148;v22;Belgium_JupilerProLeague;1;3;2026-09-12;2026-09-20;4;25.0
149;v22;England_LeagueOne;1;3;2026-09-19;2026-09-26;4;25.0
150;v22;Poland_Ekstraklasa;1;4;2026-09-05;2026-09-12;5;20.0
151;v22;Scotland_Premiership;0;2;2026-09-09;2026-09-19;2;0.0
152;v22;Turkey_1Lig;0;2;2026-09-13;2026-09-20;2;0.0
153;v22;Bosnia_PrvaLiga_RS;0;1;2026-09-23;2026-09-23;1;0.0
154;v22;Bulgaria_ParvaLiga;0;1;2026-09-16;2026-09-16;1;0.0
155;v22;CzechRepublic_ChNL;0;1;2026-09-13;2026-09-13;1;0.0
156;v22;Denmark_1stDivision;0;1;2026-09-11;2026-09-11;1;0.0
157;v22;Denmark_Superliga;0;1;2026-09-11;2026-09-11;1;0.0
158;v22;England_SouthernLeaguePremierCentral;0;1;2026-09-22;2026-09-22;1;0.0
159;v22;Portugal_LigaPortugal;0;1;2026-09-20;2026-09-20;1;0.0
160;v22;Serbia_PrvaLiga;0;1;2026-09-05;2026-09-05;1;0.0
161;v22;Sweden_Division2_NorraGotaland;0;1;2026-07-31;2026-07-31;1;0.0
162;v22;USA_USLChampionship;0;1;2026-07-26;2026-07-26;1;0.0
1;v22def;Norway_3rdDivision_Group5;26;5;2026-08-16;2026-09-27;31;83.87
2;v22def;Norway_3rdDivision_Group1;22;6;2026-08-16;2026-09-26;28;78.57
3;v22def;Norway_3rdDivision_Group2;20;4;2026-08-17;2026-09-26;24;83.33
4;v22def;Finland_Kolmonen_Southern_Group2;17;3;2026-08-21;2026-09-25;20;85.0
5;v22def;Finland_Kolmonen_Western_Group2;17;4;2026-08-18;2026-09-25;21;80.95
6;v22def;Germany_Oberliga_SchleswigHolstein;17;4;2026-08-30;2026-09-27;21;80.95
7;v22def;Norway_OBOSLigaen;17;4;2026-08-16;2026-09-20;21;80.95
8;v22def;Sweden_Division2_Norrland;17;4;2026-08-16;2026-09-27;21;80.95
9;v22def;Estonia_EsiliigaB;17;5;2026-08-16;2026-09-21;22;77.27
10;v22def;Germany_Oberliga_RheinlandPfalzSaar;17;5;2026-09-04;2026-09-26;22;77.27
11;v22def;Norway_3rdDivision_Group3;16;2;2026-08-17;2026-09-26;18;88.89
12;v22def;Norway_3rdDivision_Group4;16;6;2026-08-16;2026-09-28;22;72.73
13;v22def;Austria_Salzburg;13;1;2026-09-04;2026-09-27;14;92.86
14;v22def;Finland_Kolmonen_Eastern_Group3;12;0;2026-08-20;2026-09-24;12;100.0
15;v22def;Norway_3rdDivision_Group6;11;2;2026-08-17;2026-09-28;13;84.62
16;v22def;Germany_Oberliga_Hamburg;11;6;2026-09-06;2026-09-27;17;64.71
17;v22def;FaroeIslands_1Deild;10;2;2026-08-22;2026-09-19;12;83.33
18;v22def;Finland_Kolmonen_Southern_Group1;10;3;2026-08-16;2026-09-25;13;76.92
19;v22def;Poland_IIILiga_Group1;10;3;2026-09-04;2026-09-26;13;76.92
20;v22def;Iceland_BestaDeildKarla;10;4;2026-08-16;2026-09-20;14;71.43
21;v22def;Netherlands_EersteDivisie;10;4;2026-09-11;2026-09-27;14;71.43
22;v22def;CzechRepublic_4Liga_GroupB;10;5;2026-09-12;2026-09-26;15;66.67
23;v22def;Switzerland_SuperLeague;9;2;2026-09-01;2026-09-20;11;81.82
24;v22def;Norway_2ndDivision_Group2;9;3;2026-08-16;2026-09-27;12;75.0
25;v22def;Germany_Regionalliga_Nord;9;4;2026-08-30;2026-09-26;13;69.23
26;v22def;Austria_Karnten;8;1;2026-09-04;2026-09-26;9;88.89
27;v22def;CzechRepublic_4Liga_GroupF;8;1;2026-09-12;2026-09-27;9;88.89
28;v22def;Finland_Kolmonen_Eastern_Group2;8;1;2026-08-19;2026-09-19;9;88.89
29;v22def;Finland_Kolmonen_Western_Group3;8;1;2026-08-26;2026-09-19;9;88.89
30;v22def;Finland_Kolmonen_North;8;2;2026-08-22;2026-09-19;10;80.0
31;v22def;Germany_Oberliga_Bremen;8;2;2026-09-12;2026-09-27;10;80.0
32;v22def;Germany_Oberliga_Hessen;8;2;2026-09-04;2026-09-26;10;80.0
33;v22def;CzechRepublic_4Liga_GroupC;8;3;2026-09-12;2026-09-27;11;72.73
34;v22def;Finland_Kakkonen_GroupC;7;0;2026-08-16;2026-09-06;7;100.0
35;v22def;Latvia_NakotnesLiga;7;0;2026-08-30;2026-09-19;7;100.0
36;v22def;Sweden_Division2_VastraGotaland;7;0;2026-08-28;2026-09-27;7;100.0
37;v22def;Austria_Regionalliga_South;7;1;2026-09-11;2026-09-26;8;87.5
38;v22def;Germany_Regionalliga_Nordost;7;1;2026-08-26;2026-09-20;8;87.5
39;v22def;Austria_Regionalliga_West;7;2;2026-09-05;2026-09-26;9;77.78
40;v22def;Belarus_PershayaLiga;7;2;2026-08-21;2026-09-26;9;77.78
41;v22def;Germany_Oberliga_Niedersachsen;7;2;2026-09-11;2026-09-27;9;77.78
42;v22def;Sweden_Division2_SodraGotaland;7;2;2026-08-22;2026-09-27;9;77.78
43;v22def;USA_MLS;7;2;2026-08-16;2026-09-21;9;77.78
44;v22def;Poland_IIILiga_Group2;7;3;2026-09-05;2026-09-26;10;70.0
45;v22def;Finland_Kolmonen_Southern_Group3;6;2;2026-08-16;2026-09-25;8;75.0
46;v22def;CzechRepublic_4Liga_GroupA;6;3;2026-09-11;2026-09-27;9;66.67
47;v22def;CzechRepublic_4Liga_GroupE;6;4;2026-09-12;2026-09-26;10;60.0
48;v22def;Netherlands_Eredivisie;6;4;2026-09-12;2026-09-20;10;60.0
49;v22def;Switzerland_PromotionLeague;6;4;2026-09-05;2026-09-26;10;60.0
50;v22def;Germany_Regionalliga_West;6;5;2026-09-01;2026-09-27;11;54.55
51;v22def;Iceland_Division_1;5;0;2026-08-17;2026-09-13;5;100.0
52;v22def;Finland_Kolmonen_Eastern_Group1;5;1;2026-08-28;2026-09-19;6;83.33
53;v22def;Germany_Oberliga_Westfalen;5;1;2026-09-13;2026-09-27;6;83.33
54;v22def;Austria_Regionalliga_North;5;2;2026-09-04;2026-09-25;7;71.43
55;v22def;Germany_Oberliga_Bayern_Sud;5;2;2026-08-28;2026-09-26;7;71.43
56;v22def;Iceland_Division_2;5;2;2026-08-19;2026-08-28;7;71.43
57;v22def;Norway_Eliteserien;5;2;2026-08-16;2026-09-19;7;71.43
58;v22def;Slovakia_NikeLiga;5;2;2026-09-05;2026-09-20;7;71.43
59;v22def;Austria_Tirol;5;4;2026-09-04;2026-09-19;9;55.56
60;v22def;Estonia_Esiliiga;5;5;2026-08-17;2026-09-18;10;50.0
61;v22def;Germany_Oberliga_Niederrhein;4;0;2026-09-19;2026-09-27;4;100.0
62;v22def;USA_MLSNextPro_EasternConference_NortheastDivision;4;0;2026-08-22;2026-09-05;4;100.0
63;v22def;Sweden_Division1_Norra;4;1;2026-08-21;2026-09-25;5;80.0
64;v22def;Sweden_Division1_Sodra;4;2;2026-08-16;2026-09-16;6;66.67
65;v22def;Germany_3Liga;4;3;2026-09-15;2026-09-20;7;57.14
66;v22def;Germany_Oberliga_BadenWurttemberg;4;3;2026-09-12;2026-09-27;7;57.14
67;v22def;Germany_Oberliga_Bayern_Nord;4;3;2026-08-22;2026-09-25;7;57.14
68;v22def;Germany_Regionalliga_Sudwest;4;3;2026-09-08;2026-09-26;7;57.14
69;v22def;Austria_2Liga;3;0;2026-09-12;2026-09-18;3;100.0
70;v22def;Finland_Ykkonen;3;0;2026-08-21;2026-08-29;3;100.0
71;v22def;Kazakhstan_FirstLeague;3;0;2026-09-03;2026-09-18;3;100.0
72;v22def;Wales_CymruSouth;3;0;2026-09-11;2026-09-25;3;100.0
73;v22def;Estonia_Meistriliiga;3;1;2026-09-05;2026-09-20;4;75.0
74;v22def;Iceland_1DeildWomen;3;1;2026-08-22;2026-08-29;4;75.0
75;v22def;Finland_Kakkonen_GroupA;3;2;2026-08-22;2026-09-04;5;60.0
76;v22def;Poland_IIILiga_Group3;3;2;2026-09-05;2026-09-19;5;60.0
77;v22def;Moldova_Liga1_GroupA;3;3;2026-09-04;2026-09-19;6;50.0
78;v22def;NorthernIreland_NIFLChampionship;3;4;2026-09-04;2026-09-19;7;42.86
79;v22def;Sweden_Division2_SodraSvealand;3;5;2026-08-16;2026-09-20;8;37.5
80;v22def;CzechRepublic_3CFL_GroupA;2;0;2026-09-19;2026-09-19;2;100.0
81;v22def;England_Championship;2;0;2026-09-15;2026-09-20;2;100.0
82;v22def;Kyrgyzstan_PremierLiga;2;0;2026-08-23;2026-09-18;2;100.0
83;v22def;Netherlands_EredivisieWomen;2;0;2026-09-26;2026-09-26;2;100.0
84;v22def;USA_MLSNextPro_WesternConference_PacificDivision;2;0;2026-08-21;2026-08-31;2;100.0
85;v22def;Armenia_FirstLeague;2;1;2026-09-13;2026-09-22;3;66.67
86;v22def;Mexico_LigaExpansionMX_Apertura;2;1;2026-09-13;2026-09-19;3;66.67
87;v22def;Norway_2ndDivision_Group1;2;1;2026-09-05;2026-09-19;3;66.67
88;v22def;Peru_Liga1_Clausura;2;1;2026-09-06;2026-09-12;3;66.67
89;v22def;Poland_Division1;2;1;2026-08-30;2026-09-14;3;66.67
90;v22def;Slovakia_2Liga;2;1;2026-08-30;2026-09-26;3;66.67
91;v22def;Sweden_Division2_NorraSvealand;2;1;2026-08-16;2026-09-13;3;66.67
92;v22def;Wales_CymruPremier;2;1;2026-09-04;2026-09-26;3;66.67
93;v22def;Bolivia_DivisionProfesional;2;2;2026-09-04;2026-09-18;4;50.0
94;v22def;Germany_Regionalliga_Bayern;2;2;2026-09-04;2026-09-19;4;50.0
95;v22def;Austria_Vorarlberg;1;0;2026-09-26;2026-09-26;1;100.0
96;v22def;Bosnia_PrvaLiga_FBiH;1;0;2026-09-20;2026-09-20;1;100.0
97;v22def;CzechRepublic_1Liga;1;0;2026-09-05;2026-09-05;1;100.0
98;v22def;CzechRepublic_3CFL_GroupB;1;0;2026-09-20;2026-09-20;1;100.0
99;v22def;CzechRepublic_4Liga_GroupD;1;0;2026-09-13;2026-09-13;1;100.0
100;v22def;England_NPLPremierDivision;1;0;2026-09-22;2026-09-22;1;100.0
101;v22def;England_SouthernLeaguePremierSouth;1;0;2026-09-22;2026-09-22;1;100.0
102;v22def;Finland_Kolmonen_Western_Group1;1;0;2026-08-28;2026-08-28;1;100.0
103;v22def;Germany_2Bundesliga;1;0;2026-09-20;2026-09-20;1;100.0
104;v22def;Germany_Oberliga_NOFV_Sud;1;0;2026-09-25;2026-09-25;1;100.0
105;v22def;Hungary_NBII;1;0;2026-09-07;2026-09-07;1;100.0
106;v22def;Latvia_Virsliga;1;0;2026-09-05;2026-09-05;1;100.0
107;v22def;Lithuania_ILyga;1;0;2026-09-05;2026-09-05;1;100.0
108;v22def;Mexico_LigaMX_Apertura;1;0;2026-08-31;2026-08-31;1;100.0
109;v22def;Moldova_SuperLiga;1;0;2026-08-30;2026-08-30;1;100.0
110;v22def;NorthMacedonia_1MFL;1;0;2026-09-18;2026-09-18;1;100.0
111;v22def;Slovenia_2SNL;1;0;2026-09-11;2026-09-11;1;100.0
112;v22def;SriLanka_SuperLeague;1;0;2026-08-22;2026-08-22;1;100.0
113;v22def;Switzerland_ChallengeLeague;1;0;2026-09-18;2026-09-18;1;100.0
114;v22def;USA_MLSNextPro_EasternConference_SoutheastDivision;1;0;2026-08-18;2026-08-18;1;100.0
115;v22def;Austria_Niederosterreich;1;1;2026-09-12;2026-09-25;2;50.0
116;v22def;Austria_Regionalliga_East;1;1;2026-09-04;2026-09-11;2;50.0
117;v22def;CzechRepublic_3MSFL;1;1;2026-09-02;2026-09-13;2;50.0
118;v22def;Denmark_2ndDivision;1;1;2026-09-18;2026-09-26;2;50.0
119;v22def;Denmark_3rdDivision;1;1;2026-09-18;2026-09-19;2;50.0
120;v22def;Iceland_BestaDeildKvenna;1;1;2026-09-05;2026-09-18;2;50.0
121;v22def;Japan_J1League;1;1;2026-09-12;2026-09-19;2;50.0
122;v22def;Poland_Division2;1;1;2026-09-11;2026-09-12;2;50.0
123;v22def;Poland_IIILiga_Group4;1;1;2026-09-19;2026-09-26;2;50.0
124;v22def;USA_USLLeagueOne;1;1;2026-08-20;2026-09-03;2;50.0
125;v22def;Slovakia_3Liga_West;1;3;2026-09-12;2026-09-20;4;25.0
126;v22def;Austria_Oberosterreich;0;3;2026-09-18;2026-09-19;3;0.0
127;v22def;England_LeagueOne;0;2;2026-09-19;2026-09-26;2;0.0
128;v22def;Poland_Ekstraklasa;0;2;2026-09-05;2026-09-06;2;0.0
129;v22def;Turkey_1Lig;0;2;2026-09-13;2026-09-20;2;0.0
130;v22def;Belgium_JupilerProLeague;0;1;2026-09-20;2026-09-20;1;0.0
131;v22def;Bosnia_PrvaLiga_RS;0;1;2026-09-23;2026-09-23;1;0.0
132;v22def;CzechRepublic_ChNL;0;1;2026-09-13;2026-09-13;1;0.0
133;v22def;Denmark_1stDivision;0;1;2026-09-11;2026-09-11;1;0.0
134;v22def;Denmark_Superliga;0;1;2026-09-11;2026-09-11;1;0.0
135;v22def;Romania_Liga2;0;1;2026-09-19;2026-09-19;1;0.0
136;v22def;Russia_FNL;0;1;2026-09-05;2026-09-05;1;0.0
137;v22def;Russia_PremierLeague;0;1;2026-09-06;2026-09-06;1;0.0
138;v22def;Sweden_Allsvenskan;0;1;2026-09-07;2026-09-07;1;0.0
139;v22def;Wales_CymruNorth;0;1;2026-09-15;2026-09-15;1;0.0
1;v23;Norway_3rdDivision_Group5;51;7;2026-07-25;2026-09-27;58;87.93
2;v23;Norway_3rdDivision_Group1;45;9;2026-07-25;2026-09-26;54;83.33
3;v23;Estonia_EsiliigaB;43;15;2026-07-05;2026-09-26;58;74.14
4;v23;Norway_3rdDivision_Group2;42;14;2026-07-25;2026-09-26;56;75.0
5;v23;Norway_3rdDivision_Group4;41;13;2026-07-25;2026-09-28;54;75.93
6;v23;Finland_Kolmonen_Western_Group2;35;7;2026-07-24;2026-09-25;42;83.33
7;v23;Norway_3rdDivision_Group3;35;7;2026-07-25;2026-09-26;42;83.33
8;v23;Finland_Kolmonen_Southern_Group2;34;10;2026-07-24;2026-09-25;44;77.27
9;v23;Norway_OBOSLigaen;32;11;2026-07-05;2026-09-20;43;74.42
10;v23;Finland_Kakkonen_GroupC;31;9;2026-07-05;2026-09-06;40;77.5
11;v23;Iceland_BestaDeildKarla;31;12;2026-07-12;2026-09-20;43;72.09
12;v23;Estonia_Esiliiga;30;15;2026-07-05;2026-09-21;45;66.67
13;v23;Iceland_Division_2;29;10;2026-07-11;2026-08-28;39;74.36
14;v23;Sweden_Division2_Norrland;29;10;2026-08-08;2026-09-27;39;74.36
15;v23;Norway_3rdDivision_Group6;28;7;2026-07-25;2026-09-28;35;80.0
16;v23;FaroeIslands_1Deild;25;4;2026-08-01;2026-09-19;29;86.21
17;v23;Germany_Oberliga_SchleswigHolstein;24;4;2026-08-30;2026-09-27;28;85.71
18;v23;Finland_Kolmonen_Eastern_Group3;23;1;2026-07-26;2026-09-24;24;95.83
19;v23;Finland_Kolmonen_Southern_Group3;22;5;2026-07-26;2026-09-25;27;81.48
20;v23;Finland_Kolmonen_Southern_Group1;20;7;2026-07-26;2026-09-25;27;74.07
21;v23;USA_MLS;20;7;2026-07-23;2026-09-28;27;74.07
22;v23;Norway_2ndDivision_Group2;20;8;2026-07-25;2026-09-27;28;71.43
23;v23;Germany_Oberliga_RheinlandPfalzSaar;19;9;2026-09-04;2026-09-26;28;67.86
24;v23;Latvia_NakotnesLiga;18;3;2026-07-25;2026-09-19;21;85.71
25;v23;Belarus_PershayaLiga;17;5;2026-07-11;2026-09-26;22;77.27
26;v23;Austria_Salzburg;16;4;2026-09-04;2026-09-27;20;80.0
27;v23;Sweden_Division2_VastraGotaland;15;4;2026-08-01;2026-09-27;19;78.95
28;v23;Finland_Kolmonen_North;15;5;2026-07-30;2026-09-19;20;75.0
29;v23;Bolivia_DivisionProfesional;15;6;2026-07-08;2026-09-12;21;71.43
30;v23;Finland_Kolmonen_Eastern_Group2;14;2;2026-07-30;2026-09-19;16;87.5
31;v23;Finland_Kolmonen_Western_Group3;14;2;2026-07-29;2026-09-19;16;87.5
32;v23;Netherlands_EersteDivisie;14;8;2026-09-11;2026-09-27;22;63.64
33;v23;USA_MLSNextPro_EasternConference_NortheastDivision;13;0;2026-07-12;2026-09-08;13;100.0
34;v23;Germany_Regionalliga_Nordost;13;5;2026-07-31;2026-09-26;18;72.22
35;v23;Finland_Kakkonen_GroupA;13;6;2026-07-12;2026-09-04;19;68.42
36;v23;CzechRepublic_4Liga_GroupB;13;7;2026-09-12;2026-09-26;20;65.0
37;v23;Iceland_Division_1;13;7;2026-07-10;2026-09-19;20;65.0
38;v23;Austria_Karnten;12;1;2026-09-04;2026-09-26;13;92.31
39;v23;CzechRepublic_4Liga_GroupF;12;1;2026-09-12;2026-09-27;13;92.31
40;v23;Poland_IIILiga_Group1;12;5;2026-09-04;2026-09-26;17;70.59
41;v23;Poland_IIILiga_Group2;12;5;2026-09-05;2026-09-26;17;70.59
42;v23;Finland_Ykkonen;12;6;2026-07-05;2026-08-29;18;66.67
43;v23;Germany_Oberliga_Bayern_Sud;12;7;2026-07-25;2026-09-26;19;63.16
44;v23;Germany_Oberliga_Hamburg;12;8;2026-09-04;2026-09-27;20;60.0
45;v23;Switzerland_SuperLeague;11;2;2026-09-01;2026-09-20;13;84.62
46;v23;Germany_Regionalliga_Nord;11;4;2026-08-30;2026-09-26;15;73.33
47;v23;CzechRepublic_4Liga_GroupC;11;5;2026-09-12;2026-09-27;16;68.75
48;v23;Sweden_Division2_SodraGotaland;11;5;2026-08-03;2026-09-27;16;68.75
49;v23;Austria_Regionalliga_North;11;6;2026-09-04;2026-09-26;17;64.71
50;v23;Germany_Oberliga_Hessen;10;2;2026-09-04;2026-09-26;12;83.33
51;v23;Germany_Oberliga_Bremen;10;3;2026-09-12;2026-09-27;13;76.92
52;v23;Germany_Regionalliga_West;10;6;2026-09-01;2026-09-27;16;62.5
53;v23;CzechRepublic_4Liga_GroupE;10;7;2026-09-12;2026-09-27;17;58.82
54;v23;Austria_Regionalliga_South;9;2;2026-09-04;2026-09-26;11;81.82
55;v23;Germany_Oberliga_BadenWurttemberg;9;6;2026-09-09;2026-09-27;15;60.0
56;v23;Kyrgyzstan_PremierLiga;8;1;2026-07-07;2026-09-18;9;88.89
57;v23;Austria_Regionalliga_West;8;2;2026-09-05;2026-09-26;10;80.0
58;v23;Kazakhstan_FirstLeague;8;2;2026-07-16;2026-09-18;10;80.0
59;v23;Germany_Oberliga_Niedersachsen;8;3;2026-09-11;2026-09-27;11;72.73
60;v23;Austria_Tirol;8;8;2026-09-04;2026-09-26;16;50.0
61;v23;Switzerland_PromotionLeague;8;9;2026-09-05;2026-09-26;17;47.06
62;v23;Estonia_Meistriliiga;7;2;2026-07-17;2026-09-20;9;77.78
63;v23;Finland_Kolmonen_Eastern_Group1;7;3;2026-07-24;2026-09-19;10;70.0
64;v23;Netherlands_Eredivisie;7;4;2026-09-12;2026-09-20;11;63.64
65;v23;USA_MLSNextPro_EasternConference_SoutheastDivision;7;6;2026-07-06;2026-08-31;13;53.85
66;v23;Sweden_Division2_SodraSvealand;7;7;2026-07-31;2026-09-20;14;50.0
67;v23;CzechRepublic_4Liga_GroupA;6;2;2026-09-11;2026-09-27;8;75.0
68;v23;Germany_Oberliga_Westfalen;6;2;2026-09-13;2026-09-27;8;75.0
69;v23;Denmark_3rdDivision;6;3;2026-09-05;2026-09-26;9;66.67
70;v23;Finland_Kakkonen_GroupB;6;4;2026-07-05;2026-09-02;10;60.0
71;v23;Germany_Oberliga_Bayern_Nord;6;4;2026-08-22;2026-09-26;10;60.0
72;v23;Norway_Eliteserien;6;4;2026-07-26;2026-09-20;10;60.0
73;v23;Sweden_Division1_Norra;6;4;2026-08-01;2026-09-26;10;60.0
74;v23;NorthernIreland_NIFLChampionship;6;7;2026-09-04;2026-09-26;13;46.15
75;v23;Germany_Oberliga_Niederrhein;5;0;2026-09-19;2026-09-27;5;100.0
76;v23;Somalia_NationalLeague;5;0;2026-07-11;2026-08-11;5;100.0
77;v23;Poland_IIILiga_Group3;5;2;2026-09-05;2026-09-19;7;71.43
78;v23;Slovakia_NikeLiga;5;2;2026-09-05;2026-09-20;7;71.43
79;v23;USA_MLSNextPro_WesternConference_PacificDivision;5;2;2026-07-06;2026-08-31;7;71.43
80;v23;Sweden_Allsvenskan;5;3;2026-07-06;2026-09-07;8;62.5
81;v23;CzechRepublic_1Liga;4;0;2026-08-30;2026-09-20;4;100.0
82;v23;Peru_Liga1_Clausura;4;1;2026-09-06;2026-09-19;5;80.0
83;v23;Germany_Regionalliga_Bayern;4;2;2026-09-04;2026-09-26;6;66.67
84;v23;Germany_Regionalliga_Sudwest;4;2;2026-09-08;2026-09-26;6;66.67
85;v23;Sweden_Superettan;4;2;2026-07-21;2026-09-13;6;66.67
86;v23;Moldova_Liga1_GroupA;4;3;2026-09-04;2026-09-19;7;57.14
87;v23;Poland_Division2;4;3;2026-09-04;2026-09-19;7;57.14
88;v23;Sweden_Division1_Sodra;4;3;2026-08-01;2026-09-16;7;57.14
89;v23;Austria_Oberosterreich;4;4;2026-09-04;2026-09-25;8;50.0
90;v23;Germany_3Liga;4;4;2026-09-15;2026-09-20;8;50.0
91;v23;Austria_2Liga;3;0;2026-09-12;2026-09-18;3;100.0
92;v23;Netherlands_EredivisieWomen;3;0;2026-09-26;2026-09-27;3;100.0
93;v23;Norway_2ndDivision_Group1;3;0;2026-07-26;2026-09-12;3;100.0
94;v23;Wales_CymruPremier;3;0;2026-09-11;2026-09-26;3;100.0
95;v23;Wales_CymruSouth;3;0;2026-09-11;2026-09-25;3;100.0
96;v23;Denmark_2ndDivision;3;1;2026-09-06;2026-09-26;4;75.0
97;v23;England_Championship;3;1;2026-09-15;2026-09-20;4;75.0
98;v23;Iceland_BestaDeildKvenna;3;1;2026-09-05;2026-09-27;4;75.0
99;v23;Latvia_Virsliga;3;1;2026-07-18;2026-09-05;4;75.0
100;v23;Poland_Division1;3;1;2026-07-31;2026-09-14;4;75.0
101;v23;Poland_IIILiga_Group4;3;1;2026-09-19;2026-09-27;4;75.0
102;v23;Slovakia_2Liga;3;1;2026-07-31;2026-09-26;4;75.0
103;v23;Switzerland_ChallengeLeague;3;1;2026-07-31;2026-09-18;4;75.0
104;v23;Austria_Burgenland;3;2;2026-09-11;2026-09-25;5;60.0
105;v23;Iceland_1DeildWomen;3;2;2026-08-21;2026-08-29;5;60.0
106;v23;Mexico_LigaExpansionMX_Apertura;3;2;2026-09-13;2026-09-21;5;60.0
107;v23;Sweden_Division2_NorraSvealand;3;2;2026-08-23;2026-09-26;5;60.0
108;v23;Slovakia_3Liga_West;3;3;2026-09-12;2026-09-27;6;50.0
109;v23;CzechRepublic_3CFL_GroupA;2;0;2026-09-20;2026-09-26;2;100.0
110;v23;Armenia_FirstLeague;2;1;2026-09-13;2026-09-22;3;66.67
111;v23;CzechRepublic_4Liga_GroupD;2;1;2026-09-12;2026-09-27;3;66.67
112;v23;Finland_Kolmonen_Western_Group1;2;1;2026-08-06;2026-08-29;3;66.67
113;v23;Japan_J1League;2;1;2026-09-12;2026-09-19;3;66.67
114;v23;Paraguay_DivisionIntermedia;2;1;2026-09-13;2026-09-28;3;66.67
115;v23;USA_USLLeagueOne;2;1;2026-08-02;2026-09-03;3;66.67
116;v23;Austria_Regionalliga_East;2;2;2026-09-11;2026-09-25;4;50.0
117;v23;Germany_2Bundesliga;2;2;2026-09-19;2026-09-20;4;50.0
118;v23;Austria_Vorarlberg;1;0;2026-09-26;2026-09-26;1;100.0
119;v23;Bhutan_PremierLeague;1;0;2026-09-19;2026-09-19;1;100.0
120;v23;England_IsthmianLeaguePremierDivision;1;0;2026-09-22;2026-09-22;1;100.0
121;v23;England_NPLPremierDivision;1;0;2026-09-22;2026-09-22;1;100.0
122;v23;England_SouthernLeaguePremierSouth;1;0;2026-09-22;2026-09-22;1;100.0
123;v23;Estonia_MeistriliigaWomen;1;0;2026-09-20;2026-09-20;1;100.0
124;v23;France_Ligue2;1;0;2026-09-19;2026-09-19;1;100.0
125;v23;Georgia_ErovnuliLiga;1;0;2026-09-21;2026-09-21;1;100.0
126;v23;Germany_Oberliga_NOFV_Nord;1;0;2026-09-27;2026-09-27;1;100.0
127;v23;Germany_Oberliga_NOFV_Sud;1;0;2026-09-25;2026-09-25;1;100.0
128;v23;Hungary_NBI;1;0;2026-09-20;2026-09-20;1;100.0
129;v23;Italy_SerieC_GironeA;1;0;2026-09-27;2026-09-27;1;100.0
130;v23;Serbia_SuperLiga;1;0;2026-09-06;2026-09-06;1;100.0
131;v23;Slovenia_2SNL;1;0;2026-09-11;2026-09-11;1;100.0
132;v23;SouthKorea_KLeague2;1;0;2026-07-25;2026-07-25;1;100.0
133;v23;SriLanka_SuperLeague;1;0;2026-08-22;2026-08-22;1;100.0
134;v23;Bosnia_PrvaLiga_FBiH;1;1;2026-09-20;2026-09-26;2;50.0
135;v23;CzechRepublic_3CFL_GroupB;1;1;2026-09-20;2026-09-26;2;50.0
136;v23;Hungary_NBII;1;1;2026-09-05;2026-09-07;2;50.0
137;v23;Russia_FNL;1;1;2026-08-30;2026-09-05;2;50.0
138;v23;Russia_PremierLeague;1;1;2026-08-30;2026-09-06;2;50.0
139;v23;Wales_CymruNorth;1;1;2026-09-15;2026-09-25;2;50.0
140;v23;Austria_Niederosterreich;1;2;2026-09-11;2026-09-25;3;33.33
141;v23;Romania_Liga2;1;2;2026-09-19;2026-09-19;3;33.33
142;v23;USA_MLSNextPro_WesternConference_CentralDivision;1;2;2026-08-09;2026-08-10;3;33.33
143;v23;Belgium_JupilerProLeague;1;3;2026-09-12;2026-09-20;4;25.0
144;v23;CzechRepublic_3MSFL;1;3;2026-09-02;2026-09-25;4;25.0
145;v23;England_LeagueOne;1;3;2026-09-19;2026-09-26;4;25.0
146;v23;Mexico_LigaMX_Apertura;1;3;2026-07-25;2026-09-13;4;25.0
147;v23;Poland_Ekstraklasa;1;3;2026-09-06;2026-09-12;4;25.0
148;v23;Scotland_Premiership;0;2;2026-09-09;2026-09-19;2;0.0
149;v23;Bulgaria_ParvaLiga;0;1;2026-09-16;2026-09-16;1;0.0
150;v23;Denmark_1stDivision;0;1;2026-09-11;2026-09-11;1;0.0
151;v23;Denmark_Superliga;0;1;2026-09-11;2026-09-11;1;0.0
152;v23;England_SouthernLeaguePremierCentral;0;1;2026-09-22;2026-09-22;1;0.0
153;v23;Portugal_LigaPortugal;0;1;2026-09-20;2026-09-20;1;0.0
154;v23;Serbia_PrvaLiga;0;1;2026-09-05;2026-09-05;1;0.0
155;v23;Sweden_Division2_NorraGotaland;0;1;2026-07-31;2026-07-31;1;0.0
156;v23;Turkey_1Lig;0;1;2026-09-13;2026-09-13;1;0.0
157;v23;USA_USLChampionship;0;1;2026-07-26;2026-07-26;1;0.0
1;v24;USA_MLS;62;37;2026-07-23;2026-09-28;99;62.63
2;v24;Belarus_PershayaLiga;60;19;2026-07-05;2026-09-27;79;75.95
3;v24;Norway_3rdDivision_Group5;52;7;2026-07-25;2026-09-27;59;88.14
4;v24;Norway_3rdDivision_Group1;47;9;2026-07-25;2026-09-26;56;83.93
5;v24;Norway_3rdDivision_Group3;46;9;2026-07-25;2026-09-26;55;83.64
6;v24;Norway_3rdDivision_Group4;46;13;2026-07-25;2026-09-28;59;77.97
7;v24;Norway_OBOSLigaen;46;16;2026-07-05;2026-09-20;62;74.19
8;v24;Estonia_EsiliigaB;45;16;2026-07-05;2026-09-26;61;73.77
9;v24;Bolivia_DivisionProfesional;45;19;2026-07-08;2026-09-18;64;70.31
10;v24;Norway_3rdDivision_Group2;44;15;2026-07-25;2026-09-26;59;74.58
11;v24;Iceland_BestaDeildKarla;42;19;2026-07-06;2026-09-20;61;68.85
12;v24;Finland_Kolmonen_Western_Group2;40;7;2026-07-24;2026-09-25;47;85.11
13;v24;Norway_3rdDivision_Group6;40;11;2026-07-25;2026-09-28;51;78.43
14;v24;Sweden_Division2_Norrland;40;14;2026-08-08;2026-09-27;54;74.07
15;v24;Estonia_Esiliiga;39;19;2026-07-05;2026-09-21;58;67.24
16;v24;Sweden_Division2_SodraGotaland;37;12;2026-07-30;2026-09-27;49;75.51
17;v24;Iceland_Division_2;36;14;2026-07-11;2026-08-29;50;72.0
18;v24;Norway_2ndDivision_Group2;35;20;2026-07-25;2026-09-27;55;63.64
19;v24;Finland_Kolmonen_Southern_Group2;34;10;2026-07-24;2026-09-25;44;77.27
20;v24;Finland_Kakkonen_GroupC;33;11;2026-07-05;2026-09-06;44;75.0
21;v24;Sweden_Division1_Sodra;33;19;2026-08-01;2026-09-27;52;63.46
22;v24;Latvia_NakotnesLiga;32;13;2026-07-19;2026-09-26;45;71.11
23;v24;Finland_Kolmonen_Eastern_Group3;30;2;2026-07-26;2026-09-24;32;93.75
24;v24;Sweden_Division2_VastraGotaland;29;14;2026-07-31;2026-09-27;43;67.44
25;v24;Germany_Oberliga_Bayern_Sud;29;15;2026-07-25;2026-09-26;44;65.91
26;v24;FaroeIslands_1Deild;28;5;2026-08-01;2026-09-19;33;84.85
27;v24;Germany_Regionalliga_Nord;28;6;2026-08-30;2026-09-27;34;82.35
28;v24;Germany_Oberliga_RheinlandPfalzSaar;28;12;2026-09-04;2026-09-26;40;70.0
29;v24;Iceland_Division_1;28;18;2026-07-10;2026-09-19;46;60.87
30;v24;Germany_Oberliga_SchleswigHolstein;27;5;2026-08-30;2026-09-27;32;84.38
31;v24;Finland_Kolmonen_Southern_Group3;27;8;2026-07-26;2026-09-25;35;77.14
32;v24;Finland_Ykkonen;27;16;2026-07-05;2026-08-29;43;62.79
33;v24;Sweden_Division2_SodraSvealand;26;14;2026-07-31;2026-09-27;40;65.0
34;v24;Norway_Eliteserien;25;10;2026-07-11;2026-09-20;35;71.43
35;v24;Finland_Kolmonen_Southern_Group1;24;9;2026-07-26;2026-09-25;33;72.73
36;v24;Germany_Oberliga_Hessen;23;12;2026-08-30;2026-09-27;35;65.71
37;v24;Sweden_Division1_Norra;23;16;2026-08-01;2026-09-27;39;58.97
38;v24;Kazakhstan_FirstLeague;22;8;2026-07-09;2026-09-19;30;73.33
39;v24;Finland_Kakkonen_GroupA;22;10;2026-07-12;2026-09-04;32;68.75
40;v24;Finland_Kakkonen_GroupB;22;10;2026-07-05;2026-09-02;32;68.75
41;v24;Germany_Regionalliga_West;22;10;2026-09-01;2026-09-27;32;68.75
42;v24;Austria_Regionalliga_West;21;4;2026-09-04;2026-09-27;25;84.0
43;v24;Austria_Salzburg;21;4;2026-09-04;2026-09-27;25;84.0
44;v24;Kyrgyzstan_PremierLiga;21;5;2026-07-07;2026-09-19;26;80.77
45;v24;Germany_Regionalliga_Nordost;21;9;2026-07-31;2026-09-27;30;70.0
46;v24;Austria_Karnten;20;2;2026-09-04;2026-09-26;22;90.91
47;v24;Finland_Kolmonen_Western_Group3;20;2;2026-07-29;2026-09-19;22;90.91
48;v24;Sweden_Division2_NorraSvealand;20;5;2026-08-01;2026-09-27;25;80.0
49;v24;Norway_2ndDivision_Group1;20;8;2026-07-26;2026-09-27;28;71.43
50;v24;Poland_IIILiga_Group2;20;10;2026-09-04;2026-09-27;30;66.67
51;v24;Poland_IIILiga_Group1;20;11;2026-08-30;2026-09-26;31;64.52
52;v24;USA_MLSNextPro_EasternConference_SoutheastDivision;20;13;2026-07-05;2026-09-05;33;60.61
53;v24;Sweden_Allsvenskan;20;16;2026-07-06;2026-09-19;36;55.56
54;v24;USA_USLLeagueOne;20;22;2026-07-05;2026-09-28;42;47.62
55;v24;USA_MLSNextPro_EasternConference_NortheastDivision;19;4;2026-07-12;2026-09-08;23;82.61
56;v24;Finland_Kolmonen_North;19;6;2026-07-30;2026-09-19;25;76.0
57;v24;Netherlands_EersteDivisie;19;9;2026-09-11;2026-09-27;28;67.86
58;v24;Finland_Kolmonen_Eastern_Group2;17;2;2026-07-30;2026-09-19;19;89.47
59;v24;CzechRepublic_4Liga_GroupF;17;3;2026-09-12;2026-09-27;20;85.0
60;v24;Switzerland_SuperLeague;17;3;2026-09-01;2026-09-20;20;85.0
61;v24;Estonia_Meistriliiga;17;7;2026-07-11;2026-09-20;24;70.83
62;v24;Germany_Oberliga_Bayern_Nord;17;8;2026-08-21;2026-09-26;25;68.0
63;v24;Germany_Oberliga_Hamburg;17;13;2026-07-31;2026-09-27;30;56.67
64;v24;Sweden_Division2_NorraGotaland;17;15;2026-07-31;2026-09-27;32;53.12
65;v24;Sweden_Superettan;17;20;2026-07-18;2026-09-19;37;45.95
66;v24;CzechRepublic_4Liga_GroupC;16;7;2026-09-12;2026-09-27;23;69.57
67;v24;Somalia_NationalLeague;15;4;2026-07-09;2026-08-14;19;78.95
68;v24;Germany_Regionalliga_Sudwest;15;5;2026-09-08;2026-09-26;20;75.0
69;v24;Finland_Kolmonen_Western_Group1;15;9;2026-08-01;2026-09-19;24;62.5
70;v24;USA_MLSNextPro_WesternConference_PacificDivision;14;6;2026-07-06;2026-09-06;20;70.0
71;v24;Switzerland_PromotionLeague;14;10;2026-09-05;2026-09-26;24;58.33
72;v24;Austria_Burgenland;13;3;2026-09-11;2026-09-27;16;81.25
73;v24;Germany_Oberliga_Bremen;13;6;2026-09-12;2026-09-27;19;68.42
74;v24;CzechRepublic_4Liga_GroupB;13;7;2026-09-12;2026-09-26;20;65.0
75;v24;Germany_Oberliga_Westfalen;13;7;2026-09-13;2026-09-27;20;65.0
76;v24;Germany_Regionalliga_Bayern;13;7;2026-09-04;2026-09-26;20;65.0
77;v24;Germany_Oberliga_BadenWurttemberg;13;8;2026-09-09;2026-09-27;21;61.9
78;v24;Bhutan_PremierLeague;12;1;2026-07-09;2026-09-24;13;92.31
79;v24;Latvia_Virsliga;12;4;2026-07-05;2026-09-15;16;75.0
80;v24;Germany_Oberliga_Niedersachsen;12;5;2026-09-11;2026-09-27;17;70.59
81;v24;Austria_Regionalliga_North;12;8;2026-09-04;2026-09-26;20;60.0
82;v24;CzechRepublic_4Liga_GroupE;12;8;2026-09-12;2026-09-27;20;60.0
83;v24;Peru_Liga1_Clausura;11;1;2026-08-31;2026-09-20;12;91.67
84;v24;Denmark_3rdDivision;11;5;2026-09-05;2026-09-26;16;68.75
85;v24;Wales_CymruPremier;11;5;2026-09-04;2026-09-26;16;68.75
86;v24;Austria_Regionalliga_South;11;6;2026-09-04;2026-09-26;17;64.71
87;v24;USA_MLSNextPro_WesternConference_CentralDivision;11;7;2026-07-13;2026-09-06;18;61.11
88;v24;Austria_Regionalliga_East;10;4;2026-09-04;2026-09-26;14;71.43
89;v24;Finland_Kolmonen_Eastern_Group1;10;4;2026-07-24;2026-09-19;14;71.43
90;v24;Austria_Oberosterreich;10;5;2026-09-04;2026-09-25;15;66.67
91;v24;Netherlands_Eredivisie;10;5;2026-09-12;2026-09-20;15;66.67
92;v24;Austria_Tirol;10;12;2026-09-04;2026-09-26;22;45.45
93;v24;Iceland_BestaDeildKvenna;9;2;2026-09-05;2026-09-27;11;81.82
94;v24;Poland_IIILiga_Group4;9;2;2026-09-06;2026-09-27;11;81.82
95;v24;CzechRepublic_4Liga_GroupA;9;3;2026-09-11;2026-09-27;12;75.0
96;v24;CzechRepublic_4Liga_GroupD;9;3;2026-09-12;2026-09-27;12;75.0
97;v24;Mexico_LigaExpansionMX_Apertura;9;5;2026-08-30;2026-09-26;14;64.29
98;v24;Poland_IIILiga_Group3;9;5;2026-09-05;2026-09-26;14;64.29
99;v24;Serbia_PrvaLiga;9;9;2026-08-30;2026-09-28;18;50.0
100;v24;NorthernIreland_NIFLChampionship;9;12;2026-09-04;2026-09-26;21;42.86
101;v24;SouthKorea_KLeague2;9;13;2026-07-25;2026-09-19;22;40.91
102;v24;USA_USLChampionship;9;17;2026-07-05;2026-09-17;26;34.62
103;v24;Hungary_NBI;8;2;2026-09-05;2026-09-20;10;80.0
104;v24;Switzerland_ChallengeLeague;8;2;2026-07-31;2026-09-18;10;80.0
105;v24;Russia_FNL;8;4;2026-08-15;2026-09-26;12;66.67
106;v24;Slovakia_2Liga;8;4;2026-07-31;2026-09-26;12;66.67
107;v24;CzechRepublic_3CFL_GroupA;8;5;2026-09-13;2026-09-26;13;61.54
108;v24;Slovakia_NikeLiga;8;5;2026-08-30;2026-09-20;13;61.54
109;v24;Slovakia_3Liga_West;8;6;2026-09-11;2026-09-27;14;57.14
110;v24;England_Championship;7;1;2026-09-11;2026-09-20;8;87.5
111;v24;Paraguay_DivisionIntermedia;7;2;2026-09-11;2026-09-28;9;77.78
112;v24;Iceland_1DeildWomen;7;4;2026-08-21;2026-09-06;11;63.64
113;v24;CzechRepublic_3MSFL;7;5;2026-09-02;2026-09-26;12;58.33
114;v24;CzechRepublic_ChNL;7;5;2026-07-31;2026-09-20;12;58.33
115;v24;Spain_LaLiga;6;0;2026-09-16;2026-09-20;6;100.0
116;v24;Germany_Oberliga_Niederrhein;6;1;2026-09-19;2026-09-27;7;85.71
117;v24;CzechRepublic_1Liga;6;2;2026-08-30;2026-09-20;8;75.0
118;v24;Germany_3Liga;6;4;2026-09-15;2026-09-20;10;60.0
119;v24;Russia_PremierLeague;6;4;2026-08-30;2026-09-17;10;60.0
120;v24;Poland_Ekstraklasa;6;9;2026-07-31;2026-09-19;15;40.0
121;v24;Austria_2Liga;5;0;2026-09-12;2026-09-19;5;100.0
122;v24;Romania_Liga2;5;5;2026-09-12;2026-09-19;10;50.0
123;v24;Denmark_2ndDivision;5;6;2026-09-04;2026-09-26;11;45.45
124;v24;Poland_Division2;5;7;2026-09-04;2026-09-20;12;41.67
125;v24;Georgia_ErovnuliLiga;4;0;2026-09-14;2026-09-21;4;100.0
126;v24;Serbia_SuperLiga;4;0;2026-07-26;2026-09-19;4;100.0
127;v24;Wales_CymruSouth;4;0;2026-09-11;2026-09-26;4;100.0
128;v24;Moldova_SuperLiga;4;1;2026-08-15;2026-09-12;5;80.0
129;v24;Slovenia_PrvaLiga;4;1;2026-08-30;2026-09-20;5;80.0
130;v24;CzechRepublic_3CFL_GroupB;4;2;2026-09-13;2026-09-27;6;66.67
131;v24;FaroeIslands_PremierLeague;4;2;2026-08-10;2026-09-19;6;66.67
132;v24;Moldova_Liga1_GroupA;4;3;2026-09-04;2026-09-19;7;57.14
133;v24;Poland_Division1;4;3;2026-07-31;2026-09-19;7;57.14
134;v24;Turkey_1Lig;4;4;2026-09-06;2026-09-20;8;50.0
135;v24;Wales_CymruNorth;4;4;2026-09-12;2026-09-26;8;50.0
136;v24;Austria_Niederosterreich;4;5;2026-09-11;2026-09-25;9;44.44
137;v24;Bulgaria_ParvaLiga;4;5;2016-09-16;2026-09-16;9;44.44
138;v24;Japan_J1League;4;5;2026-09-11;2026-09-19;9;44.44
139;v24;Mexico_LigaMX_Apertura;4;8;2026-07-25;2026-09-28;12;33.33
140;v24;Netherlands_EredivisieWomen;3;0;2026-09-26;2026-09-27;3;100.0
141;v24;Armenia_FirstLeague;3;2;2026-09-13;2026-09-22;5;60.0
142;v24;Kazakhstan_PremierLeague;3;2;2026-07-12;2026-09-13;5;60.0
143;v24;Germany_Oberliga_NOFV_Sud;3;3;2026-09-25;2026-09-27;6;50.0
144;v24;England_LeagueOne;3;4;2026-09-19;2026-09-26;7;42.86
145;v24;Lithuania_ILyga;3;5;2026-07-19;2026-09-19;8;37.5
146;v24;Ukraine_PershaLiga;3;5;2026-09-05;2026-09-28;8;37.5
147;v24;Austria_Vorarlberg;2;0;2026-09-26;2026-09-26;2;100.0
148;v24;England_IsthmianLeaguePremierDivision;2;0;2026-09-22;2026-09-22;2;100.0
149;v24;SriLanka_SuperLeague;2;0;2026-08-22;2026-09-14;2;100.0
150;v24;Austria_Bundesliga;2;1;2026-09-11;2026-09-18;3;66.67
151;v24;Bulgaria_VtoraLiga;2;1;2026-09-06;2026-09-21;3;66.67
152;v24;England_SouthernLeaguePremierSouth;2;1;2026-09-22;2026-09-22;3;66.67
153;v24;Portugal_LigaPortugal;2;2;2026-09-13;2026-09-20;4;50.0
154;v24;Romania_Superliga;2;2;2026-07-31;2026-09-20;4;50.0
155;v24;SouthKorea_KLeague1;2;2;2026-08-22;2026-09-19;4;50.0
156;v24;Slovenia_2SNL;2;3;2026-09-11;2026-09-27;5;40.0
157;v24;Belgium_JupilerProLeague;2;4;2026-09-12;2026-09-20;6;33.33
158;v24;Denmark_Superliga;2;4;2026-09-02;2026-09-20;6;33.33
159;v24;Germany_2Bundesliga;2;5;2026-09-18;2026-09-20;7;28.57
160;v24;Hungary_NBII;2;5;2026-09-05;2026-09-20;7;28.57
161;v24;Bosnia_WWINLigaBiH;1;0;2026-09-19;2026-09-19;1;100.0
162;v24;England_NPLPremierDivision;1;0;2026-09-22;2026-09-22;1;100.0
163;v24;England_ProfessionalDevelopmentLeague;1;0;2026-09-28;2026-09-28;1;100.0
164;v24;Estonia_MeistriliigaWomen;1;0;2026-09-20;2026-09-20;1;100.0
165;v24;Finland_Ykkosliiga;1;0;2026-09-25;2026-09-25;1;100.0
166;v24;France_Ligue2;1;0;2026-09-19;2026-09-19;1;100.0
167;v24;Germany_Oberliga_NOFV_Nord;1;0;2026-09-27;2026-09-27;1;100.0
168;v24;Italy_SerieC_GironeA;1;0;2026-09-27;2026-09-27;1;100.0
169;v24;Italy_SerieC_GironeC;1;0;2026-09-27;2026-09-27;1;100.0
170;v24;Lithuania_Toplyga;1;0;2026-08-02;2026-08-02;1;100.0
171;v24;NorthMacedonia_1MFL;1;0;2026-09-18;2026-09-18;1;100.0
172;v24;Bosnia_PrvaLiga_FBiH;1;1;2026-09-20;2026-09-26;2;50.0
173;v24;Croatia_PrvaNL;1;2;2026-09-19;2026-09-27;3;33.33
174;v24;Denmark_1stDivision;1;2;2026-09-05;2026-09-21;3;33.33
175;v24;Italy_SerieC_GironeB;1;2;2026-09-19;2026-09-27;3;33.33
176;v24;Finland_Veikkausliiga;1;3;2026-07-18;2026-08-22;4;25.0
177;v24;NorthernIreland_NIFLPremiership;1;3;2026-09-15;2026-09-26;4;25.0
178;v24;Scotland_Premiership;1;3;2026-09-09;2026-09-19;4;25.0
179;v24;Armenia_PremierLeague;0;2;2026-09-05;2026-09-19;2;0.0
180;v24;Peru_Liga2;0;2;2026-09-12;2026-09-26;2;0.0
181;v24;Bosnia_PrvaLiga_RS;0;1;2026-09-23;2026-09-23;1;0.0
182;v24;England_SouthernLeaguePremierCentral;0;1;2026-09-22;2026-09-22;1;0.0
183;v24;SaudiArabia_ProfessionalLeague;0;1;2026-09-12;2026-09-12;1;0.0
184;v24;Ukraine_PremierLeague;0;1;2026-09-18;2026-09-18;1;0.0
1;v25;Norway_3rdDivision_Group5;51;7;2026-07-25;2026-09-27;58;87.93
2;v25;Norway_3rdDivision_Group1;45;9;2026-07-25;2026-09-26;54;83.33
3;v25;Norway_3rdDivision_Group2;42;14;2026-07-25;2026-09-26;56;75.0
4;v25;Norway_3rdDivision_Group4;41;13;2026-07-25;2026-09-28;54;75.93
5;v25;Estonia_EsiliigaB;41;15;2026-07-11;2026-09-26;56;73.21
6;v25;Norway_3rdDivision_Group3;36;7;2026-07-25;2026-09-26;43;83.72
7;v25;Finland_Kolmonen_Western_Group2;35;7;2026-07-24;2026-09-25;42;83.33
8;v25;Finland_Kolmonen_Southern_Group2;34;10;2026-07-24;2026-09-25;44;77.27
9;v25;Norway_OBOSLigaen;32;11;2026-07-25;2026-09-20;43;74.42
10;v25;Iceland_BestaDeildKarla;31;12;2026-07-12;2026-09-20;43;72.09
11;v25;Finland_Kakkonen_GroupC;30;10;2026-07-07;2026-09-06;40;75.0
12;v25;Sweden_Division2_Norrland;30;11;2026-08-08;2026-09-27;41;73.17
13;v25;Iceland_Division_2;29;10;2026-07-11;2026-08-28;39;74.36
14;v25;Norway_3rdDivision_Group6;28;7;2026-07-25;2026-09-28;35;80.0
15;v25;Estonia_Esiliiga;28;15;2026-07-09;2026-09-21;43;65.12
16;v25;Finland_Kolmonen_Eastern_Group3;25;1;2026-07-26;2026-09-24;26;96.15
17;v25;FaroeIslands_1Deild;25;4;2026-08-01;2026-09-19;29;86.21
18;v25;Germany_Oberliga_SchleswigHolstein;24;4;2026-08-30;2026-09-27;28;85.71
19;v25;Finland_Kolmonen_Southern_Group3;23;6;2026-07-26;2026-09-25;29;79.31
20;v25;USA_MLS;21;7;2026-07-23;2026-09-28;28;75.0
21;v25;Germany_Oberliga_RheinlandPfalzSaar;21;9;2026-09-04;2026-09-26;30;70.0
22;v25;Finland_Kolmonen_Southern_Group1;20;7;2026-07-26;2026-09-25;27;74.07
23;v25;Norway_2ndDivision_Group2;20;8;2026-07-25;2026-09-27;28;71.43
24;v25;Latvia_NakotnesLiga;19;3;2026-07-25;2026-09-19;22;86.36
25;v25;Belarus_PershayaLiga;18;5;2026-07-11;2026-09-26;23;78.26
26;v25;Finland_Kolmonen_North;17;5;2026-07-30;2026-09-19;22;77.27
27;v25;Bolivia_DivisionProfesional;17;6;2026-07-09;2026-09-18;23;73.91
28;v25;Austria_Salzburg;16;4;2026-09-04;2026-09-27;20;80.0
29;v25;Sweden_Division2_VastraGotaland;15;4;2026-08-01;2026-09-27;19;78.95
30;v25;Netherlands_EersteDivisie;15;8;2026-09-11;2026-09-27;23;65.22
31;v25;CzechRepublic_4Liga_GroupF;14;1;2026-09-12;2026-09-27;15;93.33
32;v25;Finland_Kolmonen_Eastern_Group2;14;2;2026-07-30;2026-09-19;16;87.5
33;v25;Finland_Kolmonen_Western_Group3;14;2;2026-07-29;2026-09-19;16;87.5
34;v25;Austria_Karnten;13;1;2026-09-04;2026-09-26;14;92.86
35;v25;USA_MLSNextPro_EasternConference_NortheastDivision;13;1;2026-07-12;2026-09-08;14;92.86
36;v25;Germany_Regionalliga_Nordost;13;5;2026-07-31;2026-09-26;18;72.22
37;v25;Iceland_Division_1;13;5;2026-07-10;2026-09-19;18;72.22
38;v25;Sweden_Division2_SodraGotaland;13;5;2026-08-03;2026-09-27;18;72.22
39;v25;Finland_Kakkonen_GroupA;13;6;2026-07-12;2026-09-04;19;68.42
40;v25;CzechRepublic_4Liga_GroupB;13;7;2026-09-12;2026-09-26;20;65.0
41;v25;Germany_Oberliga_Hamburg;13;9;2026-09-04;2026-09-27;22;59.09
42;v25;Germany_Regionalliga_Nord;12;5;2026-08-30;2026-09-26;17;70.59
43;v25;Poland_IIILiga_Group1;12;5;2026-09-04;2026-09-26;17;70.59
44;v25;Poland_IIILiga_Group2;12;5;2026-09-05;2026-09-26;17;70.59
45;v25;CzechRepublic_4Liga_GroupC;12;6;2026-09-12;2026-09-27;18;66.67
46;v25;Finland_Ykkonen;12;6;2026-07-11;2026-08-29;18;66.67
47;v25;Germany_Oberliga_Bayern_Sud;12;7;2026-07-25;2026-09-26;19;63.16
48;v25;Germany_Oberliga_Hessen;11;2;2026-09-04;2026-09-26;13;84.62
49;v25;Switzerland_SuperLeague;11;2;2026-09-01;2026-09-20;13;84.62
50;v25;Austria_Regionalliga_North;11;6;2026-09-04;2026-09-26;17;64.71
51;v25;Germany_Oberliga_BadenWurttemberg;10;6;2026-09-09;2026-09-27;16;62.5
52;v25;Germany_Oberliga_Bremen;10;6;2026-09-12;2026-09-27;16;62.5
53;v25;Germany_Regionalliga_West;10;6;2026-09-01;2026-09-27;16;62.5
54;v25;CzechRepublic_4Liga_GroupE;10;7;2026-09-12;2026-09-27;17;58.82
55;v25;Austria_Regionalliga_South;9;2;2026-09-04;2026-09-26;11;81.82
56;v25;Germany_Oberliga_Niedersachsen;9;3;2026-09-11;2026-09-27;12;75.0
57;v25;Kazakhstan_FirstLeague;9;4;2026-07-09;2026-09-18;13;69.23
58;v25;Kyrgyzstan_PremierLiga;8;1;2026-07-07;2026-09-18;9;88.89
59;v25;Austria_Regionalliga_West;8;2;2026-09-05;2026-09-26;10;80.0
60;v25;Estonia_Meistriliiga;8;3;2026-07-17;2026-09-20;11;72.73
61;v25;USA_MLSNextPro_EasternConference_SoutheastDivision;8;6;2026-07-06;2026-08-31;14;57.14
62;v25;Austria_Tirol;8;8;2026-09-04;2026-09-26;16;50.0
63;v25;Switzerland_PromotionLeague;8;9;2026-09-05;2026-09-26;17;47.06
64;v25;CzechRepublic_4Liga_GroupA;7;3;2026-09-11;2026-09-27;10;70.0
65;v25;Finland_Kolmonen_Eastern_Group1;7;3;2026-07-24;2026-09-19;10;70.0
66;v25;Germany_Oberliga_Bayern_Nord;7;4;2026-08-22;2026-09-26;11;63.64
67;v25;Netherlands_Eredivisie;7;4;2026-09-12;2026-09-20;11;63.64
68;v25;Norway_Eliteserien;7;4;2026-07-12;2026-09-20;11;63.64
69;v25;Sweden_Division2_SodraSvealand;7;7;2026-07-31;2026-09-20;14;50.0
70;v25;Somalia_NationalLeague;6;0;2026-07-12;2026-08-11;6;100.0
71;v25;Germany_Oberliga_Westfalen;6;2;2026-09-13;2026-09-27;8;75.0
72;v25;Denmark_3rdDivision;6;3;2026-09-05;2026-09-26;9;66.67
73;v25;Finland_Kakkonen_GroupB;6;3;2026-07-10;2026-09-02;9;66.67
74;v25;Sweden_Division1_Norra;6;4;2026-08-01;2026-09-26;10;60.0
75;v25;NorthernIreland_NIFLChampionship;6;7;2026-09-04;2026-09-26;13;46.15
76;v25;Germany_Oberliga_Niederrhein;5;0;2026-09-19;2026-09-27;5;100.0
77;v25;Norway_2ndDivision_Group1;5;1;2026-07-26;2026-09-19;6;83.33
78;v25;Poland_IIILiga_Group3;5;2;2026-09-05;2026-09-19;7;71.43
79;v25;Slovakia_NikeLiga;5;2;2026-09-05;2026-09-20;7;71.43
80;v25;USA_MLSNextPro_WesternConference_PacificDivision;5;2;2026-07-06;2026-08-31;7;71.43
81;v25;Sweden_Allsvenskan;5;3;2026-07-06;2026-09-07;8;62.5
82;v25;Sweden_Division1_Sodra;5;4;2026-08-01;2026-09-16;9;55.56
83;v25;CzechRepublic_1Liga;4;0;2026-08-30;2026-09-20;4;100.0
84;v25;CzechRepublic_3CFL_GroupA;4;0;2026-09-19;2026-09-26;4;100.0
85;v25;Finland_Kolmonen_Western_Group1;4;1;2026-08-06;2026-09-12;5;80.0
86;v25;Peru_Liga1_Clausura;4;1;2026-09-06;2026-09-19;5;80.0
87;v25;Slovakia_2Liga;4;1;2026-07-31;2026-09-26;5;80.0
88;v25;Iceland_1DeildWomen;4;2;2026-08-21;2026-08-29;6;66.67
89;v25;Sweden_Division2_NorraSvealand;4;2;2026-08-16;2026-09-26;6;66.67
90;v25;Sweden_Superettan;4;2;2026-07-21;2026-09-13;6;66.67
91;v25;Germany_Regionalliga_Bayern;4;3;2026-09-04;2026-09-26;7;57.14
92;v25;Germany_Regionalliga_Sudwest;4;3;2026-09-08;2026-09-26;7;57.14
93;v25;Moldova_Liga1_GroupA;4;3;2026-09-04;2026-09-19;7;57.14
94;v25;Poland_Division2;4;3;2026-09-04;2026-09-19;7;57.14
95;v25;Austria_Oberosterreich;4;4;2026-09-04;2026-09-25;8;50.0
96;v25;Germany_3Liga;4;4;2026-09-15;2026-09-20;8;50.0
97;v25;Austria_2Liga;3;0;2026-09-12;2026-09-18;3;100.0
98;v25;Netherlands_EredivisieWomen;3;0;2026-09-26;2026-09-27;3;100.0
99;v25;Wales_CymruSouth;3;0;2026-09-11;2026-09-25;3;100.0
100;v25;CzechRepublic_4Liga_GroupD;3;1;2026-09-12;2026-09-27;4;75.0
101;v25;England_Championship;3;1;2026-09-15;2026-09-20;4;75.0
102;v25;Iceland_BestaDeildKvenna;3;1;2026-09-05;2026-09-27;4;75.0
103;v25;Latvia_Virsliga;3;1;2026-07-18;2026-09-05;4;75.0
104;v25;Poland_Division1;3;1;2026-07-31;2026-09-14;4;75.0
105;v25;Switzerland_ChallengeLeague;3;1;2026-07-31;2026-09-18;4;75.0
106;v25;Wales_CymruPremier;3;1;2026-09-04;2026-09-26;4;75.0
107;v25;Austria_Burgenland;3;2;2026-09-11;2026-09-25;5;60.0
108;v25;Denmark_2ndDivision;3;2;2026-09-06;2026-09-26;5;60.0
109;v25;Poland_IIILiga_Group4;3;2;2026-09-19;2026-09-27;5;60.0
110;v25;Mexico_LigaExpansionMX_Apertura;3;3;2026-08-30;2026-09-21;6;50.0
111;v25;Slovakia_3Liga_West;3;3;2026-09-12;2026-09-27;6;50.0
112;v25;Bhutan_PremierLeague;2;0;2026-07-09;2026-09-19;2;100.0
113;v25;Armenia_FirstLeague;2;1;2026-09-13;2026-09-22;3;66.67
114;v25;Japan_J1League;2;1;2026-09-12;2026-09-19;3;66.67
115;v25;Paraguay_DivisionIntermedia;2;1;2026-09-13;2026-09-28;3;66.67
116;v25;USA_USLLeagueOne;2;1;2026-08-02;2026-09-03;3;66.67
117;v25;Germany_2Bundesliga;2;2;2026-09-19;2026-09-20;4;50.0
118;v25;USA_MLSNextPro_WesternConference_CentralDivision;2;2;2026-08-09;2026-08-10;4;50.0
119;v25;Austria_Regionalliga_East;2;3;2026-09-04;2026-09-25;5;40.0
120;v25;CzechRepublic_3MSFL;2;3;2026-09-02;2026-09-25;5;40.0
121;v25;Mexico_LigaMX_Apertura;2;3;2026-07-25;2026-09-13;5;40.0
122;v25;Austria_Vorarlberg;1;0;2026-09-26;2026-09-26;1;100.0
123;v25;England_IsthmianLeaguePremierDivision;1;0;2026-09-22;2026-09-22;1;100.0
124;v25;England_NPLPremierDivision;1;0;2026-09-22;2026-09-22;1;100.0
125;v25;England_SouthernLeaguePremierSouth;1;0;2026-09-22;2026-09-22;1;100.0
126;v25;Estonia_MeistriliigaWomen;1;0;2026-09-20;2026-09-20;1;100.0
127;v25;France_Ligue2;1;0;2026-09-19;2026-09-19;1;100.0
128;v25;Georgia_ErovnuliLiga;1;0;2026-09-21;2026-09-21;1;100.0
129;v25;Germany_Oberliga_NOFV_Nord;1;0;2026-09-27;2026-09-27;1;100.0
130;v25;Germany_Oberliga_NOFV_Sud;1;0;2026-09-25;2026-09-25;1;100.0
131;v25;Hungary_NBI;1;0;2026-09-20;2026-09-20;1;100.0
132;v25;Italy_SerieC_GironeA;1;0;2026-09-27;2026-09-27;1;100.0
133;v25;Lithuania_ILyga;1;0;2026-09-05;2026-09-05;1;100.0
134;v25;Moldova_SuperLiga;1;0;2026-08-30;2026-08-30;1;100.0
135;v25;NorthMacedonia_1MFL;1;0;2026-09-18;2026-09-18;1;100.0
136;v25;Serbia_SuperLiga;1;0;2026-09-06;2026-09-06;1;100.0
137;v25;Slovenia_2SNL;1;0;2026-09-11;2026-09-11;1;100.0
138;v25;SouthKorea_KLeague2;1;0;2026-07-25;2026-07-25;1;100.0
139;v25;SriLanka_SuperLeague;1;0;2026-08-22;2026-08-22;1;100.0
140;v25;Bosnia_PrvaLiga_FBiH;1;1;2026-09-20;2026-09-26;2;50.0
141;v25;CzechRepublic_3CFL_GroupB;1;1;2026-09-20;2026-09-26;2;50.0
142;v25;Hungary_NBII;1;1;2026-09-05;2026-09-07;2;50.0
143;v25;Russia_FNL;1;1;2026-08-30;2026-09-05;2;50.0
144;v25;Russia_PremierLeague;1;1;2026-08-30;2026-09-06;2;50.0
145;v25;Wales_CymruNorth;1;1;2026-09-15;2026-09-25;2;50.0
146;v25;Austria_Niederosterreich;1;2;2026-09-11;2026-09-25;3;33.33
147;v25;Romania_Liga2;1;2;2026-09-19;2026-09-19;3;33.33
148;v25;Belgium_JupilerProLeague;1;3;2026-09-12;2026-09-20;4;25.0
149;v25;England_LeagueOne;1;3;2026-09-19;2026-09-26;4;25.0
150;v25;Poland_Ekstraklasa;0;4;2026-09-05;2026-09-11;4;0.0
151;v25;Scotland_Premiership;0;2;2026-09-09;2026-09-19;2;0.0
152;v25;Turkey_1Lig;0;2;2026-09-13;2026-09-20;2;0.0
153;v25;Bosnia_PrvaLiga_RS;0;1;2026-09-23;2026-09-23;1;0.0
154;v25;Bulgaria_ParvaLiga;0;1;2026-09-16;2026-09-16;1;0.0
155;v25;CzechRepublic_ChNL;0;1;2026-09-13;2026-09-13;1;0.0
156;v25;Denmark_1stDivision;0;1;2026-09-11;2026-09-11;1;0.0
157;v25;Denmark_Superliga;0;1;2026-09-11;2026-09-11;1;0.0
158;v25;England_SouthernLeaguePremierCentral;0;1;2026-09-22;2026-09-22;1;0.0
159;v25;Portugal_LigaPortugal;0;1;2026-09-20;2026-09-20;1;0.0
160;v25;Serbia_PrvaLiga;0;1;2026-09-05;2026-09-05;1;0.0
161;v25;Sweden_Division2_NorraGotaland;0;1;2026-07-31;2026-07-31;1;0.0
162;v25;USA_USLChampionship;0;1;2026-07-26;2026-07-26;1;0.0
1;v251;Norway_3rdDivision_Group5;51;7;2026-07-25;2026-09-27;58;87.93
2;v251;Norway_3rdDivision_Group1;44;9;2026-07-25;2026-09-26;53;83.02
3;v251;Norway_3rdDivision_Group2;42;14;2026-07-25;2026-09-26;56;75.0
4;v251;Norway_3rdDivision_Group4;41;13;2026-07-25;2026-09-28;54;75.93
5;v251;Norway_3rdDivision_Group3;36;7;2026-07-25;2026-09-26;43;83.72
6;v251;Estonia_EsiliigaB;34;13;2026-07-25;2026-09-26;47;72.34
7;v251;Finland_Kolmonen_Southern_Group2;33;9;2026-07-26;2026-09-25;42;78.57
8;v251;Finland_Kolmonen_Western_Group2;32;6;2026-07-28;2026-09-25;38;84.21
9;v251;Norway_OBOSLigaen;32;11;2026-07-25;2026-09-20;43;74.42
10;v251;Norway_3rdDivision_Group6;28;7;2026-07-25;2026-09-28;35;80.0
11;v251;Sweden_Division2_Norrland;28;11;2026-08-08;2026-09-27;39;71.79
12;v251;Finland_Kolmonen_Eastern_Group3;25;1;2026-07-26;2026-09-24;26;96.15
13;v251;FaroeIslands_1Deild;24;4;2026-08-01;2026-09-19;28;85.71
14;v251;Germany_Oberliga_SchleswigHolstein;24;4;2026-08-30;2026-09-27;28;85.71
15;v251;Estonia_Esiliiga;24;12;2026-07-25;2026-09-21;36;66.67
16;v251;Finland_Kakkonen_GroupC;23;4;2026-07-25;2026-09-06;27;85.19
17;v251;Finland_Kolmonen_Southern_Group3;22;6;2026-07-26;2026-09-25;28;78.57
18;v251;Iceland_BestaDeildKarla;22;11;2026-07-26;2026-09-20;33;66.67
19;v251;Germany_Oberliga_RheinlandPfalzSaar;21;9;2026-09-04;2026-09-26;30;70.0
20;v251;USA_MLS;19;4;2026-07-26;2026-09-28;23;82.61
21;v251;Norway_2ndDivision_Group2;19;6;2026-07-25;2026-09-26;25;76.0
22;v251;Finland_Kolmonen_Southern_Group1;19;7;2026-07-26;2026-09-25;26;73.08
23;v251;Iceland_Division_2;19;8;2026-07-25;2026-08-28;27;70.37
24;v251;Belarus_PershayaLiga;17;4;2026-08-01;2026-09-26;21;80.95
25;v251;Finland_Kolmonen_North;17;5;2026-07-30;2026-09-19;22;77.27
26;v251;Austria_Salzburg;15;4;2026-09-04;2026-09-27;19;78.95
27;v251;Netherlands_EersteDivisie;15;8;2026-09-11;2026-09-27;23;65.22
28;v251;CzechRepublic_4Liga_GroupF;14;1;2026-09-12;2026-09-27;15;93.33
29;v251;Finland_Kolmonen_Eastern_Group2;14;2;2026-07-30;2026-09-19;16;87.5
30;v251;Latvia_NakotnesLiga;14;3;2026-07-25;2026-09-19;17;82.35
31;v251;Sweden_Division2_VastraGotaland;14;4;2026-08-01;2026-09-27;18;77.78
32;v251;Austria_Karnten;13;1;2026-09-04;2026-09-26;14;92.86
33;v251;Finland_Kolmonen_Western_Group3;13;2;2026-07-29;2026-09-19;15;86.67
34;v251;CzechRepublic_4Liga_GroupB;13;7;2026-09-12;2026-09-26;20;65.0
35;v251;Germany_Oberliga_Hamburg;13;9;2026-09-04;2026-09-27;22;59.09
36;v251;Germany_Regionalliga_Nordost;12;5;2026-07-31;2026-09-26;17;70.59
37;v251;Poland_IIILiga_Group1;12;5;2026-09-04;2026-09-26;17;70.59
38;v251;Poland_IIILiga_Group2;12;5;2026-09-05;2026-09-26;17;70.59
39;v251;Sweden_Division2_SodraGotaland;12;5;2026-08-03;2026-09-27;17;70.59
40;v251;CzechRepublic_4Liga_GroupC;12;6;2026-09-12;2026-09-27;18;66.67
41;v251;USA_MLSNextPro_EasternConference_NortheastDivision;11;0;2026-07-25;2026-09-08;11;100.0
42;v251;Switzerland_SuperLeague;11;2;2026-09-01;2026-09-20;13;84.62
43;v251;Germany_Regionalliga_Nord;11;5;2026-08-30;2026-09-26;16;68.75
44;v251;Austria_Regionalliga_North;11;6;2026-09-04;2026-09-26;17;64.71
45;v251;Germany_Oberliga_Bayern_Sud;11;7;2026-07-25;2026-09-26;18;61.11
46;v251;Germany_Oberliga_Hessen;10;2;2026-09-04;2026-09-26;12;83.33
47;v251;Finland_Kakkonen_GroupA;10;4;2026-07-25;2026-09-04;14;71.43
48;v251;Germany_Regionalliga_West;10;5;2026-09-01;2026-09-27;15;66.67
49;v251;Bolivia_DivisionProfesional;10;6;2026-07-25;2026-09-18;16;62.5
50;v251;CzechRepublic_4Liga_GroupE;10;6;2026-09-12;2026-09-27;16;62.5
51;v251;Finland_Ykkonen;10;6;2026-07-25;2026-08-29;16;62.5
52;v251;Germany_Oberliga_BadenWurttemberg;10;6;2026-09-09;2026-09-27;16;62.5
53;v251;Germany_Oberliga_Bremen;10;6;2026-09-12;2026-09-27;16;62.5
54;v251;Austria_Regionalliga_South;9;2;2026-09-04;2026-09-26;11;81.82
55;v251;Germany_Oberliga_Niedersachsen;9;3;2026-09-11;2026-09-27;12;75.0
56;v251;Iceland_Division_1;9;5;2026-07-25;2026-09-19;14;64.29
57;v251;USA_MLSNextPro_EasternConference_SoutheastDivision;8;3;2026-07-26;2026-08-31;11;72.73
58;v251;Austria_Tirol;8;8;2026-09-04;2026-09-26;16;50.0
59;v251;Switzerland_PromotionLeague;8;9;2026-09-05;2026-09-26;17;47.06
60;v251;Austria_Regionalliga_West;7;2;2026-09-05;2026-09-26;9;77.78
61;v251;CzechRepublic_4Liga_GroupA;7;3;2026-09-11;2026-09-27;10;70.0
62;v251;Germany_Oberliga_Bayern_Nord;7;4;2026-08-22;2026-09-26;11;63.64
63;v251;Netherlands_Eredivisie;7;4;2026-09-12;2026-09-20;11;63.64
64;v251;Sweden_Division2_SodraSvealand;7;6;2026-07-31;2026-09-20;13;53.85
65;v251;Kyrgyzstan_PremierLiga;6;1;2026-07-26;2026-09-18;7;85.71
66;v251;Finland_Kolmonen_Eastern_Group1;6;2;2026-07-29;2026-09-19;8;75.0
67;v251;Germany_Oberliga_Westfalen;6;2;2026-09-13;2026-09-27;8;75.0
68;v251;Denmark_3rdDivision;6;3;2026-09-05;2026-09-26;9;66.67
69;v251;Estonia_Meistriliiga;6;3;2026-07-31;2026-09-20;9;66.67
70;v251;Norway_Eliteserien;6;4;2026-07-26;2026-09-20;10;60.0
71;v251;NorthernIreland_NIFLChampionship;6;7;2026-09-04;2026-09-26;13;46.15
72;v251;Germany_Oberliga_Niederrhein;5;0;2026-09-19;2026-09-27;5;100.0
73;v251;Norway_2ndDivision_Group1;5;1;2026-07-26;2026-09-19;6;83.33
74;v251;Finland_Kakkonen_GroupB;5;2;2026-07-25;2026-09-02;7;71.43
75;v251;Poland_IIILiga_Group3;5;2;2026-09-05;2026-09-19;7;71.43
76;v251;Slovakia_NikeLiga;5;2;2026-09-05;2026-09-20;7;71.43
77;v251;Kazakhstan_FirstLeague;5;3;2026-07-31;2026-09-18;8;62.5
78;v251;CzechRepublic_1Liga;4;0;2026-08-30;2026-09-20;4;100.0
79;v251;CzechRepublic_3CFL_GroupA;4;0;2026-09-19;2026-09-26;4;100.0
80;v251;Finland_Kolmonen_Western_Group1;4;1;2026-08-06;2026-09-12;5;80.0
81;v251;Peru_Liga1_Clausura;4;1;2026-09-06;2026-09-19;5;80.0
82;v251;Slovakia_2Liga;4;1;2026-07-31;2026-09-26;5;80.0
83;v251;Iceland_1DeildWomen;4;2;2026-08-21;2026-08-29;6;66.67
84;v251;Sweden_Division1_Norra;4;2;2026-08-01;2026-09-26;6;66.67
85;v251;Sweden_Division2_NorraSvealand;4;2;2026-08-16;2026-09-26;6;66.67
86;v251;Germany_Regionalliga_Bayern;4;3;2026-09-04;2026-09-26;7;57.14
87;v251;Germany_Regionalliga_Sudwest;4;3;2026-09-08;2026-09-26;7;57.14
88;v251;Moldova_Liga1_GroupA;4;3;2026-09-04;2026-09-19;7;57.14
89;v251;Poland_Division2;4;3;2026-09-04;2026-09-19;7;57.14
90;v251;Austria_Oberosterreich;4;4;2026-09-04;2026-09-25;8;50.0
91;v251;Germany_3Liga;4;4;2026-09-15;2026-09-20;8;50.0
92;v251;Sweden_Division1_Sodra;4;4;2026-08-01;2026-09-16;8;50.0
93;v251;Netherlands_EredivisieWomen;3;0;2026-09-26;2026-09-27;3;100.0
94;v251;Somalia_NationalLeague;3;0;2026-08-07;2026-08-09;3;100.0
95;v251;USA_MLSNextPro_WesternConference_PacificDivision;3;0;2026-07-26;2026-08-31;3;100.0
96;v251;Wales_CymruPremier;3;0;2026-09-11;2026-09-26;3;100.0
97;v251;Wales_CymruSouth;3;0;2026-09-11;2026-09-25;3;100.0
98;v251;England_Championship;3;1;2026-09-15;2026-09-20;4;75.0
99;v251;Iceland_BestaDeildKvenna;3;1;2026-09-05;2026-09-27;4;75.0
100;v251;Poland_Division1;3;1;2026-07-31;2026-09-14;4;75.0
101;v251;Switzerland_ChallengeLeague;3;1;2026-07-31;2026-09-18;4;75.0
102;v251;Austria_Burgenland;3;2;2026-09-11;2026-09-25;5;60.0
103;v251;Denmark_2ndDivision;3;2;2026-09-06;2026-09-26;5;60.0
104;v251;Poland_IIILiga_Group4;3;2;2026-09-19;2026-09-27;5;60.0
105;v251;Sweden_Superettan;3;2;2026-07-26;2026-09-13;5;60.0
106;v251;Mexico_LigaExpansionMX_Apertura;3;3;2026-08-30;2026-09-21;6;50.0
107;v251;Austria_2Liga;2;0;2026-09-12;2026-09-18;2;100.0
108;v251;Armenia_FirstLeague;2;1;2026-09-13;2026-09-22;3;66.67
109;v251;CzechRepublic_4Liga_GroupD;2;1;2026-09-12;2026-09-27;3;66.67
110;v251;Japan_J1League;2;1;2026-09-12;2026-09-19;3;66.67
111;v251;Latvia_Virsliga;2;1;2026-07-28;2026-09-05;3;66.67
112;v251;Paraguay_DivisionIntermedia;2;1;2026-09-13;2026-09-28;3;66.67
113;v251;USA_USLLeagueOne;2;1;2026-08-02;2026-09-03;3;66.67
114;v251;Germany_2Bundesliga;2;2;2026-09-19;2026-09-20;4;50.0
115;v251;Sweden_Allsvenskan;2;2;2026-07-26;2026-09-07;4;50.0
116;v251;USA_MLSNextPro_WesternConference_CentralDivision;2;2;2026-08-09;2026-08-10;4;50.0
117;v251;Austria_Regionalliga_East;2;3;2026-09-04;2026-09-25;5;40.0
118;v251;CzechRepublic_3MSFL;2;3;2026-09-02;2026-09-25;5;40.0
119;v251;Mexico_LigaMX_Apertura;2;3;2026-07-25;2026-09-13;5;40.0
120;v251;Slovakia_3Liga_West;2;3;2026-09-19;2026-09-27;5;40.0
121;v251;Austria_Vorarlberg;1;0;2026-09-26;2026-09-26;1;100.0
122;v251;Bhutan_PremierLeague;1;0;2026-09-19;2026-09-19;1;100.0
123;v251;England_IsthmianLeaguePremierDivision;1;0;2026-09-22;2026-09-22;1;100.0
124;v251;England_NPLPremierDivision;1;0;2026-09-22;2026-09-22;1;100.0
125;v251;England_SouthernLeaguePremierSouth;1;0;2026-09-22;2026-09-22;1;100.0
126;v251;Estonia_MeistriliigaWomen;1;0;2026-09-20;2026-09-20;1;100.0
127;v251;France_Ligue2;1;0;2026-09-19;2026-09-19;1;100.0
128;v251;Georgia_ErovnuliLiga;1;0;2026-09-21;2026-09-21;1;100.0
129;v251;Germany_Oberliga_NOFV_Nord;1;0;2026-09-27;2026-09-27;1;100.0
130;v251;Germany_Oberliga_NOFV_Sud;1;0;2026-09-25;2026-09-25;1;100.0
131;v251;Hungary_NBI;1;0;2026-09-20;2026-09-20;1;100.0
132;v251;Italy_SerieC_GironeA;1;0;2026-09-27;2026-09-27;1;100.0
133;v251;Lithuania_ILyga;1;0;2026-09-05;2026-09-05;1;100.0
134;v251;Moldova_SuperLiga;1;0;2026-08-30;2026-08-30;1;100.0
135;v251;NorthMacedonia_1MFL;1;0;2026-09-18;2026-09-18;1;100.0
136;v251;Slovenia_2SNL;1;0;2026-09-11;2026-09-11;1;100.0
137;v251;SouthKorea_KLeague2;1;0;2026-07-25;2026-07-25;1;100.0
138;v251;SriLanka_SuperLeague;1;0;2026-08-22;2026-08-22;1;100.0
139;v251;Bosnia_PrvaLiga_FBiH;1;1;2026-09-20;2026-09-26;2;50.0
140;v251;CzechRepublic_3CFL_GroupB;1;1;2026-09-20;2026-09-26;2;50.0
141;v251;Hungary_NBII;1;1;2026-09-05;2026-09-07;2;50.0
142;v251;Russia_FNL;1;1;2026-08-30;2026-09-05;2;50.0
143;v251;Russia_PremierLeague;1;1;2026-08-30;2026-09-06;2;50.0
144;v251;Wales_CymruNorth;1;1;2026-09-15;2026-09-25;2;50.0
145;v251;Austria_Niederosterreich;1;2;2026-09-11;2026-09-25;3;33.33
146;v251;Romania_Liga2;1;2;2026-09-19;2026-09-19;3;33.33
147;v251;Belgium_JupilerProLeague;1;3;2026-09-12;2026-09-20;4;25.0
148;v251;England_LeagueOne;1;3;2026-09-19;2026-09-26;4;25.0
149;v251;Poland_Ekstraklasa;0;4;2026-09-05;2026-09-11;4;0.0
150;v251;Scotland_Premiership;0;2;2026-09-09;2026-09-19;2;0.0
151;v251;Turkey_1Lig;0;2;2026-09-13;2026-09-20;2;0.0
152;v251;CzechRepublic_ChNL;0;1;2026-09-13;2026-09-13;1;0.0
153;v251;Denmark_1stDivision;0;1;2026-09-11;2026-09-11;1;0.0
154;v251;Denmark_Superliga;0;1;2026-09-11;2026-09-11;1;0.0
155;v251;England_SouthernLeaguePremierCentral;0;1;2026-09-22;2026-09-22;1;0.0
156;v251;Portugal_LigaPortugal;0;1;2026-09-20;2026-09-20;1;0.0
157;v251;Serbia_PrvaLiga;0;1;2026-09-05;2026-09-05;1;0.0
158;v251;Sweden_Division2_NorraGotaland;0;1;2026-07-31;2026-07-31;1;0.0
159;v251;USA_USLChampionship;0;1;2026-07-26;2026-07-26;1;0.0
1;v25def;Norway_3rdDivision_Group5;26;5;2026-08-16;2026-09-27;31;83.87
2;v25def;Norway_3rdDivision_Group1;22;6;2026-08-16;2026-09-26;28;78.57
3;v25def;Norway_3rdDivision_Group2;20;4;2026-08-17;2026-09-26;24;83.33
4;v25def;Finland_Kolmonen_Southern_Group2;17;3;2026-08-21;2026-09-25;20;85.0
5;v25def;Finland_Kolmonen_Western_Group2;17;4;2026-08-18;2026-09-25;21;80.95
6;v25def;Germany_Oberliga_SchleswigHolstein;17;4;2026-08-30;2026-09-27;21;80.95
7;v25def;Norway_OBOSLigaen;17;4;2026-08-16;2026-09-20;21;80.95
8;v25def;Sweden_Division2_Norrland;17;4;2026-08-16;2026-09-27;21;80.95
9;v25def;Estonia_EsiliigaB;17;5;2026-08-16;2026-09-21;22;77.27
10;v25def;Germany_Oberliga_RheinlandPfalzSaar;17;5;2026-09-04;2026-09-26;22;77.27
11;v25def;Norway_3rdDivision_Group3;16;2;2026-08-17;2026-09-26;18;88.89
12;v25def;Norway_3rdDivision_Group4;16;6;2026-08-16;2026-09-28;22;72.73
13;v25def;Austria_Salzburg;13;1;2026-09-04;2026-09-27;14;92.86
14;v25def;Finland_Kolmonen_Eastern_Group3;12;0;2026-08-20;2026-09-24;12;100.0
15;v25def;Norway_3rdDivision_Group6;11;2;2026-08-17;2026-09-28;13;84.62
16;v25def;Germany_Oberliga_Hamburg;11;6;2026-09-06;2026-09-27;17;64.71
17;v25def;FaroeIslands_1Deild;10;2;2026-08-22;2026-09-19;12;83.33
18;v25def;Finland_Kolmonen_Southern_Group1;10;3;2026-08-16;2026-09-25;13;76.92
19;v25def;Poland_IIILiga_Group1;10;3;2026-09-04;2026-09-26;13;76.92
20;v25def;Iceland_BestaDeildKarla;10;4;2026-08-16;2026-09-20;14;71.43
21;v25def;Netherlands_EersteDivisie;10;4;2026-09-11;2026-09-27;14;71.43
22;v25def;CzechRepublic_4Liga_GroupB;10;5;2026-09-12;2026-09-26;15;66.67
23;v25def;Switzerland_SuperLeague;9;2;2026-09-01;2026-09-20;11;81.82
24;v25def;Norway_2ndDivision_Group2;9;3;2026-08-16;2026-09-27;12;75.0
25;v25def;Germany_Regionalliga_Nord;9;4;2026-08-30;2026-09-26;13;69.23
26;v25def;Austria_Karnten;8;1;2026-09-04;2026-09-26;9;88.89
27;v25def;CzechRepublic_4Liga_GroupF;8;1;2026-09-12;2026-09-27;9;88.89
28;v25def;Finland_Kolmonen_Eastern_Group2;8;1;2026-08-19;2026-09-19;9;88.89
29;v25def;Finland_Kolmonen_Western_Group3;8;1;2026-08-26;2026-09-19;9;88.89
30;v25def;Finland_Kolmonen_North;8;2;2026-08-22;2026-09-19;10;80.0
31;v25def;Germany_Oberliga_Bremen;8;2;2026-09-12;2026-09-27;10;80.0
32;v25def;Germany_Oberliga_Hessen;8;2;2026-09-04;2026-09-26;10;80.0
33;v25def;CzechRepublic_4Liga_GroupC;8;3;2026-09-12;2026-09-27;11;72.73
34;v25def;Finland_Kakkonen_GroupC;7;0;2026-08-16;2026-09-06;7;100.0
35;v25def;Latvia_NakotnesLiga;7;0;2026-08-30;2026-09-19;7;100.0
36;v25def;Sweden_Division2_VastraGotaland;7;0;2026-08-28;2026-09-27;7;100.0
37;v25def;Austria_Regionalliga_South;7;1;2026-09-11;2026-09-26;8;87.5
38;v25def;Germany_Regionalliga_Nordost;7;1;2026-08-26;2026-09-20;8;87.5
39;v25def;Austria_Regionalliga_West;7;2;2026-09-05;2026-09-26;9;77.78
40;v25def;Belarus_PershayaLiga;7;2;2026-08-21;2026-09-26;9;77.78
41;v25def;Germany_Oberliga_Niedersachsen;7;2;2026-09-11;2026-09-27;9;77.78
42;v25def;Sweden_Division2_SodraGotaland;7;2;2026-08-22;2026-09-27;9;77.78
43;v25def;USA_MLS;7;2;2026-08-16;2026-09-21;9;77.78
44;v25def;Poland_IIILiga_Group2;7;3;2026-09-05;2026-09-26;10;70.0
45;v25def;Finland_Kolmonen_Southern_Group3;6;2;2026-08-16;2026-09-25;8;75.0
46;v25def;CzechRepublic_4Liga_GroupA;6;3;2026-09-11;2026-09-27;9;66.67
47;v25def;CzechRepublic_4Liga_GroupE;6;4;2026-09-12;2026-09-26;10;60.0
48;v25def;Netherlands_Eredivisie;6;4;2026-09-12;2026-09-20;10;60.0
49;v25def;Switzerland_PromotionLeague;6;4;2026-09-05;2026-09-26;10;60.0
50;v25def;Germany_Regionalliga_West;6;5;2026-09-01;2026-09-27;11;54.55
51;v25def;Iceland_Division_1;5;0;2026-08-17;2026-09-13;5;100.0
52;v25def;Finland_Kolmonen_Eastern_Group1;5;1;2026-08-28;2026-09-19;6;83.33
53;v25def;Germany_Oberliga_Westfalen;5;1;2026-09-13;2026-09-27;6;83.33
54;v25def;Austria_Regionalliga_North;5;2;2026-09-04;2026-09-25;7;71.43
55;v25def;Germany_Oberliga_Bayern_Sud;5;2;2026-08-28;2026-09-26;7;71.43
56;v25def;Iceland_Division_2;5;2;2026-08-19;2026-08-28;7;71.43
57;v25def;Norway_Eliteserien;5;2;2026-08-16;2026-09-19;7;71.43
58;v25def;Slovakia_NikeLiga;5;2;2026-09-05;2026-09-20;7;71.43
59;v25def;Austria_Tirol;5;4;2026-09-04;2026-09-19;9;55.56
60;v25def;Estonia_Esiliiga;5;5;2026-08-17;2026-09-18;10;50.0
61;v25def;Germany_Oberliga_Niederrhein;4;0;2026-09-19;2026-09-27;4;100.0
62;v25def;USA_MLSNextPro_EasternConference_NortheastDivision;4;0;2026-08-22;2026-09-05;4;100.0
63;v25def;Sweden_Division1_Norra;4;1;2026-08-21;2026-09-25;5;80.0
64;v25def;Sweden_Division1_Sodra;4;2;2026-08-16;2026-09-16;6;66.67
65;v25def;Germany_3Liga;4;3;2026-09-15;2026-09-20;7;57.14
66;v25def;Germany_Oberliga_BadenWurttemberg;4;3;2026-09-12;2026-09-27;7;57.14
67;v25def;Germany_Oberliga_Bayern_Nord;4;3;2026-08-22;2026-09-25;7;57.14
68;v25def;Germany_Regionalliga_Sudwest;4;3;2026-09-08;2026-09-26;7;57.14
69;v25def;Austria_2Liga;3;0;2026-09-12;2026-09-18;3;100.0
70;v25def;Finland_Ykkonen;3;0;2026-08-21;2026-08-29;3;100.0
71;v25def;Kazakhstan_FirstLeague;3;0;2026-09-03;2026-09-18;3;100.0
72;v25def;Wales_CymruSouth;3;0;2026-09-11;2026-09-25;3;100.0
73;v25def;Estonia_Meistriliiga;3;1;2026-09-05;2026-09-20;4;75.0
74;v25def;Iceland_1DeildWomen;3;1;2026-08-22;2026-08-29;4;75.0
75;v25def;Finland_Kakkonen_GroupA;3;2;2026-08-22;2026-09-04;5;60.0
76;v25def;Poland_IIILiga_Group3;3;2;2026-09-05;2026-09-19;5;60.0
77;v25def;Moldova_Liga1_GroupA;3;3;2026-09-04;2026-09-19;6;50.0
78;v25def;NorthernIreland_NIFLChampionship;3;4;2026-09-04;2026-09-19;7;42.86
79;v25def;Sweden_Division2_SodraSvealand;3;5;2026-08-16;2026-09-20;8;37.5
80;v25def;CzechRepublic_3CFL_GroupA;2;0;2026-09-19;2026-09-19;2;100.0
81;v25def;England_Championship;2;0;2026-09-15;2026-09-20;2;100.0
82;v25def;Kyrgyzstan_PremierLiga;2;0;2026-08-23;2026-09-18;2;100.0
83;v25def;Netherlands_EredivisieWomen;2;0;2026-09-26;2026-09-26;2;100.0
84;v25def;USA_MLSNextPro_WesternConference_PacificDivision;2;0;2026-08-21;2026-08-31;2;100.0
85;v25def;Armenia_FirstLeague;2;1;2026-09-13;2026-09-22;3;66.67
86;v25def;Mexico_LigaExpansionMX_Apertura;2;1;2026-09-13;2026-09-19;3;66.67
87;v25def;Norway_2ndDivision_Group1;2;1;2026-09-05;2026-09-19;3;66.67
88;v25def;Peru_Liga1_Clausura;2;1;2026-09-06;2026-09-12;3;66.67
89;v25def;Poland_Division1;2;1;2026-08-30;2026-09-14;3;66.67
90;v25def;Slovakia_2Liga;2;1;2026-08-30;2026-09-26;3;66.67
91;v25def;Sweden_Division2_NorraSvealand;2;1;2026-08-16;2026-09-13;3;66.67
92;v25def;Wales_CymruPremier;2;1;2026-09-04;2026-09-26;3;66.67
93;v25def;Bolivia_DivisionProfesional;2;2;2026-09-04;2026-09-18;4;50.0
94;v25def;Germany_Regionalliga_Bayern;2;2;2026-09-04;2026-09-19;4;50.0
95;v25def;Austria_Vorarlberg;1;0;2026-09-26;2026-09-26;1;100.0
96;v25def;Bosnia_PrvaLiga_FBiH;1;0;2026-09-20;2026-09-20;1;100.0
97;v25def;CzechRepublic_1Liga;1;0;2026-09-05;2026-09-05;1;100.0
98;v25def;CzechRepublic_3CFL_GroupB;1;0;2026-09-20;2026-09-20;1;100.0
99;v25def;CzechRepublic_4Liga_GroupD;1;0;2026-09-13;2026-09-13;1;100.0
100;v25def;England_NPLPremierDivision;1;0;2026-09-22;2026-09-22;1;100.0
101;v25def;England_SouthernLeaguePremierSouth;1;0;2026-09-22;2026-09-22;1;100.0
102;v25def;Finland_Kolmonen_Western_Group1;1;0;2026-08-28;2026-08-28;1;100.0
103;v25def;Germany_2Bundesliga;1;0;2026-09-20;2026-09-20;1;100.0
104;v25def;Germany_Oberliga_NOFV_Sud;1;0;2026-09-25;2026-09-25;1;100.0
105;v25def;Hungary_NBII;1;0;2026-09-07;2026-09-07;1;100.0
106;v25def;Latvia_Virsliga;1;0;2026-09-05;2026-09-05;1;100.0
107;v25def;Lithuania_ILyga;1;0;2026-09-05;2026-09-05;1;100.0
108;v25def;Mexico_LigaMX_Apertura;1;0;2026-08-31;2026-08-31;1;100.0
109;v25def;Moldova_SuperLiga;1;0;2026-08-30;2026-08-30;1;100.0
110;v25def;NorthMacedonia_1MFL;1;0;2026-09-18;2026-09-18;1;100.0
111;v25def;Slovenia_2SNL;1;0;2026-09-11;2026-09-11;1;100.0
112;v25def;SriLanka_SuperLeague;1;0;2026-08-22;2026-08-22;1;100.0
113;v25def;Switzerland_ChallengeLeague;1;0;2026-09-18;2026-09-18;1;100.0
114;v25def;USA_MLSNextPro_EasternConference_SoutheastDivision;1;0;2026-08-18;2026-08-18;1;100.0
115;v25def;Austria_Niederosterreich;1;1;2026-09-12;2026-09-25;2;50.0
116;v25def;Austria_Regionalliga_East;1;1;2026-09-04;2026-09-11;2;50.0
117;v25def;CzechRepublic_3MSFL;1;1;2026-09-02;2026-09-13;2;50.0
118;v25def;Denmark_2ndDivision;1;1;2026-09-18;2026-09-26;2;50.0
119;v25def;Denmark_3rdDivision;1;1;2026-09-18;2026-09-19;2;50.0
120;v25def;Iceland_BestaDeildKvenna;1;1;2026-09-05;2026-09-18;2;50.0
121;v25def;Japan_J1League;1;1;2026-09-12;2026-09-19;2;50.0
122;v25def;Poland_Division2;1;1;2026-09-11;2026-09-12;2;50.0
123;v25def;Poland_IIILiga_Group4;1;1;2026-09-19;2026-09-26;2;50.0
124;v25def;USA_USLLeagueOne;1;1;2026-08-20;2026-09-03;2;50.0
125;v25def;Slovakia_3Liga_West;1;3;2026-09-12;2026-09-20;4;25.0
126;v25def;Austria_Oberosterreich;0;3;2026-09-18;2026-09-19;3;0.0
127;v25def;England_LeagueOne;0;2;2026-09-19;2026-09-26;2;0.0
128;v25def;Poland_Ekstraklasa;0;2;2026-09-05;2026-09-06;2;0.0
129;v25def;Turkey_1Lig;0;2;2026-09-13;2026-09-20;2;0.0
130;v25def;Belgium_JupilerProLeague;0;1;2026-09-20;2026-09-20;1;0.0
131;v25def;Bosnia_PrvaLiga_RS;0;1;2026-09-23;2026-09-23;1;0.0
132;v25def;CzechRepublic_ChNL;0;1;2026-09-13;2026-09-13;1;0.0
133;v25def;Denmark_1stDivision;0;1;2026-09-11;2026-09-11;1;0.0
134;v25def;Denmark_Superliga;0;1;2026-09-11;2026-09-11;1;0.0
135;v25def;Romania_Liga2;0;1;2026-09-19;2026-09-19;1;0.0
136;v25def;Russia_FNL;0;1;2026-09-05;2026-09-05;1;0.0
137;v25def;Russia_PremierLeague;0;1;2026-09-06;2026-09-06;1;0.0
138;v25def;Sweden_Allsvenskan;0;1;2026-09-07;2026-09-07;1;0.0
139;v25def;Wales_CymruNorth;0;1;2026-09-15;2026-09-15;1;0.0
1;v26;Norway_3rdDivision_Group5;26;7;2026-08-08;2026-09-27;33;78.79
2;v26;Finland_Kolmonen_Western_Group2;24;3;2026-08-07;2026-09-25;27;88.89
3;v26;Norway_3rdDivision_Group1;24;3;2026-08-08;2026-09-26;27;88.89
4;v26;Germany_Oberliga_SchleswigHolstein;24;4;2026-08-30;2026-09-27;28;85.71
5;v26;Finland_Kolmonen_Southern_Group2;24;5;2026-08-07;2026-09-25;29;82.76
6;v26;Norway_OBOSLigaen;21;7;2026-08-09;2026-09-20;28;75.0
7;v26;Germany_Oberliga_RheinlandPfalzSaar;21;9;2026-09-04;2026-09-26;30;70.0
8;v26;Norway_3rdDivision_Group2;18;8;2026-08-08;2026-09-26;26;69.23
9;v26;Norway_3rdDivision_Group3;17;4;2026-08-08;2026-09-26;21;80.95
10;v26;Norway_3rdDivision_Group4;17;4;2026-08-07;2026-09-26;21;80.95
11;v26;Estonia_EsiliigaB;17;5;2026-08-09;2026-09-19;22;77.27
12;v26;Sweden_Division2_Norrland;17;5;2026-08-08;2026-09-27;22;77.27
13;v26;Finland_Kolmonen_Eastern_Group3;16;1;2026-08-07;2026-09-24;17;94.12
14;v26;FaroeIslands_1Deild;16;3;2026-08-08;2026-09-19;19;84.21
15;v26;Austria_Salzburg;16;4;2026-09-04;2026-09-27;20;80.0
16;v26;Norway_2ndDivision_Group2;16;5;2026-08-08;2026-09-27;21;76.19
17;v26;Finland_Kolmonen_Southern_Group3;15;2;2026-08-07;2026-09-25;17;88.24
18;v26;Norway_3rdDivision_Group6;15;3;2026-08-08;2026-09-26;18;83.33
19;v26;Iceland_BestaDeildKarla;15;5;2026-08-09;2026-09-20;20;75.0
20;v26;Netherlands_EersteDivisie;15;8;2026-09-11;2026-09-27;23;65.22
21;v26;CzechRepublic_4Liga_GroupF;14;1;2026-09-12;2026-09-27;15;93.33
22;v26;Finland_Kolmonen_North;14;3;2026-08-08;2026-09-19;17;82.35
23;v26;Estonia_Esiliiga;14;4;2026-08-08;2026-09-21;18;77.78
24;v26;Austria_Karnten;13;1;2026-09-04;2026-09-26;14;92.86
25;v26;USA_MLS;13;3;2026-08-16;2026-09-28;16;81.25
26;v26;Germany_Regionalliga_Nordost;13;4;2026-08-25;2026-09-26;17;76.47
27;v26;CzechRepublic_4Liga_GroupB;13;7;2026-09-12;2026-09-26;20;65.0
28;v26;Germany_Oberliga_Hamburg;13;9;2026-09-04;2026-09-27;22;59.09
29;v26;Belarus_PershayaLiga;12;1;2026-08-09;2026-09-26;13;92.31
30;v26;Finland_Kolmonen_Southern_Group1;12;2;2026-08-12;2026-09-25;14;85.71
31;v26;Poland_IIILiga_Group1;12;5;2026-09-04;2026-09-26;17;70.59
32;v26;Poland_IIILiga_Group2;12;5;2026-09-05;2026-09-26;17;70.59
33;v26;CzechRepublic_4Liga_GroupC;12;6;2026-09-12;2026-09-27;18;66.67
34;v26;Germany_Oberliga_Hessen;11;1;2026-09-04;2026-09-26;12;91.67
35;v26;Latvia_NakotnesLiga;11;2;2026-08-08;2026-09-19;13;84.62
36;v26;Switzerland_SuperLeague;11;2;2026-09-01;2026-09-20;13;84.62
37;v26;Germany_Oberliga_Bayern_Sud;11;4;2026-08-18;2026-09-26;15;73.33
38;v26;Germany_Regionalliga_Nord;11;5;2026-08-30;2026-09-26;16;68.75
39;v26;Austria_Regionalliga_North;11;6;2026-09-04;2026-09-26;17;64.71
40;v26;Finland_Kolmonen_Western_Group3;10;1;2026-08-13;2026-09-18;11;90.91
41;v26;Sweden_Division2_SodraGotaland;10;3;2026-08-08;2026-09-27;13;76.92
42;v26;Iceland_Division_2;10;4;2026-08-08;2026-08-28;14;71.43
43;v26;Germany_Oberliga_BadenWurttemberg;10;6;2026-09-09;2026-09-27;16;62.5
44;v26;Germany_Oberliga_Bremen;10;6;2026-09-12;2026-09-27;16;62.5
45;v26;Germany_Regionalliga_West;10;6;2026-09-01;2026-09-27;16;62.5
46;v26;CzechRepublic_4Liga_GroupE;10;7;2026-09-12;2026-09-27;17;58.82
47;v26;Austria_Regionalliga_South;9;2;2026-09-04;2026-09-26;11;81.82
48;v26;Germany_Oberliga_Niedersachsen;9;3;2026-09-11;2026-09-27;12;75.0
49;v26;Finland_Kolmonen_Eastern_Group2;8;1;2026-08-11;2026-09-19;9;88.89
50;v26;Austria_Regionalliga_West;8;2;2026-09-05;2026-09-26;10;80.0
51;v26;Austria_Tirol;8;8;2026-09-04;2026-09-26;16;50.0
52;v26;Switzerland_PromotionLeague;8;9;2026-09-05;2026-09-26;17;47.06
53;v26;Finland_Kolmonen_Eastern_Group1;7;1;2026-08-14;2026-09-19;8;87.5
54;v26;CzechRepublic_4Liga_GroupA;7;3;2026-09-11;2026-09-27;10;70.0
55;v26;Finland_Kakkonen_GroupC;7;3;2026-08-08;2026-09-06;10;70.0
56;v26;Netherlands_Eredivisie;7;4;2026-09-12;2026-09-20;11;63.64
57;v26;Estonia_Meistriliiga;6;1;2026-08-09;2026-09-20;7;85.71
58;v26;Germany_Oberliga_Westfalen;6;2;2026-09-13;2026-09-27;8;75.0
59;v26;Sweden_Division2_VastraGotaland;6;2;2026-08-07;2026-09-25;8;75.0
60;v26;Denmark_3rdDivision;6;3;2026-09-05;2026-09-26;9;66.67
61;v26;Sweden_Division1_Norra;6;3;2026-08-09;2026-09-26;9;66.67
62;v26;NorthernIreland_NIFLChampionship;6;7;2026-09-04;2026-09-26;13;46.15
63;v26;Germany_Oberliga_Niederrhein;5;0;2026-09-19;2026-09-27;5;100.0
64;v26;Norway_Eliteserien;5;2;2026-08-30;2026-09-20;7;71.43
65;v26;Poland_IIILiga_Group3;5;2;2026-09-05;2026-09-19;7;71.43
66;v26;Slovakia_NikeLiga;5;2;2026-09-05;2026-09-20;7;71.43
67;v26;Germany_Oberliga_Bayern_Nord;5;3;2026-08-22;2026-09-26;8;62.5
68;v26;Sweden_Division2_SodraSvealand;5;5;2026-08-08;2026-09-20;10;50.0
69;v26;CzechRepublic_1Liga;4;0;2026-08-30;2026-09-20;4;100.0
70;v26;CzechRepublic_3CFL_GroupA;4;0;2026-09-19;2026-09-26;4;100.0
71;v26;Somalia_NationalLeague;4;0;2026-08-07;2026-08-11;4;100.0
72;v26;Norway_2ndDivision_Group1;4;1;2026-08-08;2026-09-19;5;80.0
73;v26;Peru_Liga1_Clausura;4;1;2026-09-06;2026-09-19;5;80.0
74;v26;Iceland_1DeildWomen;4;2;2026-08-21;2026-08-29;6;66.67
75;v26;Sweden_Division2_NorraSvealand;4;2;2026-08-16;2026-09-26;6;66.67
76;v26;Bolivia_DivisionProfesional;4;3;2026-08-07;2026-09-18;7;57.14
77;v26;Germany_Regionalliga_Bayern;4;3;2026-09-04;2026-09-26;7;57.14
78;v26;Germany_Regionalliga_Sudwest;4;3;2026-09-08;2026-09-26;7;57.14
79;v26;Iceland_Division_1;4;3;2026-08-08;2026-09-19;7;57.14
80;v26;Moldova_Liga1_GroupA;4;3;2026-09-04;2026-09-19;7;57.14
81;v26;Poland_Division2;4;3;2026-09-04;2026-09-19;7;57.14
82;v26;Sweden_Division1_Sodra;4;3;2026-08-08;2026-09-16;7;57.14
83;v26;Austria_Oberosterreich;4;4;2026-09-04;2026-09-25;8;50.0
84;v26;Finland_Ykkonen;4;4;2026-08-07;2026-08-29;8;50.0
85;v26;Germany_3Liga;4;4;2026-09-15;2026-09-20;8;50.0
86;v26;Austria_2Liga;3;0;2026-09-12;2026-09-18;3;100.0
87;v26;Kyrgyzstan_PremierLiga;3;0;2026-08-15;2026-09-18;3;100.0
88;v26;Netherlands_EredivisieWomen;3;0;2026-09-26;2026-09-27;3;100.0
89;v26;USA_MLSNextPro_EasternConference_NortheastDivision;3;0;2026-08-09;2026-09-05;3;100.0
90;v26;Wales_CymruSouth;3;0;2026-09-11;2026-09-25;3;100.0
91;v26;CzechRepublic_4Liga_GroupD;3;1;2026-09-12;2026-09-27;4;75.0
92;v26;England_Championship;3;1;2026-09-15;2026-09-20;4;75.0
93;v26;Iceland_BestaDeildKvenna;3;1;2026-09-05;2026-09-27;4;75.0
94;v26;Kazakhstan_FirstLeague;3;1;2026-08-13;2026-09-11;4;75.0
95;v26;Slovakia_2Liga;3;1;2026-08-30;2026-09-26;4;75.0
96;v26;USA_MLSNextPro_EasternConference_SoutheastDivision;3;1;2026-08-10;2026-08-31;4;75.0
97;v26;Wales_CymruPremier;3;1;2026-09-04;2026-09-26;4;75.0
98;v26;Austria_Burgenland;3;2;2026-09-11;2026-09-25;5;60.0
99;v26;Denmark_2ndDivision;3;2;2026-09-06;2026-09-26;5;60.0
100;v26;Finland_Kakkonen_GroupA;3;2;2026-08-08;2026-09-04;5;60.0
101;v26;Poland_IIILiga_Group4;3;2;2026-09-19;2026-09-27;5;60.0
102;v26;Mexico_LigaExpansionMX_Apertura;3;3;2026-08-30;2026-09-21;6;50.0
103;v26;Slovakia_3Liga_West;3;3;2026-09-12;2026-09-27;6;50.0
104;v26;Switzerland_ChallengeLeague;2;0;2026-09-18;2026-09-18;2;100.0
105;v26;Armenia_FirstLeague;2;1;2026-09-13;2026-09-22;3;66.67
106;v26;Finland_Kakkonen_GroupB;2;1;2026-08-08;2026-08-22;3;66.67
107;v26;Finland_Kolmonen_Western_Group1;2;1;2026-08-15;2026-08-29;3;66.67
108;v26;Japan_J1League;2;1;2026-09-12;2026-09-19;3;66.67
109;v26;Paraguay_DivisionIntermedia;2;1;2026-09-13;2026-09-28;3;66.67
110;v26;Poland_Division1;2;1;2026-08-30;2026-09-14;3;66.67
111;v26;Germany_2Bundesliga;2;2;2026-09-19;2026-09-20;4;50.0
112;v26;USA_MLSNextPro_WesternConference_CentralDivision;2;2;2026-08-09;2026-08-10;4;50.0
113;v26;Austria_Regionalliga_East;2;3;2026-09-04;2026-09-25;5;40.0
114;v26;CzechRepublic_3MSFL;2;3;2026-09-02;2026-09-25;5;40.0
115;v26;Austria_Vorarlberg;1;0;2026-09-26;2026-09-26;1;100.0
116;v26;Bhutan_PremierLeague;1;0;2026-09-19;2026-09-19;1;100.0
117;v26;England_IsthmianLeaguePremierDivision;1;0;2026-09-22;2026-09-22;1;100.0
118;v26;England_NPLPremierDivision;1;0;2026-09-22;2026-09-22;1;100.0
119;v26;England_SouthernLeaguePremierSouth;1;0;2026-09-22;2026-09-22;1;100.0
120;v26;Estonia_MeistriliigaWomen;1;0;2026-09-20;2026-09-20;1;100.0
121;v26;France_Ligue2;1;0;2026-09-19;2026-09-19;1;100.0
122;v26;Georgia_ErovnuliLiga;1;0;2026-09-21;2026-09-21;1;100.0
123;v26;Germany_Oberliga_NOFV_Nord;1;0;2026-09-27;2026-09-27;1;100.0
124;v26;Germany_Oberliga_NOFV_Sud;1;0;2026-09-25;2026-09-25;1;100.0
125;v26;Hungary_NBI;1;0;2026-09-20;2026-09-20;1;100.0
126;v26;Italy_SerieC_GironeA;1;0;2026-09-27;2026-09-27;1;100.0
127;v26;Latvia_Virsliga;1;0;2026-08-09;2026-08-09;1;100.0
128;v26;Lithuania_ILyga;1;0;2026-09-05;2026-09-05;1;100.0
129;v26;Moldova_SuperLiga;1;0;2026-08-30;2026-08-30;1;100.0
130;v26;NorthMacedonia_1MFL;1;0;2026-09-18;2026-09-18;1;100.0
131;v26;Serbia_SuperLiga;1;0;2026-09-06;2026-09-06;1;100.0
132;v26;Slovenia_2SNL;1;0;2026-09-11;2026-09-11;1;100.0
133;v26;SriLanka_SuperLeague;1;0;2026-08-22;2026-08-22;1;100.0
134;v26;USA_MLSNextPro_WesternConference_PacificDivision;1;0;2026-08-21;2026-08-21;1;100.0
135;v26;Bosnia_PrvaLiga_FBiH;1;1;2026-09-20;2026-09-26;2;50.0
136;v26;CzechRepublic_3CFL_GroupB;1;1;2026-09-20;2026-09-26;2;50.0
137;v26;Hungary_NBII;1;1;2026-09-05;2026-09-07;2;50.0
138;v26;Mexico_LigaMX_Apertura;1;1;2026-08-31;2026-09-13;2;50.0
139;v26;Russia_FNL;1;1;2026-08-30;2026-09-05;2;50.0
140;v26;Russia_PremierLeague;1;1;2026-08-30;2026-09-06;2;50.0
141;v26;Sweden_Allsvenskan;1;1;2026-08-10;2026-08-31;2;50.0
142;v26;USA_USLLeagueOne;1;1;2026-08-20;2026-09-03;2;50.0
143;v26;Wales_CymruNorth;1;1;2026-09-15;2026-09-25;2;50.0
144;v26;Austria_Niederosterreich;1;2;2026-09-11;2026-09-25;3;33.33
145;v26;Romania_Liga2;1;2;2026-09-19;2026-09-19;3;33.33
146;v26;Belgium_JupilerProLeague;1;3;2026-09-12;2026-09-20;4;25.0
147;v26;England_LeagueOne;1;3;2026-09-19;2026-09-26;4;25.0
148;v26;Poland_Ekstraklasa;0;4;2026-09-05;2026-09-11;4;0.0
149;v26;Scotland_Premiership;0;2;2026-09-09;2026-09-19;2;0.0
150;v26;Sweden_Superettan;0;2;2026-08-09;2026-09-13;2;0.0
151;v26;Turkey_1Lig;0;2;2026-09-13;2026-09-20;2;0.0
152;v26;Bosnia_PrvaLiga_RS;0;1;2026-09-23;2026-09-23;1;0.0
153;v26;Bulgaria_ParvaLiga;0;1;2026-09-16;2026-09-16;1;0.0
154;v26;CzechRepublic_ChNL;0;1;2026-09-13;2026-09-13;1;0.0
155;v26;Denmark_1stDivision;0;1;2026-09-11;2026-09-11;1;0.0
156;v26;Denmark_Superliga;0;1;2026-09-11;2026-09-11;1;0.0
157;v26;England_SouthernLeaguePremierCentral;0;1;2026-09-22;2026-09-22;1;0.0
158;v26;Portugal_LigaPortugal;0;1;2026-09-20;2026-09-20;1;0.0
159;v26;Serbia_PrvaLiga;0;1;2026-09-05;2026-09-05;1;0.0
1;v26def;Germany_Oberliga_SchleswigHolstein;18;4;2026-09-05;2026-09-27;22;81.82
2;v26def;Germany_Oberliga_RheinlandPfalzSaar;15;5;2026-09-04;2026-09-26;20;75.0
3;v26def;Norway_3rdDivision_Group5;15;6;2026-08-16;2026-09-27;21;71.43
4;v26def;Netherlands_EersteDivisie;14;6;2026-09-11;2026-09-27;20;70.0
5;v26def;Finland_Kolmonen_Southern_Group2;13;3;2026-08-20;2026-09-25;16;81.25
6;v26def;Norway_3rdDivision_Group1;13;3;2026-08-29;2026-09-26;16;81.25
7;v26def;Austria_Salzburg;12;2;2026-09-04;2026-09-27;14;85.71
8;v26def;Finland_Kolmonen_Western_Group2;11;2;2026-08-20;2026-09-25;13;84.62
9;v26def;Norway_OBOSLigaen;11;4;2026-08-26;2026-09-20;15;73.33
10;v26def;Switzerland_SuperLeague;10;2;2026-09-01;2026-09-20;12;83.33
11;v26def;Estonia_EsiliigaB;10;3;2026-08-16;2026-09-19;13;76.92
12;v26def;CzechRepublic_4Liga_GroupB;10;4;2026-09-12;2026-09-26;14;71.43
13;v26def;CzechRepublic_4Liga_GroupC;10;4;2026-09-12;2026-09-27;14;71.43
14;v26def;Norway_3rdDivision_Group3;10;4;2026-08-17;2026-09-26;14;71.43
15;v26def;Germany_Oberliga_Hamburg;10;7;2026-09-04;2026-09-27;17;58.82
16;v26def;Finland_Kolmonen_Eastern_Group3;9;0;2026-08-20;2026-09-24;9;100.0
17;v26def;Austria_Karnten;9;1;2026-09-04;2026-09-26;10;90.0
18;v26def;CzechRepublic_4Liga_GroupF;9;1;2026-09-12;2026-09-27;10;90.0
19;v26def;Norway_3rdDivision_Group6;9;1;2026-08-17;2026-09-26;10;90.0
20;v26def;Sweden_Division2_Norrland;9;2;2026-08-21;2026-09-27;11;81.82
21;v26def;Iceland_BestaDeildKarla;9;5;2026-08-17;2026-09-20;14;64.29
22;v26def;Finland_Kolmonen_Southern_Group3;8;1;2026-08-16;2026-09-25;9;88.89
23;v26def;FaroeIslands_1Deild;8;2;2026-08-22;2026-09-19;10;80.0
24;v26def;Germany_Regionalliga_Nord;8;3;2026-08-30;2026-09-20;11;72.73
25;v26def;Poland_IIILiga_Group1;8;3;2026-09-04;2026-09-26;11;72.73
26;v26def;USA_MLS;8;3;2026-08-16;2026-09-21;11;72.73
27;v26def;Belarus_PershayaLiga;7;1;2026-08-16;2026-09-26;8;87.5
28;v26def;CzechRepublic_4Liga_GroupA;7;1;2026-09-11;2026-09-27;8;87.5
29;v26def;Finland_Kolmonen_Southern_Group1;7;1;2026-08-16;2026-09-25;8;87.5
30;v26def;Germany_Oberliga_Bremen;7;1;2026-09-12;2026-09-27;8;87.5
31;v26def;Germany_Oberliga_Hessen;7;1;2026-09-04;2026-09-26;8;87.5
32;v26def;Germany_Oberliga_Niedersachsen;7;1;2026-09-12;2026-09-27;8;87.5
33;v26def;Norway_3rdDivision_Group4;7;2;2026-08-17;2026-09-26;9;77.78
34;v26def;Norway_3rdDivision_Group2;7;3;2026-08-31;2026-09-26;10;70.0
35;v26def;Poland_IIILiga_Group2;7;3;2026-09-05;2026-09-26;10;70.0
36;v26def;Austria_Regionalliga_West;6;1;2026-09-06;2026-09-26;7;85.71
37;v26def;Finland_Kolmonen_Eastern_Group2;6;1;2026-08-19;2026-09-19;7;85.71
38;v26def;Estonia_Esiliiga;6;2;2026-08-20;2026-09-21;8;75.0
39;v26def;Germany_Oberliga_Bayern_Sud;6;2;2026-08-18;2026-09-26;8;75.0
40;v26def;Netherlands_Eredivisie;6;4;2026-09-12;2026-09-20;10;60.0
41;v26def;Switzerland_PromotionLeague;6;4;2026-09-05;2026-09-26;10;60.0
42;v26def;Austria_Tirol;6;5;2026-09-04;2026-09-25;11;54.55
43;v26def;Germany_Regionalliga_West;6;5;2026-09-01;2026-09-27;11;54.55
44;v26def;Latvia_NakotnesLiga;5;0;2026-08-22;2026-09-14;5;100.0
45;v26def;Sweden_Division2_SodraGotaland;5;0;2026-08-22;2026-09-27;5;100.0
46;v26def;Germany_Oberliga_Westfalen;5;1;2026-09-13;2026-09-27;6;83.33
47;v26def;Germany_Regionalliga_Nordost;5;1;2026-08-26;2026-09-20;6;83.33
48;v26def;Norway_2ndDivision_Group2;5;2;2026-08-16;2026-09-26;7;71.43
49;v26def;Germany_Oberliga_BadenWurttemberg;5;3;2026-09-09;2026-09-27;8;62.5
50;v26def;Finland_Kakkonen_GroupC;4;0;2026-08-22;2026-09-06;4;100.0
51;v26def;Austria_Regionalliga_South;4;1;2026-09-11;2026-09-26;5;80.0
52;v26def;Finland_Kolmonen_Eastern_Group1;4;1;2026-08-28;2026-09-19;5;80.0
53;v26def;Finland_Kolmonen_Western_Group3;4;1;2026-08-28;2026-09-18;5;80.0
54;v26def;Iceland_Division_2;4;1;2026-08-22;2026-08-27;5;80.0
55;v26def;CzechRepublic_4Liga_GroupE;4;4;2026-09-12;2026-09-26;8;50.0
56;v26def;NorthernIreland_NIFLChampionship;4;5;2026-09-04;2026-09-26;9;44.44
57;v26def;Estonia_Meistriliiga;3;0;2026-09-08;2026-09-20;3;100.0
58;v26def;Finland_Ykkonen;3;0;2026-08-16;2026-08-29;3;100.0
59;v26def;Germany_Oberliga_Niederrhein;3;0;2026-09-25;2026-09-27;3;100.0
60;v26def;Denmark_3rdDivision;3;1;2026-09-13;2026-09-26;4;75.0
61;v26def;Finland_Kolmonen_North;3;1;2026-08-22;2026-09-12;4;75.0
62;v26def;Iceland_1DeildWomen;3;1;2026-08-22;2026-08-29;4;75.0
63;v26def;Peru_Liga1_Clausura;3;1;2026-09-06;2026-09-18;4;75.0
64;v26def;Germany_3Liga;3;2;2026-09-15;2026-09-20;5;60.0
65;v26def;Germany_Regionalliga_Bayern;3;2;2026-09-04;2026-09-19;5;60.0
66;v26def;Germany_Regionalliga_Sudwest;3;2;2026-09-08;2026-09-26;5;60.0
67;v26def;Norway_Eliteserien;3;2;2026-08-30;2026-09-19;5;60.0
68;v26def;Poland_Division2;3;2;2026-09-06;2026-09-19;5;60.0
69;v26def;Slovakia_NikeLiga;3;2;2026-09-05;2026-09-20;5;60.0
70;v26def;Moldova_Liga1_GroupA;3;3;2026-09-04;2026-09-19;6;50.0
71;v26def;Austria_2Liga;2;0;2026-09-12;2026-09-18;2;100.0
72;v26def;Iceland_Division_1;2;0;2026-08-17;2026-08-21;2;100.0
73;v26def;Poland_Division1;2;0;2026-09-11;2026-09-14;2;100.0
74;v26def;Sweden_Division1_Norra;2;0;2026-09-12;2026-09-25;2;100.0
75;v26def;USA_MLSNextPro_EasternConference_NortheastDivision;2;0;2026-08-24;2026-09-05;2;100.0
76;v26def;Wales_CymruSouth;2;0;2026-09-11;2026-09-25;2;100.0
77;v26def;Iceland_BestaDeildKvenna;2;1;2026-09-05;2026-09-27;3;66.67
78;v26def;Mexico_LigaExpansionMX_Apertura;2;1;2026-09-13;2026-09-21;3;66.67
79;v26def;Poland_IIILiga_Group4;2;1;2026-09-19;2026-09-27;3;66.67
80;v26def;Slovakia_2Liga;2;1;2026-08-30;2026-09-26;3;66.67
81;v26def;Sweden_Division1_Sodra;2;1;2026-08-16;2026-09-12;3;66.67
82;v26def;Sweden_Division2_NorraSvealand;2;1;2026-09-12;2026-09-19;3;66.67
83;v26def;Sweden_Division2_VastraGotaland;2;1;2026-09-06;2026-09-25;3;66.67
84;v26def;Wales_CymruPremier;2;1;2026-09-04;2026-09-18;3;66.67
85;v26def;Poland_IIILiga_Group3;2;2;2026-09-06;2026-09-19;4;50.0
86;v26def;Austria_Oberosterreich;2;3;2026-09-15;2026-09-19;5;40.0
87;v26def;Austria_Regionalliga_North;2;3;2026-09-04;2026-09-25;5;40.0
88;v26def;Germany_Oberliga_Bayern_Nord;2;3;2026-08-29;2026-09-25;5;40.0
89;v26def;Sweden_Division2_SodraSvealand;2;3;2026-08-23;2026-09-20;5;40.0
90;v26def;Austria_Vorarlberg;1;0;2026-09-26;2026-09-26;1;100.0
91;v26def;CzechRepublic_1Liga;1;0;2026-09-05;2026-09-05;1;100.0
92;v26def;CzechRepublic_3CFL_GroupA;1;0;2026-09-19;2026-09-19;1;100.0
93;v26def;CzechRepublic_3CFL_GroupB;1;0;2026-09-20;2026-09-20;1;100.0
94;v26def;CzechRepublic_4Liga_GroupD;1;0;2026-09-13;2026-09-13;1;100.0
95;v26def;Denmark_2ndDivision;1;0;2026-09-06;2026-09-06;1;100.0
96;v26def;England_Championship;1;0;2026-09-20;2026-09-20;1;100.0
97;v26def;England_IsthmianLeaguePremierDivision;1;0;2026-09-22;2026-09-22;1;100.0
98;v26def;England_NPLPremierDivision;1;0;2026-09-22;2026-09-22;1;100.0
99;v26def;England_SouthernLeaguePremierSouth;1;0;2026-09-22;2026-09-22;1;100.0
100;v26def;Estonia_MeistriliigaWomen;1;0;2026-09-20;2026-09-20;1;100.0
101;v26def;Georgia_ErovnuliLiga;1;0;2026-09-21;2026-09-21;1;100.0
102;v26def;Hungary_NBI;1;0;2026-09-20;2026-09-20;1;100.0
103;v26def;Italy_SerieC_GironeA;1;0;2026-09-27;2026-09-27;1;100.0
104;v26def;Kazakhstan_FirstLeague;1;0;2026-09-11;2026-09-11;1;100.0
105;v26def;Kyrgyzstan_PremierLiga;1;0;2026-08-23;2026-08-23;1;100.0
106;v26def;Mexico_LigaMX_Apertura;1;0;2026-08-31;2026-08-31;1;100.0
107;v26def;Netherlands_EredivisieWomen;1;0;2026-09-26;2026-09-26;1;100.0
108;v26def;NorthMacedonia_1MFL;1;0;2026-09-18;2026-09-18;1;100.0
109;v26def;Russia_FNL;1;0;2026-08-30;2026-08-30;1;100.0
110;v26def;Slovenia_2SNL;1;0;2026-09-11;2026-09-11;1;100.0
111;v26def;Switzerland_ChallengeLeague;1;0;2026-09-18;2026-09-18;1;100.0
112;v26def;USA_MLSNextPro_WesternConference_PacificDivision;1;0;2026-08-21;2026-08-21;1;100.0
113;v26def;Armenia_FirstLeague;1;1;2026-09-13;2026-09-22;2;50.0
114;v26def;Austria_Burgenland;1;1;2026-09-11;2026-09-18;2;50.0
115;v26def;Austria_Niederosterreich;1;1;2026-09-11;2026-09-25;2;50.0
116;v26def;Bolivia_DivisionProfesional;1;1;2026-09-04;2026-09-12;2;50.0
117;v26def;CzechRepublic_3MSFL;1;1;2026-09-02;2026-09-13;2;50.0
118;v26def;England_LeagueOne;1;1;2026-09-19;2026-09-26;2;50.0
119;v26def;Germany_2Bundesliga;1;1;2026-09-20;2026-09-20;2;50.0
120;v26def;Hungary_NBII;1;1;2026-09-05;2026-09-07;2;50.0
121;v26def;Norway_2ndDivision_Group1;1;1;2026-08-16;2026-09-19;2;50.0
122;v26def;Romania_Liga2;1;1;2026-09-19;2026-09-19;2;50.0
123;v26def;Wales_CymruNorth;1;1;2026-09-15;2026-09-25;2;50.0
124;v26def;Slovakia_3Liga_West;1;3;2026-09-19;2026-09-27;4;25.0
125;v26def;Poland_Ekstraklasa;0;2;2026-09-05;2026-09-06;2;0.0
126;v26def;Turkey_1Lig;0;2;2026-09-13;2026-09-20;2;0.0
127;v26def;Belgium_JupilerProLeague;0;1;2026-09-20;2026-09-20;1;0.0
128;v26def;Bosnia_PrvaLiga_FBiH;0;1;2026-09-26;2026-09-26;1;0.0
129;v26def;CzechRepublic_ChNL;0;1;2026-09-13;2026-09-13;1;0.0
130;v26def;Denmark_1stDivision;0;1;2026-09-11;2026-09-11;1;0.0
131;v26def;England_SouthernLeaguePremierCentral;0;1;2026-09-22;2026-09-22;1;0.0
132;v26def;Finland_Kakkonen_GroupA;0;1;2026-08-22;2026-08-22;1;0.0
133;v26def;Finland_Kakkonen_GroupB;0;1;2026-08-22;2026-08-22;1;0.0
134;v26def;Japan_J1League;0;1;2026-09-12;2026-09-12;1;0.0
135;v26def;Paraguay_DivisionIntermedia;0;1;2026-09-13;2026-09-13;1;0.0
136;v26def;Portugal_LigaPortugal;0;1;2026-09-20;2026-09-20;1;0.0
137;v26def;Russia_PremierLeague;0;1;2026-09-06;2026-09-06;1;0.0
138;v26def;Sweden_Allsvenskan;0;1;2026-08-31;2026-08-31;1;0.0
139;v26def;USA_USLLeagueOne;0;1;2026-08-20;2026-08-20;1;0.0
1;v30;Austria_Regionalliga_West;3;1;2026-09-18;2026-09-26;4;75.0
2;v30;Austria_Karnten;2;0;2026-09-25;2026-09-26;2;100.0
3;v30;Austria_Oberosterreich;2;0;2026-09-25;2026-09-25;2;100.0
4;v30;Germany_Oberliga_BadenWurttemberg;2;0;2026-09-20;2026-09-27;2;100.0
5;v30;Poland_IIILiga_Group1;2;0;2026-09-12;2026-09-19;2;100.0
6;v30;Austria_Salzburg;2;1;2026-09-18;2026-09-25;3;66.67
7;v30;Germany_Oberliga_Hamburg;2;1;2026-09-20;2026-09-27;3;66.67
8;v30;CzechRepublic_1Liga;1;0;2026-09-20;2026-09-20;1;100.0
9;v30;CzechRepublic_3CFL_GroupA;1;0;2026-09-26;2026-09-26;1;100.0
10;v30;CzechRepublic_4Liga_GroupB;1;0;2026-09-26;2026-09-26;1;100.0
11;v30;CzechRepublic_4Liga_GroupF;1;0;2026-09-26;2026-09-26;1;100.0
12;v30;CzechRepublic_ChNL;1;0;2026-09-18;2026-09-18;1;100.0
13;v30;England_IsthmianLeaguePremierDivision;1;0;2026-09-22;2026-09-22;1;100.0
14;v30;Germany_Oberliga_Niedersachsen;1;0;2026-09-27;2026-09-27;1;100.0
15;v30;Germany_Oberliga_SchleswigHolstein;1;0;2026-09-20;2026-09-20;1;100.0
16;v30;Germany_Regionalliga_Nord;1;0;2026-09-15;2026-09-15;1;100.0
17;v30;Mexico_LigaExpansionMX_Apertura;1;0;2026-09-21;2026-09-21;1;100.0
18;v30;Moldova_Liga1_GroupA;1;0;2026-09-19;2026-09-19;1;100.0
19;v30;Poland_Ekstraklasa;1;0;2026-09-19;2026-09-19;1;100.0
20;v30;Austria_Regionalliga_North;1;1;2026-09-18;2026-09-19;2;50.0
21;v30;Germany_Regionalliga_West;1;1;2026-09-18;2026-09-18;2;50.0
22;v30;Serbia_PrvaLiga;1;1;2026-09-12;2026-09-13;2;50.0
23;v30;Germany_Oberliga_RheinlandPfalzSaar;0;2;2026-09-17;2026-09-26;2;0.0
24;v30;Bulgaria_ParvaLiga;0;1;2026-09-16;2026-09-16;1;0.0
25;v30;Bulgaria_VtoraLiga;0;1;2026-09-27;2026-09-27;1;0.0
26;v30;CzechRepublic_4Liga_GroupE;0;1;2026-09-26;2026-09-26;1;0.0
27;v30;England_SouthernLeaguePremierCentral;0;1;2026-09-22;2026-09-22;1;0.0
28;v30;Germany_Oberliga_Bremen;0;1;2026-09-26;2026-09-26;1;0.0
29;v30;Switzerland_SuperLeague;0;1;2026-09-19;2026-09-19;1;0.0
1;v31;Austria_Salzburg;6;2;2026-09-18;2026-09-26;8;75.0
2;v31;Austria_Karnten;5;0;2026-09-18;2026-09-26;5;100.0
3;v31;Germany_Oberliga_SchleswigHolstein;4;0;2026-09-12;2026-09-26;4;100.0
4;v31;Austria_Regionalliga_West;4;1;2026-09-18;2026-09-26;5;80.0
5;v31;Austria_Regionalliga_North;3;1;2026-09-19;2026-09-26;4;75.0
6;v31;Germany_Oberliga_Hamburg;3;1;2026-09-20;2026-09-27;4;75.0
7;v31;CzechRepublic_4Liga_GroupF;2;0;2026-09-26;2026-09-27;2;100.0
8;v31;Germany_Regionalliga_Nordost;2;0;2026-09-13;2026-09-16;2;100.0
9;v31;Poland_Division2;2;1;2026-09-12;2026-09-19;3;66.67
10;v31;Poland_IIILiga_Group1;2;1;2026-09-12;2026-09-19;3;66.67
11;v31;CzechRepublic_4Liga_GroupB;2;2;2026-09-25;2026-09-26;4;50.0
12;v31;Austria_Burgenland;1;0;2026-09-25;2026-09-25;1;100.0
13;v31;Austria_Tirol;1;0;2026-09-19;2026-09-19;1;100.0
14;v31;CzechRepublic_1Liga;1;0;2026-09-20;2026-09-20;1;100.0
15;v31;CzechRepublic_3CFL_GroupA;1;0;2026-09-26;2026-09-26;1;100.0
16;v31;CzechRepublic_4Liga_GroupC;1;0;2026-09-26;2026-09-26;1;100.0
17;v31;England_SouthernLeaguePremierSouth;1;0;2026-09-22;2026-09-22;1;100.0
18;v31;Germany_Oberliga_Hessen;1;0;2026-09-12;2026-09-12;1;100.0
19;v31;Germany_Regionalliga_Nord;1;0;2026-09-15;2026-09-15;1;100.0
20;v31;Turkey_1Lig;1;0;2026-09-19;2026-09-19;1;100.0
21;v31;CzechRepublic_4Liga_GroupE;1;1;2026-09-26;2026-09-26;2;50.0
22;v31;Germany_Oberliga_RheinlandPfalzSaar;1;1;2026-09-17;2026-09-19;2;50.0
23;v31;Mexico_LigaExpansionMX_Apertura;1;1;2026-09-13;2026-09-21;2;50.0
24;v31;Netherlands_EersteDivisie;1;1;2026-09-26;2026-09-26;2;50.0
25;v31;Switzerland_PromotionLeague;1;1;2026-09-19;2026-09-26;2;50.0
26;v31;Switzerland_SuperLeague;1;1;2026-09-13;2026-09-19;2;50.0
27;v31;NorthernIreland_NIFLChampionship;1;2;2026-09-18;2026-09-25;3;33.33
28;v31;Poland_IIILiga_Group2;1;2;2026-09-12;2026-09-19;3;33.33
29;v31;Austria_Oberosterreich;0;1;2026-09-18;2026-09-18;1;0.0
30;v31;England_SouthernLeaguePremierCentral;0;1;2026-09-22;2026-09-22;1;0.0
31;v31;Germany_Oberliga_BadenWurttemberg;0;1;2026-09-19;2026-09-19;1;0.0
32;v31;Germany_Oberliga_Bremen;0;1;2026-09-26;2026-09-26;1;0.0
33;v31;Germany_Oberliga_Westfalen;0;1;2026-09-27;2026-09-27;1;0.0
34;v31;Germany_Regionalliga_Sudwest;0;1;2026-09-19;2026-09-19;1;0.0
35;v31;Germany_Regionalliga_West;0;1;2026-09-12;2026-09-12;1;0.0
36;v31;Moldova_Liga1_GroupA;0;1;2026-09-18;2026-09-18;1;0.0
37;v31;Wales_CymruPremier;0;1;2026-09-18;2026-09-18;1;0.0
1;vg1;Norway_3rdDivision_Group5;5;0;2026-09-14;2026-09-27;5;100.0
2;vg1;Germany_Oberliga_SchleswigHolstein;4;0;2026-09-19;2026-09-26;4;100.0
3;vg1;Norway_3rdDivision_Group1;4;0;2026-09-19;2026-09-26;4;100.0
4;vg1;Austria_Karnten;3;0;2026-09-25;2026-09-26;3;100.0
5;vg1;Austria_Salzburg;3;1;2026-09-18;2026-09-25;4;75.0
6;vg1;Germany_Oberliga_Hamburg;2;0;2026-09-18;2026-09-27;2;100.0
7;vg1;Norway_3rdDivision_Group2;2;0;2026-09-21;2026-09-26;2;100.0
8;vg1;Norway_3rdDivision_Group3;2;0;2026-09-17;2026-09-26;2;100.0
9;vg1;Poland_IIILiga_Group1;2;0;2026-09-19;2026-09-25;2;100.0
10;vg1;Sweden_Division2_Norrland;2;0;2026-09-19;2026-09-26;2;100.0
11;vg1;CzechRepublic_4Liga_GroupB;2;1;2026-09-19;2026-09-26;3;66.67
12;vg1;CzechRepublic_4Liga_GroupC;2;1;2026-09-19;2026-09-26;3;66.67
13;vg1;Germany_Oberliga_Westfalen;2;1;2026-09-20;2026-09-27;3;66.67
14;vg1;Germany_Regionalliga_West;2;1;2026-09-18;2026-09-26;3;66.67
15;vg1;Germany_Oberliga_Hessen;2;2;2026-09-19;2026-09-26;4;50.0
16;vg1;Austria_Burgenland;1;0;2026-09-25;2026-09-25;1;100.0
17;vg1;Austria_Regionalliga_North;1;0;2026-09-19;2026-09-19;1;100.0
18;vg1;Austria_Regionalliga_South;1;0;2026-09-18;2026-09-18;1;100.0
19;vg1;Austria_Regionalliga_West;1;0;2026-09-20;2026-09-20;1;100.0
20;vg1;Belarus_PershayaLiga;1;0;2026-09-19;2026-09-19;1;100.0
21;vg1;CzechRepublic_4Liga_GroupF;1;0;2026-09-27;2026-09-27;1;100.0
22;vg1;Estonia_EsiliigaB;1;0;2026-09-14;2026-09-14;1;100.0
23;vg1;Finland_Kolmonen_Eastern_Group1;1;0;2026-09-19;2026-09-19;1;100.0
24;vg1;Finland_Kolmonen_Eastern_Group3;1;0;2026-09-18;2026-09-18;1;100.0
25;vg1;Finland_Kolmonen_Southern_Group1;1;0;2026-09-24;2026-09-24;1;100.0
26;vg1;Finland_Kolmonen_Southern_Group2;1;0;2026-09-17;2026-09-17;1;100.0
27;vg1;Germany_Oberliga_Niedersachsen;1;0;2026-09-27;2026-09-27;1;100.0
28;vg1;Germany_Regionalliga_Nord;1;0;2026-09-15;2026-09-15;1;100.0
29;vg1;Kyrgyzstan_PremierLiga;1;0;2026-09-18;2026-09-18;1;100.0
30;vg1;Latvia_NakotnesLiga;1;0;2026-09-19;2026-09-19;1;100.0
31;vg1;Mexico_LigaExpansionMX_Apertura;1;0;2026-09-21;2026-09-21;1;100.0
32;vg1;Norway_3rdDivision_Group6;1;0;2026-09-26;2026-09-26;1;100.0
33;vg1;Norway_Eliteserien;1;0;2026-09-19;2026-09-19;1;100.0
34;vg1;Poland_IIILiga_Group2;1;0;2026-09-19;2026-09-19;1;100.0
35;vg1;Russia_PremierLeague;1;0;2026-09-17;2026-09-17;1;100.0
36;vg1;Austria_Regionalliga_East;1;1;2026-09-18;2026-09-25;2;50.0
37;vg1;Finland_Kolmonen_Western_Group2;1;1;2026-09-16;2026-09-25;2;50.0
38;vg1;Netherlands_EersteDivisie;1;1;2026-09-18;2026-09-26;2;50.0
39;vg1;Switzerland_PromotionLeague;1;1;2026-09-19;2026-09-26;2;50.0
40;vg1;Switzerland_SuperLeague;1;1;2026-09-19;2026-09-19;2;50.0
41;vg1;NorthernIreland_NIFLChampionship;0;2;2026-09-18;2026-09-19;2;0.0
42;vg1;CzechRepublic_4Liga_GroupE;0;1;2026-09-26;2026-09-26;1;0.0
43;vg1;England_LeagueOne;0;1;2026-09-19;2026-09-19;1;0.0
44;vg1;England_SouthernLeaguePremierCentral;0;1;2026-09-22;2026-09-22;1;0.0
45;vg1;Germany_Oberliga_BadenWurttemberg;0;1;2026-09-19;2026-09-19;1;0.0
46;vg1;Germany_Regionalliga_Bayern;0;1;2026-09-20;2026-09-20;1;0.0
47;vg1;Moldova_Liga1_GroupA;0;1;2026-09-18;2026-09-18;1;0.0
48;vg1;Netherlands_Eredivisie;0;1;2026-09-20;2026-09-20;1;0.0
49;vg1;Norway_2ndDivision_Group2;0;1;2026-09-19;2026-09-19;1;0.0
50;vg1;Poland_IIILiga_Group3;0;1;2026-09-19;2026-09-19;1;0.0
