Engine;Metric;Rule;Threshold;Penalty;Affected;Overall_OK;Overall_KO;Overall_Total;Overall_HitRate;Removed_OK;Removed_KO;Removed_Total;Removed_HitRate;Train_OK;Train_KO;Train_Total;Train_HitRate;Test_OK;Test_KO;Test_Total;Test_HitRate;NoAU_OK;NoAU_KO;NoAU_Total;NoAU_HitRate;SplitDate;DeltaOverallVsBaseline;DeltaTestVsBaseline;DeltaNoAUVsBaseline;ConfigId
v20;LAST5;AT_LEAST_ONE_STRONG;1.6;12;69;39;6;45;86.6667;56;13;69;81.1594;26;5;31;83.871;13;1;14;92.8571;27;4;31;87.0968;2026-08-07;3.3334;5.6231;-0.0827;v20|LAST5|AT_LEAST_ONE_STRONG|1.60|P12
v20;LAST5;AT_LEAST_ONE_STRONG;1.6;13;69;39;6;45;86.6667;56;13;69;81.1594;26;5;31;83.871;13;1;14;92.8571;27;4;31;87.0968;2026-08-07;3.3334;5.6231;-0.0827;v20|LAST5|AT_LEAST_ONE_STRONG|1.60|P13
v20;LAST5;AT_LEAST_ONE_STRONG;1.6;14;69;39;6;45;86.6667;56;13;69;81.1594;26;5;31;83.871;13;1;14;92.8571;27;4;31;87.0968;2026-08-07;3.3334;5.6231;-0.0827;v20|LAST5|AT_LEAST_ONE_STRONG|1.60|P14
v20;LAST5;AT_LEAST_ONE_STRONG;1.6;15;69;39;6;45;86.6667;56;13;69;81.1594;26;5;31;83.871;13;1;14;92.8571;27;4;31;87.0968;2026-08-07;3.3334;5.6231;-0.0827;v20|LAST5|AT_LEAST_ONE_STRONG|1.60|P15
v20;LAST5;AT_LEAST_ONE_STRONG;1.6;11;69;40;7;47;85.1064;55;12;67;82.0896;27;6;33;81.8182;13;1;14;92.8571;27;4;31;87.0968;2026-08-07;1.7731;5.6231;-0.0827;v20|LAST5|AT_LEAST_ONE_STRONG|1.60|P11
v20;LAST5;AT_LEAST_ONE_STRONG;1.6;3;69;72;11;83;86.747;23;8;31;74.1935;42;8;50;84.0;30;3;33;90.9091;49;5;54;90.7407;2026-08-07;3.4137;3.6751;3.5612;v20|LAST5|AT_LEAST_ONE_STRONG|1.60|P3
v20;SEASON;AT_LEAST_ONE_STRONG;1.5;12;49;57;8;65;87.6923;38;11;49;77.551;38;6;44;86.3636;19;2;21;90.4762;42;6;48;87.5;2026-08-07;4.359;3.2422;0.3205;v20|SEASON|AT_LEAST_ONE_STRONG|1.50|P12
v20;SEASON;AT_LEAST_ONE_STRONG;1.5;13;49;57;8;65;87.6923;38;11;49;77.551;38;6;44;86.3636;19;2;21;90.4762;42;6;48;87.5;2026-08-07;4.359;3.2422;0.3205;v20|SEASON|AT_LEAST_ONE_STRONG|1.50|P13
v20;SEASON;AT_LEAST_ONE_STRONG;1.5;14;49;57;8;65;87.6923;38;11;49;77.551;38;6;44;86.3636;19;2;21;90.4762;42;6;48;87.5;2026-08-07;4.359;3.2422;0.3205;v20|SEASON|AT_LEAST_ONE_STRONG|1.50|P14
v20;SEASON;AT_LEAST_ONE_STRONG;1.5;15;49;57;8;65;87.6923;38;11;49;77.551;38;6;44;86.3636;19;2;21;90.4762;42;6;48;87.5;2026-08-07;4.359;3.2422;0.3205;v20|SEASON|AT_LEAST_ONE_STRONG|1.50|P15
v20;SEASON;AT_LEAST_ONE_STRONG;1.5;11;49;58;9;67;86.5672;37;10;47;78.7234;39;7;46;84.7826;19;2;21;90.4762;42;6;48;87.5;2026-08-07;3.2339;3.2422;0.3205;v20|SEASON|AT_LEAST_ONE_STRONG|1.50|P11
v20;SEASON;HOME_STRONG;1.5;12;48;57;9;66;86.3636;38;10;48;79.1667;38;7;45;84.4444;19;2;21;90.4762;42;7;49;85.7143;2026-08-07;3.0303;3.2422;-1.4652;v20|SEASON|HOME_STRONG|1.50|P12
v20;SEASON;HOME_STRONG;1.5;13;48;57;9;66;86.3636;38;10;48;79.1667;38;7;45;84.4444;19;2;21;90.4762;42;7;49;85.7143;2026-08-07;3.0303;3.2422;-1.4652;v20|SEASON|HOME_STRONG|1.50|P13
v20;SEASON;HOME_STRONG;1.5;14;48;57;9;66;86.3636;38;10;48;79.1667;38;7;45;84.4444;19;2;21;90.4762;42;7;49;85.7143;2026-08-07;3.0303;3.2422;-1.4652;v20|SEASON|HOME_STRONG|1.50|P14
v20;SEASON;HOME_STRONG;1.5;15;48;57;9;66;86.3636;38;10;48;79.1667;38;7;45;84.4444;19;2;21;90.4762;42;7;49;85.7143;2026-08-07;3.0303;3.2422;-1.4652;v20|SEASON|HOME_STRONG|1.50|P15
v20;SEASON;HOME_STRONG;1.5;11;48;58;10;68;85.2941;37;9;46;80.4348;39;8;47;82.9787;19;2;21;90.4762;42;7;49;85.7143;2026-08-07;1.9608;3.2422;-1.4652;v20|SEASON|HOME_STRONG|1.50|P11
v20;LAST5;AT_LEAST_ONE_STRONG;1.2;12;42;64;8;72;88.8889;31;11;42;73.8095;36;5;41;87.8049;28;3;31;90.3226;49;6;55;89.0909;2026-08-07;5.5556;3.0886;1.9114;v20|LAST5|AT_LEAST_ONE_STRONG|1.20|P12
v20;LAST5;AT_LEAST_ONE_STRONG;1.2;13;42;64;8;72;88.8889;31;11;42;73.8095;36;5;41;87.8049;28;3;31;90.3226;49;6;55;89.0909;2026-08-07;5.5556;3.0886;1.9114;v20|LAST5|AT_LEAST_ONE_STRONG|1.20|P13
v20;LAST5;AT_LEAST_ONE_STRONG;1.2;14;42;64;8;72;88.8889;31;11;42;73.8095;36;5;41;87.8049;28;3;31;90.3226;49;6;55;89.0909;2026-08-07;5.5556;3.0886;1.9114;v20|LAST5|AT_LEAST_ONE_STRONG|1.20|P14
v20;LAST5;AT_LEAST_ONE_STRONG;1.2;15;42;64;8;72;88.8889;31;11;42;73.8095;36;5;41;87.8049;28;3;31;90.3226;49;6;55;89.0909;2026-08-07;5.5556;3.0886;1.9114;v20|LAST5|AT_LEAST_ONE_STRONG|1.20|P15
v20;LAST5;AT_LEAST_ONE_STRONG;1.3;12;42;64;8;72;88.8889;31;11;42;73.8095;36;5;41;87.8049;28;3;31;90.3226;49;6;55;89.0909;2026-08-07;5.5556;3.0886;1.9114;v20|LAST5|AT_LEAST_ONE_STRONG|1.30|P12
v20;LAST5;AT_LEAST_ONE_STRONG;1.3;13;42;64;8;72;88.8889;31;11;42;73.8095;36;5;41;87.8049;28;3;31;90.3226;49;6;55;89.0909;2026-08-07;5.5556;3.0886;1.9114;v20|LAST5|AT_LEAST_ONE_STRONG|1.30|P13
v20;LAST5;AT_LEAST_ONE_STRONG;1.3;14;42;64;8;72;88.8889;31;11;42;73.8095;36;5;41;87.8049;28;3;31;90.3226;49;6;55;89.0909;2026-08-07;5.5556;3.0886;1.9114;v20|LAST5|AT_LEAST_ONE_STRONG|1.30|P14
v20;LAST5;AT_LEAST_ONE_STRONG;1.3;15;42;64;8;72;88.8889;31;11;42;73.8095;36;5;41;87.8049;28;3;31;90.3226;49;6;55;89.0909;2026-08-07;5.5556;3.0886;1.9114;v20|LAST5|AT_LEAST_ONE_STRONG|1.30|P15
v20;LAST5;AT_LEAST_ONE_STRONG;1.2;11;42;65;9;74;87.8378;30;10;40;75.0;37;6;43;86.0465;28;3;31;90.3226;49;6;55;89.0909;2026-08-07;4.5045;3.0886;1.9114;v20|LAST5|AT_LEAST_ONE_STRONG|1.20|P11
v20;LAST5;AT_LEAST_ONE_STRONG;1.3;11;42;65;9;74;87.8378;30;10;40;75.0;37;6;43;86.0465;28;3;31;90.3226;49;6;55;89.0909;2026-08-07;4.5045;3.0886;1.9114;v20|LAST5|AT_LEAST_ONE_STRONG|1.30|P11
v20;LAST5;HOME_STRONG;1.2;12;39;65;10;75;86.6667;30;9;39;76.9231;37;7;44;84.0909;28;3;31;90.3226;50;8;58;86.2069;2026-08-07;3.3334;3.0886;-0.9726;v20|LAST5|HOME_STRONG|1.20|P12
v20;LAST5;HOME_STRONG;1.2;13;39;65;10;75;86.6667;30;9;39;76.9231;37;7;44;84.0909;28;3;31;90.3226;50;8;58;86.2069;2026-08-07;3.3334;3.0886;-0.9726;v20|LAST5|HOME_STRONG|1.20|P13
v20;LAST5;HOME_STRONG;1.2;14;39;65;10;75;86.6667;30;9;39;76.9231;37;7;44;84.0909;28;3;31;90.3226;50;8;58;86.2069;2026-08-07;3.3334;3.0886;-0.9726;v20|LAST5|HOME_STRONG|1.20|P14
v20;LAST5;HOME_STRONG;1.2;15;39;65;10;75;86.6667;30;9;39;76.9231;37;7;44;84.0909;28;3;31;90.3226;50;8;58;86.2069;2026-08-07;3.3334;3.0886;-0.9726;v20|LAST5|HOME_STRONG|1.20|P15
v20;LAST5;HOME_STRONG;1.3;12;39;65;10;75;86.6667;30;9;39;76.9231;37;7;44;84.0909;28;3;31;90.3226;50;8;58;86.2069;2026-08-07;3.3334;3.0886;-0.9726;v20|LAST5|HOME_STRONG|1.30|P12
v20;LAST5;HOME_STRONG;1.3;13;39;65;10;75;86.6667;30;9;39;76.9231;37;7;44;84.0909;28;3;31;90.3226;50;8;58;86.2069;2026-08-07;3.3334;3.0886;-0.9726;v20|LAST5|HOME_STRONG|1.30|P13
v20;LAST5;HOME_STRONG;1.3;14;39;65;10;75;86.6667;30;9;39;76.9231;37;7;44;84.0909;28;3;31;90.3226;50;8;58;86.2069;2026-08-07;3.3334;3.0886;-0.9726;v20|LAST5|HOME_STRONG|1.30|P14
v20;LAST5;HOME_STRONG;1.3;15;39;65;10;75;86.6667;30;9;39;76.9231;37;7;44;84.0909;28;3;31;90.3226;50;8;58;86.2069;2026-08-07;3.3334;3.0886;-0.9726;v20|LAST5|HOME_STRONG|1.30|P15
v20;LAST5;HOME_STRONG;1.2;11;39;66;11;77;85.7143;29;8;37;78.3784;38;8;46;82.6087;28;3;31;90.3226;50;8;58;86.2069;2026-08-07;2.381;3.0886;-0.9726;v20|LAST5|HOME_STRONG|1.20|P11
v20;LAST5;HOME_STRONG;1.3;11;39;66;11;77;85.7143;29;8;37;78.3784;38;8;46;82.6087;28;3;31;90.3226;50;8;58;86.2069;2026-08-07;2.381;3.0886;-0.9726;v20|LAST5|HOME_STRONG|1.30|P11
v20;LAST5;AWAY_STRONG;1.6;8;13;87;14;101;86.1386;8;5;13;61.5385;51;10;61;83.6066;36;4;40;90.0;62;7;69;89.8551;2026-08-07;2.8053;2.766;2.6756;v20|LAST5|AWAY_STRONG|1.60|P8
v20;LAST5;AWAY_STRONG;1.6;9;13;87;14;101;86.1386;8;5;13;61.5385;51;10;61;83.6066;36;4;40;90.0;62;7;69;89.8551;2026-08-07;2.8053;2.766;2.6756;v20|LAST5|AWAY_STRONG|1.60|P9
v20;LAST5;AWAY_STRONG;1.6;10;13;87;14;101;86.1386;8;5;13;61.5385;51;10;61;83.6066;36;4;40;90.0;62;7;69;89.8551;2026-08-07;2.8053;2.766;2.6756;v20|LAST5|AWAY_STRONG|1.60|P10
v20;LAST5;AWAY_STRONG;1.6;11;13;87;14;101;86.1386;8;5;13;61.5385;51;10;61;83.6066;36;4;40;90.0;62;7;69;89.8551;2026-08-07;2.8053;2.766;2.6756;v20|LAST5|AWAY_STRONG|1.60|P11
v20;LAST5;AWAY_STRONG;1.6;12;13;87;14;101;86.1386;8;5;13;61.5385;51;10;61;83.6066;36;4;40;90.0;62;7;69;89.8551;2026-08-07;2.8053;2.766;2.6756;v20|LAST5|AWAY_STRONG|1.60|P12
v20;LAST5;AWAY_STRONG;1.6;13;13;87;14;101;86.1386;8;5;13;61.5385;51;10;61;83.6066;36;4;40;90.0;62;7;69;89.8551;2026-08-07;2.8053;2.766;2.6756;v20|LAST5|AWAY_STRONG|1.60|P13
v20;LAST5;AWAY_STRONG;1.6;14;13;87;14;101;86.1386;8;5;13;61.5385;51;10;61;83.6066;36;4;40;90.0;62;7;69;89.8551;2026-08-07;2.8053;2.766;2.6756;v20|LAST5|AWAY_STRONG|1.60|P14
v20;LAST5;AWAY_STRONG;1.6;15;13;87;14;101;86.1386;8;5;13;61.5385;51;10;61;83.6066;36;4;40;90.0;62;7;69;89.8551;2026-08-07;2.8053;2.766;2.6756;v20|LAST5|AWAY_STRONG|1.60|P15
v20;SEASON;HOME_STRONG;1.5;2;48;84;14;98;85.7143;11;5;16;68.75;48;10;58;82.7586;36;4;40;90.0;60;7;67;89.5522;2026-08-07;2.381;2.766;2.3727;v20|SEASON|HOME_STRONG|1.50|P2
v20;SEASON;AT_LEAST_ONE_STRONG;1.5;2;49;84;14;98;85.7143;11;5;16;68.75;48;10;58;82.7586;36;4;40;90.0;60;7;67;89.5522;2026-08-07;2.381;2.766;2.3727;v20|SEASON|AT_LEAST_ONE_STRONG|1.50|P2
v20;LAST5;AWAY_STRONG;1.6;7;13;87;15;102;85.2941;8;4;12;66.6667;51;11;62;82.2581;36;4;40;90.0;62;8;70;88.5714;2026-08-07;1.9608;2.766;1.3919;v20|LAST5|AWAY_STRONG|1.60|P7
v20;SEASON;HOME_STRONG;1.6;2;58;80;13;93;86.0215;15;6;21;71.4286;45;9;54;83.3333;35;4;39;89.7436;57;7;64;89.0625;2026-08-07;2.6882;2.5096;1.883;v20|SEASON|HOME_STRONG|1.60|P2
v20;SEASON;AT_LEAST_ONE_STRONG;1.6;2;59;80;13;93;86.0215;15;6;21;71.4286;45;9;54;83.3333;35;4;39;89.7436;57;7;64;89.0625;2026-08-07;2.6882;2.5096;1.883;v20|SEASON|AT_LEAST_ONE_STRONG|1.60|P2
v20;SEASON;AT_LEAST_ONE_STRONG;1.3;12;34;70;10;80;87.5;25;9;34;73.5294;44;7;51;86.2745;26;3;29;89.6552;48;7;55;87.2727;2026-08-07;4.1667;2.4212;0.0932;v20|SEASON|AT_LEAST_ONE_STRONG|1.30|P12
v20;SEASON;AT_LEAST_ONE_STRONG;1.3;13;34;70;10;80;87.5;25;9;34;73.5294;44;7;51;86.2745;26;3;29;89.6552;48;7;55;87.2727;2026-08-07;4.1667;2.4212;0.0932;v20|SEASON|AT_LEAST_ONE_STRONG|1.30|P13
v20;SEASON;AT_LEAST_ONE_STRONG;1.3;14;34;70;10;80;87.5;25;9;34;73.5294;44;7;51;86.2745;26;3;29;89.6552;48;7;55;87.2727;2026-08-07;4.1667;2.4212;0.0932;v20|SEASON|AT_LEAST_ONE_STRONG|1.30|P14
v20;SEASON;AT_LEAST_ONE_STRONG;1.3;15;34;70;10;80;87.5;25;9;34;73.5294;44;7;51;86.2745;26;3;29;89.6552;48;7;55;87.2727;2026-08-07;4.1667;2.4212;0.0932;v20|SEASON|AT_LEAST_ONE_STRONG|1.30|P15
v20;SEASON;AT_LEAST_ONE_STRONG;1.3;11;34;71;11;82;86.5854;24;8;32;75.0;45;8;53;84.9057;26;3;29;89.6552;48;7;55;87.2727;2026-08-07;3.2521;2.4212;0.0932;v20|SEASON|AT_LEAST_ONE_STRONG|1.30|P11
v20;SEASON;HOME_STRONG;1.3;12;33;70;11;81;86.4198;25;8;33;75.7576;44;8;52;84.6154;26;3;29;89.6552;48;8;56;85.7143;2026-08-07;3.0865;2.4212;-1.4652;v20|SEASON|HOME_STRONG|1.30|P12
v20;SEASON;HOME_STRONG;1.3;13;33;70;11;81;86.4198;25;8;33;75.7576;44;8;52;84.6154;26;3;29;89.6552;48;8;56;85.7143;2026-08-07;3.0865;2.4212;-1.4652;v20|SEASON|HOME_STRONG|1.30|P13
v20;SEASON;HOME_STRONG;1.3;14;33;70;11;81;86.4198;25;8;33;75.7576;44;8;52;84.6154;26;3;29;89.6552;48;8;56;85.7143;2026-08-07;3.0865;2.4212;-1.4652;v20|SEASON|HOME_STRONG|1.30|P14
v20;SEASON;HOME_STRONG;1.3;15;33;70;11;81;86.4198;25;8;33;75.7576;44;8;52;84.6154;26;3;29;89.6552;48;8;56;85.7143;2026-08-07;3.0865;2.4212;-1.4652;v20|SEASON|HOME_STRONG|1.30|P15
v20;SEASON;HOME_STRONG;1.3;11;33;71;12;83;85.5422;24;7;31;77.4194;45;9;54;83.3333;26;3;29;89.6552;48;8;56;85.7143;2026-08-07;2.2089;2.4212;-1.4652;v20|SEASON|HOME_STRONG|1.30|P11
v20;LAST5;AT_LEAST_ONE_STRONG;1.6;4;69;63;11;74;85.1351;32;8;40;80.0;37;8;45;82.2222;26;3;29;89.6552;43;5;48;89.5833;2026-08-07;1.8018;2.4212;2.4038;v20|LAST5|AT_LEAST_ONE_STRONG|1.60|P4
v20;SEASON;AT_LEAST_ONE_STRONG;1.6;12;59;49;6;55;89.0909;46;13;59;77.9661;32;4;36;88.8889;17;2;19;89.4737;37;5;42;88.0952;2026-08-07;5.7576;2.2397;0.9157;v20|SEASON|AT_LEAST_ONE_STRONG|1.60|P12
v20;SEASON;AT_LEAST_ONE_STRONG;1.6;13;59;49;6;55;89.0909;46;13;59;77.9661;32;4;36;88.8889;17;2;19;89.4737;37;5;42;88.0952;2026-08-07;5.7576;2.2397;0.9157;v20|SEASON|AT_LEAST_ONE_STRONG|1.60|P13
v20;SEASON;AT_LEAST_ONE_STRONG;1.6;14;59;49;6;55;89.0909;46;13;59;77.9661;32;4;36;88.8889;17;2;19;89.4737;37;5;42;88.0952;2026-08-07;5.7576;2.2397;0.9157;v20|SEASON|AT_LEAST_ONE_STRONG|1.60|P14
v20;SEASON;AT_LEAST_ONE_STRONG;1.6;15;59;49;6;55;89.0909;46;13;59;77.9661;32;4;36;88.8889;17;2;19;89.4737;37;5;42;88.0952;2026-08-07;5.7576;2.2397;0.9157;v20|SEASON|AT_LEAST_ONE_STRONG|1.60|P15
v20;SEASON;AT_LEAST_ONE_STRONG;1.6;11;59;50;7;57;87.7193;45;12;57;78.9474;33;5;38;86.8421;17;2;19;89.4737;37;5;42;88.0952;2026-08-07;4.386;2.2397;0.9157;v20|SEASON|AT_LEAST_ONE_STRONG|1.60|P11
v20;SEASON;HOME_STRONG;1.6;12;58;49;7;56;87.5;46;12;58;79.3103;32;5;37;86.4865;17;2;19;89.4737;37;6;43;86.0465;2026-08-07;4.1667;2.2397;-1.133;v20|SEASON|HOME_STRONG|1.60|P12
v20;SEASON;HOME_STRONG;1.6;13;58;49;7;56;87.5;46;12;58;79.3103;32;5;37;86.4865;17;2;19;89.4737;37;6;43;86.0465;2026-08-07;4.1667;2.2397;-1.133;v20|SEASON|HOME_STRONG|1.60|P13
v20;SEASON;HOME_STRONG;1.6;14;58;49;7;56;87.5;46;12;58;79.3103;32;5;37;86.4865;17;2;19;89.4737;37;6;43;86.0465;2026-08-07;4.1667;2.2397;-1.133;v20|SEASON|HOME_STRONG|1.60|P14
v20;SEASON;HOME_STRONG;1.6;15;58;49;7;56;87.5;46;12;58;79.3103;32;5;37;86.4865;17;2;19;89.4737;37;6;43;86.0465;2026-08-07;4.1667;2.2397;-1.133;v20|SEASON|HOME_STRONG|1.60|P15
v20;SEASON;HOME_STRONG;1.6;11;58;50;8;58;86.2069;45;11;56;80.3571;33;6;39;84.6154;17;2;19;89.4737;37;6;43;86.0465;2026-08-07;2.8736;2.2397;-1.133;v20|SEASON|HOME_STRONG|1.60|P11
v20;LAST5;AT_LEAST_ONE_STRONG;1.6;7;69;48;10;58;82.7586;47;9;56;83.9286;31;8;39;79.4872;17;2;19;89.4737;33;5;38;86.8421;2026-08-07;-0.5747;2.2397;-0.3374;v20|LAST5|AT_LEAST_ONE_STRONG|1.60|P7
v20;LAST5;HOME_STRONG;1.6;2;63;82;13;95;86.3158;13;6;19;68.4211;48;9;57;84.2105;34;4;38;89.4737;57;7;64;89.0625;2026-08-07;2.9825;2.2397;1.883;v20|LAST5|HOME_STRONG|1.60|P2
v20;LAST5;AT_LEAST_ONE_STRONG;1.6;2;69;82;13;95;86.3158;13;6;19;68.4211;48;9;57;84.2105;34;4;38;89.4737;57;7;64;89.0625;2026-08-07;2.9825;2.2397;1.883;v20|LAST5|AT_LEAST_ONE_STRONG|1.60|P2
v20;SEASON;AT_LEAST_ONE_STRONG;1.5;3;49;79;13;92;85.8696;16;6;22;72.7273;45;9;54;83.3333;34;4;38;89.4737;55;6;61;90.1639;2026-08-07;2.5363;2.2397;2.9844;v20|SEASON|AT_LEAST_ONE_STRONG|1.50|P3
v20;SEASON;HOME_STRONG;1.5;3;48;79;14;93;84.9462;16;5;21;76.1905;45;10;55;81.8182;34;4;38;89.4737;55;7;62;88.7097;2026-08-07;1.6129;2.2397;1.5302;v20|SEASON|HOME_STRONG|1.50|P3
v20;LAST5;AT_LEAST_ONE_STRONG;0.8;11;17;83;15;98;84.6939;12;4;16;75.0;49;11;60;81.6667;34;4;38;89.4737;58;8;66;87.8788;2026-08-07;1.3606;2.2397;0.6993;v20|LAST5|AT_LEAST_ONE_STRONG|0.80|P11
v20;LAST5;AT_LEAST_ONE_STRONG;0.8;12;17;82;15;97;84.5361;13;4;17;76.4706;48;11;59;81.3559;34;4;38;89.4737;58;8;66;87.8788;2026-08-07;1.2028;2.2397;0.6993;v20|LAST5|AT_LEAST_ONE_STRONG|0.80|P12
v20;LAST5;AT_LEAST_ONE_STRONG;0.8;13;17;82;15;97;84.5361;13;4;17;76.4706;48;11;59;81.3559;34;4;38;89.4737;58;8;66;87.8788;2026-08-07;1.2028;2.2397;0.6993;v20|LAST5|AT_LEAST_ONE_STRONG|0.80|P13
v20;LAST5;AT_LEAST_ONE_STRONG;0.8;14;17;82;15;97;84.5361;13;4;17;76.4706;48;11;59;81.3559;34;4;38;89.4737;58;8;66;87.8788;2026-08-07;1.2028;2.2397;0.6993;v20|LAST5|AT_LEAST_ONE_STRONG|0.80|P14
v20;LAST5;AT_LEAST_ONE_STRONG;0.8;15;17;82;15;97;84.5361;13;4;17;76.4706;48;11;59;81.3559;34;4;38;89.4737;58;8;66;87.8788;2026-08-07;1.2028;2.2397;0.6993;v20|LAST5|AT_LEAST_ONE_STRONG|0.80|P15
v20;LAST5;HOME_STRONG;0.8;11;16;83;16;99;83.8384;12;3;15;80.0;49;12;61;80.3279;34;4;38;89.4737;58;9;67;86.5672;2026-08-07;0.5051;2.2397;-0.6123;v20|LAST5|HOME_STRONG|0.80|P11
v20;LAST5;HOME_STRONG;0.8;12;16;82;16;98;83.6735;13;3;16;81.25;48;12;60;80.0;34;4;38;89.4737;58;9;67;86.5672;2026-08-07;0.3402;2.2397;-0.6123;v20|LAST5|HOME_STRONG|0.80|P12
v20;LAST5;HOME_STRONG;0.8;13;16;82;16;98;83.6735;13;3;16;81.25;48;12;60;80.0;34;4;38;89.4737;58;9;67;86.5672;2026-08-07;0.3402;2.2397;-0.6123;v20|LAST5|HOME_STRONG|0.80|P13
v20;LAST5;HOME_STRONG;0.8;14;16;82;16;98;83.6735;13;3;16;81.25;48;12;60;80.0;34;4;38;89.4737;58;9;67;86.5672;2026-08-07;0.3402;2.2397;-0.6123;v20|LAST5|HOME_STRONG|0.80|P14
v20;LAST5;HOME_STRONG;0.8;15;16;82;16;98;83.6735;13;3;16;81.25;48;12;60;80.0;34;4;38;89.4737;58;9;67;86.5672;2026-08-07;0.3402;2.2397;-0.6123;v20|LAST5|HOME_STRONG|0.80|P15
v20;SEASON;AT_LEAST_ONE_STRONG;1.6;3;59;74;12;86;86.0465;21;7;28;75.0;41;8;49;83.6735;33;4;37;89.1892;52;6;58;89.6552;2026-08-07;2.7132;1.9552;2.4757;v20|SEASON|AT_LEAST_ONE_STRONG|1.60|P3
v20;SEASON;HOME_STRONG;1.6;3;58;74;13;87;85.0575;21;6;27;77.7778;41;9;50;82.0;33;4;37;89.1892;52;7;59;88.1356;2026-08-07;1.7242;1.9552;0.9561;v20|SEASON|HOME_STRONG|1.60|P3
v20;LAST5;AT_LEAST_ONE_STRONG;1.6;8;69;45;9;54;83.3333;50;10;60;83.3333;29;7;36;80.5556;16;2;18;88.8889;30;4;34;88.2353;2026-08-07;0.0;1.6549;1.0558;v20|LAST5|AT_LEAST_ONE_STRONG|1.60|P8
v20;LAST5;HOME_STRONG;1.6;12;63;42;9;51;82.3529;53;10;63;84.127;26;7;33;78.7879;16;2;18;88.8889;30;7;37;81.0811;2026-08-07;-0.9804;1.6549;-6.0984;v20|LAST5|HOME_STRONG|1.60|P12
v20;LAST5;HOME_STRONG;1.6;13;63;42;9;51;82.3529;53;10;63;84.127;26;7;33;78.7879;16;2;18;88.8889;30;7;37;81.0811;2026-08-07;-0.9804;1.6549;-6.0984;v20|LAST5|HOME_STRONG|1.60|P13
v20;LAST5;HOME_STRONG;1.6;14;63;42;9;51;82.3529;53;10;63;84.127;26;7;33;78.7879;16;2;18;88.8889;30;7;37;81.0811;2026-08-07;-0.9804;1.6549;-6.0984;v20|LAST5|HOME_STRONG|1.60|P14
v20;LAST5;HOME_STRONG;1.6;15;63;42;9;51;82.3529;53;10;63;84.127;26;7;33;78.7879;16;2;18;88.8889;30;7;37;81.0811;2026-08-07;-0.9804;1.6549;-6.0984;v20|LAST5|HOME_STRONG|1.60|P15
v20;LAST5;HOME_STRONG;1.6;11;63;43;10;53;81.1321;52;9;61;85.2459;27;8;35;77.1429;16;2;18;88.8889;30;7;37;81.0811;2026-08-07;-2.2012;1.6549;-6.0984;v20|LAST5|HOME_STRONG|1.60|P11
v20;SEASON;AT_LEAST_ONE_STRONG;1.5;7;49;65;11;76;85.5263;30;8;38;78.9474;41;8;49;83.6735;24;3;27;88.8889;48;6;54;88.8889;2026-08-07;2.193;1.6549;1.7094;v20|SEASON|AT_LEAST_ONE_STRONG|1.50|P7
v20;LAST5;HOME_STRONG;1.4;12;47;57;10;67;85.0746;38;9;47;80.8511;33;7;40;82.5;24;3;27;88.8889;44;8;52;84.6154;2026-08-07;1.7413;1.6549;-2.5641;v20|LAST5|HOME_STRONG|1.40|P12
v20;LAST5;HOME_STRONG;1.4;13;47;57;10;67;85.0746;38;9;47;80.8511;33;7;40;82.5;24;3;27;88.8889;44;8;52;84.6154;2026-08-07;1.7413;1.6549;-2.5641;v20|LAST5|HOME_STRONG|1.40|P13
v20;LAST5;HOME_STRONG;1.4;14;47;57;10;67;85.0746;38;9;47;80.8511;33;7;40;82.5;24;3;27;88.8889;44;8;52;84.6154;2026-08-07;1.7413;1.6549;-2.5641;v20|LAST5|HOME_STRONG|1.40|P14
v20;LAST5;HOME_STRONG;1.4;15;47;57;10;67;85.0746;38;9;47;80.8511;33;7;40;82.5;24;3;27;88.8889;44;8;52;84.6154;2026-08-07;1.7413;1.6549;-2.5641;v20|LAST5|HOME_STRONG|1.40|P15
v20;LAST5;HOME_STRONG;1.5;12;47;57;10;67;85.0746;38;9;47;80.8511;33;7;40;82.5;24;3;27;88.8889;44;8;52;84.6154;2026-08-07;1.7413;1.6549;-2.5641;v20|LAST5|HOME_STRONG|1.50|P12
v20;LAST5;HOME_STRONG;1.5;13;47;57;10;67;85.0746;38;9;47;80.8511;33;7;40;82.5;24;3;27;88.8889;44;8;52;84.6154;2026-08-07;1.7413;1.6549;-2.5641;v20|LAST5|HOME_STRONG|1.50|P13
v20;LAST5;HOME_STRONG;1.5;14;47;57;10;67;85.0746;38;9;47;80.8511;33;7;40;82.5;24;3;27;88.8889;44;8;52;84.6154;2026-08-07;1.7413;1.6549;-2.5641;v20|LAST5|HOME_STRONG|1.50|P14
v20;LAST5;HOME_STRONG;1.5;15;47;57;10;67;85.0746;38;9;47;80.8511;33;7;40;82.5;24;3;27;88.8889;44;8;52;84.6154;2026-08-07;1.7413;1.6549;-2.5641;v20|LAST5|HOME_STRONG|1.50|P15
v20;SEASON;HOME_STRONG;1.5;7;48;65;12;77;84.4156;30;7;37;81.0811;41;9;50;82.0;24;3;27;88.8889;48;7;55;87.2727;2026-08-07;1.0823;1.6549;0.0932;v20|SEASON|HOME_STRONG|1.50|P7
v20;LAST5;HOME_STRONG;1.4;11;47;58;11;69;84.058;37;8;45;82.2222;34;8;42;80.9524;24;3;27;88.8889;44;8;52;84.6154;2026-08-07;0.7247;1.6549;-2.5641;v20|LAST5|HOME_STRONG|1.40|P11
v20;LAST5;HOME_STRONG;1.5;11;47;58;11;69;84.058;37;8;45;82.2222;34;8;42;80.9524;24;3;27;88.8889;44;8;52;84.6154;2026-08-07;0.7247;1.6549;-2.5641;v20|LAST5|HOME_STRONG|1.50|P11
v20;SEASON;AT_LEAST_ONE_STRONG;1.5;4;49;76;13;89;85.3933;19;6;25;76.0;44;9;53;83.0189;32;4;36;88.8889;54;6;60;90.0;2026-08-07;2.06;1.6549;2.8205;v20|SEASON|AT_LEAST_ONE_STRONG|1.50|P4
v20;LAST5;HOME_STRONG;1.6;3;63;74;13;87;85.0575;21;6;27;77.7778;42;9;51;82.3529;32;4;36;88.8889;51;7;58;87.931;2026-08-07;1.7242;1.6549;0.7515;v20|LAST5|HOME_STRONG|1.60|P3
v20;SEASON;HOME_STRONG;1.5;4;48;76;14;90;84.4444;19;5;24;79.1667;44;10;54;81.4815;32;4;36;88.8889;54;7;61;88.5246;2026-08-07;1.1111;1.6549;1.3451;v20|SEASON|HOME_STRONG|1.50|P4
v20;SEASON;HOME_STRONG;1.3;2;33;88;15;103;85.4369;7;4;11;63.6364;49;10;59;83.0508;39;5;44;88.6364;62;8;70;88.5714;2026-08-07;2.1036;1.4024;1.3919;v20|SEASON|HOME_STRONG|1.30|P2
v20;SEASON;AT_LEAST_ONE_STRONG;1.3;2;34;88;15;103;85.4369;7;4;11;63.6364;49;10;59;83.0508;39;5;44;88.6364;62;8;70;88.5714;2026-08-07;2.1036;1.4024;1.3919;v20|SEASON|AT_LEAST_ONE_STRONG|1.30|P2
v20;SEASON;HOME_STRONG;1.5;1;48;90;17;107;84.1121;5;2;7;71.4286;51;12;63;80.9524;39;5;44;88.6364;65;9;74;87.8378;2026-08-07;0.7788;1.4024;0.6583;v20|SEASON|HOME_STRONG|1.50|P1
v20;SEASON;AT_LEAST_ONE_STRONG;1.5;1;49;90;17;107;84.1121;5;2;7;71.4286;51;12;63;80.9524;39;5;44;88.6364;65;9;74;87.8378;2026-08-07;0.7788;1.4024;0.6583;v20|SEASON|AT_LEAST_ONE_STRONG|1.50|P1
v20;LAST5;BOTH_STRONG;1.6;7;7;90;17;107;84.1121;5;2;7;71.4286;51;12;63;80.9524;39;5;44;88.6364;65;10;75;86.6667;2026-08-07;0.7788;1.4024;-0.5128;v20|LAST5|BOTH_STRONG|1.60|P7
v20;LAST5;BOTH_STRONG;1.6;8;7;90;17;107;84.1121;5;2;7;71.4286;51;12;63;80.9524;39;5;44;88.6364;65;10;75;86.6667;2026-08-07;0.7788;1.4024;-0.5128;v20|LAST5|BOTH_STRONG|1.60|P8
v20;LAST5;BOTH_STRONG;1.6;9;7;90;17;107;84.1121;5;2;7;71.4286;51;12;63;80.9524;39;5;44;88.6364;65;10;75;86.6667;2026-08-07;0.7788;1.4024;-0.5128;v20|LAST5|BOTH_STRONG|1.60|P9
v20;LAST5;BOTH_STRONG;1.6;10;7;90;17;107;84.1121;5;2;7;71.4286;51;12;63;80.9524;39;5;44;88.6364;65;10;75;86.6667;2026-08-07;0.7788;1.4024;-0.5128;v20|LAST5|BOTH_STRONG|1.60|P10
v20;LAST5;BOTH_STRONG;1.6;11;7;90;17;107;84.1121;5;2;7;71.4286;51;12;63;80.9524;39;5;44;88.6364;65;10;75;86.6667;2026-08-07;0.7788;1.4024;-0.5128;v20|LAST5|BOTH_STRONG|1.60|P11
v20;LAST5;BOTH_STRONG;1.6;12;7;90;17;107;84.1121;5;2;7;71.4286;51;12;63;80.9524;39;5;44;88.6364;65;10;75;86.6667;2026-08-07;0.7788;1.4024;-0.5128;v20|LAST5|BOTH_STRONG|1.60|P12
v20;LAST5;BOTH_STRONG;1.6;13;7;90;17;107;84.1121;5;2;7;71.4286;51;12;63;80.9524;39;5;44;88.6364;65;10;75;86.6667;2026-08-07;0.7788;1.4024;-0.5128;v20|LAST5|BOTH_STRONG|1.60|P13
v20;LAST5;BOTH_STRONG;1.6;14;7;90;17;107;84.1121;5;2;7;71.4286;51;12;63;80.9524;39;5;44;88.6364;65;10;75;86.6667;2026-08-07;0.7788;1.4024;-0.5128;v20|LAST5|BOTH_STRONG|1.60|P14
v20;LAST5;BOTH_STRONG;1.6;15;7;90;17;107;84.1121;5;2;7;71.4286;51;12;63;80.9524;39;5;44;88.6364;65;10;75;86.6667;2026-08-07;0.7788;1.4024;-0.5128;v20|LAST5|BOTH_STRONG|1.60|P15
v20;LAST5;HOME_STRONG;0.8;2;16;89;17;106;83.9623;6;2;8;75.0;50;12;62;80.6452;39;5;44;88.6364;63;9;72;87.5;2026-08-07;0.629;1.4024;0.3205;v20|LAST5|HOME_STRONG|0.80|P2
v20;LAST5;AT_LEAST_ONE_STRONG;0.8;2;17;89;17;106;83.9623;6;2;8;75.0;50;12;62;80.6452;39;5;44;88.6364;63;9;72;87.5;2026-08-07;0.629;1.4024;0.3205;v20|LAST5|AT_LEAST_ONE_STRONG|0.80|P2
v20;LAST5;AT_LEAST_ONE_STRONG;1.0;11;25;77;13;90;85.5556;18;6;24;75.0;46;9;55;83.6364;31;4;35;88.5714;56;8;64;87.5;2026-08-07;2.2223;1.3374;0.3205;v20|LAST5|AT_LEAST_ONE_STRONG|1.00|P11
v20;LAST5;AT_LEAST_ONE_STRONG;1.1;11;25;77;13;90;85.5556;18;6;24;75.0;46;9;55;83.6364;31;4;35;88.5714;56;8;64;87.5;2026-08-07;2.2223;1.3374;0.3205;v20|LAST5|AT_LEAST_ONE_STRONG|1.10|P11
v20;LAST5;AT_LEAST_ONE_STRONG;1.0;12;25;76;13;89;85.3933;19;6;25;76.0;45;9;54;83.3333;31;4;35;88.5714;56;8;64;87.5;2026-08-07;2.06;1.3374;0.3205;v20|LAST5|AT_LEAST_ONE_STRONG|1.00|P12
v20;LAST5;AT_LEAST_ONE_STRONG;1.0;13;25;76;13;89;85.3933;19;6;25;76.0;45;9;54;83.3333;31;4;35;88.5714;56;8;64;87.5;2026-08-07;2.06;1.3374;0.3205;v20|LAST5|AT_LEAST_ONE_STRONG|1.00|P13
v20;LAST5;AT_LEAST_ONE_STRONG;1.0;14;25;76;13;89;85.3933;19;6;25;76.0;45;9;54;83.3333;31;4;35;88.5714;56;8;64;87.5;2026-08-07;2.06;1.3374;0.3205;v20|LAST5|AT_LEAST_ONE_STRONG|1.00|P14
v20;LAST5;AT_LEAST_ONE_STRONG;1.0;15;25;76;13;89;85.3933;19;6;25;76.0;45;9;54;83.3333;31;4;35;88.5714;56;8;64;87.5;2026-08-07;2.06;1.3374;0.3205;v20|LAST5|AT_LEAST_ONE_STRONG|1.00|P15
v20;LAST5;AT_LEAST_ONE_STRONG;1.1;12;25;76;13;89;85.3933;19;6;25;76.0;45;9;54;83.3333;31;4;35;88.5714;56;8;64;87.5;2026-08-07;2.06;1.3374;0.3205;v20|LAST5|AT_LEAST_ONE_STRONG|1.10|P12
v20;LAST5;AT_LEAST_ONE_STRONG;1.1;13;25;76;13;89;85.3933;19;6;25;76.0;45;9;54;83.3333;31;4;35;88.5714;56;8;64;87.5;2026-08-07;2.06;1.3374;0.3205;v20|LAST5|AT_LEAST_ONE_STRONG|1.10|P13
v20;LAST5;AT_LEAST_ONE_STRONG;1.1;14;25;76;13;89;85.3933;19;6;25;76.0;45;9;54;83.3333;31;4;35;88.5714;56;8;64;87.5;2026-08-07;2.06;1.3374;0.3205;v20|LAST5|AT_LEAST_ONE_STRONG|1.10|P14
v20;LAST5;AT_LEAST_ONE_STRONG;1.1;15;25;76;13;89;85.3933;19;6;25;76.0;45;9;54;83.3333;31;4;35;88.5714;56;8;64;87.5;2026-08-07;2.06;1.3374;0.3205;v20|LAST5|AT_LEAST_ONE_STRONG|1.10|P15
v20;LAST5;HOME_STRONG;1.0;11;23;78;14;92;84.7826;17;5;22;77.2727;47;10;57;82.4561;31;4;35;88.5714;57;9;66;86.3636;2026-08-07;1.4493;1.3374;-0.8159;v20|LAST5|HOME_STRONG|1.00|P11
v20;LAST5;HOME_STRONG;1.1;11;23;78;14;92;84.7826;17;5;22;77.2727;47;10;57;82.4561;31;4;35;88.5714;57;9;66;86.3636;2026-08-07;1.4493;1.3374;-0.8159;v20|LAST5|HOME_STRONG|1.10|P11
v20;LAST5;HOME_STRONG;1.0;12;23;77;14;91;84.6154;18;5;23;78.2609;46;10;56;82.1429;31;4;35;88.5714;57;9;66;86.3636;2026-08-07;1.2821;1.3374;-0.8159;v20|LAST5|HOME_STRONG|1.00|P12
v20;LAST5;HOME_STRONG;1.0;13;23;77;14;91;84.6154;18;5;23;78.2609;46;10;56;82.1429;31;4;35;88.5714;57;9;66;86.3636;2026-08-07;1.2821;1.3374;-0.8159;v20|LAST5|HOME_STRONG|1.00|P13
v20;LAST5;HOME_STRONG;1.0;14;23;77;14;91;84.6154;18;5;23;78.2609;46;10;56;82.1429;31;4;35;88.5714;57;9;66;86.3636;2026-08-07;1.2821;1.3374;-0.8159;v20|LAST5|HOME_STRONG|1.00|P14
v20;LAST5;HOME_STRONG;1.0;15;23;77;14;91;84.6154;18;5;23;78.2609;46;10;56;82.1429;31;4;35;88.5714;57;9;66;86.3636;2026-08-07;1.2821;1.3374;-0.8159;v20|LAST5|HOME_STRONG|1.00|P15
v20;LAST5;HOME_STRONG;1.1;12;23;77;14;91;84.6154;18;5;23;78.2609;46;10;56;82.1429;31;4;35;88.5714;57;9;66;86.3636;2026-08-07;1.2821;1.3374;-0.8159;v20|LAST5|HOME_STRONG|1.10|P12
v20;LAST5;HOME_STRONG;1.1;13;23;77;14;91;84.6154;18;5;23;78.2609;46;10;56;82.1429;31;4;35;88.5714;57;9;66;86.3636;2026-08-07;1.2821;1.3374;-0.8159;v20|LAST5|HOME_STRONG|1.10|P13
v20;LAST5;HOME_STRONG;1.1;14;23;77;14;91;84.6154;18;5;23;78.2609;46;10;56;82.1429;31;4;35;88.5714;57;9;66;86.3636;2026-08-07;1.2821;1.3374;-0.8159;v20|LAST5|HOME_STRONG|1.10|P14
v20;LAST5;HOME_STRONG;1.1;15;23;77;14;91;84.6154;18;5;23;78.2609;46;10;56;82.1429;31;4;35;88.5714;57;9;66;86.3636;2026-08-07;1.2821;1.3374;-0.8159;v20|LAST5|HOME_STRONG|1.10|P15
v20;LAST5;HOME_STRONG;1.2;2;39;88;14;102;86.2745;7;5;12;58.3333;50;9;59;84.7458;38;5;43;88.3721;63;8;71;88.7324;2026-08-07;2.9412;1.1381;1.5529;v20|LAST5|HOME_STRONG|1.20|P2
v20;LAST5;HOME_STRONG;1.3;2;39;88;14;102;86.2745;7;5;12;58.3333;50;9;59;84.7458;38;5;43;88.3721;63;8;71;88.7324;2026-08-07;2.9412;1.1381;1.5529;v20|LAST5|HOME_STRONG|1.30|P2
v20;LAST5;AT_LEAST_ONE_STRONG;1.2;2;42;87;14;101;86.1386;8;5;13;61.5385;49;9;58;84.4828;38;5;43;88.3721;62;8;70;88.5714;2026-08-07;2.8053;1.1381;1.3919;v20|LAST5|AT_LEAST_ONE_STRONG|1.20|P2
v20;LAST5;AT_LEAST_ONE_STRONG;1.3;2;42;87;14;101;86.1386;8;5;13;61.5385;49;9;58;84.4828;38;5;43;88.3721;62;8;70;88.5714;2026-08-07;2.8053;1.1381;1.3919;v20|LAST5|AT_LEAST_ONE_STRONG|1.30|P2
v20;SEASON;AT_LEAST_ONE_STRONG;1.3;3;34;84;14;98;85.7143;11;5;16;68.75;46;9;55;83.6364;38;5;43;88.3721;58;7;65;89.2308;2026-08-07;2.381;1.1381;2.0513;v20|SEASON|AT_LEAST_ONE_STRONG|1.30|P3
v20;LAST5;HOME_STRONG;1.0;2;23;88;15;103;85.4369;7;4;11;63.6364;50;10;60;83.3333;38;5;43;88.3721;63;9;72;87.5;2026-08-07;2.1036;1.1381;0.3205;v20|LAST5|HOME_STRONG|1.00|P2
v20;LAST5;HOME_STRONG;1.1;2;23;88;15;103;85.4369;7;4;11;63.6364;50;10;60;83.3333;38;5;43;88.3721;63;9;72;87.5;2026-08-07;2.1036;1.1381;0.3205;v20|LAST5|HOME_STRONG|1.10|P2
v20;LAST5;AT_LEAST_ONE_STRONG;1.0;2;25;87;15;102;85.2941;8;4;12;66.6667;49;10;59;83.0508;38;5;43;88.3721;62;9;71;87.3239;2026-08-07;1.9608;1.1381;0.1444;v20|LAST5|AT_LEAST_ONE_STRONG|1.00|P2
v20;LAST5;AT_LEAST_ONE_STRONG;1.1;2;25;87;15;102;85.2941;8;4;12;66.6667;49;10;59;83.0508;38;5;43;88.3721;62;9;71;87.3239;2026-08-07;1.9608;1.1381;0.1444;v20|LAST5|AT_LEAST_ONE_STRONG|1.10|P2
v20;LAST5;AWAY_STRONG;1.6;3;13;90;16;106;84.9057;5;3;8;62.5;52;11;63;82.5397;38;5;43;88.3721;64;8;72;88.8889;2026-08-07;1.5724;1.1381;1.7094;v20|LAST5|AWAY_STRONG|1.60|P3
v20;SEASON;HOME_STRONG;1.3;3;33;84;15;99;84.8485;11;4;15;73.3333;46;10;56;82.1429;38;5;43;88.3721;58;8;66;87.8788;2026-08-07;1.5152;1.1381;0.6993;v20|SEASON|HOME_STRONG|1.30|P3
v20;SEASON;HOME_STRONG;1.6;1;58;88;16;104;84.6154;7;3;10;70.0;50;11;61;81.9672;38;5;43;88.3721;64;9;73;87.6712;2026-08-07;1.2821;1.1381;0.4917;v20|SEASON|HOME_STRONG|1.60|P1
v20;SEASON;AT_LEAST_ONE_STRONG;1.6;1;59;88;16;104;84.6154;7;3;10;70.0;50;11;61;81.9672;38;5;43;88.3721;64;9;73;87.6712;2026-08-07;1.2821;1.1381;0.4917;v20|SEASON|AT_LEAST_ONE_STRONG|1.60|P1
v20;LAST5;AT_LEAST_ONE_STRONG;0.8;3;17;87;16;103;84.466;8;3;11;72.7273;49;11;60;81.6667;38;5;43;88.3721;61;8;69;88.4058;2026-08-07;1.1327;1.1381;1.2263;v20|LAST5|AT_LEAST_ONE_STRONG|0.80|P3
v20;LAST5;HOME_STRONG;0.8;3;16;87;17;104;83.6538;8;2;10;80.0;49;12;61;80.3279;38;5;43;88.3721;61;9;70;87.1429;2026-08-07;0.3205;1.1381;-0.0366;v20|LAST5|HOME_STRONG|0.80|P3
v20;LAST5;AT_LEAST_ONE_STRONG;1.2;8;42;69;11;80;86.25;26;8;34;76.4706;39;7;46;84.7826;30;4;34;88.2353;51;6;57;89.4737;2026-08-07;2.9167;1.0013;2.2942;v20|LAST5|AT_LEAST_ONE_STRONG|1.20|P8
v20;LAST5;AT_LEAST_ONE_STRONG;1.3;8;42;69;11;80;86.25;26;8;34;76.4706;39;7;46;84.7826;30;4;34;88.2353;51;6;57;89.4737;2026-08-07;2.9167;1.0013;2.2942;v20|LAST5|AT_LEAST_ONE_STRONG|1.30|P8
v20;SEASON;AT_LEAST_ONE_STRONG;1.3;7;34;76;13;89;85.3933;19;6;25;76.0;46;9;55;83.6364;30;4;34;88.2353;52;7;59;88.1356;2026-08-07;2.06;1.0013;0.9561;v20|SEASON|AT_LEAST_ONE_STRONG|1.30|P7
v20;SEASON;AT_LEAST_ONE_STRONG;1.6;4;59;70;12;82;85.3659;25;7;32;78.125;40;8;48;83.3333;30;4;34;88.2353;51;6;57;89.4737;2026-08-07;2.0326;1.0013;2.2942;v20|SEASON|AT_LEAST_ONE_STRONG|1.60|P4
v20;LAST5;AT_LEAST_ONE_STRONG;1.2;7;42;70;12;82;85.3659;25;7;32;78.125;40;8;48;83.3333;30;4;34;88.2353;52;7;59;88.1356;2026-08-07;2.0326;1.0013;0.9561;v20|LAST5|AT_LEAST_ONE_STRONG|1.20|P7
v20;LAST5;AT_LEAST_ONE_STRONG;1.3;7;42;70;12;82;85.3659;25;7;32;78.125;40;8;48;83.3333;30;4;34;88.2353;52;7;59;88.1356;2026-08-07;2.0326;1.0013;0.9561;v20|LAST5|AT_LEAST_ONE_STRONG|1.30|P7
v20;LAST5;HOME_STRONG;1.2;7;39;71;13;84;84.5238;24;6;30;80.0;41;9;50;82.0;30;4;34;88.2353;53;8;61;86.8852;2026-08-07;1.1905;1.0013;-0.2943;v20|LAST5|HOME_STRONG|1.20|P7
v20;LAST5;HOME_STRONG;1.3;7;39;71;13;84;84.5238;24;6;30;80.0;41;9;50;82.0;30;4;34;88.2353;53;8;61;86.8852;2026-08-07;1.1905;1.0013;-0.2943;v20|LAST5|HOME_STRONG|1.30|P7
v20;SEASON;HOME_STRONG;1.3;7;33;76;14;90;84.4444;19;5;24;79.1667;46;10;56;82.1429;30;4;34;88.2353;52;8;60;86.6667;2026-08-07;1.1111;1.0013;-0.5128;v20|SEASON|HOME_STRONG|1.30|P7
v20;SEASON;HOME_STRONG;1.6;4;58;70;13;83;84.3373;25;6;31;80.6452;40;9;49;81.6327;30;4;34;88.2353;51;7;58;87.931;2026-08-07;1.004;1.0013;0.7515;v20|SEASON|HOME_STRONG|1.60|P4
v20;LAST5;HOME_STRONG;1.2;8;39;70;13;83;84.3373;25;6;31;80.6452;40;9;49;81.6327;30;4;34;88.2353;52;8;60;86.6667;2026-08-07;1.004;1.0013;-0.5128;v20|LAST5|HOME_STRONG|1.20|P8
v20;LAST5;HOME_STRONG;1.3;8;39;70;13;83;84.3373;25;6;31;80.6452;40;9;49;81.6327;30;4;34;88.2353;52;8;60;86.6667;2026-08-07;1.004;1.0013;-0.5128;v20|LAST5|HOME_STRONG|1.30|P8
v20;LAST5;AT_LEAST_ONE_STRONG;1.2;3;42;82;13;95;86.3158;13;6;19;68.4211;45;8;53;84.9057;37;5;42;88.0952;58;7;65;89.2308;2026-08-07;2.9825;0.8612;2.0513;v20|LAST5|AT_LEAST_ONE_STRONG|1.20|P3
v20;LAST5;AT_LEAST_ONE_STRONG;1.3;3;42;82;13;95;86.3158;13;6;19;68.4211;45;8;53;84.9057;37;5;42;88.0952;58;7;65;89.2308;2026-08-07;2.9825;0.8612;2.0513;v20|LAST5|AT_LEAST_ONE_STRONG|1.30|P3
v20;LAST5;HOME_STRONG;1.4;2;47;86;14;100;86.0;9;5;14;64.2857;49;9;58;84.4828;37;5;42;88.0952;61;8;69;88.4058;2026-08-07;2.6667;0.8612;1.2263;v20|LAST5|HOME_STRONG|1.40|P2
v20;LAST5;HOME_STRONG;1.5;2;47;86;14;100;86.0;9;5;14;64.2857;49;9;58;84.4828;37;5;42;88.0952;61;8;69;88.4058;2026-08-07;2.6667;0.8612;1.2263;v20|LAST5|HOME_STRONG|1.50|P2
v20;LAST5;AT_LEAST_ONE_STRONG;1.4;2;52;85;14;99;85.8586;10;5;15;66.6667;48;9;57;84.2105;37;5;42;88.0952;60;8;68;88.2353;2026-08-07;2.5253;0.8612;1.0558;v20|LAST5|AT_LEAST_ONE_STRONG|1.40|P2
v20;LAST5;AT_LEAST_ONE_STRONG;1.5;2;52;85;14;99;85.8586;10;5;15;66.6667;48;9;57;84.2105;37;5;42;88.0952;60;8;68;88.2353;2026-08-07;2.5253;0.8612;1.0558;v20|LAST5|AT_LEAST_ONE_STRONG|1.50|P2
v20;LAST5;AT_LEAST_ONE_STRONG;1.0;3;25;84;14;98;85.7143;11;5;16;68.75;47;9;56;83.9286;37;5;42;88.0952;60;8;68;88.2353;2026-08-07;2.381;0.8612;1.0558;v20|LAST5|AT_LEAST_ONE_STRONG|1.00|P3
v20;LAST5;AT_LEAST_ONE_STRONG;1.1;3;25;84;14;98;85.7143;11;5;16;68.75;47;9;56;83.9286;37;5;42;88.0952;60;8;68;88.2353;2026-08-07;2.381;0.8612;1.0558;v20|LAST5|AT_LEAST_ONE_STRONG|1.10|P3
v20;LAST5;HOME_STRONG;1.2;3;39;83;14;97;85.567;12;5;17;70.5882;46;9;55;83.6364;37;5;42;88.0952;59;8;67;88.0597;2026-08-07;2.2337;0.8612;0.8802;v20|LAST5|HOME_STRONG|1.20|P3
v20;LAST5;HOME_STRONG;1.3;3;39;83;14;97;85.567;12;5;17;70.5882;46;9;55;83.6364;37;5;42;88.0952;59;8;67;88.0597;2026-08-07;2.2337;0.8612;0.8802;v20|LAST5|HOME_STRONG|1.30|P3
v20;LAST5;HOME_STRONG;1.0;3;23;85;15;100;85.0;10;4;14;71.4286;48;10;58;82.7586;37;5;42;88.0952;61;9;70;87.1429;2026-08-07;1.6667;0.8612;-0.0366;v20|LAST5|HOME_STRONG|1.00|P3
v20;LAST5;HOME_STRONG;1.1;3;23;85;15;100;85.0;10;4;14;71.4286;48;10;58;82.7586;37;5;42;88.0952;61;9;70;87.1429;2026-08-07;1.6667;0.8612;-0.0366;v20|LAST5|HOME_STRONG|1.10|P3
v20;LAST5;AT_LEAST_ONE_STRONG;0.8;4;17;86;16;102;84.3137;9;3;12;75.0;49;11;60;81.6667;37;5;42;88.0952;61;8;69;88.4058;2026-08-07;0.9804;0.8612;1.2263;v20|LAST5|AT_LEAST_ONE_STRONG|0.80|P4
v20;LAST5;HOME_STRONG;0.8;4;16;86;17;103;83.4951;9;2;11;81.8182;49;12;61;80.3279;37;5;42;88.0952;61;9;70;87.1429;2026-08-07;0.1618;0.8612;-0.0366;v20|LAST5|HOME_STRONG|0.80|P4
v20;LAST5;AT_LEAST_ONE_STRONG;1.4;12;52;54;8;62;87.0968;41;11;52;78.8462;32;5;37;86.4865;22;3;25;88.0;41;6;47;87.234;2026-08-07;3.7635;0.766;0.0545;v20|LAST5|AT_LEAST_ONE_STRONG|1.40|P12
v20;LAST5;AT_LEAST_ONE_STRONG;1.4;13;52;54;8;62;87.0968;41;11;52;78.8462;32;5;37;86.4865;22;3;25;88.0;41;6;47;87.234;2026-08-07;3.7635;0.766;0.0545;v20|LAST5|AT_LEAST_ONE_STRONG|1.40|P13
v20;LAST5;AT_LEAST_ONE_STRONG;1.4;14;52;54;8;62;87.0968;41;11;52;78.8462;32;5;37;86.4865;22;3;25;88.0;41;6;47;87.234;2026-08-07;3.7635;0.766;0.0545;v20|LAST5|AT_LEAST_ONE_STRONG|1.40|P14
v20;LAST5;AT_LEAST_ONE_STRONG;1.4;15;52;54;8;62;87.0968;41;11;52;78.8462;32;5;37;86.4865;22;3;25;88.0;41;6;47;87.234;2026-08-07;3.7635;0.766;0.0545;v20|LAST5|AT_LEAST_ONE_STRONG|1.40|P15
v20;LAST5;AT_LEAST_ONE_STRONG;1.5;12;52;54;8;62;87.0968;41;11;52;78.8462;32;5;37;86.4865;22;3;25;88.0;41;6;47;87.234;2026-08-07;3.7635;0.766;0.0545;v20|LAST5|AT_LEAST_ONE_STRONG|1.50|P12
v20;LAST5;AT_LEAST_ONE_STRONG;1.5;13;52;54;8;62;87.0968;41;11;52;78.8462;32;5;37;86.4865;22;3;25;88.0;41;6;47;87.234;2026-08-07;3.7635;0.766;0.0545;v20|LAST5|AT_LEAST_ONE_STRONG|1.50|P13
v20;LAST5;AT_LEAST_ONE_STRONG;1.5;14;52;54;8;62;87.0968;41;11;52;78.8462;32;5;37;86.4865;22;3;25;88.0;41;6;47;87.234;2026-08-07;3.7635;0.766;0.0545;v20|LAST5|AT_LEAST_ONE_STRONG|1.50|P14
v20;LAST5;AT_LEAST_ONE_STRONG;1.5;15;52;54;8;62;87.0968;41;11;52;78.8462;32;5;37;86.4865;22;3;25;88.0;41;6;47;87.234;2026-08-07;3.7635;0.766;0.0545;v20|LAST5|AT_LEAST_ONE_STRONG|1.50|P15
v20;LAST5;AT_LEAST_ONE_STRONG;1.4;11;52;55;9;64;85.9375;40;10;50;80.0;33;6;39;84.6154;22;3;25;88.0;41;6;47;87.234;2026-08-07;2.6042;0.766;0.0545;v20|LAST5|AT_LEAST_ONE_STRONG|1.40|P11
v20;LAST5;AT_LEAST_ONE_STRONG;1.5;11;52;55;9;64;85.9375;40;10;50;80.0;33;6;39;84.6154;22;3;25;88.0;41;6;47;87.234;2026-08-07;2.6042;0.766;0.0545;v20|LAST5|AT_LEAST_ONE_STRONG|1.50|P11
v20;SEASON;AT_LEAST_ONE_STRONG;1.6;7;59;57;10;67;85.0746;38;9;47;80.8511;35;7;42;83.3333;22;3;25;88.0;43;6;49;87.7551;2026-08-07;1.7413;0.766;0.5756;v20|SEASON|AT_LEAST_ONE_STRONG|1.60|P7
v20;SEASON;AT_LEAST_ONE_STRONG;1.5;8;49;62;11;73;84.9315;33;8;41;80.4878;40;8;48;83.3333;22;3;25;88.0;45;6;51;88.2353;2026-08-07;1.5982;0.766;1.0558;v20|SEASON|AT_LEAST_ONE_STRONG|1.50|P8
v20;SEASON;HOME_STRONG;1.6;7;58;57;11;68;83.8235;38;8;46;82.6087;35;8;43;81.3953;22;3;25;88.0;43;7;50;86.0;2026-08-07;0.4902;0.766;-1.1795;v20|SEASON|HOME_STRONG|1.60|P7
v20;SEASON;HOME_STRONG;1.5;8;48;62;12;74;83.7838;33;7;40;82.5;40;9;49;81.6327;22;3;25;88.0;45;7;52;86.5385;2026-08-07;0.4505;0.766;-0.641;v20|SEASON|HOME_STRONG|1.50|P8
v20;LAST5;AT_LEAST_ONE_STRONG;1.6;5;69;56;11;67;83.5821;39;8;47;82.9787;34;8;42;80.9524;22;3;25;88.0;37;5;42;88.0952;2026-08-07;0.2488;0.766;0.9157;v20|LAST5|AT_LEAST_ONE_STRONG|1.60|P5
v20;SEASON;AT_LEAST_ONE_STRONG;1.3;8;34;75;13;88;85.2273;20;6;26;76.9231;46;9;55;83.6364;29;4;33;87.8788;51;7;58;87.931;2026-08-07;1.894;0.6448;0.7515;v20|SEASON|AT_LEAST_ONE_STRONG|1.30|P8
v20;SEASON;AT_LEAST_ONE_STRONG;1.5;5;49;71;13;84;84.5238;24;6;30;80.0;42;9;51;82.3529;29;4;33;87.8788;52;6;58;89.6552;2026-08-07;1.1905;0.6448;2.4757;v20|SEASON|AT_LEAST_ONE_STRONG|1.50|P5
v20;SEASON;HOME_STRONG;1.3;8;33;75;14;89;84.2697;20;5;25;80.0;46;10;56;82.1429;29;4;33;87.8788;51;8;59;86.4407;2026-08-07;0.9364;0.6448;-0.7388;v20|SEASON|HOME_STRONG|1.30|P8
v20;SEASON;AT_LEAST_ONE_STRONG;1.2;12;26;74;14;88;84.0909;21;5;26;80.7692;45;10;55;81.8182;29;4;33;87.8788;50;9;59;84.7458;2026-08-07;0.7576;0.6448;-2.4337;v20|SEASON|AT_LEAST_ONE_STRONG|1.20|P12
v20;SEASON;AT_LEAST_ONE_STRONG;1.2;13;26;74;14;88;84.0909;21;5;26;80.7692;45;10;55;81.8182;29;4;33;87.8788;50;9;59;84.7458;2026-08-07;0.7576;0.6448;-2.4337;v20|SEASON|AT_LEAST_ONE_STRONG|1.20|P13
v20;SEASON;AT_LEAST_ONE_STRONG;1.2;14;26;74;14;88;84.0909;21;5;26;80.7692;45;10;55;81.8182;29;4;33;87.8788;50;9;59;84.7458;2026-08-07;0.7576;0.6448;-2.4337;v20|SEASON|AT_LEAST_ONE_STRONG|1.20|P14
v20;SEASON;AT_LEAST_ONE_STRONG;1.2;15;26;74;14;88;84.0909;21;5;26;80.7692;45;10;55;81.8182;29;4;33;87.8788;50;9;59;84.7458;2026-08-07;0.7576;0.6448;-2.4337;v20|SEASON|AT_LEAST_ONE_STRONG|1.20|P15
v20;LAST5;HOME_STRONG;1.6;4;63;66;13;79;83.5443;29;6;35;82.8571;37;9;46;80.4348;29;4;33;87.8788;46;7;53;86.7925;2026-08-07;0.211;0.6448;-0.387;v20|LAST5|HOME_STRONG|1.60|P4
v20;SEASON;HOME_STRONG;1.5;5;48;71;14;85;83.5294;24;5;29;82.7586;42;10;52;80.7692;29;4;33;87.8788;52;7;59;88.1356;2026-08-07;0.1961;0.6448;0.9561;v20|SEASON|HOME_STRONG|1.50|P5
v20;SEASON;AT_LEAST_ONE_STRONG;1.2;11;26;75;15;90;83.3333;20;4;24;83.3333;46;11;57;80.7018;29;4;33;87.8788;50;9;59;84.7458;2026-08-07;0.0;0.6448;-2.4337;v20|SEASON|AT_LEAST_ONE_STRONG|1.20|P11
v20;SEASON;HOME_STRONG;1.2;12;25;74;15;89;83.1461;21;4;25;84.0;45;11;56;80.3571;29;4;33;87.8788;50;10;60;83.3333;2026-08-07;-0.1872;0.6448;-3.8462;v20|SEASON|HOME_STRONG|1.20|P12
v20;SEASON;HOME_STRONG;1.2;13;25;74;15;89;83.1461;21;4;25;84.0;45;11;56;80.3571;29;4;33;87.8788;50;10;60;83.3333;2026-08-07;-0.1872;0.6448;-3.8462;v20|SEASON|HOME_STRONG|1.20|P13
v20;SEASON;HOME_STRONG;1.2;14;25;74;15;89;83.1461;21;4;25;84.0;45;11;56;80.3571;29;4;33;87.8788;50;10;60;83.3333;2026-08-07;-0.1872;0.6448;-3.8462;v20|SEASON|HOME_STRONG|1.20|P14
v20;SEASON;HOME_STRONG;1.2;15;25;74;15;89;83.1461;21;4;25;84.0;45;11;56;80.3571;29;4;33;87.8788;50;10;60;83.3333;2026-08-07;-0.1872;0.6448;-3.8462;v20|SEASON|HOME_STRONG|1.20|P15
v20;SEASON;HOME_STRONG;1.2;11;25;75;16;91;82.4176;20;3;23;86.9565;46;12;58;79.3103;29;4;33;87.8788;50;10;60;83.3333;2026-08-07;-0.9157;0.6448;-3.8462;v20|SEASON|HOME_STRONG|1.20|P11
v20;SEASON;AT_LEAST_ONE_STRONG;1.3;4;34;82;14;96;85.4167;13;5;18;72.2222;46;9;55;83.6364;36;5;41;87.8049;57;7;64;89.0625;2026-08-07;2.0834;0.5709;1.883;v20|SEASON|AT_LEAST_ONE_STRONG|1.30|P4
v20;SEASON;HOME_STRONG;1.4;2;42;85;15;100;85.0;10;4;14;71.4286;49;10;59;83.0508;36;5;41;87.8049;60;8;68;88.2353;2026-08-07;1.6667;0.5709;1.0558;v20|SEASON|HOME_STRONG|1.40|P2
v20;SEASON;AT_LEAST_ONE_STRONG;1.4;2;43;85;15;100;85.0;10;4;14;71.4286;49;10;59;83.0508;36;5;41;87.8049;60;8;68;88.2353;2026-08-07;1.6667;0.5709;1.0558;v20|SEASON|AT_LEAST_ONE_STRONG|1.40|P2
v20;SEASON;HOME_STRONG;1.3;4;33;82;15;97;84.5361;13;4;17;76.4706;46;10;56;82.1429;36;5;41;87.8049;57;8;65;87.6923;2026-08-07;1.2028;0.5709;0.5128;v20|SEASON|HOME_STRONG|1.30|P4
v20;LAST5;AWAY_STRONG;1.6;4;13;87;16;103;84.466;8;3;11;72.7273;51;11;62;82.2581;36;5;41;87.8049;62;8;70;88.5714;2026-08-07;1.1327;0.5709;1.3919;v20|LAST5|AWAY_STRONG|1.60|P4
v20;LAST5;AWAY_STRONG;1.6;5;13;87;16;103;84.466;8;3;11;72.7273;51;11;62;82.2581;36;5;41;87.8049;62;8;70;88.5714;2026-08-07;1.1327;0.5709;1.3919;v20|LAST5|AWAY_STRONG|1.60|P5
v20;LAST5;AWAY_STRONG;1.6;6;13;87;16;103;84.466;8;3;11;72.7273;51;11;62;82.2581;36;5;41;87.8049;62;8;70;88.5714;2026-08-07;1.1327;0.5709;1.3919;v20|LAST5|AWAY_STRONG|1.60|P6
v20;LAST5;AT_LEAST_ONE_STRONG;0.8;5;17;85;16;101;84.1584;10;3;13;76.9231;49;11;60;81.6667;36;5;41;87.8049;60;8;68;88.2353;2026-08-07;0.8251;0.5709;1.0558;v20|LAST5|AT_LEAST_ONE_STRONG|0.80|P5
v20;LAST5;AT_LEAST_ONE_STRONG;0.8;6;17;85;16;101;84.1584;10;3;13;76.9231;49;11;60;81.6667;36;5;41;87.8049;60;8;68;88.2353;2026-08-07;0.8251;0.5709;1.0558;v20|LAST5|AT_LEAST_ONE_STRONG|0.80|P6
v20;LAST5;HOME_STRONG;0.8;5;16;85;17;102;83.3333;10;2;12;83.3333;49;12;61;80.3279;36;5;41;87.8049;60;9;69;86.9565;2026-08-07;0.0;0.5709;-0.223;v20|LAST5|HOME_STRONG|0.80|P5
v20;LAST5;HOME_STRONG;0.8;6;16;85;17;102;83.3333;10;2;12;83.3333;49;12;61;80.3279;36;5;41;87.8049;60;9;69;86.9565;2026-08-07;0.0;0.5709;-0.223;v20|LAST5|HOME_STRONG|0.80|P6
v20;SEASON;AT_LEAST_ONE_STRONG;1.4;12;43;62;9;71;87.3239;33;10;43;76.7442;41;6;47;87.234;21;3;24;87.5;44;7;51;86.2745;2026-08-07;3.9906;0.266;-0.905;v20|SEASON|AT_LEAST_ONE_STRONG|1.40|P12
v20;SEASON;AT_LEAST_ONE_STRONG;1.4;13;43;62;9;71;87.3239;33;10;43;76.7442;41;6;47;87.234;21;3;24;87.5;44;7;51;86.2745;2026-08-07;3.9906;0.266;-0.905;v20|SEASON|AT_LEAST_ONE_STRONG|1.40|P13
v20;SEASON;AT_LEAST_ONE_STRONG;1.4;14;43;62;9;71;87.3239;33;10;43;76.7442;41;6;47;87.234;21;3;24;87.5;44;7;51;86.2745;2026-08-07;3.9906;0.266;-0.905;v20|SEASON|AT_LEAST_ONE_STRONG|1.40|P14
v20;SEASON;AT_LEAST_ONE_STRONG;1.4;15;43;62;9;71;87.3239;33;10;43;76.7442;41;6;47;87.234;21;3;24;87.5;44;7;51;86.2745;2026-08-07;3.9906;0.266;-0.905;v20|SEASON|AT_LEAST_ONE_STRONG|1.40|P15
v20;SEASON;AT_LEAST_ONE_STRONG;1.4;11;43;63;10;73;86.3014;32;9;41;78.0488;42;7;49;85.7143;21;3;24;87.5;44;7;51;86.2745;2026-08-07;2.9681;0.266;-0.905;v20|SEASON|AT_LEAST_ONE_STRONG|1.40|P11
v20;SEASON;HOME_STRONG;1.4;12;42;62;10;72;86.1111;33;9;42;78.5714;41;7;48;85.4167;21;3;24;87.5;44;8;52;84.6154;2026-08-07;2.7778;0.266;-2.5641;v20|SEASON|HOME_STRONG|1.40|P12
v20;SEASON;HOME_STRONG;1.4;13;42;62;10;72;86.1111;33;9;42;78.5714;41;7;48;85.4167;21;3;24;87.5;44;8;52;84.6154;2026-08-07;2.7778;0.266;-2.5641;v20|SEASON|HOME_STRONG|1.40|P13
v20;SEASON;HOME_STRONG;1.4;14;42;62;10;72;86.1111;33;9;42;78.5714;41;7;48;85.4167;21;3;24;87.5;44;8;52;84.6154;2026-08-07;2.7778;0.266;-2.5641;v20|SEASON|HOME_STRONG|1.40|P14
v20;SEASON;HOME_STRONG;1.4;15;42;62;10;72;86.1111;33;9;42;78.5714;41;7;48;85.4167;21;3;24;87.5;44;8;52;84.6154;2026-08-07;2.7778;0.266;-2.5641;v20|SEASON|HOME_STRONG|1.40|P15
v20;SEASON;HOME_STRONG;1.4;11;42;63;11;74;85.1351;32;8;40;80.0;42;8;50;84.0;21;3;24;87.5;44;8;52;84.6154;2026-08-07;1.8018;0.266;-2.5641;v20|SEASON|HOME_STRONG|1.40|P11
v20;LAST5;AT_LEAST_ONE_STRONG;1.2;9;42;65;10;75;86.6667;30;9;39;76.9231;37;6;43;86.0465;28;4;32;87.5;49;6;55;89.0909;2026-08-07;3.3334;0.266;1.9114;v20|LAST5|AT_LEAST_ONE_STRONG|1.20|P9
v20;LAST5;AT_LEAST_ONE_STRONG;1.2;10;42;65;10;75;86.6667;30;9;39;76.9231;37;6;43;86.0465;28;4;32;87.5;49;6;55;89.0909;2026-08-07;3.3334;0.266;1.9114;v20|LAST5|AT_LEAST_ONE_STRONG|1.20|P10
v20;LAST5;AT_LEAST_ONE_STRONG;1.3;9;42;65;10;75;86.6667;30;9;39;76.9231;37;6;43;86.0465;28;4;32;87.5;49;6;55;89.0909;2026-08-07;3.3334;0.266;1.9114;v20|LAST5|AT_LEAST_ONE_STRONG|1.30|P9
v20;LAST5;AT_LEAST_ONE_STRONG;1.3;10;42;65;10;75;86.6667;30;9;39;76.9231;37;6;43;86.0465;28;4;32;87.5;49;6;55;89.0909;2026-08-07;3.3334;0.266;1.9114;v20|LAST5|AT_LEAST_ONE_STRONG|1.30|P10
v20;LAST5;HOME_STRONG;1.2;9;39;66;12;78;84.6154;29;7;36;80.5556;38;8;46;82.6087;28;4;32;87.5;50;8;58;86.2069;2026-08-07;1.2821;0.266;-0.9726;v20|LAST5|HOME_STRONG|1.20|P9
v20;LAST5;HOME_STRONG;1.2;10;39;66;12;78;84.6154;29;7;36;80.5556;38;8;46;82.6087;28;4;32;87.5;50;8;58;86.2069;2026-08-07;1.2821;0.266;-0.9726;v20|LAST5|HOME_STRONG|1.20|P10
v20;LAST5;HOME_STRONG;1.3;9;39;66;12;78;84.6154;29;7;36;80.5556;38;8;46;82.6087;28;4;32;87.5;50;8;58;86.2069;2026-08-07;1.2821;0.266;-0.9726;v20|LAST5|HOME_STRONG|1.30|P9
v20;LAST5;HOME_STRONG;1.3;10;39;66;12;78;84.6154;29;7;36;80.5556;38;8;46;82.6087;28;4;32;87.5;50;8;58;86.2069;2026-08-07;1.2821;0.266;-0.9726;v20|LAST5|HOME_STRONG|1.30|P10
v20;LAST5;AT_LEAST_ONE_STRONG;1.0;4;25;82;14;96;85.4167;13;5;18;72.2222;47;9;56;83.9286;35;5;40;87.5;59;8;67;88.0597;2026-08-07;2.0834;0.266;0.8802;v20|LAST5|AT_LEAST_ONE_STRONG|1.00|P4
v20;LAST5;AT_LEAST_ONE_STRONG;1.1;4;25;82;14;96;85.4167;13;5;18;72.2222;47;9;56;83.9286;35;5;40;87.5;59;8;67;88.0597;2026-08-07;2.0834;0.266;0.8802;v20|LAST5|AT_LEAST_ONE_STRONG|1.10|P4
v20;LAST5;HOME_STRONG;1.4;3;47;78;14;92;84.7826;17;5;22;77.2727;43;9;52;82.6923;35;5;40;87.5;55;8;63;87.3016;2026-08-07;1.4493;0.266;0.1221;v20|LAST5|HOME_STRONG|1.40|P3
v20;LAST5;HOME_STRONG;1.5;3;47;78;14;92;84.7826;17;5;22;77.2727;43;9;52;82.6923;35;5;40;87.5;55;8;63;87.3016;2026-08-07;1.4493;0.266;0.1221;v20|LAST5|HOME_STRONG|1.50|P3
v20;LAST5;HOME_STRONG;1.0;4;23;83;15;98;84.6939;12;4;16;75.0;48;10;58;82.7586;35;5;40;87.5;60;9;69;86.9565;2026-08-07;1.3606;0.266;-0.223;v20|LAST5|HOME_STRONG|1.00|P4
v20;LAST5;HOME_STRONG;1.1;4;23;83;15;98;84.6939;12;4;16;75.0;48;10;58;82.7586;35;5;40;87.5;60;9;69;86.9565;2026-08-07;1.3606;0.266;-0.223;v20|LAST5|HOME_STRONG|1.10|P4
v20;LAST5;AT_LEAST_ONE_STRONG;0.8;7;17;84;16;100;84.0;11;3;14;78.5714;49;11;60;81.6667;35;5;40;87.5;59;8;67;88.0597;2026-08-07;0.6667;0.266;0.8802;v20|LAST5|AT_LEAST_ONE_STRONG|0.80|P7
v20;LAST5;AT_LEAST_ONE_STRONG;0.8;8;17;84;16;100;84.0;11;3;14;78.5714;49;11;60;81.6667;35;5;40;87.5;59;8;67;88.0597;2026-08-07;0.6667;0.266;0.8802;v20|LAST5|AT_LEAST_ONE_STRONG|0.80|P8
v20;LAST5;HOME_STRONG;0.8;7;16;84;17;101;83.1683;11;2;13;84.6154;49;12;61;80.3279;35;5;40;87.5;59;9;68;86.7647;2026-08-07;-0.165;0.266;-0.4148;v20|LAST5|HOME_STRONG|0.80|P7
v20;LAST5;HOME_STRONG;0.8;8;16;84;17;101;83.1683;11;2;13;84.6154;49;12;61;80.3279;35;5;40;87.5;59;9;68;86.7647;2026-08-07;-0.165;0.266;-0.4148;v20|LAST5|HOME_STRONG|0.80|P8
v20;LAST5;AWAY_STRONG;1.2;8;3;94;17;111;84.6847;1;2;3;33.3333;53;11;64;82.8125;41;6;47;87.234;67;8;75;89.3333;2026-08-07;1.3514;0.0;2.1538;v20|LAST5|AWAY_STRONG|1.20|P8
v20;LAST5;AWAY_STRONG;1.2;9;3;94;17;111;84.6847;1;2;3;33.3333;53;11;64;82.8125;41;6;47;87.234;67;8;75;89.3333;2026-08-07;1.3514;0.0;2.1538;v20|LAST5|AWAY_STRONG|1.20|P9
v20;LAST5;AWAY_STRONG;1.2;10;3;94;17;111;84.6847;1;2;3;33.3333;53;11;64;82.8125;41;6;47;87.234;67;8;75;89.3333;2026-08-07;1.3514;0.0;2.1538;v20|LAST5|AWAY_STRONG|1.20|P10
v20;LAST5;AWAY_STRONG;1.2;11;3;94;17;111;84.6847;1;2;3;33.3333;53;11;64;82.8125;41;6;47;87.234;67;8;75;89.3333;2026-08-07;1.3514;0.0;2.1538;v20|LAST5|AWAY_STRONG|1.20|P11
v20;LAST5;AWAY_STRONG;1.2;12;3;94;17;111;84.6847;1;2;3;33.3333;53;11;64;82.8125;41;6;47;87.234;67;8;75;89.3333;2026-08-07;1.3514;0.0;2.1538;v20|LAST5|AWAY_STRONG|1.20|P12
v20;LAST5;AWAY_STRONG;1.2;13;3;94;17;111;84.6847;1;2;3;33.3333;53;11;64;82.8125;41;6;47;87.234;67;8;75;89.3333;2026-08-07;1.3514;0.0;2.1538;v20|LAST5|AWAY_STRONG|1.20|P13
v20;LAST5;AWAY_STRONG;1.2;14;3;94;17;111;84.6847;1;2;3;33.3333;53;11;64;82.8125;41;6;47;87.234;67;8;75;89.3333;2026-08-07;1.3514;0.0;2.1538;v20|LAST5|AWAY_STRONG|1.20|P14
v20;LAST5;AWAY_STRONG;1.2;15;3;94;17;111;84.6847;1;2;3;33.3333;53;11;64;82.8125;41;6;47;87.234;67;8;75;89.3333;2026-08-07;1.3514;0.0;2.1538;v20|LAST5|AWAY_STRONG|1.20|P15
v20;LAST5;AWAY_STRONG;1.3;8;3;94;17;111;84.6847;1;2;3;33.3333;53;11;64;82.8125;41;6;47;87.234;67;8;75;89.3333;2026-08-07;1.3514;0.0;2.1538;v20|LAST5|AWAY_STRONG|1.30|P8
v20;LAST5;AWAY_STRONG;1.3;9;3;94;17;111;84.6847;1;2;3;33.3333;53;11;64;82.8125;41;6;47;87.234;67;8;75;89.3333;2026-08-07;1.3514;0.0;2.1538;v20|LAST5|AWAY_STRONG|1.30|P9
v20;LAST5;AWAY_STRONG;1.3;10;3;94;17;111;84.6847;1;2;3;33.3333;53;11;64;82.8125;41;6;47;87.234;67;8;75;89.3333;2026-08-07;1.3514;0.0;2.1538;v20|LAST5|AWAY_STRONG|1.30|P10
v20;LAST5;AWAY_STRONG;1.3;11;3;94;17;111;84.6847;1;2;3;33.3333;53;11;64;82.8125;41;6;47;87.234;67;8;75;89.3333;2026-08-07;1.3514;0.0;2.1538;v20|LAST5|AWAY_STRONG|1.30|P11
v20;LAST5;AWAY_STRONG;1.3;12;3;94;17;111;84.6847;1;2;3;33.3333;53;11;64;82.8125;41;6;47;87.234;67;8;75;89.3333;2026-08-07;1.3514;0.0;2.1538;v20|LAST5|AWAY_STRONG|1.30|P12
v20;LAST5;AWAY_STRONG;1.3;13;3;94;17;111;84.6847;1;2;3;33.3333;53;11;64;82.8125;41;6;47;87.234;67;8;75;89.3333;2026-08-07;1.3514;0.0;2.1538;v20|LAST5|AWAY_STRONG|1.30|P13
v20;LAST5;AWAY_STRONG;1.3;14;3;94;17;111;84.6847;1;2;3;33.3333;53;11;64;82.8125;41;6;47;87.234;67;8;75;89.3333;2026-08-07;1.3514;0.0;2.1538;v20|LAST5|AWAY_STRONG|1.30|P14
v20;LAST5;AWAY_STRONG;1.3;15;3;94;17;111;84.6847;1;2;3;33.3333;53;11;64;82.8125;41;6;47;87.234;67;8;75;89.3333;2026-08-07;1.3514;0.0;2.1538;v20|LAST5|AWAY_STRONG|1.30|P15
v20;SEASON;AWAY_STRONG;0.8;3;1;95;18;113;84.0708;0;1;1;0.0;54;12;66;81.8182;41;6;47;87.234;68;9;77;88.3117;2026-08-07;0.7375;0.0;1.1322;v20|SEASON|AWAY_STRONG|0.80|P3
v20;SEASON;AWAY_STRONG;0.8;4;1;95;18;113;84.0708;0;1;1;0.0;54;12;66;81.8182;41;6;47;87.234;68;9;77;88.3117;2026-08-07;0.7375;0.0;1.1322;v20|SEASON|AWAY_STRONG|0.80|P4
v20;SEASON;AWAY_STRONG;0.8;5;1;95;18;113;84.0708;0;1;1;0.0;54;12;66;81.8182;41;6;47;87.234;68;9;77;88.3117;2026-08-07;0.7375;0.0;1.1322;v20|SEASON|AWAY_STRONG|0.80|P5
v20;SEASON;AWAY_STRONG;0.8;6;1;95;18;113;84.0708;0;1;1;0.0;54;12;66;81.8182;41;6;47;87.234;68;9;77;88.3117;2026-08-07;0.7375;0.0;1.1322;v20|SEASON|AWAY_STRONG|0.80|P6
v20;SEASON;AWAY_STRONG;0.8;7;1;95;18;113;84.0708;0;1;1;0.0;54;12;66;81.8182;41;6;47;87.234;68;9;77;88.3117;2026-08-07;0.7375;0.0;1.1322;v20|SEASON|AWAY_STRONG|0.80|P7
v20;SEASON;AWAY_STRONG;0.8;8;1;95;18;113;84.0708;0;1;1;0.0;54;12;66;81.8182;41;6;47;87.234;68;9;77;88.3117;2026-08-07;0.7375;0.0;1.1322;v20|SEASON|AWAY_STRONG|0.80|P8
v20;SEASON;AWAY_STRONG;0.8;9;1;95;18;113;84.0708;0;1;1;0.0;54;12;66;81.8182;41;6;47;87.234;68;9;77;88.3117;2026-08-07;0.7375;0.0;1.1322;v20|SEASON|AWAY_STRONG|0.80|P9
v20;SEASON;AWAY_STRONG;0.8;10;1;95;18;113;84.0708;0;1;1;0.0;54;12;66;81.8182;41;6;47;87.234;68;9;77;88.3117;2026-08-07;0.7375;0.0;1.1322;v20|SEASON|AWAY_STRONG|0.80|P10
v20;SEASON;AWAY_STRONG;0.8;11;1;95;18;113;84.0708;0;1;1;0.0;54;12;66;81.8182;41;6;47;87.234;68;9;77;88.3117;2026-08-07;0.7375;0.0;1.1322;v20|SEASON|AWAY_STRONG|0.80|P11
v20;SEASON;AWAY_STRONG;0.8;12;1;95;18;113;84.0708;0;1;1;0.0;54;12;66;81.8182;41;6;47;87.234;68;9;77;88.3117;2026-08-07;0.7375;0.0;1.1322;v20|SEASON|AWAY_STRONG|0.80|P12
v20;SEASON;AWAY_STRONG;0.8;13;1;95;18;113;84.0708;0;1;1;0.0;54;12;66;81.8182;41;6;47;87.234;68;9;77;88.3117;2026-08-07;0.7375;0.0;1.1322;v20|SEASON|AWAY_STRONG|0.80|P13
v20;SEASON;AWAY_STRONG;0.8;14;1;95;18;113;84.0708;0;1;1;0.0;54;12;66;81.8182;41;6;47;87.234;68;9;77;88.3117;2026-08-07;0.7375;0.0;1.1322;v20|SEASON|AWAY_STRONG|0.80|P14
v20;SEASON;AWAY_STRONG;0.8;15;1;95;18;113;84.0708;0;1;1;0.0;54;12;66;81.8182;41;6;47;87.234;68;9;77;88.3117;2026-08-07;0.7375;0.0;1.1322;v20|SEASON|AWAY_STRONG|0.80|P15
v20;SEASON;AWAY_STRONG;1.0;3;1;95;18;113;84.0708;0;1;1;0.0;54;12;66;81.8182;41;6;47;87.234;68;9;77;88.3117;2026-08-07;0.7375;0.0;1.1322;v20|SEASON|AWAY_STRONG|1.00|P3
v20;SEASON;AWAY_STRONG;1.0;4;1;95;18;113;84.0708;0;1;1;0.0;54;12;66;81.8182;41;6;47;87.234;68;9;77;88.3117;2026-08-07;0.7375;0.0;1.1322;v20|SEASON|AWAY_STRONG|1.00|P4
v20;SEASON;AWAY_STRONG;1.0;5;1;95;18;113;84.0708;0;1;1;0.0;54;12;66;81.8182;41;6;47;87.234;68;9;77;88.3117;2026-08-07;0.7375;0.0;1.1322;v20|SEASON|AWAY_STRONG|1.00|P5
v20;SEASON;AWAY_STRONG;1.0;6;1;95;18;113;84.0708;0;1;1;0.0;54;12;66;81.8182;41;6;47;87.234;68;9;77;88.3117;2026-08-07;0.7375;0.0;1.1322;v20|SEASON|AWAY_STRONG|1.00|P6
v20;SEASON;AWAY_STRONG;1.0;7;1;95;18;113;84.0708;0;1;1;0.0;54;12;66;81.8182;41;6;47;87.234;68;9;77;88.3117;2026-08-07;0.7375;0.0;1.1322;v20|SEASON|AWAY_STRONG|1.00|P7
v20;SEASON;AWAY_STRONG;1.0;8;1;95;18;113;84.0708;0;1;1;0.0;54;12;66;81.8182;41;6;47;87.234;68;9;77;88.3117;2026-08-07;0.7375;0.0;1.1322;v20|SEASON|AWAY_STRONG|1.00|P8
v20;SEASON;AWAY_STRONG;1.0;9;1;95;18;113;84.0708;0;1;1;0.0;54;12;66;81.8182;41;6;47;87.234;68;9;77;88.3117;2026-08-07;0.7375;0.0;1.1322;v20|SEASON|AWAY_STRONG|1.00|P9
v20;SEASON;AWAY_STRONG;1.0;10;1;95;18;113;84.0708;0;1;1;0.0;54;12;66;81.8182;41;6;47;87.234;68;9;77;88.3117;2026-08-07;0.7375;0.0;1.1322;v20|SEASON|AWAY_STRONG|1.00|P10
v20;SEASON;AWAY_STRONG;1.0;11;1;95;18;113;84.0708;0;1;1;0.0;54;12;66;81.8182;41;6;47;87.234;68;9;77;88.3117;2026-08-07;0.7375;0.0;1.1322;v20|SEASON|AWAY_STRONG|1.00|P11
v20;SEASON;AWAY_STRONG;1.0;12;1;95;18;113;84.0708;0;1;1;0.0;54;12;66;81.8182;41;6;47;87.234;68;9;77;88.3117;2026-08-07;0.7375;0.0;1.1322;v20|SEASON|AWAY_STRONG|1.00|P12
v20;SEASON;AWAY_STRONG;1.0;13;1;95;18;113;84.0708;0;1;1;0.0;54;12;66;81.8182;41;6;47;87.234;68;9;77;88.3117;2026-08-07;0.7375;0.0;1.1322;v20|SEASON|AWAY_STRONG|1.00|P13
v20;SEASON;AWAY_STRONG;1.0;14;1;95;18;113;84.0708;0;1;1;0.0;54;12;66;81.8182;41;6;47;87.234;68;9;77;88.3117;2026-08-07;0.7375;0.0;1.1322;v20|SEASON|AWAY_STRONG|1.00|P14
v20;SEASON;AWAY_STRONG;1.0;15;1;95;18;113;84.0708;0;1;1;0.0;54;12;66;81.8182;41;6;47;87.234;68;9;77;88.3117;2026-08-07;0.7375;0.0;1.1322;v20|SEASON|AWAY_STRONG|1.00|P15
v20;SEASON;AWAY_STRONG;1.1;3;1;95;18;113;84.0708;0;1;1;0.0;54;12;66;81.8182;41;6;47;87.234;68;9;77;88.3117;2026-08-07;0.7375;0.0;1.1322;v20|SEASON|AWAY_STRONG|1.10|P3
v20;SEASON;AWAY_STRONG;1.1;4;1;95;18;113;84.0708;0;1;1;0.0;54;12;66;81.8182;41;6;47;87.234;68;9;77;88.3117;2026-08-07;0.7375;0.0;1.1322;v20|SEASON|AWAY_STRONG|1.10|P4
v20;SEASON;AWAY_STRONG;1.1;5;1;95;18;113;84.0708;0;1;1;0.0;54;12;66;81.8182;41;6;47;87.234;68;9;77;88.3117;2026-08-07;0.7375;0.0;1.1322;v20|SEASON|AWAY_STRONG|1.10|P5
v20;SEASON;AWAY_STRONG;1.1;6;1;95;18;113;84.0708;0;1;1;0.0;54;12;66;81.8182;41;6;47;87.234;68;9;77;88.3117;2026-08-07;0.7375;0.0;1.1322;v20|SEASON|AWAY_STRONG|1.10|P6
v20;SEASON;AWAY_STRONG;1.1;7;1;95;18;113;84.0708;0;1;1;0.0;54;12;66;81.8182;41;6;47;87.234;68;9;77;88.3117;2026-08-07;0.7375;0.0;1.1322;v20|SEASON|AWAY_STRONG|1.10|P7
v20;SEASON;AWAY_STRONG;1.1;8;1;95;18;113;84.0708;0;1;1;0.0;54;12;66;81.8182;41;6;47;87.234;68;9;77;88.3117;2026-08-07;0.7375;0.0;1.1322;v20|SEASON|AWAY_STRONG|1.10|P8
v20;SEASON;AWAY_STRONG;1.1;9;1;95;18;113;84.0708;0;1;1;0.0;54;12;66;81.8182;41;6;47;87.234;68;9;77;88.3117;2026-08-07;0.7375;0.0;1.1322;v20|SEASON|AWAY_STRONG|1.10|P9
v20;SEASON;AWAY_STRONG;1.1;10;1;95;18;113;84.0708;0;1;1;0.0;54;12;66;81.8182;41;6;47;87.234;68;9;77;88.3117;2026-08-07;0.7375;0.0;1.1322;v20|SEASON|AWAY_STRONG|1.10|P10
v20;SEASON;AWAY_STRONG;1.1;11;1;95;18;113;84.0708;0;1;1;0.0;54;12;66;81.8182;41;6;47;87.234;68;9;77;88.3117;2026-08-07;0.7375;0.0;1.1322;v20|SEASON|AWAY_STRONG|1.10|P11
v20;SEASON;AWAY_STRONG;1.1;12;1;95;18;113;84.0708;0;1;1;0.0;54;12;66;81.8182;41;6;47;87.234;68;9;77;88.3117;2026-08-07;0.7375;0.0;1.1322;v20|SEASON|AWAY_STRONG|1.10|P12
v20;SEASON;AWAY_STRONG;1.1;13;1;95;18;113;84.0708;0;1;1;0.0;54;12;66;81.8182;41;6;47;87.234;68;9;77;88.3117;2026-08-07;0.7375;0.0;1.1322;v20|SEASON|AWAY_STRONG|1.10|P13
v20;SEASON;AWAY_STRONG;1.1;14;1;95;18;113;84.0708;0;1;1;0.0;54;12;66;81.8182;41;6;47;87.234;68;9;77;88.3117;2026-08-07;0.7375;0.0;1.1322;v20|SEASON|AWAY_STRONG|1.10|P14
v20;SEASON;AWAY_STRONG;1.1;15;1;95;18;113;84.0708;0;1;1;0.0;54;12;66;81.8182;41;6;47;87.234;68;9;77;88.3117;2026-08-07;0.7375;0.0;1.1322;v20|SEASON|AWAY_STRONG|1.10|P15
v20;SEASON;AWAY_STRONG;1.2;3;1;95;18;113;84.0708;0;1;1;0.0;54;12;66;81.8182;41;6;47;87.234;68;9;77;88.3117;2026-08-07;0.7375;0.0;1.1322;v20|SEASON|AWAY_STRONG|1.20|P3
v20;SEASON;AWAY_STRONG;1.2;4;1;95;18;113;84.0708;0;1;1;0.0;54;12;66;81.8182;41;6;47;87.234;68;9;77;88.3117;2026-08-07;0.7375;0.0;1.1322;v20|SEASON|AWAY_STRONG|1.20|P4
v20;SEASON;AWAY_STRONG;1.2;5;1;95;18;113;84.0708;0;1;1;0.0;54;12;66;81.8182;41;6;47;87.234;68;9;77;88.3117;2026-08-07;0.7375;0.0;1.1322;v20|SEASON|AWAY_STRONG|1.20|P5
v20;SEASON;AWAY_STRONG;1.2;6;1;95;18;113;84.0708;0;1;1;0.0;54;12;66;81.8182;41;6;47;87.234;68;9;77;88.3117;2026-08-07;0.7375;0.0;1.1322;v20|SEASON|AWAY_STRONG|1.20|P6
v20;SEASON;AWAY_STRONG;1.2;7;1;95;18;113;84.0708;0;1;1;0.0;54;12;66;81.8182;41;6;47;87.234;68;9;77;88.3117;2026-08-07;0.7375;0.0;1.1322;v20|SEASON|AWAY_STRONG|1.20|P7
v20;SEASON;AWAY_STRONG;1.2;8;1;95;18;113;84.0708;0;1;1;0.0;54;12;66;81.8182;41;6;47;87.234;68;9;77;88.3117;2026-08-07;0.7375;0.0;1.1322;v20|SEASON|AWAY_STRONG|1.20|P8
v20;SEASON;AWAY_STRONG;1.2;9;1;95;18;113;84.0708;0;1;1;0.0;54;12;66;81.8182;41;6;47;87.234;68;9;77;88.3117;2026-08-07;0.7375;0.0;1.1322;v20|SEASON|AWAY_STRONG|1.20|P9
v20;SEASON;AWAY_STRONG;1.2;10;1;95;18;113;84.0708;0;1;1;0.0;54;12;66;81.8182;41;6;47;87.234;68;9;77;88.3117;2026-08-07;0.7375;0.0;1.1322;v20|SEASON|AWAY_STRONG|1.20|P10
v20;SEASON;AWAY_STRONG;1.2;11;1;95;18;113;84.0708;0;1;1;0.0;54;12;66;81.8182;41;6;47;87.234;68;9;77;88.3117;2026-08-07;0.7375;0.0;1.1322;v20|SEASON|AWAY_STRONG|1.20|P11
v20;SEASON;AWAY_STRONG;1.2;12;1;95;18;113;84.0708;0;1;1;0.0;54;12;66;81.8182;41;6;47;87.234;68;9;77;88.3117;2026-08-07;0.7375;0.0;1.1322;v20|SEASON|AWAY_STRONG|1.20|P12
v20;SEASON;AWAY_STRONG;1.2;13;1;95;18;113;84.0708;0;1;1;0.0;54;12;66;81.8182;41;6;47;87.234;68;9;77;88.3117;2026-08-07;0.7375;0.0;1.1322;v20|SEASON|AWAY_STRONG|1.20|P13
v20;SEASON;AWAY_STRONG;1.2;14;1;95;18;113;84.0708;0;1;1;0.0;54;12;66;81.8182;41;6;47;87.234;68;9;77;88.3117;2026-08-07;0.7375;0.0;1.1322;v20|SEASON|AWAY_STRONG|1.20|P14
v20;SEASON;AWAY_STRONG;1.2;15;1;95;18;113;84.0708;0;1;1;0.0;54;12;66;81.8182;41;6;47;87.234;68;9;77;88.3117;2026-08-07;0.7375;0.0;1.1322;v20|SEASON|AWAY_STRONG|1.20|P15
v20;SEASON;AWAY_STRONG;1.3;3;1;95;18;113;84.0708;0;1;1;0.0;54;12;66;81.8182;41;6;47;87.234;68;9;77;88.3117;2026-08-07;0.7375;0.0;1.1322;v20|SEASON|AWAY_STRONG|1.30|P3
v20;SEASON;AWAY_STRONG;1.3;4;1;95;18;113;84.0708;0;1;1;0.0;54;12;66;81.8182;41;6;47;87.234;68;9;77;88.3117;2026-08-07;0.7375;0.0;1.1322;v20|SEASON|AWAY_STRONG|1.30|P4
v20;SEASON;AWAY_STRONG;1.3;5;1;95;18;113;84.0708;0;1;1;0.0;54;12;66;81.8182;41;6;47;87.234;68;9;77;88.3117;2026-08-07;0.7375;0.0;1.1322;v20|SEASON|AWAY_STRONG|1.30|P5
v20;SEASON;AWAY_STRONG;1.3;6;1;95;18;113;84.0708;0;1;1;0.0;54;12;66;81.8182;41;6;47;87.234;68;9;77;88.3117;2026-08-07;0.7375;0.0;1.1322;v20|SEASON|AWAY_STRONG|1.30|P6
v20;SEASON;AWAY_STRONG;1.3;7;1;95;18;113;84.0708;0;1;1;0.0;54;12;66;81.8182;41;6;47;87.234;68;9;77;88.3117;2026-08-07;0.7375;0.0;1.1322;v20|SEASON|AWAY_STRONG|1.30|P7
v20;SEASON;AWAY_STRONG;1.3;8;1;95;18;113;84.0708;0;1;1;0.0;54;12;66;81.8182;41;6;47;87.234;68;9;77;88.3117;2026-08-07;0.7375;0.0;1.1322;v20|SEASON|AWAY_STRONG|1.30|P8
v20;SEASON;AWAY_STRONG;1.3;9;1;95;18;113;84.0708;0;1;1;0.0;54;12;66;81.8182;41;6;47;87.234;68;9;77;88.3117;2026-08-07;0.7375;0.0;1.1322;v20|SEASON|AWAY_STRONG|1.30|P9
v20;SEASON;AWAY_STRONG;1.3;10;1;95;18;113;84.0708;0;1;1;0.0;54;12;66;81.8182;41;6;47;87.234;68;9;77;88.3117;2026-08-07;0.7375;0.0;1.1322;v20|SEASON|AWAY_STRONG|1.30|P10
v20;SEASON;AWAY_STRONG;1.3;11;1;95;18;113;84.0708;0;1;1;0.0;54;12;66;81.8182;41;6;47;87.234;68;9;77;88.3117;2026-08-07;0.7375;0.0;1.1322;v20|SEASON|AWAY_STRONG|1.30|P11
v20;SEASON;AWAY_STRONG;1.3;12;1;95;18;113;84.0708;0;1;1;0.0;54;12;66;81.8182;41;6;47;87.234;68;9;77;88.3117;2026-08-07;0.7375;0.0;1.1322;v20|SEASON|AWAY_STRONG|1.30|P12
v20;SEASON;AWAY_STRONG;1.3;13;1;95;18;113;84.0708;0;1;1;0.0;54;12;66;81.8182;41;6;47;87.234;68;9;77;88.3117;2026-08-07;0.7375;0.0;1.1322;v20|SEASON|AWAY_STRONG|1.30|P13
v20;SEASON;AWAY_STRONG;1.3;14;1;95;18;113;84.0708;0;1;1;0.0;54;12;66;81.8182;41;6;47;87.234;68;9;77;88.3117;2026-08-07;0.7375;0.0;1.1322;v20|SEASON|AWAY_STRONG|1.30|P14
v20;SEASON;AWAY_STRONG;1.3;15;1;95;18;113;84.0708;0;1;1;0.0;54;12;66;81.8182;41;6;47;87.234;68;9;77;88.3117;2026-08-07;0.7375;0.0;1.1322;v20|SEASON|AWAY_STRONG|1.30|P15
v20;SEASON;AWAY_STRONG;1.4;3;1;95;18;113;84.0708;0;1;1;0.0;54;12;66;81.8182;41;6;47;87.234;68;9;77;88.3117;2026-08-07;0.7375;0.0;1.1322;v20|SEASON|AWAY_STRONG|1.40|P3
v20;SEASON;AWAY_STRONG;1.4;4;1;95;18;113;84.0708;0;1;1;0.0;54;12;66;81.8182;41;6;47;87.234;68;9;77;88.3117;2026-08-07;0.7375;0.0;1.1322;v20|SEASON|AWAY_STRONG|1.40|P4
v20;SEASON;AWAY_STRONG;1.4;5;1;95;18;113;84.0708;0;1;1;0.0;54;12;66;81.8182;41;6;47;87.234;68;9;77;88.3117;2026-08-07;0.7375;0.0;1.1322;v20|SEASON|AWAY_STRONG|1.40|P5
v20;SEASON;AWAY_STRONG;1.4;6;1;95;18;113;84.0708;0;1;1;0.0;54;12;66;81.8182;41;6;47;87.234;68;9;77;88.3117;2026-08-07;0.7375;0.0;1.1322;v20|SEASON|AWAY_STRONG|1.40|P6
v20;SEASON;AWAY_STRONG;1.4;7;1;95;18;113;84.0708;0;1;1;0.0;54;12;66;81.8182;41;6;47;87.234;68;9;77;88.3117;2026-08-07;0.7375;0.0;1.1322;v20|SEASON|AWAY_STRONG|1.40|P7
v20;SEASON;AWAY_STRONG;1.4;8;1;95;18;113;84.0708;0;1;1;0.0;54;12;66;81.8182;41;6;47;87.234;68;9;77;88.3117;2026-08-07;0.7375;0.0;1.1322;v20|SEASON|AWAY_STRONG|1.40|P8
v20;SEASON;AWAY_STRONG;1.4;9;1;95;18;113;84.0708;0;1;1;0.0;54;12;66;81.8182;41;6;47;87.234;68;9;77;88.3117;2026-08-07;0.7375;0.0;1.1322;v20|SEASON|AWAY_STRONG|1.40|P9
v20;SEASON;AWAY_STRONG;1.4;10;1;95;18;113;84.0708;0;1;1;0.0;54;12;66;81.8182;41;6;47;87.234;68;9;77;88.3117;2026-08-07;0.7375;0.0;1.1322;v20|SEASON|AWAY_STRONG|1.40|P10
v20;SEASON;AWAY_STRONG;1.4;11;1;95;18;113;84.0708;0;1;1;0.0;54;12;66;81.8182;41;6;47;87.234;68;9;77;88.3117;2026-08-07;0.7375;0.0;1.1322;v20|SEASON|AWAY_STRONG|1.40|P11
v20;SEASON;AWAY_STRONG;1.4;12;1;95;18;113;84.0708;0;1;1;0.0;54;12;66;81.8182;41;6;47;87.234;68;9;77;88.3117;2026-08-07;0.7375;0.0;1.1322;v20|SEASON|AWAY_STRONG|1.40|P12
v20;SEASON;AWAY_STRONG;1.4;13;1;95;18;113;84.0708;0;1;1;0.0;54;12;66;81.8182;41;6;47;87.234;68;9;77;88.3117;2026-08-07;0.7375;0.0;1.1322;v20|SEASON|AWAY_STRONG|1.40|P13
v20;SEASON;AWAY_STRONG;1.4;14;1;95;18;113;84.0708;0;1;1;0.0;54;12;66;81.8182;41;6;47;87.234;68;9;77;88.3117;2026-08-07;0.7375;0.0;1.1322;v20|SEASON|AWAY_STRONG|1.40|P14
v20;SEASON;AWAY_STRONG;1.4;15;1;95;18;113;84.0708;0;1;1;0.0;54;12;66;81.8182;41;6;47;87.234;68;9;77;88.3117;2026-08-07;0.7375;0.0;1.1322;v20|SEASON|AWAY_STRONG|1.40|P15
v20;SEASON;AWAY_STRONG;1.5;3;1;95;18;113;84.0708;0;1;1;0.0;54;12;66;81.8182;41;6;47;87.234;68;9;77;88.3117;2026-08-07;0.7375;0.0;1.1322;v20|SEASON|AWAY_STRONG|1.50|P3
v20;SEASON;AWAY_STRONG;1.5;4;1;95;18;113;84.0708;0;1;1;0.0;54;12;66;81.8182;41;6;47;87.234;68;9;77;88.3117;2026-08-07;0.7375;0.0;1.1322;v20|SEASON|AWAY_STRONG|1.50|P4
v20;SEASON;AWAY_STRONG;1.5;5;1;95;18;113;84.0708;0;1;1;0.0;54;12;66;81.8182;41;6;47;87.234;68;9;77;88.3117;2026-08-07;0.7375;0.0;1.1322;v20|SEASON|AWAY_STRONG|1.50|P5
v20;SEASON;AWAY_STRONG;1.5;6;1;95;18;113;84.0708;0;1;1;0.0;54;12;66;81.8182;41;6;47;87.234;68;9;77;88.3117;2026-08-07;0.7375;0.0;1.1322;v20|SEASON|AWAY_STRONG|1.50|P6
v20;SEASON;AWAY_STRONG;1.5;7;1;95;18;113;84.0708;0;1;1;0.0;54;12;66;81.8182;41;6;47;87.234;68;9;77;88.3117;2026-08-07;0.7375;0.0;1.1322;v20|SEASON|AWAY_STRONG|1.50|P7
v20;SEASON;AWAY_STRONG;1.5;8;1;95;18;113;84.0708;0;1;1;0.0;54;12;66;81.8182;41;6;47;87.234;68;9;77;88.3117;2026-08-07;0.7375;0.0;1.1322;v20|SEASON|AWAY_STRONG|1.50|P8
v20;SEASON;AWAY_STRONG;1.5;9;1;95;18;113;84.0708;0;1;1;0.0;54;12;66;81.8182;41;6;47;87.234;68;9;77;88.3117;2026-08-07;0.7375;0.0;1.1322;v20|SEASON|AWAY_STRONG|1.50|P9
v20;SEASON;AWAY_STRONG;1.5;10;1;95;18;113;84.0708;0;1;1;0.0;54;12;66;81.8182;41;6;47;87.234;68;9;77;88.3117;2026-08-07;0.7375;0.0;1.1322;v20|SEASON|AWAY_STRONG|1.50|P10
v20;SEASON;AWAY_STRONG;1.5;11;1;95;18;113;84.0708;0;1;1;0.0;54;12;66;81.8182;41;6;47;87.234;68;9;77;88.3117;2026-08-07;0.7375;0.0;1.1322;v20|SEASON|AWAY_STRONG|1.50|P11
v20;SEASON;AWAY_STRONG;1.5;12;1;95;18;113;84.0708;0;1;1;0.0;54;12;66;81.8182;41;6;47;87.234;68;9;77;88.3117;2026-08-07;0.7375;0.0;1.1322;v20|SEASON|AWAY_STRONG|1.50|P12
v20;SEASON;AWAY_STRONG;1.5;13;1;95;18;113;84.0708;0;1;1;0.0;54;12;66;81.8182;41;6;47;87.234;68;9;77;88.3117;2026-08-07;0.7375;0.0;1.1322;v20|SEASON|AWAY_STRONG|1.50|P13
v20;SEASON;AWAY_STRONG;1.5;14;1;95;18;113;84.0708;0;1;1;0.0;54;12;66;81.8182;41;6;47;87.234;68;9;77;88.3117;2026-08-07;0.7375;0.0;1.1322;v20|SEASON|AWAY_STRONG|1.50|P14
v20;SEASON;AWAY_STRONG;1.5;15;1;95;18;113;84.0708;0;1;1;0.0;54;12;66;81.8182;41;6;47;87.234;68;9;77;88.3117;2026-08-07;0.7375;0.0;1.1322;v20|SEASON|AWAY_STRONG|1.50|P15
v20;SEASON;AWAY_STRONG;1.6;3;1;95;18;113;84.0708;0;1;1;0.0;54;12;66;81.8182;41;6;47;87.234;68;9;77;88.3117;2026-08-07;0.7375;0.0;1.1322;v20|SEASON|AWAY_STRONG|1.60|P3
v20;SEASON;AWAY_STRONG;1.6;4;1;95;18;113;84.0708;0;1;1;0.0;54;12;66;81.8182;41;6;47;87.234;68;9;77;88.3117;2026-08-07;0.7375;0.0;1.1322;v20|SEASON|AWAY_STRONG|1.60|P4
v20;SEASON;AWAY_STRONG;1.6;5;1;95;18;113;84.0708;0;1;1;0.0;54;12;66;81.8182;41;6;47;87.234;68;9;77;88.3117;2026-08-07;0.7375;0.0;1.1322;v20|SEASON|AWAY_STRONG|1.60|P5
v20;SEASON;AWAY_STRONG;1.6;6;1;95;18;113;84.0708;0;1;1;0.0;54;12;66;81.8182;41;6;47;87.234;68;9;77;88.3117;2026-08-07;0.7375;0.0;1.1322;v20|SEASON|AWAY_STRONG|1.60|P6
v20;SEASON;AWAY_STRONG;1.6;7;1;95;18;113;84.0708;0;1;1;0.0;54;12;66;81.8182;41;6;47;87.234;68;9;77;88.3117;2026-08-07;0.7375;0.0;1.1322;v20|SEASON|AWAY_STRONG|1.60|P7
v20;SEASON;AWAY_STRONG;1.6;8;1;95;18;113;84.0708;0;1;1;0.0;54;12;66;81.8182;41;6;47;87.234;68;9;77;88.3117;2026-08-07;0.7375;0.0;1.1322;v20|SEASON|AWAY_STRONG|1.60|P8
v20;SEASON;AWAY_STRONG;1.6;9;1;95;18;113;84.0708;0;1;1;0.0;54;12;66;81.8182;41;6;47;87.234;68;9;77;88.3117;2026-08-07;0.7375;0.0;1.1322;v20|SEASON|AWAY_STRONG|1.60|P9
v20;SEASON;AWAY_STRONG;1.6;10;1;95;18;113;84.0708;0;1;1;0.0;54;12;66;81.8182;41;6;47;87.234;68;9;77;88.3117;2026-08-07;0.7375;0.0;1.1322;v20|SEASON|AWAY_STRONG|1.60|P10
v20;SEASON;AWAY_STRONG;1.6;11;1;95;18;113;84.0708;0;1;1;0.0;54;12;66;81.8182;41;6;47;87.234;68;9;77;88.3117;2026-08-07;0.7375;0.0;1.1322;v20|SEASON|AWAY_STRONG|1.60|P11
v20;SEASON;AWAY_STRONG;1.6;12;1;95;18;113;84.0708;0;1;1;0.0;54;12;66;81.8182;41;6;47;87.234;68;9;77;88.3117;2026-08-07;0.7375;0.0;1.1322;v20|SEASON|AWAY_STRONG|1.60|P12
v20;SEASON;AWAY_STRONG;1.6;13;1;95;18;113;84.0708;0;1;1;0.0;54;12;66;81.8182;41;6;47;87.234;68;9;77;88.3117;2026-08-07;0.7375;0.0;1.1322;v20|SEASON|AWAY_STRONG|1.60|P13
v20;SEASON;AWAY_STRONG;1.6;14;1;95;18;113;84.0708;0;1;1;0.0;54;12;66;81.8182;41;6;47;87.234;68;9;77;88.3117;2026-08-07;0.7375;0.0;1.1322;v20|SEASON|AWAY_STRONG|1.60|P14
v20;SEASON;AWAY_STRONG;1.6;15;1;95;18;113;84.0708;0;1;1;0.0;54;12;66;81.8182;41;6;47;87.234;68;9;77;88.3117;2026-08-07;0.7375;0.0;1.1322;v20|SEASON|AWAY_STRONG|1.60|P15
v20;LAST5;AWAY_STRONG;0.8;3;1;95;18;113;84.0708;0;1;1;0.0;54;12;66;81.8182;41;6;47;87.234;68;9;77;88.3117;2026-08-07;0.7375;0.0;1.1322;v20|LAST5|AWAY_STRONG|0.80|P3
v20;LAST5;AWAY_STRONG;0.8;4;1;95;18;113;84.0708;0;1;1;0.0;54;12;66;81.8182;41;6;47;87.234;68;9;77;88.3117;2026-08-07;0.7375;0.0;1.1322;v20|LAST5|AWAY_STRONG|0.80|P4
v20;LAST5;AWAY_STRONG;0.8;5;1;95;18;113;84.0708;0;1;1;0.0;54;12;66;81.8182;41;6;47;87.234;68;9;77;88.3117;2026-08-07;0.7375;0.0;1.1322;v20|LAST5|AWAY_STRONG|0.80|P5
v20;LAST5;AWAY_STRONG;0.8;6;1;95;18;113;84.0708;0;1;1;0.0;54;12;66;81.8182;41;6;47;87.234;68;9;77;88.3117;2026-08-07;0.7375;0.0;1.1322;v20|LAST5|AWAY_STRONG|0.80|P6
v20;LAST5;AWAY_STRONG;0.8;7;1;95;18;113;84.0708;0;1;1;0.0;54;12;66;81.8182;41;6;47;87.234;68;9;77;88.3117;2026-08-07;0.7375;0.0;1.1322;v20|LAST5|AWAY_STRONG|0.80|P7
v20;LAST5;AWAY_STRONG;0.8;8;1;95;18;113;84.0708;0;1;1;0.0;54;12;66;81.8182;41;6;47;87.234;68;9;77;88.3117;2026-08-07;0.7375;0.0;1.1322;v20|LAST5|AWAY_STRONG|0.80|P8
v20;LAST5;AWAY_STRONG;0.8;9;1;95;18;113;84.0708;0;1;1;0.0;54;12;66;81.8182;41;6;47;87.234;68;9;77;88.3117;2026-08-07;0.7375;0.0;1.1322;v20|LAST5|AWAY_STRONG|0.80|P9
v20;LAST5;AWAY_STRONG;0.8;10;1;95;18;113;84.0708;0;1;1;0.0;54;12;66;81.8182;41;6;47;87.234;68;9;77;88.3117;2026-08-07;0.7375;0.0;1.1322;v20|LAST5|AWAY_STRONG|0.80|P10
v20;LAST5;AWAY_STRONG;0.8;11;1;95;18;113;84.0708;0;1;1;0.0;54;12;66;81.8182;41;6;47;87.234;68;9;77;88.3117;2026-08-07;0.7375;0.0;1.1322;v20|LAST5|AWAY_STRONG|0.80|P11
v20;LAST5;AWAY_STRONG;0.8;12;1;95;18;113;84.0708;0;1;1;0.0;54;12;66;81.8182;41;6;47;87.234;68;9;77;88.3117;2026-08-07;0.7375;0.0;1.1322;v20|LAST5|AWAY_STRONG|0.80|P12
v20;LAST5;AWAY_STRONG;0.8;13;1;95;18;113;84.0708;0;1;1;0.0;54;12;66;81.8182;41;6;47;87.234;68;9;77;88.3117;2026-08-07;0.7375;0.0;1.1322;v20|LAST5|AWAY_STRONG|0.80|P13
v20;LAST5;AWAY_STRONG;0.8;14;1;95;18;113;84.0708;0;1;1;0.0;54;12;66;81.8182;41;6;47;87.234;68;9;77;88.3117;2026-08-07;0.7375;0.0;1.1322;v20|LAST5|AWAY_STRONG|0.80|P14
v20;LAST5;AWAY_STRONG;0.8;15;1;95;18;113;84.0708;0;1;1;0.0;54;12;66;81.8182;41;6;47;87.234;68;9;77;88.3117;2026-08-07;0.7375;0.0;1.1322;v20|LAST5|AWAY_STRONG|0.80|P15
v20;LAST5;BOTH_STRONG;1.4;1;2;95;18;113;84.0708;0;1;1;0.0;54;12;66;81.8182;41;6;47;87.234;68;10;78;87.1795;2026-08-07;0.7375;0.0;0.0;v20|LAST5|BOTH_STRONG|1.40|P1
v20;LAST5;BOTH_STRONG;1.5;1;2;95;18;113;84.0708;0;1;1;0.0;54;12;66;81.8182;41;6;47;87.234;68;10;78;87.1795;2026-08-07;0.7375;0.0;0.0;v20|LAST5|BOTH_STRONG|1.50|P1
v20;LAST5;AWAY_STRONG;1.0;3;2;94;18;112;83.9286;1;1;2;50.0;53;12;65;81.5385;41;6;47;87.234;67;9;76;88.1579;2026-08-07;0.5953;0.0;0.9784;v20|LAST5|AWAY_STRONG|1.00|P3
v20;LAST5;AWAY_STRONG;1.0;4;2;94;18;112;83.9286;1;1;2;50.0;53;12;65;81.5385;41;6;47;87.234;67;9;76;88.1579;2026-08-07;0.5953;0.0;0.9784;v20|LAST5|AWAY_STRONG|1.00|P4
v20;LAST5;AWAY_STRONG;1.0;5;2;94;18;112;83.9286;1;1;2;50.0;53;12;65;81.5385;41;6;47;87.234;67;9;76;88.1579;2026-08-07;0.5953;0.0;0.9784;v20|LAST5|AWAY_STRONG|1.00|P5
v20;LAST5;AWAY_STRONG;1.0;6;2;94;18;112;83.9286;1;1;2;50.0;53;12;65;81.5385;41;6;47;87.234;67;9;76;88.1579;2026-08-07;0.5953;0.0;0.9784;v20|LAST5|AWAY_STRONG|1.00|P6
v20;LAST5;AWAY_STRONG;1.0;7;2;94;18;112;83.9286;1;1;2;50.0;53;12;65;81.5385;41;6;47;87.234;67;9;76;88.1579;2026-08-07;0.5953;0.0;0.9784;v20|LAST5|AWAY_STRONG|1.00|P7
v20;LAST5;AWAY_STRONG;1.0;8;2;94;18;112;83.9286;1;1;2;50.0;53;12;65;81.5385;41;6;47;87.234;67;9;76;88.1579;2026-08-07;0.5953;0.0;0.9784;v20|LAST5|AWAY_STRONG|1.00|P8
v20;LAST5;AWAY_STRONG;1.0;9;2;94;18;112;83.9286;1;1;2;50.0;53;12;65;81.5385;41;6;47;87.234;67;9;76;88.1579;2026-08-07;0.5953;0.0;0.9784;v20|LAST5|AWAY_STRONG|1.00|P9
v20;LAST5;AWAY_STRONG;1.0;10;2;94;18;112;83.9286;1;1;2;50.0;53;12;65;81.5385;41;6;47;87.234;67;9;76;88.1579;2026-08-07;0.5953;0.0;0.9784;v20|LAST5|AWAY_STRONG|1.00|P10
v20;LAST5;AWAY_STRONG;1.0;11;2;94;18;112;83.9286;1;1;2;50.0;53;12;65;81.5385;41;6;47;87.234;67;9;76;88.1579;2026-08-07;0.5953;0.0;0.9784;v20|LAST5|AWAY_STRONG|1.00|P11
v20;LAST5;AWAY_STRONG;1.0;12;2;94;18;112;83.9286;1;1;2;50.0;53;12;65;81.5385;41;6;47;87.234;67;9;76;88.1579;2026-08-07;0.5953;0.0;0.9784;v20|LAST5|AWAY_STRONG|1.00|P12
v20;LAST5;AWAY_STRONG;1.0;13;2;94;18;112;83.9286;1;1;2;50.0;53;12;65;81.5385;41;6;47;87.234;67;9;76;88.1579;2026-08-07;0.5953;0.0;0.9784;v20|LAST5|AWAY_STRONG|1.00|P13
v20;LAST5;AWAY_STRONG;1.0;14;2;94;18;112;83.9286;1;1;2;50.0;53;12;65;81.5385;41;6;47;87.234;67;9;76;88.1579;2026-08-07;0.5953;0.0;0.9784;v20|LAST5|AWAY_STRONG|1.00|P14
v20;LAST5;AWAY_STRONG;1.0;15;2;94;18;112;83.9286;1;1;2;50.0;53;12;65;81.5385;41;6;47;87.234;67;9;76;88.1579;2026-08-07;0.5953;0.0;0.9784;v20|LAST5|AWAY_STRONG|1.00|P15
v20;LAST5;AWAY_STRONG;1.1;3;2;94;18;112;83.9286;1;1;2;50.0;53;12;65;81.5385;41;6;47;87.234;67;9;76;88.1579;2026-08-07;0.5953;0.0;0.9784;v20|LAST5|AWAY_STRONG|1.10|P3
v20;LAST5;AWAY_STRONG;1.1;4;2;94;18;112;83.9286;1;1;2;50.0;53;12;65;81.5385;41;6;47;87.234;67;9;76;88.1579;2026-08-07;0.5953;0.0;0.9784;v20|LAST5|AWAY_STRONG|1.10|P4
v20;LAST5;AWAY_STRONG;1.1;5;2;94;18;112;83.9286;1;1;2;50.0;53;12;65;81.5385;41;6;47;87.234;67;9;76;88.1579;2026-08-07;0.5953;0.0;0.9784;v20|LAST5|AWAY_STRONG|1.10|P5
v20;LAST5;AWAY_STRONG;1.1;6;2;94;18;112;83.9286;1;1;2;50.0;53;12;65;81.5385;41;6;47;87.234;67;9;76;88.1579;2026-08-07;0.5953;0.0;0.9784;v20|LAST5|AWAY_STRONG|1.10|P6
v20;LAST5;AWAY_STRONG;1.1;7;2;94;18;112;83.9286;1;1;2;50.0;53;12;65;81.5385;41;6;47;87.234;67;9;76;88.1579;2026-08-07;0.5953;0.0;0.9784;v20|LAST5|AWAY_STRONG|1.10|P7
v20;LAST5;AWAY_STRONG;1.1;8;2;94;18;112;83.9286;1;1;2;50.0;53;12;65;81.5385;41;6;47;87.234;67;9;76;88.1579;2026-08-07;0.5953;0.0;0.9784;v20|LAST5|AWAY_STRONG|1.10|P8
v20;LAST5;AWAY_STRONG;1.1;9;2;94;18;112;83.9286;1;1;2;50.0;53;12;65;81.5385;41;6;47;87.234;67;9;76;88.1579;2026-08-07;0.5953;0.0;0.9784;v20|LAST5|AWAY_STRONG|1.10|P9
v20;LAST5;AWAY_STRONG;1.1;10;2;94;18;112;83.9286;1;1;2;50.0;53;12;65;81.5385;41;6;47;87.234;67;9;76;88.1579;2026-08-07;0.5953;0.0;0.9784;v20|LAST5|AWAY_STRONG|1.10|P10
v20;LAST5;AWAY_STRONG;1.1;11;2;94;18;112;83.9286;1;1;2;50.0;53;12;65;81.5385;41;6;47;87.234;67;9;76;88.1579;2026-08-07;0.5953;0.0;0.9784;v20|LAST5|AWAY_STRONG|1.10|P11
v20;LAST5;AWAY_STRONG;1.1;12;2;94;18;112;83.9286;1;1;2;50.0;53;12;65;81.5385;41;6;47;87.234;67;9;76;88.1579;2026-08-07;0.5953;0.0;0.9784;v20|LAST5|AWAY_STRONG|1.10|P12
v20;LAST5;AWAY_STRONG;1.1;13;2;94;18;112;83.9286;1;1;2;50.0;53;12;65;81.5385;41;6;47;87.234;67;9;76;88.1579;2026-08-07;0.5953;0.0;0.9784;v20|LAST5|AWAY_STRONG|1.10|P13
v20;LAST5;AWAY_STRONG;1.1;14;2;94;18;112;83.9286;1;1;2;50.0;53;12;65;81.5385;41;6;47;87.234;67;9;76;88.1579;2026-08-07;0.5953;0.0;0.9784;v20|LAST5|AWAY_STRONG|1.10|P14
v20;LAST5;AWAY_STRONG;1.1;15;2;94;18;112;83.9286;1;1;2;50.0;53;12;65;81.5385;41;6;47;87.234;67;9;76;88.1579;2026-08-07;0.5953;0.0;0.9784;v20|LAST5|AWAY_STRONG|1.10|P15
v20;LAST5;AWAY_STRONG;1.2;3;3;94;18;112;83.9286;1;1;2;50.0;53;12;65;81.5385;41;6;47;87.234;67;9;76;88.1579;2026-08-07;0.5953;0.0;0.9784;v20|LAST5|AWAY_STRONG|1.20|P3
v20;LAST5;AWAY_STRONG;1.2;4;3;94;18;112;83.9286;1;1;2;50.0;53;12;65;81.5385;41;6;47;87.234;67;9;76;88.1579;2026-08-07;0.5953;0.0;0.9784;v20|LAST5|AWAY_STRONG|1.20|P4
v20;LAST5;AWAY_STRONG;1.2;5;3;94;18;112;83.9286;1;1;2;50.0;53;12;65;81.5385;41;6;47;87.234;67;9;76;88.1579;2026-08-07;0.5953;0.0;0.9784;v20|LAST5|AWAY_STRONG|1.20|P5
v20;LAST5;AWAY_STRONG;1.2;6;3;94;18;112;83.9286;1;1;2;50.0;53;12;65;81.5385;41;6;47;87.234;67;9;76;88.1579;2026-08-07;0.5953;0.0;0.9784;v20|LAST5|AWAY_STRONG|1.20|P6
v20;LAST5;AWAY_STRONG;1.2;7;3;94;18;112;83.9286;1;1;2;50.0;53;12;65;81.5385;41;6;47;87.234;67;9;76;88.1579;2026-08-07;0.5953;0.0;0.9784;v20|LAST5|AWAY_STRONG|1.20|P7
v20;LAST5;AWAY_STRONG;1.3;3;3;94;18;112;83.9286;1;1;2;50.0;53;12;65;81.5385;41;6;47;87.234;67;9;76;88.1579;2026-08-07;0.5953;0.0;0.9784;v20|LAST5|AWAY_STRONG|1.30|P3
v20;LAST5;AWAY_STRONG;1.3;4;3;94;18;112;83.9286;1;1;2;50.0;53;12;65;81.5385;41;6;47;87.234;67;9;76;88.1579;2026-08-07;0.5953;0.0;0.9784;v20|LAST5|AWAY_STRONG|1.30|P4
v20;LAST5;AWAY_STRONG;1.3;5;3;94;18;112;83.9286;1;1;2;50.0;53;12;65;81.5385;41;6;47;87.234;67;9;76;88.1579;2026-08-07;0.5953;0.0;0.9784;v20|LAST5|AWAY_STRONG|1.30|P5
v20;LAST5;AWAY_STRONG;1.3;6;3;94;18;112;83.9286;1;1;2;50.0;53;12;65;81.5385;41;6;47;87.234;67;9;76;88.1579;2026-08-07;0.5953;0.0;0.9784;v20|LAST5|AWAY_STRONG|1.30|P6
v20;LAST5;AWAY_STRONG;1.3;7;3;94;18;112;83.9286;1;1;2;50.0;53;12;65;81.5385;41;6;47;87.234;67;9;76;88.1579;2026-08-07;0.5953;0.0;0.9784;v20|LAST5|AWAY_STRONG|1.30|P7
v20;LAST5;AWAY_STRONG;1.4;1;7;94;18;112;83.9286;1;1;2;50.0;53;12;65;81.5385;41;6;47;87.234;67;10;77;87.013;2026-08-07;0.5953;0.0;-0.1665;v20|LAST5|AWAY_STRONG|1.40|P1
v20;LAST5;AWAY_STRONG;1.5;1;7;94;18;112;83.9286;1;1;2;50.0;53;12;65;81.5385;41;6;47;87.234;67;10;77;87.013;2026-08-07;0.5953;0.0;-0.1665;v20|LAST5|AWAY_STRONG|1.50|P1
v20;LAST5;AWAY_STRONG;1.6;1;13;94;18;112;83.9286;1;1;2;50.0;53;12;65;81.5385;41;6;47;87.234;67;10;77;87.013;2026-08-07;0.5953;0.0;-0.1665;v20|LAST5|AWAY_STRONG|1.60|P1
v20;LAST5;BOTH_STRONG;1.6;1;7;94;18;112;83.9286;1;1;2;50.0;53;12;65;81.5385;41;6;47;87.234;67;10;77;87.013;2026-08-07;0.5953;0.0;-0.1665;v20|LAST5|BOTH_STRONG|1.60|P1
v20;SEASON;AT_LEAST_ONE_STRONG;0.8;3;5;93;18;111;83.7838;2;1;3;66.6667;52;12;64;81.25;41;6;47;87.234;66;9;75;88.0;2026-08-07;0.4505;0.0;0.8205;v20|SEASON|AT_LEAST_ONE_STRONG|0.80|P3
v20;SEASON;AWAY_STRONG;0.8;1;1;95;19;114;83.3333;0;0;0;0.0;54;13;67;80.597;41;6;47;87.234;68;10;78;87.1795;2026-08-07;0.0;0.0;0.0;v20|SEASON|AWAY_STRONG|0.80|P1
v20;SEASON;AWAY_STRONG;0.8;2;1;95;19;114;83.3333;0;0;0;0.0;54;13;67;80.597;41;6;47;87.234;68;10;78;87.1795;2026-08-07;0.0;0.0;0.0;v20|SEASON|AWAY_STRONG|0.80|P2
v20;SEASON;AWAY_STRONG;1.0;1;1;95;19;114;83.3333;0;0;0;0.0;54;13;67;80.597;41;6;47;87.234;68;10;78;87.1795;2026-08-07;0.0;0.0;0.0;v20|SEASON|AWAY_STRONG|1.00|P1
v20;SEASON;AWAY_STRONG;1.0;2;1;95;19;114;83.3333;0;0;0;0.0;54;13;67;80.597;41;6;47;87.234;68;10;78;87.1795;2026-08-07;0.0;0.0;0.0;v20|SEASON|AWAY_STRONG|1.00|P2
v20;SEASON;AWAY_STRONG;1.1;1;1;95;19;114;83.3333;0;0;0;0.0;54;13;67;80.597;41;6;47;87.234;68;10;78;87.1795;2026-08-07;0.0;0.0;0.0;v20|SEASON|AWAY_STRONG|1.10|P1
v20;SEASON;AWAY_STRONG;1.1;2;1;95;19;114;83.3333;0;0;0;0.0;54;13;67;80.597;41;6;47;87.234;68;10;78;87.1795;2026-08-07;0.0;0.0;0.0;v20|SEASON|AWAY_STRONG|1.10|P2
v20;SEASON;AWAY_STRONG;1.2;1;1;95;19;114;83.3333;0;0;0;0.0;54;13;67;80.597;41;6;47;87.234;68;10;78;87.1795;2026-08-07;0.0;0.0;0.0;v20|SEASON|AWAY_STRONG|1.20|P1
v20;SEASON;AWAY_STRONG;1.2;2;1;95;19;114;83.3333;0;0;0;0.0;54;13;67;80.597;41;6;47;87.234;68;10;78;87.1795;2026-08-07;0.0;0.0;0.0;v20|SEASON|AWAY_STRONG|1.20|P2
v20;SEASON;AWAY_STRONG;1.3;1;1;95;19;114;83.3333;0;0;0;0.0;54;13;67;80.597;41;6;47;87.234;68;10;78;87.1795;2026-08-07;0.0;0.0;0.0;v20|SEASON|AWAY_STRONG|1.30|P1
v20;SEASON;AWAY_STRONG;1.3;2;1;95;19;114;83.3333;0;0;0;0.0;54;13;67;80.597;41;6;47;87.234;68;10;78;87.1795;2026-08-07;0.0;0.0;0.0;v20|SEASON|AWAY_STRONG|1.30|P2
v20;SEASON;AWAY_STRONG;1.4;1;1;95;19;114;83.3333;0;0;0;0.0;54;13;67;80.597;41;6;47;87.234;68;10;78;87.1795;2026-08-07;0.0;0.0;0.0;v20|SEASON|AWAY_STRONG|1.40|P1
v20;SEASON;AWAY_STRONG;1.4;2;1;95;19;114;83.3333;0;0;0;0.0;54;13;67;80.597;41;6;47;87.234;68;10;78;87.1795;2026-08-07;0.0;0.0;0.0;v20|SEASON|AWAY_STRONG|1.40|P2
v20;SEASON;AWAY_STRONG;1.5;1;1;95;19;114;83.3333;0;0;0;0.0;54;13;67;80.597;41;6;47;87.234;68;10;78;87.1795;2026-08-07;0.0;0.0;0.0;v20|SEASON|AWAY_STRONG|1.50|P1
v20;SEASON;AWAY_STRONG;1.5;2;1;95;19;114;83.3333;0;0;0;0.0;54;13;67;80.597;41;6;47;87.234;68;10;78;87.1795;2026-08-07;0.0;0.0;0.0;v20|SEASON|AWAY_STRONG|1.50|P2
v20;SEASON;AWAY_STRONG;1.6;1;1;95;19;114;83.3333;0;0;0;0.0;54;13;67;80.597;41;6;47;87.234;68;10;78;87.1795;2026-08-07;0.0;0.0;0.0;v20|SEASON|AWAY_STRONG|1.60|P1
v20;SEASON;AWAY_STRONG;1.6;2;1;95;19;114;83.3333;0;0;0;0.0;54;13;67;80.597;41;6;47;87.234;68;10;78;87.1795;2026-08-07;0.0;0.0;0.0;v20|SEASON|AWAY_STRONG|1.60|P2
v20;SEASON;BOTH_STRONG;0.8;1;0;95;19;114;83.3333;0;0;0;0.0;54;13;67;80.597;41;6;47;87.234;68;10;78;87.1795;2026-08-07;0.0;0.0;0.0;v20|SEASON|BOTH_STRONG|0.80|P1
v20;SEASON;BOTH_STRONG;0.8;2;0;95;19;114;83.3333;0;0;0;0.0;54;13;67;80.597;41;6;47;87.234;68;10;78;87.1795;2026-08-07;0.0;0.0;0.0;v20|SEASON|BOTH_STRONG|0.80|P2
v20;SEASON;BOTH_STRONG;0.8;3;0;95;19;114;83.3333;0;0;0;0.0;54;13;67;80.597;41;6;47;87.234;68;10;78;87.1795;2026-08-07;0.0;0.0;0.0;v20|SEASON|BOTH_STRONG|0.80|P3
v20;SEASON;BOTH_STRONG;0.8;4;0;95;19;114;83.3333;0;0;0;0.0;54;13;67;80.597;41;6;47;87.234;68;10;78;87.1795;2026-08-07;0.0;0.0;0.0;v20|SEASON|BOTH_STRONG|0.80|P4
v20;SEASON;BOTH_STRONG;0.8;5;0;95;19;114;83.3333;0;0;0;0.0;54;13;67;80.597;41;6;47;87.234;68;10;78;87.1795;2026-08-07;0.0;0.0;0.0;v20|SEASON|BOTH_STRONG|0.80|P5
v20;SEASON;BOTH_STRONG;0.8;6;0;95;19;114;83.3333;0;0;0;0.0;54;13;67;80.597;41;6;47;87.234;68;10;78;87.1795;2026-08-07;0.0;0.0;0.0;v20|SEASON|BOTH_STRONG|0.80|P6
v20;SEASON;BOTH_STRONG;0.8;7;0;95;19;114;83.3333;0;0;0;0.0;54;13;67;80.597;41;6;47;87.234;68;10;78;87.1795;2026-08-07;0.0;0.0;0.0;v20|SEASON|BOTH_STRONG|0.80|P7
v20;SEASON;BOTH_STRONG;0.8;8;0;95;19;114;83.3333;0;0;0;0.0;54;13;67;80.597;41;6;47;87.234;68;10;78;87.1795;2026-08-07;0.0;0.0;0.0;v20|SEASON|BOTH_STRONG|0.80|P8
v20;SEASON;BOTH_STRONG;0.8;9;0;95;19;114;83.3333;0;0;0;0.0;54;13;67;80.597;41;6;47;87.234;68;10;78;87.1795;2026-08-07;0.0;0.0;0.0;v20|SEASON|BOTH_STRONG|0.80|P9
v20;SEASON;BOTH_STRONG;0.8;10;0;95;19;114;83.3333;0;0;0;0.0;54;13;67;80.597;41;6;47;87.234;68;10;78;87.1795;2026-08-07;0.0;0.0;0.0;v20|SEASON|BOTH_STRONG|0.80|P10
v20;SEASON;BOTH_STRONG;0.8;11;0;95;19;114;83.3333;0;0;0;0.0;54;13;67;80.597;41;6;47;87.234;68;10;78;87.1795;2026-08-07;0.0;0.0;0.0;v20|SEASON|BOTH_STRONG|0.80|P11
v20;SEASON;BOTH_STRONG;0.8;12;0;95;19;114;83.3333;0;0;0;0.0;54;13;67;80.597;41;6;47;87.234;68;10;78;87.1795;2026-08-07;0.0;0.0;0.0;v20|SEASON|BOTH_STRONG|0.80|P12
v20;SEASON;BOTH_STRONG;0.8;13;0;95;19;114;83.3333;0;0;0;0.0;54;13;67;80.597;41;6;47;87.234;68;10;78;87.1795;2026-08-07;0.0;0.0;0.0;v20|SEASON|BOTH_STRONG|0.80|P13
v20;SEASON;BOTH_STRONG;0.8;14;0;95;19;114;83.3333;0;0;0;0.0;54;13;67;80.597;41;6;47;87.234;68;10;78;87.1795;2026-08-07;0.0;0.0;0.0;v20|SEASON|BOTH_STRONG|0.80|P14
v20;SEASON;BOTH_STRONG;0.8;15;0;95;19;114;83.3333;0;0;0;0.0;54;13;67;80.597;41;6;47;87.234;68;10;78;87.1795;2026-08-07;0.0;0.0;0.0;v20|SEASON|BOTH_STRONG|0.80|P15
v20;SEASON;BOTH_STRONG;1.0;1;0;95;19;114;83.3333;0;0;0;0.0;54;13;67;80.597;41;6;47;87.234;68;10;78;87.1795;2026-08-07;0.0;0.0;0.0;v20|SEASON|BOTH_STRONG|1.00|P1
v20;SEASON;BOTH_STRONG;1.0;2;0;95;19;114;83.3333;0;0;0;0.0;54;13;67;80.597;41;6;47;87.234;68;10;78;87.1795;2026-08-07;0.0;0.0;0.0;v20|SEASON|BOTH_STRONG|1.00|P2
v20;SEASON;BOTH_STRONG;1.0;3;0;95;19;114;83.3333;0;0;0;0.0;54;13;67;80.597;41;6;47;87.234;68;10;78;87.1795;2026-08-07;0.0;0.0;0.0;v20|SEASON|BOTH_STRONG|1.00|P3
v20;SEASON;BOTH_STRONG;1.0;4;0;95;19;114;83.3333;0;0;0;0.0;54;13;67;80.597;41;6;47;87.234;68;10;78;87.1795;2026-08-07;0.0;0.0;0.0;v20|SEASON|BOTH_STRONG|1.00|P4
v20;SEASON;BOTH_STRONG;1.0;5;0;95;19;114;83.3333;0;0;0;0.0;54;13;67;80.597;41;6;47;87.234;68;10;78;87.1795;2026-08-07;0.0;0.0;0.0;v20|SEASON|BOTH_STRONG|1.00|P5
v20;SEASON;BOTH_STRONG;1.0;6;0;95;19;114;83.3333;0;0;0;0.0;54;13;67;80.597;41;6;47;87.234;68;10;78;87.1795;2026-08-07;0.0;0.0;0.0;v20|SEASON|BOTH_STRONG|1.00|P6
v20;SEASON;BOTH_STRONG;1.0;7;0;95;19;114;83.3333;0;0;0;0.0;54;13;67;80.597;41;6;47;87.234;68;10;78;87.1795;2026-08-07;0.0;0.0;0.0;v20|SEASON|BOTH_STRONG|1.00|P7
v20;SEASON;BOTH_STRONG;1.0;8;0;95;19;114;83.3333;0;0;0;0.0;54;13;67;80.597;41;6;47;87.234;68;10;78;87.1795;2026-08-07;0.0;0.0;0.0;v20|SEASON|BOTH_STRONG|1.00|P8
v20;SEASON;BOTH_STRONG;1.0;9;0;95;19;114;83.3333;0;0;0;0.0;54;13;67;80.597;41;6;47;87.234;68;10;78;87.1795;2026-08-07;0.0;0.0;0.0;v20|SEASON|BOTH_STRONG|1.00|P9
v20;SEASON;BOTH_STRONG;1.0;10;0;95;19;114;83.3333;0;0;0;0.0;54;13;67;80.597;41;6;47;87.234;68;10;78;87.1795;2026-08-07;0.0;0.0;0.0;v20|SEASON|BOTH_STRONG|1.00|P10
v20;SEASON;BOTH_STRONG;1.0;11;0;95;19;114;83.3333;0;0;0;0.0;54;13;67;80.597;41;6;47;87.234;68;10;78;87.1795;2026-08-07;0.0;0.0;0.0;v20|SEASON|BOTH_STRONG|1.00|P11
v20;SEASON;BOTH_STRONG;1.0;12;0;95;19;114;83.3333;0;0;0;0.0;54;13;67;80.597;41;6;47;87.234;68;10;78;87.1795;2026-08-07;0.0;0.0;0.0;v20|SEASON|BOTH_STRONG|1.00|P12
v20;SEASON;BOTH_STRONG;1.0;13;0;95;19;114;83.3333;0;0;0;0.0;54;13;67;80.597;41;6;47;87.234;68;10;78;87.1795;2026-08-07;0.0;0.0;0.0;v20|SEASON|BOTH_STRONG|1.00|P13
v20;SEASON;BOTH_STRONG;1.0;14;0;95;19;114;83.3333;0;0;0;0.0;54;13;67;80.597;41;6;47;87.234;68;10;78;87.1795;2026-08-07;0.0;0.0;0.0;v20|SEASON|BOTH_STRONG|1.00|P14
v20;SEASON;BOTH_STRONG;1.0;15;0;95;19;114;83.3333;0;0;0;0.0;54;13;67;80.597;41;6;47;87.234;68;10;78;87.1795;2026-08-07;0.0;0.0;0.0;v20|SEASON|BOTH_STRONG|1.00|P15
v20;SEASON;BOTH_STRONG;1.1;1;0;95;19;114;83.3333;0;0;0;0.0;54;13;67;80.597;41;6;47;87.234;68;10;78;87.1795;2026-08-07;0.0;0.0;0.0;v20|SEASON|BOTH_STRONG|1.10|P1
v20;SEASON;BOTH_STRONG;1.1;2;0;95;19;114;83.3333;0;0;0;0.0;54;13;67;80.597;41;6;47;87.234;68;10;78;87.1795;2026-08-07;0.0;0.0;0.0;v20|SEASON|BOTH_STRONG|1.10|P2
v20;SEASON;BOTH_STRONG;1.1;3;0;95;19;114;83.3333;0;0;0;0.0;54;13;67;80.597;41;6;47;87.234;68;10;78;87.1795;2026-08-07;0.0;0.0;0.0;v20|SEASON|BOTH_STRONG|1.10|P3
v20;SEASON;BOTH_STRONG;1.1;4;0;95;19;114;83.3333;0;0;0;0.0;54;13;67;80.597;41;6;47;87.234;68;10;78;87.1795;2026-08-07;0.0;0.0;0.0;v20|SEASON|BOTH_STRONG|1.10|P4
v20;SEASON;BOTH_STRONG;1.1;5;0;95;19;114;83.3333;0;0;0;0.0;54;13;67;80.597;41;6;47;87.234;68;10;78;87.1795;2026-08-07;0.0;0.0;0.0;v20|SEASON|BOTH_STRONG|1.10|P5
v20;SEASON;BOTH_STRONG;1.1;6;0;95;19;114;83.3333;0;0;0;0.0;54;13;67;80.597;41;6;47;87.234;68;10;78;87.1795;2026-08-07;0.0;0.0;0.0;v20|SEASON|BOTH_STRONG|1.10|P6
v20;SEASON;BOTH_STRONG;1.1;7;0;95;19;114;83.3333;0;0;0;0.0;54;13;67;80.597;41;6;47;87.234;68;10;78;87.1795;2026-08-07;0.0;0.0;0.0;v20|SEASON|BOTH_STRONG|1.10|P7
v20;SEASON;BOTH_STRONG;1.1;8;0;95;19;114;83.3333;0;0;0;0.0;54;13;67;80.597;41;6;47;87.234;68;10;78;87.1795;2026-08-07;0.0;0.0;0.0;v20|SEASON|BOTH_STRONG|1.10|P8
v20;SEASON;BOTH_STRONG;1.1;9;0;95;19;114;83.3333;0;0;0;0.0;54;13;67;80.597;41;6;47;87.234;68;10;78;87.1795;2026-08-07;0.0;0.0;0.0;v20|SEASON|BOTH_STRONG|1.10|P9
v20;SEASON;BOTH_STRONG;1.1;10;0;95;19;114;83.3333;0;0;0;0.0;54;13;67;80.597;41;6;47;87.234;68;10;78;87.1795;2026-08-07;0.0;0.0;0.0;v20|SEASON|BOTH_STRONG|1.10|P10
v20;SEASON;BOTH_STRONG;1.1;11;0;95;19;114;83.3333;0;0;0;0.0;54;13;67;80.597;41;6;47;87.234;68;10;78;87.1795;2026-08-07;0.0;0.0;0.0;v20|SEASON|BOTH_STRONG|1.10|P11
v20;SEASON;BOTH_STRONG;1.1;12;0;95;19;114;83.3333;0;0;0;0.0;54;13;67;80.597;41;6;47;87.234;68;10;78;87.1795;2026-08-07;0.0;0.0;0.0;v20|SEASON|BOTH_STRONG|1.10|P12
v20;SEASON;BOTH_STRONG;1.1;13;0;95;19;114;83.3333;0;0;0;0.0;54;13;67;80.597;41;6;47;87.234;68;10;78;87.1795;2026-08-07;0.0;0.0;0.0;v20|SEASON|BOTH_STRONG|1.10|P13
v20;SEASON;BOTH_STRONG;1.1;14;0;95;19;114;83.3333;0;0;0;0.0;54;13;67;80.597;41;6;47;87.234;68;10;78;87.1795;2026-08-07;0.0;0.0;0.0;v20|SEASON|BOTH_STRONG|1.10|P14
v20;SEASON;BOTH_STRONG;1.1;15;0;95;19;114;83.3333;0;0;0;0.0;54;13;67;80.597;41;6;47;87.234;68;10;78;87.1795;2026-08-07;0.0;0.0;0.0;v20|SEASON|BOTH_STRONG|1.10|P15
v20;SEASON;BOTH_STRONG;1.2;1;0;95;19;114;83.3333;0;0;0;0.0;54;13;67;80.597;41;6;47;87.234;68;10;78;87.1795;2026-08-07;0.0;0.0;0.0;v20|SEASON|BOTH_STRONG|1.20|P1
v20;SEASON;BOTH_STRONG;1.2;2;0;95;19;114;83.3333;0;0;0;0.0;54;13;67;80.597;41;6;47;87.234;68;10;78;87.1795;2026-08-07;0.0;0.0;0.0;v20|SEASON|BOTH_STRONG|1.20|P2
v20;SEASON;BOTH_STRONG;1.2;3;0;95;19;114;83.3333;0;0;0;0.0;54;13;67;80.597;41;6;47;87.234;68;10;78;87.1795;2026-08-07;0.0;0.0;0.0;v20|SEASON|BOTH_STRONG|1.20|P3
v20;SEASON;BOTH_STRONG;1.2;4;0;95;19;114;83.3333;0;0;0;0.0;54;13;67;80.597;41;6;47;87.234;68;10;78;87.1795;2026-08-07;0.0;0.0;0.0;v20|SEASON|BOTH_STRONG|1.20|P4
v20;SEASON;BOTH_STRONG;1.2;5;0;95;19;114;83.3333;0;0;0;0.0;54;13;67;80.597;41;6;47;87.234;68;10;78;87.1795;2026-08-07;0.0;0.0;0.0;v20|SEASON|BOTH_STRONG|1.20|P5
v20;SEASON;BOTH_STRONG;1.2;6;0;95;19;114;83.3333;0;0;0;0.0;54;13;67;80.597;41;6;47;87.234;68;10;78;87.1795;2026-08-07;0.0;0.0;0.0;v20|SEASON|BOTH_STRONG|1.20|P6
v20;SEASON;BOTH_STRONG;1.2;7;0;95;19;114;83.3333;0;0;0;0.0;54;13;67;80.597;41;6;47;87.234;68;10;78;87.1795;2026-08-07;0.0;0.0;0.0;v20|SEASON|BOTH_STRONG|1.20|P7
v20;SEASON;BOTH_STRONG;1.2;8;0;95;19;114;83.3333;0;0;0;0.0;54;13;67;80.597;41;6;47;87.234;68;10;78;87.1795;2026-08-07;0.0;0.0;0.0;v20|SEASON|BOTH_STRONG|1.20|P8
v20;SEASON;BOTH_STRONG;1.2;9;0;95;19;114;83.3333;0;0;0;0.0;54;13;67;80.597;41;6;47;87.234;68;10;78;87.1795;2026-08-07;0.0;0.0;0.0;v20|SEASON|BOTH_STRONG|1.20|P9
v20;SEASON;BOTH_STRONG;1.2;10;0;95;19;114;83.3333;0;0;0;0.0;54;13;67;80.597;41;6;47;87.234;68;10;78;87.1795;2026-08-07;0.0;0.0;0.0;v20|SEASON|BOTH_STRONG|1.20|P10
v20;SEASON;BOTH_STRONG;1.2;11;0;95;19;114;83.3333;0;0;0;0.0;54;13;67;80.597;41;6;47;87.234;68;10;78;87.1795;2026-08-07;0.0;0.0;0.0;v20|SEASON|BOTH_STRONG|1.20|P11
v20;SEASON;BOTH_STRONG;1.2;12;0;95;19;114;83.3333;0;0;0;0.0;54;13;67;80.597;41;6;47;87.234;68;10;78;87.1795;2026-08-07;0.0;0.0;0.0;v20|SEASON|BOTH_STRONG|1.20|P12
v20;SEASON;BOTH_STRONG;1.2;13;0;95;19;114;83.3333;0;0;0;0.0;54;13;67;80.597;41;6;47;87.234;68;10;78;87.1795;2026-08-07;0.0;0.0;0.0;v20|SEASON|BOTH_STRONG|1.20|P13
v20;SEASON;BOTH_STRONG;1.2;14;0;95;19;114;83.3333;0;0;0;0.0;54;13;67;80.597;41;6;47;87.234;68;10;78;87.1795;2026-08-07;0.0;0.0;0.0;v20|SEASON|BOTH_STRONG|1.20|P14
v20;SEASON;BOTH_STRONG;1.2;15;0;95;19;114;83.3333;0;0;0;0.0;54;13;67;80.597;41;6;47;87.234;68;10;78;87.1795;2026-08-07;0.0;0.0;0.0;v20|SEASON|BOTH_STRONG|1.20|P15
v20;SEASON;BOTH_STRONG;1.3;1;0;95;19;114;83.3333;0;0;0;0.0;54;13;67;80.597;41;6;47;87.234;68;10;78;87.1795;2026-08-07;0.0;0.0;0.0;v20|SEASON|BOTH_STRONG|1.30|P1
v20;SEASON;BOTH_STRONG;1.3;2;0;95;19;114;83.3333;0;0;0;0.0;54;13;67;80.597;41;6;47;87.234;68;10;78;87.1795;2026-08-07;0.0;0.0;0.0;v20|SEASON|BOTH_STRONG|1.30|P2
v20;SEASON;BOTH_STRONG;1.3;3;0;95;19;114;83.3333;0;0;0;0.0;54;13;67;80.597;41;6;47;87.234;68;10;78;87.1795;2026-08-07;0.0;0.0;0.0;v20|SEASON|BOTH_STRONG|1.30|P3
v20;SEASON;BOTH_STRONG;1.3;4;0;95;19;114;83.3333;0;0;0;0.0;54;13;67;80.597;41;6;47;87.234;68;10;78;87.1795;2026-08-07;0.0;0.0;0.0;v20|SEASON|BOTH_STRONG|1.30|P4
v20;SEASON;BOTH_STRONG;1.3;5;0;95;19;114;83.3333;0;0;0;0.0;54;13;67;80.597;41;6;47;87.234;68;10;78;87.1795;2026-08-07;0.0;0.0;0.0;v20|SEASON|BOTH_STRONG|1.30|P5
v20;SEASON;BOTH_STRONG;1.3;6;0;95;19;114;83.3333;0;0;0;0.0;54;13;67;80.597;41;6;47;87.234;68;10;78;87.1795;2026-08-07;0.0;0.0;0.0;v20|SEASON|BOTH_STRONG|1.30|P6
v20;SEASON;BOTH_STRONG;1.3;7;0;95;19;114;83.3333;0;0;0;0.0;54;13;67;80.597;41;6;47;87.234;68;10;78;87.1795;2026-08-07;0.0;0.0;0.0;v20|SEASON|BOTH_STRONG|1.30|P7
v20;SEASON;BOTH_STRONG;1.3;8;0;95;19;114;83.3333;0;0;0;0.0;54;13;67;80.597;41;6;47;87.234;68;10;78;87.1795;2026-08-07;0.0;0.0;0.0;v20|SEASON|BOTH_STRONG|1.30|P8
v20;SEASON;BOTH_STRONG;1.3;9;0;95;19;114;83.3333;0;0;0;0.0;54;13;67;80.597;41;6;47;87.234;68;10;78;87.1795;2026-08-07;0.0;0.0;0.0;v20|SEASON|BOTH_STRONG|1.30|P9
v20;SEASON;BOTH_STRONG;1.3;10;0;95;19;114;83.3333;0;0;0;0.0;54;13;67;80.597;41;6;47;87.234;68;10;78;87.1795;2026-08-07;0.0;0.0;0.0;v20|SEASON|BOTH_STRONG|1.30|P10
v20;SEASON;BOTH_STRONG;1.3;11;0;95;19;114;83.3333;0;0;0;0.0;54;13;67;80.597;41;6;47;87.234;68;10;78;87.1795;2026-08-07;0.0;0.0;0.0;v20|SEASON|BOTH_STRONG|1.30|P11
v20;SEASON;BOTH_STRONG;1.3;12;0;95;19;114;83.3333;0;0;0;0.0;54;13;67;80.597;41;6;47;87.234;68;10;78;87.1795;2026-08-07;0.0;0.0;0.0;v20|SEASON|BOTH_STRONG|1.30|P12
v20;SEASON;BOTH_STRONG;1.3;13;0;95;19;114;83.3333;0;0;0;0.0;54;13;67;80.597;41;6;47;87.234;68;10;78;87.1795;2026-08-07;0.0;0.0;0.0;v20|SEASON|BOTH_STRONG|1.30|P13
v20;SEASON;BOTH_STRONG;1.3;14;0;95;19;114;83.3333;0;0;0;0.0;54;13;67;80.597;41;6;47;87.234;68;10;78;87.1795;2026-08-07;0.0;0.0;0.0;v20|SEASON|BOTH_STRONG|1.30|P14
v20;SEASON;BOTH_STRONG;1.3;15;0;95;19;114;83.3333;0;0;0;0.0;54;13;67;80.597;41;6;47;87.234;68;10;78;87.1795;2026-08-07;0.0;0.0;0.0;v20|SEASON|BOTH_STRONG|1.30|P15
v20;SEASON;BOTH_STRONG;1.4;1;0;95;19;114;83.3333;0;0;0;0.0;54;13;67;80.597;41;6;47;87.234;68;10;78;87.1795;2026-08-07;0.0;0.0;0.0;v20|SEASON|BOTH_STRONG|1.40|P1
v20;SEASON;BOTH_STRONG;1.4;2;0;95;19;114;83.3333;0;0;0;0.0;54;13;67;80.597;41;6;47;87.234;68;10;78;87.1795;2026-08-07;0.0;0.0;0.0;v20|SEASON|BOTH_STRONG|1.40|P2
v20;SEASON;BOTH_STRONG;1.4;3;0;95;19;114;83.3333;0;0;0;0.0;54;13;67;80.597;41;6;47;87.234;68;10;78;87.1795;2026-08-07;0.0;0.0;0.0;v20|SEASON|BOTH_STRONG|1.40|P3
v20;SEASON;BOTH_STRONG;1.4;4;0;95;19;114;83.3333;0;0;0;0.0;54;13;67;80.597;41;6;47;87.234;68;10;78;87.1795;2026-08-07;0.0;0.0;0.0;v20|SEASON|BOTH_STRONG|1.40|P4
v20;SEASON;BOTH_STRONG;1.4;5;0;95;19;114;83.3333;0;0;0;0.0;54;13;67;80.597;41;6;47;87.234;68;10;78;87.1795;2026-08-07;0.0;0.0;0.0;v20|SEASON|BOTH_STRONG|1.40|P5
v20;SEASON;BOTH_STRONG;1.4;6;0;95;19;114;83.3333;0;0;0;0.0;54;13;67;80.597;41;6;47;87.234;68;10;78;87.1795;2026-08-07;0.0;0.0;0.0;v20|SEASON|BOTH_STRONG|1.40|P6
v20;SEASON;BOTH_STRONG;1.4;7;0;95;19;114;83.3333;0;0;0;0.0;54;13;67;80.597;41;6;47;87.234;68;10;78;87.1795;2026-08-07;0.0;0.0;0.0;v20|SEASON|BOTH_STRONG|1.40|P7
v20;SEASON;BOTH_STRONG;1.4;8;0;95;19;114;83.3333;0;0;0;0.0;54;13;67;80.597;41;6;47;87.234;68;10;78;87.1795;2026-08-07;0.0;0.0;0.0;v20|SEASON|BOTH_STRONG|1.40|P8
v20;SEASON;BOTH_STRONG;1.4;9;0;95;19;114;83.3333;0;0;0;0.0;54;13;67;80.597;41;6;47;87.234;68;10;78;87.1795;2026-08-07;0.0;0.0;0.0;v20|SEASON|BOTH_STRONG|1.40|P9
v20;SEASON;BOTH_STRONG;1.4;10;0;95;19;114;83.3333;0;0;0;0.0;54;13;67;80.597;41;6;47;87.234;68;10;78;87.1795;2026-08-07;0.0;0.0;0.0;v20|SEASON|BOTH_STRONG|1.40|P10
v20;SEASON;BOTH_STRONG;1.4;11;0;95;19;114;83.3333;0;0;0;0.0;54;13;67;80.597;41;6;47;87.234;68;10;78;87.1795;2026-08-07;0.0;0.0;0.0;v20|SEASON|BOTH_STRONG|1.40|P11
v20;SEASON;BOTH_STRONG;1.4;12;0;95;19;114;83.3333;0;0;0;0.0;54;13;67;80.597;41;6;47;87.234;68;10;78;87.1795;2026-08-07;0.0;0.0;0.0;v20|SEASON|BOTH_STRONG|1.40|P12
v20;SEASON;BOTH_STRONG;1.4;13;0;95;19;114;83.3333;0;0;0;0.0;54;13;67;80.597;41;6;47;87.234;68;10;78;87.1795;2026-08-07;0.0;0.0;0.0;v20|SEASON|BOTH_STRONG|1.40|P13
v20;SEASON;BOTH_STRONG;1.4;14;0;95;19;114;83.3333;0;0;0;0.0;54;13;67;80.597;41;6;47;87.234;68;10;78;87.1795;2026-08-07;0.0;0.0;0.0;v20|SEASON|BOTH_STRONG|1.40|P14
v20;SEASON;BOTH_STRONG;1.4;15;0;95;19;114;83.3333;0;0;0;0.0;54;13;67;80.597;41;6;47;87.234;68;10;78;87.1795;2026-08-07;0.0;0.0;0.0;v20|SEASON|BOTH_STRONG|1.40|P15
v20;SEASON;BOTH_STRONG;1.5;1;0;95;19;114;83.3333;0;0;0;0.0;54;13;67;80.597;41;6;47;87.234;68;10;78;87.1795;2026-08-07;0.0;0.0;0.0;v20|SEASON|BOTH_STRONG|1.50|P1
v20;SEASON;BOTH_STRONG;1.5;2;0;95;19;114;83.3333;0;0;0;0.0;54;13;67;80.597;41;6;47;87.234;68;10;78;87.1795;2026-08-07;0.0;0.0;0.0;v20|SEASON|BOTH_STRONG|1.50|P2
v20;SEASON;BOTH_STRONG;1.5;3;0;95;19;114;83.3333;0;0;0;0.0;54;13;67;80.597;41;6;47;87.234;68;10;78;87.1795;2026-08-07;0.0;0.0;0.0;v20|SEASON|BOTH_STRONG|1.50|P3
v20;SEASON;BOTH_STRONG;1.5;4;0;95;19;114;83.3333;0;0;0;0.0;54;13;67;80.597;41;6;47;87.234;68;10;78;87.1795;2026-08-07;0.0;0.0;0.0;v20|SEASON|BOTH_STRONG|1.50|P4
v20;SEASON;BOTH_STRONG;1.5;5;0;95;19;114;83.3333;0;0;0;0.0;54;13;67;80.597;41;6;47;87.234;68;10;78;87.1795;2026-08-07;0.0;0.0;0.0;v20|SEASON|BOTH_STRONG|1.50|P5
v20;SEASON;BOTH_STRONG;1.5;6;0;95;19;114;83.3333;0;0;0;0.0;54;13;67;80.597;41;6;47;87.234;68;10;78;87.1795;2026-08-07;0.0;0.0;0.0;v20|SEASON|BOTH_STRONG|1.50|P6
v20;SEASON;BOTH_STRONG;1.5;7;0;95;19;114;83.3333;0;0;0;0.0;54;13;67;80.597;41;6;47;87.234;68;10;78;87.1795;2026-08-07;0.0;0.0;0.0;v20|SEASON|BOTH_STRONG|1.50|P7
v20;SEASON;BOTH_STRONG;1.5;8;0;95;19;114;83.3333;0;0;0;0.0;54;13;67;80.597;41;6;47;87.234;68;10;78;87.1795;2026-08-07;0.0;0.0;0.0;v20|SEASON|BOTH_STRONG|1.50|P8
v20;SEASON;BOTH_STRONG;1.5;9;0;95;19;114;83.3333;0;0;0;0.0;54;13;67;80.597;41;6;47;87.234;68;10;78;87.1795;2026-08-07;0.0;0.0;0.0;v20|SEASON|BOTH_STRONG|1.50|P9
v20;SEASON;BOTH_STRONG;1.5;10;0;95;19;114;83.3333;0;0;0;0.0;54;13;67;80.597;41;6;47;87.234;68;10;78;87.1795;2026-08-07;0.0;0.0;0.0;v20|SEASON|BOTH_STRONG|1.50|P10
v20;SEASON;BOTH_STRONG;1.5;11;0;95;19;114;83.3333;0;0;0;0.0;54;13;67;80.597;41;6;47;87.234;68;10;78;87.1795;2026-08-07;0.0;0.0;0.0;v20|SEASON|BOTH_STRONG|1.50|P11
v20;SEASON;BOTH_STRONG;1.5;12;0;95;19;114;83.3333;0;0;0;0.0;54;13;67;80.597;41;6;47;87.234;68;10;78;87.1795;2026-08-07;0.0;0.0;0.0;v20|SEASON|BOTH_STRONG|1.50|P12
v20;SEASON;BOTH_STRONG;1.5;13;0;95;19;114;83.3333;0;0;0;0.0;54;13;67;80.597;41;6;47;87.234;68;10;78;87.1795;2026-08-07;0.0;0.0;0.0;v20|SEASON|BOTH_STRONG|1.50|P13
v20;SEASON;BOTH_STRONG;1.5;14;0;95;19;114;83.3333;0;0;0;0.0;54;13;67;80.597;41;6;47;87.234;68;10;78;87.1795;2026-08-07;0.0;0.0;0.0;v20|SEASON|BOTH_STRONG|1.50|P14
v20;SEASON;BOTH_STRONG;1.5;15;0;95;19;114;83.3333;0;0;0;0.0;54;13;67;80.597;41;6;47;87.234;68;10;78;87.1795;2026-08-07;0.0;0.0;0.0;v20|SEASON|BOTH_STRONG|1.50|P15
v20;SEASON;BOTH_STRONG;1.6;1;0;95;19;114;83.3333;0;0;0;0.0;54;13;67;80.597;41;6;47;87.234;68;10;78;87.1795;2026-08-07;0.0;0.0;0.0;v20|SEASON|BOTH_STRONG|1.60|P1
v20;SEASON;BOTH_STRONG;1.6;2;0;95;19;114;83.3333;0;0;0;0.0;54;13;67;80.597;41;6;47;87.234;68;10;78;87.1795;2026-08-07;0.0;0.0;0.0;v20|SEASON|BOTH_STRONG|1.60|P2
v20;SEASON;BOTH_STRONG;1.6;3;0;95;19;114;83.3333;0;0;0;0.0;54;13;67;80.597;41;6;47;87.234;68;10;78;87.1795;2026-08-07;0.0;0.0;0.0;v20|SEASON|BOTH_STRONG|1.60|P3
v20;SEASON;BOTH_STRONG;1.6;4;0;95;19;114;83.3333;0;0;0;0.0;54;13;67;80.597;41;6;47;87.234;68;10;78;87.1795;2026-08-07;0.0;0.0;0.0;v20|SEASON|BOTH_STRONG|1.60|P4
v20;SEASON;BOTH_STRONG;1.6;5;0;95;19;114;83.3333;0;0;0;0.0;54;13;67;80.597;41;6;47;87.234;68;10;78;87.1795;2026-08-07;0.0;0.0;0.0;v20|SEASON|BOTH_STRONG|1.60|P5
v20;SEASON;BOTH_STRONG;1.6;6;0;95;19;114;83.3333;0;0;0;0.0;54;13;67;80.597;41;6;47;87.234;68;10;78;87.1795;2026-08-07;0.0;0.0;0.0;v20|SEASON|BOTH_STRONG|1.60|P6
v20;SEASON;BOTH_STRONG;1.6;7;0;95;19;114;83.3333;0;0;0;0.0;54;13;67;80.597;41;6;47;87.234;68;10;78;87.1795;2026-08-07;0.0;0.0;0.0;v20|SEASON|BOTH_STRONG|1.60|P7
v20;SEASON;BOTH_STRONG;1.6;8;0;95;19;114;83.3333;0;0;0;0.0;54;13;67;80.597;41;6;47;87.234;68;10;78;87.1795;2026-08-07;0.0;0.0;0.0;v20|SEASON|BOTH_STRONG|1.60|P8
v20;SEASON;BOTH_STRONG;1.6;9;0;95;19;114;83.3333;0;0;0;0.0;54;13;67;80.597;41;6;47;87.234;68;10;78;87.1795;2026-08-07;0.0;0.0;0.0;v20|SEASON|BOTH_STRONG|1.60|P9
v20;SEASON;BOTH_STRONG;1.6;10;0;95;19;114;83.3333;0;0;0;0.0;54;13;67;80.597;41;6;47;87.234;68;10;78;87.1795;2026-08-07;0.0;0.0;0.0;v20|SEASON|BOTH_STRONG|1.60|P10
v20;SEASON;BOTH_STRONG;1.6;11;0;95;19;114;83.3333;0;0;0;0.0;54;13;67;80.597;41;6;47;87.234;68;10;78;87.1795;2026-08-07;0.0;0.0;0.0;v20|SEASON|BOTH_STRONG|1.60|P11
v20;SEASON;BOTH_STRONG;1.6;12;0;95;19;114;83.3333;0;0;0;0.0;54;13;67;80.597;41;6;47;87.234;68;10;78;87.1795;2026-08-07;0.0;0.0;0.0;v20|SEASON|BOTH_STRONG|1.60|P12
v20;SEASON;BOTH_STRONG;1.6;13;0;95;19;114;83.3333;0;0;0;0.0;54;13;67;80.597;41;6;47;87.234;68;10;78;87.1795;2026-08-07;0.0;0.0;0.0;v20|SEASON|BOTH_STRONG|1.60|P13
v20;SEASON;BOTH_STRONG;1.6;14;0;95;19;114;83.3333;0;0;0;0.0;54;13;67;80.597;41;6;47;87.234;68;10;78;87.1795;2026-08-07;0.0;0.0;0.0;v20|SEASON|BOTH_STRONG|1.60|P14
v20;SEASON;BOTH_STRONG;1.6;15;0;95;19;114;83.3333;0;0;0;0.0;54;13;67;80.597;41;6;47;87.234;68;10;78;87.1795;2026-08-07;0.0;0.0;0.0;v20|SEASON|BOTH_STRONG|1.60|P15
v20;LAST5;AWAY_STRONG;0.8;1;1;95;19;114;83.3333;0;0;0;0.0;54;13;67;80.597;41;6;47;87.234;68;10;78;87.1795;2026-08-07;0.0;0.0;0.0;v20|LAST5|AWAY_STRONG|0.80|P1
v20;LAST5;AWAY_STRONG;0.8;2;1;95;19;114;83.3333;0;0;0;0.0;54;13;67;80.597;41;6;47;87.234;68;10;78;87.1795;2026-08-07;0.0;0.0;0.0;v20|LAST5|AWAY_STRONG|0.80|P2
v20;LAST5;BOTH_STRONG;0.8;1;0;95;19;114;83.3333;0;0;0;0.0;54;13;67;80.597;41;6;47;87.234;68;10;78;87.1795;2026-08-07;0.0;0.0;0.0;v20|LAST5|BOTH_STRONG|0.80|P1
v20;LAST5;BOTH_STRONG;0.8;2;0;95;19;114;83.3333;0;0;0;0.0;54;13;67;80.597;41;6;47;87.234;68;10;78;87.1795;2026-08-07;0.0;0.0;0.0;v20|LAST5|BOTH_STRONG|0.80|P2
v20;LAST5;BOTH_STRONG;0.8;3;0;95;19;114;83.3333;0;0;0;0.0;54;13;67;80.597;41;6;47;87.234;68;10;78;87.1795;2026-08-07;0.0;0.0;0.0;v20|LAST5|BOTH_STRONG|0.80|P3
v20;LAST5;BOTH_STRONG;0.8;4;0;95;19;114;83.3333;0;0;0;0.0;54;13;67;80.597;41;6;47;87.234;68;10;78;87.1795;2026-08-07;0.0;0.0;0.0;v20|LAST5|BOTH_STRONG|0.80|P4
v20;LAST5;BOTH_STRONG;0.8;5;0;95;19;114;83.3333;0;0;0;0.0;54;13;67;80.597;41;6;47;87.234;68;10;78;87.1795;2026-08-07;0.0;0.0;0.0;v20|LAST5|BOTH_STRONG|0.80|P5
v20;LAST5;BOTH_STRONG;0.8;6;0;95;19;114;83.3333;0;0;0;0.0;54;13;67;80.597;41;6;47;87.234;68;10;78;87.1795;2026-08-07;0.0;0.0;0.0;v20|LAST5|BOTH_STRONG|0.80|P6
v20;LAST5;BOTH_STRONG;0.8;7;0;95;19;114;83.3333;0;0;0;0.0;54;13;67;80.597;41;6;47;87.234;68;10;78;87.1795;2026-08-07;0.0;0.0;0.0;v20|LAST5|BOTH_STRONG|0.80|P7
v20;LAST5;BOTH_STRONG;0.8;8;0;95;19;114;83.3333;0;0;0;0.0;54;13;67;80.597;41;6;47;87.234;68;10;78;87.1795;2026-08-07;0.0;0.0;0.0;v20|LAST5|BOTH_STRONG|0.80|P8
v20;LAST5;BOTH_STRONG;0.8;9;0;95;19;114;83.3333;0;0;0;0.0;54;13;67;80.597;41;6;47;87.234;68;10;78;87.1795;2026-08-07;0.0;0.0;0.0;v20|LAST5|BOTH_STRONG|0.80|P9
v20;LAST5;BOTH_STRONG;0.8;10;0;95;19;114;83.3333;0;0;0;0.0;54;13;67;80.597;41;6;47;87.234;68;10;78;87.1795;2026-08-07;0.0;0.0;0.0;v20|LAST5|BOTH_STRONG|0.80|P10
v20;LAST5;BOTH_STRONG;0.8;11;0;95;19;114;83.3333;0;0;0;0.0;54;13;67;80.597;41;6;47;87.234;68;10;78;87.1795;2026-08-07;0.0;0.0;0.0;v20|LAST5|BOTH_STRONG|0.80|P11
v20;LAST5;BOTH_STRONG;0.8;12;0;95;19;114;83.3333;0;0;0;0.0;54;13;67;80.597;41;6;47;87.234;68;10;78;87.1795;2026-08-07;0.0;0.0;0.0;v20|LAST5|BOTH_STRONG|0.80|P12
v20;LAST5;BOTH_STRONG;0.8;13;0;95;19;114;83.3333;0;0;0;0.0;54;13;67;80.597;41;6;47;87.234;68;10;78;87.1795;2026-08-07;0.0;0.0;0.0;v20|LAST5|BOTH_STRONG|0.80|P13
v20;LAST5;BOTH_STRONG;0.8;14;0;95;19;114;83.3333;0;0;0;0.0;54;13;67;80.597;41;6;47;87.234;68;10;78;87.1795;2026-08-07;0.0;0.0;0.0;v20|LAST5|BOTH_STRONG|0.80|P14
v20;LAST5;BOTH_STRONG;0.8;15;0;95;19;114;83.3333;0;0;0;0.0;54;13;67;80.597;41;6;47;87.234;68;10;78;87.1795;2026-08-07;0.0;0.0;0.0;v20|LAST5|BOTH_STRONG|0.80|P15
v20;LAST5;BOTH_STRONG;1.0;1;0;95;19;114;83.3333;0;0;0;0.0;54;13;67;80.597;41;6;47;87.234;68;10;78;87.1795;2026-08-07;0.0;0.0;0.0;v20|LAST5|BOTH_STRONG|1.00|P1
v20;LAST5;BOTH_STRONG;1.0;2;0;95;19;114;83.3333;0;0;0;0.0;54;13;67;80.597;41;6;47;87.234;68;10;78;87.1795;2026-08-07;0.0;0.0;0.0;v20|LAST5|BOTH_STRONG|1.00|P2
v20;LAST5;BOTH_STRONG;1.0;3;0;95;19;114;83.3333;0;0;0;0.0;54;13;67;80.597;41;6;47;87.234;68;10;78;87.1795;2026-08-07;0.0;0.0;0.0;v20|LAST5|BOTH_STRONG|1.00|P3
v20;LAST5;BOTH_STRONG;1.0;4;0;95;19;114;83.3333;0;0;0;0.0;54;13;67;80.597;41;6;47;87.234;68;10;78;87.1795;2026-08-07;0.0;0.0;0.0;v20|LAST5|BOTH_STRONG|1.00|P4
v20;LAST5;BOTH_STRONG;1.0;5;0;95;19;114;83.3333;0;0;0;0.0;54;13;67;80.597;41;6;47;87.234;68;10;78;87.1795;2026-08-07;0.0;0.0;0.0;v20|LAST5|BOTH_STRONG|1.00|P5
v20;LAST5;BOTH_STRONG;1.0;6;0;95;19;114;83.3333;0;0;0;0.0;54;13;67;80.597;41;6;47;87.234;68;10;78;87.1795;2026-08-07;0.0;0.0;0.0;v20|LAST5|BOTH_STRONG|1.00|P6
v20;LAST5;BOTH_STRONG;1.0;7;0;95;19;114;83.3333;0;0;0;0.0;54;13;67;80.597;41;6;47;87.234;68;10;78;87.1795;2026-08-07;0.0;0.0;0.0;v20|LAST5|BOTH_STRONG|1.00|P7
v20;LAST5;BOTH_STRONG;1.0;8;0;95;19;114;83.3333;0;0;0;0.0;54;13;67;80.597;41;6;47;87.234;68;10;78;87.1795;2026-08-07;0.0;0.0;0.0;v20|LAST5|BOTH_STRONG|1.00|P8
v20;LAST5;BOTH_STRONG;1.0;9;0;95;19;114;83.3333;0;0;0;0.0;54;13;67;80.597;41;6;47;87.234;68;10;78;87.1795;2026-08-07;0.0;0.0;0.0;v20|LAST5|BOTH_STRONG|1.00|P9
v20;LAST5;BOTH_STRONG;1.0;10;0;95;19;114;83.3333;0;0;0;0.0;54;13;67;80.597;41;6;47;87.234;68;10;78;87.1795;2026-08-07;0.0;0.0;0.0;v20|LAST5|BOTH_STRONG|1.00|P10
v20;LAST5;BOTH_STRONG;1.0;11;0;95;19;114;83.3333;0;0;0;0.0;54;13;67;80.597;41;6;47;87.234;68;10;78;87.1795;2026-08-07;0.0;0.0;0.0;v20|LAST5|BOTH_STRONG|1.00|P11
v20;LAST5;BOTH_STRONG;1.0;12;0;95;19;114;83.3333;0;0;0;0.0;54;13;67;80.597;41;6;47;87.234;68;10;78;87.1795;2026-08-07;0.0;0.0;0.0;v20|LAST5|BOTH_STRONG|1.00|P12
v20;LAST5;BOTH_STRONG;1.0;13;0;95;19;114;83.3333;0;0;0;0.0;54;13;67;80.597;41;6;47;87.234;68;10;78;87.1795;2026-08-07;0.0;0.0;0.0;v20|LAST5|BOTH_STRONG|1.00|P13
v20;LAST5;BOTH_STRONG;1.0;14;0;95;19;114;83.3333;0;0;0;0.0;54;13;67;80.597;41;6;47;87.234;68;10;78;87.1795;2026-08-07;0.0;0.0;0.0;v20|LAST5|BOTH_STRONG|1.00|P14
v20;LAST5;BOTH_STRONG;1.0;15;0;95;19;114;83.3333;0;0;0;0.0;54;13;67;80.597;41;6;47;87.234;68;10;78;87.1795;2026-08-07;0.0;0.0;0.0;v20|LAST5|BOTH_STRONG|1.00|P15
v20;LAST5;BOTH_STRONG;1.1;1;0;95;19;114;83.3333;0;0;0;0.0;54;13;67;80.597;41;6;47;87.234;68;10;78;87.1795;2026-08-07;0.0;0.0;0.0;v20|LAST5|BOTH_STRONG|1.10|P1
v20;LAST5;BOTH_STRONG;1.1;2;0;95;19;114;83.3333;0;0;0;0.0;54;13;67;80.597;41;6;47;87.234;68;10;78;87.1795;2026-08-07;0.0;0.0;0.0;v20|LAST5|BOTH_STRONG|1.10|P2
v20;LAST5;BOTH_STRONG;1.1;3;0;95;19;114;83.3333;0;0;0;0.0;54;13;67;80.597;41;6;47;87.234;68;10;78;87.1795;2026-08-07;0.0;0.0;0.0;v20|LAST5|BOTH_STRONG|1.10|P3
v20;LAST5;BOTH_STRONG;1.1;4;0;95;19;114;83.3333;0;0;0;0.0;54;13;67;80.597;41;6;47;87.234;68;10;78;87.1795;2026-08-07;0.0;0.0;0.0;v20|LAST5|BOTH_STRONG|1.10|P4
v20;LAST5;BOTH_STRONG;1.1;5;0;95;19;114;83.3333;0;0;0;0.0;54;13;67;80.597;41;6;47;87.234;68;10;78;87.1795;2026-08-07;0.0;0.0;0.0;v20|LAST5|BOTH_STRONG|1.10|P5
v20;LAST5;BOTH_STRONG;1.1;6;0;95;19;114;83.3333;0;0;0;0.0;54;13;67;80.597;41;6;47;87.234;68;10;78;87.1795;2026-08-07;0.0;0.0;0.0;v20|LAST5|BOTH_STRONG|1.10|P6
v20;LAST5;BOTH_STRONG;1.1;7;0;95;19;114;83.3333;0;0;0;0.0;54;13;67;80.597;41;6;47;87.234;68;10;78;87.1795;2026-08-07;0.0;0.0;0.0;v20|LAST5|BOTH_STRONG|1.10|P7
v20;LAST5;BOTH_STRONG;1.1;8;0;95;19;114;83.3333;0;0;0;0.0;54;13;67;80.597;41;6;47;87.234;68;10;78;87.1795;2026-08-07;0.0;0.0;0.0;v20|LAST5|BOTH_STRONG|1.10|P8
v20;LAST5;BOTH_STRONG;1.1;9;0;95;19;114;83.3333;0;0;0;0.0;54;13;67;80.597;41;6;47;87.234;68;10;78;87.1795;2026-08-07;0.0;0.0;0.0;v20|LAST5|BOTH_STRONG|1.10|P9
v20;LAST5;BOTH_STRONG;1.1;10;0;95;19;114;83.3333;0;0;0;0.0;54;13;67;80.597;41;6;47;87.234;68;10;78;87.1795;2026-08-07;0.0;0.0;0.0;v20|LAST5|BOTH_STRONG|1.10|P10
v20;LAST5;BOTH_STRONG;1.1;11;0;95;19;114;83.3333;0;0;0;0.0;54;13;67;80.597;41;6;47;87.234;68;10;78;87.1795;2026-08-07;0.0;0.0;0.0;v20|LAST5|BOTH_STRONG|1.10|P11
v20;LAST5;BOTH_STRONG;1.1;12;0;95;19;114;83.3333;0;0;0;0.0;54;13;67;80.597;41;6;47;87.234;68;10;78;87.1795;2026-08-07;0.0;0.0;0.0;v20|LAST5|BOTH_STRONG|1.10|P12
v20;LAST5;BOTH_STRONG;1.1;13;0;95;19;114;83.3333;0;0;0;0.0;54;13;67;80.597;41;6;47;87.234;68;10;78;87.1795;2026-08-07;0.0;0.0;0.0;v20|LAST5|BOTH_STRONG|1.10|P13
v20;LAST5;BOTH_STRONG;1.1;14;0;95;19;114;83.3333;0;0;0;0.0;54;13;67;80.597;41;6;47;87.234;68;10;78;87.1795;2026-08-07;0.0;0.0;0.0;v20|LAST5|BOTH_STRONG|1.10|P14
v20;LAST5;BOTH_STRONG;1.1;15;0;95;19;114;83.3333;0;0;0;0.0;54;13;67;80.597;41;6;47;87.234;68;10;78;87.1795;2026-08-07;0.0;0.0;0.0;v20|LAST5|BOTH_STRONG|1.10|P15
v20;LAST5;BOTH_STRONG;1.2;1;0;95;19;114;83.3333;0;0;0;0.0;54;13;67;80.597;41;6;47;87.234;68;10;78;87.1795;2026-08-07;0.0;0.0;0.0;v20|LAST5|BOTH_STRONG|1.20|P1
v20;LAST5;BOTH_STRONG;1.2;2;0;95;19;114;83.3333;0;0;0;0.0;54;13;67;80.597;41;6;47;87.234;68;10;78;87.1795;2026-08-07;0.0;0.0;0.0;v20|LAST5|BOTH_STRONG|1.20|P2
v20;LAST5;BOTH_STRONG;1.2;3;0;95;19;114;83.3333;0;0;0;0.0;54;13;67;80.597;41;6;47;87.234;68;10;78;87.1795;2026-08-07;0.0;0.0;0.0;v20|LAST5|BOTH_STRONG|1.20|P3
v20;LAST5;BOTH_STRONG;1.2;4;0;95;19;114;83.3333;0;0;0;0.0;54;13;67;80.597;41;6;47;87.234;68;10;78;87.1795;2026-08-07;0.0;0.0;0.0;v20|LAST5|BOTH_STRONG|1.20|P4
v20;LAST5;BOTH_STRONG;1.2;5;0;95;19;114;83.3333;0;0;0;0.0;54;13;67;80.597;41;6;47;87.234;68;10;78;87.1795;2026-08-07;0.0;0.0;0.0;v20|LAST5|BOTH_STRONG|1.20|P5
v20;LAST5;BOTH_STRONG;1.2;6;0;95;19;114;83.3333;0;0;0;0.0;54;13;67;80.597;41;6;47;87.234;68;10;78;87.1795;2026-08-07;0.0;0.0;0.0;v20|LAST5|BOTH_STRONG|1.20|P6
v20;LAST5;BOTH_STRONG;1.2;7;0;95;19;114;83.3333;0;0;0;0.0;54;13;67;80.597;41;6;47;87.234;68;10;78;87.1795;2026-08-07;0.0;0.0;0.0;v20|LAST5|BOTH_STRONG|1.20|P7
v20;LAST5;BOTH_STRONG;1.2;8;0;95;19;114;83.3333;0;0;0;0.0;54;13;67;80.597;41;6;47;87.234;68;10;78;87.1795;2026-08-07;0.0;0.0;0.0;v20|LAST5|BOTH_STRONG|1.20|P8
v20;LAST5;BOTH_STRONG;1.2;9;0;95;19;114;83.3333;0;0;0;0.0;54;13;67;80.597;41;6;47;87.234;68;10;78;87.1795;2026-08-07;0.0;0.0;0.0;v20|LAST5|BOTH_STRONG|1.20|P9
v20;LAST5;BOTH_STRONG;1.2;10;0;95;19;114;83.3333;0;0;0;0.0;54;13;67;80.597;41;6;47;87.234;68;10;78;87.1795;2026-08-07;0.0;0.0;0.0;v20|LAST5|BOTH_STRONG|1.20|P10
v20;LAST5;BOTH_STRONG;1.2;11;0;95;19;114;83.3333;0;0;0;0.0;54;13;67;80.597;41;6;47;87.234;68;10;78;87.1795;2026-08-07;0.0;0.0;0.0;v20|LAST5|BOTH_STRONG|1.20|P11
v20;LAST5;BOTH_STRONG;1.2;12;0;95;19;114;83.3333;0;0;0;0.0;54;13;67;80.597;41;6;47;87.234;68;10;78;87.1795;2026-08-07;0.0;0.0;0.0;v20|LAST5|BOTH_STRONG|1.20|P12
v20;LAST5;BOTH_STRONG;1.2;13;0;95;19;114;83.3333;0;0;0;0.0;54;13;67;80.597;41;6;47;87.234;68;10;78;87.1795;2026-08-07;0.0;0.0;0.0;v20|LAST5|BOTH_STRONG|1.20|P13
v20;LAST5;BOTH_STRONG;1.2;14;0;95;19;114;83.3333;0;0;0;0.0;54;13;67;80.597;41;6;47;87.234;68;10;78;87.1795;2026-08-07;0.0;0.0;0.0;v20|LAST5|BOTH_STRONG|1.20|P14
v20;LAST5;BOTH_STRONG;1.2;15;0;95;19;114;83.3333;0;0;0;0.0;54;13;67;80.597;41;6;47;87.234;68;10;78;87.1795;2026-08-07;0.0;0.0;0.0;v20|LAST5|BOTH_STRONG|1.20|P15
v20;LAST5;BOTH_STRONG;1.3;1;0;95;19;114;83.3333;0;0;0;0.0;54;13;67;80.597;41;6;47;87.234;68;10;78;87.1795;2026-08-07;0.0;0.0;0.0;v20|LAST5|BOTH_STRONG|1.30|P1
v20;LAST5;BOTH_STRONG;1.3;2;0;95;19;114;83.3333;0;0;0;0.0;54;13;67;80.597;41;6;47;87.234;68;10;78;87.1795;2026-08-07;0.0;0.0;0.0;v20|LAST5|BOTH_STRONG|1.30|P2
v20;LAST5;BOTH_STRONG;1.3;3;0;95;19;114;83.3333;0;0;0;0.0;54;13;67;80.597;41;6;47;87.234;68;10;78;87.1795;2026-08-07;0.0;0.0;0.0;v20|LAST5|BOTH_STRONG|1.30|P3
v20;LAST5;BOTH_STRONG;1.3;4;0;95;19;114;83.3333;0;0;0;0.0;54;13;67;80.597;41;6;47;87.234;68;10;78;87.1795;2026-08-07;0.0;0.0;0.0;v20|LAST5|BOTH_STRONG|1.30|P4
v20;LAST5;BOTH_STRONG;1.3;5;0;95;19;114;83.3333;0;0;0;0.0;54;13;67;80.597;41;6;47;87.234;68;10;78;87.1795;2026-08-07;0.0;0.0;0.0;v20|LAST5|BOTH_STRONG|1.30|P5
v20;LAST5;BOTH_STRONG;1.3;6;0;95;19;114;83.3333;0;0;0;0.0;54;13;67;80.597;41;6;47;87.234;68;10;78;87.1795;2026-08-07;0.0;0.0;0.0;v20|LAST5|BOTH_STRONG|1.30|P6
v20;LAST5;BOTH_STRONG;1.3;7;0;95;19;114;83.3333;0;0;0;0.0;54;13;67;80.597;41;6;47;87.234;68;10;78;87.1795;2026-08-07;0.0;0.0;0.0;v20|LAST5|BOTH_STRONG|1.30|P7
v20;LAST5;BOTH_STRONG;1.3;8;0;95;19;114;83.3333;0;0;0;0.0;54;13;67;80.597;41;6;47;87.234;68;10;78;87.1795;2026-08-07;0.0;0.0;0.0;v20|LAST5|BOTH_STRONG|1.30|P8
v20;LAST5;BOTH_STRONG;1.3;9;0;95;19;114;83.3333;0;0;0;0.0;54;13;67;80.597;41;6;47;87.234;68;10;78;87.1795;2026-08-07;0.0;0.0;0.0;v20|LAST5|BOTH_STRONG|1.30|P9
v20;LAST5;BOTH_STRONG;1.3;10;0;95;19;114;83.3333;0;0;0;0.0;54;13;67;80.597;41;6;47;87.234;68;10;78;87.1795;2026-08-07;0.0;0.0;0.0;v20|LAST5|BOTH_STRONG|1.30|P10
v20;LAST5;BOTH_STRONG;1.3;11;0;95;19;114;83.3333;0;0;0;0.0;54;13;67;80.597;41;6;47;87.234;68;10;78;87.1795;2026-08-07;0.0;0.0;0.0;v20|LAST5|BOTH_STRONG|1.30|P11
v20;LAST5;BOTH_STRONG;1.3;12;0;95;19;114;83.3333;0;0;0;0.0;54;13;67;80.597;41;6;47;87.234;68;10;78;87.1795;2026-08-07;0.0;0.0;0.0;v20|LAST5|BOTH_STRONG|1.30|P12
v20;LAST5;BOTH_STRONG;1.3;13;0;95;19;114;83.3333;0;0;0;0.0;54;13;67;80.597;41;6;47;87.234;68;10;78;87.1795;2026-08-07;0.0;0.0;0.0;v20|LAST5|BOTH_STRONG|1.30|P13
v20;LAST5;BOTH_STRONG;1.3;14;0;95;19;114;83.3333;0;0;0;0.0;54;13;67;80.597;41;6;47;87.234;68;10;78;87.1795;2026-08-07;0.0;0.0;0.0;v20|LAST5|BOTH_STRONG|1.30|P14
v20;LAST5;BOTH_STRONG;1.3;15;0;95;19;114;83.3333;0;0;0;0.0;54;13;67;80.597;41;6;47;87.234;68;10;78;87.1795;2026-08-07;0.0;0.0;0.0;v20|LAST5|BOTH_STRONG|1.30|P15
v20;LAST5;AWAY_STRONG;1.0;1;2;94;19;113;83.1858;1;0;1;100.0;53;13;66;80.303;41;6;47;87.234;67;10;77;87.013;2026-08-07;-0.1475;0.0;-0.1665;v20|LAST5|AWAY_STRONG|1.00|P1
v20;LAST5;AWAY_STRONG;1.0;2;2;94;19;113;83.1858;1;0;1;100.0;53;13;66;80.303;41;6;47;87.234;67;10;77;87.013;2026-08-07;-0.1475;0.0;-0.1665;v20|LAST5|AWAY_STRONG|1.00|P2
v20;LAST5;AWAY_STRONG;1.1;1;2;94;19;113;83.1858;1;0;1;100.0;53;13;66;80.303;41;6;47;87.234;67;10;77;87.013;2026-08-07;-0.1475;0.0;-0.1665;v20|LAST5|AWAY_STRONG|1.10|P1
v20;LAST5;AWAY_STRONG;1.1;2;2;94;19;113;83.1858;1;0;1;100.0;53;13;66;80.303;41;6;47;87.234;67;10;77;87.013;2026-08-07;-0.1475;0.0;-0.1665;v20|LAST5|AWAY_STRONG|1.10|P2
v20;LAST5;AWAY_STRONG;1.2;1;3;94;19;113;83.1858;1;0;1;100.0;53;13;66;80.303;41;6;47;87.234;67;10;77;87.013;2026-08-07;-0.1475;0.0;-0.1665;v20|LAST5|AWAY_STRONG|1.20|P1
v20;LAST5;AWAY_STRONG;1.2;2;3;94;19;113;83.1858;1;0;1;100.0;53;13;66;80.303;41;6;47;87.234;67;10;77;87.013;2026-08-07;-0.1475;0.0;-0.1665;v20|LAST5|AWAY_STRONG|1.20|P2
v20;LAST5;AWAY_STRONG;1.3;1;3;94;19;113;83.1858;1;0;1;100.0;53;13;66;80.303;41;6;47;87.234;67;10;77;87.013;2026-08-07;-0.1475;0.0;-0.1665;v20|LAST5|AWAY_STRONG|1.30|P1
v20;LAST5;AWAY_STRONG;1.3;2;3;94;19;113;83.1858;1;0;1;100.0;53;13;66;80.303;41;6;47;87.234;67;10;77;87.013;2026-08-07;-0.1475;0.0;-0.1665;v20|LAST5|AWAY_STRONG|1.30|P2
v20;SEASON;HOME_STRONG;0.8;1;4;93;19;112;83.0357;2;0;2;100.0;52;13;65;80.0;41;6;47;87.234;66;10;76;86.8421;2026-08-07;-0.2976;0.0;-0.3374;v20|SEASON|HOME_STRONG|0.80|P1
v20;SEASON;HOME_STRONG;0.8;2;4;93;19;112;83.0357;2;0;2;100.0;52;13;65;80.0;41;6;47;87.234;66;10;76;86.8421;2026-08-07;-0.2976;0.0;-0.3374;v20|SEASON|HOME_STRONG|0.80|P2
v20;SEASON;HOME_STRONG;0.8;3;4;93;19;112;83.0357;2;0;2;100.0;52;13;65;80.0;41;6;47;87.234;66;10;76;86.8421;2026-08-07;-0.2976;0.0;-0.3374;v20|SEASON|HOME_STRONG|0.80|P3
v20;SEASON;HOME_STRONG;1.0;1;15;93;19;112;83.0357;2;0;2;100.0;52;13;65;80.0;41;6;47;87.234;66;10;76;86.8421;2026-08-07;-0.2976;0.0;-0.3374;v20|SEASON|HOME_STRONG|1.00|P1
v20;SEASON;HOME_STRONG;1.1;1;20;93;19;112;83.0357;2;0;2;100.0;52;13;65;80.0;41;6;47;87.234;66;10;76;86.8421;2026-08-07;-0.2976;0.0;-0.3374;v20|SEASON|HOME_STRONG|1.10|P1
v20;SEASON;HOME_STRONG;1.2;1;25;93;19;112;83.0357;2;0;2;100.0;52;13;65;80.0;41;6;47;87.234;66;10;76;86.8421;2026-08-07;-0.2976;0.0;-0.3374;v20|SEASON|HOME_STRONG|1.20|P1
v20;SEASON;AT_LEAST_ONE_STRONG;0.8;1;5;93;19;112;83.0357;2;0;2;100.0;52;13;65;80.0;41;6;47;87.234;66;10;76;86.8421;2026-08-07;-0.2976;0.0;-0.3374;v20|SEASON|AT_LEAST_ONE_STRONG|0.80|P1
v20;SEASON;AT_LEAST_ONE_STRONG;0.8;2;5;93;19;112;83.0357;2;0;2;100.0;52;13;65;80.0;41;6;47;87.234;66;10;76;86.8421;2026-08-07;-0.2976;0.0;-0.3374;v20|SEASON|AT_LEAST_ONE_STRONG|0.80|P2
v20;SEASON;AT_LEAST_ONE_STRONG;1.0;1;16;93;19;112;83.0357;2;0;2;100.0;52;13;65;80.0;41;6;47;87.234;66;10;76;86.8421;2026-08-07;-0.2976;0.0;-0.3374;v20|SEASON|AT_LEAST_ONE_STRONG|1.00|P1
v20;SEASON;AT_LEAST_ONE_STRONG;1.1;1;21;93;19;112;83.0357;2;0;2;100.0;52;13;65;80.0;41;6;47;87.234;66;10;76;86.8421;2026-08-07;-0.2976;0.0;-0.3374;v20|SEASON|AT_LEAST_ONE_STRONG|1.10|P1
v20;SEASON;AT_LEAST_ONE_STRONG;1.2;1;26;93;19;112;83.0357;2;0;2;100.0;52;13;65;80.0;41;6;47;87.234;66;10;76;86.8421;2026-08-07;-0.2976;0.0;-0.3374;v20|SEASON|AT_LEAST_ONE_STRONG|1.20|P1
v20;SEASON;HOME_STRONG;1.0;2;15;92;19;111;82.8829;3;0;3;100.0;51;13;64;79.6875;41;6;47;87.234;65;10;75;86.6667;2026-08-07;-0.4504;0.0;-0.5128;v20|SEASON|HOME_STRONG|1.00|P2
v20;SEASON;AT_LEAST_ONE_STRONG;1.0;2;16;92;19;111;82.8829;3;0;3;100.0;51;13;64;79.6875;41;6;47;87.234;65;10;75;86.6667;2026-08-07;-0.4504;0.0;-0.5128;v20|SEASON|AT_LEAST_ONE_STRONG|1.00|P2
v20;LAST5;AT_LEAST_ONE_STRONG;1.2;4;42;76;13;89;85.3933;19;6;25;76.0;42;8;50;84.0;34;5;39;87.1795;55;7;62;88.7097;2026-08-07;2.06;-0.0545;1.5302;v20|LAST5|AT_LEAST_ONE_STRONG|1.20|P4
v20;LAST5;AT_LEAST_ONE_STRONG;1.3;4;42;76;13;89;85.3933;19;6;25;76.0;42;8;50;84.0;34;5;39;87.1795;55;7;62;88.7097;2026-08-07;2.06;-0.0545;1.5302;v20|LAST5|AT_LEAST_ONE_STRONG|1.30|P4
v20;SEASON;AT_LEAST_ONE_STRONG;1.3;5;34;80;14;94;85.1064;15;5;20;75.0;46;9;55;83.6364;34;5;39;87.1795;55;7;62;88.7097;2026-08-07;1.7731;-0.0545;1.5302;v20|SEASON|AT_LEAST_ONE_STRONG|1.30|P5
v20;SEASON;AT_LEAST_ONE_STRONG;1.4;3;43;80;14;94;85.1064;15;5;20;75.0;46;9;55;83.6364;34;5;39;87.1795;55;7;62;88.7097;2026-08-07;1.7731;-0.0545;1.5302;v20|SEASON|AT_LEAST_ONE_STRONG|1.40|P3
v20;LAST5;AT_LEAST_ONE_STRONG;1.0;5;25;80;14;94;85.1064;15;5;20;75.0;46;9;55;83.6364;34;5;39;87.1795;58;8;66;87.8788;2026-08-07;1.7731;-0.0545;0.6993;v20|LAST5|AT_LEAST_ONE_STRONG|1.00|P5
v20;LAST5;AT_LEAST_ONE_STRONG;1.0;6;25;80;14;94;85.1064;15;5;20;75.0;46;9;55;83.6364;34;5;39;87.1795;58;8;66;87.8788;2026-08-07;1.7731;-0.0545;0.6993;v20|LAST5|AT_LEAST_ONE_STRONG|1.00|P6
v20;LAST5;AT_LEAST_ONE_STRONG;1.1;5;25;80;14;94;85.1064;15;5;20;75.0;46;9;55;83.6364;34;5;39;87.1795;58;8;66;87.8788;2026-08-07;1.7731;-0.0545;0.6993;v20|LAST5|AT_LEAST_ONE_STRONG|1.10|P5
v20;LAST5;AT_LEAST_ONE_STRONG;1.1;6;25;80;14;94;85.1064;15;5;20;75.0;46;9;55;83.6364;34;5;39;87.1795;58;8;66;87.8788;2026-08-07;1.7731;-0.0545;0.6993;v20|LAST5|AT_LEAST_ONE_STRONG|1.10|P6
v20;LAST5;HOME_STRONG;1.2;4;39;77;14;91;84.6154;18;5;23;78.2609;43;9;52;82.6923;34;5;39;87.1795;56;8;64;87.5;2026-08-07;1.2821;-0.0545;0.3205;v20|LAST5|HOME_STRONG|1.20|P4
v20;LAST5;HOME_STRONG;1.3;4;39;77;14;91;84.6154;18;5;23;78.2609;43;9;52;82.6923;34;5;39;87.1795;56;8;64;87.5;2026-08-07;1.2821;-0.0545;0.3205;v20|LAST5|HOME_STRONG|1.30|P4
v20;LAST5;HOME_STRONG;1.0;5;23;81;15;96;84.375;14;4;18;77.7778;47;10;57;82.4561;34;5;39;87.1795;59;9;68;86.7647;2026-08-07;1.0417;-0.0545;-0.4148;v20|LAST5|HOME_STRONG|1.00|P5
v20;LAST5;HOME_STRONG;1.0;6;23;81;15;96;84.375;14;4;18;77.7778;47;10;57;82.4561;34;5;39;87.1795;59;9;68;86.7647;2026-08-07;1.0417;-0.0545;-0.4148;v20|LAST5|HOME_STRONG|1.00|P6
v20;LAST5;HOME_STRONG;1.1;5;23;81;15;96;84.375;14;4;18;77.7778;47;10;57;82.4561;34;5;39;87.1795;59;9;68;86.7647;2026-08-07;1.0417;-0.0545;-0.4148;v20|LAST5|HOME_STRONG|1.10|P5
v20;LAST5;HOME_STRONG;1.1;6;23;81;15;96;84.375;14;4;18;77.7778;47;10;57;82.4561;34;5;39;87.1795;59;9;68;86.7647;2026-08-07;1.0417;-0.0545;-0.4148;v20|LAST5|HOME_STRONG|1.10|P6
v20;SEASON;HOME_STRONG;1.3;5;33;80;15;95;84.2105;15;4;19;78.9474;46;10;56;82.1429;34;5;39;87.1795;55;8;63;87.3016;2026-08-07;0.8772;-0.0545;0.1221;v20|SEASON|HOME_STRONG|1.30|P5
v20;SEASON;HOME_STRONG;1.4;3;42;80;15;95;84.2105;15;4;19;78.9474;46;10;56;82.1429;34;5;39;87.1795;55;8;63;87.3016;2026-08-07;0.8772;-0.0545;0.1221;v20|SEASON|HOME_STRONG|1.40|P3
v20;LAST5;AT_LEAST_ONE_STRONG;0.8;9;17;83;16;99;83.8384;12;3;15;80.0;49;11;60;81.6667;34;5;39;87.1795;58;8;66;87.8788;2026-08-07;0.5051;-0.0545;0.6993;v20|LAST5|AT_LEAST_ONE_STRONG|0.80|P9
v20;LAST5;AT_LEAST_ONE_STRONG;0.8;10;17;83;16;99;83.8384;12;3;15;80.0;49;11;60;81.6667;34;5;39;87.1795;58;8;66;87.8788;2026-08-07;0.5051;-0.0545;0.6993;v20|LAST5|AT_LEAST_ONE_STRONG|0.80|P10
v20;LAST5;HOME_STRONG;0.8;9;16;83;17;100;83.0;12;2;14;85.7143;49;12;61;80.3279;34;5;39;87.1795;58;9;67;86.5672;2026-08-07;-0.3333;-0.0545;-0.6123;v20|LAST5|HOME_STRONG|0.80|P9
v20;LAST5;HOME_STRONG;0.8;10;16;83;17;100;83.0;12;2;14;85.7143;49;12;61;80.3279;34;5;39;87.1795;58;9;67;86.5672;2026-08-07;-0.3333;-0.0545;-0.6123;v20|LAST5|HOME_STRONG|0.80|P10
v20;SEASON;AT_LEAST_ONE_STRONG;1.6;5;59;64;12;76;84.2105;31;7;38;81.5789;37;8;45;82.2222;27;4;31;87.0968;48;6;54;88.8889;2026-08-07;0.8772;-0.1372;1.7094;v20|SEASON|AT_LEAST_ONE_STRONG|1.60|P5
v20;SEASON;AT_LEAST_ONE_STRONG;1.5;6;49;69;13;82;84.1463;26;6;32;81.25;42;9;51;82.3529;27;4;31;87.0968;50;6;56;89.2857;2026-08-07;0.813;-0.1372;2.1062;v20|SEASON|AT_LEAST_ONE_STRONG|1.50|P6
v20;SEASON;HOME_STRONG;1.5;6;48;69;14;83;83.1325;26;5;31;83.871;42;10;52;80.7692;27;4;31;87.0968;50;7;57;87.7193;2026-08-07;-0.2008;-0.1372;0.5398;v20|SEASON|HOME_STRONG|1.50|P6
v20;SEASON;HOME_STRONG;1.6;5;58;64;13;77;83.1169;31;6;37;83.7838;37;9;46;80.4348;27;4;31;87.0968;48;7;55;87.2727;2026-08-07;-0.2164;-0.1372;0.0932;v20|SEASON|HOME_STRONG|1.60|P5
v20;SEASON;AT_LEAST_ONE_STRONG;1.6;8;59;54;9;63;85.7143;41;10;51;80.3922;34;6;40;85.0;20;3;23;86.9565;40;5;45;88.8889;2026-08-07;2.381;-0.2775;1.7094;v20|SEASON|AT_LEAST_ONE_STRONG|1.60|P8
v20;SEASON;HOME_STRONG;1.6;8;58;54;10;64;84.375;41;9;50;82.0;34;7;41;82.9268;20;3;23;86.9565;40;6;46;86.9565;2026-08-07;1.0417;-0.2775;-0.223;v20|SEASON|HOME_STRONG|1.60|P8
v20;LAST5;AT_LEAST_ONE_STRONG;1.6;6;69;54;11;65;83.0769;41;8;49;83.6735;34;8;42;80.9524;20;3;23;86.9565;35;5;40;87.5;2026-08-07;-0.2564;-0.2775;0.3205;v20|LAST5|AT_LEAST_ONE_STRONG|1.60|P6
v20;LAST5;HOME_STRONG;1.6;7;63;51;12;63;80.9524;44;7;51;86.2745;31;9;40;77.5;20;3;23;86.9565;36;7;43;83.7209;2026-08-07;-2.3809;-0.2775;-3.4586;v20|LAST5|HOME_STRONG|1.60|P7
v20;SEASON;AT_LEAST_ONE_STRONG;0.8;9;5;92;17;109;84.4037;3;2;5;60.0;52;11;63;82.5397;40;6;46;86.9565;65;9;74;87.8378;2026-08-07;1.0704;-0.2775;0.6583;v20|SEASON|AT_LEAST_ONE_STRONG|0.80|P9
v20;SEASON;AT_LEAST_ONE_STRONG;0.8;10;5;92;17;109;84.4037;3;2;5;60.0;52;11;63;82.5397;40;6;46;86.9565;65;9;74;87.8378;2026-08-07;1.0704;-0.2775;0.6583;v20|SEASON|AT_LEAST_ONE_STRONG|0.80|P10
v20;SEASON;AT_LEAST_ONE_STRONG;0.8;11;5;92;17;109;84.4037;3;2;5;60.0;52;11;63;82.5397;40;6;46;86.9565;65;9;74;87.8378;2026-08-07;1.0704;-0.2775;0.6583;v20|SEASON|AT_LEAST_ONE_STRONG|0.80|P11
v20;SEASON;AT_LEAST_ONE_STRONG;0.8;12;5;92;17;109;84.4037;3;2;5;60.0;52;11;63;82.5397;40;6;46;86.9565;65;9;74;87.8378;2026-08-07;1.0704;-0.2775;0.6583;v20|SEASON|AT_LEAST_ONE_STRONG|0.80|P12
v20;SEASON;AT_LEAST_ONE_STRONG;0.8;13;5;92;17;109;84.4037;3;2;5;60.0;52;11;63;82.5397;40;6;46;86.9565;65;9;74;87.8378;2026-08-07;1.0704;-0.2775;0.6583;v20|SEASON|AT_LEAST_ONE_STRONG|0.80|P13
v20;SEASON;AT_LEAST_ONE_STRONG;0.8;14;5;92;17;109;84.4037;3;2;5;60.0;52;11;63;82.5397;40;6;46;86.9565;65;9;74;87.8378;2026-08-07;1.0704;-0.2775;0.6583;v20|SEASON|AT_LEAST_ONE_STRONG|0.80|P14
v20;SEASON;AT_LEAST_ONE_STRONG;0.8;15;5;92;17;109;84.4037;3;2;5;60.0;52;11;63;82.5397;40;6;46;86.9565;65;9;74;87.8378;2026-08-07;1.0704;-0.2775;0.6583;v20|SEASON|AT_LEAST_ONE_STRONG|0.80|P15
v20;LAST5;BOTH_STRONG;1.4;2;2;94;18;112;83.9286;1;1;2;50.0;54;12;66;81.8182;40;6;46;86.9565;68;10;78;87.1795;2026-08-07;0.5953;-0.2775;0.0;v20|LAST5|BOTH_STRONG|1.40|P2
v20;LAST5;BOTH_STRONG;1.4;3;2;94;18;112;83.9286;1;1;2;50.0;54;12;66;81.8182;40;6;46;86.9565;68;10;78;87.1795;2026-08-07;0.5953;-0.2775;0.0;v20|LAST5|BOTH_STRONG|1.40|P3
v20;LAST5;BOTH_STRONG;1.4;4;2;94;18;112;83.9286;1;1;2;50.0;54;12;66;81.8182;40;6;46;86.9565;68;10;78;87.1795;2026-08-07;0.5953;-0.2775;0.0;v20|LAST5|BOTH_STRONG|1.40|P4
v20;LAST5;BOTH_STRONG;1.4;5;2;94;18;112;83.9286;1;1;2;50.0;54;12;66;81.8182;40;6;46;86.9565;68;10;78;87.1795;2026-08-07;0.5953;-0.2775;0.0;v20|LAST5|BOTH_STRONG|1.40|P5
v20;LAST5;BOTH_STRONG;1.4;6;2;94;18;112;83.9286;1;1;2;50.0;54;12;66;81.8182;40;6;46;86.9565;68;10;78;87.1795;2026-08-07;0.5953;-0.2775;0.0;v20|LAST5|BOTH_STRONG|1.40|P6
v20;LAST5;BOTH_STRONG;1.4;7;2;94;18;112;83.9286;1;1;2;50.0;54;12;66;81.8182;40;6;46;86.9565;68;10;78;87.1795;2026-08-07;0.5953;-0.2775;0.0;v20|LAST5|BOTH_STRONG|1.40|P7
v20;LAST5;BOTH_STRONG;1.4;8;2;94;18;112;83.9286;1;1;2;50.0;54;12;66;81.8182;40;6;46;86.9565;68;10;78;87.1795;2026-08-07;0.5953;-0.2775;0.0;v20|LAST5|BOTH_STRONG|1.40|P8
v20;LAST5;BOTH_STRONG;1.4;9;2;94;18;112;83.9286;1;1;2;50.0;54;12;66;81.8182;40;6;46;86.9565;68;10;78;87.1795;2026-08-07;0.5953;-0.2775;0.0;v20|LAST5|BOTH_STRONG|1.40|P9
v20;LAST5;BOTH_STRONG;1.4;10;2;94;18;112;83.9286;1;1;2;50.0;54;12;66;81.8182;40;6;46;86.9565;68;10;78;87.1795;2026-08-07;0.5953;-0.2775;0.0;v20|LAST5|BOTH_STRONG|1.40|P10
v20;LAST5;BOTH_STRONG;1.4;11;2;94;18;112;83.9286;1;1;2;50.0;54;12;66;81.8182;40;6;46;86.9565;68;10;78;87.1795;2026-08-07;0.5953;-0.2775;0.0;v20|LAST5|BOTH_STRONG|1.40|P11
v20;LAST5;BOTH_STRONG;1.4;12;2;94;18;112;83.9286;1;1;2;50.0;54;12;66;81.8182;40;6;46;86.9565;68;10;78;87.1795;2026-08-07;0.5953;-0.2775;0.0;v20|LAST5|BOTH_STRONG|1.40|P12
v20;LAST5;BOTH_STRONG;1.4;13;2;94;18;112;83.9286;1;1;2;50.0;54;12;66;81.8182;40;6;46;86.9565;68;10;78;87.1795;2026-08-07;0.5953;-0.2775;0.0;v20|LAST5|BOTH_STRONG|1.40|P13
v20;LAST5;BOTH_STRONG;1.4;14;2;94;18;112;83.9286;1;1;2;50.0;54;12;66;81.8182;40;6;46;86.9565;68;10;78;87.1795;2026-08-07;0.5953;-0.2775;0.0;v20|LAST5|BOTH_STRONG|1.40|P14
v20;LAST5;BOTH_STRONG;1.4;15;2;94;18;112;83.9286;1;1;2;50.0;54;12;66;81.8182;40;6;46;86.9565;68;10;78;87.1795;2026-08-07;0.5953;-0.2775;0.0;v20|LAST5|BOTH_STRONG|1.40|P15
v20;LAST5;BOTH_STRONG;1.5;2;2;94;18;112;83.9286;1;1;2;50.0;54;12;66;81.8182;40;6;46;86.9565;68;10;78;87.1795;2026-08-07;0.5953;-0.2775;0.0;v20|LAST5|BOTH_STRONG|1.50|P2
v20;LAST5;BOTH_STRONG;1.5;3;2;94;18;112;83.9286;1;1;2;50.0;54;12;66;81.8182;40;6;46;86.9565;68;10;78;87.1795;2026-08-07;0.5953;-0.2775;0.0;v20|LAST5|BOTH_STRONG|1.50|P3
v20;LAST5;BOTH_STRONG;1.5;4;2;94;18;112;83.9286;1;1;2;50.0;54;12;66;81.8182;40;6;46;86.9565;68;10;78;87.1795;2026-08-07;0.5953;-0.2775;0.0;v20|LAST5|BOTH_STRONG|1.50|P4
v20;LAST5;BOTH_STRONG;1.5;5;2;94;18;112;83.9286;1;1;2;50.0;54;12;66;81.8182;40;6;46;86.9565;68;10;78;87.1795;2026-08-07;0.5953;-0.2775;0.0;v20|LAST5|BOTH_STRONG|1.50|P5
v20;LAST5;BOTH_STRONG;1.5;6;2;94;18;112;83.9286;1;1;2;50.0;54;12;66;81.8182;40;6;46;86.9565;68;10;78;87.1795;2026-08-07;0.5953;-0.2775;0.0;v20|LAST5|BOTH_STRONG|1.50|P6
v20;LAST5;BOTH_STRONG;1.5;7;2;94;18;112;83.9286;1;1;2;50.0;54;12;66;81.8182;40;6;46;86.9565;68;10;78;87.1795;2026-08-07;0.5953;-0.2775;0.0;v20|LAST5|BOTH_STRONG|1.50|P7
v20;LAST5;BOTH_STRONG;1.5;8;2;94;18;112;83.9286;1;1;2;50.0;54;12;66;81.8182;40;6;46;86.9565;68;10;78;87.1795;2026-08-07;0.5953;-0.2775;0.0;v20|LAST5|BOTH_STRONG|1.50|P8
v20;LAST5;BOTH_STRONG;1.5;9;2;94;18;112;83.9286;1;1;2;50.0;54;12;66;81.8182;40;6;46;86.9565;68;10;78;87.1795;2026-08-07;0.5953;-0.2775;0.0;v20|LAST5|BOTH_STRONG|1.50|P9
v20;LAST5;BOTH_STRONG;1.5;10;2;94;18;112;83.9286;1;1;2;50.0;54;12;66;81.8182;40;6;46;86.9565;68;10;78;87.1795;2026-08-07;0.5953;-0.2775;0.0;v20|LAST5|BOTH_STRONG|1.50|P10
v20;LAST5;BOTH_STRONG;1.5;11;2;94;18;112;83.9286;1;1;2;50.0;54;12;66;81.8182;40;6;46;86.9565;68;10;78;87.1795;2026-08-07;0.5953;-0.2775;0.0;v20|LAST5|BOTH_STRONG|1.50|P11
v20;LAST5;BOTH_STRONG;1.5;12;2;94;18;112;83.9286;1;1;2;50.0;54;12;66;81.8182;40;6;46;86.9565;68;10;78;87.1795;2026-08-07;0.5953;-0.2775;0.0;v20|LAST5|BOTH_STRONG|1.50|P12
v20;LAST5;BOTH_STRONG;1.5;13;2;94;18;112;83.9286;1;1;2;50.0;54;12;66;81.8182;40;6;46;86.9565;68;10;78;87.1795;2026-08-07;0.5953;-0.2775;0.0;v20|LAST5|BOTH_STRONG|1.50|P13
v20;LAST5;BOTH_STRONG;1.5;14;2;94;18;112;83.9286;1;1;2;50.0;54;12;66;81.8182;40;6;46;86.9565;68;10;78;87.1795;2026-08-07;0.5953;-0.2775;0.0;v20|LAST5|BOTH_STRONG|1.50|P14
v20;LAST5;BOTH_STRONG;1.5;15;2;94;18;112;83.9286;1;1;2;50.0;54;12;66;81.8182;40;6;46;86.9565;68;10;78;87.1795;2026-08-07;0.5953;-0.2775;0.0;v20|LAST5|BOTH_STRONG|1.50|P15
v20;LAST5;AWAY_STRONG;1.4;2;7;93;18;111;83.7838;2;1;3;66.6667;53;12;65;81.5385;40;6;46;86.9565;67;10;77;87.013;2026-08-07;0.4505;-0.2775;-0.1665;v20|LAST5|AWAY_STRONG|1.40|P2
v20;LAST5;AWAY_STRONG;1.5;2;7;93;18;111;83.7838;2;1;3;66.6667;53;12;65;81.5385;40;6;46;86.9565;67;10;77;87.013;2026-08-07;0.4505;-0.2775;-0.1665;v20|LAST5|AWAY_STRONG|1.50|P2
v20;LAST5;AWAY_STRONG;1.6;2;13;93;18;111;83.7838;2;1;3;66.6667;53;12;65;81.5385;40;6;46;86.9565;67;10;77;87.013;2026-08-07;0.4505;-0.2775;-0.1665;v20|LAST5|AWAY_STRONG|1.60|P2
v20;LAST5;BOTH_STRONG;1.6;2;7;93;18;111;83.7838;2;1;3;66.6667;53;12;65;81.5385;40;6;46;86.9565;67;10;77;87.013;2026-08-07;0.4505;-0.2775;-0.1665;v20|LAST5|BOTH_STRONG|1.60|P2
v20;SEASON;HOME_STRONG;0.8;9;4;92;18;110;83.6364;3;1;4;75.0;52;12;64;81.25;40;6;46;86.9565;65;10;75;86.6667;2026-08-07;0.3031;-0.2775;-0.5128;v20|SEASON|HOME_STRONG|0.80|P9
v20;SEASON;HOME_STRONG;0.8;10;4;92;18;110;83.6364;3;1;4;75.0;52;12;64;81.25;40;6;46;86.9565;65;10;75;86.6667;2026-08-07;0.3031;-0.2775;-0.5128;v20|SEASON|HOME_STRONG|0.80|P10
v20;SEASON;HOME_STRONG;0.8;11;4;92;18;110;83.6364;3;1;4;75.0;52;12;64;81.25;40;6;46;86.9565;65;10;75;86.6667;2026-08-07;0.3031;-0.2775;-0.5128;v20|SEASON|HOME_STRONG|0.80|P11
v20;SEASON;HOME_STRONG;0.8;12;4;92;18;110;83.6364;3;1;4;75.0;52;12;64;81.25;40;6;46;86.9565;65;10;75;86.6667;2026-08-07;0.3031;-0.2775;-0.5128;v20|SEASON|HOME_STRONG|0.80|P12
v20;SEASON;HOME_STRONG;0.8;13;4;92;18;110;83.6364;3;1;4;75.0;52;12;64;81.25;40;6;46;86.9565;65;10;75;86.6667;2026-08-07;0.3031;-0.2775;-0.5128;v20|SEASON|HOME_STRONG|0.80|P13
v20;SEASON;HOME_STRONG;0.8;14;4;92;18;110;83.6364;3;1;4;75.0;52;12;64;81.25;40;6;46;86.9565;65;10;75;86.6667;2026-08-07;0.3031;-0.2775;-0.5128;v20|SEASON|HOME_STRONG|0.80|P14
v20;SEASON;HOME_STRONG;0.8;15;4;92;18;110;83.6364;3;1;4;75.0;52;12;64;81.25;40;6;46;86.9565;65;10;75;86.6667;2026-08-07;0.3031;-0.2775;-0.5128;v20|SEASON|HOME_STRONG|0.80|P15
v20;SEASON;HOME_STRONG;1.3;1;33;92;18;110;83.6364;3;1;4;75.0;52;12;64;81.25;40;6;46;86.9565;66;10;76;86.8421;2026-08-07;0.3031;-0.2775;-0.3374;v20|SEASON|HOME_STRONG|1.30|P1
v20;SEASON;AT_LEAST_ONE_STRONG;0.8;4;5;92;18;110;83.6364;3;1;4;75.0;52;12;64;81.25;40;6;46;86.9565;65;9;74;87.8378;2026-08-07;0.3031;-0.2775;0.6583;v20|SEASON|AT_LEAST_ONE_STRONG|0.80|P4
v20;SEASON;AT_LEAST_ONE_STRONG;0.8;5;5;92;18;110;83.6364;3;1;4;75.0;52;12;64;81.25;40;6;46;86.9565;65;9;74;87.8378;2026-08-07;0.3031;-0.2775;0.6583;v20|SEASON|AT_LEAST_ONE_STRONG|0.80|P5
v20;SEASON;AT_LEAST_ONE_STRONG;0.8;6;5;92;18;110;83.6364;3;1;4;75.0;52;12;64;81.25;40;6;46;86.9565;65;9;74;87.8378;2026-08-07;0.3031;-0.2775;0.6583;v20|SEASON|AT_LEAST_ONE_STRONG|0.80|P6
v20;SEASON;AT_LEAST_ONE_STRONG;0.8;7;5;92;18;110;83.6364;3;1;4;75.0;52;12;64;81.25;40;6;46;86.9565;65;9;74;87.8378;2026-08-07;0.3031;-0.2775;0.6583;v20|SEASON|AT_LEAST_ONE_STRONG|0.80|P7
v20;SEASON;AT_LEAST_ONE_STRONG;0.8;8;5;92;18;110;83.6364;3;1;4;75.0;52;12;64;81.25;40;6;46;86.9565;65;9;74;87.8378;2026-08-07;0.3031;-0.2775;0.6583;v20|SEASON|AT_LEAST_ONE_STRONG|0.80|P8
v20;SEASON;AT_LEAST_ONE_STRONG;1.3;1;34;92;18;110;83.6364;3;1;4;75.0;52;12;64;81.25;40;6;46;86.9565;66;10;76;86.8421;2026-08-07;0.3031;-0.2775;-0.3374;v20|SEASON|AT_LEAST_ONE_STRONG|1.30|P1
v20;LAST5;BOTH_STRONG;1.6;3;7;92;18;110;83.6364;3;1;4;75.0;52;12;64;81.25;40;6;46;86.9565;66;10;76;86.8421;2026-08-07;0.3031;-0.2775;-0.3374;v20|LAST5|BOTH_STRONG|1.60|P3
v20;SEASON;AT_LEAST_ONE_STRONG;1.0;3;16;89;18;107;83.1776;6;1;7;85.7143;49;12;61;80.3279;40;6;46;86.9565;62;9;71;87.3239;2026-08-07;-0.1557;-0.2775;0.1444;v20|SEASON|AT_LEAST_ONE_STRONG|1.00|P3
v20;SEASON;HOME_STRONG;0.8;4;4;92;19;111;82.8829;3;0;3;100.0;52;13;65;80.0;40;6;46;86.9565;65;10;75;86.6667;2026-08-07;-0.4504;-0.2775;-0.5128;v20|SEASON|HOME_STRONG|0.80|P4
v20;SEASON;HOME_STRONG;0.8;5;4;92;19;111;82.8829;3;0;3;100.0;52;13;65;80.0;40;6;46;86.9565;65;10;75;86.6667;2026-08-07;-0.4504;-0.2775;-0.5128;v20|SEASON|HOME_STRONG|0.80|P5
v20;SEASON;HOME_STRONG;0.8;6;4;92;19;111;82.8829;3;0;3;100.0;52;13;65;80.0;40;6;46;86.9565;65;10;75;86.6667;2026-08-07;-0.4504;-0.2775;-0.5128;v20|SEASON|HOME_STRONG|0.80|P6
v20;SEASON;HOME_STRONG;0.8;7;4;92;19;111;82.8829;3;0;3;100.0;52;13;65;80.0;40;6;46;86.9565;65;10;75;86.6667;2026-08-07;-0.4504;-0.2775;-0.5128;v20|SEASON|HOME_STRONG|0.80|P7
v20;SEASON;HOME_STRONG;0.8;8;4;92;19;111;82.8829;3;0;3;100.0;52;13;65;80.0;40;6;46;86.9565;65;10;75;86.6667;2026-08-07;-0.4504;-0.2775;-0.5128;v20|SEASON|HOME_STRONG|0.80|P8
v20;SEASON;HOME_STRONG;1.1;2;20;90;19;109;82.5688;5;0;5;100.0;50;13;63;79.3651;40;6;46;86.9565;63;10;73;86.3014;2026-08-07;-0.7645;-0.2775;-0.8781;v20|SEASON|HOME_STRONG|1.10|P2
v20;SEASON;HOME_STRONG;1.2;2;25;90;19;109;82.5688;5;0;5;100.0;50;13;63;79.3651;40;6;46;86.9565;63;10;73;86.3014;2026-08-07;-0.7645;-0.2775;-0.8781;v20|SEASON|HOME_STRONG|1.20|P2
v20;SEASON;AT_LEAST_ONE_STRONG;1.1;2;21;90;19;109;82.5688;5;0;5;100.0;50;13;63;79.3651;40;6;46;86.9565;63;10;73;86.3014;2026-08-07;-0.7645;-0.2775;-0.8781;v20|SEASON|AT_LEAST_ONE_STRONG|1.10|P2
v20;SEASON;AT_LEAST_ONE_STRONG;1.2;2;26;90;19;109;82.5688;5;0;5;100.0;50;13;63;79.3651;40;6;46;86.9565;63;10;73;86.3014;2026-08-07;-0.7645;-0.2775;-0.8781;v20|SEASON|AT_LEAST_ONE_STRONG|1.20|P2
v20;SEASON;HOME_STRONG;1.0;3;15;89;19;108;82.4074;6;0;6;100.0;49;13;62;79.0323;40;6;46;86.9565;62;10;72;86.1111;2026-08-07;-0.9259;-0.2775;-1.0684;v20|SEASON|HOME_STRONG|1.00|P3
v20;LAST5;AT_LEAST_ONE_STRONG;1.4;3;52;75;13;88;85.2273;20;6;26;76.9231;42;8;50;84.0;33;5;38;86.8421;52;7;59;88.1356;2026-08-07;1.894;-0.3919;0.9561;v20|LAST5|AT_LEAST_ONE_STRONG|1.40|P3
v20;LAST5;AT_LEAST_ONE_STRONG;1.5;3;52;75;13;88;85.2273;20;6;26;76.9231;42;8;50;84.0;33;5;38;86.8421;52;7;59;88.1356;2026-08-07;1.894;-0.3919;0.9561;v20|LAST5|AT_LEAST_ONE_STRONG|1.50|P3
v20;LAST5;AT_LEAST_ONE_STRONG;1.6;9;69;40;8;48;83.3333;55;11;66;83.3333;27;6;33;81.8182;13;2;15;86.6667;27;4;31;87.0968;2026-08-07;0.0;-0.5673;-0.0827;v20|LAST5|AT_LEAST_ONE_STRONG|1.60|P9
v20;LAST5;AT_LEAST_ONE_STRONG;1.6;10;69;40;8;48;83.3333;55;11;66;83.3333;27;6;33;81.8182;13;2;15;86.6667;27;4;31;87.0968;2026-08-07;0.0;-0.5673;-0.0827;v20|LAST5|AT_LEAST_ONE_STRONG|1.60|P10
v20;SEASON;AT_LEAST_ONE_STRONG;1.3;9;34;71;12;83;85.5422;24;7;31;77.4194;45;8;53;84.9057;26;4;30;86.6667;48;7;55;87.2727;2026-08-07;2.2089;-0.5673;0.0932;v20|SEASON|AT_LEAST_ONE_STRONG|1.30|P9
v20;SEASON;AT_LEAST_ONE_STRONG;1.3;10;34;71;12;83;85.5422;24;7;31;77.4194;45;8;53;84.9057;26;4;30;86.6667;48;7;55;87.2727;2026-08-07;2.2089;-0.5673;0.0932;v20|SEASON|AT_LEAST_ONE_STRONG|1.30|P10
v20;SEASON;AT_LEAST_ONE_STRONG;1.4;7;43;69;12;81;85.1852;26;7;33;78.7879;43;8;51;84.3137;26;4;30;86.6667;49;7;56;87.5;2026-08-07;1.8519;-0.5673;0.3205;v20|SEASON|AT_LEAST_ONE_STRONG|1.40|P7
v20;SEASON;HOME_STRONG;1.3;9;33;71;13;84;84.5238;24;6;30;80.0;45;9;54;83.3333;26;4;30;86.6667;48;8;56;85.7143;2026-08-07;1.1905;-0.5673;-1.4652;v20|SEASON|HOME_STRONG|1.30|P9
v20;SEASON;HOME_STRONG;1.3;10;33;71;13;84;84.5238;24;6;30;80.0;45;9;54;83.3333;26;4;30;86.6667;48;8;56;85.7143;2026-08-07;1.1905;-0.5673;-1.4652;v20|SEASON|HOME_STRONG|1.30|P10
v20;SEASON;HOME_STRONG;1.4;7;42;69;13;82;84.1463;26;6;32;81.25;43;9;52;82.6923;26;4;30;86.6667;49;8;57;85.9649;2026-08-07;0.813;-0.5673;-1.2146;v20|SEASON|HOME_STRONG|1.40|P7
v20;LAST5;HOME_STRONG;1.4;7;47;63;13;76;82.8947;32;6;38;84.2105;37;9;46;80.4348;26;4;30;86.6667;47;8;55;85.4545;2026-08-07;-0.4386;-0.5673;-1.725;v20|LAST5|HOME_STRONG|1.40|P7
v20;LAST5;HOME_STRONG;1.5;7;47;63;13;76;82.8947;32;6;38;84.2105;37;9;46;80.4348;26;4;30;86.6667;47;8;55;85.4545;2026-08-07;-0.4386;-0.5673;-1.725;v20|LAST5|HOME_STRONG|1.50|P7
v20;LAST5;HOME_STRONG;1.4;8;47;62;13;75;82.6667;33;6;39;84.6154;36;9;45;80.0;26;4;30;86.6667;46;8;54;85.1852;2026-08-07;-0.6666;-0.5673;-1.9943;v20|LAST5|HOME_STRONG|1.40|P8
v20;LAST5;HOME_STRONG;1.5;8;47;62;13;75;82.6667;33;6;39;84.6154;36;9;45;80.0;26;4;30;86.6667;46;8;54;85.1852;2026-08-07;-0.6666;-0.5673;-1.9943;v20|LAST5|HOME_STRONG|1.50|P8
v20;LAST5;HOME_STRONG;1.0;1;23;91;17;108;84.2593;4;2;6;66.6667;52;11;63;82.5397;39;6;45;86.6667;65;10;75;86.6667;2026-08-07;0.926;-0.5673;-0.5128;v20|LAST5|HOME_STRONG|1.00|P1
v20;LAST5;HOME_STRONG;1.1;1;23;91;17;108;84.2593;4;2;6;66.6667;52;11;63;82.5397;39;6;45;86.6667;65;10;75;86.6667;2026-08-07;0.926;-0.5673;-0.5128;v20|LAST5|HOME_STRONG|1.10|P1
v20;LAST5;HOME_STRONG;1.2;1;39;91;17;108;84.2593;4;2;6;66.6667;52;11;63;82.5397;39;6;45;86.6667;65;10;75;86.6667;2026-08-07;0.926;-0.5673;-0.5128;v20|LAST5|HOME_STRONG|1.20|P1
v20;LAST5;HOME_STRONG;1.3;1;39;91;17;108;84.2593;4;2;6;66.6667;52;11;63;82.5397;39;6;45;86.6667;65;10;75;86.6667;2026-08-07;0.926;-0.5673;-0.5128;v20|LAST5|HOME_STRONG|1.30|P1
v20;LAST5;AT_LEAST_ONE_STRONG;1.0;1;25;90;17;107;84.1121;5;2;7;71.4286;51;11;62;82.2581;39;6;45;86.6667;64;10;74;86.4865;2026-08-07;0.7788;-0.5673;-0.693;v20|LAST5|AT_LEAST_ONE_STRONG|1.00|P1
v20;LAST5;AT_LEAST_ONE_STRONG;1.1;1;25;90;17;107;84.1121;5;2;7;71.4286;51;11;62;82.2581;39;6;45;86.6667;64;10;74;86.4865;2026-08-07;0.7788;-0.5673;-0.693;v20|LAST5|AT_LEAST_ONE_STRONG|1.10|P1
v20;LAST5;AT_LEAST_ONE_STRONG;1.2;1;42;90;17;107;84.1121;5;2;7;71.4286;51;11;62;82.2581;39;6;45;86.6667;64;10;74;86.4865;2026-08-07;0.7788;-0.5673;-0.693;v20|LAST5|AT_LEAST_ONE_STRONG|1.20|P1
v20;LAST5;AT_LEAST_ONE_STRONG;1.3;1;42;90;17;107;84.1121;5;2;7;71.4286;51;11;62;82.2581;39;6;45;86.6667;64;10;74;86.4865;2026-08-07;0.7788;-0.5673;-0.693;v20|LAST5|AT_LEAST_ONE_STRONG|1.30|P1
v20;SEASON;HOME_STRONG;1.4;1;42;91;18;109;83.4862;4;1;5;80.0;52;12;64;81.25;39;6;45;86.6667;65;10;75;86.6667;2026-08-07;0.1529;-0.5673;-0.5128;v20|SEASON|HOME_STRONG|1.40|P1
v20;SEASON;AT_LEAST_ONE_STRONG;1.4;1;43;91;18;109;83.4862;4;1;5;80.0;52;12;64;81.25;39;6;45;86.6667;65;10;75;86.6667;2026-08-07;0.1529;-0.5673;-0.5128;v20|SEASON|AT_LEAST_ONE_STRONG|1.40|P1
v20;LAST5;HOME_STRONG;0.8;1;16;91;18;109;83.4862;4;1;5;80.0;52;12;64;81.25;39;6;45;86.6667;65;10;75;86.6667;2026-08-07;0.1529;-0.5673;-0.5128;v20|LAST5|HOME_STRONG|0.80|P1
v20;LAST5;AT_LEAST_ONE_STRONG;0.8;1;17;91;18;109;83.4862;4;1;5;80.0;52;12;64;81.25;39;6;45;86.6667;65;10;75;86.6667;2026-08-07;0.1529;-0.5673;-0.5128;v20|LAST5|AT_LEAST_ONE_STRONG|0.80|P1
v20;LAST5;BOTH_STRONG;1.6;4;7;90;18;108;83.3333;5;1;6;83.3333;51;12;63;80.9524;39;6;45;86.6667;65;10;75;86.6667;2026-08-07;0.0;-0.5673;-0.5128;v20|LAST5|BOTH_STRONG|1.60|P4
v20;LAST5;BOTH_STRONG;1.6;5;7;90;18;108;83.3333;5;1;6;83.3333;51;12;63;80.9524;39;6;45;86.6667;65;10;75;86.6667;2026-08-07;0.0;-0.5673;-0.5128;v20|LAST5|BOTH_STRONG|1.60|P5
v20;LAST5;BOTH_STRONG;1.6;6;7;90;18;108;83.3333;5;1;6;83.3333;51;12;63;80.9524;39;6;45;86.6667;65;10;75;86.6667;2026-08-07;0.0;-0.5673;-0.5128;v20|LAST5|BOTH_STRONG|1.60|P6
v20;SEASON;AT_LEAST_ONE_STRONG;1.1;3;21;86;18;104;82.6923;9;1;10;90.0;47;12;59;79.661;39;6;45;86.6667;59;9;68;86.7647;2026-08-07;-0.641;-0.5673;-0.4148;v20|SEASON|AT_LEAST_ONE_STRONG|1.10|P3
v20;SEASON;AT_LEAST_ONE_STRONG;1.2;3;26;86;18;104;82.6923;9;1;10;90.0;47;12;59;79.661;39;6;45;86.6667;59;9;68;86.7647;2026-08-07;-0.641;-0.5673;-0.4148;v20|SEASON|AT_LEAST_ONE_STRONG|1.20|P3
v20;SEASON;HOME_STRONG;1.1;3;20;86;19;105;81.9048;9;0;9;100.0;47;13;60;78.3333;39;6;45;86.6667;59;10;69;85.5072;2026-08-07;-1.4285;-0.5673;-1.6723;v20|SEASON|HOME_STRONG|1.10|P3
v20;SEASON;HOME_STRONG;1.2;3;25;86;19;105;81.9048;9;0;9;100.0;47;13;60;78.3333;39;6;45;86.6667;59;10;69;85.5072;2026-08-07;-1.4285;-0.5673;-1.6723;v20|SEASON|HOME_STRONG|1.20|P3
v20;LAST5;AT_LEAST_ONE_STRONG;1.2;5;42;73;13;86;84.8837;22;6;28;78.5714;41;8;49;83.6735;32;5;37;86.4865;53;7;60;88.3333;2026-08-07;1.5504;-0.7475;1.1538;v20|LAST5|AT_LEAST_ONE_STRONG|1.20|P5
v20;LAST5;AT_LEAST_ONE_STRONG;1.2;6;42;73;13;86;84.8837;22;6;28;78.5714;41;8;49;83.6735;32;5;37;86.4865;53;7;60;88.3333;2026-08-07;1.5504;-0.7475;1.1538;v20|LAST5|AT_LEAST_ONE_STRONG|1.20|P6
v20;LAST5;AT_LEAST_ONE_STRONG;1.3;5;42;73;13;86;84.8837;22;6;28;78.5714;41;8;49;83.6735;32;5;37;86.4865;53;7;60;88.3333;2026-08-07;1.5504;-0.7475;1.1538;v20|LAST5|AT_LEAST_ONE_STRONG|1.30|P5
v20;LAST5;AT_LEAST_ONE_STRONG;1.3;6;42;73;13;86;84.8837;22;6;28;78.5714;41;8;49;83.6735;32;5;37;86.4865;53;7;60;88.3333;2026-08-07;1.5504;-0.7475;1.1538;v20|LAST5|AT_LEAST_ONE_STRONG|1.30|P6
v20;SEASON;AT_LEAST_ONE_STRONG;1.3;6;34;78;14;92;84.7826;17;5;22;77.2727;46;9;55;83.6364;32;5;37;86.4865;53;7;60;88.3333;2026-08-07;1.4493;-0.7475;1.1538;v20|SEASON|AT_LEAST_ONE_STRONG|1.30|P6
v20;LAST5;AT_LEAST_ONE_STRONG;1.0;7;25;78;14;92;84.7826;17;5;22;77.2727;46;9;55;83.6364;32;5;37;86.4865;57;8;65;87.6923;2026-08-07;1.4493;-0.7475;0.5128;v20|LAST5|AT_LEAST_ONE_STRONG|1.00|P7
v20;LAST5;AT_LEAST_ONE_STRONG;1.0;8;25;78;14;92;84.7826;17;5;22;77.2727;46;9;55;83.6364;32;5;37;86.4865;57;8;65;87.6923;2026-08-07;1.4493;-0.7475;0.5128;v20|LAST5|AT_LEAST_ONE_STRONG|1.00|P8
v20;LAST5;AT_LEAST_ONE_STRONG;1.1;7;25;78;14;92;84.7826;17;5;22;77.2727;46;9;55;83.6364;32;5;37;86.4865;57;8;65;87.6923;2026-08-07;1.4493;-0.7475;0.5128;v20|LAST5|AT_LEAST_ONE_STRONG|1.10|P7
v20;LAST5;AT_LEAST_ONE_STRONG;1.1;8;25;78;14;92;84.7826;17;5;22;77.2727;46;9;55;83.6364;32;5;37;86.4865;57;8;65;87.6923;2026-08-07;1.4493;-0.7475;0.5128;v20|LAST5|AT_LEAST_ONE_STRONG|1.10|P8
v20;SEASON;AT_LEAST_ONE_STRONG;1.4;4;43;77;14;91;84.6154;18;5;23;78.2609;45;9;54;83.3333;32;5;37;86.4865;54;7;61;88.5246;2026-08-07;1.2821;-0.7475;1.3451;v20|SEASON|AT_LEAST_ONE_STRONG|1.40|P4
v20;LAST5;HOME_STRONG;1.2;5;39;74;14;88;84.0909;21;5;26;80.7692;42;9;51;82.3529;32;5;37;86.4865;54;8;62;87.0968;2026-08-07;0.7576;-0.7475;-0.0827;v20|LAST5|HOME_STRONG|1.20|P5
v20;LAST5;HOME_STRONG;1.2;6;39;74;14;88;84.0909;21;5;26;80.7692;42;9;51;82.3529;32;5;37;86.4865;54;8;62;87.0968;2026-08-07;0.7576;-0.7475;-0.0827;v20|LAST5|HOME_STRONG|1.20|P6
v20;LAST5;HOME_STRONG;1.3;5;39;74;14;88;84.0909;21;5;26;80.7692;42;9;51;82.3529;32;5;37;86.4865;54;8;62;87.0968;2026-08-07;0.7576;-0.7475;-0.0827;v20|LAST5|HOME_STRONG|1.30|P5
v20;LAST5;HOME_STRONG;1.3;6;39;74;14;88;84.0909;21;5;26;80.7692;42;9;51;82.3529;32;5;37;86.4865;54;8;62;87.0968;2026-08-07;0.7576;-0.7475;-0.0827;v20|LAST5|HOME_STRONG|1.30|P6
v20;LAST5;HOME_STRONG;1.0;7;23;79;15;94;84.0426;16;4;20;80.0;47;10;57;82.4561;32;5;37;86.4865;58;9;67;86.5672;2026-08-07;0.7093;-0.7475;-0.6123;v20|LAST5|HOME_STRONG|1.00|P7
v20;LAST5;HOME_STRONG;1.0;8;23;79;15;94;84.0426;16;4;20;80.0;47;10;57;82.4561;32;5;37;86.4865;58;9;67;86.5672;2026-08-07;0.7093;-0.7475;-0.6123;v20|LAST5|HOME_STRONG|1.00|P8
v20;LAST5;HOME_STRONG;1.1;7;23;79;15;94;84.0426;16;4;20;80.0;47;10;57;82.4561;32;5;37;86.4865;58;9;67;86.5672;2026-08-07;0.7093;-0.7475;-0.6123;v20|LAST5|HOME_STRONG|1.10|P7
v20;LAST5;HOME_STRONG;1.1;8;23;79;15;94;84.0426;16;4;20;80.0;47;10;57;82.4561;32;5;37;86.4865;58;9;67;86.5672;2026-08-07;0.7093;-0.7475;-0.6123;v20|LAST5|HOME_STRONG|1.10|P8
v20;SEASON;HOME_STRONG;1.3;6;33;78;15;93;83.871;17;4;21;80.9524;46;10;56;82.1429;32;5;37;86.4865;53;8;61;86.8852;2026-08-07;0.5377;-0.7475;-0.2943;v20|SEASON|HOME_STRONG|1.30|P6
v20;SEASON;AT_LEAST_ONE_STRONG;1.1;12;21;78;15;93;83.871;17;4;21;80.9524;46;10;56;82.1429;32;5;37;86.4865;53;9;62;85.4839;2026-08-07;0.5377;-0.7475;-1.6956;v20|SEASON|AT_LEAST_ONE_STRONG|1.10|P12
v20;SEASON;AT_LEAST_ONE_STRONG;1.1;13;21;78;15;93;83.871;17;4;21;80.9524;46;10;56;82.1429;32;5;37;86.4865;53;9;62;85.4839;2026-08-07;0.5377;-0.7475;-1.6956;v20|SEASON|AT_LEAST_ONE_STRONG|1.10|P13
v20;SEASON;AT_LEAST_ONE_STRONG;1.1;14;21;78;15;93;83.871;17;4;21;80.9524;46;10;56;82.1429;32;5;37;86.4865;53;9;62;85.4839;2026-08-07;0.5377;-0.7475;-1.6956;v20|SEASON|AT_LEAST_ONE_STRONG|1.10|P14
v20;SEASON;AT_LEAST_ONE_STRONG;1.1;15;21;78;15;93;83.871;17;4;21;80.9524;46;10;56;82.1429;32;5;37;86.4865;53;9;62;85.4839;2026-08-07;0.5377;-0.7475;-1.6956;v20|SEASON|AT_LEAST_ONE_STRONG|1.10|P15
v20;LAST5;HOME_STRONG;1.4;4;47;72;14;86;83.7209;23;5;28;82.1429;40;9;49;81.6327;32;5;37;86.4865;52;8;60;86.6667;2026-08-07;0.3876;-0.7475;-0.5128;v20|LAST5|HOME_STRONG|1.40|P4
v20;LAST5;HOME_STRONG;1.5;4;47;72;14;86;83.7209;23;5;28;82.1429;40;9;49;81.6327;32;5;37;86.4865;52;8;60;86.6667;2026-08-07;0.3876;-0.7475;-0.5128;v20|LAST5|HOME_STRONG|1.50|P4
v20;SEASON;HOME_STRONG;1.4;4;42;77;15;92;83.6957;18;4;22;81.8182;45;10;55;81.8182;32;5;37;86.4865;54;8;62;87.0968;2026-08-07;0.3624;-0.7475;-0.0827;v20|SEASON|HOME_STRONG|1.40|P4
v20;SEASON;AT_LEAST_ONE_STRONG;1.1;11;21;79;16;95;83.1579;16;3;19;84.2105;47;11;58;81.0345;32;5;37;86.4865;53;9;62;85.4839;2026-08-07;-0.1754;-0.7475;-1.6956;v20|SEASON|AT_LEAST_ONE_STRONG|1.10|P11
v20;SEASON;HOME_STRONG;1.1;12;20;78;16;94;82.9787;17;3;20;85.0;46;11;57;80.7018;32;5;37;86.4865;53;10;63;84.127;2026-08-07;-0.3546;-0.7475;-3.0525;v20|SEASON|HOME_STRONG|1.10|P12
v20;SEASON;HOME_STRONG;1.1;13;20;78;16;94;82.9787;17;3;20;85.0;46;11;57;80.7018;32;5;37;86.4865;53;10;63;84.127;2026-08-07;-0.3546;-0.7475;-3.0525;v20|SEASON|HOME_STRONG|1.10|P13
v20;SEASON;HOME_STRONG;1.1;14;20;78;16;94;82.9787;17;3;20;85.0;46;11;57;80.7018;32;5;37;86.4865;53;10;63;84.127;2026-08-07;-0.3546;-0.7475;-3.0525;v20|SEASON|HOME_STRONG|1.10|P14
v20;SEASON;HOME_STRONG;1.1;15;20;78;16;94;82.9787;17;3;20;85.0;46;11;57;80.7018;32;5;37;86.4865;53;10;63;84.127;2026-08-07;-0.3546;-0.7475;-3.0525;v20|SEASON|HOME_STRONG|1.10|P15
v20;SEASON;HOME_STRONG;1.1;11;20;79;17;96;82.2917;16;2;18;88.8889;47;12;59;79.661;32;5;37;86.4865;53;10;63;84.127;2026-08-07;-1.0416;-0.7475;-3.0525;v20|SEASON|HOME_STRONG|1.10|P11
v20;SEASON;AT_LEAST_ONE_STRONG;1.2;7;26;79;17;96;82.2917;16;2;18;88.8889;47;12;59;79.661;32;5;37;86.4865;54;9;63;85.7143;2026-08-07;-1.0416;-0.7475;-1.4652;v20|SEASON|AT_LEAST_ONE_STRONG|1.20|P7
v20;SEASON;HOME_STRONG;1.2;7;25;79;18;97;81.4433;16;1;17;94.1176;47;13;60;78.3333;32;5;37;86.4865;54;10;64;84.375;2026-08-07;-1.89;-0.7475;-2.8045;v20|SEASON|HOME_STRONG|1.20|P7
v20;SEASON;AT_LEAST_ONE_STRONG;1.5;9;49;58;10;68;85.2941;37;9;46;80.4348;39;7;46;84.7826;19;3;22;86.3636;42;6;48;87.5;2026-08-07;1.9608;-0.8704;0.3205;v20|SEASON|AT_LEAST_ONE_STRONG|1.50|P9
v20;SEASON;AT_LEAST_ONE_STRONG;1.5;10;49;58;10;68;85.2941;37;9;46;80.4348;39;7;46;84.7826;19;3;22;86.3636;42;6;48;87.5;2026-08-07;1.9608;-0.8704;0.3205;v20|SEASON|AT_LEAST_ONE_STRONG|1.50|P10
v20;SEASON;HOME_STRONG;1.5;9;48;58;11;69;84.058;37;8;45;82.2222;39;8;47;82.9787;19;3;22;86.3636;42;7;49;85.7143;2026-08-07;0.7247;-0.8704;-1.4652;v20|SEASON|HOME_STRONG|1.50|P9
v20;SEASON;HOME_STRONG;1.5;10;48;58;11;69;84.058;37;8;45;82.2222;39;8;47;82.9787;19;3;22;86.3636;42;7;49;85.7143;2026-08-07;0.7247;-0.8704;-1.4652;v20|SEASON|HOME_STRONG|1.50|P10
v20;LAST5;HOME_STRONG;1.6;8;63;48;12;60;80.0;47;7;54;87.037;29;9;38;76.3158;19;3;22;86.3636;33;7;40;82.5;2026-08-07;-3.3333;-0.8704;-4.6795;v20|LAST5|HOME_STRONG|1.60|P8
v20;LAST5;AWAY_STRONG;1.4;8;7;91;16;107;85.0467;4;3;7;57.1429;53;10;63;84.127;38;6;44;86.3636;65;8;73;89.0411;2026-08-07;1.7134;-0.8704;1.8616;v20|LAST5|AWAY_STRONG|1.40|P8
v20;LAST5;AWAY_STRONG;1.4;9;7;91;16;107;85.0467;4;3;7;57.1429;53;10;63;84.127;38;6;44;86.3636;65;8;73;89.0411;2026-08-07;1.7134;-0.8704;1.8616;v20|LAST5|AWAY_STRONG|1.40|P9
v20;LAST5;AWAY_STRONG;1.4;10;7;91;16;107;85.0467;4;3;7;57.1429;53;10;63;84.127;38;6;44;86.3636;65;8;73;89.0411;2026-08-07;1.7134;-0.8704;1.8616;v20|LAST5|AWAY_STRONG|1.40|P10
v20;LAST5;AWAY_STRONG;1.4;11;7;91;16;107;85.0467;4;3;7;57.1429;53;10;63;84.127;38;6;44;86.3636;65;8;73;89.0411;2026-08-07;1.7134;-0.8704;1.8616;v20|LAST5|AWAY_STRONG|1.40|P11
v20;LAST5;AWAY_STRONG;1.4;12;7;91;16;107;85.0467;4;3;7;57.1429;53;10;63;84.127;38;6;44;86.3636;65;8;73;89.0411;2026-08-07;1.7134;-0.8704;1.8616;v20|LAST5|AWAY_STRONG|1.40|P12
v20;LAST5;AWAY_STRONG;1.4;13;7;91;16;107;85.0467;4;3;7;57.1429;53;10;63;84.127;38;6;44;86.3636;65;8;73;89.0411;2026-08-07;1.7134;-0.8704;1.8616;v20|LAST5|AWAY_STRONG|1.40|P13
v20;LAST5;AWAY_STRONG;1.4;14;7;91;16;107;85.0467;4;3;7;57.1429;53;10;63;84.127;38;6;44;86.3636;65;8;73;89.0411;2026-08-07;1.7134;-0.8704;1.8616;v20|LAST5|AWAY_STRONG|1.40|P14
v20;LAST5;AWAY_STRONG;1.4;15;7;91;16;107;85.0467;4;3;7;57.1429;53;10;63;84.127;38;6;44;86.3636;65;8;73;89.0411;2026-08-07;1.7134;-0.8704;1.8616;v20|LAST5|AWAY_STRONG|1.40|P15
v20;LAST5;AWAY_STRONG;1.5;8;7;91;16;107;85.0467;4;3;7;57.1429;53;10;63;84.127;38;6;44;86.3636;65;8;73;89.0411;2026-08-07;1.7134;-0.8704;1.8616;v20|LAST5|AWAY_STRONG|1.50|P8
v20;LAST5;AWAY_STRONG;1.5;9;7;91;16;107;85.0467;4;3;7;57.1429;53;10;63;84.127;38;6;44;86.3636;65;8;73;89.0411;2026-08-07;1.7134;-0.8704;1.8616;v20|LAST5|AWAY_STRONG|1.50|P9
v20;LAST5;AWAY_STRONG;1.5;10;7;91;16;107;85.0467;4;3;7;57.1429;53;10;63;84.127;38;6;44;86.3636;65;8;73;89.0411;2026-08-07;1.7134;-0.8704;1.8616;v20|LAST5|AWAY_STRONG|1.50|P10
v20;LAST5;AWAY_STRONG;1.5;11;7;91;16;107;85.0467;4;3;7;57.1429;53;10;63;84.127;38;6;44;86.3636;65;8;73;89.0411;2026-08-07;1.7134;-0.8704;1.8616;v20|LAST5|AWAY_STRONG|1.50|P11
v20;LAST5;AWAY_STRONG;1.5;12;7;91;16;107;85.0467;4;3;7;57.1429;53;10;63;84.127;38;6;44;86.3636;65;8;73;89.0411;2026-08-07;1.7134;-0.8704;1.8616;v20|LAST5|AWAY_STRONG|1.50|P12
v20;LAST5;AWAY_STRONG;1.5;13;7;91;16;107;85.0467;4;3;7;57.1429;53;10;63;84.127;38;6;44;86.3636;65;8;73;89.0411;2026-08-07;1.7134;-0.8704;1.8616;v20|LAST5|AWAY_STRONG|1.50|P13
v20;LAST5;AWAY_STRONG;1.5;14;7;91;16;107;85.0467;4;3;7;57.1429;53;10;63;84.127;38;6;44;86.3636;65;8;73;89.0411;2026-08-07;1.7134;-0.8704;1.8616;v20|LAST5|AWAY_STRONG|1.50|P14
v20;LAST5;AWAY_STRONG;1.5;15;7;91;16;107;85.0467;4;3;7;57.1429;53;10;63;84.127;38;6;44;86.3636;65;8;73;89.0411;2026-08-07;1.7134;-0.8704;1.8616;v20|LAST5|AWAY_STRONG|1.50|P15
v20;LAST5;AWAY_STRONG;1.4;3;7;91;17;108;84.2593;4;2;6;66.6667;53;11;64;82.8125;38;6;44;86.3636;65;9;74;87.8378;2026-08-07;0.926;-0.8704;0.6583;v20|LAST5|AWAY_STRONG|1.40|P3
v20;LAST5;AWAY_STRONG;1.4;4;7;91;17;108;84.2593;4;2;6;66.6667;53;11;64;82.8125;38;6;44;86.3636;65;9;74;87.8378;2026-08-07;0.926;-0.8704;0.6583;v20|LAST5|AWAY_STRONG|1.40|P4
v20;LAST5;AWAY_STRONG;1.4;5;7;91;17;108;84.2593;4;2;6;66.6667;53;11;64;82.8125;38;6;44;86.3636;65;9;74;87.8378;2026-08-07;0.926;-0.8704;0.6583;v20|LAST5|AWAY_STRONG|1.40|P5
v20;LAST5;AWAY_STRONG;1.4;6;7;91;17;108;84.2593;4;2;6;66.6667;53;11;64;82.8125;38;6;44;86.3636;65;9;74;87.8378;2026-08-07;0.926;-0.8704;0.6583;v20|LAST5|AWAY_STRONG|1.40|P6
v20;LAST5;AWAY_STRONG;1.4;7;7;91;17;108;84.2593;4;2;6;66.6667;53;11;64;82.8125;38;6;44;86.3636;65;9;74;87.8378;2026-08-07;0.926;-0.8704;0.6583;v20|LAST5|AWAY_STRONG|1.40|P7
v20;LAST5;AWAY_STRONG;1.5;3;7;91;17;108;84.2593;4;2;6;66.6667;53;11;64;82.8125;38;6;44;86.3636;65;9;74;87.8378;2026-08-07;0.926;-0.8704;0.6583;v20|LAST5|AWAY_STRONG|1.50|P3
v20;LAST5;AWAY_STRONG;1.5;4;7;91;17;108;84.2593;4;2;6;66.6667;53;11;64;82.8125;38;6;44;86.3636;65;9;74;87.8378;2026-08-07;0.926;-0.8704;0.6583;v20|LAST5|AWAY_STRONG|1.50|P4
v20;LAST5;AWAY_STRONG;1.5;5;7;91;17;108;84.2593;4;2;6;66.6667;53;11;64;82.8125;38;6;44;86.3636;65;9;74;87.8378;2026-08-07;0.926;-0.8704;0.6583;v20|LAST5|AWAY_STRONG|1.50|P5
v20;LAST5;AWAY_STRONG;1.5;6;7;91;17;108;84.2593;4;2;6;66.6667;53;11;64;82.8125;38;6;44;86.3636;65;9;74;87.8378;2026-08-07;0.926;-0.8704;0.6583;v20|LAST5|AWAY_STRONG|1.50|P6
v20;LAST5;AWAY_STRONG;1.5;7;7;91;17;108;84.2593;4;2;6;66.6667;53;11;64;82.8125;38;6;44;86.3636;65;9;74;87.8378;2026-08-07;0.926;-0.8704;0.6583;v20|LAST5|AWAY_STRONG|1.50|P7
v20;LAST5;HOME_STRONG;1.4;1;47;90;17;107;84.1121;5;2;7;71.4286;52;11;63;82.5397;38;6;44;86.3636;64;10;74;86.4865;2026-08-07;0.7788;-0.8704;-0.693;v20|LAST5|HOME_STRONG|1.40|P1
v20;LAST5;HOME_STRONG;1.5;1;47;90;17;107;84.1121;5;2;7;71.4286;52;11;63;82.5397;38;6;44;86.3636;64;10;74;86.4865;2026-08-07;0.7788;-0.8704;-0.693;v20|LAST5|HOME_STRONG|1.50|P1
v20;LAST5;AT_LEAST_ONE_STRONG;1.4;1;52;89;17;106;83.9623;6;2;8;75.0;51;11;62;82.2581;38;6;44;86.3636;63;10;73;86.3014;2026-08-07;0.629;-0.8704;-0.8781;v20|LAST5|AT_LEAST_ONE_STRONG|1.40|P1
v20;LAST5;AT_LEAST_ONE_STRONG;1.5;1;52;89;17;106;83.9623;6;2;8;75.0;51;11;62;82.2581;38;6;44;86.3636;63;10;73;86.3014;2026-08-07;0.629;-0.8704;-0.8781;v20|LAST5|AT_LEAST_ONE_STRONG|1.50|P1
v20;SEASON;AT_LEAST_ONE_STRONG;1.0;4;16;87;18;105;82.8571;8;1;9;88.8889;49;12;61;80.3279;38;6;44;86.3636;61;9;70;87.1429;2026-08-07;-0.4762;-0.8704;-0.0366;v20|SEASON|AT_LEAST_ONE_STRONG|1.00|P4
v20;SEASON;HOME_STRONG;1.0;4;15;87;19;106;82.0755;8;0;8;100.0;49;13;62;79.0323;38;6;44;86.3636;61;10;71;85.9155;2026-08-07;-1.2578;-0.8704;-1.264;v20|SEASON|HOME_STRONG|1.00|P4
v20;SEASON;AT_LEAST_ONE_STRONG;1.6;6;59;62;12;74;83.7838;33;7;40;82.5;37;8;45;82.2222;25;4;29;86.2069;46;6;52;88.4615;2026-08-07;0.4505;-1.0271;1.282;v20|SEASON|AT_LEAST_ONE_STRONG|1.60|P6
v20;SEASON;HOME_STRONG;1.6;6;58;62;13;75;82.6667;33;6;39;84.6154;37;9;46;80.4348;25;4;29;86.2069;46;7;53;86.7925;2026-08-07;-0.6666;-1.0271;-0.387;v20|SEASON|HOME_STRONG|1.60|P6
v20;LAST5;HOME_STRONG;1.6;5;63;59;13;72;81.9444;36;6;42;85.7143;34;9;43;79.0698;25;4;29;86.2069;40;7;47;85.1064;2026-08-07;-1.3889;-1.0271;-2.0731;v20|LAST5|HOME_STRONG|1.60|P5
v20;LAST5;AT_LEAST_ONE_STRONG;1.0;9;25;77;14;91;84.6154;18;5;23;78.2609;46;9;55;83.6364;31;5;36;86.1111;56;8;64;87.5;2026-08-07;1.2821;-1.1229;0.3205;v20|LAST5|AT_LEAST_ONE_STRONG|1.00|P9
v20;LAST5;AT_LEAST_ONE_STRONG;1.0;10;25;77;14;91;84.6154;18;5;23;78.2609;46;9;55;83.6364;31;5;36;86.1111;56;8;64;87.5;2026-08-07;1.2821;-1.1229;0.3205;v20|LAST5|AT_LEAST_ONE_STRONG|1.00|P10
v20;LAST5;AT_LEAST_ONE_STRONG;1.1;9;25;77;14;91;84.6154;18;5;23;78.2609;46;9;55;83.6364;31;5;36;86.1111;56;8;64;87.5;2026-08-07;1.2821;-1.1229;0.3205;v20|LAST5|AT_LEAST_ONE_STRONG|1.10|P9
v20;LAST5;AT_LEAST_ONE_STRONG;1.1;10;25;77;14;91;84.6154;18;5;23;78.2609;46;9;55;83.6364;31;5;36;86.1111;56;8;64;87.5;2026-08-07;1.2821;-1.1229;0.3205;v20|LAST5|AT_LEAST_ONE_STRONG|1.10|P10
v20;LAST5;HOME_STRONG;1.0;9;23;78;15;93;83.871;17;4;21;80.9524;47;10;57;82.4561;31;5;36;86.1111;57;9;66;86.3636;2026-08-07;0.5377;-1.1229;-0.8159;v20|LAST5|HOME_STRONG|1.00|P9
v20;LAST5;HOME_STRONG;1.0;10;23;78;15;93;83.871;17;4;21;80.9524;47;10;57;82.4561;31;5;36;86.1111;57;9;66;86.3636;2026-08-07;0.5377;-1.1229;-0.8159;v20|LAST5|HOME_STRONG|1.00|P10
v20;LAST5;HOME_STRONG;1.1;9;23;78;15;93;83.871;17;4;21;80.9524;47;10;57;82.4561;31;5;36;86.1111;57;9;66;86.3636;2026-08-07;0.5377;-1.1229;-0.8159;v20|LAST5|HOME_STRONG|1.10|P9
v20;LAST5;HOME_STRONG;1.1;10;23;78;15;93;83.871;17;4;21;80.9524;47;10;57;82.4561;31;5;36;86.1111;57;9;66;86.3636;2026-08-07;0.5377;-1.1229;-0.8159;v20|LAST5|HOME_STRONG|1.10|P10
v20;SEASON;AT_LEAST_ONE_STRONG;1.2;8;26;78;17;95;82.1053;17;2;19;89.4737;47;12;59;79.661;31;5;36;86.1111;53;9;62;85.4839;2026-08-07;-1.228;-1.1229;-1.6956;v20|SEASON|AT_LEAST_ONE_STRONG|1.20|P8
v20;SEASON;HOME_STRONG;1.2;8;25;78;18;96;81.25;17;1;18;94.4444;47;13;60;78.3333;31;5;36;86.1111;53;10;63;84.127;2026-08-07;-2.0833;-1.1229;-3.0525;v20|SEASON|HOME_STRONG|1.20|P8
v20;SEASON;AT_LEAST_ONE_STRONG;1.1;4;21;84;18;102;82.3529;11;1;12;91.6667;47;12;59;79.661;37;6;43;86.0465;58;9;67;86.5672;2026-08-07;-0.9804;-1.1875;-0.6123;v20|SEASON|AT_LEAST_ONE_STRONG|1.10|P4
v20;SEASON;AT_LEAST_ONE_STRONG;1.2;4;26;84;18;102;82.3529;11;1;12;91.6667;47;12;59;79.661;37;6;43;86.0465;58;9;67;86.5672;2026-08-07;-0.9804;-1.1875;-0.6123;v20|SEASON|AT_LEAST_ONE_STRONG|1.20|P4
v20;SEASON;HOME_STRONG;1.1;4;20;84;19;103;81.5534;11;0;11;100.0;47;13;60;78.3333;37;6;43;86.0465;58;10;68;85.2941;2026-08-07;-1.7799;-1.1875;-1.8854;v20|SEASON|HOME_STRONG|1.10|P4
v20;SEASON;HOME_STRONG;1.2;4;25;84;19;103;81.5534;11;0;11;100.0;47;13;60;78.3333;37;6;43;86.0465;58;10;68;85.2941;2026-08-07;-1.7799;-1.1875;-1.8854;v20|SEASON|HOME_STRONG|1.20|P4
v20;SEASON;AT_LEAST_ONE_STRONG;1.4;8;43;67;12;79;84.8101;28;7;35;80.0;43;8;51;84.3137;24;4;28;85.7143;47;7;54;87.037;2026-08-07;1.4768;-1.5197;-0.1425;v20|SEASON|AT_LEAST_ONE_STRONG|1.40|P8
v20;LAST5;AT_LEAST_ONE_STRONG;1.4;8;52;59;11;70;84.2857;36;8;44;81.8182;35;7;42;83.3333;24;4;28;85.7143;43;6;49;87.7551;2026-08-07;0.9524;-1.5197;0.5756;v20|LAST5|AT_LEAST_ONE_STRONG|1.40|P8
v20;LAST5;AT_LEAST_ONE_STRONG;1.5;8;52;59;11;70;84.2857;36;8;44;81.8182;35;7;42;83.3333;24;4;28;85.7143;43;6;49;87.7551;2026-08-07;0.9524;-1.5197;0.5756;v20|LAST5|AT_LEAST_ONE_STRONG|1.50|P8
v20;SEASON;HOME_STRONG;1.4;8;42;67;13;80;83.75;28;6;34;82.3529;43;9;52;82.6923;24;4;28;85.7143;47;8;55;85.4545;2026-08-07;0.4167;-1.5197;-1.725;v20|SEASON|HOME_STRONG|1.40|P8
v20;LAST5;AT_LEAST_ONE_STRONG;1.4;7;52;60;12;72;83.3333;35;7;42;83.3333;36;8;44;81.8182;24;4;28;85.7143;44;7;51;86.2745;2026-08-07;0.0;-1.5197;-0.905;v20|LAST5|AT_LEAST_ONE_STRONG|1.40|P7
v20;LAST5;AT_LEAST_ONE_STRONG;1.5;7;52;60;12;72;83.3333;35;7;42;83.3333;36;8;44;81.8182;24;4;28;85.7143;44;7;51;86.2745;2026-08-07;0.0;-1.5197;-0.905;v20|LAST5|AT_LEAST_ONE_STRONG|1.50|P7
v20;LAST5;HOME_STRONG;1.4;9;47;58;12;70;82.8571;37;7;44;84.0909;34;8;42;80.9524;24;4;28;85.7143;44;8;52;84.6154;2026-08-07;-0.4762;-1.5197;-2.5641;v20|LAST5|HOME_STRONG|1.40|P9
v20;LAST5;HOME_STRONG;1.4;10;47;58;12;70;82.8571;37;7;44;84.0909;34;8;42;80.9524;24;4;28;85.7143;44;8;52;84.6154;2026-08-07;-0.4762;-1.5197;-2.5641;v20|LAST5|HOME_STRONG|1.40|P10
v20;LAST5;HOME_STRONG;1.5;9;47;58;12;70;82.8571;37;7;44;84.0909;34;8;42;80.9524;24;4;28;85.7143;44;8;52;84.6154;2026-08-07;-0.4762;-1.5197;-2.5641;v20|LAST5|HOME_STRONG|1.50|P9
v20;LAST5;HOME_STRONG;1.5;10;47;58;12;70;82.8571;37;7;44;84.0909;34;8;42;80.9524;24;4;28;85.7143;44;8;52;84.6154;2026-08-07;-0.4762;-1.5197;-2.5641;v20|LAST5|HOME_STRONG|1.50|P10
v20;LAST5;AT_LEAST_ONE_STRONG;1.4;4;52;69;13;82;84.1463;26;6;32;81.25;39;8;47;82.9787;30;5;35;85.7143;49;7;56;87.5;2026-08-07;0.813;-1.5197;0.3205;v20|LAST5|AT_LEAST_ONE_STRONG|1.40|P4
v20;LAST5;AT_LEAST_ONE_STRONG;1.5;4;52;69;13;82;84.1463;26;6;32;81.25;39;8;47;82.9787;30;5;35;85.7143;49;7;56;87.5;2026-08-07;0.813;-1.5197;0.3205;v20|LAST5|AT_LEAST_ONE_STRONG|1.50|P4
v20;SEASON;AT_LEAST_ONE_STRONG;1.4;5;43;73;14;87;83.908;22;5;27;81.4815;43;9;52;82.6923;30;5;35;85.7143;52;7;59;88.1356;2026-08-07;0.5747;-1.5197;0.9561;v20|SEASON|AT_LEAST_ONE_STRONG|1.40|P5
v20;SEASON;HOME_STRONG;1.4;5;42;73;15;88;82.9545;22;4;26;84.6154;43;10;53;81.1321;30;5;35;85.7143;52;8;60;86.6667;2026-08-07;-0.3788;-1.5197;-0.5128;v20|SEASON|HOME_STRONG|1.40|P5
v20;LAST5;HOME_STRONG;1.4;5;47;68;14;82;82.9268;27;5;32;84.375;38;9;47;80.8511;30;5;35;85.7143;49;8;57;85.9649;2026-08-07;-0.4065;-1.5197;-1.2146;v20|LAST5|HOME_STRONG|1.40|P5
v20;LAST5;HOME_STRONG;1.5;5;47;68;14;82;82.9268;27;5;32;84.375;38;9;47;80.8511;30;5;35;85.7143;49;8;57;85.9649;2026-08-07;-0.4065;-1.5197;-1.2146;v20|LAST5|HOME_STRONG|1.50|P5
v20;LAST5;HOME_STRONG;1.6;1;63;87;17;104;83.6538;8;2;10;80.0;51;11;62;82.2581;36;6;42;85.7143;61;10;71;85.9155;2026-08-07;0.3205;-1.5197;-1.264;v20|LAST5|HOME_STRONG|1.60|P1
v20;LAST5;AT_LEAST_ONE_STRONG;1.6;1;69;87;17;104;83.6538;8;2;10;80.0;51;11;62;82.2581;36;6;42;85.7143;61;10;71;85.9155;2026-08-07;0.3205;-1.5197;-1.264;v20|LAST5|AT_LEAST_ONE_STRONG|1.60|P1
v20;SEASON;AT_LEAST_ONE_STRONG;1.0;5;16;85;18;103;82.5243;10;1;11;90.9091;49;12;61;80.3279;36;6;42;85.7143;59;9;68;86.7647;2026-08-07;-0.809;-1.5197;-0.4148;v20|SEASON|AT_LEAST_ONE_STRONG|1.00|P5
v20;SEASON;AT_LEAST_ONE_STRONG;1.0;6;16;85;18;103;82.5243;10;1;11;90.9091;49;12;61;80.3279;36;6;42;85.7143;59;9;68;86.7647;2026-08-07;-0.809;-1.5197;-0.4148;v20|SEASON|AT_LEAST_ONE_STRONG|1.00|P6
v20;SEASON;HOME_STRONG;1.0;5;15;85;19;104;81.7308;10;0;10;100.0;49;13;62;79.0323;36;6;42;85.7143;59;10;69;85.5072;2026-08-07;-1.6025;-1.5197;-1.6723;v20|SEASON|HOME_STRONG|1.00|P5
v20;SEASON;HOME_STRONG;1.0;6;15;85;19;104;81.7308;10;0;10;100.0;49;13;62;79.0323;36;6;42;85.7143;59;10;69;85.5072;2026-08-07;-1.6025;-1.5197;-1.6723;v20|SEASON|HOME_STRONG|1.00|P6
v20;SEASON;AT_LEAST_ONE_STRONG;1.0;7;16;84;18;102;82.3529;11;1;12;91.6667;49;12;61;80.3279;35;6;41;85.3659;58;9;67;86.5672;2026-08-07;-0.9804;-1.8681;-0.6123;v20|SEASON|AT_LEAST_ONE_STRONG|1.00|P7
v20;SEASON;AT_LEAST_ONE_STRONG;1.0;8;16;84;18;102;82.3529;11;1;12;91.6667;49;12;61;80.3279;35;6;41;85.3659;58;9;67;86.5672;2026-08-07;-0.9804;-1.8681;-0.6123;v20|SEASON|AT_LEAST_ONE_STRONG|1.00|P8
v20;SEASON;AT_LEAST_ONE_STRONG;1.1;5;21;82;18;100;82.0;13;1;14;92.8571;47;12;59;79.661;35;6;41;85.3659;56;9;65;86.1538;2026-08-07;-1.3333;-1.8681;-1.0257;v20|SEASON|AT_LEAST_ONE_STRONG|1.10|P5
v20;SEASON;AT_LEAST_ONE_STRONG;1.1;6;21;82;18;100;82.0;13;1;14;92.8571;47;12;59;79.661;35;6;41;85.3659;56;9;65;86.1538;2026-08-07;-1.3333;-1.8681;-1.0257;v20|SEASON|AT_LEAST_ONE_STRONG|1.10|P6
v20;SEASON;AT_LEAST_ONE_STRONG;1.2;5;26;82;18;100;82.0;13;1;14;92.8571;47;12;59;79.661;35;6;41;85.3659;56;9;65;86.1538;2026-08-07;-1.3333;-1.8681;-1.0257;v20|SEASON|AT_LEAST_ONE_STRONG|1.20|P5
v20;SEASON;HOME_STRONG;1.0;7;15;84;19;103;81.5534;11;0;11;100.0;49;13;62;79.0323;35;6;41;85.3659;58;10;68;85.2941;2026-08-07;-1.7799;-1.8681;-1.8854;v20|SEASON|HOME_STRONG|1.00|P7
v20;SEASON;HOME_STRONG;1.0;8;15;84;19;103;81.5534;11;0;11;100.0;49;13;62;79.0323;35;6;41;85.3659;58;10;68;85.2941;2026-08-07;-1.7799;-1.8681;-1.8854;v20|SEASON|HOME_STRONG|1.00|P8
v20;SEASON;HOME_STRONG;1.1;5;20;82;19;101;81.1881;13;0;13;100.0;47;13;60;78.3333;35;6;41;85.3659;56;10;66;84.8485;2026-08-07;-2.1452;-1.8681;-2.331;v20|SEASON|HOME_STRONG|1.10|P5
v20;SEASON;HOME_STRONG;1.1;6;20;82;19;101;81.1881;13;0;13;100.0;47;13;60;78.3333;35;6;41;85.3659;56;10;66;84.8485;2026-08-07;-2.1452;-1.8681;-2.331;v20|SEASON|HOME_STRONG|1.10|P6
v20;SEASON;HOME_STRONG;1.2;5;25;82;19;101;81.1881;13;0;13;100.0;47;13;60;78.3333;35;6;41;85.3659;56;10;66;84.8485;2026-08-07;-2.1452;-1.8681;-2.331;v20|SEASON|HOME_STRONG|1.20|P5
v20;LAST5;HOME_STRONG;1.4;6;47;67;14;81;82.716;28;5;33;84.8485;38;9;47;80.8511;29;5;34;85.2941;48;8;56;85.7143;2026-08-07;-0.6173;-1.9399;-1.4652;v20|LAST5|HOME_STRONG|1.40|P6
v20;LAST5;HOME_STRONG;1.5;6;47;67;14;81;82.716;28;5;33;84.8485;38;9;47;80.8511;29;5;34;85.2941;48;8;56;85.7143;2026-08-07;-0.6173;-1.9399;-1.4652;v20|LAST5|HOME_STRONG|1.50|P6
v20;SEASON;AT_LEAST_ONE_STRONG;1.2;9;26;75;16;91;82.4176;20;3;23;86.9565;46;11;57;80.7018;29;5;34;85.2941;50;9;59;84.7458;2026-08-07;-0.9157;-1.9399;-2.4337;v20|SEASON|AT_LEAST_ONE_STRONG|1.20|P9
v20;SEASON;AT_LEAST_ONE_STRONG;1.2;10;26;75;16;91;82.4176;20;3;23;86.9565;46;11;57;80.7018;29;5;34;85.2941;50;9;59;84.7458;2026-08-07;-0.9157;-1.9399;-2.4337;v20|SEASON|AT_LEAST_ONE_STRONG|1.20|P10
v20;SEASON;HOME_STRONG;1.2;9;25;75;17;92;81.5217;20;2;22;90.9091;46;12;58;79.3103;29;5;34;85.2941;50;10;60;83.3333;2026-08-07;-1.8116;-1.9399;-3.8462;v20|SEASON|HOME_STRONG|1.20|P9
v20;SEASON;HOME_STRONG;1.2;10;25;75;17;92;81.5217;20;2;22;90.9091;46;12;58;79.3103;29;5;34;85.2941;50;10;60;83.3333;2026-08-07;-1.8116;-1.9399;-3.8462;v20|SEASON|HOME_STRONG|1.20|P10
v20;LAST5;HOME_STRONG;1.6;6;63;57;13;70;81.4286;38;6;44;86.3636;34;9;43;79.0698;23;4;27;85.1852;38;7;45;84.4444;2026-08-07;-1.9047;-2.0488;-2.7351;v20|LAST5|HOME_STRONG|1.60|P6
v20;SEASON;AT_LEAST_ONE_STRONG;1.6;9;59;50;8;58;86.2069;45;11;56;80.3571;33;5;38;86.8421;17;3;20;85.0;37;5;42;88.0952;2026-08-07;2.8736;-2.234;0.9157;v20|SEASON|AT_LEAST_ONE_STRONG|1.60|P9
v20;SEASON;AT_LEAST_ONE_STRONG;1.6;10;59;50;8;58;86.2069;45;11;56;80.3571;33;5;38;86.8421;17;3;20;85.0;37;5;42;88.0952;2026-08-07;2.8736;-2.234;0.9157;v20|SEASON|AT_LEAST_ONE_STRONG|1.60|P10
v20;SEASON;HOME_STRONG;1.6;9;58;50;9;59;84.7458;45;10;55;81.8182;33;6;39;84.6154;17;3;20;85.0;37;6;43;86.0465;2026-08-07;1.4125;-2.234;-1.133;v20|SEASON|HOME_STRONG|1.60|P9
v20;SEASON;HOME_STRONG;1.6;10;58;50;9;59;84.7458;45;10;55;81.8182;33;6;39;84.6154;17;3;20;85.0;37;6;43;86.0465;2026-08-07;1.4125;-2.234;-1.133;v20|SEASON|HOME_STRONG|1.60|P10
v20;SEASON;AT_LEAST_ONE_STRONG;1.1;7;21;81;18;99;81.8182;14;1;15;93.3333;47;12;59;79.661;34;6;40;85.0;55;9;64;85.9375;2026-08-07;-1.5151;-2.234;-1.242;v20|SEASON|AT_LEAST_ONE_STRONG|1.10|P7
v20;SEASON;AT_LEAST_ONE_STRONG;1.1;8;21;81;18;99;81.8182;14;1;15;93.3333;47;12;59;79.661;34;6;40;85.0;55;9;64;85.9375;2026-08-07;-1.5151;-2.234;-1.242;v20|SEASON|AT_LEAST_ONE_STRONG|1.10|P8
v20;SEASON;AT_LEAST_ONE_STRONG;1.2;6;26;81;18;99;81.8182;14;1;15;93.3333;47;12;59;79.661;34;6;40;85.0;55;9;64;85.9375;2026-08-07;-1.5151;-2.234;-1.242;v20|SEASON|AT_LEAST_ONE_STRONG|1.20|P6
v20;SEASON;HOME_STRONG;1.1;7;20;81;19;100;81.0;14;0;14;100.0;47;13;60;78.3333;34;6;40;85.0;55;10;65;84.6154;2026-08-07;-2.3333;-2.234;-2.5641;v20|SEASON|HOME_STRONG|1.10|P7
v20;SEASON;HOME_STRONG;1.1;8;20;81;19;100;81.0;14;0;14;100.0;47;13;60;78.3333;34;6;40;85.0;55;10;65;84.6154;2026-08-07;-2.3333;-2.234;-2.5641;v20|SEASON|HOME_STRONG|1.10|P8
v20;SEASON;HOME_STRONG;1.2;6;25;81;19;100;81.0;14;0;14;100.0;47;13;60;78.3333;34;6;40;85.0;55;10;65;84.6154;2026-08-07;-2.3333;-2.234;-2.5641;v20|SEASON|HOME_STRONG|1.20|P6
v20;SEASON;AT_LEAST_ONE_STRONG;1.4;6;43;71;14;85;83.5294;24;5;29;82.7586;43;9;52;82.6923;28;5;33;84.8485;50;7;57;87.7193;2026-08-07;0.1961;-2.3855;0.5398;v20|SEASON|AT_LEAST_ONE_STRONG|1.40|P6
v20;LAST5;AT_LEAST_ONE_STRONG;1.4;5;52;65;13;78;83.3333;30;6;36;83.3333;37;8;45;82.2222;28;5;33;84.8485;46;7;53;86.7925;2026-08-07;0.0;-2.3855;-0.387;v20|LAST5|AT_LEAST_ONE_STRONG|1.40|P5
v20;LAST5;AT_LEAST_ONE_STRONG;1.5;5;52;65;13;78;83.3333;30;6;36;83.3333;37;8;45;82.2222;28;5;33;84.8485;46;7;53;86.7925;2026-08-07;0.0;-2.3855;-0.387;v20|LAST5|AT_LEAST_ONE_STRONG|1.50|P5
v20;SEASON;HOME_STRONG;1.4;6;42;71;15;86;82.5581;24;4;28;85.7143;43;10;53;81.1321;28;5;33;84.8485;50;8;58;86.2069;2026-08-07;-0.7752;-2.3855;-0.9726;v20|SEASON|HOME_STRONG|1.40|P6
v20;LAST5;AT_LEAST_ONE_STRONG;1.4;9;52;55;10;65;84.6154;40;9;49;81.6327;33;6;39;84.6154;22;4;26;84.6154;41;6;47;87.234;2026-08-07;1.2821;-2.6186;0.0545;v20|LAST5|AT_LEAST_ONE_STRONG|1.40|P9
v20;LAST5;AT_LEAST_ONE_STRONG;1.4;10;52;55;10;65;84.6154;40;9;49;81.6327;33;6;39;84.6154;22;4;26;84.6154;41;6;47;87.234;2026-08-07;1.2821;-2.6186;0.0545;v20|LAST5|AT_LEAST_ONE_STRONG|1.40|P10
v20;LAST5;AT_LEAST_ONE_STRONG;1.5;9;52;55;10;65;84.6154;40;9;49;81.6327;33;6;39;84.6154;22;4;26;84.6154;41;6;47;87.234;2026-08-07;1.2821;-2.6186;0.0545;v20|LAST5|AT_LEAST_ONE_STRONG|1.50|P9
v20;LAST5;AT_LEAST_ONE_STRONG;1.5;10;52;55;10;65;84.6154;40;9;49;81.6327;33;6;39;84.6154;22;4;26;84.6154;41;6;47;87.234;2026-08-07;1.2821;-2.6186;0.0545;v20|LAST5|AT_LEAST_ONE_STRONG|1.50|P10
v20;SEASON;AT_LEAST_ONE_STRONG;1.0;12;16;82;16;98;83.6735;13;3;16;81.25;49;10;59;83.0508;33;6;39;84.6154;56;9;65;86.1538;2026-08-07;0.3402;-2.6186;-1.0257;v20|SEASON|AT_LEAST_ONE_STRONG|1.00|P12
v20;SEASON;AT_LEAST_ONE_STRONG;1.0;13;16;82;16;98;83.6735;13;3;16;81.25;49;10;59;83.0508;33;6;39;84.6154;56;9;65;86.1538;2026-08-07;0.3402;-2.6186;-1.0257;v20|SEASON|AT_LEAST_ONE_STRONG|1.00|P13
v20;SEASON;AT_LEAST_ONE_STRONG;1.0;14;16;82;16;98;83.6735;13;3;16;81.25;49;10;59;83.0508;33;6;39;84.6154;56;9;65;86.1538;2026-08-07;0.3402;-2.6186;-1.0257;v20|SEASON|AT_LEAST_ONE_STRONG|1.00|P14
v20;SEASON;AT_LEAST_ONE_STRONG;1.0;15;16;82;16;98;83.6735;13;3;16;81.25;49;10;59;83.0508;33;6;39;84.6154;56;9;65;86.1538;2026-08-07;0.3402;-2.6186;-1.0257;v20|SEASON|AT_LEAST_ONE_STRONG|1.00|P15
v20;SEASON;HOME_STRONG;1.0;12;15;82;17;99;82.8283;13;2;15;86.6667;49;11;60;81.6667;33;6;39;84.6154;56;10;66;84.8485;2026-08-07;-0.505;-2.6186;-2.331;v20|SEASON|HOME_STRONG|1.00|P12
v20;SEASON;HOME_STRONG;1.0;13;15;82;17;99;82.8283;13;2;15;86.6667;49;11;60;81.6667;33;6;39;84.6154;56;10;66;84.8485;2026-08-07;-0.505;-2.6186;-2.331;v20|SEASON|HOME_STRONG|1.00|P13
v20;SEASON;HOME_STRONG;1.0;14;15;82;17;99;82.8283;13;2;15;86.6667;49;11;60;81.6667;33;6;39;84.6154;56;10;66;84.8485;2026-08-07;-0.505;-2.6186;-2.331;v20|SEASON|HOME_STRONG|1.00|P14
v20;SEASON;HOME_STRONG;1.0;15;15;82;17;99;82.8283;13;2;15;86.6667;49;11;60;81.6667;33;6;39;84.6154;56;10;66;84.8485;2026-08-07;-0.505;-2.6186;-2.331;v20|SEASON|HOME_STRONG|1.00|P15
v20;SEASON;AT_LEAST_ONE_STRONG;1.0;9;16;82;17;99;82.8283;13;2;15;86.6667;49;11;60;81.6667;33;6;39;84.6154;56;9;65;86.1538;2026-08-07;-0.505;-2.6186;-1.0257;v20|SEASON|AT_LEAST_ONE_STRONG|1.00|P9
v20;SEASON;AT_LEAST_ONE_STRONG;1.0;10;16;82;17;99;82.8283;13;2;15;86.6667;49;11;60;81.6667;33;6;39;84.6154;56;9;65;86.1538;2026-08-07;-0.505;-2.6186;-1.0257;v20|SEASON|AT_LEAST_ONE_STRONG|1.00|P10
v20;SEASON;AT_LEAST_ONE_STRONG;1.0;11;16;82;17;99;82.8283;13;2;15;86.6667;49;11;60;81.6667;33;6;39;84.6154;56;9;65;86.1538;2026-08-07;-0.505;-2.6186;-1.0257;v20|SEASON|AT_LEAST_ONE_STRONG|1.00|P11
v20;SEASON;HOME_STRONG;1.0;9;15;82;18;100;82.0;13;1;14;92.8571;49;12;61;80.3279;33;6;39;84.6154;56;10;66;84.8485;2026-08-07;-1.3333;-2.6186;-2.331;v20|SEASON|HOME_STRONG|1.00|P9
v20;SEASON;HOME_STRONG;1.0;10;15;82;18;100;82.0;13;1;14;92.8571;49;12;61;80.3279;33;6;39;84.6154;56;10;66;84.8485;2026-08-07;-1.3333;-2.6186;-2.331;v20|SEASON|HOME_STRONG|1.00|P10
v20;SEASON;HOME_STRONG;1.0;11;15;82;18;100;82.0;13;1;14;92.8571;49;12;61;80.3279;33;6;39;84.6154;56;10;66;84.8485;2026-08-07;-1.3333;-2.6186;-2.331;v20|SEASON|HOME_STRONG|1.00|P11
v20;LAST5;AT_LEAST_ONE_STRONG;1.4;6;52;64;13;77;83.1169;31;6;37;83.7838;37;8;45;82.2222;27;5;32;84.375;45;7;52;86.5385;2026-08-07;-0.2164;-2.859;-0.641;v20|LAST5|AT_LEAST_ONE_STRONG|1.40|P6
v20;LAST5;AT_LEAST_ONE_STRONG;1.5;6;52;64;13;77;83.1169;31;6;37;83.7838;37;8;45;82.2222;27;5;32;84.375;45;7;52;86.5385;2026-08-07;-0.2164;-2.859;-0.641;v20|LAST5|AT_LEAST_ONE_STRONG|1.50|P6
v20;LAST5;HOME_STRONG;1.6;9;63;43;11;54;79.6296;52;8;60;86.6667;27;8;35;77.1429;16;3;19;84.2105;30;7;37;81.0811;2026-08-07;-3.7037;-3.0235;-6.0984;v20|LAST5|HOME_STRONG|1.60|P9
v20;LAST5;HOME_STRONG;1.6;10;63;43;11;54;79.6296;52;8;60;86.6667;27;8;35;77.1429;16;3;19;84.2105;30;7;37;81.0811;2026-08-07;-3.7037;-3.0235;-6.0984;v20|LAST5|HOME_STRONG|1.60|P10
v20;SEASON;AT_LEAST_ONE_STRONG;1.1;9;21;79;17;96;82.2917;16;2;18;88.8889;47;11;58;81.0345;32;6;38;84.2105;53;9;62;85.4839;2026-08-07;-1.0416;-3.0235;-1.6956;v20|SEASON|AT_LEAST_ONE_STRONG|1.10|P9
v20;SEASON;AT_LEAST_ONE_STRONG;1.1;10;21;79;17;96;82.2917;16;2;18;88.8889;47;11;58;81.0345;32;6;38;84.2105;53;9;62;85.4839;2026-08-07;-1.0416;-3.0235;-1.6956;v20|SEASON|AT_LEAST_ONE_STRONG|1.10|P10
v20;SEASON;HOME_STRONG;1.1;9;20;79;18;97;81.4433;16;1;17;94.1176;47;12;59;79.661;32;6;38;84.2105;53;10;63;84.127;2026-08-07;-1.89;-3.0235;-3.0525;v20|SEASON|HOME_STRONG|1.10|P9
v20;SEASON;HOME_STRONG;1.1;10;20;79;18;97;81.4433;16;1;17;94.1176;47;12;59;79.661;32;6;38;84.2105;53;10;63;84.127;2026-08-07;-1.89;-3.0235;-3.0525;v20|SEASON|HOME_STRONG|1.10|P10
v20;SEASON;AT_LEAST_ONE_STRONG;1.4;9;43;63;11;74;85.1351;32;8;40;80.0;42;7;49;85.7143;21;4;25;84.0;44;7;51;86.2745;2026-08-07;1.8018;-3.234;-0.905;v20|SEASON|AT_LEAST_ONE_STRONG|1.40|P9
v20;SEASON;AT_LEAST_ONE_STRONG;1.4;10;43;63;11;74;85.1351;32;8;40;80.0;42;7;49;85.7143;21;4;25;84.0;44;7;51;86.2745;2026-08-07;1.8018;-3.234;-0.905;v20|SEASON|AT_LEAST_ONE_STRONG|1.40|P10
v20;SEASON;HOME_STRONG;1.4;9;42;63;12;75;84.0;32;7;39;82.0513;42;8;50;84.0;21;4;25;84.0;44;8;52;84.6154;2026-08-07;0.6667;-3.234;-2.5641;v20|SEASON|HOME_STRONG|1.40|P9
v20;SEASON;HOME_STRONG;1.4;10;42;63;12;75;84.0;32;7;39;82.0513;42;8;50;84.0;21;4;25;84.0;44;8;52;84.6154;2026-08-07;0.6667;-3.234;-2.5641;v20|SEASON|HOME_STRONG|1.40|P10
v22;LAST5;AWAY_STRONG;1.6;13;265;332;94;426;77.9343;150;87;237;63.2911;196;66;262;74.8092;136;28;164;82.9268;245;67;312;78.5256;2026-08-06;5.2345;7.1692;5.36;v22|LAST5|AWAY_STRONG|1.60|P13
v22;LAST5;AWAY_STRONG;1.6;15;265;321;90;411;78.1022;161;91;252;63.8889;191;63;254;75.1969;130;27;157;82.8025;238;64;302;78.8079;2026-08-06;5.4024;7.0449;5.6423;v22|LAST5|AWAY_STRONG|1.60|P15
v22;LAST5;AWAY_STRONG;1.6;14;265;326;92;418;77.9904;156;89;245;63.6735;194;64;258;75.1938;132;28;160;82.5;243;65;308;78.8961;2026-08-06;5.2906;6.7424;5.7305;v22|LAST5|AWAY_STRONG|1.60|P14
v22;LAST5;AWAY_STRONG;1.6;12;265;337;97;434;77.6498;145;84;229;63.3188;198;67;265;74.717;139;30;169;82.2485;250;69;319;78.3699;2026-08-06;4.95;6.4909;5.2043;v22|LAST5|AWAY_STRONG|1.60|P12
v22;LAST5;AT_LEAST_ONE_STRONG;1.6;15;431;207;58;265;78.1132;275;123;398;69.0955;131;41;172;76.1628;76;17;93;81.7204;158;46;204;77.451;2026-08-06;5.4134;5.9628;4.2854;v22|LAST5|AT_LEAST_ONE_STRONG|1.60|P15
v22;LAST5;AWAY_STRONG;1.6;11;265;345;101;446;77.3543;137;80;217;63.1336;202;68;270;74.8148;143;33;176;81.25;257;72;329;78.1155;2026-08-06;4.6545;5.4924;4.9499;v22|LAST5|AWAY_STRONG|1.60|P11
v22;LAST5;AWAY_STRONG;1.6;10;265;349;104;453;77.0419;133;77;210;63.3333;202;70;272;74.2647;147;34;181;81.2155;260;75;335;77.6119;2026-08-06;4.3421;5.4579;4.4463;v22|LAST5|AWAY_STRONG|1.60|P10
v22;LAST5;AT_LEAST_ONE_STRONG;1.6;13;431;226;66;292;77.3973;256;115;371;69.0027;139;45;184;75.5435;87;21;108;80.5556;173;53;226;76.5487;2026-08-06;4.6975;4.798;3.3831;v22|LAST5|AT_LEAST_ONE_STRONG|1.60|P13
v22;LAST5;AWAY_STRONG;1.6;9;265;354;109;463;76.4579;128;72;200;64.0;205;73;278;73.741;149;36;185;80.5405;263;80;343;76.6764;2026-08-06;3.7581;4.7829;3.5108;v22|LAST5|AWAY_STRONG|1.60|P9
v22;LAST5;AT_LEAST_ONE_STRONG;1.6;14;431;216;63;279;77.4194;266;118;384;69.2708;135;43;178;75.8427;81;20;101;80.198;167;50;217;76.9585;2026-08-06;4.7196;4.4404;3.7929;v22|LAST5|AT_LEAST_ONE_STRONG|1.60|P14
v22;LAST5;AWAY_STRONG;1.6;7;265;375;120;495;75.7576;107;61;168;63.6905;217;80;297;73.064;158;40;198;79.798;278;86;364;76.3736;2026-08-06;3.0578;4.0404;3.208;v22|LAST5|AWAY_STRONG|1.60|P7
v22;LAST5;AWAY_STRONG;1.6;6;265;385;126;511;75.3425;97;55;152;63.8158;221;84;305;72.459;164;42;206;79.6117;282;91;373;75.6032;2026-08-06;2.6427;3.8541;2.4376;v22|LAST5|AWAY_STRONG|1.60|P6
v22;LAST5;AT_LEAST_ONE_STRONG;1.6;12;431;236;71;307;76.873;246;110;356;69.1011;143;47;190;75.2632;93;24;117;79.4872;182;55;237;76.7932;2026-08-06;4.1732;3.7296;3.6276;v22|LAST5|AT_LEAST_ONE_STRONG|1.60|P12
v22;LAST5;AWAY_STRONG;1.6;8;265;365;114;479;76.2004;117;67;184;63.587;210;74;284;73.9437;155;40;195;79.4872;272;84;356;76.4045;2026-08-06;3.5006;3.7296;3.2389;v22|LAST5|AWAY_STRONG|1.60|P8
v22;LAST5;AWAY_STRONG;1.6;5;265;403;134;537;75.0466;79;47;126;62.6984;231;89;320;72.1875;172;45;217;79.2627;295;96;391;75.4476;2026-08-06;2.3468;3.5051;2.282;v22|LAST5|AWAY_STRONG|1.60|P5
v22;LAST5;AWAY_STRONG;1.4;15;191;365;116;481;75.8836;117;65;182;64.2857;220;78;298;73.8255;145;38;183;79.235;270;85;355;76.0563;2026-08-06;3.1838;3.4774;2.8907;v22|LAST5|AWAY_STRONG|1.40|P15
v22;LAST5;AWAY_STRONG;1.5;15;191;365;116;481;75.8836;117;65;182;64.2857;220;78;298;73.8255;145;38;183;79.235;270;85;355;76.0563;2026-08-06;3.1838;3.4774;2.8907;v22|LAST5|AWAY_STRONG|1.50|P15
v22;LAST5;AWAY_STRONG;1.4;13;191;372;120;492;75.6098;110;61;171;64.3275;224;81;305;73.4426;148;39;187;79.1444;273;88;361;75.6233;2026-08-06;2.91;3.3868;2.4577;v22|LAST5|AWAY_STRONG|1.40|P13
v22;LAST5;AWAY_STRONG;1.5;13;191;372;120;492;75.6098;110;61;171;64.3275;224;81;305;73.4426;148;39;187;79.1444;273;88;361;75.6233;2026-08-06;2.91;3.3868;2.4577;v22|LAST5|AWAY_STRONG|1.50|P13
v22;LAST5;AWAY_STRONG;1.6;4;265;416;141;557;74.6858;66;40;106;62.2642;240;94;334;71.8563;176;47;223;78.9238;303;100;403;75.1861;2026-08-06;1.986;3.1662;2.0205;v22|LAST5|AWAY_STRONG|1.60|P4
v22;LAST5;AWAY_STRONG;1.4;14;191;367;118;485;75.6701;115;63;178;64.6067;222;79;301;73.7542;145;39;184;78.8043;272;86;358;75.9777;2026-08-06;2.9703;3.0467;2.8121;v22|LAST5|AWAY_STRONG|1.40|P14
v22;LAST5;AWAY_STRONG;1.5;14;191;367;118;485;75.6701;115;63;178;64.6067;222;79;301;73.7542;145;39;184;78.8043;272;86;358;75.9777;2026-08-06;2.9703;3.0467;2.8121;v22|LAST5|AWAY_STRONG|1.50|P14
v22;LAST5;AT_LEAST_ONE_STRONG;1.6;10;431;253;80;333;75.976;229;101;330;69.3939;149;52;201;74.1294;104;28;132;78.7879;197;61;258;76.3566;2026-08-06;3.2762;3.0303;3.191;v22|LAST5|AT_LEAST_ONE_STRONG|1.60|P10
v22;LAST5;AWAY_STRONG;1.6;3;265;428;151;579;73.9206;54;30;84;64.2857;248;102;350;70.8571;180;49;229;78.6026;310;105;415;74.6988;2026-08-06;1.2208;2.845;1.5332;v22|LAST5|AWAY_STRONG|1.60|P3
v22;LAST5;AT_LEAST_ONE_STRONG;1.6;11;431;247;76;323;76.4706;235;105;340;69.1176;148;49;197;75.1269;99;27;126;78.5714;192;58;250;76.8;2026-08-06;3.7708;2.8138;3.6344;v22|LAST5|AT_LEAST_ONE_STRONG|1.60|P11
v22;LAST5;AT_LEAST_ONE_STRONG;1.6;2;431;419;149;568;73.7676;63;32;95;66.3158;240;100;340;70.5882;179;49;228;78.5088;305;107;412;74.0291;2026-08-06;1.0678;2.7512;0.8635;v22|LAST5|AT_LEAST_ONE_STRONG|1.60|P2
v22;LAST5;AWAY_STRONG;1.6;2;265;440;156;596;73.8255;42;25;67;62.6866;254;105;359;70.7521;186;51;237;78.481;317;109;426;74.4131;2026-08-06;1.1257;2.7234;1.2475;v22|LAST5|AWAY_STRONG|1.60|P2
v22;LAST5;AT_LEAST_ONE_STRONG;1.6;3;431;400;142;542;73.8007;82;39;121;67.7686;229;95;324;70.679;171;47;218;78.4404;295;102;397;74.3073;2026-08-06;1.1009;2.6828;1.1417;v22|LAST5|AT_LEAST_ONE_STRONG|1.60|P3
v22;LAST5;AWAY_STRONG;1.4;12;191;374;122;496;75.4032;108;59;167;64.6707;225;81;306;73.5294;149;41;190;78.4211;275;90;365;75.3425;2026-08-06;2.7034;2.6635;2.1769;v22|LAST5|AWAY_STRONG|1.40|P12
v22;LAST5;AWAY_STRONG;1.5;12;191;374;122;496;75.4032;108;59;167;64.6707;225;81;306;73.5294;149;41;190;78.4211;275;90;365;75.3425;2026-08-06;2.7034;2.6635;2.1769;v22|LAST5|AWAY_STRONG|1.50|P12
v22;LAST5;AWAY_STRONG;1.4;10;191;383;125;508;75.3937;99;56;155;63.871;227;82;309;73.4628;156;43;199;78.392;283;92;375;75.4667;2026-08-06;2.6939;2.6344;2.3011;v22|LAST5|AWAY_STRONG|1.40|P10
v22;LAST5;AWAY_STRONG;1.5;10;191;383;125;508;75.3937;99;56;155;63.871;227;82;309;73.4628;156;43;199;78.392;283;92;375;75.4667;2026-08-06;2.6939;2.6344;2.3011;v22|LAST5|AWAY_STRONG|1.50|P10
v22;LAST5;AT_LEAST_ONE_STRONG;1.6;5;431;352;120;472;74.5763;130;61;191;68.0628;201;78;279;72.043;151;42;193;78.2383;262;89;351;74.6439;2026-08-06;1.8765;2.4807;1.4783;v22|LAST5|AT_LEAST_ONE_STRONG|1.60|P5
v22;LAST5;AWAY_STRONG;1.4;9;191;387;128;515;75.1456;95;53;148;64.1892;229;84;313;73.1629;158;44;202;78.2178;285;95;380;75.0;2026-08-06;2.4458;2.4602;1.8344;v22|LAST5|AWAY_STRONG|1.40|P9
v22;LAST5;AWAY_STRONG;1.5;9;191;387;128;515;75.1456;95;53;148;64.1892;229;84;313;73.1629;158;44;202;78.2178;285;95;380;75.0;2026-08-06;2.4458;2.4602;1.8344;v22|LAST5|AWAY_STRONG|1.50|P9
v22;LAST5;AWAY_STRONG;1.0;12;81;437;152;589;74.1935;45;29;74;60.8108;259;102;361;71.7452;178;50;228;78.0702;318;112;430;73.9535;2026-08-06;1.4937;2.3126;0.7879;v22|LAST5|AWAY_STRONG|1.00|P12
v22;LAST5;AWAY_STRONG;1.1;12;81;437;152;589;74.1935;45;29;74;60.8108;259;102;361;71.7452;178;50;228;78.0702;318;112;430;73.9535;2026-08-06;1.4937;2.3126;0.7879;v22|LAST5|AWAY_STRONG|1.10|P12
v22;LAST5;AT_LEAST_ONE_STRONG;1.0;14;155;386;133;519;74.3738;96;48;144;66.6667;230;89;319;72.1003;156;44;200;78.0;287;100;387;74.1602;2026-08-06;1.674;2.2424;0.9946;v22|LAST5|AT_LEAST_ONE_STRONG|1.00|P14
v22;LAST5;AT_LEAST_ONE_STRONG;1.1;14;155;386;133;519;74.3738;96;48;144;66.6667;230;89;319;72.1003;156;44;200;78.0;287;100;387;74.1602;2026-08-06;1.674;2.2424;0.9946;v22|LAST5|AT_LEAST_ONE_STRONG|1.10|P14
v22;LAST5;AWAY_STRONG;1.4;6;191;409;141;550;74.3636;73;40;113;64.6018;239;93;332;71.988;170;48;218;77.9817;298;104;402;74.1294;2026-08-06;1.6638;2.2241;0.9638;v22|LAST5|AWAY_STRONG|1.40|P6
v22;LAST5;AWAY_STRONG;1.5;6;191;409;141;550;74.3636;73;40;113;64.6018;239;93;332;71.988;170;48;218;77.9817;298;104;402;74.1294;2026-08-06;1.6638;2.2241;0.9638;v22|LAST5|AWAY_STRONG|1.50|P6
v22;LAST5;AWAY_STRONG;1.0;15;81;434;151;585;74.188;48;30;78;61.5385;257;101;358;71.7877;177;50;227;77.9736;316;112;428;73.8318;2026-08-06;1.4882;2.216;0.6662;v22|LAST5|AWAY_STRONG|1.00|P15
v22;LAST5;AWAY_STRONG;1.1;15;81;434;151;585;74.188;48;30;78;61.5385;257;101;358;71.7877;177;50;227;77.9736;316;112;428;73.8318;2026-08-06;1.4882;2.216;0.6662;v22|LAST5|AWAY_STRONG|1.10|P15
v22;LAST5;AWAY_STRONG;1.0;13;81;436;152;588;74.1497;46;29;75;61.3333;259;102;361;71.7452;177;50;227;77.9736;317;112;429;73.8928;2026-08-06;1.4499;2.216;0.7272;v22|LAST5|AWAY_STRONG|1.00|P13
v22;LAST5;AWAY_STRONG;1.1;13;81;436;152;588;74.1497;46;29;75;61.3333;259;102;361;71.7452;177;50;227;77.9736;317;112;429;73.8928;2026-08-06;1.4499;2.216;0.7272;v22|LAST5|AWAY_STRONG|1.10|P13
v22;LAST5;AWAY_STRONG;1.0;14;81;435;152;587;74.1056;47;29;76;61.8421;258;102;360;71.6667;177;50;227;77.9736;317;112;429;73.8928;2026-08-06;1.4058;2.216;0.7272;v22|LAST5|AWAY_STRONG|1.00|P14
v22;LAST5;AWAY_STRONG;1.1;14;81;435;152;587;74.1056;47;29;76;61.8421;258;102;360;71.6667;177;50;227;77.9736;317;112;429;73.8928;2026-08-06;1.4058;2.216;0.7272;v22|LAST5|AWAY_STRONG|1.10|P14
v22;LAST5;AT_LEAST_ONE_STRONG;1.4;15;336;265;83;348;76.1494;217;98;315;68.8889;166;55;221;75.1131;99;28;127;77.9528;201;66;267;75.2809;2026-08-06;3.4496;2.1952;2.1153;v22|LAST5|AT_LEAST_ONE_STRONG|1.40|P15
v22;LAST5;AT_LEAST_ONE_STRONG;1.5;15;336;265;83;348;76.1494;217;98;315;68.8889;166;55;221;75.1131;99;28;127;77.9528;201;66;267;75.2809;2026-08-06;3.4496;2.1952;2.1153;v22|LAST5|AT_LEAST_ONE_STRONG|1.50|P15
v22;LAST5;AWAY_STRONG;1.4;11;191;379;124;503;75.3479;103;57;160;64.375;227;81;308;73.7013;152;43;195;77.9487;280;91;371;75.4717;2026-08-06;2.6481;2.1911;2.3061;v22|LAST5|AWAY_STRONG|1.40|P11
v22;LAST5;AWAY_STRONG;1.5;11;191;379;124;503;75.3479;103;57;160;64.375;227;81;308;73.7013;152;43;195;77.9487;280;91;371;75.4717;2026-08-06;2.6481;2.1911;2.3061;v22|LAST5|AWAY_STRONG|1.50|P11
v22;LAST5;AT_LEAST_ONE_STRONG;1.4;13;336;279;89;368;75.8152;203;92;295;68.8136;173;59;232;74.569;106;30;136;77.9412;211;71;282;74.8227;2026-08-06;3.1154;2.1836;1.6571;v22|LAST5|AT_LEAST_ONE_STRONG|1.40|P13
v22;LAST5;AT_LEAST_ONE_STRONG;1.5;13;336;279;89;368;75.8152;203;92;295;68.8136;173;59;232;74.569;106;30;136;77.9412;211;71;282;74.8227;2026-08-06;3.1154;2.1836;1.6571;v22|LAST5|AT_LEAST_ONE_STRONG|1.50|P13
v22;LAST5;AT_LEAST_ONE_STRONG;1.6;4;431;372;130;502;74.1036;110;51;161;68.323;213;85;298;71.4765;159;45;204;77.9412;275;95;370;74.3243;2026-08-06;1.4038;2.1836;1.1587;v22|LAST5|AT_LEAST_ONE_STRONG|1.60|P4
v22;LAST5;AWAY_STRONG;1.4;7;191;402;137;539;74.5826;80;44;124;64.5161;236;90;326;72.3926;166;47;213;77.9343;295;101;396;74.4949;2026-08-06;1.8828;2.1767;1.3293;v22|LAST5|AWAY_STRONG|1.40|P7
v22;LAST5;AWAY_STRONG;1.5;7;191;402;137;539;74.5826;80;44;124;64.5161;236;90;326;72.3926;166;47;213;77.9343;295;101;396;74.4949;2026-08-06;1.8828;2.1767;1.3293;v22|LAST5|AWAY_STRONG|1.50|P7
v22;LAST5;AWAY_STRONG;1.0;7;81;443;158;601;73.7105;39;23;62;62.9032;260;106;366;71.0383;183;52;235;77.8723;323;117;440;73.4091;2026-08-06;1.0107;2.1147;0.2435;v22|LAST5|AWAY_STRONG|1.00|P7
v22;LAST5;AWAY_STRONG;1.1;7;81;443;158;601;73.7105;39;23;62;62.9032;260;106;366;71.0383;183;52;235;77.8723;323;117;440;73.4091;2026-08-06;1.0107;2.1147;0.2435;v22|LAST5|AWAY_STRONG|1.10|P7
v22;LAST5;AT_LEAST_ONE_STRONG;1.4;2;336;432;156;588;73.4694;50;25;75;66.6667;249;104;353;70.5382;183;52;235;77.8723;314;113;427;73.5363;2026-08-06;0.7696;2.1147;0.3707;v22|LAST5|AT_LEAST_ONE_STRONG|1.40|P2
v22;LAST5;AT_LEAST_ONE_STRONG;1.5;2;336;432;156;588;73.4694;50;25;75;66.6667;249;104;353;70.5382;183;52;235;77.8723;314;113;427;73.5363;2026-08-06;0.7696;2.1147;0.3707;v22|LAST5|AT_LEAST_ONE_STRONG|1.50|P2
v22;LAST5;AT_LEAST_ONE_STRONG;1.4;14;336;271;86;357;75.9104;211;95;306;68.9542;169;57;226;74.7788;102;29;131;77.8626;207;68;275;75.2727;2026-08-06;3.2106;2.105;2.1071;v22|LAST5|AT_LEAST_ONE_STRONG|1.40|P14
v22;LAST5;AT_LEAST_ONE_STRONG;1.5;14;336;271;86;357;75.9104;211;95;306;68.9542;169;57;226;74.7788;102;29;131;77.8626;207;68;275;75.2727;2026-08-06;3.2106;2.105;2.1071;v22|LAST5|AT_LEAST_ONE_STRONG|1.50|P14
v22;SEASON;AT_LEAST_ONE_STRONG;1.5;14;295;280;103;383;73.107;202;78;280;72.1429;164;70;234;70.0855;116;33;149;77.8523;207;77;284;72.8873;2026-08-06;0.4072;2.0947;-0.2783;v22|SEASON|AT_LEAST_ONE_STRONG|1.50|P14
v22;LAST5;AT_LEAST_ONE_STRONG;1.2;14;241;326;114;440;74.0909;156;67;223;69.9552;196;77;273;71.7949;130;37;167;77.8443;246;89;335;73.4328;2026-08-06;1.3911;2.0867;0.2672;v22|LAST5|AT_LEAST_ONE_STRONG|1.20|P14
v22;LAST5;AT_LEAST_ONE_STRONG;1.3;14;241;326;114;440;74.0909;156;67;223;69.9552;196;77;273;71.7949;130;37;167;77.8443;246;89;335;73.4328;2026-08-06;1.3911;2.0867;0.2672;v22|LAST5|AT_LEAST_ONE_STRONG|1.30|P14
v22;LAST5;AT_LEAST_ONE_STRONG;1.6;6;431;324;110;434;74.6544;158;71;229;68.9956;187;71;258;72.4806;137;39;176;77.8409;244;83;327;74.6177;2026-08-06;1.9546;2.0833;1.4521;v22|LAST5|AT_LEAST_ONE_STRONG|1.60|P6
v22;LAST5;AWAY_STRONG;1.2;12;128;404;142;546;73.9927;78;39;117;66.6667;239;95;334;71.5569;165;47;212;77.8302;298;107;405;73.5802;2026-08-06;1.2929;2.0726;0.4146;v22|LAST5|AWAY_STRONG|1.20|P12
v22;LAST5;AWAY_STRONG;1.3;12;128;404;142;546;73.9927;78;39;117;66.6667;239;95;334;71.5569;165;47;212;77.8302;298;107;405;73.5802;2026-08-06;1.2929;2.0726;0.4146;v22|LAST5|AWAY_STRONG|1.30|P12
v22;LAST5;AWAY_STRONG;1.0;11;81;438;153;591;74.1117;44;28;72;61.1111;259;102;361;71.7452;179;51;230;77.8261;319;113;432;73.8426;2026-08-06;1.4119;2.0685;0.677;v22|LAST5|AWAY_STRONG|1.00|P11
v22;LAST5;AWAY_STRONG;1.1;11;81;438;153;591;74.1117;44;28;72;61.1111;259;102;361;71.7452;179;51;230;77.8261;319;113;432;73.8426;2026-08-06;1.4119;2.0685;0.677;v22|LAST5|AWAY_STRONG|1.10|P11
v22;LAST5;AWAY_STRONG;1.0;10;81;438;154;592;73.9865;44;27;71;61.9718;259;103;362;71.547;179;51;230;77.8261;319;114;433;73.6721;2026-08-06;1.2867;2.0685;0.5065;v22|LAST5|AWAY_STRONG|1.00|P10
v22;LAST5;AWAY_STRONG;1.1;10;81;438;154;592;73.9865;44;27;71;61.9718;259;103;362;71.547;179;51;230;77.8261;319;114;433;73.6721;2026-08-06;1.2867;2.0685;0.5065;v22|LAST5|AWAY_STRONG|1.10|P10
v22;LAST5;AWAY_STRONG;1.0;9;81;438;155;593;73.8617;44;26;70;62.8571;259;104;363;71.3499;179;51;230;77.8261;319;115;434;73.5023;2026-08-06;1.1619;2.0685;0.3367;v22|LAST5|AWAY_STRONG|1.00|P9
v22;LAST5;AWAY_STRONG;1.1;9;81;438;155;593;73.8617;44;26;70;62.8571;259;104;363;71.3499;179;51;230;77.8261;319;115;434;73.5023;2026-08-06;1.1619;2.0685;0.3367;v22|LAST5|AWAY_STRONG|1.10|P9
v22;LAST5;AT_LEAST_ONE_STRONG;1.6;7;431;305;101;406;75.1232;177;80;257;68.8716;179;65;244;73.3607;126;36;162;77.7778;233;76;309;75.4045;2026-08-06;2.4234;2.0202;2.2389;v22|LAST5|AT_LEAST_ONE_STRONG|1.60|P7
v22;LAST5;AT_LEAST_ONE_STRONG;1.0;15;155;383;131;514;74.5136;99;50;149;66.443;229;87;316;72.4684;154;44;198;77.7778;284;99;383;74.1514;2026-08-06;1.8138;2.0202;0.9858;v22|LAST5|AT_LEAST_ONE_STRONG|1.00|P15
v22;LAST5;AT_LEAST_ONE_STRONG;1.1;15;155;383;131;514;74.5136;99;50;149;66.443;229;87;316;72.4684;154;44;198;77.7778;284;99;383;74.1514;2026-08-06;1.8138;2.0202;0.9858;v22|LAST5|AT_LEAST_ONE_STRONG|1.10|P15
v22;LAST5;AWAY_STRONG;1.0;6;81;448;159;607;73.8056;34;22;56;60.7143;263;106;369;71.2737;185;53;238;77.7311;325;118;443;73.3634;2026-08-06;1.1058;1.9735;0.1978;v22|LAST5|AWAY_STRONG|1.00|P6
v22;LAST5;AWAY_STRONG;1.1;6;81;448;159;607;73.8056;34;22;56;60.7143;263;106;369;71.2737;185;53;238;77.7311;325;118;443;73.3634;2026-08-06;1.1058;1.9735;0.1978;v22|LAST5|AWAY_STRONG|1.10|P6
v22;LAST5;AWAY_STRONG;1.4;5;191;424;146;570;74.386;58;35;93;62.3656;246;95;341;72.1408;178;51;229;77.7293;310;106;416;74.5192;2026-08-06;1.6862;1.9717;1.3536;v22|LAST5|AWAY_STRONG|1.40|P5
v22;LAST5;AWAY_STRONG;1.5;5;191;424;146;570;74.386;58;35;93;62.3656;246;95;341;72.1408;178;51;229;77.7293;310;106;416;74.5192;2026-08-06;1.6862;1.9717;1.3536;v22|LAST5|AWAY_STRONG|1.50|P5
v22;LAST5;AT_LEAST_ONE_STRONG;1.4;3;336;419;151;570;73.5088;63;30;93;67.7419;241;100;341;70.6745;178;51;229;77.7293;308;109;417;73.8609;2026-08-06;0.809;1.9717;0.6953;v22|LAST5|AT_LEAST_ONE_STRONG|1.40|P3
v22;LAST5;AT_LEAST_ONE_STRONG;1.5;3;336;419;151;570;73.5088;63;30;93;67.7419;241;100;341;70.6745;178;51;229;77.7293;308;109;417;73.8609;2026-08-06;0.809;1.9717;0.6953;v22|LAST5|AT_LEAST_ONE_STRONG|1.50|P3
v22;LAST5;AWAY_STRONG;1.2;13;128;402;142;544;73.8971;80;39;119;67.2269;238;95;333;71.4715;164;47;211;77.7251;296;107;403;73.4491;2026-08-06;1.1973;1.9675;0.2835;v22|LAST5|AWAY_STRONG|1.20|P13
v22;LAST5;AWAY_STRONG;1.3;13;128;402;142;544;73.8971;80;39;119;67.2269;238;95;333;71.4715;164;47;211;77.7251;296;107;403;73.4491;2026-08-06;1.1973;1.9675;0.2835;v22|LAST5|AWAY_STRONG|1.30|P13
v22;LAST5;AWAY_STRONG;1.0;8;81;441;156;597;73.8693;41;25;66;62.1212;260;104;364;71.4286;181;52;233;77.6824;321;116;437;73.4554;2026-08-06;1.1695;1.9248;0.2898;v22|LAST5|AWAY_STRONG|1.00|P8
v22;LAST5;AWAY_STRONG;1.1;8;81;441;156;597;73.8693;41;25;66;62.1212;260;104;364;71.4286;181;52;233;77.6824;321;116;437;73.4554;2026-08-06;1.1695;1.9248;0.2898;v22|LAST5|AWAY_STRONG|1.10|P8
v22;LAST5;AT_LEAST_ONE_STRONG;1.0;6;155;417;148;565;73.8053;65;33;98;66.3265;243;98;341;71.261;174;50;224;77.6786;308;111;419;73.5084;2026-08-06;1.1055;1.921;0.3428;v22|LAST5|AT_LEAST_ONE_STRONG|1.00|P6
v22;LAST5;AT_LEAST_ONE_STRONG;1.1;6;155;417;148;565;73.8053;65;33;98;66.3265;243;98;341;71.261;174;50;224;77.6786;308;111;419;73.5084;2026-08-06;1.1055;1.921;0.3428;v22|LAST5|AT_LEAST_ONE_STRONG|1.10|P6
v22;SEASON;AT_LEAST_ONE_STRONG;1.5;2;295;429;155;584;73.4589;53;26;79;67.0886;245;102;347;70.6052;184;53;237;77.6371;311;112;423;73.5225;2026-08-06;0.7591;1.8795;0.3569;v22|SEASON|AT_LEAST_ONE_STRONG|1.50|P2
v22;LAST5;AT_LEAST_ONE_STRONG;1.0;7;155;409;145;554;73.8267;73;36;109;66.9725;239;96;335;71.3433;170;49;219;77.6256;304;109;413;73.6077;2026-08-06;1.1269;1.868;0.4421;v22|LAST5|AT_LEAST_ONE_STRONG|1.00|P7
v22;LAST5;AT_LEAST_ONE_STRONG;1.1;7;155;409;145;554;73.8267;73;36;109;66.9725;239;96;335;71.3433;170;49;219;77.6256;304;109;413;73.6077;2026-08-06;1.1269;1.868;0.4421;v22|LAST5|AT_LEAST_ONE_STRONG|1.10|P7
v22;LAST5;AWAY_STRONG;1.2;9;128;411;146;557;73.7882;71;35;106;66.9811;241;97;338;71.3018;170;49;219;77.6256;303;110;413;73.3656;2026-08-06;1.0884;1.868;0.2;v22|LAST5|AWAY_STRONG|1.20|P9
v22;LAST5;AWAY_STRONG;1.3;9;128;411;146;557;73.7882;71;35;106;66.9811;241;97;338;71.3018;170;49;219;77.6256;303;110;413;73.3656;2026-08-06;1.0884;1.868;0.2;v22|LAST5|AWAY_STRONG|1.30|P9
v22;LAST5;AWAY_STRONG;1.4;8;191;394;132;526;74.9049;88;49;137;64.2336;231;85;316;73.1013;163;47;210;77.619;291;99;390;74.6154;2026-08-06;2.2051;1.8614;1.4498;v22|LAST5|AWAY_STRONG|1.40|P8
v22;LAST5;AWAY_STRONG;1.5;8;191;394;132;526;74.9049;88;49;137;64.2336;231;85;316;73.1013;163;47;210;77.619;291;99;390;74.6154;2026-08-06;2.2051;1.8614;1.4498;v22|LAST5|AWAY_STRONG|1.50|P8
v22;LAST5;AWAY_STRONG;1.2;15;128;399;140;539;74.026;83;41;124;66.9355;236;93;329;71.7325;163;47;210;77.619;294;106;400;73.5;2026-08-06;1.3262;1.8614;0.3344;v22|LAST5|AWAY_STRONG|1.20|P15
v22;LAST5;AWAY_STRONG;1.3;15;128;399;140;539;74.026;83;41;124;66.9355;236;93;329;71.7325;163;47;210;77.619;294;106;400;73.5;2026-08-06;1.3262;1.8614;0.3344;v22|LAST5|AWAY_STRONG|1.30|P15
v22;LAST5;AWAY_STRONG;1.2;14;128;400;141;541;73.9372;82;40;122;67.2131;237;94;331;71.6012;163;47;210;77.619;295;106;401;73.5661;2026-08-06;1.2374;1.8614;0.4005;v22|LAST5|AWAY_STRONG|1.20|P14
v22;LAST5;AWAY_STRONG;1.3;14;128;400;141;541;73.9372;82;40;122;67.2131;237;94;331;71.6012;163;47;210;77.619;295;106;401;73.5661;2026-08-06;1.2374;1.8614;0.4005;v22|LAST5|AWAY_STRONG|1.30|P14
v22;LAST5;AT_LEAST_ONE_STRONG;1.0;13;155;388;134;522;74.3295;94;47;141;66.6667;232;89;321;72.2741;156;45;201;77.6119;288;101;389;74.036;2026-08-06;1.6297;1.8543;0.8704;v22|LAST5|AT_LEAST_ONE_STRONG|1.00|P13
v22;LAST5;AT_LEAST_ONE_STRONG;1.1;13;155;388;134;522;74.3295;94;47;141;66.6667;232;89;321;72.2741;156;45;201;77.6119;288;101;389;74.036;2026-08-06;1.6297;1.8543;0.8704;v22|LAST5|AT_LEAST_ONE_STRONG|1.10|P13
v22;LAST5;BOTH_STRONG;1.6;10;97;430;149;579;74.266;52;32;84;61.9048;250;97;347;72.0461;180;52;232;77.5862;316;107;423;74.7045;2026-08-06;1.5662;1.8286;1.5389;v22|LAST5|BOTH_STRONG|1.60|P10
v22;LAST5;AT_LEAST_ONE_STRONG;1.2;15;241;323;112;435;74.2529;159;69;228;69.7368;195;75;270;72.2222;128;37;165;77.5758;243;88;331;73.4139;2026-08-06;1.5531;1.8182;0.2483;v22|LAST5|AT_LEAST_ONE_STRONG|1.20|P15
v22;LAST5;AT_LEAST_ONE_STRONG;1.3;15;241;323;112;435;74.2529;159;69;228;69.7368;195;75;270;72.2222;128;37;165;77.5758;243;88;331;73.4139;2026-08-06;1.5531;1.8182;0.2483;v22|LAST5|AT_LEAST_ONE_STRONG|1.30|P15
v22;LAST5;AT_LEAST_ONE_STRONG;1.4;5;336;376;132;508;74.0157;106;49;155;68.3871;217;86;303;71.6172;159;46;205;77.561;280;98;378;74.0741;2026-08-06;1.3159;1.8034;0.9085;v22|LAST5|AT_LEAST_ONE_STRONG|1.40|P5
v22;LAST5;AT_LEAST_ONE_STRONG;1.5;5;336;376;132;508;74.0157;106;49;155;68.3871;217;86;303;71.6172;159;46;205;77.561;280;98;378;74.0741;2026-08-06;1.3159;1.8034;0.9085;v22|LAST5|AT_LEAST_ONE_STRONG|1.50|P5
v22;LAST5;AT_LEAST_ONE_STRONG;1.2;13;241;330;116;446;73.991;152;65;217;70.0461;199;78;277;71.8412;131;38;169;77.5148;249;91;340;73.2353;2026-08-06;1.2912;1.7572;0.0697;v22|LAST5|AT_LEAST_ONE_STRONG|1.20|P13
v22;LAST5;AT_LEAST_ONE_STRONG;1.3;13;241;330;116;446;73.991;152;65;217;70.0461;199;78;277;71.8412;131;38;169;77.5148;249;91;340;73.2353;2026-08-06;1.2912;1.7572;0.0697;v22|LAST5|AT_LEAST_ONE_STRONG|1.30|P13
v22;LAST5;BOTH_STRONG;1.6;12;97;428;147;575;74.4348;54;34;88;61.3636;249;95;344;72.3837;179;52;231;77.4892;316;105;421;75.0594;2026-08-06;1.735;1.7316;1.8938;v22|LAST5|BOTH_STRONG|1.60|P12
v22;LAST5;BOTH_STRONG;1.6;13;97;428;147;575;74.4348;54;34;88;61.3636;249;95;344;72.3837;179;52;231;77.4892;316;105;421;75.0594;2026-08-06;1.735;1.7316;1.8938;v22|LAST5|BOTH_STRONG|1.60|P13
v22;LAST5;BOTH_STRONG;1.6;11;97;429;148;577;74.3501;53;33;86;61.6279;250;96;346;72.2543;179;52;231;77.4892;316;106;422;74.8815;2026-08-06;1.6503;1.7316;1.7159;v22|LAST5|BOTH_STRONG|1.60|P11
v22;SEASON;AT_LEAST_ONE_STRONG;1.5;13;295;285;106;391;72.89;197;75;272;72.4265;168;72;240;70.0;117;34;151;77.4834;209;79;288;72.5694;2026-08-06;0.1902;1.7258;-0.5962;v22|SEASON|AT_LEAST_ONE_STRONG|1.50|P13
v22;LAST5;AT_LEAST_ONE_STRONG;1.0;12;155;391;135;526;74.3346;91;46;137;66.4234;233;89;322;72.3602;158;46;204;77.451;291;101;392;74.2347;2026-08-06;1.6348;1.6934;1.0691;v22|LAST5|AT_LEAST_ONE_STRONG|1.00|P12
v22;LAST5;AT_LEAST_ONE_STRONG;1.1;12;155;391;135;526;74.3346;91;46;137;66.4234;233;89;322;72.3602;158;46;204;77.451;291;101;392;74.2347;2026-08-06;1.6348;1.6934;1.0691;v22|LAST5|AT_LEAST_ONE_STRONG|1.10|P12
v22;LAST5;AWAY_STRONG;1.4;4;191;437;152;589;74.1935;45;29;74;60.8108;255;99;354;72.0339;182;53;235;77.4468;318;109;427;74.4731;2026-08-06;1.4937;1.6892;1.3075;v22|LAST5|AWAY_STRONG|1.40|P4
v22;LAST5;AWAY_STRONG;1.5;4;191;437;152;589;74.1935;45;29;74;60.8108;255;99;354;72.0339;182;53;235;77.4468;318;109;427;74.4731;2026-08-06;1.4937;1.6892;1.3075;v22|LAST5|AWAY_STRONG|1.50|P4
v22;LAST5;AWAY_STRONG;1.2;7;128;421;150;571;73.7303;61;31;92;66.3043;246;99;345;71.3043;175;51;226;77.4336;310;113;423;73.2861;2026-08-06;1.0305;1.676;0.1205;v22|LAST5|AWAY_STRONG|1.20|P7
v22;LAST5;AWAY_STRONG;1.3;7;128;421;150;571;73.7303;61;31;92;66.3043;246;99;345;71.3043;175;51;226;77.4336;310;113;423;73.2861;2026-08-06;1.0305;1.676;0.1205;v22|LAST5|AWAY_STRONG|1.30|P7
v22;LAST5;AT_LEAST_ONE_STRONG;1.4;10;336;300;100;400;75.0;182;81;263;69.2015;180;65;245;73.4694;120;35;155;77.4194;229;77;306;74.8366;2026-08-06;2.3002;1.6618;1.671;v22|LAST5|AT_LEAST_ONE_STRONG|1.40|P10
v22;LAST5;AT_LEAST_ONE_STRONG;1.5;10;336;300;100;400;75.0;182;81;263;69.2015;180;65;245;73.4694;120;35;155;77.4194;229;77;306;74.8366;2026-08-06;2.3002;1.6618;1.671;v22|LAST5|AT_LEAST_ONE_STRONG|1.50|P10
v22;SEASON;AWAY_STRONG;1.5;7;163;404;139;543;74.4015;78;42;120;65.0;236;90;326;72.3926;168;49;217;77.4194;292;99;391;74.6803;2026-08-06;1.7017;1.6618;1.5147;v22|SEASON|AWAY_STRONG|1.50|P7
v22;LAST5;AWAY_STRONG;1.2;10;128;407;145;552;73.7319;75;36;111;67.5676;239;96;335;71.3433;168;49;217;77.4194;301;109;410;73.4146;2026-08-06;1.0321;1.6618;0.249;v22|LAST5|AWAY_STRONG|1.20|P10
v22;LAST5;AWAY_STRONG;1.3;10;128;407;145;552;73.7319;75;36;111;67.5676;239;96;335;71.3433;168;49;217;77.4194;301;109;410;73.4146;2026-08-06;1.0321;1.6618;0.249;v22|LAST5|AWAY_STRONG|1.30|P10
v22;LAST5;AT_LEAST_ONE_STRONG;1.0;10;155;395;139;534;73.97;87;42;129;67.4419;234;92;326;71.7791;161;47;208;77.4038;295;105;400;73.75;2026-08-06;1.2702;1.6462;0.5844;v22|LAST5|AT_LEAST_ONE_STRONG|1.00|P10
v22;LAST5;AT_LEAST_ONE_STRONG;1.1;10;155;395;139;534;73.97;87;42;129;67.4419;234;92;326;71.7791;161;47;208;77.4038;295;105;400;73.75;2026-08-06;1.2702;1.6462;0.5844;v22|LAST5|AT_LEAST_ONE_STRONG|1.10|P10
v22;LAST5;AWAY_STRONG;1.2;6;128;427;152;579;73.7478;55;29;84;65.4762;249;100;349;71.3467;178;52;230;77.3913;312;114;426;73.2394;2026-08-06;1.048;1.6337;0.0738;v22|LAST5|AWAY_STRONG|1.20|P6
v22;LAST5;AWAY_STRONG;1.3;6;128;427;152;579;73.7478;55;29;84;65.4762;249;100;349;71.3467;178;52;230;77.3913;312;114;426;73.2394;2026-08-06;1.048;1.6337;0.0738;v22|LAST5|AWAY_STRONG|1.30|P6
v22;LAST5;AT_LEAST_ONE_STRONG;1.4;6;336;354;125;479;73.904;128;56;184;69.5652;207;82;289;71.6263;147;43;190;77.3684;264;95;359;73.5376;2026-08-06;1.2042;1.6108;0.372;v22|LAST5|AT_LEAST_ONE_STRONG|1.40|P6
v22;LAST5;AT_LEAST_ONE_STRONG;1.5;6;336;354;125;479;73.904;128;56;184;69.5652;207;82;289;71.6263;147;43;190;77.3684;264;95;359;73.5376;2026-08-06;1.2042;1.6108;0.372;v22|LAST5|AT_LEAST_ONE_STRONG|1.50|P6
v22;LAST5;AT_LEAST_ONE_STRONG;1.0;9;155;398;141;539;73.8404;84;40;124;67.7419;234;93;327;71.5596;164;48;212;77.3585;297;107;404;73.5149;2026-08-06;1.1406;1.6009;0.3493;v22|LAST5|AT_LEAST_ONE_STRONG|1.00|P9
v22;LAST5;AT_LEAST_ONE_STRONG;1.1;9;155;398;141;539;73.8404;84;40;124;67.7419;234;93;327;71.5596;164;48;212;77.3585;297;107;404;73.5149;2026-08-06;1.1406;1.6009;0.3493;v22|LAST5|AT_LEAST_ONE_STRONG|1.10|P9
v22;SEASON;AT_LEAST_ONE_STRONG;1.2;13;124;396;150;546;72.5275;86;31;117;73.5043;232;102;334;69.4611;164;48;212;77.3585;286;108;394;72.5888;2026-08-06;-0.1723;1.6009;-0.5768;v22|SEASON|AT_LEAST_ONE_STRONG|1.20|P13
v22;SEASON;AT_LEAST_ONE_STRONG;1.2;14;124;394;150;544;72.4265;88;31;119;73.9496;230;102;332;69.2771;164;48;212;77.3585;284;108;392;72.449;2026-08-06;-0.2733;1.6009;-0.7166;v22|SEASON|AT_LEAST_ONE_STRONG|1.20|P14
v22;SEASON;AWAY_STRONG;1.5;2;163;456;162;618;73.7864;26;19;45;57.7778;265;106;371;71.4286;191;56;247;77.3279;328;115;443;74.0406;2026-08-06;1.0866;1.5703;0.875;v22|SEASON|AWAY_STRONG|1.50|P2
v22;LAST5;AT_LEAST_ONE_STRONG;1.2;12;241;334;118;452;73.8938;148;63;211;70.1422;201;79;280;71.7857;133;39;172;77.3256;253;91;344;73.5465;2026-08-06;1.194;1.568;0.3809;v22|LAST5|AT_LEAST_ONE_STRONG|1.20|P12
v22;LAST5;AT_LEAST_ONE_STRONG;1.3;12;241;334;118;452;73.8938;148;63;211;70.1422;201;79;280;71.7857;133;39;172;77.3256;253;91;344;73.5465;2026-08-06;1.194;1.568;0.3809;v22|LAST5|AT_LEAST_ONE_STRONG|1.30|P12
v22;LAST5;AT_LEAST_ONE_STRONG;1.0;8;155;406;143;549;73.9526;76;38;114;66.6667;239;94;333;71.7718;167;49;216;77.3148;301;108;409;73.5941;2026-08-06;1.2528;1.5572;0.4285;v22|LAST5|AT_LEAST_ONE_STRONG|1.00|P8
v22;LAST5;AT_LEAST_ONE_STRONG;1.1;8;155;406;143;549;73.9526;76;38;114;66.6667;239;94;333;71.7718;167;49;216;77.3148;301;108;409;73.5941;2026-08-06;1.2528;1.5572;0.4285;v22|LAST5|AT_LEAST_ONE_STRONG|1.10|P8
v22;LAST5;AWAY_STRONG;1.2;11;128;406;144;550;73.8182;76;37;113;67.2566;239;95;334;71.5569;167;49;216;77.3148;300;108;408;73.5294;2026-08-06;1.1184;1.5572;0.3638;v22|LAST5|AWAY_STRONG|1.20|P11
v22;LAST5;AWAY_STRONG;1.3;11;128;406;144;550;73.8182;76;37;113;67.2566;239;95;334;71.5569;167;49;216;77.3148;300;108;408;73.5294;2026-08-06;1.1184;1.5572;0.3638;v22|LAST5|AWAY_STRONG|1.30|P11
v22;LAST5;AT_LEAST_ONE_STRONG;1.4;4;336;396;141;537;73.743;86;40;126;68.254;229;92;321;71.3396;167;49;216;77.3148;293;103;396;73.9899;2026-08-06;1.0432;1.5572;0.8243;v22|LAST5|AT_LEAST_ONE_STRONG|1.40|P4
v22;LAST5;AT_LEAST_ONE_STRONG;1.5;4;336;396;141;537;73.743;86;40;126;68.254;229;92;321;71.3396;167;49;216;77.3148;293;103;396;73.9899;2026-08-06;1.0432;1.5572;0.8243;v22|LAST5|AT_LEAST_ONE_STRONG|1.50|P4
v22;LAST5;AWAY_STRONG;1.4;3;191;444;159;603;73.6318;38;22;60;63.3333;260;105;365;71.2329;184;54;238;77.3109;320;112;432;74.0741;2026-08-06;0.932;1.5533;0.9085;v22|LAST5|AWAY_STRONG|1.40|P3
v22;LAST5;AWAY_STRONG;1.5;3;191;444;159;603;73.6318;38;22;60;63.3333;260;105;365;71.2329;184;54;238;77.3109;320;112;432;74.0741;2026-08-06;0.932;1.5533;0.9085;v22|LAST5|AWAY_STRONG|1.50|P3
v22;LAST5;AT_LEAST_ONE_STRONG;1.6;9;431;264;88;352;75.0;218;93;311;70.0965;155;56;211;73.4597;109;32;141;77.305;204;69;273;74.7253;2026-08-06;2.3002;1.5474;1.5597;v22|LAST5|AT_LEAST_ONE_STRONG|1.60|P9
v22;LAST5;AT_LEAST_ONE_STRONG;1.0;11;155;394;137;531;74.1996;88;44;132;66.6667;234;90;324;72.2222;160;47;207;77.2947;294;103;397;74.0554;2026-08-06;1.4998;1.5371;0.8898;v22|LAST5|AT_LEAST_ONE_STRONG|1.00|P11
v22;LAST5;AT_LEAST_ONE_STRONG;1.1;11;155;394;137;531;74.1996;88;44;132;66.6667;234;90;324;72.2222;160;47;207;77.2947;294;103;397;74.0554;2026-08-06;1.4998;1.5371;0.8898;v22|LAST5|AT_LEAST_ONE_STRONG|1.10|P11
v22;LAST5;BOTH_STRONG;1.6;14;97;424;147;571;74.2557;58;34;92;63.0435;247;95;342;72.2222;177;52;229;77.2926;316;105;421;75.0594;2026-08-06;1.5559;1.535;1.8938;v22|LAST5|BOTH_STRONG|1.60|P14
v22;SEASON;AT_LEAST_ONE_STRONG;1.6;2;354;421;152;573;73.4729;61;29;90;67.7778;244;100;344;70.9302;177;52;229;77.2926;306;110;416;73.5577;2026-08-06;0.7731;1.535;0.3921;v22|SEASON|AT_LEAST_ONE_STRONG|1.60|P2
v22;LAST5;AWAY_STRONG;1.4;2;191;451;162;613;73.5726;31;19;50;62.0;264;107;371;71.159;187;55;242;77.2727;326;115;441;73.9229;2026-08-06;0.8728;1.5151;0.7573;v22|LAST5|AWAY_STRONG|1.40|P2
v22;LAST5;AWAY_STRONG;1.5;2;191;451;162;613;73.5726;31;19;50;62.0;264;107;371;71.159;187;55;242;77.2727;326;115;441;73.9229;2026-08-06;0.8728;1.5151;0.7573;v22|LAST5|AWAY_STRONG|1.50|P2
v22;SEASON;AT_LEAST_ONE_STRONG;1.4;2;231;436;157;593;73.5245;46;24;70;65.7143;249;102;351;70.9402;187;55;242;77.2727;315;113;428;73.5981;2026-08-06;0.8247;1.5151;0.4325;v22|SEASON|AT_LEAST_ONE_STRONG|1.40|P2
v22;LAST5;BOTH_STRONG;1.6;9;97;431;152;583;73.928;51;29;80;63.75;251;99;350;71.7143;180;53;233;77.2532;316;110;426;74.1784;2026-08-06;1.2282;1.4956;1.0128;v22|LAST5|BOTH_STRONG|1.60|P9
v22;LAST5;AT_LEAST_ONE_STRONG;1.0;5;155;427;154;581;73.494;55;27;82;67.0732;247;101;348;70.977;180;53;233;77.2532;315;114;429;73.4266;2026-08-06;0.7942;1.4956;0.261;v22|LAST5|AT_LEAST_ONE_STRONG|1.00|P5
v22;LAST5;AT_LEAST_ONE_STRONG;1.1;5;155;427;154;581;73.494;55;27;82;67.0732;247;101;348;70.977;180;53;233;77.2532;315;114;429;73.4266;2026-08-06;0.7942;1.4956;0.261;v22|LAST5|AT_LEAST_ONE_STRONG|1.10|P5
v22;SEASON;AWAY_STRONG;1.5;13;163;379;132;511;74.1683;103;49;152;67.7632;223;86;309;72.1683;156;46;202;77.2277;272;95;367;74.1144;2026-08-06;1.4685;1.4701;0.9488;v22|SEASON|AWAY_STRONG|1.50|P13
v22;SEASON;AT_LEAST_ONE_STRONG;1.5;5;295;366;133;499;73.3467;116;48;164;70.7317;210;87;297;70.7071;156;46;202;77.2277;268;96;364;73.6264;2026-08-06;0.6469;1.4701;0.4608;v22|SEASON|AT_LEAST_ONE_STRONG|1.50|P5
v22;LAST5;AT_LEAST_ONE_STRONG;1.4;7;336;340;117;457;74.3982;142;64;206;68.932;201;76;277;72.5632;139;41;180;77.2222;256;89;345;74.2029;2026-08-06;1.6984;1.4646;1.0373;v22|LAST5|AT_LEAST_ONE_STRONG|1.40|P7
v22;LAST5;AT_LEAST_ONE_STRONG;1.5;7;336;340;117;457;74.3982;142;64;206;68.932;201;76;277;72.5632;139;41;180;77.2222;256;89;345;74.2029;2026-08-06;1.6984;1.4646;1.0373;v22|LAST5|AT_LEAST_ONE_STRONG|1.50|P7
v22;SEASON;AT_LEAST_ONE_STRONG;1.4;14;231;324;117;441;73.4694;158;64;222;71.1712;192;78;270;71.1111;132;39;171;77.193;236;85;321;73.5202;2026-08-06;0.7696;1.4354;0.3546;v22|SEASON|AT_LEAST_ONE_STRONG|1.40|P14
v22;LAST5;BOTH_STRONG;1.6;15;97;422;147;569;74.1652;60;34;94;63.8298;246;95;341;72.1408;176;52;228;77.193;314;105;419;74.9403;2026-08-06;1.4654;1.4354;1.7747;v22|LAST5|BOTH_STRONG|1.60|P15
v22;LAST5;AT_LEAST_ONE_STRONG;1.0;4;155;441;159;600;73.5;41;22;63;65.0794;255;104;359;71.0306;186;55;241;77.1784;323;116;439;73.5763;2026-08-06;0.8002;1.4208;0.4107;v22|LAST5|AT_LEAST_ONE_STRONG|1.00|P4
v22;LAST5;AT_LEAST_ONE_STRONG;1.1;4;155;441;159;600;73.5;41;22;63;65.0794;255;104;359;71.0306;186;55;241;77.1784;323;116;439;73.5763;2026-08-06;0.8002;1.4208;0.4107;v22|LAST5|AT_LEAST_ONE_STRONG|1.10|P4
v22;LAST5;AT_LEAST_ONE_STRONG;1.4;9;336;308;105;413;74.5763;174;76;250;69.6;183;68;251;72.9084;125;37;162;77.1605;234;82;316;74.0506;2026-08-06;1.8765;1.4029;0.885;v22|LAST5|AT_LEAST_ONE_STRONG|1.40|P9
v22;LAST5;AT_LEAST_ONE_STRONG;1.5;9;336;308;105;413;74.5763;174;76;250;69.6;183;68;251;72.9084;125;37;162;77.1605;234;82;316;74.0506;2026-08-06;1.8765;1.4029;0.885;v22|LAST5|AT_LEAST_ONE_STRONG|1.50|P9
v22;LAST5;BOTH_STRONG;1.4;10;50;454;162;616;73.7013;28;19;47;59.5745;265;106;371;71.4286;189;56;245;77.1429;332;115;447;74.2729;2026-08-06;1.0015;1.3853;1.1073;v22|LAST5|BOTH_STRONG|1.40|P10
v22;LAST5;BOTH_STRONG;1.5;10;50;454;162;616;73.7013;28;19;47;59.5745;265;106;371;71.4286;189;56;245;77.1429;332;115;447;74.2729;2026-08-06;1.0015;1.3853;1.1073;v22|LAST5|BOTH_STRONG|1.50|P10
v22;LAST5;AWAY_STRONG;1.0;5;81;454;164;618;73.4628;28;17;45;62.2222;265;108;373;71.0456;189;56;245;77.1429;330;120;450;73.3333;2026-08-06;0.763;1.3853;0.1677;v22|LAST5|AWAY_STRONG|1.00|P5
v22;LAST5;AWAY_STRONG;1.1;5;81;454;164;618;73.4628;28;17;45;62.2222;265;108;373;71.0456;189;56;245;77.1429;330;120;450;73.3333;2026-08-06;0.763;1.3853;0.1677;v22|LAST5|AWAY_STRONG|1.10|P5
v22;SEASON;AWAY_STRONG;1.5;6;163;412;143;555;74.2342;70;38;108;64.8148;240;92;332;72.2892;172;51;223;77.13;296;102;398;74.3719;2026-08-06;1.5344;1.3724;1.2063;v22|SEASON|AWAY_STRONG|1.50|P6
v22;LAST5;AWAY_STRONG;1.2;8;128;415;148;563;73.7123;67;33;100;67.0;243;97;340;71.4706;172;51;223;77.13;306;112;418;73.2057;2026-08-06;1.0125;1.3724;0.0401;v22|LAST5|AWAY_STRONG|1.20|P8
v22;LAST5;AWAY_STRONG;1.3;8;128;415;148;563;73.7123;67;33;100;67.0;243;97;340;71.4706;172;51;223;77.13;306;112;418;73.2057;2026-08-06;1.0125;1.3724;0.0401;v22|LAST5|AWAY_STRONG|1.30|P8
v22;SEASON;AWAY_STRONG;1.5;15;163;375;129;504;74.4048;107;52;159;67.2956;220;83;303;72.6073;155;46;201;77.1144;270;94;364;74.1758;2026-08-06;1.705;1.3568;1.0102;v22|SEASON|AWAY_STRONG|1.50|P15
v22;SEASON;AWAY_STRONG;1.5;14;163;377;130;507;74.359;105;51;156;67.3077;222;84;306;72.549;155;46;201;77.1144;272;94;366;74.3169;2026-08-06;1.6592;1.3568;1.1513;v22|SEASON|AWAY_STRONG|1.50|P14
v22;SEASON;AT_LEAST_ONE_STRONG;1.2;12;124;398;152;550;72.3636;84;29;113;74.3363;233;103;336;69.3452;165;49;214;77.1028;288;108;396;72.7273;2026-08-06;-0.3362;1.3452;-0.4383;v22|SEASON|AT_LEAST_ONE_STRONG|1.20|P12
v22;LAST5;AT_LEAST_ONE_STRONG;1.2;10;241;340;123;463;73.4341;142;58;200;71.0;202;82;284;71.1268;138;41;179;77.095;259;95;354;73.1638;2026-08-06;0.7343;1.3374;-0.0018;v22|LAST5|AT_LEAST_ONE_STRONG|1.20|P10
v22;LAST5;AT_LEAST_ONE_STRONG;1.3;10;241;340;123;463;73.4341;142;58;200;71.0;202;82;284;71.1268;138;41;179;77.095;259;95;354;73.1638;2026-08-06;0.7343;1.3374;-0.0018;v22|LAST5|AT_LEAST_ONE_STRONG|1.30|P10
v22;SEASON;AT_LEAST_ONE_STRONG;1.5;15;295;273;101;374;72.9947;209;80;289;72.3183;162;68;230;70.4348;111;33;144;77.0833;201;76;277;72.5632;2026-08-06;0.2949;1.3257;-0.6024;v22|SEASON|AT_LEAST_ONE_STRONG|1.50|P15
v22;SEASON;AT_LEAST_ONE_STRONG;1.6;5;354;353;121;474;74.4726;129;60;189;68.254;205;77;282;72.695;148;44;192;77.0833;260;89;349;74.4986;2026-08-06;1.7728;1.3257;1.333;v22|SEASON|AT_LEAST_ONE_STRONG|1.60|P5
v22;SEASON;AWAY_STRONG;1.5;3;163;445;158;603;73.7977;37;23;60;61.6667;260;103;363;71.6253;185;55;240;77.0833;319;111;430;74.186;2026-08-06;1.0979;1.3257;1.0204;v22|SEASON|AWAY_STRONG|1.50|P3
v22;LAST5;AWAY_STRONG;1.2;5;128;439;157;596;73.6577;43;24;67;64.1791;254;102;356;71.3483;185;55;240;77.0833;321;116;437;73.4554;2026-08-06;0.9579;1.3257;0.2898;v22|LAST5|AWAY_STRONG|1.20|P5
v22;LAST5;AWAY_STRONG;1.3;5;128;439;157;596;73.6577;43;24;67;64.1791;254;102;356;71.3483;185;55;240;77.0833;321;116;437;73.4554;2026-08-06;0.9579;1.3257;0.2898;v22|LAST5|AWAY_STRONG|1.30|P5
v22;SEASON;AWAY_STRONG;1.5;5;163;425;149;574;74.0418;57;32;89;64.0449;247;96;343;72.0117;178;53;231;77.0563;306;106;412;74.2718;2026-08-06;1.342;1.2987;1.1062;v22|SEASON|AWAY_STRONG|1.50|P5
v22;SEASON;AWAY_STRONG;1.4;7;120;422;149;571;73.9054;60;32;92;65.2174;244;96;340;71.7647;178;53;231;77.0563;306;105;411;74.4526;2026-08-06;1.2056;1.2987;1.287;v22|SEASON|AWAY_STRONG|1.40|P7
v22;LAST5;AT_LEAST_ONE_STRONG;1.2;4;241;418;151;569;73.4622;64;30;94;68.0851;240;98;338;71.0059;178;53;231;77.0563;309;111;420;73.5714;2026-08-06;0.7624;1.2987;0.4058;v22|LAST5|AT_LEAST_ONE_STRONG|1.20|P4
v22;LAST5;AT_LEAST_ONE_STRONG;1.3;4;241;418;151;569;73.4622;64;30;94;68.0851;240;98;338;71.0059;178;53;231;77.0563;309;111;420;73.5714;2026-08-06;0.7624;1.2987;0.4058;v22|LAST5|AT_LEAST_ONE_STRONG|1.30|P4
v22;LAST5;BOTH_STRONG;1.4;11;50;453;162;615;73.6585;29;19;48;60.4167;265;106;371;71.4286;188;56;244;77.0492;332;115;447;74.2729;2026-08-06;0.9587;1.2916;1.1073;v22|LAST5|BOTH_STRONG|1.40|P11
v22;LAST5;BOTH_STRONG;1.4;12;50;453;162;615;73.6585;29;19;48;60.4167;265;106;371;71.4286;188;56;244;77.0492;332;115;447;74.2729;2026-08-06;0.9587;1.2916;1.1073;v22|LAST5|BOTH_STRONG|1.40|P12
v22;LAST5;BOTH_STRONG;1.4;13;50;453;162;615;73.6585;29;19;48;60.4167;265;106;371;71.4286;188;56;244;77.0492;332;115;447;74.2729;2026-08-06;0.9587;1.2916;1.1073;v22|LAST5|BOTH_STRONG|1.40|P13
v22;LAST5;BOTH_STRONG;1.5;11;50;453;162;615;73.6585;29;19;48;60.4167;265;106;371;71.4286;188;56;244;77.0492;332;115;447;74.2729;2026-08-06;0.9587;1.2916;1.1073;v22|LAST5|BOTH_STRONG|1.50|P11
v22;LAST5;BOTH_STRONG;1.5;12;50;453;162;615;73.6585;29;19;48;60.4167;265;106;371;71.4286;188;56;244;77.0492;332;115;447;74.2729;2026-08-06;0.9587;1.2916;1.1073;v22|LAST5|BOTH_STRONG|1.50|P12
v22;LAST5;BOTH_STRONG;1.5;13;50;453;162;615;73.6585;29;19;48;60.4167;265;106;371;71.4286;188;56;244;77.0492;332;115;447;74.2729;2026-08-06;0.9587;1.2916;1.1073;v22|LAST5|BOTH_STRONG|1.50|P13
v22;LAST5;AWAY_STRONG;0.8;12;43;458;167;625;73.28;24;14;38;63.1579;270;111;381;70.8661;188;56;244;77.0492;335;120;455;73.6264;2026-08-06;0.5802;1.2916;0.4608;v22|LAST5|AWAY_STRONG|0.80|P12
v22;LAST5;AT_LEAST_ONE_STRONG;1.2;6;241;384;139;523;73.4226;98;42;140;70.0;223;91;314;71.0191;161;48;209;77.0335;287;106;393;73.028;2026-08-06;0.7228;1.2759;-0.1376;v22|LAST5|AT_LEAST_ONE_STRONG|1.20|P6
v22;LAST5;AT_LEAST_ONE_STRONG;1.3;6;241;384;139;523;73.4226;98;42;140;70.0;223;91;314;71.0191;161;48;209;77.0335;287;106;393;73.028;2026-08-06;0.7228;1.2759;-0.1376;v22|LAST5|AT_LEAST_ONE_STRONG|1.30|P6
v22;SEASON;AT_LEAST_ONE_STRONG;1.2;15;124;391;149;540;72.4074;91;32;123;73.9837;230;101;331;69.4864;161;48;209;77.0335;281;107;388;72.4227;2026-08-06;-0.2924;1.2759;-0.7429;v22|SEASON|AT_LEAST_ONE_STRONG|1.20|P15
v22;LAST5;AT_LEAST_ONE_STRONG;1.2;5;241;402;145;547;73.4918;80;36;116;68.9655;231;94;325;71.0769;171;51;222;77.027;299;109;408;73.2843;2026-08-06;0.792;1.2694;0.1187;v22|LAST5|AT_LEAST_ONE_STRONG|1.20|P5
v22;LAST5;AT_LEAST_ONE_STRONG;1.3;5;241;402;145;547;73.4918;80;36;116;68.9655;231;94;325;71.0769;171;51;222;77.027;299;109;408;73.2843;2026-08-06;0.792;1.2694;0.1187;v22|LAST5|AT_LEAST_ONE_STRONG|1.30|P5
v22;LAST5;AWAY_STRONG;0.8;6;43;464;170;634;73.1861;18;11;29;62.069;273;113;386;70.7254;191;57;248;77.0161;337;123;460;73.2609;2026-08-06;0.4863;1.2585;0.0953;v22|LAST5|AWAY_STRONG|0.80|P6
v22;SEASON;AWAY_STRONG;1.5;8;163;395;137;532;74.2481;87;44;131;66.4122;231;88;319;72.4138;164;49;213;76.9953;285;99;384;74.2188;2026-08-06;1.5483;1.2377;1.0532;v22|SEASON|AWAY_STRONG|1.50|P8
v22;SEASON;AT_LEAST_ONE_STRONG;1.5;3;295;409;149;558;73.2975;73;32;105;69.5238;235;97;332;70.7831;174;52;226;76.9912;298;107;405;73.5802;2026-08-06;0.5977;1.2336;0.4146;v22|SEASON|AT_LEAST_ONE_STRONG|1.50|P3
v22;LAST5;AT_LEAST_ONE_STRONG;1.2;3;241;433;160;593;73.0185;49;21;70;70.0;249;105;354;70.339;184;55;239;76.9874;317;116;433;73.2102;2026-08-06;0.3187;1.2298;0.0446;v22|LAST5|AT_LEAST_ONE_STRONG|1.20|P3
v22;LAST5;AT_LEAST_ONE_STRONG;1.3;3;241;433;160;593;73.0185;49;21;70;70.0;249;105;354;70.339;184;55;239;76.9874;317;116;433;73.2102;2026-08-06;0.3187;1.2298;0.0446;v22|LAST5|AT_LEAST_ONE_STRONG|1.30|P3
v22;SEASON;AWAY_STRONG;1.6;7;202;386;129;515;74.9515;96;52;148;64.8649;229;82;311;73.6334;157;47;204;76.9608;279;93;372;75.0;2026-08-06;2.2517;1.2032;1.8344;v22|SEASON|AWAY_STRONG|1.60|P7
v22;SEASON;AT_LEAST_ONE_STRONG;1.2;9;124;401;154;555;72.2523;81;27;108;75.0;234;104;338;69.2308;167;50;217;76.9585;290;110;400;72.5;2026-08-06;-0.4475;1.2009;-0.6656;v22|SEASON|AT_LEAST_ONE_STRONG|1.20|P9
v22;SEASON;AT_LEAST_ONE_STRONG;1.1;13;86;423;160;583;72.5557;59;21;80;73.75;246;107;353;69.6884;177;53;230;76.9565;305;115;420;72.619;2026-08-06;-0.1441;1.1989;-0.5466;v22|SEASON|AT_LEAST_ONE_STRONG|1.10|P13
v22;SEASON;AT_LEAST_ONE_STRONG;1.1;14;86;421;160;581;72.4613;61;21;82;74.3902;244;107;351;69.5157;177;53;230;76.9565;303;115;418;72.488;2026-08-06;-0.2385;1.1989;-0.6776;v22|SEASON|AT_LEAST_ONE_STRONG|1.10|P14
v22;LAST5;BOTH_STRONG;1.4;14;50;451;162;613;73.5726;31;19;50;62.0;264;106;370;71.3514;187;56;243;76.9547;332;115;447;74.2729;2026-08-06;0.8728;1.1971;1.1073;v22|LAST5|BOTH_STRONG|1.40|P14
v22;LAST5;BOTH_STRONG;1.4;15;50;451;162;613;73.5726;31;19;50;62.0;264;106;370;71.3514;187;56;243;76.9547;332;115;447;74.2729;2026-08-06;0.8728;1.1971;1.1073;v22|LAST5|BOTH_STRONG|1.40|P15
v22;LAST5;BOTH_STRONG;1.5;14;50;451;162;613;73.5726;31;19;50;62.0;264;106;370;71.3514;187;56;243;76.9547;332;115;447;74.2729;2026-08-06;0.8728;1.1971;1.1073;v22|LAST5|BOTH_STRONG|1.50|P14
v22;LAST5;BOTH_STRONG;1.5;15;50;451;162;613;73.5726;31;19;50;62.0;264;106;370;71.3514;187;56;243;76.9547;332;115;447;74.2729;2026-08-06;0.8728;1.1971;1.1073;v22|LAST5|BOTH_STRONG|1.50|P15
v22;LAST5;AWAY_STRONG;0.8;15;43;455;166;621;73.2689;27;15;42;64.2857;268;110;378;70.8995;187;56;243;76.9547;333;120;453;73.5099;2026-08-06;0.5691;1.1971;0.3443;v22|LAST5|AWAY_STRONG|0.80|P15
v22;LAST5;AWAY_STRONG;0.8;13;43;457;167;624;73.2372;25;14;39;64.1026;270;111;381;70.8661;187;56;243;76.9547;334;120;454;73.5683;2026-08-06;0.5374;1.1971;0.4027;v22|LAST5|AWAY_STRONG|0.80|P13
v22;LAST5;AWAY_STRONG;0.8;14;43;456;167;623;73.1942;26;14;40;65.0;269;111;380;70.7895;187;56;243;76.9547;334;120;454;73.5683;2026-08-06;0.4944;1.1971;0.4027;v22|LAST5|AWAY_STRONG|0.80|P14
v22;LAST5;AT_LEAST_ONE_STRONG;1.2;2;241;440;164;604;72.8477;42;17;59;71.1864;253;108;361;70.0831;187;56;243;76.9547;319;119;438;72.8311;2026-08-06;0.1479;1.1971;-0.3345;v22|LAST5|AT_LEAST_ONE_STRONG|1.20|P2
v22;LAST5;AT_LEAST_ONE_STRONG;1.3;2;241;440;164;604;72.8477;42;17;59;71.1864;253;108;361;70.0831;187;56;243;76.9547;319;119;438;72.8311;2026-08-06;0.1479;1.1971;-0.3345;v22|LAST5|AT_LEAST_ONE_STRONG|1.30|P2
v22;SEASON;AT_LEAST_ONE_STRONG;1.1;5;86;442;167;609;72.578;40;14;54;74.0741;255;111;366;69.6721;187;56;243;76.9547;320;119;439;72.8929;2026-08-06;-0.1218;1.1971;-0.2727;v22|SEASON|AT_LEAST_ONE_STRONG|1.10|P5
v22;LAST5;AT_LEAST_ONE_STRONG;1.4;12;336;286;93;379;75.4617;196;88;284;69.0141;176;60;236;74.5763;110;33;143;76.9231;217;73;290;74.8276;2026-08-06;2.7619;1.1655;1.662;v22|LAST5|AT_LEAST_ONE_STRONG|1.40|P12
v22;LAST5;AT_LEAST_ONE_STRONG;1.5;12;336;286;93;379;75.4617;196;88;284;69.0141;176;60;236;74.5763;110;33;143;76.9231;217;73;290;74.8276;2026-08-06;2.7619;1.1655;1.662;v22|LAST5|AT_LEAST_ONE_STRONG|1.50|P12
v22;SEASON;AWAY_STRONG;1.6;5;202;412;139;551;74.7731;70;42;112;62.5;242;88;330;73.3333;170;51;221;76.9231;296;100;396;74.7475;2026-08-06;2.0733;1.1655;1.5819;v22|SEASON|AWAY_STRONG|1.60|P5
v22;SEASON;AWAY_STRONG;1.4;2;120;459;164;623;73.6758;23;17;40;57.5;266;106;372;71.5054;193;58;251;76.8924;331;116;447;74.0492;2026-08-06;0.976;1.1348;0.8836;v22|SEASON|AWAY_STRONG|1.40|P2
v22;SEASON;AT_LEAST_ONE_STRONG;1.1;6;86;435;165;600;72.5;47;16;63;74.6032;252;110;362;69.6133;183;55;238;76.8908;314;117;431;72.8538;2026-08-06;-0.1998;1.1332;-0.3118;v22|SEASON|AT_LEAST_ONE_STRONG|1.10|P6
v22;LAST5;AT_LEAST_ONE_STRONG;1.2;9;241;348;126;474;73.4177;134;55;189;70.8995;205;83;288;71.1806;143;43;186;76.8817;264;98;362;72.9282;2026-08-06;0.7179;1.1241;-0.2374;v22|LAST5|AT_LEAST_ONE_STRONG|1.20|P9
v22;LAST5;AT_LEAST_ONE_STRONG;1.3;9;241;348;126;474;73.4177;134;55;189;70.8995;205;83;288;71.1806;143;43;186;76.8817;264;98;362;72.9282;2026-08-06;0.7179;1.1241;-0.2374;v22|LAST5|AT_LEAST_ONE_STRONG|1.30|P9
v22;SEASON;AT_LEAST_ONE_STRONG;1.4;13;231;327;119;446;73.3184;155;62;217;71.4286;194;79;273;71.0623;133;40;173;76.8786;238;87;325;73.2308;2026-08-06;0.6186;1.121;0.0652;v22|SEASON|AT_LEAST_ONE_STRONG|1.40|P13
v22;SEASON;AT_LEAST_ONE_STRONG;1.1;2;86;460;173;633;72.6698;22;8;30;73.3333;264;114;378;69.8413;196;59;255;76.8627;333;124;457;72.8665;2026-08-06;-0.03;1.1051;-0.2991;v22|SEASON|AT_LEAST_ONE_STRONG|1.10|P2
v22;SEASON;AT_LEAST_ONE_STRONG;1.6;3;354;400;143;543;73.6648;82;38;120;68.3333;234;93;327;71.5596;166;50;216;76.8519;292;103;395;73.9241;2026-08-06;0.965;1.0943;0.7585;v22|SEASON|AT_LEAST_ONE_STRONG|1.60|P3
v22;SEASON;AT_LEAST_ONE_STRONG;1.2;11;124;400;153;553;72.3327;82;28;110;74.5455;234;103;337;69.4362;166;50;216;76.8519;290;109;399;72.6817;2026-08-06;-0.3671;1.0943;-0.4839;v22|SEASON|AT_LEAST_ONE_STRONG|1.20|P11
v22;SEASON;AT_LEAST_ONE_STRONG;1.2;10;124;400;154;554;72.2022;82;27;109;75.2294;234;104;338;69.2308;166;50;216;76.8519;290;110;400;72.5;2026-08-06;-0.4976;1.0943;-0.6656;v22|SEASON|AT_LEAST_ONE_STRONG|1.20|P10
v22;SEASON;AWAY_STRONG;1.5;12;163;380;134;514;73.93;102;47;149;68.4564;224;87;311;72.0257;156;47;203;76.8473;273;96;369;73.9837;2026-08-06;1.2302;1.0897;0.8181;v22|SEASON|AWAY_STRONG|1.50|P12
v22;SEASON;AT_LEAST_ONE_STRONG;1.5;6;295;347;126;473;73.3615;135;55;190;71.0526;201;82;283;71.0247;146;44;190;76.8421;254;91;345;73.6232;2026-08-06;0.6617;1.0845;0.4576;v22|SEASON|AT_LEAST_ONE_STRONG|1.50|P6
v22;LAST5;AT_LEAST_ONE_STRONG;1.2;11;241;338;121;459;73.6383;144;60;204;70.5882;202;80;282;71.6312;136;41;177;76.8362;257;93;350;73.4286;2026-08-06;0.9385;1.0786;0.263;v22|LAST5|AT_LEAST_ONE_STRONG|1.20|P11
v22;LAST5;AT_LEAST_ONE_STRONG;1.3;11;241;338;121;459;73.6383;144;60;204;70.5882;202;80;282;71.6312;136;41;177;76.8362;257;93;350;73.4286;2026-08-06;0.9385;1.0786;0.263;v22|LAST5|AT_LEAST_ONE_STRONG|1.30|P11
v22;LAST5;AWAY_STRONG;1.2;4;128;449;161;610;73.6066;33;20;53;62.2642;260;104;364;71.4286;189;57;246;76.8293;327;117;444;73.6486;2026-08-06;0.9068;1.0717;0.483;v22|LAST5|AWAY_STRONG|1.20|P4
v22;LAST5;AWAY_STRONG;1.3;4;128;449;161;610;73.6066;33;20;53;62.2642;260;104;364;71.4286;189;57;246;76.8293;327;117;444;73.6486;2026-08-06;0.9068;1.0717;0.483;v22|LAST5|AWAY_STRONG|1.30|P4
v22;LAST5;BOTH_STRONG;1.4;9;50;455;164;619;73.5057;27;17;44;61.3636;266;107;373;71.3137;189;57;246;76.8293;332;117;449;73.9421;2026-08-06;0.8059;1.0717;0.7765;v22|LAST5|BOTH_STRONG|1.40|P9
v22;LAST5;BOTH_STRONG;1.5;9;50;455;164;619;73.5057;27;17;44;61.3636;266;107;373;71.3137;189;57;246;76.8293;332;117;449;73.9421;2026-08-06;0.8059;1.0717;0.7765;v22|LAST5|BOTH_STRONG|1.50|P9
v22;SEASON;BOTH_STRONG;1.6;9;50;450;163;613;73.4095;32;18;50;64.0;261;106;367;71.1172;189;57;246;76.8293;325;117;442;73.5294;2026-08-06;0.7097;1.0717;0.3638;v22|SEASON|BOTH_STRONG|1.60|P9
v22;SEASON;BOTH_STRONG;1.6;10;50;450;163;613;73.4095;32;18;50;64.0;261;106;367;71.1172;189;57;246;76.8293;325;117;442;73.5294;2026-08-06;0.7097;1.0717;0.3638;v22|SEASON|BOTH_STRONG|1.60|P10
v22;SEASON;BOTH_STRONG;1.6;11;50;450;163;613;73.4095;32;18;50;64.0;261;106;367;71.1172;189;57;246;76.8293;325;117;442;73.5294;2026-08-06;0.7097;1.0717;0.3638;v22|SEASON|BOTH_STRONG|1.60|P11
v22;SEASON;BOTH_STRONG;1.6;12;50;450;163;613;73.4095;32;18;50;64.0;261;106;367;71.1172;189;57;246;76.8293;325;117;442;73.5294;2026-08-06;0.7097;1.0717;0.3638;v22|SEASON|BOTH_STRONG|1.60|P12
v22;SEASON;BOTH_STRONG;1.6;13;50;450;163;613;73.4095;32;18;50;64.0;261;106;367;71.1172;189;57;246;76.8293;325;117;442;73.5294;2026-08-06;0.7097;1.0717;0.3638;v22|SEASON|BOTH_STRONG|1.60|P13
v22;SEASON;BOTH_STRONG;1.6;14;50;450;163;613;73.4095;32;18;50;64.0;261;106;367;71.1172;189;57;246;76.8293;325;117;442;73.5294;2026-08-06;0.7097;1.0717;0.3638;v22|SEASON|BOTH_STRONG|1.60|P14
v22;SEASON;BOTH_STRONG;1.6;15;50;450;163;613;73.4095;32;18;50;64.0;261;106;367;71.1172;189;57;246;76.8293;325;117;442;73.5294;2026-08-06;0.7097;1.0717;0.3638;v22|SEASON|BOTH_STRONG|1.60|P15
v22;LAST5;AWAY_STRONG;0.8;8;43;460;169;629;73.132;22;12;34;64.7059;271;112;383;70.7572;189;57;246;76.8293;336;122;458;73.3624;2026-08-06;0.4322;1.0717;0.1968;v22|LAST5|AWAY_STRONG|0.80|P8
v22;LAST5;AT_LEAST_ONE_STRONG;1.0;3;155;451;166;617;73.0956;31;15;46;67.3913;262;109;371;70.6199;189;57;246;76.8293;328;120;448;73.2143;2026-08-06;0.3958;1.0717;0.0487;v22|LAST5|AT_LEAST_ONE_STRONG|1.00|P3
v22;LAST5;AT_LEAST_ONE_STRONG;1.1;3;155;451;166;617;73.0956;31;15;46;67.3913;262;109;371;70.6199;189;57;246;76.8293;328;120;448;73.2143;2026-08-06;0.3958;1.0717;0.0487;v22|LAST5|AT_LEAST_ONE_STRONG|1.10|P3
v22;SEASON;AT_LEAST_ONE_STRONG;1.3;2;168;445;164;609;73.0706;37;17;54;68.5185;256;107;363;70.5234;189;57;246;76.8293;320;118;438;73.0594;2026-08-06;0.3708;1.0717;-0.1062;v22|SEASON|AT_LEAST_ONE_STRONG|1.30|P2
v22;LAST5;AWAY_STRONG;0.8;7;43;460;170;630;73.0159;22;11;33;66.6667;271;113;384;70.5729;189;57;246;76.8293;336;123;459;73.2026;2026-08-06;0.3161;1.0717;0.037;v22|LAST5|AWAY_STRONG|0.80|P7
v22;SEASON;AT_LEAST_ONE_STRONG;1.1;9;86;427;163;590;72.3729;55;18;73;75.3425;248;109;357;69.4678;179;54;233;76.824;308;116;424;72.6415;2026-08-06;-0.3269;1.0664;-0.5241;v22|SEASON|AT_LEAST_ONE_STRONG|1.10|P9
v22;SEASON;AWAY_STRONG;1.4;13;120;405;144;549;73.7705;77;37;114;67.5439;236;93;329;71.7325;169;51;220;76.8182;293;102;395;74.1772;2026-08-06;1.0707;1.0606;1.0116;v22|SEASON|AWAY_STRONG|1.40|P13
v22;SEASON;AWAY_STRONG;1.5;9;163;387;136;523;73.9962;95;45;140;67.8571;228;88;316;72.1519;159;48;207;76.8116;278;98;376;73.9362;2026-08-06;1.2964;1.054;0.7706;v22|SEASON|AWAY_STRONG|1.50|P9
v22;SEASON;BOTH_STRONG;1.6;7;50;454;164;618;73.4628;28;17;45;62.2222;262;106;368;71.1957;192;58;250;76.8;328;118;446;73.5426;2026-08-06;0.763;1.0424;0.377;v22|SEASON|BOTH_STRONG|1.60|P7
v22;LAST5;AWAY_STRONG;1.0;4;81;462;167;629;73.4499;20;14;34;58.8235;270;109;379;71.2401;192;58;250;76.8;334;121;455;73.4066;2026-08-06;0.7501;1.0424;0.241;v22|LAST5|AWAY_STRONG|1.00|P4
v22;LAST5;AWAY_STRONG;1.1;4;81;462;167;629;73.4499;20;14;34;58.8235;270;109;379;71.2401;192;58;250;76.8;334;121;455;73.4066;2026-08-06;0.7501;1.0424;0.241;v22|LAST5|AWAY_STRONG|1.10|P4
v22;SEASON;AT_LEAST_ONE_STRONG;1.5;7;295;333;122;455;73.1868;149;59;208;71.6346;194;80;274;70.8029;139;42;181;76.7956;245;88;333;73.5736;2026-08-06;0.487;1.038;0.408;v22|SEASON|AT_LEAST_ONE_STRONG|1.50|P7
v22;SEASON;AWAY_STRONG;1.5;4;163;434;157;591;73.4349;48;24;72;66.6667;252;102;354;71.1864;182;55;237;76.7932;311;111;422;73.6967;2026-08-06;0.7351;1.0356;0.5311;v22|SEASON|AWAY_STRONG|1.50|P4
v22;SEASON;AWAY_STRONG;1.6;6;202;396;133;529;74.8582;86;48;134;64.1791;234;84;318;73.5849;162;49;211;76.7773;284;96;380;74.7368;2026-08-06;2.1584;1.0197;1.5712;v22|SEASON|AWAY_STRONG|1.60|P6
v22;LAST5;AT_LEAST_ONE_STRONG;1.6;8;431;285;94;379;75.1979;197;87;284;69.3662;166;58;224;74.1071;119;36;155;76.7742;218;73;291;74.9141;2026-08-06;2.4981;1.0166;1.7485;v22|LAST5|AT_LEAST_ONE_STRONG|1.60|P8
v22;SEASON;AT_LEAST_ONE_STRONG;1.5;12;295;291;110;401;72.5686;191;71;262;72.9008;172;74;246;69.9187;119;36;155;76.7742;214;80;294;72.7891;2026-08-06;-0.1312;1.0166;-0.3765;v22|SEASON|AT_LEAST_ONE_STRONG|1.50|P12
v22;SEASON;AWAY_STRONG;1.6;2;202;448;160;608;73.6842;34;21;55;61.8182;263;104;367;71.6621;185;56;241;76.7635;322;113;435;74.023;2026-08-06;0.9844;1.0059;0.8574;v22|SEASON|AWAY_STRONG|1.60|P2
v22;SEASON;AT_LEAST_ONE_STRONG;1.1;15;86;419;159;578;72.4913;63;22;85;74.1176;244;106;350;69.7143;175;53;228;76.7544;301;114;415;72.5301;2026-08-06;-0.2085;0.9968;-0.6355;v22|SEASON|AT_LEAST_ONE_STRONG|1.10|P15
v22;LAST5;AWAY_STRONG;0.8;10;43;458;168;626;73.1629;24;13;37;64.8649;270;111;381;70.8661;188;57;245;76.7347;335;121;456;73.4649;2026-08-06;0.4631;0.9771;0.2993;v22|LAST5|AWAY_STRONG|0.80|P10
v22;LAST5;AWAY_STRONG;0.8;11;43;458;168;626;73.1629;24;13;37;64.8649;270;111;381;70.8661;188;57;245;76.7347;335;121;456;73.4649;2026-08-06;0.4631;0.9771;0.2993;v22|LAST5|AWAY_STRONG|0.80|P11
v22;LAST5;AWAY_STRONG;0.8;9;43;458;169;627;73.0463;24;12;36;66.6667;270;112;382;70.6806;188;57;245;76.7347;335;122;457;73.3042;2026-08-06;0.3465;0.9771;0.1386;v22|LAST5|AWAY_STRONG|0.80|P9
v22;SEASON;AT_LEAST_ONE_STRONG;1.5;10;295;299;113;412;72.5728;183;68;251;72.9084;177;76;253;69.9605;122;37;159;76.7296;219;82;301;72.7575;2026-08-06;-0.127;0.972;-0.4081;v22|SEASON|AT_LEAST_ONE_STRONG|1.50|P10
v22;SEASON;AWAY_STRONG;1.6;3;202;435;154;589;73.854;47;27;74;63.5135;257;100;357;71.9888;178;54;232;76.7241;311;108;419;74.2243;2026-08-06;1.1542;0.9665;1.0587;v22|SEASON|AWAY_STRONG|1.60|P3
v22;SEASON;AT_LEAST_ONE_STRONG;1.1;11;86;426;162;588;72.449;56;19;75;74.6667;248;108;356;69.6629;178;54;232;76.7241;308;115;423;72.8132;2026-08-06;-0.2508;0.9665;-0.3524;v22|SEASON|AT_LEAST_ONE_STRONG|1.10|P11
v22;SEASON;AT_LEAST_ONE_STRONG;1.1;12;86;425;162;587;72.402;57;19;76;75.0;247;108;355;69.5775;178;54;232;76.7241;307;115;422;72.7488;2026-08-06;-0.2978;0.9665;-0.4168;v22|SEASON|AT_LEAST_ONE_STRONG|1.10|P12
v22;SEASON;AT_LEAST_ONE_STRONG;1.1;10;86;426;163;589;72.326;56;18;74;75.6757;248;109;357;69.4678;178;54;232;76.7241;308;116;424;72.6415;2026-08-06;-0.3738;0.9665;-0.5241;v22|SEASON|AT_LEAST_ONE_STRONG|1.10|P10
v22;SEASON;AWAY_STRONG;1.4;15;120;403;142;545;73.945;79;39;118;66.9492;235;91;326;72.0859;168;51;219;76.7123;292;101;393;74.3003;2026-08-06;1.2452;0.9547;1.1347;v22|SEASON|AWAY_STRONG|1.40|P15
v22;SEASON;AWAY_STRONG;1.4;14;120;404;143;547;73.8574;78;38;116;67.2414;236;92;328;71.9512;168;51;219;76.7123;293;101;394;74.3655;2026-08-06;1.1576;0.9547;1.1999;v22|SEASON|AWAY_STRONG|1.40|P14
v22;LAST5;AWAY_STRONG;1.2;2;128;457;168;625;73.12;25;13;38;65.7895;266;110;376;70.7447;191;58;249;76.7068;330;120;450;73.3333;2026-08-06;0.4202;0.9492;0.1677;v22|LAST5|AWAY_STRONG|1.20|P2
v22;LAST5;AWAY_STRONG;1.3;2;128;457;168;625;73.12;25;13;38;65.7895;266;110;376;70.7447;191;58;249;76.7068;330;120;450;73.3333;2026-08-06;0.4202;0.9492;0.1677;v22|LAST5|AWAY_STRONG|1.30|P2
v22;LAST5;AT_LEAST_ONE_STRONG;1.0;2;155;456;168;624;73.0769;26;13;39;66.6667;265;110;375;70.6667;191;58;249;76.7068;330;122;452;73.0088;2026-08-06;0.3771;0.9492;-0.1568;v22|LAST5|AT_LEAST_ONE_STRONG|1.00|P2
v22;LAST5;AT_LEAST_ONE_STRONG;1.1;2;155;456;168;624;73.0769;26;13;39;66.6667;265;110;375;70.6667;191;58;249;76.7068;330;122;452;73.0088;2026-08-06;0.3771;0.9492;-0.1568;v22|LAST5|AT_LEAST_ONE_STRONG|1.10|P2
v22;SEASON;AT_LEAST_ONE_STRONG;1.2;2;124;452;169;621;72.7858;30;12;42;71.4286;261;111;372;70.1613;191;58;249;76.7068;326;121;447;72.9306;2026-08-06;0.086;0.9492;-0.235;v22|SEASON|AT_LEAST_ONE_STRONG|1.20|P2
v22;SEASON;AWAY_STRONG;1.5;10;163;384;135;519;73.9884;98;46;144;68.0556;226;87;313;72.2045;158;48;206;76.699;276;97;373;73.9946;2026-08-06;1.2886;0.9414;0.829;v22|SEASON|AWAY_STRONG|1.50|P10
v22;SEASON;AT_LEAST_ONE_STRONG;1.1;7;86;430;165;595;72.2689;52;16;68;76.4706;249;110;359;69.3593;181;55;236;76.6949;311;117;428;72.6636;2026-08-06;-0.4309;0.9373;-0.502;v22|SEASON|AT_LEAST_ONE_STRONG|1.10|P7
v22;SEASON;AT_LEAST_ONE_STRONG;1.3;14;168;365;136;501;72.8543;117;45;162;72.2222;217;91;308;70.4545;148;45;193;76.6839;262;99;361;72.5762;2026-08-06;0.1545;0.9263;-0.5894;v22|SEASON|AT_LEAST_ONE_STRONG|1.30|P14
v22;SEASON;HOME_STRONG;1.6;5;202;401;149;550;72.9091;81;32;113;71.6814;230;97;327;70.3364;171;52;223;76.6816;296;109;405;73.0864;2026-08-06;0.2093;0.924;-0.0792;v22|SEASON|HOME_STRONG|1.60|P5
v22;SEASON;AT_LEAST_ONE_STRONG;1.2;7;124;412;157;569;72.4077;70;24;94;74.4681;241;105;346;69.6532;171;52;223;76.6816;299;111;410;72.9268;2026-08-06;-0.2921;0.924;-0.2388;v22|SEASON|AT_LEAST_ONE_STRONG|1.20|P7
v22;SEASON;AWAY_STRONG;1.3;2;79;465;170;635;73.2283;17;11;28;60.7143;271;111;382;70.9424;194;59;253;76.6798;334;120;454;73.5683;2026-08-06;0.5285;0.9222;0.4027;v22|SEASON|AWAY_STRONG|1.30|P2
v22;SEASON;AWAY_STRONG;1.1;6;36;463;171;634;73.0284;19;10;29;65.5172;269;112;381;70.6037;194;59;253;76.6798;334;120;454;73.5683;2026-08-06;0.3286;0.9222;0.4027;v22|SEASON|AWAY_STRONG|1.10|P6
v22;LAST5;AT_LEAST_ONE_STRONG;1.4;11;336;295;97;392;75.2551;187;84;271;69.0037;180;62;242;74.3802;115;35;150;76.6667;225;75;300;75.0;2026-08-06;2.5553;0.9091;1.8344;v22|LAST5|AT_LEAST_ONE_STRONG|1.40|P11
v22;LAST5;AT_LEAST_ONE_STRONG;1.5;11;336;295;97;392;75.2551;187;84;271;69.0037;180;62;242;74.3802;115;35;150;76.6667;225;75;300;75.0;2026-08-06;2.5553;0.9091;1.8344;v22|LAST5|AT_LEAST_ONE_STRONG|1.50|P11
v22;SEASON;AWAY_STRONG;1.4;5;120;437;156;593;73.6931;45;25;70;64.2857;253;100;353;71.6714;184;56;240;76.6667;316;109;425;74.3529;2026-08-06;0.9933;0.9091;1.1873;v22|SEASON|AWAY_STRONG|1.40|P5
v22;SEASON;AWAY_STRONG;1.3;7;79;441;161;602;73.2558;41;20;61;67.2131;257;105;362;70.9945;184;56;240;76.6667;318;114;432;73.6111;2026-08-06;0.556;0.9091;0.4455;v22|SEASON|AWAY_STRONG|1.30|P7
v22;SEASON;AWAY_STRONG;1.6;4;202;422;147;569;74.1652;60;34;94;63.8298;248;94;342;72.5146;174;53;227;76.652;302;105;407;74.2015;2026-08-06;1.4654;0.8944;1.0359;v22|SEASON|AWAY_STRONG|1.60|P4
v22;SEASON;AWAY_STRONG;1.4;8;120;415;147;562;73.8434;67;34;101;66.3366;241;94;335;71.9403;174;53;227;76.652;300;105;405;74.0741;2026-08-06;1.1436;0.8944;0.9085;v22|SEASON|AWAY_STRONG|1.40|P8
v22;SEASON;AT_LEAST_ONE_STRONG;1.4;15;231;319;115;434;73.5023;163;66;229;71.179;191;76;267;71.5356;128;39;167;76.6467;231;84;315;73.3333;2026-08-06;0.8025;0.8891;0.1677;v22|SEASON|AT_LEAST_ONE_STRONG|1.40|P15
v22;SEASON;AWAY_STRONG;1.4;3;120;448;160;608;73.6842;34;21;55;61.8182;261;103;364;71.7033;187;57;244;76.6393;322;112;434;74.1935;2026-08-06;0.9844;0.8817;1.0279;v22|SEASON|AWAY_STRONG|1.40|P3
v22;SEASON;AWAY_STRONG;1.2;7;55;450;167;617;72.9335;32;14;46;69.5652;263;110;373;70.5094;187;57;244;76.6393;326;118;444;73.4234;2026-08-06;0.2337;0.8817;0.2578;v22|SEASON|AWAY_STRONG|1.20|P7
v22;SEASON;AWAY_STRONG;1.6;13;202;355;119;474;74.8945;127;62;189;67.1958;214;76;290;73.7931;141;43;184;76.6304;254;87;341;74.4868;2026-08-06;2.1947;0.8728;1.3212;v22|SEASON|AWAY_STRONG|1.60|P13
v22;SEASON;AT_LEAST_ONE_STRONG;1.4;3;231;418;151;569;73.4622;64;30;94;68.0851;241;97;338;71.3018;177;54;231;76.6234;303;108;411;73.7226;2026-08-06;0.7624;0.8658;0.557;v22|SEASON|AT_LEAST_ONE_STRONG|1.40|P3
v22;SEASON;AT_LEAST_ONE_STRONG;1.2;5;124;427;161;588;72.619;55;20;75;73.3333;250;107;357;70.028;177;54;231;76.6234;309;114;423;73.0496;2026-08-06;-0.0808;0.8658;-0.116;v22|SEASON|AT_LEAST_ONE_STRONG|1.20|P5
v22;LAST5;AT_LEAST_ONE_STRONG;1.2;7;241;372;134;506;73.5178;110;47;157;70.0637;218;87;305;71.4754;154;47;201;76.6169;281;103;384;73.1771;2026-08-06;0.818;0.8593;0.0115;v22|LAST5|AT_LEAST_ONE_STRONG|1.20|P7
v22;LAST5;AT_LEAST_ONE_STRONG;1.3;7;241;372;134;506;73.5178;110;47;157;70.0637;218;87;305;71.4754;154;47;201;76.6169;281;103;384;73.1771;2026-08-06;0.818;0.8593;0.0115;v22|LAST5|AT_LEAST_ONE_STRONG|1.30|P7
v22;SEASON;HOME_STRONG;1.5;14;162;365;144;509;71.7092;117;37;154;75.974;211;97;308;68.5065;154;47;201;76.6169;270;105;375;72.0;2026-08-06;-0.9906;0.8593;-1.1656;v22|SEASON|HOME_STRONG|1.50|P14
v22;SEASON;BOTH_STRONG;1.6;8;50;451;164;615;73.3333;31;17;48;64.5833;261;106;367;71.1172;190;58;248;76.6129;326;118;444;73.4234;2026-08-06;0.6335;0.8553;0.2578;v22|SEASON|BOTH_STRONG|1.60|P8
v22;LAST5;AWAY_STRONG;1.2;3;128;454;167;621;73.1079;28;14;42;66.6667;264;109;373;70.7775;190;58;248;76.6129;328;119;447;73.3781;2026-08-06;0.4081;0.8553;0.2125;v22|LAST5|AWAY_STRONG|1.20|P3
v22;LAST5;AWAY_STRONG;1.3;3;128;454;167;621;73.1079;28;14;42;66.6667;264;109;373;70.7775;190;58;248;76.6129;328;119;447;73.3781;2026-08-06;0.4081;0.8553;0.2125;v22|LAST5|AWAY_STRONG|1.30|P3
v22;LAST5;AWAY_STRONG;1.6;1;265;457;169;626;73.0032;25;12;37;67.5676;267;111;378;70.6349;190;58;248;76.6129;331;120;451;73.3925;2026-08-06;0.3034;0.8553;0.2269;v22|LAST5|AWAY_STRONG|1.60|P1
v22;SEASON;AT_LEAST_ONE_STRONG;1.1;4;86;449;171;620;72.4194;33;10;43;76.7442;259;113;372;69.6237;190;58;248;76.6129;325;122;447;72.7069;2026-08-06;-0.2804;0.8553;-0.4587;v22|SEASON|AT_LEAST_ONE_STRONG|1.10|P4
v22;SEASON;AT_LEAST_ONE_STRONG;1.1;8;86;428;164;592;72.2973;54;17;71;76.0563;248;109;357;69.4678;180;55;235;76.5957;309;117;426;72.5352;2026-08-06;-0.4025;0.8381;-0.6304;v22|SEASON|AT_LEAST_ONE_STRONG|1.10|P8
v22;SEASON;BOTH_STRONG;1.6;6;50;458;166;624;73.3974;24;15;39;61.5385;265;107;372;71.2366;193;59;252;76.5873;330;120;450;73.3333;2026-08-06;0.6976;0.8297;0.1677;v22|SEASON|BOTH_STRONG|1.60|P6
v22;SEASON;BOTH_STRONG;1.6;5;50;460;167;627;73.3652;22;14;36;61.1111;267;108;375;71.2;193;59;252;76.5873;332;120;452;73.4513;2026-08-06;0.6654;0.8297;0.2857;v22|SEASON|BOTH_STRONG|1.60|P5
v22;LAST5;AWAY_STRONG;1.0;2;81;465;171;636;73.1132;17;10;27;62.963;272;112;384;70.8333;193;59;252;76.5873;336;123;459;73.2026;2026-08-06;0.4134;0.8297;0.037;v22|LAST5|AWAY_STRONG|1.00|P2
v22;LAST5;AWAY_STRONG;1.1;2;81;465;171;636;73.1132;17;10;27;62.963;272;112;384;70.8333;193;59;252;76.5873;336;123;459;73.2026;2026-08-06;0.4134;0.8297;0.037;v22|LAST5|AWAY_STRONG|1.10|P2
v22;LAST5;AWAY_STRONG;0.8;5;43;467;173;640;72.9688;15;8;23;65.2174;274;114;388;70.6186;193;59;252;76.5873;340;125;465;73.1183;2026-08-06;0.269;0.8297;-0.0473;v22|LAST5|AWAY_STRONG|0.80|P5
v22;SEASON;AWAY_STRONG;1.1;7;36;461;171;632;72.943;21;10;31;67.7419;268;112;380;70.5263;193;59;252;76.5873;332;120;452;73.4513;2026-08-06;0.2432;0.8297;0.2857;v22|SEASON|AWAY_STRONG|1.10|P7
v22;SEASON;AWAY_STRONG;1.5;11;163;383;135;518;73.9382;99;46;145;68.2759;226;87;313;72.2045;157;48;205;76.5854;276;97;373;73.9946;2026-08-06;1.2384;0.8278;0.829;v22|SEASON|AWAY_STRONG|1.50|P11
v22;SEASON;AT_LEAST_ONE_STRONG;1.5;11;295;297;111;408;72.7941;185;70;255;72.549;176;74;250;70.4;121;37;158;76.5823;218;81;299;72.9097;2026-08-06;0.0943;0.8247;-0.2559;v22|SEASON|AT_LEAST_ONE_STRONG|1.50|P11
v22;LAST5;AT_LEAST_ONE_STRONG;1.4;8;336;325;111;436;74.5413;157;70;227;69.163;191;70;261;73.1801;134;41;175;76.5714;245;86;331;74.0181;2026-08-06;1.8415;0.8138;0.8525;v22|LAST5|AT_LEAST_ONE_STRONG|1.40|P8
v22;LAST5;AT_LEAST_ONE_STRONG;1.5;8;336;325;111;436;74.5413;157;70;227;69.163;191;70;261;73.1801;134;41;175;76.5714;245;86;331;74.0181;2026-08-06;1.8415;0.8138;0.8525;v22|LAST5|AT_LEAST_ONE_STRONG|1.50|P8
v22;LAST5;BOTH_STRONG;1.6;6;97;440;158;598;73.5786;42;23;65;64.6154;257;102;359;71.5877;183;56;239;76.569;320;114;434;73.7327;2026-08-06;0.8788;0.8114;0.5671;v22|LAST5|BOTH_STRONG|1.60|P6
v22;LAST5;AT_LEAST_ONE_STRONG;0.8;6;88;445;164;609;73.0706;37;17;54;68.5185;262;108;370;70.8108;183;56;239;76.569;326;120;446;73.0942;2026-08-06;0.3708;0.8114;-0.0714;v22|LAST5|AT_LEAST_ONE_STRONG|0.80|P6
v22;SEASON;AWAY_STRONG;1.2;12;55;444;165;609;72.9064;38;16;54;70.3704;261;109;370;70.5405;183;56;239;76.569;320;117;437;73.2265;2026-08-06;0.2066;0.8114;0.0609;v22|SEASON|AWAY_STRONG|1.20|P12
v22;SEASON;AWAY_STRONG;1.2;13;55;444;165;609;72.9064;38;16;54;70.3704;261;109;370;70.5405;183;56;239;76.569;320;117;437;73.2265;2026-08-06;0.2066;0.8114;0.0609;v22|SEASON|AWAY_STRONG|1.20|P13
v22;SEASON;AWAY_STRONG;1.2;14;55;444;165;609;72.9064;38;16;54;70.3704;261;109;370;70.5405;183;56;239;76.569;320;117;437;73.2265;2026-08-06;0.2066;0.8114;0.0609;v22|SEASON|AWAY_STRONG|1.20|P14
v22;SEASON;AWAY_STRONG;1.2;15;55;444;165;609;72.9064;38;16;54;70.3704;261;109;370;70.5405;183;56;239;76.569;320;117;437;73.2265;2026-08-06;0.2066;0.8114;0.0609;v22|SEASON|AWAY_STRONG|1.20|P15
v22;SEASON;AWAY_STRONG;1.1;5;36;467;172;639;73.0829;15;9;24;62.5;271;112;383;70.7572;196;60;256;76.5625;337;121;458;73.5808;2026-08-06;0.3831;0.8049;0.4152;v22|SEASON|AWAY_STRONG|1.10|P5
v22;LAST5;AT_LEAST_ONE_STRONG;0.8;14;88;425;156;581;73.1497;57;25;82;69.5122;252;103;355;70.9859;173;53;226;76.5487;314;115;429;73.1935;2026-08-06;0.4499;0.7911;0.0279;v22|LAST5|AT_LEAST_ONE_STRONG|0.80|P14
v22;SEASON;AT_LEAST_ONE_STRONG;1.2;6;124;418;158;576;72.5694;64;23;87;73.5632;245;105;350;70.0;173;53;226;76.5487;302;112;414;72.9469;2026-08-06;-0.1304;0.7911;-0.2187;v22|SEASON|AT_LEAST_ONE_STRONG|1.20|P6
v22;LAST5;BOTH_STRONG;1.6;5;97;446;161;607;73.4761;36;20;56;64.2857;260;104;364;71.4286;186;57;243;76.5432;325;116;441;73.6961;2026-08-06;0.7763;0.7856;0.5305;v22|LAST5|BOTH_STRONG|1.60|P5
v22;LAST5;BOTH_STRONG;1.6;4;97;448;162;610;73.4426;34;19;53;64.1509;262;105;367;71.3896;186;57;243;76.5432;326;116;442;73.7557;2026-08-06;0.7428;0.7856;0.5901;v22|LAST5|BOTH_STRONG|1.60|P4
v22;SEASON;AWAY_STRONG;1.1;2;36;473;176;649;72.8814;9;5;14;64.2857;274;115;389;70.437;199;61;260;76.5385;341;124;465;73.3333;2026-08-06;0.1816;0.7809;0.1677;v22|SEASON|AWAY_STRONG|1.10|P2
v22;SEASON;AT_LEAST_ONE_STRONG;1.0;2;65;470;176;646;72.7554;12;5;17;70.5882;271;115;386;70.2073;199;61;260;76.5385;339;125;464;73.0603;2026-08-06;0.0556;0.7809;-0.1053;v22|SEASON|AT_LEAST_ONE_STRONG|1.00|P2
v22;SEASON;AT_LEAST_ONE_STRONG;1.4;5;231;388;142;530;73.2075;94;39;133;70.6767;225;92;317;70.9779;163;50;213;76.5258;283;101;384;73.6979;2026-08-06;0.5077;0.7682;0.5323;v22|SEASON|AT_LEAST_ONE_STRONG|1.40|P5
v22;SEASON;AT_LEAST_ONE_STRONG;1.5;4;295;382;144;526;72.6236;100;37;137;72.9927;219;94;313;69.9681;163;50;213;76.5258;278;104;382;72.7749;2026-08-06;-0.0762;0.7682;-0.3907;v22|SEASON|AT_LEAST_ONE_STRONG|1.50|P4
v22;SEASON;AWAY_STRONG;1.3;5;79;454;165;619;73.3441;28;16;44;63.6364;265;107;372;71.2366;189;58;247;76.5182;327;116;443;73.8149;2026-08-06;0.6443;0.7606;0.6493;v22|SEASON|AWAY_STRONG|1.30|P5
v22;LAST5;HOME_STRONG;1.4;3;195;443;164;607;72.9819;39;17;56;69.6429;254;106;360;70.5556;189;58;247;76.5182;327;119;446;73.3184;2026-08-06;0.2821;0.7606;0.1528;v22|LAST5|HOME_STRONG|1.40|P3
v22;LAST5;HOME_STRONG;1.5;3;195;443;164;607;72.9819;39;17;56;69.6429;254;106;360;70.5556;189;58;247;76.5182;327;119;446;73.3184;2026-08-06;0.2821;0.7606;0.1528;v22|LAST5|HOME_STRONG|1.50|P3
v22;SEASON;AWAY_STRONG;1.6;14;202;353;117;470;75.1064;129;64;193;66.8394;213;74;287;74.216;140;43;183;76.5027;254;86;340;74.7059;2026-08-06;2.4066;0.7451;1.5403;v22|SEASON|AWAY_STRONG|1.60|P14
v22;SEASON;AWAY_STRONG;1.4;6;120;426;152;578;73.7024;56;29;85;65.8824;247;97;344;71.8023;179;55;234;76.4957;308;107;415;74.2169;2026-08-06;1.0026;0.7381;1.0513;v22|SEASON|AWAY_STRONG|1.40|P6
v22;LAST5;AWAY_STRONG;1.0;3;81;463;170;633;73.1438;19;11;30;63.3333;271;111;382;70.9424;192;59;251;76.494;334;122;456;73.2456;2026-08-06;0.444;0.7364;0.08;v22|LAST5|AWAY_STRONG|1.00|P3
v22;LAST5;AWAY_STRONG;1.1;3;81;463;170;633;73.1438;19;11;30;63.3333;271;111;382;70.9424;192;59;251;76.494;334;122;456;73.2456;2026-08-06;0.444;0.7364;0.08;v22|LAST5|AWAY_STRONG|1.10|P3
v22;SEASON;AWAY_STRONG;1.1;8;36;460;170;630;73.0159;22;11;33;66.6667;268;111;379;70.7124;192;59;251;76.494;331;120;451;73.3925;2026-08-06;0.3161;0.7364;0.2269;v22|SEASON|AWAY_STRONG|1.10|P8
v22;SEASON;AT_LEAST_ONE_STRONG;1.0;5;65;454;171;625;72.64;28;10;38;73.6842;262;112;374;70.0535;192;59;251;76.494;328;120;448;73.2143;2026-08-06;-0.0598;0.7364;0.0487;v22|SEASON|AT_LEAST_ONE_STRONG|1.00|P5
v22;SEASON;AT_LEAST_ONE_STRONG;1.1;3;86;456;172;628;72.6115;26;9;35;74.2857;264;113;377;70.0265;192;59;251;76.494;330;123;453;72.8477;2026-08-06;-0.0883;0.7364;-0.3179;v22|SEASON|AT_LEAST_ONE_STRONG|1.10|P3
v22;SEASON;AWAY_STRONG;1.4;12;120;406;145;551;73.6842;76;36;112;67.8571;237;93;330;71.8182;169;52;221;76.4706;294;103;397;74.0554;2026-08-06;0.9844;0.713;0.8898;v22|SEASON|AWAY_STRONG|1.40|P12
v22;SEASON;AT_LEAST_ONE_STRONG;1.2;8;124;406;156;562;72.242;76;25;101;75.2475;237;104;341;69.5015;169;52;221;76.4706;293;111;404;72.5248;2026-08-06;-0.4578;0.713;-0.6408;v22|SEASON|AT_LEAST_ONE_STRONG|1.20|P8
v22;LAST5;BOTH_STRONG;1.6;7;97;438;157;595;73.6134;44;24;68;64.7059;256;101;357;71.7087;182;56;238;76.4706;320;113;433;73.903;2026-08-06;0.9136;0.713;0.7374;v22|LAST5|BOTH_STRONG|1.60|P7
v22;SEASON;AT_LEAST_ONE_STRONG;1.3;3;168;436;161;597;73.0318;46;20;66;69.697;254;105;359;70.7521;182;56;238;76.4706;314;115;429;73.1935;2026-08-06;0.332;0.713;0.0279;v22|SEASON|AT_LEAST_ONE_STRONG|1.30|P3
v22;SEASON;AT_LEAST_ONE_STRONG;1.0;4;65;461;174;635;72.5984;21;7;28;75.0;266;114;380;70.0;195;60;255;76.4706;333;123;456;73.0263;2026-08-06;-0.1014;0.713;-0.1393;v22|SEASON|AT_LEAST_ONE_STRONG|1.00|P4
v22;SEASON;AWAY_STRONG;1.4;4;120;442;160;602;73.4219;40;21;61;65.5738;257;103;360;71.3889;185;57;242;76.4463;318;112;430;73.9535;2026-08-06;0.7221;0.6887;0.7879;v22|SEASON|AWAY_STRONG|1.40|P4
v22;SEASON;AWAY_STRONG;1.3;6;79;445;162;607;73.3114;37;19;56;66.0714;260;105;365;71.2329;185;57;242;76.4463;320;115;435;73.5632;2026-08-06;0.6116;0.6887;0.3976;v22|SEASON|AWAY_STRONG|1.30|P6
v22;SEASON;AWAY_STRONG;1.2;8;55;447;166;613;72.9201;35;15;50;70.0;262;109;371;70.6199;185;57;242;76.4463;323;118;441;73.2426;2026-08-06;0.2203;0.6887;0.077;v22|SEASON|AWAY_STRONG|1.20|P8
v22;SEASON;AT_LEAST_ONE_STRONG;1.2;3;124;445;166;611;72.8314;37;15;52;71.1538;260;109;369;70.4607;185;57;242;76.4463;322;118;440;73.1818;2026-08-06;0.1316;0.6887;0.0162;v22|SEASON|AT_LEAST_ONE_STRONG|1.20|P3
v22;SEASON;AWAY_STRONG;1.4;9;120;411;147;558;73.6559;71;34;105;67.619;239;94;333;71.7718;172;53;225;76.4444;297;105;402;73.8806;2026-08-06;0.9561;0.6868;0.715;v22|SEASON|AWAY_STRONG|1.40|P9
v22;SEASON;AWAY_STRONG;1.6;9;202;365;125;490;74.4898;117;56;173;67.6301;219;80;299;73.2441;146;45;191;76.4398;262;91;353;74.221;2026-08-06;1.79;0.6822;1.0554;v22|SEASON|AWAY_STRONG|1.60|P9
v22;SEASON;AWAY_STRONG;1.2;6;55;454;168;622;72.9904;28;13;41;68.2927;266;110;376;70.7447;188;58;246;76.4228;328;119;447;73.3781;2026-08-06;0.2906;0.6652;0.2125;v22|SEASON|AWAY_STRONG|1.20|P6
v22;SEASON;AT_LEAST_ONE_STRONG;1.0;6;65;447;169;616;72.5649;35;12;47;74.4681;259;111;370;70.0;188;58;246;76.4228;322;118;440;73.1818;2026-08-06;-0.1349;0.6652;0.0162;v22|SEASON|AT_LEAST_ONE_STRONG|1.00|P6
v22;LAST5;BOTH_STRONG;1.4;6;50;459;168;627;73.2057;23;13;36;63.8889;268;109;377;71.0875;191;59;250;76.4;334;120;454;73.5683;2026-08-06;0.5059;0.6424;0.4027;v22|LAST5|BOTH_STRONG|1.40|P6
v22;LAST5;BOTH_STRONG;1.5;6;50;459;168;627;73.2057;23;13;36;63.8889;268;109;377;71.0875;191;59;250;76.4;334;120;454;73.5683;2026-08-06;0.5059;0.6424;0.4027;v22|LAST5|BOTH_STRONG|1.50|P6
v22;LAST5;BOTH_STRONG;1.4;7;50;458;168;626;73.1629;24;13;37;64.8649;267;109;376;71.0106;191;59;250;76.4;334;120;454;73.5683;2026-08-06;0.4631;0.6424;0.4027;v22|LAST5|BOTH_STRONG|1.40|P7
v22;LAST5;BOTH_STRONG;1.5;7;50;458;168;626;73.1629;24;13;37;64.8649;267;109;376;71.0106;191;59;250;76.4;334;120;454;73.5683;2026-08-06;0.4631;0.6424;0.4027;v22|LAST5|BOTH_STRONG|1.50|P7
v22;SEASON;AWAY_STRONG;1.3;3;79;460;169;629;73.132;22;12;34;64.7059;269;110;379;70.9763;191;59;250;76.4;330;119;449;73.4967;2026-08-06;0.4322;0.6424;0.3311;v22|SEASON|AWAY_STRONG|1.30|P3
v22;SEASON;AT_LEAST_ONE_STRONG;1.5;1;295;454;167;621;73.1079;28;14;42;66.6667;263;108;371;70.8895;191;59;250;76.4;328;120;448;73.2143;2026-08-06;0.4081;0.6424;0.0487;v22|SEASON|AT_LEAST_ONE_STRONG|1.50|P1
v22;SEASON;AWAY_STRONG;1.1;9;36;459;170;629;72.973;23;11;34;67.6471;268;111;379;70.7124;191;59;250;76.4;330;120;450;73.3333;2026-08-06;0.2732;0.6424;0.1677;v22|SEASON|AWAY_STRONG|1.10|P9
v22;SEASON;AWAY_STRONG;1.1;10;36;459;170;629;72.973;23;11;34;67.6471;268;111;379;70.7124;191;59;250;76.4;330;120;450;73.3333;2026-08-06;0.2732;0.6424;0.1677;v22|SEASON|AWAY_STRONG|1.10|P10
v22;SEASON;AWAY_STRONG;1.1;11;36;459;170;629;72.973;23;11;34;67.6471;268;111;379;70.7124;191;59;250;76.4;330;120;450;73.3333;2026-08-06;0.2732;0.6424;0.1677;v22|SEASON|AWAY_STRONG|1.10|P11
v22;LAST5;HOME_STRONG;1.4;2;195;450;167;617;72.9335;32;14;46;69.5652;259;108;367;70.5722;191;59;250;76.4;328;121;449;73.0512;2026-08-06;0.2337;0.6424;-0.1144;v22|LAST5|HOME_STRONG|1.40|P2
v22;LAST5;HOME_STRONG;1.5;2;195;450;167;617;72.9335;32;14;46;69.5652;259;108;367;70.5722;191;59;250;76.4;328;121;449;73.0512;2026-08-06;0.2337;0.6424;-0.1144;v22|LAST5|HOME_STRONG|1.50|P2
v22;SEASON;AWAY_STRONG;1.1;12;36;458;170;628;72.9299;24;11;35;68.5714;267;111;378;70.6349;191;59;250;76.4;329;120;449;73.2739;2026-08-06;0.2301;0.6424;0.1083;v22|SEASON|AWAY_STRONG|1.10|P12
v22;SEASON;AWAY_STRONG;1.1;13;36;458;170;628;72.9299;24;11;35;68.5714;267;111;378;70.6349;191;59;250;76.4;329;120;449;73.2739;2026-08-06;0.2301;0.6424;0.1083;v22|SEASON|AWAY_STRONG|1.10|P13
v22;SEASON;AWAY_STRONG;1.1;14;36;458;170;628;72.9299;24;11;35;68.5714;267;111;378;70.6349;191;59;250;76.4;329;120;449;73.2739;2026-08-06;0.2301;0.6424;0.1083;v22|SEASON|AWAY_STRONG|1.10|P14
v22;SEASON;AWAY_STRONG;1.1;15;36;458;170;628;72.9299;24;11;35;68.5714;267;111;378;70.6349;191;59;250;76.4;329;120;449;73.2739;2026-08-06;0.2301;0.6424;0.1083;v22|SEASON|AWAY_STRONG|1.10|P15
v22;SEASON;AWAY_STRONG;1.6;8;202;374;127;501;74.6507;108;54;162;66.6667;222;80;302;73.5099;152;47;199;76.3819;270;93;363;74.3802;2026-08-06;1.9509;0.6243;1.2146;v22|SEASON|AWAY_STRONG|1.60|P8
v22;LAST5;BOTH_STRONG;1.4;4;50;466;169;635;73.3858;16;12;28;57.1429;272;109;381;71.3911;194;60;254;76.378;339;121;460;73.6957;2026-08-06;0.686;0.6204;0.5301;v22|LAST5|BOTH_STRONG|1.40|P4
v22;LAST5;BOTH_STRONG;1.5;4;50;466;169;635;73.3858;16;12;28;57.1429;272;109;381;71.3911;194;60;254;76.378;339;121;460;73.6957;2026-08-06;0.686;0.6204;0.5301;v22|LAST5|BOTH_STRONG|1.50|P4
v22;LAST5;BOTH_STRONG;1.4;5;50;465;169;634;73.3438;17;12;29;58.6207;271;109;380;71.3158;194;60;254;76.378;339;121;460;73.6957;2026-08-06;0.644;0.6204;0.5301;v22|LAST5|BOTH_STRONG|1.40|P5
v22;LAST5;BOTH_STRONG;1.5;5;50;465;169;634;73.3438;17;12;29;58.6207;271;109;380;71.3158;194;60;254;76.378;339;121;460;73.6957;2026-08-06;0.644;0.6204;0.5301;v22|LAST5|BOTH_STRONG|1.50|P5
v22;LAST5;BOTH_STRONG;1.2;9;27;465;172;637;72.9984;17;9;26;65.3846;271;112;383;70.7572;194;60;254;76.378;340;125;465;73.1183;2026-08-06;0.2986;0.6204;-0.0473;v22|LAST5|BOTH_STRONG|1.20|P9
v22;LAST5;BOTH_STRONG;1.2;10;27;465;172;637;72.9984;17;9;26;65.3846;271;112;383;70.7572;194;60;254;76.378;340;125;465;73.1183;2026-08-06;0.2986;0.6204;-0.0473;v22|LAST5|BOTH_STRONG|1.20|P10
v22;LAST5;BOTH_STRONG;1.2;11;27;465;172;637;72.9984;17;9;26;65.3846;271;112;383;70.7572;194;60;254;76.378;340;125;465;73.1183;2026-08-06;0.2986;0.6204;-0.0473;v22|LAST5|BOTH_STRONG|1.20|P11
v22;LAST5;BOTH_STRONG;1.2;12;27;465;172;637;72.9984;17;9;26;65.3846;271;112;383;70.7572;194;60;254;76.378;340;125;465;73.1183;2026-08-06;0.2986;0.6204;-0.0473;v22|LAST5|BOTH_STRONG|1.20|P12
v22;LAST5;BOTH_STRONG;1.2;13;27;465;172;637;72.9984;17;9;26;65.3846;271;112;383;70.7572;194;60;254;76.378;340;125;465;73.1183;2026-08-06;0.2986;0.6204;-0.0473;v22|LAST5|BOTH_STRONG|1.20|P13
v22;LAST5;BOTH_STRONG;1.3;9;27;465;172;637;72.9984;17;9;26;65.3846;271;112;383;70.7572;194;60;254;76.378;340;125;465;73.1183;2026-08-06;0.2986;0.6204;-0.0473;v22|LAST5|BOTH_STRONG|1.30|P9
v22;LAST5;BOTH_STRONG;1.3;10;27;465;172;637;72.9984;17;9;26;65.3846;271;112;383;70.7572;194;60;254;76.378;340;125;465;73.1183;2026-08-06;0.2986;0.6204;-0.0473;v22|LAST5|BOTH_STRONG|1.30|P10
v22;LAST5;BOTH_STRONG;1.3;11;27;465;172;637;72.9984;17;9;26;65.3846;271;112;383;70.7572;194;60;254;76.378;340;125;465;73.1183;2026-08-06;0.2986;0.6204;-0.0473;v22|LAST5|BOTH_STRONG|1.30|P11
v22;LAST5;BOTH_STRONG;1.3;12;27;465;172;637;72.9984;17;9;26;65.3846;271;112;383;70.7572;194;60;254;76.378;340;125;465;73.1183;2026-08-06;0.2986;0.6204;-0.0473;v22|LAST5|BOTH_STRONG|1.30|P12
v22;LAST5;BOTH_STRONG;1.3;13;27;465;172;637;72.9984;17;9;26;65.3846;271;112;383;70.7572;194;60;254;76.378;340;125;465;73.1183;2026-08-06;0.2986;0.6204;-0.0473;v22|LAST5|BOTH_STRONG|1.30|P13
v22;LAST5;BOTH_STRONG;1.2;14;27;464;172;636;72.956;18;9;27;66.6667;270;112;382;70.6806;194;60;254;76.378;340;125;465;73.1183;2026-08-06;0.2562;0.6204;-0.0473;v22|LAST5|BOTH_STRONG|1.20|P14
v22;LAST5;BOTH_STRONG;1.2;15;27;464;172;636;72.956;18;9;27;66.6667;270;112;382;70.6806;194;60;254;76.378;340;125;465;73.1183;2026-08-06;0.2562;0.6204;-0.0473;v22|LAST5|BOTH_STRONG|1.20|P15
v22;LAST5;BOTH_STRONG;1.3;14;27;464;172;636;72.956;18;9;27;66.6667;270;112;382;70.6806;194;60;254;76.378;340;125;465;73.1183;2026-08-06;0.2562;0.6204;-0.0473;v22|LAST5|BOTH_STRONG|1.30|P14
v22;LAST5;BOTH_STRONG;1.3;15;27;464;172;636;72.956;18;9;27;66.6667;270;112;382;70.6806;194;60;254;76.378;340;125;465;73.1183;2026-08-06;0.2562;0.6204;-0.0473;v22|LAST5|BOTH_STRONG|1.30|P15
v22;SEASON;AWAY_STRONG;1.2;2;55;468;174;642;72.8972;14;7;21;66.6667;274;114;388;70.6186;194;60;254;76.378;336;123;459;73.2026;2026-08-06;0.1974;0.6204;0.037;v22|SEASON|AWAY_STRONG|1.20|P2
v22;LAST5;AT_LEAST_ONE_STRONG;1.0;1;155;468;174;642;72.8972;14;7;21;66.6667;274;114;388;70.6186;194;60;254;76.378;339;126;465;72.9032;2026-08-06;0.1974;0.6204;-0.2624;v22|LAST5|AT_LEAST_ONE_STRONG|1.00|P1
v22;LAST5;AT_LEAST_ONE_STRONG;1.1;1;155;468;174;642;72.8972;14;7;21;66.6667;274;114;388;70.6186;194;60;254;76.378;339;126;465;72.9032;2026-08-06;0.1974;0.6204;-0.2624;v22|LAST5|AT_LEAST_ONE_STRONG|1.10|P1
v22;SEASON;AWAY_STRONG;1.6;15;202;350;116;466;75.1073;132;65;197;67.0051;211;73;284;74.2958;139;43;182;76.3736;251;86;337;74.4807;2026-08-06;2.4075;0.616;1.3151;v22|SEASON|AWAY_STRONG|1.60|P15
v22;LAST5;BOTH_STRONG;1.6;8;97;434;156;590;73.5593;48;25;73;65.7534;253;100;353;71.6714;181;56;237;76.3713;318;113;431;73.7819;2026-08-06;0.8595;0.6137;0.6163;v22|LAST5|BOTH_STRONG|1.60|P8
v22;SEASON;AWAY_STRONG;1.3;8;79;437;159;596;73.3221;45;22;67;67.1642;256;103;359;71.3092;181;56;237;76.3713;314;114;428;73.3645;2026-08-06;0.6223;0.6137;0.1989;v22|SEASON|AWAY_STRONG|1.30|P8
v22;LAST5;AT_LEAST_ONE_STRONG;0.8;2;88;472;175;647;72.9521;10;6;16;62.5;275;114;389;70.6941;197;61;258;76.3566;343;126;469;73.1343;2026-08-06;0.2523;0.599;-0.0313;v22|LAST5|AT_LEAST_ONE_STRONG|0.80|P2
v22;SEASON;AWAY_STRONG;1.1;3;36;471;175;646;72.9102;11;6;17;64.7059;274;114;388;70.6186;197;61;258;76.3566;339;123;462;73.3766;2026-08-06;0.2104;0.599;0.211;v22|SEASON|AWAY_STRONG|1.10|P3
v22;SEASON;AWAY_STRONG;1.1;4;36;470;175;645;72.8682;12;6;18;66.6667;273;114;387;70.5426;197;61;258;76.3566;338;123;461;73.3189;2026-08-06;0.1684;0.599;0.1533;v22|SEASON|AWAY_STRONG|1.10|P4
v22;LAST5;AWAY_STRONG;0.8;2;43;475;177;652;72.8528;7;4;11;63.6364;278;116;394;70.5584;197;61;258;76.3566;345;126;471;73.2484;2026-08-06;0.153;0.599;0.0828;v22|LAST5|AWAY_STRONG|0.80|P2
v22;SEASON;AT_LEAST_ONE_STRONG;1.0;3;65;468;175;643;72.7838;14;6;20;70.0;271;114;385;70.3896;197;61;258;76.3566;338;124;462;73.1602;2026-08-06;0.084;0.599;-0.0054;v22|SEASON|AT_LEAST_ONE_STRONG|1.00|P3
v22;SEASON;AT_LEAST_ONE_STRONG;1.6;4;354;371;133;504;73.6111;111;48;159;69.8113;216;85;301;71.7608;155;48;203;76.3547;271;98;369;73.4417;2026-08-06;0.9113;0.5971;0.2761;v22|SEASON|AT_LEAST_ONE_STRONG|1.60|P4
v22;SEASON;AWAY_STRONG;1.2;9;55;446;166;612;72.8758;36;15;51;70.5882;262;109;371;70.6199;184;57;241;76.3485;322;118;440;73.1818;2026-08-06;0.176;0.5909;0.0162;v22|SEASON|AWAY_STRONG|1.20|P9
v22;SEASON;AWAY_STRONG;1.2;10;55;446;166;612;72.8758;36;15;51;70.5882;262;109;371;70.6199;184;57;241;76.3485;322;118;440;73.1818;2026-08-06;0.176;0.5909;0.0162;v22|SEASON|AWAY_STRONG|1.20|P10
v22;SEASON;AWAY_STRONG;1.2;11;55;446;166;612;72.8758;36;15;51;70.5882;262;109;371;70.6199;184;57;241;76.3485;322;118;440;73.1818;2026-08-06;0.176;0.5909;0.0162;v22|SEASON|AWAY_STRONG|1.20|P11
v22;SEASON;AT_LEAST_ONE_STRONG;1.0;9;65;440;168;608;72.3684;42;13;55;76.3636;256;111;367;69.7548;184;57;241;76.3485;316;117;433;72.9792;2026-08-06;-0.3314;0.5909;-0.1864;v22|SEASON|AT_LEAST_ONE_STRONG|1.00|P9
v22;SEASON;HOME_STRONG;1.6;14;202;343;133;476;72.0588;139;48;187;74.3316;201;89;290;69.3103;142;44;186;76.3441;254;99;353;71.9547;2026-08-06;-0.641;0.5865;-1.2109;v22|SEASON|HOME_STRONG|1.60|P14
v22;SEASON;AWAY_STRONG;1.4;10;120;409;146;555;73.6937;73;35;108;67.5926;238;93;331;71.9033;171;53;224;76.3393;296;104;400;74.0;2026-08-06;0.9939;0.5817;0.8344;v22|SEASON|AWAY_STRONG|1.40|P10
v22;LAST5;AT_LEAST_ONE_STRONG;0.8;15;88;422;154;576;73.2639;60;27;87;68.9655;251;101;352;71.3068;171;53;224;76.3393;311;114;425;73.1765;2026-08-06;0.5641;0.5817;0.0109;v22|LAST5|AT_LEAST_ONE_STRONG|0.80|P15
v22;SEASON;AWAY_STRONG;1.0;2;28;476;178;654;72.7829;6;3;9;66.6667;276;116;392;70.4082;200;62;262;76.3359;344;125;469;73.3475;2026-08-06;0.0831;0.5783;0.1819;v22|SEASON|AWAY_STRONG|1.00|P2
v22;LAST5;AT_LEAST_ONE_STRONG;0.8;5;88;451;167;618;72.9773;31;14;45;68.8889;264;109;373;70.7775;187;58;245;76.3265;331;122;453;73.0684;2026-08-06;0.2775;0.5689;-0.0972;v22|LAST5|AT_LEAST_ONE_STRONG|0.80|P5
v22;SEASON;HOME_STRONG;1.6;2;202;440;165;605;72.7273;42;16;58;72.4138;253;107;360;70.2778;187;58;245;76.3265;321;121;442;72.6244;2026-08-06;0.0275;0.5689;-0.5412;v22|SEASON|HOME_STRONG|1.60|P2
v22;SEASON;AT_LEAST_ONE_STRONG;1.3;15;168;362;134;496;72.9839;120;47;167;71.8563;217;89;306;70.915;145;45;190;76.3158;259;98;357;72.549;2026-08-06;0.2841;0.5582;-0.6166;v22|SEASON|AT_LEAST_ONE_STRONG|1.30|P15
v22;LAST5;BOTH_STRONG;1.4;8;50;457;167;624;73.2372;25;14;39;64.1026;267;108;375;71.2;190;59;249;76.3052;333;120;453;73.5099;2026-08-06;0.5374;0.5476;0.3443;v22|LAST5|BOTH_STRONG|1.40|P8
v22;LAST5;BOTH_STRONG;1.5;8;50;457;167;624;73.2372;25;14;39;64.1026;267;108;375;71.2;190;59;249;76.3052;333;120;453;73.5099;2026-08-06;0.5374;0.5476;0.3443;v22|LAST5|BOTH_STRONG|1.50|P8
v22;SEASON;AWAY_STRONG;1.3;4;79;458;169;627;73.0463;24;12;36;66.6667;268;110;378;70.8995;190;59;249;76.3052;329;119;448;73.4375;2026-08-06;0.3465;0.5476;0.2719;v22|SEASON|AWAY_STRONG|1.30|P4
v22;SEASON;AWAY_STRONG;1.2;5;55;460;170;630;73.0159;22;11;33;66.6667;270;111;381;70.8661;190;59;249;76.3052;332;120;452;73.4513;2026-08-06;0.3161;0.5476;0.2857;v22|SEASON|AWAY_STRONG|1.20|P5
v22;LAST5;HOME_STRONG;1.2;14;140;390;145;535;72.8972;92;36;128;71.875;229;95;324;70.679;161;50;211;76.3033;291;108;399;72.9323;2026-08-06;0.1974;0.5457;-0.2333;v22|LAST5|HOME_STRONG|1.20|P14
v22;LAST5;HOME_STRONG;1.3;14;140;390;145;535;72.8972;92;36;128;71.875;229;95;324;70.679;161;50;211;76.3033;291;108;399;72.9323;2026-08-06;0.1974;0.5457;-0.2333;v22|LAST5|HOME_STRONG|1.30|P14
v22;SEASON;AT_LEAST_ONE_STRONG;1.3;13;168;367;137;504;72.8175;115;44;159;72.327;219;91;310;70.6452;148;46;194;76.2887;264;100;364;72.5275;2026-08-06;0.1177;0.5311;-0.6381;v22|SEASON|AT_LEAST_ONE_STRONG|1.30|P13
v22;SEASON;HOME_STRONG;1.6;10;202;359;138;497;72.2334;123;43;166;74.0964;211;92;303;69.637;148;46;194;76.2887;266;101;367;72.4796;2026-08-06;-0.4664;0.5311;-0.686;v22|SEASON|HOME_STRONG|1.60|P10
v22;SEASON;BOTH_STRONG;1.6;4;50;461;168;629;73.2909;21;13;34;61.7647;268;108;376;71.2766;193;60;253;76.2846;333;120;453;73.5099;2026-08-06;0.5911;0.527;0.3443;v22|SEASON|BOTH_STRONG|1.60|P4
v22;SEASON;BOTH_STRONG;1.5;9;30;462;171;633;72.9858;20;10;30;66.6667;269;111;380;70.7895;193;60;253;76.2846;335;122;457;73.3042;2026-08-06;0.286;0.527;0.1386;v22|SEASON|BOTH_STRONG|1.50|P9
v22;SEASON;BOTH_STRONG;1.5;10;30;462;171;633;72.9858;20;10;30;66.6667;269;111;380;70.7895;193;60;253;76.2846;335;122;457;73.3042;2026-08-06;0.286;0.527;0.1386;v22|SEASON|BOTH_STRONG|1.50|P10
v22;SEASON;BOTH_STRONG;1.5;11;30;462;171;633;72.9858;20;10;30;66.6667;269;111;380;70.7895;193;60;253;76.2846;335;122;457;73.3042;2026-08-06;0.286;0.527;0.1386;v22|SEASON|BOTH_STRONG|1.50|P11
v22;SEASON;BOTH_STRONG;1.5;12;30;462;171;633;72.9858;20;10;30;66.6667;269;111;380;70.7895;193;60;253;76.2846;335;122;457;73.3042;2026-08-06;0.286;0.527;0.1386;v22|SEASON|BOTH_STRONG|1.50|P12
v22;SEASON;BOTH_STRONG;1.5;13;30;462;171;633;72.9858;20;10;30;66.6667;269;111;380;70.7895;193;60;253;76.2846;335;122;457;73.3042;2026-08-06;0.286;0.527;0.1386;v22|SEASON|BOTH_STRONG|1.50|P13
v22;SEASON;BOTH_STRONG;1.5;14;30;462;171;633;72.9858;20;10;30;66.6667;269;111;380;70.7895;193;60;253;76.2846;335;122;457;73.3042;2026-08-06;0.286;0.527;0.1386;v22|SEASON|BOTH_STRONG|1.50|P14
v22;SEASON;BOTH_STRONG;1.5;15;30;462;171;633;72.9858;20;10;30;66.6667;269;111;380;70.7895;193;60;253;76.2846;335;122;457;73.3042;2026-08-06;0.286;0.527;0.1386;v22|SEASON|BOTH_STRONG|1.50|P15
v22;SEASON;HOME_STRONG;1.6;1;202;461;171;632;72.943;21;10;31;67.7419;268;111;379;70.7124;193;60;253;76.2846;335;123;458;73.1441;2026-08-06;0.2432;0.527;-0.0215;v22|SEASON|HOME_STRONG|1.60|P1
v22;SEASON;AT_LEAST_ONE_STRONG;1.6;6;354;330;114;444;74.3243;152;67;219;69.4064;195;72;267;73.0337;135;42;177;76.2712;244;84;328;74.3902;2026-08-06;1.6245;0.5136;1.2246;v22|SEASON|AT_LEAST_ONE_STRONG|1.60|P6
v22;SEASON;AT_LEAST_ONE_STRONG;1.2;4;124;434;165;599;72.4541;48;16;64;75.0;254;109;363;69.9725;180;56;236;76.2712;314;117;431;72.8538;2026-08-06;-0.2457;0.5136;-0.3118;v22|SEASON|AT_LEAST_ONE_STRONG|1.20|P4
v22;SEASON;HOME_STRONG;1.2;13;71;432;166;598;72.2408;50;15;65;76.9231;252;110;362;69.6133;180;56;236;76.2712;315;119;434;72.5806;2026-08-06;-0.459;0.5136;-0.585;v22|SEASON|HOME_STRONG|1.20|P13
v22;SEASON;HOME_STRONG;1.2;14;71;430;166;596;72.1477;52;15;67;77.6119;250;110;360;69.4444;180;56;236;76.2712;313;119;432;72.4537;2026-08-06;-0.5521;0.5136;-0.7119;v22|SEASON|HOME_STRONG|1.20|P14
v22;LAST5;AWAY_STRONG;0.8;4;43;474;176;650;72.9231;8;5;13;61.5385;278;115;393;70.7379;196;61;257;76.2646;344;126;470;73.1915;2026-08-06;0.2233;0.507;0.0259;v22|LAST5|AWAY_STRONG|0.80|P4
v22;SEASON;AWAY_STRONG;1.0;6;28;467;174;641;72.8549;15;7;22;68.1818;271;113;384;70.5729;196;61;257;76.2646;338;121;459;73.6383;2026-08-06;0.1551;0.507;0.4727;v22|SEASON|AWAY_STRONG|1.00|P6
v22;LAST5;AWAY_STRONG;0.8;3;43;474;177;651;72.8111;8;4;12;66.6667;278;116;394;70.5584;196;61;257;76.2646;344;126;470;73.1915;2026-08-06;0.1113;0.507;0.0259;v22|LAST5|AWAY_STRONG|0.80|P3
v22;SEASON;AT_LEAST_ONE_STRONG;1.4;4;231;398;147;545;73.0275;84;34;118;71.1864;231;95;326;70.8589;167;52;219;76.2557;289;105;394;73.3503;2026-08-06;0.3277;0.4981;0.1847;v22|SEASON|AT_LEAST_ONE_STRONG|1.40|P4
v22;SEASON;HOME_STRONG;1.6;3;202;430;159;589;73.0051;52;22;74;70.2703;247;102;349;70.7736;183;57;240;76.25;316;116;432;73.1481;2026-08-06;0.3053;0.4924;-0.0175;v22|SEASON|HOME_STRONG|1.60|P3
v22;SEASON;AT_LEAST_ONE_STRONG;1.0;11;65;439;167;606;72.4422;43;14;57;75.4386;256;110;366;69.9454;183;57;240;76.25;316;116;432;73.1481;2026-08-06;-0.2576;0.4924;-0.0175;v22|SEASON|AT_LEAST_ONE_STRONG|1.00|P11
v22;SEASON;AT_LEAST_ONE_STRONG;1.0;12;65;438;167;605;72.3967;44;14;58;75.8621;255;110;365;69.863;183;57;240;76.25;315;116;431;73.0858;2026-08-06;-0.3031;0.4924;-0.0798;v22|SEASON|AT_LEAST_ONE_STRONG|1.00|P12
v22;SEASON;AT_LEAST_ONE_STRONG;1.0;10;65;439;168;607;72.3229;43;13;56;76.7857;256;111;367;69.7548;183;57;240;76.25;316;117;433;72.9792;2026-08-06;-0.3769;0.4924;-0.1864;v22|SEASON|AT_LEAST_ONE_STRONG|1.00|P10
v22;SEASON;AWAY_STRONG;1.0;3;28;475;177;652;72.8528;7;4;11;63.6364;276;115;391;70.5882;199;62;261;76.2452;343;124;467;73.4475;2026-08-06;0.153;0.4876;0.2819;v22|SEASON|AWAY_STRONG|1.00|P3
v22;SEASON;AWAY_STRONG;1.0;4;28;474;177;651;72.8111;8;4;12;66.6667;275;115;390;70.5128;199;62;261;76.2452;342;124;466;73.3906;2026-08-06;0.1113;0.4876;0.225;v22|SEASON|AWAY_STRONG|1.00|P4
v22;SEASON;AT_LEAST_ONE_STRONG;1.0;1;65;476;178;654;72.7829;6;3;9;66.6667;277;116;393;70.4835;199;62;261;76.2452;343;127;470;72.9787;2026-08-06;0.0831;0.4876;-0.1869;v22|SEASON|AT_LEAST_ONE_STRONG|1.00|P1
v22;SEASON;HOME_STRONG;1.5;13;162;368;145;513;71.7349;114;36;150;76.0;214;97;311;68.8103;154;48;202;76.2376;272;106;378;71.9577;2026-08-06;-0.9649;0.48;-1.2079;v22|SEASON|HOME_STRONG|1.50|P13
v22;SEASON;AWAY_STRONG;1.4;11;120;408;146;554;73.6462;74;35;109;67.8899;238;93;331;71.9033;170;53;223;76.2332;296;104;400;74.0;2026-08-06;0.9464;0.4756;0.8344;v22|SEASON|AWAY_STRONG|1.40|P11
v22;SEASON;AT_LEAST_ONE_STRONG;1.3;5;168;412;153;565;72.9204;70;28;98;71.4286;242;100;342;70.7602;170;53;223;76.2332;298;109;407;73.2187;2026-08-06;0.2206;0.4756;0.0531;v22|SEASON|AT_LEAST_ONE_STRONG|1.30|P5
v22;LAST5;AT_LEAST_ONE_STRONG;1.6;1;431;448;165;613;73.0832;34;16;50;68.0;262;107;369;71.0027;186;58;244;76.2295;326;119;445;73.2584;2026-08-06;0.3834;0.4719;0.0928;v22|LAST5|AT_LEAST_ONE_STRONG|1.60|P1
v22;LAST5;HOME_STRONG;1.2;4;140;441;165;606;72.7723;41;16;57;71.9298;255;107;362;70.442;186;58;244;76.2295;326;121;447;72.9306;2026-08-06;0.0725;0.4719;-0.235;v22|LAST5|HOME_STRONG|1.20|P4
v22;LAST5;HOME_STRONG;1.3;4;140;441;165;606;72.7723;41;16;57;71.9298;255;107;362;70.442;186;58;244;76.2295;326;121;447;72.9306;2026-08-06;0.0725;0.4719;-0.235;v22|LAST5|HOME_STRONG|1.30|P4
v22;SEASON;AT_LEAST_ONE_STRONG;1.0;7;65;443;169;612;72.3856;39;12;51;76.4706;257;111;368;69.837;186;58;244;76.2295;319;118;437;72.9977;2026-08-06;-0.3142;0.4719;-0.1679;v22|SEASON|AT_LEAST_ONE_STRONG|1.00|P7
v22;SEASON;HOME_STRONG;1.1;13;50;447;171;618;72.3301;35;10;45;77.7778;261;113;374;69.7861;186;58;244;76.2295;325;123;448;72.5446;2026-08-06;-0.3697;0.4719;-0.621;v22|SEASON|HOME_STRONG|1.10|P13
v22;SEASON;HOME_STRONG;1.1;14;50;445;171;616;72.2403;37;10;47;78.7234;259;113;372;69.6237;186;58;244;76.2295;323;123;446;72.4215;2026-08-06;-0.4595;0.4719;-0.7441;v22|SEASON|HOME_STRONG|1.10|P14
v22;SEASON;AWAY_STRONG;1.6;12;202;356;121;477;74.6331;126;60;186;67.7419;215;77;292;73.6301;141;44;185;76.2162;255;88;343;74.344;2026-08-06;1.9333;0.4586;1.1784;v22|SEASON|AWAY_STRONG|1.60|P12
v22;SEASON;HOME_STRONG;1.5;11;162;376;147;523;71.8929;106;34;140;75.7143;219;98;317;69.0852;157;49;206;76.2136;277;106;383;72.3238;2026-08-06;-0.8069;0.456;-0.8418;v22|SEASON|HOME_STRONG|1.50|P11
v22;SEASON;HOME_STRONG;1.5;10;162;377;149;526;71.673;105;32;137;76.6423;220;100;320;68.75;157;49;206;76.2136;278;107;385;72.2078;2026-08-06;-1.0268;0.456;-0.9578;v22|SEASON|HOME_STRONG|1.50|P10
v22;LAST5;AT_LEAST_ONE_STRONG;0.8;13;88;427;157;584;73.1164;55;24;79;69.6203;254;103;357;71.1485;173;54;227;76.2115;315;116;431;73.0858;2026-08-06;0.4166;0.4539;-0.0798;v22|LAST5|AT_LEAST_ONE_STRONG|0.80|P13
v22;LAST5;AT_LEAST_ONE_STRONG;1.4;1;336;457;170;627;72.8868;25;11;36;69.4444;268;111;379;70.7124;189;59;248;76.2097;331;123;454;72.9075;2026-08-06;0.187;0.4521;-0.2581;v22|LAST5|AT_LEAST_ONE_STRONG|1.40|P1
v22;LAST5;AT_LEAST_ONE_STRONG;1.5;1;336;457;170;627;72.8868;25;11;36;69.4444;268;111;379;70.7124;189;59;248;76.2097;331;123;454;72.9075;2026-08-06;0.187;0.4521;-0.2581;v22|LAST5|AT_LEAST_ONE_STRONG|1.50|P1
v22;SEASON;AWAY_STRONG;1.6;10;202;361;123;484;74.5868;121;58;179;67.5978;217;78;295;73.5593;144;45;189;76.1905;259;89;348;74.4253;2026-08-06;1.887;0.4329;1.2597;v22|SEASON|AWAY_STRONG|1.60|P10
v22;SEASON;AWAY_STRONG;1.3;15;79;429;156;585;73.3333;53;25;78;67.9487;253;101;354;71.4689;176;55;231;76.1905;308;112;420;73.3333;2026-08-06;0.6335;0.4329;0.1677;v22|SEASON|AWAY_STRONG|1.30|P15
v22;SEASON;AWAY_STRONG;1.3;12;79;429;157;586;73.2082;53;24;77;68.8312;253;102;355;71.2676;176;55;231;76.1905;308;112;420;73.3333;2026-08-06;0.5084;0.4329;0.1677;v22|SEASON|AWAY_STRONG|1.30|P12
v22;SEASON;AWAY_STRONG;1.3;13;79;429;157;586;73.2082;53;24;77;68.8312;253;102;355;71.2676;176;55;231;76.1905;308;112;420;73.3333;2026-08-06;0.5084;0.4329;0.1677;v22|SEASON|AWAY_STRONG|1.30|P13
v22;SEASON;AWAY_STRONG;1.3;14;79;429;157;586;73.2082;53;24;77;68.8312;253;102;355;71.2676;176;55;231;76.1905;308;112;420;73.3333;2026-08-06;0.5084;0.4329;0.1677;v22|SEASON|AWAY_STRONG|1.30|P14
v22;LAST5;AT_LEAST_ONE_STRONG;0.8;4;88;463;171;634;73.0284;19;10;29;65.5172;271;111;382;70.9424;192;60;252;76.1905;339;124;463;73.2181;2026-08-06;0.3286;0.4329;0.0525;v22|LAST5|AT_LEAST_ONE_STRONG|0.80|P4
v22;SEASON;AWAY_STRONG;1.2;3;55;465;173;638;72.884;17;8;25;68.0;273;113;386;70.7254;192;60;252;76.1905;334;122;456;73.2456;2026-08-06;0.1842;0.4329;0.08;v22|SEASON|AWAY_STRONG|1.20|P3
v22;LAST5;HOME_STRONG;1.2;3;140;453;171;624;72.5962;29;10;39;74.359;261;111;372;70.1613;192;60;252;76.1905;333;125;458;72.7074;2026-08-06;-0.1036;0.4329;-0.4582;v22|LAST5|HOME_STRONG|1.20|P3
v22;LAST5;HOME_STRONG;1.3;3;140;453;171;624;72.5962;29;10;39;74.359;261;111;372;70.1613;192;60;252;76.1905;333;125;458;72.7074;2026-08-06;-0.1036;0.4329;-0.4582;v22|LAST5|HOME_STRONG|1.30|P3
v22;SEASON;BOTH_STRONG;1.6;3;50;465;170;635;73.2283;17;11;28;60.7143;270;109;379;71.2401;195;61;256;76.1719;335;121;456;73.4649;2026-08-06;0.5285;0.4143;0.2993;v22|SEASON|BOTH_STRONG|1.60|P3
v22;LAST5;BOTH_STRONG;1.4;3;50;468;172;640;73.125;14;9;23;60.8696;273;111;384;71.0938;195;61;256;76.1719;339;122;461;73.5358;2026-08-06;0.4252;0.4143;0.3702;v22|LAST5|BOTH_STRONG|1.40|P3
v22;LAST5;BOTH_STRONG;1.5;3;50;468;172;640;73.125;14;9;23;60.8696;273;111;384;71.0938;195;61;256;76.1719;339;122;461;73.5358;2026-08-06;0.4252;0.4143;0.3702;v22|LAST5|BOTH_STRONG|1.50|P3
v22;SEASON;AWAY_STRONG;1.5;1;163;467;172;639;73.0829;15;9;24;62.5;272;111;383;71.0183;195;61;256;76.1719;337;123;460;73.2609;2026-08-06;0.3831;0.4143;0.0953;v22|SEASON|AWAY_STRONG|1.50|P1
v22;SEASON;BOTH_STRONG;1.5;7;30;464;172;636;72.956;18;9;27;66.6667;269;111;380;70.7895;195;61;256;76.1719;337;123;460;73.2609;2026-08-06;0.2562;0.4143;0.0953;v22|SEASON|BOTH_STRONG|1.50|P7
v22;LAST5;BOTH_STRONG;1.2;6;27;468;174;642;72.8972;14;7;21;66.6667;273;113;386;70.7254;195;61;256;76.1719;341;126;467;73.0193;2026-08-06;0.1974;0.4143;-0.1463;v22|LAST5|BOTH_STRONG|1.20|P6
v22;LAST5;BOTH_STRONG;1.3;6;27;468;174;642;72.8972;14;7;21;66.6667;273;113;386;70.7254;195;61;256;76.1719;341;126;467;73.0193;2026-08-06;0.1974;0.4143;-0.1463;v22|LAST5|BOTH_STRONG|1.30|P6
v22;LAST5;AT_LEAST_ONE_STRONG;0.8;3;88;470;175;645;72.8682;12;6;18;66.6667;275;114;389;70.6941;195;61;256;76.1719;342;126;468;73.0769;2026-08-06;0.1684;0.4143;-0.0887;v22|LAST5|AT_LEAST_ONE_STRONG|0.80|P3
v22;LAST5;BOTH_STRONG;1.2;7;27;467;174;641;72.8549;15;7;22;68.1818;272;113;385;70.6494;195;61;256;76.1719;341;126;467;73.0193;2026-08-06;0.1551;0.4143;-0.1463;v22|LAST5|BOTH_STRONG|1.20|P7
v22;LAST5;BOTH_STRONG;1.3;7;27;467;174;641;72.8549;15;7;22;68.1818;272;113;385;70.6494;195;61;256;76.1719;341;126;467;73.0193;2026-08-06;0.1551;0.4143;-0.1463;v22|LAST5|BOTH_STRONG|1.30|P7
v22;SEASON;AWAY_STRONG;1.0;7;28;465;174;639;72.77;17;7;24;70.8333;270;113;383;70.4961;195;61;256;76.1719;336;121;457;73.523;2026-08-06;0.0702;0.4143;0.3574;v22|SEASON|AWAY_STRONG|1.00|P7
v22;SEASON;HOME_STRONG;1.5;1;162;464;174;638;72.7273;18;7;25;72.0;269;113;382;70.4188;195;61;256;76.1719;337;124;461;73.102;2026-08-06;0.0275;0.4143;-0.0636;v22|SEASON|HOME_STRONG|1.50|P1
v22;SEASON;AWAY_STRONG;1.3;9;79;433;159;592;73.1419;49;22;71;69.0141;254;103;357;71.1485;179;56;235;76.1702;311;114;425;73.1765;2026-08-06;0.4421;0.4126;0.0109;v22|SEASON|AWAY_STRONG|1.30|P9
v22;LAST5;AT_LEAST_ONE_STRONG;0.8;8;88;438;162;600;73.0;44;19;63;69.8413;259;106;365;70.9589;179;56;235;76.1702;323;119;442;73.0769;2026-08-06;0.3002;0.4126;-0.0887;v22|LAST5|AT_LEAST_ONE_STRONG|0.80|P8
v22;LAST5;HOME_STRONG;1.4;4;195;425;158;583;72.8988;57;23;80;71.25;246;102;348;70.6897;179;56;235;76.1702;314;115;429;73.1935;2026-08-06;0.199;0.4126;0.0279;v22|LAST5|HOME_STRONG|1.40|P4
v22;LAST5;HOME_STRONG;1.5;4;195;425;158;583;72.8988;57;23;80;71.25;246;102;348;70.6897;179;56;235;76.1702;314;115;429;73.1935;2026-08-06;0.199;0.4126;0.0279;v22|LAST5|HOME_STRONG|1.50|P4
v22;LAST5;AT_LEAST_ONE_STRONG;0.8;7;88;438;164;602;72.7575;44;17;61;72.1311;259;108;367;70.5722;179;56;235;76.1702;323;120;443;72.912;2026-08-06;0.0577;0.4126;-0.2536;v22|LAST5|AT_LEAST_ONE_STRONG|0.80|P7
v22;SEASON;HOME_STRONG;1.6;11;202;357;136;493;72.4138;125;45;170;73.5294;210;90;300;70.0;147;46;193;76.1658;264;100;364;72.5275;2026-08-06;-0.286;0.4082;-0.6381;v22|SEASON|HOME_STRONG|1.60|P11
v22;SEASON;AWAY_STRONG;1.0;5;28;471;175;646;72.9102;11;6;17;64.7059;273;113;386;70.7254;198;62;260;76.1538;341;122;463;73.6501;2026-08-06;0.2104;0.3962;0.4845;v22|SEASON|AWAY_STRONG|1.00|P5
v22;LAST5;BOTH_STRONG;1.0;9;14;473;176;649;72.8814;9;5;14;64.2857;275;114;389;70.6941;198;62;260;76.1538;344;126;470;73.1915;2026-08-06;0.1816;0.3962;0.0259;v22|LAST5|BOTH_STRONG|1.00|P9
v22;LAST5;BOTH_STRONG;1.0;10;14;473;176;649;72.8814;9;5;14;64.2857;275;114;389;70.6941;198;62;260;76.1538;344;126;470;73.1915;2026-08-06;0.1816;0.3962;0.0259;v22|LAST5|BOTH_STRONG|1.00|P10
v22;LAST5;BOTH_STRONG;1.0;11;14;473;176;649;72.8814;9;5;14;64.2857;275;114;389;70.6941;198;62;260;76.1538;344;126;470;73.1915;2026-08-06;0.1816;0.3962;0.0259;v22|LAST5|BOTH_STRONG|1.00|P11
v22;LAST5;BOTH_STRONG;1.0;12;14;473;176;649;72.8814;9;5;14;64.2857;275;114;389;70.6941;198;62;260;76.1538;344;126;470;73.1915;2026-08-06;0.1816;0.3962;0.0259;v22|LAST5|BOTH_STRONG|1.00|P12
v22;LAST5;BOTH_STRONG;1.0;13;14;473;176;649;72.8814;9;5;14;64.2857;275;114;389;70.6941;198;62;260;76.1538;344;126;470;73.1915;2026-08-06;0.1816;0.3962;0.0259;v22|LAST5|BOTH_STRONG|1.00|P13
v22;LAST5;BOTH_STRONG;1.0;14;14;473;176;649;72.8814;9;5;14;64.2857;275;114;389;70.6941;198;62;260;76.1538;344;126;470;73.1915;2026-08-06;0.1816;0.3962;0.0259;v22|LAST5|BOTH_STRONG|1.00|P14
v22;LAST5;BOTH_STRONG;1.0;15;14;473;176;649;72.8814;9;5;14;64.2857;275;114;389;70.6941;198;62;260;76.1538;344;126;470;73.1915;2026-08-06;0.1816;0.3962;0.0259;v22|LAST5|BOTH_STRONG|1.00|P15
v22;LAST5;BOTH_STRONG;1.1;9;14;473;176;649;72.8814;9;5;14;64.2857;275;114;389;70.6941;198;62;260;76.1538;344;126;470;73.1915;2026-08-06;0.1816;0.3962;0.0259;v22|LAST5|BOTH_STRONG|1.10|P9
v22;LAST5;BOTH_STRONG;1.1;10;14;473;176;649;72.8814;9;5;14;64.2857;275;114;389;70.6941;198;62;260;76.1538;344;126;470;73.1915;2026-08-06;0.1816;0.3962;0.0259;v22|LAST5|BOTH_STRONG|1.10|P10
v22;LAST5;BOTH_STRONG;1.1;11;14;473;176;649;72.8814;9;5;14;64.2857;275;114;389;70.6941;198;62;260;76.1538;344;126;470;73.1915;2026-08-06;0.1816;0.3962;0.0259;v22|LAST5|BOTH_STRONG|1.10|P11
v22;LAST5;BOTH_STRONG;1.1;12;14;473;176;649;72.8814;9;5;14;64.2857;275;114;389;70.6941;198;62;260;76.1538;344;126;470;73.1915;2026-08-06;0.1816;0.3962;0.0259;v22|LAST5|BOTH_STRONG|1.10|P12
v22;LAST5;BOTH_STRONG;1.1;13;14;473;176;649;72.8814;9;5;14;64.2857;275;114;389;70.6941;198;62;260;76.1538;344;126;470;73.1915;2026-08-06;0.1816;0.3962;0.0259;v22|LAST5|BOTH_STRONG|1.10|P13
v22;LAST5;BOTH_STRONG;1.1;14;14;473;176;649;72.8814;9;5;14;64.2857;275;114;389;70.6941;198;62;260;76.1538;344;126;470;73.1915;2026-08-06;0.1816;0.3962;0.0259;v22|LAST5|BOTH_STRONG|1.10|P14
v22;LAST5;BOTH_STRONG;1.1;15;14;473;176;649;72.8814;9;5;14;64.2857;275;114;389;70.6941;198;62;260;76.1538;344;126;470;73.1915;2026-08-06;0.1816;0.3962;0.0259;v22|LAST5|BOTH_STRONG|1.10|P15
v22;SEASON;AT_LEAST_ONE_STRONG;1.0;13;65;436;166;602;72.4252;46;15;61;75.4098;254;109;363;69.9725;182;57;239;76.1506;313;116;429;72.9604;2026-08-06;-0.2746;0.393;-0.2052;v22|SEASON|AT_LEAST_ONE_STRONG|1.00|P13
v22;SEASON;AT_LEAST_ONE_STRONG;1.0;14;65;436;166;602;72.4252;46;15;61;75.4098;254;109;363;69.9725;182;57;239;76.1506;313;116;429;72.9604;2026-08-06;-0.2746;0.393;-0.2052;v22|SEASON|AT_LEAST_ONE_STRONG|1.00|P14
v22;SEASON;HOME_STRONG;1.2;9;71;435;169;604;72.0199;47;12;59;79.661;253;112;365;69.3151;182;57;239;76.1506;317;120;437;72.54;2026-08-06;-0.6799;0.393;-0.6256;v22|SEASON|HOME_STRONG|1.20|P9
v22;SEASON;HOME_STRONG;1.6;6;202;392;147;539;72.7273;90;34;124;72.5806;226;95;321;70.405;166;52;218;76.1468;290;108;398;72.8643;2026-08-06;0.0275;0.3892;-0.3013;v22|SEASON|HOME_STRONG|1.60|P6
v22;SEASON;AT_LEAST_ONE_STRONG;1.4;7;231;362;133;495;73.1313;120;48;168;71.4286;212;86;298;71.1409;150;47;197;76.1421;264;95;359;73.5376;2026-08-06;0.4315;0.3845;0.372;v22|SEASON|AT_LEAST_ONE_STRONG|1.40|P7
v22;SEASON;AT_LEAST_ONE_STRONG;1.4;12;231;331;122;453;73.0684;151;59;210;71.9048;197;80;277;71.1191;134;42;176;76.1364;242;88;330;73.3333;2026-08-06;0.3686;0.3788;0.1677;v22|SEASON|AT_LEAST_ONE_STRONG|1.40|P12
v22;SEASON;AT_LEAST_ONE_STRONG;1.6;1;354;448;164;612;73.2026;34;17;51;66.6667;263;106;369;71.2737;185;58;243;76.1317;325;118;443;73.3634;2026-08-06;0.5028;0.3741;0.1978;v22|SEASON|AT_LEAST_ONE_STRONG|1.60|P1
v22;SEASON;AT_LEAST_ONE_STRONG;1.0;8;65;441;169;610;72.2951;41;12;53;77.3585;256;111;367;69.7548;185;58;243;76.1317;317;118;435;72.8736;2026-08-06;-0.4047;0.3741;-0.292;v22|SEASON|AT_LEAST_ONE_STRONG|1.00|P8
v22;LAST5;HOME_STRONG;1.4;10;195;371;137;508;73.0315;111;44;155;71.6129;218;89;307;71.0098;153;48;201;76.1194;278;100;378;73.545;2026-08-06;0.3317;0.3618;0.3794;v22|LAST5|HOME_STRONG|1.40|P10
v22;LAST5;HOME_STRONG;1.5;10;195;371;137;508;73.0315;111;44;155;71.6129;218;89;307;71.0098;153;48;201;76.1194;278;100;378;73.545;2026-08-06;0.3317;0.3618;0.3794;v22|LAST5|HOME_STRONG|1.50|P10
v22;LAST5;BOTH_STRONG;1.6;3;97;451;166;617;73.0956;31;15;46;67.3913;263;107;370;71.0811;188;59;247;76.1134;327;118;445;73.4831;2026-08-06;0.3958;0.3558;0.3175;v22|LAST5|BOTH_STRONG|1.60|P3
v22;SEASON;HOME_STRONG;1.1;9;50;450;174;624;72.1154;32;7;39;82.0513;262;115;377;69.496;188;59;247;76.1134;327;124;451;72.5055;2026-08-06;-0.5844;0.3558;-0.6601;v22|SEASON|HOME_STRONG|1.10|P9
v22;SEASON;AT_LEAST_ONE_STRONG;1.4;10;231;337;125;462;72.9437;145;56;201;72.1393;200;82;282;70.922;137;43;180;76.1111;245;90;335;73.1343;2026-08-06;0.2439;0.3535;-0.0313;v22|SEASON|AT_LEAST_ONE_STRONG|1.40|P10
v22;SEASON;HOME_STRONG;1.5;12;162;373;147;520;71.7308;109;34;143;76.2238;217;98;315;68.8889;156;49;205;76.0976;276;106;382;72.2513;2026-08-06;-0.969;0.34;-0.9143;v22|SEASON|HOME_STRONG|1.50|P12
v22;LAST5;AWAY_STRONG;1.4;1;191;464;173;637;72.8414;18;8;26;69.2308;273;113;386;70.7254;191;60;251;76.0956;337;124;461;73.102;2026-08-06;0.1416;0.338;-0.0636;v22|LAST5|AWAY_STRONG|1.40|P1
v22;LAST5;AWAY_STRONG;1.5;1;191;464;173;637;72.8414;18;8;26;69.2308;273;113;386;70.7254;191;60;251;76.0956;337;124;461;73.102;2026-08-06;0.1416;0.338;-0.0636;v22|LAST5|AWAY_STRONG|1.50|P1
v22;LAST5;AT_LEAST_ONE_STRONG;1.2;1;241;461;172;633;72.8278;21;9;30;70.0;270;112;382;70.6806;191;60;251;76.0956;333;124;457;72.8665;2026-08-06;0.128;0.338;-0.2991;v22|LAST5|AT_LEAST_ONE_STRONG|1.20|P1
v22;LAST5;AT_LEAST_ONE_STRONG;1.3;1;241;461;172;633;72.8278;21;9;30;70.0;270;112;382;70.6806;191;60;251;76.0956;333;124;457;72.8665;2026-08-06;0.128;0.338;-0.2991;v22|LAST5|AT_LEAST_ONE_STRONG|1.30|P1
v22;SEASON;AWAY_STRONG;1.2;4;55;463;173;636;72.7987;19;8;27;70.3704;272;113;385;70.6494;191;60;251;76.0956;333;122;455;73.1868;2026-08-06;0.0989;0.338;0.0212;v22|SEASON|AWAY_STRONG|1.20|P4
v22;SEASON;HOME_STRONG;1.0;9;37;459;175;634;72.3975;23;6;29;79.3103;268;115;383;69.9739;191;60;251;76.0956;331;124;455;72.7473;2026-08-06;-0.3023;0.338;-0.4183;v22|SEASON|HOME_STRONG|1.00|P9
v22;SEASON;HOME_STRONG;1.1;5;50;457;176;633;72.1959;25;5;30;83.3333;266;116;382;69.6335;191;60;251;76.0956;332;126;458;72.4891;2026-08-06;-0.5039;0.338;-0.6765;v22|SEASON|HOME_STRONG|1.10|P5
v22;LAST5;HOME_STRONG;1.4;5;195;417;155;572;72.9021;65;26;91;71.4286;242;100;342;70.7602;175;55;230;76.087;309;113;422;73.2227;2026-08-06;0.2023;0.3294;0.0571;v22|LAST5|HOME_STRONG|1.40|P5
v22;LAST5;HOME_STRONG;1.5;5;195;417;155;572;72.9021;65;26;91;71.4286;242;100;342;70.7602;175;55;230;76.087;309;113;422;73.2227;2026-08-06;0.2023;0.3294;0.0571;v22|LAST5|HOME_STRONG|1.50|P5
v22;LAST5;BOTH_STRONG;1.2;8;27;466;173;639;72.9264;16;8;24;66.6667;272;112;384;70.8333;194;61;255;76.0784;340;126;466;72.9614;2026-08-06;0.2266;0.3208;-0.2042;v22|LAST5|BOTH_STRONG|1.20|P8
v22;LAST5;BOTH_STRONG;1.3;8;27;466;173;639;72.9264;16;8;24;66.6667;272;112;384;70.8333;194;61;255;76.0784;340;126;466;72.9614;2026-08-06;0.2266;0.3208;-0.2042;v22|LAST5|BOTH_STRONG|1.30|P8
v22;LAST5;AWAY_STRONG;1.0;1;81;471;176;647;72.7975;11;5;16;68.75;277;115;392;70.6633;194;61;255;76.0784;341;127;468;72.8632;2026-08-06;0.0977;0.3208;-0.3024;v22|LAST5|AWAY_STRONG|1.00|P1
v22;LAST5;AWAY_STRONG;1.1;1;81;471;176;647;72.7975;11;5;16;68.75;277;115;392;70.6633;194;61;255;76.0784;341;127;468;72.8632;2026-08-06;0.0977;0.3208;-0.3024;v22|LAST5|AWAY_STRONG|1.10|P1
v22;SEASON;AWAY_STRONG;1.0;8;28;464;174;638;72.7273;18;7;25;72.0;270;113;383;70.4961;194;61;255;76.0784;335;121;456;73.4649;2026-08-06;0.0275;0.3208;0.2993;v22|SEASON|AWAY_STRONG|1.00|P8
v22;SEASON;HOME_STRONG;1.0;5;37;465;177;642;72.4299;17;4;21;80.9524;271;116;387;70.0258;194;61;255;76.0784;336;126;462;72.7273;2026-08-06;-0.2699;0.3208;-0.4383;v22|SEASON|HOME_STRONG|1.00|P5
v22;LAST5;HOME_STRONG;1.2;2;140;457;174;631;72.4247;25;7;32;78.125;263;113;376;69.9468;194;61;255;76.0784;333;127;460;72.3913;2026-08-06;-0.2751;0.3208;-0.7743;v22|LAST5|HOME_STRONG|1.20|P2
v22;LAST5;HOME_STRONG;1.3;2;140;457;174;631;72.4247;25;7;32;78.125;263;113;376;69.9468;194;61;255;76.0784;333;127;460;72.3913;2026-08-06;-0.2751;0.3208;-0.7743;v22|LAST5|HOME_STRONG|1.30|P2
v22;LAST5;HOME_STRONG;1.2;15;140;388;144;532;72.9323;94;37;131;71.7557;229;94;323;70.8978;159;50;209;76.0766;289;107;396;72.9798;2026-08-06;0.2325;0.319;-0.1858;v22|LAST5|HOME_STRONG|1.20|P15
v22;LAST5;HOME_STRONG;1.3;15;140;388;144;532;72.9323;94;37;131;71.7557;229;94;323;70.8978;159;50;209;76.0766;289;107;396;72.9798;2026-08-06;0.2325;0.319;-0.1858;v22|LAST5|HOME_STRONG|1.30|P15
v22;SEASON;AWAY_STRONG;1.3;10;79;432;158;590;73.2203;50;23;73;68.4932;254;102;356;71.3483;178;56;234;76.0684;310;113;423;73.2861;2026-08-06;0.5205;0.3108;0.1205;v22|SEASON|AWAY_STRONG|1.30|P10
v22;LAST5;AT_LEAST_ONE_STRONG;0.8;9;88;434;161;595;72.9412;48;20;68;70.5882;256;105;361;70.9141;178;56;234;76.0684;321;119;440;72.9545;2026-08-06;0.2414;0.3108;-0.2111;v22|LAST5|AT_LEAST_ONE_STRONG|0.80|P9
v22;SEASON;HOME_STRONG;1.6;13;202;347;134;481;72.1414;135;47;182;74.1758;204;89;293;69.6246;143;45;188;76.0638;257;100;357;71.9888;2026-08-06;-0.5584;0.3062;-1.1768;v22|SEASON|HOME_STRONG|1.60|P13
v22;LAST5;BOTH_STRONG;1.2;4;27;472;175;647;72.9521;10;6;16;62.5;275;113;388;70.8763;197;62;259;76.0618;344;127;471;73.0361;2026-08-06;0.2523;0.3042;-0.1295;v22|LAST5|BOTH_STRONG|1.20|P4
v22;LAST5;BOTH_STRONG;1.2;5;27;472;175;647;72.9521;10;6;16;62.5;275;113;388;70.8763;197;62;259;76.0618;344;127;471;73.0361;2026-08-06;0.2523;0.3042;-0.1295;v22|LAST5|BOTH_STRONG|1.20|P5
v22;LAST5;BOTH_STRONG;1.3;4;27;472;175;647;72.9521;10;6;16;62.5;275;113;388;70.8763;197;62;259;76.0618;344;127;471;73.0361;2026-08-06;0.2523;0.3042;-0.1295;v22|LAST5|BOTH_STRONG|1.30|P4
v22;LAST5;BOTH_STRONG;1.3;5;27;472;175;647;72.9521;10;6;16;62.5;275;113;388;70.8763;197;62;259;76.0618;344;127;471;73.0361;2026-08-06;0.2523;0.3042;-0.1295;v22|LAST5|BOTH_STRONG|1.30|P5
v22;LAST5;AT_LEAST_ONE_STRONG;0.8;1;88;474;176;650;72.9231;8;5;13;61.5385;277;114;391;70.844;197;62;259;76.0618;343;127;470;72.9787;2026-08-06;0.2233;0.3042;-0.1869;v22|LAST5|AT_LEAST_ONE_STRONG|0.80|P1
v22;LAST5;AWAY_STRONG;0.8;1;43;476;178;654;72.7829;6;3;9;66.6667;279;116;395;70.6329;197;62;259;76.0618;345;127;472;73.0932;2026-08-06;0.0831;0.3042;-0.0724;v22|LAST5|AWAY_STRONG|0.80|P1
v22;SEASON;HOME_STRONG;1.2;2;71;466;176;642;72.5857;16;5;21;76.1905;269;114;383;70.235;197;62;259;76.0618;339;126;465;72.9032;2026-08-06;-0.1141;0.3042;-0.2624;v22|SEASON|HOME_STRONG|1.20|P2
v22;SEASON;AT_LEAST_ONE_STRONG;1.1;1;86;470;178;648;72.5309;12;3;15;80.0;273;116;389;70.1799;197;62;259;76.0618;339;127;466;72.7468;2026-08-06;-0.1689;0.3042;-0.4188;v22|SEASON|AT_LEAST_ONE_STRONG|1.10|P1
v22;SEASON;HOME_STRONG;1.1;2;50;469;178;647;72.4884;13;3;16;81.25;272;116;388;70.1031;197;62;259;76.0618;341;128;469;72.7079;2026-08-06;-0.2114;0.3042;-0.4577;v22|SEASON|HOME_STRONG|1.10|P2
v22;SEASON;HOME_STRONG;1.6;7;202;382;144;526;72.6236;100;37;137;72.9927;220;93;313;70.2875;162;51;213;76.0563;284;106;390;72.8205;2026-08-06;-0.0762;0.2987;-0.3451;v22|SEASON|HOME_STRONG|1.60|P7
v22;SEASON;HOME_STRONG;1.2;11;71;434;168;602;72.093;48;13;61;78.6885;253;111;364;69.5055;181;57;238;76.0504;317;119;436;72.7064;2026-08-06;-0.6068;0.2928;-0.4592;v22|SEASON|HOME_STRONG|1.20|P11
v22;SEASON;HOME_STRONG;1.2;12;71;434;168;602;72.093;48;13;61;78.6885;253;111;364;69.5055;181;57;238;76.0504;317;119;436;72.7064;2026-08-06;-0.6068;0.2928;-0.4592;v22|SEASON|HOME_STRONG|1.20|P12
v22;SEASON;HOME_STRONG;1.2;10;71;434;169;603;71.9735;48;12;60;80.0;253;112;365;69.3151;181;57;238;76.0504;317;120;437;72.54;2026-08-06;-0.7263;0.2928;-0.6256;v22|SEASON|HOME_STRONG|1.20|P10
v22;SEASON;AT_LEAST_ONE_STRONG;1.6;7;354;314;109;423;74.2317;168;72;240;70.0;187;69;256;73.0469;127;40;167;76.0479;235;81;316;74.3671;2026-08-06;1.5319;0.2903;1.2015;v22|SEASON|AT_LEAST_ONE_STRONG|1.60|P7
v22;LAST5;BOTH_STRONG;0.8;6;5;480;179;659;72.8376;2;2;4;50.0;280;116;396;70.7071;200;63;263;76.0456;348;127;475;73.2632;2026-08-06;0.1378;0.288;0.0976;v22|LAST5|BOTH_STRONG|0.80|P6
v22;LAST5;BOTH_STRONG;0.8;7;5;479;179;658;72.7964;3;2;5;60.0;279;116;395;70.6329;200;63;263;76.0456;348;127;475;73.2632;2026-08-06;0.0966;0.288;0.0976;v22|LAST5|BOTH_STRONG|0.80|P7
v22;LAST5;BOTH_STRONG;0.8;8;5;479;179;658;72.7964;3;2;5;60.0;279;116;395;70.6329;200;63;263;76.0456;348;127;475;73.2632;2026-08-06;0.0966;0.288;0.0976;v22|LAST5|BOTH_STRONG|0.80|P8
v22;LAST5;BOTH_STRONG;0.8;9;5;479;179;658;72.7964;3;2;5;60.0;279;116;395;70.6329;200;63;263;76.0456;348;127;475;73.2632;2026-08-06;0.0966;0.288;0.0976;v22|LAST5|BOTH_STRONG|0.80|P9
v22;LAST5;BOTH_STRONG;0.8;10;5;479;179;658;72.7964;3;2;5;60.0;279;116;395;70.6329;200;63;263;76.0456;348;127;475;73.2632;2026-08-06;0.0966;0.288;0.0976;v22|LAST5|BOTH_STRONG|0.80|P10
v22;LAST5;BOTH_STRONG;0.8;11;5;479;179;658;72.7964;3;2;5;60.0;279;116;395;70.6329;200;63;263;76.0456;348;127;475;73.2632;2026-08-06;0.0966;0.288;0.0976;v22|LAST5|BOTH_STRONG|0.80|P11
v22;LAST5;BOTH_STRONG;0.8;12;5;479;179;658;72.7964;3;2;5;60.0;279;116;395;70.6329;200;63;263;76.0456;348;127;475;73.2632;2026-08-06;0.0966;0.288;0.0976;v22|LAST5|BOTH_STRONG|0.80|P12
v22;LAST5;BOTH_STRONG;0.8;13;5;479;179;658;72.7964;3;2;5;60.0;279;116;395;70.6329;200;63;263;76.0456;348;127;475;73.2632;2026-08-06;0.0966;0.288;0.0976;v22|LAST5|BOTH_STRONG|0.80|P13
v22;LAST5;BOTH_STRONG;0.8;14;5;479;179;658;72.7964;3;2;5;60.0;279;116;395;70.6329;200;63;263;76.0456;348;127;475;73.2632;2026-08-06;0.0966;0.288;0.0976;v22|LAST5|BOTH_STRONG|0.80|P14
v22;LAST5;BOTH_STRONG;0.8;15;5;479;179;658;72.7964;3;2;5;60.0;279;116;395;70.6329;200;63;263;76.0456;348;127;475;73.2632;2026-08-06;0.0966;0.288;0.0976;v22|LAST5|BOTH_STRONG|0.80|P15
v22;SEASON;AWAY_STRONG;1.0;1;28;480;180;660;72.7273;2;1;3;66.6667;280;117;397;70.529;200;63;263;76.0456;347;127;474;73.2068;2026-08-06;0.0275;0.288;0.0412;v22|SEASON|AWAY_STRONG|1.00|P1
v22;SEASON;AWAY_STRONG;1.1;1;36;478;180;658;72.6444;4;1;5;80.0;278;117;395;70.3797;200;63;263;76.0456;345;127;472;73.0932;2026-08-06;-0.0554;0.288;-0.0724;v22|SEASON|AWAY_STRONG|1.10|P1
v22;SEASON;HOME_STRONG;1.1;15;50;443;170;613;72.2675;39;11;50;78.0;259;112;371;69.8113;184;58;242;76.0331;321;122;443;72.4605;2026-08-06;-0.4323;0.2755;-0.7051;v22|SEASON|HOME_STRONG|1.10|P15
v22;LAST5;AT_LEAST_ONE_STRONG;1.2;8;241;361;131;492;73.374;121;50;171;70.7602;212;84;296;71.6216;149;47;196;76.0204;272;101;373;72.9223;2026-08-06;0.6742;0.2628;-0.2433;v22|LAST5|AT_LEAST_ONE_STRONG|1.20|P8
v22;LAST5;AT_LEAST_ONE_STRONG;1.3;8;241;361;131;492;73.374;121;50;171;70.7602;212;84;296;71.6216;149;47;196;76.0204;272;101;373;72.9223;2026-08-06;0.6742;0.2628;-0.2433;v22|LAST5|AT_LEAST_ONE_STRONG|1.30|P8
v22;SEASON;AT_LEAST_ONE_STRONG;1.3;12;168;370;139;509;72.6916;112;42;154;72.7273;221;92;313;70.607;149;47;196;76.0204;267;100;367;72.752;2026-08-06;-0.0082;0.2628;-0.4136;v22|SEASON|AT_LEAST_ONE_STRONG|1.30|P12
v22;SEASON;HOME_STRONG;1.5;15;162;360;143;503;71.5706;122;38;160;76.25;211;96;307;68.7296;149;47;196;76.0204;266;104;370;71.8919;2026-08-06;-1.1292;0.2628;-1.2737;v22|SEASON|HOME_STRONG|1.50|P15
v22;SEASON;HOME_STRONG;1.1;11;50;449;173;622;72.1865;33;8;41;80.4878;262;114;376;69.6809;187;59;246;76.0163;327;123;450;72.6667;2026-08-06;-0.5133;0.2587;-0.4989;v22|SEASON|HOME_STRONG|1.10|P11
v22;SEASON;HOME_STRONG;1.1;12;50;449;173;622;72.1865;33;8;41;80.4878;262;114;376;69.6809;187;59;246;76.0163;327;123;450;72.6667;2026-08-06;-0.5133;0.2587;-0.4989;v22|SEASON|HOME_STRONG|1.10|P12
v22;SEASON;HOME_STRONG;1.1;10;50;449;174;623;72.0706;33;7;40;82.5;262;115;377;69.496;187;59;246;76.0163;327;124;451;72.5055;2026-08-06;-0.6292;0.2587;-0.6601;v22|SEASON|HOME_STRONG|1.10|P10
v22;SEASON;AT_LEAST_ONE_STRONG;1.5;8;295;318;119;437;72.7689;164;62;226;72.5664;185;77;262;70.6107;133;42;175;76.0;233;87;320;72.8125;2026-08-06;0.0691;0.2424;-0.3531;v22|SEASON|AT_LEAST_ONE_STRONG|1.50|P8
v22;SEASON;HOME_STRONG;1.3;14;93;414;160;574;72.1254;68;21;89;76.4045;243;106;349;69.6275;171;54;225;76.0;302;115;417;72.4221;2026-08-06;-0.5744;0.2424;-0.7435;v22|SEASON|HOME_STRONG|1.30|P14
v22;LAST5;BOTH_STRONG;1.6;2;97;455;169;624;72.9167;27;12;39;69.2308;265;109;374;70.8556;190;60;250;76.0;328;120;448;73.2143;2026-08-06;0.2169;0.2424;0.0487;v22|LAST5|BOTH_STRONG|1.60|P2
v22;SEASON;HOME_STRONG;1.0;11;37;458;174;632;72.4684;24;7;31;77.4194;268;114;382;70.1571;190;60;250;76.0;331;123;454;72.9075;2026-08-06;-0.2314;0.2424;-0.2581;v22|SEASON|HOME_STRONG|1.00|P11
v22;SEASON;HOME_STRONG;1.0;12;37;458;174;632;72.4684;24;7;31;77.4194;268;114;382;70.1571;190;60;250;76.0;331;123;454;72.9075;2026-08-06;-0.2314;0.2424;-0.2581;v22|SEASON|HOME_STRONG|1.00|P12
v22;SEASON;HOME_STRONG;1.0;10;37;458;175;633;72.3539;24;6;30;80.0;268;115;383;69.9739;190;60;250;76.0;331;124;455;72.7473;2026-08-06;-0.3459;0.2424;-0.4183;v22|SEASON|HOME_STRONG|1.00|P10
v22;SEASON;AT_LEAST_ONE_STRONG;1.4;1;231;457;169;626;73.0032;25;12;37;67.5676;264;108;372;70.9677;193;61;254;75.9843;330;121;451;73.1707;2026-08-06;0.3034;0.2267;0.0051;v22|SEASON|AT_LEAST_ONE_STRONG|1.40|P1
v22;SEASON;BOTH_STRONG;1.5;8;30;462;172;634;72.8707;20;9;29;68.9655;269;111;380;70.7895;193;61;254;75.9843;335;123;458;73.1441;2026-08-06;0.1709;0.2267;-0.0215;v22|SEASON|BOTH_STRONG|1.50|P8
v22;LAST5;AWAY_STRONG;1.2;1;128;467;174;641;72.8549;15;7;22;68.1818;274;113;387;70.801;193;61;254;75.9843;338;125;463;73.0022;2026-08-06;0.1551;0.2267;-0.1634;v22|LAST5|AWAY_STRONG|1.20|P1
v22;LAST5;AWAY_STRONG;1.3;1;128;467;174;641;72.8549;15;7;22;68.1818;274;113;387;70.801;193;61;254;75.9843;338;125;463;73.0022;2026-08-06;0.1551;0.2267;-0.1634;v22|LAST5|AWAY_STRONG|1.30|P1
v22;LAST5;HOME_STRONG;1.0;4;88;456;171;627;72.7273;26;10;36;72.2222;263;110;373;70.5094;193;61;254;75.9843;335;123;458;73.1441;2026-08-06;0.0275;0.2267;-0.0215;v22|LAST5|HOME_STRONG|1.00|P4
v22;LAST5;HOME_STRONG;1.1;4;88;456;171;627;72.7273;26;10;36;72.2222;263;110;373;70.5094;193;61;254;75.9843;335;123;458;73.1441;2026-08-06;0.0275;0.2267;-0.0215;v22|LAST5|HOME_STRONG|1.10|P4
v22;SEASON;AWAY_STRONG;1.0;9;28;463;174;637;72.6845;19;7;26;73.0769;270;113;383;70.4961;193;61;254;75.9843;334;121;455;73.4066;2026-08-06;-0.0153;0.2267;0.241;v22|SEASON|AWAY_STRONG|1.00|P9
v22;SEASON;AWAY_STRONG;1.0;10;28;463;174;637;72.6845;19;7;26;73.0769;270;113;383;70.4961;193;61;254;75.9843;334;121;455;73.4066;2026-08-06;-0.0153;0.2267;0.241;v22|SEASON|AWAY_STRONG|1.00|P10
v22;SEASON;AWAY_STRONG;1.0;11;28;463;174;637;72.6845;19;7;26;73.0769;270;113;383;70.4961;193;61;254;75.9843;334;121;455;73.4066;2026-08-06;-0.0153;0.2267;0.241;v22|SEASON|AWAY_STRONG|1.00|P11
v22;SEASON;HOME_STRONG;1.2;3;71;462;174;636;72.6415;20;7;27;74.0741;269;113;382;70.4188;193;61;254;75.9843;337;124;461;73.102;2026-08-06;-0.0583;0.2267;-0.0636;v22|SEASON|HOME_STRONG|1.20|P3
v22;SEASON;AWAY_STRONG;1.0;12;28;462;174;636;72.6415;20;7;27;74.0741;269;113;382;70.4188;193;61;254;75.9843;333;121;454;73.348;2026-08-06;-0.0583;0.2267;0.1824;v22|SEASON|AWAY_STRONG|1.00|P12
v22;SEASON;AWAY_STRONG;1.0;13;28;462;174;636;72.6415;20;7;27;74.0741;269;113;382;70.4188;193;61;254;75.9843;333;121;454;73.348;2026-08-06;-0.0583;0.2267;0.1824;v22|SEASON|AWAY_STRONG|1.00|P13
v22;SEASON;AWAY_STRONG;1.0;14;28;462;174;636;72.6415;20;7;27;74.0741;269;113;382;70.4188;193;61;254;75.9843;333;121;454;73.348;2026-08-06;-0.0583;0.2267;0.1824;v22|SEASON|AWAY_STRONG|1.00|P14
v22;SEASON;AWAY_STRONG;1.0;15;28;462;174;636;72.6415;20;7;27;74.0741;269;113;382;70.4188;193;61;254;75.9843;333;121;454;73.348;2026-08-06;-0.0583;0.2267;0.1824;v22|SEASON|AWAY_STRONG|1.00|P15
v22;SEASON;HOME_STRONG;1.1;4;50;461;177;638;72.2571;21;4;25;84.0;268;116;384;69.7917;193;61;254;75.9843;336;127;463;72.5702;2026-08-06;-0.4427;0.2267;-0.5954;v22|SEASON|HOME_STRONG|1.10|P4
v22;LAST5;AT_LEAST_ONE_STRONG;0.8;12;88;429;158;587;73.0835;53;23;76;69.7368;255;103;358;71.2291;174;55;229;75.9825;317;116;433;73.2102;2026-08-06;0.3837;0.2249;0.0446;v22|LAST5|AT_LEAST_ONE_STRONG|0.80|P12
v22;SEASON;AT_LEAST_ONE_STRONG;1.3;4;168;421;158;579;72.7116;61;23;84;72.619;247;103;350;70.5714;174;55;229;75.9825;304;113;417;72.9017;2026-08-06;0.0118;0.2249;-0.2639;v22|SEASON|AT_LEAST_ONE_STRONG|1.30|P4
v22;SEASON;HOME_STRONG;1.6;4;202;410;154;564;72.695;72;27;99;72.7273;236;99;335;70.4478;174;55;229;75.9825;302;113;415;72.7711;2026-08-06;-0.0048;0.2249;-0.3945;v22|SEASON|HOME_STRONG|1.60|P4
v22;SEASON;AT_LEAST_ONE_STRONG;1.4;11;231;336;123;459;73.2026;146;58;204;71.5686;200;80;280;71.4286;136;43;179;75.9777;245;89;334;73.3533;2026-08-06;0.5028;0.2201;0.1877;v22|SEASON|AT_LEAST_ONE_STRONG|1.40|P11
v22;SEASON;BOTH_STRONG;1.5;3;30;471;176;647;72.7975;11;5;16;68.75;275;114;389;70.6941;196;62;258;75.969;341;125;466;73.176;2026-08-06;0.0977;0.2114;0.0104;v22|SEASON|BOTH_STRONG|1.50|P3
v22;LAST5;HOME_STRONG;1.2;1;140;471;176;647;72.7975;11;5;16;68.75;275;114;389;70.6941;196;62;258;75.969;341;127;468;72.8632;2026-08-06;0.0977;0.2114;-0.3024;v22|LAST5|HOME_STRONG|1.20|P1
v22;LAST5;HOME_STRONG;1.3;1;140;471;176;647;72.7975;11;5;16;68.75;275;114;389;70.6941;196;62;258;75.969;341;127;468;72.8632;2026-08-06;0.0977;0.2114;-0.3024;v22|LAST5|HOME_STRONG|1.30|P1
v22;SEASON;HOME_STRONG;1.4;1;124;467;175;642;72.7414;15;6;21;71.4286;271;113;384;70.5729;196;62;258;75.969;339;125;464;73.0603;2026-08-06;0.0416;0.2114;-0.1053;v22|SEASON|HOME_STRONG|1.40|P1
v22;LAST5;HOME_STRONG;1.0;3;88;465;175;640;72.6562;17;6;23;73.913;269;113;382;70.4188;196;62;258;75.969;340;126;466;72.9614;2026-08-06;-0.0436;0.2114;-0.2042;v22|LAST5|HOME_STRONG|1.00|P3
v22;LAST5;HOME_STRONG;1.1;3;88;465;175;640;72.6562;17;6;23;73.913;269;113;382;70.4188;196;62;258;75.969;340;126;466;72.9614;2026-08-06;-0.0436;0.2114;-0.2042;v22|LAST5|HOME_STRONG|1.10|P3
v22;SEASON;HOME_STRONG;1.0;4;37;469;178;647;72.4884;13;3;16;81.25;273;116;389;70.1799;196;62;258;75.969;340;127;467;72.8051;2026-08-06;-0.2114;0.2114;-0.3605;v22|SEASON|HOME_STRONG|1.00|P4
v22;SEASON;AWAY_STRONG;1.3;11;79;431;158;589;73.1749;51;23;74;68.9189;254;102;356;71.3483;177;56;233;75.9657;310;113;423;73.2861;2026-08-06;0.4751;0.2081;0.1205;v22|SEASON|AWAY_STRONG|1.30|P11
v22;LAST5;HOME_STRONG;1.0;14;88;424;157;581;72.9776;58;24;82;70.7317;247;101;348;70.977;177;56;233;75.9657;314;114;428;73.3645;2026-08-06;0.2778;0.2081;0.1989;v22|LAST5|HOME_STRONG|1.00|P14
v22;LAST5;HOME_STRONG;1.1;14;88;424;157;581;72.9776;58;24;82;70.7317;247;101;348;70.977;177;56;233;75.9657;314;114;428;73.3645;2026-08-06;0.2778;0.2081;0.1989;v22|LAST5|HOME_STRONG|1.10|P14
v22;SEASON;HOME_STRONG;1.2;15;71;427;165;592;72.1284;55;16;71;77.4648;250;109;359;69.6379;177;56;233;75.9657;310;118;428;72.4299;2026-08-06;-0.5714;0.2081;-0.7357;v22|SEASON|HOME_STRONG|1.20|P15
v22;LAST5;HOME_STRONG;1.0;1;88;476;177;653;72.8943;6;4;10;60.0;277;114;391;70.844;199;63;262;75.9542;345;127;472;73.0932;2026-08-06;0.1945;0.1966;-0.0724;v22|LAST5|HOME_STRONG|1.00|P1
v22;LAST5;HOME_STRONG;1.1;1;88;476;177;653;72.8943;6;4;10;60.0;277;114;391;70.844;199;63;262;75.9542;345;127;472;73.0932;2026-08-06;0.1945;0.1966;-0.0724;v22|LAST5|HOME_STRONG|1.10|P1
v22;SEASON;HOME_STRONG;1.0;1;37;478;179;657;72.7549;4;2;6;66.6667;279;116;395;70.6329;199;63;262;75.9542;345;128;473;72.9387;2026-08-06;0.0551;0.1966;-0.2269;v22|SEASON|HOME_STRONG|1.00|P1
v22;SEASON;BOTH_STRONG;1.5;1;30;477;179;656;72.7134;5;2;7;71.4286;278;116;394;70.5584;199;63;262;75.9542;346;127;473;73.1501;2026-08-06;0.0136;0.1966;-0.0155;v22|SEASON|BOTH_STRONG|1.50|P1
v22;SEASON;HOME_STRONG;1.0;2;37;476;179;655;72.6718;6;2;8;75.0;277;116;393;70.4835;199;63;262;75.9542;344;128;472;72.8814;2026-08-06;-0.028;0.1966;-0.2842;v22|SEASON|HOME_STRONG|1.00|P2
v22;SEASON;AT_LEAST_ONE_STRONG;1.0;15;65;434;165;599;72.4541;48;16;64;75.0;254;108;362;70.1657;180;57;237;75.9494;311;115;426;73.0047;2026-08-06;-0.2457;0.1918;-0.1609;v22|SEASON|AT_LEAST_ONE_STRONG|1.00|P15
v22;LAST5;HOME_STRONG;1.2;13;140;393;146;539;72.9128;89;35;124;71.7742;232;95;327;70.948;161;51;212;75.9434;293;109;402;72.8856;2026-08-06;0.213;0.1858;-0.28;v22|LAST5|HOME_STRONG|1.20|P13
v22;LAST5;HOME_STRONG;1.3;13;140;393;146;539;72.9128;89;35;124;71.7742;232;95;327;70.948;161;51;212;75.9434;293;109;402;72.8856;2026-08-06;0.213;0.1858;-0.28;v22|LAST5|HOME_STRONG|1.30|P13
v22;SEASON;AWAY_STRONG;1.6;11;202;359;122;481;74.6362;123;59;182;67.5824;217;77;294;73.8095;142;45;187;75.9358;258;89;347;74.3516;2026-08-06;1.9364;0.1782;1.186;v22|SEASON|AWAY_STRONG|1.60|P11
v22;LAST5;HOME_STRONG;1.6;2;263;434;162;596;72.8188;48;19;67;71.6418;251;104;355;70.7042;183;58;241;75.9336;316;118;434;72.8111;2026-08-06;0.119;0.176;-0.3545;v22|LAST5|HOME_STRONG|1.60|P2
v22;LAST5;HOME_STRONG;1.2;5;140;435;163;598;72.7425;47;18;65;72.3077;252;105;357;70.5882;183;58;241;75.9336;322;120;442;72.8507;2026-08-06;0.0427;0.176;-0.3149;v22|LAST5|HOME_STRONG|1.20|P5
v22;LAST5;HOME_STRONG;1.3;5;140;435;163;598;72.7425;47;18;65;72.3077;252;105;357;70.5882;183;58;241;75.9336;322;120;442;72.8507;2026-08-06;0.0427;0.176;-0.3149;v22|LAST5|HOME_STRONG|1.30|P5
v22;LAST5;HOME_STRONG;1.2;10;140;398;150;548;72.6277;84;31;115;73.0435;234;98;332;70.4819;164;52;216;75.9259;298;111;409;72.8606;2026-08-06;-0.0721;0.1683;-0.305;v22|LAST5|HOME_STRONG|1.20|P10
v22;LAST5;HOME_STRONG;1.3;10;140;398;150;548;72.6277;84;31;115;73.0435;234;98;332;70.4819;164;52;216;75.9259;298;111;409;72.8606;2026-08-06;-0.0721;0.1683;-0.305;v22|LAST5|HOME_STRONG|1.30|P10
v22;SEASON;HOME_STRONG;1.2;5;71;448;172;620;72.2581;34;9;43;79.0698;262;113;375;69.8667;186;59;245;75.9184;326;122;448;72.7679;2026-08-06;-0.4417;0.1608;-0.3977;v22|SEASON|HOME_STRONG|1.20|P5
v22;SEASON;HOME_STRONG;1.6;12;202;352;136;488;72.1311;130;45;175;74.2857;207;90;297;69.697;145;46;191;75.9162;261;100;361;72.2992;2026-08-06;-0.5687;0.1586;-0.8664;v22|SEASON|HOME_STRONG|1.60|P12
v22;SEASON;HOME_STRONG;1.0;13;37;456;173;629;72.496;26;8;34;76.4706;267;113;380;70.2632;189;60;249;75.9036;329;123;452;72.7876;2026-08-06;-0.2038;0.146;-0.378;v22|SEASON|HOME_STRONG|1.00|P13
v22;SEASON;HOME_STRONG;1.0;14;37;456;173;629;72.496;26;8;34;76.4706;267;113;380;70.2632;189;60;249;75.9036;329;123;452;72.7876;2026-08-06;-0.2038;0.146;-0.378;v22|SEASON|HOME_STRONG|1.00|P14
v22;SEASON;HOME_STRONG;1.5;2;162;445;170;615;72.3577;37;11;48;77.0833;256;110;366;69.9454;189;60;249;75.9036;325;123;448;72.5446;2026-08-06;-0.3421;0.146;-0.621;v22|SEASON|HOME_STRONG|1.50|P2
v22;SEASON;HOME_STRONG;1.1;6;50;454;175;629;72.1781;28;6;34;82.3529;265;115;380;69.7368;189;60;249;75.9036;329;125;454;72.467;2026-08-06;-0.5217;0.146;-0.6986;v22|SEASON|HOME_STRONG|1.10|P6
v22;LAST5;BOTH_STRONG;1.6;1;97;465;174;639;72.77;17;7;24;70.8333;273;113;386;70.7254;192;61;253;75.8893;336;124;460;73.0435;2026-08-06;0.0702;0.1317;-0.1221;v22|LAST5|BOTH_STRONG|1.60|P1
v22;SEASON;HOME_STRONG;1.4;2;124;454;172;626;72.524;28;9;37;75.6757;262;111;373;70.2413;192;61;253;75.8893;330;124;454;72.6872;2026-08-06;-0.1758;0.1317;-0.4784;v22|SEASON|HOME_STRONG|1.40|P2
v22;SEASON;HOME_STRONG;1.0;6;37;462;176;638;72.4138;20;5;25;80.0;270;115;385;70.1299;192;61;253;75.8893;333;125;458;72.7074;2026-08-06;-0.286;0.1317;-0.4582;v22|SEASON|HOME_STRONG|1.00|P6
v22;LAST5;HOME_STRONG;1.4;11;195;369;135;504;73.2143;113;46;159;71.0692;218;87;305;71.4754;151;48;199;75.8794;277;99;376;73.6702;2026-08-06;0.5145;0.1218;0.5046;v22|LAST5|HOME_STRONG|1.40|P11
v22;LAST5;HOME_STRONG;1.5;11;195;369;135;504;73.2143;113;46;159;71.0692;218;87;305;71.4754;151;48;199;75.8794;277;99;376;73.6702;2026-08-06;0.5145;0.1218;0.5046;v22|LAST5|HOME_STRONG|1.50|P11
v22;SEASON;AT_LEAST_ONE_STRONG;1.3;10;168;374;141;515;72.6214;108;40;148;72.973;223;93;316;70.5696;151;48;199;75.8794;269;102;371;72.5067;2026-08-06;-0.0784;0.1218;-0.6589;v22|SEASON|AT_LEAST_ONE_STRONG|1.30|P10
v22;SEASON;HOME_STRONG;1.5;5;162;408;159;567;71.9577;74;22;96;77.0833;235;104;339;69.3215;173;55;228;75.8772;301;115;416;72.3558;2026-08-06;-0.7421;0.1196;-0.8098;v22|SEASON|HOME_STRONG|1.50|P5
v22;LAST5;BOTH_STRONG;1.4;2;50;469;173;642;73.053;13;8;21;61.9048;274;111;385;71.1688;195;62;257;75.8755;340;123;463;73.4341;2026-08-06;0.3532;0.1179;0.2685;v22|LAST5|BOTH_STRONG|1.40|P2
v22;LAST5;BOTH_STRONG;1.5;2;50;469;173;642;73.053;13;8;21;61.9048;274;111;385;71.1688;195;62;257;75.8755;340;123;463;73.4341;2026-08-06;0.3532;0.1179;0.2685;v22|LAST5|BOTH_STRONG|1.50|P2
v22;SEASON;BOTH_STRONG;1.6;2;50;467;173;640;72.9688;15;8;23;65.2174;272;111;383;71.0183;195;62;257;75.8755;337;124;461;73.102;2026-08-06;0.269;0.1179;-0.0636;v22|SEASON|BOTH_STRONG|1.60|P2
v22;SEASON;AT_LEAST_ONE_STRONG;1.3;1;168;463;172;635;72.9134;19;9;28;67.8571;268;110;378;70.8995;195;62;257;75.8755;334;123;457;73.0853;2026-08-06;0.2136;0.1179;-0.0803;v22|SEASON|AT_LEAST_ONE_STRONG|1.30|P1
v22;SEASON;BOTH_STRONG;1.5;4;30;468;175;643;72.7838;14;6;20;70.0;273;113;386;70.7254;195;62;257;75.8755;340;125;465;73.1183;2026-08-06;0.084;0.1179;-0.0473;v22|SEASON|BOTH_STRONG|1.50|P4
v22;SEASON;BOTH_STRONG;1.5;6;30;465;174;639;72.77;17;7;24;70.8333;270;112;382;70.6806;195;62;257;75.8755;337;125;462;72.9437;2026-08-06;0.0702;0.1179;-0.2219;v22|SEASON|BOTH_STRONG|1.50|P6
v22;SEASON;AT_LEAST_ONE_STRONG;1.2;1;124;467;175;642;72.7414;15;6;21;71.4286;272;113;385;70.6494;195;62;257;75.8755;337;125;462;72.9437;2026-08-06;0.0416;0.1179;-0.2219;v22|SEASON|AT_LEAST_ONE_STRONG|1.20|P1
v22;SEASON;BOTH_STRONG;1.5;5;30;467;175;642;72.7414;15;6;21;71.4286;272;113;385;70.6494;195;62;257;75.8755;339;125;464;73.0603;2026-08-06;0.0416;0.1179;-0.1053;v22|SEASON|BOTH_STRONG|1.50|P5
v22;SEASON;HOME_STRONG;1.3;2;93;461;175;636;72.4843;21;6;27;77.7778;266;113;379;70.1847;195;62;257;75.8755;335;126;461;72.6681;2026-08-06;-0.2155;0.1179;-0.4975;v22|SEASON|HOME_STRONG|1.30|P2
v22;SEASON;HOME_STRONG;1.1;3;50;467;178;645;72.4031;15;3;18;83.3333;272;116;388;70.1031;195;62;257;75.8755;340;128;468;72.6496;2026-08-06;-0.2967;0.1179;-0.516;v22|SEASON|HOME_STRONG|1.10|P3
v22;SEASON;AT_LEAST_ONE_STRONG;1.4;6;231;371;137;508;73.0315;111;44;155;71.6129;217;88;305;71.1475;154;49;203;75.8621;270;98;368;73.3696;2026-08-06;0.3317;0.1045;0.204;v22|SEASON|AT_LEAST_ONE_STRONG|1.40|P6
v22;SEASON;AWAY_STRONG;1.3;1;79;474;176;650;72.9231;8;5;13;61.5385;276;113;389;70.9512;198;63;261;75.8621;342;125;467;73.2334;2026-08-06;0.2233;0.1045;0.0678;v22|SEASON|AWAY_STRONG|1.30|P1
v22;SEASON;BOTH_STRONG;1.6;1;50;475;177;652;72.8528;7;4;11;63.6364;277;114;391;70.844;198;63;261;75.8621;344;126;470;73.1915;2026-08-06;0.153;0.1045;0.0259;v22|SEASON|BOTH_STRONG|1.60|P1
v22;SEASON;BOTH_STRONG;1.4;3;13;477;178;655;72.8244;5;3;8;62.5;279;115;394;70.8122;198;63;261;75.8621;346;126;472;73.3051;2026-08-06;0.1246;0.1045;0.1395;v22|SEASON|BOTH_STRONG|1.40|P3
v22;LAST5;BOTH_STRONG;1.2;1;27;477;178;655;72.8244;5;3;8;62.5;279;115;394;70.8122;198;63;261;75.8621;346;128;474;72.9958;2026-08-06;0.1246;0.1045;-0.1698;v22|LAST5|BOTH_STRONG|1.20|P1
v22;LAST5;BOTH_STRONG;1.3;1;27;477;178;655;72.8244;5;3;8;62.5;279;115;394;70.8122;198;63;261;75.8621;346;128;474;72.9958;2026-08-06;0.1246;0.1045;-0.1698;v22|LAST5|BOTH_STRONG|1.30|P1
v22;LAST5;BOTH_STRONG;1.0;8;14;474;177;651;72.8111;8;4;12;66.6667;276;114;390;70.7692;198;63;261;75.8621;344;127;471;73.0361;2026-08-06;0.1113;0.1045;-0.1295;v22|LAST5|BOTH_STRONG|1.00|P8
v22;LAST5;BOTH_STRONG;1.1;8;14;474;177;651;72.8111;8;4;12;66.6667;276;114;390;70.7692;198;63;261;75.8621;344;127;471;73.0361;2026-08-06;0.1113;0.1045;-0.1295;v22|LAST5|BOTH_STRONG|1.10|P8
v22;LAST5;BOTH_STRONG;1.0;6;14;475;178;653;72.7412;7;3;10;70.0;277;115;392;70.6633;198;63;261;75.8621;344;127;471;73.0361;2026-08-06;0.0414;0.1045;-0.1295;v22|LAST5|BOTH_STRONG|1.00|P6
v22;LAST5;BOTH_STRONG;1.1;6;14;475;178;653;72.7412;7;3;10;70.0;277;115;392;70.6633;198;63;261;75.8621;344;127;471;73.0361;2026-08-06;0.0414;0.1045;-0.1295;v22|LAST5|BOTH_STRONG|1.10|P6
v22;LAST5;BOTH_STRONG;1.0;7;14;474;178;652;72.6994;8;3;11;72.7273;276;115;391;70.5882;198;63;261;75.8621;344;127;471;73.0361;2026-08-06;-0.0004;0.1045;-0.1295;v22|LAST5|BOTH_STRONG|1.00|P7
v22;LAST5;BOTH_STRONG;1.1;7;14;474;178;652;72.6994;8;3;11;72.7273;276;115;391;70.5882;198;63;261;75.8621;344;127;471;73.0361;2026-08-06;-0.0004;0.1045;-0.1295;v22|LAST5|BOTH_STRONG|1.10|P7
v22;LAST5;BOTH_STRONG;1.2;2;27;474;178;652;72.6994;8;3;11;72.7273;276;115;391;70.5882;198;63;261;75.8621;344;128;472;72.8814;2026-08-06;-0.0004;0.1045;-0.2842;v22|LAST5|BOTH_STRONG|1.20|P2
v22;LAST5;BOTH_STRONG;1.2;3;27;474;178;652;72.6994;8;3;11;72.7273;276;115;391;70.5882;198;63;261;75.8621;344;128;472;72.8814;2026-08-06;-0.0004;0.1045;-0.2842;v22|LAST5|BOTH_STRONG|1.20|P3
v22;LAST5;BOTH_STRONG;1.3;2;27;474;178;652;72.6994;8;3;11;72.7273;276;115;391;70.5882;198;63;261;75.8621;344;128;472;72.8814;2026-08-06;-0.0004;0.1045;-0.2842;v22|LAST5|BOTH_STRONG|1.30|P2
v22;LAST5;BOTH_STRONG;1.3;3;27;474;178;652;72.6994;8;3;11;72.7273;276;115;391;70.5882;198;63;261;75.8621;344;128;472;72.8814;2026-08-06;-0.0004;0.1045;-0.2842;v22|LAST5|BOTH_STRONG|1.30|P3
v22;SEASON;AWAY_STRONG;1.2;1;55;476;179;655;72.6718;6;2;8;75.0;278;116;394;70.5584;198;63;261;75.8621;343;127;470;72.9787;2026-08-06;-0.028;0.1045;-0.1869;v22|SEASON|AWAY_STRONG|1.20|P1
v22;SEASON;HOME_STRONG;1.0;3;37;475;179;654;72.63;7;2;9;77.7778;277;116;393;70.4835;198;63;261;75.8621;344;128;472;72.8814;2026-08-06;-0.0698;0.1045;-0.2842;v22|SEASON|HOME_STRONG|1.00|P3
v22;LAST5;HOME_STRONG;1.6;3;263;423;157;580;72.931;59;24;83;71.0843;244;100;344;70.9302;179;57;236;75.8475;312;115;427;73.0679;2026-08-06;0.2312;0.0899;-0.0977;v22|LAST5|HOME_STRONG|1.60|P3
v22;SEASON;AT_LEAST_ONE_STRONG;1.3;7;168;392;148;540;72.5926;90;33;123;73.1707;232;97;329;70.5167;160;51;211;75.8294;283;106;389;72.7506;2026-08-06;-0.1072;0.0718;-0.415;v22|SEASON|AT_LEAST_ONE_STRONG|1.30|P7
v22;SEASON;HOME_STRONG;1.4;14;124;393;151;544;72.2426;89;30;119;74.7899;233;100;333;69.97;160;51;211;75.8294;287;110;397;72.2922;2026-08-06;-0.4572;0.0718;-0.8734;v22|SEASON|HOME_STRONG|1.40|P14
v22;SEASON;HOME_STRONG;1.5;3;162;435;167;602;72.2591;47;14;61;77.0492;250;108;358;69.8324;185;59;244;75.8197;320;121;441;72.5624;2026-08-06;-0.4407;0.0621;-0.6032;v22|SEASON|HOME_STRONG|1.50|P3
v22;SEASON;AT_LEAST_ONE_STRONG;1.3;6;168;399;149;548;72.8102;83;32;115;72.1739;236;97;333;70.8709;163;52;215;75.814;287;107;394;72.8426;2026-08-06;0.1104;0.0564;-0.323;v22|SEASON|AT_LEAST_ONE_STRONG|1.30|P6
v22;LAST5;HOME_STRONG;1.2;11;140;397;149;546;72.7106;85;32;117;72.6496;234;97;331;70.6949;163;52;215;75.814;297;110;407;72.973;2026-08-06;0.0108;0.0564;-0.1926;v22|LAST5|HOME_STRONG|1.20|P11
v22;LAST5;HOME_STRONG;1.3;11;140;397;149;546;72.7106;85;32;117;72.6496;234;97;331;70.6949;163;52;215;75.814;297;110;407;72.973;2026-08-06;0.0108;0.0564;-0.1926;v22|LAST5|HOME_STRONG|1.30|P11
v22;SEASON;HOME_STRONG;1.4;3;124;447;169;616;72.5649;35;12;47;74.4681;259;109;368;70.3804;188;60;248;75.8065;327;122;449;72.8285;2026-08-06;-0.1349;0.0489;-0.3371;v22|SEASON|HOME_STRONG|1.40|P3
v22;SEASON;HOME_STRONG;1.2;4;71;452;173;625;72.32;30;8;38;78.9474;264;113;377;70.0265;188;60;248;75.8065;330;123;453;72.8477;2026-08-06;-0.3798;0.0489;-0.3179;v22|SEASON|HOME_STRONG|1.20|P4
v22;SEASON;HOME_STRONG;1.1;7;50;451;175;626;72.0447;31;6;37;83.7838;263;115;378;69.5767;188;60;248;75.8065;328;125;453;72.4062;2026-08-06;-0.6551;0.0489;-0.7594;v22|SEASON|HOME_STRONG|1.10|P7
v22;SEASON;HOME_STRONG;1.1;8;50;450;175;625;72.0;32;6;38;84.2105;262;115;377;69.496;188;60;248;75.8065;327;125;452;72.3451;2026-08-06;-0.6998;0.0489;-0.8205;v22|SEASON|HOME_STRONG|1.10|P8
v22;SEASON;HOME_STRONG;1.3;3;93;457;173;630;72.5397;25;8;33;75.7576;266;112;378;70.3704;191;61;252;75.7937;333;124;457;72.8665;2026-08-06;-0.1601;0.0361;-0.2991;v22|SEASON|HOME_STRONG|1.30|P3
v22;SEASON;HOME_STRONG;1.0;7;37;460;176;636;72.327;22;5;27;81.4815;269;115;384;70.0521;191;61;252;75.7937;332;125;457;72.6477;2026-08-06;-0.3728;0.0361;-0.5179;v22|SEASON|HOME_STRONG|1.00|P7
v22;SEASON;HOME_STRONG;1.0;8;37;459;176;635;72.2835;23;5;28;82.1429;268;115;383;69.9739;191;61;252;75.7937;331;125;456;72.5877;2026-08-06;-0.4163;0.0361;-0.5779;v22|SEASON|HOME_STRONG|1.00|P8
v22;LAST5;HOME_STRONG;1.4;14;195;355;130;485;73.1959;127;51;178;71.3483;211;84;295;71.5254;144;46;190;75.7895;267;97;364;73.3516;2026-08-06;0.4961;0.0319;0.186;v22|LAST5|HOME_STRONG|1.40|P14
v22;LAST5;HOME_STRONG;1.5;14;195;355;130;485;73.1959;127;51;178;71.3483;211;84;295;71.5254;144;46;190;75.7895;267;97;364;73.3516;2026-08-06;0.4961;0.0319;0.186;v22|LAST5|HOME_STRONG|1.50|P14
v22;LAST5;HOME_STRONG;1.4;1;195;467;174;641;72.8549;15;7;22;68.1818;273;112;385;70.9091;194;62;256;75.7812;338;126;464;72.8448;2026-08-06;0.1551;0.0236;-0.3208;v22|LAST5|HOME_STRONG|1.40|P1
v22;LAST5;HOME_STRONG;1.5;1;195;467;174;641;72.8549;15;7;22;68.1818;273;112;385;70.9091;194;62;256;75.7812;338;126;464;72.8448;2026-08-06;0.1551;0.0236;-0.3208;v22|LAST5|HOME_STRONG|1.50|P1
v22;SEASON;AWAY_STRONG;1.4;1;120;469;174;643;72.9393;13;7;20;65.0;272;111;383;71.0183;197;63;260;75.7692;339;124;463;73.2181;2026-08-06;0.2395;0.0116;0.0525;v22|SEASON|AWAY_STRONG|1.40|P1
v22;SEASON;BOTH_STRONG;1.4;6;13;475;177;652;72.8528;7;4;11;63.6364;278;114;392;70.9184;197;63;260;75.7692;345;126;471;73.2484;2026-08-06;0.153;0.0116;0.0828;v22|SEASON|BOTH_STRONG|1.40|P6
v22;SEASON;BOTH_STRONG;1.4;7;13;474;177;651;72.8111;8;4;12;66.6667;277;114;391;70.844;197;63;260;75.7692;345;126;471;73.2484;2026-08-06;0.1113;0.0116;0.0828;v22|SEASON|BOTH_STRONG|1.40|P7
v22;SEASON;BOTH_STRONG;1.4;4;13;476;178;654;72.7829;6;3;9;66.6667;279;115;394;70.8122;197;63;260;75.7692;346;126;472;73.3051;2026-08-06;0.0831;0.0116;0.1395;v22|SEASON|BOTH_STRONG|1.40|P4
v22;SEASON;BOTH_STRONG;1.4;5;13;476;178;654;72.7829;6;3;9;66.6667;279;115;394;70.8122;197;63;260;75.7692;346;126;472;73.3051;2026-08-06;0.0831;0.0116;0.1395;v22|SEASON|BOTH_STRONG|1.40|P5
v22;SEASON;HOME_STRONG;1.2;1;71;473;177;650;72.7692;9;4;13;69.2308;276;114;390;70.7692;197;63;260;75.7692;343;126;469;73.1343;2026-08-06;0.0694;0.0116;-0.0313;v22|SEASON|HOME_STRONG|1.20|P1
v22;LAST5;HOME_STRONG;1.0;2;88;468;176;644;72.6708;14;5;19;73.6842;271;113;384;70.5729;197;63;260;75.7692;340;127;467;72.8051;2026-08-06;-0.029;0.0116;-0.3605;v22|LAST5|HOME_STRONG|1.00|P2
v22;LAST5;HOME_STRONG;1.1;2;88;468;176;644;72.6708;14;5;19;73.6842;271;113;384;70.5729;197;63;260;75.7692;340;127;467;72.8051;2026-08-06;-0.029;0.0116;-0.3605;v22|LAST5|HOME_STRONG|1.10|P2
v22;SEASON;HOME_STRONG;1.3;1;93;470;177;647;72.643;12;4;16;75.0;273;114;387;70.5426;197;63;260;75.7692;341;126;467;73.0193;2026-08-06;-0.0568;0.0116;-0.1463;v22|SEASON|HOME_STRONG|1.30|P1
v22;SEASON;HOME_STRONG;1.1;1;50;474;179;653;72.5881;8;2;10;80.0;277;116;393;70.4835;197;63;260;75.7692;343;128;471;72.8238;2026-08-06;-0.1117;0.0116;-0.3418;v22|SEASON|HOME_STRONG|1.10|P1
v22;SEASON;AT_LEAST_ONE_STRONG;1.3;11;168;373;140;513;72.7096;109;41;150;72.6667;223;92;315;70.7937;150;48;198;75.7576;269;101;370;72.7027;2026-08-06;0.0098;0.0;-0.4629;v22|SEASON|AT_LEAST_ONE_STRONG|1.30|P11
v22;LAST5;AT_LEAST_ONE_STRONG;0.8;11;88;431;159;590;73.0508;51;22;73;69.863;256;103;359;71.3092;175;56;231;75.7576;319;117;436;73.1651;2026-08-06;0.351;0.0;-0.0005;v22|LAST5|AT_LEAST_ONE_STRONG|0.80|P11
v22;LAST5;HOME_STRONG;1.0;15;88;422;156;578;73.0104;60;25;85;70.5882;247;100;347;71.1816;175;56;231;75.7576;312;113;425;73.4118;2026-08-06;0.3106;0.0;0.2462;v22|LAST5|HOME_STRONG|1.00|P15
v22;LAST5;HOME_STRONG;1.1;15;88;422;156;578;73.0104;60;25;85;70.5882;247;100;347;71.1816;175;56;231;75.7576;312;113;425;73.4118;2026-08-06;0.3106;0.0;0.2462;v22|LAST5|HOME_STRONG|1.10|P15
v22;LAST5;AT_LEAST_ONE_STRONG;0.8;10;88;431;160;591;72.9272;51;21;72;70.8333;256;104;360;71.1111;175;56;231;75.7576;319;118;437;72.9977;2026-08-06;0.2274;0.0;-0.1679;v22|LAST5|AT_LEAST_ONE_STRONG|0.80|P10
v22;LAST5;HOME_STRONG;0.8;1;50;479;178;657;72.9072;3;3;6;50.0;279;114;393;70.9924;200;64;264;75.7576;346;128;474;72.9958;2026-08-06;0.2074;0.0;-0.1698;v22|LAST5|HOME_STRONG|0.80|P1
v22;LAST5;HOME_STRONG;0.8;2;50;477;178;655;72.8244;5;3;8;62.5;277;114;391;70.844;200;64;264;75.7576;346;128;474;72.9958;2026-08-06;0.1246;0.0;-0.1698;v22|LAST5|HOME_STRONG|0.80|P2
v22;LAST5;BOTH_STRONG;0.8;1;5;481;180;661;72.7685;1;1;2;50.0;281;116;397;70.7809;200;64;264;75.7576;348;128;476;73.1092;2026-08-06;0.0687;0.0;-0.0564;v22|LAST5|BOTH_STRONG|0.80|P1
v22;LAST5;BOTH_STRONG;0.8;2;5;480;180;660;72.7273;2;1;3;66.6667;280;116;396;70.7071;200;64;264;75.7576;348;128;476;73.1092;2026-08-06;0.0275;0.0;-0.0564;v22|LAST5|BOTH_STRONG|0.80|P2
v22;LAST5;BOTH_STRONG;0.8;3;5;480;180;660;72.7273;2;1;3;66.6667;280;116;396;70.7071;200;64;264;75.7576;348;128;476;73.1092;2026-08-06;0.0275;0.0;-0.0564;v22|LAST5|BOTH_STRONG|0.80|P3
v22;LAST5;BOTH_STRONG;0.8;4;5;480;180;660;72.7273;2;1;3;66.6667;280;116;396;70.7071;200;64;264;75.7576;348;128;476;73.1092;2026-08-06;0.0275;0.0;-0.0564;v22|LAST5|BOTH_STRONG|0.80|P4
v22;LAST5;BOTH_STRONG;0.8;5;5;480;180;660;72.7273;2;1;3;66.6667;280;116;396;70.7071;200;64;264;75.7576;348;128;476;73.1092;2026-08-06;0.0275;0.0;-0.0564;v22|LAST5|BOTH_STRONG|0.80|P5
v22;SEASON;HOME_STRONG;0.8;1;9;482;181;663;72.6998;0;0;0;0.0;282;117;399;70.6767;200;64;264;75.7576;349;128;477;73.1656;2026-08-06;0.0;0.0;0.0;v22|SEASON|HOME_STRONG|0.80|P1
v22;SEASON;BOTH_STRONG;0.8;1;0;482;181;663;72.6998;0;0;0;0.0;282;117;399;70.6767;200;64;264;75.7576;349;128;477;73.1656;2026-08-06;0.0;0.0;0.0;v22|SEASON|BOTH_STRONG|0.80|P1
v22;SEASON;BOTH_STRONG;0.8;2;0;482;181;663;72.6998;0;0;0;0.0;282;117;399;70.6767;200;64;264;75.7576;349;128;477;73.1656;2026-08-06;0.0;0.0;0.0;v22|SEASON|BOTH_STRONG|0.80|P2
v22;SEASON;BOTH_STRONG;0.8;3;0;482;181;663;72.6998;0;0;0;0.0;282;117;399;70.6767;200;64;264;75.7576;349;128;477;73.1656;2026-08-06;0.0;0.0;0.0;v22|SEASON|BOTH_STRONG|0.80|P3
v22;SEASON;BOTH_STRONG;0.8;4;0;482;181;663;72.6998;0;0;0;0.0;282;117;399;70.6767;200;64;264;75.7576;349;128;477;73.1656;2026-08-06;0.0;0.0;0.0;v22|SEASON|BOTH_STRONG|0.80|P4
v22;SEASON;BOTH_STRONG;0.8;5;0;482;181;663;72.6998;0;0;0;0.0;282;117;399;70.6767;200;64;264;75.7576;349;128;477;73.1656;2026-08-06;0.0;0.0;0.0;v22|SEASON|BOTH_STRONG|0.80|P5
v22;SEASON;BOTH_STRONG;0.8;6;0;482;181;663;72.6998;0;0;0;0.0;282;117;399;70.6767;200;64;264;75.7576;349;128;477;73.1656;2026-08-06;0.0;0.0;0.0;v22|SEASON|BOTH_STRONG|0.80|P6
v22;SEASON;BOTH_STRONG;0.8;7;0;482;181;663;72.6998;0;0;0;0.0;282;117;399;70.6767;200;64;264;75.7576;349;128;477;73.1656;2026-08-06;0.0;0.0;0.0;v22|SEASON|BOTH_STRONG|0.80|P7
v22;SEASON;BOTH_STRONG;0.8;8;0;482;181;663;72.6998;0;0;0;0.0;282;117;399;70.6767;200;64;264;75.7576;349;128;477;73.1656;2026-08-06;0.0;0.0;0.0;v22|SEASON|BOTH_STRONG|0.80|P8
v22;SEASON;BOTH_STRONG;0.8;9;0;482;181;663;72.6998;0;0;0;0.0;282;117;399;70.6767;200;64;264;75.7576;349;128;477;73.1656;2026-08-06;0.0;0.0;0.0;v22|SEASON|BOTH_STRONG|0.80|P9
v22;SEASON;BOTH_STRONG;0.8;10;0;482;181;663;72.6998;0;0;0;0.0;282;117;399;70.6767;200;64;264;75.7576;349;128;477;73.1656;2026-08-06;0.0;0.0;0.0;v22|SEASON|BOTH_STRONG|0.80|P10
v22;SEASON;BOTH_STRONG;0.8;11;0;482;181;663;72.6998;0;0;0;0.0;282;117;399;70.6767;200;64;264;75.7576;349;128;477;73.1656;2026-08-06;0.0;0.0;0.0;v22|SEASON|BOTH_STRONG|0.80|P11
v22;SEASON;BOTH_STRONG;0.8;12;0;482;181;663;72.6998;0;0;0;0.0;282;117;399;70.6767;200;64;264;75.7576;349;128;477;73.1656;2026-08-06;0.0;0.0;0.0;v22|SEASON|BOTH_STRONG|0.80|P12
v22;SEASON;BOTH_STRONG;0.8;13;0;482;181;663;72.6998;0;0;0;0.0;282;117;399;70.6767;200;64;264;75.7576;349;128;477;73.1656;2026-08-06;0.0;0.0;0.0;v22|SEASON|BOTH_STRONG|0.80|P13
v22;SEASON;BOTH_STRONG;0.8;14;0;482;181;663;72.6998;0;0;0;0.0;282;117;399;70.6767;200;64;264;75.7576;349;128;477;73.1656;2026-08-06;0.0;0.0;0.0;v22|SEASON|BOTH_STRONG|0.80|P14
v22;SEASON;BOTH_STRONG;0.8;15;0;482;181;663;72.6998;0;0;0;0.0;282;117;399;70.6767;200;64;264;75.7576;349;128;477;73.1656;2026-08-06;0.0;0.0;0.0;v22|SEASON|BOTH_STRONG|0.80|P15
v22;SEASON;BOTH_STRONG;1.0;1;0;482;181;663;72.6998;0;0;0;0.0;282;117;399;70.6767;200;64;264;75.7576;349;128;477;73.1656;2026-08-06;0.0;0.0;0.0;v22|SEASON|BOTH_STRONG|1.00|P1
v22;SEASON;BOTH_STRONG;1.0;2;0;482;181;663;72.6998;0;0;0;0.0;282;117;399;70.6767;200;64;264;75.7576;349;128;477;73.1656;2026-08-06;0.0;0.0;0.0;v22|SEASON|BOTH_STRONG|1.00|P2
v22;SEASON;BOTH_STRONG;1.0;3;0;482;181;663;72.6998;0;0;0;0.0;282;117;399;70.6767;200;64;264;75.7576;349;128;477;73.1656;2026-08-06;0.0;0.0;0.0;v22|SEASON|BOTH_STRONG|1.00|P3
v22;SEASON;BOTH_STRONG;1.0;4;0;482;181;663;72.6998;0;0;0;0.0;282;117;399;70.6767;200;64;264;75.7576;349;128;477;73.1656;2026-08-06;0.0;0.0;0.0;v22|SEASON|BOTH_STRONG|1.00|P4
v22;SEASON;BOTH_STRONG;1.0;5;0;482;181;663;72.6998;0;0;0;0.0;282;117;399;70.6767;200;64;264;75.7576;349;128;477;73.1656;2026-08-06;0.0;0.0;0.0;v22|SEASON|BOTH_STRONG|1.00|P5
v22;SEASON;BOTH_STRONG;1.0;6;0;482;181;663;72.6998;0;0;0;0.0;282;117;399;70.6767;200;64;264;75.7576;349;128;477;73.1656;2026-08-06;0.0;0.0;0.0;v22|SEASON|BOTH_STRONG|1.00|P6
v22;SEASON;BOTH_STRONG;1.0;7;0;482;181;663;72.6998;0;0;0;0.0;282;117;399;70.6767;200;64;264;75.7576;349;128;477;73.1656;2026-08-06;0.0;0.0;0.0;v22|SEASON|BOTH_STRONG|1.00|P7
v22;SEASON;BOTH_STRONG;1.0;8;0;482;181;663;72.6998;0;0;0;0.0;282;117;399;70.6767;200;64;264;75.7576;349;128;477;73.1656;2026-08-06;0.0;0.0;0.0;v22|SEASON|BOTH_STRONG|1.00|P8
v22;SEASON;BOTH_STRONG;1.0;9;0;482;181;663;72.6998;0;0;0;0.0;282;117;399;70.6767;200;64;264;75.7576;349;128;477;73.1656;2026-08-06;0.0;0.0;0.0;v22|SEASON|BOTH_STRONG|1.00|P9
v22;SEASON;BOTH_STRONG;1.0;10;0;482;181;663;72.6998;0;0;0;0.0;282;117;399;70.6767;200;64;264;75.7576;349;128;477;73.1656;2026-08-06;0.0;0.0;0.0;v22|SEASON|BOTH_STRONG|1.00|P10
v22;SEASON;BOTH_STRONG;1.0;11;0;482;181;663;72.6998;0;0;0;0.0;282;117;399;70.6767;200;64;264;75.7576;349;128;477;73.1656;2026-08-06;0.0;0.0;0.0;v22|SEASON|BOTH_STRONG|1.00|P11
v22;SEASON;BOTH_STRONG;1.0;12;0;482;181;663;72.6998;0;0;0;0.0;282;117;399;70.6767;200;64;264;75.7576;349;128;477;73.1656;2026-08-06;0.0;0.0;0.0;v22|SEASON|BOTH_STRONG|1.00|P12
v22;SEASON;BOTH_STRONG;1.0;13;0;482;181;663;72.6998;0;0;0;0.0;282;117;399;70.6767;200;64;264;75.7576;349;128;477;73.1656;2026-08-06;0.0;0.0;0.0;v22|SEASON|BOTH_STRONG|1.00|P13
v22;SEASON;BOTH_STRONG;1.0;14;0;482;181;663;72.6998;0;0;0;0.0;282;117;399;70.6767;200;64;264;75.7576;349;128;477;73.1656;2026-08-06;0.0;0.0;0.0;v22|SEASON|BOTH_STRONG|1.00|P14
v22;SEASON;BOTH_STRONG;1.0;15;0;482;181;663;72.6998;0;0;0;0.0;282;117;399;70.6767;200;64;264;75.7576;349;128;477;73.1656;2026-08-06;0.0;0.0;0.0;v22|SEASON|BOTH_STRONG|1.00|P15
v22;SEASON;BOTH_STRONG;1.1;1;0;482;181;663;72.6998;0;0;0;0.0;282;117;399;70.6767;200;64;264;75.7576;349;128;477;73.1656;2026-08-06;0.0;0.0;0.0;v22|SEASON|BOTH_STRONG|1.10|P1
v22;SEASON;BOTH_STRONG;1.1;2;0;482;181;663;72.6998;0;0;0;0.0;282;117;399;70.6767;200;64;264;75.7576;349;128;477;73.1656;2026-08-06;0.0;0.0;0.0;v22|SEASON|BOTH_STRONG|1.10|P2
v22;SEASON;BOTH_STRONG;1.1;3;0;482;181;663;72.6998;0;0;0;0.0;282;117;399;70.6767;200;64;264;75.7576;349;128;477;73.1656;2026-08-06;0.0;0.0;0.0;v22|SEASON|BOTH_STRONG|1.10|P3
v22;SEASON;BOTH_STRONG;1.1;4;0;482;181;663;72.6998;0;0;0;0.0;282;117;399;70.6767;200;64;264;75.7576;349;128;477;73.1656;2026-08-06;0.0;0.0;0.0;v22|SEASON|BOTH_STRONG|1.10|P4
v22;SEASON;BOTH_STRONG;1.1;5;0;482;181;663;72.6998;0;0;0;0.0;282;117;399;70.6767;200;64;264;75.7576;349;128;477;73.1656;2026-08-06;0.0;0.0;0.0;v22|SEASON|BOTH_STRONG|1.10|P5
v22;SEASON;BOTH_STRONG;1.1;6;0;482;181;663;72.6998;0;0;0;0.0;282;117;399;70.6767;200;64;264;75.7576;349;128;477;73.1656;2026-08-06;0.0;0.0;0.0;v22|SEASON|BOTH_STRONG|1.10|P6
v22;SEASON;BOTH_STRONG;1.1;7;0;482;181;663;72.6998;0;0;0;0.0;282;117;399;70.6767;200;64;264;75.7576;349;128;477;73.1656;2026-08-06;0.0;0.0;0.0;v22|SEASON|BOTH_STRONG|1.10|P7
v22;SEASON;BOTH_STRONG;1.1;8;0;482;181;663;72.6998;0;0;0;0.0;282;117;399;70.6767;200;64;264;75.7576;349;128;477;73.1656;2026-08-06;0.0;0.0;0.0;v22|SEASON|BOTH_STRONG|1.10|P8
v22;SEASON;BOTH_STRONG;1.1;9;0;482;181;663;72.6998;0;0;0;0.0;282;117;399;70.6767;200;64;264;75.7576;349;128;477;73.1656;2026-08-06;0.0;0.0;0.0;v22|SEASON|BOTH_STRONG|1.10|P9
v22;SEASON;BOTH_STRONG;1.1;10;0;482;181;663;72.6998;0;0;0;0.0;282;117;399;70.6767;200;64;264;75.7576;349;128;477;73.1656;2026-08-06;0.0;0.0;0.0;v22|SEASON|BOTH_STRONG|1.10|P10
v22;SEASON;BOTH_STRONG;1.1;11;0;482;181;663;72.6998;0;0;0;0.0;282;117;399;70.6767;200;64;264;75.7576;349;128;477;73.1656;2026-08-06;0.0;0.0;0.0;v22|SEASON|BOTH_STRONG|1.10|P11
v22;SEASON;BOTH_STRONG;1.1;12;0;482;181;663;72.6998;0;0;0;0.0;282;117;399;70.6767;200;64;264;75.7576;349;128;477;73.1656;2026-08-06;0.0;0.0;0.0;v22|SEASON|BOTH_STRONG|1.10|P12
v22;SEASON;BOTH_STRONG;1.1;13;0;482;181;663;72.6998;0;0;0;0.0;282;117;399;70.6767;200;64;264;75.7576;349;128;477;73.1656;2026-08-06;0.0;0.0;0.0;v22|SEASON|BOTH_STRONG|1.10|P13
v22;SEASON;BOTH_STRONG;1.1;14;0;482;181;663;72.6998;0;0;0;0.0;282;117;399;70.6767;200;64;264;75.7576;349;128;477;73.1656;2026-08-06;0.0;0.0;0.0;v22|SEASON|BOTH_STRONG|1.10|P14
v22;SEASON;BOTH_STRONG;1.1;15;0;482;181;663;72.6998;0;0;0;0.0;282;117;399;70.6767;200;64;264;75.7576;349;128;477;73.1656;2026-08-06;0.0;0.0;0.0;v22|SEASON|BOTH_STRONG|1.10|P15
v22;SEASON;BOTH_STRONG;1.2;1;2;482;181;663;72.6998;0;0;0;0.0;282;117;399;70.6767;200;64;264;75.7576;349;128;477;73.1656;2026-08-06;0.0;0.0;0.0;v22|SEASON|BOTH_STRONG|1.20|P1
v22;SEASON;BOTH_STRONG;1.2;2;2;482;181;663;72.6998;0;0;0;0.0;282;117;399;70.6767;200;64;264;75.7576;349;128;477;73.1656;2026-08-06;0.0;0.0;0.0;v22|SEASON|BOTH_STRONG|1.20|P2
v22;SEASON;BOTH_STRONG;1.2;3;2;482;181;663;72.6998;0;0;0;0.0;282;117;399;70.6767;200;64;264;75.7576;349;128;477;73.1656;2026-08-06;0.0;0.0;0.0;v22|SEASON|BOTH_STRONG|1.20|P3
v22;SEASON;BOTH_STRONG;1.4;1;13;479;180;659;72.6859;3;1;4;75.0;279;116;395;70.6329;200;64;264;75.7576;348;128;476;73.1092;2026-08-06;-0.0139;0.0;-0.0564;v22|SEASON|BOTH_STRONG|1.40|P1
v22;SEASON;HOME_STRONG;0.8;2;9;481;181;662;72.6586;1;0;1;100.0;281;117;398;70.603;200;64;264;75.7576;348;128;476;73.1092;2026-08-06;-0.0412;0.0;-0.0564;v22|SEASON|HOME_STRONG|0.80|P2
v22;SEASON;HOME_STRONG;0.8;3;9;481;181;662;72.6586;1;0;1;100.0;281;117;398;70.603;200;64;264;75.7576;348;128;476;73.1092;2026-08-06;-0.0412;0.0;-0.0564;v22|SEASON|HOME_STRONG|0.80|P3
v22;SEASON;BOTH_STRONG;1.3;1;4;481;181;662;72.6586;1;0;1;100.0;281;117;398;70.603;200;64;264;75.7576;349;128;477;73.1656;2026-08-06;-0.0412;0.0;0.0;v22|SEASON|BOTH_STRONG|1.30|P1
v22;SEASON;BOTH_STRONG;1.3;2;4;481;181;662;72.6586;1;0;1;100.0;281;117;398;70.603;200;64;264;75.7576;349;128;477;73.1656;2026-08-06;-0.0412;0.0;0.0;v22|SEASON|BOTH_STRONG|1.30|P2
v22;SEASON;BOTH_STRONG;1.3;3;4;481;181;662;72.6586;1;0;1;100.0;281;117;398;70.603;200;64;264;75.7576;349;128;477;73.1656;2026-08-06;-0.0412;0.0;0.0;v22|SEASON|BOTH_STRONG|1.30|P3
v22;SEASON;AWAY_STRONG;0.8;1;9;480;181;661;72.6172;2;0;2;100.0;280;117;397;70.529;200;64;264;75.7576;347;128;475;73.0526;2026-08-06;-0.0826;0.0;-0.113;v22|SEASON|AWAY_STRONG|0.80|P1
v22;SEASON;AT_LEAST_ONE_STRONG;0.8;1;18;480;181;661;72.6172;2;0;2;100.0;280;117;397;70.529;200;64;264;75.7576;347;128;475;73.0526;2026-08-06;-0.0826;0.0;-0.113;v22|SEASON|AT_LEAST_ONE_STRONG|0.80|P1
v22;SEASON;HOME_STRONG;0.8;4;9;479;181;660;72.5758;3;0;3;100.0;279;117;396;70.4545;200;64;264;75.7576;347;128;475;73.0526;2026-08-06;-0.124;0.0;-0.113;v22|SEASON|HOME_STRONG|0.80|P4
v22;SEASON;AWAY_STRONG;0.8;2;9;479;181;660;72.5758;3;0;3;100.0;279;117;396;70.4545;200;64;264;75.7576;346;128;474;72.9958;2026-08-06;-0.124;0.0;-0.1698;v22|SEASON|AWAY_STRONG|0.80|P2
v22;SEASON;AT_LEAST_ONE_STRONG;0.8;2;18;478;181;659;72.5341;4;0;4;100.0;278;117;395;70.3797;200;64;264;75.7576;345;128;473;72.9387;2026-08-06;-0.1657;0.0;-0.2269;v22|SEASON|AT_LEAST_ONE_STRONG|0.80|P2
v22;LAST5;HOME_STRONG;1.2;6;140;425;161;586;72.5256;57;20;77;74.026;247;104;351;70.3704;178;57;235;75.7447;316;118;434;72.8111;2026-08-06;-0.1742;-0.0129;-0.3545;v22|LAST5|HOME_STRONG|1.20|P6
v22;LAST5;HOME_STRONG;1.3;6;140;425;161;586;72.5256;57;20;77;74.026;247;104;351;70.3704;178;57;235;75.7447;316;118;434;72.8111;2026-08-06;-0.1742;-0.0129;-0.3545;v22|LAST5|HOME_STRONG|1.30|P6
v22;SEASON;AT_LEAST_ONE_STRONG;1.3;9;168;376;143;519;72.447;106;38;144;73.6111;223;94;317;70.347;153;49;202;75.7426;270;104;374;72.1925;2026-08-06;-0.2528;-0.015;-0.9731;v22|SEASON|AT_LEAST_ONE_STRONG|1.30|P9
v22;LAST5;HOME_STRONG;1.4;9;195;376;141;517;72.7273;106;40;146;72.6027;220;91;311;70.7395;156;50;206;75.7282;281;104;385;72.987;2026-08-06;0.0275;-0.0294;-0.1786;v22|LAST5|HOME_STRONG|1.40|P9
v22;LAST5;HOME_STRONG;1.5;9;195;376;141;517;72.7273;106;40;146;72.6027;220;91;311;70.7395;156;50;206;75.7282;281;104;385;72.987;2026-08-06;0.0275;-0.0294;-0.1786;v22|LAST5|HOME_STRONG|1.50|P9
v22;SEASON;HOME_STRONG;1.2;6;71;445;171;616;72.2403;37;10;47;78.7234;261;112;373;69.9732;184;59;243;75.7202;323;121;444;72.7477;2026-08-06;-0.4595;-0.0374;-0.4179;v22|SEASON|HOME_STRONG|1.20|P6
v22;LAST5;HOME_STRONG;1.0;6;88;444;167;611;72.6678;38;14;52;73.0769;257;107;364;70.6044;187;60;247;75.7085;327;120;447;73.1544;2026-08-06;-0.032;-0.0491;-0.0112;v22|LAST5|HOME_STRONG|1.00|P6
v22;LAST5;HOME_STRONG;1.1;6;88;444;167;611;72.6678;38;14;52;73.0769;257;107;364;70.6044;187;60;247;75.7085;327;120;447;73.1544;2026-08-06;-0.032;-0.0491;-0.0112;v22|LAST5|HOME_STRONG|1.10|P6
v22;SEASON;HOME_STRONG;1.0;15;37;454;172;626;72.524;28;9;37;75.6757;267;112;379;70.4485;187;60;247;75.7085;327;122;449;72.8285;2026-08-06;-0.1758;-0.0491;-0.3371;v22|SEASON|HOME_STRONG|1.00|P15
v22;LAST5;HOME_STRONG;1.2;12;140;395;148;543;72.744;87;33;120;72.5;233;96;329;70.8207;162;52;214;75.7009;295;109;404;73.0198;2026-08-06;0.0442;-0.0567;-0.1458;v22|LAST5|HOME_STRONG|1.20|P12
v22;LAST5;HOME_STRONG;1.3;12;140;395;148;543;72.744;87;33;120;72.5;233;96;329;70.8207;162;52;214;75.7009;295;109;404;73.0198;2026-08-06;0.0442;-0.0567;-0.1458;v22|LAST5|HOME_STRONG|1.30|P12
v22;SEASON;AWAY_STRONG;1.6;1;202;462;170;632;73.1013;20;11;31;64.5161;272;109;381;71.3911;190;61;251;75.6972;334;121;455;73.4066;2026-08-06;0.4015;-0.0604;0.241;v22|SEASON|AWAY_STRONG|1.60|P1
v22;LAST5;HOME_STRONG;1.0;5;88;450;169;619;72.6979;32;12;44;72.7273;260;108;368;70.6522;190;61;251;75.6972;331;122;453;73.0684;2026-08-06;-0.0019;-0.0604;-0.0972;v22|LAST5|HOME_STRONG|1.00|P5
v22;LAST5;HOME_STRONG;1.1;5;88;450;169;619;72.6979;32;12;44;72.7273;260;108;368;70.6522;190;61;251;75.6972;331;122;453;73.0684;2026-08-06;-0.0019;-0.0604;-0.0972;v22|LAST5|HOME_STRONG|1.10|P5
v22;SEASON;HOME_STRONG;1.6;15;202;337;132;469;71.855;145;49;194;74.7423;200;88;288;69.4444;137;44;181;75.6906;249;98;347;71.7579;2026-08-06;-0.8448;-0.067;-1.4077;v22|SEASON|HOME_STRONG|1.60|P15
v22;LAST5;HOME_STRONG;1.4;6;195;404;152;556;72.6619;78;29;107;72.8972;236;98;334;70.6587;168;54;222;75.6757;300;111;411;72.9927;2026-08-06;-0.0379;-0.0819;-0.1729;v22|LAST5|HOME_STRONG|1.40|P6
v22;LAST5;HOME_STRONG;1.5;6;195;404;152;556;72.6619;78;29;107;72.8972;236;98;334;70.6587;168;54;222;75.6757;300;111;411;72.9927;2026-08-06;-0.0379;-0.0819;-0.1729;v22|LAST5|HOME_STRONG|1.50|P6
v22;SEASON;HOME_STRONG;1.3;15;93;411;159;570;72.1053;71;22;93;76.3441;243;105;348;69.8276;168;54;222;75.6757;299;114;413;72.3971;2026-08-06;-0.5945;-0.0819;-0.7685;v22|SEASON|HOME_STRONG|1.30|P15
v22;LAST5;HOME_STRONG;0.8;4;50;469;175;644;72.8261;13;6;19;68.4211;273;112;385;70.9091;196;63;259;75.6757;343;126;469;73.1343;2026-08-06;0.1263;-0.0819;-0.0313;v22|LAST5|HOME_STRONG|0.80|P4
v22;LAST5;BOTH_STRONG;1.4;1;50;474;177;651;72.8111;8;4;12;66.6667;278;114;392;70.9184;196;63;259;75.6757;344;127;471;73.0361;2026-08-06;0.1113;-0.0819;-0.1295;v22|LAST5|BOTH_STRONG|1.40|P1
v22;LAST5;BOTH_STRONG;1.5;1;50;474;177;651;72.8111;8;4;12;66.6667;278;114;392;70.9184;196;63;259;75.6757;344;127;471;73.0361;2026-08-06;0.1113;-0.0819;-0.1295;v22|LAST5|BOTH_STRONG|1.50|P1
v22;SEASON;BOTH_STRONG;1.4;8;13;473;177;650;72.7692;9;4;13;69.2308;277;114;391;70.844;196;63;259;75.6757;344;126;470;73.1915;2026-08-06;0.0694;-0.0819;0.0259;v22|SEASON|BOTH_STRONG|1.40|P8
v22;SEASON;BOTH_STRONG;1.4;9;13;473;177;650;72.7692;9;4;13;69.2308;277;114;391;70.844;196;63;259;75.6757;344;126;470;73.1915;2026-08-06;0.0694;-0.0819;0.0259;v22|SEASON|BOTH_STRONG|1.40|P9
v22;SEASON;BOTH_STRONG;1.4;10;13;473;177;650;72.7692;9;4;13;69.2308;277;114;391;70.844;196;63;259;75.6757;344;126;470;73.1915;2026-08-06;0.0694;-0.0819;0.0259;v22|SEASON|BOTH_STRONG|1.40|P10
v22;SEASON;BOTH_STRONG;1.4;11;13;473;177;650;72.7692;9;4;13;69.2308;277;114;391;70.844;196;63;259;75.6757;344;126;470;73.1915;2026-08-06;0.0694;-0.0819;0.0259;v22|SEASON|BOTH_STRONG|1.40|P11
v22;SEASON;BOTH_STRONG;1.4;12;13;473;177;650;72.7692;9;4;13;69.2308;277;114;391;70.844;196;63;259;75.6757;344;126;470;73.1915;2026-08-06;0.0694;-0.0819;0.0259;v22|SEASON|BOTH_STRONG|1.40|P12
v22;SEASON;BOTH_STRONG;1.4;13;13;473;177;650;72.7692;9;4;13;69.2308;277;114;391;70.844;196;63;259;75.6757;344;126;470;73.1915;2026-08-06;0.0694;-0.0819;0.0259;v22|SEASON|BOTH_STRONG|1.40|P13
v22;SEASON;BOTH_STRONG;1.4;14;13;473;177;650;72.7692;9;4;13;69.2308;277;114;391;70.844;196;63;259;75.6757;344;126;470;73.1915;2026-08-06;0.0694;-0.0819;0.0259;v22|SEASON|BOTH_STRONG|1.40|P14
v22;SEASON;BOTH_STRONG;1.4;15;13;473;177;650;72.7692;9;4;13;69.2308;277;114;391;70.844;196;63;259;75.6757;344;126;470;73.1915;2026-08-06;0.0694;-0.0819;0.0259;v22|SEASON|BOTH_STRONG|1.40|P15
v22;SEASON;BOTH_STRONG;1.5;2;30;472;177;649;72.7273;10;4;14;71.4286;276;114;390;70.7692;196;63;259;75.6757;342;126;468;73.0769;2026-08-06;0.0275;-0.0819;-0.0887;v22|SEASON|BOTH_STRONG|1.50|P2
v22;LAST5;BOTH_STRONG;1.0;1;14;479;179;658;72.7964;3;2;5;60.0;280;115;395;70.8861;199;64;263;75.6654;347;128;475;73.0526;2026-08-06;0.0966;-0.0922;-0.113;v22|LAST5|BOTH_STRONG|1.00|P1
v22;LAST5;BOTH_STRONG;1.1;1;14;479;179;658;72.7964;3;2;5;60.0;280;115;395;70.8861;199;64;263;75.6654;347;128;475;73.0526;2026-08-06;0.0966;-0.0922;-0.113;v22|LAST5|BOTH_STRONG|1.10|P1
v22;LAST5;HOME_STRONG;0.8;3;50;476;178;654;72.7829;6;3;9;66.6667;277;114;391;70.844;199;64;263;75.6654;346;128;474;72.9958;2026-08-06;0.0831;-0.0922;-0.1698;v22|LAST5|HOME_STRONG|0.80|P3
v22;LAST5;BOTH_STRONG;1.0;2;14;477;179;656;72.7134;5;2;7;71.4286;278;115;393;70.7379;199;64;263;75.6654;346;128;474;72.9958;2026-08-06;0.0136;-0.0922;-0.1698;v22|LAST5|BOTH_STRONG|1.00|P2
v22;LAST5;BOTH_STRONG;1.0;3;14;477;179;656;72.7134;5;2;7;71.4286;278;115;393;70.7379;199;64;263;75.6654;346;128;474;72.9958;2026-08-06;0.0136;-0.0922;-0.1698;v22|LAST5|BOTH_STRONG|1.00|P3
v22;LAST5;BOTH_STRONG;1.0;4;14;477;179;656;72.7134;5;2;7;71.4286;278;115;393;70.7379;199;64;263;75.6654;346;128;474;72.9958;2026-08-06;0.0136;-0.0922;-0.1698;v22|LAST5|BOTH_STRONG|1.00|P4
v22;LAST5;BOTH_STRONG;1.0;5;14;477;179;656;72.7134;5;2;7;71.4286;278;115;393;70.7379;199;64;263;75.6654;346;128;474;72.9958;2026-08-06;0.0136;-0.0922;-0.1698;v22|LAST5|BOTH_STRONG|1.00|P5
v22;LAST5;BOTH_STRONG;1.1;2;14;477;179;656;72.7134;5;2;7;71.4286;278;115;393;70.7379;199;64;263;75.6654;346;128;474;72.9958;2026-08-06;0.0136;-0.0922;-0.1698;v22|LAST5|BOTH_STRONG|1.10|P2
v22;LAST5;BOTH_STRONG;1.1;3;14;477;179;656;72.7134;5;2;7;71.4286;278;115;393;70.7379;199;64;263;75.6654;346;128;474;72.9958;2026-08-06;0.0136;-0.0922;-0.1698;v22|LAST5|BOTH_STRONG|1.10|P3
v22;LAST5;BOTH_STRONG;1.1;4;14;477;179;656;72.7134;5;2;7;71.4286;278;115;393;70.7379;199;64;263;75.6654;346;128;474;72.9958;2026-08-06;0.0136;-0.0922;-0.1698;v22|LAST5|BOTH_STRONG|1.10|P4
v22;LAST5;BOTH_STRONG;1.1;5;14;477;179;656;72.7134;5;2;7;71.4286;278;115;393;70.7379;199;64;263;75.6654;346;128;474;72.9958;2026-08-06;0.0136;-0.0922;-0.1698;v22|LAST5|BOTH_STRONG|1.10|P5
v22;SEASON;BOTH_STRONG;1.2;4;2;481;181;662;72.6586;1;0;1;100.0;282;117;399;70.6767;199;64;263;75.6654;349;128;477;73.1656;2026-08-06;-0.0412;-0.0922;0.0;v22|SEASON|BOTH_STRONG|1.20|P4
v22;SEASON;BOTH_STRONG;1.2;5;2;481;181;662;72.6586;1;0;1;100.0;282;117;399;70.6767;199;64;263;75.6654;349;128;477;73.1656;2026-08-06;-0.0412;-0.0922;0.0;v22|SEASON|BOTH_STRONG|1.20|P5
v22;SEASON;BOTH_STRONG;1.2;6;2;481;181;662;72.6586;1;0;1;100.0;282;117;399;70.6767;199;64;263;75.6654;349;128;477;73.1656;2026-08-06;-0.0412;-0.0922;0.0;v22|SEASON|BOTH_STRONG|1.20|P6
v22;SEASON;AWAY_STRONG;0.8;5;9;478;180;658;72.6444;4;1;5;80.0;279;116;395;70.6329;199;64;263;75.6654;345;127;472;73.0932;2026-08-06;-0.0554;-0.0922;-0.0724;v22|SEASON|AWAY_STRONG|0.80|P5
v22;SEASON;BOTH_STRONG;1.2;7;2;480;181;661;72.6172;2;0;2;100.0;281;117;398;70.603;199;64;263;75.6654;349;128;477;73.1656;2026-08-06;-0.0826;-0.0922;0.0;v22|SEASON|BOTH_STRONG|1.20|P7
v22;SEASON;BOTH_STRONG;1.2;8;2;480;181;661;72.6172;2;0;2;100.0;281;117;398;70.603;199;64;263;75.6654;349;128;477;73.1656;2026-08-06;-0.0826;-0.0922;0.0;v22|SEASON|BOTH_STRONG|1.20|P8
v22;SEASON;BOTH_STRONG;1.2;9;2;480;181;661;72.6172;2;0;2;100.0;281;117;398;70.603;199;64;263;75.6654;349;128;477;73.1656;2026-08-06;-0.0826;-0.0922;0.0;v22|SEASON|BOTH_STRONG|1.20|P9
v22;SEASON;BOTH_STRONG;1.2;10;2;480;181;661;72.6172;2;0;2;100.0;281;117;398;70.603;199;64;263;75.6654;349;128;477;73.1656;2026-08-06;-0.0826;-0.0922;0.0;v22|SEASON|BOTH_STRONG|1.20|P10
v22;SEASON;BOTH_STRONG;1.2;11;2;480;181;661;72.6172;2;0;2;100.0;281;117;398;70.603;199;64;263;75.6654;349;128;477;73.1656;2026-08-06;-0.0826;-0.0922;0.0;v22|SEASON|BOTH_STRONG|1.20|P11
v22;SEASON;BOTH_STRONG;1.2;12;2;480;181;661;72.6172;2;0;2;100.0;281;117;398;70.603;199;64;263;75.6654;349;128;477;73.1656;2026-08-06;-0.0826;-0.0922;0.0;v22|SEASON|BOTH_STRONG|1.20|P12
v22;SEASON;BOTH_STRONG;1.2;13;2;480;181;661;72.6172;2;0;2;100.0;281;117;398;70.603;199;64;263;75.6654;349;128;477;73.1656;2026-08-06;-0.0826;-0.0922;0.0;v22|SEASON|BOTH_STRONG|1.20|P13
v22;SEASON;BOTH_STRONG;1.2;14;2;480;181;661;72.6172;2;0;2;100.0;281;117;398;70.603;199;64;263;75.6654;349;128;477;73.1656;2026-08-06;-0.0826;-0.0922;0.0;v22|SEASON|BOTH_STRONG|1.20|P14
v22;SEASON;BOTH_STRONG;1.2;15;2;480;181;661;72.6172;2;0;2;100.0;281;117;398;70.603;199;64;263;75.6654;349;128;477;73.1656;2026-08-06;-0.0826;-0.0922;0.0;v22|SEASON|BOTH_STRONG|1.20|P15
v22;SEASON;BOTH_STRONG;1.3;4;4;480;181;661;72.6172;2;0;2;100.0;281;117;398;70.603;199;64;263;75.6654;349;128;477;73.1656;2026-08-06;-0.0826;-0.0922;0.0;v22|SEASON|BOTH_STRONG|1.30|P4
v22;SEASON;BOTH_STRONG;1.3;5;4;480;181;661;72.6172;2;0;2;100.0;281;117;398;70.603;199;64;263;75.6654;349;128;477;73.1656;2026-08-06;-0.0826;-0.0922;0.0;v22|SEASON|BOTH_STRONG|1.30|P5
v22;SEASON;HOME_STRONG;0.8;6;9;477;180;657;72.6027;5;1;6;83.3333;278;116;394;70.5584;199;64;263;75.6654;345;127;472;73.0932;2026-08-06;-0.0971;-0.0922;-0.0724;v22|SEASON|HOME_STRONG|0.80|P6
v22;SEASON;AWAY_STRONG;0.8;6;9;477;180;657;72.6027;5;1;6;83.3333;278;116;394;70.5584;199;64;263;75.6654;344;127;471;73.0361;2026-08-06;-0.0971;-0.0922;-0.1295;v22|SEASON|AWAY_STRONG|0.80|P6
v22;SEASON;BOTH_STRONG;1.3;6;4;479;181;660;72.5758;3;0;3;100.0;280;117;397;70.529;199;64;263;75.6654;348;128;476;73.1092;2026-08-06;-0.124;-0.0922;-0.0564;v22|SEASON|BOTH_STRONG|1.30|P6
v22;SEASON;AWAY_STRONG;0.8;7;9;476;180;656;72.561;6;1;7;85.7143;277;116;393;70.4835;199;64;263;75.6654;343;127;470;72.9787;2026-08-06;-0.1388;-0.0922;-0.1869;v22|SEASON|AWAY_STRONG|0.80|P7
v22;SEASON;AWAY_STRONG;0.8;8;9;476;180;656;72.561;6;1;7;85.7143;277;116;393;70.4835;199;64;263;75.6654;343;127;470;72.9787;2026-08-06;-0.1388;-0.0922;-0.1869;v22|SEASON|AWAY_STRONG|0.80|P8
v22;SEASON;AWAY_STRONG;0.8;3;9;478;181;659;72.5341;4;0;4;100.0;279;117;396;70.4545;199;64;263;75.6654;345;128;473;72.9387;2026-08-06;-0.1657;-0.0922;-0.2269;v22|SEASON|AWAY_STRONG|0.80|P3
v22;SEASON;AWAY_STRONG;0.8;4;9;478;181;659;72.5341;4;0;4;100.0;279;117;396;70.4545;199;64;263;75.6654;345;128;473;72.9387;2026-08-06;-0.1657;-0.0922;-0.2269;v22|SEASON|AWAY_STRONG|0.80|P4
v22;SEASON;BOTH_STRONG;1.3;7;4;478;181;659;72.5341;4;0;4;100.0;279;117;396;70.4545;199;64;263;75.6654;348;128;476;73.1092;2026-08-06;-0.1657;-0.0922;-0.0564;v22|SEASON|BOTH_STRONG|1.30|P7
v22;SEASON;BOTH_STRONG;1.3;8;4;478;181;659;72.5341;4;0;4;100.0;279;117;396;70.4545;199;64;263;75.6654;348;128;476;73.1092;2026-08-06;-0.1657;-0.0922;-0.0564;v22|SEASON|BOTH_STRONG|1.30|P8
v22;SEASON;BOTH_STRONG;1.3;9;4;478;181;659;72.5341;4;0;4;100.0;279;117;396;70.4545;199;64;263;75.6654;348;128;476;73.1092;2026-08-06;-0.1657;-0.0922;-0.0564;v22|SEASON|BOTH_STRONG|1.30|P9
v22;SEASON;BOTH_STRONG;1.3;10;4;478;181;659;72.5341;4;0;4;100.0;279;117;396;70.4545;199;64;263;75.6654;348;128;476;73.1092;2026-08-06;-0.1657;-0.0922;-0.0564;v22|SEASON|BOTH_STRONG|1.30|P10
v22;SEASON;BOTH_STRONG;1.3;11;4;478;181;659;72.5341;4;0;4;100.0;279;117;396;70.4545;199;64;263;75.6654;348;128;476;73.1092;2026-08-06;-0.1657;-0.0922;-0.0564;v22|SEASON|BOTH_STRONG|1.30|P11
v22;SEASON;BOTH_STRONG;1.3;12;4;478;181;659;72.5341;4;0;4;100.0;279;117;396;70.4545;199;64;263;75.6654;348;128;476;73.1092;2026-08-06;-0.1657;-0.0922;-0.0564;v22|SEASON|BOTH_STRONG|1.30|P12
v22;SEASON;BOTH_STRONG;1.3;13;4;478;181;659;72.5341;4;0;4;100.0;279;117;396;70.4545;199;64;263;75.6654;348;128;476;73.1092;2026-08-06;-0.1657;-0.0922;-0.0564;v22|SEASON|BOTH_STRONG|1.30|P13
v22;SEASON;BOTH_STRONG;1.3;14;4;478;181;659;72.5341;4;0;4;100.0;279;117;396;70.4545;199;64;263;75.6654;348;128;476;73.1092;2026-08-06;-0.1657;-0.0922;-0.0564;v22|SEASON|BOTH_STRONG|1.30|P14
v22;SEASON;BOTH_STRONG;1.3;15;4;478;181;659;72.5341;4;0;4;100.0;279;117;396;70.4545;199;64;263;75.6654;348;128;476;73.1092;2026-08-06;-0.1657;-0.0922;-0.0564;v22|SEASON|BOTH_STRONG|1.30|P15
v22;SEASON;HOME_STRONG;0.8;5;9;477;181;658;72.4924;5;0;5;100.0;278;117;395;70.3797;199;64;263;75.6654;345;128;473;72.9387;2026-08-06;-0.2074;-0.0922;-0.2269;v22|SEASON|HOME_STRONG|0.80|P5
v22;SEASON;AT_LEAST_ONE_STRONG;0.8;3;18;477;181;658;72.4924;5;0;5;100.0;278;117;395;70.3797;199;64;263;75.6654;344;128;472;72.8814;2026-08-06;-0.2074;-0.0922;-0.2842;v22|SEASON|AT_LEAST_ONE_STRONG|0.80|P3
v22;SEASON;AT_LEAST_ONE_STRONG;0.8;4;18;475;181;656;72.4085;7;0;7;100.0;276;117;393;70.229;199;64;263;75.6654;343;128;471;72.8238;2026-08-06;-0.2913;-0.0922;-0.3418;v22|SEASON|AT_LEAST_ONE_STRONG|0.80|P4
v22;SEASON;HOME_STRONG;1.3;13;93;416;161;577;72.0971;66;20;86;76.7442;245;106;351;69.8006;171;55;226;75.6637;304;116;420;72.381;2026-08-06;-0.6027;-0.0939;-0.7846;v22|SEASON|HOME_STRONG|1.30|P13
v22;LAST5;HOME_STRONG;1.4;13;195;360;131;491;73.3198;122;50;172;70.9302;214;84;298;71.8121;146;47;193;75.6477;270;98;368;73.3696;2026-08-06;0.62;-0.1099;0.204;v22|LAST5|HOME_STRONG|1.40|P13
v22;LAST5;HOME_STRONG;1.5;13;195;360;131;491;73.3198;122;50;172;70.9302;214;84;298;71.8121;146;47;193;75.6477;270;98;368;73.3696;2026-08-06;0.62;-0.1099;0.204;v22|LAST5|HOME_STRONG|1.50|P13
v22;LAST5;HOME_STRONG;1.0;13;88;425;158;583;72.8988;57;23;80;71.25;248;101;349;71.0602;177;57;234;75.641;315;115;430;73.2558;2026-08-06;0.199;-0.1166;0.0902;v22|LAST5|HOME_STRONG|1.00|P13
v22;LAST5;HOME_STRONG;1.1;13;88;425;158;583;72.8988;57;23;80;71.25;248;101;349;71.0602;177;57;234;75.641;315;115;430;73.2558;2026-08-06;0.199;-0.1166;0.0902;v22|LAST5|HOME_STRONG|1.10|P13
v22;LAST5;HOME_STRONG;1.4;12;195;365;133;498;73.2932;117;48;165;70.9091;216;85;301;71.7608;149;48;197;75.6345;274;98;372;73.6559;2026-08-06;0.5934;-0.1231;0.4903;v22|LAST5|HOME_STRONG|1.40|P12
v22;LAST5;HOME_STRONG;1.5;12;195;365;133;498;73.2932;117;48;165;70.9091;216;85;301;71.7608;149;48;197;75.6345;274;98;372;73.6559;2026-08-06;0.5934;-0.1231;0.4903;v22|LAST5|HOME_STRONG|1.50|P12
v22;LAST5;HOME_STRONG;1.0;10;88;430;161;591;72.758;52;20;72;72.2222;250;103;353;70.8215;180;58;238;75.6303;320;117;437;73.2265;2026-08-06;0.0582;-0.1273;0.0609;v22|LAST5|HOME_STRONG|1.00|P10
v22;LAST5;HOME_STRONG;1.1;10;88;430;161;591;72.758;52;20;72;72.2222;250;103;353;70.8215;180;58;238;75.6303;320;117;437;73.2265;2026-08-06;0.0582;-0.1273;0.0609;v22|LAST5|HOME_STRONG|1.10|P10
v22;LAST5;HOME_STRONG;1.0;9;88;433;162;595;72.7731;49;19;68;72.0588;250;103;353;70.8215;183;59;242;75.6198;322;118;440;73.1818;2026-08-06;0.0733;-0.1378;0.0162;v22|LAST5|HOME_STRONG|1.00|P9
v22;LAST5;HOME_STRONG;1.1;9;88;433;162;595;72.7731;49;19;68;72.0588;250;103;353;70.8215;183;59;242;75.6198;322;118;440;73.1818;2026-08-06;0.0733;-0.1378;0.0162;v22|LAST5|HOME_STRONG|1.10|P9
v22;SEASON;HOME_STRONG;1.2;7;71;442;171;613;72.1044;40;10;50;80.0;259;112;371;69.8113;183;59;242;75.6198;322;121;443;72.6862;2026-08-06;-0.5954;-0.1378;-0.4794;v22|SEASON|HOME_STRONG|1.20|P7
v22;SEASON;HOME_STRONG;1.2;8;71;439;171;610;71.9672;43;10;53;81.1321;256;112;368;69.5652;183;59;242;75.6198;319;121;440;72.5;2026-08-06;-0.7326;-0.1378;-0.6656;v22|SEASON|HOME_STRONG|1.20|P8
v22;SEASON;AT_LEAST_ONE_STRONG;1.6;14;354;246;87;333;73.8739;236;94;330;71.5152;153;57;210;72.8571;93;30;123;75.6098;183;68;251;72.9084;2026-08-06;1.1741;-0.1478;-0.2572;v22|SEASON|AT_LEAST_ONE_STRONG|1.60|P14
v22;SEASON;AT_LEAST_ONE_STRONG;1.5;9;295;303;117;420;72.1429;179;64;243;73.6626;179;77;256;69.9219;124;40;164;75.6098;221;86;307;71.987;2026-08-06;-0.5569;-0.1478;-1.1786;v22|SEASON|AT_LEAST_ONE_STRONG|1.50|P9
v22;LAST5;HOME_STRONG;0.8;14;50;448;168;616;72.7273;34;13;47;72.3404;262;108;370;70.8108;186;60;246;75.6098;328;122;450;72.8889;2026-08-06;0.0275;-0.1478;-0.2767;v22|LAST5|HOME_STRONG|0.80|P14
v22;LAST5;HOME_STRONG;0.8;6;50;461;173;634;72.7129;21;8;29;72.4138;269;111;380;70.7895;192;62;254;75.5906;337;124;461;73.102;2026-08-06;0.0131;-0.167;-0.0636;v22|LAST5|HOME_STRONG|0.80|P6
v22;LAST5;HOME_STRONG;1.4;7;195;396;148;544;72.7941;86;33;119;72.2689;232;95;327;70.948;164;53;217;75.576;295;108;403;73.201;2026-08-06;0.0943;-0.1816;0.0354;v22|LAST5|HOME_STRONG|1.40|P7
v22;LAST5;HOME_STRONG;1.5;7;195;396;148;544;72.7941;86;33;119;72.2689;232;95;327;70.948;164;53;217;75.576;295;108;403;73.201;2026-08-06;0.0943;-0.1816;0.0354;v22|LAST5|HOME_STRONG|1.50|P7
v22;SEASON;BOTH_STRONG;1.4;2;13;477;179;656;72.7134;5;2;7;71.4286;279;115;394;70.8122;198;64;262;75.5725;346;127;473;73.1501;2026-08-06;0.0136;-0.1851;-0.0155;v22|SEASON|BOTH_STRONG|1.40|P2
v22;SEASON;HOME_STRONG;0.8;7;9;476;180;656;72.561;6;1;7;85.7143;278;116;394;70.5584;198;64;262;75.5725;344;127;471;73.0361;2026-08-06;-0.1388;-0.1851;-0.1295;v22|SEASON|HOME_STRONG|0.80|P7
v22;SEASON;HOME_STRONG;0.8;8;9;476;180;656;72.561;6;1;7;85.7143;278;116;394;70.5584;198;64;262;75.5725;344;127;471;73.0361;2026-08-06;-0.1388;-0.1851;-0.1295;v22|SEASON|HOME_STRONG|0.80|P8
v22;SEASON;HOME_STRONG;0.8;9;9;476;180;656;72.561;6;1;7;85.7143;278;116;394;70.5584;198;64;262;75.5725;344;127;471;73.0361;2026-08-06;-0.1388;-0.1851;-0.1295;v22|SEASON|HOME_STRONG|0.80|P9
v22;SEASON;HOME_STRONG;0.8;10;9;476;180;656;72.561;6;1;7;85.7143;278;116;394;70.5584;198;64;262;75.5725;344;127;471;73.0361;2026-08-06;-0.1388;-0.1851;-0.1295;v22|SEASON|HOME_STRONG|0.80|P10
v22;SEASON;HOME_STRONG;0.8;11;9;476;180;656;72.561;6;1;7;85.7143;278;116;394;70.5584;198;64;262;75.5725;344;127;471;73.0361;2026-08-06;-0.1388;-0.1851;-0.1295;v22|SEASON|HOME_STRONG|0.80|P11
v22;SEASON;HOME_STRONG;0.8;12;9;476;180;656;72.561;6;1;7;85.7143;278;116;394;70.5584;198;64;262;75.5725;344;127;471;73.0361;2026-08-06;-0.1388;-0.1851;-0.1295;v22|SEASON|HOME_STRONG|0.80|P12
v22;SEASON;AWAY_STRONG;0.8;9;9;475;180;655;72.5191;7;1;8;87.5;277;116;393;70.4835;198;64;262;75.5725;342;127;469;72.9211;2026-08-06;-0.1807;-0.1851;-0.2445;v22|SEASON|AWAY_STRONG|0.80|P9
v22;SEASON;AWAY_STRONG;0.8;10;9;475;180;655;72.5191;7;1;8;87.5;277;116;393;70.4835;198;64;262;75.5725;342;127;469;72.9211;2026-08-06;-0.1807;-0.1851;-0.2445;v22|SEASON|AWAY_STRONG|0.80|P10
v22;SEASON;AWAY_STRONG;0.8;11;9;475;180;655;72.5191;7;1;8;87.5;277;116;393;70.4835;198;64;262;75.5725;342;127;469;72.9211;2026-08-06;-0.1807;-0.1851;-0.2445;v22|SEASON|AWAY_STRONG|0.80|P11
v22;SEASON;AWAY_STRONG;0.8;12;9;475;180;655;72.5191;7;1;8;87.5;277;116;393;70.4835;198;64;262;75.5725;342;127;469;72.9211;2026-08-06;-0.1807;-0.1851;-0.2445;v22|SEASON|AWAY_STRONG|0.80|P12
v22;SEASON;AWAY_STRONG;0.8;13;9;475;180;655;72.5191;7;1;8;87.5;277;116;393;70.4835;198;64;262;75.5725;342;127;469;72.9211;2026-08-06;-0.1807;-0.1851;-0.2445;v22|SEASON|AWAY_STRONG|0.80|P13
v22;SEASON;AWAY_STRONG;0.8;14;9;475;180;655;72.5191;7;1;8;87.5;277;116;393;70.4835;198;64;262;75.5725;342;127;469;72.9211;2026-08-06;-0.1807;-0.1851;-0.2445;v22|SEASON|AWAY_STRONG|0.80|P14
v22;SEASON;AWAY_STRONG;0.8;15;9;475;180;655;72.5191;7;1;8;87.5;277;116;393;70.4835;198;64;262;75.5725;342;127;469;72.9211;2026-08-06;-0.1807;-0.1851;-0.2445;v22|SEASON|AWAY_STRONG|0.80|P15
v22;SEASON;AT_LEAST_ONE_STRONG;0.8;6;18;472;179;651;72.5038;10;2;12;83.3333;274;115;389;70.437;198;64;262;75.5725;340;126;466;72.9614;2026-08-06;-0.196;-0.1851;-0.2042;v22|SEASON|AT_LEAST_ONE_STRONG|0.80|P6
v22;SEASON;AT_LEAST_ONE_STRONG;0.8;5;18;473;180;653;72.4349;9;1;10;90.0;275;116;391;70.3325;198;64;262;75.5725;341;127;468;72.8632;2026-08-06;-0.2649;-0.1851;-0.3024;v22|SEASON|AT_LEAST_ONE_STRONG|0.80|P5
v22;LAST5;HOME_STRONG;1.2;9;140;402;152;554;72.5632;80;29;109;73.3945;235;98;333;70.5706;167;54;221;75.5656;301;113;414;72.7053;2026-08-06;-0.1366;-0.192;-0.4603;v22|LAST5|HOME_STRONG|1.20|P9
v22;LAST5;HOME_STRONG;1.3;9;140;402;152;554;72.5632;80;29;109;73.3945;235;98;333;70.5706;167;54;221;75.5656;301;113;414;72.7053;2026-08-06;-0.1366;-0.192;-0.4603;v22|LAST5|HOME_STRONG|1.30|P9
v22;SEASON;AT_LEAST_ONE_STRONG;1.4;9;231;340;128;468;72.6496;142;53;195;72.8205;201;83;284;70.7746;139;45;184;75.5435;246;93;339;72.5664;2026-08-06;-0.0502;-0.2141;-0.5992;v22|SEASON|AT_LEAST_ONE_STRONG|1.40|P9
v22;SEASON;HOME_STRONG;1.4;5;124;427;164;591;72.2504;55;17;72;76.3889;251;107;358;70.1117;176;57;233;75.5365;313;118;431;72.6218;2026-08-06;-0.4494;-0.2211;-0.5438;v22|SEASON|HOME_STRONG|1.40|P5
v22;SEASON;HOME_STRONG;1.5;4;162;416;162;578;71.9723;66;19;85;77.6471;240;105;345;69.5652;176;57;233;75.5365;307;118;425;72.2353;2026-08-06;-0.7275;-0.2211;-0.9303;v22|SEASON|HOME_STRONG|1.50|P4
v22;LAST5;HOME_STRONG;1.0;11;88;429;160;589;72.8353;53;21;74;71.6216;250;102;352;71.0227;179;58;237;75.5274;319;116;435;73.3333;2026-08-06;0.1355;-0.2302;0.1677;v22|LAST5|HOME_STRONG|1.00|P11
v22;LAST5;HOME_STRONG;1.1;11;88;429;160;589;72.8353;53;21;74;71.6216;250;102;352;71.0227;179;58;237;75.5274;319;116;435;73.3333;2026-08-06;0.1355;-0.2302;0.1677;v22|LAST5|HOME_STRONG|1.10|P11
v22;SEASON;HOME_STRONG;1.4;4;124;432;165;597;72.3618;50;16;66;75.7576;253;107;360;70.2778;179;58;237;75.5274;317;119;436;72.7064;2026-08-06;-0.338;-0.2302;-0.4592;v22|SEASON|HOME_STRONG|1.40|P4
v22;LAST5;HOME_STRONG;1.0;7;88;440;165;605;72.7273;42;16;58;72.4138;255;105;360;70.8333;185;60;245;75.5102;325;119;444;73.1982;2026-08-06;0.0275;-0.2474;0.0326;v22|LAST5|HOME_STRONG|1.00|P7
v22;LAST5;HOME_STRONG;1.1;7;88;440;165;605;72.7273;42;16;58;72.4138;255;105;360;70.8333;185;60;245;75.5102;325;119;444;73.1982;2026-08-06;0.0275;-0.2474;0.0326;v22|LAST5|HOME_STRONG|1.10|P7
v22;LAST5;HOME_STRONG;1.6;1;263;456;170;626;72.8435;26;11;37;70.2703;268;109;377;71.0875;188;61;249;75.502;331;123;454;72.9075;2026-08-06;0.1437;-0.2556;-0.2581;v22|LAST5|HOME_STRONG|1.60|P1
v22;SEASON;HOME_STRONG;1.6;9;202;363;141;504;72.0238;119;40;159;74.8428;212;92;304;69.7368;151;49;200;75.5;269;104;373;72.118;2026-08-06;-0.676;-0.2576;-1.0476;v22|SEASON|HOME_STRONG|1.60|P9
v22;LAST5;HOME_STRONG;0.8;5;50;464;174;638;72.7273;18;7;25;72.0;270;111;381;70.8661;194;63;257;75.4864;339;125;464;73.0603;2026-08-06;0.0275;-0.2712;-0.1053;v22|LAST5|HOME_STRONG|0.80|P5
v22;SEASON;HOME_STRONG;0.8;13;9;475;179;654;72.63;7;2;9;77.7778;278;115;393;70.7379;197;64;261;75.4789;343;127;470;72.9787;2026-08-06;-0.0698;-0.2787;-0.1869;v22|SEASON|HOME_STRONG|0.80|P13
v22;SEASON;HOME_STRONG;0.8;14;9;475;179;654;72.63;7;2;9;77.7778;278;115;393;70.7379;197;64;261;75.4789;343;127;470;72.9787;2026-08-06;-0.0698;-0.2787;-0.1869;v22|SEASON|HOME_STRONG|0.80|P14
v22;SEASON;HOME_STRONG;0.8;15;9;475;179;654;72.63;7;2;9;77.7778;278;115;393;70.7379;197;64;261;75.4789;343;127;470;72.9787;2026-08-06;-0.0698;-0.2787;-0.1869;v22|SEASON|HOME_STRONG|0.80|P15
v22;SEASON;AT_LEAST_ONE_STRONG;0.8;7;18;470;179;649;72.4191;12;2;14;85.7143;273;115;388;70.3608;197;64;261;75.4789;338;126;464;72.8448;2026-08-06;-0.2807;-0.2787;-0.3208;v22|SEASON|AT_LEAST_ONE_STRONG|0.80|P7
v22;SEASON;AT_LEAST_ONE_STRONG;0.8;8;18;470;179;649;72.4191;12;2;14;85.7143;273;115;388;70.3608;197;64;261;75.4789;338;126;464;72.8448;2026-08-06;-0.2807;-0.2787;-0.3208;v22|SEASON|AT_LEAST_ONE_STRONG|0.80|P8
v22;SEASON;HOME_STRONG;1.4;13;124;395;152;547;72.2121;87;29;116;75.0;235;100;335;70.1493;160;52;212;75.4717;289;111;400;72.25;2026-08-06;-0.4877;-0.2859;-0.9156;v22|SEASON|HOME_STRONG|1.40|P13
v22;SEASON;HOME_STRONG;1.5;7;162;393;155;548;71.7153;89;26;115;77.3913;227;101;328;69.2073;166;54;220;75.4545;290;112;402;72.1393;2026-08-06;-0.9845;-0.3031;-1.0263;v22|SEASON|HOME_STRONG|1.50|P7
v22;LAST5;HOME_STRONG;1.6;4;263;404;151;555;72.7928;78;30;108;72.2222;235;96;331;70.997;169;55;224;75.4464;298;111;409;72.8606;2026-08-06;0.093;-0.3112;-0.305;v22|LAST5|HOME_STRONG|1.60|P4
v22;SEASON;HOME_STRONG;1.5;6;162;400;157;557;71.8133;82;24;106;77.3585;231;102;333;69.3694;169;55;224;75.4464;295;114;409;72.1271;2026-08-06;-0.8865;-0.3112;-1.0385;v22|SEASON|HOME_STRONG|1.50|P6
v22;SEASON;HOME_STRONG;1.3;11;93;420;163;583;72.0412;62;18;80;77.5;248;107;355;69.8592;172;56;228;75.4386;307;116;423;72.5768;2026-08-06;-0.6586;-0.319;-0.5888;v22|SEASON|HOME_STRONG|1.30|P11
v22;SEASON;HOME_STRONG;1.3;12;93;419;163;582;71.9931;63;18;81;77.7778;247;107;354;69.774;172;56;228;75.4386;307;116;423;72.5768;2026-08-06;-0.7067;-0.319;-0.5888;v22|SEASON|HOME_STRONG|1.30|P12
v22;SEASON;HOME_STRONG;1.3;10;93;420;164;584;71.9178;62;17;79;78.481;248;108;356;69.6629;172;56;228;75.4386;307;117;424;72.4057;2026-08-06;-0.782;-0.319;-0.7599;v22|SEASON|HOME_STRONG|1.30|P10
v22;LAST5;HOME_STRONG;1.0;12;88;427;159;586;72.8669;55;22;77;71.4286;249;101;350;71.1429;178;58;236;75.4237;317;115;432;73.3796;2026-08-06;0.1671;-0.3339;0.214;v22|LAST5|HOME_STRONG|1.00|P12
v22;LAST5;HOME_STRONG;1.1;12;88;427;159;586;72.8669;55;22;77;71.4286;249;101;350;71.1429;178;58;236;75.4237;317;115;432;73.3796;2026-08-06;0.1671;-0.3339;0.214;v22|LAST5|HOME_STRONG|1.10|P12
v22;LAST5;HOME_STRONG;1.0;8;88;439;164;603;72.8027;43;17;60;71.6667;255;104;359;71.0306;184;60;244;75.4098;324;119;443;73.1377;2026-08-06;0.1029;-0.3478;-0.0279;v22|LAST5|HOME_STRONG|1.00|P8
v22;LAST5;HOME_STRONG;1.1;8;88;439;164;603;72.8027;43;17;60;71.6667;255;104;359;71.0306;184;60;244;75.4098;324;119;443;73.1377;2026-08-06;0.1029;-0.3478;-0.0279;v22|LAST5|HOME_STRONG|1.10|P8
v22;LAST5;HOME_STRONG;0.8;15;50;446;167;613;72.7569;36;14;50;72.0;262;107;369;71.0027;184;60;244;75.4098;326;121;447;72.9306;2026-08-06;0.0571;-0.3478;-0.235;v22|LAST5|HOME_STRONG|0.80|P15
v22;LAST5;HOME_STRONG;1.4;15;195;351;129;480;73.125;131;52;183;71.5847;210;83;293;71.6724;141;46;187;75.4011;263;96;359;73.2591;2026-08-06;0.4252;-0.3565;0.0935;v22|LAST5|HOME_STRONG|1.40|P15
v22;LAST5;HOME_STRONG;1.5;15;195;351;129;480;73.125;131;52;183;71.5847;210;83;293;71.6724;141;46;187;75.4011;263;96;359;73.2591;2026-08-06;0.4252;-0.3565;0.0935;v22|LAST5|HOME_STRONG|1.50|P15
v22;SEASON;AT_LEAST_ONE_STRONG;1.6;13;354;252;90;342;73.6842;230;91;321;71.6511;157;59;216;72.6852;95;31;126;75.3968;186;70;256;72.6562;2026-08-06;0.9844;-0.3608;-0.5094;v22|SEASON|AT_LEAST_ONE_STRONG|1.60|P13
v22;LAST5;HOME_STRONG;0.8;9;50;455;171;626;72.6837;27;10;37;72.973;265;109;374;70.8556;190;62;252;75.3968;334;124;458;72.9258;2026-08-06;-0.0161;-0.3608;-0.2398;v22|LAST5|HOME_STRONG|0.80|P9
v22;LAST5;HOME_STRONG;0.8;8;50;457;172;629;72.655;25;9;34;73.5294;267;110;377;70.8223;190;62;252;75.3968;335;124;459;72.9847;2026-08-06;-0.0448;-0.3608;-0.1809;v22|LAST5|HOME_STRONG|0.80|P8
v22;LAST5;HOME_STRONG;0.8;7;50;457;173;630;72.5397;25;8;33;75.7576;267;111;378;70.6349;190;62;252;75.3968;335;124;459;72.9847;2026-08-06;-0.1601;-0.3608;-0.1809;v22|LAST5|HOME_STRONG|0.80|P7
v22;SEASON;AT_LEAST_ONE_STRONG;1.4;8;231;350;130;480;72.9167;132;51;183;72.1311;206;83;289;71.2803;144;47;191;75.3927;253;94;347;72.9107;2026-08-06;0.2169;-0.3649;-0.2549;v22|SEASON|AT_LEAST_ONE_STRONG|1.40|P8
v22;SEASON;AT_LEAST_ONE_STRONG;0.8;9;18;469;179;648;72.3765;13;2;15;86.6667;273;115;388;70.3608;196;64;260;75.3846;337;126;463;72.7862;2026-08-06;-0.3233;-0.373;-0.3794;v22|SEASON|AT_LEAST_ONE_STRONG|0.80|P9
v22;SEASON;AT_LEAST_ONE_STRONG;0.8;10;18;469;179;648;72.3765;13;2;15;86.6667;273;115;388;70.3608;196;64;260;75.3846;337;126;463;72.7862;2026-08-06;-0.3233;-0.373;-0.3794;v22|SEASON|AT_LEAST_ONE_STRONG|0.80|P10
v22;SEASON;AT_LEAST_ONE_STRONG;0.8;11;18;469;179;648;72.3765;13;2;15;86.6667;273;115;388;70.3608;196;64;260;75.3846;337;126;463;72.7862;2026-08-06;-0.3233;-0.373;-0.3794;v22|SEASON|AT_LEAST_ONE_STRONG|0.80|P11
v22;SEASON;AT_LEAST_ONE_STRONG;0.8;12;18;469;179;648;72.3765;13;2;15;86.6667;273;115;388;70.3608;196;64;260;75.3846;337;126;463;72.7862;2026-08-06;-0.3233;-0.373;-0.3794;v22|SEASON|AT_LEAST_ONE_STRONG|0.80|P12
v22;SEASON;AT_LEAST_ONE_STRONG;1.3;8;168;384;145;529;72.5898;98;36;134;73.1343;228;94;322;70.8075;156;51;207;75.3623;275;105;380;72.3684;2026-08-06;-0.11;-0.3953;-0.7972;v22|SEASON|AT_LEAST_ONE_STRONG|1.30|P8
v22;SEASON;HOME_STRONG;1.4;15;124;389;150;539;72.1707;93;31;124;75.0;233;99;332;70.1807;156;51;207;75.3623;283;109;392;72.1939;2026-08-06;-0.5291;-0.3953;-0.9717;v22|SEASON|HOME_STRONG|1.40|P15
v22;SEASON;HOME_STRONG;1.4;11;124;401;154;555;72.2523;81;27;108;75.0;239;101;340;70.2941;162;53;215;75.3488;293;111;404;72.5248;2026-08-06;-0.4475;-0.4088;-0.6408;v22|SEASON|HOME_STRONG|1.40|P11
v22;SEASON;HOME_STRONG;1.4;10;124;401;156;557;71.9928;81;25;106;76.4151;239;103;342;69.883;162;53;215;75.3488;293;112;405;72.3457;2026-08-06;-0.707;-0.4088;-0.8199;v22|SEASON|HOME_STRONG|1.40|P10
v22;LAST5;HOME_STRONG;1.6;5;263;395;147;542;72.8782;87;34;121;71.9008;230;93;323;71.2074;165;54;219;75.3425;292;109;401;72.818;2026-08-06;0.1784;-0.4151;-0.3476;v22|LAST5|HOME_STRONG|1.60|P5
v22;LAST5;HOME_STRONG;1.2;7;140;418;158;576;72.5694;64;23;87;73.5632;244;101;345;70.7246;174;57;231;75.3247;312;116;428;72.8972;2026-08-06;-0.1304;-0.4329;-0.2684;v22|LAST5|HOME_STRONG|1.20|P7
v22;LAST5;HOME_STRONG;1.3;7;140;418;158;576;72.5694;64;23;87;73.5632;244;101;345;70.7246;174;57;231;75.3247;312;116;428;72.8972;2026-08-06;-0.1304;-0.4329;-0.2684;v22|LAST5|HOME_STRONG|1.30|P7
v22;SEASON;HOME_STRONG;1.3;5;93;438;169;607;72.1582;44;12;56;78.5714;258;110;368;70.1087;180;59;239;75.3138;320;121;441;72.5624;2026-08-06;-0.5416;-0.4438;-0.6032;v22|SEASON|HOME_STRONG|1.30|P5
v22;SEASON;HOME_STRONG;1.3;4;93;443;170;613;72.2675;39;11;50;78.0;260;110;370;70.2703;183;60;243;75.3086;324;122;446;72.6457;2026-08-06;-0.4323;-0.449;-0.5199;v22|SEASON|HOME_STRONG|1.30|P4
v22;LAST5;HOME_STRONG;0.8;13;50;449;169;618;72.6537;33;12;45;73.3333;263;108;371;70.8895;186;61;247;75.3036;329;123;452;72.7876;2026-08-06;-0.0461;-0.454;-0.378;v22|LAST5|HOME_STRONG|0.80|P13
v22;SEASON;AT_LEAST_ONE_STRONG;0.8;13;18;468;178;646;72.4458;14;3;17;82.3529;273;114;387;70.5426;195;64;259;75.2896;336;126;462;72.7273;2026-08-06;-0.254;-0.468;-0.4383;v22|SEASON|AT_LEAST_ONE_STRONG|0.80|P13
v22;SEASON;AT_LEAST_ONE_STRONG;0.8;14;18;468;178;646;72.4458;14;3;17;82.3529;273;114;387;70.5426;195;64;259;75.2896;336;126;462;72.7273;2026-08-06;-0.254;-0.468;-0.4383;v22|SEASON|AT_LEAST_ONE_STRONG|0.80|P14
v22;SEASON;AT_LEAST_ONE_STRONG;0.8;15;18;468;178;646;72.4458;14;3;17;82.3529;273;114;387;70.5426;195;64;259;75.2896;336;126;462;72.7273;2026-08-06;-0.254;-0.468;-0.4383;v22|SEASON|AT_LEAST_ONE_STRONG|0.80|P15
v22;SEASON;HOME_STRONG;1.6;8;202;371;143;514;72.179;111;38;149;74.4966;216;92;308;70.1299;155;51;206;75.2427;274;105;379;72.2955;2026-08-06;-0.5208;-0.5149;-0.8701;v22|SEASON|HOME_STRONG|1.60|P8
v22;SEASON;HOME_STRONG;1.5;9;162;378;152;530;71.3208;104;29;133;78.1955;220;100;320;68.75;158;52;210;75.2381;278;110;388;71.6495;2026-08-06;-1.379;-0.5195;-1.5161;v22|SEASON|HOME_STRONG|1.50|P9
v22;LAST5;HOME_STRONG;1.4;8;195;388;146;534;72.6592;94;35;129;72.8682;227;93;320;70.9375;161;53;214;75.2336;287;107;394;72.8426;2026-08-06;-0.0406;-0.524;-0.323;v22|LAST5|HOME_STRONG|1.40|P8
v22;LAST5;HOME_STRONG;1.5;8;195;388;146;534;72.6592;94;35;129;72.8682;227;93;320;70.9375;161;53;214;75.2336;287;107;394;72.8426;2026-08-06;-0.0406;-0.524;-0.323;v22|LAST5|HOME_STRONG|1.50|P8
v22;SEASON;HOME_STRONG;1.4;12;124;398;154;552;72.1014;84;27;111;75.6757;237;101;338;70.1183;161;53;214;75.2336;292;111;403;72.4566;2026-08-06;-0.5984;-0.524;-0.709;v22|SEASON|HOME_STRONG|1.40|P12
v22;SEASON;HOME_STRONG;1.3;9;93;421;165;586;71.843;61;16;77;79.2208;248;108;356;69.6629;173;57;230;75.2174;307;118;425;72.2353;2026-08-06;-0.8568;-0.5402;-0.9303;v22|SEASON|HOME_STRONG|1.30|P9
v22;SEASON;AT_LEAST_ONE_STRONG;1.6;10;354;270;98;368;73.3696;212;83;295;71.8644;167;64;231;72.2944;103;34;137;75.1825;200;73;273;73.2601;2026-08-06;0.6698;-0.5751;0.0945;v22|SEASON|AT_LEAST_ONE_STRONG|1.60|P10
v22;SEASON;HOME_STRONG;1.4;6;124;420;162;582;72.1649;62;19;81;76.5432;248;105;353;70.255;172;57;229;75.1092;307;117;424;72.4057;2026-08-06;-0.5349;-0.6484;-0.7599;v22|SEASON|HOME_STRONG|1.40|P6
v22;LAST5;HOME_STRONG;0.8;11;50;452;170;622;72.6688;30;11;41;73.1707;265;108;373;71.0456;187;62;249;75.1004;332;123;455;72.967;2026-08-06;-0.031;-0.6572;-0.1986;v22|LAST5|HOME_STRONG|0.80|P11
v22;LAST5;HOME_STRONG;0.8;10;50;452;171;623;72.5522;30;10;40;75.0;265;109;374;70.8556;187;62;249;75.1004;332;124;456;72.807;2026-08-06;-0.1476;-0.6572;-0.3586;v22|LAST5|HOME_STRONG|0.80|P10
v22;SEASON;HOME_STRONG;1.5;8;162;385;154;539;71.4286;97;27;124;78.2258;223;100;323;69.0402;162;54;216;75.0;283;111;394;71.8274;2026-08-06;-1.2712;-0.7576;-1.3382;v22|SEASON|HOME_STRONG|1.50|P8
v22;LAST5;HOME_STRONG;1.2;8;140;412;156;568;72.5352;70;25;95;73.6842;241;99;340;70.8824;171;57;228;75.0;306;115;421;72.6841;2026-08-06;-0.1646;-0.7576;-0.4815;v22|LAST5|HOME_STRONG|1.20|P8
v22;LAST5;HOME_STRONG;1.3;8;140;412;156;568;72.5352;70;25;95;73.6842;241;99;340;70.8824;171;57;228;75.0;306;115;421;72.6841;2026-08-06;-0.1646;-0.7576;-0.4815;v22|LAST5|HOME_STRONG|1.30|P8
v22;SEASON;HOME_STRONG;1.3;6;93;433;168;601;72.0466;49;13;62;79.0323;256;109;365;70.137;177;59;236;75.0;315;120;435;72.4138;2026-08-06;-0.6532;-0.7576;-0.7518;v22|SEASON|HOME_STRONG|1.30|P6
v22;LAST5;HOME_STRONG;0.8;12;50;450;170;620;72.5806;32;11;43;74.4186;264;108;372;70.9677;186;62;248;75.0;330;123;453;72.8477;2026-08-06;-0.1192;-0.7576;-0.3179;v22|LAST5|HOME_STRONG|0.80|P12
v22;LAST5;HOME_STRONG;1.6;10;263;334;125;459;72.7669;148;56;204;72.549;197;79;276;71.3768;137;46;183;74.8634;253;93;346;73.1214;2026-08-06;0.0671;-0.8942;-0.0442;v22|LAST5|HOME_STRONG|1.60|P10
v22;SEASON;HOME_STRONG;1.3;7;93;429;168;597;71.8593;53;13;66;80.303;254;109;363;69.9725;175;59;234;74.7863;313;120;433;72.2864;2026-08-06;-0.8405;-0.9713;-0.8792;v22|SEASON|HOME_STRONG|1.30|P7
v22;SEASON;HOME_STRONG;1.4;7;124;414;161;575;72.0;68;20;88;77.2727;245;104;349;70.2006;169;57;226;74.7788;303;116;419;72.315;2026-08-06;-0.6998;-0.9788;-0.8506;v22|SEASON|HOME_STRONG|1.40|P7
v22;SEASON;HOME_STRONG;1.4;9;124;402;158;560;71.7857;80;23;103;77.6699;239;103;342;69.883;163;55;218;74.7706;293;114;407;71.9902;2026-08-06;-0.9141;-0.987;-1.1754;v22|SEASON|HOME_STRONG|1.40|P9
v22;SEASON;HOME_STRONG;1.3;8;93;425;167;592;71.7905;57;14;71;80.2817;251;108;359;69.9164;174;59;233;74.6781;309;119;428;72.1963;2026-08-06;-0.9093;-1.0795;-0.9693;v22|SEASON|HOME_STRONG|1.30|P8
v22;LAST5;HOME_STRONG;1.6;6;263;379;142;521;72.7447;103;39;142;72.5352;223;89;312;71.4744;156;53;209;74.6411;282;106;388;72.6804;2026-08-06;0.0449;-1.1165;-0.4852;v22|LAST5|HOME_STRONG|1.60|P6
v22;SEASON;AT_LEAST_ONE_STRONG;1.6;11;354;266;95;361;73.6842;216;86;302;71.5232;166;61;227;73.1278;100;34;134;74.6269;197;72;269;73.2342;2026-08-06;0.9844;-1.1307;0.0686;v22|SEASON|AT_LEAST_ONE_STRONG|1.60|P11
v22;SEASON;AT_LEAST_ONE_STRONG;1.6;12;354;258;94;352;73.2955;224;87;311;72.0257;161;61;222;72.5225;97;33;130;74.6154;191;71;262;72.9008;2026-08-06;0.5957;-1.1422;-0.2648;v22|SEASON|AT_LEAST_ONE_STRONG|1.60|P12
v22;LAST5;HOME_STRONG;1.6;11;263;331;123;454;72.9075;151;58;209;72.2488;196;77;273;71.7949;135;46;181;74.5856;251;92;343;73.1778;2026-08-06;0.2077;-1.172;0.0122;v22|LAST5|HOME_STRONG|1.60|P11
v22;SEASON;AT_LEAST_ONE_STRONG;1.6;8;354;294;106;400;73.5;188;75;263;71.4829;177;66;243;72.8395;117;40;157;74.5223;218;80;298;73.1544;2026-08-06;0.8002;-1.2353;-0.0112;v22|SEASON|AT_LEAST_ONE_STRONG|1.60|P8
v22;SEASON;AT_LEAST_ONE_STRONG;1.6;9;354;278;103;381;72.9659;204;78;282;72.3404;170;66;236;72.0339;108;37;145;74.4828;206;78;284;72.5352;2026-08-06;0.2661;-1.2748;-0.6304;v22|SEASON|AT_LEAST_ONE_STRONG|1.60|P9
v22;SEASON;HOME_STRONG;1.4;8;124;408;160;568;71.831;74;21;95;77.8947;242;103;345;70.1449;166;57;223;74.4395;297;115;412;72.0874;2026-08-06;-0.8688;-1.3181;-1.0782;v22|SEASON|HOME_STRONG|1.40|P8
v22;LAST5;HOME_STRONG;1.6;15;263;308;115;423;72.8132;174;66;240;72.5;186;73;259;71.8147;122;42;164;74.3902;234;87;321;72.8972;2026-08-06;0.1134;-1.3674;-0.2684;v22|LAST5|HOME_STRONG|1.60|P15
v22;SEASON;AT_LEAST_ONE_STRONG;1.6;15;354;237;85;322;73.6025;245;96;341;71.8475;150;55;205;73.1707;87;30;117;74.359;175;67;242;72.314;2026-08-06;0.9027;-1.3986;-0.8516;v22|SEASON|AT_LEAST_ONE_STRONG|1.60|P15
v22;LAST5;HOME_STRONG;1.6;12;263;327;121;448;72.9911;155;60;215;72.093;194;75;269;72.119;133;46;179;74.3017;248;91;339;73.1563;2026-08-06;0.2913;-1.4559;-0.0093;v22|LAST5|HOME_STRONG|1.60|P12
v22;LAST5;HOME_STRONG;1.6;13;263;322;119;441;73.0159;160;62;222;72.0721;192;74;266;72.1805;130;45;175;74.2857;244;91;335;72.8358;2026-08-06;0.3161;-1.4719;-0.3298;v22|LAST5|HOME_STRONG|1.60|P13
v22;LAST5;HOME_STRONG;1.6;7;263;368;138;506;72.7273;114;43;157;72.6115;218;86;304;71.7105;150;52;202;74.2574;275;103;378;72.7513;2026-08-06;0.0275;-1.5002;-0.4143;v22|LAST5|HOME_STRONG|1.60|P7
v22;LAST5;HOME_STRONG;1.6;14;263;314;118;432;72.6852;168;63;231;72.7273;188;74;262;71.7557;126;44;170;74.1176;240;90;330;72.7273;2026-08-06;-0.0146;-1.64;-0.4383;v22|LAST5|HOME_STRONG|1.60|P14
v22;LAST5;HOME_STRONG;1.6;9;263;341;131;472;72.2458;141;50;191;73.822;201;82;283;71.0247;140;49;189;74.0741;257;99;356;72.191;2026-08-06;-0.454;-1.6835;-0.9746;v22|LAST5|HOME_STRONG|1.60|P9
v22;LAST5;HOME_STRONG;1.6;8;263;354;136;490;72.2449;128;45;173;73.9884;209;84;293;71.3311;145;52;197;73.6041;264;102;366;72.1311;2026-08-06;-0.4549;-2.1535;-1.0345;v22|LAST5|HOME_STRONG|1.60|P8
v25;LAST5;AWAY_STRONG;1.6;13;265;332;94;426;77.9343;150;87;237;63.2911;196;66;262;74.8092;136;28;164;82.9268;245;67;312;78.5256;2026-08-06;5.2345;7.1692;5.36;v25|LAST5|AWAY_STRONG|1.60|P13
v25;LAST5;AWAY_STRONG;1.6;15;265;321;90;411;78.1022;161;91;252;63.8889;191;63;254;75.1969;130;27;157;82.8025;238;64;302;78.8079;2026-08-06;5.4024;7.0449;5.6423;v25|LAST5|AWAY_STRONG|1.60|P15
v25;LAST5;AWAY_STRONG;1.6;14;265;326;92;418;77.9904;156;89;245;63.6735;194;64;258;75.1938;132;28;160;82.5;243;65;308;78.8961;2026-08-06;5.2906;6.7424;5.7305;v25|LAST5|AWAY_STRONG|1.60|P14
v25;LAST5;AWAY_STRONG;1.6;12;265;337;97;434;77.6498;145;84;229;63.3188;198;67;265;74.717;139;30;169;82.2485;250;69;319;78.3699;2026-08-06;4.95;6.4909;5.2043;v25|LAST5|AWAY_STRONG|1.60|P12
v25;LAST5;AT_LEAST_ONE_STRONG;1.6;15;431;207;58;265;78.1132;275;123;398;69.0955;131;41;172;76.1628;76;17;93;81.7204;158;46;204;77.451;2026-08-06;5.4134;5.9628;4.2854;v25|LAST5|AT_LEAST_ONE_STRONG|1.60|P15
v25;LAST5;AWAY_STRONG;1.6;11;265;345;101;446;77.3543;137;80;217;63.1336;202;68;270;74.8148;143;33;176;81.25;257;72;329;78.1155;2026-08-06;4.6545;5.4924;4.9499;v25|LAST5|AWAY_STRONG|1.60|P11
v25;LAST5;AWAY_STRONG;1.6;10;265;349;104;453;77.0419;133;77;210;63.3333;202;70;272;74.2647;147;34;181;81.2155;260;75;335;77.6119;2026-08-06;4.3421;5.4579;4.4463;v25|LAST5|AWAY_STRONG|1.60|P10
v25;LAST5;AT_LEAST_ONE_STRONG;1.6;13;431;226;66;292;77.3973;256;115;371;69.0027;139;45;184;75.5435;87;21;108;80.5556;173;53;226;76.5487;2026-08-06;4.6975;4.798;3.3831;v25|LAST5|AT_LEAST_ONE_STRONG|1.60|P13
v25;LAST5;AWAY_STRONG;1.6;9;265;354;109;463;76.4579;128;72;200;64.0;205;73;278;73.741;149;36;185;80.5405;263;80;343;76.6764;2026-08-06;3.7581;4.7829;3.5108;v25|LAST5|AWAY_STRONG|1.60|P9
v25;LAST5;AWAY_STRONG;1.6;7;265;375;119;494;75.9109;107;62;169;63.3136;217;80;297;73.064;158;39;197;80.203;278;85;363;76.584;2026-08-06;3.2111;4.4454;3.4184;v25|LAST5|AWAY_STRONG|1.60|P7
v25;LAST5;AT_LEAST_ONE_STRONG;1.6;14;431;216;63;279;77.4194;266;118;384;69.2708;135;43;178;75.8427;81;20;101;80.198;167;50;217;76.9585;2026-08-06;4.7196;4.4404;3.7929;v25|LAST5|AT_LEAST_ONE_STRONG|1.60|P14
v25;LAST5;AWAY_STRONG;1.6;6;265;385;125;510;75.4902;97;56;153;63.3987;221;84;305;72.459;164;41;205;80.0;282;90;372;75.8065;2026-08-06;2.7904;4.2424;2.6409;v25|LAST5|AWAY_STRONG|1.60|P6
v25;LAST5;AWAY_STRONG;1.6;8;265;365;113;478;76.3598;117;68;185;63.2432;210;74;284;73.9437;155;39;194;79.8969;272;83;355;76.6197;2026-08-06;3.66;4.1393;3.4541;v25|LAST5|AWAY_STRONG|1.60|P8
v25;LAST5;AWAY_STRONG;1.6;5;265;403;133;536;75.1866;79;48;127;62.2047;231;89;320;72.1875;172;44;216;79.6296;295;95;390;75.641;2026-08-06;2.4868;3.872;2.4754;v25|LAST5|AWAY_STRONG|1.60|P5
v25;LAST5;AT_LEAST_ONE_STRONG;1.6;12;431;236;71;307;76.873;246;110;356;69.1011;143;47;190;75.2632;93;24;117;79.4872;182;55;237;76.7932;2026-08-06;4.1732;3.7296;3.6276;v25|LAST5|AT_LEAST_ONE_STRONG|1.60|P12
v25;LAST5;AWAY_STRONG;1.6;4;265;416;140;556;74.8201;66;41;107;61.6822;240;94;334;71.8563;176;46;222;79.2793;303;99;402;75.3731;2026-08-06;2.1203;3.5217;2.2075;v25|LAST5|AWAY_STRONG|1.60|P4
v25;LAST5;AWAY_STRONG;1.4;15;191;365;116;481;75.8836;117;65;182;64.2857;220;78;298;73.8255;145;38;183;79.235;270;85;355;76.0563;2026-08-06;3.1838;3.4774;2.8907;v25|LAST5|AWAY_STRONG|1.40|P15
v25;LAST5;AWAY_STRONG;1.5;15;191;365;116;481;75.8836;117;65;182;64.2857;220;78;298;73.8255;145;38;183;79.235;270;85;355;76.0563;2026-08-06;3.1838;3.4774;2.8907;v25|LAST5|AWAY_STRONG|1.50|P15
v25;LAST5;AWAY_STRONG;1.4;13;191;372;120;492;75.6098;110;61;171;64.3275;224;81;305;73.4426;148;39;187;79.1444;273;88;361;75.6233;2026-08-06;2.91;3.3868;2.4577;v25|LAST5|AWAY_STRONG|1.40|P13
v25;LAST5;AWAY_STRONG;1.5;13;191;372;120;492;75.6098;110;61;171;64.3275;224;81;305;73.4426;148;39;187;79.1444;273;88;361;75.6233;2026-08-06;2.91;3.3868;2.4577;v25|LAST5|AWAY_STRONG|1.50|P13
v25;LAST5;AWAY_STRONG;1.6;3;265;428;150;578;74.0484;54;31;85;63.5294;248;102;350;70.8571;180;48;228;78.9474;310;104;414;74.8792;2026-08-06;1.3486;3.1898;1.7136;v25|LAST5|AWAY_STRONG|1.60|P3
v25;LAST5;AWAY_STRONG;1.4;14;191;367;118;485;75.6701;115;63;178;64.6067;222;79;301;73.7542;145;39;184;78.8043;272;86;358;75.9777;2026-08-06;2.9703;3.0467;2.8121;v25|LAST5|AWAY_STRONG|1.40|P14
v25;LAST5;AWAY_STRONG;1.5;14;191;367;118;485;75.6701;115;63;178;64.6067;222;79;301;73.7542;145;39;184;78.8043;272;86;358;75.9777;2026-08-06;2.9703;3.0467;2.8121;v25|LAST5|AWAY_STRONG|1.50|P14
v25;LAST5;AT_LEAST_ONE_STRONG;1.6;3;431;400;141;541;73.9372;82;40;122;67.2131;229;95;324;70.679;171;46;217;78.8018;295;101;396;74.4949;2026-08-06;1.2374;3.0442;1.3293;v25|LAST5|AT_LEAST_ONE_STRONG|1.60|P3
v25;LAST5;AT_LEAST_ONE_STRONG;1.6;10;431;253;80;333;75.976;229;101;330;69.3939;149;52;201;74.1294;104;28;132;78.7879;197;61;258;76.3566;2026-08-06;3.2762;3.0303;3.191;v25|LAST5|AT_LEAST_ONE_STRONG|1.60|P10
v25;LAST5;AT_LEAST_ONE_STRONG;1.6;5;431;352;119;471;74.7346;130;62;192;67.7083;201;78;279;72.043;151;41;192;78.6458;262;88;350;74.8571;2026-08-06;2.0348;2.8882;1.6915;v25|LAST5|AT_LEAST_ONE_STRONG|1.60|P5
v25;LAST5;AT_LEAST_ONE_STRONG;1.6;11;431;247;76;323;76.4706;235;105;340;69.1176;148;49;197;75.1269;99;27;126;78.5714;192;58;250;76.8;2026-08-06;3.7708;2.8138;3.6344;v25|LAST5|AT_LEAST_ONE_STRONG|1.60|P11
v25;LAST5;AT_LEAST_ONE_STRONG;1.6;2;431;419;149;568;73.7676;63;32;95;66.3158;240;100;340;70.5882;179;49;228;78.5088;305;107;412;74.0291;2026-08-06;1.0678;2.7512;0.8635;v25|LAST5|AT_LEAST_ONE_STRONG|1.60|P2
v25;LAST5;AWAY_STRONG;1.6;2;265;440;156;596;73.8255;42;25;67;62.6866;254;105;359;70.7521;186;51;237;78.481;317;109;426;74.4131;2026-08-06;1.1257;2.7234;1.2475;v25|LAST5|AWAY_STRONG|1.60|P2
v25;LAST5;AWAY_STRONG;1.4;12;191;374;122;496;75.4032;108;59;167;64.6707;225;81;306;73.5294;149;41;190;78.4211;275;90;365;75.3425;2026-08-06;2.7034;2.6635;2.1769;v25|LAST5|AWAY_STRONG|1.40|P12
v25;LAST5;AWAY_STRONG;1.5;12;191;374;122;496;75.4032;108;59;167;64.6707;225;81;306;73.5294;149;41;190;78.4211;275;90;365;75.3425;2026-08-06;2.7034;2.6635;2.1769;v25|LAST5|AWAY_STRONG|1.50|P12
v25;LAST5;AWAY_STRONG;1.4;10;191;383;125;508;75.3937;99;56;155;63.871;227;82;309;73.4628;156;43;199;78.392;283;92;375;75.4667;2026-08-06;2.6939;2.6344;2.3011;v25|LAST5|AWAY_STRONG|1.40|P10
v25;LAST5;AWAY_STRONG;1.5;10;191;383;125;508;75.3937;99;56;155;63.871;227;82;309;73.4628;156;43;199;78.392;283;92;375;75.4667;2026-08-06;2.6939;2.6344;2.3011;v25|LAST5|AWAY_STRONG|1.50|P10
v25;LAST5;AWAY_STRONG;1.4;6;191;409;140;549;74.4991;73;41;114;64.0351;239;93;332;71.988;170;47;217;78.341;298;103;401;74.3142;2026-08-06;1.7993;2.5834;1.1486;v25|LAST5|AWAY_STRONG|1.40|P6
v25;LAST5;AWAY_STRONG;1.5;6;191;409;140;549;74.4991;73;41;114;64.0351;239;93;332;71.988;170;47;217;78.341;298;103;401;74.3142;2026-08-06;1.7993;2.5834;1.1486;v25|LAST5|AWAY_STRONG|1.50|P6
v25;LAST5;AT_LEAST_ONE_STRONG;1.6;4;431;372;129;501;74.2515;110;52;162;67.9012;213;85;298;71.4765;159;44;203;78.3251;275;94;369;74.5257;2026-08-06;1.5517;2.5675;1.3601;v25|LAST5|AT_LEAST_ONE_STRONG|1.60|P4
v25;LAST5;AWAY_STRONG;1.4;7;191;402;136;538;74.7212;80;45;125;64.0;236;90;326;72.3926;166;46;212;78.3019;295;100;395;74.6835;2026-08-06;2.0214;2.5443;1.5179;v25|LAST5|AWAY_STRONG|1.40|P7
v25;LAST5;AWAY_STRONG;1.5;7;191;402;136;538;74.7212;80;45;125;64.0;236;90;326;72.3926;166;46;212;78.3019;295;100;395;74.6835;2026-08-06;2.0214;2.5443;1.5179;v25|LAST5|AWAY_STRONG|1.50|P7
v25;LAST5;AT_LEAST_ONE_STRONG;1.6;6;431;324;109;433;74.8268;158;72;230;68.6957;187;71;258;72.4806;137;38;175;78.2857;244;82;326;74.8466;2026-08-06;2.127;2.5281;1.681;v25|LAST5|AT_LEAST_ONE_STRONG|1.60|P6
v25;LAST5;AT_LEAST_ONE_STRONG;1.6;7;431;305;100;405;75.3086;177;81;258;68.6047;179;65;244;73.3607;126;35;161;78.2609;233;75;308;75.6494;2026-08-06;2.6088;2.5033;2.4838;v25|LAST5|AT_LEAST_ONE_STRONG|1.60|P7
v25;LAST5;AWAY_STRONG;1.4;9;191;387;128;515;75.1456;95;53;148;64.1892;229;84;313;73.1629;158;44;202;78.2178;285;95;380;75.0;2026-08-06;2.4458;2.4602;1.8344;v25|LAST5|AWAY_STRONG|1.40|P9
v25;LAST5;AWAY_STRONG;1.5;9;191;387;128;515;75.1456;95;53;148;64.1892;229;84;313;73.1629;158;44;202;78.2178;285;95;380;75.0;2026-08-06;2.4458;2.4602;1.8344;v25|LAST5|AWAY_STRONG|1.50|P9
v25;LAST5;AWAY_STRONG;1.4;5;191;424;145;569;74.5167;58;36;94;61.7021;246;95;341;72.1408;178;50;228;78.0702;310;105;415;74.6988;2026-08-06;1.8169;2.3126;1.5332;v25|LAST5|AWAY_STRONG|1.40|P5
v25;LAST5;AWAY_STRONG;1.5;5;191;424;145;569;74.5167;58;36;94;61.7021;246;95;341;72.1408;178;50;228;78.0702;310;105;415;74.6988;2026-08-06;1.8169;2.3126;1.5332;v25|LAST5|AWAY_STRONG|1.50|P5
v25;LAST5;AWAY_STRONG;1.0;12;81;437;152;589;74.1935;45;29;74;60.8108;259;102;361;71.7452;178;50;228;78.0702;318;112;430;73.9535;2026-08-06;1.4937;2.3126;0.7879;v25|LAST5|AWAY_STRONG|1.00|P12
v25;LAST5;AWAY_STRONG;1.1;12;81;437;152;589;74.1935;45;29;74;60.8108;259;102;361;71.7452;178;50;228;78.0702;318;112;430;73.9535;2026-08-06;1.4937;2.3126;0.7879;v25|LAST5|AWAY_STRONG|1.10|P12
v25;LAST5;AT_LEAST_ONE_STRONG;1.4;3;336;419;150;569;73.638;63;31;94;67.0213;241;100;341;70.6745;178;50;228;78.0702;308;108;416;74.0385;2026-08-06;0.9382;2.3126;0.8729;v25|LAST5|AT_LEAST_ONE_STRONG|1.40|P3
v25;LAST5;AT_LEAST_ONE_STRONG;1.5;3;336;419;150;569;73.638;63;31;94;67.0213;241;100;341;70.6745;178;50;228;78.0702;308;108;416;74.0385;2026-08-06;0.9382;2.3126;0.8729;v25|LAST5|AT_LEAST_ONE_STRONG|1.50|P3
v25;LAST5;AT_LEAST_ONE_STRONG;1.0;14;155;386;133;519;74.3738;96;48;144;66.6667;230;89;319;72.1003;156;44;200;78.0;287;100;387;74.1602;2026-08-06;1.674;2.2424;0.9946;v25|LAST5|AT_LEAST_ONE_STRONG|1.00|P14
v25;LAST5;AT_LEAST_ONE_STRONG;1.1;14;155;386;133;519;74.3738;96;48;144;66.6667;230;89;319;72.1003;156;44;200;78.0;287;100;387;74.1602;2026-08-06;1.674;2.2424;0.9946;v25|LAST5|AT_LEAST_ONE_STRONG|1.10|P14
v25;LAST5;AWAY_STRONG;1.4;8;191;394;131;525;75.0476;88;50;138;63.7681;231;85;316;73.1013;163;46;209;77.9904;291;98;389;74.8072;2026-08-06;2.3478;2.2328;1.6416;v25|LAST5|AWAY_STRONG|1.40|P8
v25;LAST5;AWAY_STRONG;1.5;8;191;394;131;525;75.0476;88;50;138;63.7681;231;85;316;73.1013;163;46;209;77.9904;291;98;389;74.8072;2026-08-06;2.3478;2.2328;1.6416;v25|LAST5|AWAY_STRONG|1.50|P8
v25;LAST5;AWAY_STRONG;1.0;15;81;434;151;585;74.188;48;30;78;61.5385;257;101;358;71.7877;177;50;227;77.9736;316;112;428;73.8318;2026-08-06;1.4882;2.216;0.6662;v25|LAST5|AWAY_STRONG|1.00|P15
v25;LAST5;AWAY_STRONG;1.1;15;81;434;151;585;74.188;48;30;78;61.5385;257;101;358;71.7877;177;50;227;77.9736;316;112;428;73.8318;2026-08-06;1.4882;2.216;0.6662;v25|LAST5|AWAY_STRONG|1.10|P15
v25;LAST5;AWAY_STRONG;1.0;13;81;436;152;588;74.1497;46;29;75;61.3333;259;102;361;71.7452;177;50;227;77.9736;317;112;429;73.8928;2026-08-06;1.4499;2.216;0.7272;v25|LAST5|AWAY_STRONG|1.00|P13
v25;LAST5;AWAY_STRONG;1.1;13;81;436;152;588;74.1497;46;29;75;61.3333;259;102;361;71.7452;177;50;227;77.9736;317;112;429;73.8928;2026-08-06;1.4499;2.216;0.7272;v25|LAST5|AWAY_STRONG|1.10|P13
v25;LAST5;AWAY_STRONG;1.0;14;81;435;152;587;74.1056;47;29;76;61.8421;258;102;360;71.6667;177;50;227;77.9736;317;112;429;73.8928;2026-08-06;1.4058;2.216;0.7272;v25|LAST5|AWAY_STRONG|1.00|P14
v25;LAST5;AWAY_STRONG;1.1;14;81;435;152;587;74.1056;47;29;76;61.8421;258;102;360;71.6667;177;50;227;77.9736;317;112;429;73.8928;2026-08-06;1.4058;2.216;0.7272;v25|LAST5|AWAY_STRONG|1.10|P14
v25;LAST5;AT_LEAST_ONE_STRONG;1.4;15;336;265;83;348;76.1494;217;98;315;68.8889;166;55;221;75.1131;99;28;127;77.9528;201;66;267;75.2809;2026-08-06;3.4496;2.1952;2.1153;v25|LAST5|AT_LEAST_ONE_STRONG|1.40|P15
v25;LAST5;AT_LEAST_ONE_STRONG;1.5;15;336;265;83;348;76.1494;217;98;315;68.8889;166;55;221;75.1131;99;28;127;77.9528;201;66;267;75.2809;2026-08-06;3.4496;2.1952;2.1153;v25|LAST5|AT_LEAST_ONE_STRONG|1.50|P15
v25;LAST5;AWAY_STRONG;1.4;11;191;379;124;503;75.3479;103;57;160;64.375;227;81;308;73.7013;152;43;195;77.9487;280;91;371;75.4717;2026-08-06;2.6481;2.1911;2.3061;v25|LAST5|AWAY_STRONG|1.40|P11
v25;LAST5;AWAY_STRONG;1.5;11;191;379;124;503;75.3479;103;57;160;64.375;227;81;308;73.7013;152;43;195;77.9487;280;91;371;75.4717;2026-08-06;2.6481;2.1911;2.3061;v25|LAST5|AWAY_STRONG|1.50|P11
v25;LAST5;AT_LEAST_ONE_STRONG;1.4;13;336;279;89;368;75.8152;203;92;295;68.8136;173;59;232;74.569;106;30;136;77.9412;211;71;282;74.8227;2026-08-06;3.1154;2.1836;1.6571;v25|LAST5|AT_LEAST_ONE_STRONG|1.40|P13
v25;LAST5;AT_LEAST_ONE_STRONG;1.5;13;336;279;89;368;75.8152;203;92;295;68.8136;173;59;232;74.569;106;30;136;77.9412;211;71;282;74.8227;2026-08-06;3.1154;2.1836;1.6571;v25|LAST5|AT_LEAST_ONE_STRONG|1.50|P13
v25;LAST5;AT_LEAST_ONE_STRONG;1.4;5;336;376;131;507;74.1617;106;50;156;67.9487;217;86;303;71.6172;159;45;204;77.9412;280;97;377;74.2706;2026-08-06;1.4619;2.1836;1.105;v25|LAST5|AT_LEAST_ONE_STRONG|1.40|P5
v25;LAST5;AT_LEAST_ONE_STRONG;1.5;5;336;376;131;507;74.1617;106;50;156;67.9487;217;86;303;71.6172;159;45;204;77.9412;280;97;377;74.2706;2026-08-06;1.4619;2.1836;1.105;v25|LAST5|AT_LEAST_ONE_STRONG|1.50|P5
v25;LAST5;AWAY_STRONG;1.0;7;81;443;158;601;73.7105;39;23;62;62.9032;260;106;366;71.0383;183;52;235;77.8723;323;117;440;73.4091;2026-08-06;1.0107;2.1147;0.2435;v25|LAST5|AWAY_STRONG|1.00|P7
v25;LAST5;AWAY_STRONG;1.1;7;81;443;158;601;73.7105;39;23;62;62.9032;260;106;366;71.0383;183;52;235;77.8723;323;117;440;73.4091;2026-08-06;1.0107;2.1147;0.2435;v25|LAST5|AWAY_STRONG|1.10|P7
v25;LAST5;AT_LEAST_ONE_STRONG;1.4;2;336;432;156;588;73.4694;50;25;75;66.6667;249;104;353;70.5382;183;52;235;77.8723;314;113;427;73.5363;2026-08-06;0.7696;2.1147;0.3707;v25|LAST5|AT_LEAST_ONE_STRONG|1.40|P2
v25;LAST5;AT_LEAST_ONE_STRONG;1.5;2;336;432;156;588;73.4694;50;25;75;66.6667;249;104;353;70.5382;183;52;235;77.8723;314;113;427;73.5363;2026-08-06;0.7696;2.1147;0.3707;v25|LAST5|AT_LEAST_ONE_STRONG|1.50|P2
v25;LAST5;AT_LEAST_ONE_STRONG;1.4;14;336;271;86;357;75.9104;211;95;306;68.9542;169;57;226;74.7788;102;29;131;77.8626;207;68;275;75.2727;2026-08-06;3.2106;2.105;2.1071;v25|LAST5|AT_LEAST_ONE_STRONG|1.40|P14
v25;LAST5;AT_LEAST_ONE_STRONG;1.5;14;336;271;86;357;75.9104;211;95;306;68.9542;169;57;226;74.7788;102;29;131;77.8626;207;68;275;75.2727;2026-08-06;3.2106;2.105;2.1071;v25|LAST5|AT_LEAST_ONE_STRONG|1.50|P14
v25;SEASON;AT_LEAST_ONE_STRONG;1.5;14;295;280;103;383;73.107;202;78;280;72.1429;164;70;234;70.0855;116;33;149;77.8523;207;77;284;72.8873;2026-08-06;0.4072;2.0947;-0.2783;v25|SEASON|AT_LEAST_ONE_STRONG|1.50|P14
v25;LAST5;AT_LEAST_ONE_STRONG;1.2;14;241;326;114;440;74.0909;156;67;223;69.9552;196;77;273;71.7949;130;37;167;77.8443;246;89;335;73.4328;2026-08-06;1.3911;2.0867;0.2672;v25|LAST5|AT_LEAST_ONE_STRONG|1.20|P14
v25;LAST5;AT_LEAST_ONE_STRONG;1.3;14;241;326;114;440;74.0909;156;67;223;69.9552;196;77;273;71.7949;130;37;167;77.8443;246;89;335;73.4328;2026-08-06;1.3911;2.0867;0.2672;v25|LAST5|AT_LEAST_ONE_STRONG|1.30|P14
v25;LAST5;AWAY_STRONG;1.2;12;128;404;142;546;73.9927;78;39;117;66.6667;239;95;334;71.5569;165;47;212;77.8302;298;107;405;73.5802;2026-08-06;1.2929;2.0726;0.4146;v25|LAST5|AWAY_STRONG|1.20|P12
v25;LAST5;AWAY_STRONG;1.3;12;128;404;142;546;73.9927;78;39;117;66.6667;239;95;334;71.5569;165;47;212;77.8302;298;107;405;73.5802;2026-08-06;1.2929;2.0726;0.4146;v25|LAST5|AWAY_STRONG|1.30|P12
v25;LAST5;AWAY_STRONG;1.0;11;81;438;153;591;74.1117;44;28;72;61.1111;259;102;361;71.7452;179;51;230;77.8261;319;113;432;73.8426;2026-08-06;1.4119;2.0685;0.677;v25|LAST5|AWAY_STRONG|1.00|P11
v25;LAST5;AWAY_STRONG;1.1;11;81;438;153;591;74.1117;44;28;72;61.1111;259;102;361;71.7452;179;51;230;77.8261;319;113;432;73.8426;2026-08-06;1.4119;2.0685;0.677;v25|LAST5|AWAY_STRONG|1.10|P11
v25;LAST5;AWAY_STRONG;1.0;10;81;438;154;592;73.9865;44;27;71;61.9718;259;103;362;71.547;179;51;230;77.8261;319;114;433;73.6721;2026-08-06;1.2867;2.0685;0.5065;v25|LAST5|AWAY_STRONG|1.00|P10
v25;LAST5;AWAY_STRONG;1.1;10;81;438;154;592;73.9865;44;27;71;61.9718;259;103;362;71.547;179;51;230;77.8261;319;114;433;73.6721;2026-08-06;1.2867;2.0685;0.5065;v25|LAST5|AWAY_STRONG|1.10|P10
v25;LAST5;AWAY_STRONG;1.0;9;81;438;155;593;73.8617;44;26;70;62.8571;259;104;363;71.3499;179;51;230;77.8261;319;115;434;73.5023;2026-08-06;1.1619;2.0685;0.3367;v25|LAST5|AWAY_STRONG|1.00|P9
v25;LAST5;AWAY_STRONG;1.1;9;81;438;155;593;73.8617;44;26;70;62.8571;259;104;363;71.3499;179;51;230;77.8261;319;115;434;73.5023;2026-08-06;1.1619;2.0685;0.3367;v25|LAST5|AWAY_STRONG|1.10|P9
v25;LAST5;AT_LEAST_ONE_STRONG;1.4;6;336;354;124;478;74.0586;128;57;185;69.1892;207;82;289;71.6263;147;42;189;77.7778;264;94;358;73.743;2026-08-06;1.3588;2.0202;0.5774;v25|LAST5|AT_LEAST_ONE_STRONG|1.40|P6
v25;LAST5;AT_LEAST_ONE_STRONG;1.5;6;336;354;124;478;74.0586;128;57;185;69.1892;207;82;289;71.6263;147;42;189;77.7778;264;94;358;73.743;2026-08-06;1.3588;2.0202;0.5774;v25|LAST5|AT_LEAST_ONE_STRONG|1.50|P6
v25;LAST5;AT_LEAST_ONE_STRONG;1.0;15;155;383;131;514;74.5136;99;50;149;66.443;229;87;316;72.4684;154;44;198;77.7778;284;99;383;74.1514;2026-08-06;1.8138;2.0202;0.9858;v25|LAST5|AT_LEAST_ONE_STRONG|1.00|P15
v25;LAST5;AT_LEAST_ONE_STRONG;1.1;15;155;383;131;514;74.5136;99;50;149;66.443;229;87;316;72.4684;154;44;198;77.7778;284;99;383;74.1514;2026-08-06;1.8138;2.0202;0.9858;v25|LAST5|AT_LEAST_ONE_STRONG|1.10|P15
v25;SEASON;AWAY_STRONG;1.5;7;163;404;138;542;74.5387;78;43;121;64.4628;236;90;326;72.3926;168;48;216;77.7778;292;98;390;74.8718;2026-08-06;1.8389;2.0202;1.7062;v25|SEASON|AWAY_STRONG|1.50|P7
v25;LAST5;AWAY_STRONG;1.4;4;191;437;151;588;74.3197;45;30;75;60.0;255;99;354;72.0339;182;52;234;77.7778;318;108;426;74.6479;2026-08-06;1.6199;2.0202;1.4823;v25|LAST5|AWAY_STRONG|1.40|P4
v25;LAST5;AWAY_STRONG;1.5;4;191;437;151;588;74.3197;45;30;75;60.0;255;99;354;72.0339;182;52;234;77.7778;318;108;426;74.6479;2026-08-06;1.6199;2.0202;1.4823;v25|LAST5|AWAY_STRONG|1.50|P4
v25;LAST5;AWAY_STRONG;1.0;6;81;448;159;607;73.8056;34;22;56;60.7143;263;106;369;71.2737;185;53;238;77.7311;325;118;443;73.3634;2026-08-06;1.1058;1.9735;0.1978;v25|LAST5|AWAY_STRONG|1.00|P6
v25;LAST5;AWAY_STRONG;1.1;6;81;448;159;607;73.8056;34;22;56;60.7143;263;106;369;71.2737;185;53;238;77.7311;325;118;443;73.3634;2026-08-06;1.1058;1.9735;0.1978;v25|LAST5|AWAY_STRONG|1.10|P6
v25;LAST5;AWAY_STRONG;1.2;13;128;402;142;544;73.8971;80;39;119;67.2269;238;95;333;71.4715;164;47;211;77.7251;296;107;403;73.4491;2026-08-06;1.1973;1.9675;0.2835;v25|LAST5|AWAY_STRONG|1.20|P13
v25;LAST5;AWAY_STRONG;1.3;13;128;402;142;544;73.8971;80;39;119;67.2269;238;95;333;71.4715;164;47;211;77.7251;296;107;403;73.4491;2026-08-06;1.1973;1.9675;0.2835;v25|LAST5|AWAY_STRONG|1.30|P13
v25;LAST5;AWAY_STRONG;1.0;8;81;441;156;597;73.8693;41;25;66;62.1212;260;104;364;71.4286;181;52;233;77.6824;321;116;437;73.4554;2026-08-06;1.1695;1.9248;0.2898;v25|LAST5|AWAY_STRONG|1.00|P8
v25;LAST5;AWAY_STRONG;1.1;8;81;441;156;597;73.8693;41;25;66;62.1212;260;104;364;71.4286;181;52;233;77.6824;321;116;437;73.4554;2026-08-06;1.1695;1.9248;0.2898;v25|LAST5|AWAY_STRONG|1.10|P8
v25;LAST5;AT_LEAST_ONE_STRONG;1.0;6;155;417;148;565;73.8053;65;33;98;66.3265;243;98;341;71.261;174;50;224;77.6786;308;111;419;73.5084;2026-08-06;1.1055;1.921;0.3428;v25|LAST5|AT_LEAST_ONE_STRONG|1.00|P6
v25;LAST5;AT_LEAST_ONE_STRONG;1.1;6;155;417;148;565;73.8053;65;33;98;66.3265;243;98;341;71.261;174;50;224;77.6786;308;111;419;73.5084;2026-08-06;1.1055;1.921;0.3428;v25|LAST5|AT_LEAST_ONE_STRONG|1.10|P6
v25;LAST5;AT_LEAST_ONE_STRONG;1.4;4;336;396;140;536;73.8806;86;41;127;67.7165;229;92;321;71.3396;167;48;215;77.6744;293;102;395;74.1772;2026-08-06;1.1808;1.9168;1.0116;v25|LAST5|AT_LEAST_ONE_STRONG|1.40|P4
v25;LAST5;AT_LEAST_ONE_STRONG;1.5;4;336;396;140;536;73.8806;86;41;127;67.7165;229;92;321;71.3396;167;48;215;77.6744;293;102;395;74.1772;2026-08-06;1.1808;1.9168;1.0116;v25|LAST5|AT_LEAST_ONE_STRONG|1.50|P4
v25;LAST5;AT_LEAST_ONE_STRONG;1.4;7;336;340;116;456;74.5614;142;65;207;68.599;201;76;277;72.5632;139;40;179;77.6536;256;88;344;74.4186;2026-08-06;1.8616;1.896;1.253;v25|LAST5|AT_LEAST_ONE_STRONG|1.40|P7
v25;LAST5;AT_LEAST_ONE_STRONG;1.5;7;336;340;116;456;74.5614;142;65;207;68.599;201;76;277;72.5632;139;40;179;77.6536;256;88;344;74.4186;2026-08-06;1.8616;1.896;1.253;v25|LAST5|AT_LEAST_ONE_STRONG|1.50|P7
v25;LAST5;AWAY_STRONG;1.4;3;191;444;158;602;73.7542;38;23;61;62.2951;260;105;365;71.2329;184;53;237;77.6371;320;111;431;74.2459;2026-08-06;1.0544;1.8795;1.0803;v25|LAST5|AWAY_STRONG|1.40|P3
v25;LAST5;AWAY_STRONG;1.5;3;191;444;158;602;73.7542;38;23;61;62.2951;260;105;365;71.2329;184;53;237;77.6371;320;111;431;74.2459;2026-08-06;1.0544;1.8795;1.0803;v25|LAST5|AWAY_STRONG|1.50|P3
v25;SEASON;AT_LEAST_ONE_STRONG;1.5;2;295;429;155;584;73.4589;53;26;79;67.0886;245;102;347;70.6052;184;53;237;77.6371;311;112;423;73.5225;2026-08-06;0.7591;1.8795;0.3569;v25|SEASON|AT_LEAST_ONE_STRONG|1.50|P2
v25;LAST5;AT_LEAST_ONE_STRONG;1.0;7;155;409;145;554;73.8267;73;36;109;66.9725;239;96;335;71.3433;170;49;219;77.6256;304;109;413;73.6077;2026-08-06;1.1269;1.868;0.4421;v25|LAST5|AT_LEAST_ONE_STRONG|1.00|P7
v25;LAST5;AT_LEAST_ONE_STRONG;1.1;7;155;409;145;554;73.8267;73;36;109;66.9725;239;96;335;71.3433;170;49;219;77.6256;304;109;413;73.6077;2026-08-06;1.1269;1.868;0.4421;v25|LAST5|AT_LEAST_ONE_STRONG|1.10|P7
v25;LAST5;AWAY_STRONG;1.2;9;128;411;146;557;73.7882;71;35;106;66.9811;241;97;338;71.3018;170;49;219;77.6256;303;110;413;73.3656;2026-08-06;1.0884;1.868;0.2;v25|LAST5|AWAY_STRONG|1.20|P9
v25;LAST5;AWAY_STRONG;1.3;9;128;411;146;557;73.7882;71;35;106;66.9811;241;97;338;71.3018;170;49;219;77.6256;303;110;413;73.3656;2026-08-06;1.0884;1.868;0.2;v25|LAST5|AWAY_STRONG|1.30|P9
v25;LAST5;AWAY_STRONG;1.2;15;128;399;140;539;74.026;83;41;124;66.9355;236;93;329;71.7325;163;47;210;77.619;294;106;400;73.5;2026-08-06;1.3262;1.8614;0.3344;v25|LAST5|AWAY_STRONG|1.20|P15
v25;LAST5;AWAY_STRONG;1.3;15;128;399;140;539;74.026;83;41;124;66.9355;236;93;329;71.7325;163;47;210;77.619;294;106;400;73.5;2026-08-06;1.3262;1.8614;0.3344;v25|LAST5|AWAY_STRONG|1.30|P15
v25;LAST5;AWAY_STRONG;1.2;14;128;400;141;541;73.9372;82;40;122;67.2131;237;94;331;71.6012;163;47;210;77.619;295;106;401;73.5661;2026-08-06;1.2374;1.8614;0.4005;v25|LAST5|AWAY_STRONG|1.20|P14
v25;LAST5;AWAY_STRONG;1.3;14;128;400;141;541;73.9372;82;40;122;67.2131;237;94;331;71.6012;163;47;210;77.619;295;106;401;73.5661;2026-08-06;1.2374;1.8614;0.4005;v25|LAST5|AWAY_STRONG|1.30|P14
v25;LAST5;AT_LEAST_ONE_STRONG;1.0;13;155;388;134;522;74.3295;94;47;141;66.6667;232;89;321;72.2741;156;45;201;77.6119;288;101;389;74.036;2026-08-06;1.6297;1.8543;0.8704;v25|LAST5|AT_LEAST_ONE_STRONG|1.00|P13
v25;LAST5;AT_LEAST_ONE_STRONG;1.1;13;155;388;134;522;74.3295;94;47;141;66.6667;232;89;321;72.2741;156;45;201;77.6119;288;101;389;74.036;2026-08-06;1.6297;1.8543;0.8704;v25|LAST5|AT_LEAST_ONE_STRONG|1.10|P13
v25;SEASON;AT_LEAST_ONE_STRONG;1.5;5;295;366;132;498;73.494;116;49;165;70.303;210;87;297;70.7071;156;45;201;77.6119;268;95;363;73.8292;2026-08-06;0.7942;1.8543;0.6636;v25|SEASON|AT_LEAST_ONE_STRONG|1.50|P5
v25;LAST5;BOTH_STRONG;1.6;10;97;430;149;579;74.266;52;32;84;61.9048;250;97;347;72.0461;180;52;232;77.5862;316;107;423;74.7045;2026-08-06;1.5662;1.8286;1.5389;v25|LAST5|BOTH_STRONG|1.60|P10
v25;LAST5;AT_LEAST_ONE_STRONG;1.2;15;241;323;112;435;74.2529;159;69;228;69.7368;195;75;270;72.2222;128;37;165;77.5758;243;88;331;73.4139;2026-08-06;1.5531;1.8182;0.2483;v25|LAST5|AT_LEAST_ONE_STRONG|1.20|P15
v25;LAST5;AT_LEAST_ONE_STRONG;1.3;15;241;323;112;435;74.2529;159;69;228;69.7368;195;75;270;72.2222;128;37;165;77.5758;243;88;331;73.4139;2026-08-06;1.5531;1.8182;0.2483;v25|LAST5|AT_LEAST_ONE_STRONG|1.30|P15
v25;LAST5;AT_LEAST_ONE_STRONG;1.2;13;241;330;116;446;73.991;152;65;217;70.0461;199;78;277;71.8412;131;38;169;77.5148;249;91;340;73.2353;2026-08-06;1.2912;1.7572;0.0697;v25|LAST5|AT_LEAST_ONE_STRONG|1.20|P13
v25;LAST5;AT_LEAST_ONE_STRONG;1.3;13;241;330;116;446;73.991;152;65;217;70.0461;199;78;277;71.8412;131;38;169;77.5148;249;91;340;73.2353;2026-08-06;1.2912;1.7572;0.0697;v25|LAST5|AT_LEAST_ONE_STRONG|1.30|P13
v25;LAST5;BOTH_STRONG;1.6;12;97;428;147;575;74.4348;54;34;88;61.3636;249;95;344;72.3837;179;52;231;77.4892;316;105;421;75.0594;2026-08-06;1.735;1.7316;1.8938;v25|LAST5|BOTH_STRONG|1.60|P12
v25;LAST5;BOTH_STRONG;1.6;13;97;428;147;575;74.4348;54;34;88;61.3636;249;95;344;72.3837;179;52;231;77.4892;316;105;421;75.0594;2026-08-06;1.735;1.7316;1.8938;v25|LAST5|BOTH_STRONG|1.60|P13
v25;LAST5;BOTH_STRONG;1.6;11;97;429;148;577;74.3501;53;33;86;61.6279;250;96;346;72.2543;179;52;231;77.4892;316;106;422;74.8815;2026-08-06;1.6503;1.7316;1.7159;v25|LAST5|BOTH_STRONG|1.60|P11
v25;SEASON;AT_LEAST_ONE_STRONG;1.6;5;354;353;120;473;74.63;129;61;190;67.8947;205;77;282;72.695;148;43;191;77.4869;260;88;348;74.7126;2026-08-06;1.9302;1.7293;1.547;v25|SEASON|AT_LEAST_ONE_STRONG|1.60|P5
v25;SEASON;AT_LEAST_ONE_STRONG;1.5;13;295;285;106;391;72.89;197;75;272;72.4265;168;72;240;70.0;117;34;151;77.4834;209;79;288;72.5694;2026-08-06;0.1902;1.7258;-0.5962;v25|SEASON|AT_LEAST_ONE_STRONG|1.50|P13
v25;SEASON;AWAY_STRONG;1.5;6;163;412;142;554;74.3682;70;39;109;64.2202;240;92;332;72.2892;172;50;222;77.4775;296;101;397;74.5592;2026-08-06;1.6684;1.7199;1.3936;v25|SEASON|AWAY_STRONG|1.50|P6
v25;LAST5;AT_LEAST_ONE_STRONG;1.0;12;155;391;135;526;74.3346;91;46;137;66.4234;233;89;322;72.3602;158;46;204;77.451;291;101;392;74.2347;2026-08-06;1.6348;1.6934;1.0691;v25|LAST5|AT_LEAST_ONE_STRONG|1.00|P12
v25;LAST5;AT_LEAST_ONE_STRONG;1.1;12;155;391;135;526;74.3346;91;46;137;66.4234;233;89;322;72.3602;158;46;204;77.451;291;101;392;74.2347;2026-08-06;1.6348;1.6934;1.0691;v25|LAST5|AT_LEAST_ONE_STRONG|1.10|P12
v25;LAST5;AWAY_STRONG;1.2;7;128;421;150;571;73.7303;61;31;92;66.3043;246;99;345;71.3043;175;51;226;77.4336;310;113;423;73.2861;2026-08-06;1.0305;1.676;0.1205;v25|LAST5|AWAY_STRONG|1.20|P7
v25;LAST5;AWAY_STRONG;1.3;7;128;421;150;571;73.7303;61;31;92;66.3043;246;99;345;71.3043;175;51;226;77.4336;310;113;423;73.2861;2026-08-06;1.0305;1.676;0.1205;v25|LAST5|AWAY_STRONG|1.30|P7
v25;LAST5;AT_LEAST_ONE_STRONG;1.4;10;336;300;100;400;75.0;182;81;263;69.2015;180;65;245;73.4694;120;35;155;77.4194;229;77;306;74.8366;2026-08-06;2.3002;1.6618;1.671;v25|LAST5|AT_LEAST_ONE_STRONG|1.40|P10
v25;LAST5;AT_LEAST_ONE_STRONG;1.5;10;336;300;100;400;75.0;182;81;263;69.2015;180;65;245;73.4694;120;35;155;77.4194;229;77;306;74.8366;2026-08-06;2.3002;1.6618;1.671;v25|LAST5|AT_LEAST_ONE_STRONG|1.50|P10
v25;LAST5;AWAY_STRONG;1.2;10;128;407;145;552;73.7319;75;36;111;67.5676;239;96;335;71.3433;168;49;217;77.4194;301;109;410;73.4146;2026-08-06;1.0321;1.6618;0.249;v25|LAST5|AWAY_STRONG|1.20|P10
v25;LAST5;AWAY_STRONG;1.3;10;128;407;145;552;73.7319;75;36;111;67.5676;239;96;335;71.3433;168;49;217;77.4194;301;109;410;73.4146;2026-08-06;1.0321;1.6618;0.249;v25|LAST5|AWAY_STRONG|1.30|P10
v25;SEASON;AWAY_STRONG;1.5;3;163;445;157;602;73.9203;37;24;61;60.6557;260;103;363;71.6253;185;54;239;77.4059;319;110;429;74.359;2026-08-06;1.2205;1.6483;1.1934;v25|SEASON|AWAY_STRONG|1.50|P3
v25;LAST5;AT_LEAST_ONE_STRONG;1.0;10;155;395;139;534;73.97;87;42;129;67.4419;234;92;326;71.7791;161;47;208;77.4038;295;105;400;73.75;2026-08-06;1.2702;1.6462;0.5844;v25|LAST5|AT_LEAST_ONE_STRONG|1.00|P10
v25;LAST5;AT_LEAST_ONE_STRONG;1.1;10;155;395;139;534;73.97;87;42;129;67.4419;234;92;326;71.7791;161;47;208;77.4038;295;105;400;73.75;2026-08-06;1.2702;1.6462;0.5844;v25|LAST5|AT_LEAST_ONE_STRONG|1.10|P10
v25;LAST5;AT_LEAST_ONE_STRONG;1.2;6;241;384;138;522;73.5632;98;43;141;69.5035;223;91;314;71.0191;161;47;208;77.4038;287;105;392;73.2143;2026-08-06;0.8634;1.6462;0.0487;v25|LAST5|AT_LEAST_ONE_STRONG|1.20|P6
v25;LAST5;AT_LEAST_ONE_STRONG;1.3;6;241;384;138;522;73.5632;98;43;141;69.5035;223;91;314;71.0191;161;47;208;77.4038;287;105;392;73.2143;2026-08-06;0.8634;1.6462;0.0487;v25|LAST5|AT_LEAST_ONE_STRONG|1.30|P6
v25;SEASON;AWAY_STRONG;1.5;5;163;425;148;573;74.171;57;33;90;63.3333;247;96;343;72.0117;178;52;230;77.3913;306;105;411;74.4526;2026-08-06;1.4712;1.6337;1.287;v25|SEASON|AWAY_STRONG|1.50|P5
v25;LAST5;AWAY_STRONG;1.2;6;128;427;152;579;73.7478;55;29;84;65.4762;249;100;349;71.3467;178;52;230;77.3913;312;114;426;73.2394;2026-08-06;1.048;1.6337;0.0738;v25|LAST5|AWAY_STRONG|1.20|P6
v25;LAST5;AWAY_STRONG;1.3;6;128;427;152;579;73.7478;55;29;84;65.4762;249;100;349;71.3467;178;52;230;77.3913;312;114;426;73.2394;2026-08-06;1.048;1.6337;0.0738;v25|LAST5|AWAY_STRONG|1.30|P6
v25;LAST5;AT_LEAST_ONE_STRONG;1.2;4;241;418;150;568;73.5915;64;31;95;67.3684;240;98;338;71.0059;178;52;230;77.3913;309;110;419;73.747;2026-08-06;0.8917;1.6337;0.5814;v25|LAST5|AT_LEAST_ONE_STRONG|1.20|P4
v25;LAST5;AT_LEAST_ONE_STRONG;1.3;4;241;418;150;568;73.5915;64;31;95;67.3684;240;98;338;71.0059;178;52;230;77.3913;309;110;419;73.747;2026-08-06;0.8917;1.6337;0.5814;v25|LAST5|AT_LEAST_ONE_STRONG|1.30|P4
v25;LAST5;AT_LEAST_ONE_STRONG;1.2;5;241;402;144;546;73.6264;80;37;117;68.3761;231;94;325;71.0769;171;50;221;77.3756;299;108;407;73.4644;2026-08-06;0.9266;1.618;0.2988;v25|LAST5|AT_LEAST_ONE_STRONG|1.20|P5
v25;LAST5;AT_LEAST_ONE_STRONG;1.3;5;241;402;144;546;73.6264;80;37;117;68.3761;231;94;325;71.0769;171;50;221;77.3756;299;108;407;73.4644;2026-08-06;0.9266;1.618;0.2988;v25|LAST5|AT_LEAST_ONE_STRONG|1.30|P5
v25;SEASON;AWAY_STRONG;1.5;8;163;395;136;531;74.3879;87;45;132;65.9091;231;88;319;72.4138;164;48;212;77.3585;285;98;383;74.4125;2026-08-06;1.6881;1.6009;1.2469;v25|SEASON|AWAY_STRONG|1.50|P8
v25;LAST5;AT_LEAST_ONE_STRONG;1.0;9;155;398;141;539;73.8404;84;40;124;67.7419;234;93;327;71.5596;164;48;212;77.3585;297;107;404;73.5149;2026-08-06;1.1406;1.6009;0.3493;v25|LAST5|AT_LEAST_ONE_STRONG|1.00|P9
v25;LAST5;AT_LEAST_ONE_STRONG;1.1;9;155;398;141;539;73.8404;84;40;124;67.7419;234;93;327;71.5596;164;48;212;77.3585;297;107;404;73.5149;2026-08-06;1.1406;1.6009;0.3493;v25|LAST5|AT_LEAST_ONE_STRONG|1.10|P9
v25;SEASON;AT_LEAST_ONE_STRONG;1.2;13;124;396;150;546;72.5275;86;31;117;73.5043;232;102;334;69.4611;164;48;212;77.3585;286;108;394;72.5888;2026-08-06;-0.1723;1.6009;-0.5768;v25|SEASON|AT_LEAST_ONE_STRONG|1.20|P13
v25;SEASON;AT_LEAST_ONE_STRONG;1.2;14;124;394;150;544;72.4265;88;31;119;73.9496;230;102;332;69.2771;164;48;212;77.3585;284;108;392;72.449;2026-08-06;-0.2733;1.6009;-0.7166;v25|SEASON|AT_LEAST_ONE_STRONG|1.20|P14
v25;SEASON;AWAY_STRONG;1.6;7;202;386;128;514;75.0973;96;53;149;64.4295;229;82;311;73.6334;157;46;203;77.3399;279;92;371;75.2022;2026-08-06;2.3975;1.5823;2.0366;v25|SEASON|AWAY_STRONG|1.60|P7
v25;SEASON;AT_LEAST_ONE_STRONG;1.5;3;295;409;148;557;73.4291;73;33;106;68.8679;235;97;332;70.7831;174;51;225;77.3333;298;106;404;73.7624;2026-08-06;0.7293;1.5757;0.5968;v25|SEASON|AT_LEAST_ONE_STRONG|1.50|P3
v25;SEASON;AWAY_STRONG;1.5;2;163;456;162;618;73.7864;26;19;45;57.7778;265;106;371;71.4286;191;56;247;77.3279;328;115;443;74.0406;2026-08-06;1.0866;1.5703;0.875;v25|SEASON|AWAY_STRONG|1.50|P2
v25;LAST5;AT_LEAST_ONE_STRONG;1.2;12;241;334;118;452;73.8938;148;63;211;70.1422;201;79;280;71.7857;133;39;172;77.3256;253;91;344;73.5465;2026-08-06;1.194;1.568;0.3809;v25|LAST5|AT_LEAST_ONE_STRONG|1.20|P12
v25;LAST5;AT_LEAST_ONE_STRONG;1.3;12;241;334;118;452;73.8938;148;63;211;70.1422;201;79;280;71.7857;133;39;172;77.3256;253;91;344;73.5465;2026-08-06;1.194;1.568;0.3809;v25|LAST5|AT_LEAST_ONE_STRONG|1.30|P12
v25;LAST5;AT_LEAST_ONE_STRONG;1.0;8;155;406;143;549;73.9526;76;38;114;66.6667;239;94;333;71.7718;167;49;216;77.3148;301;108;409;73.5941;2026-08-06;1.2528;1.5572;0.4285;v25|LAST5|AT_LEAST_ONE_STRONG|1.00|P8
v25;LAST5;AT_LEAST_ONE_STRONG;1.1;8;155;406;143;549;73.9526;76;38;114;66.6667;239;94;333;71.7718;167;49;216;77.3148;301;108;409;73.5941;2026-08-06;1.2528;1.5572;0.4285;v25|LAST5|AT_LEAST_ONE_STRONG|1.10|P8
v25;LAST5;AWAY_STRONG;1.2;11;128;406;144;550;73.8182;76;37;113;67.2566;239;95;334;71.5569;167;49;216;77.3148;300;108;408;73.5294;2026-08-06;1.1184;1.5572;0.3638;v25|LAST5|AWAY_STRONG|1.20|P11
v25;LAST5;AWAY_STRONG;1.3;11;128;406;144;550;73.8182;76;37;113;67.2566;239;95;334;71.5569;167;49;216;77.3148;300;108;408;73.5294;2026-08-06;1.1184;1.5572;0.3638;v25|LAST5|AWAY_STRONG|1.30|P11
v25;LAST5;AT_LEAST_ONE_STRONG;1.2;3;241;433;159;592;73.1419;49;22;71;69.0141;249;105;354;70.339;184;54;238;77.3109;317;115;432;73.3796;2026-08-06;0.4421;1.5533;0.214;v25|LAST5|AT_LEAST_ONE_STRONG|1.20|P3
v25;LAST5;AT_LEAST_ONE_STRONG;1.3;3;241;433;159;592;73.1419;49;22;71;69.0141;249;105;354;70.339;184;54;238;77.3109;317;115;432;73.3796;2026-08-06;0.4421;1.5533;0.214;v25|LAST5|AT_LEAST_ONE_STRONG|1.30|P3
v25;LAST5;AT_LEAST_ONE_STRONG;1.6;9;431;264;88;352;75.0;218;93;311;70.0965;155;56;211;73.4597;109;32;141;77.305;204;69;273;74.7253;2026-08-06;2.3002;1.5474;1.5597;v25|LAST5|AT_LEAST_ONE_STRONG|1.60|P9
v25;LAST5;AT_LEAST_ONE_STRONG;1.0;11;155;394;137;531;74.1996;88;44;132;66.6667;234;90;324;72.2222;160;47;207;77.2947;294;103;397;74.0554;2026-08-06;1.4998;1.5371;0.8898;v25|LAST5|AT_LEAST_ONE_STRONG|1.00|P11
v25;LAST5;AT_LEAST_ONE_STRONG;1.1;11;155;394;137;531;74.1996;88;44;132;66.6667;234;90;324;72.2222;160;47;207;77.2947;294;103;397;74.0554;2026-08-06;1.4998;1.5371;0.8898;v25|LAST5|AT_LEAST_ONE_STRONG|1.10|P11
v25;LAST5;BOTH_STRONG;1.6;14;97;424;147;571;74.2557;58;34;92;63.0435;247;95;342;72.2222;177;52;229;77.2926;316;105;421;75.0594;2026-08-06;1.5559;1.535;1.8938;v25|LAST5|BOTH_STRONG|1.60|P14
v25;SEASON;AT_LEAST_ONE_STRONG;1.6;2;354;421;152;573;73.4729;61;29;90;67.7778;244;100;344;70.9302;177;52;229;77.2926;306;110;416;73.5577;2026-08-06;0.7731;1.535;0.3921;v25|SEASON|AT_LEAST_ONE_STRONG|1.60|P2
v25;LAST5;AT_LEAST_ONE_STRONG;1.6;8;431;285;93;378;75.3968;197;88;285;69.1228;166;58;224;74.1071;119;35;154;77.2727;218;72;290;75.1724;2026-08-06;2.697;1.5151;2.0068;v25|LAST5|AT_LEAST_ONE_STRONG|1.60|P8
v25;SEASON;AWAY_STRONG;1.6;5;202;412;138;550;74.9091;70;43;113;61.9469;242;88;330;73.3333;170;50;220;77.2727;296;99;395;74.9367;2026-08-06;2.2093;1.5151;1.7711;v25|SEASON|AWAY_STRONG|1.60|P5
v25;LAST5;AWAY_STRONG;1.4;2;191;451;162;613;73.5726;31;19;50;62.0;264;107;371;71.159;187;55;242;77.2727;326;115;441;73.9229;2026-08-06;0.8728;1.5151;0.7573;v25|LAST5|AWAY_STRONG|1.40|P2
v25;LAST5;AWAY_STRONG;1.5;2;191;451;162;613;73.5726;31;19;50;62.0;264;107;371;71.159;187;55;242;77.2727;326;115;441;73.9229;2026-08-06;0.8728;1.5151;0.7573;v25|LAST5|AWAY_STRONG|1.50|P2
v25;SEASON;AT_LEAST_ONE_STRONG;1.4;2;231;436;157;593;73.5245;46;24;70;65.7143;249;102;351;70.9402;187;55;242;77.2727;315;113;428;73.5981;2026-08-06;0.8247;1.5151;0.4325;v25|SEASON|AT_LEAST_ONE_STRONG|1.40|P2
v25;SEASON;AT_LEAST_ONE_STRONG;1.1;5;86;442;166;608;72.6974;40;15;55;72.7273;255;111;366;69.6721;187;55;242;77.2727;320;118;438;73.0594;2026-08-06;-0.0024;1.5151;-0.1062;v25|SEASON|AT_LEAST_ONE_STRONG|1.10|P5
v25;LAST5;BOTH_STRONG;1.6;9;97;431;152;583;73.928;51;29;80;63.75;251;99;350;71.7143;180;53;233;77.2532;316;110;426;74.1784;2026-08-06;1.2282;1.4956;1.0128;v25|LAST5|BOTH_STRONG|1.60|P9
v25;LAST5;AT_LEAST_ONE_STRONG;1.0;5;155;427;154;581;73.494;55;27;82;67.0732;247;101;348;70.977;180;53;233;77.2532;315;114;429;73.4266;2026-08-06;0.7942;1.4956;0.261;v25|LAST5|AT_LEAST_ONE_STRONG|1.00|P5
v25;LAST5;AT_LEAST_ONE_STRONG;1.1;5;155;427;154;581;73.494;55;27;82;67.0732;247;101;348;70.977;180;53;233;77.2532;315;114;429;73.4266;2026-08-06;0.7942;1.4956;0.261;v25|LAST5|AT_LEAST_ONE_STRONG|1.10|P5
v25;SEASON;AT_LEAST_ONE_STRONG;1.5;6;295;347;125;472;73.5169;135;56;191;70.6806;201;82;283;71.0247;146;43;189;77.2487;254;90;344;73.8372;2026-08-06;0.8171;1.4911;0.6716;v25|SEASON|AT_LEAST_ONE_STRONG|1.50|P6
v25;SEASON;AWAY_STRONG;1.5;13;163;379;132;511;74.1683;103;49;152;67.7632;223;86;309;72.1683;156;46;202;77.2277;272;95;367;74.1144;2026-08-06;1.4685;1.4701;0.9488;v25|SEASON|AWAY_STRONG|1.50|P13
v25;SEASON;AT_LEAST_ONE_STRONG;1.5;7;295;333;121;454;73.348;149;60;209;71.2919;194;80;274;70.8029;139;41;180;77.2222;245;87;332;73.7952;2026-08-06;0.6482;1.4646;0.6296;v25|SEASON|AT_LEAST_ONE_STRONG|1.50|P7
v25;SEASON;AT_LEAST_ONE_STRONG;1.1;6;86;435;164;599;72.621;47;17;64;73.4375;252;110;362;69.6133;183;54;237;77.2152;314;116;430;73.0233;2026-08-06;-0.0788;1.4576;-0.1423;v25|SEASON|AT_LEAST_ONE_STRONG|1.10|P6
v25;SEASON;AT_LEAST_ONE_STRONG;1.6;3;354;400;142;542;73.8007;82;39;121;67.7686;234;93;327;71.5596;166;49;215;77.2093;292;102;394;74.1117;2026-08-06;1.1009;1.4517;0.9461;v25|SEASON|AT_LEAST_ONE_STRONG|1.60|P3
v25;SEASON;AT_LEAST_ONE_STRONG;1.4;14;231;324;117;441;73.4694;158;64;222;71.1712;192;78;270;71.1111;132;39;171;77.193;236;85;321;73.5202;2026-08-06;0.7696;1.4354;0.3546;v25|SEASON|AT_LEAST_ONE_STRONG|1.40|P14
v25;LAST5;BOTH_STRONG;1.6;15;97;422;147;569;74.1652;60;34;94;63.8298;246;95;341;72.1408;176;52;228;77.193;314;105;419;74.9403;2026-08-06;1.4654;1.4354;1.7747;v25|LAST5|BOTH_STRONG|1.60|P15
v25;LAST5;AT_LEAST_ONE_STRONG;1.0;4;155;441;159;600;73.5;41;22;63;65.0794;255;104;359;71.0306;186;55;241;77.1784;323;116;439;73.5763;2026-08-06;0.8002;1.4208;0.4107;v25|LAST5|AT_LEAST_ONE_STRONG|1.00|P4
v25;LAST5;AT_LEAST_ONE_STRONG;1.1;4;155;441;159;600;73.5;41;22;63;65.0794;255;104;359;71.0306;186;55;241;77.1784;323;116;439;73.5763;2026-08-06;0.8002;1.4208;0.4107;v25|LAST5|AT_LEAST_ONE_STRONG|1.10|P4
v25;LAST5;AT_LEAST_ONE_STRONG;1.4;9;336;308;105;413;74.5763;174;76;250;69.6;183;68;251;72.9084;125;37;162;77.1605;234;82;316;74.0506;2026-08-06;1.8765;1.4029;0.885;v25|LAST5|AT_LEAST_ONE_STRONG|1.40|P9
v25;LAST5;AT_LEAST_ONE_STRONG;1.5;9;336;308;105;413;74.5763;174;76;250;69.6;183;68;251;72.9084;125;37;162;77.1605;234;82;316;74.0506;2026-08-06;1.8765;1.4029;0.885;v25|LAST5|AT_LEAST_ONE_STRONG|1.50|P9
v25;SEASON;AWAY_STRONG;1.6;6;202;396;132;528;75.0;86;49;135;63.7037;234;84;318;73.5849;162;48;210;77.1429;284;95;379;74.934;2026-08-06;2.3002;1.3853;1.7684;v25|SEASON|AWAY_STRONG|1.60|P6
v25;LAST5;BOTH_STRONG;1.4;10;50;454;162;616;73.7013;28;19;47;59.5745;265;106;371;71.4286;189;56;245;77.1429;332;115;447;74.2729;2026-08-06;1.0015;1.3853;1.1073;v25|LAST5|BOTH_STRONG|1.40|P10
v25;LAST5;BOTH_STRONG;1.5;10;50;454;162;616;73.7013;28;19;47;59.5745;265;106;371;71.4286;189;56;245;77.1429;332;115;447;74.2729;2026-08-06;1.0015;1.3853;1.1073;v25|LAST5|BOTH_STRONG|1.50|P10
v25;LAST5;AWAY_STRONG;1.0;5;81;454;164;618;73.4628;28;17;45;62.2222;265;108;373;71.0456;189;56;245;77.1429;330;120;450;73.3333;2026-08-06;0.763;1.3853;0.1677;v25|LAST5|AWAY_STRONG|1.00|P5
v25;LAST5;AWAY_STRONG;1.1;5;81;454;164;618;73.4628;28;17;45;62.2222;265;108;373;71.0456;189;56;245;77.1429;330;120;450;73.3333;2026-08-06;0.763;1.3853;0.1677;v25|LAST5|AWAY_STRONG|1.10|P5
v25;LAST5;AWAY_STRONG;1.2;8;128;415;148;563;73.7123;67;33;100;67.0;243;97;340;71.4706;172;51;223;77.13;306;112;418;73.2057;2026-08-06;1.0125;1.3724;0.0401;v25|LAST5|AWAY_STRONG|1.20|P8
v25;LAST5;AWAY_STRONG;1.3;8;128;415;148;563;73.7123;67;33;100;67.0;243;97;340;71.4706;172;51;223;77.13;306;112;418;73.2057;2026-08-06;1.0125;1.3724;0.0401;v25|LAST5|AWAY_STRONG|1.30|P8
v25;SEASON;AWAY_STRONG;1.5;4;163;434;156;590;73.5593;48;25;73;65.7534;252;102;354;71.1864;182;54;236;77.1186;311;110;421;73.8717;2026-08-06;0.8595;1.361;0.7061;v25|SEASON|AWAY_STRONG|1.50|P4
v25;SEASON;AWAY_STRONG;1.5;15;163;375;129;504;74.4048;107;52;159;67.2956;220;83;303;72.6073;155;46;201;77.1144;270;94;364;74.1758;2026-08-06;1.705;1.3568;1.0102;v25|SEASON|AWAY_STRONG|1.50|P15
v25;SEASON;AWAY_STRONG;1.5;14;163;377;130;507;74.359;105;51;156;67.3077;222;84;306;72.549;155;46;201;77.1144;272;94;366;74.3169;2026-08-06;1.6592;1.3568;1.1513;v25|SEASON|AWAY_STRONG|1.50|P14
v25;SEASON;BOTH_STRONG;1.6;7;50;454;163;617;73.5818;28;18;46;60.8696;262;106;368;71.1957;192;57;249;77.1084;328;117;445;73.7079;2026-08-06;0.882;1.3508;0.5423;v25|SEASON|BOTH_STRONG|1.60|P7
v25;SEASON;AT_LEAST_ONE_STRONG;1.2;12;124;398;152;550;72.3636;84;29;113;74.3363;233;103;336;69.3452;165;49;214;77.1028;288;108;396;72.7273;2026-08-06;-0.3362;1.3452;-0.4383;v25|SEASON|AT_LEAST_ONE_STRONG|1.20|P12
v25;LAST5;AT_LEAST_ONE_STRONG;1.2;10;241;340;123;463;73.4341;142;58;200;71.0;202;82;284;71.1268;138;41;179;77.095;259;95;354;73.1638;2026-08-06;0.7343;1.3374;-0.0018;v25|LAST5|AT_LEAST_ONE_STRONG|1.20|P10
v25;LAST5;AT_LEAST_ONE_STRONG;1.3;10;241;340;123;463;73.4341;142;58;200;71.0;202;82;284;71.1268;138;41;179;77.095;259;95;354;73.1638;2026-08-06;0.7343;1.3374;-0.0018;v25|LAST5|AT_LEAST_ONE_STRONG|1.30|P10
v25;SEASON;AT_LEAST_ONE_STRONG;1.5;15;295;273;101;374;72.9947;209;80;289;72.3183;162;68;230;70.4348;111;33;144;77.0833;201;76;277;72.5632;2026-08-06;0.2949;1.3257;-0.6024;v25|SEASON|AT_LEAST_ONE_STRONG|1.50|P15
v25;LAST5;AWAY_STRONG;1.2;5;128;439;157;596;73.6577;43;24;67;64.1791;254;102;356;71.3483;185;55;240;77.0833;321;116;437;73.4554;2026-08-06;0.9579;1.3257;0.2898;v25|LAST5|AWAY_STRONG|1.20|P5
v25;LAST5;AWAY_STRONG;1.3;5;128;439;157;596;73.6577;43;24;67;64.1791;254;102;356;71.3483;185;55;240;77.0833;321;116;437;73.4554;2026-08-06;0.9579;1.3257;0.2898;v25|LAST5|AWAY_STRONG|1.30|P5
v25;SEASON;AWAY_STRONG;1.6;3;202;435;153;588;73.9796;47;28;75;62.6667;257;100;357;71.9888;178;53;231;77.0563;311;107;418;74.4019;2026-08-06;1.2798;1.2987;1.2363;v25|SEASON|AWAY_STRONG|1.60|P3
v25;SEASON;AWAY_STRONG;1.4;7;120;422;149;571;73.9054;60;32;92;65.2174;244;96;340;71.7647;178;53;231;77.0563;306;105;411;74.4526;2026-08-06;1.2056;1.2987;1.287;v25|SEASON|AWAY_STRONG|1.40|P7
v25;LAST5;BOTH_STRONG;1.4;11;50;453;162;615;73.6585;29;19;48;60.4167;265;106;371;71.4286;188;56;244;77.0492;332;115;447;74.2729;2026-08-06;0.9587;1.2916;1.1073;v25|LAST5|BOTH_STRONG|1.40|P11
v25;LAST5;BOTH_STRONG;1.4;12;50;453;162;615;73.6585;29;19;48;60.4167;265;106;371;71.4286;188;56;244;77.0492;332;115;447;74.2729;2026-08-06;0.9587;1.2916;1.1073;v25|LAST5|BOTH_STRONG|1.40|P12
v25;LAST5;BOTH_STRONG;1.4;13;50;453;162;615;73.6585;29;19;48;60.4167;265;106;371;71.4286;188;56;244;77.0492;332;115;447;74.2729;2026-08-06;0.9587;1.2916;1.1073;v25|LAST5|BOTH_STRONG|1.40|P13
v25;LAST5;BOTH_STRONG;1.5;11;50;453;162;615;73.6585;29;19;48;60.4167;265;106;371;71.4286;188;56;244;77.0492;332;115;447;74.2729;2026-08-06;0.9587;1.2916;1.1073;v25|LAST5|BOTH_STRONG|1.50|P11
v25;LAST5;BOTH_STRONG;1.5;12;50;453;162;615;73.6585;29;19;48;60.4167;265;106;371;71.4286;188;56;244;77.0492;332;115;447;74.2729;2026-08-06;0.9587;1.2916;1.1073;v25|LAST5|BOTH_STRONG|1.50|P12
v25;LAST5;BOTH_STRONG;1.5;13;50;453;162;615;73.6585;29;19;48;60.4167;265;106;371;71.4286;188;56;244;77.0492;332;115;447;74.2729;2026-08-06;0.9587;1.2916;1.1073;v25|LAST5|BOTH_STRONG|1.50|P13
v25;LAST5;AWAY_STRONG;0.8;12;43;458;167;625;73.28;24;14;38;63.1579;270;111;381;70.8661;188;56;244;77.0492;335;120;455;73.6264;2026-08-06;0.5802;1.2916;0.4608;v25|LAST5|AWAY_STRONG|0.80|P12
v25;SEASON;AT_LEAST_ONE_STRONG;1.2;15;124;391;149;540;72.4074;91;32;123;73.9837;230;101;331;69.4864;161;48;209;77.0335;281;107;388;72.4227;2026-08-06;-0.2924;1.2759;-0.7429;v25|SEASON|AT_LEAST_ONE_STRONG|1.20|P15
v25;SEASON;HOME_STRONG;1.6;5;202;401;148;549;73.0419;81;33;114;71.0526;230;97;327;70.3364;171;51;222;77.027;296;108;404;73.2673;2026-08-06;0.3421;1.2694;0.1017;v25|SEASON|HOME_STRONG|1.60|P5
v25;SEASON;AT_LEAST_ONE_STRONG;1.2;7;124;412;156;568;72.5352;70;25;95;73.6842;241;105;346;69.6532;171;51;222;77.027;299;110;409;73.1051;2026-08-06;-0.1646;1.2694;-0.0605;v25|SEASON|AT_LEAST_ONE_STRONG|1.20|P7
v25;SEASON;AT_LEAST_ONE_STRONG;1.1;7;86;430;164;594;72.3906;52;17;69;75.3623;249;110;359;69.3593;181;54;235;77.0213;311;116;427;72.8337;2026-08-06;-0.3092;1.2637;-0.3319;v25|SEASON|AT_LEAST_ONE_STRONG|1.10|P7
v25;LAST5;AWAY_STRONG;0.8;6;43;464;170;634;73.1861;18;11;29;62.069;273;113;386;70.7254;191;57;248;77.0161;337;123;460;73.2609;2026-08-06;0.4863;1.2585;0.0953;v25|LAST5|AWAY_STRONG|0.80|P6
v25;LAST5;AT_LEAST_ONE_STRONG;1.4;8;336;325;110;435;74.7126;157;71;228;68.8596;191;70;261;73.1801;134;40;174;77.0115;245;85;330;74.2424;2026-08-06;2.0128;1.2539;1.0768;v25|LAST5|AT_LEAST_ONE_STRONG|1.40|P8
v25;LAST5;AT_LEAST_ONE_STRONG;1.5;8;336;325;110;435;74.7126;157;71;228;68.8596;191;70;261;73.1801;134;40;174;77.0115;245;85;330;74.2424;2026-08-06;2.0128;1.2539;1.0768;v25|LAST5|AT_LEAST_ONE_STRONG|1.50|P8
v25;LAST5;AT_LEAST_ONE_STRONG;1.2;7;241;372;133;505;73.6634;110;48;158;69.6203;218;87;305;71.4754;154;46;200;77.0;281;102;383;73.3681;2026-08-06;0.9636;1.2424;0.2025;v25|LAST5|AT_LEAST_ONE_STRONG|1.20|P7
v25;LAST5;AT_LEAST_ONE_STRONG;1.3;7;241;372;133;505;73.6634;110;48;158;69.6203;218;87;305;71.4754;154;46;200;77.0;281;102;383;73.3681;2026-08-06;0.9636;1.2424;0.2025;v25|LAST5|AT_LEAST_ONE_STRONG|1.30|P7
v25;SEASON;AWAY_STRONG;1.6;4;202;422;146;568;74.2958;60;35;95;63.1579;248;94;342;72.5146;174;52;226;76.9912;302;104;406;74.3842;2026-08-06;1.596;1.2336;1.2186;v25|SEASON|AWAY_STRONG|1.60|P4
v25;SEASON;AT_LEAST_ONE_STRONG;1.2;9;124;401;154;555;72.2523;81;27;108;75.0;234;104;338;69.2308;167;50;217;76.9585;290;110;400;72.5;2026-08-06;-0.4475;1.2009;-0.6656;v25|SEASON|AT_LEAST_ONE_STRONG|1.20|P9
v25;SEASON;AT_LEAST_ONE_STRONG;1.4;3;231;418;150;568;73.5915;64;31;95;67.3684;241;97;338;71.3018;177;53;230;76.9565;303;107;410;73.9024;2026-08-06;0.8917;1.1989;0.7368;v25|SEASON|AT_LEAST_ONE_STRONG|1.40|P3
v25;SEASON;AT_LEAST_ONE_STRONG;1.2;5;124;427;160;587;72.7428;55;21;76;72.3684;250;107;357;70.028;177;53;230;76.9565;309;113;422;73.2227;2026-08-06;0.043;1.1989;0.0571;v25|SEASON|AT_LEAST_ONE_STRONG|1.20|P5
v25;SEASON;AT_LEAST_ONE_STRONG;1.1;13;86;423;160;583;72.5557;59;21;80;73.75;246;107;353;69.6884;177;53;230;76.9565;305;115;420;72.619;2026-08-06;-0.1441;1.1989;-0.5466;v25|SEASON|AT_LEAST_ONE_STRONG|1.10|P13
v25;SEASON;AT_LEAST_ONE_STRONG;1.1;14;86;421;160;581;72.4613;61;21;82;74.3902;244;107;351;69.5157;177;53;230;76.9565;303;115;418;72.488;2026-08-06;-0.2385;1.1989;-0.6776;v25|SEASON|AT_LEAST_ONE_STRONG|1.10|P14
v25;LAST5;BOTH_STRONG;1.4;14;50;451;162;613;73.5726;31;19;50;62.0;264;106;370;71.3514;187;56;243;76.9547;332;115;447;74.2729;2026-08-06;0.8728;1.1971;1.1073;v25|LAST5|BOTH_STRONG|1.40|P14
v25;LAST5;BOTH_STRONG;1.4;15;50;451;162;613;73.5726;31;19;50;62.0;264;106;370;71.3514;187;56;243;76.9547;332;115;447;74.2729;2026-08-06;0.8728;1.1971;1.1073;v25|LAST5|BOTH_STRONG|1.40|P15
v25;LAST5;BOTH_STRONG;1.5;14;50;451;162;613;73.5726;31;19;50;62.0;264;106;370;71.3514;187;56;243;76.9547;332;115;447;74.2729;2026-08-06;0.8728;1.1971;1.1073;v25|LAST5|BOTH_STRONG|1.50|P14
v25;LAST5;BOTH_STRONG;1.5;15;50;451;162;613;73.5726;31;19;50;62.0;264;106;370;71.3514;187;56;243;76.9547;332;115;447;74.2729;2026-08-06;0.8728;1.1971;1.1073;v25|LAST5|BOTH_STRONG|1.50|P15
v25;LAST5;AWAY_STRONG;0.8;15;43;455;166;621;73.2689;27;15;42;64.2857;268;110;378;70.8995;187;56;243;76.9547;333;120;453;73.5099;2026-08-06;0.5691;1.1971;0.3443;v25|LAST5|AWAY_STRONG|0.80|P15
v25;LAST5;AWAY_STRONG;0.8;13;43;457;167;624;73.2372;25;14;39;64.1026;270;111;381;70.8661;187;56;243;76.9547;334;120;454;73.5683;2026-08-06;0.5374;1.1971;0.4027;v25|LAST5|AWAY_STRONG|0.80|P13
v25;LAST5;AWAY_STRONG;0.8;14;43;456;167;623;73.1942;26;14;40;65.0;269;111;380;70.7895;187;56;243;76.9547;334;120;454;73.5683;2026-08-06;0.4944;1.1971;0.4027;v25|LAST5|AWAY_STRONG|0.80|P14
v25;LAST5;AT_LEAST_ONE_STRONG;1.2;2;241;440;164;604;72.8477;42;17;59;71.1864;253;108;361;70.0831;187;56;243;76.9547;319;119;438;72.8311;2026-08-06;0.1479;1.1971;-0.3345;v25|LAST5|AT_LEAST_ONE_STRONG|1.20|P2
v25;LAST5;AT_LEAST_ONE_STRONG;1.3;2;241;440;164;604;72.8477;42;17;59;71.1864;253;108;361;70.0831;187;56;243;76.9547;319;119;438;72.8311;2026-08-06;0.1479;1.1971;-0.3345;v25|LAST5|AT_LEAST_ONE_STRONG|1.30|P2
v25;LAST5;AT_LEAST_ONE_STRONG;1.4;12;336;286;93;379;75.4617;196;88;284;69.0141;176;60;236;74.5763;110;33;143;76.9231;217;73;290;74.8276;2026-08-06;2.7619;1.1655;1.662;v25|LAST5|AT_LEAST_ONE_STRONG|1.40|P12
v25;LAST5;AT_LEAST_ONE_STRONG;1.5;12;336;286;93;379;75.4617;196;88;284;69.0141;176;60;236;74.5763;110;33;143;76.9231;217;73;290;74.8276;2026-08-06;2.7619;1.1655;1.662;v25|LAST5|AT_LEAST_ONE_STRONG|1.50|P12
v25;SEASON;AT_LEAST_ONE_STRONG;1.1;8;86;428;163;591;72.4196;54;18;72;75.0;248;109;357;69.4678;180;54;234;76.9231;309;116;425;72.7059;2026-08-06;-0.2802;1.1655;-0.4597;v25|SEASON|AT_LEAST_ONE_STRONG|1.10|P8
v25;SEASON;BOTH_STRONG;1.6;8;50;451;163;614;73.4528;31;18;49;63.2653;261;106;367;71.1172;190;57;247;76.9231;326;117;443;73.5892;2026-08-06;0.753;1.1655;0.4236;v25|SEASON|BOTH_STRONG|1.60|P8
v25;SEASON;AT_LEAST_ONE_STRONG;1.1;4;86;449;170;619;72.5363;33;11;44;75.0;259;113;372;69.6237;190;57;247;76.9231;325;121;446;72.87;2026-08-06;-0.1635;1.1655;-0.2956;v25|SEASON|AT_LEAST_ONE_STRONG|1.10|P4
v25;SEASON;AWAY_STRONG;1.4;2;120;459;164;623;73.6758;23;17;40;57.5;266;106;372;71.5054;193;58;251;76.8924;331;116;447;74.0492;2026-08-06;0.976;1.1348;0.8836;v25|SEASON|AWAY_STRONG|1.40|P2
v25;SEASON;BOTH_STRONG;1.6;6;50;458;165;623;73.5152;24;16;40;60.0;265;107;372;71.2366;193;58;251;76.8924;330;119;449;73.4967;2026-08-06;0.8154;1.1348;0.3311;v25|SEASON|BOTH_STRONG|1.60|P6
v25;SEASON;BOTH_STRONG;1.6;5;50;460;166;626;73.4824;22;15;37;59.4595;267;108;375;71.2;193;58;251;76.8924;332;119;451;73.6142;2026-08-06;0.7826;1.1348;0.4486;v25|SEASON|BOTH_STRONG|1.60|P5
v25;LAST5;BOTH_STRONG;1.6;6;97;440;157;597;73.7018;42;24;66;63.6364;257;102;359;71.5877;183;55;238;76.8908;320;113;433;73.903;2026-08-06;1.002;1.1332;0.7374;v25|LAST5|BOTH_STRONG|1.60|P6
v25;SEASON;AT_LEAST_ONE_STRONG;1.2;6;124;418;157;575;72.6957;64;24;88;72.7273;245;105;350;70.0;173;52;225;76.8889;302;111;413;73.1235;2026-08-06;-0.0041;1.1313;-0.0421;v25|SEASON|AT_LEAST_ONE_STRONG|1.20|P6
v25;SEASON;AT_LEAST_ONE_STRONG;1.4;5;231;388;141;529;73.3459;94;40;134;70.1493;225;92;317;70.9779;163;49;212;76.8868;283;100;383;73.8903;2026-08-06;0.6461;1.1292;0.7247;v25|SEASON|AT_LEAST_ONE_STRONG|1.40|P5
v25;SEASON;AT_LEAST_ONE_STRONG;1.5;4;295;382;143;525;72.7619;100;38;138;72.4638;219;94;313;69.9681;163;49;212;76.8868;278;103;381;72.9659;2026-08-06;0.0621;1.1292;-0.1997;v25|SEASON|AT_LEAST_ONE_STRONG|1.50|P4
v25;LAST5;AT_LEAST_ONE_STRONG;1.2;9;241;348;126;474;73.4177;134;55;189;70.8995;205;83;288;71.1806;143;43;186;76.8817;264;98;362;72.9282;2026-08-06;0.7179;1.1241;-0.2374;v25|LAST5|AT_LEAST_ONE_STRONG|1.20|P9
v25;LAST5;AT_LEAST_ONE_STRONG;1.3;9;241;348;126;474;73.4177;134;55;189;70.8995;205;83;288;71.1806;143;43;186;76.8817;264;98;362;72.9282;2026-08-06;0.7179;1.1241;-0.2374;v25|LAST5|AT_LEAST_ONE_STRONG|1.30|P9
v25;SEASON;AT_LEAST_ONE_STRONG;1.4;13;231;327;119;446;73.3184;155;62;217;71.4286;194;79;273;71.0623;133;40;173;76.8786;238;87;325;73.2308;2026-08-06;0.6186;1.121;0.0652;v25|SEASON|AT_LEAST_ONE_STRONG|1.40|P13
v25;SEASON;AT_LEAST_ONE_STRONG;1.1;2;86;460;173;633;72.6698;22;8;30;73.3333;264;114;378;69.8413;196;59;255;76.8627;333;124;457;72.8665;2026-08-06;-0.03;1.1051;-0.2991;v25|SEASON|AT_LEAST_ONE_STRONG|1.10|P2
v25;LAST5;BOTH_STRONG;1.6;5;97;446;160;606;73.5974;36;21;57;63.1579;260;104;364;71.4286;186;56;242;76.8595;325;115;440;73.8636;2026-08-06;0.8976;1.1019;0.698;v25|LAST5|BOTH_STRONG|1.60|P5
v25;LAST5;BOTH_STRONG;1.6;4;97;448;161;609;73.5632;34;20;54;62.963;262;105;367;71.3896;186;56;242;76.8595;326;115;441;73.9229;2026-08-06;0.8634;1.1019;0.7573;v25|LAST5|BOTH_STRONG|1.60|P4
v25;SEASON;AT_LEAST_ONE_STRONG;1.2;11;124;400;153;553;72.3327;82;28;110;74.5455;234;103;337;69.4362;166;50;216;76.8519;290;109;399;72.6817;2026-08-06;-0.3671;1.0943;-0.4839;v25|SEASON|AT_LEAST_ONE_STRONG|1.20|P11
v25;SEASON;AT_LEAST_ONE_STRONG;1.2;10;124;400;154;554;72.2022;82;27;109;75.2294;234;104;338;69.2308;166;50;216;76.8519;290;110;400;72.5;2026-08-06;-0.4976;1.0943;-0.6656;v25|SEASON|AT_LEAST_ONE_STRONG|1.20|P10
v25;SEASON;AWAY_STRONG;1.5;12;163;380;134;514;73.93;102;47;149;68.4564;224;87;311;72.0257;156;47;203;76.8473;273;96;369;73.9837;2026-08-06;1.2302;1.0897;0.8181;v25|SEASON|AWAY_STRONG|1.50|P12
v25;LAST5;AT_LEAST_ONE_STRONG;1.2;11;241;338;121;459;73.6383;144;60;204;70.5882;202;80;282;71.6312;136;41;177;76.8362;257;93;350;73.4286;2026-08-06;0.9385;1.0786;0.263;v25|LAST5|AT_LEAST_ONE_STRONG|1.20|P11
v25;LAST5;AT_LEAST_ONE_STRONG;1.3;11;241;338;121;459;73.6383;144;60;204;70.5882;202;80;282;71.6312;136;41;177;76.8362;257;93;350;73.4286;2026-08-06;0.9385;1.0786;0.263;v25|LAST5|AT_LEAST_ONE_STRONG|1.30|P11
v25;LAST5;AWAY_STRONG;1.2;4;128;449;161;610;73.6066;33;20;53;62.2642;260;104;364;71.4286;189;57;246;76.8293;327;117;444;73.6486;2026-08-06;0.9068;1.0717;0.483;v25|LAST5|AWAY_STRONG|1.20|P4
v25;LAST5;AWAY_STRONG;1.3;4;128;449;161;610;73.6066;33;20;53;62.2642;260;104;364;71.4286;189;57;246;76.8293;327;117;444;73.6486;2026-08-06;0.9068;1.0717;0.483;v25|LAST5|AWAY_STRONG|1.30|P4
v25;LAST5;BOTH_STRONG;1.4;9;50;455;164;619;73.5057;27;17;44;61.3636;266;107;373;71.3137;189;57;246;76.8293;332;117;449;73.9421;2026-08-06;0.8059;1.0717;0.7765;v25|LAST5|BOTH_STRONG|1.40|P9
v25;LAST5;BOTH_STRONG;1.5;9;50;455;164;619;73.5057;27;17;44;61.3636;266;107;373;71.3137;189;57;246;76.8293;332;117;449;73.9421;2026-08-06;0.8059;1.0717;0.7765;v25|LAST5|BOTH_STRONG|1.50|P9
v25;SEASON;BOTH_STRONG;1.6;9;50;450;163;613;73.4095;32;18;50;64.0;261;106;367;71.1172;189;57;246;76.8293;325;117;442;73.5294;2026-08-06;0.7097;1.0717;0.3638;v25|SEASON|BOTH_STRONG|1.60|P9
v25;SEASON;BOTH_STRONG;1.6;10;50;450;163;613;73.4095;32;18;50;64.0;261;106;367;71.1172;189;57;246;76.8293;325;117;442;73.5294;2026-08-06;0.7097;1.0717;0.3638;v25|SEASON|BOTH_STRONG|1.60|P10
v25;SEASON;BOTH_STRONG;1.6;11;50;450;163;613;73.4095;32;18;50;64.0;261;106;367;71.1172;189;57;246;76.8293;325;117;442;73.5294;2026-08-06;0.7097;1.0717;0.3638;v25|SEASON|BOTH_STRONG|1.60|P11
v25;SEASON;BOTH_STRONG;1.6;12;50;450;163;613;73.4095;32;18;50;64.0;261;106;367;71.1172;189;57;246;76.8293;325;117;442;73.5294;2026-08-06;0.7097;1.0717;0.3638;v25|SEASON|BOTH_STRONG|1.60|P12
v25;SEASON;BOTH_STRONG;1.6;13;50;450;163;613;73.4095;32;18;50;64.0;261;106;367;71.1172;189;57;246;76.8293;325;117;442;73.5294;2026-08-06;0.7097;1.0717;0.3638;v25|SEASON|BOTH_STRONG|1.60|P13
v25;SEASON;BOTH_STRONG;1.6;14;50;450;163;613;73.4095;32;18;50;64.0;261;106;367;71.1172;189;57;246;76.8293;325;117;442;73.5294;2026-08-06;0.7097;1.0717;0.3638;v25|SEASON|BOTH_STRONG|1.60|P14
v25;SEASON;BOTH_STRONG;1.6;15;50;450;163;613;73.4095;32;18;50;64.0;261;106;367;71.1172;189;57;246;76.8293;325;117;442;73.5294;2026-08-06;0.7097;1.0717;0.3638;v25|SEASON|BOTH_STRONG|1.60|P15
v25;LAST5;AWAY_STRONG;0.8;8;43;460;169;629;73.132;22;12;34;64.7059;271;112;383;70.7572;189;57;246;76.8293;336;122;458;73.3624;2026-08-06;0.4322;1.0717;0.1968;v25|LAST5|AWAY_STRONG|0.80|P8
v25;LAST5;HOME_STRONG;1.4;3;195;443;163;606;73.1023;39;18;57;68.4211;254;106;360;70.5556;189;57;246;76.8293;327;118;445;73.4831;2026-08-06;0.4025;1.0717;0.3175;v25|LAST5|HOME_STRONG|1.40|P3
v25;LAST5;HOME_STRONG;1.5;3;195;443;163;606;73.1023;39;18;57;68.4211;254;106;360;70.5556;189;57;246;76.8293;327;118;445;73.4831;2026-08-06;0.4025;1.0717;0.3175;v25|LAST5|HOME_STRONG|1.50|P3
v25;LAST5;AT_LEAST_ONE_STRONG;1.0;3;155;451;166;617;73.0956;31;15;46;67.3913;262;109;371;70.6199;189;57;246;76.8293;328;120;448;73.2143;2026-08-06;0.3958;1.0717;0.0487;v25|LAST5|AT_LEAST_ONE_STRONG|1.00|P3
v25;LAST5;AT_LEAST_ONE_STRONG;1.1;3;155;451;166;617;73.0956;31;15;46;67.3913;262;109;371;70.6199;189;57;246;76.8293;328;120;448;73.2143;2026-08-06;0.3958;1.0717;0.0487;v25|LAST5|AT_LEAST_ONE_STRONG|1.10|P3
v25;SEASON;AT_LEAST_ONE_STRONG;1.3;2;168;445;164;609;73.0706;37;17;54;68.5185;256;107;363;70.5234;189;57;246;76.8293;320;118;438;73.0594;2026-08-06;0.3708;1.0717;-0.1062;v25|SEASON|AT_LEAST_ONE_STRONG|1.30|P2
v25;LAST5;AWAY_STRONG;0.8;7;43;460;170;630;73.0159;22;11;33;66.6667;271;113;384;70.5729;189;57;246;76.8293;336;123;459;73.2026;2026-08-06;0.3161;1.0717;0.037;v25|LAST5|AWAY_STRONG|0.80|P7
v25;SEASON;AT_LEAST_ONE_STRONG;1.1;9;86;427;163;590;72.3729;55;18;73;75.3425;248;109;357;69.4678;179;54;233;76.824;308;116;424;72.6415;2026-08-06;-0.3269;1.0664;-0.5241;v25|SEASON|AT_LEAST_ONE_STRONG|1.10|P9
v25;SEASON;AWAY_STRONG;1.4;13;120;405;144;549;73.7705;77;37;114;67.5439;236;93;329;71.7325;169;51;220;76.8182;293;102;395;74.1772;2026-08-06;1.0707;1.0606;1.0116;v25|SEASON|AWAY_STRONG|1.40|P13
v25;SEASON;AT_LEAST_ONE_STRONG;1.2;8;124;406;155;561;72.3708;76;26;102;74.5098;237;104;341;69.5015;169;51;220;76.8182;293;110;403;72.7047;2026-08-06;-0.329;1.0606;-0.4609;v25|SEASON|AT_LEAST_ONE_STRONG|1.20|P8
v25;SEASON;AWAY_STRONG;1.5;9;163;387;136;523;73.9962;95;45;140;67.8571;228;88;316;72.1519;159;48;207;76.8116;278;98;376;73.9362;2026-08-06;1.2964;1.054;0.7706;v25|SEASON|AWAY_STRONG|1.50|P9
v25;LAST5;AWAY_STRONG;1.0;4;81;462;167;629;73.4499;20;14;34;58.8235;270;109;379;71.2401;192;58;250;76.8;334;121;455;73.4066;2026-08-06;0.7501;1.0424;0.241;v25|LAST5|AWAY_STRONG|1.00|P4
v25;LAST5;AWAY_STRONG;1.1;4;81;462;167;629;73.4499;20;14;34;58.8235;270;109;379;71.2401;192;58;250;76.8;334;121;455;73.4066;2026-08-06;0.7501;1.0424;0.241;v25|LAST5|AWAY_STRONG|1.10|P4
v25;SEASON;AT_LEAST_ONE_STRONG;1.0;5;65;454;170;624;72.7564;28;11;39;71.7949;262;112;374;70.0535;192;58;250;76.8;328;119;447;73.3781;2026-08-06;0.0566;1.0424;0.2125;v25|SEASON|AT_LEAST_ONE_STRONG|1.00|P5
v25;SEASON;AT_LEAST_ONE_STRONG;1.1;3;86;456;171;627;72.7273;26;10;36;72.2222;264;113;377;70.0265;192;58;250;76.8;330;122;452;73.0088;2026-08-06;0.0275;1.0424;-0.1568;v25|SEASON|AT_LEAST_ONE_STRONG|1.10|P3
v25;LAST5;BOTH_STRONG;1.6;7;97;438;156;594;73.7374;44;25;69;63.7681;256;101;357;71.7087;182;55;237;76.7932;320;112;432;74.0741;2026-08-06;1.0376;1.0356;0.9085;v25|LAST5|BOTH_STRONG|1.60|P7
v25;SEASON;AT_LEAST_ONE_STRONG;1.3;3;168;436;160;596;73.1544;46;21;67;68.6567;254;105;359;70.7521;182;55;237;76.7932;314;114;428;73.3645;2026-08-06;0.4546;1.0356;0.1989;v25|SEASON|AT_LEAST_ONE_STRONG|1.30|P3
v25;SEASON;AT_LEAST_ONE_STRONG;1.5;12;295;291;110;401;72.5686;191;71;262;72.9008;172;74;246;69.9187;119;36;155;76.7742;214;80;294;72.7891;2026-08-06;-0.1312;1.0166;-0.3765;v25|SEASON|AT_LEAST_ONE_STRONG|1.50|P12
v25;SEASON;AT_LEAST_ONE_STRONG;1.0;4;65;461;173;634;72.7129;21;8;29;72.4138;266;114;380;70.0;195;59;254;76.7717;333;122;455;73.1868;2026-08-06;0.0131;1.0141;0.0212;v25|SEASON|AT_LEAST_ONE_STRONG|1.00|P4
v25;SEASON;AWAY_STRONG;1.6;8;202;374;126;500;74.8;108;55;163;66.2577;222;80;302;73.5099;152;46;198;76.7677;270;92;362;74.5856;2026-08-06;2.1002;1.0101;1.42;v25|SEASON|AWAY_STRONG|1.60|P8
v25;SEASON;AWAY_STRONG;1.6;2;202;448;160;608;73.6842;34;21;55;61.8182;263;104;367;71.6621;185;56;241;76.7635;322;113;435;74.023;2026-08-06;0.9844;1.0059;0.8574;v25|SEASON|AWAY_STRONG|1.60|P2
v25;SEASON;AT_LEAST_ONE_STRONG;1.2;3;124;445;165;610;72.9508;37;16;53;69.8113;260;109;369;70.4607;185;56;241;76.7635;322;117;439;73.3485;2026-08-06;0.251;1.0059;0.1829;v25|SEASON|AT_LEAST_ONE_STRONG|1.20|P3
v25;SEASON;AT_LEAST_ONE_STRONG;1.1;15;86;419;159;578;72.4913;63;22;85;74.1176;244;106;350;69.7143;175;53;228;76.7544;301;114;415;72.5301;2026-08-06;-0.2085;0.9968;-0.6355;v25|SEASON|AT_LEAST_ONE_STRONG|1.10|P15
v25;LAST5;AWAY_STRONG;0.8;10;43;458;168;626;73.1629;24;13;37;64.8649;270;111;381;70.8661;188;57;245;76.7347;335;121;456;73.4649;2026-08-06;0.4631;0.9771;0.2993;v25|LAST5|AWAY_STRONG|0.80|P10
v25;LAST5;AWAY_STRONG;0.8;11;43;458;168;626;73.1629;24;13;37;64.8649;270;111;381;70.8661;188;57;245;76.7347;335;121;456;73.4649;2026-08-06;0.4631;0.9771;0.2993;v25|LAST5|AWAY_STRONG|0.80|P11
v25;LAST5;AWAY_STRONG;0.8;9;43;458;169;627;73.0463;24;12;36;66.6667;270;112;382;70.6806;188;57;245;76.7347;335;122;457;73.3042;2026-08-06;0.3465;0.9771;0.1386;v25|LAST5|AWAY_STRONG|0.80|P9
v25;SEASON;AT_LEAST_ONE_STRONG;1.0;6;65;447;168;615;72.6829;35;13;48;72.9167;259;111;370;70.0;188;57;245;76.7347;322;117;439;73.3485;2026-08-06;-0.0169;0.9771;0.1829;v25|SEASON|AT_LEAST_ONE_STRONG|1.00|P6
v25;SEASON;AT_LEAST_ONE_STRONG;1.6;4;354;371;132;503;73.7575;111;49;160;69.375;216;85;301;71.7608;155;47;202;76.7327;271;97;368;73.6413;2026-08-06;1.0577;0.9751;0.4757;v25|SEASON|AT_LEAST_ONE_STRONG|1.60|P4
v25;SEASON;AT_LEAST_ONE_STRONG;1.5;10;295;299;113;412;72.5728;183;68;251;72.9084;177;76;253;69.9605;122;37;159;76.7296;219;82;301;72.7575;2026-08-06;-0.127;0.972;-0.4081;v25|SEASON|AT_LEAST_ONE_STRONG|1.50|P10
v25;SEASON;AT_LEAST_ONE_STRONG;1.1;11;86;426;162;588;72.449;56;19;75;74.6667;248;108;356;69.6629;178;54;232;76.7241;308;115;423;72.8132;2026-08-06;-0.2508;0.9665;-0.3524;v25|SEASON|AT_LEAST_ONE_STRONG|1.10|P11
v25;SEASON;AT_LEAST_ONE_STRONG;1.1;12;86;425;162;587;72.402;57;19;76;75.0;247;108;355;69.5775;178;54;232;76.7241;307;115;422;72.7488;2026-08-06;-0.2978;0.9665;-0.4168;v25|SEASON|AT_LEAST_ONE_STRONG|1.10|P12
v25;SEASON;AT_LEAST_ONE_STRONG;1.1;10;86;426;163;589;72.326;56;18;74;75.6757;248;109;357;69.4678;178;54;232;76.7241;308;116;424;72.6415;2026-08-06;-0.3738;0.9665;-0.5241;v25|SEASON|AT_LEAST_ONE_STRONG|1.10|P10
v25;SEASON;AWAY_STRONG;1.4;15;120;403;142;545;73.945;79;39;118;66.9492;235;91;326;72.0859;168;51;219;76.7123;292;101;393;74.3003;2026-08-06;1.2452;0.9547;1.1347;v25|SEASON|AWAY_STRONG|1.40|P15
v25;SEASON;AWAY_STRONG;1.4;14;120;404;143;547;73.8574;78;38;116;67.2414;236;92;328;71.9512;168;51;219;76.7123;293;101;394;74.3655;2026-08-06;1.1576;0.9547;1.1999;v25|SEASON|AWAY_STRONG|1.40|P14
v25;LAST5;BOTH_STRONG;1.4;6;50;459;167;626;73.3227;23;14;37;62.1622;268;109;377;71.0875;191;58;249;76.7068;334;119;453;73.7307;2026-08-06;0.6229;0.9492;0.5651;v25|LAST5|BOTH_STRONG|1.40|P6
v25;LAST5;BOTH_STRONG;1.5;6;50;459;167;626;73.3227;23;14;37;62.1622;268;109;377;71.0875;191;58;249;76.7068;334;119;453;73.7307;2026-08-06;0.6229;0.9492;0.5651;v25|LAST5|BOTH_STRONG|1.50|P6
v25;LAST5;BOTH_STRONG;1.4;7;50;458;167;625;73.28;24;14;38;63.1579;267;109;376;71.0106;191;58;249;76.7068;334;119;453;73.7307;2026-08-06;0.5802;0.9492;0.5651;v25|LAST5|BOTH_STRONG|1.40|P7
v25;LAST5;BOTH_STRONG;1.5;7;50;458;167;625;73.28;24;14;38;63.1579;267;109;376;71.0106;191;58;249;76.7068;334;119;453;73.7307;2026-08-06;0.5802;0.9492;0.5651;v25|LAST5|BOTH_STRONG|1.50|P7
v25;LAST5;AWAY_STRONG;1.2;2;128;457;168;625;73.12;25;13;38;65.7895;266;110;376;70.7447;191;58;249;76.7068;330;120;450;73.3333;2026-08-06;0.4202;0.9492;0.1677;v25|LAST5|AWAY_STRONG|1.20|P2
v25;LAST5;AWAY_STRONG;1.3;2;128;457;168;625;73.12;25;13;38;65.7895;266;110;376;70.7447;191;58;249;76.7068;330;120;450;73.3333;2026-08-06;0.4202;0.9492;0.1677;v25|LAST5|AWAY_STRONG|1.30|P2
v25;LAST5;AT_LEAST_ONE_STRONG;1.0;2;155;456;168;624;73.0769;26;13;39;66.6667;265;110;375;70.6667;191;58;249;76.7068;330;122;452;73.0088;2026-08-06;0.3771;0.9492;-0.1568;v25|LAST5|AT_LEAST_ONE_STRONG|1.00|P2
v25;LAST5;AT_LEAST_ONE_STRONG;1.1;2;155;456;168;624;73.0769;26;13;39;66.6667;265;110;375;70.6667;191;58;249;76.7068;330;122;452;73.0088;2026-08-06;0.3771;0.9492;-0.1568;v25|LAST5|AT_LEAST_ONE_STRONG|1.10|P2
v25;SEASON;AT_LEAST_ONE_STRONG;1.2;2;124;452;169;621;72.7858;30;12;42;71.4286;261;111;372;70.1613;191;58;249;76.7068;326;121;447;72.9306;2026-08-06;0.086;0.9492;-0.235;v25|SEASON|AT_LEAST_ONE_STRONG|1.20|P2
v25;SEASON;AT_LEAST_ONE_STRONG;1.6;6;354;330;113;443;74.4921;152;68;220;69.0909;195;72;267;73.0337;135;41;176;76.7045;244;83;327;74.6177;2026-08-06;1.7923;0.9469;1.4521;v25|SEASON|AT_LEAST_ONE_STRONG|1.60|P6
v25;SEASON;AWAY_STRONG;1.5;10;163;384;135;519;73.9884;98;46;144;68.0556;226;87;313;72.2045;158;48;206;76.699;276;97;373;73.9946;2026-08-06;1.2886;0.9414;0.829;v25|SEASON|AWAY_STRONG|1.50|P10
v25;LAST5;BOTH_STRONG;1.6;8;97;434;155;589;73.6842;48;26;74;64.8649;253;100;353;71.6714;181;55;236;76.6949;318;112;430;73.9535;2026-08-06;0.9844;0.9373;0.7879;v25|LAST5|BOTH_STRONG|1.60|P8
v25;SEASON;AT_LEAST_ONE_STRONG;1.3;14;168;365;136;501;72.8543;117;45;162;72.2222;217;91;308;70.4545;148;45;193;76.6839;262;99;361;72.5762;2026-08-06;0.1545;0.9263;-0.5894;v25|SEASON|AT_LEAST_ONE_STRONG|1.30|P14
v25;LAST5;BOTH_STRONG;1.4;4;50;466;168;634;73.5016;16;13;29;55.1724;272;109;381;71.3911;194;59;253;76.6798;339;120;459;73.8562;2026-08-06;0.8018;0.9222;0.6906;v25|LAST5|BOTH_STRONG|1.40|P4
v25;LAST5;BOTH_STRONG;1.5;4;50;466;168;634;73.5016;16;13;29;55.1724;272;109;381;71.3911;194;59;253;76.6798;339;120;459;73.8562;2026-08-06;0.8018;0.9222;0.6906;v25|LAST5|BOTH_STRONG|1.50|P4
v25;LAST5;BOTH_STRONG;1.4;5;50;465;168;633;73.4597;17;13;30;56.6667;271;109;380;71.3158;194;59;253;76.6798;339;120;459;73.8562;2026-08-06;0.7599;0.9222;0.6906;v25|LAST5|BOTH_STRONG|1.40|P5
v25;LAST5;BOTH_STRONG;1.5;5;50;465;168;633;73.4597;17;13;30;56.6667;271;109;380;71.3158;194;59;253;76.6798;339;120;459;73.8562;2026-08-06;0.7599;0.9222;0.6906;v25|LAST5|BOTH_STRONG|1.50|P5
v25;SEASON;AWAY_STRONG;1.3;2;79;465;170;635;73.2283;17;11;28;60.7143;271;111;382;70.9424;194;59;253;76.6798;334;120;454;73.5683;2026-08-06;0.5285;0.9222;0.4027;v25|SEASON|AWAY_STRONG|1.30|P2
v25;SEASON;AWAY_STRONG;1.1;6;36;463;171;634;73.0284;19;10;29;65.5172;269;112;381;70.6037;194;59;253;76.6798;334;120;454;73.5683;2026-08-06;0.3286;0.9222;0.4027;v25|SEASON|AWAY_STRONG|1.10|P6
v25;LAST5;AT_LEAST_ONE_STRONG;1.4;11;336;295;97;392;75.2551;187;84;271;69.0037;180;62;242;74.3802;115;35;150;76.6667;225;75;300;75.0;2026-08-06;2.5553;0.9091;1.8344;v25|LAST5|AT_LEAST_ONE_STRONG|1.40|P11
v25;LAST5;AT_LEAST_ONE_STRONG;1.5;11;336;295;97;392;75.2551;187;84;271;69.0037;180;62;242;74.3802;115;35;150;76.6667;225;75;300;75.0;2026-08-06;2.5553;0.9091;1.8344;v25|LAST5|AT_LEAST_ONE_STRONG|1.50|P11
v25;SEASON;AWAY_STRONG;1.4;5;120;437;156;593;73.6931;45;25;70;64.2857;253;100;353;71.6714;184;56;240;76.6667;316;109;425;74.3529;2026-08-06;0.9933;0.9091;1.1873;v25|SEASON|AWAY_STRONG|1.40|P5
v25;SEASON;AWAY_STRONG;1.3;7;79;441;161;602;73.2558;41;20;61;67.2131;257;105;362;70.9945;184;56;240;76.6667;318;114;432;73.6111;2026-08-06;0.556;0.9091;0.4455;v25|SEASON|AWAY_STRONG|1.30|P7
v25;SEASON;AT_LEAST_ONE_STRONG;1.0;3;65;468;174;642;72.8972;14;7;21;66.6667;271;114;385;70.3896;197;60;257;76.6537;338;123;461;73.3189;2026-08-06;0.1974;0.8961;0.1533;v25|SEASON|AT_LEAST_ONE_STRONG|1.00|P3
v25;SEASON;AWAY_STRONG;1.4;8;120;415;147;562;73.8434;67;34;101;66.3366;241;94;335;71.9403;174;53;227;76.652;300;105;405;74.0741;2026-08-06;1.1436;0.8944;0.9085;v25|SEASON|AWAY_STRONG|1.40|P8
v25;SEASON;AT_LEAST_ONE_STRONG;1.4;15;231;319;115;434;73.5023;163;66;229;71.179;191;76;267;71.5356;128;39;167;76.6467;231;84;315;73.3333;2026-08-06;0.8025;0.8891;0.1677;v25|SEASON|AT_LEAST_ONE_STRONG|1.40|P15
v25;SEASON;AWAY_STRONG;1.4;3;120;448;160;608;73.6842;34;21;55;61.8182;261;103;364;71.7033;187;57;244;76.6393;322;112;434;74.1935;2026-08-06;0.9844;0.8817;1.0279;v25|SEASON|AWAY_STRONG|1.40|P3
v25;SEASON;AWAY_STRONG;1.2;7;55;450;167;617;72.9335;32;14;46;69.5652;263;110;373;70.5094;187;57;244;76.6393;326;118;444;73.4234;2026-08-06;0.2337;0.8817;0.2578;v25|SEASON|AWAY_STRONG|1.20|P7
v25;SEASON;AWAY_STRONG;1.6;13;202;355;119;474;74.8945;127;62;189;67.1958;214;76;290;73.7931;141;43;184;76.6304;254;87;341;74.4868;2026-08-06;2.1947;0.8728;1.3212;v25|SEASON|AWAY_STRONG|1.60|P13
v25;SEASON;HOME_STRONG;1.5;14;162;365;144;509;71.7092;117;37;154;75.974;211;97;308;68.5065;154;47;201;76.6169;270;105;375;72.0;2026-08-06;-0.9906;0.8593;-1.1656;v25|SEASON|HOME_STRONG|1.50|P14
v25;LAST5;BOTH_STRONG;1.4;8;50;457;166;623;73.3547;25;15;40;62.5;267;108;375;71.2;190;58;248;76.6129;333;119;452;73.6726;2026-08-06;0.6549;0.8553;0.507;v25|LAST5|BOTH_STRONG|1.40|P8
v25;LAST5;BOTH_STRONG;1.5;8;50;457;166;623;73.3547;25;15;40;62.5;267;108;375;71.2;190;58;248;76.6129;333;119;452;73.6726;2026-08-06;0.6549;0.8553;0.507;v25|LAST5|BOTH_STRONG|1.50|P8
v25;LAST5;AWAY_STRONG;1.2;3;128;454;167;621;73.1079;28;14;42;66.6667;264;109;373;70.7775;190;58;248;76.6129;328;119;447;73.3781;2026-08-06;0.4081;0.8553;0.2125;v25|LAST5|AWAY_STRONG|1.20|P3
v25;LAST5;AWAY_STRONG;1.3;3;128;454;167;621;73.1079;28;14;42;66.6667;264;109;373;70.7775;190;58;248;76.6129;328;119;447;73.3781;2026-08-06;0.4081;0.8553;0.2125;v25|LAST5|AWAY_STRONG|1.30|P3
v25;LAST5;AWAY_STRONG;1.6;1;265;457;169;626;73.0032;25;12;37;67.5676;267;111;378;70.6349;190;58;248;76.6129;331;120;451;73.3925;2026-08-06;0.3034;0.8553;0.2269;v25|LAST5|AWAY_STRONG|1.60|P1
v25;SEASON;AT_LEAST_ONE_STRONG;1.4;4;231;398;146;544;73.1618;84;35;119;70.5882;231;95;326;70.8589;167;51;218;76.6055;289;104;393;73.5369;2026-08-06;0.462;0.8479;0.3713;v25|SEASON|AT_LEAST_ONE_STRONG|1.40|P4
v25;SEASON;AT_LEAST_ONE_STRONG;1.2;4;124;434;164;598;72.5753;48;17;65;73.8462;254;109;363;69.9725;180;55;235;76.5957;314;116;430;73.0233;2026-08-06;-0.1245;0.8381;-0.1423;v25|SEASON|AT_LEAST_ONE_STRONG|1.20|P4
v25;SEASON;BOTH_STRONG;1.6;4;50;461;167;628;73.4076;21;14;35;60.0;268;108;376;71.2766;193;59;252;76.5873;333;119;452;73.6726;2026-08-06;0.7078;0.8297;0.507;v25|SEASON|BOTH_STRONG|1.60|P4
v25;LAST5;AWAY_STRONG;1.0;2;81;465;171;636;73.1132;17;10;27;62.963;272;112;384;70.8333;193;59;252;76.5873;336;123;459;73.2026;2026-08-06;0.4134;0.8297;0.037;v25|LAST5|AWAY_STRONG|1.00|P2
v25;LAST5;AWAY_STRONG;1.1;2;81;465;171;636;73.1132;17;10;27;62.963;272;112;384;70.8333;193;59;252;76.5873;336;123;459;73.2026;2026-08-06;0.4134;0.8297;0.037;v25|LAST5|AWAY_STRONG|1.10|P2
v25;LAST5;AWAY_STRONG;0.8;5;43;467;173;640;72.9688;15;8;23;65.2174;274;114;388;70.6186;193;59;252;76.5873;340;125;465;73.1183;2026-08-06;0.269;0.8297;-0.0473;v25|LAST5|AWAY_STRONG|0.80|P5
v25;SEASON;AWAY_STRONG;1.1;7;36;461;171;632;72.943;21;10;31;67.7419;268;112;380;70.5263;193;59;252;76.5873;332;120;452;73.4513;2026-08-06;0.2432;0.8297;0.2857;v25|SEASON|AWAY_STRONG|1.10|P7
v25;SEASON;AWAY_STRONG;1.5;11;163;383;135;518;73.9382;99;46;145;68.2759;226;87;313;72.2045;157;48;205;76.5854;276;97;373;73.9946;2026-08-06;1.2384;0.8278;0.829;v25|SEASON|AWAY_STRONG|1.50|P11
v25;SEASON;AT_LEAST_ONE_STRONG;1.5;11;295;297;111;408;72.7941;185;70;255;72.549;176;74;250;70.4;121;37;158;76.5823;218;81;299;72.9097;2026-08-06;0.0943;0.8247;-0.2559;v25|SEASON|AT_LEAST_ONE_STRONG|1.50|P11
v25;SEASON;AT_LEAST_ONE_STRONG;1.3;5;168;412;152;564;73.0496;70;29;99;70.7071;242;100;342;70.7602;170;52;222;76.5766;298;108;406;73.399;2026-08-06;0.3498;0.819;0.2334;v25|SEASON|AT_LEAST_ONE_STRONG|1.30|P5
v25;SEASON;HOME_STRONG;1.6;3;202;430;158;588;73.1293;52;23;75;69.3333;247;102;349;70.7736;183;56;239;76.569;316;115;431;73.3179;2026-08-06;0.4295;0.8114;0.1523;v25|SEASON|HOME_STRONG|1.60|P3
v25;LAST5;AT_LEAST_ONE_STRONG;0.8;6;88;445;164;609;73.0706;37;17;54;68.5185;262;108;370;70.8108;183;56;239;76.569;326;120;446;73.0942;2026-08-06;0.3708;0.8114;-0.0714;v25|LAST5|AT_LEAST_ONE_STRONG|0.80|P6
v25;SEASON;AWAY_STRONG;1.2;12;55;444;165;609;72.9064;38;16;54;70.3704;261;109;370;70.5405;183;56;239;76.569;320;117;437;73.2265;2026-08-06;0.2066;0.8114;0.0609;v25|SEASON|AWAY_STRONG|1.20|P12
v25;SEASON;AWAY_STRONG;1.2;13;55;444;165;609;72.9064;38;16;54;70.3704;261;109;370;70.5405;183;56;239;76.569;320;117;437;73.2265;2026-08-06;0.2066;0.8114;0.0609;v25|SEASON|AWAY_STRONG|1.20|P13
v25;SEASON;AWAY_STRONG;1.2;14;55;444;165;609;72.9064;38;16;54;70.3704;261;109;370;70.5405;183;56;239;76.569;320;117;437;73.2265;2026-08-06;0.2066;0.8114;0.0609;v25|SEASON|AWAY_STRONG|1.20|P14
v25;SEASON;AWAY_STRONG;1.2;15;55;444;165;609;72.9064;38;16;54;70.3704;261;109;370;70.5405;183;56;239;76.569;320;117;437;73.2265;2026-08-06;0.2066;0.8114;0.0609;v25|SEASON|AWAY_STRONG|1.20|P15
v25;SEASON;AWAY_STRONG;1.1;5;36;467;172;639;73.0829;15;9;24;62.5;271;112;383;70.7572;196;60;256;76.5625;337;121;458;73.5808;2026-08-06;0.3831;0.8049;0.4152;v25|SEASON|AWAY_STRONG|1.10|P5
v25;LAST5;AT_LEAST_ONE_STRONG;0.8;14;88;425;156;581;73.1497;57;25;82;69.5122;252;103;355;70.9859;173;53;226;76.5487;314;115;429;73.1935;2026-08-06;0.4499;0.7911;0.0279;v25|LAST5|AT_LEAST_ONE_STRONG|0.80|P14
v25;LAST5;HOME_STRONG;1.2;4;140;441;164;605;72.8926;41;17;58;70.6897;255;107;362;70.442;186;57;243;76.5432;326;120;446;73.0942;2026-08-06;0.1928;0.7856;-0.0714;v25|LAST5|HOME_STRONG|1.20|P4
v25;LAST5;HOME_STRONG;1.3;4;140;441;164;605;72.8926;41;17;58;70.6897;255;107;362;70.442;186;57;243;76.5432;326;120;446;73.0942;2026-08-06;0.1928;0.7856;-0.0714;v25|LAST5|HOME_STRONG|1.30|P4
v25;SEASON;AT_LEAST_ONE_STRONG;1.0;7;65;443;168;611;72.5041;39;13;52;75.0;257;111;368;69.837;186;57;243;76.5432;319;117;436;73.1651;2026-08-06;-0.1957;0.7856;-0.0005;v25|SEASON|AT_LEAST_ONE_STRONG|1.00|P7
v25;SEASON;AWAY_STRONG;1.1;2;36;473;176;649;72.8814;9;5;14;64.2857;274;115;389;70.437;199;61;260;76.5385;341;124;465;73.3333;2026-08-06;0.1816;0.7809;0.1677;v25|SEASON|AWAY_STRONG|1.10|P2
v25;SEASON;AT_LEAST_ONE_STRONG;1.0;2;65;470;176;646;72.7554;12;5;17;70.5882;271;115;386;70.2073;199;61;260;76.5385;339;125;464;73.0603;2026-08-06;0.0556;0.7809;-0.1053;v25|SEASON|AT_LEAST_ONE_STRONG|1.00|P2
v25;SEASON;AT_LEAST_ONE_STRONG;1.4;7;231;362;132;494;73.2794;120;49;169;71.0059;212;86;298;71.1409;150;46;196;76.5306;264;94;358;73.743;2026-08-06;0.5796;0.773;0.5774;v25|SEASON|AT_LEAST_ONE_STRONG|1.40|P7
v25;SEASON;AWAY_STRONG;1.3;5;79;454;165;619;73.3441;28;16;44;63.6364;265;107;372;71.2366;189;58;247;76.5182;327;116;443;73.8149;2026-08-06;0.6443;0.7606;0.6493;v25|SEASON|AWAY_STRONG|1.30|P5
v25;SEASON;AT_LEAST_ONE_STRONG;1.6;7;354;314;108;422;74.4076;168;73;241;69.7095;187;69;256;73.0469;127;39;166;76.506;235;80;315;74.6032;2026-08-06;1.7078;0.7484;1.4376;v25|SEASON|AT_LEAST_ONE_STRONG|1.60|P7
v25;SEASON;AWAY_STRONG;1.6;14;202;353;117;470;75.1064;129;64;193;66.8394;213;74;287;74.216;140;43;183;76.5027;254;86;340;74.7059;2026-08-06;2.4066;0.7451;1.5403;v25|SEASON|AWAY_STRONG|1.60|P14
v25;SEASON;HOME_STRONG;1.6;6;202;392;146;538;72.8625;90;35;125;72.0;226;95;321;70.405;166;51;217;76.4977;290;107;397;73.0479;2026-08-06;0.1627;0.7401;-0.1177;v25|SEASON|HOME_STRONG|1.60|P6
v25;SEASON;AWAY_STRONG;1.4;6;120;426;152;578;73.7024;56;29;85;65.8824;247;97;344;71.8023;179;55;234;76.4957;308;107;415;74.2169;2026-08-06;1.0026;0.7381;1.0513;v25|SEASON|AWAY_STRONG|1.40|P6
v25;LAST5;HOME_STRONG;1.4;4;195;425;157;582;73.0241;57;24;81;70.3704;246;102;348;70.6897;179;55;234;76.4957;314;114;428;73.3645;2026-08-06;0.3243;0.7381;0.1989;v25|LAST5|HOME_STRONG|1.40|P4
v25;LAST5;HOME_STRONG;1.5;4;195;425;157;582;73.0241;57;24;81;70.3704;246;102;348;70.6897;179;55;234;76.4957;314;114;428;73.3645;2026-08-06;0.3243;0.7381;0.1989;v25|LAST5|HOME_STRONG|1.50|P4
v25;LAST5;AWAY_STRONG;1.0;3;81;463;170;633;73.1438;19;11;30;63.3333;271;111;382;70.9424;192;59;251;76.494;334;122;456;73.2456;2026-08-06;0.444;0.7364;0.08;v25|LAST5|AWAY_STRONG|1.00|P3
v25;LAST5;AWAY_STRONG;1.1;3;81;463;170;633;73.1438;19;11;30;63.3333;271;111;382;70.9424;192;59;251;76.494;334;122;456;73.2456;2026-08-06;0.444;0.7364;0.08;v25|LAST5|AWAY_STRONG|1.10|P3
v25;SEASON;AWAY_STRONG;1.1;8;36;460;170;630;73.0159;22;11;33;66.6667;268;111;379;70.7124;192;59;251;76.494;331;120;451;73.3925;2026-08-06;0.3161;0.7364;0.2269;v25|SEASON|AWAY_STRONG|1.10|P8
v25;LAST5;HOME_STRONG;1.2;3;140;453;170;623;72.7127;29;11;40;72.5;261;111;372;70.1613;192;59;251;76.494;333;124;457;72.8665;2026-08-06;0.0129;0.7364;-0.2991;v25|LAST5|HOME_STRONG|1.20|P3
v25;LAST5;HOME_STRONG;1.3;3;140;453;170;623;72.7127;29;11;40;72.5;261;111;372;70.1613;192;59;251;76.494;333;124;457;72.8665;2026-08-06;0.0129;0.7364;-0.2991;v25|LAST5|HOME_STRONG|1.30|P3
v25;SEASON;AWAY_STRONG;1.4;12;120;406;145;551;73.6842;76;36;112;67.8571;237;93;330;71.8182;169;52;221;76.4706;294;103;397;74.0554;2026-08-06;0.9844;0.713;0.8898;v25|SEASON|AWAY_STRONG|1.40|P12
v25;SEASON;BOTH_STRONG;1.6;3;50;465;169;634;73.3438;17;12;29;58.6207;270;109;379;71.2401;195;60;255;76.4706;335;120;455;73.6264;2026-08-06;0.644;0.713;0.4608;v25|SEASON|BOTH_STRONG|1.60|P3
v25;LAST5;BOTH_STRONG;1.4;3;50;468;171;639;73.2394;14;10;24;58.3333;273;111;384;71.0938;195;60;255;76.4706;339;121;460;73.6957;2026-08-06;0.5396;0.713;0.5301;v25|LAST5|BOTH_STRONG|1.40|P3
v25;LAST5;BOTH_STRONG;1.5;3;50;468;171;639;73.2394;14;10;24;58.3333;273;111;384;71.0938;195;60;255;76.4706;339;121;460;73.6957;2026-08-06;0.5396;0.713;0.5301;v25|LAST5|BOTH_STRONG|1.50|P3
v25;SEASON;BOTH_STRONG;1.5;7;30;464;171;635;73.0709;18;10;28;64.2857;269;111;380;70.7895;195;60;255;76.4706;337;122;459;73.4205;2026-08-06;0.3711;0.713;0.2549;v25|SEASON|BOTH_STRONG|1.50|P7
v25;SEASON;AWAY_STRONG;1.4;4;120;442;160;602;73.4219;40;21;61;65.5738;257;103;360;71.3889;185;57;242;76.4463;318;112;430;73.9535;2026-08-06;0.7221;0.6887;0.7879;v25|SEASON|AWAY_STRONG|1.40|P4
v25;SEASON;AWAY_STRONG;1.3;6;79;445;162;607;73.3114;37;19;56;66.0714;260;105;365;71.2329;185;57;242;76.4463;320;115;435;73.5632;2026-08-06;0.6116;0.6887;0.3976;v25|SEASON|AWAY_STRONG|1.30|P6
v25;SEASON;AWAY_STRONG;1.2;8;55;447;166;613;72.9201;35;15;50;70.0;262;109;371;70.6199;185;57;242;76.4463;323;118;441;73.2426;2026-08-06;0.2203;0.6887;0.077;v25|SEASON|AWAY_STRONG|1.20|P8
v25;SEASON;AT_LEAST_ONE_STRONG;1.0;8;65;441;168;609;72.4138;41;13;54;75.9259;256;111;367;69.7548;185;57;242;76.4463;317;117;434;73.0415;2026-08-06;-0.286;0.6887;-0.1241;v25|SEASON|AT_LEAST_ONE_STRONG|1.00|P8
v25;SEASON;AWAY_STRONG;1.4;9;120;411;147;558;73.6559;71;34;105;67.619;239;94;333;71.7718;172;53;225;76.4444;297;105;402;73.8806;2026-08-06;0.9561;0.6868;0.715;v25|SEASON|AWAY_STRONG|1.40|P9
v25;SEASON;AWAY_STRONG;1.6;9;202;365;125;490;74.4898;117;56;173;67.6301;219;80;299;73.2441;146;45;191;76.4398;262;91;353;74.221;2026-08-06;1.79;0.6822;1.0554;v25|SEASON|AWAY_STRONG|1.60|P9
v25;SEASON;AT_LEAST_ONE_STRONG;1.5;8;295;318;118;436;72.9358;164;63;227;72.2467;185;77;262;70.6107;133;41;174;76.4368;233;86;319;73.0408;2026-08-06;0.236;0.6792;-0.1248;v25|SEASON|AT_LEAST_ONE_STRONG|1.50|P8
v25;LAST5;BOTH_STRONG;1.6;3;97;451;165;616;73.2143;31;16;47;65.9574;263;107;370;71.0811;188;58;246;76.4228;327;117;444;73.6486;2026-08-06;0.5145;0.6652;0.483;v25|LAST5|BOTH_STRONG|1.60|P3
v25;SEASON;AWAY_STRONG;1.2;6;55;454;168;622;72.9904;28;13;41;68.2927;266;110;376;70.7447;188;58;246;76.4228;328;119;447;73.3781;2026-08-06;0.2906;0.6652;0.2125;v25|SEASON|AWAY_STRONG|1.20|P6
v25;LAST5;HOME_STRONG;1.4;5;195;417;154;571;73.0298;65;27;92;70.6522;242;100;342;70.7602;175;54;229;76.4192;309;112;421;73.3967;2026-08-06;0.33;0.6616;0.2311;v25|LAST5|HOME_STRONG|1.40|P5
v25;LAST5;HOME_STRONG;1.5;5;195;417;154;571;73.0298;65;27;92;70.6522;242;100;342;70.7602;175;54;229;76.4192;309;112;421;73.3967;2026-08-06;0.33;0.6616;0.2311;v25|LAST5|HOME_STRONG|1.50|P5
v25;SEASON;HOME_STRONG;1.6;7;202;382;143;525;72.7619;100;38;138;72.4638;220;93;313;70.2875;162;50;212;76.4151;284;105;389;73.0077;2026-08-06;0.0621;0.6575;-0.1579;v25|SEASON|HOME_STRONG|1.60|P7
v25;LAST5;AT_LEAST_ONE_STRONG;1.2;8;241;361;130;491;73.5234;121;51;172;70.3488;212;84;296;71.6216;149;46;195;76.4103;272;100;372;73.1183;2026-08-06;0.8236;0.6527;-0.0473;v25|LAST5|AT_LEAST_ONE_STRONG|1.20|P8
v25;LAST5;AT_LEAST_ONE_STRONG;1.3;8;241;361;130;491;73.5234;121;51;172;70.3488;212;84;296;71.6216;149;46;195;76.4103;272;100;372;73.1183;2026-08-06;0.8236;0.6527;-0.0473;v25|LAST5|AT_LEAST_ONE_STRONG|1.30|P8
v25;SEASON;AWAY_STRONG;1.3;3;79;460;169;629;73.132;22;12;34;64.7059;269;110;379;70.9763;191;59;250;76.4;330;119;449;73.4967;2026-08-06;0.4322;0.6424;0.3311;v25|SEASON|AWAY_STRONG|1.30|P3
v25;SEASON;AT_LEAST_ONE_STRONG;1.5;1;295;454;167;621;73.1079;28;14;42;66.6667;263;108;371;70.8895;191;59;250;76.4;328;120;448;73.2143;2026-08-06;0.4081;0.6424;0.0487;v25|SEASON|AT_LEAST_ONE_STRONG|1.50|P1
v25;SEASON;AWAY_STRONG;1.1;9;36;459;170;629;72.973;23;11;34;67.6471;268;111;379;70.7124;191;59;250;76.4;330;120;450;73.3333;2026-08-06;0.2732;0.6424;0.1677;v25|SEASON|AWAY_STRONG|1.10|P9
v25;SEASON;AWAY_STRONG;1.1;10;36;459;170;629;72.973;23;11;34;67.6471;268;111;379;70.7124;191;59;250;76.4;330;120;450;73.3333;2026-08-06;0.2732;0.6424;0.1677;v25|SEASON|AWAY_STRONG|1.10|P10
v25;SEASON;AWAY_STRONG;1.1;11;36;459;170;629;72.973;23;11;34;67.6471;268;111;379;70.7124;191;59;250;76.4;330;120;450;73.3333;2026-08-06;0.2732;0.6424;0.1677;v25|SEASON|AWAY_STRONG|1.10|P11
v25;LAST5;HOME_STRONG;1.4;2;195;450;167;617;72.9335;32;14;46;69.5652;259;108;367;70.5722;191;59;250;76.4;328;121;449;73.0512;2026-08-06;0.2337;0.6424;-0.1144;v25|LAST5|HOME_STRONG|1.40|P2
v25;LAST5;HOME_STRONG;1.5;2;195;450;167;617;72.9335;32;14;46;69.5652;259;108;367;70.5722;191;59;250;76.4;328;121;449;73.0512;2026-08-06;0.2337;0.6424;-0.1144;v25|LAST5|HOME_STRONG|1.50|P2
v25;SEASON;AWAY_STRONG;1.1;12;36;458;170;628;72.9299;24;11;35;68.5714;267;111;378;70.6349;191;59;250;76.4;329;120;449;73.2739;2026-08-06;0.2301;0.6424;0.1083;v25|SEASON|AWAY_STRONG|1.10|P12
v25;SEASON;AWAY_STRONG;1.1;13;36;458;170;628;72.9299;24;11;35;68.5714;267;111;378;70.6349;191;59;250;76.4;329;120;449;73.2739;2026-08-06;0.2301;0.6424;0.1083;v25|SEASON|AWAY_STRONG|1.10|P13
v25;SEASON;AWAY_STRONG;1.1;14;36;458;170;628;72.9299;24;11;35;68.5714;267;111;378;70.6349;191;59;250;76.4;329;120;449;73.2739;2026-08-06;0.2301;0.6424;0.1083;v25|SEASON|AWAY_STRONG|1.10|P14
v25;SEASON;AWAY_STRONG;1.1;15;36;458;170;628;72.9299;24;11;35;68.5714;267;111;378;70.6349;191;59;250;76.4;329;120;449;73.2739;2026-08-06;0.2301;0.6424;0.1083;v25|SEASON|AWAY_STRONG|1.10|P15
v25;SEASON;HOME_STRONG;1.1;5;50;457;175;632;72.3101;25;6;31;80.6452;266;116;382;69.6335;191;59;250;76.4;332;125;457;72.6477;2026-08-06;-0.3897;0.6424;-0.5179;v25|SEASON|HOME_STRONG|1.10|P5
v25;LAST5;BOTH_STRONG;1.2;9;27;465;172;637;72.9984;17;9;26;65.3846;271;112;383;70.7572;194;60;254;76.378;340;125;465;73.1183;2026-08-06;0.2986;0.6204;-0.0473;v25|LAST5|BOTH_STRONG|1.20|P9
v25;LAST5;BOTH_STRONG;1.2;10;27;465;172;637;72.9984;17;9;26;65.3846;271;112;383;70.7572;194;60;254;76.378;340;125;465;73.1183;2026-08-06;0.2986;0.6204;-0.0473;v25|LAST5|BOTH_STRONG|1.20|P10
v25;LAST5;BOTH_STRONG;1.2;11;27;465;172;637;72.9984;17;9;26;65.3846;271;112;383;70.7572;194;60;254;76.378;340;125;465;73.1183;2026-08-06;0.2986;0.6204;-0.0473;v25|LAST5|BOTH_STRONG|1.20|P11
v25;LAST5;BOTH_STRONG;1.2;12;27;465;172;637;72.9984;17;9;26;65.3846;271;112;383;70.7572;194;60;254;76.378;340;125;465;73.1183;2026-08-06;0.2986;0.6204;-0.0473;v25|LAST5|BOTH_STRONG|1.20|P12
v25;LAST5;BOTH_STRONG;1.2;13;27;465;172;637;72.9984;17;9;26;65.3846;271;112;383;70.7572;194;60;254;76.378;340;125;465;73.1183;2026-08-06;0.2986;0.6204;-0.0473;v25|LAST5|BOTH_STRONG|1.20|P13
v25;LAST5;BOTH_STRONG;1.3;9;27;465;172;637;72.9984;17;9;26;65.3846;271;112;383;70.7572;194;60;254;76.378;340;125;465;73.1183;2026-08-06;0.2986;0.6204;-0.0473;v25|LAST5|BOTH_STRONG|1.30|P9
v25;LAST5;BOTH_STRONG;1.3;10;27;465;172;637;72.9984;17;9;26;65.3846;271;112;383;70.7572;194;60;254;76.378;340;125;465;73.1183;2026-08-06;0.2986;0.6204;-0.0473;v25|LAST5|BOTH_STRONG|1.30|P10
v25;LAST5;BOTH_STRONG;1.3;11;27;465;172;637;72.9984;17;9;26;65.3846;271;112;383;70.7572;194;60;254;76.378;340;125;465;73.1183;2026-08-06;0.2986;0.6204;-0.0473;v25|LAST5|BOTH_STRONG|1.30|P11
v25;LAST5;BOTH_STRONG;1.3;12;27;465;172;637;72.9984;17;9;26;65.3846;271;112;383;70.7572;194;60;254;76.378;340;125;465;73.1183;2026-08-06;0.2986;0.6204;-0.0473;v25|LAST5|BOTH_STRONG|1.30|P12
v25;LAST5;BOTH_STRONG;1.3;13;27;465;172;637;72.9984;17;9;26;65.3846;271;112;383;70.7572;194;60;254;76.378;340;125;465;73.1183;2026-08-06;0.2986;0.6204;-0.0473;v25|LAST5|BOTH_STRONG|1.30|P13
v25;LAST5;BOTH_STRONG;1.2;14;27;464;172;636;72.956;18;9;27;66.6667;270;112;382;70.6806;194;60;254;76.378;340;125;465;73.1183;2026-08-06;0.2562;0.6204;-0.0473;v25|LAST5|BOTH_STRONG|1.20|P14
v25;LAST5;BOTH_STRONG;1.2;15;27;464;172;636;72.956;18;9;27;66.6667;270;112;382;70.6806;194;60;254;76.378;340;125;465;73.1183;2026-08-06;0.2562;0.6204;-0.0473;v25|LAST5|BOTH_STRONG|1.20|P15
v25;LAST5;BOTH_STRONG;1.3;14;27;464;172;636;72.956;18;9;27;66.6667;270;112;382;70.6806;194;60;254;76.378;340;125;465;73.1183;2026-08-06;0.2562;0.6204;-0.0473;v25|LAST5|BOTH_STRONG|1.30|P14
v25;LAST5;BOTH_STRONG;1.3;15;27;464;172;636;72.956;18;9;27;66.6667;270;112;382;70.6806;194;60;254;76.378;340;125;465;73.1183;2026-08-06;0.2562;0.6204;-0.0473;v25|LAST5|BOTH_STRONG|1.30|P15
v25;SEASON;AWAY_STRONG;1.2;2;55;468;174;642;72.8972;14;7;21;66.6667;274;114;388;70.6186;194;60;254;76.378;336;123;459;73.2026;2026-08-06;0.1974;0.6204;0.037;v25|SEASON|AWAY_STRONG|1.20|P2
v25;LAST5;AT_LEAST_ONE_STRONG;1.0;1;155;468;174;642;72.8972;14;7;21;66.6667;274;114;388;70.6186;194;60;254;76.378;339;126;465;72.9032;2026-08-06;0.1974;0.6204;-0.2624;v25|LAST5|AT_LEAST_ONE_STRONG|1.00|P1
v25;LAST5;AT_LEAST_ONE_STRONG;1.1;1;155;468;174;642;72.8972;14;7;21;66.6667;274;114;388;70.6186;194;60;254;76.378;339;126;465;72.9032;2026-08-06;0.1974;0.6204;-0.2624;v25|LAST5|AT_LEAST_ONE_STRONG|1.10|P1
v25;SEASON;HOME_STRONG;1.0;5;37;465;176;641;72.5429;17;5;22;77.2727;271;116;387;70.0258;194;60;254;76.378;336;125;461;72.885;2026-08-06;-0.1569;0.6204;-0.2806;v25|SEASON|HOME_STRONG|1.00|P5
v25;SEASON;AWAY_STRONG;1.6;15;202;350;116;466;75.1073;132;65;197;67.0051;211;73;284;74.2958;139;43;182;76.3736;251;86;337;74.4807;2026-08-06;2.4075;0.616;1.3151;v25|SEASON|AWAY_STRONG|1.60|P15
v25;SEASON;AWAY_STRONG;1.3;8;79;437;159;596;73.3221;45;22;67;67.1642;256;103;359;71.3092;181;56;237;76.3713;314;114;428;73.3645;2026-08-06;0.6223;0.6137;0.1989;v25|SEASON|AWAY_STRONG|1.30|P8
v25;LAST5;AT_LEAST_ONE_STRONG;0.8;2;88;472;175;647;72.9521;10;6;16;62.5;275;114;389;70.6941;197;61;258;76.3566;343;126;469;73.1343;2026-08-06;0.2523;0.599;-0.0313;v25|LAST5|AT_LEAST_ONE_STRONG|0.80|P2
v25;SEASON;AWAY_STRONG;1.1;3;36;471;175;646;72.9102;11;6;17;64.7059;274;114;388;70.6186;197;61;258;76.3566;339;123;462;73.3766;2026-08-06;0.2104;0.599;0.211;v25|SEASON|AWAY_STRONG|1.10|P3
v25;SEASON;AWAY_STRONG;1.1;4;36;470;175;645;72.8682;12;6;18;66.6667;273;114;387;70.5426;197;61;258;76.3566;338;123;461;73.3189;2026-08-06;0.1684;0.599;0.1533;v25|SEASON|AWAY_STRONG|1.10|P4
v25;LAST5;AWAY_STRONG;0.8;2;43;475;177;652;72.8528;7;4;11;63.6364;278;116;394;70.5584;197;61;258;76.3566;345;126;471;73.2484;2026-08-06;0.153;0.599;0.0828;v25|LAST5|AWAY_STRONG|0.80|P2
v25;SEASON;AWAY_STRONG;1.2;9;55;446;166;612;72.8758;36;15;51;70.5882;262;109;371;70.6199;184;57;241;76.3485;322;118;440;73.1818;2026-08-06;0.176;0.5909;0.0162;v25|SEASON|AWAY_STRONG|1.20|P9
v25;SEASON;AWAY_STRONG;1.2;10;55;446;166;612;72.8758;36;15;51;70.5882;262;109;371;70.6199;184;57;241;76.3485;322;118;440;73.1818;2026-08-06;0.176;0.5909;0.0162;v25|SEASON|AWAY_STRONG|1.20|P10
v25;SEASON;AWAY_STRONG;1.2;11;55;446;166;612;72.8758;36;15;51;70.5882;262;109;371;70.6199;184;57;241;76.3485;322;118;440;73.1818;2026-08-06;0.176;0.5909;0.0162;v25|SEASON|AWAY_STRONG|1.20|P11
v25;SEASON;AT_LEAST_ONE_STRONG;1.0;9;65;440;168;608;72.3684;42;13;55;76.3636;256;111;367;69.7548;184;57;241;76.3485;316;117;433;72.9792;2026-08-06;-0.3314;0.5909;-0.1864;v25|SEASON|AT_LEAST_ONE_STRONG|1.00|P9
v25;SEASON;HOME_STRONG;1.6;14;202;343;133;476;72.0588;139;48;187;74.3316;201;89;290;69.3103;142;44;186;76.3441;254;99;353;71.9547;2026-08-06;-0.641;0.5865;-1.2109;v25|SEASON|HOME_STRONG|1.60|P14
v25;SEASON;AWAY_STRONG;1.4;10;120;409;146;555;73.6937;73;35;108;67.5926;238;93;331;71.9033;171;53;224;76.3393;296;104;400;74.0;2026-08-06;0.9939;0.5817;0.8344;v25|SEASON|AWAY_STRONG|1.40|P10
v25;LAST5;AT_LEAST_ONE_STRONG;0.8;15;88;422;154;576;73.2639;60;27;87;68.9655;251;101;352;71.3068;171;53;224;76.3393;311;114;425;73.1765;2026-08-06;0.5641;0.5817;0.0109;v25|LAST5|AT_LEAST_ONE_STRONG|0.80|P15
v25;SEASON;AWAY_STRONG;1.0;2;28;476;178;654;72.7829;6;3;9;66.6667;276;116;392;70.4082;200;62;262;76.3359;344;125;469;73.3475;2026-08-06;0.0831;0.5783;0.1819;v25|SEASON|AWAY_STRONG|1.00|P2
v25;LAST5;AT_LEAST_ONE_STRONG;0.8;5;88;451;167;618;72.9773;31;14;45;68.8889;264;109;373;70.7775;187;58;245;76.3265;331;122;453;73.0684;2026-08-06;0.2775;0.5689;-0.0972;v25|LAST5|AT_LEAST_ONE_STRONG|0.80|P5
v25;SEASON;HOME_STRONG;1.6;2;202;440;165;605;72.7273;42;16;58;72.4138;253;107;360;70.2778;187;58;245;76.3265;321;121;442;72.6244;2026-08-06;0.0275;0.5689;-0.5412;v25|SEASON|HOME_STRONG|1.60|P2
v25;SEASON;AT_LEAST_ONE_STRONG;1.3;15;168;362;134;496;72.9839;120;47;167;71.8563;217;89;306;70.915;145;45;190;76.3158;259;98;357;72.549;2026-08-06;0.2841;0.5582;-0.6166;v25|SEASON|AT_LEAST_ONE_STRONG|1.30|P15
v25;SEASON;AT_LEAST_ONE_STRONG;1.3;4;168;421;157;578;72.8374;61;24;85;71.7647;247;103;350;70.5714;174;54;228;76.3158;304;112;416;73.0769;2026-08-06;0.1376;0.5582;-0.0887;v25|SEASON|AT_LEAST_ONE_STRONG|1.30|P4
v25;SEASON;HOME_STRONG;1.6;4;202;410;153;563;72.8242;72;28;100;72.0;236;99;335;70.4478;174;54;228;76.3158;302;112;414;72.9469;2026-08-06;0.1244;0.5582;-0.2187;v25|SEASON|HOME_STRONG|1.60|P4
v25;SEASON;AWAY_STRONG;1.3;4;79;458;169;627;73.0463;24;12;36;66.6667;268;110;378;70.8995;190;59;249;76.3052;329;119;448;73.4375;2026-08-06;0.3465;0.5476;0.2719;v25|SEASON|AWAY_STRONG|1.30|P4
v25;SEASON;AWAY_STRONG;1.2;5;55;460;170;630;73.0159;22;11;33;66.6667;270;111;381;70.8661;190;59;249;76.3052;332;120;452;73.4513;2026-08-06;0.3161;0.5476;0.2857;v25|SEASON|AWAY_STRONG|1.20|P5
v25;LAST5;HOME_STRONG;1.2;14;140;390;145;535;72.8972;92;36;128;71.875;229;95;324;70.679;161;50;211;76.3033;291;108;399;72.9323;2026-08-06;0.1974;0.5457;-0.2333;v25|LAST5|HOME_STRONG|1.20|P14
v25;LAST5;HOME_STRONG;1.3;14;140;390;145;535;72.8972;92;36;128;71.875;229;95;324;70.679;161;50;211;76.3033;291;108;399;72.9323;2026-08-06;0.1974;0.5457;-0.2333;v25|LAST5|HOME_STRONG|1.30|P14
v25;SEASON;AT_LEAST_ONE_STRONG;1.3;13;168;367;137;504;72.8175;115;44;159;72.327;219;91;310;70.6452;148;46;194;76.2887;264;100;364;72.5275;2026-08-06;0.1177;0.5311;-0.6381;v25|SEASON|AT_LEAST_ONE_STRONG|1.30|P13
v25;SEASON;HOME_STRONG;1.6;10;202;359;138;497;72.2334;123;43;166;74.0964;211;92;303;69.637;148;46;194;76.2887;266;101;367;72.4796;2026-08-06;-0.4664;0.5311;-0.686;v25|SEASON|HOME_STRONG|1.60|P10
v25;SEASON;BOTH_STRONG;1.5;8;30;462;171;633;72.9858;20;10;30;66.6667;269;111;380;70.7895;193;60;253;76.2846;335;122;457;73.3042;2026-08-06;0.286;0.527;0.1386;v25|SEASON|BOTH_STRONG|1.50|P8
v25;SEASON;BOTH_STRONG;1.5;9;30;462;171;633;72.9858;20;10;30;66.6667;269;111;380;70.7895;193;60;253;76.2846;335;122;457;73.3042;2026-08-06;0.286;0.527;0.1386;v25|SEASON|BOTH_STRONG|1.50|P9
v25;SEASON;BOTH_STRONG;1.5;10;30;462;171;633;72.9858;20;10;30;66.6667;269;111;380;70.7895;193;60;253;76.2846;335;122;457;73.3042;2026-08-06;0.286;0.527;0.1386;v25|SEASON|BOTH_STRONG|1.50|P10
v25;SEASON;BOTH_STRONG;1.5;11;30;462;171;633;72.9858;20;10;30;66.6667;269;111;380;70.7895;193;60;253;76.2846;335;122;457;73.3042;2026-08-06;0.286;0.527;0.1386;v25|SEASON|BOTH_STRONG|1.50|P11
v25;SEASON;BOTH_STRONG;1.5;12;30;462;171;633;72.9858;20;10;30;66.6667;269;111;380;70.7895;193;60;253;76.2846;335;122;457;73.3042;2026-08-06;0.286;0.527;0.1386;v25|SEASON|BOTH_STRONG|1.50|P12
v25;SEASON;BOTH_STRONG;1.5;13;30;462;171;633;72.9858;20;10;30;66.6667;269;111;380;70.7895;193;60;253;76.2846;335;122;457;73.3042;2026-08-06;0.286;0.527;0.1386;v25|SEASON|BOTH_STRONG|1.50|P13
v25;SEASON;BOTH_STRONG;1.5;14;30;462;171;633;72.9858;20;10;30;66.6667;269;111;380;70.7895;193;60;253;76.2846;335;122;457;73.3042;2026-08-06;0.286;0.527;0.1386;v25|SEASON|BOTH_STRONG|1.50|P14
v25;SEASON;BOTH_STRONG;1.5;15;30;462;171;633;72.9858;20;10;30;66.6667;269;111;380;70.7895;193;60;253;76.2846;335;122;457;73.3042;2026-08-06;0.286;0.527;0.1386;v25|SEASON|BOTH_STRONG|1.50|P15
v25;SEASON;HOME_STRONG;1.6;1;202;461;171;632;72.943;21;10;31;67.7419;268;111;379;70.7124;193;60;253;76.2846;335;123;458;73.1441;2026-08-06;0.2432;0.527;-0.0215;v25|SEASON|HOME_STRONG|1.60|P1
v25;SEASON;HOME_STRONG;1.2;3;71;462;173;635;72.7559;20;8;28;71.4286;269;113;382;70.4188;193;60;253;76.2846;337;123;460;73.2609;2026-08-06;0.0561;0.527;0.0953;v25|SEASON|HOME_STRONG|1.20|P3
v25;SEASON;HOME_STRONG;1.1;4;50;461;176;637;72.3705;21;5;26;80.7692;268;116;384;69.7917;193;60;253;76.2846;336;126;462;72.7273;2026-08-06;-0.3293;0.527;-0.4383;v25|SEASON|HOME_STRONG|1.10|P4
v25;SEASON;HOME_STRONG;1.2;13;71;432;166;598;72.2408;50;15;65;76.9231;252;110;362;69.6133;180;56;236;76.2712;315;119;434;72.5806;2026-08-06;-0.459;0.5136;-0.585;v25|SEASON|HOME_STRONG|1.20|P13
v25;SEASON;HOME_STRONG;1.2;14;71;430;166;596;72.1477;52;15;67;77.6119;250;110;360;69.4444;180;56;236;76.2712;313;119;432;72.4537;2026-08-06;-0.5521;0.5136;-0.7119;v25|SEASON|HOME_STRONG|1.20|P14
v25;LAST5;AWAY_STRONG;0.8;4;43;474;176;650;72.9231;8;5;13;61.5385;278;115;393;70.7379;196;61;257;76.2646;344;126;470;73.1915;2026-08-06;0.2233;0.507;0.0259;v25|LAST5|AWAY_STRONG|0.80|P4
v25;SEASON;BOTH_STRONG;1.5;3;30;471;175;646;72.9102;11;6;17;64.7059;275;114;389;70.6941;196;61;257;76.2646;341;124;465;73.3333;2026-08-06;0.2104;0.507;0.1677;v25|SEASON|BOTH_STRONG|1.50|P3
v25;SEASON;AWAY_STRONG;1.0;6;28;467;174;641;72.8549;15;7;22;68.1818;271;113;384;70.5729;196;61;257;76.2646;338;121;459;73.6383;2026-08-06;0.1551;0.507;0.4727;v25|SEASON|AWAY_STRONG|1.00|P6
v25;LAST5;AWAY_STRONG;0.8;3;43;474;177;651;72.8111;8;4;12;66.6667;278;116;394;70.5584;196;61;257;76.2646;344;126;470;73.1915;2026-08-06;0.1113;0.507;0.0259;v25|LAST5|AWAY_STRONG|0.80|P3
v25;SEASON;HOME_STRONG;1.0;4;37;469;177;646;72.6006;13;4;17;76.4706;273;116;389;70.1799;196;61;257;76.2646;340;126;466;72.9614;2026-08-06;-0.0992;0.507;-0.2042;v25|SEASON|HOME_STRONG|1.00|P4
v25;LAST5;HOME_STRONG;1.2;5;140;435;162;597;72.8643;47;19;66;71.2121;252;105;357;70.5882;183;57;240;76.25;322;119;441;73.0159;2026-08-06;0.1645;0.4924;-0.1497;v25|LAST5|HOME_STRONG|1.20|P5
v25;LAST5;HOME_STRONG;1.3;5;140;435;162;597;72.8643;47;19;66;71.2121;252;105;357;70.5882;183;57;240;76.25;322;119;441;73.0159;2026-08-06;0.1645;0.4924;-0.1497;v25|LAST5|HOME_STRONG|1.30|P5
v25;SEASON;AT_LEAST_ONE_STRONG;1.0;11;65;439;167;606;72.4422;43;14;57;75.4386;256;110;366;69.9454;183;57;240;76.25;316;116;432;73.1481;2026-08-06;-0.2576;0.4924;-0.0175;v25|SEASON|AT_LEAST_ONE_STRONG|1.00|P11
v25;SEASON;AT_LEAST_ONE_STRONG;1.0;12;65;438;167;605;72.3967;44;14;58;75.8621;255;110;365;69.863;183;57;240;76.25;315;116;431;73.0858;2026-08-06;-0.3031;0.4924;-0.0798;v25|SEASON|AT_LEAST_ONE_STRONG|1.00|P12
v25;SEASON;AT_LEAST_ONE_STRONG;1.0;10;65;439;168;607;72.3229;43;13;56;76.7857;256;111;367;69.7548;183;57;240;76.25;316;117;433;72.9792;2026-08-06;-0.3769;0.4924;-0.1864;v25|SEASON|AT_LEAST_ONE_STRONG|1.00|P10
v25;SEASON;AWAY_STRONG;1.0;3;28;475;177;652;72.8528;7;4;11;63.6364;276;115;391;70.5882;199;62;261;76.2452;343;124;467;73.4475;2026-08-06;0.153;0.4876;0.2819;v25|SEASON|AWAY_STRONG|1.00|P3
v25;SEASON;AWAY_STRONG;1.0;4;28;474;177;651;72.8111;8;4;12;66.6667;275;115;390;70.5128;199;62;261;76.2452;342;124;466;73.3906;2026-08-06;0.1113;0.4876;0.225;v25|SEASON|AWAY_STRONG|1.00|P4
v25;SEASON;AT_LEAST_ONE_STRONG;1.0;1;65;476;178;654;72.7829;6;3;9;66.6667;277;116;393;70.4835;199;62;261;76.2452;343;127;470;72.9787;2026-08-06;0.0831;0.4876;-0.1869;v25|SEASON|AT_LEAST_ONE_STRONG|1.00|P1
v25;SEASON;AT_LEAST_ONE_STRONG;1.4;6;231;371;136;507;73.1755;111;45;156;71.1538;217;88;305;71.1475;154;48;202;76.2376;270;97;367;73.5695;2026-08-06;0.4757;0.48;0.4039;v25|SEASON|AT_LEAST_ONE_STRONG|1.40|P6
v25;SEASON;HOME_STRONG;1.5;13;162;368;145;513;71.7349;114;36;150;76.0;214;97;311;68.8103;154;48;202;76.2376;272;106;378;71.9577;2026-08-06;-0.9649;0.48;-1.2079;v25|SEASON|HOME_STRONG|1.50|P13
v25;SEASON;AWAY_STRONG;1.4;11;120;408;146;554;73.6462;74;35;109;67.8899;238;93;331;71.9033;170;53;223;76.2332;296;104;400;74.0;2026-08-06;0.9464;0.4756;0.8344;v25|SEASON|AWAY_STRONG|1.40|P11
v25;LAST5;AT_LEAST_ONE_STRONG;1.6;1;431;448;165;613;73.0832;34;16;50;68.0;262;107;369;71.0027;186;58;244;76.2295;326;119;445;73.2584;2026-08-06;0.3834;0.4719;0.0928;v25|LAST5|AT_LEAST_ONE_STRONG|1.60|P1
v25;SEASON;HOME_STRONG;1.2;5;71;448;171;619;72.3748;34;10;44;77.2727;262;113;375;69.8667;186;58;244;76.2295;326;121;447;72.9306;2026-08-06;-0.325;0.4719;-0.235;v25|SEASON|HOME_STRONG|1.20|P5
v25;SEASON;HOME_STRONG;1.1;13;50;447;171;618;72.3301;35;10;45;77.7778;261;113;374;69.7861;186;58;244;76.2295;325;123;448;72.5446;2026-08-06;-0.3697;0.4719;-0.621;v25|SEASON|HOME_STRONG|1.10|P13
v25;SEASON;HOME_STRONG;1.1;14;50;445;171;616;72.2403;37;10;47;78.7234;259;113;372;69.6237;186;58;244;76.2295;323;123;446;72.4215;2026-08-06;-0.4595;0.4719;-0.7441;v25|SEASON|HOME_STRONG|1.10|P14
v25;SEASON;AWAY_STRONG;1.6;12;202;356;121;477;74.6331;126;60;186;67.7419;215;77;292;73.6301;141;44;185;76.2162;255;88;343;74.344;2026-08-06;1.9333;0.4586;1.1784;v25|SEASON|AWAY_STRONG|1.60|P12
v25;SEASON;HOME_STRONG;1.5;11;162;376;147;523;71.8929;106;34;140;75.7143;219;98;317;69.0852;157;49;206;76.2136;277;106;383;72.3238;2026-08-06;-0.8069;0.456;-0.8418;v25|SEASON|HOME_STRONG|1.50|P11
v25;SEASON;HOME_STRONG;1.5;10;162;377;149;526;71.673;105;32;137;76.6423;220;100;320;68.75;157;49;206;76.2136;278;107;385;72.2078;2026-08-06;-1.0268;0.456;-0.9578;v25|SEASON|HOME_STRONG|1.50|P10
v25;LAST5;AT_LEAST_ONE_STRONG;0.8;13;88;427;157;584;73.1164;55;24;79;69.6203;254;103;357;71.1485;173;54;227;76.2115;315;116;431;73.0858;2026-08-06;0.4166;0.4539;-0.0798;v25|LAST5|AT_LEAST_ONE_STRONG|0.80|P13
v25;SEASON;HOME_STRONG;1.5;5;162;408;158;566;72.0848;74;23;97;76.2887;235;104;339;69.3215;173;54;227;76.2115;301;114;415;72.5301;2026-08-06;-0.615;0.4539;-0.6355;v25|SEASON|HOME_STRONG|1.50|P5
v25;LAST5;AT_LEAST_ONE_STRONG;1.4;1;336;457;170;627;72.8868;25;11;36;69.4444;268;111;379;70.7124;189;59;248;76.2097;331;123;454;72.9075;2026-08-06;0.187;0.4521;-0.2581;v25|LAST5|AT_LEAST_ONE_STRONG|1.40|P1
v25;LAST5;AT_LEAST_ONE_STRONG;1.5;1;336;457;170;627;72.8868;25;11;36;69.4444;268;111;379;70.7124;189;59;248;76.2097;331;123;454;72.9075;2026-08-06;0.187;0.4521;-0.2581;v25|LAST5|AT_LEAST_ONE_STRONG|1.50|P1
v25;SEASON;HOME_STRONG;1.1;6;50;454;174;628;72.293;28;7;35;80.0;265;115;380;69.7368;189;59;248;76.2097;329;124;453;72.6269;2026-08-06;-0.4068;0.4521;-0.5387;v25|SEASON|HOME_STRONG|1.10|P6
v25;SEASON;AWAY_STRONG;1.6;10;202;361;123;484;74.5868;121;58;179;67.5978;217;78;295;73.5593;144;45;189;76.1905;259;89;348;74.4253;2026-08-06;1.887;0.4329;1.2597;v25|SEASON|AWAY_STRONG|1.60|P10
v25;SEASON;AT_LEAST_ONE_STRONG;1.3;7;168;392;147;539;72.7273;90;34;124;72.5806;232;97;329;70.5167;160;50;210;76.1905;283;105;388;72.9381;2026-08-06;0.0275;0.4329;-0.2275;v25|SEASON|AT_LEAST_ONE_STRONG|1.30|P7
v25;SEASON;AWAY_STRONG;1.3;15;79;429;156;585;73.3333;53;25;78;67.9487;253;101;354;71.4689;176;55;231;76.1905;308;112;420;73.3333;2026-08-06;0.6335;0.4329;0.1677;v25|SEASON|AWAY_STRONG|1.30|P15
v25;SEASON;AWAY_STRONG;1.3;12;79;429;157;586;73.2082;53;24;77;68.8312;253;102;355;71.2676;176;55;231;76.1905;308;112;420;73.3333;2026-08-06;0.5084;0.4329;0.1677;v25|SEASON|AWAY_STRONG|1.30|P12
v25;SEASON;AWAY_STRONG;1.3;13;79;429;157;586;73.2082;53;24;77;68.8312;253;102;355;71.2676;176;55;231;76.1905;308;112;420;73.3333;2026-08-06;0.5084;0.4329;0.1677;v25|SEASON|AWAY_STRONG|1.30|P13
v25;SEASON;AWAY_STRONG;1.3;14;79;429;157;586;73.2082;53;24;77;68.8312;253;102;355;71.2676;176;55;231;76.1905;308;112;420;73.3333;2026-08-06;0.5084;0.4329;0.1677;v25|SEASON|AWAY_STRONG|1.30|P14
v25;LAST5;AT_LEAST_ONE_STRONG;0.8;4;88;463;171;634;73.0284;19;10;29;65.5172;271;111;382;70.9424;192;60;252;76.1905;339;124;463;73.2181;2026-08-06;0.3286;0.4329;0.0525;v25|LAST5|AT_LEAST_ONE_STRONG|0.80|P4
v25;SEASON;AWAY_STRONG;1.2;3;55;465;173;638;72.884;17;8;25;68.0;273;113;386;70.7254;192;60;252;76.1905;334;122;456;73.2456;2026-08-06;0.1842;0.4329;0.08;v25|SEASON|AWAY_STRONG|1.20|P3
v25;SEASON;HOME_STRONG;1.0;6;37;462;175;637;72.5275;20;6;26;76.9231;270;115;385;70.1299;192;60;252;76.1905;333;124;457;72.8665;2026-08-06;-0.1723;0.4329;-0.2991;v25|SEASON|HOME_STRONG|1.00|P6
v25;SEASON;AWAY_STRONG;1.5;1;163;467;172;639;73.0829;15;9;24;62.5;272;111;383;71.0183;195;61;256;76.1719;337;123;460;73.2609;2026-08-06;0.3831;0.4143;0.0953;v25|SEASON|AWAY_STRONG|1.50|P1
v25;SEASON;BOTH_STRONG;1.5;4;30;468;174;642;72.8972;14;7;21;66.6667;273;113;386;70.7254;195;61;256;76.1719;340;124;464;73.2759;2026-08-06;0.1974;0.4143;0.1103;v25|SEASON|BOTH_STRONG|1.50|P4
v25;LAST5;BOTH_STRONG;1.2;6;27;468;174;642;72.8972;14;7;21;66.6667;273;113;386;70.7254;195;61;256;76.1719;341;126;467;73.0193;2026-08-06;0.1974;0.4143;-0.1463;v25|LAST5|BOTH_STRONG|1.20|P6
v25;LAST5;BOTH_STRONG;1.3;6;27;468;174;642;72.8972;14;7;21;66.6667;273;113;386;70.7254;195;61;256;76.1719;341;126;467;73.0193;2026-08-06;0.1974;0.4143;-0.1463;v25|LAST5|BOTH_STRONG|1.30|P6
v25;SEASON;BOTH_STRONG;1.5;6;30;465;173;638;72.884;17;8;25;68.0;270;112;382;70.6806;195;61;256;76.1719;337;124;461;73.102;2026-08-06;0.1842;0.4143;-0.0636;v25|SEASON|BOTH_STRONG|1.50|P6
v25;LAST5;AT_LEAST_ONE_STRONG;0.8;3;88;470;175;645;72.8682;12;6;18;66.6667;275;114;389;70.6941;195;61;256;76.1719;342;126;468;73.0769;2026-08-06;0.1684;0.4143;-0.0887;v25|LAST5|AT_LEAST_ONE_STRONG|0.80|P3
v25;SEASON;BOTH_STRONG;1.5;5;30;467;174;641;72.8549;15;7;22;68.1818;272;113;385;70.6494;195;61;256;76.1719;339;124;463;73.2181;2026-08-06;0.1551;0.4143;0.0525;v25|SEASON|BOTH_STRONG|1.50|P5
v25;LAST5;BOTH_STRONG;1.2;7;27;467;174;641;72.8549;15;7;22;68.1818;272;113;385;70.6494;195;61;256;76.1719;341;126;467;73.0193;2026-08-06;0.1551;0.4143;-0.1463;v25|LAST5|BOTH_STRONG|1.20|P7
v25;LAST5;BOTH_STRONG;1.3;7;27;467;174;641;72.8549;15;7;22;68.1818;272;113;385;70.6494;195;61;256;76.1719;341;126;467;73.0193;2026-08-06;0.1551;0.4143;-0.1463;v25|LAST5|BOTH_STRONG|1.30|P7
v25;SEASON;AWAY_STRONG;1.0;7;28;465;174;639;72.77;17;7;24;70.8333;270;113;383;70.4961;195;61;256;76.1719;336;121;457;73.523;2026-08-06;0.0702;0.4143;0.3574;v25|SEASON|AWAY_STRONG|1.00|P7
v25;SEASON;HOME_STRONG;1.5;1;162;464;174;638;72.7273;18;7;25;72.0;269;113;382;70.4188;195;61;256;76.1719;337;124;461;73.102;2026-08-06;0.0275;0.4143;-0.0636;v25|SEASON|HOME_STRONG|1.50|P1
v25;SEASON;HOME_STRONG;1.1;3;50;467;177;644;72.5155;15;4;19;78.9474;272;116;388;70.1031;195;61;256;76.1719;340;127;467;72.8051;2026-08-06;-0.1843;0.4143;-0.3605;v25|SEASON|HOME_STRONG|1.10|P3
v25;SEASON;AWAY_STRONG;1.3;9;79;433;159;592;73.1419;49;22;71;69.0141;254;103;357;71.1485;179;56;235;76.1702;311;114;425;73.1765;2026-08-06;0.4421;0.4126;0.0109;v25|SEASON|AWAY_STRONG|1.30|P9
v25;LAST5;HOME_STRONG;1.6;3;263;423;156;579;73.057;59;25;84;70.2381;244;100;344;70.9302;179;56;235;76.1702;312;114;426;73.2394;2026-08-06;0.3572;0.4126;0.0738;v25|LAST5|HOME_STRONG|1.60|P3
v25;LAST5;AT_LEAST_ONE_STRONG;0.8;8;88;438;162;600;73.0;44;19;63;69.8413;259;106;365;70.9589;179;56;235;76.1702;323;119;442;73.0769;2026-08-06;0.3002;0.4126;-0.0887;v25|LAST5|AT_LEAST_ONE_STRONG|0.80|P8
v25;LAST5;AT_LEAST_ONE_STRONG;0.8;7;88;438;164;602;72.7575;44;17;61;72.1311;259;108;367;70.5722;179;56;235;76.1702;323;120;443;72.912;2026-08-06;0.0577;0.4126;-0.2536;v25|LAST5|AT_LEAST_ONE_STRONG|0.80|P7
v25;SEASON;AT_LEAST_ONE_STRONG;1.3;6;168;399;148;547;72.9433;83;33;116;71.5517;236;97;333;70.8709;163;51;214;76.1682;287;106;393;73.028;2026-08-06;0.2435;0.4106;-0.1376;v25|SEASON|AT_LEAST_ONE_STRONG|1.30|P6
v25;SEASON;HOME_STRONG;1.6;11;202;357;136;493;72.4138;125;45;170;73.5294;210;90;300;70.0;147;46;193;76.1658;264;100;364;72.5275;2026-08-06;-0.286;0.4082;-0.6381;v25|SEASON|HOME_STRONG|1.60|P11
v25;SEASON;AWAY_STRONG;1.0;5;28;471;175;646;72.9102;11;6;17;64.7059;273;113;386;70.7254;198;62;260;76.1538;341;122;463;73.6501;2026-08-06;0.2104;0.3962;0.4845;v25|SEASON|AWAY_STRONG|1.00|P5
v25;LAST5;BOTH_STRONG;1.0;9;14;473;176;649;72.8814;9;5;14;64.2857;275;114;389;70.6941;198;62;260;76.1538;344;126;470;73.1915;2026-08-06;0.1816;0.3962;0.0259;v25|LAST5|BOTH_STRONG|1.00|P9
v25;LAST5;BOTH_STRONG;1.0;10;14;473;176;649;72.8814;9;5;14;64.2857;275;114;389;70.6941;198;62;260;76.1538;344;126;470;73.1915;2026-08-06;0.1816;0.3962;0.0259;v25|LAST5|BOTH_STRONG|1.00|P10
v25;LAST5;BOTH_STRONG;1.0;11;14;473;176;649;72.8814;9;5;14;64.2857;275;114;389;70.6941;198;62;260;76.1538;344;126;470;73.1915;2026-08-06;0.1816;0.3962;0.0259;v25|LAST5|BOTH_STRONG|1.00|P11
v25;LAST5;BOTH_STRONG;1.0;12;14;473;176;649;72.8814;9;5;14;64.2857;275;114;389;70.6941;198;62;260;76.1538;344;126;470;73.1915;2026-08-06;0.1816;0.3962;0.0259;v25|LAST5|BOTH_STRONG|1.00|P12
v25;LAST5;BOTH_STRONG;1.0;13;14;473;176;649;72.8814;9;5;14;64.2857;275;114;389;70.6941;198;62;260;76.1538;344;126;470;73.1915;2026-08-06;0.1816;0.3962;0.0259;v25|LAST5|BOTH_STRONG|1.00|P13
v25;LAST5;BOTH_STRONG;1.0;14;14;473;176;649;72.8814;9;5;14;64.2857;275;114;389;70.6941;198;62;260;76.1538;344;126;470;73.1915;2026-08-06;0.1816;0.3962;0.0259;v25|LAST5|BOTH_STRONG|1.00|P14
v25;LAST5;BOTH_STRONG;1.0;15;14;473;176;649;72.8814;9;5;14;64.2857;275;114;389;70.6941;198;62;260;76.1538;344;126;470;73.1915;2026-08-06;0.1816;0.3962;0.0259;v25|LAST5|BOTH_STRONG|1.00|P15
v25;LAST5;BOTH_STRONG;1.1;9;14;473;176;649;72.8814;9;5;14;64.2857;275;114;389;70.6941;198;62;260;76.1538;344;126;470;73.1915;2026-08-06;0.1816;0.3962;0.0259;v25|LAST5|BOTH_STRONG|1.10|P9
v25;LAST5;BOTH_STRONG;1.1;10;14;473;176;649;72.8814;9;5;14;64.2857;275;114;389;70.6941;198;62;260;76.1538;344;126;470;73.1915;2026-08-06;0.1816;0.3962;0.0259;v25|LAST5|BOTH_STRONG|1.10|P10
v25;LAST5;BOTH_STRONG;1.1;11;14;473;176;649;72.8814;9;5;14;64.2857;275;114;389;70.6941;198;62;260;76.1538;344;126;470;73.1915;2026-08-06;0.1816;0.3962;0.0259;v25|LAST5|BOTH_STRONG|1.10|P11
v25;LAST5;BOTH_STRONG;1.1;12;14;473;176;649;72.8814;9;5;14;64.2857;275;114;389;70.6941;198;62;260;76.1538;344;126;470;73.1915;2026-08-06;0.1816;0.3962;0.0259;v25|LAST5|BOTH_STRONG|1.10|P12
v25;LAST5;BOTH_STRONG;1.1;13;14;473;176;649;72.8814;9;5;14;64.2857;275;114;389;70.6941;198;62;260;76.1538;344;126;470;73.1915;2026-08-06;0.1816;0.3962;0.0259;v25|LAST5|BOTH_STRONG|1.10|P13
v25;LAST5;BOTH_STRONG;1.1;14;14;473;176;649;72.8814;9;5;14;64.2857;275;114;389;70.6941;198;62;260;76.1538;344;126;470;73.1915;2026-08-06;0.1816;0.3962;0.0259;v25|LAST5|BOTH_STRONG|1.10|P14
v25;LAST5;BOTH_STRONG;1.1;15;14;473;176;649;72.8814;9;5;14;64.2857;275;114;389;70.6941;198;62;260;76.1538;344;126;470;73.1915;2026-08-06;0.1816;0.3962;0.0259;v25|LAST5|BOTH_STRONG|1.10|P15
v25;SEASON;HOME_STRONG;1.0;3;37;475;178;653;72.7412;7;3;10;70.0;277;116;393;70.4835;198;62;260;76.1538;344;127;471;73.0361;2026-08-06;0.0414;0.3962;-0.1295;v25|SEASON|HOME_STRONG|1.00|P3
v25;SEASON;AT_LEAST_ONE_STRONG;1.0;13;65;436;166;602;72.4252;46;15;61;75.4098;254;109;363;69.9725;182;57;239;76.1506;313;116;429;72.9604;2026-08-06;-0.2746;0.393;-0.2052;v25|SEASON|AT_LEAST_ONE_STRONG|1.00|P13
v25;SEASON;AT_LEAST_ONE_STRONG;1.0;14;65;436;166;602;72.4252;46;15;61;75.4098;254;109;363;69.9725;182;57;239;76.1506;313;116;429;72.9604;2026-08-06;-0.2746;0.393;-0.2052;v25|SEASON|AT_LEAST_ONE_STRONG|1.00|P14
v25;SEASON;HOME_STRONG;1.2;9;71;435;169;604;72.0199;47;12;59;79.661;253;112;365;69.3151;182;57;239;76.1506;317;120;437;72.54;2026-08-06;-0.6799;0.393;-0.6256;v25|SEASON|HOME_STRONG|1.20|P9
v25;SEASON;AT_LEAST_ONE_STRONG;1.4;12;231;331;122;453;73.0684;151;59;210;71.9048;197;80;277;71.1191;134;42;176;76.1364;242;88;330;73.3333;2026-08-06;0.3686;0.3788;0.1677;v25|SEASON|AT_LEAST_ONE_STRONG|1.40|P12
v25;SEASON;AT_LEAST_ONE_STRONG;1.6;1;354;448;164;612;73.2026;34;17;51;66.6667;263;106;369;71.2737;185;58;243;76.1317;325;118;443;73.3634;2026-08-06;0.5028;0.3741;0.1978;v25|SEASON|AT_LEAST_ONE_STRONG|1.60|P1
v25;SEASON;HOME_STRONG;1.5;3;162;435;166;601;72.3794;47;15;62;75.8065;250;108;358;69.8324;185;58;243;76.1317;320;120;440;72.7273;2026-08-06;-0.3204;0.3741;-0.4383;v25|SEASON|HOME_STRONG|1.50|P3
v25;LAST5;HOME_STRONG;1.4;10;195;371;137;508;73.0315;111;44;155;71.6129;218;89;307;71.0098;153;48;201;76.1194;278;100;378;73.545;2026-08-06;0.3317;0.3618;0.3794;v25|LAST5|HOME_STRONG|1.40|P10
v25;LAST5;HOME_STRONG;1.5;10;195;371;137;508;73.0315;111;44;155;71.6129;218;89;307;71.0098;153;48;201;76.1194;278;100;378;73.545;2026-08-06;0.3317;0.3618;0.3794;v25|LAST5|HOME_STRONG|1.50|P10
v25;SEASON;HOME_STRONG;1.4;3;124;447;168;615;72.6829;35;13;48;72.9167;259;109;368;70.3804;188;59;247;76.1134;327;121;448;72.9911;2026-08-06;-0.0169;0.3558;-0.1745;v25|SEASON|HOME_STRONG|1.40|P3
v25;SEASON;HOME_STRONG;1.2;4;71;452;172;624;72.4359;30;9;39;76.9231;264;113;377;70.0265;188;59;247;76.1134;330;122;452;73.0088;2026-08-06;-0.2639;0.3558;-0.1568;v25|SEASON|HOME_STRONG|1.20|P4
v25;SEASON;HOME_STRONG;1.1;7;50;451;174;625;72.16;31;7;38;81.5789;263;115;378;69.5767;188;59;247;76.1134;328;124;452;72.5664;2026-08-06;-0.5398;0.3558;-0.5992;v25|SEASON|HOME_STRONG|1.10|P7
v25;SEASON;HOME_STRONG;1.1;8;50;450;174;624;72.1154;32;7;39;82.0513;262;115;377;69.496;188;59;247;76.1134;327;124;451;72.5055;2026-08-06;-0.5844;0.3558;-0.6601;v25|SEASON|HOME_STRONG|1.10|P8
v25;SEASON;HOME_STRONG;1.1;9;50;450;174;624;72.1154;32;7;39;82.0513;262;115;377;69.496;188;59;247;76.1134;327;124;451;72.5055;2026-08-06;-0.5844;0.3558;-0.6601;v25|SEASON|HOME_STRONG|1.10|P9
v25;SEASON;AT_LEAST_ONE_STRONG;1.4;10;231;337;125;462;72.9437;145;56;201;72.1393;200;82;282;70.922;137;43;180;76.1111;245;90;335;73.1343;2026-08-06;0.2439;0.3535;-0.0313;v25|SEASON|AT_LEAST_ONE_STRONG|1.40|P10
v25;SEASON;HOME_STRONG;1.5;12;162;373;147;520;71.7308;109;34;143;76.2238;217;98;315;68.8889;156;49;205;76.0976;276;106;382;72.2513;2026-08-06;-0.969;0.34;-0.9143;v25|SEASON|HOME_STRONG|1.50|P12
v25;LAST5;AWAY_STRONG;1.4;1;191;464;173;637;72.8414;18;8;26;69.2308;273;113;386;70.7254;191;60;251;76.0956;337;124;461;73.102;2026-08-06;0.1416;0.338;-0.0636;v25|LAST5|AWAY_STRONG|1.40|P1
v25;LAST5;AWAY_STRONG;1.5;1;191;464;173;637;72.8414;18;8;26;69.2308;273;113;386;70.7254;191;60;251;76.0956;337;124;461;73.102;2026-08-06;0.1416;0.338;-0.0636;v25|LAST5|AWAY_STRONG|1.50|P1
v25;LAST5;AT_LEAST_ONE_STRONG;1.2;1;241;461;172;633;72.8278;21;9;30;70.0;270;112;382;70.6806;191;60;251;76.0956;333;124;457;72.8665;2026-08-06;0.128;0.338;-0.2991;v25|LAST5|AT_LEAST_ONE_STRONG|1.20|P1
v25;LAST5;AT_LEAST_ONE_STRONG;1.3;1;241;461;172;633;72.8278;21;9;30;70.0;270;112;382;70.6806;191;60;251;76.0956;333;124;457;72.8665;2026-08-06;0.128;0.338;-0.2991;v25|LAST5|AT_LEAST_ONE_STRONG|1.30|P1
v25;SEASON;AWAY_STRONG;1.2;4;55;463;173;636;72.7987;19;8;27;70.3704;272;113;385;70.6494;191;60;251;76.0956;333;122;455;73.1868;2026-08-06;0.0989;0.338;0.0212;v25|SEASON|AWAY_STRONG|1.20|P4
v25;SEASON;HOME_STRONG;1.3;3;93;457;172;629;72.655;25;9;34;73.5294;266;112;378;70.3704;191;60;251;76.0956;333;123;456;73.0263;2026-08-06;-0.0448;0.338;-0.1393;v25|SEASON|HOME_STRONG|1.30|P3
v25;SEASON;HOME_STRONG;1.0;7;37;460;175;635;72.4409;22;6;28;78.5714;269;115;384;70.0521;191;60;251;76.0956;332;124;456;72.807;2026-08-06;-0.2589;0.338;-0.3586;v25|SEASON|HOME_STRONG|1.00|P7
v25;SEASON;HOME_STRONG;1.0;8;37;459;175;634;72.3975;23;6;29;79.3103;268;115;383;69.9739;191;60;251;76.0956;331;124;455;72.7473;2026-08-06;-0.3023;0.338;-0.4183;v25|SEASON|HOME_STRONG|1.00|P8
v25;SEASON;HOME_STRONG;1.0;9;37;459;175;634;72.3975;23;6;29;79.3103;268;115;383;69.9739;191;60;251;76.0956;331;124;455;72.7473;2026-08-06;-0.3023;0.338;-0.4183;v25|SEASON|HOME_STRONG|1.00|P9
v25;LAST5;BOTH_STRONG;1.2;8;27;466;173;639;72.9264;16;8;24;66.6667;272;112;384;70.8333;194;61;255;76.0784;340;126;466;72.9614;2026-08-06;0.2266;0.3208;-0.2042;v25|LAST5|BOTH_STRONG|1.20|P8
v25;LAST5;BOTH_STRONG;1.3;8;27;466;173;639;72.9264;16;8;24;66.6667;272;112;384;70.8333;194;61;255;76.0784;340;126;466;72.9614;2026-08-06;0.2266;0.3208;-0.2042;v25|LAST5|BOTH_STRONG|1.30|P8
v25;LAST5;AWAY_STRONG;1.0;1;81;471;176;647;72.7975;11;5;16;68.75;277;115;392;70.6633;194;61;255;76.0784;341;127;468;72.8632;2026-08-06;0.0977;0.3208;-0.3024;v25|LAST5|AWAY_STRONG|1.00|P1
v25;LAST5;AWAY_STRONG;1.1;1;81;471;176;647;72.7975;11;5;16;68.75;277;115;392;70.6633;194;61;255;76.0784;341;127;468;72.8632;2026-08-06;0.0977;0.3208;-0.3024;v25|LAST5|AWAY_STRONG|1.10|P1
v25;SEASON;AWAY_STRONG;1.0;8;28;464;174;638;72.7273;18;7;25;72.0;270;113;383;70.4961;194;61;255;76.0784;335;121;456;73.4649;2026-08-06;0.0275;0.3208;0.2993;v25|SEASON|AWAY_STRONG|1.00|P8
v25;LAST5;HOME_STRONG;1.2;2;140;457;174;631;72.4247;25;7;32;78.125;263;113;376;69.9468;194;61;255;76.0784;333;127;460;72.3913;2026-08-06;-0.2751;0.3208;-0.7743;v25|LAST5|HOME_STRONG|1.20|P2
v25;LAST5;HOME_STRONG;1.3;2;140;457;174;631;72.4247;25;7;32;78.125;263;113;376;69.9468;194;61;255;76.0784;333;127;460;72.3913;2026-08-06;-0.2751;0.3208;-0.7743;v25|LAST5|HOME_STRONG|1.30|P2
v25;LAST5;HOME_STRONG;1.2;15;140;388;144;532;72.9323;94;37;131;71.7557;229;94;323;70.8978;159;50;209;76.0766;289;107;396;72.9798;2026-08-06;0.2325;0.319;-0.1858;v25|LAST5|HOME_STRONG|1.20|P15
v25;LAST5;HOME_STRONG;1.3;15;140;388;144;532;72.9323;94;37;131;71.7557;229;94;323;70.8978;159;50;209;76.0766;289;107;396;72.9798;2026-08-06;0.2325;0.319;-0.1858;v25|LAST5|HOME_STRONG|1.30|P15
v25;SEASON;AWAY_STRONG;1.3;10;79;432;158;590;73.2203;50;23;73;68.4932;254;102;356;71.3483;178;56;234;76.0684;310;113;423;73.2861;2026-08-06;0.5205;0.3108;0.1205;v25|SEASON|AWAY_STRONG|1.30|P10
v25;LAST5;AT_LEAST_ONE_STRONG;0.8;9;88;434;161;595;72.9412;48;20;68;70.5882;256;105;361;70.9141;178;56;234;76.0684;321;119;440;72.9545;2026-08-06;0.2414;0.3108;-0.2111;v25|LAST5|AT_LEAST_ONE_STRONG|0.80|P9
v25;LAST5;HOME_STRONG;1.2;6;140;425;160;585;72.6496;57;21;78;73.0769;247;104;351;70.3704;178;56;234;76.0684;316;117;433;72.9792;2026-08-06;-0.0502;0.3108;-0.1864;v25|LAST5|HOME_STRONG|1.20|P6
v25;LAST5;HOME_STRONG;1.3;6;140;425;160;585;72.6496;57;21;78;73.0769;247;104;351;70.3704;178;56;234;76.0684;316;117;433;72.9792;2026-08-06;-0.0502;0.3108;-0.1864;v25|LAST5|HOME_STRONG|1.30|P6
v25;SEASON;HOME_STRONG;1.6;13;202;347;134;481;72.1414;135;47;182;74.1758;204;89;293;69.6246;143;45;188;76.0638;257;100;357;71.9888;2026-08-06;-0.5584;0.3062;-1.1768;v25|SEASON|HOME_STRONG|1.60|P13
v25;LAST5;BOTH_STRONG;1.2;4;27;472;175;647;72.9521;10;6;16;62.5;275;113;388;70.8763;197;62;259;76.0618;344;127;471;73.0361;2026-08-06;0.2523;0.3042;-0.1295;v25|LAST5|BOTH_STRONG|1.20|P4
v25;LAST5;BOTH_STRONG;1.2;5;27;472;175;647;72.9521;10;6;16;62.5;275;113;388;70.8763;197;62;259;76.0618;344;127;471;73.0361;2026-08-06;0.2523;0.3042;-0.1295;v25|LAST5|BOTH_STRONG|1.20|P5
v25;LAST5;BOTH_STRONG;1.3;4;27;472;175;647;72.9521;10;6;16;62.5;275;113;388;70.8763;197;62;259;76.0618;344;127;471;73.0361;2026-08-06;0.2523;0.3042;-0.1295;v25|LAST5|BOTH_STRONG|1.30|P4
v25;LAST5;BOTH_STRONG;1.3;5;27;472;175;647;72.9521;10;6;16;62.5;275;113;388;70.8763;197;62;259;76.0618;344;127;471;73.0361;2026-08-06;0.2523;0.3042;-0.1295;v25|LAST5|BOTH_STRONG|1.30|P5
v25;LAST5;AT_LEAST_ONE_STRONG;0.8;1;88;474;176;650;72.9231;8;5;13;61.5385;277;114;391;70.844;197;62;259;76.0618;343;127;470;72.9787;2026-08-06;0.2233;0.3042;-0.1869;v25|LAST5|AT_LEAST_ONE_STRONG|0.80|P1
v25;LAST5;AWAY_STRONG;0.8;1;43;476;178;654;72.7829;6;3;9;66.6667;279;116;395;70.6329;197;62;259;76.0618;345;127;472;73.0932;2026-08-06;0.0831;0.3042;-0.0724;v25|LAST5|AWAY_STRONG|0.80|P1
v25;SEASON;HOME_STRONG;1.2;2;71;466;176;642;72.5857;16;5;21;76.1905;269;114;383;70.235;197;62;259;76.0618;339;126;465;72.9032;2026-08-06;-0.1141;0.3042;-0.2624;v25|SEASON|HOME_STRONG|1.20|P2
v25;SEASON;AT_LEAST_ONE_STRONG;1.1;1;86;470;178;648;72.5309;12;3;15;80.0;273;116;389;70.1799;197;62;259;76.0618;339;127;466;72.7468;2026-08-06;-0.1689;0.3042;-0.4188;v25|SEASON|AT_LEAST_ONE_STRONG|1.10|P1
v25;SEASON;HOME_STRONG;1.1;2;50;469;178;647;72.4884;13;3;16;81.25;272;116;388;70.1031;197;62;259;76.0618;341;128;469;72.7079;2026-08-06;-0.2114;0.3042;-0.4577;v25|SEASON|HOME_STRONG|1.10|P2
v25;SEASON;HOME_STRONG;1.2;11;71;434;168;602;72.093;48;13;61;78.6885;253;111;364;69.5055;181;57;238;76.0504;317;119;436;72.7064;2026-08-06;-0.6068;0.2928;-0.4592;v25|SEASON|HOME_STRONG|1.20|P11
v25;SEASON;HOME_STRONG;1.2;12;71;434;168;602;72.093;48;13;61;78.6885;253;111;364;69.5055;181;57;238;76.0504;317;119;436;72.7064;2026-08-06;-0.6068;0.2928;-0.4592;v25|SEASON|HOME_STRONG|1.20|P12
v25;SEASON;HOME_STRONG;1.2;10;71;434;169;603;71.9735;48;12;60;80.0;253;112;365;69.3151;181;57;238;76.0504;317;120;437;72.54;2026-08-06;-0.7263;0.2928;-0.6256;v25|SEASON|HOME_STRONG|1.20|P10
v25;LAST5;BOTH_STRONG;0.8;6;5;480;179;659;72.8376;2;2;4;50.0;280;116;396;70.7071;200;63;263;76.0456;348;127;475;73.2632;2026-08-06;0.1378;0.288;0.0976;v25|LAST5|BOTH_STRONG|0.80|P6
v25;LAST5;BOTH_STRONG;0.8;7;5;479;179;658;72.7964;3;2;5;60.0;279;116;395;70.6329;200;63;263;76.0456;348;127;475;73.2632;2026-08-06;0.0966;0.288;0.0976;v25|LAST5|BOTH_STRONG|0.80|P7
v25;LAST5;BOTH_STRONG;0.8;8;5;479;179;658;72.7964;3;2;5;60.0;279;116;395;70.6329;200;63;263;76.0456;348;127;475;73.2632;2026-08-06;0.0966;0.288;0.0976;v25|LAST5|BOTH_STRONG|0.80|P8
v25;LAST5;BOTH_STRONG;0.8;9;5;479;179;658;72.7964;3;2;5;60.0;279;116;395;70.6329;200;63;263;76.0456;348;127;475;73.2632;2026-08-06;0.0966;0.288;0.0976;v25|LAST5|BOTH_STRONG|0.80|P9
v25;LAST5;BOTH_STRONG;0.8;10;5;479;179;658;72.7964;3;2;5;60.0;279;116;395;70.6329;200;63;263;76.0456;348;127;475;73.2632;2026-08-06;0.0966;0.288;0.0976;v25|LAST5|BOTH_STRONG|0.80|P10
v25;LAST5;BOTH_STRONG;0.8;11;5;479;179;658;72.7964;3;2;5;60.0;279;116;395;70.6329;200;63;263;76.0456;348;127;475;73.2632;2026-08-06;0.0966;0.288;0.0976;v25|LAST5|BOTH_STRONG|0.80|P11
v25;LAST5;BOTH_STRONG;0.8;12;5;479;179;658;72.7964;3;2;5;60.0;279;116;395;70.6329;200;63;263;76.0456;348;127;475;73.2632;2026-08-06;0.0966;0.288;0.0976;v25|LAST5|BOTH_STRONG|0.80|P12
v25;LAST5;BOTH_STRONG;0.8;13;5;479;179;658;72.7964;3;2;5;60.0;279;116;395;70.6329;200;63;263;76.0456;348;127;475;73.2632;2026-08-06;0.0966;0.288;0.0976;v25|LAST5|BOTH_STRONG|0.80|P13
v25;LAST5;BOTH_STRONG;0.8;14;5;479;179;658;72.7964;3;2;5;60.0;279;116;395;70.6329;200;63;263;76.0456;348;127;475;73.2632;2026-08-06;0.0966;0.288;0.0976;v25|LAST5|BOTH_STRONG|0.80|P14
v25;LAST5;BOTH_STRONG;0.8;15;5;479;179;658;72.7964;3;2;5;60.0;279;116;395;70.6329;200;63;263;76.0456;348;127;475;73.2632;2026-08-06;0.0966;0.288;0.0976;v25|LAST5|BOTH_STRONG|0.80|P15
v25;SEASON;AWAY_STRONG;1.0;1;28;480;180;660;72.7273;2;1;3;66.6667;280;117;397;70.529;200;63;263;76.0456;347;127;474;73.2068;2026-08-06;0.0275;0.288;0.0412;v25|SEASON|AWAY_STRONG|1.00|P1
v25;SEASON;AWAY_STRONG;1.1;1;36;478;180;658;72.6444;4;1;5;80.0;278;117;395;70.3797;200;63;263;76.0456;345;127;472;73.0932;2026-08-06;-0.0554;0.288;-0.0724;v25|SEASON|AWAY_STRONG|1.10|P1
v25;SEASON;HOME_STRONG;1.2;6;71;445;170;615;72.3577;37;11;48;77.0833;261;112;373;69.9732;184;58;242;76.0331;323;120;443;72.912;2026-08-06;-0.3421;0.2755;-0.2536;v25|SEASON|HOME_STRONG|1.20|P6
v25;SEASON;HOME_STRONG;1.1;15;50;443;170;613;72.2675;39;11;50;78.0;259;112;371;69.8113;184;58;242;76.0331;321;122;443;72.4605;2026-08-06;-0.4323;0.2755;-0.7051;v25|SEASON|HOME_STRONG|1.10|P15
v25;SEASON;AT_LEAST_ONE_STRONG;1.3;12;168;370;139;509;72.6916;112;42;154;72.7273;221;92;313;70.607;149;47;196;76.0204;267;100;367;72.752;2026-08-06;-0.0082;0.2628;-0.4136;v25|SEASON|AT_LEAST_ONE_STRONG|1.30|P12
v25;SEASON;HOME_STRONG;1.5;15;162;360;143;503;71.5706;122;38;160;76.25;211;96;307;68.7296;149;47;196;76.0204;266;104;370;71.8919;2026-08-06;-1.1292;0.2628;-1.2737;v25|SEASON|HOME_STRONG|1.50|P15
v25;LAST5;HOME_STRONG;1.4;6;195;404;151;555;72.7928;78;30;108;72.2222;236;98;334;70.6587;168;53;221;76.0181;300;110;410;73.1707;2026-08-06;0.093;0.2605;0.0051;v25|LAST5|HOME_STRONG|1.40|P6
v25;LAST5;HOME_STRONG;1.5;6;195;404;151;555;72.7928;78;30;108;72.2222;236;98;334;70.6587;168;53;221;76.0181;300;110;410;73.1707;2026-08-06;0.093;0.2605;0.0051;v25|LAST5|HOME_STRONG|1.50|P6
v25;SEASON;HOME_STRONG;1.1;11;50;449;173;622;72.1865;33;8;41;80.4878;262;114;376;69.6809;187;59;246;76.0163;327;123;450;72.6667;2026-08-06;-0.5133;0.2587;-0.4989;v25|SEASON|HOME_STRONG|1.10|P11
v25;SEASON;HOME_STRONG;1.1;12;50;449;173;622;72.1865;33;8;41;80.4878;262;114;376;69.6809;187;59;246;76.0163;327;123;450;72.6667;2026-08-06;-0.5133;0.2587;-0.4989;v25|SEASON|HOME_STRONG|1.10|P12
v25;SEASON;HOME_STRONG;1.1;10;50;449;174;623;72.0706;33;7;40;82.5;262;115;377;69.496;187;59;246;76.0163;327;124;451;72.5055;2026-08-06;-0.6292;0.2587;-0.6601;v25|SEASON|HOME_STRONG|1.10|P10
v25;SEASON;HOME_STRONG;1.3;14;93;414;160;574;72.1254;68;21;89;76.4045;243;106;349;69.6275;171;54;225;76.0;302;115;417;72.4221;2026-08-06;-0.5744;0.2424;-0.7435;v25|SEASON|HOME_STRONG|1.30|P14
v25;LAST5;BOTH_STRONG;1.6;2;97;455;169;624;72.9167;27;12;39;69.2308;265;109;374;70.8556;190;60;250;76.0;328;120;448;73.2143;2026-08-06;0.2169;0.2424;0.0487;v25|LAST5|BOTH_STRONG|1.60|P2
v25;SEASON;HOME_STRONG;1.0;11;37;458;174;632;72.4684;24;7;31;77.4194;268;114;382;70.1571;190;60;250;76.0;331;123;454;72.9075;2026-08-06;-0.2314;0.2424;-0.2581;v25|SEASON|HOME_STRONG|1.00|P11
v25;SEASON;HOME_STRONG;1.0;12;37;458;174;632;72.4684;24;7;31;77.4194;268;114;382;70.1571;190;60;250;76.0;331;123;454;72.9075;2026-08-06;-0.2314;0.2424;-0.2581;v25|SEASON|HOME_STRONG|1.00|P12
v25;SEASON;HOME_STRONG;1.0;10;37;458;175;633;72.3539;24;6;30;80.0;268;115;383;69.9739;190;60;250;76.0;331;124;455;72.7473;2026-08-06;-0.3459;0.2424;-0.4183;v25|SEASON|HOME_STRONG|1.00|P10
v25;SEASON;AT_LEAST_ONE_STRONG;1.4;1;231;457;169;626;73.0032;25;12;37;67.5676;264;108;372;70.9677;193;61;254;75.9843;330;121;451;73.1707;2026-08-06;0.3034;0.2267;0.0051;v25|SEASON|AT_LEAST_ONE_STRONG|1.40|P1
v25;LAST5;AWAY_STRONG;1.2;1;128;467;174;641;72.8549;15;7;22;68.1818;274;113;387;70.801;193;61;254;75.9843;338;125;463;73.0022;2026-08-06;0.1551;0.2267;-0.1634;v25|LAST5|AWAY_STRONG|1.20|P1
v25;LAST5;AWAY_STRONG;1.3;1;128;467;174;641;72.8549;15;7;22;68.1818;274;113;387;70.801;193;61;254;75.9843;338;125;463;73.0022;2026-08-06;0.1551;0.2267;-0.1634;v25|LAST5|AWAY_STRONG|1.30|P1
v25;LAST5;HOME_STRONG;1.0;4;88;456;171;627;72.7273;26;10;36;72.2222;263;110;373;70.5094;193;61;254;75.9843;335;123;458;73.1441;2026-08-06;0.0275;0.2267;-0.0215;v25|LAST5|HOME_STRONG|1.00|P4
v25;LAST5;HOME_STRONG;1.1;4;88;456;171;627;72.7273;26;10;36;72.2222;263;110;373;70.5094;193;61;254;75.9843;335;123;458;73.1441;2026-08-06;0.0275;0.2267;-0.0215;v25|LAST5|HOME_STRONG|1.10|P4
v25;SEASON;AWAY_STRONG;1.0;9;28;463;174;637;72.6845;19;7;26;73.0769;270;113;383;70.4961;193;61;254;75.9843;334;121;455;73.4066;2026-08-06;-0.0153;0.2267;0.241;v25|SEASON|AWAY_STRONG|1.00|P9
v25;SEASON;AWAY_STRONG;1.0;10;28;463;174;637;72.6845;19;7;26;73.0769;270;113;383;70.4961;193;61;254;75.9843;334;121;455;73.4066;2026-08-06;-0.0153;0.2267;0.241;v25|SEASON|AWAY_STRONG|1.00|P10
v25;SEASON;AWAY_STRONG;1.0;11;28;463;174;637;72.6845;19;7;26;73.0769;270;113;383;70.4961;193;61;254;75.9843;334;121;455;73.4066;2026-08-06;-0.0153;0.2267;0.241;v25|SEASON|AWAY_STRONG|1.00|P11
v25;SEASON;AWAY_STRONG;1.0;12;28;462;174;636;72.6415;20;7;27;74.0741;269;113;382;70.4188;193;61;254;75.9843;333;121;454;73.348;2026-08-06;-0.0583;0.2267;0.1824;v25|SEASON|AWAY_STRONG|1.00|P12
v25;SEASON;AWAY_STRONG;1.0;13;28;462;174;636;72.6415;20;7;27;74.0741;269;113;382;70.4188;193;61;254;75.9843;333;121;454;73.348;2026-08-06;-0.0583;0.2267;0.1824;v25|SEASON|AWAY_STRONG|1.00|P13
v25;SEASON;AWAY_STRONG;1.0;14;28;462;174;636;72.6415;20;7;27;74.0741;269;113;382;70.4188;193;61;254;75.9843;333;121;454;73.348;2026-08-06;-0.0583;0.2267;0.1824;v25|SEASON|AWAY_STRONG|1.00|P14
v25;SEASON;AWAY_STRONG;1.0;15;28;462;174;636;72.6415;20;7;27;74.0741;269;113;382;70.4188;193;61;254;75.9843;333;121;454;73.348;2026-08-06;-0.0583;0.2267;0.1824;v25|SEASON|AWAY_STRONG|1.00|P15
v25;LAST5;AT_LEAST_ONE_STRONG;0.8;12;88;429;158;587;73.0835;53;23;76;69.7368;255;103;358;71.2291;174;55;229;75.9825;317;116;433;73.2102;2026-08-06;0.3837;0.2249;0.0446;v25|LAST5|AT_LEAST_ONE_STRONG|0.80|P12
v25;SEASON;AT_LEAST_ONE_STRONG;1.4;11;231;336;123;459;73.2026;146;58;204;71.5686;200;80;280;71.4286;136;43;179;75.9777;245;89;334;73.3533;2026-08-06;0.5028;0.2201;0.1877;v25|SEASON|AT_LEAST_ONE_STRONG|1.40|P11
v25;LAST5;HOME_STRONG;1.2;1;140;471;176;647;72.7975;11;5;16;68.75;275;114;389;70.6941;196;62;258;75.969;341;127;468;72.8632;2026-08-06;0.0977;0.2114;-0.3024;v25|LAST5|HOME_STRONG|1.20|P1
v25;LAST5;HOME_STRONG;1.3;1;140;471;176;647;72.7975;11;5;16;68.75;275;114;389;70.6941;196;62;258;75.969;341;127;468;72.8632;2026-08-06;0.0977;0.2114;-0.3024;v25|LAST5|HOME_STRONG|1.30|P1
v25;SEASON;HOME_STRONG;1.4;1;124;467;175;642;72.7414;15;6;21;71.4286;271;113;384;70.5729;196;62;258;75.969;339;125;464;73.0603;2026-08-06;0.0416;0.2114;-0.1053;v25|SEASON|HOME_STRONG|1.40|P1
v25;LAST5;HOME_STRONG;1.0;3;88;465;175;640;72.6562;17;6;23;73.913;269;113;382;70.4188;196;62;258;75.969;340;126;466;72.9614;2026-08-06;-0.0436;0.2114;-0.2042;v25|LAST5|HOME_STRONG|1.00|P3
v25;LAST5;HOME_STRONG;1.1;3;88;465;175;640;72.6562;17;6;23;73.913;269;113;382;70.4188;196;62;258;75.969;340;126;466;72.9614;2026-08-06;-0.0436;0.2114;-0.2042;v25|LAST5|HOME_STRONG|1.10|P3
v25;SEASON;AWAY_STRONG;1.3;11;79;431;158;589;73.1749;51;23;74;68.9189;254;102;356;71.3483;177;56;233;75.9657;310;113;423;73.2861;2026-08-06;0.4751;0.2081;0.1205;v25|SEASON|AWAY_STRONG|1.30|P11
v25;LAST5;HOME_STRONG;1.0;14;88;424;157;581;72.9776;58;24;82;70.7317;247;101;348;70.977;177;56;233;75.9657;314;114;428;73.3645;2026-08-06;0.2778;0.2081;0.1989;v25|LAST5|HOME_STRONG|1.00|P14
v25;LAST5;HOME_STRONG;1.1;14;88;424;157;581;72.9776;58;24;82;70.7317;247;101;348;70.977;177;56;233;75.9657;314;114;428;73.3645;2026-08-06;0.2778;0.2081;0.1989;v25|LAST5|HOME_STRONG|1.10|P14
v25;SEASON;HOME_STRONG;1.2;15;71;427;165;592;72.1284;55;16;71;77.4648;250;109;359;69.6379;177;56;233;75.9657;310;118;428;72.4299;2026-08-06;-0.5714;0.2081;-0.7357;v25|SEASON|HOME_STRONG|1.20|P15
v25;LAST5;HOME_STRONG;1.0;1;88;476;177;653;72.8943;6;4;10;60.0;277;114;391;70.844;199;63;262;75.9542;345;127;472;73.0932;2026-08-06;0.1945;0.1966;-0.0724;v25|LAST5|HOME_STRONG|1.00|P1
v25;LAST5;HOME_STRONG;1.1;1;88;476;177;653;72.8943;6;4;10;60.0;277;114;391;70.844;199;63;262;75.9542;345;127;472;73.0932;2026-08-06;0.1945;0.1966;-0.0724;v25|LAST5|HOME_STRONG|1.10|P1
v25;SEASON;HOME_STRONG;1.0;1;37;478;179;657;72.7549;4;2;6;66.6667;279;116;395;70.6329;199;63;262;75.9542;345;128;473;72.9387;2026-08-06;0.0551;0.1966;-0.2269;v25|SEASON|HOME_STRONG|1.00|P1
v25;SEASON;BOTH_STRONG;1.5;1;30;477;179;656;72.7134;5;2;7;71.4286;278;116;394;70.5584;199;63;262;75.9542;346;127;473;73.1501;2026-08-06;0.0136;0.1966;-0.0155;v25|SEASON|BOTH_STRONG|1.50|P1
v25;SEASON;HOME_STRONG;1.0;2;37;476;179;655;72.6718;6;2;8;75.0;277;116;393;70.4835;199;63;262;75.9542;344;128;472;72.8814;2026-08-06;-0.028;0.1966;-0.2842;v25|SEASON|HOME_STRONG|1.00|P2
v25;SEASON;AT_LEAST_ONE_STRONG;1.0;15;65;434;165;599;72.4541;48;16;64;75.0;254;108;362;70.1657;180;57;237;75.9494;311;115;426;73.0047;2026-08-06;-0.2457;0.1918;-0.1609;v25|SEASON|AT_LEAST_ONE_STRONG|1.00|P15
v25;LAST5;HOME_STRONG;1.2;13;140;393;146;539;72.9128;89;35;124;71.7742;232;95;327;70.948;161;51;212;75.9434;293;109;402;72.8856;2026-08-06;0.213;0.1858;-0.28;v25|LAST5|HOME_STRONG|1.20|P13
v25;LAST5;HOME_STRONG;1.3;13;140;393;146;539;72.9128;89;35;124;71.7742;232;95;327;70.948;161;51;212;75.9434;293;109;402;72.8856;2026-08-06;0.213;0.1858;-0.28;v25|LAST5|HOME_STRONG|1.30|P13
v25;SEASON;AWAY_STRONG;1.6;11;202;359;122;481;74.6362;123;59;182;67.5824;217;77;294;73.8095;142;45;187;75.9358;258;89;347;74.3516;2026-08-06;1.9364;0.1782;1.186;v25|SEASON|AWAY_STRONG|1.60|P11
v25;LAST5;HOME_STRONG;1.6;2;263;434;162;596;72.8188;48;19;67;71.6418;251;104;355;70.7042;183;58;241;75.9336;316;118;434;72.8111;2026-08-06;0.119;0.176;-0.3545;v25|LAST5|HOME_STRONG|1.60|P2
v25;SEASON;HOME_STRONG;1.2;7;71;442;170;612;72.2222;40;11;51;78.4314;259;112;371;69.8113;183;58;241;75.9336;322;120;442;72.8507;2026-08-06;-0.4776;0.176;-0.3149;v25|SEASON|HOME_STRONG|1.20|P7
v25;SEASON;HOME_STRONG;1.2;8;71;439;170;609;72.0854;43;11;54;79.6296;256;112;368;69.5652;183;58;241;75.9336;319;120;439;72.6651;2026-08-06;-0.6144;0.176;-0.5005;v25|SEASON|HOME_STRONG|1.20|P8
v25;LAST5;HOME_STRONG;1.4;7;195;396;147;543;72.9282;86;34;120;71.6667;232;95;327;70.948;164;52;216;75.9259;295;107;402;73.3831;2026-08-06;0.2284;0.1683;0.2175;v25|LAST5|HOME_STRONG|1.40|P7
v25;LAST5;HOME_STRONG;1.5;7;195;396;147;543;72.9282;86;34;120;71.6667;232;95;327;70.948;164;52;216;75.9259;295;107;402;73.3831;2026-08-06;0.2284;0.1683;0.2175;v25|LAST5|HOME_STRONG|1.50|P7
v25;LAST5;HOME_STRONG;1.2;10;140;398;150;548;72.6277;84;31;115;73.0435;234;98;332;70.4819;164;52;216;75.9259;298;111;409;72.8606;2026-08-06;-0.0721;0.1683;-0.305;v25|LAST5|HOME_STRONG|1.20|P10
v25;LAST5;HOME_STRONG;1.3;10;140;398;150;548;72.6277;84;31;115;73.0435;234;98;332;70.4819;164;52;216;75.9259;298;111;409;72.8606;2026-08-06;-0.0721;0.1683;-0.305;v25|LAST5|HOME_STRONG|1.30|P10
v25;SEASON;HOME_STRONG;1.6;12;202;352;136;488;72.1311;130;45;175;74.2857;207;90;297;69.697;145;46;191;75.9162;261;100;361;72.2992;2026-08-06;-0.5687;0.1586;-0.8664;v25|SEASON|HOME_STRONG|1.60|P12
v25;SEASON;HOME_STRONG;1.0;13;37;456;173;629;72.496;26;8;34;76.4706;267;113;380;70.2632;189;60;249;75.9036;329;123;452;72.7876;2026-08-06;-0.2038;0.146;-0.378;v25|SEASON|HOME_STRONG|1.00|P13
v25;SEASON;HOME_STRONG;1.0;14;37;456;173;629;72.496;26;8;34;76.4706;267;113;380;70.2632;189;60;249;75.9036;329;123;452;72.7876;2026-08-06;-0.2038;0.146;-0.378;v25|SEASON|HOME_STRONG|1.00|P14
v25;SEASON;HOME_STRONG;1.5;2;162;445;170;615;72.3577;37;11;48;77.0833;256;110;366;69.9454;189;60;249;75.9036;325;123;448;72.5446;2026-08-06;-0.3421;0.146;-0.621;v25|SEASON|HOME_STRONG|1.50|P2
v25;LAST5;BOTH_STRONG;1.6;1;97;465;174;639;72.77;17;7;24;70.8333;273;113;386;70.7254;192;61;253;75.8893;336;124;460;73.0435;2026-08-06;0.0702;0.1317;-0.1221;v25|LAST5|BOTH_STRONG|1.60|P1
v25;SEASON;HOME_STRONG;1.4;2;124;454;172;626;72.524;28;9;37;75.6757;262;111;373;70.2413;192;61;253;75.8893;330;124;454;72.6872;2026-08-06;-0.1758;0.1317;-0.4784;v25|SEASON|HOME_STRONG|1.40|P2
v25;LAST5;HOME_STRONG;1.4;11;195;369;135;504;73.2143;113;46;159;71.0692;218;87;305;71.4754;151;48;199;75.8794;277;99;376;73.6702;2026-08-06;0.5145;0.1218;0.5046;v25|LAST5|HOME_STRONG|1.40|P11
v25;LAST5;HOME_STRONG;1.5;11;195;369;135;504;73.2143;113;46;159;71.0692;218;87;305;71.4754;151;48;199;75.8794;277;99;376;73.6702;2026-08-06;0.5145;0.1218;0.5046;v25|LAST5|HOME_STRONG|1.50|P11
v25;SEASON;AT_LEAST_ONE_STRONG;1.3;10;168;374;141;515;72.6214;108;40;148;72.973;223;93;316;70.5696;151;48;199;75.8794;269;102;371;72.5067;2026-08-06;-0.0784;0.1218;-0.6589;v25|SEASON|AT_LEAST_ONE_STRONG|1.30|P10
v25;LAST5;BOTH_STRONG;1.4;2;50;469;173;642;73.053;13;8;21;61.9048;274;111;385;71.1688;195;62;257;75.8755;340;123;463;73.4341;2026-08-06;0.3532;0.1179;0.2685;v25|LAST5|BOTH_STRONG|1.40|P2
v25;LAST5;BOTH_STRONG;1.5;2;50;469;173;642;73.053;13;8;21;61.9048;274;111;385;71.1688;195;62;257;75.8755;340;123;463;73.4341;2026-08-06;0.3532;0.1179;0.2685;v25|LAST5|BOTH_STRONG|1.50|P2
v25;SEASON;BOTH_STRONG;1.6;2;50;467;173;640;72.9688;15;8;23;65.2174;272;111;383;71.0183;195;62;257;75.8755;337;124;461;73.102;2026-08-06;0.269;0.1179;-0.0636;v25|SEASON|BOTH_STRONG|1.60|P2
v25;SEASON;AT_LEAST_ONE_STRONG;1.3;1;168;463;172;635;72.9134;19;9;28;67.8571;268;110;378;70.8995;195;62;257;75.8755;334;123;457;73.0853;2026-08-06;0.2136;0.1179;-0.0803;v25|SEASON|AT_LEAST_ONE_STRONG|1.30|P1
v25;SEASON;AT_LEAST_ONE_STRONG;1.2;1;124;467;175;642;72.7414;15;6;21;71.4286;272;113;385;70.6494;195;62;257;75.8755;337;125;462;72.9437;2026-08-06;0.0416;0.1179;-0.2219;v25|SEASON|AT_LEAST_ONE_STRONG|1.20|P1
v25;SEASON;HOME_STRONG;1.3;2;93;461;175;636;72.4843;21;6;27;77.7778;266;113;379;70.1847;195;62;257;75.8755;335;126;461;72.6681;2026-08-06;-0.2155;0.1179;-0.4975;v25|SEASON|HOME_STRONG|1.30|P2
v25;SEASON;HOME_STRONG;1.4;5;124;427;163;590;72.3729;55;18;73;75.3425;251;107;358;70.1117;176;56;232;75.8621;313;117;430;72.7907;2026-08-06;-0.3269;0.1045;-0.3749;v25|SEASON|HOME_STRONG|1.40|P5
v25;SEASON;HOME_STRONG;1.5;4;162;416;161;577;72.0971;66;20;86;76.7442;240;105;345;69.5652;176;56;232;75.8621;307;117;424;72.4057;2026-08-06;-0.6027;0.1045;-0.7599;v25|SEASON|HOME_STRONG|1.50|P4
v25;SEASON;AWAY_STRONG;1.3;1;79;474;176;650;72.9231;8;5;13;61.5385;276;113;389;70.9512;198;63;261;75.8621;342;125;467;73.2334;2026-08-06;0.2233;0.1045;0.0678;v25|SEASON|AWAY_STRONG|1.30|P1
v25;SEASON;BOTH_STRONG;1.6;1;50;475;177;652;72.8528;7;4;11;63.6364;277;114;391;70.844;198;63;261;75.8621;344;126;470;73.1915;2026-08-06;0.153;0.1045;0.0259;v25|SEASON|BOTH_STRONG|1.60|P1
v25;SEASON;BOTH_STRONG;1.4;3;13;477;178;655;72.8244;5;3;8;62.5;279;115;394;70.8122;198;63;261;75.8621;346;126;472;73.3051;2026-08-06;0.1246;0.1045;0.1395;v25|SEASON|BOTH_STRONG|1.40|P3
v25;LAST5;BOTH_STRONG;1.2;1;27;477;178;655;72.8244;5;3;8;62.5;279;115;394;70.8122;198;63;261;75.8621;346;128;474;72.9958;2026-08-06;0.1246;0.1045;-0.1698;v25|LAST5|BOTH_STRONG|1.20|P1
v25;LAST5;BOTH_STRONG;1.3;1;27;477;178;655;72.8244;5;3;8;62.5;279;115;394;70.8122;198;63;261;75.8621;346;128;474;72.9958;2026-08-06;0.1246;0.1045;-0.1698;v25|LAST5|BOTH_STRONG|1.30|P1
v25;LAST5;BOTH_STRONG;1.0;8;14;474;177;651;72.8111;8;4;12;66.6667;276;114;390;70.7692;198;63;261;75.8621;344;127;471;73.0361;2026-08-06;0.1113;0.1045;-0.1295;v25|LAST5|BOTH_STRONG|1.00|P8
v25;LAST5;BOTH_STRONG;1.1;8;14;474;177;651;72.8111;8;4;12;66.6667;276;114;390;70.7692;198;63;261;75.8621;344;127;471;73.0361;2026-08-06;0.1113;0.1045;-0.1295;v25|LAST5|BOTH_STRONG|1.10|P8
v25;LAST5;BOTH_STRONG;1.0;6;14;475;178;653;72.7412;7;3;10;70.0;277;115;392;70.6633;198;63;261;75.8621;344;127;471;73.0361;2026-08-06;0.0414;0.1045;-0.1295;v25|LAST5|BOTH_STRONG|1.00|P6
v25;LAST5;BOTH_STRONG;1.1;6;14;475;178;653;72.7412;7;3;10;70.0;277;115;392;70.6633;198;63;261;75.8621;344;127;471;73.0361;2026-08-06;0.0414;0.1045;-0.1295;v25|LAST5|BOTH_STRONG|1.10|P6
v25;LAST5;BOTH_STRONG;1.0;7;14;474;178;652;72.6994;8;3;11;72.7273;276;115;391;70.5882;198;63;261;75.8621;344;127;471;73.0361;2026-08-06;-0.0004;0.1045;-0.1295;v25|LAST5|BOTH_STRONG|1.00|P7
v25;LAST5;BOTH_STRONG;1.1;7;14;474;178;652;72.6994;8;3;11;72.7273;276;115;391;70.5882;198;63;261;75.8621;344;127;471;73.0361;2026-08-06;-0.0004;0.1045;-0.1295;v25|LAST5|BOTH_STRONG|1.10|P7
v25;LAST5;BOTH_STRONG;1.2;2;27;474;178;652;72.6994;8;3;11;72.7273;276;115;391;70.5882;198;63;261;75.8621;344;128;472;72.8814;2026-08-06;-0.0004;0.1045;-0.2842;v25|LAST5|BOTH_STRONG|1.20|P2
v25;LAST5;BOTH_STRONG;1.2;3;27;474;178;652;72.6994;8;3;11;72.7273;276;115;391;70.5882;198;63;261;75.8621;344;128;472;72.8814;2026-08-06;-0.0004;0.1045;-0.2842;v25|LAST5|BOTH_STRONG|1.20|P3
v25;LAST5;BOTH_STRONG;1.3;2;27;474;178;652;72.6994;8;3;11;72.7273;276;115;391;70.5882;198;63;261;75.8621;344;128;472;72.8814;2026-08-06;-0.0004;0.1045;-0.2842;v25|LAST5|BOTH_STRONG|1.30|P2
v25;LAST5;BOTH_STRONG;1.3;3;27;474;178;652;72.6994;8;3;11;72.7273;276;115;391;70.5882;198;63;261;75.8621;344;128;472;72.8814;2026-08-06;-0.0004;0.1045;-0.2842;v25|LAST5|BOTH_STRONG|1.30|P3
v25;SEASON;AWAY_STRONG;1.2;1;55;476;179;655;72.6718;6;2;8;75.0;278;116;394;70.5584;198;63;261;75.8621;343;127;470;72.9787;2026-08-06;-0.028;0.1045;-0.1869;v25|SEASON|AWAY_STRONG|1.20|P1
v25;SEASON;HOME_STRONG;1.4;4;124;432;164;596;72.4832;50;17;67;74.6269;253;107;360;70.2778;179;57;236;75.8475;317;118;435;72.8736;2026-08-06;-0.2166;0.0899;-0.292;v25|SEASON|HOME_STRONG|1.40|P4
v25;SEASON;HOME_STRONG;1.4;14;124;393;151;544;72.2426;89;30;119;74.7899;233;100;333;69.97;160;51;211;75.8294;287;110;397;72.2922;2026-08-06;-0.4572;0.0718;-0.8734;v25|SEASON|HOME_STRONG|1.40|P14
v25;LAST5;HOME_STRONG;1.2;11;140;397;149;546;72.7106;85;32;117;72.6496;234;97;331;70.6949;163;52;215;75.814;297;110;407;72.973;2026-08-06;0.0108;0.0564;-0.1926;v25|LAST5|HOME_STRONG|1.20|P11
v25;LAST5;HOME_STRONG;1.3;11;140;397;149;546;72.7106;85;32;117;72.6496;234;97;331;70.6949;163;52;215;75.814;297;110;407;72.973;2026-08-06;0.0108;0.0564;-0.1926;v25|LAST5|HOME_STRONG|1.30|P11
v25;SEASON;HOME_STRONG;1.5;7;162;393;154;547;71.8464;89;27;116;76.7241;227;101;328;69.2073;166;53;219;75.7991;290;111;401;72.3192;2026-08-06;-0.8534;0.0415;-0.8464;v25|SEASON|HOME_STRONG|1.50|P7
v25;LAST5;HOME_STRONG;1.4;14;195;355;130;485;73.1959;127;51;178;71.3483;211;84;295;71.5254;144;46;190;75.7895;267;97;364;73.3516;2026-08-06;0.4961;0.0319;0.186;v25|LAST5|HOME_STRONG|1.40|P14
v25;LAST5;HOME_STRONG;1.5;14;195;355;130;485;73.1959;127;51;178;71.3483;211;84;295;71.5254;144;46;190;75.7895;267;97;364;73.3516;2026-08-06;0.4961;0.0319;0.186;v25|LAST5|HOME_STRONG|1.50|P14
v25;SEASON;AT_LEAST_ONE_STRONG;1.4;8;231;350;129;479;73.0689;132;52;184;71.7391;206;83;289;71.2803;144;46;190;75.7895;253;93;346;73.1214;2026-08-06;0.3691;0.0319;-0.0442;v25|SEASON|AT_LEAST_ONE_STRONG|1.40|P8
v25;LAST5;HOME_STRONG;1.6;4;263;404;150;554;72.9242;78;31;109;71.5596;235;96;331;70.997;169;54;223;75.7848;298;110;408;73.0392;2026-08-06;0.2244;0.0272;-0.1264;v25|LAST5|HOME_STRONG|1.60|P4
v25;SEASON;HOME_STRONG;1.5;6;162;400;156;556;71.9424;82;25;107;76.6355;231;102;333;69.3694;169;54;223;75.7848;295;113;408;72.3039;2026-08-06;-0.7574;0.0272;-0.8617;v25|SEASON|HOME_STRONG|1.50|P6
v25;LAST5;HOME_STRONG;1.4;1;195;467;174;641;72.8549;15;7;22;68.1818;273;112;385;70.9091;194;62;256;75.7812;338;126;464;72.8448;2026-08-06;0.1551;0.0236;-0.3208;v25|LAST5|HOME_STRONG|1.40|P1
v25;LAST5;HOME_STRONG;1.5;1;195;467;174;641;72.8549;15;7;22;68.1818;273;112;385;70.9091;194;62;256;75.7812;338;126;464;72.8448;2026-08-06;0.1551;0.0236;-0.3208;v25|LAST5|HOME_STRONG|1.50|P1
v25;SEASON;AWAY_STRONG;1.4;1;120;469;174;643;72.9393;13;7;20;65.0;272;111;383;71.0183;197;63;260;75.7692;339;124;463;73.2181;2026-08-06;0.2395;0.0116;0.0525;v25|SEASON|AWAY_STRONG|1.40|P1
v25;SEASON;BOTH_STRONG;1.4;6;13;475;177;652;72.8528;7;4;11;63.6364;278;114;392;70.9184;197;63;260;75.7692;345;126;471;73.2484;2026-08-06;0.153;0.0116;0.0828;v25|SEASON|BOTH_STRONG|1.40|P6
v25;SEASON;BOTH_STRONG;1.4;7;13;474;177;651;72.8111;8;4;12;66.6667;277;114;391;70.844;197;63;260;75.7692;345;126;471;73.2484;2026-08-06;0.1113;0.0116;0.0828;v25|SEASON|BOTH_STRONG|1.40|P7
v25;SEASON;BOTH_STRONG;1.4;4;13;476;178;654;72.7829;6;3;9;66.6667;279;115;394;70.8122;197;63;260;75.7692;346;126;472;73.3051;2026-08-06;0.0831;0.0116;0.1395;v25|SEASON|BOTH_STRONG|1.40|P4
v25;SEASON;BOTH_STRONG;1.4;5;13;476;178;654;72.7829;6;3;9;66.6667;279;115;394;70.8122;197;63;260;75.7692;346;126;472;73.3051;2026-08-06;0.0831;0.0116;0.1395;v25|SEASON|BOTH_STRONG|1.40|P5
v25;SEASON;HOME_STRONG;1.2;1;71;473;177;650;72.7692;9;4;13;69.2308;276;114;390;70.7692;197;63;260;75.7692;343;126;469;73.1343;2026-08-06;0.0694;0.0116;-0.0313;v25|SEASON|HOME_STRONG|1.20|P1
v25;LAST5;HOME_STRONG;1.0;2;88;468;176;644;72.6708;14;5;19;73.6842;271;113;384;70.5729;197;63;260;75.7692;340;127;467;72.8051;2026-08-06;-0.029;0.0116;-0.3605;v25|LAST5|HOME_STRONG|1.00|P2
v25;LAST5;HOME_STRONG;1.1;2;88;468;176;644;72.6708;14;5;19;73.6842;271;113;384;70.5729;197;63;260;75.7692;340;127;467;72.8051;2026-08-06;-0.029;0.0116;-0.3605;v25|LAST5|HOME_STRONG|1.10|P2
v25;SEASON;HOME_STRONG;1.3;1;93;470;177;647;72.643;12;4;16;75.0;273;114;387;70.5426;197;63;260;75.7692;341;126;467;73.0193;2026-08-06;-0.0568;0.0116;-0.1463;v25|SEASON|HOME_STRONG|1.30|P1
v25;SEASON;HOME_STRONG;1.1;1;50;474;179;653;72.5881;8;2;10;80.0;277;116;393;70.4835;197;63;260;75.7692;343;128;471;72.8238;2026-08-06;-0.1117;0.0116;-0.3418;v25|SEASON|HOME_STRONG|1.10|P1
v25;SEASON;AT_LEAST_ONE_STRONG;1.3;11;168;373;140;513;72.7096;109;41;150;72.6667;223;92;315;70.7937;150;48;198;75.7576;269;101;370;72.7027;2026-08-06;0.0098;0.0;-0.4629;v25|SEASON|AT_LEAST_ONE_STRONG|1.30|P11
v25;LAST5;AT_LEAST_ONE_STRONG;0.8;11;88;431;159;590;73.0508;51;22;73;69.863;256;103;359;71.3092;175;56;231;75.7576;319;117;436;73.1651;2026-08-06;0.351;0.0;-0.0005;v25|LAST5|AT_LEAST_ONE_STRONG|0.80|P11
v25;LAST5;HOME_STRONG;1.0;15;88;422;156;578;73.0104;60;25;85;70.5882;247;100;347;71.1816;175;56;231;75.7576;312;113;425;73.4118;2026-08-06;0.3106;0.0;0.2462;v25|LAST5|HOME_STRONG|1.00|P15
v25;LAST5;HOME_STRONG;1.1;15;88;422;156;578;73.0104;60;25;85;70.5882;247;100;347;71.1816;175;56;231;75.7576;312;113;425;73.4118;2026-08-06;0.3106;0.0;0.2462;v25|LAST5|HOME_STRONG|1.10|P15
v25;LAST5;AT_LEAST_ONE_STRONG;0.8;10;88;431;160;591;72.9272;51;21;72;70.8333;256;104;360;71.1111;175;56;231;75.7576;319;118;437;72.9977;2026-08-06;0.2274;0.0;-0.1679;v25|LAST5|AT_LEAST_ONE_STRONG|0.80|P10
v25;LAST5;HOME_STRONG;0.8;1;50;479;178;657;72.9072;3;3;6;50.0;279;114;393;70.9924;200;64;264;75.7576;346;128;474;72.9958;2026-08-06;0.2074;0.0;-0.1698;v25|LAST5|HOME_STRONG|0.80|P1
v25;LAST5;HOME_STRONG;0.8;2;50;477;178;655;72.8244;5;3;8;62.5;277;114;391;70.844;200;64;264;75.7576;346;128;474;72.9958;2026-08-06;0.1246;0.0;-0.1698;v25|LAST5|HOME_STRONG|0.80|P2
v25;LAST5;BOTH_STRONG;0.8;1;5;481;180;661;72.7685;1;1;2;50.0;281;116;397;70.7809;200;64;264;75.7576;348;128;476;73.1092;2026-08-06;0.0687;0.0;-0.0564;v25|LAST5|BOTH_STRONG|0.80|P1
v25;LAST5;BOTH_STRONG;0.8;2;5;480;180;660;72.7273;2;1;3;66.6667;280;116;396;70.7071;200;64;264;75.7576;348;128;476;73.1092;2026-08-06;0.0275;0.0;-0.0564;v25|LAST5|BOTH_STRONG|0.80|P2
v25;LAST5;BOTH_STRONG;0.8;3;5;480;180;660;72.7273;2;1;3;66.6667;280;116;396;70.7071;200;64;264;75.7576;348;128;476;73.1092;2026-08-06;0.0275;0.0;-0.0564;v25|LAST5|BOTH_STRONG|0.80|P3
v25;LAST5;BOTH_STRONG;0.8;4;5;480;180;660;72.7273;2;1;3;66.6667;280;116;396;70.7071;200;64;264;75.7576;348;128;476;73.1092;2026-08-06;0.0275;0.0;-0.0564;v25|LAST5|BOTH_STRONG|0.80|P4
v25;LAST5;BOTH_STRONG;0.8;5;5;480;180;660;72.7273;2;1;3;66.6667;280;116;396;70.7071;200;64;264;75.7576;348;128;476;73.1092;2026-08-06;0.0275;0.0;-0.0564;v25|LAST5|BOTH_STRONG|0.80|P5
v25;SEASON;HOME_STRONG;0.8;1;9;482;181;663;72.6998;0;0;0;0.0;282;117;399;70.6767;200;64;264;75.7576;349;128;477;73.1656;2026-08-06;0.0;0.0;0.0;v25|SEASON|HOME_STRONG|0.80|P1
v25;SEASON;BOTH_STRONG;0.8;1;0;482;181;663;72.6998;0;0;0;0.0;282;117;399;70.6767;200;64;264;75.7576;349;128;477;73.1656;2026-08-06;0.0;0.0;0.0;v25|SEASON|BOTH_STRONG|0.80|P1
v25;SEASON;BOTH_STRONG;0.8;2;0;482;181;663;72.6998;0;0;0;0.0;282;117;399;70.6767;200;64;264;75.7576;349;128;477;73.1656;2026-08-06;0.0;0.0;0.0;v25|SEASON|BOTH_STRONG|0.80|P2
v25;SEASON;BOTH_STRONG;0.8;3;0;482;181;663;72.6998;0;0;0;0.0;282;117;399;70.6767;200;64;264;75.7576;349;128;477;73.1656;2026-08-06;0.0;0.0;0.0;v25|SEASON|BOTH_STRONG|0.80|P3
v25;SEASON;BOTH_STRONG;0.8;4;0;482;181;663;72.6998;0;0;0;0.0;282;117;399;70.6767;200;64;264;75.7576;349;128;477;73.1656;2026-08-06;0.0;0.0;0.0;v25|SEASON|BOTH_STRONG|0.80|P4
v25;SEASON;BOTH_STRONG;0.8;5;0;482;181;663;72.6998;0;0;0;0.0;282;117;399;70.6767;200;64;264;75.7576;349;128;477;73.1656;2026-08-06;0.0;0.0;0.0;v25|SEASON|BOTH_STRONG|0.80|P5
v25;SEASON;BOTH_STRONG;0.8;6;0;482;181;663;72.6998;0;0;0;0.0;282;117;399;70.6767;200;64;264;75.7576;349;128;477;73.1656;2026-08-06;0.0;0.0;0.0;v25|SEASON|BOTH_STRONG|0.80|P6
v25;SEASON;BOTH_STRONG;0.8;7;0;482;181;663;72.6998;0;0;0;0.0;282;117;399;70.6767;200;64;264;75.7576;349;128;477;73.1656;2026-08-06;0.0;0.0;0.0;v25|SEASON|BOTH_STRONG|0.80|P7
v25;SEASON;BOTH_STRONG;0.8;8;0;482;181;663;72.6998;0;0;0;0.0;282;117;399;70.6767;200;64;264;75.7576;349;128;477;73.1656;2026-08-06;0.0;0.0;0.0;v25|SEASON|BOTH_STRONG|0.80|P8
v25;SEASON;BOTH_STRONG;0.8;9;0;482;181;663;72.6998;0;0;0;0.0;282;117;399;70.6767;200;64;264;75.7576;349;128;477;73.1656;2026-08-06;0.0;0.0;0.0;v25|SEASON|BOTH_STRONG|0.80|P9
v25;SEASON;BOTH_STRONG;0.8;10;0;482;181;663;72.6998;0;0;0;0.0;282;117;399;70.6767;200;64;264;75.7576;349;128;477;73.1656;2026-08-06;0.0;0.0;0.0;v25|SEASON|BOTH_STRONG|0.80|P10
v25;SEASON;BOTH_STRONG;0.8;11;0;482;181;663;72.6998;0;0;0;0.0;282;117;399;70.6767;200;64;264;75.7576;349;128;477;73.1656;2026-08-06;0.0;0.0;0.0;v25|SEASON|BOTH_STRONG|0.80|P11
v25;SEASON;BOTH_STRONG;0.8;12;0;482;181;663;72.6998;0;0;0;0.0;282;117;399;70.6767;200;64;264;75.7576;349;128;477;73.1656;2026-08-06;0.0;0.0;0.0;v25|SEASON|BOTH_STRONG|0.80|P12
v25;SEASON;BOTH_STRONG;0.8;13;0;482;181;663;72.6998;0;0;0;0.0;282;117;399;70.6767;200;64;264;75.7576;349;128;477;73.1656;2026-08-06;0.0;0.0;0.0;v25|SEASON|BOTH_STRONG|0.80|P13
v25;SEASON;BOTH_STRONG;0.8;14;0;482;181;663;72.6998;0;0;0;0.0;282;117;399;70.6767;200;64;264;75.7576;349;128;477;73.1656;2026-08-06;0.0;0.0;0.0;v25|SEASON|BOTH_STRONG|0.80|P14
v25;SEASON;BOTH_STRONG;0.8;15;0;482;181;663;72.6998;0;0;0;0.0;282;117;399;70.6767;200;64;264;75.7576;349;128;477;73.1656;2026-08-06;0.0;0.0;0.0;v25|SEASON|BOTH_STRONG|0.80|P15
v25;SEASON;BOTH_STRONG;1.0;1;0;482;181;663;72.6998;0;0;0;0.0;282;117;399;70.6767;200;64;264;75.7576;349;128;477;73.1656;2026-08-06;0.0;0.0;0.0;v25|SEASON|BOTH_STRONG|1.00|P1
v25;SEASON;BOTH_STRONG;1.0;2;0;482;181;663;72.6998;0;0;0;0.0;282;117;399;70.6767;200;64;264;75.7576;349;128;477;73.1656;2026-08-06;0.0;0.0;0.0;v25|SEASON|BOTH_STRONG|1.00|P2
v25;SEASON;BOTH_STRONG;1.0;3;0;482;181;663;72.6998;0;0;0;0.0;282;117;399;70.6767;200;64;264;75.7576;349;128;477;73.1656;2026-08-06;0.0;0.0;0.0;v25|SEASON|BOTH_STRONG|1.00|P3
v25;SEASON;BOTH_STRONG;1.0;4;0;482;181;663;72.6998;0;0;0;0.0;282;117;399;70.6767;200;64;264;75.7576;349;128;477;73.1656;2026-08-06;0.0;0.0;0.0;v25|SEASON|BOTH_STRONG|1.00|P4
v25;SEASON;BOTH_STRONG;1.0;5;0;482;181;663;72.6998;0;0;0;0.0;282;117;399;70.6767;200;64;264;75.7576;349;128;477;73.1656;2026-08-06;0.0;0.0;0.0;v25|SEASON|BOTH_STRONG|1.00|P5
v25;SEASON;BOTH_STRONG;1.0;6;0;482;181;663;72.6998;0;0;0;0.0;282;117;399;70.6767;200;64;264;75.7576;349;128;477;73.1656;2026-08-06;0.0;0.0;0.0;v25|SEASON|BOTH_STRONG|1.00|P6
v25;SEASON;BOTH_STRONG;1.0;7;0;482;181;663;72.6998;0;0;0;0.0;282;117;399;70.6767;200;64;264;75.7576;349;128;477;73.1656;2026-08-06;0.0;0.0;0.0;v25|SEASON|BOTH_STRONG|1.00|P7
v25;SEASON;BOTH_STRONG;1.0;8;0;482;181;663;72.6998;0;0;0;0.0;282;117;399;70.6767;200;64;264;75.7576;349;128;477;73.1656;2026-08-06;0.0;0.0;0.0;v25|SEASON|BOTH_STRONG|1.00|P8
v25;SEASON;BOTH_STRONG;1.0;9;0;482;181;663;72.6998;0;0;0;0.0;282;117;399;70.6767;200;64;264;75.7576;349;128;477;73.1656;2026-08-06;0.0;0.0;0.0;v25|SEASON|BOTH_STRONG|1.00|P9
v25;SEASON;BOTH_STRONG;1.0;10;0;482;181;663;72.6998;0;0;0;0.0;282;117;399;70.6767;200;64;264;75.7576;349;128;477;73.1656;2026-08-06;0.0;0.0;0.0;v25|SEASON|BOTH_STRONG|1.00|P10
v25;SEASON;BOTH_STRONG;1.0;11;0;482;181;663;72.6998;0;0;0;0.0;282;117;399;70.6767;200;64;264;75.7576;349;128;477;73.1656;2026-08-06;0.0;0.0;0.0;v25|SEASON|BOTH_STRONG|1.00|P11
v25;SEASON;BOTH_STRONG;1.0;12;0;482;181;663;72.6998;0;0;0;0.0;282;117;399;70.6767;200;64;264;75.7576;349;128;477;73.1656;2026-08-06;0.0;0.0;0.0;v25|SEASON|BOTH_STRONG|1.00|P12
v25;SEASON;BOTH_STRONG;1.0;13;0;482;181;663;72.6998;0;0;0;0.0;282;117;399;70.6767;200;64;264;75.7576;349;128;477;73.1656;2026-08-06;0.0;0.0;0.0;v25|SEASON|BOTH_STRONG|1.00|P13
v25;SEASON;BOTH_STRONG;1.0;14;0;482;181;663;72.6998;0;0;0;0.0;282;117;399;70.6767;200;64;264;75.7576;349;128;477;73.1656;2026-08-06;0.0;0.0;0.0;v25|SEASON|BOTH_STRONG|1.00|P14
v25;SEASON;BOTH_STRONG;1.0;15;0;482;181;663;72.6998;0;0;0;0.0;282;117;399;70.6767;200;64;264;75.7576;349;128;477;73.1656;2026-08-06;0.0;0.0;0.0;v25|SEASON|BOTH_STRONG|1.00|P15
v25;SEASON;BOTH_STRONG;1.1;1;0;482;181;663;72.6998;0;0;0;0.0;282;117;399;70.6767;200;64;264;75.7576;349;128;477;73.1656;2026-08-06;0.0;0.0;0.0;v25|SEASON|BOTH_STRONG|1.10|P1
v25;SEASON;BOTH_STRONG;1.1;2;0;482;181;663;72.6998;0;0;0;0.0;282;117;399;70.6767;200;64;264;75.7576;349;128;477;73.1656;2026-08-06;0.0;0.0;0.0;v25|SEASON|BOTH_STRONG|1.10|P2
v25;SEASON;BOTH_STRONG;1.1;3;0;482;181;663;72.6998;0;0;0;0.0;282;117;399;70.6767;200;64;264;75.7576;349;128;477;73.1656;2026-08-06;0.0;0.0;0.0;v25|SEASON|BOTH_STRONG|1.10|P3
v25;SEASON;BOTH_STRONG;1.1;4;0;482;181;663;72.6998;0;0;0;0.0;282;117;399;70.6767;200;64;264;75.7576;349;128;477;73.1656;2026-08-06;0.0;0.0;0.0;v25|SEASON|BOTH_STRONG|1.10|P4
v25;SEASON;BOTH_STRONG;1.1;5;0;482;181;663;72.6998;0;0;0;0.0;282;117;399;70.6767;200;64;264;75.7576;349;128;477;73.1656;2026-08-06;0.0;0.0;0.0;v25|SEASON|BOTH_STRONG|1.10|P5
v25;SEASON;BOTH_STRONG;1.1;6;0;482;181;663;72.6998;0;0;0;0.0;282;117;399;70.6767;200;64;264;75.7576;349;128;477;73.1656;2026-08-06;0.0;0.0;0.0;v25|SEASON|BOTH_STRONG|1.10|P6
v25;SEASON;BOTH_STRONG;1.1;7;0;482;181;663;72.6998;0;0;0;0.0;282;117;399;70.6767;200;64;264;75.7576;349;128;477;73.1656;2026-08-06;0.0;0.0;0.0;v25|SEASON|BOTH_STRONG|1.10|P7
v25;SEASON;BOTH_STRONG;1.1;8;0;482;181;663;72.6998;0;0;0;0.0;282;117;399;70.6767;200;64;264;75.7576;349;128;477;73.1656;2026-08-06;0.0;0.0;0.0;v25|SEASON|BOTH_STRONG|1.10|P8
v25;SEASON;BOTH_STRONG;1.1;9;0;482;181;663;72.6998;0;0;0;0.0;282;117;399;70.6767;200;64;264;75.7576;349;128;477;73.1656;2026-08-06;0.0;0.0;0.0;v25|SEASON|BOTH_STRONG|1.10|P9
v25;SEASON;BOTH_STRONG;1.1;10;0;482;181;663;72.6998;0;0;0;0.0;282;117;399;70.6767;200;64;264;75.7576;349;128;477;73.1656;2026-08-06;0.0;0.0;0.0;v25|SEASON|BOTH_STRONG|1.10|P10
v25;SEASON;BOTH_STRONG;1.1;11;0;482;181;663;72.6998;0;0;0;0.0;282;117;399;70.6767;200;64;264;75.7576;349;128;477;73.1656;2026-08-06;0.0;0.0;0.0;v25|SEASON|BOTH_STRONG|1.10|P11
v25;SEASON;BOTH_STRONG;1.1;12;0;482;181;663;72.6998;0;0;0;0.0;282;117;399;70.6767;200;64;264;75.7576;349;128;477;73.1656;2026-08-06;0.0;0.0;0.0;v25|SEASON|BOTH_STRONG|1.10|P12
v25;SEASON;BOTH_STRONG;1.1;13;0;482;181;663;72.6998;0;0;0;0.0;282;117;399;70.6767;200;64;264;75.7576;349;128;477;73.1656;2026-08-06;0.0;0.0;0.0;v25|SEASON|BOTH_STRONG|1.10|P13
v25;SEASON;BOTH_STRONG;1.1;14;0;482;181;663;72.6998;0;0;0;0.0;282;117;399;70.6767;200;64;264;75.7576;349;128;477;73.1656;2026-08-06;0.0;0.0;0.0;v25|SEASON|BOTH_STRONG|1.10|P14
v25;SEASON;BOTH_STRONG;1.1;15;0;482;181;663;72.6998;0;0;0;0.0;282;117;399;70.6767;200;64;264;75.7576;349;128;477;73.1656;2026-08-06;0.0;0.0;0.0;v25|SEASON|BOTH_STRONG|1.10|P15
v25;SEASON;BOTH_STRONG;1.2;1;2;482;181;663;72.6998;0;0;0;0.0;282;117;399;70.6767;200;64;264;75.7576;349;128;477;73.1656;2026-08-06;0.0;0.0;0.0;v25|SEASON|BOTH_STRONG|1.20|P1
v25;SEASON;BOTH_STRONG;1.2;2;2;482;181;663;72.6998;0;0;0;0.0;282;117;399;70.6767;200;64;264;75.7576;349;128;477;73.1656;2026-08-06;0.0;0.0;0.0;v25|SEASON|BOTH_STRONG|1.20|P2
v25;SEASON;BOTH_STRONG;1.2;3;2;482;181;663;72.6998;0;0;0;0.0;282;117;399;70.6767;200;64;264;75.7576;349;128;477;73.1656;2026-08-06;0.0;0.0;0.0;v25|SEASON|BOTH_STRONG|1.20|P3
v25;SEASON;BOTH_STRONG;1.4;1;13;479;180;659;72.6859;3;1;4;75.0;279;116;395;70.6329;200;64;264;75.7576;348;128;476;73.1092;2026-08-06;-0.0139;0.0;-0.0564;v25|SEASON|BOTH_STRONG|1.40|P1
v25;SEASON;HOME_STRONG;0.8;2;9;481;181;662;72.6586;1;0;1;100.0;281;117;398;70.603;200;64;264;75.7576;348;128;476;73.1092;2026-08-06;-0.0412;0.0;-0.0564;v25|SEASON|HOME_STRONG|0.80|P2
v25;SEASON;HOME_STRONG;0.8;3;9;481;181;662;72.6586;1;0;1;100.0;281;117;398;70.603;200;64;264;75.7576;348;128;476;73.1092;2026-08-06;-0.0412;0.0;-0.0564;v25|SEASON|HOME_STRONG|0.80|P3
v25;SEASON;BOTH_STRONG;1.3;1;4;481;181;662;72.6586;1;0;1;100.0;281;117;398;70.603;200;64;264;75.7576;349;128;477;73.1656;2026-08-06;-0.0412;0.0;0.0;v25|SEASON|BOTH_STRONG|1.30|P1
v25;SEASON;BOTH_STRONG;1.3;2;4;481;181;662;72.6586;1;0;1;100.0;281;117;398;70.603;200;64;264;75.7576;349;128;477;73.1656;2026-08-06;-0.0412;0.0;0.0;v25|SEASON|BOTH_STRONG|1.30|P2
v25;SEASON;BOTH_STRONG;1.3;3;4;481;181;662;72.6586;1;0;1;100.0;281;117;398;70.603;200;64;264;75.7576;349;128;477;73.1656;2026-08-06;-0.0412;0.0;0.0;v25|SEASON|BOTH_STRONG|1.30|P3
v25;SEASON;AWAY_STRONG;0.8;1;9;480;181;661;72.6172;2;0;2;100.0;280;117;397;70.529;200;64;264;75.7576;347;128;475;73.0526;2026-08-06;-0.0826;0.0;-0.113;v25|SEASON|AWAY_STRONG|0.80|P1
v25;SEASON;AT_LEAST_ONE_STRONG;0.8;1;18;480;181;661;72.6172;2;0;2;100.0;280;117;397;70.529;200;64;264;75.7576;347;128;475;73.0526;2026-08-06;-0.0826;0.0;-0.113;v25|SEASON|AT_LEAST_ONE_STRONG|0.80|P1
v25;SEASON;HOME_STRONG;0.8;4;9;479;181;660;72.5758;3;0;3;100.0;279;117;396;70.4545;200;64;264;75.7576;347;128;475;73.0526;2026-08-06;-0.124;0.0;-0.113;v25|SEASON|HOME_STRONG|0.80|P4
v25;SEASON;AWAY_STRONG;0.8;2;9;479;181;660;72.5758;3;0;3;100.0;279;117;396;70.4545;200;64;264;75.7576;346;128;474;72.9958;2026-08-06;-0.124;0.0;-0.1698;v25|SEASON|AWAY_STRONG|0.80|P2
v25;SEASON;AT_LEAST_ONE_STRONG;0.8;2;18;478;181;659;72.5341;4;0;4;100.0;278;117;395;70.3797;200;64;264;75.7576;345;128;473;72.9387;2026-08-06;-0.1657;0.0;-0.2269;v25|SEASON|AT_LEAST_ONE_STRONG|0.80|P2
v25;SEASON;AT_LEAST_ONE_STRONG;1.3;9;168;376;143;519;72.447;106;38;144;73.6111;223;94;317;70.347;153;49;202;75.7426;270;104;374;72.1925;2026-08-06;-0.2528;-0.015;-0.9731;v25|SEASON|AT_LEAST_ONE_STRONG|1.30|P9
v25;LAST5;HOME_STRONG;1.4;9;195;376;141;517;72.7273;106;40;146;72.6027;220;91;311;70.7395;156;50;206;75.7282;281;104;385;72.987;2026-08-06;0.0275;-0.0294;-0.1786;v25|LAST5|HOME_STRONG|1.40|P9
v25;LAST5;HOME_STRONG;1.5;9;195;376;141;517;72.7273;106;40;146;72.6027;220;91;311;70.7395;156;50;206;75.7282;281;104;385;72.987;2026-08-06;0.0275;-0.0294;-0.1786;v25|LAST5|HOME_STRONG|1.50|P9
v25;SEASON;AT_LEAST_ONE_STRONG;1.3;8;168;384;144;528;72.7273;98;37;135;72.5926;228;94;322;70.8075;156;50;206;75.7282;275;104;379;72.5594;2026-08-06;0.0275;-0.0294;-0.6062;v25|SEASON|AT_LEAST_ONE_STRONG|1.30|P8
v25;LAST5;HOME_STRONG;1.0;6;88;444;167;611;72.6678;38;14;52;73.0769;257;107;364;70.6044;187;60;247;75.7085;327;120;447;73.1544;2026-08-06;-0.032;-0.0491;-0.0112;v25|LAST5|HOME_STRONG|1.00|P6
v25;LAST5;HOME_STRONG;1.1;6;88;444;167;611;72.6678;38;14;52;73.0769;257;107;364;70.6044;187;60;247;75.7085;327;120;447;73.1544;2026-08-06;-0.032;-0.0491;-0.0112;v25|LAST5|HOME_STRONG|1.10|P6
v25;SEASON;HOME_STRONG;1.0;15;37;454;172;626;72.524;28;9;37;75.6757;267;112;379;70.4485;187;60;247;75.7085;327;122;449;72.8285;2026-08-06;-0.1758;-0.0491;-0.3371;v25|SEASON|HOME_STRONG|1.00|P15
v25;LAST5;HOME_STRONG;1.2;12;140;395;148;543;72.744;87;33;120;72.5;233;96;329;70.8207;162;52;214;75.7009;295;109;404;73.0198;2026-08-06;0.0442;-0.0567;-0.1458;v25|LAST5|HOME_STRONG|1.20|P12
v25;LAST5;HOME_STRONG;1.3;12;140;395;148;543;72.744;87;33;120;72.5;233;96;329;70.8207;162;52;214;75.7009;295;109;404;73.0198;2026-08-06;0.0442;-0.0567;-0.1458;v25|LAST5|HOME_STRONG|1.30|P12
v25;SEASON;AWAY_STRONG;1.6;1;202;462;170;632;73.1013;20;11;31;64.5161;272;109;381;71.3911;190;61;251;75.6972;334;121;455;73.4066;2026-08-06;0.4015;-0.0604;0.241;v25|SEASON|AWAY_STRONG|1.60|P1
v25;LAST5;HOME_STRONG;1.0;5;88;450;169;619;72.6979;32;12;44;72.7273;260;108;368;70.6522;190;61;251;75.6972;331;122;453;73.0684;2026-08-06;-0.0019;-0.0604;-0.0972;v25|LAST5|HOME_STRONG|1.00|P5
v25;LAST5;HOME_STRONG;1.1;5;88;450;169;619;72.6979;32;12;44;72.7273;260;108;368;70.6522;190;61;251;75.6972;331;122;453;73.0684;2026-08-06;-0.0019;-0.0604;-0.0972;v25|LAST5|HOME_STRONG|1.10|P5
v25;SEASON;HOME_STRONG;1.6;15;202;337;132;469;71.855;145;49;194;74.7423;200;88;288;69.4444;137;44;181;75.6906;249;98;347;71.7579;2026-08-06;-0.8448;-0.067;-1.4077;v25|SEASON|HOME_STRONG|1.60|P15
v25;LAST5;HOME_STRONG;1.6;5;263;395;146;541;73.0129;87;35;122;71.3115;230;93;323;71.2074;165;53;218;75.6881;292;108;400;73.0;2026-08-06;0.3131;-0.0695;-0.1656;v25|LAST5|HOME_STRONG|1.60|P5
v25;SEASON;HOME_STRONG;1.3;15;93;411;159;570;72.1053;71;22;93;76.3441;243;105;348;69.8276;168;54;222;75.6757;299;114;413;72.3971;2026-08-06;-0.5945;-0.0819;-0.7685;v25|SEASON|HOME_STRONG|1.30|P15
v25;LAST5;HOME_STRONG;0.8;4;50;469;175;644;72.8261;13;6;19;68.4211;273;112;385;70.9091;196;63;259;75.6757;343;126;469;73.1343;2026-08-06;0.1263;-0.0819;-0.0313;v25|LAST5|HOME_STRONG|0.80|P4
v25;LAST5;BOTH_STRONG;1.4;1;50;474;177;651;72.8111;8;4;12;66.6667;278;114;392;70.9184;196;63;259;75.6757;344;127;471;73.0361;2026-08-06;0.1113;-0.0819;-0.1295;v25|LAST5|BOTH_STRONG|1.40|P1
v25;LAST5;BOTH_STRONG;1.5;1;50;474;177;651;72.8111;8;4;12;66.6667;278;114;392;70.9184;196;63;259;75.6757;344;127;471;73.0361;2026-08-06;0.1113;-0.0819;-0.1295;v25|LAST5|BOTH_STRONG|1.50|P1
v25;SEASON;BOTH_STRONG;1.4;8;13;473;177;650;72.7692;9;4;13;69.2308;277;114;391;70.844;196;63;259;75.6757;344;126;470;73.1915;2026-08-06;0.0694;-0.0819;0.0259;v25|SEASON|BOTH_STRONG|1.40|P8
v25;SEASON;BOTH_STRONG;1.4;9;13;473;177;650;72.7692;9;4;13;69.2308;277;114;391;70.844;196;63;259;75.6757;344;126;470;73.1915;2026-08-06;0.0694;-0.0819;0.0259;v25|SEASON|BOTH_STRONG|1.40|P9
v25;SEASON;BOTH_STRONG;1.4;10;13;473;177;650;72.7692;9;4;13;69.2308;277;114;391;70.844;196;63;259;75.6757;344;126;470;73.1915;2026-08-06;0.0694;-0.0819;0.0259;v25|SEASON|BOTH_STRONG|1.40|P10
v25;SEASON;BOTH_STRONG;1.4;11;13;473;177;650;72.7692;9;4;13;69.2308;277;114;391;70.844;196;63;259;75.6757;344;126;470;73.1915;2026-08-06;0.0694;-0.0819;0.0259;v25|SEASON|BOTH_STRONG|1.40|P11
v25;SEASON;BOTH_STRONG;1.4;12;13;473;177;650;72.7692;9;4;13;69.2308;277;114;391;70.844;196;63;259;75.6757;344;126;470;73.1915;2026-08-06;0.0694;-0.0819;0.0259;v25|SEASON|BOTH_STRONG|1.40|P12
v25;SEASON;BOTH_STRONG;1.4;13;13;473;177;650;72.7692;9;4;13;69.2308;277;114;391;70.844;196;63;259;75.6757;344;126;470;73.1915;2026-08-06;0.0694;-0.0819;0.0259;v25|SEASON|BOTH_STRONG|1.40|P13
v25;SEASON;BOTH_STRONG;1.4;14;13;473;177;650;72.7692;9;4;13;69.2308;277;114;391;70.844;196;63;259;75.6757;344;126;470;73.1915;2026-08-06;0.0694;-0.0819;0.0259;v25|SEASON|BOTH_STRONG|1.40|P14
v25;SEASON;BOTH_STRONG;1.4;15;13;473;177;650;72.7692;9;4;13;69.2308;277;114;391;70.844;196;63;259;75.6757;344;126;470;73.1915;2026-08-06;0.0694;-0.0819;0.0259;v25|SEASON|BOTH_STRONG|1.40|P15
v25;SEASON;BOTH_STRONG;1.5;2;30;472;177;649;72.7273;10;4;14;71.4286;276;114;390;70.7692;196;63;259;75.6757;342;126;468;73.0769;2026-08-06;0.0275;-0.0819;-0.0887;v25|SEASON|BOTH_STRONG|1.50|P2
v25;LAST5;BOTH_STRONG;1.0;1;14;479;179;658;72.7964;3;2;5;60.0;280;115;395;70.8861;199;64;263;75.6654;347;128;475;73.0526;2026-08-06;0.0966;-0.0922;-0.113;v25|LAST5|BOTH_STRONG|1.00|P1
v25;LAST5;BOTH_STRONG;1.1;1;14;479;179;658;72.7964;3;2;5;60.0;280;115;395;70.8861;199;64;263;75.6654;347;128;475;73.0526;2026-08-06;0.0966;-0.0922;-0.113;v25|LAST5|BOTH_STRONG|1.10|P1
v25;LAST5;HOME_STRONG;0.8;3;50;476;178;654;72.7829;6;3;9;66.6667;277;114;391;70.844;199;64;263;75.6654;346;128;474;72.9958;2026-08-06;0.0831;-0.0922;-0.1698;v25|LAST5|HOME_STRONG|0.80|P3
v25;LAST5;BOTH_STRONG;1.0;2;14;477;179;656;72.7134;5;2;7;71.4286;278;115;393;70.7379;199;64;263;75.6654;346;128;474;72.9958;2026-08-06;0.0136;-0.0922;-0.1698;v25|LAST5|BOTH_STRONG|1.00|P2
v25;LAST5;BOTH_STRONG;1.0;3;14;477;179;656;72.7134;5;2;7;71.4286;278;115;393;70.7379;199;64;263;75.6654;346;128;474;72.9958;2026-08-06;0.0136;-0.0922;-0.1698;v25|LAST5|BOTH_STRONG|1.00|P3
v25;LAST5;BOTH_STRONG;1.0;4;14;477;179;656;72.7134;5;2;7;71.4286;278;115;393;70.7379;199;64;263;75.6654;346;128;474;72.9958;2026-08-06;0.0136;-0.0922;-0.1698;v25|LAST5|BOTH_STRONG|1.00|P4
v25;LAST5;BOTH_STRONG;1.0;5;14;477;179;656;72.7134;5;2;7;71.4286;278;115;393;70.7379;199;64;263;75.6654;346;128;474;72.9958;2026-08-06;0.0136;-0.0922;-0.1698;v25|LAST5|BOTH_STRONG|1.00|P5
v25;LAST5;BOTH_STRONG;1.1;2;14;477;179;656;72.7134;5;2;7;71.4286;278;115;393;70.7379;199;64;263;75.6654;346;128;474;72.9958;2026-08-06;0.0136;-0.0922;-0.1698;v25|LAST5|BOTH_STRONG|1.10|P2
v25;LAST5;BOTH_STRONG;1.1;3;14;477;179;656;72.7134;5;2;7;71.4286;278;115;393;70.7379;199;64;263;75.6654;346;128;474;72.9958;2026-08-06;0.0136;-0.0922;-0.1698;v25|LAST5|BOTH_STRONG|1.10|P3
v25;LAST5;BOTH_STRONG;1.1;4;14;477;179;656;72.7134;5;2;7;71.4286;278;115;393;70.7379;199;64;263;75.6654;346;128;474;72.9958;2026-08-06;0.0136;-0.0922;-0.1698;v25|LAST5|BOTH_STRONG|1.10|P4
v25;LAST5;BOTH_STRONG;1.1;5;14;477;179;656;72.7134;5;2;7;71.4286;278;115;393;70.7379;199;64;263;75.6654;346;128;474;72.9958;2026-08-06;0.0136;-0.0922;-0.1698;v25|LAST5|BOTH_STRONG|1.10|P5
v25;SEASON;BOTH_STRONG;1.2;4;2;481;181;662;72.6586;1;0;1;100.0;282;117;399;70.6767;199;64;263;75.6654;349;128;477;73.1656;2026-08-06;-0.0412;-0.0922;0.0;v25|SEASON|BOTH_STRONG|1.20|P4
v25;SEASON;BOTH_STRONG;1.2;5;2;481;181;662;72.6586;1;0;1;100.0;282;117;399;70.6767;199;64;263;75.6654;349;128;477;73.1656;2026-08-06;-0.0412;-0.0922;0.0;v25|SEASON|BOTH_STRONG|1.20|P5
v25;SEASON;BOTH_STRONG;1.2;6;2;481;181;662;72.6586;1;0;1;100.0;282;117;399;70.6767;199;64;263;75.6654;349;128;477;73.1656;2026-08-06;-0.0412;-0.0922;0.0;v25|SEASON|BOTH_STRONG|1.20|P6
v25;SEASON;AWAY_STRONG;0.8;5;9;478;180;658;72.6444;4;1;5;80.0;279;116;395;70.6329;199;64;263;75.6654;345;127;472;73.0932;2026-08-06;-0.0554;-0.0922;-0.0724;v25|SEASON|AWAY_STRONG|0.80|P5
v25;SEASON;BOTH_STRONG;1.2;7;2;480;181;661;72.6172;2;0;2;100.0;281;117;398;70.603;199;64;263;75.6654;349;128;477;73.1656;2026-08-06;-0.0826;-0.0922;0.0;v25|SEASON|BOTH_STRONG|1.20|P7
v25;SEASON;BOTH_STRONG;1.2;8;2;480;181;661;72.6172;2;0;2;100.0;281;117;398;70.603;199;64;263;75.6654;349;128;477;73.1656;2026-08-06;-0.0826;-0.0922;0.0;v25|SEASON|BOTH_STRONG|1.20|P8
v25;SEASON;BOTH_STRONG;1.2;9;2;480;181;661;72.6172;2;0;2;100.0;281;117;398;70.603;199;64;263;75.6654;349;128;477;73.1656;2026-08-06;-0.0826;-0.0922;0.0;v25|SEASON|BOTH_STRONG|1.20|P9
v25;SEASON;BOTH_STRONG;1.2;10;2;480;181;661;72.6172;2;0;2;100.0;281;117;398;70.603;199;64;263;75.6654;349;128;477;73.1656;2026-08-06;-0.0826;-0.0922;0.0;v25|SEASON|BOTH_STRONG|1.20|P10
v25;SEASON;BOTH_STRONG;1.2;11;2;480;181;661;72.6172;2;0;2;100.0;281;117;398;70.603;199;64;263;75.6654;349;128;477;73.1656;2026-08-06;-0.0826;-0.0922;0.0;v25|SEASON|BOTH_STRONG|1.20|P11
v25;SEASON;BOTH_STRONG;1.2;12;2;480;181;661;72.6172;2;0;2;100.0;281;117;398;70.603;199;64;263;75.6654;349;128;477;73.1656;2026-08-06;-0.0826;-0.0922;0.0;v25|SEASON|BOTH_STRONG|1.20|P12
v25;SEASON;BOTH_STRONG;1.2;13;2;480;181;661;72.6172;2;0;2;100.0;281;117;398;70.603;199;64;263;75.6654;349;128;477;73.1656;2026-08-06;-0.0826;-0.0922;0.0;v25|SEASON|BOTH_STRONG|1.20|P13
v25;SEASON;BOTH_STRONG;1.2;14;2;480;181;661;72.6172;2;0;2;100.0;281;117;398;70.603;199;64;263;75.6654;349;128;477;73.1656;2026-08-06;-0.0826;-0.0922;0.0;v25|SEASON|BOTH_STRONG|1.20|P14
v25;SEASON;BOTH_STRONG;1.2;15;2;480;181;661;72.6172;2;0;2;100.0;281;117;398;70.603;199;64;263;75.6654;349;128;477;73.1656;2026-08-06;-0.0826;-0.0922;0.0;v25|SEASON|BOTH_STRONG|1.20|P15
v25;SEASON;BOTH_STRONG;1.3;4;4;480;181;661;72.6172;2;0;2;100.0;281;117;398;70.603;199;64;263;75.6654;349;128;477;73.1656;2026-08-06;-0.0826;-0.0922;0.0;v25|SEASON|BOTH_STRONG|1.30|P4
v25;SEASON;BOTH_STRONG;1.3;5;4;480;181;661;72.6172;2;0;2;100.0;281;117;398;70.603;199;64;263;75.6654;349;128;477;73.1656;2026-08-06;-0.0826;-0.0922;0.0;v25|SEASON|BOTH_STRONG|1.30|P5
v25;SEASON;HOME_STRONG;0.8;6;9;477;180;657;72.6027;5;1;6;83.3333;278;116;394;70.5584;199;64;263;75.6654;345;127;472;73.0932;2026-08-06;-0.0971;-0.0922;-0.0724;v25|SEASON|HOME_STRONG|0.80|P6
v25;SEASON;AWAY_STRONG;0.8;6;9;477;180;657;72.6027;5;1;6;83.3333;278;116;394;70.5584;199;64;263;75.6654;344;127;471;73.0361;2026-08-06;-0.0971;-0.0922;-0.1295;v25|SEASON|AWAY_STRONG|0.80|P6
v25;SEASON;BOTH_STRONG;1.3;6;4;479;181;660;72.5758;3;0;3;100.0;280;117;397;70.529;199;64;263;75.6654;348;128;476;73.1092;2026-08-06;-0.124;-0.0922;-0.0564;v25|SEASON|BOTH_STRONG|1.30|P6
v25;SEASON;AWAY_STRONG;0.8;7;9;476;180;656;72.561;6;1;7;85.7143;277;116;393;70.4835;199;64;263;75.6654;343;127;470;72.9787;2026-08-06;-0.1388;-0.0922;-0.1869;v25|SEASON|AWAY_STRONG|0.80|P7
v25;SEASON;AWAY_STRONG;0.8;8;9;476;180;656;72.561;6;1;7;85.7143;277;116;393;70.4835;199;64;263;75.6654;343;127;470;72.9787;2026-08-06;-0.1388;-0.0922;-0.1869;v25|SEASON|AWAY_STRONG|0.80|P8
v25;SEASON;AWAY_STRONG;0.8;3;9;478;181;659;72.5341;4;0;4;100.0;279;117;396;70.4545;199;64;263;75.6654;345;128;473;72.9387;2026-08-06;-0.1657;-0.0922;-0.2269;v25|SEASON|AWAY_STRONG|0.80|P3
v25;SEASON;AWAY_STRONG;0.8;4;9;478;181;659;72.5341;4;0;4;100.0;279;117;396;70.4545;199;64;263;75.6654;345;128;473;72.9387;2026-08-06;-0.1657;-0.0922;-0.2269;v25|SEASON|AWAY_STRONG|0.80|P4
v25;SEASON;BOTH_STRONG;1.3;7;4;478;181;659;72.5341;4;0;4;100.0;279;117;396;70.4545;199;64;263;75.6654;348;128;476;73.1092;2026-08-06;-0.1657;-0.0922;-0.0564;v25|SEASON|BOTH_STRONG|1.30|P7
v25;SEASON;BOTH_STRONG;1.3;8;4;478;181;659;72.5341;4;0;4;100.0;279;117;396;70.4545;199;64;263;75.6654;348;128;476;73.1092;2026-08-06;-0.1657;-0.0922;-0.0564;v25|SEASON|BOTH_STRONG|1.30|P8
v25;SEASON;BOTH_STRONG;1.3;9;4;478;181;659;72.5341;4;0;4;100.0;279;117;396;70.4545;199;64;263;75.6654;348;128;476;73.1092;2026-08-06;-0.1657;-0.0922;-0.0564;v25|SEASON|BOTH_STRONG|1.30|P9
v25;SEASON;BOTH_STRONG;1.3;10;4;478;181;659;72.5341;4;0;4;100.0;279;117;396;70.4545;199;64;263;75.6654;348;128;476;73.1092;2026-08-06;-0.1657;-0.0922;-0.0564;v25|SEASON|BOTH_STRONG|1.30|P10
v25;SEASON;BOTH_STRONG;1.3;11;4;478;181;659;72.5341;4;0;4;100.0;279;117;396;70.4545;199;64;263;75.6654;348;128;476;73.1092;2026-08-06;-0.1657;-0.0922;-0.0564;v25|SEASON|BOTH_STRONG|1.30|P11
v25;SEASON;BOTH_STRONG;1.3;12;4;478;181;659;72.5341;4;0;4;100.0;279;117;396;70.4545;199;64;263;75.6654;348;128;476;73.1092;2026-08-06;-0.1657;-0.0922;-0.0564;v25|SEASON|BOTH_STRONG|1.30|P12
v25;SEASON;BOTH_STRONG;1.3;13;4;478;181;659;72.5341;4;0;4;100.0;279;117;396;70.4545;199;64;263;75.6654;348;128;476;73.1092;2026-08-06;-0.1657;-0.0922;-0.0564;v25|SEASON|BOTH_STRONG|1.30|P13
v25;SEASON;BOTH_STRONG;1.3;14;4;478;181;659;72.5341;4;0;4;100.0;279;117;396;70.4545;199;64;263;75.6654;348;128;476;73.1092;2026-08-06;-0.1657;-0.0922;-0.0564;v25|SEASON|BOTH_STRONG|1.30|P14
v25;SEASON;BOTH_STRONG;1.3;15;4;478;181;659;72.5341;4;0;4;100.0;279;117;396;70.4545;199;64;263;75.6654;348;128;476;73.1092;2026-08-06;-0.1657;-0.0922;-0.0564;v25|SEASON|BOTH_STRONG|1.30|P15
v25;SEASON;HOME_STRONG;0.8;5;9;477;181;658;72.4924;5;0;5;100.0;278;117;395;70.3797;199;64;263;75.6654;345;128;473;72.9387;2026-08-06;-0.2074;-0.0922;-0.2269;v25|SEASON|HOME_STRONG|0.80|P5
v25;SEASON;AT_LEAST_ONE_STRONG;0.8;3;18;477;181;658;72.4924;5;0;5;100.0;278;117;395;70.3797;199;64;263;75.6654;344;128;472;72.8814;2026-08-06;-0.2074;-0.0922;-0.2842;v25|SEASON|AT_LEAST_ONE_STRONG|0.80|P3
v25;SEASON;AT_LEAST_ONE_STRONG;0.8;4;18;475;181;656;72.4085;7;0;7;100.0;276;117;393;70.229;199;64;263;75.6654;343;128;471;72.8238;2026-08-06;-0.2913;-0.0922;-0.3418;v25|SEASON|AT_LEAST_ONE_STRONG|0.80|P4
v25;SEASON;HOME_STRONG;1.3;13;93;416;161;577;72.0971;66;20;86;76.7442;245;106;351;69.8006;171;55;226;75.6637;304;116;420;72.381;2026-08-06;-0.6027;-0.0939;-0.7846;v25|SEASON|HOME_STRONG|1.30|P13
v25;LAST5;HOME_STRONG;1.2;7;140;418;157;575;72.6957;64;24;88;72.7273;244;101;345;70.7246;174;56;230;75.6522;312;115;427;73.0679;2026-08-06;-0.0041;-0.1054;-0.0977;v25|LAST5|HOME_STRONG|1.20|P7
v25;LAST5;HOME_STRONG;1.3;7;140;418;157;575;72.6957;64;24;88;72.7273;244;101;345;70.7246;174;56;230;75.6522;312;115;427;73.0679;2026-08-06;-0.0041;-0.1054;-0.0977;v25|LAST5|HOME_STRONG|1.30|P7
v25;LAST5;HOME_STRONG;1.4;13;195;360;131;491;73.3198;122;50;172;70.9302;214;84;298;71.8121;146;47;193;75.6477;270;98;368;73.3696;2026-08-06;0.62;-0.1099;0.204;v25|LAST5|HOME_STRONG|1.40|P13
v25;LAST5;HOME_STRONG;1.5;13;195;360;131;491;73.3198;122;50;172;70.9302;214;84;298;71.8121;146;47;193;75.6477;270;98;368;73.3696;2026-08-06;0.62;-0.1099;0.204;v25|LAST5|HOME_STRONG|1.50|P13
v25;LAST5;HOME_STRONG;1.0;13;88;425;158;583;72.8988;57;23;80;71.25;248;101;349;71.0602;177;57;234;75.641;315;115;430;73.2558;2026-08-06;0.199;-0.1166;0.0902;v25|LAST5|HOME_STRONG|1.00|P13
v25;LAST5;HOME_STRONG;1.1;13;88;425;158;583;72.8988;57;23;80;71.25;248;101;349;71.0602;177;57;234;75.641;315;115;430;73.2558;2026-08-06;0.199;-0.1166;0.0902;v25|LAST5|HOME_STRONG|1.10|P13
v25;LAST5;HOME_STRONG;1.4;12;195;365;133;498;73.2932;117;48;165;70.9091;216;85;301;71.7608;149;48;197;75.6345;274;98;372;73.6559;2026-08-06;0.5934;-0.1231;0.4903;v25|LAST5|HOME_STRONG|1.40|P12
v25;LAST5;HOME_STRONG;1.5;12;195;365;133;498;73.2932;117;48;165;70.9091;216;85;301;71.7608;149;48;197;75.6345;274;98;372;73.6559;2026-08-06;0.5934;-0.1231;0.4903;v25|LAST5|HOME_STRONG|1.50|P12
v25;LAST5;HOME_STRONG;1.0;10;88;430;161;591;72.758;52;20;72;72.2222;250;103;353;70.8215;180;58;238;75.6303;320;117;437;73.2265;2026-08-06;0.0582;-0.1273;0.0609;v25|LAST5|HOME_STRONG|1.00|P10
v25;LAST5;HOME_STRONG;1.1;10;88;430;161;591;72.758;52;20;72;72.2222;250;103;353;70.8215;180;58;238;75.6303;320;117;437;73.2265;2026-08-06;0.0582;-0.1273;0.0609;v25|LAST5|HOME_STRONG|1.10|P10
v25;SEASON;HOME_STRONG;1.3;5;93;438;168;606;72.2772;44;13;57;77.193;258;110;368;70.1087;180;58;238;75.6303;320;120;440;72.7273;2026-08-06;-0.4226;-0.1273;-0.4383;v25|SEASON|HOME_STRONG|1.30|P5
v25;LAST5;HOME_STRONG;1.0;9;88;433;162;595;72.7731;49;19;68;72.0588;250;103;353;70.8215;183;59;242;75.6198;322;118;440;73.1818;2026-08-06;0.0733;-0.1378;0.0162;v25|LAST5|HOME_STRONG|1.00|P9
v25;LAST5;HOME_STRONG;1.1;9;88;433;162;595;72.7731;49;19;68;72.0588;250;103;353;70.8215;183;59;242;75.6198;322;118;440;73.1818;2026-08-06;0.0733;-0.1378;0.0162;v25|LAST5|HOME_STRONG|1.10|P9
v25;SEASON;HOME_STRONG;1.3;4;93;443;169;612;72.3856;39;12;51;76.4706;260;110;370;70.2703;183;59;242;75.6198;324;121;445;72.809;2026-08-06;-0.3142;-0.1378;-0.3566;v25|SEASON|HOME_STRONG|1.30|P4
v25;SEASON;AT_LEAST_ONE_STRONG;1.6;14;354;246;87;333;73.8739;236;94;330;71.5152;153;57;210;72.8571;93;30;123;75.6098;183;68;251;72.9084;2026-08-06;1.1741;-0.1478;-0.2572;v25|SEASON|AT_LEAST_ONE_STRONG|1.60|P14
v25;SEASON;AT_LEAST_ONE_STRONG;1.5;9;295;303;117;420;72.1429;179;64;243;73.6626;179;77;256;69.9219;124;40;164;75.6098;221;86;307;71.987;2026-08-06;-0.5569;-0.1478;-1.1786;v25|SEASON|AT_LEAST_ONE_STRONG|1.50|P9
v25;SEASON;HOME_STRONG;1.6;8;202;371;142;513;72.3197;111;39;150;74.0;216;92;308;70.1299;155;50;205;75.6098;274;104;378;72.4868;2026-08-06;-0.3801;-0.1478;-0.6788;v25|SEASON|HOME_STRONG|1.60|P8
v25;LAST5;HOME_STRONG;0.8;14;50;448;168;616;72.7273;34;13;47;72.3404;262;108;370;70.8108;186;60;246;75.6098;328;122;450;72.8889;2026-08-06;0.0275;-0.1478;-0.2767;v25|LAST5|HOME_STRONG|0.80|P14
v25;LAST5;HOME_STRONG;0.8;6;50;461;173;634;72.7129;21;8;29;72.4138;269;111;380;70.7895;192;62;254;75.5906;337;124;461;73.102;2026-08-06;0.0131;-0.167;-0.0636;v25|LAST5|HOME_STRONG|0.80|P6
v25;LAST5;HOME_STRONG;1.4;8;195;388;145;533;72.7955;94;36;130;72.3077;227;93;320;70.9375;161;52;213;75.5869;287;106;393;73.028;2026-08-06;0.0957;-0.1707;-0.1376;v25|LAST5|HOME_STRONG|1.40|P8
v25;LAST5;HOME_STRONG;1.5;8;195;388;145;533;72.7955;94;36;130;72.3077;227;93;320;70.9375;161;52;213;75.5869;287;106;393;73.028;2026-08-06;0.0957;-0.1707;-0.1376;v25|LAST5|HOME_STRONG|1.50|P8
v25;SEASON;BOTH_STRONG;1.4;2;13;477;179;656;72.7134;5;2;7;71.4286;279;115;394;70.8122;198;64;262;75.5725;346;127;473;73.1501;2026-08-06;0.0136;-0.1851;-0.0155;v25|SEASON|BOTH_STRONG|1.40|P2
v25;SEASON;HOME_STRONG;0.8;7;9;476;180;656;72.561;6;1;7;85.7143;278;116;394;70.5584;198;64;262;75.5725;344;127;471;73.0361;2026-08-06;-0.1388;-0.1851;-0.1295;v25|SEASON|HOME_STRONG|0.80|P7
v25;SEASON;HOME_STRONG;0.8;8;9;476;180;656;72.561;6;1;7;85.7143;278;116;394;70.5584;198;64;262;75.5725;344;127;471;73.0361;2026-08-06;-0.1388;-0.1851;-0.1295;v25|SEASON|HOME_STRONG|0.80|P8
v25;SEASON;HOME_STRONG;0.8;9;9;476;180;656;72.561;6;1;7;85.7143;278;116;394;70.5584;198;64;262;75.5725;344;127;471;73.0361;2026-08-06;-0.1388;-0.1851;-0.1295;v25|SEASON|HOME_STRONG|0.80|P9
v25;SEASON;HOME_STRONG;0.8;10;9;476;180;656;72.561;6;1;7;85.7143;278;116;394;70.5584;198;64;262;75.5725;344;127;471;73.0361;2026-08-06;-0.1388;-0.1851;-0.1295;v25|SEASON|HOME_STRONG|0.80|P10
v25;SEASON;HOME_STRONG;0.8;11;9;476;180;656;72.561;6;1;7;85.7143;278;116;394;70.5584;198;64;262;75.5725;344;127;471;73.0361;2026-08-06;-0.1388;-0.1851;-0.1295;v25|SEASON|HOME_STRONG|0.80|P11
v25;SEASON;HOME_STRONG;0.8;12;9;476;180;656;72.561;6;1;7;85.7143;278;116;394;70.5584;198;64;262;75.5725;344;127;471;73.0361;2026-08-06;-0.1388;-0.1851;-0.1295;v25|SEASON|HOME_STRONG|0.80|P12
v25;SEASON;AWAY_STRONG;0.8;9;9;475;180;655;72.5191;7;1;8;87.5;277;116;393;70.4835;198;64;262;75.5725;342;127;469;72.9211;2026-08-06;-0.1807;-0.1851;-0.2445;v25|SEASON|AWAY_STRONG|0.80|P9
v25;SEASON;AWAY_STRONG;0.8;10;9;475;180;655;72.5191;7;1;8;87.5;277;116;393;70.4835;198;64;262;75.5725;342;127;469;72.9211;2026-08-06;-0.1807;-0.1851;-0.2445;v25|SEASON|AWAY_STRONG|0.80|P10
v25;SEASON;AWAY_STRONG;0.8;11;9;475;180;655;72.5191;7;1;8;87.5;277;116;393;70.4835;198;64;262;75.5725;342;127;469;72.9211;2026-08-06;-0.1807;-0.1851;-0.2445;v25|SEASON|AWAY_STRONG|0.80|P11
v25;SEASON;AWAY_STRONG;0.8;12;9;475;180;655;72.5191;7;1;8;87.5;277;116;393;70.4835;198;64;262;75.5725;342;127;469;72.9211;2026-08-06;-0.1807;-0.1851;-0.2445;v25|SEASON|AWAY_STRONG|0.80|P12
v25;SEASON;AWAY_STRONG;0.8;13;9;475;180;655;72.5191;7;1;8;87.5;277;116;393;70.4835;198;64;262;75.5725;342;127;469;72.9211;2026-08-06;-0.1807;-0.1851;-0.2445;v25|SEASON|AWAY_STRONG|0.80|P13
v25;SEASON;AWAY_STRONG;0.8;14;9;475;180;655;72.5191;7;1;8;87.5;277;116;393;70.4835;198;64;262;75.5725;342;127;469;72.9211;2026-08-06;-0.1807;-0.1851;-0.2445;v25|SEASON|AWAY_STRONG|0.80|P14
v25;SEASON;AWAY_STRONG;0.8;15;9;475;180;655;72.5191;7;1;8;87.5;277;116;393;70.4835;198;64;262;75.5725;342;127;469;72.9211;2026-08-06;-0.1807;-0.1851;-0.2445;v25|SEASON|AWAY_STRONG|0.80|P15
v25;SEASON;AT_LEAST_ONE_STRONG;0.8;6;18;472;179;651;72.5038;10;2;12;83.3333;274;115;389;70.437;198;64;262;75.5725;340;126;466;72.9614;2026-08-06;-0.196;-0.1851;-0.2042;v25|SEASON|AT_LEAST_ONE_STRONG|0.80|P6
v25;SEASON;AT_LEAST_ONE_STRONG;0.8;5;18;473;180;653;72.4349;9;1;10;90.0;275;116;391;70.3325;198;64;262;75.5725;341;127;468;72.8632;2026-08-06;-0.2649;-0.1851;-0.3024;v25|SEASON|AT_LEAST_ONE_STRONG|0.80|P5
v25;LAST5;HOME_STRONG;1.2;9;140;402;152;554;72.5632;80;29;109;73.3945;235;98;333;70.5706;167;54;221;75.5656;301;113;414;72.7053;2026-08-06;-0.1366;-0.192;-0.4603;v25|LAST5|HOME_STRONG|1.20|P9
v25;LAST5;HOME_STRONG;1.3;9;140;402;152;554;72.5632;80;29;109;73.3945;235;98;333;70.5706;167;54;221;75.5656;301;113;414;72.7053;2026-08-06;-0.1366;-0.192;-0.4603;v25|LAST5|HOME_STRONG|1.30|P9
v25;SEASON;AT_LEAST_ONE_STRONG;1.4;9;231;340;128;468;72.6496;142;53;195;72.8205;201;83;284;70.7746;139;45;184;75.5435;246;93;339;72.5664;2026-08-06;-0.0502;-0.2141;-0.5992;v25|SEASON|AT_LEAST_ONE_STRONG|1.40|P9
v25;LAST5;HOME_STRONG;1.0;11;88;429;160;589;72.8353;53;21;74;71.6216;250;102;352;71.0227;179;58;237;75.5274;319;116;435;73.3333;2026-08-06;0.1355;-0.2302;0.1677;v25|LAST5|HOME_STRONG|1.00|P11
v25;LAST5;HOME_STRONG;1.1;11;88;429;160;589;72.8353;53;21;74;71.6216;250;102;352;71.0227;179;58;237;75.5274;319;116;435;73.3333;2026-08-06;0.1355;-0.2302;0.1677;v25|LAST5|HOME_STRONG|1.10|P11
v25;LAST5;HOME_STRONG;1.0;7;88;440;165;605;72.7273;42;16;58;72.4138;255;105;360;70.8333;185;60;245;75.5102;325;119;444;73.1982;2026-08-06;0.0275;-0.2474;0.0326;v25|LAST5|HOME_STRONG|1.00|P7
v25;LAST5;HOME_STRONG;1.1;7;88;440;165;605;72.7273;42;16;58;72.4138;255;105;360;70.8333;185;60;245;75.5102;325;119;444;73.1982;2026-08-06;0.0275;-0.2474;0.0326;v25|LAST5|HOME_STRONG|1.10|P7
v25;LAST5;HOME_STRONG;1.6;1;263;456;170;626;72.8435;26;11;37;70.2703;268;109;377;71.0875;188;61;249;75.502;331;123;454;72.9075;2026-08-06;0.1437;-0.2556;-0.2581;v25|LAST5|HOME_STRONG|1.60|P1
v25;SEASON;HOME_STRONG;1.6;9;202;363;141;504;72.0238;119;40;159;74.8428;212;92;304;69.7368;151;49;200;75.5;269;104;373;72.118;2026-08-06;-0.676;-0.2576;-1.0476;v25|SEASON|HOME_STRONG|1.60|P9
v25;LAST5;HOME_STRONG;0.8;5;50;464;174;638;72.7273;18;7;25;72.0;270;111;381;70.8661;194;63;257;75.4864;339;125;464;73.0603;2026-08-06;0.0275;-0.2712;-0.1053;v25|LAST5|HOME_STRONG|0.80|P5
v25;SEASON;HOME_STRONG;0.8;13;9;475;179;654;72.63;7;2;9;77.7778;278;115;393;70.7379;197;64;261;75.4789;343;127;470;72.9787;2026-08-06;-0.0698;-0.2787;-0.1869;v25|SEASON|HOME_STRONG|0.80|P13
v25;SEASON;HOME_STRONG;0.8;14;9;475;179;654;72.63;7;2;9;77.7778;278;115;393;70.7379;197;64;261;75.4789;343;127;470;72.9787;2026-08-06;-0.0698;-0.2787;-0.1869;v25|SEASON|HOME_STRONG|0.80|P14
v25;SEASON;HOME_STRONG;0.8;15;9;475;179;654;72.63;7;2;9;77.7778;278;115;393;70.7379;197;64;261;75.4789;343;127;470;72.9787;2026-08-06;-0.0698;-0.2787;-0.1869;v25|SEASON|HOME_STRONG|0.80|P15
v25;SEASON;AT_LEAST_ONE_STRONG;0.8;7;18;470;179;649;72.4191;12;2;14;85.7143;273;115;388;70.3608;197;64;261;75.4789;338;126;464;72.8448;2026-08-06;-0.2807;-0.2787;-0.3208;v25|SEASON|AT_LEAST_ONE_STRONG|0.80|P7
v25;SEASON;AT_LEAST_ONE_STRONG;0.8;8;18;470;179;649;72.4191;12;2;14;85.7143;273;115;388;70.3608;197;64;261;75.4789;338;126;464;72.8448;2026-08-06;-0.2807;-0.2787;-0.3208;v25|SEASON|AT_LEAST_ONE_STRONG|0.80|P8
v25;SEASON;HOME_STRONG;1.4;13;124;395;152;547;72.2121;87;29;116;75.0;235;100;335;70.1493;160;52;212;75.4717;289;111;400;72.25;2026-08-06;-0.4877;-0.2859;-0.9156;v25|SEASON|HOME_STRONG|1.40|P13
v25;SEASON;HOME_STRONG;1.4;6;124;420;161;581;72.2892;62;20;82;75.6098;248;105;353;70.255;172;56;228;75.4386;307;116;423;72.5768;2026-08-06;-0.4106;-0.319;-0.5888;v25|SEASON|HOME_STRONG|1.40|P6
v25;SEASON;HOME_STRONG;1.3;11;93;420;163;583;72.0412;62;18;80;77.5;248;107;355;69.8592;172;56;228;75.4386;307;116;423;72.5768;2026-08-06;-0.6586;-0.319;-0.5888;v25|SEASON|HOME_STRONG|1.30|P11
v25;SEASON;HOME_STRONG;1.3;12;93;419;163;582;71.9931;63;18;81;77.7778;247;107;354;69.774;172;56;228;75.4386;307;116;423;72.5768;2026-08-06;-0.7067;-0.319;-0.5888;v25|SEASON|HOME_STRONG|1.30|P12
v25;SEASON;HOME_STRONG;1.3;10;93;420;164;584;71.9178;62;17;79;78.481;248;108;356;69.6629;172;56;228;75.4386;307;117;424;72.4057;2026-08-06;-0.782;-0.319;-0.7599;v25|SEASON|HOME_STRONG|1.30|P10
v25;LAST5;HOME_STRONG;1.0;12;88;427;159;586;72.8669;55;22;77;71.4286;249;101;350;71.1429;178;58;236;75.4237;317;115;432;73.3796;2026-08-06;0.1671;-0.3339;0.214;v25|LAST5|HOME_STRONG|1.00|P12
v25;LAST5;HOME_STRONG;1.1;12;88;427;159;586;72.8669;55;22;77;71.4286;249;101;350;71.1429;178;58;236;75.4237;317;115;432;73.3796;2026-08-06;0.1671;-0.3339;0.214;v25|LAST5|HOME_STRONG|1.10|P12
v25;LAST5;HOME_STRONG;1.0;8;88;439;164;603;72.8027;43;17;60;71.6667;255;104;359;71.0306;184;60;244;75.4098;324;119;443;73.1377;2026-08-06;0.1029;-0.3478;-0.0279;v25|LAST5|HOME_STRONG|1.00|P8
v25;LAST5;HOME_STRONG;1.1;8;88;439;164;603;72.8027;43;17;60;71.6667;255;104;359;71.0306;184;60;244;75.4098;324;119;443;73.1377;2026-08-06;0.1029;-0.3478;-0.0279;v25|LAST5|HOME_STRONG|1.10|P8
v25;LAST5;HOME_STRONG;0.8;15;50;446;167;613;72.7569;36;14;50;72.0;262;107;369;71.0027;184;60;244;75.4098;326;121;447;72.9306;2026-08-06;0.0571;-0.3478;-0.235;v25|LAST5|HOME_STRONG|0.80|P15
v25;LAST5;HOME_STRONG;1.4;15;195;351;129;480;73.125;131;52;183;71.5847;210;83;293;71.6724;141;46;187;75.4011;263;96;359;73.2591;2026-08-06;0.4252;-0.3565;0.0935;v25|LAST5|HOME_STRONG|1.40|P15
v25;LAST5;HOME_STRONG;1.5;15;195;351;129;480;73.125;131;52;183;71.5847;210;83;293;71.6724;141;46;187;75.4011;263;96;359;73.2591;2026-08-06;0.4252;-0.3565;0.0935;v25|LAST5|HOME_STRONG|1.50|P15
v25;SEASON;AT_LEAST_ONE_STRONG;1.6;13;354;252;90;342;73.6842;230;91;321;71.6511;157;59;216;72.6852;95;31;126;75.3968;186;70;256;72.6562;2026-08-06;0.9844;-0.3608;-0.5094;v25|SEASON|AT_LEAST_ONE_STRONG|1.60|P13
v25;LAST5;HOME_STRONG;0.8;9;50;455;171;626;72.6837;27;10;37;72.973;265;109;374;70.8556;190;62;252;75.3968;334;124;458;72.9258;2026-08-06;-0.0161;-0.3608;-0.2398;v25|LAST5|HOME_STRONG|0.80|P9
v25;LAST5;HOME_STRONG;0.8;8;50;457;172;629;72.655;25;9;34;73.5294;267;110;377;70.8223;190;62;252;75.3968;335;124;459;72.9847;2026-08-06;-0.0448;-0.3608;-0.1809;v25|LAST5|HOME_STRONG|0.80|P8
v25;LAST5;HOME_STRONG;0.8;7;50;457;173;630;72.5397;25;8;33;75.7576;267;111;378;70.6349;190;62;252;75.3968;335;124;459;72.9847;2026-08-06;-0.1601;-0.3608;-0.1809;v25|LAST5|HOME_STRONG|0.80|P7
v25;SEASON;AT_LEAST_ONE_STRONG;0.8;9;18;469;179;648;72.3765;13;2;15;86.6667;273;115;388;70.3608;196;64;260;75.3846;337;126;463;72.7862;2026-08-06;-0.3233;-0.373;-0.3794;v25|SEASON|AT_LEAST_ONE_STRONG|0.80|P9
v25;SEASON;AT_LEAST_ONE_STRONG;0.8;10;18;469;179;648;72.3765;13;2;15;86.6667;273;115;388;70.3608;196;64;260;75.3846;337;126;463;72.7862;2026-08-06;-0.3233;-0.373;-0.3794;v25|SEASON|AT_LEAST_ONE_STRONG|0.80|P10
v25;SEASON;AT_LEAST_ONE_STRONG;0.8;11;18;469;179;648;72.3765;13;2;15;86.6667;273;115;388;70.3608;196;64;260;75.3846;337;126;463;72.7862;2026-08-06;-0.3233;-0.373;-0.3794;v25|SEASON|AT_LEAST_ONE_STRONG|0.80|P11
v25;SEASON;AT_LEAST_ONE_STRONG;0.8;12;18;469;179;648;72.3765;13;2;15;86.6667;273;115;388;70.3608;196;64;260;75.3846;337;126;463;72.7862;2026-08-06;-0.3233;-0.373;-0.3794;v25|SEASON|AT_LEAST_ONE_STRONG|0.80|P12
v25;SEASON;HOME_STRONG;1.4;15;124;389;150;539;72.1707;93;31;124;75.0;233;99;332;70.1807;156;51;207;75.3623;283;109;392;72.1939;2026-08-06;-0.5291;-0.3953;-0.9717;v25|SEASON|HOME_STRONG|1.40|P15
v25;SEASON;HOME_STRONG;1.4;11;124;401;154;555;72.2523;81;27;108;75.0;239;101;340;70.2941;162;53;215;75.3488;293;111;404;72.5248;2026-08-06;-0.4475;-0.4088;-0.6408;v25|SEASON|HOME_STRONG|1.40|P11
v25;SEASON;HOME_STRONG;1.4;10;124;401;156;557;71.9928;81;25;106;76.4151;239;103;342;69.883;162;53;215;75.3488;293;112;405;72.3457;2026-08-06;-0.707;-0.4088;-0.8199;v25|SEASON|HOME_STRONG|1.40|P10
v25;SEASON;HOME_STRONG;1.5;8;162;385;153;538;71.5613;97;28;125;77.6;223;100;323;69.0402;162;53;215;75.3488;283;110;393;72.0102;2026-08-06;-1.1385;-0.4088;-1.1554;v25|SEASON|HOME_STRONG|1.50|P8
v25;LAST5;HOME_STRONG;1.2;8;140;412;155;567;72.6631;70;26;96;72.9167;241;99;340;70.8824;171;56;227;75.3304;306;114;420;72.8571;2026-08-06;-0.0367;-0.4272;-0.3085;v25|LAST5|HOME_STRONG|1.20|P8
v25;LAST5;HOME_STRONG;1.3;8;140;412;155;567;72.6631;70;26;96;72.9167;241;99;340;70.8824;171;56;227;75.3304;306;114;420;72.8571;2026-08-06;-0.0367;-0.4272;-0.3085;v25|LAST5|HOME_STRONG|1.30|P8
v25;SEASON;HOME_STRONG;1.3;6;93;433;167;600;72.1667;49;14;63;77.7778;256;109;365;70.137;177;58;235;75.3191;315;119;434;72.5806;2026-08-06;-0.5331;-0.4385;-0.585;v25|SEASON|HOME_STRONG|1.30|P6
v25;LAST5;HOME_STRONG;0.8;13;50;449;169;618;72.6537;33;12;45;73.3333;263;108;371;70.8895;186;61;247;75.3036;329;123;452;72.7876;2026-08-06;-0.0461;-0.454;-0.378;v25|LAST5|HOME_STRONG|0.80|P13
v25;SEASON;AT_LEAST_ONE_STRONG;0.8;13;18;468;178;646;72.4458;14;3;17;82.3529;273;114;387;70.5426;195;64;259;75.2896;336;126;462;72.7273;2026-08-06;-0.254;-0.468;-0.4383;v25|SEASON|AT_LEAST_ONE_STRONG|0.80|P13
v25;SEASON;AT_LEAST_ONE_STRONG;0.8;14;18;468;178;646;72.4458;14;3;17;82.3529;273;114;387;70.5426;195;64;259;75.2896;336;126;462;72.7273;2026-08-06;-0.254;-0.468;-0.4383;v25|SEASON|AT_LEAST_ONE_STRONG|0.80|P14
v25;SEASON;AT_LEAST_ONE_STRONG;0.8;15;18;468;178;646;72.4458;14;3;17;82.3529;273;114;387;70.5426;195;64;259;75.2896;336;126;462;72.7273;2026-08-06;-0.254;-0.468;-0.4383;v25|SEASON|AT_LEAST_ONE_STRONG|0.80|P15
v25;SEASON;HOME_STRONG;1.5;9;162;378;152;530;71.3208;104;29;133;78.1955;220;100;320;68.75;158;52;210;75.2381;278;110;388;71.6495;2026-08-06;-1.379;-0.5195;-1.5161;v25|SEASON|HOME_STRONG|1.50|P9
v25;SEASON;HOME_STRONG;1.4;12;124;398;154;552;72.1014;84;27;111;75.6757;237;101;338;70.1183;161;53;214;75.2336;292;111;403;72.4566;2026-08-06;-0.5984;-0.524;-0.709;v25|SEASON|HOME_STRONG|1.40|P12
v25;SEASON;HOME_STRONG;1.3;9;93;421;165;586;71.843;61;16;77;79.2208;248;108;356;69.6629;173;57;230;75.2174;307;118;425;72.2353;2026-08-06;-0.8568;-0.5402;-0.9303;v25|SEASON|HOME_STRONG|1.30|P9
v25;SEASON;AT_LEAST_ONE_STRONG;1.6;10;354;270;98;368;73.3696;212;83;295;71.8644;167;64;231;72.2944;103;34;137;75.1825;200;73;273;73.2601;2026-08-06;0.6698;-0.5751;0.0945;v25|SEASON|AT_LEAST_ONE_STRONG|1.60|P10
v25;SEASON;HOME_STRONG;1.4;7;124;414;160;574;72.1254;68;21;89;76.4045;245;104;349;70.2006;169;56;225;75.1111;303;115;418;72.488;2026-08-06;-0.5744;-0.6465;-0.6776;v25|SEASON|HOME_STRONG|1.40|P7
v25;SEASON;HOME_STRONG;1.3;7;93;429;167;596;71.9799;53;14;67;79.1045;254;109;363;69.9725;175;58;233;75.1073;313;119;432;72.4537;2026-08-06;-0.7199;-0.6503;-0.7119;v25|SEASON|HOME_STRONG|1.30|P7
v25;LAST5;HOME_STRONG;0.8;11;50;452;170;622;72.6688;30;11;41;73.1707;265;108;373;71.0456;187;62;249;75.1004;332;123;455;72.967;2026-08-06;-0.031;-0.6572;-0.1986;v25|LAST5|HOME_STRONG|0.80|P11
v25;LAST5;HOME_STRONG;0.8;10;50;452;171;623;72.5522;30;10;40;75.0;265;109;374;70.8556;187;62;249;75.1004;332;124;456;72.807;2026-08-06;-0.1476;-0.6572;-0.3586;v25|LAST5|HOME_STRONG|0.80|P10
v25;SEASON;AT_LEAST_ONE_STRONG;1.6;8;354;294;105;399;73.6842;188;76;264;71.2121;177;66;243;72.8395;117;39;156;75.0;218;79;297;73.4007;2026-08-06;0.9844;-0.7576;0.2351;v25|SEASON|AT_LEAST_ONE_STRONG|1.60|P8
v25;LAST5;HOME_STRONG;1.6;6;263;379;141;520;72.8846;103;40;143;72.028;223;89;312;71.4744;156;52;208;75.0;282;105;387;72.8682;2026-08-06;0.1848;-0.7576;-0.2974;v25|LAST5|HOME_STRONG|1.60|P6
v25;SEASON;HOME_STRONG;1.3;8;93;425;166;591;71.912;57;15;72;79.1667;251;108;359;69.9164;174;58;232;75.0;309;118;427;72.3653;2026-08-06;-0.7878;-0.7576;-0.8003;v25|SEASON|HOME_STRONG|1.30|P8
v25;LAST5;HOME_STRONG;0.8;12;50;450;170;620;72.5806;32;11;43;74.4186;264;108;372;70.9677;186;62;248;75.0;330;123;453;72.8477;2026-08-06;-0.1192;-0.7576;-0.3179;v25|LAST5|HOME_STRONG|0.80|P12
v25;LAST5;HOME_STRONG;1.6;10;263;334;125;459;72.7669;148;56;204;72.549;197;79;276;71.3768;137;46;183;74.8634;253;93;346;73.1214;2026-08-06;0.0671;-0.8942;-0.0442;v25|LAST5|HOME_STRONG|1.60|P10
v25;SEASON;HOME_STRONG;1.4;8;124;408;159;567;71.9577;74;22;96;77.0833;242;103;345;70.1449;166;56;222;74.7748;297;114;411;72.2628;2026-08-06;-0.7421;-0.9828;-0.9028;v25|SEASON|HOME_STRONG|1.40|P8
v25;SEASON;HOME_STRONG;1.4;9;124;402;158;560;71.7857;80;23;103;77.6699;239;103;342;69.883;163;55;218;74.7706;293;114;407;71.9902;2026-08-06;-0.9141;-0.987;-1.1754;v25|SEASON|HOME_STRONG|1.40|P9
v25;SEASON;AT_LEAST_ONE_STRONG;1.6;11;354;266;95;361;73.6842;216;86;302;71.5232;166;61;227;73.1278;100;34;134;74.6269;197;72;269;73.2342;2026-08-06;0.9844;-1.1307;0.0686;v25|SEASON|AT_LEAST_ONE_STRONG|1.60|P11
v25;LAST5;HOME_STRONG;1.6;7;263;368;137;505;72.8713;114;44;158;72.1519;218;86;304;71.7105;150;51;201;74.6269;275;102;377;72.9443;2026-08-06;0.1715;-1.1307;-0.2213;v25|LAST5|HOME_STRONG|1.60|P7
v25;SEASON;AT_LEAST_ONE_STRONG;1.6;12;354;258;94;352;73.2955;224;87;311;72.0257;161;61;222;72.5225;97;33;130;74.6154;191;71;262;72.9008;2026-08-06;0.5957;-1.1422;-0.2648;v25|SEASON|AT_LEAST_ONE_STRONG|1.60|P12
v25;LAST5;HOME_STRONG;1.6;11;263;331;123;454;72.9075;151;58;209;72.2488;196;77;273;71.7949;135;46;181;74.5856;251;92;343;73.1778;2026-08-06;0.2077;-1.172;0.0122;v25|LAST5|HOME_STRONG|1.60|P11
v25;SEASON;AT_LEAST_ONE_STRONG;1.6;9;354;278;103;381;72.9659;204;78;282;72.3404;170;66;236;72.0339;108;37;145;74.4828;206;78;284;72.5352;2026-08-06;0.2661;-1.2748;-0.6304;v25|SEASON|AT_LEAST_ONE_STRONG|1.60|P9
v25;LAST5;HOME_STRONG;1.6;15;263;308;115;423;72.8132;174;66;240;72.5;186;73;259;71.8147;122;42;164;74.3902;234;87;321;72.8972;2026-08-06;0.1134;-1.3674;-0.2684;v25|LAST5|HOME_STRONG|1.60|P15
v25;SEASON;AT_LEAST_ONE_STRONG;1.6;15;354;237;85;322;73.6025;245;96;341;71.8475;150;55;205;73.1707;87;30;117;74.359;175;67;242;72.314;2026-08-06;0.9027;-1.3986;-0.8516;v25|SEASON|AT_LEAST_ONE_STRONG|1.60|P15
v25;LAST5;HOME_STRONG;1.6;12;263;327;121;448;72.9911;155;60;215;72.093;194;75;269;72.119;133;46;179;74.3017;248;91;339;73.1563;2026-08-06;0.2913;-1.4559;-0.0093;v25|LAST5|HOME_STRONG|1.60|P12
v25;LAST5;HOME_STRONG;1.6;13;263;322;119;441;73.0159;160;62;222;72.0721;192;74;266;72.1805;130;45;175;74.2857;244;91;335;72.8358;2026-08-06;0.3161;-1.4719;-0.3298;v25|LAST5|HOME_STRONG|1.60|P13
v25;LAST5;HOME_STRONG;1.6;14;263;314;118;432;72.6852;168;63;231;72.7273;188;74;262;71.7557;126;44;170;74.1176;240;90;330;72.7273;2026-08-06;-0.0146;-1.64;-0.4383;v25|LAST5|HOME_STRONG|1.60|P14
v25;LAST5;HOME_STRONG;1.6;9;263;341;131;472;72.2458;141;50;191;73.822;201;82;283;71.0247;140;49;189;74.0741;257;99;356;72.191;2026-08-06;-0.454;-1.6835;-0.9746;v25|LAST5|HOME_STRONG|1.60|P9
v25;LAST5;HOME_STRONG;1.6;8;263;354;135;489;72.3926;128;46;174;73.5632;209;84;293;71.3311;145;51;196;73.9796;264;101;365;72.3288;2026-08-06;-0.3072;-1.778;-0.8368;v25|LAST5|HOME_STRONG|1.60|P8
v26;LAST5;AT_LEAST_ONE_STRONG;1.2;14;75;93;22;115;80.8696;50;22;72;69.4444;48;19;67;71.6418;45;3;48;93.75;79;22;101;78.2178;2026-08-13;4.399;11.6071;2.0589;v26|LAST5|AT_LEAST_ONE_STRONG|1.20|P14
v26;LAST5;AT_LEAST_ONE_STRONG;1.3;14;75;93;22;115;80.8696;50;22;72;69.4444;48;19;67;71.6418;45;3;48;93.75;79;22;101;78.2178;2026-08-13;4.399;11.6071;2.0589;v26|LAST5|AT_LEAST_ONE_STRONG|1.30|P14
v26;LAST5;AT_LEAST_ONE_STRONG;1.2;15;75;92;22;114;80.7018;51;22;73;69.863;47;19;66;71.2121;45;3;48;93.75;78;22;100;78.0;2026-08-13;4.2312;11.6071;1.8411;v26|LAST5|AT_LEAST_ONE_STRONG|1.20|P15
v26;LAST5;AT_LEAST_ONE_STRONG;1.3;15;75;92;22;114;80.7018;51;22;73;69.863;47;19;66;71.2121;45;3;48;93.75;78;22;100;78.0;2026-08-13;4.2312;11.6071;1.8411;v26|LAST5|AT_LEAST_ONE_STRONG|1.30|P15
v26;LAST5;AT_LEAST_ONE_STRONG;1.2;13;75;94;23;117;80.3419;49;21;70;70.0;49;20;69;71.0145;45;3;48;93.75;80;23;103;77.6699;2026-08-13;3.8713;11.6071;1.511;v26|LAST5|AT_LEAST_ONE_STRONG|1.20|P13
v26;LAST5;AT_LEAST_ONE_STRONG;1.3;13;75;94;23;117;80.3419;49;21;70;70.0;49;20;69;71.0145;45;3;48;93.75;80;23;103;77.6699;2026-08-13;3.8713;11.6071;1.511;v26|LAST5|AT_LEAST_ONE_STRONG|1.30|P13
v26;LAST5;AT_LEAST_ONE_STRONG;1.2;12;75;96;24;120;80.0;47;20;67;70.1493;51;21;72;70.8333;45;3;48;93.75;82;23;105;78.0952;2026-08-13;3.5294;11.6071;1.9363;v26|LAST5|AT_LEAST_ONE_STRONG|1.20|P12
v26;LAST5;AT_LEAST_ONE_STRONG;1.3;12;75;96;24;120;80.0;47;20;67;70.1493;51;21;72;70.8333;45;3;48;93.75;82;23;105;78.0952;2026-08-13;3.5294;11.6071;1.9363;v26|LAST5|AT_LEAST_ONE_STRONG|1.30|P12
v26;LAST5;AWAY_STRONG;1.6;13;82;96;16;112;85.7143;47;28;75;62.6667;53;13;66;80.303;43;3;46;93.4783;80;14;94;85.1064;2026-08-13;9.2437;11.3354;8.9475;v26|LAST5|AWAY_STRONG|1.60|P13
v26;LAST5;AWAY_STRONG;1.6;12;82;98;18;116;84.4828;45;26;71;63.3803;55;15;70;78.5714;43;3;46;93.4783;82;16;98;83.6735;2026-08-13;8.0122;11.3354;7.5146;v26|LAST5|AWAY_STRONG|1.60|P12
v26;LAST5;AT_LEAST_ONE_STRONG;1.6;13;136;60;11;71;84.507;83;33;116;71.5517;32;9;41;78.0488;28;2;30;93.3333;53;11;64;82.8125;2026-08-13;8.0364;11.1904;6.6536;v26|LAST5|AT_LEAST_ONE_STRONG|1.60|P13
v26;LAST5;AT_LEAST_ONE_STRONG;1.6;12;136;64;14;78;82.0513;79;30;109;72.4771;36;12;48;75.0;28;2;30;93.3333;56;13;69;81.1594;2026-08-13;5.5807;11.1904;5.0005;v26|LAST5|AT_LEAST_ONE_STRONG|1.60|P12
v26;LAST5;AWAY_STRONG;1.6;14;82;93;16;109;85.3211;50;28;78;64.1026;51;13;64;79.6875;42;3;45;93.3333;78;14;92;84.7826;2026-08-13;8.8505;11.1904;8.6237;v26|LAST5|AWAY_STRONG|1.60|P14
v26;LAST5;AWAY_STRONG;1.6;15;82;92;16;108;85.1852;51;28;79;64.557;51;13;64;79.6875;41;3;44;93.1818;77;14;91;84.6154;2026-08-13;8.7146;11.0389;8.4565;v26|LAST5|AWAY_STRONG|1.60|P15
v26;LAST5;AT_LEAST_ONE_STRONG;1.6;14;136;55;10;65;84.6154;88;34;122;72.1311;29;8;37;78.3784;26;2;28;92.8571;49;10;59;83.0508;2026-08-13;8.1448;10.7142;6.8919;v26|LAST5|AT_LEAST_ONE_STRONG|1.60|P14
v26;LAST5;AT_LEAST_ONE_STRONG;1.4;13;108;75;15;90;83.3333;68;29;97;70.1031;37;12;49;75.5102;38;3;41;92.6829;64;15;79;81.0127;2026-08-13;6.8627;10.54;4.8538;v26|LAST5|AT_LEAST_ONE_STRONG|1.40|P13
v26;LAST5;AT_LEAST_ONE_STRONG;1.5;13;108;75;15;90;83.3333;68;29;97;70.1031;37;12;49;75.5102;38;3;41;92.6829;64;15;79;81.0127;2026-08-13;6.8627;10.54;4.8538;v26|LAST5|AT_LEAST_ONE_STRONG|1.50|P13
v26;LAST5;AT_LEAST_ONE_STRONG;1.4;12;108;78;18;96;81.25;65;26;91;71.4286;40;15;55;72.7273;38;3;41;92.6829;66;17;83;79.5181;2026-08-13;4.7794;10.54;3.3592;v26|LAST5|AT_LEAST_ONE_STRONG|1.40|P12
v26;LAST5;AT_LEAST_ONE_STRONG;1.5;12;108;78;18;96;81.25;65;26;91;71.4286;40;15;55;72.7273;38;3;41;92.6829;66;17;83;79.5181;2026-08-13;4.7794;10.54;3.3592;v26|LAST5|AT_LEAST_ONE_STRONG|1.50|P12
v26;LAST5;AT_LEAST_ONE_STRONG;1.6;15;136;51;8;59;86.4407;92;36;128;71.875;26;6;32;81.25;25;2;27;92.5926;45;8;53;84.9057;2026-08-13;9.9701;10.4497;8.7468;v26|LAST5|AT_LEAST_ONE_STRONG|1.60|P15
v26;LAST5;AT_LEAST_ONE_STRONG;1.4;14;108;72;14;86;83.7209;71;30;101;70.297;36;11;47;76.5957;36;3;39;92.3077;62;14;76;81.5789;2026-08-13;7.2503;10.1648;5.42;v26|LAST5|AT_LEAST_ONE_STRONG|1.40|P14
v26;LAST5;AT_LEAST_ONE_STRONG;1.5;14;108;72;14;86;83.7209;71;30;101;70.297;36;11;47;76.5957;36;3;39;92.3077;62;14;76;81.5789;2026-08-13;7.2503;10.1648;5.42;v26|LAST5|AT_LEAST_ONE_STRONG|1.50|P14
v26;LAST5;AT_LEAST_ONE_STRONG;1.4;15;108;70;14;84;83.3333;73;30;103;70.8738;34;11;45;75.5556;36;3;39;92.3077;60;14;74;81.0811;2026-08-13;6.8627;10.1648;4.9222;v26|LAST5|AT_LEAST_ONE_STRONG|1.40|P15
v26;LAST5;AT_LEAST_ONE_STRONG;1.5;15;108;70;14;84;83.3333;73;30;103;70.8738;34;11;45;75.5556;36;3;39;92.3077;60;14;74;81.0811;2026-08-13;6.8627;10.1648;4.9222;v26|LAST5|AT_LEAST_ONE_STRONG|1.50|P15
v26;LAST5;AT_LEAST_ONE_STRONG;1.2;9;75;103;26;129;79.845;40;18;58;68.9655;53;21;74;71.6216;50;5;55;90.9091;87;24;111;78.3784;2026-08-13;3.3744;8.7662;2.2195;v26|LAST5|AT_LEAST_ONE_STRONG|1.20|P9
v26;LAST5;AT_LEAST_ONE_STRONG;1.3;9;75;103;26;129;79.845;40;18;58;68.9655;53;21;74;71.6216;50;5;55;90.9091;87;24;111;78.3784;2026-08-13;3.3744;8.7662;2.2195;v26|LAST5|AT_LEAST_ONE_STRONG|1.30|P9
v26;LAST5;AT_LEAST_ONE_STRONG;1.2;10;75;99;26;125;79.2;44;18;62;70.9677;51;21;72;70.8333;48;5;53;90.566;85;24;109;77.9817;2026-08-13;2.7294;8.4231;1.8228;v26|LAST5|AT_LEAST_ONE_STRONG|1.20|P10
v26;LAST5;AT_LEAST_ONE_STRONG;1.3;10;75;99;26;125;79.2;44;18;62;70.9677;51;21;72;70.8333;48;5;53;90.566;85;24;109;77.9817;2026-08-13;2.7294;8.4231;1.8228;v26|LAST5|AT_LEAST_ONE_STRONG|1.30|P10
v26;LAST5;AT_LEAST_ONE_STRONG;1.2;11;75;98;26;124;79.0323;45;18;63;71.4286;51;21;72;70.8333;47;5;52;90.3846;84;24;108;77.7778;2026-08-13;2.5617;8.2417;1.6189;v26|LAST5|AT_LEAST_ONE_STRONG|1.20|P11
v26;LAST5;AT_LEAST_ONE_STRONG;1.3;11;75;98;26;124;79.0323;45;18;63;71.4286;51;21;72;70.8333;47;5;52;90.3846;84;24;108;77.7778;2026-08-13;2.5617;8.2417;1.6189;v26|LAST5|AT_LEAST_ONE_STRONG|1.30|P11
v26;LAST5;AT_LEAST_ONE_STRONG;1.0;14;50;112;26;138;81.1594;31;18;49;63.2653;57;20;77;74.026;55;6;61;90.1639;93;23;116;80.1724;2026-08-13;4.6888;8.021;4.0135;v26|LAST5|AT_LEAST_ONE_STRONG|1.00|P14
v26;LAST5;AT_LEAST_ONE_STRONG;1.1;14;50;112;26;138;81.1594;31;18;49;63.2653;57;20;77;74.026;55;6;61;90.1639;93;23;116;80.1724;2026-08-13;4.6888;8.021;4.0135;v26|LAST5|AT_LEAST_ONE_STRONG|1.10|P14
v26;LAST5;AT_LEAST_ONE_STRONG;1.0;15;50;111;26;137;81.0219;32;18;50;64.0;56;20;76;73.6842;55;6;61;90.1639;92;23;115;80.0;2026-08-13;4.5513;8.021;3.8411;v26|LAST5|AT_LEAST_ONE_STRONG|1.00|P15
v26;LAST5;AT_LEAST_ONE_STRONG;1.1;15;50;111;26;137;81.0219;32;18;50;64.0;56;20;76;73.6842;55;6;61;90.1639;92;23;115;80.0;2026-08-13;4.5513;8.021;3.8411;v26|LAST5|AT_LEAST_ONE_STRONG|1.10|P15
v26;LAST5;AT_LEAST_ONE_STRONG;1.0;13;50;112;27;139;80.5755;31;17;48;64.5833;57;21;78;73.0769;55;6;61;90.1639;93;24;117;79.4872;2026-08-13;4.1049;8.021;3.3283;v26|LAST5|AT_LEAST_ONE_STRONG|1.00|P13
v26;LAST5;AT_LEAST_ONE_STRONG;1.1;13;50;112;27;139;80.5755;31;17;48;64.5833;57;21;78;73.0769;55;6;61;90.1639;93;24;117;79.4872;2026-08-13;4.1049;8.021;3.3283;v26|LAST5|AT_LEAST_ONE_STRONG|1.10|P13
v26;LAST5;AT_LEAST_ONE_STRONG;1.0;12;50;114;28;142;80.2817;29;16;45;64.4444;59;22;81;72.8395;55;6;61;90.1639;95;24;119;79.8319;2026-08-13;3.8111;8.021;3.673;v26|LAST5|AT_LEAST_ONE_STRONG|1.00|P12
v26;LAST5;AT_LEAST_ONE_STRONG;1.1;12;50;114;28;142;80.2817;29;16;45;64.4444;59;22;81;72.8395;55;6;61;90.1639;95;24;119;79.8319;2026-08-13;3.8111;8.021;3.673;v26|LAST5|AT_LEAST_ONE_STRONG|1.10|P12
v26;LAST5;AT_LEAST_ONE_STRONG;1.4;9;108;90;20;110;81.8182;53;24;77;68.8312;45;15;60;75.0;45;5;50;90.0;75;18;93;80.6452;2026-08-13;5.3476;7.8571;4.4863;v26|LAST5|AT_LEAST_ONE_STRONG|1.40|P9
v26;LAST5;AT_LEAST_ONE_STRONG;1.5;9;108;90;20;110;81.8182;53;24;77;68.8312;45;15;60;75.0;45;5;50;90.0;75;18;93;80.6452;2026-08-13;5.3476;7.8571;4.4863;v26|LAST5|AT_LEAST_ONE_STRONG|1.50|P9
v26;LAST5;AT_LEAST_ONE_STRONG;1.2;7;75;110;28;138;79.7101;33;16;49;67.3469;56;22;78;71.7949;54;6;60;90.0;93;25;118;78.8136;2026-08-13;3.2395;7.8571;2.6547;v26|LAST5|AT_LEAST_ONE_STRONG|1.20|P7
v26;LAST5;AT_LEAST_ONE_STRONG;1.3;7;75;110;28;138;79.7101;33;16;49;67.3469;56;22;78;71.7949;54;6;60;90.0;93;25;118;78.8136;2026-08-13;3.2395;7.8571;2.6547;v26|LAST5|AT_LEAST_ONE_STRONG|1.30|P7
v26;LAST5;AT_LEAST_ONE_STRONG;1.2;5;75;123;31;154;79.8701;20;13;33;60.6061;61;24;85;71.7647;62;7;69;89.8551;102;28;130;78.4615;2026-08-13;3.3995;7.7122;2.3026;v26|LAST5|AT_LEAST_ONE_STRONG|1.20|P5
v26;LAST5;AT_LEAST_ONE_STRONG;1.3;5;75;123;31;154;79.8701;20;13;33;60.6061;61;24;85;71.7647;62;7;69;89.8551;102;28;130;78.4615;2026-08-13;3.3995;7.7122;2.3026;v26|LAST5|AT_LEAST_ONE_STRONG|1.30|P5
v26;LAST5;AT_LEAST_ONE_STRONG;1.2;8;75;108;28;136;79.4118;35;16;51;68.6275;55;22;77;71.4286;53;6;59;89.8305;91;25;116;78.4483;2026-08-13;2.9412;7.6876;2.2894;v26|LAST5|AT_LEAST_ONE_STRONG|1.20|P8
v26;LAST5;AT_LEAST_ONE_STRONG;1.3;8;75;108;28;136;79.4118;35;16;51;68.6275;55;22;77;71.4286;53;6;59;89.8305;91;25;116;78.4483;2026-08-13;2.9412;7.6876;2.2894;v26|LAST5|AT_LEAST_ONE_STRONG|1.30|P8
v26;LAST5;AT_LEAST_ONE_STRONG;1.4;10;108;86;20;106;81.1321;57;24;81;70.3704;43;15;58;74.1379;43;5;48;89.5833;73;18;91;80.2198;2026-08-13;4.6615;7.4404;4.0609;v26|LAST5|AT_LEAST_ONE_STRONG|1.40|P10
v26;LAST5;AT_LEAST_ONE_STRONG;1.5;10;108;86;20;106;81.1321;57;24;81;70.3704;43;15;58;74.1379;43;5;48;89.5833;73;18;91;80.2198;2026-08-13;4.6615;7.4404;4.0609;v26|LAST5|AT_LEAST_ONE_STRONG|1.50|P10
v26;LAST5;AT_LEAST_ONE_STRONG;1.0;7;50;121;30;151;80.1325;22;14;36;61.1111;61;23;84;72.619;60;7;67;89.5522;100;26;126;79.3651;2026-08-13;3.6619;7.4093;3.2062;v26|LAST5|AT_LEAST_ONE_STRONG|1.00|P7
v26;LAST5;AT_LEAST_ONE_STRONG;1.0;8;50;121;30;151;80.1325;22;14;36;61.1111;61;23;84;72.619;60;7;67;89.5522;100;26;126;79.3651;2026-08-13;3.6619;7.4093;3.2062;v26|LAST5|AT_LEAST_ONE_STRONG|1.00|P8
v26;LAST5;AT_LEAST_ONE_STRONG;1.1;7;50;121;30;151;80.1325;22;14;36;61.1111;61;23;84;72.619;60;7;67;89.5522;100;26;126;79.3651;2026-08-13;3.6619;7.4093;3.2062;v26|LAST5|AT_LEAST_ONE_STRONG|1.10|P7
v26;LAST5;AT_LEAST_ONE_STRONG;1.1;8;50;121;30;151;80.1325;22;14;36;61.1111;61;23;84;72.619;60;7;67;89.5522;100;26;126;79.3651;2026-08-13;3.6619;7.4093;3.2062;v26|LAST5|AT_LEAST_ONE_STRONG|1.10|P8
v26;LAST5;AT_LEAST_ONE_STRONG;1.0;9;50;118;29;147;80.2721;25;15;40;62.5;60;22;82;73.1707;58;7;65;89.2308;98;25;123;79.6748;2026-08-13;3.8015;7.0879;3.5159;v26|LAST5|AT_LEAST_ONE_STRONG|1.00|P9
v26;LAST5;AT_LEAST_ONE_STRONG;1.1;9;50;118;29;147;80.2721;25;15;40;62.5;60;22;82;73.1707;58;7;65;89.2308;98;25;123;79.6748;2026-08-13;3.8015;7.0879;3.5159;v26|LAST5|AT_LEAST_ONE_STRONG|1.10|P9
v26;SEASON;AT_LEAST_ONE_STRONG;1.2;13;44;116;29;145;80.0;27;15;42;64.2857;58;22;80;72.5;58;7;65;89.2308;92;26;118;77.9661;2026-08-13;3.5294;7.0879;1.8072;v26|SEASON|AT_LEAST_ONE_STRONG|1.20|P13
v26;SEASON;AT_LEAST_ONE_STRONG;1.2;14;44;116;29;145;80.0;27;15;42;64.2857;58;22;80;72.5;58;7;65;89.2308;92;26;118;77.9661;2026-08-13;3.5294;7.0879;1.8072;v26|SEASON|AT_LEAST_ONE_STRONG|1.20|P14
v26;SEASON;AT_LEAST_ONE_STRONG;1.2;15;44;114;29;143;79.7203;29;15;44;65.9091;56;22;78;71.7949;58;7;65;89.2308;90;26;116;77.5862;2026-08-13;3.2497;7.0879;1.4273;v26|SEASON|AT_LEAST_ONE_STRONG|1.20|P15
v26;SEASON;AT_LEAST_ONE_STRONG;1.2;12;44;117;30;147;79.5918;26;14;40;65.0;59;23;82;71.9512;58;7;65;89.2308;93;26;119;78.1513;2026-08-13;3.1212;7.0879;1.9924;v26|SEASON|AT_LEAST_ONE_STRONG|1.20|P12
v26;LAST5;AWAY_STRONG;1.6;9;82;107;22;129;82.9457;36;22;58;62.069;58;16;74;78.3784;49;6;55;89.0909;89;19;108;82.4074;2026-08-13;6.4751;6.948;6.2485;v26|LAST5|AWAY_STRONG|1.60|P9
v26;LAST5;AT_LEAST_ONE_STRONG;1.4;7;108;98;22;120;81.6667;45;22;67;67.1642;49;16;65;75.3846;49;6;55;89.0909;82;19;101;81.1881;2026-08-13;5.1961;6.948;5.0292;v26|LAST5|AT_LEAST_ONE_STRONG|1.40|P7
v26;LAST5;AT_LEAST_ONE_STRONG;1.5;7;108;98;22;120;81.6667;45;22;67;67.1642;49;16;65;75.3846;49;6;55;89.0909;82;19;101;81.1881;2026-08-13;5.1961;6.948;5.0292;v26|LAST5|AT_LEAST_ONE_STRONG|1.50|P7
v26;LAST5;AT_LEAST_ONE_STRONG;1.4;5;108;113;26;139;81.295;30;18;48;62.5;56;19;75;74.6667;57;7;64;89.0625;93;23;116;80.1724;2026-08-13;4.8244;6.9196;4.0135;v26|LAST5|AT_LEAST_ONE_STRONG|1.40|P5
v26;LAST5;AT_LEAST_ONE_STRONG;1.5;5;108;113;26;139;81.295;30;18;48;62.5;56;19;75;74.6667;57;7;64;89.0625;93;23;116;80.1724;2026-08-13;4.8244;6.9196;4.0135;v26|LAST5|AT_LEAST_ONE_STRONG|1.50|P5
v26;LAST5;AT_LEAST_ONE_STRONG;1.0;10;50;116;29;145;80.0;27;15;42;64.2857;59;22;81;72.8395;57;7;64;89.0625;97;25;122;79.5082;2026-08-13;3.5294;6.9196;3.3493;v26|LAST5|AT_LEAST_ONE_STRONG|1.00|P10
v26;LAST5;AT_LEAST_ONE_STRONG;1.0;11;50;116;29;145;80.0;27;15;42;64.2857;59;22;81;72.8395;57;7;64;89.0625;97;25;122;79.5082;2026-08-13;3.5294;6.9196;3.3493;v26|LAST5|AT_LEAST_ONE_STRONG|1.00|P11
v26;LAST5;AT_LEAST_ONE_STRONG;1.1;10;50;116;29;145;80.0;27;15;42;64.2857;59;22;81;72.8395;57;7;64;89.0625;97;25;122;79.5082;2026-08-13;3.5294;6.9196;3.3493;v26|LAST5|AT_LEAST_ONE_STRONG|1.10|P10
v26;LAST5;AT_LEAST_ONE_STRONG;1.1;11;50;116;29;145;80.0;27;15;42;64.2857;59;22;81;72.8395;57;7;64;89.0625;97;25;122;79.5082;2026-08-13;3.5294;6.9196;3.3493;v26|LAST5|AT_LEAST_ONE_STRONG|1.10|P11
v26;LAST5;AT_LEAST_ONE_STRONG;1.2;6;75;115;29;144;79.8611;28;15;43;65.1163;58;22;80;72.5;57;7;64;89.0625;96;26;122;78.6885;2026-08-13;3.3905;6.9196;2.5296;v26|LAST5|AT_LEAST_ONE_STRONG|1.20|P6
v26;LAST5;AT_LEAST_ONE_STRONG;1.3;6;75;115;29;144;79.8611;28;15;43;65.1163;58;22;80;72.5;57;7;64;89.0625;96;26;122;78.6885;2026-08-13;3.3905;6.9196;2.5296;v26|LAST5|AT_LEAST_ONE_STRONG|1.30|P6
v26;LAST5;AT_LEAST_ONE_STRONG;1.0;5;50;128;33;161;79.5031;15;11;26;57.6923;63;25;88;71.5909;65;8;73;89.0411;105;29;134;78.3582;2026-08-13;3.0325;6.8982;2.1993;v26|LAST5|AT_LEAST_ONE_STRONG|1.00|P5
v26;LAST5;AT_LEAST_ONE_STRONG;1.1;5;50;128;33;161;79.5031;15;11;26;57.6923;63;25;88;71.5909;65;8;73;89.0411;105;29;134;78.3582;2026-08-13;3.0325;6.8982;2.1993;v26|LAST5|AT_LEAST_ONE_STRONG|1.10|P5
v26;SEASON;AT_LEAST_ONE_STRONG;1.6;13;119;62;16;78;79.4872;81;28;109;74.3119;30;12;42;71.4286;32;4;36;88.8889;53;15;68;77.9412;2026-08-13;3.0166;6.746;1.7823;v26|SEASON|AT_LEAST_ONE_STRONG|1.60|P13
v26;SEASON;AT_LEAST_ONE_STRONG;1.6;12;119;64;18;82;78.0488;79;26;105;75.2381;32;14;46;69.5652;32;4;36;88.8889;54;16;70;77.1429;2026-08-13;1.5782;6.746;0.984;v26|SEASON|AT_LEAST_ONE_STRONG|1.60|P12
v26;LAST5;AT_LEAST_ONE_STRONG;1.4;11;108;82;20;102;80.3922;61;24;85;71.7647;42;15;57;73.6842;40;5;45;88.8889;70;18;88;79.5455;2026-08-13;3.9216;6.746;3.3866;v26|LAST5|AT_LEAST_ONE_STRONG|1.40|P11
v26;LAST5;AT_LEAST_ONE_STRONG;1.5;11;108;82;20;102;80.3922;61;24;85;71.7647;42;15;57;73.6842;40;5;45;88.8889;70;18;88;79.5455;2026-08-13;3.9216;6.746;3.3866;v26|LAST5|AT_LEAST_ONE_STRONG|1.50|P11
v26;LAST5;AWAY_STRONG;1.6;10;82;105;21;126;83.3333;38;23;61;62.2951;57;15;72;79.1667;48;6;54;88.8889;88;18;106;83.0189;2026-08-13;6.8627;6.746;6.86;v26|LAST5|AWAY_STRONG|1.60|P10
v26;LAST5;AT_LEAST_ONE_STRONG;1.4;8;108;96;22;118;81.3559;47;22;69;68.1159;48;16;64;75.0;48;6;54;88.8889;80;19;99;80.8081;2026-08-13;4.8853;6.746;4.6492;v26|LAST5|AT_LEAST_ONE_STRONG|1.40|P8
v26;LAST5;AT_LEAST_ONE_STRONG;1.5;8;108;96;22;118;81.3559;47;22;69;68.1159;48;16;64;75.0;48;6;54;88.8889;80;19;99;80.8081;2026-08-13;4.8853;6.746;4.6492;v26|LAST5|AT_LEAST_ONE_STRONG|1.50|P8
v26;LAST5;AWAY_STRONG;1.2;12;41;119;29;148;80.4054;24;15;39;61.5385;63;22;85;74.1176;56;7;63;88.8889;98;26;124;79.0323;2026-08-13;3.9348;6.746;2.8734;v26|LAST5|AWAY_STRONG|1.20|P12
v26;LAST5;AWAY_STRONG;1.3;12;41;119;29;148;80.4054;24;15;39;61.5385;63;22;85;74.1176;56;7;63;88.8889;98;26;124;79.0323;2026-08-13;3.9348;6.746;2.8734;v26|LAST5|AWAY_STRONG|1.30|P12
v26;LAST5;AWAY_STRONG;1.2;13;41;118;29;147;80.2721;25;15;40;62.5;62;22;84;73.8095;56;7;63;88.8889;97;26;123;78.8618;2026-08-13;3.8015;6.746;2.7029;v26|LAST5|AWAY_STRONG|1.20|P13
v26;LAST5;AWAY_STRONG;1.3;13;41;118;29;147;80.2721;25;15;40;62.5;62;22;84;73.8095;56;7;63;88.8889;97;26;123;78.8618;2026-08-13;3.8015;6.746;2.7029;v26|LAST5|AWAY_STRONG|1.30|P13
v26;LAST5;AWAY_STRONG;1.2;14;41;117;29;146;80.137;26;15;41;63.4146;61;22;83;73.494;56;7;63;88.8889;96;26;122;78.6885;2026-08-13;3.6664;6.746;2.5296;v26|LAST5|AWAY_STRONG|1.20|P14
v26;LAST5;AWAY_STRONG;1.2;15;41;117;29;146;80.137;26;15;41;63.4146;61;22;83;73.494;56;7;63;88.8889;96;26;122;78.6885;2026-08-13;3.6664;6.746;2.5296;v26|LAST5|AWAY_STRONG|1.20|P15
v26;LAST5;AWAY_STRONG;1.3;14;41;117;29;146;80.137;26;15;41;63.4146;61;22;83;73.494;56;7;63;88.8889;96;26;122;78.6885;2026-08-13;3.6664;6.746;2.5296;v26|LAST5|AWAY_STRONG|1.30|P14
v26;LAST5;AWAY_STRONG;1.3;15;41;117;29;146;80.137;26;15;41;63.4146;61;22;83;73.494;56;7;63;88.8889;96;26;122;78.6885;2026-08-13;3.6664;6.746;2.5296;v26|LAST5|AWAY_STRONG|1.30|P15
v26;LAST5;AT_LEAST_ONE_STRONG;1.2;4;75;129;33;162;79.6296;14;11;25;56.0;66;25;91;72.5275;63;8;71;88.7324;107;28;135;79.2593;2026-08-13;3.159;6.5895;3.1004;v26|LAST5|AT_LEAST_ONE_STRONG|1.20|P4
v26;LAST5;AT_LEAST_ONE_STRONG;1.3;4;75;129;33;162;79.6296;14;11;25;56.0;66;25;91;72.5275;63;8;71;88.7324;107;28;135;79.2593;2026-08-13;3.159;6.5895;3.1004;v26|LAST5|AT_LEAST_ONE_STRONG|1.30|P4
v26;SEASON;AT_LEAST_ONE_STRONG;1.5;13;98;77;19;96;80.2083;66;25;91;72.5275;38;14;52;73.0769;39;5;44;88.6364;63;18;81;77.7778;2026-08-13;3.7377;6.4935;1.6189;v26|SEASON|AT_LEAST_ONE_STRONG|1.50|P13
v26;SEASON;AT_LEAST_ONE_STRONG;1.5;12;98;79;21;100;79.0;64;23;87;73.5632;40;16;56;71.4286;39;5;44;88.6364;64;19;83;77.1084;2026-08-13;2.5294;6.4935;0.9495;v26|SEASON|AT_LEAST_ONE_STRONG|1.50|P12
v26;LAST5;AWAY_STRONG;1.0;12;28;129;31;160;80.625;14;13;27;51.8519;67;23;90;74.4444;62;8;70;88.5714;105;27;132;79.5455;2026-08-13;4.1544;6.4285;3.3866;v26|LAST5|AWAY_STRONG|1.00|P12
v26;LAST5;AWAY_STRONG;1.1;12;28;129;31;160;80.625;14;13;27;51.8519;67;23;90;74.4444;62;8;70;88.5714;105;27;132;79.5455;2026-08-13;4.1544;6.4285;3.3866;v26|LAST5|AWAY_STRONG|1.10|P12
v26;LAST5;AWAY_STRONG;1.0;13;28;128;31;159;80.5031;15;13;28;53.5714;66;23;89;74.1573;62;8;70;88.5714;104;27;131;79.3893;2026-08-13;4.0325;6.4285;3.2304;v26|LAST5|AWAY_STRONG|1.00|P13
v26;LAST5;AWAY_STRONG;1.0;14;28;128;31;159;80.5031;15;13;28;53.5714;66;23;89;74.1573;62;8;70;88.5714;104;27;131;79.3893;2026-08-13;4.0325;6.4285;3.2304;v26|LAST5|AWAY_STRONG|1.00|P14
v26;LAST5;AWAY_STRONG;1.0;15;28;128;31;159;80.5031;15;13;28;53.5714;66;23;89;74.1573;62;8;70;88.5714;104;27;131;79.3893;2026-08-13;4.0325;6.4285;3.2304;v26|LAST5|AWAY_STRONG|1.00|P15
v26;LAST5;AWAY_STRONG;1.1;13;28;128;31;159;80.5031;15;13;28;53.5714;66;23;89;74.1573;62;8;70;88.5714;104;27;131;79.3893;2026-08-13;4.0325;6.4285;3.2304;v26|LAST5|AWAY_STRONG|1.10|P13
v26;LAST5;AWAY_STRONG;1.1;14;28;128;31;159;80.5031;15;13;28;53.5714;66;23;89;74.1573;62;8;70;88.5714;104;27;131;79.3893;2026-08-13;4.0325;6.4285;3.2304;v26|LAST5|AWAY_STRONG|1.10|P14
v26;LAST5;AWAY_STRONG;1.1;15;28;128;31;159;80.5031;15;13;28;53.5714;66;23;89;74.1573;62;8;70;88.5714;104;27;131;79.3893;2026-08-13;4.0325;6.4285;3.2304;v26|LAST5|AWAY_STRONG|1.10|P15
v26;LAST5;AT_LEAST_ONE_STRONG;1.0;6;50;124;31;155;80.0;19;13;32;59.375;62;23;85;72.9412;62;8;70;88.5714;102;27;129;79.0698;2026-08-13;3.5294;6.4285;2.9109;v26|LAST5|AT_LEAST_ONE_STRONG|1.00|P6
v26;LAST5;AT_LEAST_ONE_STRONG;1.1;6;50;124;31;155;80.0;19;13;32;59.375;62;23;85;72.9412;62;8;70;88.5714;102;27;129;79.0698;2026-08-13;3.5294;6.4285;2.9109;v26|LAST5|AT_LEAST_ONE_STRONG|1.10|P6
v26;SEASON;AT_LEAST_ONE_STRONG;1.4;13;78;90;24;114;78.9474;53;20;73;72.6027;44;18;62;70.9677;46;6;52;88.4615;71;21;92;77.1739;2026-08-13;2.4768;6.3186;1.015;v26|SEASON|AT_LEAST_ONE_STRONG|1.40|P13
v26;SEASON;AT_LEAST_ONE_STRONG;1.4;12;78;91;26;117;77.7778;52;18;70;74.2857;45;20;65;69.2308;46;6;52;88.4615;72;22;94;76.5957;2026-08-13;1.3072;6.3186;0.4368;v26|SEASON|AT_LEAST_ONE_STRONG|1.40|P12
v26;SEASON;AT_LEAST_ONE_STRONG;1.5;14;98;76;18;94;80.8511;67;26;93;72.043;38;13;51;74.5098;38;5;43;88.3721;63;17;80;78.75;2026-08-13;4.3805;6.2292;2.5911;v26|SEASON|AT_LEAST_ONE_STRONG|1.50|P14
v26;SEASON;AT_LEAST_ONE_STRONG;1.3;14;59;103;27;130;79.2308;40;17;57;70.1754;50;20;70;71.4286;53;7;60;88.3333;82;24;106;77.3585;2026-08-13;2.7602;6.1904;1.1996;v26|SEASON|AT_LEAST_ONE_STRONG|1.30|P14
v26;SEASON;AT_LEAST_ONE_STRONG;1.3;15;59;101;27;128;78.9062;42;17;59;71.1864;48;20;68;70.5882;53;7;60;88.3333;80;24;104;76.9231;2026-08-13;2.4356;6.1904;0.7642;v26|SEASON|AT_LEAST_ONE_STRONG|1.30|P15
v26;SEASON;AT_LEAST_ONE_STRONG;1.3;13;59;103;28;131;78.626;40;16;56;71.4286;50;21;71;70.4225;53;7;60;88.3333;82;25;107;76.6355;2026-08-13;2.1554;6.1904;0.4766;v26|SEASON|AT_LEAST_ONE_STRONG|1.30|P13
v26;SEASON;AT_LEAST_ONE_STRONG;1.3;12;59;104;29;133;78.1955;39;15;54;72.2222;51;22;73;69.863;53;7;60;88.3333;83;25;108;76.8519;2026-08-13;1.7249;6.1904;0.693;v26|SEASON|AT_LEAST_ONE_STRONG|1.30|P12
v26;SEASON;AT_LEAST_ONE_STRONG;1.6;14;119;60;15;75;80.0;83;29;112;74.1071;30;11;41;73.1707;30;4;34;88.2353;52;14;66;78.7879;2026-08-13;3.5294;6.0924;2.629;v26|SEASON|AT_LEAST_ONE_STRONG|1.60|P14
v26;LAST5;AWAY_STRONG;1.6;11;82;101;21;122;82.7869;42;23;65;64.6154;56;15;71;78.8732;45;6;51;88.2353;85;18;103;82.5243;2026-08-13;6.3163;6.0924;6.3654;v26|LAST5|AWAY_STRONG|1.60|P11
v26;SEASON;AT_LEAST_ONE_STRONG;1.6;7;119;88;21;109;80.7339;55;23;78;70.5128;43;15;58;74.1379;45;6;51;88.2353;75;18;93;80.6452;2026-08-13;4.2633;6.0924;4.4863;v26|SEASON|AT_LEAST_ONE_STRONG|1.60|P7
v26;SEASON;AT_LEAST_ONE_STRONG;1.4;14;78;89;23;112;79.4643;54;21;75;72.0;44;17;61;72.1311;45;6;51;88.2353;71;20;91;78.022;2026-08-13;2.9937;6.0924;1.8631;v26|SEASON|AT_LEAST_ONE_STRONG|1.40|P14
v26;SEASON;AT_LEAST_ONE_STRONG;1.4;15;78;86;23;109;78.8991;57;21;78;73.0769;41;17;58;70.6897;45;6;51;88.2353;68;20;88;77.2727;2026-08-13;2.4285;6.0924;1.1138;v26|SEASON|AT_LEAST_ONE_STRONG|1.40|P15
v26;SEASON;AT_LEAST_ONE_STRONG;1.2;9;44;119;31;150;79.3333;24;13;37;64.8649;59;23;82;71.9512;60;8;68;88.2353;94;27;121;77.686;2026-08-13;2.8627;6.0924;1.5271;v26|SEASON|AT_LEAST_ONE_STRONG|1.20|P9
v26;LAST5;AWAY_STRONG;1.6;7;82;113;24;137;82.4818;30;20;50;60.0;61;17;78;78.2051;52;7;59;88.1356;95;20;115;82.6087;2026-08-13;6.0112;5.9927;6.4498;v26|LAST5|AWAY_STRONG|1.60|P7
v26;LAST5;AT_LEAST_ONE_STRONG;1.6;5;136;106;24;130;81.5385;37;20;57;64.9123;54;17;71;76.0563;52;7;59;88.1356;88;21;109;80.7339;2026-08-13;5.0679;5.9927;4.575;v26|LAST5|AT_LEAST_ONE_STRONG|1.60|P5
v26;LAST5;AT_LEAST_ONE_STRONG;1.4;6;108;104;24;128;81.25;39;20;59;66.1017;52;17;69;75.3623;52;7;59;88.1356;86;21;107;80.3738;2026-08-13;4.7794;5.9927;4.2149;v26|LAST5|AT_LEAST_ONE_STRONG|1.40|P6
v26;LAST5;AT_LEAST_ONE_STRONG;1.5;6;108;104;24;128;81.25;39;20;59;66.1017;52;17;69;75.3623;52;7;59;88.1356;86;21;107;80.3738;2026-08-13;4.7794;5.9927;4.2149;v26|LAST5|AT_LEAST_ONE_STRONG|1.50|P6
v26;SEASON;AT_LEAST_ONE_STRONG;1.6;5;119;103;24;127;81.1024;40;20;60;66.6667;51;17;68;75.0;52;7;59;88.1356;85;21;106;80.1887;2026-08-13;4.6318;5.9927;4.0298;v26|SEASON|AT_LEAST_ONE_STRONG|1.60|P5
v26;SEASON;AT_LEAST_ONE_STRONG;1.5;15;98;72;18;90;80.0;71;26;97;73.1959;35;13;48;72.9167;37;5;42;88.0952;60;17;77;77.9221;2026-08-13;3.5294;5.9523;1.7632;v26|SEASON|AT_LEAST_ONE_STRONG|1.50|P15
v26;SEASON;AT_LEAST_ONE_STRONG;1.6;9;119;73;19;92;79.3478;70;25;95;73.6842;36;14;50;72.0;37;5;42;88.0952;61;17;78;78.2051;2026-08-13;2.8772;5.9523;2.0462;v26|SEASON|AT_LEAST_ONE_STRONG|1.60|P9
v26;SEASON;AT_LEAST_ONE_STRONG;1.2;10;44;118;31;149;79.1946;25;13;38;65.7895;59;23;82;71.9512;59;8;67;88.0597;94;27;121;77.686;2026-08-13;2.724;5.9168;1.5271;v26|SEASON|AT_LEAST_ONE_STRONG|1.20|P10
v26;SEASON;AT_LEAST_ONE_STRONG;1.2;11;44;118;31;149;79.1946;25;13;38;65.7895;59;23;82;71.9512;59;8;67;88.0597;94;27;121;77.686;2026-08-13;2.724;5.9168;1.5271;v26|SEASON|AT_LEAST_ONE_STRONG|1.20|P11
v26;LAST5;AT_LEAST_ONE_STRONG;1.0;4;50;133;35;168;79.1667;10;9;19;52.6316;67;26;93;72.043;66;9;75;88.0;109;29;138;78.9855;2026-08-13;2.6961;5.8571;2.8266;v26|LAST5|AT_LEAST_ONE_STRONG|1.00|P4
v26;LAST5;AT_LEAST_ONE_STRONG;1.1;4;50;133;35;168;79.1667;10;9;19;52.6316;67;26;93;72.043;66;9;75;88.0;109;29;138;78.9855;2026-08-13;2.6961;5.8571;2.8266;v26|LAST5|AT_LEAST_ONE_STRONG|1.10|P4
v26;LAST5;AWAY_STRONG;1.6;8;82;112;24;136;82.3529;31;20;51;60.7843;61;17;78;78.2051;51;7;58;87.931;94;20;114;82.4561;2026-08-13;5.8823;5.7881;6.2972;v26|LAST5|AWAY_STRONG|1.60|P8
v26;LAST5;AWAY_STRONG;1.6;5;82;122;27;149;81.8792;21;17;38;55.2632;64;19;83;77.1084;58;8;66;87.8788;100;23;123;81.3008;2026-08-13;5.4086;5.7359;5.1419;v26|LAST5|AWAY_STRONG|1.60|P5
v26;LAST5;AT_LEAST_ONE_STRONG;1.4;4;108;120;29;149;80.5369;23;15;38;60.5263;62;21;83;74.6988;58;8;66;87.8788;99;24;123;80.4878;2026-08-13;4.0663;5.7359;4.3289;v26|LAST5|AT_LEAST_ONE_STRONG|1.40|P4
v26;LAST5;AT_LEAST_ONE_STRONG;1.5;4;108;120;29;149;80.5369;23;15;38;60.5263;62;21;83;74.6988;58;8;66;87.8788;99;24;123;80.4878;2026-08-13;4.0663;5.7359;4.3289;v26|LAST5|AT_LEAST_ONE_STRONG|1.50|P4
v26;LAST5;AT_LEAST_ONE_STRONG;1.6;9;136;77;18;95;81.0526;66;26;92;71.7391;41;13;54;75.9259;36;5;41;87.8049;66;16;82;80.4878;2026-08-13;4.582;5.662;4.3289;v26|LAST5|AT_LEAST_ONE_STRONG|1.60|P9
v26;LAST5;AWAY_STRONG;1.0;7;28;132;33;165;80.0;11;11;22;50.0;68;24;92;73.913;64;9;73;87.6712;108;29;137;78.8321;2026-08-13;3.5294;5.5283;2.6732;v26|LAST5|AWAY_STRONG|1.00|P7
v26;LAST5;AWAY_STRONG;1.0;8;28;132;33;165;80.0;11;11;22;50.0;68;24;92;73.913;64;9;73;87.6712;108;29;137;78.8321;2026-08-13;3.5294;5.5283;2.6732;v26|LAST5|AWAY_STRONG|1.00|P8
v26;LAST5;AWAY_STRONG;1.1;7;28;132;33;165;80.0;11;11;22;50.0;68;24;92;73.913;64;9;73;87.6712;108;29;137;78.8321;2026-08-13;3.5294;5.5283;2.6732;v26|LAST5|AWAY_STRONG|1.10|P7
v26;LAST5;AWAY_STRONG;1.1;8;28;132;33;165;80.0;11;11;22;50.0;68;24;92;73.913;64;9;73;87.6712;108;29;137;78.8321;2026-08-13;3.5294;5.5283;2.6732;v26|LAST5|AWAY_STRONG|1.10|P8
v26;SEASON;AT_LEAST_ONE_STRONG;1.6;15;119;55;15;70;78.5714;88;29;117;75.2137;27;11;38;71.0526;28;4;32;87.5;48;14;62;77.4194;2026-08-13;2.1008;5.3571;1.2605;v26|SEASON|AT_LEAST_ONE_STRONG|1.60|P15
v26;SEASON;AT_LEAST_ONE_STRONG;1.6;10;119;69;19;88;78.4091;74;25;99;74.7475;34;14;48;70.8333;35;5;40;87.5;58;17;75;77.3333;2026-08-13;1.9385;5.3571;1.1744;v26|SEASON|AT_LEAST_ONE_STRONG|1.60|P10
v26;SEASON;AT_LEAST_ONE_STRONG;1.6;8;119;82;21;103;79.6117;61;23;84;72.619;40;15;55;72.7273;42;6;48;87.5;69;18;87;79.3103;2026-08-13;3.1411;5.3571;3.1514;v26|SEASON|AT_LEAST_ONE_STRONG|1.60|P8
v26;SEASON;AT_LEAST_ONE_STRONG;1.5;9;98;84;22;106;79.2453;59;22;81;72.8395;42;16;58;72.4138;42;6;48;87.5;67;20;87;77.0115;2026-08-13;2.7747;5.3571;0.8526;v26|SEASON|AT_LEAST_ONE_STRONG|1.50|P9
v26;SEASON;AT_LEAST_ONE_STRONG;1.6;6;119;94;22;116;81.0345;49;22;71;69.0141;45;15;60;75.0;49;7;56;87.5;78;19;97;80.4124;2026-08-13;4.5639;5.3571;4.2535;v26|SEASON|AT_LEAST_ONE_STRONG|1.60|P6
v26;SEASON;AT_LEAST_ONE_STRONG;1.4;9;78;96;27;123;78.0488;47;17;64;73.4375;47;20;67;70.1493;49;7;56;87.5;75;23;98;76.5306;2026-08-13;1.5782;5.3571;0.3717;v26|SEASON|AT_LEAST_ONE_STRONG|1.40|P9
v26;SEASON;AT_LEAST_ONE_STRONG;1.3;9;59;108;30;138;78.2609;35;14;49;71.4286;52;22;74;70.2703;56;8;64;87.5;85;26;111;76.5766;2026-08-13;1.7903;5.3571;0.4177;v26|SEASON|AT_LEAST_ONE_STRONG|1.30|P9
v26;LAST5;AWAY_STRONG;1.0;9;28;130;32;162;80.2469;13;12;25;52.0;67;23;90;74.4444;63;9;72;87.5;106;28;134;79.1045;2026-08-13;3.7763;5.3571;2.9456;v26|LAST5|AWAY_STRONG|1.00|P9
v26;LAST5;AWAY_STRONG;1.0;10;28;130;32;162;80.2469;13;12;25;52.0;67;23;90;74.4444;63;9;72;87.5;106;28;134;79.1045;2026-08-13;3.7763;5.3571;2.9456;v26|LAST5|AWAY_STRONG|1.00|P10
v26;LAST5;AWAY_STRONG;1.0;11;28;130;32;162;80.2469;13;12;25;52.0;67;23;90;74.4444;63;9;72;87.5;106;28;134;79.1045;2026-08-13;3.7763;5.3571;2.9456;v26|LAST5|AWAY_STRONG|1.00|P11
v26;LAST5;AWAY_STRONG;1.1;9;28;130;32;162;80.2469;13;12;25;52.0;67;23;90;74.4444;63;9;72;87.5;106;28;134;79.1045;2026-08-13;3.7763;5.3571;2.9456;v26|LAST5|AWAY_STRONG|1.10|P9
v26;LAST5;AWAY_STRONG;1.1;10;28;130;32;162;80.2469;13;12;25;52.0;67;23;90;74.4444;63;9;72;87.5;106;28;134;79.1045;2026-08-13;3.7763;5.3571;2.9456;v26|LAST5|AWAY_STRONG|1.10|P10
v26;LAST5;AWAY_STRONG;1.1;11;28;130;32;162;80.2469;13;12;25;52.0;67;23;90;74.4444;63;9;72;87.5;106;28;134;79.1045;2026-08-13;3.7763;5.3571;2.9456;v26|LAST5|AWAY_STRONG|1.10|P11
v26;SEASON;AT_LEAST_ONE_STRONG;1.2;7;44;122;32;154;79.2208;21;12;33;63.6364;60;23;83;72.2892;62;9;71;87.3239;96;27;123;78.0488;2026-08-13;2.7502;5.181;1.8899;v26|SEASON|AT_LEAST_ONE_STRONG|1.20|P7
v26;LAST5;AWAY_STRONG;1.6;6;82;117;25;142;82.3944;26;19;45;57.7778;62;17;79;78.481;55;8;63;87.3016;96;21;117;82.0513;2026-08-13;5.9238;5.1587;5.8924;v26|LAST5|AWAY_STRONG|1.60|P6
v26;SEASON;AT_LEAST_ONE_STRONG;1.3;10;59;106;30;136;77.9412;37;14;51;72.549;51;22;73;69.863;55;8;63;87.3016;84;26;110;76.3636;2026-08-13;1.4706;5.1587;0.2047;v26|SEASON|AT_LEAST_ONE_STRONG|1.30|P10
v26;SEASON;HOME_STRONG;1.6;9;65;105;31;136;77.2059;38;13;51;74.5098;50;23;73;68.4932;55;8;63;87.3016;86;27;113;76.1062;2026-08-13;0.7353;5.1587;-0.0527;v26|SEASON|HOME_STRONG|1.60|P9
v26;LAST5;AWAY_STRONG;1.4;13;63;105;23;128;82.0312;38;21;59;64.4068;57;16;73;78.0822;48;7;55;87.2727;86;20;106;81.1321;2026-08-13;5.5606;5.1298;4.9732;v26|LAST5|AWAY_STRONG|1.40|P13
v26;LAST5;AWAY_STRONG;1.5;13;63;105;23;128;82.0312;38;21;59;64.4068;57;16;73;78.0822;48;7;55;87.2727;86;20;106;81.1321;2026-08-13;5.5606;5.1298;4.9732;v26|LAST5|AWAY_STRONG|1.50|P13
v26;LAST5;AWAY_STRONG;1.4;12;63;106;25;131;80.916;37;19;56;66.0714;58;18;76;76.3158;48;7;55;87.2727;87;22;109;79.8165;2026-08-13;4.4454;5.1298;3.6576;v26|LAST5|AWAY_STRONG|1.40|P12
v26;LAST5;AWAY_STRONG;1.5;12;63;106;25;131;80.916;37;19;56;66.0714;58;18;76;76.3158;48;7;55;87.2727;87;22;109;79.8165;2026-08-13;4.4454;5.1298;3.6576;v26|LAST5|AWAY_STRONG|1.50|P12
v26;SEASON;AT_LEAST_ONE_STRONG;1.5;7;98;96;23;119;80.6723;47;21;68;69.1176;48;16;64;75.0;48;7;55;87.2727;78;20;98;79.5918;2026-08-13;4.2017;5.1298;3.4329;v26|SEASON|AT_LEAST_ONE_STRONG|1.50|P7
v26;SEASON;AT_LEAST_ONE_STRONG;1.4;10;78;94;27;121;77.686;49;17;66;74.2424;46;20;66;69.697;48;7;55;87.2727;74;23;97;76.2887;2026-08-13;1.2154;5.1298;0.1298;v26|SEASON|AT_LEAST_ONE_STRONG|1.40|P10
v26;LAST5;AT_LEAST_ONE_STRONG;1.6;7;136;87;20;107;81.3084;56;24;80;70.0;46;14;60;76.6667;41;6;47;87.234;75;17;92;81.5217;2026-08-13;4.8378;5.0911;5.3628;v26|LAST5|AT_LEAST_ONE_STRONG|1.60|P7
v26;SEASON;AT_LEAST_ONE_STRONG;1.5;10;98;82;22;104;78.8462;61;22;83;73.494;41;16;57;71.9298;41;6;47;87.234;66;20;86;76.7442;2026-08-13;2.3756;5.0911;0.5853;v26|SEASON|AT_LEAST_ONE_STRONG|1.50|P10
v26;LAST5;AT_LEAST_ONE_STRONG;1.6;10;136;73;17;90;81.1111;70;27;97;72.1649;39;12;51;76.4706;34;5;39;87.1795;64;15;79;81.0127;2026-08-13;4.6405;5.0366;4.8538;v26|LAST5|AT_LEAST_ONE_STRONG|1.60|P10
v26;SEASON;AT_LEAST_ONE_STRONG;1.6;11;119;67;19;86;77.907;76;25;101;75.2475;33;14;47;70.2128;34;5;39;87.1795;57;17;74;77.027;2026-08-13;1.4364;5.0366;0.8681;v26|SEASON|AT_LEAST_ONE_STRONG|1.60|P11
v26;LAST5;AWAY_STRONG;1.2;7;41;126;32;158;79.7468;17;12;29;58.6207;65;23;88;73.8636;61;9;70;87.1429;104;28;132;78.7879;2026-08-13;3.2762;5.0;2.629;v26|LAST5|AWAY_STRONG|1.20|P7
v26;LAST5;AWAY_STRONG;1.3;7;41;126;32;158;79.7468;17;12;29;58.6207;65;23;88;73.8636;61;9;70;87.1429;104;28;132;78.7879;2026-08-13;3.2762;5.0;2.629;v26|LAST5|AWAY_STRONG|1.30|P7
v26;SEASON;AT_LEAST_ONE_STRONG;1.2;8;44;121;32;153;79.085;22;12;34;64.7059;60;23;83;72.2892;61;9;70;87.1429;95;27;122;77.8689;2026-08-13;2.6144;5.0;1.71;v26|SEASON|AT_LEAST_ONE_STRONG|1.20|P8
v26;SEASON;AT_LEAST_ONE_STRONG;1.5;5;98;108;26;134;80.597;35;18;53;66.0377;54;18;72;75.0;54;8;62;87.0968;87;23;110;79.0909;2026-08-13;4.1264;4.9539;2.932;v26|SEASON|AT_LEAST_ONE_STRONG|1.50|P5
v26;SEASON;AT_LEAST_ONE_STRONG;1.3;11;59;105;30;135;77.7778;38;14;52;73.0769;51;22;73;69.863;54;8;62;87.0968;84;26;110;76.3636;2026-08-13;1.3072;4.9539;0.2047;v26|SEASON|AT_LEAST_ONE_STRONG|1.30|P11
v26;LAST5;AWAY_STRONG;1.4;14;63;103;23;126;81.746;40;21;61;65.5738;56;16;72;77.7778;47;7;54;87.037;85;20;105;80.9524;2026-08-13;5.2754;4.8941;4.7935;v26|LAST5|AWAY_STRONG|1.40|P14
v26;LAST5;AWAY_STRONG;1.4;15;63;103;23;126;81.746;40;21;61;65.5738;56;16;72;77.7778;47;7;54;87.037;85;20;105;80.9524;2026-08-13;5.2754;4.8941;4.7935;v26|LAST5|AWAY_STRONG|1.40|P15
v26;LAST5;AWAY_STRONG;1.5;14;63;103;23;126;81.746;40;21;61;65.5738;56;16;72;77.7778;47;7;54;87.037;85;20;105;80.9524;2026-08-13;5.2754;4.8941;4.7935;v26|LAST5|AWAY_STRONG|1.50|P14
v26;LAST5;AWAY_STRONG;1.5;15;63;103;23;126;81.746;40;21;61;65.5738;56;16;72;77.7778;47;7;54;87.037;85;20;105;80.9524;2026-08-13;5.2754;4.8941;4.7935;v26|LAST5|AWAY_STRONG|1.50|P15
v26;SEASON;AT_LEAST_ONE_STRONG;1.5;8;98;93;23;116;80.1724;50;21;71;70.4225;46;16;62;74.1935;47;7;54;87.037;75;20;95;78.9474;2026-08-13;3.7018;4.8941;2.7885;v26|SEASON|AT_LEAST_ONE_STRONG|1.50|P8
v26;SEASON;AT_LEAST_ONE_STRONG;1.4;11;78;93;27;120;77.5;50;17;67;74.6269;46;20;66;69.697;47;7;54;87.037;74;23;97;76.2887;2026-08-13;1.0294;4.8941;0.1298;v26|SEASON|AT_LEAST_ONE_STRONG|1.40|P11
v26;LAST5;AWAY_STRONG;1.0;5;28;135;36;171;78.9474;8;8;16;50.0;68;26;94;72.3404;67;10;77;87.013;110;32;142;77.4648;2026-08-13;2.4768;4.8701;1.3059;v26|LAST5|AWAY_STRONG|1.00|P5
v26;LAST5;AWAY_STRONG;1.1;5;28;135;36;171;78.9474;8;8;16;50.0;68;26;94;72.3404;67;10;77;87.013;110;32;142;77.4648;2026-08-13;2.4768;4.8701;1.3059;v26|LAST5|AWAY_STRONG|1.10|P5
v26;SEASON;AT_LEAST_ONE_STRONG;1.5;11;98;81;22;103;78.6408;62;22;84;73.8095;41;16;57;71.9298;40;6;46;86.9565;66;20;86;76.7442;2026-08-13;2.1702;4.8136;0.5853;v26|SEASON|AT_LEAST_ONE_STRONG|1.50|P11
v26;LAST5;AWAY_STRONG;1.2;8;41;125;32;157;79.6178;18;12;30;60.0;65;23;88;73.8636;60;9;69;86.9565;103;28;131;78.626;2026-08-13;3.1472;4.8136;2.4671;v26|LAST5|AWAY_STRONG|1.20|P8
v26;LAST5;AWAY_STRONG;1.3;8;41;125;32;157;79.6178;18;12;30;60.0;65;23;88;73.8636;60;9;69;86.9565;103;28;131;78.626;2026-08-13;3.1472;4.8136;2.4671;v26|LAST5|AWAY_STRONG|1.30|P8
v26;SEASON;HOME_STRONG;1.6;5;65;120;32;152;78.9474;23;12;35;65.7143;60;23;83;72.2892;60;9;69;86.9565;99;27;126;78.5714;2026-08-13;2.4768;4.8136;2.4125;v26|SEASON|HOME_STRONG|1.60|P5
v26;SEASON;HOME_STRONG;1.6;6;65;116;32;148;78.3784;27;12;39;69.2308;56;23;79;70.8861;60;9;69;86.9565;96;27;123;78.0488;2026-08-13;1.9078;4.8136;1.8899;v26|SEASON|HOME_STRONG|1.60|P6
v26;LAST5;AT_LEAST_ONE_STRONG;1.6;4;136;113;27;140;80.7143;30;17;47;63.8298;60;19;79;75.9494;53;8;61;86.8852;94;22;116;81.0345;2026-08-13;4.2437;4.7423;4.8756;v26|LAST5|AT_LEAST_ONE_STRONG|1.60|P4
v26;SEASON;AT_LEAST_ONE_STRONG;1.6;4;119;109;28;137;79.562;34;16;50;68.0;56;20;76;73.6842;53;8;61;86.8852;90;23;113;79.646;2026-08-13;3.0914;4.7423;3.4871;v26|SEASON|AT_LEAST_ONE_STRONG|1.60|P4
v26;SEASON;HOME_STRONG;1.6;10;65;103;31;134;76.8657;40;13;53;75.4717;50;23;73;68.4932;53;8;61;86.8852;85;27;112;75.8929;2026-08-13;0.3951;4.7423;-0.266;v26|SEASON|HOME_STRONG|1.60|P10
v26;SEASON;HOME_STRONG;1.6;11;65;103;31;134;76.8657;40;13;53;75.4717;50;23;73;68.4932;53;8;61;86.8852;85;27;112;75.8929;2026-08-13;0.3951;4.7423;-0.266;v26|SEASON|HOME_STRONG|1.60|P11
v26;LAST5;AWAY_STRONG;1.2;5;41;133;35;168;79.1667;10;9;19;52.6316;67;25;92;72.8261;66;10;76;86.8421;108;31;139;77.6978;2026-08-13;2.6961;4.6992;1.5389;v26|LAST5|AWAY_STRONG|1.20|P5
v26;LAST5;AWAY_STRONG;1.3;5;41;133;35;168;79.1667;10;9;19;52.6316;67;25;92;72.8261;66;10;76;86.8421;108;31;139;77.6978;2026-08-13;2.6961;4.6992;1.5389;v26|LAST5|AWAY_STRONG|1.30|P5
v26;LAST5;AT_LEAST_ONE_STRONG;1.2;2;75;135;36;171;78.9474;8;8;16;50.0;69;26;95;72.6316;66;10;76;86.8421;109;31;140;77.8571;2026-08-13;2.4768;4.6992;1.6982;v26|LAST5|AT_LEAST_ONE_STRONG|1.20|P2
v26;LAST5;AT_LEAST_ONE_STRONG;1.3;2;75;135;36;171;78.9474;8;8;16;50.0;69;26;95;72.6316;66;10;76;86.8421;109;31;140;77.8571;2026-08-13;2.4768;4.6992;1.6982;v26|LAST5|AT_LEAST_ONE_STRONG|1.30|P2
v26;LAST5;AT_LEAST_ONE_STRONG;1.6;6;136;95;22;117;81.1966;48;22;70;68.5714;49;15;64;76.5625;46;7;53;86.7925;80;19;99;80.8081;2026-08-13;4.726;4.6496;4.6492;v26|LAST5|AT_LEAST_ONE_STRONG|1.60|P6
v26;LAST5;AWAY_STRONG;1.6;4;82;126;29;155;81.2903;17;15;32;53.125;67;20;87;77.0115;59;9;68;86.7647;103;23;126;81.746;2026-08-13;4.8197;4.6218;5.5871;v26|LAST5|AWAY_STRONG|1.60|P4
v26;LAST5;AWAY_STRONG;1.2;9;41;123;31;154;79.8701;20;13;33;60.6061;64;22;86;74.4186;59;9;68;86.7647;101;27;128;78.9062;2026-08-13;3.3995;4.6218;2.7473;v26|LAST5|AWAY_STRONG|1.20|P9
v26;LAST5;AWAY_STRONG;1.3;9;41;123;31;154;79.8701;20;13;33;60.6061;64;22;86;74.4186;59;9;68;86.7647;101;27;128;78.9062;2026-08-13;3.3995;4.6218;2.7473;v26|LAST5|AWAY_STRONG|1.30|P9
v26;SEASON;HOME_STRONG;1.6;7;65;113;32;145;77.931;30;12;42;71.4286;54;23;77;70.1299;59;9;68;86.7647;93;27;120;77.5;2026-08-13;1.4604;4.6218;1.3411;v26|SEASON|HOME_STRONG|1.60|P7
v26;LAST5;HOME_STRONG;1.2;9;42;119;35;154;77.2727;24;9;33;72.7273;60;26;86;69.7674;59;9;68;86.7647;98;30;128;76.5625;2026-08-13;0.8021;4.6218;0.4036;v26|LAST5|HOME_STRONG|1.20|P9
v26;LAST5;HOME_STRONG;1.3;9;42;119;35;154;77.2727;24;9;33;72.7273;60;26;86;69.7674;59;9;68;86.7647;98;30;128;76.5625;2026-08-13;0.8021;4.6218;0.4036;v26|LAST5|HOME_STRONG|1.30|P9
v26;LAST5;AT_LEAST_ONE_STRONG;1.6;8;136;84;20;104;80.7692;59;24;83;71.0843;45;14;59;76.2712;39;6;45;86.6667;72;17;89;80.8989;2026-08-13;4.2986;4.5238;4.74;v26|LAST5|AT_LEAST_ONE_STRONG|1.60|P8
v26;SEASON;AT_LEAST_ONE_STRONG;1.4;7;78;104;28;132;78.7879;39;16;55;70.9091;52;20;72;72.2222;52;8;60;86.6667;82;23;105;78.0952;2026-08-13;2.3173;4.5238;1.9363;v26|SEASON|AT_LEAST_ONE_STRONG|1.40|P7
v26;SEASON;HOME_STRONG;1.6;13;65;99;30;129;76.7442;44;14;58;75.8621;47;22;69;68.1159;52;8;60;86.6667;82;27;109;75.2294;2026-08-13;0.2736;4.5238;-0.9295;v26|SEASON|HOME_STRONG|1.60|P13
v26;SEASON;HOME_STRONG;1.6;12;65;101;31;132;76.5152;42;13;55;76.3636;49;23;72;68.0556;52;8;60;86.6667;83;27;110;75.4545;2026-08-13;0.0446;4.5238;-0.7044;v26|SEASON|HOME_STRONG|1.60|P12
v26;LAST5;AWAY_STRONG;1.0;6;28;133;34;167;79.6407;10;10;20;50.0;68;24;92;73.913;65;10;75;86.6667;108;30;138;78.2609;2026-08-13;3.1701;4.5238;2.102;v26|LAST5|AWAY_STRONG|1.00|P6
v26;LAST5;AWAY_STRONG;1.1;6;28;133;34;167;79.6407;10;10;20;50.0;68;24;92;73.913;65;10;75;86.6667;108;30;138;78.2609;2026-08-13;3.1701;4.5238;2.102;v26|LAST5|AWAY_STRONG|1.10|P6
v26;LAST5;AT_LEAST_ONE_STRONG;1.2;3;75;132;35;167;79.0419;11;9;20;55.0;67;25;92;72.8261;65;10;75;86.6667;108;30;138;78.2609;2026-08-13;2.5713;4.5238;2.102;v26|LAST5|AT_LEAST_ONE_STRONG|1.20|P3
v26;LAST5;AT_LEAST_ONE_STRONG;1.3;3;75;132;35;167;79.0419;11;9;20;55.0;67;25;92;72.8261;65;10;75;86.6667;108;30;138;78.2609;2026-08-13;2.5713;4.5238;2.102;v26|LAST5|AT_LEAST_ONE_STRONG|1.30|P3
v26;LAST5;HOME_STRONG;1.2;4;42;133;38;171;77.7778;10;6;16;62.5;68;28;96;70.8333;65;10;75;86.6667;110;32;142;77.4648;2026-08-13;1.3072;4.5238;1.3059;v26|LAST5|HOME_STRONG|1.20|P4
v26;LAST5;HOME_STRONG;1.3;4;42;133;38;171;77.7778;10;6;16;62.5;68;28;96;70.8333;65;10;75;86.6667;110;32;142;77.4648;2026-08-13;1.3072;4.5238;1.3059;v26|LAST5|HOME_STRONG|1.30|P4
v26;LAST5;HOME_STRONG;1.2;5;42;131;38;169;77.5148;12;6;18;66.6667;66;28;94;70.2128;65;10;75;86.6667;108;32;140;77.1429;2026-08-13;1.0442;4.5238;0.984;v26|LAST5|HOME_STRONG|1.20|P5
v26;LAST5;HOME_STRONG;1.3;5;42;131;38;169;77.5148;12;6;18;66.6667;66;28;94;70.2128;65;10;75;86.6667;108;32;140;77.1429;2026-08-13;1.0442;4.5238;0.984;v26|LAST5|HOME_STRONG|1.30|P5
v26;LAST5;AWAY_STRONG;1.2;10;41;121;31;152;79.6053;22;13;35;62.8571;63;22;85;74.1176;58;9;67;86.5672;100;27;127;78.7402;2026-08-13;3.1347;4.4243;2.5813;v26|LAST5|AWAY_STRONG|1.20|P10
v26;LAST5;AWAY_STRONG;1.3;10;41;121;31;152;79.6053;22;13;35;62.8571;63;22;85;74.1176;58;9;67;86.5672;100;27;127;78.7402;2026-08-13;3.1347;4.4243;2.5813;v26|LAST5|AWAY_STRONG|1.30|P10
v26;SEASON;AT_LEAST_ONE_STRONG;1.3;7;59;112;31;143;78.3217;31;13;44;70.4545;54;22;76;71.0526;58;9;67;86.5672;88;26;114;77.193;2026-08-13;1.8511;4.4243;1.0341;v26|SEASON|AT_LEAST_ONE_STRONG|1.30|P7
v26;SEASON;HOME_STRONG;1.6;8;65;109;32;141;77.305;34;12;46;73.913;51;23;74;68.9189;58;9;67;86.5672;89;27;116;76.7241;2026-08-13;0.8344;4.4243;0.5652;v26|SEASON|HOME_STRONG|1.60|P8
v26;LAST5;HOME_STRONG;1.2;10;42;117;35;152;76.9737;26;9;35;74.2857;59;26;85;69.4118;58;9;67;86.5672;97;30;127;76.378;2026-08-13;0.5031;4.4243;0.2191;v26|LAST5|HOME_STRONG|1.20|P10
v26;LAST5;HOME_STRONG;1.2;11;42;117;35;152;76.9737;26;9;35;74.2857;59;26;85;69.4118;58;9;67;86.5672;97;30;127;76.378;2026-08-13;0.5031;4.4243;0.2191;v26|LAST5|HOME_STRONG|1.20|P11
v26;LAST5;HOME_STRONG;1.3;10;42;117;35;152;76.9737;26;9;35;74.2857;59;26;85;69.4118;58;9;67;86.5672;97;30;127;76.378;2026-08-13;0.5031;4.4243;0.2191;v26|LAST5|HOME_STRONG|1.30|P10
v26;LAST5;HOME_STRONG;1.3;11;42;117;35;152;76.9737;26;9;35;74.2857;59;26;85;69.4118;58;9;67;86.5672;97;30;127;76.378;2026-08-13;0.5031;4.4243;0.2191;v26|LAST5|HOME_STRONG|1.30|P11
v26;LAST5;AT_LEAST_ONE_STRONG;1.4;2;108;132;32;164;80.4878;11;12;23;47.8261;68;22;90;75.5556;64;10;74;86.4865;107;27;134;79.8507;2026-08-13;4.0172;4.3436;3.6918;v26|LAST5|AT_LEAST_ONE_STRONG|1.40|P2
v26;LAST5;AT_LEAST_ONE_STRONG;1.5;2;108;132;32;164;80.4878;11;12;23;47.8261;68;22;90;75.5556;64;10;74;86.4865;107;27;134;79.8507;2026-08-13;4.0172;4.3436;3.6918;v26|LAST5|AT_LEAST_ONE_STRONG|1.50|P2
v26;SEASON;AT_LEAST_ONE_STRONG;1.5;6;98;101;24;125;80.8;42;20;62;67.7419;50;16;66;75.7576;51;8;59;86.4407;81;21;102;79.4118;2026-08-13;4.3294;4.2978;3.2529;v26|SEASON|AT_LEAST_ONE_STRONG|1.50|P6
v26;SEASON;AT_LEAST_ONE_STRONG;1.4;8;78;101;28;129;78.2946;42;16;58;72.4138;50;20;70;71.4286;51;8;59;86.4407;79;23;102;77.451;2026-08-13;1.824;4.2978;1.2921;v26|SEASON|AT_LEAST_ONE_STRONG|1.40|P8
v26;SEASON;HOME_STRONG;1.6;14;65;98;29;127;77.1654;45;15;60;75.0;47;21;68;69.1176;51;8;59;86.4407;81;26;107;75.7009;2026-08-13;0.6948;4.2978;-0.458;v26|SEASON|HOME_STRONG|1.60|P14
v26;LAST5;AWAY_STRONG;1.2;11;41;120;31;151;79.4702;23;13;36;63.8889;63;22;85;74.1176;57;9;66;86.3636;99;27;126;78.5714;2026-08-13;2.9996;4.2207;2.4125;v26|LAST5|AWAY_STRONG|1.20|P11
v26;LAST5;AWAY_STRONG;1.3;11;41;120;31;151;79.4702;23;13;36;63.8889;63;22;85;74.1176;57;9;66;86.3636;99;27;126;78.5714;2026-08-13;2.9996;4.2207;2.4125;v26|LAST5|AWAY_STRONG|1.30|P11
v26;LAST5;HOME_STRONG;1.4;9;60;112;31;143;78.3217;31;13;44;70.4545;55;22;77;71.4286;57;9;66;86.3636;91;26;117;77.7778;2026-08-13;1.8511;4.2207;1.6189;v26|LAST5|HOME_STRONG|1.40|P9
v26;LAST5;HOME_STRONG;1.5;9;60;112;31;143;78.3217;31;13;44;70.4545;55;22;77;71.4286;57;9;66;86.3636;91;26;117;77.7778;2026-08-13;1.8511;4.2207;1.6189;v26|LAST5|HOME_STRONG|1.50|P9
v26;SEASON;AT_LEAST_ONE_STRONG;1.3;8;59;111;31;142;78.169;32;13;45;71.1111;54;22;76;71.0526;57;9;66;86.3636;87;26;113;76.9912;2026-08-13;1.6984;4.2207;0.8323;v26|SEASON|AT_LEAST_ONE_STRONG|1.30|P8
v26;LAST5;HOME_STRONG;1.2;14;42;115;33;148;77.7027;28;11;39;71.7949;58;24;82;70.7317;57;9;66;86.3636;95;29;124;76.6129;2026-08-13;1.2321;4.2207;0.454;v26|LAST5|HOME_STRONG|1.20|P14
v26;LAST5;HOME_STRONG;1.3;14;42;115;33;148;77.7027;28;11;39;71.7949;58;24;82;70.7317;57;9;66;86.3636;95;29;124;76.6129;2026-08-13;1.2321;4.2207;0.454;v26|LAST5|HOME_STRONG|1.30|P14
v26;LAST5;HOME_STRONG;1.2;15;42;114;33;147;77.551;29;11;40;72.5;57;24;81;70.3704;57;9;66;86.3636;94;29;123;76.4228;2026-08-13;1.0804;4.2207;0.2639;v26|LAST5|HOME_STRONG|1.20|P15
v26;LAST5;HOME_STRONG;1.3;15;42;114;33;147;77.551;29;11;40;72.5;57;24;81;70.3704;57;9;66;86.3636;94;29;123;76.4228;2026-08-13;1.0804;4.2207;0.2639;v26|LAST5|HOME_STRONG|1.30|P15
v26;LAST5;HOME_STRONG;1.2;13;42;115;34;149;77.1812;28;10;38;73.6842;58;25;83;69.8795;57;9;66;86.3636;95;30;125;76.0;2026-08-13;0.7106;4.2207;-0.1589;v26|LAST5|HOME_STRONG|1.20|P13
v26;LAST5;HOME_STRONG;1.3;13;42;115;34;149;77.1812;28;10;38;73.6842;58;25;83;69.8795;57;9;66;86.3636;95;30;125;76.0;2026-08-13;0.7106;4.2207;-0.1589;v26|LAST5|HOME_STRONG|1.30|P13
v26;LAST5;HOME_STRONG;1.2;12;42;116;35;151;76.8212;27;9;36;75.0;59;26;85;69.4118;57;9;66;86.3636;96;30;126;76.1905;2026-08-13;0.3506;4.2207;0.0316;v26|LAST5|HOME_STRONG|1.20|P12
v26;LAST5;HOME_STRONG;1.3;12;42;116;35;151;76.8212;27;9;36;75.0;59;26;85;69.4118;57;9;66;86.3636;96;30;126;76.1905;2026-08-13;0.3506;4.2207;0.0316;v26|LAST5|HOME_STRONG|1.30|P12
v26;LAST5;AWAY_STRONG;1.2;6;41;128;33;161;79.5031;15;11;26;57.6923;65;23;88;73.8636;63;10;73;86.3014;104;29;133;78.1955;2026-08-13;3.0325;4.1585;2.0366;v26|LAST5|AWAY_STRONG|1.20|P6
v26;LAST5;AWAY_STRONG;1.3;6;41;128;33;161;79.5031;15;11;26;57.6923;65;23;88;73.8636;63;10;73;86.3014;104;29;133;78.1955;2026-08-13;3.0325;4.1585;2.0366;v26|LAST5|AWAY_STRONG|1.30|P6
v26;SEASON;AT_LEAST_ONE_STRONG;1.2;5;44;126;34;160;78.75;17;10;27;62.963;63;24;87;72.4138;63;10;73;86.3014;100;29;129;77.5194;2026-08-13;2.2794;4.1585;1.3605;v26|SEASON|AT_LEAST_ONE_STRONG|1.20|P5
v26;LAST5;HOME_STRONG;1.4;5;60;125;35;160;78.125;18;9;27;66.6667;62;25;87;71.2644;63;10;73;86.3014;102;29;131;77.8626;2026-08-13;1.6544;4.1585;1.7037;v26|LAST5|HOME_STRONG|1.40|P5
v26;LAST5;HOME_STRONG;1.5;5;60;125;35;160;78.125;18;9;27;66.6667;62;25;87;71.2644;63;10;73;86.3014;102;29;131;77.8626;2026-08-13;1.6544;4.1585;1.7037;v26|LAST5|HOME_STRONG|1.50|P5
v26;LAST5;HOME_STRONG;1.4;4;60;128;36;164;78.0488;15;8;23;65.2174;65;26;91;71.4286;63;10;73;86.3014;105;30;135;77.7778;2026-08-13;1.5782;4.1585;1.6189;v26|LAST5|HOME_STRONG|1.40|P4
v26;LAST5;HOME_STRONG;1.5;4;60;128;36;164;78.0488;15;8;23;65.2174;65;26;91;71.4286;63;10;73;86.3014;105;30;135;77.7778;2026-08-13;1.5782;4.1585;1.6189;v26|LAST5|HOME_STRONG|1.50|P4
v26;SEASON;HOME_STRONG;1.6;15;65;94;29;123;76.4228;49;15;64;76.5625;44;21;65;67.6923;50;8;58;86.2069;78;26;104;75.0;2026-08-13;-0.0478;4.064;-1.1589;v26|SEASON|HOME_STRONG|1.60|P15
v26;LAST5;AWAY_STRONG;1.4;7;63;119;28;147;80.9524;24;16;40;60.0;63;19;82;76.8293;56;9;65;86.1538;98;24;122;80.3279;2026-08-13;4.4818;4.0109;4.169;v26|LAST5|AWAY_STRONG|1.40|P7
v26;LAST5;AWAY_STRONG;1.5;7;63;119;28;147;80.9524;24;16;40;60.0;63;19;82;76.8293;56;9;65;86.1538;98;24;122;80.3279;2026-08-13;4.4818;4.0109;4.169;v26|LAST5|AWAY_STRONG|1.50|P7
v26;SEASON;AT_LEAST_ONE_STRONG;1.4;5;78;114;30;144;79.1667;29;14;43;67.4419;58;21;79;73.4177;56;9;65;86.1538;91;25;116;78.4483;2026-08-13;2.6961;4.0109;2.2894;v26|SEASON|AT_LEAST_ONE_STRONG|1.40|P5
v26;LAST5;HOME_STRONG;1.4;10;60;110;31;141;78.0142;33;13;46;71.7391;54;22;76;71.0526;56;9;65;86.1538;90;26;116;77.5862;2026-08-13;1.5436;4.0109;1.4273;v26|LAST5|HOME_STRONG|1.40|P10
v26;LAST5;HOME_STRONG;1.5;10;60;110;31;141;78.0142;33;13;46;71.7391;54;22;76;71.0526;56;9;65;86.1538;90;26;116;77.5862;2026-08-13;1.5436;4.0109;1.4273;v26|LAST5|HOME_STRONG|1.50|P10
v26;LAST5;AT_LEAST_ONE_STRONG;1.6;11;136;69;17;86;80.2326;74;27;101;73.2673;38;12;50;76.0;31;5;36;86.1111;61;15;76;80.2632;2026-08-13;3.762;3.9682;4.1043;v26|LAST5|AT_LEAST_ONE_STRONG|1.60|P11
v26;LAST5;BOTH_STRONG;1.6;9;25;131;34;165;79.3939;12;10;22;54.5455;69;24;93;74.1935;62;10;72;86.1111;107;28;135;79.2593;2026-08-13;2.9233;3.9682;3.1004;v26|LAST5|BOTH_STRONG|1.60|P9
v26;LAST5;BOTH_STRONG;1.6;10;25;131;34;165;79.3939;12;10;22;54.5455;69;24;93;74.1935;62;10;72;86.1111;107;28;135;79.2593;2026-08-13;2.9233;3.9682;3.1004;v26|LAST5|BOTH_STRONG|1.60|P10
v26;SEASON;AT_LEAST_ONE_STRONG;1.2;6;44;123;33;156;78.8462;20;11;31;64.5161;61;23;84;72.619;62;10;72;86.1111;97;28;125;77.6;2026-08-13;2.3756;3.9682;1.4411;v26|SEASON|AT_LEAST_ONE_STRONG|1.20|P6
v26;LAST5;HOME_STRONG;1.2;6;42;126;37;163;77.3006;17;7;24;70.8333;64;27;91;70.3297;62;10;72;86.1111;104;31;135;77.037;2026-08-13;0.83;3.9682;0.8781;v26|LAST5|HOME_STRONG|1.20|P6
v26;LAST5;HOME_STRONG;1.3;6;42;126;37;163;77.3006;17;7;24;70.8333;64;27;91;70.3297;62;10;72;86.1111;104;31;135;77.037;2026-08-13;0.83;3.9682;0.8781;v26|LAST5|HOME_STRONG|1.30|P6
v26;LAST5;AWAY_STRONG;1.0;4;28;138;38;176;78.4091;5;6;11;45.4545;70;27;97;72.1649;68;11;79;86.0759;112;32;144;77.7778;2026-08-13;1.9385;3.933;1.6189;v26|LAST5|AWAY_STRONG|1.00|P4
v26;LAST5;AWAY_STRONG;1.1;4;28;138;38;176;78.4091;5;6;11;45.4545;70;27;97;72.1649;68;11;79;86.0759;112;32;144;77.7778;2026-08-13;1.9385;3.933;1.6189;v26|LAST5|AWAY_STRONG|1.10|P4
v26;LAST5;AWAY_STRONG;1.4;8;63;118;28;146;80.8219;25;16;41;60.9756;63;19;82;76.8293;55;9;64;85.9375;97;24;121;80.1653;2026-08-13;4.3513;3.7946;4.0064;v26|LAST5|AWAY_STRONG|1.40|P8
v26;LAST5;AWAY_STRONG;1.5;8;63;118;28;146;80.8219;25;16;41;60.9756;63;19;82;76.8293;55;9;64;85.9375;97;24;121;80.1653;2026-08-13;4.3513;3.7946;4.0064;v26|LAST5|AWAY_STRONG|1.50|P8
v26;SEASON;AT_LEAST_ONE_STRONG;1.5;4;98;114;30;144;79.1667;29;14;43;67.4419;59;21;80;73.75;55;9;64;85.9375;92;25;117;78.6325;2026-08-13;2.6961;3.7946;2.4736;v26|SEASON|AT_LEAST_ONE_STRONG|1.50|P4
v26;LAST5;HOME_STRONG;1.4;11;60;109;31;140;77.8571;34;13;47;72.3404;54;22;76;71.0526;55;9;64;85.9375;90;26;116;77.5862;2026-08-13;1.3865;3.7946;1.4273;v26|LAST5|HOME_STRONG|1.40|P11
v26;LAST5;HOME_STRONG;1.5;11;60;109;31;140;77.8571;34;13;47;72.3404;54;22;76;71.0526;55;9;64;85.9375;90;26;116;77.5862;2026-08-13;1.3865;3.7946;1.4273;v26|LAST5|HOME_STRONG|1.50|P11
v26;LAST5;AT_LEAST_ONE_STRONG;1.6;2;136;129;31;160;80.625;14;13;27;51.8519;68;21;89;76.4045;61;10;71;85.9155;106;26;132;80.303;2026-08-13;4.1544;3.7726;4.1441;v26|LAST5|AT_LEAST_ONE_STRONG|1.60|P2
v26;LAST5;AWAY_STRONG;1.4;5;63;127;31;158;80.3797;16;13;29;55.1724;66;21;87;75.8621;61;10;71;85.9155;103;27;130;79.2308;2026-08-13;3.9091;3.7726;3.0719;v26|LAST5|AWAY_STRONG|1.40|P5
v26;LAST5;AWAY_STRONG;1.5;5;63;127;31;158;80.3797;16;13;29;55.1724;66;21;87;75.8621;61;10;71;85.9155;103;27;130;79.2308;2026-08-13;3.9091;3.7726;3.0719;v26|LAST5|AWAY_STRONG|1.50|P5
v26;LAST5;AT_LEAST_ONE_STRONG;1.4;3;108;127;31;158;80.3797;16;13;29;55.1724;66;21;87;75.8621;61;10;71;85.9155;104;26;130;80.0;2026-08-13;3.9091;3.7726;3.8411;v26|LAST5|AT_LEAST_ONE_STRONG|1.40|P3
v26;LAST5;AT_LEAST_ONE_STRONG;1.5;3;108;127;31;158;80.3797;16;13;29;55.1724;66;21;87;75.8621;61;10;71;85.9155;104;26;130;80.0;2026-08-13;3.9091;3.7726;3.8411;v26|LAST5|AT_LEAST_ONE_STRONG|1.50|P3
v26;SEASON;AT_LEAST_ONE_STRONG;1.6;2;119;127;32;159;79.8742;16;12;28;57.1429;66;22;88;75.0;61;10;71;85.9155;104;27;131;79.3893;2026-08-13;3.4036;3.7726;3.2304;v26|SEASON|AT_LEAST_ONE_STRONG|1.60|P2
v26;LAST5;BOTH_STRONG;1.6;11;25;130;34;164;79.2683;13;10;23;56.5217;69;24;93;74.1935;61;10;71;85.9155;107;28;135;79.2593;2026-08-13;2.7977;3.7726;3.1004;v26|LAST5|BOTH_STRONG|1.60|P11
v26;LAST5;BOTH_STRONG;1.6;12;25;130;34;164;79.2683;13;10;23;56.5217;69;24;93;74.1935;61;10;71;85.9155;107;28;135;79.2593;2026-08-13;2.7977;3.7726;3.1004;v26|LAST5|BOTH_STRONG|1.60|P12
v26;LAST5;BOTH_STRONG;1.6;13;25;130;34;164;79.2683;13;10;23;56.5217;69;24;93;74.1935;61;10;71;85.9155;107;28;135;79.2593;2026-08-13;2.7977;3.7726;3.1004;v26|LAST5|BOTH_STRONG|1.60|P13
v26;LAST5;AT_LEAST_ONE_STRONG;0.8;14;34;121;33;154;78.5714;22;11;33;66.6667;60;23;83;72.2892;61;10;71;85.9155;101;29;130;77.6923;2026-08-13;2.1008;3.7726;1.5334;v26|LAST5|AT_LEAST_ONE_STRONG|0.80|P14
v26;LAST5;AT_LEAST_ONE_STRONG;0.8;15;34;120;33;153;78.4314;23;11;34;67.6471;59;23;82;71.9512;61;10;71;85.9155;100;29;129;77.5194;2026-08-13;1.9608;3.7726;1.3605;v26|LAST5|AT_LEAST_ONE_STRONG|0.80|P15
v26;LAST5;AT_LEAST_ONE_STRONG;0.8;13;34;121;34;155;78.0645;22;10;32;68.75;60;24;84;71.4286;61;10;71;85.9155;101;30;131;77.0992;2026-08-13;1.5939;3.7726;0.9403;v26|LAST5|AT_LEAST_ONE_STRONG|0.80|P13
v26;LAST5;AT_LEAST_ONE_STRONG;0.8;12;34;122;35;157;77.707;21;9;30;70.0;61;25;86;70.9302;61;10;71;85.9155;102;30;132;77.2727;2026-08-13;1.2364;3.7726;1.1138;v26|LAST5|AT_LEAST_ONE_STRONG|0.80|P12
v26;LAST5;HOME_STRONG;1.2;7;42;123;37;160;76.875;20;7;27;74.0741;62;27;89;69.6629;61;10;71;85.9155;101;31;132;76.5152;2026-08-13;0.4044;3.7726;0.3563;v26|LAST5|HOME_STRONG|1.20|P7
v26;LAST5;HOME_STRONG;1.3;7;42;123;37;160;76.875;20;7;27;74.0741;62;27;89;69.6629;61;10;71;85.9155;101;31;132;76.5152;2026-08-13;0.4044;3.7726;0.3563;v26|LAST5|HOME_STRONG|1.30|P7
v26;LAST5;HOME_STRONG;1.2;8;42;122;37;159;76.7296;21;7;28;75.0;61;27;88;69.3182;61;10;71;85.9155;100;31;131;76.3359;2026-08-13;0.259;3.7726;0.177;v26|LAST5|HOME_STRONG|1.20|P8
v26;LAST5;HOME_STRONG;1.3;8;42;122;37;159;76.7296;21;7;28;75.0;61;27;88;69.3182;61;10;71;85.9155;100;31;131;76.3359;2026-08-13;0.259;3.7726;0.177;v26|LAST5|HOME_STRONG|1.30|P8
v26;SEASON;AT_LEAST_ONE_STRONG;1.1;5;28;134;36;170;78.8235;9;8;17;52.9412;67;25;92;72.8261;67;11;78;85.8974;107;31;138;77.5362;2026-08-13;2.3529;3.7545;1.3773;v26|SEASON|AT_LEAST_ONE_STRONG|1.10|P5
v26;LAST5;AWAY_STRONG;1.2;4;41;137;37;174;78.7356;6;7;13;46.1538;70;26;96;72.9167;67;11;78;85.8974;111;31;142;78.169;2026-08-13;2.265;3.7545;2.0101;v26|LAST5|AWAY_STRONG|1.20|P4
v26;LAST5;AWAY_STRONG;1.3;4;41;137;37;174;78.7356;6;7;13;46.1538;70;26;96;72.9167;67;11;78;85.8974;111;31;142;78.169;2026-08-13;2.265;3.7545;2.0101;v26|LAST5|AWAY_STRONG|1.30|P4
v26;LAST5;AT_LEAST_ONE_STRONG;1.0;3;50;135;37;172;78.4884;8;7;15;53.3333;68;26;94;72.3404;67;11;78;85.8974;110;31;141;78.0142;2026-08-13;2.0178;3.7545;1.8553;v26|LAST5|AT_LEAST_ONE_STRONG|1.00|P3
v26;LAST5;AT_LEAST_ONE_STRONG;1.1;3;50;135;37;172;78.4884;8;7;15;53.3333;68;26;94;72.3404;67;11;78;85.8974;110;31;141;78.0142;2026-08-13;2.0178;3.7545;1.8553;v26|LAST5|AT_LEAST_ONE_STRONG|1.10|P3
v26;LAST5;AT_LEAST_ONE_STRONG;1.0;2;50;137;38;175;78.2857;6;6;12;50.0;70;27;97;72.1649;67;11;78;85.8974;111;32;143;77.6224;2026-08-13;1.8151;3.7545;1.4635;v26|LAST5|AT_LEAST_ONE_STRONG|1.00|P2
v26;LAST5;AT_LEAST_ONE_STRONG;1.1;2;50;137;38;175;78.2857;6;6;12;50.0;70;27;97;72.1649;67;11;78;85.8974;111;32;143;77.6224;2026-08-13;1.8151;3.7545;1.4635;v26|LAST5|AT_LEAST_ONE_STRONG|1.10|P2
v26;LAST5;AT_LEAST_ONE_STRONG;0.8;5;34;132;38;170;77.6471;11;6;17;64.7059;65;27;92;70.6522;67;11;78;85.8974;109;33;142;76.7606;2026-08-13;1.1765;3.7545;0.6017;v26|LAST5|AT_LEAST_ONE_STRONG|0.80|P5
v26;LAST5;HOME_STRONG;1.4;13;60;105;30;135;77.7778;38;14;52;73.0769;51;21;72;70.8333;54;9;63;85.7143;87;26;113;76.9912;2026-08-13;1.3072;3.5714;0.8323;v26|LAST5|HOME_STRONG|1.40|P13
v26;LAST5;HOME_STRONG;1.5;13;60;105;30;135;77.7778;38;14;52;73.0769;51;21;72;70.8333;54;9;63;85.7143;87;26;113;76.9912;2026-08-13;1.3072;3.5714;0.8323;v26|LAST5|HOME_STRONG|1.50|P13
v26;LAST5;HOME_STRONG;1.4;12;60;107;31;138;77.5362;36;13;49;73.4694;53;22;75;70.6667;54;9;63;85.7143;88;26;114;77.193;2026-08-13;1.0656;3.5714;1.0341;v26|LAST5|HOME_STRONG|1.40|P12
v26;LAST5;HOME_STRONG;1.5;12;60;107;31;138;77.5362;36;13;49;73.4694;53;22;75;70.6667;54;9;63;85.7143;88;26;114;77.193;2026-08-13;1.0656;3.5714;1.0341;v26|LAST5|HOME_STRONG|1.50|P12
v26;LAST5;BOTH_STRONG;1.6;14;25;129;34;163;79.1411;14;10;24;58.3333;69;24;93;74.1935;60;10;70;85.7143;107;28;135;79.2593;2026-08-13;2.6705;3.5714;3.1004;v26|LAST5|BOTH_STRONG|1.60|P14
v26;LAST5;BOTH_STRONG;1.6;15;25;129;34;163;79.1411;14;10;24;58.3333;69;24;93;74.1935;60;10;70;85.7143;107;28;135;79.2593;2026-08-13;2.6705;3.5714;3.1004;v26|LAST5|BOTH_STRONG|1.60|P15
v26;SEASON;AT_LEAST_ONE_STRONG;1.3;5;59;120;33;153;78.4314;23;11;34;67.6471;60;23;83;72.2892;60;10;70;85.7143;96;28;124;77.4194;2026-08-13;1.9608;3.5714;1.2605;v26|SEASON|AT_LEAST_ONE_STRONG|1.30|P5
v26;LAST5;HOME_STRONG;1.4;6;60;119;34;153;77.7778;24;10;34;70.5882;59;24;83;71.0843;60;10;70;85.7143;97;28;125;77.6;2026-08-13;1.3072;3.5714;1.4411;v26|LAST5|HOME_STRONG|1.40|P6
v26;LAST5;HOME_STRONG;1.5;6;60;119;34;153;77.7778;24;10;34;70.5882;59;24;83;71.0843;60;10;70;85.7143;97;28;125;77.6;2026-08-13;1.3072;3.5714;1.4411;v26|LAST5|HOME_STRONG|1.50|P6
v26;SEASON;HOME_STRONG;1.6;4;65;122;35;157;77.707;21;9;30;70.0;62;25;87;71.2644;60;10;70;85.7143;101;29;130;77.6923;2026-08-13;1.2364;3.5714;1.5334;v26|SEASON|HOME_STRONG|1.60|P4
v26;SEASON;HOME_STRONG;1.4;9;45;114;36;150;76.0;29;8;37;78.3784;54;26;80;67.5;60;10;70;85.7143;92;31;123;74.7967;2026-08-13;-0.4706;3.5714;-1.3622;v26|SEASON|HOME_STRONG|1.40|P9
v26;SEASON;AT_LEAST_ONE_STRONG;1.1;6;28;131;35;166;78.9157;12;9;21;57.1429;65;24;89;73.0337;66;11;77;85.7143;104;30;134;77.6119;2026-08-13;2.4451;3.5714;1.453;v26|SEASON|AT_LEAST_ONE_STRONG|1.10|P6
v26;LAST5;AWAY_STRONG;0.8;12;18;134;36;170;78.8235;9;8;17;52.9412;68;25;93;73.1183;66;11;77;85.7143;110;31;141;78.0142;2026-08-13;2.3529;3.5714;1.8553;v26|LAST5|AWAY_STRONG|0.80|P12
v26;SEASON;AT_LEAST_ONE_STRONG;1.1;7;28;130;35;165;78.7879;13;9;22;59.0909;64;24;88;72.7273;66;11;77;85.7143;103;30;133;77.4436;2026-08-13;2.3173;3.5714;1.2847;v26|SEASON|AT_LEAST_ONE_STRONG|1.10|P7
v26;LAST5;AWAY_STRONG;0.8;13;18;133;36;169;78.6982;10;8;18;55.5556;67;25;92;72.8261;66;11;77;85.7143;109;31;140;77.8571;2026-08-13;2.2276;3.5714;1.6982;v26|LAST5|AWAY_STRONG|0.80|P13
v26;LAST5;AWAY_STRONG;0.8;14;18;133;36;169;78.6982;10;8;18;55.5556;67;25;92;72.8261;66;11;77;85.7143;109;31;140;77.8571;2026-08-13;2.2276;3.5714;1.6982;v26|LAST5|AWAY_STRONG|0.80|P14
v26;LAST5;AWAY_STRONG;0.8;15;18;133;36;169;78.6982;10;8;18;55.5556;67;25;92;72.8261;66;11;77;85.7143;109;31;140;77.8571;2026-08-13;2.2276;3.5714;1.6982;v26|LAST5|AWAY_STRONG|0.80|P15
v26;SEASON;HOME_STRONG;1.2;9;25;129;38;167;77.2455;14;6;20;70.0;63;27;90;70.0;66;11;77;85.7143;104;33;137;75.9124;2026-08-13;0.7749;3.5714;-0.2465;v26|SEASON|HOME_STRONG|1.20|P9
v26;SEASON;AT_LEAST_ONE_STRONG;1.1;8;28;129;35;164;78.6585;14;9;23;60.8696;64;24;88;72.7273;65;11;76;85.5263;102;30;132;77.2727;2026-08-13;2.1879;3.3834;1.1138;v26|SEASON|AT_LEAST_ONE_STRONG|1.10|P8
v26;SEASON;AT_LEAST_ONE_STRONG;1.1;9;28;128;35;163;78.5276;15;9;24;62.5;63;24;87;72.4138;65;11;76;85.5263;101;30;131;77.0992;2026-08-13;2.057;3.3834;0.9403;v26|SEASON|AT_LEAST_ONE_STRONG|1.10|P9
v26;LAST5;BOTH_STRONG;1.6;4;25;135;37;172;78.4884;8;7;15;53.3333;70;26;96;72.9167;65;11;76;85.5263;110;30;140;78.5714;2026-08-13;2.0178;3.3834;2.4125;v26|LAST5|BOTH_STRONG|1.60|P4
v26;LAST5;BOTH_STRONG;1.6;5;25;135;37;172;78.4884;8;7;15;53.3333;70;26;96;72.9167;65;11;76;85.5263;110;30;140;78.5714;2026-08-13;2.0178;3.3834;2.4125;v26|LAST5|BOTH_STRONG|1.60|P5
v26;LAST5;AT_LEAST_ONE_STRONG;0.8;6;34;129;36;165;78.1818;14;8;22;63.6364;64;25;89;71.9101;65;11;76;85.5263;107;31;138;77.5362;2026-08-13;1.7112;3.3834;1.3773;v26|LAST5|AT_LEAST_ONE_STRONG|0.80|P6
v26;SEASON;HOME_STRONG;1.2;13;25;127;37;164;77.439;16;7;23;69.5652;62;26;88;70.4545;65;11;76;85.5263;103;33;136;75.7353;2026-08-13;0.9684;3.3834;-0.4236;v26|SEASON|HOME_STRONG|1.20|P13
v26;SEASON;HOME_STRONG;1.2;14;25;127;37;164;77.439;16;7;23;69.5652;62;26;88;70.4545;65;11;76;85.5263;103;33;136;75.7353;2026-08-13;0.9684;3.3834;-0.4236;v26|SEASON|HOME_STRONG|1.20|P14
v26;SEASON;HOME_STRONG;1.2;15;25;125;37;162;77.1605;18;7;25;72.0;60;26;86;69.7674;65;11;76;85.5263;101;33;134;75.3731;2026-08-13;0.6899;3.3834;-0.7858;v26|SEASON|HOME_STRONG|1.20|P15
v26;SEASON;HOME_STRONG;1.2;10;25;128;38;166;77.1084;15;6;21;71.4286;63;27;90;70.0;65;11;76;85.5263;104;33;137;75.9124;2026-08-13;0.6378;3.3834;-0.2465;v26|SEASON|HOME_STRONG|1.20|P10
v26;SEASON;HOME_STRONG;1.2;11;25;128;38;166;77.1084;15;6;21;71.4286;63;27;90;70.0;65;11;76;85.5263;104;33;137;75.9124;2026-08-13;0.6378;3.3834;-0.2465;v26|SEASON|HOME_STRONG|1.20|P11
v26;SEASON;HOME_STRONG;1.2;12;25;128;38;166;77.1084;15;6;21;71.4286;63;27;90;70.0;65;11;76;85.5263;104;33;137;75.9124;2026-08-13;0.6378;3.3834;-0.2465;v26|SEASON|HOME_STRONG|1.20|P12
v26;LAST5;HOME_STRONG;1.4;7;60;116;33;149;77.8523;27;11;38;71.0526;57;23;80;71.25;59;10;69;85.5072;94;27;121;77.686;2026-08-13;1.3817;3.3643;1.5271;v26|LAST5|HOME_STRONG|1.40|P7
v26;LAST5;HOME_STRONG;1.5;7;60;116;33;149;77.8523;27;11;38;71.0526;57;23;80;71.25;59;10;69;85.5072;94;27;121;77.686;2026-08-13;1.3817;3.3643;1.5271;v26|LAST5|HOME_STRONG|1.50|P7
v26;LAST5;HOME_STRONG;1.6;5;79;119;34;153;77.7778;24;10;34;70.5882;60;24;84;71.4286;59;10;69;85.5072;98;28;126;77.7778;2026-08-13;1.3072;3.3643;1.6189;v26|LAST5|HOME_STRONG|1.60|P5
v26;LAST5;HOME_STRONG;1.6;4;79;122;35;157;77.707;21;9;30;70.0;63;25;88;71.5909;59;10;69;85.5072;101;29;130;77.6923;2026-08-13;1.2364;3.3643;1.5334;v26|LAST5|HOME_STRONG|1.60|P4
v26;LAST5;HOME_STRONG;1.4;8;60;115;33;148;77.7027;28;11;39;71.7949;56;23;79;70.8861;59;10;69;85.5072;93;27;120;77.5;2026-08-13;1.2321;3.3643;1.3411;v26|LAST5|HOME_STRONG|1.40|P8
v26;LAST5;HOME_STRONG;1.5;8;60;115;33;148;77.7027;28;11;39;71.7949;56;23;79;70.8861;59;10;69;85.5072;93;27;120;77.5;2026-08-13;1.2321;3.3643;1.3411;v26|LAST5|HOME_STRONG|1.50|P8
v26;SEASON;HOME_STRONG;1.4;14;45;111;34;145;76.5517;32;10;42;76.1905;52;24;76;68.4211;59;10;69;85.5072;90;30;120;75.0;2026-08-13;0.0811;3.3643;-1.1589;v26|SEASON|HOME_STRONG|1.40|P14
v26;SEASON;HOME_STRONG;1.4;15;45;108;34;142;76.0563;35;10;45;77.7778;49;24;73;67.1233;59;10;69;85.5072;87;30;117;74.359;2026-08-13;-0.4143;3.3643;-1.7999;v26|SEASON|HOME_STRONG|1.40|P15
v26;SEASON;HOME_STRONG;1.4;13;45;111;35;146;76.0274;32;9;41;78.0488;52;25;77;67.5325;59;10;69;85.5072;90;31;121;74.3802;2026-08-13;-0.4432;3.3643;-1.7787;v26|SEASON|HOME_STRONG|1.40|P13
v26;SEASON;HOME_STRONG;1.4;10;45;113;36;149;75.8389;30;8;38;78.9474;54;26;80;67.5;59;10;69;85.5072;92;31;123;74.7967;2026-08-13;-0.6317;3.3643;-1.3622;v26|SEASON|HOME_STRONG|1.40|P10
v26;SEASON;HOME_STRONG;1.4;11;45;113;36;149;75.8389;30;8;38;78.9474;54;26;80;67.5;59;10;69;85.5072;92;31;123;74.7967;2026-08-13;-0.6317;3.3643;-1.3622;v26|SEASON|HOME_STRONG|1.40|P11
v26;SEASON;HOME_STRONG;1.4;12;45;112;36;148;75.6757;31;8;39;79.4872;53;26;79;67.0886;59;10;69;85.5072;91;31;122;74.5902;2026-08-13;-0.7949;3.3643;-1.5687;v26|SEASON|HOME_STRONG|1.40|P12
v26;LAST5;AWAY_STRONG;1.4;9;63;114;27;141;80.8511;29;17;46;63.0435;61;18;79;77.2152;53;9;62;85.4839;93;23;116;80.1724;2026-08-13;4.3805;3.341;4.0135;v26|LAST5|AWAY_STRONG|1.40|P9
v26;LAST5;AWAY_STRONG;1.5;9;63;114;27;141;80.8511;29;17;46;63.0435;61;18;79;77.2152;53;9;62;85.4839;93;23;116;80.1724;2026-08-13;4.3805;3.341;4.0135;v26|LAST5|AWAY_STRONG|1.50|P9
v26;SEASON;AT_LEAST_ONE_STRONG;1.4;6;78;107;29;136;78.6765;36;15;51;70.5882;54;20;74;72.973;53;9;62;85.4839;85;24;109;77.9817;2026-08-13;2.2059;3.341;1.8228;v26|SEASON|AT_LEAST_ONE_STRONG|1.40|P6
v26;LAST5;AWAY_STRONG;1.6;2;82;134;33;167;80.2395;9;11;20;45.0;70;22;92;76.087;64;11;75;85.3333;109;27;136;80.1471;2026-08-13;3.7689;3.1904;3.9882;v26|LAST5|AWAY_STRONG|1.60|P2
v26;SEASON;AT_LEAST_ONE_STRONG;1.1;13;28;126;34;160;78.75;17;10;27;62.963;62;23;85;72.9412;64;11;75;85.3333;100;30;130;76.9231;2026-08-13;2.2794;3.1904;0.7642;v26|SEASON|AT_LEAST_ONE_STRONG|1.10|P13
v26;SEASON;AT_LEAST_ONE_STRONG;1.1;14;28;126;34;160;78.75;17;10;27;62.963;62;23;85;72.9412;64;11;75;85.3333;100;30;130;76.9231;2026-08-13;2.2794;3.1904;0.7642;v26|SEASON|AT_LEAST_ONE_STRONG|1.10|P14
v26;LAST5;BOTH_STRONG;1.6;6;25;133;36;169;78.6982;10;8;18;55.5556;69;25;94;73.4043;64;11;75;85.3333;108;29;137;78.8321;2026-08-13;2.2276;3.1904;2.6732;v26|LAST5|BOTH_STRONG|1.60|P6
v26;SEASON;AT_LEAST_ONE_STRONG;1.1;15;28;125;34;159;78.6164;18;10;28;64.2857;61;23;84;72.619;64;11;75;85.3333;99;30;129;76.7442;2026-08-13;2.1458;3.1904;0.5853;v26|SEASON|AT_LEAST_ONE_STRONG|1.10|P15
v26;SEASON;AT_LEAST_ONE_STRONG;1.1;10;28;127;35;162;78.3951;16;9;25;64.0;63;24;87;72.4138;64;11;75;85.3333;101;30;131;77.0992;2026-08-13;1.9245;3.1904;0.9403;v26|SEASON|AT_LEAST_ONE_STRONG|1.10|P10
v26;SEASON;AT_LEAST_ONE_STRONG;1.1;11;28;127;35;162;78.3951;16;9;25;64.0;63;24;87;72.4138;64;11;75;85.3333;101;30;131;77.0992;2026-08-13;1.9245;3.1904;0.9403;v26|SEASON|AT_LEAST_ONE_STRONG|1.10|P11
v26;SEASON;AT_LEAST_ONE_STRONG;1.1;12;28;127;35;162;78.3951;16;9;25;64.0;63;24;87;72.4138;64;11;75;85.3333;101;30;131;77.0992;2026-08-13;1.9245;3.1904;0.9403;v26|SEASON|AT_LEAST_ONE_STRONG|1.10|P12
v26;SEASON;HOME_STRONG;1.3;9;33;122;38;160;76.25;21;6;27;77.7778;58;27;85;68.2353;64;11;75;85.3333;99;33;132;75.0;2026-08-13;-0.2206;3.1904;-1.1589;v26|SEASON|HOME_STRONG|1.30|P9
v26;LAST5;AWAY_STRONG;1.4;6;63;122;29;151;80.7947;21;15;36;58.3333;64;19;83;77.1084;58;10;68;85.2941;99;25;124;79.8387;2026-08-13;4.3241;3.1512;3.6798;v26|LAST5|AWAY_STRONG|1.40|P6
v26;LAST5;AWAY_STRONG;1.5;6;63;122;29;151;80.7947;21;15;36;58.3333;64;19;83;77.1084;58;10;68;85.2941;99;25;124;79.8387;2026-08-13;4.3241;3.1512;3.6798;v26|LAST5|AWAY_STRONG|1.50|P6
v26;SEASON;AT_LEAST_ONE_STRONG;1.3;6;59;114;32;146;78.0822;29;12;41;70.7317;56;22;78;71.7949;58;10;68;85.2941;90;27;117;76.9231;2026-08-13;1.6116;3.1512;0.7642;v26|SEASON|AT_LEAST_ONE_STRONG|1.30|P6
v26;LAST5;AWAY_STRONG;1.4;10;63;112;27;139;80.5755;31;17;48;64.5833;60;18;78;76.9231;52;9;61;85.2459;92;23;115;80.0;2026-08-13;4.1049;3.103;3.8411;v26|LAST5|AWAY_STRONG|1.40|P10
v26;LAST5;AWAY_STRONG;1.5;10;63;112;27;139;80.5755;31;17;48;64.5833;60;18;78;76.9231;52;9;61;85.2459;92;23;115;80.0;2026-08-13;4.1049;3.103;3.8411;v26|LAST5|AWAY_STRONG|1.50|P10
v26;LAST5;HOME_STRONG;1.4;14;60;103;29;132;78.0303;40;15;55;72.7273;51;20;71;71.831;52;9;61;85.2459;86;25;111;77.4775;2026-08-13;1.5597;3.103;1.3186;v26|LAST5|HOME_STRONG|1.40|P14
v26;LAST5;HOME_STRONG;1.5;14;60;103;29;132;78.0303;40;15;55;72.7273;51;20;71;71.831;52;9;61;85.2459;86;25;111;77.4775;2026-08-13;1.5597;3.103;1.3186;v26|LAST5|HOME_STRONG|1.50|P14
v26;LAST5;HOME_STRONG;1.4;15;60;101;29;130;77.6923;42;15;57;73.6842;49;20;69;71.0145;52;9;61;85.2459;84;25;109;77.0642;2026-08-13;1.2217;3.103;0.9053;v26|LAST5|HOME_STRONG|1.40|P15
v26;LAST5;HOME_STRONG;1.5;15;60;101;29;130;77.6923;42;15;57;73.6842;49;20;69;71.0145;52;9;61;85.2459;84;25;109;77.0642;2026-08-13;1.2217;3.103;0.9053;v26|LAST5|HOME_STRONG|1.50|P15
v26;LAST5;AT_LEAST_ONE_STRONG;1.0;1;50;140;40;180;77.7778;3;4;7;42.8571;71;28;99;71.7172;69;12;81;85.1852;114;34;148;77.027;2026-08-13;1.3072;3.0423;0.8681;v26|LAST5|AT_LEAST_ONE_STRONG|1.00|P1
v26;LAST5;AT_LEAST_ONE_STRONG;1.1;1;50;140;40;180;77.7778;3;4;7;42.8571;71;28;99;71.7172;69;12;81;85.1852;114;34;148;77.027;2026-08-13;1.3072;3.0423;0.8681;v26|LAST5|AT_LEAST_ONE_STRONG|1.10|P1
v26;SEASON;AT_LEAST_ONE_STRONG;1.5;2;98;131;33;164;79.878;12;11;23;52.1739;68;22;90;75.5556;63;11;74;85.1351;105;28;133;78.9474;2026-08-13;3.4074;2.9922;2.7885;v26|SEASON|AT_LEAST_ONE_STRONG|1.50|P2
v26;LAST5;BOTH_STRONG;1.6;7;25;132;36;168;78.5714;11;8;19;57.8947;69;25;94;73.4043;63;11;74;85.1351;108;29;137;78.8321;2026-08-13;2.1008;2.9922;2.6732;v26|LAST5|BOTH_STRONG|1.60|P7
v26;LAST5;BOTH_STRONG;1.6;8;25;132;36;168;78.5714;11;8;19;57.8947;69;25;94;73.4043;63;11;74;85.1351;108;29;137;78.8321;2026-08-13;2.1008;2.9922;2.6732;v26|LAST5|BOTH_STRONG|1.60|P8
v26;SEASON;AT_LEAST_ONE_STRONG;1.2;4;44;129;36;165;78.1818;14;8;22;63.6364;66;25;91;72.5275;63;11;74;85.1351;103;30;133;77.4436;2026-08-13;1.7112;2.9922;1.2847;v26|SEASON|AT_LEAST_ONE_STRONG|1.20|P4
v26;LAST5;AT_LEAST_ONE_STRONG;0.8;7;34;126;36;162;77.7778;17;8;25;68.0;63;25;88;71.5909;63;11;74;85.1351;105;31;136;77.2059;2026-08-13;1.3072;2.9922;1.047;v26|LAST5|AT_LEAST_ONE_STRONG|0.80|P7
v26;LAST5;AT_LEAST_ONE_STRONG;0.8;8;34;126;36;162;77.7778;17;8;25;68.0;63;25;88;71.5909;63;11;74;85.1351;105;31;136;77.2059;2026-08-13;1.3072;2.9922;1.047;v26|LAST5|AT_LEAST_ONE_STRONG|0.80|P8
v26;LAST5;AT_LEAST_ONE_STRONG;0.8;9;34;125;36;161;77.6398;18;8;26;69.2308;62;25;87;71.2644;63;11;74;85.1351;104;31;135;77.037;2026-08-13;1.1692;2.9922;0.8781;v26|LAST5|AT_LEAST_ONE_STRONG|0.80|P9
v26;SEASON;HOME_STRONG;1.4;5;45;125;37;162;77.1605;18;7;25;72.0;62;26;88;70.4545;63;11;74;85.1351;102;31;133;76.6917;2026-08-13;0.6899;2.9922;0.5328;v26|SEASON|HOME_STRONG|1.40|P5
v26;SEASON;HOME_STRONG;1.4;4;45;127;38;165;76.9697;16;6;22;72.7273;64;27;91;70.3297;63;11;74;85.1351;104;32;136;76.4706;2026-08-13;0.4991;2.9922;0.3117;v26|SEASON|HOME_STRONG|1.40|P4
v26;SEASON;HOME_STRONG;1.3;14;33;120;36;156;76.9231;23;8;31;74.1935;57;25;82;69.5122;63;11;74;85.1351;98;32;130;75.3846;2026-08-13;0.4525;2.9922;-0.7743;v26|SEASON|HOME_STRONG|1.30|P14
v26;SEASON;HOME_STRONG;1.4;6;45;122;37;159;76.7296;21;7;28;75.0;59;26;85;69.4118;63;11;74;85.1351;99;31;130;76.1538;2026-08-13;0.259;2.9922;-0.0051;v26|SEASON|HOME_STRONG|1.40|P6
v26;SEASON;HOME_STRONG;1.3;15;33;118;36;154;76.6234;25;8;33;75.7576;55;25;80;68.75;63;11;74;85.1351;96;32;128;75.0;2026-08-13;0.1528;2.9922;-1.1589;v26|SEASON|HOME_STRONG|1.30|P15
v26;SEASON;HOME_STRONG;1.3;13;33;120;37;157;76.4331;23;7;30;76.6667;57;26;83;68.6747;63;11;74;85.1351;98;33;131;74.8092;2026-08-13;-0.0375;2.9922;-1.3497;v26|SEASON|HOME_STRONG|1.30|P13
v26;SEASON;HOME_STRONG;1.3;10;33;121;38;159;76.1006;22;6;28;78.5714;58;27;85;68.2353;63;11;74;85.1351;99;33;132;75.0;2026-08-13;-0.37;2.9922;-1.1589;v26|SEASON|HOME_STRONG|1.30|P10
v26;SEASON;HOME_STRONG;1.3;11;33;121;38;159;76.1006;22;6;28;78.5714;58;27;85;68.2353;63;11;74;85.1351;99;33;132;75.0;2026-08-13;-0.37;2.9922;-1.1589;v26|SEASON|HOME_STRONG|1.30|P11
v26;SEASON;HOME_STRONG;1.3;12;33;121;38;159;76.1006;22;6;28;78.5714;58;27;85;68.2353;63;11;74;85.1351;99;33;132;75.0;2026-08-13;-0.37;2.9922;-1.1589;v26|SEASON|HOME_STRONG|1.30|P12
v26;LAST5;AT_LEAST_ONE_STRONG;1.6;3;136;121;29;150;80.6667;22;15;37;59.4595;64;19;83;77.1084;57;10;67;85.0746;100;24;124;80.6452;2026-08-13;4.1961;2.9317;4.4863;v26|LAST5|AT_LEAST_ONE_STRONG|1.60|P3
v26;SEASON;HOME_STRONG;1.5;9;53;110;34;144;76.3889;33;10;43;76.7442;53;24;77;68.8312;57;10;67;85.0746;89;29;118;75.4237;2026-08-13;-0.0817;2.9317;-0.7352;v26|SEASON|HOME_STRONG|1.50|P9
v26;LAST5;AWAY_STRONG;1.0;2;28;139;39;178;78.0899;4;5;9;44.4444;71;27;98;72.449;68;12;80;85.0;113;33;146;77.3973;2026-08-13;1.6193;2.8571;1.2384;v26|LAST5|AWAY_STRONG|1.00|P2
v26;LAST5;AWAY_STRONG;1.1;2;28;139;39;178;78.0899;4;5;9;44.4444;71;27;98;72.449;68;12;80;85.0;113;33;146;77.3973;2026-08-13;1.6193;2.8571;1.2384;v26|LAST5|AWAY_STRONG|1.10|P2
v26;LAST5;AWAY_STRONG;1.0;3;28;138;39;177;77.9661;5;5;10;50.0;70;27;97;72.1649;68;12;80;85.0;112;33;145;77.2414;2026-08-13;1.4955;2.8571;1.0825;v26|LAST5|AWAY_STRONG|1.00|P3
v26;LAST5;AWAY_STRONG;1.1;3;28;138;39;177;77.9661;5;5;10;50.0;70;27;97;72.1649;68;12;80;85.0;112;33;145;77.2414;2026-08-13;1.4955;2.8571;1.0825;v26|LAST5|AWAY_STRONG|1.10|P3
v26;LAST5;AWAY_STRONG;0.8;5;18;137;39;176;77.8409;6;5;11;54.5455;69;27;96;71.875;68;12;80;85.0;112;34;146;76.7123;2026-08-13;1.3703;2.8571;0.5534;v26|LAST5|AWAY_STRONG|0.80|P5
v26;LAST5;AT_LEAST_ONE_STRONG;1.2;1;75;138;40;178;77.5281;5;4;9;55.5556;70;28;98;71.4286;68;12;80;85.0;112;34;146;76.7123;2026-08-13;1.0575;2.8571;0.5534;v26|LAST5|AT_LEAST_ONE_STRONG|1.20|P1
v26;LAST5;AT_LEAST_ONE_STRONG;1.3;1;75;138;40;178;77.5281;5;4;9;55.5556;70;28;98;71.4286;68;12;80;85.0;112;34;146;76.7123;2026-08-13;1.0575;2.8571;0.5534;v26|LAST5|AT_LEAST_ONE_STRONG|1.30|P1
v26;SEASON;HOME_STRONG;1.1;5;17;137;40;177;77.4011;6;4;10;60.0;69;28;97;71.134;68;12;80;85.0;110;34;144;76.3889;2026-08-13;0.9305;2.8571;0.23;v26|SEASON|HOME_STRONG|1.10|P5
v26;LAST5;AT_LEAST_ONE_STRONG;0.8;4;34;137;40;177;77.4011;6;4;10;60.0;69;28;97;71.134;68;12;80;85.0;113;33;146;77.3973;2026-08-13;0.9305;2.8571;1.2384;v26|LAST5|AT_LEAST_ONE_STRONG|0.80|P4
v26;SEASON;HOME_STRONG;1.1;4;17;139;41;180;77.2222;4;3;7;57.1429;71;29;100;71.0;68;12;80;85.0;112;35;147;76.1905;2026-08-13;0.7516;2.8571;0.0316;v26|SEASON|HOME_STRONG|1.10|P4
v26;SEASON;HOME_STRONG;1.1;6;17;135;40;175;77.1429;8;4;12;66.6667;67;28;95;70.5263;68;12;80;85.0;108;34;142;76.0563;2026-08-13;0.6723;2.8571;-0.1026;v26|SEASON|HOME_STRONG|1.10|P6
v26;LAST5;HOME_STRONG;1.2;2;42;138;41;179;77.095;5;3;8;62.5;70;29;99;70.7071;68;12;80;85.0;111;35;146;76.0274;2026-08-13;0.6244;2.8571;-0.1315;v26|LAST5|HOME_STRONG|1.20|P2
v26;LAST5;HOME_STRONG;1.3;2;42;138;41;179;77.095;5;3;8;62.5;70;29;99;70.7071;68;12;80;85.0;111;35;146;76.0274;2026-08-13;0.6244;2.8571;-0.1315;v26|LAST5|HOME_STRONG|1.30|P2
v26;SEASON;HOME_STRONG;1.1;7;17;134;40;174;77.0115;9;4;13;69.2308;66;28;94;70.2128;68;12;80;85.0;107;34;141;75.8865;2026-08-13;0.5409;2.8571;-0.2724;v26|SEASON|HOME_STRONG|1.10|P7
v26;SEASON;HOME_STRONG;1.1;8;17;134;40;174;77.0115;9;4;13;69.2308;66;28;94;70.2128;68;12;80;85.0;107;34;141;75.8865;2026-08-13;0.5409;2.8571;-0.2724;v26|SEASON|HOME_STRONG|1.10|P8
v26;SEASON;HOME_STRONG;1.1;9;17;134;40;174;77.0115;9;4;13;69.2308;66;28;94;70.2128;68;12;80;85.0;107;34;141;75.8865;2026-08-13;0.5409;2.8571;-0.2724;v26|SEASON|HOME_STRONG|1.10|P9
v26;LAST5;AWAY_STRONG;1.4;4;63;131;33;164;79.878;12;11;23;52.1739;69;22;91;75.8242;62;11;73;84.9315;106;27;133;79.6992;2026-08-13;3.4074;2.7886;3.5403;v26|LAST5|AWAY_STRONG|1.40|P4
v26;LAST5;AWAY_STRONG;1.5;4;63;131;33;164;79.878;12;11;23;52.1739;69;22;91;75.8242;62;11;73;84.9315;106;27;133;79.6992;2026-08-13;3.4074;2.7886;3.5403;v26|LAST5|AWAY_STRONG|1.50|P4
v26;SEASON;AWAY_STRONG;1.2;12;19;132;36;168;78.5714;11;8;19;57.8947;70;25;95;73.6842;62;11;73;84.9315;104;29;133;78.1955;2026-08-13;2.1008;2.7886;2.0366;v26|SEASON|AWAY_STRONG|1.20|P12
v26;SEASON;AWAY_STRONG;1.2;13;19;132;36;168;78.5714;11;8;19;57.8947;70;25;95;73.6842;62;11;73;84.9315;104;29;133;78.1955;2026-08-13;2.1008;2.7886;2.0366;v26|SEASON|AWAY_STRONG|1.20|P13
v26;SEASON;AWAY_STRONG;1.2;14;19;132;36;168;78.5714;11;8;19;57.8947;70;25;95;73.6842;62;11;73;84.9315;104;29;133;78.1955;2026-08-13;2.1008;2.7886;2.0366;v26|SEASON|AWAY_STRONG|1.20|P14
v26;SEASON;AWAY_STRONG;1.2;15;19;132;36;168;78.5714;11;8;19;57.8947;70;25;95;73.6842;62;11;73;84.9315;104;29;133;78.1955;2026-08-13;2.1008;2.7886;2.0366;v26|SEASON|AWAY_STRONG|1.20|P15
v26;LAST5;AT_LEAST_ONE_STRONG;0.8;10;34;123;36;159;77.3585;20;8;28;71.4286;61;25;86;70.9302;62;11;73;84.9315;103;31;134;76.8657;2026-08-13;0.8879;2.7886;0.7068;v26|LAST5|AT_LEAST_ONE_STRONG|0.80|P10
v26;LAST5;AT_LEAST_ONE_STRONG;0.8;11;34;123;36;159;77.3585;20;8;28;71.4286;61;25;86;70.9302;62;11;73;84.9315;103;31;134;76.8657;2026-08-13;0.8879;2.7886;0.7068;v26|LAST5|AT_LEAST_ONE_STRONG|0.80|P11
v26;SEASON;HOME_STRONG;1.4;7;45;119;37;156;76.2821;24;7;31;77.4194;57;26;83;68.6747;62;11;73;84.9315;96;31;127;75.5906;2026-08-13;-0.1885;2.7886;-0.5683;v26|SEASON|HOME_STRONG|1.40|P7
v26;SEASON;HOME_STRONG;1.4;8;45;117;37;154;75.974;26;7;33;78.7879;55;26;81;67.9012;62;11;73;84.9315;94;31;125;75.2;2026-08-13;-0.4966;2.7886;-0.9589;v26|SEASON|HOME_STRONG|1.40|P8
v26;SEASON;AT_LEAST_ONE_STRONG;1.6;3;119;116;30;146;79.4521;27;14;41;65.8537;60;20;80;75.0;56;10;66;84.8485;95;25;120;79.1667;2026-08-13;2.9815;2.7056;3.0078;v26|SEASON|AT_LEAST_ONE_STRONG|1.60|P3
v26;SEASON;AT_LEAST_ONE_STRONG;1.4;4;78;117;32;149;78.5235;26;12;38;68.4211;61;22;83;73.494;56;10;66;84.8485;94;26;120;78.3333;2026-08-13;2.0529;2.7056;2.1744;v26|SEASON|AT_LEAST_ONE_STRONG|1.40|P4
v26;SEASON;HOME_STRONG;1.5;14;53;106;32;138;76.8116;37;12;49;75.5102;50;22;72;69.4444;56;10;66;84.8485;87;28;115;75.6522;2026-08-13;0.341;2.7056;-0.5067;v26|SEASON|HOME_STRONG|1.50|P14
v26;SEASON;HOME_STRONG;1.5;13;53;106;33;139;76.259;37;11;48;77.0833;50;23;73;68.4932;56;10;66;84.8485;87;29;116;75.0;2026-08-13;-0.2116;2.7056;-1.1589;v26|SEASON|HOME_STRONG|1.50|P13
v26;SEASON;HOME_STRONG;1.5;10;53;109;34;143;76.2238;34;10;44;77.2727;53;24;77;68.8312;56;10;66;84.8485;89;29;118;75.4237;2026-08-13;-0.2468;2.7056;-0.7352;v26|SEASON|HOME_STRONG|1.50|P10
v26;SEASON;HOME_STRONG;1.5;11;53;109;34;143;76.2238;34;10;44;77.2727;53;24;77;68.8312;56;10;66;84.8485;89;29;118;75.4237;2026-08-13;-0.2468;2.7056;-0.7352;v26|SEASON|HOME_STRONG|1.50|P11
v26;SEASON;HOME_STRONG;1.5;12;53;108;34;142;76.0563;35;10;45;77.7778;52;24;76;68.4211;56;10;66;84.8485;88;29;117;75.2137;2026-08-13;-0.4143;2.7056;-0.9452;v26|SEASON|HOME_STRONG|1.50|P12
v26;LAST5;AWAY_STRONG;0.8;6;18;136;37;173;78.6127;7;7;14;50.0;69;25;94;73.4043;67;12;79;84.8101;111;32;143;77.6224;2026-08-13;2.1421;2.6672;1.4635;v26|LAST5|AWAY_STRONG|0.80|P6
v26;LAST5;AWAY_STRONG;1.2;2;41;138;38;176;78.4091;5;6;11;45.4545;71;26;97;73.1959;67;12;79;84.8101;112;32;144;77.7778;2026-08-13;1.9385;2.6672;1.6189;v26|LAST5|AWAY_STRONG|1.20|P2
v26;LAST5;AWAY_STRONG;1.3;2;41;138;38;176;78.4091;5;6;11;45.4545;71;26;97;73.1959;67;12;79;84.8101;112;32;144;77.7778;2026-08-13;1.9385;2.6672;1.6189;v26|LAST5|AWAY_STRONG|1.30|P2
v26;SEASON;AT_LEAST_ONE_STRONG;1.1;4;28;137;38;175;78.2857;6;6;12;50.0;70;26;96;72.9167;67;12;79;84.8101;110;32;142;77.4648;2026-08-13;1.8151;2.6672;1.3059;v26|SEASON|AT_LEAST_ONE_STRONG|1.10|P4
v26;LAST5;AWAY_STRONG;1.2;3;41;137;38;175;78.2857;6;6;12;50.0;70;26;96;72.9167;67;12;79;84.8101;111;32;143;77.6224;2026-08-13;1.8151;2.6672;1.4635;v26|LAST5|AWAY_STRONG|1.20|P3
v26;LAST5;AWAY_STRONG;1.3;3;41;137;38;175;78.2857;6;6;12;50.0;70;26;96;72.9167;67;12;79;84.8101;111;32;143;77.6224;2026-08-13;1.8151;2.6672;1.4635;v26|LAST5|AWAY_STRONG|1.30|P3
v26;LAST5;HOME_STRONG;1.4;2;60;137;39;176;77.8409;6;5;11;54.5455;70;27;97;72.1649;67;12;79;84.8101;110;33;143;76.9231;2026-08-13;1.3703;2.6672;0.7642;v26|LAST5|HOME_STRONG|1.40|P2
v26;LAST5;HOME_STRONG;1.5;2;60;137;39;176;77.8409;6;5;11;54.5455;70;27;97;72.1649;67;12;79;84.8101;110;33;143;76.9231;2026-08-13;1.3703;2.6672;0.7642;v26|LAST5|HOME_STRONG|1.50|P2
v26;SEASON;HOME_STRONG;1.2;5;25;133;39;172;77.3256;10;5;15;66.6667;66;27;93;70.9677;67;12;79;84.8101;107;33;140;76.4286;2026-08-13;0.855;2.6672;0.2697;v26|SEASON|HOME_STRONG|1.20|P5
v26;LAST5;HOME_STRONG;1.2;3;42;136;40;176;77.2727;7;4;11;63.6364;69;28;97;71.134;67;12;79;84.8101;111;34;145;76.5517;2026-08-13;0.8021;2.6672;0.3928;v26|LAST5|HOME_STRONG|1.20|P3
v26;LAST5;HOME_STRONG;1.3;3;42;136;40;176;77.2727;7;4;11;63.6364;69;28;97;71.134;67;12;79;84.8101;111;34;145;76.5517;2026-08-13;0.8021;2.6672;0.3928;v26|LAST5|HOME_STRONG|1.30|P3
v26;SEASON;HOME_STRONG;1.1;13;17;132;39;171;77.193;11;5;16;68.75;65;27;92;70.6522;67;12;79;84.8101;106;34;140;75.7143;2026-08-13;0.7224;2.6672;-0.4446;v26|SEASON|HOME_STRONG|1.10|P13
v26;SEASON;HOME_STRONG;1.1;14;17;132;39;171;77.193;11;5;16;68.75;65;27;92;70.6522;67;12;79;84.8101;106;34;140;75.7143;2026-08-13;0.7224;2.6672;-0.4446;v26|SEASON|HOME_STRONG|1.10|P14
v26;SEASON;HOME_STRONG;1.2;4;25;135;40;175;77.1429;8;4;12;66.6667;68;28;96;70.8333;67;12;79;84.8101;109;34;143;76.2238;2026-08-13;0.6723;2.6672;0.0649;v26|SEASON|HOME_STRONG|1.20|P4
v26;SEASON;HOME_STRONG;1.1;15;17;131;39;170;77.0588;12;5;17;70.5882;64;27;91;70.3297;67;12;79;84.8101;105;34;139;75.5396;2026-08-13;0.5882;2.6672;-0.6193;v26|SEASON|HOME_STRONG|1.10|P15
v26;SEASON;HOME_STRONG;1.2;6;25;131;39;170;77.0588;12;5;17;70.5882;64;27;91;70.3297;67;12;79;84.8101;105;33;138;76.087;2026-08-13;0.5882;2.6672;-0.0719;v26|SEASON|HOME_STRONG|1.20|P6
v26;SEASON;HOME_STRONG;1.2;7;25;130;39;169;76.9231;13;5;18;72.2222;63;27;90;70.0;67;12;79;84.8101;104;33;137;75.9124;2026-08-13;0.4525;2.6672;-0.2465;v26|SEASON|HOME_STRONG|1.20|P7
v26;SEASON;HOME_STRONG;1.2;8;25;130;39;169;76.9231;13;5;18;72.2222;63;27;90;70.0;67;12;79;84.8101;104;33;137;75.9124;2026-08-13;0.4525;2.6672;-0.2465;v26|SEASON|HOME_STRONG|1.20|P8
v26;SEASON;HOME_STRONG;1.1;10;17;133;40;173;76.8786;10;4;14;71.4286;66;28;94;70.2128;67;12;79;84.8101;107;34;141;75.8865;2026-08-13;0.408;2.6672;-0.2724;v26|SEASON|HOME_STRONG|1.10|P10
v26;SEASON;HOME_STRONG;1.1;11;17;133;40;173;76.8786;10;4;14;71.4286;66;28;94;70.2128;67;12;79;84.8101;107;34;141;75.8865;2026-08-13;0.408;2.6672;-0.2724;v26|SEASON|HOME_STRONG|1.10|P11
v26;SEASON;HOME_STRONG;1.1;12;17;133;40;173;76.8786;10;4;14;71.4286;66;28;94;70.2128;67;12;79;84.8101;107;34;141;75.8865;2026-08-13;0.408;2.6672;-0.2724;v26|SEASON|HOME_STRONG|1.10|P12
v26;SEASON;HOME_STRONG;1.5;5;53;122;35;157;77.707;21;9;30;70.0;61;24;85;71.7647;61;11;72;84.7222;100;29;129;77.5194;2026-08-13;1.2364;2.5793;1.3605;v26|SEASON|HOME_STRONG|1.50|P5
v26;SEASON;HOME_STRONG;1.5;6;53;119;35;154;77.2727;24;9;33;72.7273;58;24;82;70.7317;61;11;72;84.7222;97;29;126;76.9841;2026-08-13;0.8021;2.5793;0.8252;v26|SEASON|HOME_STRONG|1.50|P6
v26;SEASON;HOME_STRONG;1.5;4;53;124;37;161;77.0186;19;7;26;73.0769;63;26;89;70.7865;61;11;72;84.7222;102;31;133;76.6917;2026-08-13;0.548;2.5793;0.5328;v26|SEASON|HOME_STRONG|1.50|P4
v26;LAST5;HOME_STRONG;1.6;6;79;111;33;144;77.0833;32;11;43;74.4186;56;23;79;70.8861;55;10;65;84.6154;92;27;119;77.3109;2026-08-13;0.6127;2.4725;1.152;v26|LAST5|HOME_STRONG|1.60|P6
v26;SEASON;HOME_STRONG;1.5;15;53;102;32;134;76.1194;41;12;53;77.3585;47;22;69;68.1159;55;10;65;84.6154;84;28;112;75.0;2026-08-13;-0.3512;2.4725;-1.1589;v26|SEASON|HOME_STRONG|1.50|P15
v26;LAST5;AWAY_STRONG;0.8;7;18;135;37;172;78.4884;8;7;15;53.3333;69;25;94;73.4043;66;12;78;84.6154;111;32;143;77.6224;2026-08-13;2.0178;2.4725;1.4635;v26|LAST5|AWAY_STRONG|0.80|P7
v26;LAST5;AWAY_STRONG;0.8;8;18;135;37;172;78.4884;8;7;15;53.3333;69;25;94;73.4043;66;12;78;84.6154;111;32;143;77.6224;2026-08-13;2.0178;2.4725;1.4635;v26|LAST5|AWAY_STRONG|0.80|P8
v26;SEASON;AT_LEAST_ONE_STRONG;1.2;2;44;138;38;176;78.4091;5;6;11;45.4545;72;26;98;73.4694;66;12;78;84.6154;110;32;142;77.4648;2026-08-13;1.9385;2.4725;1.3059;v26|SEASON|AT_LEAST_ONE_STRONG|1.20|P2
v26;LAST5;AWAY_STRONG;0.8;9;18;134;37;171;78.3626;9;7;16;56.25;68;25;93;73.1183;66;12;78;84.6154;110;32;142;77.4648;2026-08-13;1.892;2.4725;1.3059;v26|LAST5|AWAY_STRONG|0.80|P9
v26;LAST5;AWAY_STRONG;0.8;10;18;134;37;171;78.3626;9;7;16;56.25;68;25;93;73.1183;66;12;78;84.6154;110;32;142;77.4648;2026-08-13;1.892;2.4725;1.3059;v26|LAST5|AWAY_STRONG|0.80|P10
v26;LAST5;AWAY_STRONG;0.8;11;18;134;37;171;78.3626;9;7;16;56.25;68;25;93;73.1183;66;12;78;84.6154;110;32;142;77.4648;2026-08-13;1.892;2.4725;1.3059;v26|LAST5|AWAY_STRONG|0.80|P11
v26;LAST5;AWAY_STRONG;1.6;1;82;137;38;175;78.2857;6;6;12;50.0;71;26;97;73.1959;66;12;78;84.6154;112;32;144;77.7778;2026-08-13;1.8151;2.4725;1.6189;v26|LAST5|AWAY_STRONG|1.60|P1
v26;LAST5;HOME_STRONG;1.4;3;60;135;38;173;78.0347;8;6;14;57.1429;69;26;95;72.6316;66;12;78;84.6154;110;32;142;77.4648;2026-08-13;1.5641;2.4725;1.3059;v26|LAST5|HOME_STRONG|1.40|P3
v26;LAST5;HOME_STRONG;1.5;3;60;135;38;173;78.0347;8;6;14;57.1429;69;26;95;72.6316;66;12;78;84.6154;110;32;142;77.4648;2026-08-13;1.5641;2.4725;1.3059;v26|LAST5|HOME_STRONG|1.50|P3
v26;LAST5;AT_LEAST_ONE_STRONG;1.4;1;108;136;39;175;77.7143;7;5;12;58.3333;70;27;97;72.1649;66;12;78;84.6154;111;33;144;77.0833;2026-08-13;1.2437;2.4725;0.9244;v26|LAST5|AT_LEAST_ONE_STRONG|1.40|P1
v26;LAST5;AT_LEAST_ONE_STRONG;1.5;1;108;136;39;175;77.7143;7;5;12;58.3333;70;27;97;72.1649;66;12;78;84.6154;111;33;144;77.0833;2026-08-13;1.2437;2.4725;0.9244;v26|LAST5|AT_LEAST_ONE_STRONG|1.50|P1
v26;LAST5;AWAY_STRONG;1.6;3;82;128;31;159;80.5031;15;13;28;53.5714;68;20;88;77.2727;60;11;71;84.507;105;25;130;80.7692;2026-08-13;4.0325;2.3641;4.6103;v26|LAST5|AWAY_STRONG|1.60|P3
v26;SEASON;AT_LEAST_ONE_STRONG;1.3;4;59;123;35;158;77.8481;20;9;29;68.9655;63;24;87;72.4138;60;11;71;84.507;99;29;128;77.3438;2026-08-13;1.3775;2.3641;1.1849;v26|SEASON|AT_LEAST_ONE_STRONG|1.30|P4
v26;SEASON;HOME_STRONG;1.5;7;53;116;35;151;76.8212;27;9;36;75.0;56;24;80;70.0;60;11;71;84.507;94;29;123;76.4228;2026-08-13;0.3506;2.3641;0.2639;v26|SEASON|HOME_STRONG|1.50|P7
v26;SEASON;HOME_STRONG;1.5;8;53;114;35;149;76.5101;29;9;38;76.3158;54;24;78;69.2308;60;11;71;84.507;92;29;121;76.0331;2026-08-13;0.0395;2.3641;-0.1258;v26|SEASON|HOME_STRONG|1.50|P8
v26;LAST5;AWAY_STRONG;1.4;11;63;108;27;135;80.0;35;17;52;67.3077;59;18;77;76.6234;49;9;58;84.4828;89;23;112;79.4643;2026-08-13;3.5294;2.3399;3.3054;v26|LAST5|AWAY_STRONG|1.40|P11
v26;LAST5;AWAY_STRONG;1.5;11;63;108;27;135;80.0;35;17;52;67.3077;59;18;77;76.6234;49;9;58;84.4828;89;23;112;79.4643;2026-08-13;3.5294;2.3399;3.3054;v26|LAST5|AWAY_STRONG|1.50|P11
v26;LAST5;HOME_STRONG;1.6;9;79;101;30;131;77.0992;42;14;56;75.0;52;21;73;71.2329;49;9;58;84.4828;84;25;109;77.0642;2026-08-13;0.6286;2.3399;0.9053;v26|LAST5|HOME_STRONG|1.60|P9
v26;SEASON;AT_LEAST_ONE_STRONG;1.3;2;59;136;37;173;78.6127;7;7;14;50.0;71;25;96;73.9583;65;12;77;84.4156;108;31;139;77.6978;2026-08-13;2.1421;2.2727;1.5389;v26|SEASON|AT_LEAST_ONE_STRONG|1.30|P2
v26;SEASON;HOME_STRONG;1.3;5;33;128;39;167;76.6467;15;5;20;75.0;63;27;90;70.0;65;12;77;84.4156;104;33;137;75.9124;2026-08-13;0.1761;2.2727;-0.2465;v26|SEASON|HOME_STRONG|1.30|P5
v26;SEASON;HOME_STRONG;1.3;4;33;130;40;170;76.4706;13;4;17;76.4706;65;28;93;69.8925;65;12;77;84.4156;106;34;140;75.7143;2026-08-13;0.0;2.2727;-0.4446;v26|SEASON|HOME_STRONG|1.30|P4
v26;SEASON;HOME_STRONG;1.3;6;33;125;39;164;76.2195;18;5;23;78.2609;60;27;87;68.9655;65;12;77;84.4156;101;33;134;75.3731;2026-08-13;-0.2511;2.2727;-0.7858;v26|SEASON|HOME_STRONG|1.30|P6
v26;SEASON;HOME_STRONG;1.3;7;33;123;39;162;75.9259;20;5;25;80.0;58;27;85;68.2353;65;12;77;84.4156;99;33;132;75.0;2026-08-13;-0.5447;2.2727;-1.1589;v26|SEASON|HOME_STRONG|1.30|P7
v26;SEASON;HOME_STRONG;1.3;8;33;123;39;162;75.9259;20;5;25;80.0;58;27;85;68.2353;65;12;77;84.4156;99;33;132;75.0;2026-08-13;-0.5447;2.2727;-1.1589;v26|SEASON|HOME_STRONG|1.30|P8
v26;SEASON;AWAY_STRONG;1.6;5;64;122;31;153;79.7386;21;13;34;61.7647;63;20;83;75.9036;59;11;70;84.2857;97;26;123;78.8618;2026-08-13;3.268;2.1428;2.7029;v26|SEASON|AWAY_STRONG|1.60|P5
v26;SEASON;AWAY_STRONG;1.3;12;26;126;35;161;78.2609;17;9;26;65.3846;67;24;91;73.6264;59;11;70;84.2857;99;28;127;77.9528;2026-08-13;1.7903;2.1428;1.7939;v26|SEASON|AWAY_STRONG|1.30|P12
v26;SEASON;AWAY_STRONG;1.3;13;26;126;35;161;78.2609;17;9;26;65.3846;67;24;91;73.6264;59;11;70;84.2857;99;28;127;77.9528;2026-08-13;1.7903;2.1428;1.7939;v26|SEASON|AWAY_STRONG|1.30|P13
v26;SEASON;AWAY_STRONG;1.3;14;26;126;35;161;78.2609;17;9;26;65.3846;67;24;91;73.6264;59;11;70;84.2857;99;28;127;77.9528;2026-08-13;1.7903;2.1428;1.7939;v26|SEASON|AWAY_STRONG|1.30|P14
v26;SEASON;AWAY_STRONG;1.3;15;26;126;35;161;78.2609;17;9;26;65.3846;67;24;91;73.6264;59;11;70;84.2857;99;28;127;77.9528;2026-08-13;1.7903;2.1428;1.7939;v26|SEASON|AWAY_STRONG|1.30|P15
v26;LAST5;HOME_STRONG;1.6;10;79;99;30;129;76.7442;44;14;58;75.8621;51;21;72;70.8333;48;9;57;84.2105;83;25;108;76.8519;2026-08-13;0.2736;2.0676;0.693;v26|LAST5|HOME_STRONG|1.60|P10
v26;SEASON;AT_LEAST_ONE_STRONG;1.4;2;78;134;35;169;79.2899;9;9;18;50.0;70;23;93;75.2688;64;12;76;84.2105;107;29;136;78.6765;2026-08-13;2.8193;2.0676;2.5176;v26|SEASON|AT_LEAST_ONE_STRONG|1.40|P2
v26;LAST5;AWAY_STRONG;1.4;2;63;134;35;169;79.2899;9;9;18;50.0;70;23;93;75.2688;64;12;76;84.2105;109;29;138;78.9855;2026-08-13;2.8193;2.0676;2.8266;v26|LAST5|AWAY_STRONG|1.40|P2
v26;LAST5;AWAY_STRONG;1.5;2;63;134;35;169;79.2899;9;9;18;50.0;70;23;93;75.2688;64;12;76;84.2105;109;29;138;78.9855;2026-08-13;2.8193;2.0676;2.8266;v26|LAST5|AWAY_STRONG|1.50|P2
v26;SEASON;AWAY_STRONG;1.2;7;19;135;37;172;78.4884;8;7;15;53.3333;71;25;96;73.9583;64;12;76;84.2105;107;30;137;78.1022;2026-08-13;2.0178;2.0676;1.9433;v26|SEASON|AWAY_STRONG|1.20|P7
v26;SEASON;AT_LEAST_ONE_STRONG;1.2;3;44;132;37;169;78.1065;11;7;18;61.1111;68;25;93;73.1183;64;12;76;84.2105;106;31;137;77.3723;2026-08-13;1.6359;2.0676;1.2134;v26|SEASON|AT_LEAST_ONE_STRONG|1.20|P3
v26;LAST5;AT_LEAST_ONE_STRONG;1.6;1;136;134;38;172;77.907;9;6;15;60.0;70;26;96;72.9167;64;12;76;84.2105;111;32;143;77.6224;2026-08-13;1.4364;2.0676;1.4635;v26|LAST5|AT_LEAST_ONE_STRONG|1.60|P1
v26;SEASON;HOME_STRONG;1.6;2;65;133;38;171;77.7778;10;6;16;62.5;69;26;95;72.6316;64;12;76;84.2105;108;32;140;77.1429;2026-08-13;1.3072;2.0676;0.984;v26|SEASON|HOME_STRONG|1.60|P2
v26;SEASON;AT_LEAST_ONE_STRONG;1.6;1;119;133;38;171;77.7778;10;6;16;62.5;69;26;95;72.6316;64;12;76;84.2105;110;32;142;77.4648;2026-08-13;1.3072;2.0676;1.3059;v26|SEASON|AT_LEAST_ONE_STRONG|1.60|P1
v26;SEASON;AT_LEAST_ONE_STRONG;1.1;2;28;142;39;181;78.453;1;5;6;16.6667;73;26;99;73.7374;69;13;82;84.1463;114;33;147;77.551;2026-08-13;1.9824;2.0034;1.3921;v26|SEASON|AT_LEAST_ONE_STRONG|1.10|P2
v26;LAST5;AWAY_STRONG;0.8;2;18;141;41;182;77.4725;2;3;5;40.0;72;28;100;72.0;69;13;82;84.1463;115;34;149;77.1812;2026-08-13;1.0019;2.0034;1.0223;v26|LAST5|AWAY_STRONG|0.80|P2
v26;LAST5;AT_LEAST_ONE_STRONG;0.8;2;34;141;41;182;77.4725;2;3;5;40.0;72;28;100;72.0;69;13;82;84.1463;115;34;149;77.1812;2026-08-13;1.0019;2.0034;1.0223;v26|LAST5|AT_LEAST_ONE_STRONG|0.80|P2
v26;LAST5;AWAY_STRONG;0.8;3;18;140;41;181;77.3481;3;3;6;50.0;71;28;99;71.7172;69;13;82;84.1463;114;34;148;77.027;2026-08-13;0.8775;2.0034;0.8681;v26|LAST5|AWAY_STRONG|0.80|P3
v26;LAST5;AWAY_STRONG;0.8;4;18;140;41;181;77.3481;3;3;6;50.0;71;28;99;71.7172;69;13;82;84.1463;114;34;148;77.027;2026-08-13;0.8775;2.0034;0.8681;v26|LAST5|AWAY_STRONG|0.80|P4
v26;LAST5;AWAY_STRONG;1.0;1;28;140;41;181;77.3481;3;3;6;50.0;71;28;99;71.7172;69;13;82;84.1463;114;35;149;76.5101;2026-08-13;0.8775;2.0034;0.3512;v26|LAST5|AWAY_STRONG|1.00|P1
v26;LAST5;AWAY_STRONG;1.1;1;28;140;41;181;77.3481;3;3;6;50.0;71;28;99;71.7172;69;13;82;84.1463;114;35;149;76.5101;2026-08-13;0.8775;2.0034;0.3512;v26|LAST5|AWAY_STRONG|1.10|P1
v26;LAST5;AT_LEAST_ONE_STRONG;0.8;3;34;139;41;180;77.2222;4;3;7;57.1429;70;28;98;71.4286;69;13;82;84.1463;114;34;148;77.027;2026-08-13;0.7516;2.0034;0.8681;v26|LAST5|AT_LEAST_ONE_STRONG|0.80|P3
v26;SEASON;HOME_STRONG;1.1;2;17;142;42;184;77.1739;1;2;3;33.3333;73;29;102;71.5686;69;13;82;84.1463;114;36;150;76.0;2026-08-13;0.7033;2.0034;-0.1589;v26|SEASON|HOME_STRONG|1.10|P2
v26;SEASON;HOME_STRONG;1.2;2;25;142;42;184;77.1739;1;2;3;33.3333;73;29;102;71.5686;69;13;82;84.1463;114;36;150;76.0;2026-08-13;0.7033;2.0034;-0.1589;v26|SEASON|HOME_STRONG|1.20|P2
v26;LAST5;BOTH_STRONG;1.2;4;8;141;42;183;77.0492;2;2;4;50.0;72;29;101;71.2871;69;13;82;84.1463;114;35;149;76.5101;2026-08-13;0.5786;2.0034;0.3512;v26|LAST5|BOTH_STRONG|1.20|P4
v26;LAST5;BOTH_STRONG;1.2;5;8;141;42;183;77.0492;2;2;4;50.0;72;29;101;71.2871;69;13;82;84.1463;114;35;149;76.5101;2026-08-13;0.5786;2.0034;0.3512;v26|LAST5|BOTH_STRONG|1.20|P5
v26;LAST5;BOTH_STRONG;1.3;4;8;141;42;183;77.0492;2;2;4;50.0;72;29;101;71.2871;69;13;82;84.1463;114;35;149;76.5101;2026-08-13;0.5786;2.0034;0.3512;v26|LAST5|BOTH_STRONG|1.30|P4
v26;LAST5;BOTH_STRONG;1.3;5;8;141;42;183;77.0492;2;2;4;50.0;72;29;101;71.2871;69;13;82;84.1463;114;35;149;76.5101;2026-08-13;0.5786;2.0034;0.3512;v26|LAST5|BOTH_STRONG|1.30|P5
v26;SEASON;HOME_STRONG;1.1;3;17;140;42;182;76.9231;3;2;5;60.0;71;29;100;71.0;69;13;82;84.1463;113;36;149;75.8389;2026-08-13;0.4525;2.0034;-0.32;v26|SEASON|HOME_STRONG|1.10|P3
v26;LAST5;HOME_STRONG;1.2;1;42;140;42;182;76.9231;3;2;5;60.0;71;29;100;71.0;69;13;82;84.1463;113;35;148;76.3514;2026-08-13;0.4525;2.0034;0.1925;v26|LAST5|HOME_STRONG|1.20|P1
v26;LAST5;HOME_STRONG;1.3;1;42;140;42;182;76.9231;3;2;5;60.0;71;29;100;71.0;69;13;82;84.1463;113;35;148;76.3514;2026-08-13;0.4525;2.0034;0.1925;v26|LAST5|HOME_STRONG|1.30|P1
v26;SEASON;AWAY_STRONG;1.6;7;64;114;28;142;80.2817;29;16;45;64.4444;61;18;79;77.2152;53;10;63;84.127;93;23;116;80.1724;2026-08-13;3.8111;1.9841;4.0135;v26|SEASON|AWAY_STRONG|1.60|P7
v26;SEASON;AT_LEAST_ONE_STRONG;1.5;3;98;121;32;153;79.085;22;12;34;64.7059;63;21;84;75.0;58;11;69;84.058;97;27;124;78.2258;2026-08-13;2.6144;1.9151;2.0669;v26|SEASON|AT_LEAST_ONE_STRONG|1.50|P3
v26;SEASON;AWAY_STRONG;1.2;8;19;134;37;171;78.3626;9;7;16;56.25;71;25;96;73.9583;63;12;75;84.0;106;30;136;77.9412;2026-08-13;1.892;1.8571;1.7823;v26|SEASON|AWAY_STRONG|1.20|P8
v26;SEASON;AWAY_STRONG;1.2;9;19;133;37;170;78.2353;10;7;17;58.8235;70;25;95;73.6842;63;12;75;84.0;105;30;135;77.7778;2026-08-13;1.7647;1.8571;1.6189;v26|SEASON|AWAY_STRONG|1.20|P9
v26;SEASON;AWAY_STRONG;1.2;10;19;133;37;170;78.2353;10;7;17;58.8235;70;25;95;73.6842;63;12;75;84.0;105;30;135;77.7778;2026-08-13;1.7647;1.8571;1.6189;v26|SEASON|AWAY_STRONG|1.20|P10
v26;SEASON;AWAY_STRONG;1.2;11;19;133;37;170;78.2353;10;7;17;58.8235;70;25;95;73.6842;63;12;75;84.0;105;30;135;77.7778;2026-08-13;1.7647;1.8571;1.6189;v26|SEASON|AWAY_STRONG|1.20|P11
v26;LAST5;HOME_STRONG;1.6;2;79;133;38;171;77.7778;10;6;16;62.5;70;26;96;72.9167;63;12;75;84.0;108;32;140;77.1429;2026-08-13;1.3072;1.8571;0.984;v26|LAST5|HOME_STRONG|1.60|P2
v26;SEASON;HOME_STRONG;1.6;3;65;129;37;166;77.7108;14;7;21;66.6667;66;25;91;72.5275;63;12;75;84.0;106;31;137;77.3723;2026-08-13;1.2402;1.8571;1.2134;v26|SEASON|HOME_STRONG|1.60|P3
v26;SEASON;AT_LEAST_ONE_STRONG;1.1;3;28;138;39;177;77.9661;5;5;10;50.0;70;26;96;72.9167;68;13;81;83.9506;111;33;144;77.0833;2026-08-13;1.4955;1.8077;0.9244;v26|SEASON|AT_LEAST_ONE_STRONG|1.10|P3
v26;SEASON;AT_LEAST_ONE_STRONG;1.0;5;22;136;39;175;77.7143;7;5;12;58.3333;68;26;94;72.3404;68;13;81;83.9506;109;32;141;77.305;2026-08-13;1.2437;1.8077;1.1461;v26|SEASON|AT_LEAST_ONE_STRONG|1.00|P5
v26;SEASON;AT_LEAST_ONE_STRONG;1.0;4;22;139;40;179;77.6536;4;4;8;50.0;71;27;98;72.449;68;13;81;83.9506;112;33;145;77.2414;2026-08-13;1.183;1.8077;1.0825;v26|SEASON|AT_LEAST_ONE_STRONG|1.00|P4
v26;LAST5;BOTH_STRONG;1.2;9;8;139;40;179;77.6536;4;4;8;50.0;71;27;98;72.449;68;13;81;83.9506;112;33;145;77.2414;2026-08-13;1.183;1.8077;1.0825;v26|LAST5|BOTH_STRONG|1.20|P9
v26;LAST5;BOTH_STRONG;1.2;10;8;139;40;179;77.6536;4;4;8;50.0;71;27;98;72.449;68;13;81;83.9506;112;33;145;77.2414;2026-08-13;1.183;1.8077;1.0825;v26|LAST5|BOTH_STRONG|1.20|P10
v26;LAST5;BOTH_STRONG;1.2;11;8;139;40;179;77.6536;4;4;8;50.0;71;27;98;72.449;68;13;81;83.9506;112;33;145;77.2414;2026-08-13;1.183;1.8077;1.0825;v26|LAST5|BOTH_STRONG|1.20|P11
v26;LAST5;BOTH_STRONG;1.2;12;8;139;40;179;77.6536;4;4;8;50.0;71;27;98;72.449;68;13;81;83.9506;112;33;145;77.2414;2026-08-13;1.183;1.8077;1.0825;v26|LAST5|BOTH_STRONG|1.20|P12
v26;LAST5;BOTH_STRONG;1.2;13;8;139;40;179;77.6536;4;4;8;50.0;71;27;98;72.449;68;13;81;83.9506;112;33;145;77.2414;2026-08-13;1.183;1.8077;1.0825;v26|LAST5|BOTH_STRONG|1.20|P13
v26;LAST5;BOTH_STRONG;1.2;14;8;139;40;179;77.6536;4;4;8;50.0;71;27;98;72.449;68;13;81;83.9506;112;33;145;77.2414;2026-08-13;1.183;1.8077;1.0825;v26|LAST5|BOTH_STRONG|1.20|P14
v26;LAST5;BOTH_STRONG;1.2;15;8;139;40;179;77.6536;4;4;8;50.0;71;27;98;72.449;68;13;81;83.9506;112;33;145;77.2414;2026-08-13;1.183;1.8077;1.0825;v26|LAST5|BOTH_STRONG|1.20|P15
v26;LAST5;BOTH_STRONG;1.3;9;8;139;40;179;77.6536;4;4;8;50.0;71;27;98;72.449;68;13;81;83.9506;112;33;145;77.2414;2026-08-13;1.183;1.8077;1.0825;v26|LAST5|BOTH_STRONG|1.30|P9
v26;LAST5;BOTH_STRONG;1.3;10;8;139;40;179;77.6536;4;4;8;50.0;71;27;98;72.449;68;13;81;83.9506;112;33;145;77.2414;2026-08-13;1.183;1.8077;1.0825;v26|LAST5|BOTH_STRONG|1.30|P10
v26;LAST5;BOTH_STRONG;1.3;11;8;139;40;179;77.6536;4;4;8;50.0;71;27;98;72.449;68;13;81;83.9506;112;33;145;77.2414;2026-08-13;1.183;1.8077;1.0825;v26|LAST5|BOTH_STRONG|1.30|P11
v26;LAST5;BOTH_STRONG;1.3;12;8;139;40;179;77.6536;4;4;8;50.0;71;27;98;72.449;68;13;81;83.9506;112;33;145;77.2414;2026-08-13;1.183;1.8077;1.0825;v26|LAST5|BOTH_STRONG|1.30|P12
v26;LAST5;BOTH_STRONG;1.3;13;8;139;40;179;77.6536;4;4;8;50.0;71;27;98;72.449;68;13;81;83.9506;112;33;145;77.2414;2026-08-13;1.183;1.8077;1.0825;v26|LAST5|BOTH_STRONG|1.30|P13
v26;LAST5;BOTH_STRONG;1.3;14;8;139;40;179;77.6536;4;4;8;50.0;71;27;98;72.449;68;13;81;83.9506;112;33;145;77.2414;2026-08-13;1.183;1.8077;1.0825;v26|LAST5|BOTH_STRONG|1.30|P14
v26;LAST5;BOTH_STRONG;1.3;15;8;139;40;179;77.6536;4;4;8;50.0;71;27;98;72.449;68;13;81;83.9506;112;33;145;77.2414;2026-08-13;1.183;1.8077;1.0825;v26|LAST5|BOTH_STRONG|1.30|P15
v26;LAST5;AWAY_STRONG;1.2;1;41;139;41;180;77.2222;4;3;7;57.1429;71;28;99;71.7172;68;13;81;83.9506;113;35;148;76.3514;2026-08-13;0.7516;1.8077;0.1925;v26|LAST5|AWAY_STRONG|1.20|P1
v26;LAST5;AWAY_STRONG;1.3;1;41;139;41;180;77.2222;4;3;7;57.1429;71;28;99;71.7172;68;13;81;83.9506;113;35;148;76.3514;2026-08-13;0.7516;1.8077;0.1925;v26|LAST5|AWAY_STRONG|1.30|P1
v26;LAST5;BOTH_STRONG;1.2;6;8;139;41;180;77.2222;4;3;7;57.1429;71;28;99;71.7172;68;13;81;83.9506;112;34;146;76.7123;2026-08-13;0.7516;1.8077;0.5534;v26|LAST5|BOTH_STRONG|1.20|P6
v26;LAST5;BOTH_STRONG;1.2;7;8;139;41;180;77.2222;4;3;7;57.1429;71;28;99;71.7172;68;13;81;83.9506;112;34;146;76.7123;2026-08-13;0.7516;1.8077;0.5534;v26|LAST5|BOTH_STRONG|1.20|P7
v26;LAST5;BOTH_STRONG;1.2;8;8;139;41;180;77.2222;4;3;7;57.1429;71;28;99;71.7172;68;13;81;83.9506;112;34;146;76.7123;2026-08-13;0.7516;1.8077;0.5534;v26|LAST5|BOTH_STRONG|1.20|P8
v26;LAST5;BOTH_STRONG;1.3;6;8;139;41;180;77.2222;4;3;7;57.1429;71;28;99;71.7172;68;13;81;83.9506;112;34;146;76.7123;2026-08-13;0.7516;1.8077;0.5534;v26|LAST5|BOTH_STRONG|1.30|P6
v26;LAST5;BOTH_STRONG;1.3;7;8;139;41;180;77.2222;4;3;7;57.1429;71;28;99;71.7172;68;13;81;83.9506;112;34;146;76.7123;2026-08-13;0.7516;1.8077;0.5534;v26|LAST5|BOTH_STRONG|1.30|P7
v26;LAST5;BOTH_STRONG;1.3;8;8;139;41;180;77.2222;4;3;7;57.1429;71;28;99;71.7172;68;13;81;83.9506;112;34;146;76.7123;2026-08-13;0.7516;1.8077;0.5534;v26|LAST5|BOTH_STRONG|1.30|P8
v26;SEASON;HOME_STRONG;1.0;5;14;138;41;179;77.095;5;3;8;62.5;70;28;98;71.4286;68;13;81;83.9506;111;34;145;76.5517;2026-08-13;0.6244;1.8077;0.3928;v26|SEASON|HOME_STRONG|1.00|P5
v26;SEASON;HOME_STRONG;1.2;3;25;138;41;179;77.095;5;3;8;62.5;70;28;98;71.4286;68;13;81;83.9506;112;35;147;76.1905;2026-08-13;0.6244;1.8077;0.0316;v26|SEASON|HOME_STRONG|1.20|P3
v26;SEASON;HOME_STRONG;1.0;4;14;140;42;182;76.9231;3;2;5;60.0;72;29;101;71.2871;68;13;81;83.9506;113;35;148;76.3514;2026-08-13;0.4525;1.8077;0.1925;v26|SEASON|HOME_STRONG|1.00|P4
v26;SEASON;HOME_STRONG;1.3;2;33;140;42;182;76.9231;3;2;5;60.0;72;29;101;71.2871;68;13;81;83.9506;112;36;148;75.6757;2026-08-13;0.4525;1.8077;-0.4832;v26|SEASON|HOME_STRONG|1.30|P2
v26;SEASON;HOME_STRONG;1.0;6;14;136;41;177;76.8362;7;3;10;70.0;68;28;96;70.8333;68;13;81;83.9506;109;34;143;76.2238;2026-08-13;0.3656;1.8077;0.0649;v26|SEASON|HOME_STRONG|1.00|P6
v26;LAST5;HOME_STRONG;1.4;1;60;139;42;181;76.7956;4;2;6;66.6667;71;29;100;71.0;68;13;81;83.9506;112;35;147;76.1905;2026-08-13;0.325;1.8077;0.0316;v26|LAST5|HOME_STRONG|1.40|P1
v26;LAST5;HOME_STRONG;1.5;1;60;139;42;181;76.7956;4;2;6;66.6667;71;29;100;71.0;68;13;81;83.9506;112;35;147;76.1905;2026-08-13;0.325;1.8077;0.0316;v26|LAST5|HOME_STRONG|1.50|P1
v26;SEASON;HOME_STRONG;1.0;7;14;135;41;176;76.7045;8;3;11;72.7273;67;28;95;70.5263;68;13;81;83.9506;108;34;142;76.0563;2026-08-13;0.2339;1.8077;-0.1026;v26|SEASON|HOME_STRONG|1.00|P7
v26;SEASON;HOME_STRONG;1.0;8;14;135;41;176;76.7045;8;3;11;72.7273;67;28;95;70.5263;68;13;81;83.9506;108;34;142;76.0563;2026-08-13;0.2339;1.8077;-0.1026;v26|SEASON|HOME_STRONG|1.00|P8
v26;SEASON;HOME_STRONG;1.0;9;14;135;41;176;76.7045;8;3;11;72.7273;67;28;95;70.5263;68;13;81;83.9506;108;34;142;76.0563;2026-08-13;0.2339;1.8077;-0.1026;v26|SEASON|HOME_STRONG|1.00|P9
v26;LAST5;HOME_STRONG;1.6;11;79;98;30;128;76.5625;45;14;59;76.2712;51;21;72;70.8333;47;9;56;83.9286;83;25;108;76.8519;2026-08-13;0.0919;1.7857;0.693;v26|LAST5|HOME_STRONG|1.60|P11
v26;LAST5;HOME_STRONG;1.6;7;79;106;32;138;76.8116;37;12;49;75.5102;54;22;76;71.0526;52;10;62;83.871;88;26;114;77.193;2026-08-13;0.341;1.7281;1.0341;v26|LAST5|HOME_STRONG|1.60|P7
v26;LAST5;AWAY_STRONG;1.4;3;63;131;34;165;79.3939;12;10;22;54.5455;69;22;91;75.8242;62;12;74;83.7838;106;28;134;79.1045;2026-08-13;2.9233;1.6409;2.9456;v26|LAST5|AWAY_STRONG|1.40|P3
v26;LAST5;AWAY_STRONG;1.5;3;63;131;34;165;79.3939;12;10;22;54.5455;69;22;91;75.8242;62;12;74;83.7838;106;28;134;79.1045;2026-08-13;2.9233;1.6409;2.9456;v26|LAST5|AWAY_STRONG|1.50|P3
v26;SEASON;AWAY_STRONG;1.3;7;26;132;36;168;78.5714;11;8;19;57.8947;70;24;94;74.4681;62;12;74;83.7838;104;29;133;78.1955;2026-08-13;2.1008;1.6409;2.0366;v26|SEASON|AWAY_STRONG|1.30|P7
v26;SEASON;AT_LEAST_ONE_STRONG;1.3;3;59;129;36;165;78.1818;14;8;22;63.6364;67;24;91;73.6264;62;12;74;83.7838;103;30;133;77.4436;2026-08-13;1.7112;1.6409;1.2847;v26|SEASON|AT_LEAST_ONE_STRONG|1.30|P3
v26;LAST5;HOME_STRONG;1.6;3;79;129;37;166;77.7108;14;7;21;66.6667;67;25;92;72.8261;62;12;74;83.7838;106;31;137;77.3723;2026-08-13;1.2402;1.6409;1.2134;v26|LAST5|HOME_STRONG|1.60|P3
v26;SEASON;BOTH_STRONG;1.6;5;10;139;39;178;78.0899;4;5;9;44.4444;72;26;98;73.4694;67;13;80;83.75;111;32;143;77.6224;2026-08-13;1.6193;1.6071;1.4635;v26|SEASON|BOTH_STRONG|1.60|P5
v26;SEASON;BOTH_STRONG;1.6;6;10;139;39;178;78.0899;4;5;9;44.4444;72;26;98;73.4694;67;13;80;83.75;111;32;143;77.6224;2026-08-13;1.6193;1.6071;1.4635;v26|SEASON|BOTH_STRONG|1.60|P6
v26;SEASON;BOTH_STRONG;1.6;7;10;139;39;178;78.0899;4;5;9;44.4444;72;26;98;73.4694;67;13;80;83.75;111;32;143;77.6224;2026-08-13;1.6193;1.6071;1.4635;v26|SEASON|BOTH_STRONG|1.60|P7
v26;SEASON;BOTH_STRONG;1.6;8;10;139;39;178;78.0899;4;5;9;44.4444;72;26;98;73.4694;67;13;80;83.75;111;32;143;77.6224;2026-08-13;1.6193;1.6071;1.4635;v26|SEASON|BOTH_STRONG|1.60|P8
v26;SEASON;AT_LEAST_ONE_STRONG;1.0;6;22;133;38;171;77.7778;10;6;16;62.5;66;25;91;72.5275;67;13;80;83.75;106;31;137;77.3723;2026-08-13;1.3072;1.6071;1.2134;v26|SEASON|AT_LEAST_ONE_STRONG|1.00|P6
v26;LAST5;BOTH_STRONG;1.4;4;15;139;40;179;77.6536;4;4;8;50.0;72;27;99;72.7273;67;13;80;83.75;112;33;145;77.2414;2026-08-13;1.183;1.6071;1.0825;v26|LAST5|BOTH_STRONG|1.40|P4
v26;LAST5;BOTH_STRONG;1.4;5;15;139;40;179;77.6536;4;4;8;50.0;72;27;99;72.7273;67;13;80;83.75;112;33;145;77.2414;2026-08-13;1.183;1.6071;1.0825;v26|LAST5|BOTH_STRONG|1.40|P5
v26;LAST5;BOTH_STRONG;1.5;4;15;139;40;179;77.6536;4;4;8;50.0;72;27;99;72.7273;67;13;80;83.75;112;33;145;77.2414;2026-08-13;1.183;1.6071;1.0825;v26|LAST5|BOTH_STRONG|1.50|P4
v26;LAST5;BOTH_STRONG;1.5;5;15;139;40;179;77.6536;4;4;8;50.0;72;27;99;72.7273;67;13;80;83.75;112;33;145;77.2414;2026-08-13;1.183;1.6071;1.0825;v26|LAST5|BOTH_STRONG|1.50|P5
v26;SEASON;AT_LEAST_ONE_STRONG;1.0;7;22;132;38;170;77.6471;11;6;17;64.7059;65;25;90;72.2222;67;13;80;83.75;105;31;136;77.2059;2026-08-13;1.1765;1.6071;1.047;v26|SEASON|AT_LEAST_ONE_STRONG|1.00|P7
v26;SEASON;HOME_STRONG;1.6;1;65;138;40;178;77.5281;5;4;9;55.5556;71;27;98;72.449;67;13;80;83.75;113;33;146;77.3973;2026-08-13;1.0575;1.6071;1.2384;v26|SEASON|HOME_STRONG|1.60|P1
v26;LAST5;BOTH_STRONG;1.6;1;25;139;41;180;77.2222;4;3;7;57.1429;72;28;100;72.0;67;13;80;83.75;112;34;146;76.7123;2026-08-13;0.7516;1.6071;0.5534;v26|LAST5|BOTH_STRONG|1.60|P1
v26;SEASON;HOME_STRONG;1.4;2;45;138;41;179;77.095;5;3;8;62.5;71;28;99;71.7172;67;13;80;83.75;111;35;146;76.0274;2026-08-13;0.6244;1.6071;-0.1315;v26|SEASON|HOME_STRONG|1.40|P2
v26;LAST5;HOME_STRONG;1.0;4;26;137;41;178;76.9663;6;3;9;66.6667;70;28;98;71.4286;67;13;80;83.75;112;33;145;77.2414;2026-08-13;0.4957;1.6071;1.0825;v26|LAST5|HOME_STRONG|1.00|P4
v26;LAST5;HOME_STRONG;1.1;4;26;137;41;178;76.9663;6;3;9;66.6667;70;28;98;71.4286;67;13;80;83.75;112;33;145;77.2414;2026-08-13;0.4957;1.6071;1.0825;v26|LAST5|HOME_STRONG|1.10|P4
v26;SEASON;HOME_STRONG;1.3;3;33;136;41;177;76.8362;7;3;10;70.0;69;28;97;71.134;67;13;80;83.75;110;35;145;75.8621;2026-08-13;0.3656;1.6071;-0.2968;v26|SEASON|HOME_STRONG|1.30|P3
v26;LAST5;HOME_STRONG;1.0;5;26;135;41;176;76.7045;8;3;11;72.7273;68;28;96;70.8333;67;13;80;83.75;110;33;143;76.9231;2026-08-13;0.2339;1.6071;0.7642;v26|LAST5|HOME_STRONG|1.00|P5
v26;LAST5;HOME_STRONG;1.1;5;26;135;41;176;76.7045;8;3;11;72.7273;68;28;96;70.8333;67;13;80;83.75;110;33;143;76.9231;2026-08-13;0.2339;1.6071;0.7642;v26|LAST5|HOME_STRONG|1.10|P5
v26;SEASON;HOME_STRONG;1.0;10;14;134;41;175;76.5714;9;3;12;75.0;67;28;95;70.5263;67;13;80;83.75;108;34;142;76.0563;2026-08-13;0.1008;1.6071;-0.1026;v26|SEASON|HOME_STRONG|1.00|P10
v26;SEASON;HOME_STRONG;1.0;11;14;134;41;175;76.5714;9;3;12;75.0;67;28;95;70.5263;67;13;80;83.75;108;34;142;76.0563;2026-08-13;0.1008;1.6071;-0.1026;v26|SEASON|HOME_STRONG|1.00|P11
v26;SEASON;HOME_STRONG;1.0;12;14;134;41;175;76.5714;9;3;12;75.0;67;28;95;70.5263;67;13;80;83.75;108;34;142;76.0563;2026-08-13;0.1008;1.6071;-0.1026;v26|SEASON|HOME_STRONG|1.00|P12
v26;SEASON;HOME_STRONG;1.0;13;14;133;41;174;76.4368;10;3;13;76.9231;66;28;94;70.2128;67;13;80;83.75;107;34;141;75.8865;2026-08-13;-0.0338;1.6071;-0.2724;v26|SEASON|HOME_STRONG|1.00|P13
v26;SEASON;HOME_STRONG;1.0;14;14;133;41;174;76.4368;10;3;13;76.9231;66;28;94;70.2128;67;13;80;83.75;107;34;141;75.8865;2026-08-13;-0.0338;1.6071;-0.2724;v26|SEASON|HOME_STRONG|1.00|P14
v26;SEASON;HOME_STRONG;1.0;15;14;132;41;173;76.3006;11;3;14;78.5714;65;28;93;69.8925;67;13;80;83.75;106;34;140;75.7143;2026-08-13;-0.17;1.6071;-0.4446;v26|SEASON|HOME_STRONG|1.00|P15
v26;SEASON;AWAY_STRONG;1.6;13;64;101;25;126;80.1587;42;19;61;68.8525;55;16;71;77.4648;46;9;55;83.6364;81;20;101;80.198;2026-08-13;3.6881;1.4935;4.0391;v26|SEASON|AWAY_STRONG|1.60|P13
v26;SEASON;AWAY_STRONG;1.6;12;64;101;26;127;79.5276;42;18;60;70.0;55;17;72;76.3889;46;9;55;83.6364;81;21;102;79.4118;2026-08-13;3.057;1.4935;3.2529;v26|SEASON|AWAY_STRONG|1.60|P12
v26;LAST5;HOME_STRONG;1.6;13;79;94;29;123;76.4228;49;15;64;76.5625;48;20;68;70.5882;46;9;55;83.6364;80;25;105;76.1905;2026-08-13;-0.0478;1.4935;0.0316;v26|LAST5|HOME_STRONG|1.60|P13
v26;LAST5;HOME_STRONG;1.6;12;79;96;30;126;76.1905;47;14;61;77.0492;50;21;71;70.4225;46;9;55;83.6364;81;25;106;76.4151;2026-08-13;-0.2801;1.4935;0.2562;v26|LAST5|HOME_STRONG|1.60|P12
v26;SEASON;AWAY_STRONG;1.6;8;64;112;28;140;80.0;31;16;47;65.9574;61;18;79;77.2152;51;10;61;83.6066;91;23;114;79.8246;2026-08-13;3.5294;1.4637;3.6657;v26|SEASON|AWAY_STRONG|1.60|P8
v26;LAST5;HOME_STRONG;1.6;8;79;104;32;136;76.4706;39;12;51;76.4706;53;22;75;70.6667;51;10;61;83.6066;86;26;112;76.7857;2026-08-13;0.0;1.4637;0.6268;v26|LAST5|HOME_STRONG|1.60|P8
v26;SEASON;AWAY_STRONG;1.6;6;64;117;29;146;80.137;26;15;41;63.4146;61;18;79;77.2152;56;11;67;83.5821;93;24;117;79.4872;2026-08-13;3.6664;1.4392;3.3283;v26|SEASON|AWAY_STRONG|1.60|P6
v26;SEASON;AWAY_STRONG;1.3;8;26;131;36;167;78.4431;12;8;20;60.0;70;24;94;74.4681;61;12;73;83.5616;103;29;132;78.0303;2026-08-13;1.9725;1.4187;1.8714;v26|SEASON|AWAY_STRONG|1.30|P8
v26;SEASON;AWAY_STRONG;1.3;9;26;129;36;165;78.1818;14;8;22;63.6364;68;24;92;73.913;61;12;73;83.5616;101;29;130;77.6923;2026-08-13;1.7112;1.4187;1.5334;v26|SEASON|AWAY_STRONG|1.30|P9
v26;SEASON;AWAY_STRONG;1.3;10;26;128;36;164;78.0488;15;8;23;65.2174;67;24;91;73.6264;61;12;73;83.5616;100;29;129;77.5194;2026-08-13;1.5782;1.4187;1.3605;v26|SEASON|AWAY_STRONG|1.30|P10
v26;SEASON;BOTH_STRONG;1.6;9;10;138;39;177;77.9661;5;5;10;50.0;72;26;98;73.4694;66;13;79;83.5443;110;32;142;77.4648;2026-08-13;1.4955;1.4014;1.3059;v26|SEASON|BOTH_STRONG|1.60|P9
v26;SEASON;BOTH_STRONG;1.6;10;10;138;39;177;77.9661;5;5;10;50.0;72;26;98;73.4694;66;13;79;83.5443;110;32;142;77.4648;2026-08-13;1.4955;1.4014;1.3059;v26|SEASON|BOTH_STRONG|1.60|P10
v26;SEASON;BOTH_STRONG;1.6;11;10;138;39;177;77.9661;5;5;10;50.0;72;26;98;73.4694;66;13;79;83.5443;110;32;142;77.4648;2026-08-13;1.4955;1.4014;1.3059;v26|SEASON|BOTH_STRONG|1.60|P11
v26;SEASON;BOTH_STRONG;1.6;12;10;138;39;177;77.9661;5;5;10;50.0;72;26;98;73.4694;66;13;79;83.5443;110;32;142;77.4648;2026-08-13;1.4955;1.4014;1.3059;v26|SEASON|BOTH_STRONG|1.60|P12
v26;SEASON;BOTH_STRONG;1.6;13;10;138;39;177;77.9661;5;5;10;50.0;72;26;98;73.4694;66;13;79;83.5443;110;32;142;77.4648;2026-08-13;1.4955;1.4014;1.3059;v26|SEASON|BOTH_STRONG|1.60|P13
v26;SEASON;BOTH_STRONG;1.6;14;10;138;39;177;77.9661;5;5;10;50.0;72;26;98;73.4694;66;13;79;83.5443;110;32;142;77.4648;2026-08-13;1.4955;1.4014;1.3059;v26|SEASON|BOTH_STRONG|1.60|P14
v26;SEASON;BOTH_STRONG;1.6;15;10;138;39;177;77.9661;5;5;10;50.0;72;26;98;73.4694;66;13;79;83.5443;110;32;142;77.4648;2026-08-13;1.4955;1.4014;1.3059;v26|SEASON|BOTH_STRONG|1.60|P15
v26;LAST5;BOTH_STRONG;1.4;6;15;137;39;176;77.8409;6;5;11;54.5455;71;26;97;73.1959;66;13;79;83.5443;110;32;142;77.4648;2026-08-13;1.3703;1.4014;1.3059;v26|LAST5|BOTH_STRONG|1.40|P6
v26;LAST5;BOTH_STRONG;1.4;7;15;137;39;176;77.8409;6;5;11;54.5455;71;26;97;73.1959;66;13;79;83.5443;110;32;142;77.4648;2026-08-13;1.3703;1.4014;1.3059;v26|LAST5|BOTH_STRONG|1.40|P7
v26;LAST5;BOTH_STRONG;1.4;8;15;137;39;176;77.8409;6;5;11;54.5455;71;26;97;73.1959;66;13;79;83.5443;110;32;142;77.4648;2026-08-13;1.3703;1.4014;1.3059;v26|LAST5|BOTH_STRONG|1.40|P8
v26;LAST5;BOTH_STRONG;1.5;6;15;137;39;176;77.8409;6;5;11;54.5455;71;26;97;73.1959;66;13;79;83.5443;110;32;142;77.4648;2026-08-13;1.3703;1.4014;1.3059;v26|LAST5|BOTH_STRONG|1.50|P6
v26;LAST5;BOTH_STRONG;1.5;7;15;137;39;176;77.8409;6;5;11;54.5455;71;26;97;73.1959;66;13;79;83.5443;110;32;142;77.4648;2026-08-13;1.3703;1.4014;1.3059;v26|LAST5|BOTH_STRONG|1.50|P7
v26;LAST5;BOTH_STRONG;1.5;8;15;137;39;176;77.8409;6;5;11;54.5455;71;26;97;73.1959;66;13;79;83.5443;110;32;142;77.4648;2026-08-13;1.3703;1.4014;1.3059;v26|LAST5|BOTH_STRONG|1.50|P8
v26;SEASON;AT_LEAST_ONE_STRONG;1.5;1;98;136;39;175;77.7143;7;5;12;58.3333;70;26;96;72.9167;66;13;79;83.5443;110;33;143;76.9231;2026-08-13;1.2437;1.4014;0.7642;v26|SEASON|AT_LEAST_ONE_STRONG|1.50|P1
v26;LAST5;BOTH_STRONG;1.6;2;25;138;40;178;77.5281;5;4;9;55.5556;72;27;99;72.7273;66;13;79;83.5443;111;33;144;77.0833;2026-08-13;1.0575;1.4014;0.9244;v26|LAST5|BOTH_STRONG|1.60|P2
v26;SEASON;AT_LEAST_ONE_STRONG;1.0;8;22;131;38;169;77.5148;12;6;18;66.6667;65;25;90;72.2222;66;13;79;83.5443;104;31;135;77.037;2026-08-13;1.0442;1.4014;0.8781;v26|SEASON|AT_LEAST_ONE_STRONG|1.00|P8
v26;LAST5;AWAY_STRONG;1.4;1;63;137;40;177;77.4011;6;4;10;60.0;71;27;98;72.449;66;13;79;83.5443;112;34;146;76.7123;2026-08-13;0.9305;1.4014;0.5534;v26|LAST5|AWAY_STRONG|1.40|P1
v26;LAST5;AWAY_STRONG;1.5;1;63;137;40;177;77.4011;6;4;10;60.0;71;27;98;72.449;66;13;79;83.5443;112;34;146;76.7123;2026-08-13;0.9305;1.4014;0.5534;v26|LAST5|AWAY_STRONG|1.50|P1
v26;SEASON;AT_LEAST_ONE_STRONG;1.0;9;22;130;38;168;77.381;13;6;19;68.4211;64;25;89;71.9101;66;13;79;83.5443;103;31;134;76.8657;2026-08-13;0.9104;1.4014;0.7068;v26|SEASON|AT_LEAST_ONE_STRONG|1.00|P9
v26;SEASON;HOME_STRONG;1.4;3;45;134;40;174;77.0115;9;4;13;69.2308;68;27;95;71.5789;66;13;79;83.5443;109;34;143;76.2238;2026-08-13;0.5409;1.4014;0.0649;v26|SEASON|HOME_STRONG|1.40|P3
v26;SEASON;AWAY_STRONG;1.6;14;64;100;25;125;80.0;43;19;62;69.3548;55;16;71;77.4648;45;9;54;83.3333;81;20;101;80.198;2026-08-13;3.5294;1.1904;4.0391;v26|SEASON|AWAY_STRONG|1.60|P14
v26;SEASON;AWAY_STRONG;1.5;13;49;112;28;140;80.0;31;16;47;65.9574;62;18;80;77.5;50;10;60;83.3333;89;23;112;79.4643;2026-08-13;3.5294;1.1904;3.3054;v26|SEASON|AWAY_STRONG|1.50|P13
v26;SEASON;AWAY_STRONG;1.5;12;49;112;29;141;79.4326;31;15;46;67.3913;62;19;81;76.5432;50;10;60;83.3333;89;24;113;78.7611;2026-08-13;2.962;1.1904;2.6022;v26|SEASON|AWAY_STRONG|1.50|P12
v26;SEASON;AWAY_STRONG;1.5;7;49;121;30;151;80.1325;22;14;36;61.1111;66;19;85;77.6471;55;11;66;83.3333;97;25;122;79.5082;2026-08-13;3.6619;1.1904;3.3493;v26|SEASON|AWAY_STRONG|1.50|P7
v26;SEASON;AWAY_STRONG;1.4;13;35;121;32;153;79.085;22;12;34;64.7059;66;21;87;75.8621;55;11;66;83.3333;95;25;120;79.1667;2026-08-13;2.6144;1.1904;3.0078;v26|SEASON|AWAY_STRONG|1.40|P13
v26;SEASON;AWAY_STRONG;1.4;12;35;121;33;154;78.5714;22;11;33;66.6667;66;22;88;75.0;55;11;66;83.3333;95;26;121;78.5124;2026-08-13;2.1008;1.1904;2.3535;v26|SEASON|AWAY_STRONG|1.40|P12
v26;SEASON;AWAY_STRONG;1.5;5;49;127;33;160;79.375;16;11;27;59.2593;67;21;88;76.1364;60;12;72;83.3333;100;28;128;78.125;2026-08-13;2.9044;1.1904;1.9661;v26|SEASON|AWAY_STRONG|1.50|P5
v26;SEASON;AWAY_STRONG;1.6;4;64;126;33;159;79.2453;17;11;28;60.7143;66;21;87;75.8621;60;12;72;83.3333;100;26;126;79.3651;2026-08-13;2.7747;1.1904;3.2062;v26|SEASON|AWAY_STRONG|1.60|P4
v26;SEASON;AWAY_STRONG;1.3;11;26;127;36;163;77.9141;16;8;24;66.6667;67;24;91;73.6264;60;12;72;83.3333;100;29;129;77.5194;2026-08-13;1.4435;1.1904;1.3605;v26|SEASON|AWAY_STRONG|1.30|P11
v26;SEASON;AWAY_STRONG;1.5;2;49;137;36;173;79.1908;6;8;14;42.8571;72;23;95;75.7895;65;13;78;83.3333;109;29;138;78.9855;2026-08-13;2.7202;1.1904;2.8266;v26|SEASON|AWAY_STRONG|1.50|P2
v26;LAST5;BOTH_STRONG;1.4;9;15;136;38;174;78.1609;7;6;13;53.8462;71;25;96;73.9583;65;13;78;83.3333;109;31;140;77.8571;2026-08-13;1.6903;1.1904;1.6982;v26|LAST5|BOTH_STRONG|1.40|P9
v26;LAST5;BOTH_STRONG;1.4;10;15;136;38;174;78.1609;7;6;13;53.8462;71;25;96;73.9583;65;13;78;83.3333;109;31;140;77.8571;2026-08-13;1.6903;1.1904;1.6982;v26|LAST5|BOTH_STRONG|1.40|P10
v26;LAST5;BOTH_STRONG;1.5;9;15;136;38;174;78.1609;7;6;13;53.8462;71;25;96;73.9583;65;13;78;83.3333;109;31;140;77.8571;2026-08-13;1.6903;1.1904;1.6982;v26|LAST5|BOTH_STRONG|1.50|P9
v26;LAST5;BOTH_STRONG;1.5;10;15;136;38;174;78.1609;7;6;13;53.8462;71;25;96;73.9583;65;13;78;83.3333;109;31;140;77.8571;2026-08-13;1.6903;1.1904;1.6982;v26|LAST5|BOTH_STRONG|1.50|P10
v26;SEASON;AWAY_STRONG;1.2;5;19;136;39;175;77.7143;7;5;12;58.3333;71;26;97;73.1959;65;13;78;83.3333;108;32;140;77.1429;2026-08-13;1.2437;1.1904;0.984;v26|SEASON|AWAY_STRONG|1.20|P5
v26;LAST5;BOTH_STRONG;1.6;3;25;136;39;175;77.7143;7;5;12;58.3333;71;26;97;73.1959;65;13;78;83.3333;111;32;143;77.6224;2026-08-13;1.2437;1.1904;1.4635;v26|LAST5|BOTH_STRONG|1.60|P3
v26;SEASON;AT_LEAST_ONE_STRONG;1.0;10;22;129;38;167;77.2455;14;6;20;70.0;64;25;89;71.9101;65;13;78;83.3333;103;31;134;76.8657;2026-08-13;0.7749;1.1904;0.7068;v26|SEASON|AT_LEAST_ONE_STRONG|1.00|P10
v26;SEASON;AT_LEAST_ONE_STRONG;1.0;11;22;129;38;167;77.2455;14;6;20;70.0;64;25;89;71.9101;65;13;78;83.3333;103;31;134;76.8657;2026-08-13;0.7749;1.1904;0.7068;v26|SEASON|AT_LEAST_ONE_STRONG|1.00|P11
v26;SEASON;AT_LEAST_ONE_STRONG;1.0;12;22;129;38;167;77.2455;14;6;20;70.0;64;25;89;71.9101;65;13;78;83.3333;103;31;134;76.8657;2026-08-13;0.7749;1.1904;0.7068;v26|SEASON|AT_LEAST_ONE_STRONG|1.00|P12
v26;SEASON;HOME_STRONG;1.5;2;53;135;40;175;77.1429;8;4;12;66.6667;70;27;97;72.1649;65;13;78;83.3333;109;34;143;76.2238;2026-08-13;0.6723;1.1904;0.0649;v26|SEASON|HOME_STRONG|1.50|P2
v26;SEASON;AT_LEAST_ONE_STRONG;1.0;13;22;128;38;166;77.1084;15;6;21;71.4286;63;25;88;71.5909;65;13;78;83.3333;102;31;133;76.6917;2026-08-13;0.6378;1.1904;0.5328;v26|SEASON|AT_LEAST_ONE_STRONG|1.00|P13
v26;SEASON;AT_LEAST_ONE_STRONG;1.0;14;22;128;38;166;77.1084;15;6;21;71.4286;63;25;88;71.5909;65;13;78;83.3333;102;31;133;76.6917;2026-08-13;0.6378;1.1904;0.5328;v26|SEASON|AT_LEAST_ONE_STRONG|1.00|P14
v26;SEASON;AT_LEAST_ONE_STRONG;1.0;15;22;127;38;165;76.9697;16;6;22;72.7273;62;25;87;71.2644;65;13;78;83.3333;101;31;132;76.5152;2026-08-13;0.4991;1.1904;0.3563;v26|SEASON|AT_LEAST_ONE_STRONG|1.00|P15
v26;LAST5;HOME_STRONG;1.6;1;79;136;41;177;76.8362;7;3;10;70.0;71;28;99;71.7172;65;13;78;83.3333;111;34;145;76.5517;2026-08-13;0.3656;1.1904;0.3928;v26|LAST5|HOME_STRONG|1.60|P1
v26;LAST5;HOME_STRONG;1.0;6;26;132;40;172;76.7442;11;4;15;73.3333;67;27;94;71.2766;65;13;78;83.3333;108;32;140;77.1429;2026-08-13;0.2736;1.1904;0.984;v26|LAST5|HOME_STRONG|1.00|P6
v26;LAST5;HOME_STRONG;1.1;6;26;132;40;172;76.7442;11;4;15;73.3333;67;27;94;71.2766;65;13;78;83.3333;108;32;140;77.1429;2026-08-13;0.2736;1.1904;0.984;v26|LAST5|HOME_STRONG|1.10|P6
v26;SEASON;AT_LEAST_ONE_STRONG;1.0;2;22;142;41;183;77.5956;1;3;4;25.0;73;27;100;73.0;69;14;83;83.1325;114;34;148;77.027;2026-08-13;1.125;0.9896;0.8681;v26|SEASON|AT_LEAST_ONE_STRONG|1.00|P2
v26;SEASON;AT_LEAST_ONE_STRONG;1.0;3;22;140;41;181;77.3481;3;3;6;50.0;71;27;98;72.449;69;14;83;83.1325;113;34;147;76.8707;2026-08-13;0.8775;0.9896;0.7118;v26|SEASON|AT_LEAST_ONE_STRONG|1.00|P3
v26;SEASON;AT_LEAST_ONE_STRONG;1.0;1;22;142;42;184;77.1739;1;2;3;33.3333;73;28;101;72.2772;69;14;83;83.1325;114;35;149;76.5101;2026-08-13;0.7033;0.9896;0.3512;v26|SEASON|AT_LEAST_ONE_STRONG|1.00|P1
v26;SEASON;AT_LEAST_ONE_STRONG;1.1;1;28;142;42;184;77.1739;1;2;3;33.3333;73;28;101;72.2772;69;14;83;83.1325;114;35;149;76.5101;2026-08-13;0.7033;0.9896;0.3512;v26|SEASON|AT_LEAST_ONE_STRONG|1.10|P1
v26;SEASON;HOME_STRONG;1.4;1;45;141;42;183;77.0492;2;2;4;50.0;72;28;100;72.0;69;14;83;83.1325;114;35;149;76.5101;2026-08-13;0.5786;0.9896;0.3512;v26|SEASON|HOME_STRONG|1.40|P1
v26;LAST5;AWAY_STRONG;0.8;1;18;141;42;183;77.0492;2;2;4;50.0;72;28;100;72.0;69;14;83;83.1325;115;35;150;76.6667;2026-08-13;0.5786;0.9896;0.5078;v26|LAST5|AWAY_STRONG|0.80|P1
v26;LAST5;AT_LEAST_ONE_STRONG;0.8;1;34;141;42;183;77.0492;2;2;4;50.0;72;28;100;72.0;69;14;83;83.1325;115;35;150;76.6667;2026-08-13;0.5786;0.9896;0.5078;v26|LAST5|AT_LEAST_ONE_STRONG|0.80|P1
v26;SEASON;HOME_STRONG;1.0;1;14;142;43;185;76.7568;1;1;2;50.0;73;29;102;71.5686;69;14;83;83.1325;114;36;150;76.0;2026-08-13;0.2862;0.9896;-0.1589;v26|SEASON|HOME_STRONG|1.00|P1
v26;SEASON;HOME_STRONG;1.0;2;14;142;43;185;76.7568;1;1;2;50.0;73;29;102;71.5686;69;14;83;83.1325;114;36;150;76.0;2026-08-13;0.2862;0.9896;-0.1589;v26|SEASON|HOME_STRONG|1.00|P2
v26;SEASON;HOME_STRONG;1.1;1;17;142;43;185;76.7568;1;1;2;50.0;73;29;102;71.5686;69;14;83;83.1325;114;36;150;76.0;2026-08-13;0.2862;0.9896;-0.1589;v26|SEASON|HOME_STRONG|1.10|P1
v26;SEASON;HOME_STRONG;1.2;1;25;142;43;185;76.7568;1;1;2;50.0;73;29;102;71.5686;69;14;83;83.1325;114;36;150;76.0;2026-08-13;0.2862;0.9896;-0.1589;v26|SEASON|HOME_STRONG|1.20|P1
v26;SEASON;HOME_STRONG;1.3;1;33;142;43;185;76.7568;1;1;2;50.0;73;29;102;71.5686;69;14;83;83.1325;114;36;150;76.0;2026-08-13;0.2862;0.9896;-0.1589;v26|SEASON|HOME_STRONG|1.30|P1
v26;LAST5;HOME_STRONG;1.0;1;26;142;43;185;76.7568;1;1;2;50.0;73;29;102;71.5686;69;14;83;83.1325;115;35;150;76.6667;2026-08-13;0.2862;0.9896;0.5078;v26|LAST5|HOME_STRONG|1.00|P1
v26;LAST5;HOME_STRONG;1.1;1;26;142;43;185;76.7568;1;1;2;50.0;73;29;102;71.5686;69;14;83;83.1325;115;35;150;76.6667;2026-08-13;0.2862;0.9896;0.5078;v26|LAST5|HOME_STRONG|1.10|P1
v26;SEASON;HOME_STRONG;1.0;3;14;141;43;184;76.6304;2;1;3;66.6667;72;29;101;71.2871;69;14;83;83.1325;114;36;150;76.0;2026-08-13;0.1598;0.9896;-0.1589;v26|SEASON|HOME_STRONG|1.00|P3
v26;LAST5;BOTH_STRONG;1.2;1;8;141;43;184;76.6304;2;1;3;66.6667;72;29;101;71.2871;69;14;83;83.1325;114;36;150;76.0;2026-08-13;0.1598;0.9896;-0.1589;v26|LAST5|BOTH_STRONG|1.20|P1
v26;LAST5;BOTH_STRONG;1.2;2;8;141;43;184;76.6304;2;1;3;66.6667;72;29;101;71.2871;69;14;83;83.1325;114;36;150;76.0;2026-08-13;0.1598;0.9896;-0.1589;v26|LAST5|BOTH_STRONG|1.20|P2
v26;LAST5;BOTH_STRONG;1.2;3;8;141;43;184;76.6304;2;1;3;66.6667;72;29;101;71.2871;69;14;83;83.1325;114;36;150;76.0;2026-08-13;0.1598;0.9896;-0.1589;v26|LAST5|BOTH_STRONG|1.20|P3
v26;LAST5;BOTH_STRONG;1.3;1;8;141;43;184;76.6304;2;1;3;66.6667;72;29;101;71.2871;69;14;83;83.1325;114;36;150;76.0;2026-08-13;0.1598;0.9896;-0.1589;v26|LAST5|BOTH_STRONG|1.30|P1
v26;LAST5;BOTH_STRONG;1.3;2;8;141;43;184;76.6304;2;1;3;66.6667;72;29;101;71.2871;69;14;83;83.1325;114;36;150;76.0;2026-08-13;0.1598;0.9896;-0.1589;v26|LAST5|BOTH_STRONG|1.30|P2
v26;LAST5;BOTH_STRONG;1.3;3;8;141;43;184;76.6304;2;1;3;66.6667;72;29;101;71.2871;69;14;83;83.1325;114;36;150;76.0;2026-08-13;0.1598;0.9896;-0.1589;v26|LAST5|BOTH_STRONG|1.30|P3
v26;SEASON;AWAY_STRONG;1.6;2;64;134;36;170;78.8235;9;8;17;52.9412;70;23;93;75.2688;64;13;77;83.1169;108;29;137;78.8321;2026-08-13;2.3529;0.974;2.6732;v26|SEASON|AWAY_STRONG|1.60|P2
v26;SEASON;AWAY_STRONG;1.2;6;19;135;38;173;78.0347;8;6;14;57.1429;71;25;96;73.9583;64;13;77;83.1169;107;31;138;77.5362;2026-08-13;1.5641;0.974;1.3773;v26|SEASON|AWAY_STRONG|1.20|P6
v26;SEASON;AWAY_STRONG;1.3;5;26;135;38;173;78.0347;8;6;14;57.1429;71;25;96;73.9583;64;13;77;83.1169;107;31;138;77.5362;2026-08-13;1.5641;0.974;1.3773;v26|SEASON|AWAY_STRONG|1.30|P5
v26;LAST5;BOTH_STRONG;1.4;11;15;135;38;173;78.0347;8;6;14;57.1429;71;25;96;73.9583;64;13;77;83.1169;109;31;140;77.8571;2026-08-13;1.5641;0.974;1.6982;v26|LAST5|BOTH_STRONG|1.40|P11
v26;LAST5;BOTH_STRONG;1.4;12;15;135;38;173;78.0347;8;6;14;57.1429;71;25;96;73.9583;64;13;77;83.1169;109;31;140;77.8571;2026-08-13;1.5641;0.974;1.6982;v26|LAST5|BOTH_STRONG|1.40|P12
v26;LAST5;BOTH_STRONG;1.4;13;15;135;38;173;78.0347;8;6;14;57.1429;71;25;96;73.9583;64;13;77;83.1169;109;31;140;77.8571;2026-08-13;1.5641;0.974;1.6982;v26|LAST5|BOTH_STRONG|1.40|P13
v26;LAST5;BOTH_STRONG;1.5;11;15;135;38;173;78.0347;8;6;14;57.1429;71;25;96;73.9583;64;13;77;83.1169;109;31;140;77.8571;2026-08-13;1.5641;0.974;1.6982;v26|LAST5|BOTH_STRONG|1.50|P11
v26;LAST5;BOTH_STRONG;1.5;12;15;135;38;173;78.0347;8;6;14;57.1429;71;25;96;73.9583;64;13;77;83.1169;109;31;140;77.8571;2026-08-13;1.5641;0.974;1.6982;v26|LAST5|BOTH_STRONG|1.50|P12
v26;LAST5;BOTH_STRONG;1.5;13;15;135;38;173;78.0347;8;6;14;57.1429;71;25;96;73.9583;64;13;77;83.1169;109;31;140;77.8571;2026-08-13;1.5641;0.974;1.6982;v26|LAST5|BOTH_STRONG|1.50|P13
v26;SEASON;HOME_STRONG;1.5;3;53;131;39;170;77.0588;12;5;17;70.5882;67;26;93;72.043;64;13;77;83.1169;107;33;140;76.4286;2026-08-13;0.5882;0.974;0.2697;v26|SEASON|HOME_STRONG|1.50|P3
v26;LAST5;HOME_STRONG;1.0;7;26;130;40;170;76.4706;13;4;17;76.4706;66;27;93;70.9677;64;13;77;83.1169;106;32;138;76.8116;2026-08-13;0.0;0.974;0.6527;v26|LAST5|HOME_STRONG|1.00|P7
v26;LAST5;HOME_STRONG;1.0;8;26;130;40;170;76.4706;13;4;17;76.4706;66;27;93;70.9677;64;13;77;83.1169;106;32;138;76.8116;2026-08-13;0.0;0.974;0.6527;v26|LAST5|HOME_STRONG|1.00|P8
v26;LAST5;HOME_STRONG;1.1;7;26;130;40;170;76.4706;13;4;17;76.4706;66;27;93;70.9677;64;13;77;83.1169;106;32;138;76.8116;2026-08-13;0.0;0.974;0.6527;v26|LAST5|HOME_STRONG|1.10|P7
v26;LAST5;HOME_STRONG;1.1;8;26;130;40;170;76.4706;13;4;17;76.4706;66;27;93;70.9677;64;13;77;83.1169;106;32;138;76.8116;2026-08-13;0.0;0.974;0.6527;v26|LAST5|HOME_STRONG|1.10|P8
v26;SEASON;AT_LEAST_ONE_STRONG;1.4;3;78;124;34;158;78.481;19;10;29;65.5172;65;22;87;74.7126;59;12;71;83.0986;99;28;127;77.9528;2026-08-13;2.0104;0.9557;1.7939;v26|SEASON|AT_LEAST_ONE_STRONG|1.40|P3
v26;SEASON;AWAY_STRONG;1.5;8;49;120;30;150;80.0;23;14;37;62.1622;66;19;85;77.6471;54;11;65;83.0769;96;25;121;79.3388;2026-08-13;3.5294;0.934;3.1799;v26|SEASON|AWAY_STRONG|1.50|P8
v26;SEASON;AWAY_STRONG;1.4;14;35;120;32;152;78.9474;23;12;35;65.7143;66;21;87;75.8621;54;11;65;83.0769;95;25;120;79.1667;2026-08-13;2.4768;0.934;3.0078;v26|SEASON|AWAY_STRONG|1.40|P14
v26;SEASON;AWAY_STRONG;1.4;15;35;120;32;152;78.9474;23;12;35;65.7143;66;21;87;75.8621;54;11;65;83.0769;95;25;120;79.1667;2026-08-13;2.4768;0.934;3.0078;v26|SEASON|AWAY_STRONG|1.40|P15
v26;SEASON;AWAY_STRONG;1.5;14;49;111;28;139;79.8561;32;16;48;66.6667;62;18;80;77.5;49;10;59;83.0508;89;23;112;79.4643;2026-08-13;3.3855;0.9079;3.3054;v26|SEASON|AWAY_STRONG|1.50|P14
v26;SEASON;AWAY_STRONG;1.5;15;49;111;28;139;79.8561;32;16;48;66.6667;62;18;80;77.5;49;10;59;83.0508;89;23;112;79.4643;2026-08-13;3.3855;0.9079;3.3054;v26|SEASON|AWAY_STRONG|1.50|P15
v26;SEASON;AWAY_STRONG;1.6;15;64;99;25;124;79.8387;44;19;63;69.8413;55;16;71;77.4648;44;9;53;83.0189;80;20;100;80.0;2026-08-13;3.3681;0.876;3.8411;v26|SEASON|AWAY_STRONG|1.60|P15
v26;LAST5;HOME_STRONG;1.6;15;79;88;26;114;77.193;55;18;73;75.3425;44;17;61;72.1311;44;9;53;83.0189;75;22;97;77.3196;2026-08-13;0.7224;0.876;1.1607;v26|LAST5|HOME_STRONG|1.60|P15
v26;LAST5;HOME_STRONG;1.6;14;79;91;28;119;76.4706;52;16;68;76.4706;47;19;66;71.2121;44;9;53;83.0189;78;24;102;76.4706;2026-08-13;0.0;0.876;0.3117;v26|LAST5|HOME_STRONG|1.60|P14
v26;SEASON;AWAY_STRONG;1.1;5;11;140;40;180;77.7778;3;4;7;42.8571;72;26;98;73.4694;68;14;82;82.9268;112;33;145;77.2414;2026-08-13;1.3072;0.7839;1.0825;v26|SEASON|AWAY_STRONG|1.10|P5
v26;SEASON;HOME_STRONG;1.5;1;53;140;41;181;77.3481;3;3;6;50.0;72;27;99;72.7273;68;14;82;82.9268;114;34;148;77.027;2026-08-13;0.8775;0.7839;0.8681;v26|SEASON|HOME_STRONG|1.50|P1
v26;SEASON;AT_LEAST_ONE_STRONG;1.2;1;44;140;42;182;76.9231;3;2;5;60.0;72;28;100;72.0;68;14;82;82.9268;112;35;147;76.1905;2026-08-13;0.4525;0.7839;0.0316;v26|SEASON|AT_LEAST_ONE_STRONG|1.20|P1
v26;SEASON;AT_LEAST_ONE_STRONG;1.3;1;59;140;42;182;76.9231;3;2;5;60.0;72;28;100;72.0;68;14;82;82.9268;112;35;147;76.1905;2026-08-13;0.4525;0.7839;0.0316;v26|SEASON|AT_LEAST_ONE_STRONG|1.30|P1
v26;LAST5;HOME_STRONG;1.0;3;26;139;42;181;76.7956;4;2;6;66.6667;71;28;99;71.7172;68;14;82;82.9268;113;34;147;76.8707;2026-08-13;0.325;0.7839;0.7118;v26|LAST5|HOME_STRONG|1.00|P3
v26;LAST5;HOME_STRONG;1.1;3;26;139;42;181;76.7956;4;2;6;66.6667;71;28;99;71.7172;68;14;82;82.9268;113;34;147;76.8707;2026-08-13;0.325;0.7839;0.7118;v26|LAST5|HOME_STRONG|1.10|P3
v26;LAST5;HOME_STRONG;0.8;4;17;140;43;183;76.5027;3;1;4;75.0;72;29;101;71.2871;68;14;82;82.9268;114;35;149;76.5101;2026-08-13;0.0321;0.7839;0.3512;v26|LAST5|HOME_STRONG|0.80|P4
v26;LAST5;HOME_STRONG;1.0;2;26;140;43;183;76.5027;3;1;4;75.0;72;29;101;71.2871;68;14;82;82.9268;113;35;148;76.3514;2026-08-13;0.0321;0.7839;0.1925;v26|LAST5|HOME_STRONG|1.00|P2
v26;LAST5;HOME_STRONG;1.1;2;26;140;43;183;76.5027;3;1;4;75.0;72;29;101;71.2871;68;14;82;82.9268;113;35;148;76.3514;2026-08-13;0.0321;0.7839;0.1925;v26|LAST5|HOME_STRONG|1.10|P2
v26;LAST5;BOTH_STRONG;1.4;1;15;140;43;183;76.5027;3;1;4;75.0;72;29;101;71.2871;68;14;82;82.9268;113;36;149;75.8389;2026-08-13;0.0321;0.7839;-0.32;v26|LAST5|BOTH_STRONG|1.40|P1
v26;LAST5;BOTH_STRONG;1.5;1;15;140;43;183;76.5027;3;1;4;75.0;72;29;101;71.2871;68;14;82;82.9268;113;36;149;75.8389;2026-08-13;0.0321;0.7839;-0.32;v26|LAST5|BOTH_STRONG|1.50|P1
v26;LAST5;HOME_STRONG;0.8;5;17;138;43;181;76.2431;5;1;6;83.3333;70;29;99;70.7071;68;14;82;82.9268;112;35;147;76.1905;2026-08-13;-0.2275;0.7839;0.0316;v26|LAST5|HOME_STRONG|0.80|P5
v26;LAST5;BOTH_STRONG;1.4;14;15;134;38;172;77.907;9;6;15;60.0;71;25;96;73.9583;63;13;76;82.8947;109;31;140;77.8571;2026-08-13;1.4364;0.7518;1.6982;v26|LAST5|BOTH_STRONG|1.40|P14
v26;LAST5;BOTH_STRONG;1.4;15;15;134;38;172;77.907;9;6;15;60.0;71;25;96;73.9583;63;13;76;82.8947;109;31;140;77.8571;2026-08-13;1.4364;0.7518;1.6982;v26|LAST5|BOTH_STRONG|1.40|P15
v26;LAST5;BOTH_STRONG;1.5;14;15;134;38;172;77.907;9;6;15;60.0;71;25;96;73.9583;63;13;76;82.8947;109;31;140;77.8571;2026-08-13;1.4364;0.7518;1.6982;v26|LAST5|BOTH_STRONG|1.50|P14
v26;LAST5;BOTH_STRONG;1.5;15;15;134;38;172;77.907;9;6;15;60.0;71;25;96;73.9583;63;13;76;82.8947;109;31;140;77.8571;2026-08-13;1.4364;0.7518;1.6982;v26|LAST5|BOTH_STRONG|1.50|P15
v26;LAST5;HOME_STRONG;1.0;9;26;129;39;168;76.7857;14;5;19;73.6842;66;26;92;71.7391;63;13;76;82.8947;106;31;137;77.3723;2026-08-13;0.3151;0.7518;1.2134;v26|LAST5|HOME_STRONG|1.00|P9
v26;LAST5;HOME_STRONG;1.1;9;26;129;39;168;76.7857;14;5;19;73.6842;66;26;92;71.7391;63;13;76;82.8947;106;31;137;77.3723;2026-08-13;0.3151;0.7518;1.2134;v26|LAST5|HOME_STRONG|1.10|P9
v26;SEASON;AWAY_STRONG;1.4;7;35;127;34;161;78.882;16;10;26;61.5385;69;22;91;75.8242;58;12;70;82.8571;100;27;127;78.7402;2026-08-13;2.4114;0.7142;2.5813;v26|SEASON|AWAY_STRONG|1.40|P7
v26;SEASON;AWAY_STRONG;1.6;9;64;106;27;133;79.6992;37;17;54;68.5185;58;17;75;77.3333;48;10;58;82.7586;85;22;107;79.4393;2026-08-13;3.2286;0.6157;3.2804;v26|SEASON|AWAY_STRONG|1.60|P9
v26;SEASON;AWAY_STRONG;1.6;10;64;104;27;131;79.3893;39;17;56;69.6429;56;17;73;76.7123;48;10;58;82.7586;83;22;105;79.0476;2026-08-13;2.9187;0.6157;2.8887;v26|SEASON|AWAY_STRONG|1.60|P10
v26;SEASON;AWAY_STRONG;1.1;6;11;139;39;178;78.0899;4;5;9;44.4444;72;25;97;74.2268;67;14;81;82.716;111;32;143;77.6224;2026-08-13;1.6193;0.5731;1.4635;v26|SEASON|AWAY_STRONG|1.10|P6
v26;SEASON;AWAY_STRONG;1.1;7;11;139;39;178;78.0899;4;5;9;44.4444;72;25;97;74.2268;67;14;81;82.716;111;32;143;77.6224;2026-08-13;1.6193;0.5731;1.4635;v26|SEASON|AWAY_STRONG|1.10|P7
v26;SEASON;BOTH_STRONG;1.6;4;10;139;40;179;77.6536;4;4;8;50.0;72;26;98;73.4694;67;14;81;82.716;111;32;143;77.6224;2026-08-13;1.183;0.5731;1.4635;v26|SEASON|BOTH_STRONG|1.60|P4
v26;SEASON;AWAY_STRONG;1.5;1;49;139;41;180;77.2222;4;3;7;57.1429;72;27;99;72.7273;67;14;81;82.716;111;34;145;76.5517;2026-08-13;0.7516;0.5731;0.3928;v26|SEASON|AWAY_STRONG|1.50|P1
v26;LAST5;BOTH_STRONG;1.4;3;15;139;41;180;77.2222;4;3;7;57.1429;72;27;99;72.7273;67;14;81;82.716;112;34;146;76.7123;2026-08-13;0.7516;0.5731;0.5534;v26|LAST5|BOTH_STRONG|1.40|P3
v26;LAST5;BOTH_STRONG;1.5;3;15;139;41;180;77.2222;4;3;7;57.1429;72;27;99;72.7273;67;14;81;82.716;112;34;146;76.7123;2026-08-13;0.7516;0.5731;0.5534;v26|LAST5|BOTH_STRONG|1.50|P3
v26;SEASON;AT_LEAST_ONE_STRONG;1.4;1;78;138;41;179;77.095;5;3;8;62.5;71;27;98;72.449;67;14;81;82.716;111;34;145;76.5517;2026-08-13;0.6244;0.5731;0.3928;v26|SEASON|AT_LEAST_ONE_STRONG|1.40|P1
v26;LAST5;BOTH_STRONG;1.4;2;15;139;42;181;76.7956;4;2;6;66.6667;72;28;100;72.0;67;14;81;82.716;112;35;147;76.1905;2026-08-13;0.325;0.5731;0.0316;v26|LAST5|BOTH_STRONG|1.40|P2
v26;LAST5;BOTH_STRONG;1.5;2;15;139;42;181;76.7956;4;2;6;66.6667;72;28;100;72.0;67;14;81;82.716;112;35;147;76.1905;2026-08-13;0.325;0.5731;0.0316;v26|LAST5|BOTH_STRONG|1.50|P2
v26;LAST5;HOME_STRONG;0.8;6;17;136;42;178;76.4045;7;2;9;77.7778;69;28;97;71.134;67;14;81;82.716;111;34;145;76.5517;2026-08-13;-0.0661;0.5731;0.3928;v26|LAST5|HOME_STRONG|0.80|P6
v26;SEASON;AWAY_STRONG;1.3;6;26;132;37;169;78.1065;11;7;18;61.1111;70;24;94;74.4681;62;13;75;82.6667;104;30;134;77.6119;2026-08-13;1.6359;0.5238;1.453;v26|SEASON|AWAY_STRONG|1.30|P6
v26;LAST5;HOME_STRONG;1.0;10;26;127;39;166;76.506;16;5;21;76.1905;65;26;91;71.4286;62;13;75;82.6667;105;31;136;77.2059;2026-08-13;0.0354;0.5238;1.047;v26|LAST5|HOME_STRONG|1.00|P10
v26;LAST5;HOME_STRONG;1.0;11;26;127;39;166;76.506;16;5;21;76.1905;65;26;91;71.4286;62;13;75;82.6667;105;31;136;77.2059;2026-08-13;0.0354;0.5238;1.047;v26|LAST5|HOME_STRONG|1.00|P11
v26;LAST5;HOME_STRONG;1.1;10;26;127;39;166;76.506;16;5;21;76.1905;65;26;91;71.4286;62;13;75;82.6667;105;31;136;77.2059;2026-08-13;0.0354;0.5238;1.047;v26|LAST5|HOME_STRONG|1.10|P10
v26;LAST5;HOME_STRONG;1.1;11;26;127;39;166;76.506;16;5;21;76.1905;65;26;91;71.4286;62;13;75;82.6667;105;31;136;77.2059;2026-08-13;0.0354;0.5238;1.047;v26|LAST5|HOME_STRONG|1.10|P11
v26;SEASON;AWAY_STRONG;1.5;6;49;123;31;154;79.8701;20;13;33;60.6061;66;19;85;77.6471;57;12;69;82.6087;97;26;123;78.8618;2026-08-13;3.3995;0.4658;2.7029;v26|SEASON|AWAY_STRONG|1.50|P6
v26;SEASON;AWAY_STRONG;1.4;8;35;126;34;160;78.75;17;10;27;62.963;69;22;91;75.8242;57;12;69;82.6087;99;27;126;78.5714;2026-08-13;2.2794;0.4658;2.4125;v26|SEASON|AWAY_STRONG|1.40|P8
v26;SEASON;AWAY_STRONG;1.4;9;35;124;34;158;78.481;19;10;29;65.5172;67;22;89;75.2809;57;12;69;82.6087;97;27;124;78.2258;2026-08-13;2.0104;0.4658;2.0669;v26|SEASON|AWAY_STRONG|1.40|P9
v26;SEASON;AWAY_STRONG;1.4;10;35;123;34;157;78.3439;20;10;30;66.6667;66;22;88;75.0;57;12;69;82.6087;96;27;123;78.0488;2026-08-13;1.8733;0.4658;1.8899;v26|SEASON|AWAY_STRONG|1.40|P10
v26;SEASON;AWAY_STRONG;1.5;9;49;115;30;145;79.3103;28;14;42;66.6667;63;19;82;76.8293;52;11;63;82.5397;91;25;116;78.4483;2026-08-13;2.8397;0.3968;2.2894;v26|SEASON|AWAY_STRONG|1.50|P9
v26;SEASON;AWAY_STRONG;1.5;10;49;114;30;144;79.1667;29;14;43;67.4419;62;19;81;76.5432;52;11;63;82.5397;90;25;115;78.2609;2026-08-13;2.6961;0.3968;2.102;v26|SEASON|AWAY_STRONG|1.50|P10
v26;SEASON;AWAY_STRONG;1.3;2;26;139;39;178;78.0899;4;5;9;44.4444;73;25;98;74.4898;66;14;80;82.5;111;31;142;78.169;2026-08-13;1.6193;0.3571;2.0101;v26|SEASON|AWAY_STRONG|1.30|P2
v26;SEASON;AWAY_STRONG;1.1;8;11;138;39;177;77.9661;5;5;10;50.0;72;25;97;74.2268;66;14;80;82.5;110;32;142;77.4648;2026-08-13;1.4955;0.3571;1.3059;v26|SEASON|AWAY_STRONG|1.10|P8
v26;SEASON;AWAY_STRONG;1.1;9;11;137;39;176;77.8409;6;5;11;54.5455;71;25;96;73.9583;66;14;80;82.5;109;32;141;77.305;2026-08-13;1.3703;0.3571;1.1461;v26|SEASON|AWAY_STRONG|1.10|P9
v26;SEASON;AWAY_STRONG;1.1;10;11;137;39;176;77.8409;6;5;11;54.5455;71;25;96;73.9583;66;14;80;82.5;109;32;141;77.305;2026-08-13;1.3703;0.3571;1.1461;v26|SEASON|AWAY_STRONG|1.10|P10
v26;SEASON;AWAY_STRONG;1.1;11;11;137;39;176;77.8409;6;5;11;54.5455;71;25;96;73.9583;66;14;80;82.5;109;32;141;77.305;2026-08-13;1.3703;0.3571;1.1461;v26|SEASON|AWAY_STRONG|1.10|P11
v26;SEASON;AWAY_STRONG;1.1;12;11;137;39;176;77.8409;6;5;11;54.5455;71;25;96;73.9583;66;14;80;82.5;109;32;141;77.305;2026-08-13;1.3703;0.3571;1.1461;v26|SEASON|AWAY_STRONG|1.10|P12
v26;SEASON;AWAY_STRONG;1.1;13;11;137;39;176;77.8409;6;5;11;54.5455;71;25;96;73.9583;66;14;80;82.5;109;32;141;77.305;2026-08-13;1.3703;0.3571;1.1461;v26|SEASON|AWAY_STRONG|1.10|P13
v26;SEASON;AWAY_STRONG;1.1;14;11;137;39;176;77.8409;6;5;11;54.5455;71;25;96;73.9583;66;14;80;82.5;109;32;141;77.305;2026-08-13;1.3703;0.3571;1.1461;v26|SEASON|AWAY_STRONG|1.10|P14
v26;SEASON;AWAY_STRONG;1.1;15;11;137;39;176;77.8409;6;5;11;54.5455;71;25;96;73.9583;66;14;80;82.5;109;32;141;77.305;2026-08-13;1.3703;0.3571;1.1461;v26|SEASON|AWAY_STRONG|1.10|P15
v26;SEASON;AWAY_STRONG;1.2;2;19;139;40;179;77.6536;4;4;8;50.0;73;26;99;73.7374;66;14;80;82.5;111;32;143;77.6224;2026-08-13;1.183;0.3571;1.4635;v26|SEASON|AWAY_STRONG|1.20|P2
v26;SEASON;AWAY_STRONG;1.6;1;64;137;41;178;76.9663;6;3;9;66.6667;71;27;98;72.449;66;14;80;82.5;111;34;145;76.5517;2026-08-13;0.4957;0.3571;0.3928;v26|SEASON|AWAY_STRONG|1.60|P1
v26;LAST5;HOME_STRONG;0.8;7;17;134;42;176;76.1364;9;2;11;81.8182;68;28;96;70.8333;66;14;80;82.5;109;34;143;76.2238;2026-08-13;-0.3342;0.3571;0.0649;v26|LAST5|HOME_STRONG|0.80|P7
v26;LAST5;HOME_STRONG;0.8;8;17;134;42;176;76.1364;9;2;11;81.8182;68;28;96;70.8333;66;14;80;82.5;109;34;143;76.2238;2026-08-13;-0.3342;0.3571;0.0649;v26|LAST5|HOME_STRONG|0.80|P8
v26;LAST5;HOME_STRONG;0.8;9;17;134;42;176;76.1364;9;2;11;81.8182;68;28;96;70.8333;66;14;80;82.5;109;34;143;76.2238;2026-08-13;-0.3342;0.3571;0.0649;v26|LAST5|HOME_STRONG|0.80|P9
v26;SEASON;AWAY_STRONG;1.6;11;64;102;27;129;79.0698;41;17;58;70.6897;55;17;72;76.3889;47;10;57;82.4561;82;22;104;78.8462;2026-08-13;2.5992;0.3132;2.6873;v26|SEASON|AWAY_STRONG|1.60|P11
v26;SEASON;AWAY_STRONG;1.5;3;49;131;35;166;78.9157;12;9;21;57.1429;70;22;92;76.087;61;13;74;82.4324;103;28;131;78.626;2026-08-13;2.4451;0.2895;2.4671;v26|SEASON|AWAY_STRONG|1.50|P3
v26;SEASON;AWAY_STRONG;1.5;4;49;131;35;166;78.9157;12;9;21;57.1429;70;22;92;76.087;61;13;74;82.4324;103;28;131;78.626;2026-08-13;2.4451;0.2895;2.4671;v26|SEASON|AWAY_STRONG|1.50|P4
v26;SEASON;AWAY_STRONG;1.4;5;35;131;36;167;78.4431;12;8;20;60.0;70;23;93;75.2688;61;13;74;82.4324;103;29;132;78.0303;2026-08-13;1.9725;0.2895;1.8714;v26|SEASON|AWAY_STRONG|1.40|P5
v26;LAST5;HOME_STRONG;1.0;14;26;125;37;162;77.1605;18;7;25;72.0;64;24;88;72.7273;61;13;74;82.4324;103;30;133;77.4436;2026-08-13;0.6899;0.2895;1.2847;v26|LAST5|HOME_STRONG|1.00|P14
v26;LAST5;HOME_STRONG;1.1;14;26;125;37;162;77.1605;18;7;25;72.0;64;24;88;72.7273;61;13;74;82.4324;103;30;133;77.4436;2026-08-13;0.6899;0.2895;1.2847;v26|LAST5|HOME_STRONG|1.10|P14
v26;LAST5;HOME_STRONG;1.0;15;26;124;37;161;77.0186;19;7;26;73.0769;63;24;87;72.4138;61;13;74;82.4324;102;30;132;77.2727;2026-08-13;0.548;0.2895;1.1138;v26|LAST5|HOME_STRONG|1.00|P15
v26;LAST5;HOME_STRONG;1.1;15;26;124;37;161;77.0186;19;7;26;73.0769;63;24;87;72.4138;61;13;74;82.4324;102;30;132;77.2727;2026-08-13;0.548;0.2895;1.1138;v26|LAST5|HOME_STRONG|1.10|P15
v26;LAST5;HOME_STRONG;1.0;13;26;125;38;163;76.6871;18;6;24;75.0;64;25;89;71.9101;61;13;74;82.4324;103;31;134;76.8657;2026-08-13;0.2165;0.2895;0.7068;v26|LAST5|HOME_STRONG|1.00|P13
v26;LAST5;HOME_STRONG;1.1;13;26;125;38;163;76.6871;18;6;24;75.0;64;25;89;71.9101;61;13;74;82.4324;103;31;134;76.8657;2026-08-13;0.2165;0.2895;0.7068;v26|LAST5|HOME_STRONG|1.10|P13
v26;LAST5;HOME_STRONG;1.0;12;26;126;39;165;76.3636;17;5;22;77.2727;65;26;91;71.4286;61;13;74;82.4324;104;31;135;77.037;2026-08-13;-0.107;0.2895;0.8781;v26|LAST5|HOME_STRONG|1.00|P12
v26;LAST5;HOME_STRONG;1.1;12;26;126;39;165;76.3636;17;5;22;77.2727;65;26;91;71.4286;61;13;74;82.4324;104;31;135;77.037;2026-08-13;-0.107;0.2895;0.8781;v26|LAST5|HOME_STRONG|1.10|P12
v26;SEASON;AWAY_STRONG;1.4;11;35;122;34;156;78.2051;21;10;31;67.7419;66;22;88;75.0;56;12;68;82.3529;96;27;123;78.0488;2026-08-13;1.7345;0.21;1.8899;v26|SEASON|AWAY_STRONG|1.40|P11
v26;SEASON;AWAY_STRONG;1.4;2;35;138;38;176;78.4091;5;6;11;45.4545;73;24;97;75.2577;65;14;79;82.2785;110;30;140;78.5714;2026-08-13;1.9385;0.1356;2.4125;v26|SEASON|AWAY_STRONG|1.40|P2
v26;SEASON;AWAY_STRONG;1.2;3;19;137;40;177;77.4011;6;4;10;60.0;72;26;98;73.4694;65;14;79;82.2785;109;32;141;77.305;2026-08-13;0.9305;0.1356;1.1461;v26|SEASON|AWAY_STRONG|1.20|P3
v26;SEASON;AWAY_STRONG;1.2;4;19;137;40;177;77.4011;6;4;10;60.0;72;26;98;73.4694;65;14;79;82.2785;109;32;141;77.305;2026-08-13;0.9305;0.1356;1.1461;v26|SEASON|AWAY_STRONG|1.20|P4
v26;LAST5;HOME_STRONG;0.8;10;17;132;42;174;75.8621;11;2;13;84.6154;67;28;95;70.5263;65;14;79;82.2785;108;34;142;76.0563;2026-08-13;-0.6085;0.1356;-0.1026;v26|LAST5|HOME_STRONG|0.80|P10
v26;LAST5;HOME_STRONG;0.8;11;17;132;42;174;75.8621;11;2;13;84.6154;67;28;95;70.5263;65;14;79;82.2785;108;34;142;76.0563;2026-08-13;-0.6085;0.1356;-0.1026;v26|LAST5|HOME_STRONG|0.80|P11
v26;SEASON;AWAY_STRONG;1.5;11;49;113;30;143;79.021;30;14;44;68.1818;62;19;81;76.5432;51;11;62;82.2581;90;25;115;78.2609;2026-08-13;2.5504;0.1152;2.102;v26|SEASON|AWAY_STRONG|1.50|P11
v26;SEASON;AWAY_STRONG;1.6;3;64;127;34;161;78.882;16;10;26;61.5385;67;21;88;76.1364;60;13;73;82.1918;101;27;128;78.9062;2026-08-13;2.4114;0.0489;2.7473;v26|SEASON|AWAY_STRONG|1.60|P3
v26;SEASON;AWAY_STRONG;1.1;2;11;143;41;184;77.7174;0;3;3;0.0;74;26;100;74.0;69;15;84;82.1429;115;33;148;77.7027;2026-08-13;1.2468;0.0;1.5438;v26|SEASON|AWAY_STRONG|1.10|P2
v26;SEASON;AWAY_STRONG;1.0;2;8;143;42;185;77.2973;0;2;2;0.0;74;27;101;73.2673;69;15;84;82.1429;115;34;149;77.1812;2026-08-13;0.8267;0.0;1.0223;v26|SEASON|AWAY_STRONG|1.00|P2
v26;SEASON;AWAY_STRONG;1.0;3;8;142;42;184;77.1739;1;2;3;33.3333;73;27;100;73.0;69;15;84;82.1429;114;34;148;77.027;2026-08-13;0.7033;0.0;0.8681;v26|SEASON|AWAY_STRONG|1.00|P3
v26;SEASON;AWAY_STRONG;1.0;4;8;142;42;184;77.1739;1;2;3;33.3333;73;27;100;73.0;69;15;84;82.1429;114;34;148;77.027;2026-08-13;0.7033;0.0;0.8681;v26|SEASON|AWAY_STRONG|1.00|P4
v26;SEASON;AWAY_STRONG;1.0;5;8;141;42;183;77.0492;2;2;4;50.0;72;27;99;72.7273;69;15;84;82.1429;113;34;147;76.8707;2026-08-13;0.5786;0.0;0.7118;v26|SEASON|AWAY_STRONG|1.00|P5
v26;SEASON;AWAY_STRONG;1.0;1;8;143;43;186;76.8817;0;1;1;0.0;74;28;102;72.549;69;15;84;82.1429;115;35;150;76.6667;2026-08-13;0.4111;0.0;0.5078;v26|SEASON|AWAY_STRONG|1.00|P1
v26;SEASON;AWAY_STRONG;1.1;1;11;143;43;186;76.8817;0;1;1;0.0;74;28;102;72.549;69;15;84;82.1429;115;35;150;76.6667;2026-08-13;0.4111;0.0;0.5078;v26|SEASON|AWAY_STRONG|1.10|P1
v26;SEASON;BOTH_STRONG;1.5;1;4;143;43;186;76.8817;0;1;1;0.0;74;28;102;72.549;69;15;84;82.1429;115;35;150;76.6667;2026-08-13;0.4111;0.0;0.5078;v26|SEASON|BOTH_STRONG|1.50|P1
v26;LAST5;BOTH_STRONG;0.8;6;1;143;43;186;76.8817;0;1;1;0.0;74;28;102;72.549;69;15;84;82.1429;115;35;150;76.6667;2026-08-13;0.4111;0.0;0.5078;v26|LAST5|BOTH_STRONG|0.80|P6
v26;LAST5;BOTH_STRONG;0.8;7;1;143;43;186;76.8817;0;1;1;0.0;74;28;102;72.549;69;15;84;82.1429;115;35;150;76.6667;2026-08-13;0.4111;0.0;0.5078;v26|LAST5|BOTH_STRONG|0.80|P7
v26;LAST5;BOTH_STRONG;0.8;8;1;143;43;186;76.8817;0;1;1;0.0;74;28;102;72.549;69;15;84;82.1429;115;35;150;76.6667;2026-08-13;0.4111;0.0;0.5078;v26|LAST5|BOTH_STRONG|0.80|P8
v26;LAST5;BOTH_STRONG;0.8;9;1;143;43;186;76.8817;0;1;1;0.0;74;28;102;72.549;69;15;84;82.1429;115;35;150;76.6667;2026-08-13;0.4111;0.0;0.5078;v26|LAST5|BOTH_STRONG|0.80|P9
v26;LAST5;BOTH_STRONG;0.8;10;1;143;43;186;76.8817;0;1;1;0.0;74;28;102;72.549;69;15;84;82.1429;115;35;150;76.6667;2026-08-13;0.4111;0.0;0.5078;v26|LAST5|BOTH_STRONG|0.80|P10
v26;LAST5;BOTH_STRONG;0.8;11;1;143;43;186;76.8817;0;1;1;0.0;74;28;102;72.549;69;15;84;82.1429;115;35;150;76.6667;2026-08-13;0.4111;0.0;0.5078;v26|LAST5|BOTH_STRONG|0.80|P11
v26;LAST5;BOTH_STRONG;0.8;12;1;143;43;186;76.8817;0;1;1;0.0;74;28;102;72.549;69;15;84;82.1429;115;35;150;76.6667;2026-08-13;0.4111;0.0;0.5078;v26|LAST5|BOTH_STRONG|0.80|P12
v26;LAST5;BOTH_STRONG;0.8;13;1;143;43;186;76.8817;0;1;1;0.0;74;28;102;72.549;69;15;84;82.1429;115;35;150;76.6667;2026-08-13;0.4111;0.0;0.5078;v26|LAST5|BOTH_STRONG|0.80|P13
v26;LAST5;BOTH_STRONG;0.8;14;1;143;43;186;76.8817;0;1;1;0.0;74;28;102;72.549;69;15;84;82.1429;115;35;150;76.6667;2026-08-13;0.4111;0.0;0.5078;v26|LAST5|BOTH_STRONG|0.80|P14
v26;LAST5;BOTH_STRONG;0.8;15;1;143;43;186;76.8817;0;1;1;0.0;74;28;102;72.549;69;15;84;82.1429;115;35;150;76.6667;2026-08-13;0.4111;0.0;0.5078;v26|LAST5|BOTH_STRONG|0.80|P15
v26;SEASON;BOTH_STRONG;1.6;1;10;142;43;185;76.7568;1;1;2;50.0;73;28;101;72.2772;69;15;84;82.1429;114;35;149;76.5101;2026-08-13;0.2862;0.0;0.3512;v26|SEASON|BOTH_STRONG|1.60|P1
v26;SEASON;HOME_STRONG;0.8;1;3;143;44;187;76.4706;0;0;0;0.0;74;29;103;71.8447;69;15;84;82.1429;115;36;151;76.1589;2026-08-13;0.0;0.0;0.0;v26|SEASON|HOME_STRONG|0.80|P1
v26;SEASON;HOME_STRONG;0.8;2;3;143;44;187;76.4706;0;0;0;0.0;74;29;103;71.8447;69;15;84;82.1429;115;36;151;76.1589;2026-08-13;0.0;0.0;0.0;v26|SEASON|HOME_STRONG|0.80|P2
v26;SEASON;HOME_STRONG;0.8;3;3;143;44;187;76.4706;0;0;0;0.0;74;29;103;71.8447;69;15;84;82.1429;115;36;151;76.1589;2026-08-13;0.0;0.0;0.0;v26|SEASON|HOME_STRONG|0.80|P3
v26;SEASON;HOME_STRONG;0.8;4;3;143;44;187;76.4706;0;0;0;0.0;74;29;103;71.8447;69;15;84;82.1429;115;36;151;76.1589;2026-08-13;0.0;0.0;0.0;v26|SEASON|HOME_STRONG|0.80|P4
v26;SEASON;AWAY_STRONG;0.8;1;2;143;44;187;76.4706;0;0;0;0.0;74;29;103;71.8447;69;15;84;82.1429;115;36;151;76.1589;2026-08-13;0.0;0.0;0.0;v26|SEASON|AWAY_STRONG|0.80|P1
v26;SEASON;AWAY_STRONG;0.8;2;2;143;44;187;76.4706;0;0;0;0.0;74;29;103;71.8447;69;15;84;82.1429;115;36;151;76.1589;2026-08-13;0.0;0.0;0.0;v26|SEASON|AWAY_STRONG|0.80|P2
v26;SEASON;AT_LEAST_ONE_STRONG;0.8;1;5;143;44;187;76.4706;0;0;0;0.0;74;29;103;71.8447;69;15;84;82.1429;115;36;151;76.1589;2026-08-13;0.0;0.0;0.0;v26|SEASON|AT_LEAST_ONE_STRONG|0.80|P1
v26;SEASON;AT_LEAST_ONE_STRONG;0.8;2;5;143;44;187;76.4706;0;0;0;0.0;74;29;103;71.8447;69;15;84;82.1429;115;36;151;76.1589;2026-08-13;0.0;0.0;0.0;v26|SEASON|AT_LEAST_ONE_STRONG|0.80|P2
v26;SEASON;BOTH_STRONG;0.8;1;0;143;44;187;76.4706;0;0;0;0.0;74;29;103;71.8447;69;15;84;82.1429;115;36;151;76.1589;2026-08-13;0.0;0.0;0.0;v26|SEASON|BOTH_STRONG|0.80|P1
v26;SEASON;BOTH_STRONG;0.8;2;0;143;44;187;76.4706;0;0;0;0.0;74;29;103;71.8447;69;15;84;82.1429;115;36;151;76.1589;2026-08-13;0.0;0.0;0.0;v26|SEASON|BOTH_STRONG|0.80|P2
v26;SEASON;BOTH_STRONG;0.8;3;0;143;44;187;76.4706;0;0;0;0.0;74;29;103;71.8447;69;15;84;82.1429;115;36;151;76.1589;2026-08-13;0.0;0.0;0.0;v26|SEASON|BOTH_STRONG|0.80|P3
v26;SEASON;BOTH_STRONG;0.8;4;0;143;44;187;76.4706;0;0;0;0.0;74;29;103;71.8447;69;15;84;82.1429;115;36;151;76.1589;2026-08-13;0.0;0.0;0.0;v26|SEASON|BOTH_STRONG|0.80|P4
v26;SEASON;BOTH_STRONG;0.8;5;0;143;44;187;76.4706;0;0;0;0.0;74;29;103;71.8447;69;15;84;82.1429;115;36;151;76.1589;2026-08-13;0.0;0.0;0.0;v26|SEASON|BOTH_STRONG|0.80|P5
v26;SEASON;BOTH_STRONG;0.8;6;0;143;44;187;76.4706;0;0;0;0.0;74;29;103;71.8447;69;15;84;82.1429;115;36;151;76.1589;2026-08-13;0.0;0.0;0.0;v26|SEASON|BOTH_STRONG|0.80|P6
v26;SEASON;BOTH_STRONG;0.8;7;0;143;44;187;76.4706;0;0;0;0.0;74;29;103;71.8447;69;15;84;82.1429;115;36;151;76.1589;2026-08-13;0.0;0.0;0.0;v26|SEASON|BOTH_STRONG|0.80|P7
v26;SEASON;BOTH_STRONG;0.8;8;0;143;44;187;76.4706;0;0;0;0.0;74;29;103;71.8447;69;15;84;82.1429;115;36;151;76.1589;2026-08-13;0.0;0.0;0.0;v26|SEASON|BOTH_STRONG|0.80|P8
v26;SEASON;BOTH_STRONG;0.8;9;0;143;44;187;76.4706;0;0;0;0.0;74;29;103;71.8447;69;15;84;82.1429;115;36;151;76.1589;2026-08-13;0.0;0.0;0.0;v26|SEASON|BOTH_STRONG|0.80|P9
v26;SEASON;BOTH_STRONG;0.8;10;0;143;44;187;76.4706;0;0;0;0.0;74;29;103;71.8447;69;15;84;82.1429;115;36;151;76.1589;2026-08-13;0.0;0.0;0.0;v26|SEASON|BOTH_STRONG|0.80|P10
v26;SEASON;BOTH_STRONG;0.8;11;0;143;44;187;76.4706;0;0;0;0.0;74;29;103;71.8447;69;15;84;82.1429;115;36;151;76.1589;2026-08-13;0.0;0.0;0.0;v26|SEASON|BOTH_STRONG|0.80|P11
v26;SEASON;BOTH_STRONG;0.8;12;0;143;44;187;76.4706;0;0;0;0.0;74;29;103;71.8447;69;15;84;82.1429;115;36;151;76.1589;2026-08-13;0.0;0.0;0.0;v26|SEASON|BOTH_STRONG|0.80|P12
v26;SEASON;BOTH_STRONG;0.8;13;0;143;44;187;76.4706;0;0;0;0.0;74;29;103;71.8447;69;15;84;82.1429;115;36;151;76.1589;2026-08-13;0.0;0.0;0.0;v26|SEASON|BOTH_STRONG|0.80|P13
v26;SEASON;BOTH_STRONG;0.8;14;0;143;44;187;76.4706;0;0;0;0.0;74;29;103;71.8447;69;15;84;82.1429;115;36;151;76.1589;2026-08-13;0.0;0.0;0.0;v26|SEASON|BOTH_STRONG|0.80|P14
v26;SEASON;BOTH_STRONG;0.8;15;0;143;44;187;76.4706;0;0;0;0.0;74;29;103;71.8447;69;15;84;82.1429;115;36;151;76.1589;2026-08-13;0.0;0.0;0.0;v26|SEASON|BOTH_STRONG|0.80|P15
v26;SEASON;BOTH_STRONG;1.0;1;0;143;44;187;76.4706;0;0;0;0.0;74;29;103;71.8447;69;15;84;82.1429;115;36;151;76.1589;2026-08-13;0.0;0.0;0.0;v26|SEASON|BOTH_STRONG|1.00|P1
v26;SEASON;BOTH_STRONG;1.0;2;0;143;44;187;76.4706;0;0;0;0.0;74;29;103;71.8447;69;15;84;82.1429;115;36;151;76.1589;2026-08-13;0.0;0.0;0.0;v26|SEASON|BOTH_STRONG|1.00|P2
v26;SEASON;BOTH_STRONG;1.0;3;0;143;44;187;76.4706;0;0;0;0.0;74;29;103;71.8447;69;15;84;82.1429;115;36;151;76.1589;2026-08-13;0.0;0.0;0.0;v26|SEASON|BOTH_STRONG|1.00|P3
v26;SEASON;BOTH_STRONG;1.0;4;0;143;44;187;76.4706;0;0;0;0.0;74;29;103;71.8447;69;15;84;82.1429;115;36;151;76.1589;2026-08-13;0.0;0.0;0.0;v26|SEASON|BOTH_STRONG|1.00|P4
v26;SEASON;BOTH_STRONG;1.0;5;0;143;44;187;76.4706;0;0;0;0.0;74;29;103;71.8447;69;15;84;82.1429;115;36;151;76.1589;2026-08-13;0.0;0.0;0.0;v26|SEASON|BOTH_STRONG|1.00|P5
v26;SEASON;BOTH_STRONG;1.0;6;0;143;44;187;76.4706;0;0;0;0.0;74;29;103;71.8447;69;15;84;82.1429;115;36;151;76.1589;2026-08-13;0.0;0.0;0.0;v26|SEASON|BOTH_STRONG|1.00|P6
v26;SEASON;BOTH_STRONG;1.0;7;0;143;44;187;76.4706;0;0;0;0.0;74;29;103;71.8447;69;15;84;82.1429;115;36;151;76.1589;2026-08-13;0.0;0.0;0.0;v26|SEASON|BOTH_STRONG|1.00|P7
v26;SEASON;BOTH_STRONG;1.0;8;0;143;44;187;76.4706;0;0;0;0.0;74;29;103;71.8447;69;15;84;82.1429;115;36;151;76.1589;2026-08-13;0.0;0.0;0.0;v26|SEASON|BOTH_STRONG|1.00|P8
v26;SEASON;BOTH_STRONG;1.0;9;0;143;44;187;76.4706;0;0;0;0.0;74;29;103;71.8447;69;15;84;82.1429;115;36;151;76.1589;2026-08-13;0.0;0.0;0.0;v26|SEASON|BOTH_STRONG|1.00|P9
v26;SEASON;BOTH_STRONG;1.0;10;0;143;44;187;76.4706;0;0;0;0.0;74;29;103;71.8447;69;15;84;82.1429;115;36;151;76.1589;2026-08-13;0.0;0.0;0.0;v26|SEASON|BOTH_STRONG|1.00|P10
v26;SEASON;BOTH_STRONG;1.0;11;0;143;44;187;76.4706;0;0;0;0.0;74;29;103;71.8447;69;15;84;82.1429;115;36;151;76.1589;2026-08-13;0.0;0.0;0.0;v26|SEASON|BOTH_STRONG|1.00|P11
v26;SEASON;BOTH_STRONG;1.0;12;0;143;44;187;76.4706;0;0;0;0.0;74;29;103;71.8447;69;15;84;82.1429;115;36;151;76.1589;2026-08-13;0.0;0.0;0.0;v26|SEASON|BOTH_STRONG|1.00|P12
v26;SEASON;BOTH_STRONG;1.0;13;0;143;44;187;76.4706;0;0;0;0.0;74;29;103;71.8447;69;15;84;82.1429;115;36;151;76.1589;2026-08-13;0.0;0.0;0.0;v26|SEASON|BOTH_STRONG|1.00|P13
v26;SEASON;BOTH_STRONG;1.0;14;0;143;44;187;76.4706;0;0;0;0.0;74;29;103;71.8447;69;15;84;82.1429;115;36;151;76.1589;2026-08-13;0.0;0.0;0.0;v26|SEASON|BOTH_STRONG|1.00|P14
v26;SEASON;BOTH_STRONG;1.0;15;0;143;44;187;76.4706;0;0;0;0.0;74;29;103;71.8447;69;15;84;82.1429;115;36;151;76.1589;2026-08-13;0.0;0.0;0.0;v26|SEASON|BOTH_STRONG|1.00|P15
v26;SEASON;BOTH_STRONG;1.1;1;0;143;44;187;76.4706;0;0;0;0.0;74;29;103;71.8447;69;15;84;82.1429;115;36;151;76.1589;2026-08-13;0.0;0.0;0.0;v26|SEASON|BOTH_STRONG|1.10|P1
v26;SEASON;BOTH_STRONG;1.1;2;0;143;44;187;76.4706;0;0;0;0.0;74;29;103;71.8447;69;15;84;82.1429;115;36;151;76.1589;2026-08-13;0.0;0.0;0.0;v26|SEASON|BOTH_STRONG|1.10|P2
v26;SEASON;BOTH_STRONG;1.1;3;0;143;44;187;76.4706;0;0;0;0.0;74;29;103;71.8447;69;15;84;82.1429;115;36;151;76.1589;2026-08-13;0.0;0.0;0.0;v26|SEASON|BOTH_STRONG|1.10|P3
v26;SEASON;BOTH_STRONG;1.1;4;0;143;44;187;76.4706;0;0;0;0.0;74;29;103;71.8447;69;15;84;82.1429;115;36;151;76.1589;2026-08-13;0.0;0.0;0.0;v26|SEASON|BOTH_STRONG|1.10|P4
v26;SEASON;BOTH_STRONG;1.1;5;0;143;44;187;76.4706;0;0;0;0.0;74;29;103;71.8447;69;15;84;82.1429;115;36;151;76.1589;2026-08-13;0.0;0.0;0.0;v26|SEASON|BOTH_STRONG|1.10|P5
v26;SEASON;BOTH_STRONG;1.1;6;0;143;44;187;76.4706;0;0;0;0.0;74;29;103;71.8447;69;15;84;82.1429;115;36;151;76.1589;2026-08-13;0.0;0.0;0.0;v26|SEASON|BOTH_STRONG|1.10|P6
v26;SEASON;BOTH_STRONG;1.1;7;0;143;44;187;76.4706;0;0;0;0.0;74;29;103;71.8447;69;15;84;82.1429;115;36;151;76.1589;2026-08-13;0.0;0.0;0.0;v26|SEASON|BOTH_STRONG|1.10|P7
v26;SEASON;BOTH_STRONG;1.1;8;0;143;44;187;76.4706;0;0;0;0.0;74;29;103;71.8447;69;15;84;82.1429;115;36;151;76.1589;2026-08-13;0.0;0.0;0.0;v26|SEASON|BOTH_STRONG|1.10|P8
v26;SEASON;BOTH_STRONG;1.1;9;0;143;44;187;76.4706;0;0;0;0.0;74;29;103;71.8447;69;15;84;82.1429;115;36;151;76.1589;2026-08-13;0.0;0.0;0.0;v26|SEASON|BOTH_STRONG|1.10|P9
v26;SEASON;BOTH_STRONG;1.1;10;0;143;44;187;76.4706;0;0;0;0.0;74;29;103;71.8447;69;15;84;82.1429;115;36;151;76.1589;2026-08-13;0.0;0.0;0.0;v26|SEASON|BOTH_STRONG|1.10|P10
v26;SEASON;BOTH_STRONG;1.1;11;0;143;44;187;76.4706;0;0;0;0.0;74;29;103;71.8447;69;15;84;82.1429;115;36;151;76.1589;2026-08-13;0.0;0.0;0.0;v26|SEASON|BOTH_STRONG|1.10|P11
v26;SEASON;BOTH_STRONG;1.1;12;0;143;44;187;76.4706;0;0;0;0.0;74;29;103;71.8447;69;15;84;82.1429;115;36;151;76.1589;2026-08-13;0.0;0.0;0.0;v26|SEASON|BOTH_STRONG|1.10|P12
v26;SEASON;BOTH_STRONG;1.1;13;0;143;44;187;76.4706;0;0;0;0.0;74;29;103;71.8447;69;15;84;82.1429;115;36;151;76.1589;2026-08-13;0.0;0.0;0.0;v26|SEASON|BOTH_STRONG|1.10|P13
v26;SEASON;BOTH_STRONG;1.1;14;0;143;44;187;76.4706;0;0;0;0.0;74;29;103;71.8447;69;15;84;82.1429;115;36;151;76.1589;2026-08-13;0.0;0.0;0.0;v26|SEASON|BOTH_STRONG|1.10|P14
v26;SEASON;BOTH_STRONG;1.1;15;0;143;44;187;76.4706;0;0;0;0.0;74;29;103;71.8447;69;15;84;82.1429;115;36;151;76.1589;2026-08-13;0.0;0.0;0.0;v26|SEASON|BOTH_STRONG|1.10|P15
v26;SEASON;BOTH_STRONG;1.2;1;0;143;44;187;76.4706;0;0;0;0.0;74;29;103;71.8447;69;15;84;82.1429;115;36;151;76.1589;2026-08-13;0.0;0.0;0.0;v26|SEASON|BOTH_STRONG|1.20|P1
v26;SEASON;BOTH_STRONG;1.2;2;0;143;44;187;76.4706;0;0;0;0.0;74;29;103;71.8447;69;15;84;82.1429;115;36;151;76.1589;2026-08-13;0.0;0.0;0.0;v26|SEASON|BOTH_STRONG|1.20|P2
v26;SEASON;BOTH_STRONG;1.2;3;0;143;44;187;76.4706;0;0;0;0.0;74;29;103;71.8447;69;15;84;82.1429;115;36;151;76.1589;2026-08-13;0.0;0.0;0.0;v26|SEASON|BOTH_STRONG|1.20|P3
v26;SEASON;BOTH_STRONG;1.2;4;0;143;44;187;76.4706;0;0;0;0.0;74;29;103;71.8447;69;15;84;82.1429;115;36;151;76.1589;2026-08-13;0.0;0.0;0.0;v26|SEASON|BOTH_STRONG|1.20|P4
v26;SEASON;BOTH_STRONG;1.2;5;0;143;44;187;76.4706;0;0;0;0.0;74;29;103;71.8447;69;15;84;82.1429;115;36;151;76.1589;2026-08-13;0.0;0.0;0.0;v26|SEASON|BOTH_STRONG|1.20|P5
v26;SEASON;BOTH_STRONG;1.2;6;0;143;44;187;76.4706;0;0;0;0.0;74;29;103;71.8447;69;15;84;82.1429;115;36;151;76.1589;2026-08-13;0.0;0.0;0.0;v26|SEASON|BOTH_STRONG|1.20|P6
v26;SEASON;BOTH_STRONG;1.2;7;0;143;44;187;76.4706;0;0;0;0.0;74;29;103;71.8447;69;15;84;82.1429;115;36;151;76.1589;2026-08-13;0.0;0.0;0.0;v26|SEASON|BOTH_STRONG|1.20|P7
v26;SEASON;BOTH_STRONG;1.2;8;0;143;44;187;76.4706;0;0;0;0.0;74;29;103;71.8447;69;15;84;82.1429;115;36;151;76.1589;2026-08-13;0.0;0.0;0.0;v26|SEASON|BOTH_STRONG|1.20|P8
v26;SEASON;BOTH_STRONG;1.2;9;0;143;44;187;76.4706;0;0;0;0.0;74;29;103;71.8447;69;15;84;82.1429;115;36;151;76.1589;2026-08-13;0.0;0.0;0.0;v26|SEASON|BOTH_STRONG|1.20|P9
v26;SEASON;BOTH_STRONG;1.2;10;0;143;44;187;76.4706;0;0;0;0.0;74;29;103;71.8447;69;15;84;82.1429;115;36;151;76.1589;2026-08-13;0.0;0.0;0.0;v26|SEASON|BOTH_STRONG|1.20|P10
v26;SEASON;BOTH_STRONG;1.2;11;0;143;44;187;76.4706;0;0;0;0.0;74;29;103;71.8447;69;15;84;82.1429;115;36;151;76.1589;2026-08-13;0.0;0.0;0.0;v26|SEASON|BOTH_STRONG|1.20|P11
v26;SEASON;BOTH_STRONG;1.2;12;0;143;44;187;76.4706;0;0;0;0.0;74;29;103;71.8447;69;15;84;82.1429;115;36;151;76.1589;2026-08-13;0.0;0.0;0.0;v26|SEASON|BOTH_STRONG|1.20|P12
v26;SEASON;BOTH_STRONG;1.2;13;0;143;44;187;76.4706;0;0;0;0.0;74;29;103;71.8447;69;15;84;82.1429;115;36;151;76.1589;2026-08-13;0.0;0.0;0.0;v26|SEASON|BOTH_STRONG|1.20|P13
v26;SEASON;BOTH_STRONG;1.2;14;0;143;44;187;76.4706;0;0;0;0.0;74;29;103;71.8447;69;15;84;82.1429;115;36;151;76.1589;2026-08-13;0.0;0.0;0.0;v26|SEASON|BOTH_STRONG|1.20|P14
v26;SEASON;BOTH_STRONG;1.2;15;0;143;44;187;76.4706;0;0;0;0.0;74;29;103;71.8447;69;15;84;82.1429;115;36;151;76.1589;2026-08-13;0.0;0.0;0.0;v26|SEASON|BOTH_STRONG|1.20|P15
v26;SEASON;BOTH_STRONG;1.3;1;0;143;44;187;76.4706;0;0;0;0.0;74;29;103;71.8447;69;15;84;82.1429;115;36;151;76.1589;2026-08-13;0.0;0.0;0.0;v26|SEASON|BOTH_STRONG|1.30|P1
v26;SEASON;BOTH_STRONG;1.3;2;0;143;44;187;76.4706;0;0;0;0.0;74;29;103;71.8447;69;15;84;82.1429;115;36;151;76.1589;2026-08-13;0.0;0.0;0.0;v26|SEASON|BOTH_STRONG|1.30|P2
v26;SEASON;BOTH_STRONG;1.3;3;0;143;44;187;76.4706;0;0;0;0.0;74;29;103;71.8447;69;15;84;82.1429;115;36;151;76.1589;2026-08-13;0.0;0.0;0.0;v26|SEASON|BOTH_STRONG|1.30|P3
v26;SEASON;BOTH_STRONG;1.3;4;0;143;44;187;76.4706;0;0;0;0.0;74;29;103;71.8447;69;15;84;82.1429;115;36;151;76.1589;2026-08-13;0.0;0.0;0.0;v26|SEASON|BOTH_STRONG|1.30|P4
v26;SEASON;BOTH_STRONG;1.3;5;0;143;44;187;76.4706;0;0;0;0.0;74;29;103;71.8447;69;15;84;82.1429;115;36;151;76.1589;2026-08-13;0.0;0.0;0.0;v26|SEASON|BOTH_STRONG|1.30|P5
v26;SEASON;BOTH_STRONG;1.3;6;0;143;44;187;76.4706;0;0;0;0.0;74;29;103;71.8447;69;15;84;82.1429;115;36;151;76.1589;2026-08-13;0.0;0.0;0.0;v26|SEASON|BOTH_STRONG|1.30|P6
v26;SEASON;BOTH_STRONG;1.3;7;0;143;44;187;76.4706;0;0;0;0.0;74;29;103;71.8447;69;15;84;82.1429;115;36;151;76.1589;2026-08-13;0.0;0.0;0.0;v26|SEASON|BOTH_STRONG|1.30|P7
v26;SEASON;BOTH_STRONG;1.3;8;0;143;44;187;76.4706;0;0;0;0.0;74;29;103;71.8447;69;15;84;82.1429;115;36;151;76.1589;2026-08-13;0.0;0.0;0.0;v26|SEASON|BOTH_STRONG|1.30|P8
v26;SEASON;BOTH_STRONG;1.3;9;0;143;44;187;76.4706;0;0;0;0.0;74;29;103;71.8447;69;15;84;82.1429;115;36;151;76.1589;2026-08-13;0.0;0.0;0.0;v26|SEASON|BOTH_STRONG|1.30|P9
v26;SEASON;BOTH_STRONG;1.3;10;0;143;44;187;76.4706;0;0;0;0.0;74;29;103;71.8447;69;15;84;82.1429;115;36;151;76.1589;2026-08-13;0.0;0.0;0.0;v26|SEASON|BOTH_STRONG|1.30|P10
v26;SEASON;BOTH_STRONG;1.3;11;0;143;44;187;76.4706;0;0;0;0.0;74;29;103;71.8447;69;15;84;82.1429;115;36;151;76.1589;2026-08-13;0.0;0.0;0.0;v26|SEASON|BOTH_STRONG|1.30|P11
v26;SEASON;BOTH_STRONG;1.3;12;0;143;44;187;76.4706;0;0;0;0.0;74;29;103;71.8447;69;15;84;82.1429;115;36;151;76.1589;2026-08-13;0.0;0.0;0.0;v26|SEASON|BOTH_STRONG|1.30|P12
v26;SEASON;BOTH_STRONG;1.3;13;0;143;44;187;76.4706;0;0;0;0.0;74;29;103;71.8447;69;15;84;82.1429;115;36;151;76.1589;2026-08-13;0.0;0.0;0.0;v26|SEASON|BOTH_STRONG|1.30|P13
v26;SEASON;BOTH_STRONG;1.3;14;0;143;44;187;76.4706;0;0;0;0.0;74;29;103;71.8447;69;15;84;82.1429;115;36;151;76.1589;2026-08-13;0.0;0.0;0.0;v26|SEASON|BOTH_STRONG|1.30|P14
v26;SEASON;BOTH_STRONG;1.3;15;0;143;44;187;76.4706;0;0;0;0.0;74;29;103;71.8447;69;15;84;82.1429;115;36;151;76.1589;2026-08-13;0.0;0.0;0.0;v26|SEASON|BOTH_STRONG|1.30|P15
v26;SEASON;BOTH_STRONG;1.4;1;2;143;44;187;76.4706;0;0;0;0.0;74;29;103;71.8447;69;15;84;82.1429;115;36;151;76.1589;2026-08-13;0.0;0.0;0.0;v26|SEASON|BOTH_STRONG|1.40|P1
v26;LAST5;HOME_STRONG;0.8;1;17;143;44;187;76.4706;0;0;0;0.0;74;29;103;71.8447;69;15;84;82.1429;115;36;151;76.1589;2026-08-13;0.0;0.0;0.0;v26|LAST5|HOME_STRONG|0.80|P1
v26;LAST5;HOME_STRONG;0.8;2;17;143;44;187;76.4706;0;0;0;0.0;74;29;103;71.8447;69;15;84;82.1429;115;36;151;76.1589;2026-08-13;0.0;0.0;0.0;v26|LAST5|HOME_STRONG|0.80|P2
v26;LAST5;BOTH_STRONG;0.8;1;1;143;44;187;76.4706;0;0;0;0.0;74;29;103;71.8447;69;15;84;82.1429;115;36;151;76.1589;2026-08-13;0.0;0.0;0.0;v26|LAST5|BOTH_STRONG|0.80|P1
v26;LAST5;BOTH_STRONG;0.8;2;1;143;44;187;76.4706;0;0;0;0.0;74;29;103;71.8447;69;15;84;82.1429;115;36;151;76.1589;2026-08-13;0.0;0.0;0.0;v26|LAST5|BOTH_STRONG|0.80|P2
v26;LAST5;BOTH_STRONG;0.8;3;1;143;44;187;76.4706;0;0;0;0.0;74;29;103;71.8447;69;15;84;82.1429;115;36;151;76.1589;2026-08-13;0.0;0.0;0.0;v26|LAST5|BOTH_STRONG|0.80|P3
v26;LAST5;BOTH_STRONG;0.8;4;1;143;44;187;76.4706;0;0;0;0.0;74;29;103;71.8447;69;15;84;82.1429;115;36;151;76.1589;2026-08-13;0.0;0.0;0.0;v26|LAST5|BOTH_STRONG|0.80|P4
v26;LAST5;BOTH_STRONG;0.8;5;1;143;44;187;76.4706;0;0;0;0.0;74;29;103;71.8447;69;15;84;82.1429;115;36;151;76.1589;2026-08-13;0.0;0.0;0.0;v26|LAST5|BOTH_STRONG|0.80|P5
v26;SEASON;HOME_STRONG;0.8;5;3;142;44;186;76.3441;1;0;1;100.0;73;29;102;71.5686;69;15;84;82.1429;114;36;150;76.0;2026-08-13;-0.1265;0.0;-0.1589;v26|SEASON|HOME_STRONG|0.80|P5
v26;SEASON;HOME_STRONG;0.8;6;3;142;44;186;76.3441;1;0;1;100.0;73;29;102;71.5686;69;15;84;82.1429;114;36;150;76.0;2026-08-13;-0.1265;0.0;-0.1589;v26|SEASON|HOME_STRONG|0.80|P6
v26;SEASON;AWAY_STRONG;0.8;3;2;142;44;186;76.3441;1;0;1;100.0;73;29;102;71.5686;69;15;84;82.1429;114;36;150;76.0;2026-08-13;-0.1265;0.0;-0.1589;v26|SEASON|AWAY_STRONG|0.80|P3
v26;SEASON;AWAY_STRONG;0.8;4;2;142;44;186;76.3441;1;0;1;100.0;73;29;102;71.5686;69;15;84;82.1429;114;36;150;76.0;2026-08-13;-0.1265;0.0;-0.1589;v26|SEASON|AWAY_STRONG|0.80|P4
v26;SEASON;AWAY_STRONG;0.8;5;2;142;44;186;76.3441;1;0;1;100.0;73;29;102;71.5686;69;15;84;82.1429;114;36;150;76.0;2026-08-13;-0.1265;0.0;-0.1589;v26|SEASON|AWAY_STRONG|0.80|P5
v26;SEASON;AWAY_STRONG;0.8;6;2;142;44;186;76.3441;1;0;1;100.0;73;29;102;71.5686;69;15;84;82.1429;114;36;150;76.0;2026-08-13;-0.1265;0.0;-0.1589;v26|SEASON|AWAY_STRONG|0.80|P6
v26;SEASON;AWAY_STRONG;0.8;7;2;142;44;186;76.3441;1;0;1;100.0;73;29;102;71.5686;69;15;84;82.1429;114;36;150;76.0;2026-08-13;-0.1265;0.0;-0.1589;v26|SEASON|AWAY_STRONG|0.80|P7
v26;SEASON;AWAY_STRONG;0.8;8;2;142;44;186;76.3441;1;0;1;100.0;73;29;102;71.5686;69;15;84;82.1429;114;36;150;76.0;2026-08-13;-0.1265;0.0;-0.1589;v26|SEASON|AWAY_STRONG|0.80|P8
v26;SEASON;AT_LEAST_ONE_STRONG;0.8;3;5;142;44;186;76.3441;1;0;1;100.0;73;29;102;71.5686;69;15;84;82.1429;114;36;150;76.0;2026-08-13;-0.1265;0.0;-0.1589;v26|SEASON|AT_LEAST_ONE_STRONG|0.80|P3
v26;SEASON;AT_LEAST_ONE_STRONG;0.8;4;5;142;44;186;76.3441;1;0;1;100.0;73;29;102;71.5686;69;15;84;82.1429;114;36;150;76.0;2026-08-13;-0.1265;0.0;-0.1589;v26|SEASON|AT_LEAST_ONE_STRONG|0.80|P4
v26;LAST5;HOME_STRONG;0.8;3;17;142;44;186;76.3441;1;0;1;100.0;73;29;102;71.5686;69;15;84;82.1429;115;36;151;76.1589;2026-08-13;-0.1265;0.0;0.0;v26|LAST5|HOME_STRONG|0.80|P3
v26;LAST5;BOTH_STRONG;1.0;1;4;142;44;186;76.3441;1;0;1;100.0;73;29;102;71.5686;69;15;84;82.1429;115;36;151;76.1589;2026-08-13;-0.1265;0.0;0.0;v26|LAST5|BOTH_STRONG|1.00|P1
v26;LAST5;BOTH_STRONG;1.0;2;4;142;44;186;76.3441;1;0;1;100.0;73;29;102;71.5686;69;15;84;82.1429;115;36;151;76.1589;2026-08-13;-0.1265;0.0;0.0;v26|LAST5|BOTH_STRONG|1.00|P2
v26;LAST5;BOTH_STRONG;1.0;3;4;142;44;186;76.3441;1;0;1;100.0;73;29;102;71.5686;69;15;84;82.1429;115;36;151;76.1589;2026-08-13;-0.1265;0.0;0.0;v26|LAST5|BOTH_STRONG|1.00|P3
v26;LAST5;BOTH_STRONG;1.0;4;4;142;44;186;76.3441;1;0;1;100.0;73;29;102;71.5686;69;15;84;82.1429;115;36;151;76.1589;2026-08-13;-0.1265;0.0;0.0;v26|LAST5|BOTH_STRONG|1.00|P4
v26;LAST5;BOTH_STRONG;1.0;5;4;142;44;186;76.3441;1;0;1;100.0;73;29;102;71.5686;69;15;84;82.1429;115;36;151;76.1589;2026-08-13;-0.1265;0.0;0.0;v26|LAST5|BOTH_STRONG|1.00|P5
v26;LAST5;BOTH_STRONG;1.1;1;4;142;44;186;76.3441;1;0;1;100.0;73;29;102;71.5686;69;15;84;82.1429;115;36;151;76.1589;2026-08-13;-0.1265;0.0;0.0;v26|LAST5|BOTH_STRONG|1.10|P1
v26;LAST5;BOTH_STRONG;1.1;2;4;142;44;186;76.3441;1;0;1;100.0;73;29;102;71.5686;69;15;84;82.1429;115;36;151;76.1589;2026-08-13;-0.1265;0.0;0.0;v26|LAST5|BOTH_STRONG|1.10|P2
v26;LAST5;BOTH_STRONG;1.1;3;4;142;44;186;76.3441;1;0;1;100.0;73;29;102;71.5686;69;15;84;82.1429;115;36;151;76.1589;2026-08-13;-0.1265;0.0;0.0;v26|LAST5|BOTH_STRONG|1.10|P3
v26;LAST5;BOTH_STRONG;1.1;4;4;142;44;186;76.3441;1;0;1;100.0;73;29;102;71.5686;69;15;84;82.1429;115;36;151;76.1589;2026-08-13;-0.1265;0.0;0.0;v26|LAST5|BOTH_STRONG|1.10|P4
v26;LAST5;BOTH_STRONG;1.1;5;4;142;44;186;76.3441;1;0;1;100.0;73;29;102;71.5686;69;15;84;82.1429;115;36;151;76.1589;2026-08-13;-0.1265;0.0;0.0;v26|LAST5|BOTH_STRONG|1.10|P5
v26;SEASON;HOME_STRONG;0.8;7;3;141;44;185;76.2162;2;0;2;100.0;72;29;101;71.2871;69;15;84;82.1429;113;36;149;75.8389;2026-08-13;-0.2544;0.0;-0.32;v26|SEASON|HOME_STRONG|0.80|P7
v26;SEASON;HOME_STRONG;0.8;8;3;141;44;185;76.2162;2;0;2;100.0;72;29;101;71.2871;69;15;84;82.1429;113;36;149;75.8389;2026-08-13;-0.2544;0.0;-0.32;v26|SEASON|HOME_STRONG|0.80|P8
v26;SEASON;HOME_STRONG;0.8;9;3;141;44;185;76.2162;2;0;2;100.0;72;29;101;71.2871;69;15;84;82.1429;113;36;149;75.8389;2026-08-13;-0.2544;0.0;-0.32;v26|SEASON|HOME_STRONG|0.80|P9
v26;SEASON;HOME_STRONG;0.8;10;3;141;44;185;76.2162;2;0;2;100.0;72;29;101;71.2871;69;15;84;82.1429;113;36;149;75.8389;2026-08-13;-0.2544;0.0;-0.32;v26|SEASON|HOME_STRONG|0.80|P10
v26;SEASON;HOME_STRONG;0.8;11;3;141;44;185;76.2162;2;0;2;100.0;72;29;101;71.2871;69;15;84;82.1429;113;36;149;75.8389;2026-08-13;-0.2544;0.0;-0.32;v26|SEASON|HOME_STRONG|0.80|P11
v26;SEASON;HOME_STRONG;0.8;12;3;141;44;185;76.2162;2;0;2;100.0;72;29;101;71.2871;69;15;84;82.1429;113;36;149;75.8389;2026-08-13;-0.2544;0.0;-0.32;v26|SEASON|HOME_STRONG|0.80|P12
v26;SEASON;AWAY_STRONG;0.8;9;2;141;44;185;76.2162;2;0;2;100.0;72;29;101;71.2871;69;15;84;82.1429;113;36;149;75.8389;2026-08-13;-0.2544;0.0;-0.32;v26|SEASON|AWAY_STRONG|0.80|P9
v26;SEASON;AWAY_STRONG;0.8;10;2;141;44;185;76.2162;2;0;2;100.0;72;29;101;71.2871;69;15;84;82.1429;113;36;149;75.8389;2026-08-13;-0.2544;0.0;-0.32;v26|SEASON|AWAY_STRONG|0.80|P10
v26;SEASON;AWAY_STRONG;0.8;11;2;141;44;185;76.2162;2;0;2;100.0;72;29;101;71.2871;69;15;84;82.1429;113;36;149;75.8389;2026-08-13;-0.2544;0.0;-0.32;v26|SEASON|AWAY_STRONG|0.80|P11
v26;SEASON;AWAY_STRONG;0.8;12;2;141;44;185;76.2162;2;0;2;100.0;72;29;101;71.2871;69;15;84;82.1429;113;36;149;75.8389;2026-08-13;-0.2544;0.0;-0.32;v26|SEASON|AWAY_STRONG|0.80|P12
v26;SEASON;AWAY_STRONG;0.8;13;2;141;44;185;76.2162;2;0;2;100.0;72;29;101;71.2871;69;15;84;82.1429;113;36;149;75.8389;2026-08-13;-0.2544;0.0;-0.32;v26|SEASON|AWAY_STRONG|0.80|P13
v26;SEASON;AWAY_STRONG;0.8;14;2;141;44;185;76.2162;2;0;2;100.0;72;29;101;71.2871;69;15;84;82.1429;113;36;149;75.8389;2026-08-13;-0.2544;0.0;-0.32;v26|SEASON|AWAY_STRONG|0.80|P14
v26;SEASON;AWAY_STRONG;0.8;15;2;141;44;185;76.2162;2;0;2;100.0;72;29;101;71.2871;69;15;84;82.1429;113;36;149;75.8389;2026-08-13;-0.2544;0.0;-0.32;v26|SEASON|AWAY_STRONG|0.80|P15
v26;SEASON;AT_LEAST_ONE_STRONG;0.8;5;5;141;44;185;76.2162;2;0;2;100.0;72;29;101;71.2871;69;15;84;82.1429;113;36;149;75.8389;2026-08-13;-0.2544;0.0;-0.32;v26|SEASON|AT_LEAST_ONE_STRONG|0.80|P5
v26;SEASON;AT_LEAST_ONE_STRONG;0.8;6;5;141;44;185;76.2162;2;0;2;100.0;72;29;101;71.2871;69;15;84;82.1429;113;36;149;75.8389;2026-08-13;-0.2544;0.0;-0.32;v26|SEASON|AT_LEAST_ONE_STRONG|0.80|P6
v26;SEASON;HOME_STRONG;0.8;13;3;140;44;184;76.087;3;0;3;100.0;71;29;100;71.0;69;15;84;82.1429;112;36;148;75.6757;2026-08-13;-0.3836;0.0;-0.4832;v26|SEASON|HOME_STRONG|0.80|P13
v26;SEASON;HOME_STRONG;0.8;14;3;140;44;184;76.087;3;0;3;100.0;71;29;100;71.0;69;15;84;82.1429;112;36;148;75.6757;2026-08-13;-0.3836;0.0;-0.4832;v26|SEASON|HOME_STRONG|0.80|P14
v26;SEASON;HOME_STRONG;0.8;15;3;140;44;184;76.087;3;0;3;100.0;71;29;100;71.0;69;15;84;82.1429;112;36;148;75.6757;2026-08-13;-0.3836;0.0;-0.4832;v26|SEASON|HOME_STRONG|0.80|P15
v26;SEASON;AT_LEAST_ONE_STRONG;0.8;7;5;140;44;184;76.087;3;0;3;100.0;71;29;100;71.0;69;15;84;82.1429;112;36;148;75.6757;2026-08-13;-0.3836;0.0;-0.4832;v26|SEASON|AT_LEAST_ONE_STRONG|0.80|P7
v26;SEASON;AT_LEAST_ONE_STRONG;0.8;8;5;140;44;184;76.087;3;0;3;100.0;71;29;100;71.0;69;15;84;82.1429;112;36;148;75.6757;2026-08-13;-0.3836;0.0;-0.4832;v26|SEASON|AT_LEAST_ONE_STRONG|0.80|P8
v26;SEASON;AT_LEAST_ONE_STRONG;0.8;9;5;139;44;183;75.9563;4;0;4;100.0;70;29;99;70.7071;69;15;84;82.1429;111;36;147;75.5102;2026-08-13;-0.5143;0.0;-0.6487;v26|SEASON|AT_LEAST_ONE_STRONG|0.80|P9
v26;SEASON;AT_LEAST_ONE_STRONG;0.8;10;5;139;44;183;75.9563;4;0;4;100.0;70;29;99;70.7071;69;15;84;82.1429;111;36;147;75.5102;2026-08-13;-0.5143;0.0;-0.6487;v26|SEASON|AT_LEAST_ONE_STRONG|0.80|P10
v26;SEASON;AT_LEAST_ONE_STRONG;0.8;11;5;139;44;183;75.9563;4;0;4;100.0;70;29;99;70.7071;69;15;84;82.1429;111;36;147;75.5102;2026-08-13;-0.5143;0.0;-0.6487;v26|SEASON|AT_LEAST_ONE_STRONG|0.80|P11
v26;SEASON;AT_LEAST_ONE_STRONG;0.8;12;5;139;44;183;75.9563;4;0;4;100.0;70;29;99;70.7071;69;15;84;82.1429;111;36;147;75.5102;2026-08-13;-0.5143;0.0;-0.6487;v26|SEASON|AT_LEAST_ONE_STRONG|0.80|P12
v26;SEASON;AT_LEAST_ONE_STRONG;0.8;13;5;138;44;182;75.8242;5;0;5;100.0;69;29;98;70.4082;69;15;84;82.1429;110;36;146;75.3425;2026-08-13;-0.6464;0.0;-0.8164;v26|SEASON|AT_LEAST_ONE_STRONG|0.80|P13
v26;SEASON;AT_LEAST_ONE_STRONG;0.8;14;5;138;44;182;75.8242;5;0;5;100.0;69;29;98;70.4082;69;15;84;82.1429;110;36;146;75.3425;2026-08-13;-0.6464;0.0;-0.8164;v26|SEASON|AT_LEAST_ONE_STRONG|0.80|P14
v26;SEASON;AT_LEAST_ONE_STRONG;0.8;15;5;138;44;182;75.8242;5;0;5;100.0;69;29;98;70.4082;69;15;84;82.1429;110;36;146;75.3425;2026-08-13;-0.6464;0.0;-0.8164;v26|SEASON|AT_LEAST_ONE_STRONG|0.80|P15
v26;SEASON;AWAY_STRONG;1.3;3;26;136;39;175;77.7143;7;5;12;58.3333;72;25;97;74.2268;64;14;78;82.0513;108;31;139;77.6978;2026-08-13;1.2437;-0.0916;1.5389;v26|SEASON|AWAY_STRONG|1.30|P3
v26;SEASON;AWAY_STRONG;1.3;4;26;136;39;175;77.7143;7;5;12;58.3333;72;25;97;74.2268;64;14;78;82.0513;108;31;139;77.6978;2026-08-13;1.2437;-0.0916;1.5389;v26|SEASON|AWAY_STRONG|1.30|P4
v26;LAST5;HOME_STRONG;0.8;14;17;131;40;171;76.6082;12;4;16;75.0;67;26;93;72.043;64;14;78;82.0513;107;33;140;76.4286;2026-08-13;0.1376;-0.0916;0.2697;v26|LAST5|HOME_STRONG|0.80|P14
v26;LAST5;HOME_STRONG;0.8;15;17;130;40;170;76.4706;13;4;17;76.4706;66;26;92;71.7391;64;14;78;82.0513;106;33;139;76.259;2026-08-13;0.0;-0.0916;0.1001;v26|LAST5|HOME_STRONG|0.80|P15
v26;LAST5;HOME_STRONG;0.8;13;17;131;41;172;76.1628;12;3;15;80.0;67;27;94;71.2766;64;14;78;82.0513;107;34;141;75.8865;2026-08-13;-0.3078;-0.0916;-0.2724;v26|LAST5|HOME_STRONG|0.80|P13
v26;LAST5;HOME_STRONG;0.8;12;17;131;42;173;75.7225;12;2;14;85.7143;67;28;95;70.5263;64;14;78;82.0513;107;34;141;75.8865;2026-08-13;-0.7481;-0.0916;-0.2724;v26|LAST5|HOME_STRONG|0.80|P12
v26;SEASON;AWAY_STRONG;1.1;3;11;141;41;182;77.4725;2;3;5;40.0;73;26;99;73.7374;68;15;83;81.9277;113;33;146;77.3973;2026-08-13;1.0019;-0.2152;1.2384;v26|SEASON|AWAY_STRONG|1.10|P3
v26;SEASON;AWAY_STRONG;1.1;4;11;141;41;182;77.4725;2;3;5;40.0;73;26;99;73.7374;68;15;83;81.9277;113;33;146;77.3973;2026-08-13;1.0019;-0.2152;1.2384;v26|SEASON|AWAY_STRONG|1.10|P4
v26;SEASON;AWAY_STRONG;1.0;6;8;140;41;181;77.3481;3;3;6;50.0;72;26;98;73.4694;68;15;83;81.9277;112;33;145;77.2414;2026-08-13;0.8775;-0.2152;1.0825;v26|SEASON|AWAY_STRONG|1.00|P6
v26;SEASON;AWAY_STRONG;1.0;7;8;140;41;181;77.3481;3;3;6;50.0;72;26;98;73.4694;68;15;83;81.9277;112;33;145;77.2414;2026-08-13;0.8775;-0.2152;1.0825;v26|SEASON|AWAY_STRONG|1.00|P7
v26;LAST5;BOTH_STRONG;1.0;9;4;141;42;183;77.0492;2;2;4;50.0;73;27;100;73.0;68;15;83;81.9277;114;34;148;77.027;2026-08-13;0.5786;-0.2152;0.8681;v26|LAST5|BOTH_STRONG|1.00|P9
v26;LAST5;BOTH_STRONG;1.0;10;4;141;42;183;77.0492;2;2;4;50.0;73;27;100;73.0;68;15;83;81.9277;114;34;148;77.027;2026-08-13;0.5786;-0.2152;0.8681;v26|LAST5|BOTH_STRONG|1.00|P10
v26;LAST5;BOTH_STRONG;1.0;11;4;141;42;183;77.0492;2;2;4;50.0;73;27;100;73.0;68;15;83;81.9277;114;34;148;77.027;2026-08-13;0.5786;-0.2152;0.8681;v26|LAST5|BOTH_STRONG|1.00|P11
v26;LAST5;BOTH_STRONG;1.0;12;4;141;42;183;77.0492;2;2;4;50.0;73;27;100;73.0;68;15;83;81.9277;114;34;148;77.027;2026-08-13;0.5786;-0.2152;0.8681;v26|LAST5|BOTH_STRONG|1.00|P12
v26;LAST5;BOTH_STRONG;1.0;13;4;141;42;183;77.0492;2;2;4;50.0;73;27;100;73.0;68;15;83;81.9277;114;34;148;77.027;2026-08-13;0.5786;-0.2152;0.8681;v26|LAST5|BOTH_STRONG|1.00|P13
v26;LAST5;BOTH_STRONG;1.0;14;4;141;42;183;77.0492;2;2;4;50.0;73;27;100;73.0;68;15;83;81.9277;114;34;148;77.027;2026-08-13;0.5786;-0.2152;0.8681;v26|LAST5|BOTH_STRONG|1.00|P14
v26;LAST5;BOTH_STRONG;1.0;15;4;141;42;183;77.0492;2;2;4;50.0;73;27;100;73.0;68;15;83;81.9277;114;34;148;77.027;2026-08-13;0.5786;-0.2152;0.8681;v26|LAST5|BOTH_STRONG|1.00|P15
v26;LAST5;BOTH_STRONG;1.1;9;4;141;42;183;77.0492;2;2;4;50.0;73;27;100;73.0;68;15;83;81.9277;114;34;148;77.027;2026-08-13;0.5786;-0.2152;0.8681;v26|LAST5|BOTH_STRONG|1.10|P9
v26;LAST5;BOTH_STRONG;1.1;10;4;141;42;183;77.0492;2;2;4;50.0;73;27;100;73.0;68;15;83;81.9277;114;34;148;77.027;2026-08-13;0.5786;-0.2152;0.8681;v26|LAST5|BOTH_STRONG|1.10|P10
v26;LAST5;BOTH_STRONG;1.1;11;4;141;42;183;77.0492;2;2;4;50.0;73;27;100;73.0;68;15;83;81.9277;114;34;148;77.027;2026-08-13;0.5786;-0.2152;0.8681;v26|LAST5|BOTH_STRONG|1.10|P11
v26;LAST5;BOTH_STRONG;1.1;12;4;141;42;183;77.0492;2;2;4;50.0;73;27;100;73.0;68;15;83;81.9277;114;34;148;77.027;2026-08-13;0.5786;-0.2152;0.8681;v26|LAST5|BOTH_STRONG|1.10|P12
v26;LAST5;BOTH_STRONG;1.1;13;4;141;42;183;77.0492;2;2;4;50.0;73;27;100;73.0;68;15;83;81.9277;114;34;148;77.027;2026-08-13;0.5786;-0.2152;0.8681;v26|LAST5|BOTH_STRONG|1.10|P13
v26;LAST5;BOTH_STRONG;1.1;14;4;141;42;183;77.0492;2;2;4;50.0;73;27;100;73.0;68;15;83;81.9277;114;34;148;77.027;2026-08-13;0.5786;-0.2152;0.8681;v26|LAST5|BOTH_STRONG|1.10|P14
v26;LAST5;BOTH_STRONG;1.1;15;4;141;42;183;77.0492;2;2;4;50.0;73;27;100;73.0;68;15;83;81.9277;114;34;148;77.027;2026-08-13;0.5786;-0.2152;0.8681;v26|LAST5|BOTH_STRONG|1.10|P15
v26;SEASON;BOTH_STRONG;1.4;3;2;142;43;185;76.7568;1;1;2;50.0;74;28;102;72.549;68;15;83;81.9277;114;35;149;76.5101;2026-08-13;0.2862;-0.2152;0.3512;v26|SEASON|BOTH_STRONG|1.40|P3
v26;SEASON;BOTH_STRONG;1.4;4;2;142;43;185;76.7568;1;1;2;50.0;74;28;102;72.549;68;15;83;81.9277;114;35;149;76.5101;2026-08-13;0.2862;-0.2152;0.3512;v26|SEASON|BOTH_STRONG|1.40|P4
v26;SEASON;BOTH_STRONG;1.4;5;2;142;43;185;76.7568;1;1;2;50.0;74;28;102;72.549;68;15;83;81.9277;114;35;149;76.5101;2026-08-13;0.2862;-0.2152;0.3512;v26|SEASON|BOTH_STRONG|1.40|P5
v26;SEASON;BOTH_STRONG;1.4;6;2;142;43;185;76.7568;1;1;2;50.0;74;28;102;72.549;68;15;83;81.9277;114;35;149;76.5101;2026-08-13;0.2862;-0.2152;0.3512;v26|SEASON|BOTH_STRONG|1.40|P6
v26;SEASON;BOTH_STRONG;1.4;7;2;142;43;185;76.7568;1;1;2;50.0;74;28;102;72.549;68;15;83;81.9277;114;35;149;76.5101;2026-08-13;0.2862;-0.2152;0.3512;v26|SEASON|BOTH_STRONG|1.40|P7
v26;SEASON;BOTH_STRONG;1.4;8;2;142;43;185;76.7568;1;1;2;50.0;74;28;102;72.549;68;15;83;81.9277;114;35;149;76.5101;2026-08-13;0.2862;-0.2152;0.3512;v26|SEASON|BOTH_STRONG|1.40|P8
v26;SEASON;BOTH_STRONG;1.4;9;2;142;43;185;76.7568;1;1;2;50.0;74;28;102;72.549;68;15;83;81.9277;114;35;149;76.5101;2026-08-13;0.2862;-0.2152;0.3512;v26|SEASON|BOTH_STRONG|1.40|P9
v26;SEASON;BOTH_STRONG;1.4;10;2;142;43;185;76.7568;1;1;2;50.0;74;28;102;72.549;68;15;83;81.9277;114;35;149;76.5101;2026-08-13;0.2862;-0.2152;0.3512;v26|SEASON|BOTH_STRONG|1.40|P10
v26;SEASON;BOTH_STRONG;1.4;11;2;142;43;185;76.7568;1;1;2;50.0;74;28;102;72.549;68;15;83;81.9277;114;35;149;76.5101;2026-08-13;0.2862;-0.2152;0.3512;v26|SEASON|BOTH_STRONG|1.40|P11
v26;SEASON;BOTH_STRONG;1.4;12;2;142;43;185;76.7568;1;1;2;50.0;74;28;102;72.549;68;15;83;81.9277;114;35;149;76.5101;2026-08-13;0.2862;-0.2152;0.3512;v26|SEASON|BOTH_STRONG|1.40|P12
v26;SEASON;BOTH_STRONG;1.4;13;2;142;43;185;76.7568;1;1;2;50.0;74;28;102;72.549;68;15;83;81.9277;114;35;149;76.5101;2026-08-13;0.2862;-0.2152;0.3512;v26|SEASON|BOTH_STRONG|1.40|P13
v26;SEASON;BOTH_STRONG;1.4;14;2;142;43;185;76.7568;1;1;2;50.0;74;28;102;72.549;68;15;83;81.9277;114;35;149;76.5101;2026-08-13;0.2862;-0.2152;0.3512;v26|SEASON|BOTH_STRONG|1.40|P14
v26;SEASON;BOTH_STRONG;1.4;15;2;142;43;185;76.7568;1;1;2;50.0;74;28;102;72.549;68;15;83;81.9277;114;35;149;76.5101;2026-08-13;0.2862;-0.2152;0.3512;v26|SEASON|BOTH_STRONG|1.40|P15
v26;SEASON;AWAY_STRONG;1.2;1;19;141;43;184;76.6304;2;1;3;66.6667;73;28;101;72.2772;68;15;83;81.9277;113;35;148;76.3514;2026-08-13;0.1598;-0.2152;0.1925;v26|SEASON|AWAY_STRONG|1.20|P1
v26;SEASON;AWAY_STRONG;1.3;1;26;141;43;184;76.6304;2;1;3;66.6667;73;28;101;72.2772;68;15;83;81.9277;113;35;148;76.3514;2026-08-13;0.1598;-0.2152;0.1925;v26|SEASON|AWAY_STRONG|1.30|P1
v26;LAST5;BOTH_STRONG;1.0;6;4;141;43;184;76.6304;2;1;3;66.6667;73;28;101;72.2772;68;15;83;81.9277;114;35;149;76.5101;2026-08-13;0.1598;-0.2152;0.3512;v26|LAST5|BOTH_STRONG|1.00|P6
v26;LAST5;BOTH_STRONG;1.0;7;4;141;43;184;76.6304;2;1;3;66.6667;73;28;101;72.2772;68;15;83;81.9277;114;35;149;76.5101;2026-08-13;0.1598;-0.2152;0.3512;v26|LAST5|BOTH_STRONG|1.00|P7
v26;LAST5;BOTH_STRONG;1.0;8;4;141;43;184;76.6304;2;1;3;66.6667;73;28;101;72.2772;68;15;83;81.9277;114;35;149;76.5101;2026-08-13;0.1598;-0.2152;0.3512;v26|LAST5|BOTH_STRONG|1.00|P8
v26;LAST5;BOTH_STRONG;1.1;6;4;141;43;184;76.6304;2;1;3;66.6667;73;28;101;72.2772;68;15;83;81.9277;114;35;149;76.5101;2026-08-13;0.1598;-0.2152;0.3512;v26|LAST5|BOTH_STRONG|1.10|P6
v26;LAST5;BOTH_STRONG;1.1;7;4;141;43;184;76.6304;2;1;3;66.6667;73;28;101;72.2772;68;15;83;81.9277;114;35;149;76.5101;2026-08-13;0.1598;-0.2152;0.3512;v26|LAST5|BOTH_STRONG|1.10|P7
v26;LAST5;BOTH_STRONG;1.1;8;4;141;43;184;76.6304;2;1;3;66.6667;73;28;101;72.2772;68;15;83;81.9277;114;35;149;76.5101;2026-08-13;0.1598;-0.2152;0.3512;v26|LAST5|BOTH_STRONG|1.10|P8
v26;SEASON;BOTH_STRONG;1.4;2;2;142;44;186;76.3441;1;0;1;100.0;74;29;103;71.8447;68;15;83;81.9277;114;36;150;76.0;2026-08-13;-0.1265;-0.2152;-0.1589;v26|SEASON|BOTH_STRONG|1.40|P2
v26;SEASON;BOTH_STRONG;1.6;3;10;140;41;181;77.3481;3;3;6;50.0;73;26;99;73.7374;67;15;82;81.7073;112;33;145;77.2414;2026-08-13;0.8775;-0.4356;1.0825;v26|SEASON|BOTH_STRONG|1.60|P3
v26;SEASON;AWAY_STRONG;1.0;8;8;139;41;180;77.2222;4;3;7;57.1429;72;26;98;73.4694;67;15;82;81.7073;111;33;144;77.0833;2026-08-13;0.7516;-0.4356;0.9244;v26|SEASON|AWAY_STRONG|1.00|P8
v26;SEASON;AWAY_STRONG;1.0;9;8;138;41;179;77.095;5;3;8;62.5;71;26;97;73.1959;67;15;82;81.7073;110;33;143;76.9231;2026-08-13;0.6244;-0.4356;0.7642;v26|SEASON|AWAY_STRONG|1.00|P9
v26;SEASON;AWAY_STRONG;1.0;10;8;138;41;179;77.095;5;3;8;62.5;71;26;97;73.1959;67;15;82;81.7073;110;33;143;76.9231;2026-08-13;0.6244;-0.4356;0.7642;v26|SEASON|AWAY_STRONG|1.00|P10
v26;SEASON;AWAY_STRONG;1.0;11;8;138;41;179;77.095;5;3;8;62.5;71;26;97;73.1959;67;15;82;81.7073;110;33;143;76.9231;2026-08-13;0.6244;-0.4356;0.7642;v26|SEASON|AWAY_STRONG|1.00|P11
v26;SEASON;AWAY_STRONG;1.0;12;8;138;41;179;77.095;5;3;8;62.5;71;26;97;73.1959;67;15;82;81.7073;110;33;143;76.9231;2026-08-13;0.6244;-0.4356;0.7642;v26|SEASON|AWAY_STRONG|1.00|P12
v26;SEASON;AWAY_STRONG;1.0;13;8;138;41;179;77.095;5;3;8;62.5;71;26;97;73.1959;67;15;82;81.7073;110;33;143;76.9231;2026-08-13;0.6244;-0.4356;0.7642;v26|SEASON|AWAY_STRONG|1.00|P13
v26;SEASON;AWAY_STRONG;1.0;14;8;138;41;179;77.095;5;3;8;62.5;71;26;97;73.1959;67;15;82;81.7073;110;33;143;76.9231;2026-08-13;0.6244;-0.4356;0.7642;v26|SEASON|AWAY_STRONG|1.00|P14
v26;SEASON;AWAY_STRONG;1.0;15;8;138;41;179;77.095;5;3;8;62.5;71;26;97;73.1959;67;15;82;81.7073;110;33;143;76.9231;2026-08-13;0.6244;-0.4356;0.7642;v26|SEASON|AWAY_STRONG|1.00|P15
v26;SEASON;BOTH_STRONG;1.5;3;4;141;42;183;77.0492;2;2;4;50.0;74;27;101;73.2673;67;15;82;81.7073;113;34;147;76.8707;2026-08-13;0.5786;-0.4356;0.7118;v26|SEASON|BOTH_STRONG|1.50|P3
v26;SEASON;BOTH_STRONG;1.5;4;4;141;42;183;77.0492;2;2;4;50.0;74;27;101;73.2673;67;15;82;81.7073;113;34;147;76.8707;2026-08-13;0.5786;-0.4356;0.7118;v26|SEASON|BOTH_STRONG|1.50|P4
v26;SEASON;BOTH_STRONG;1.5;5;4;141;42;183;77.0492;2;2;4;50.0;74;27;101;73.2673;67;15;82;81.7073;113;34;147;76.8707;2026-08-13;0.5786;-0.4356;0.7118;v26|SEASON|BOTH_STRONG|1.50|P5
v26;SEASON;BOTH_STRONG;1.5;6;4;141;42;183;77.0492;2;2;4;50.0;74;27;101;73.2673;67;15;82;81.7073;113;34;147;76.8707;2026-08-13;0.5786;-0.4356;0.7118;v26|SEASON|BOTH_STRONG|1.50|P6
v26;SEASON;BOTH_STRONG;1.5;7;4;141;42;183;77.0492;2;2;4;50.0;74;27;101;73.2673;67;15;82;81.7073;113;34;147;76.8707;2026-08-13;0.5786;-0.4356;0.7118;v26|SEASON|BOTH_STRONG|1.50|P7
v26;SEASON;BOTH_STRONG;1.5;8;4;141;42;183;77.0492;2;2;4;50.0;74;27;101;73.2673;67;15;82;81.7073;113;34;147;76.8707;2026-08-13;0.5786;-0.4356;0.7118;v26|SEASON|BOTH_STRONG|1.50|P8
v26;SEASON;BOTH_STRONG;1.5;9;4;141;42;183;77.0492;2;2;4;50.0;74;27;101;73.2673;67;15;82;81.7073;113;34;147;76.8707;2026-08-13;0.5786;-0.4356;0.7118;v26|SEASON|BOTH_STRONG|1.50|P9
v26;SEASON;BOTH_STRONG;1.5;10;4;141;42;183;77.0492;2;2;4;50.0;74;27;101;73.2673;67;15;82;81.7073;113;34;147;76.8707;2026-08-13;0.5786;-0.4356;0.7118;v26|SEASON|BOTH_STRONG|1.50|P10
v26;SEASON;BOTH_STRONG;1.5;11;4;141;42;183;77.0492;2;2;4;50.0;74;27;101;73.2673;67;15;82;81.7073;113;34;147;76.8707;2026-08-13;0.5786;-0.4356;0.7118;v26|SEASON|BOTH_STRONG|1.50|P11
v26;SEASON;BOTH_STRONG;1.5;12;4;141;42;183;77.0492;2;2;4;50.0;74;27;101;73.2673;67;15;82;81.7073;113;34;147;76.8707;2026-08-13;0.5786;-0.4356;0.7118;v26|SEASON|BOTH_STRONG|1.50|P12
v26;SEASON;BOTH_STRONG;1.5;13;4;141;42;183;77.0492;2;2;4;50.0;74;27;101;73.2673;67;15;82;81.7073;113;34;147;76.8707;2026-08-13;0.5786;-0.4356;0.7118;v26|SEASON|BOTH_STRONG|1.50|P13
v26;SEASON;BOTH_STRONG;1.5;14;4;141;42;183;77.0492;2;2;4;50.0;74;27;101;73.2673;67;15;82;81.7073;113;34;147;76.8707;2026-08-13;0.5786;-0.4356;0.7118;v26|SEASON|BOTH_STRONG|1.50|P14
v26;SEASON;BOTH_STRONG;1.5;15;4;141;42;183;77.0492;2;2;4;50.0;74;27;101;73.2673;67;15;82;81.7073;113;34;147;76.8707;2026-08-13;0.5786;-0.4356;0.7118;v26|SEASON|BOTH_STRONG|1.50|P15
v26;SEASON;BOTH_STRONG;1.6;2;10;140;42;182;76.9231;3;2;5;60.0;73;27;100;73.0;67;15;82;81.7073;112;34;146;76.7123;2026-08-13;0.4525;-0.4356;0.5534;v26|SEASON|BOTH_STRONG|1.60|P2
v26;SEASON;BOTH_STRONG;1.5;2;4;141;43;184;76.6304;2;1;3;66.6667;74;28;102;72.549;67;15;82;81.7073;113;35;148;76.3514;2026-08-13;0.1598;-0.4356;0.1925;v26|SEASON|BOTH_STRONG|1.50|P2
v26;SEASON;AWAY_STRONG;1.4;1;35;140;43;183;76.5027;3;1;4;75.0;73;28;101;72.2772;67;15;82;81.7073;112;35;147;76.1905;2026-08-13;0.0321;-0.4356;0.0316;v26|SEASON|AWAY_STRONG|1.40|P1
v26;SEASON;AWAY_STRONG;1.4;6;35;127;35;162;78.3951;16;9;25;64.0;69;22;91;75.8242;58;13;71;81.6901;100;28;128;78.125;2026-08-13;1.9245;-0.4528;1.9661;v26|SEASON|AWAY_STRONG|1.40|P6
v26;SEASON;AWAY_STRONG;1.4;3;35;132;37;169;78.1065;11;7;18;61.1111;71;23;94;75.5319;61;14;75;81.3333;104;29;133;78.1955;2026-08-13;1.6359;-0.8096;2.0366;v26|SEASON|AWAY_STRONG|1.40|P3
v26;SEASON;AWAY_STRONG;1.4;4;35;132;37;169;78.1065;11;7;18;61.1111;71;23;94;75.5319;61;14;75;81.3333;104;29;133;78.1955;2026-08-13;1.6359;-0.8096;2.0366;v26|SEASON|AWAY_STRONG|1.40|P4
